Traceback (most recent call last):
  File "src/PairwiseYeastNetwork/Parallel/Model1.py", line 3, in <module>
    from ModelTester import test
  File "./src/PairwiseYeastNetwork/ModelTester.py", line 1, in <module>
    from PairwiseYeastData import PairwiseYeastData
  File "./src/PairwiseYeastNetwork/PairwiseYeastData.py", line 2, in <module>
    from YeastDataFile import YeastDataFile
  File "./src/PairwiseYeastNetwork/YeastDataFile.py", line 3, in <module>
    import pandas as pd
  File "/users/cmcguir1/.local/lib/python3.7/site-packages/pandas/__init__.py", line 17, in <module>
    "Unable to import required dependencies:\n" + "\n".join(missing_dependencies)
ImportError: Unable to import required dependencies:
numpy: cannot import name 'core' from 'numpy' (/users/cmcguir1/.local/lib/python3.7/site-packages/numpy/__init__.py)
Traceback (most recent call last):
  File "src/PairwiseYeastNetwork/Parallel/Model2.py", line 3, in <module>
    from ModelTester import test
  File "./src/PairwiseYeastNetwork/ModelTester.py", line 1, in <module>
    from PairwiseYeastData import PairwiseYeastData
  File "./src/PairwiseYeastNetwork/PairwiseYeastData.py", line 2, in <module>
    from YeastDataFile import YeastDataFile
  File "./src/PairwiseYeastNetwork/YeastDataFile.py", line 3, in <module>
    import pandas as pd
  File "/users/cmcguir1/.local/lib/python3.7/site-packages/pandas/__init__.py", line 17, in <module>
    "Unable to import required dependencies:\n" + "\n".join(missing_dependencies)
ImportError: Unable to import required dependencies:
numpy: cannot import name 'core' from 'numpy' (/users/cmcguir1/.local/lib/python3.7/site-packages/numpy/__init__.py)
Traceback (most recent call last):
  File "src/PairwiseYeastNetwork/Parallel/Model3.py", line 3, in <module>
    from ModelTester import test
  File "./src/PairwiseYeastNetwork/ModelTester.py", line 1, in <module>
    from PairwiseYeastData import PairwiseYeastData
  File "./src/PairwiseYeastNetwork/PairwiseYeastData.py", line 2, in <module>
    from YeastDataFile import YeastDataFile
  File "./src/PairwiseYeastNetwork/YeastDataFile.py", line 3, in <module>
    import pandas as pd
  File "/users/cmcguir1/.local/lib/python3.7/site-packages/pandas/__init__.py", line 17, in <module>
    "Unable to import required dependencies:\n" + "\n".join(missing_dependencies)
ImportError: Unable to import required dependencies:
numpy: cannot import name 'core' from 'numpy' (/users/cmcguir1/.local/lib/python3.7/site-packages/numpy/__init__.py)
Traceback (most recent call last):
  File "src/PairwiseYeastNetwork/Parallel/Model5.py", line 3, in <module>
    from ModelTester import test
  File "./src/PairwiseYeastNetwork/ModelTester.py", line 1, in <module>
    from PairwiseYeastData import PairwiseYeastData
  File "./src/PairwiseYeastNetwork/PairwiseYeastData.py", line 2, in <module>
    from YeastDataFile import YeastDataFile
  File "./src/PairwiseYeastNetwork/YeastDataFile.py", line 3, in <module>
    import pandas as pd
  File "/users/cmcguir1/.local/lib/python3.7/site-packages/pandas/__init__.py", line 17, in <module>
    "Unable to import required dependencies:\n" + "\n".join(missing_dependencies)
ImportError: Unable to import required dependencies:
numpy: cannot import name 'core' from 'numpy' (/users/cmcguir1/.local/lib/python3.7/site-packages/numpy/__init__.py)
Traceback (most recent call last):
  File "src/PairwiseYeastNetwork/Parallel/Model4.py", line 3, in <module>
    from ModelTester import test
  File "./src/PairwiseYeastNetwork/ModelTester.py", line 1, in <module>
    from PairwiseYeastData import PairwiseYeastData
  File "./src/PairwiseYeastNetwork/PairwiseYeastData.py", line 2, in <module>
    from YeastDataFile import YeastDataFile
  File "./src/PairwiseYeastNetwork/YeastDataFile.py", line 3, in <module>
    import pandas as pd
  File "/users/cmcguir1/.local/lib/python3.7/site-packages/pandas/__init__.py", line 17, in <module>
    "Unable to import required dependencies:\n" + "\n".join(missing_dependencies)
ImportError: Unable to import required dependencies:
numpy: cannot import name 'core' from 'numpy' (/users/cmcguir1/.local/lib/python3.7/site-packages/numpy/__init__.py)
Traceback (most recent call last):
  File "src/PairwiseYeastNetwork/Parallel/Model6.py", line 3, in <module>
    from ModelTester import test
  File "./src/PairwiseYeastNetwork/ModelTester.py", line 1, in <module>
    from PairwiseYeastData import PairwiseYeastData
  File "./src/PairwiseYeastNetwork/PairwiseYeastData.py", line 2, in <module>
    from YeastDataFile import YeastDataFile
  File "./src/PairwiseYeastNetwork/YeastDataFile.py", line 3, in <module>
    import pandas as pd
  File "/users/cmcguir1/.local/lib/python3.7/site-packages/pandas/__init__.py", line 17, in <module>
    "Unable to import required dependencies:\n" + "\n".join(missing_dependencies)
ImportError: Unable to import required dependencies:
numpy: cannot import name 'core' from 'numpy' (/users/cmcguir1/.local/lib/python3.7/site-packages/numpy/__init__.py)
Traceback (most recent call last):
  File "src/PairwiseYeastNetwork/Parallel/Model7.py", line 3, in <module>
    from ModelTester import test
  File "./src/PairwiseYeastNetwork/ModelTester.py", line 1, in <module>
    from PairwiseYeastData import PairwiseYeastData
  File "./src/PairwiseYeastNetwork/PairwiseYeastData.py", line 2, in <module>
    from YeastDataFile import YeastDataFile
  File "./src/PairwiseYeastNetwork/YeastDataFile.py", line 3, in <module>
    import pandas as pd
  File "/users/cmcguir1/.local/lib/python3.7/site-packages/pandas/__init__.py", line 17, in <module>
    "Unable to import required dependencies:\n" + "\n".join(missing_dependencies)
ImportError: Unable to import required dependencies:
numpy: cannot import name 'core' from 'numpy' (/users/cmcguir1/.local/lib/python3.7/site-packages/numpy/__init__.py)
Traceback (most recent call last):
  File "src/PairwiseYeastNetwork/Parallel/Model8.py", line 3, in <module>
    from ModelTester import test
  File "./src/PairwiseYeastNetwork/ModelTester.py", line 1, in <module>
    from PairwiseYeastData import PairwiseYeastData
  File "./src/PairwiseYeastNetwork/PairwiseYeastData.py", line 2, in <module>
    from YeastDataFile import YeastDataFile
  File "./src/PairwiseYeastNetwork/YeastDataFile.py", line 3, in <module>
    import pandas as pd
  File "/users/cmcguir1/.local/lib/python3.7/site-packages/pandas/__init__.py", line 17, in <module>
    "Unable to import required dependencies:\n" + "\n".join(missing_dependencies)
ImportError: Unable to import required dependencies:
numpy: cannot import name 'core' from 'numpy' (/users/cmcguir1/.local/lib/python3.7/site-packages/numpy/__init__.py)
Traceback (most recent call last):
  File "src/PairwiseYeastNetwork/Parallel/Model9.py", line 3, in <module>
    from ModelTester import test
  File "./src/PairwiseYeastNetwork/ModelTester.py", line 1, in <module>
    from PairwiseYeastData import PairwiseYeastData
  File "./src/PairwiseYeastNetwork/PairwiseYeastData.py", line 2, in <module>
    from YeastDataFile import YeastDataFile
  File "./src/PairwiseYeastNetwork/YeastDataFile.py", line 3, in <module>
    import pandas as pd
  File "/users/cmcguir1/.local/lib/python3.7/site-packages/pandas/__init__.py", line 17, in <module>
    "Unable to import required dependencies:\n" + "\n".join(missing_dependencies)
ImportError: Unable to import required dependencies:
numpy: cannot import name 'core' from 'numpy' (/users/cmcguir1/.local/lib/python3.7/site-packages/numpy/__init__.py)
Traceback (most recent call last):
  File "src/PairwiseYeastNetwork/Parallel/Model11.py", line 3, in <module>
    from ModelTester import test
  File "./src/PairwiseYeastNetwork/ModelTester.py", line 1, in <module>
    from PairwiseYeastData import PairwiseYeastData
  File "./src/PairwiseYeastNetwork/PairwiseYeastData.py", line 2, in <module>
    from YeastDataFile import YeastDataFile
  File "./src/PairwiseYeastNetwork/YeastDataFile.py", line 3, in <module>
    import pandas as pd
  File "/users/cmcguir1/.local/lib/python3.7/site-packages/pandas/__init__.py", line 17, in <module>
    "Unable to import required dependencies:\n" + "\n".join(missing_dependencies)
ImportError: Unable to import required dependencies:
numpy: cannot import name 'core' from 'numpy' (/users/cmcguir1/.local/lib/python3.7/site-packages/numpy/__init__.py)
Traceback (most recent call last):
  File "src/PairwiseYeastNetwork/Parallel/Model12.py", line 3, in <module>
    from ModelTester import test
  File "./src/PairwiseYeastNetwork/ModelTester.py", line 1, in <module>
    from PairwiseYeastData import PairwiseYeastData
  File "./src/PairwiseYeastNetwork/PairwiseYeastData.py", line 2, in <module>
    from YeastDataFile import YeastDataFile
  File "./src/PairwiseYeastNetwork/YeastDataFile.py", line 3, in <module>
    import pandas as pd
  File "/users/cmcguir1/.local/lib/python3.7/site-packages/pandas/__init__.py", line 17, in <module>
    "Unable to import required dependencies:\n" + "\n".join(missing_dependencies)
ImportError: Unable to import required dependencies:
numpy: cannot import name 'core' from 'numpy' (/users/cmcguir1/.local/lib/python3.7/site-packages/numpy/__init__.py)
Traceback (most recent call last):
  File "src/PairwiseYeastNetwork/Parallel/Model13.py", line 3, in <module>
    from ModelTester import test
  File "./src/PairwiseYeastNetwork/ModelTester.py", line 1, in <module>
    from PairwiseYeastData import PairwiseYeastData
  File "./src/PairwiseYeastNetwork/PairwiseYeastData.py", line 2, in <module>
    from YeastDataFile import YeastDataFile
  File "./src/PairwiseYeastNetwork/YeastDataFile.py", line 3, in <module>
    import pandas as pd
  File "/users/cmcguir1/.local/lib/python3.7/site-packages/pandas/__init__.py", line 17, in <module>
    "Unable to import required dependencies:\n" + "\n".join(missing_dependencies)
ImportError: Unable to import required dependencies:
numpy: cannot import name 'core' from 'numpy' (/users/cmcguir1/.local/lib/python3.7/site-packages/numpy/__init__.py)
Traceback (most recent call last):
  File "src/PairwiseYeastNetwork/Parallel/Model14.py", line 3, in <module>
    from ModelTester import test
  File "./src/PairwiseYeastNetwork/ModelTester.py", line 1, in <module>
    from PairwiseYeastData import PairwiseYeastData
  File "./src/PairwiseYeastNetwork/PairwiseYeastData.py", line 2, in <module>
    from YeastDataFile import YeastDataFile
  File "./src/PairwiseYeastNetwork/YeastDataFile.py", line 3, in <module>
    import pandas as pd
  File "/users/cmcguir1/.local/lib/python3.7/site-packages/pandas/__init__.py", line 17, in <module>
    "Unable to import required dependencies:\n" + "\n".join(missing_dependencies)
ImportError: Unable to import required dependencies:
numpy: cannot import name 'core' from 'numpy' (/users/cmcguir1/.local/lib/python3.7/site-packages/numpy/__init__.py)
Traceback (most recent call last):
  File "src/PairwiseYeastNetwork/Parallel/Model15.py", line 3, in <module>
    from ModelTester import test
  File "./src/PairwiseYeastNetwork/ModelTester.py", line 1, in <module>
    from PairwiseYeastData import PairwiseYeastData
  File "./src/PairwiseYeastNetwork/PairwiseYeastData.py", line 2, in <module>
    from YeastDataFile import YeastDataFile
  File "./src/PairwiseYeastNetwork/YeastDataFile.py", line 3, in <module>
    import pandas as pd
  File "/users/cmcguir1/.local/lib/python3.7/site-packages/pandas/__init__.py", line 17, in <module>
    "Unable to import required dependencies:\n" + "\n".join(missing_dependencies)
ImportError: Unable to import required dependencies:
numpy: cannot import name 'core' from 'numpy' (/users/cmcguir1/.local/lib/python3.7/site-packages/numpy/__init__.py)
Traceback (most recent call last):
  File "src/PairwiseYeastNetwork/Parallel/Model16.py", line 3, in <module>
    from ModelTester import test
  File "./src/PairwiseYeastNetwork/ModelTester.py", line 1, in <module>
    from PairwiseYeastData import PairwiseYeastData
  File "./src/PairwiseYeastNetwork/PairwiseYeastData.py", line 2, in <module>
    from YeastDataFile import YeastDataFile
  File "./src/PairwiseYeastNetwork/YeastDataFile.py", line 3, in <module>
    import pandas as pd
  File "/users/cmcguir1/.local/lib/python3.7/site-packages/pandas/__init__.py", line 17, in <module>
    "Unable to import required dependencies:\n" + "\n".join(missing_dependencies)
ImportError: Unable to import required dependencies:
numpy: cannot import name 'core' from 'numpy' (/users/cmcguir1/.local/lib/python3.7/site-packages/numpy/__init__.py)
Traceback (most recent call last):
  File "src/PairwiseYeastNetwork/Parallel/Model17.py", line 3, in <module>
    from ModelTester import test
  File "./src/PairwiseYeastNetwork/ModelTester.py", line 1, in <module>
    from PairwiseYeastData import PairwiseYeastData
  File "./src/PairwiseYeastNetwork/PairwiseYeastData.py", line 2, in <module>
    from YeastDataFile import YeastDataFile
  File "./src/PairwiseYeastNetwork/YeastDataFile.py", line 3, in <module>
    import pandas as pd
  File "/users/cmcguir1/.local/lib/python3.7/site-packages/pandas/__init__.py", line 17, in <module>
    "Unable to import required dependencies:\n" + "\n".join(missing_dependencies)
ImportError: Unable to import required dependencies:
numpy: cannot import name 'core' from 'numpy' (/users/cmcguir1/.local/lib/python3.7/site-packages/numpy/__init__.py)
Traceback (most recent call last):
  File "src/PairwiseYeastNetwork/Parallel/Model18.py", line 3, in <module>
    from ModelTester import test
  File "./src/PairwiseYeastNetwork/ModelTester.py", line 1, in <module>
    from PairwiseYeastData import PairwiseYeastData
  File "./src/PairwiseYeastNetwork/PairwiseYeastData.py", line 2, in <module>
    from YeastDataFile import YeastDataFile
  File "./src/PairwiseYeastNetwork/YeastDataFile.py", line 3, in <module>
    import pandas as pd
  File "/users/cmcguir1/.local/lib/python3.7/site-packages/pandas/__init__.py", line 17, in <module>
    "Unable to import required dependencies:\n" + "\n".join(missing_dependencies)
ImportError: Unable to import required dependencies:
numpy: cannot import name 'core' from 'numpy' (/users/cmcguir1/.local/lib/python3.7/site-packages/numpy/__init__.py)
Traceback (most recent call last):
  File "src/PairwiseYeastNetwork/Parallel/Model19.py", line 3, in <module>
    from ModelTester import test
  File "./src/PairwiseYeastNetwork/ModelTester.py", line 1, in <module>
    from PairwiseYeastData import PairwiseYeastData
  File "./src/PairwiseYeastNetwork/PairwiseYeastData.py", line 2, in <module>
    from YeastDataFile import YeastDataFile
  File "./src/PairwiseYeastNetwork/YeastDataFile.py", line 3, in <module>
    import pandas as pd
  File "/users/cmcguir1/.local/lib/python3.7/site-packages/pandas/__init__.py", line 17, in <module>
    "Unable to import required dependencies:\n" + "\n".join(missing_dependencies)
ImportError: Unable to import required dependencies:
numpy: cannot import name 'core' from 'numpy' (/users/cmcguir1/.local/lib/python3.7/site-packages/numpy/__init__.py)
Traceback (most recent call last):
  File "src/PairwiseYeastNetwork/Parallel/Model20.py", line 3, in <module>
    from ModelTester import test
  File "./src/PairwiseYeastNetwork/ModelTester.py", line 1, in <module>
    from PairwiseYeastData import PairwiseYeastData
  File "./src/PairwiseYeastNetwork/PairwiseYeastData.py", line 2, in <module>
    from YeastDataFile import YeastDataFile
  File "./src/PairwiseYeastNetwork/YeastDataFile.py", line 3, in <module>
    import pandas as pd
  File "/users/cmcguir1/.local/lib/python3.7/site-packages/pandas/__init__.py", line 17, in <module>
    "Unable to import required dependencies:\n" + "\n".join(missing_dependencies)
ImportError: Unable to import required dependencies:
numpy: cannot import name 'core' from 'numpy' (/users/cmcguir1/.local/lib/python3.7/site-packages/numpy/__init__.py)
Began Loading Data
Traceback (most recent call last):
  File "src/PairwiseYeastNetwork/Parallel/Model1.py", line 14, in <module>
    main()
  File "src/PairwiseYeastNetwork/Parallel/Model1.py", line 10, in main
    test(0,'DNARepair',posGenes='./Yeast Resources/GeneSets/GO0006302_Pos.txt',negGenes='./Yeast Resources\GeneSets\GO0006302_Neg.txt',foldFile='./Yeast Resources/GeneSets/GO0006302Folds1.csv')
  File "./src/PairwiseYeastNetwork/ModelTester.py", line 17, in test
    modelData = PairwiseYeastData('Yeast Resources/Datasets/All Spell/all spell datasets',4,subset=200000,numDatasets=datasets,statsDictLoc='./Yeast Resources/Datasets/All Spell/statsDict.csv',recalc=False,foldFile=foldFile,posGenes=posGenes,negGenes=negGenes)
  File "./src/PairwiseYeastNetwork/PairwiseYeastData.py", line 12, in __init__
    self.negDataList = pd.read_csv(negGenes).to_numpy().flatten().tolist()
  File "/users/cmcguir1/.local/lib/python3.7/site-packages/pandas/util/_decorators.py", line 311, in wrapper
    return func(*args, **kwargs)
  File "/users/cmcguir1/.local/lib/python3.7/site-packages/pandas/io/parsers/readers.py", line 586, in read_csv
    return _read(filepath_or_buffer, kwds)
  File "/users/cmcguir1/.local/lib/python3.7/site-packages/pandas/io/parsers/readers.py", line 482, in _read
    parser = TextFileReader(filepath_or_buffer, **kwds)
  File "/users/cmcguir1/.local/lib/python3.7/site-packages/pandas/io/parsers/readers.py", line 811, in __init__
    self._engine = self._make_engine(self.engine)
  File "/users/cmcguir1/.local/lib/python3.7/site-packages/pandas/io/parsers/readers.py", line 1040, in _make_engine
    return mapping[engine](self.f, **self.options)  # type: ignore[call-arg]
  File "/users/cmcguir1/.local/lib/python3.7/site-packages/pandas/io/parsers/c_parser_wrapper.py", line 51, in __init__
    self._open_handles(src, kwds)
  File "/users/cmcguir1/.local/lib/python3.7/site-packages/pandas/io/parsers/base_parser.py", line 229, in _open_handles
    errors=kwds.get("encoding_errors", "strict"),
  File "/users/cmcguir1/.local/lib/python3.7/site-packages/pandas/io/common.py", line 707, in get_handle
    newline="",
FileNotFoundError: [Errno 2] No such file or directory: './Yeast Resources\\GeneSets\\GO0006302_Neg.txt'
Began Loading Data
Traceback (most recent call last):
  File "src/PairwiseYeastNetwork/Parallel/Model2.py", line 14, in <module>
    main()
  File "src/PairwiseYeastNetwork/Parallel/Model2.py", line 10, in main
    test(1,'DNARepair',posGenes='./Yeast Resources/GeneSets/GO0006302_Pos.txt',negGenes='./Yeast Resources\GeneSets\GO0006302_Neg.txt',foldFile='./Yeast Resources/GeneSets/GO0006302Folds1.csv')
  File "./src/PairwiseYeastNetwork/ModelTester.py", line 17, in test
    modelData = PairwiseYeastData('Yeast Resources/Datasets/All Spell/all spell datasets',4,subset=200000,numDatasets=datasets,statsDictLoc='./Yeast Resources/Datasets/All Spell/statsDict.csv',recalc=False,foldFile=foldFile,posGenes=posGenes,negGenes=negGenes)
  File "./src/PairwiseYeastNetwork/PairwiseYeastData.py", line 12, in __init__
    self.negDataList = pd.read_csv(negGenes).to_numpy().flatten().tolist()
  File "/users/cmcguir1/.local/lib/python3.7/site-packages/pandas/util/_decorators.py", line 311, in wrapper
    return func(*args, **kwargs)
  File "/users/cmcguir1/.local/lib/python3.7/site-packages/pandas/io/parsers/readers.py", line 586, in read_csv
    return _read(filepath_or_buffer, kwds)
  File "/users/cmcguir1/.local/lib/python3.7/site-packages/pandas/io/parsers/readers.py", line 482, in _read
    parser = TextFileReader(filepath_or_buffer, **kwds)
  File "/users/cmcguir1/.local/lib/python3.7/site-packages/pandas/io/parsers/readers.py", line 811, in __init__
    self._engine = self._make_engine(self.engine)
  File "/users/cmcguir1/.local/lib/python3.7/site-packages/pandas/io/parsers/readers.py", line 1040, in _make_engine
    return mapping[engine](self.f, **self.options)  # type: ignore[call-arg]
  File "/users/cmcguir1/.local/lib/python3.7/site-packages/pandas/io/parsers/c_parser_wrapper.py", line 51, in __init__
    self._open_handles(src, kwds)
  File "/users/cmcguir1/.local/lib/python3.7/site-packages/pandas/io/parsers/base_parser.py", line 229, in _open_handles
    errors=kwds.get("encoding_errors", "strict"),
  File "/users/cmcguir1/.local/lib/python3.7/site-packages/pandas/io/common.py", line 707, in get_handle
    newline="",
FileNotFoundError: [Errno 2] No such file or directory: './Yeast Resources\\GeneSets\\GO0006302_Neg.txt'
Began Loading Data
Traceback (most recent call last):
  File "src/PairwiseYeastNetwork/Parallel/Model3.py", line 14, in <module>
    main()
  File "src/PairwiseYeastNetwork/Parallel/Model3.py", line 10, in main
    test(2,'DNARepair',posGenes='./Yeast Resources/GeneSets/GO0006302_Pos.txt',negGenes='./Yeast Resources\GeneSets\GO0006302_Neg.txt',foldFile='./Yeast Resources/GeneSets/GO0006302Folds1.csv')
  File "./src/PairwiseYeastNetwork/ModelTester.py", line 17, in test
    modelData = PairwiseYeastData('Yeast Resources/Datasets/All Spell/all spell datasets',4,subset=200000,numDatasets=datasets,statsDictLoc='./Yeast Resources/Datasets/All Spell/statsDict.csv',recalc=False,foldFile=foldFile,posGenes=posGenes,negGenes=negGenes)
  File "./src/PairwiseYeastNetwork/PairwiseYeastData.py", line 12, in __init__
    self.negDataList = pd.read_csv(negGenes).to_numpy().flatten().tolist()
  File "/users/cmcguir1/.local/lib/python3.7/site-packages/pandas/util/_decorators.py", line 311, in wrapper
    return func(*args, **kwargs)
  File "/users/cmcguir1/.local/lib/python3.7/site-packages/pandas/io/parsers/readers.py", line 586, in read_csv
    return _read(filepath_or_buffer, kwds)
  File "/users/cmcguir1/.local/lib/python3.7/site-packages/pandas/io/parsers/readers.py", line 482, in _read
    parser = TextFileReader(filepath_or_buffer, **kwds)
  File "/users/cmcguir1/.local/lib/python3.7/site-packages/pandas/io/parsers/readers.py", line 811, in __init__
    self._engine = self._make_engine(self.engine)
  File "/users/cmcguir1/.local/lib/python3.7/site-packages/pandas/io/parsers/readers.py", line 1040, in _make_engine
    return mapping[engine](self.f, **self.options)  # type: ignore[call-arg]
  File "/users/cmcguir1/.local/lib/python3.7/site-packages/pandas/io/parsers/c_parser_wrapper.py", line 51, in __init__
    self._open_handles(src, kwds)
  File "/users/cmcguir1/.local/lib/python3.7/site-packages/pandas/io/parsers/base_parser.py", line 229, in _open_handles
    errors=kwds.get("encoding_errors", "strict"),
  File "/users/cmcguir1/.local/lib/python3.7/site-packages/pandas/io/common.py", line 707, in get_handle
    newline="",
FileNotFoundError: [Errno 2] No such file or directory: './Yeast Resources\\GeneSets\\GO0006302_Neg.txt'
Began Loading Data
Traceback (most recent call last):
  File "src/PairwiseYeastNetwork/Parallel/Model4.py", line 14, in <module>
    main()
  File "src/PairwiseYeastNetwork/Parallel/Model4.py", line 10, in main
    test(3,'DNARepair',posGenes='./Yeast Resources/GeneSets/GO0006302_Pos.txt',negGenes='./Yeast Resources\GeneSets\GO0006302_Neg.txt',foldFile='./Yeast Resources/GeneSets/GO0006302Folds1.csv')
  File "./src/PairwiseYeastNetwork/ModelTester.py", line 17, in test
    modelData = PairwiseYeastData('Yeast Resources/Datasets/All Spell/all spell datasets',4,subset=200000,numDatasets=datasets,statsDictLoc='./Yeast Resources/Datasets/All Spell/statsDict.csv',recalc=False,foldFile=foldFile,posGenes=posGenes,negGenes=negGenes)
  File "./src/PairwiseYeastNetwork/PairwiseYeastData.py", line 12, in __init__
    self.negDataList = pd.read_csv(negGenes).to_numpy().flatten().tolist()
  File "/users/cmcguir1/.local/lib/python3.7/site-packages/pandas/util/_decorators.py", line 311, in wrapper
    return func(*args, **kwargs)
  File "/users/cmcguir1/.local/lib/python3.7/site-packages/pandas/io/parsers/readers.py", line 586, in read_csv
    return _read(filepath_or_buffer, kwds)
  File "/users/cmcguir1/.local/lib/python3.7/site-packages/pandas/io/parsers/readers.py", line 482, in _read
    parser = TextFileReader(filepath_or_buffer, **kwds)
  File "/users/cmcguir1/.local/lib/python3.7/site-packages/pandas/io/parsers/readers.py", line 811, in __init__
    self._engine = self._make_engine(self.engine)
  File "/users/cmcguir1/.local/lib/python3.7/site-packages/pandas/io/parsers/readers.py", line 1040, in _make_engine
    return mapping[engine](self.f, **self.options)  # type: ignore[call-arg]
  File "/users/cmcguir1/.local/lib/python3.7/site-packages/pandas/io/parsers/c_parser_wrapper.py", line 51, in __init__
    self._open_handles(src, kwds)
  File "/users/cmcguir1/.local/lib/python3.7/site-packages/pandas/io/parsers/base_parser.py", line 229, in _open_handles
    errors=kwds.get("encoding_errors", "strict"),
  File "/users/cmcguir1/.local/lib/python3.7/site-packages/pandas/io/common.py", line 707, in get_handle
    newline="",
FileNotFoundError: [Errno 2] No such file or directory: './Yeast Resources\\GeneSets\\GO0006302_Neg.txt'
Began Loading Data
Traceback (most recent call last):
  File "src/PairwiseYeastNetwork/Parallel/Model5.py", line 14, in <module>
    main()
  File "src/PairwiseYeastNetwork/Parallel/Model5.py", line 10, in main
    test(0,'Meiosis',posGenes='./Yeast Resources/GeneSets/GO0007127_Pos.txt',negGenes='./Yeast Resources\GeneSets\GO0007127_Neg.txt',foldFile='./Yeast Resources/GeneSets/GO0007127Folds1.csv')
  File "./src/PairwiseYeastNetwork/ModelTester.py", line 17, in test
    modelData = PairwiseYeastData('Yeast Resources/Datasets/All Spell/all spell datasets',4,subset=200000,numDatasets=datasets,statsDictLoc='./Yeast Resources/Datasets/All Spell/statsDict.csv',recalc=False,foldFile=foldFile,posGenes=posGenes,negGenes=negGenes)
  File "./src/PairwiseYeastNetwork/PairwiseYeastData.py", line 12, in __init__
    self.negDataList = pd.read_csv(negGenes).to_numpy().flatten().tolist()
  File "/users/cmcguir1/.local/lib/python3.7/site-packages/pandas/util/_decorators.py", line 311, in wrapper
    return func(*args, **kwargs)
  File "/users/cmcguir1/.local/lib/python3.7/site-packages/pandas/io/parsers/readers.py", line 586, in read_csv
    return _read(filepath_or_buffer, kwds)
  File "/users/cmcguir1/.local/lib/python3.7/site-packages/pandas/io/parsers/readers.py", line 482, in _read
    parser = TextFileReader(filepath_or_buffer, **kwds)
  File "/users/cmcguir1/.local/lib/python3.7/site-packages/pandas/io/parsers/readers.py", line 811, in __init__
    self._engine = self._make_engine(self.engine)
  File "/users/cmcguir1/.local/lib/python3.7/site-packages/pandas/io/parsers/readers.py", line 1040, in _make_engine
    return mapping[engine](self.f, **self.options)  # type: ignore[call-arg]
  File "/users/cmcguir1/.local/lib/python3.7/site-packages/pandas/io/parsers/c_parser_wrapper.py", line 51, in __init__
    self._open_handles(src, kwds)
  File "/users/cmcguir1/.local/lib/python3.7/site-packages/pandas/io/parsers/base_parser.py", line 229, in _open_handles
    errors=kwds.get("encoding_errors", "strict"),
  File "/users/cmcguir1/.local/lib/python3.7/site-packages/pandas/io/common.py", line 707, in get_handle
    newline="",
FileNotFoundError: [Errno 2] No such file or directory: './Yeast Resources\\GeneSets\\GO0007127_Neg.txt'
Began Loading Data
Traceback (most recent call last):
  File "src/PairwiseYeastNetwork/Parallel/Model6.py", line 14, in <module>
    main()
  File "src/PairwiseYeastNetwork/Parallel/Model6.py", line 10, in main
    test(1,'Meiosis',posGenes='./Yeast Resources/GeneSets/GO0007127_Pos.txt',negGenes=',/Yeast Resources\GeneSets\GO0007127_Neg.txt',foldFile='./Yeast Resources/GeneSets/GO0007127Folds1.csv')
  File "./src/PairwiseYeastNetwork/ModelTester.py", line 17, in test
    modelData = PairwiseYeastData('Yeast Resources/Datasets/All Spell/all spell datasets',4,subset=200000,numDatasets=datasets,statsDictLoc='./Yeast Resources/Datasets/All Spell/statsDict.csv',recalc=False,foldFile=foldFile,posGenes=posGenes,negGenes=negGenes)
  File "./src/PairwiseYeastNetwork/PairwiseYeastData.py", line 12, in __init__
    self.negDataList = pd.read_csv(negGenes).to_numpy().flatten().tolist()
  File "/users/cmcguir1/.local/lib/python3.7/site-packages/pandas/util/_decorators.py", line 311, in wrapper
    return func(*args, **kwargs)
  File "/users/cmcguir1/.local/lib/python3.7/site-packages/pandas/io/parsers/readers.py", line 586, in read_csv
    return _read(filepath_or_buffer, kwds)
  File "/users/cmcguir1/.local/lib/python3.7/site-packages/pandas/io/parsers/readers.py", line 482, in _read
    parser = TextFileReader(filepath_or_buffer, **kwds)
  File "/users/cmcguir1/.local/lib/python3.7/site-packages/pandas/io/parsers/readers.py", line 811, in __init__
    self._engine = self._make_engine(self.engine)
  File "/users/cmcguir1/.local/lib/python3.7/site-packages/pandas/io/parsers/readers.py", line 1040, in _make_engine
    return mapping[engine](self.f, **self.options)  # type: ignore[call-arg]
  File "/users/cmcguir1/.local/lib/python3.7/site-packages/pandas/io/parsers/c_parser_wrapper.py", line 51, in __init__
    self._open_handles(src, kwds)
  File "/users/cmcguir1/.local/lib/python3.7/site-packages/pandas/io/parsers/base_parser.py", line 229, in _open_handles
    errors=kwds.get("encoding_errors", "strict"),
  File "/users/cmcguir1/.local/lib/python3.7/site-packages/pandas/io/common.py", line 707, in get_handle
    newline="",
FileNotFoundError: [Errno 2] No such file or directory: ',/Yeast Resources\\GeneSets\\GO0007127_Neg.txt'
Began Loading Data
Traceback (most recent call last):
  File "src/PairwiseYeastNetwork/Parallel/Model7.py", line 14, in <module>
    main()
  File "src/PairwiseYeastNetwork/Parallel/Model7.py", line 10, in main
    test(2,'Meiosis',posGenes='./Yeast Resources/GeneSets/GO0007127_Pos.txt',negGenes=',/Yeast Resources\GeneSets\GO0007127_Neg.txt',foldFile='./Yeast Resources/GeneSets/GO0007127Folds1.csv')
  File "./src/PairwiseYeastNetwork/ModelTester.py", line 17, in test
    modelData = PairwiseYeastData('Yeast Resources/Datasets/All Spell/all spell datasets',4,subset=200000,numDatasets=datasets,statsDictLoc='./Yeast Resources/Datasets/All Spell/statsDict.csv',recalc=False,foldFile=foldFile,posGenes=posGenes,negGenes=negGenes)
  File "./src/PairwiseYeastNetwork/PairwiseYeastData.py", line 12, in __init__
    self.negDataList = pd.read_csv(negGenes).to_numpy().flatten().tolist()
  File "/users/cmcguir1/.local/lib/python3.7/site-packages/pandas/util/_decorators.py", line 311, in wrapper
    return func(*args, **kwargs)
  File "/users/cmcguir1/.local/lib/python3.7/site-packages/pandas/io/parsers/readers.py", line 586, in read_csv
    return _read(filepath_or_buffer, kwds)
  File "/users/cmcguir1/.local/lib/python3.7/site-packages/pandas/io/parsers/readers.py", line 482, in _read
    parser = TextFileReader(filepath_or_buffer, **kwds)
  File "/users/cmcguir1/.local/lib/python3.7/site-packages/pandas/io/parsers/readers.py", line 811, in __init__
    self._engine = self._make_engine(self.engine)
  File "/users/cmcguir1/.local/lib/python3.7/site-packages/pandas/io/parsers/readers.py", line 1040, in _make_engine
    return mapping[engine](self.f, **self.options)  # type: ignore[call-arg]
  File "/users/cmcguir1/.local/lib/python3.7/site-packages/pandas/io/parsers/c_parser_wrapper.py", line 51, in __init__
    self._open_handles(src, kwds)
  File "/users/cmcguir1/.local/lib/python3.7/site-packages/pandas/io/parsers/base_parser.py", line 229, in _open_handles
    errors=kwds.get("encoding_errors", "strict"),
  File "/users/cmcguir1/.local/lib/python3.7/site-packages/pandas/io/common.py", line 707, in get_handle
    newline="",
FileNotFoundError: [Errno 2] No such file or directory: ',/Yeast Resources\\GeneSets\\GO0007127_Neg.txt'
Began Loading Data
Traceback (most recent call last):
  File "src/PairwiseYeastNetwork/Parallel/Model8.py", line 14, in <module>
    main()
  File "src/PairwiseYeastNetwork/Parallel/Model8.py", line 10, in main
    test(3,'Meiosis',posGenes='./Yeast Resources/GeneSets/GO0007127_Pos.txt',negGenes=',/Yeast Resources\GeneSets\GO0007127_Neg.txt',foldFile='./Yeast Resources/GeneSets/GO0007127Folds1.csv')
  File "./src/PairwiseYeastNetwork/ModelTester.py", line 17, in test
    modelData = PairwiseYeastData('Yeast Resources/Datasets/All Spell/all spell datasets',4,subset=200000,numDatasets=datasets,statsDictLoc='./Yeast Resources/Datasets/All Spell/statsDict.csv',recalc=False,foldFile=foldFile,posGenes=posGenes,negGenes=negGenes)
  File "./src/PairwiseYeastNetwork/PairwiseYeastData.py", line 12, in __init__
    self.negDataList = pd.read_csv(negGenes).to_numpy().flatten().tolist()
  File "/users/cmcguir1/.local/lib/python3.7/site-packages/pandas/util/_decorators.py", line 311, in wrapper
    return func(*args, **kwargs)
  File "/users/cmcguir1/.local/lib/python3.7/site-packages/pandas/io/parsers/readers.py", line 586, in read_csv
    return _read(filepath_or_buffer, kwds)
  File "/users/cmcguir1/.local/lib/python3.7/site-packages/pandas/io/parsers/readers.py", line 482, in _read
    parser = TextFileReader(filepath_or_buffer, **kwds)
  File "/users/cmcguir1/.local/lib/python3.7/site-packages/pandas/io/parsers/readers.py", line 811, in __init__
    self._engine = self._make_engine(self.engine)
  File "/users/cmcguir1/.local/lib/python3.7/site-packages/pandas/io/parsers/readers.py", line 1040, in _make_engine
    return mapping[engine](self.f, **self.options)  # type: ignore[call-arg]
  File "/users/cmcguir1/.local/lib/python3.7/site-packages/pandas/io/parsers/c_parser_wrapper.py", line 51, in __init__
    self._open_handles(src, kwds)
  File "/users/cmcguir1/.local/lib/python3.7/site-packages/pandas/io/parsers/base_parser.py", line 229, in _open_handles
    errors=kwds.get("encoding_errors", "strict"),
  File "/users/cmcguir1/.local/lib/python3.7/site-packages/pandas/io/common.py", line 707, in get_handle
    newline="",
FileNotFoundError: [Errno 2] No such file or directory: ',/Yeast Resources\\GeneSets\\GO0007127_Neg.txt'
Began Loading Data
Finished Loading Data
Batch 0 Loss:	0.7087843418121338
Batch 0 Time:	0.19809637467066446 minutes
Batch 100 Loss:	52.60558369755745
Batch 100 Time:	2.613608988126119 minutes
Batch 200 Loss:	46.021104514598846
Batch 200 Time:	2.5895884950955708 minutes
Batch 300 Loss:	40.470024794340134
Batch 300 Time:	2.584152328968048 minutes
Batch 400 Loss:	37.26869086921215
Batch 400 Time:	2.614511521657308 minutes
Batch 500 Loss:	35.13795218616724
Batch 500 Time:	2.5962434887886046 minutes
Batch 600 Loss:	36.29478745162487
Batch 600 Time:	2.610465967655182 minutes
Batch 700 Loss:	32.70680545270443
Batch 700 Time:	2.5657378991444904 minutes
Batch 800 Loss:	30.95083341561258
Batch 800 Time:	2.56609232823054 minutes
Batch 900 Loss:	31.747814532369375
Batch 900 Time:	2.5961466868718466 minutes
Batch 1000 Loss:	29.34663087502122
Batch 1000 Time:	2.587221360206604 minutes
Batch 1100 Loss:	29.713508244603872
Batch 1100 Time:	2.594447366396586 minutes
Batch 1200 Loss:	28.44805159047246
Batch 1200 Time:	2.562098697821299 minutes
Batch 1300 Loss:	24.321239944547415
Batch 1300 Time:	2.5923583149909972 minutes
Batch 1400 Loss:	25.985060766339302
Batch 1400 Time:	2.581428535779317 minutes
Batch 1500 Loss:	25.465519823133945
Batch 1500 Time:	2.570467507839203 minutes
Batch 1600 Loss:	23.175374260172248
Batch 1600 Time:	2.560639580090841 minutes
Batch 1700 Loss:	24.759011114016175
Batch 1700 Time:	2.5587133685747783 minutes
Batch 1800 Loss:	24.86302433349192
Batch 1800 Time:	2.599072154362996 minutes
Batch 1900 Loss:	25.91657998226583
Batch 1900 Time:	2.6042423248291016 minutes
Batch 2000 Loss:	20.666138818487525
Batch 2000 Time:	2.56298410097758 minutes
Batch 2100 Loss:	20.795541547238827
Batch 2100 Time:	2.5589951316515607 minutes
Batch 2200 Loss:	19.072666650172323
Batch 2200 Time:	2.588654323418935 minutes
Batch 2300 Loss:	26.326421718113124
Batch 2300 Time:	2.578645610809326 minutes
Batch 2400 Loss:	23.89349730592221
Batch 2400 Time:	2.569062650203705 minutes
Batch 2500 Loss:	27.176242111250758
Batch 2500 Time:	2.643119982878367 minutes
Batch 2600 Loss:	22.694828196428716
Batch 2600 Time:	2.5813493847846987 minutes
Batch 2700 Loss:	22.962185250595212
Batch 2700 Time:	2.5679919521013894 minutes
Batch 2800 Loss:	32.2367211971432
Batch 2800 Time:	2.55625718832016 minutes
Batch 2900 Loss:	24.03080313652754
Batch 2900 Time:	2.5768237630526225 minutes
Batch 3000 Loss:	19.239632844459265
Batch 3000 Time:	2.5797563473383587 minutes
Batch 3100 Loss:	23.611329646781087
Batch 3100 Time:	2.5680450042088827 minutes
Batch 3200 Loss:	29.56722137145698
Batch 3200 Time:	2.5441609025001526 minutes
Batch 3300 Loss:	23.89929267927073
Batch 3300 Time:	2.567047452926636 minutes
Batch 3400 Loss:	17.06068712938577
Batch 3400 Time:	2.593455986181895 minutes
Batch 3500 Loss:	21.170363357989118
Batch 3500 Time:	2.5449578364690146 minutes
Batch 3600 Loss:	17.07528027240187
Batch 3600 Time:	2.58542693456014 minutes
Batch 3700 Loss:	18.066168101970106
Batch 3700 Time:	2.5669297496477763 minutes
Batch 3800 Loss:	21.469091962091625
Batch 3800 Time:	2.586109256744385 minutes
Batch 3900 Loss:	24.17530200816691
Batch 3900 Time:	2.565052620569865 minutes
Batch 4000 Loss:	20.662299248040654
Batch 4000 Time:	2.561682693163554 minutes
Batch 4100 Loss:	22.988816334865987
Batch 4100 Time:	2.6085936784744264 minutes
Batch 4200 Loss:	21.190424233675003
Batch 4200 Time:	2.5721766034762066 minutes
Batch 4300 Loss:	18.194178318604827
Batch 4300 Time:	2.5518993298212687 minutes
Batch 4400 Loss:	30.577175971520774
Batch 4400 Time:	2.5534798860549928 minutes
Batch 4500 Loss:	19.389508908614516
Batch 4500 Time:	2.5781960050264994 minutes
Batch 4600 Loss:	25.775315629551187
Batch 4600 Time:	2.5544724384943645 minutes
Batch 4700 Loss:	23.898585556074977
Batch 4700 Time:	2.5837263226509095 minutes
Batch 4800 Loss:	33.829426161944866
Batch 4800 Time:	2.5846774021784467 minutes
Batch 4900 Loss:	17.452910837251693
Batch 4900 Time:	2.5650809605916343 minutes
Batch 5000 Loss:	21.08060384914279
Batch 5000 Time:	2.5630946199099225 minutes
Batch 5100 Loss:	17.847722905222327
Batch 5100 Time:	2.5624248584111533 minutes
Batch 5200 Loss:	16.241028358461335
Batch 5200 Time:	2.5594847043355307 minutes
Batch 5300 Loss:	23.613746046699816
Batch 5300 Time:	2.5596783558527627 minutes
Batch 5400 Loss:	21.440003730240278
Batch 5400 Time:	2.5818626920382184 minutes
Batch 5500 Loss:	13.792337350925663
Batch 5500 Time:	2.562342377503713 minutes
Batch 5600 Loss:	16.484510943409987
Batch 5600 Time:	2.5989261349042256 minutes
Batch 5700 Loss:	21.909312298870645
Batch 5700 Time:	2.567422326405843 minutes
Batch 5800 Loss:	16.775609212636482
Batch 5800 Time:	2.554034439722697 minutes
Batch 5900 Loss:	17.048306031516404
Batch 5900 Time:	2.516034432252248 minutes
Batch 6000 Loss:	18.204579756828025
Batch 6000 Time:	2.6079512278238934 minutes
Batch 6100 Loss:	21.70802385425486
Batch 6100 Time:	2.611376325289408 minutes
Batch 6200 Loss:	21.387137389043346
Batch 6200 Time:	2.601261758804321 minutes
Batch 6300 Loss:	20.2315120450221
Batch 6300 Time:	2.602472190062205 minutes
Batch 6400 Loss:	16.94909937644843
Batch 6400 Time:	2.5563004771868387 minutes
Batch 6500 Loss:	16.300153204007074
Batch 6500 Time:	2.5525095582008364 minutes
Batch 6600 Loss:	19.28954857616918
Batch 6600 Time:	2.5324003219604494 minutes
Batch 6700 Loss:	15.958063261350617
Batch 6700 Time:	2.5603196064631146 minutes
Batch 6800 Loss:	16.37747788755223
Batch 6800 Time:	2.5526420791943867 minutes
Batch 6900 Loss:	16.198249517168733
Batch 6900 Time:	2.544837538401286 minutes
Batch 7000 Loss:	17.295598794240505
Batch 7000 Time:	2.5835444132486978 minutes
Batch 7100 Loss:	12.632297394040506
Batch 7100 Time:	2.576360309123993 minutes
Batch 7200 Loss:	13.499073143451824
Batch 7200 Time:	2.601298908392588 minutes
Batch 7300 Loss:	14.371413096261676
Batch 7300 Time:	2.5844552000363668 minutes
Batch 7400 Loss:	9.846132896782365
Batch 7400 Time:	2.601951229572296 minutes
Batch 7500 Loss:	11.240340242511593
Batch 7500 Time:	2.55345801115036 minutes
Batch 7600 Loss:	11.21902451927599
Batch 7600 Time:	2.5829638878504437 minutes
Batch 7700 Loss:	9.299182944523636
Batch 7700 Time:	2.5539752999941507 minutes
Batch 7800 Loss:	12.195976721312036
Batch 7800 Time:	2.559351885318756 minutes
Batch 7900 Loss:	16.06129306738876
Batch 7900 Time:	2.5807920654614764 minutes
Batch 8000 Loss:	15.1377194019733
Batch 8000 Time:	2.560852789878845 minutes
Batch 8100 Loss:	14.838466173270717
Batch 8100 Time:	2.5594549417495727 minutes
Batch 8200 Loss:	12.253164305890095
Batch 8200 Time:	2.588884695370992 minutes
Batch 8300 Loss:	15.475217562780017
Batch 8300 Time:	2.6252381483713787 minutes
Batch 8400 Loss:	20.64044242131058
Batch 8400 Time:	2.5839850664138795 minutes
Batch 8500 Loss:	27.496893612835265
Batch 8500 Time:	2.56508500178655 minutes
Batch 8600 Loss:	12.259539214224787
Batch 8600 Time:	2.5542200922966005 minutes
Batch 8700 Loss:	15.217549638880882
Batch 8700 Time:	2.575235172112783 minutes
Batch 8800 Loss:	18.982560127778925
Batch 8800 Time:	2.555343516667684 minutes
Batch 8900 Loss:	17.77950171594057
Batch 8900 Time:	2.5744556824366254 minutes
Batch 9000 Loss:	19.08720294269733
Batch 9000 Time:	2.571892313162486 minutes
Batch 9100 Loss:	13.453323043329874
Batch 9100 Time:	2.542872202396393 minutes
Batch 9200 Loss:	12.813406360859517
Batch 9200 Time:	2.550230840841929 minutes
Batch 9300 Loss:	17.694939792068908
Batch 9300 Time:	2.6057073990503947 minutes
Batch 9400 Loss:	17.920888797118096
Batch 9400 Time:	2.573547101020813 minutes
Batch 9500 Loss:	21.603884697309695
Batch 9500 Time:	2.5992815097173056 minutes
Batch 9600 Loss:	12.754617802409484
Batch 9600 Time:	2.5767996589342754 minutes
Batch 9700 Loss:	16.108477307871453
Batch 9700 Time:	2.634590721130371 minutes
Batch 9800 Loss:	10.593093965675507
Batch 9800 Time:	2.584870791435242 minutes
Batch 9900 Loss:	12.005908662180445
Batch 9900 Time:	2.5907364885012307 minutes
Batch 10000 Loss:	12.886615353869274
Batch 10000 Time:	2.598040012518565 minutes
Batch 10100 Loss:	16.59471734732506
Batch 10100 Time:	2.5557663559913637 minutes
Batch 10200 Loss:	13.041834512609057
Batch 10200 Time:	2.6072577118873594 minutes
Batch 10300 Loss:	9.315511023887666
Batch 10300 Time:	2.6074138323465985 minutes
Batch 10400 Loss:	10.856508848068188
Batch 10400 Time:	2.620582083861033 minutes
Batch 10500 Loss:	20.375845014112656
Batch 10500 Time:	2.6355356415112814 minutes
Batch 10600 Loss:	26.447739946786896
Batch 10600 Time:	2.610427765051524 minutes
Batch 10700 Loss:	18.219888940870078
Batch 10700 Time:	2.5864206155141196 minutes
Batch 10800 Loss:	21.8520474753459
Batch 10800 Time:	2.6174261728922525 minutes
Batch 10900 Loss:	21.021062908643216
Batch 10900 Time:	2.5848010063171385 minutes
Batch 11000 Loss:	21.688598728738725
Batch 11000 Time:	2.5847307284673056 minutes
Batch 11100 Loss:	11.992445318312093
Batch 11100 Time:	2.5893951018651324 minutes
Batch 11200 Loss:	20.621333363713347
Batch 11200 Time:	2.6190706928571066 minutes
Batch 11300 Loss:	23.81568638549652
Batch 11300 Time:	2.5816561500231425 minutes
Batch 11400 Loss:	17.342171545322344
Batch 11400 Time:	2.5980989138285318 minutes
Batch 11500 Loss:	29.069062047172338
Batch 11500 Time:	2.612803260485331 minutes
Batch 11600 Loss:	10.739026117043977
Batch 11600 Time:	2.5677377343177796 minutes
Batch 11700 Loss:	9.68812599121884
Batch 11700 Time:	2.5861501574516295 minutes
Batch 11800 Loss:	12.470537827472072
Batch 11800 Time:	2.613873636722565 minutes
Batch 11900 Loss:	25.08195636072196
Batch 11900 Time:	2.6015036980311077 minutes
Batch 12000 Loss:	13.893302343336472
Batch 12000 Time:	2.5779012123743694 minutes
Batch 12100 Loss:	20.58010344929062
Batch 12100 Time:	2.6273008704185488 minutes
Batch 12200 Loss:	26.583159862911998
Batch 12200 Time:	2.595693023999532 minutes
Batch 12300 Loss:	18.865635721740546
Batch 12300 Time:	2.5481255849202475 minutes
Batch 12400 Loss:	20.17171521903947
Batch 12400 Time:	2.563175574938456 minutes
Batch 12500 Loss:	12.508359892904991
Batch 12500 Time:	2.5866051197052 minutes
Batch 12600 Loss:	14.886861382066854
Batch 12600 Time:	2.556942808628082 minutes
Batch 12700 Loss:	9.906434859544788
Batch 12700 Time:	2.5424771745999655 minutes
Batch 12800 Loss:	12.636999171867501
Batch 12800 Time:	2.5789339025815328 minutes
Batch 12900 Loss:	16.680026597179676
Batch 12900 Time:	2.614685599009196 minutes
Batch 13000 Loss:	12.161332018262328
Batch 13000 Time:	2.5851012110710143 minutes
Batch 13100 Loss:	13.0455732121045
Batch 13100 Time:	2.565627757708232 minutes
Batch 13200 Loss:	10.153560845565153
Batch 13200 Time:	2.5900525490442914 minutes
Batch 13300 Loss:	10.794265523538343
Batch 13300 Time:	2.566141223907471 minutes
Batch 13400 Loss:	8.583197952899354
Batch 13400 Time:	2.5802536964416505 minutes
Batch 13500 Loss:	17.29243877418412
Batch 13500 Time:	2.5590385516484577 minutes
Batch 13600 Loss:	26.34729595678664
Batch 13600 Time:	2.5422270973523458 minutes
Batch 13700 Loss:	11.579309580512302
Batch 13700 Time:	2.554712649186452 minutes
Batch 13800 Loss:	9.528503962404102
Batch 13800 Time:	2.564336923758189 minutes
Batch 13900 Loss:	15.670090943138348
Batch 13900 Time:	2.5919771273930867 minutes
Batch 14000 Loss:	19.657875150964173
Batch 14000 Time:	2.523918664455414 minutes
Batch 14100 Loss:	24.195484335796976
Batch 14100 Time:	2.607389537493388 minutes
Batch 14200 Loss:	19.623491885467956
Batch 14200 Time:	2.546384072303772 minutes
Batch 14300 Loss:	16.166586312487198
Batch 14300 Time:	2.594570775826772 minutes
Batch 14400 Loss:	14.390192781127553
Batch 14400 Time:	2.5752779483795165 minutes
Batch 14500 Loss:	24.490278746732656
Batch 14500 Time:	2.572484489281972 minutes
Batch 14600 Loss:	20.707573461394873
Batch 14600 Time:	2.5718386928240458 minutes
Batch 14700 Loss:	14.061592026191647
Batch 14700 Time:	2.5981239040692645 minutes
Batch 14800 Loss:	10.453365746963755
Batch 14800 Time:	2.568061113357544 minutes
Batch 14900 Loss:	20.853305742645716
Batch 14900 Time:	2.571950296560923 minutes
Batch 15000 Loss:	11.255727407813538
Batch 15000 Time:	2.5668339212735494 minutes
Batch 15100 Loss:	9.546902552958272
Batch 15100 Time:	2.580057958761851 minutes
Batch 15200 Loss:	14.495953760750126
Batch 15200 Time:	2.563816154003143 minutes
Batch 15300 Loss:	9.475768795424301
Batch 15300 Time:	2.5756386637687685 minutes
Batch 15400 Loss:	11.741595969111586
Batch 15400 Time:	2.5322216709454852 minutes
Batch 15500 Loss:	9.26822883701243
Batch 15500 Time:	2.5491357922554014 minutes
Batch 15600 Loss:	12.942200967351027
Batch 15600 Time:	2.5439253648122153 minutes
Batch 15700 Loss:	14.751021687369757
Batch 15700 Time:	2.548146593570709 minutes
Batch 15800 Loss:	17.20097676217847
Batch 15800 Time:	2.5996471563975017 minutes
Batch 15900 Loss:	14.459101198657663
Batch 15900 Time:	2.54181094566981 minutes
Batch 16000 Loss:	13.494588952045888
Batch 16000 Time:	2.5504303018252057 minutes
Batch 16100 Loss:	16.821650476498007
Batch 16100 Time:	2.5684398889541624 minutes
Batch 16200 Loss:	13.79651163379458
Batch 16200 Time:	2.6266573071479797 minutes
Batch 16300 Loss:	11.522934239903407
Batch 16300 Time:	2.5887124021848043 minutes
Batch 16400 Loss:	24.96962253722677
Batch 16400 Time:	2.571246023972829 minutes
Batch 16500 Loss:	16.89729148132028
Batch 16500 Time:	2.572938823699951 minutes
Batch 16600 Loss:	15.744000710401451
Batch 16600 Time:	2.583482511838277 minutes
Batch 16700 Loss:	16.079418626759434
Batch 16700 Time:	2.554206836223602 minutes
Batch 16800 Loss:	20.480870202133474
Batch 16800 Time:	2.5900878310203552 minutes
Batch 16900 Loss:	23.930111556977863
Batch 16900 Time:	2.544033972422282 minutes
Batch 17000 Loss:	26.7235604643065
Batch 17000 Time:	2.558269965648651 minutes
Batch 17100 Loss:	17.900707475729178
Batch 17100 Time:	2.5758571147918703 minutes
Batch 17200 Loss:	12.698460550350319
Batch 17200 Time:	2.593155614535014 minutes
Batch 17300 Loss:	17.865703026533083
Batch 17300 Time:	2.5477189421653748 minutes
Batch 17400 Loss:	19.648232429814925
Batch 17400 Time:	2.5566415270169576 minutes
Batch 17500 Loss:	19.682079880981547
Batch 17500 Time:	2.5661310235659283 minutes
Batch 17600 Loss:	10.129409567198309
Batch 17600 Time:	2.6297430276870726 minutes
Batch 17700 Loss:	17.76361975832583
Batch 17700 Time:	2.549172039826711 minutes
Batch 17800 Loss:	16.736488170790835
Batch 17800 Time:	2.552199864387512 minutes
Batch 17900 Loss:	17.721295972332882
Batch 17900 Time:	2.598826193809509 minutes
Batch 18000 Loss:	15.09249492881645
Batch 18000 Time:	2.536458985010783 minutes
Batch 18100 Loss:	16.9941663700738
Batch 18100 Time:	2.6156128605206805 minutes
Batch 18200 Loss:	23.4426325851382
Batch 18200 Time:	2.5809080680211385 minutes
Batch 18300 Loss:	21.054691738238603
Batch 18300 Time:	2.563431493441264 minutes
Batch 18400 Loss:	15.204346263992193
Batch 18400 Time:	2.5672135949134827 minutes
Batch 18500 Loss:	17.888156328204786
Batch 18500 Time:	2.537827650705973 minutes
Batch 18600 Loss:	17.034059429817717
Batch 18600 Time:	2.5903419812520343 minutes
Batch 18700 Loss:	23.587898249477803
Batch 18700 Time:	2.6383762121200562 minutes
Batch 18800 Loss:	12.230327709512494
Batch 18800 Time:	2.556813851992289 minutes
Batch 18900 Loss:	15.192915930481831
Batch 18900 Time:	2.5376943707466126 minutes
Batch 19000 Loss:	16.63730609695631
Batch 19000 Time:	2.5399199684460956 minutes
Batch 19100 Loss:	25.912600277514684
Batch 19100 Time:	2.564298109213511 minutes
Batch 19200 Loss:	14.814000814964857
Batch 19200 Time:	2.581405731042226 minutes
Batch 19300 Loss:	8.492271818475274
Batch 19300 Time:	2.5559648434321085 minutes
Batch 19400 Loss:	10.524569623265961
Batch 19400 Time:	2.588290786743164 minutes
Batch 19500 Loss:	15.793025263366872
Batch 19500 Time:	2.56139045159022 minutes
Batch 19600 Loss:	12.740502234248197
Batch 19600 Time:	2.5625313997268675 minutes
Batch 19700 Loss:	12.352114708570298
Batch 19700 Time:	2.548421303431193 minutes
Batch 19800 Loss:	16.518266303311748
Batch 19800 Time:	2.540364181995392 minutes
Batch 19900 Loss:	18.86966427866207
Batch 19900 Time:	2.575501573085785 minutes
Training Time: 516.0347310980161 minutes
Test Time: 3.4549098094304402 minutes
Total Time: 519.489641948541 minutes
Began Loading Data
Finished Loading Data
Batch 0 Loss:	0.7412315011024475
Batch 0 Time:	0.214088241259257 minutes
Batch 100 Loss:	50.013781398534775
Batch 100 Time:	2.670957326889038 minutes
Batch 200 Loss:	40.63871984183788
Batch 200 Time:	2.616498343149821 minutes
Batch 300 Loss:	40.78554257750511
Batch 300 Time:	2.592900355656942 minutes
Batch 400 Loss:	35.97778722643852
Batch 400 Time:	2.5678375442822774 minutes
Batch 500 Loss:	32.682961612939835
Batch 500 Time:	2.6260519504547117 minutes
Batch 600 Loss:	31.98240063712001
Batch 600 Time:	2.6173680384953815 minutes
Batch 700 Loss:	34.53584957122803
Batch 700 Time:	2.636828589439392 minutes
Batch 800 Loss:	28.462789095938206
Batch 800 Time:	2.699576032161713 minutes
Batch 900 Loss:	29.146411119028926
Batch 900 Time:	2.6808457016944884 minutes
Batch 1000 Loss:	29.66273253969848
Batch 1000 Time:	2.714777040481567 minutes
Batch 1100 Loss:	24.001336857676506
Batch 1100 Time:	2.7146655797958372 minutes
Batch 1200 Loss:	25.726475592702627
Batch 1200 Time:	2.7008301814397178 minutes
Batch 1300 Loss:	30.356173541396856
Batch 1300 Time:	2.7219174544016522 minutes
Batch 1400 Loss:	23.166285905987024
Batch 1400 Time:	2.693818235397339 minutes
Batch 1500 Loss:	24.585554415360093
Batch 1500 Time:	2.725055992603302 minutes
Batch 1600 Loss:	26.48296496924013
Batch 1600 Time:	2.731266359488169 minutes
Batch 1700 Loss:	18.637752787210047
Batch 1700 Time:	2.707606895764669 minutes
Batch 1800 Loss:	21.151187412440777
Batch 1800 Time:	2.7125123302141825 minutes
Batch 1900 Loss:	21.970804374665022
Batch 1900 Time:	2.7209597706794737 minutes
Batch 2000 Loss:	20.65719372127205
Batch 2000 Time:	2.7118324875831603 minutes
Batch 2100 Loss:	25.25425881939009
Batch 2100 Time:	2.7188318848609923 minutes
Batch 2200 Loss:	20.26993326190859
Batch 2200 Time:	2.690266720453898 minutes
Batch 2300 Loss:	19.126828144304454
Batch 2300 Time:	2.718508736292521 minutes
Batch 2400 Loss:	19.902217655442655
Batch 2400 Time:	2.717402748266856 minutes
Batch 2500 Loss:	19.83979986421764
Batch 2500 Time:	2.749719480673472 minutes
Batch 2600 Loss:	16.395119338296354
Batch 2600 Time:	2.704876192410787 minutes
Batch 2700 Loss:	19.473558554891497
Batch 2700 Time:	2.6947328805923463 minutes
Batch 2800 Loss:	17.43737350718584
Batch 2800 Time:	2.7199445684750874 minutes
Batch 2900 Loss:	19.736940219299868
Batch 2900 Time:	2.6736332337061564 minutes
Batch 3000 Loss:	15.86315230699256
Batch 3000 Time:	2.731730568408966 minutes
Batch 3100 Loss:	19.787059685681015
Batch 3100 Time:	2.7422390580177307 minutes
Batch 3200 Loss:	15.72337844595313
Batch 3200 Time:	2.7165021459261576 minutes
Batch 3300 Loss:	17.98144487896934
Batch 3300 Time:	2.683476980527242 minutes
Batch 3400 Loss:	15.811735990922898
Batch 3400 Time:	2.7200990160306295 minutes
Batch 3500 Loss:	20.184495993657038
Batch 3500 Time:	2.7114657600720724 minutes
Batch 3600 Loss:	15.710158086556476
Batch 3600 Time:	2.6813302874565124 minutes
Batch 3700 Loss:	15.886673186789267
Batch 3700 Time:	2.711440173784892 minutes
Batch 3800 Loss:	16.43959287495818
Batch 3800 Time:	2.7069282690684 minutes
Batch 3900 Loss:	16.61332241562195
Batch 3900 Time:	2.7101727445920307 minutes
Batch 4000 Loss:	15.060000582714565
Batch 4000 Time:	2.6978017568588255 minutes
Batch 4100 Loss:	15.829414359410293
Batch 4100 Time:	2.709617813428243 minutes
Batch 4200 Loss:	13.459435722441413
Batch 4200 Time:	2.7087055961290996 minutes
Batch 4300 Loss:	15.826275422936305
Batch 4300 Time:	2.6642921725908915 minutes
Batch 4400 Loss:	15.762386780028464
Batch 4400 Time:	2.7375073234240213 minutes
Batch 4500 Loss:	18.40816086216364
Batch 4500 Time:	2.711308697859446 minutes
Batch 4600 Loss:	16.303653068607673
Batch 4600 Time:	2.709821895758311 minutes
Batch 4700 Loss:	13.43156328680925
Batch 4700 Time:	2.7116029500961303 minutes
Batch 4800 Loss:	15.015603084932081
Batch 4800 Time:	2.7531126141548157 minutes
Batch 4900 Loss:	15.470895966980606
Batch 4900 Time:	2.7190961480140685 minutes
Batch 5000 Loss:	13.539047364261933
Batch 5000 Time:	2.701712747414907 minutes
Batch 5100 Loss:	15.410326433193404
Batch 5100 Time:	2.7157311995824176 minutes
Batch 5200 Loss:	16.61835520970635
Batch 5200 Time:	2.701452684402466 minutes
Batch 5300 Loss:	21.80753486021422
Batch 5300 Time:	2.697246730327606 minutes
Batch 5400 Loss:	23.783468277499196
Batch 5400 Time:	2.699055556456248 minutes
Batch 5500 Loss:	14.783718087244779
Batch 5500 Time:	2.6861550291379293 minutes
Batch 5600 Loss:	14.973243808955885
Batch 5600 Time:	2.6941330790519715 minutes
Batch 5700 Loss:	14.911786535056308
Batch 5700 Time:	2.7056275685628255 minutes
Batch 5800 Loss:	12.172254524193704
Batch 5800 Time:	2.7081941246986387 minutes
Batch 5900 Loss:	11.818164771371812
Batch 5900 Time:	2.678427298863729 minutes
Batch 6000 Loss:	12.005788527108962
Batch 6000 Time:	2.7038446426391602 minutes
Batch 6100 Loss:	12.197955123498105
Batch 6100 Time:	2.7387547373771666 minutes
Batch 6200 Loss:	13.078205480931501
Batch 6200 Time:	2.6681118885676067 minutes
Batch 6300 Loss:	8.769099118071608
Batch 6300 Time:	2.659353800614675 minutes
Batch 6400 Loss:	18.470704751787707
Batch 6400 Time:	2.690193502108256 minutes
Batch 6500 Loss:	21.27756787801627
Batch 6500 Time:	2.6538459857304892 minutes
Batch 6600 Loss:	17.163369681453332
Batch 6600 Time:	2.688837738831838 minutes
Batch 6700 Loss:	12.952454855578253
Batch 6700 Time:	2.7072771112124125 minutes
Batch 6800 Loss:	15.56400236410991
Batch 6800 Time:	2.737117131551107 minutes
Batch 6900 Loss:	11.622819434734993
Batch 6900 Time:	2.712261613210042 minutes
Batch 7000 Loss:	11.28856857617211
Batch 7000 Time:	2.7407931447029115 minutes
Batch 7100 Loss:	13.565236932387052
Batch 7100 Time:	2.709748959541321 minutes
Batch 7200 Loss:	9.65850505916751
Batch 7200 Time:	2.7128164172172546 minutes
Batch 7300 Loss:	9.644898116239347
Batch 7300 Time:	2.6666863203048705 minutes
Batch 7400 Loss:	16.4322150775115
Batch 7400 Time:	2.666376264890035 minutes
Batch 7500 Loss:	10.268811567788362
Batch 7500 Time:	2.715284359455109 minutes
Batch 7600 Loss:	17.633257269946625
Batch 7600 Time:	2.696265439192454 minutes
Batch 7700 Loss:	9.573294984409586
Batch 7700 Time:	2.70762544075648 minutes
Batch 7800 Loss:	18.713907902092615
Batch 7800 Time:	2.7433183272679647 minutes
Batch 7900 Loss:	16.23053330826224
Batch 7900 Time:	2.7435258587201434 minutes
Batch 8000 Loss:	16.221328536921646
Batch 8000 Time:	2.7236895124117533 minutes
Batch 8100 Loss:	10.206234426717856
Batch 8100 Time:	2.7064008514086404 minutes
Batch 8200 Loss:	12.758458966505714
Batch 8200 Time:	2.693550729751587 minutes
Batch 8300 Loss:	9.224996998673305
Batch 8300 Time:	2.695984653631846 minutes
Batch 8400 Loss:	10.924734712854843
Batch 8400 Time:	2.7028934677441914 minutes
Batch 8500 Loss:	12.29819647208933
Batch 8500 Time:	2.735159500439962 minutes
Batch 8600 Loss:	26.155275354169135
Batch 8600 Time:	2.6727108279863994 minutes
Batch 8700 Loss:	12.960513561027255
Batch 8700 Time:	2.7201786398887635 minutes
Batch 8800 Loss:	13.183985279989429
Batch 8800 Time:	2.734148891766866 minutes
Batch 8900 Loss:	9.404482131649274
Batch 8900 Time:	2.707596552371979 minutes
Batch 9000 Loss:	18.805651494694757
Batch 9000 Time:	2.7243743181228637 minutes
Batch 9100 Loss:	8.368437047403859
Batch 9100 Time:	2.7399641633033753 minutes
Batch 9200 Loss:	10.300586365556228
Batch 9200 Time:	2.779599630832672 minutes
Batch 9300 Loss:	10.245930547709577
Batch 9300 Time:	2.740741165479024 minutes
Batch 9400 Loss:	8.866828759433702
Batch 9400 Time:	2.746493371327718 minutes
Batch 9500 Loss:	10.31183702655835
Batch 9500 Time:	2.741403881708781 minutes
Batch 9600 Loss:	8.865111589839216
Batch 9600 Time:	2.714957137902578 minutes
Batch 9700 Loss:	8.365174296784971
Batch 9700 Time:	2.7263848582903543 minutes
Batch 9800 Loss:	9.571994499419816
Batch 9800 Time:	2.788222881158193 minutes
Batch 9900 Loss:	14.12443742272444
Batch 9900 Time:	2.7863021969795225 minutes
Batch 10000 Loss:	11.481791624402831
Batch 10000 Time:	2.7522192358970643 minutes
Batch 10100 Loss:	10.983855988873984
Batch 10100 Time:	2.7597835938135784 minutes
Batch 10200 Loss:	10.727422274037963
Batch 10200 Time:	2.7298817078272504 minutes
Batch 10300 Loss:	10.454386419158254
Batch 10300 Time:	2.707036570707957 minutes
Batch 10400 Loss:	11.41882254423399
Batch 10400 Time:	2.7648322661717732 minutes
Batch 10500 Loss:	12.17612011730489
Batch 10500 Time:	2.7326873262723286 minutes
Batch 10600 Loss:	10.511758598484448
Batch 10600 Time:	2.706226364771525 minutes
Batch 10700 Loss:	8.310348852479365
Batch 10700 Time:	2.732062542438507 minutes
Batch 10800 Loss:	9.373801510162593
Batch 10800 Time:	2.728360915184021 minutes
Batch 10900 Loss:	7.321771111590351
Batch 10900 Time:	2.720654221375783 minutes
Batch 11000 Loss:	9.012418278736732
Batch 11000 Time:	2.7557658314704896 minutes
Batch 11100 Loss:	15.136683289765642
Batch 11100 Time:	2.698438533147176 minutes
Batch 11200 Loss:	18.955667412468756
Batch 11200 Time:	2.742411740620931 minutes
Batch 11300 Loss:	16.064752622354717
Batch 11300 Time:	2.7605400244394938 minutes
Batch 11400 Loss:	33.36458531585163
Batch 11400 Time:	2.752394727865855 minutes
Batch 11500 Loss:	9.995366411825671
Batch 11500 Time:	2.7184309641520183 minutes
Batch 11600 Loss:	19.25223147217548
Batch 11600 Time:	2.6902196923891704 minutes
Batch 11700 Loss:	17.97665217150643
Batch 11700 Time:	2.7269873062769574 minutes
Batch 11800 Loss:	11.405505766453643
Batch 11800 Time:	2.7002379377683003 minutes
Batch 11900 Loss:	9.060076607165684
Batch 11900 Time:	2.6934971531232197 minutes
Batch 12000 Loss:	13.765117768909477
Batch 12000 Time:	2.6835838675498964 minutes
Batch 12100 Loss:	17.430426196326152
Batch 12100 Time:	2.714909859498342 minutes
Batch 12200 Loss:	8.572751981595502
Batch 12200 Time:	2.667398452758789 minutes
Batch 12300 Loss:	6.748581515032129
Batch 12300 Time:	2.7408671418825787 minutes
Batch 12400 Loss:	16.846193207833494
Batch 12400 Time:	2.6999995907147727 minutes
Batch 12500 Loss:	7.109408524594983
Batch 12500 Time:	2.702467699845632 minutes
Batch 12600 Loss:	15.75821329289829
Batch 12600 Time:	2.717188553015391 minutes
Batch 12700 Loss:	12.309458909046953
Batch 12700 Time:	2.717682389418284 minutes
Batch 12800 Loss:	9.547490093649685
Batch 12800 Time:	2.6818308234214783 minutes
Batch 12900 Loss:	8.771260063433147
Batch 12900 Time:	2.7012812972068785 minutes
Batch 13000 Loss:	11.797258715327189
Batch 13000 Time:	2.676462137699127 minutes
Batch 13100 Loss:	8.646311499906005
Batch 13100 Time:	2.6689452528953552 minutes
Batch 13200 Loss:	13.296013708226383
Batch 13200 Time:	2.6976860562960305 minutes
Batch 13300 Loss:	14.403303375839641
Batch 13300 Time:	2.691521608829498 minutes
Batch 13400 Loss:	11.387107688284232
Batch 13400 Time:	2.758476201693217 minutes
Batch 13500 Loss:	7.802990879259596
Batch 13500 Time:	2.7073350111643473 minutes
Batch 13600 Loss:	9.637023279909045
Batch 13600 Time:	2.6705816268920897 minutes
Batch 13700 Loss:	17.887440369170235
Batch 13700 Time:	2.6790354371070864 minutes
Batch 13800 Loss:	14.236396229403908
Batch 13800 Time:	2.690248350302378 minutes
Batch 13900 Loss:	8.753839163167868
Batch 13900 Time:	2.7224887371063233 minutes
Batch 14000 Loss:	11.47154805701939
Batch 14000 Time:	2.71628688176473 minutes
Batch 14100 Loss:	10.489050715659687
Batch 14100 Time:	2.6994313915570576 minutes
Batch 14200 Loss:	8.071741578227375
Batch 14200 Time:	2.708336933453878 minutes
Batch 14300 Loss:	9.898355514764262
Batch 14300 Time:	2.7262218991915383 minutes
Batch 14400 Loss:	14.00713799241521
Batch 14400 Time:	2.681364198525747 minutes
Batch 14500 Loss:	14.081204538084421
Batch 14500 Time:	2.701775864760081 minutes
Batch 14600 Loss:	6.9572020512932795
Batch 14600 Time:	2.697545607884725 minutes
Batch 14700 Loss:	9.764812475303188
Batch 14700 Time:	2.6629293084144594 minutes
Batch 14800 Loss:	7.576083837648184
Batch 14800 Time:	2.6817875266075135 minutes
Batch 14900 Loss:	8.578477336384822
Batch 14900 Time:	2.672779854138692 minutes
Batch 15000 Loss:	12.478330704663676
Batch 15000 Time:	2.7097843408584597 minutes
Batch 15100 Loss:	6.102456035114301
Batch 15100 Time:	2.7115408619244894 minutes
Batch 15200 Loss:	9.034473241825253
Batch 15200 Time:	2.7091193636258444 minutes
Batch 15300 Loss:	9.523114219940908
Batch 15300 Time:	2.7000338633855185 minutes
Batch 15400 Loss:	5.421592340102507
Batch 15400 Time:	2.717893036206563 minutes
Batch 15500 Loss:	8.450359986206422
Batch 15500 Time:	2.6956911444664002 minutes
Batch 15600 Loss:	6.057865792125085
Batch 15600 Time:	2.716983922322591 minutes
Batch 15700 Loss:	11.035394503821408
Batch 15700 Time:	2.6739976326624553 minutes
Batch 15800 Loss:	5.926298959488577
Batch 15800 Time:	2.6933263897895814 minutes
Batch 15900 Loss:	8.808652306601289
Batch 15900 Time:	2.7095341205596926 minutes
Batch 16000 Loss:	12.266548673796933
Batch 16000 Time:	2.7064929207166037 minutes
Batch 16100 Loss:	18.448008481311263
Batch 16100 Time:	2.6569896817207335 minutes
Batch 16200 Loss:	15.892359336983645
Batch 16200 Time:	2.6938922723134358 minutes
Batch 16300 Loss:	9.390998595660449
Batch 16300 Time:	2.665960685412089 minutes
Batch 16400 Loss:	19.463922919947933
Batch 16400 Time:	2.656803039709727 minutes
Batch 16500 Loss:	10.720230122774865
Batch 16500 Time:	2.6829387307167054 minutes
Batch 16600 Loss:	8.52531494469622
Batch 16600 Time:	2.6756367087364197 minutes
Batch 16700 Loss:	9.314963489028742
Batch 16700 Time:	2.704330897331238 minutes
Batch 16800 Loss:	12.012192497350043
Batch 16800 Time:	2.7127512812614443 minutes
Batch 16900 Loss:	8.19434191979235
Batch 16900 Time:	2.719717836380005 minutes
Batch 17000 Loss:	16.1099160995509
Batch 17000 Time:	2.6775615493456524 minutes
Batch 17100 Loss:	9.86518560845434
Batch 17100 Time:	2.6560315132141112 minutes
Batch 17200 Loss:	7.265854721599112
Batch 17200 Time:	2.702737851937612 minutes
Batch 17300 Loss:	13.985087442006261
Batch 17300 Time:	2.6692562262217203 minutes
Batch 17400 Loss:	10.588255413435263
Batch 17400 Time:	2.6866835236549376 minutes
Batch 17500 Loss:	10.09206805422582
Batch 17500 Time:	2.681627651055654 minutes
Batch 17600 Loss:	5.701408235916233
Batch 17600 Time:	2.6945908427238465 minutes
Batch 17700 Loss:	17.549215943930335
Batch 17700 Time:	2.726914381980896 minutes
Batch 17800 Loss:	8.257440006171237
Batch 17800 Time:	2.683012580871582 minutes
Batch 17900 Loss:	6.537329025488361
Batch 17900 Time:	2.700817672411601 minutes
Batch 18000 Loss:	5.82893079369569
Batch 18000 Time:	2.6520128806432086 minutes
Batch 18100 Loss:	9.186532671250461
Batch 18100 Time:	2.6912752707799275 minutes
Batch 18200 Loss:	5.603850987943588
Batch 18200 Time:	2.675664246082306 minutes
Batch 18300 Loss:	12.865488634109312
Batch 18300 Time:	2.707322657108307 minutes
Batch 18400 Loss:	5.129530923130915
Batch 18400 Time:	2.6493339935938516 minutes
Batch 18500 Loss:	6.332381067184087
Batch 18500 Time:	2.7193392833073933 minutes
Batch 18600 Loss:	10.709773146016232
Batch 18600 Time:	2.648673939704895 minutes
Batch 18700 Loss:	12.075677874094254
Batch 18700 Time:	2.73345468044281 minutes
Batch 18800 Loss:	14.537750450335807
Batch 18800 Time:	2.676961108048757 minutes
Batch 18900 Loss:	13.590988787801507
Batch 18900 Time:	2.7047951738039653 minutes
Batch 19000 Loss:	12.728938782996522
Batch 19000 Time:	2.704385530948639 minutes
Batch 19100 Loss:	7.957687660398278
Batch 19100 Time:	2.6734913984934487 minutes
Batch 19200 Loss:	13.48428498204703
Batch 19200 Time:	2.6956454038619997 minutes
Batch 19300 Loss:	7.947741533355838
Batch 19300 Time:	2.7038539171218874 minutes
Batch 19400 Loss:	13.841043692116045
Batch 19400 Time:	2.679235366980235 minutes
Batch 19500 Loss:	13.476201583231841
Batch 19500 Time:	2.6915771047274273 minutes
Batch 19600 Loss:	10.38124904986148
Batch 19600 Time:	2.6644259730974835 minutes
Batch 19700 Loss:	23.282925398260147
Batch 19700 Time:	2.6651962796847024 minutes
Batch 19800 Loss:	8.149766642672148
Batch 19800 Time:	2.641024927298228 minutes
Batch 19900 Loss:	18.750975806138285
Batch 19900 Time:	2.6712541580200195 minutes
Training Time: 541.277804684639 minutes
Test Time: 3.8322880705197653 minutes
Total Time: 545.110093621413 minutes
Began Loading Data
Finished Loading Data
Batch 0 Loss:	0.7172002792358398
Batch 0 Time:	0.1952580730120341 minutes
Batch 100 Loss:	59.6206978559494
Batch 100 Time:	2.666048268477122 minutes
Batch 200 Loss:	49.992563635110855
Batch 200 Time:	2.698467965920766 minutes
Batch 300 Loss:	44.06671252846718
Batch 300 Time:	2.685012435913086 minutes
Batch 400 Loss:	40.07996653020382
Batch 400 Time:	2.6248830914497376 minutes
Batch 500 Loss:	35.16873598098755
Batch 500 Time:	2.667775642871857 minutes
Batch 600 Loss:	34.60721128433943
Batch 600 Time:	2.716440228621165 minutes
Batch 700 Loss:	31.341775000095367
Batch 700 Time:	2.7546971360842387 minutes
Batch 800 Loss:	29.86874222010374
Batch 800 Time:	2.7706709225972492 minutes
Batch 900 Loss:	26.782889526337385
Batch 900 Time:	2.7466965079307557 minutes
Batch 1000 Loss:	25.77472425252199
Batch 1000 Time:	2.7093937158584596 minutes
Batch 1100 Loss:	24.547960497438908
Batch 1100 Time:	2.6967215816179912 minutes
Batch 1200 Loss:	23.196690030395985
Batch 1200 Time:	2.744747694333394 minutes
Batch 1300 Loss:	22.71655085682869
Batch 1300 Time:	2.7593921701113384 minutes
Batch 1400 Loss:	21.159651454538107
Batch 1400 Time:	2.708724935849508 minutes
Batch 1500 Loss:	18.887188967317343
Batch 1500 Time:	2.760784081617991 minutes
Batch 1600 Loss:	19.558809477835894
Batch 1600 Time:	2.7387039343516033 minutes
Batch 1700 Loss:	16.63659091666341
Batch 1700 Time:	2.7304429252942404 minutes
Batch 1800 Loss:	17.988293536007404
Batch 1800 Time:	2.7502318183581034 minutes
Batch 1900 Loss:	16.849018588662148
Batch 1900 Time:	2.7690496842066445 minutes
Batch 2000 Loss:	17.03769936412573
Batch 2000 Time:	2.722784241040548 minutes
Batch 2100 Loss:	17.215835846960545
Batch 2100 Time:	2.725251344839732 minutes
Batch 2200 Loss:	13.858399456366897
Batch 2200 Time:	2.7520304838816325 minutes
Batch 2300 Loss:	14.660392440855503
Batch 2300 Time:	2.733550469080607 minutes
Batch 2400 Loss:	13.25585313886404
Batch 2400 Time:	2.788458760579427 minutes
Batch 2500 Loss:	13.758724311366677
Batch 2500 Time:	2.718364429473877 minutes
Batch 2600 Loss:	12.766124924644828
Batch 2600 Time:	2.759774466355642 minutes
Batch 2700 Loss:	14.261476576328278
Batch 2700 Time:	2.750693118572235 minutes
Batch 2800 Loss:	13.670929632149637
Batch 2800 Time:	2.7354865034421283 minutes
Batch 2900 Loss:	11.000726538710296
Batch 2900 Time:	2.7070466756820677 minutes
Batch 3000 Loss:	13.015256703831255
Batch 3000 Time:	2.7372498154640197 minutes
Batch 3100 Loss:	11.567137409001589
Batch 3100 Time:	2.730921526749929 minutes
Batch 3200 Loss:	11.441869355738163
Batch 3200 Time:	2.7034473180770875 minutes
Batch 3300 Loss:	8.988160440698266
Batch 3300 Time:	2.682015649477641 minutes
Batch 3400 Loss:	10.122418488841504
Batch 3400 Time:	2.7543461481730143 minutes
Batch 3500 Loss:	10.678338792175055
Batch 3500 Time:	2.805887258052826 minutes
Batch 3600 Loss:	9.807046059519053
Batch 3600 Time:	2.722714352607727 minutes
Batch 3700 Loss:	9.572366377804428
Batch 3700 Time:	2.7469182054201764 minutes
Batch 3800 Loss:	11.510958194732666
Batch 3800 Time:	2.744464302062988 minutes
Batch 3900 Loss:	10.05586948338896
Batch 3900 Time:	2.7006320357322693 minutes
Batch 4000 Loss:	8.266580573283136
Batch 4000 Time:	2.764124798774719 minutes
Batch 4100 Loss:	9.350628513842821
Batch 4100 Time:	2.745811331272125 minutes
Batch 4200 Loss:	8.932921599596739
Batch 4200 Time:	2.7529316504796344 minutes
Batch 4300 Loss:	8.224534647073597
Batch 4300 Time:	2.716089737415314 minutes
Batch 4400 Loss:	9.07019572518766
Batch 4400 Time:	2.7531609853108723 minutes
Batch 4500 Loss:	9.331927152816206
Batch 4500 Time:	2.7357242623964946 minutes
Batch 4600 Loss:	8.052435748279095
Batch 4600 Time:	2.7855422059694925 minutes
Batch 4700 Loss:	8.231177632696927
Batch 4700 Time:	2.734618286291758 minutes
Batch 4800 Loss:	8.83742905035615
Batch 4800 Time:	2.6894548694292704 minutes
Batch 4900 Loss:	7.961625377647579
Batch 4900 Time:	2.720711080233256 minutes
Batch 5000 Loss:	8.476283925585449
Batch 5000 Time:	2.748842207590739 minutes
Batch 5100 Loss:	8.805303005035967
Batch 5100 Time:	2.7036804795265197 minutes
Batch 5200 Loss:	8.036898004356772
Batch 5200 Time:	2.729681146144867 minutes
Batch 5300 Loss:	7.68293625395745
Batch 5300 Time:	2.7427961548169453 minutes
Batch 5400 Loss:	7.214782474562526
Batch 5400 Time:	2.734471523761749 minutes
Batch 5500 Loss:	6.773492864333093
Batch 5500 Time:	2.731175641218821 minutes
Batch 5600 Loss:	6.981636881828308
Batch 5600 Time:	2.726512078444163 minutes
Batch 5700 Loss:	6.407734939362854
Batch 5700 Time:	2.7497807502746583 minutes
Batch 5800 Loss:	7.341328326612711
Batch 5800 Time:	2.7947349627812703 minutes
Batch 5900 Loss:	7.626120929606259
Batch 5900 Time:	2.720860457420349 minutes
Batch 6000 Loss:	7.854398776544258
Batch 6000 Time:	2.7338988343874613 minutes
Batch 6100 Loss:	5.17119249003008
Batch 6100 Time:	2.686870348453522 minutes
Batch 6200 Loss:	8.646277397638187
Batch 6200 Time:	2.692480663458506 minutes
Batch 6300 Loss:	6.064394921064377
Batch 6300 Time:	2.700784949461619 minutes
Batch 6400 Loss:	6.6044383510015905
Batch 6400 Time:	2.7277771115303038 minutes
Batch 6500 Loss:	6.666088034864515
Batch 6500 Time:	2.743074850241343 minutes
Batch 6600 Loss:	4.611610517138615
Batch 6600 Time:	2.7663719058036804 minutes
Batch 6700 Loss:	4.8885646616108716
Batch 6700 Time:	2.730454103151957 minutes
Batch 6800 Loss:	7.462565421126783
Batch 6800 Time:	2.755576491355896 minutes
Batch 6900 Loss:	5.913506572833285
Batch 6900 Time:	2.7275969982147217 minutes
Batch 7000 Loss:	5.791452824138105
Batch 7000 Time:	2.7237786134084065 minutes
Batch 7100 Loss:	4.678585013141856
Batch 7100 Time:	2.683401584625244 minutes
Batch 7200 Loss:	5.953570814803243
Batch 7200 Time:	2.7272355437278746 minutes
Batch 7300 Loss:	5.769147348823026
Batch 7300 Time:	2.7098063111305235 minutes
Batch 7400 Loss:	4.105649299104698
Batch 7400 Time:	2.73107035557429 minutes
Batch 7500 Loss:	6.7640419892268255
Batch 7500 Time:	2.794248080253601 minutes
Batch 7600 Loss:	4.805034174583852
Batch 7600 Time:	2.7619294047355654 minutes
Batch 7700 Loss:	10.038346824003384
Batch 7700 Time:	2.739012861251831 minutes
Batch 7800 Loss:	5.690854062035214
Batch 7800 Time:	2.716443693637848 minutes
Batch 7900 Loss:	5.297147986246273
Batch 7900 Time:	2.8430185317993164 minutes
Batch 8000 Loss:	6.937846592161804
Batch 8000 Time:	2.7115065256754556 minutes
Batch 8100 Loss:	4.939194723032415
Batch 8100 Time:	2.728315297762553 minutes
Batch 8200 Loss:	5.906329518184066
Batch 8200 Time:	2.7227647423744203 minutes
Batch 8300 Loss:	4.53865400981158
Batch 8300 Time:	2.694245421886444 minutes
Batch 8400 Loss:	5.225308555411175
Batch 8400 Time:	2.713556230068207 minutes
Batch 8500 Loss:	5.842425012146123
Batch 8500 Time:	2.698989764849345 minutes
Batch 8600 Loss:	3.776178313884884
Batch 8600 Time:	2.7127972642580667 minutes
Batch 8700 Loss:	5.5295952601591125
Batch 8700 Time:	2.699954926967621 minutes
Batch 8800 Loss:	4.645861591445282
Batch 8800 Time:	2.7539937218030293 minutes
Batch 8900 Loss:	4.955925412941724
Batch 8900 Time:	2.6639617403348286 minutes
Batch 9000 Loss:	4.126862814184278
Batch 9000 Time:	2.7561935663223265 minutes
Batch 9100 Loss:	4.7171014352934435
Batch 9100 Time:	2.736186679204305 minutes
Batch 9200 Loss:	4.133359493687749
Batch 9200 Time:	2.8088398853937786 minutes
Batch 9300 Loss:	4.937994344625622
Batch 9300 Time:	2.7364092826843263 minutes
Batch 9400 Loss:	6.059439342352562
Batch 9400 Time:	2.719293010234833 minutes
Batch 9500 Loss:	4.04460088070482
Batch 9500 Time:	2.736829936504364 minutes
Batch 9600 Loss:	5.36472354165744
Batch 9600 Time:	2.7388994852701822 minutes
Batch 9700 Loss:	5.4475985202007
Batch 9700 Time:	2.7738255818684894 minutes
Batch 9800 Loss:	4.194344526273198
Batch 9800 Time:	2.8104121565818785 minutes
Batch 9900 Loss:	4.8488153364742175
Batch 9900 Time:	2.7626542607943216 minutes
Batch 10000 Loss:	5.276571915950626
Batch 10000 Time:	2.7723257740338645 minutes
Batch 10100 Loss:	4.017296184320003
Batch 10100 Time:	2.7695141712824505 minutes
Batch 10200 Loss:	5.463059943227563
Batch 10200 Time:	2.7469293157259624 minutes
Batch 10300 Loss:	4.335888880188577
Batch 10300 Time:	2.743082078297933 minutes
Batch 10400 Loss:	3.6870984762208536
Batch 10400 Time:	2.7527093092600503 minutes
Batch 10500 Loss:	3.3238280341029167
Batch 10500 Time:	2.755371109644572 minutes
Batch 10600 Loss:	4.502456395886838
Batch 10600 Time:	2.785601063569387 minutes
Batch 10700 Loss:	4.05105661903508
Batch 10700 Time:	2.7322136521339417 minutes
Batch 10800 Loss:	4.313717080513015
Batch 10800 Time:	2.7387122313181558 minutes
Batch 10900 Loss:	4.2526919160736725
Batch 10900 Time:	2.735769546031952 minutes
Batch 11000 Loss:	4.074812692124397
Batch 11000 Time:	2.765810656547546 minutes
Batch 11100 Loss:	3.9581829545786604
Batch 11100 Time:	2.7389706134796143 minutes
Batch 11200 Loss:	3.107467476511374
Batch 11200 Time:	2.778191081682841 minutes
Batch 11300 Loss:	4.204884162754752
Batch 11300 Time:	2.7639240701993306 minutes
Batch 11400 Loss:	3.895046562887728
Batch 11400 Time:	2.7275792996088666 minutes
Batch 11500 Loss:	3.878086748183705
Batch 11500 Time:	2.721853951613108 minutes
Batch 11600 Loss:	4.019227663695347
Batch 11600 Time:	2.7081390738487245 minutes
Batch 11700 Loss:	4.567369095690083
Batch 11700 Time:	2.77500631014506 minutes
Batch 11800 Loss:	3.9197524789487943
Batch 11800 Time:	2.6865107933680217 minutes
Batch 11900 Loss:	4.318101121578366
Batch 11900 Time:	2.718921661376953 minutes
Batch 12000 Loss:	5.378443150548264
Batch 12000 Time:	2.7297792474428815 minutes
Batch 12100 Loss:	5.107848419516813
Batch 12100 Time:	2.695677181084951 minutes
Batch 12200 Loss:	4.028996203909628
Batch 12200 Time:	2.727049736181895 minutes
Batch 12300 Loss:	4.162533343071118
Batch 12300 Time:	2.7636688311894733 minutes
Batch 12400 Loss:	5.417377138510346
Batch 12400 Time:	2.702175251642863 minutes
Batch 12500 Loss:	4.547418188420124
Batch 12500 Time:	2.771412388483683 minutes
Batch 12600 Loss:	3.129831616184674
Batch 12600 Time:	2.7125595609347024 minutes
Batch 12700 Loss:	3.5737426973646507
Batch 12700 Time:	2.706979517141978 minutes
Batch 12800 Loss:	3.8402322565671057
Batch 12800 Time:	2.720925017197927 minutes
Batch 12900 Loss:	3.501242349273525
Batch 12900 Time:	2.697633516788483 minutes
Batch 13000 Loss:	3.835400593117811
Batch 13000 Time:	2.7221211791038513 minutes
Batch 13100 Loss:	3.81133410759503
Batch 13100 Time:	2.7016138593355814 minutes
Batch 13200 Loss:	3.902357784914784
Batch 13200 Time:	2.7059321482976277 minutes
Batch 13300 Loss:	3.1622838218754623
Batch 13300 Time:	2.723534933725993 minutes
Batch 13400 Loss:	3.857568138744682
Batch 13400 Time:	2.741604216893514 minutes
Batch 13500 Loss:	3.2978152242139913
Batch 13500 Time:	2.727030698458354 minutes
Batch 13600 Loss:	3.8754894279991277
Batch 13600 Time:	2.702863645553589 minutes
Batch 13700 Loss:	4.826010284246877
Batch 13700 Time:	2.7302807768185935 minutes
Batch 13800 Loss:	5.054818032542244
Batch 13800 Time:	2.7302395701408386 minutes
Batch 13900 Loss:	3.338024940690957
Batch 13900 Time:	2.7275603731473286 minutes
Batch 14000 Loss:	3.5003642003284767
Batch 14000 Time:	2.7293378353118896 minutes
Batch 14100 Loss:	3.2485898724989966
Batch 14100 Time:	2.762170374393463 minutes
Batch 14200 Loss:	3.8836181927472353
Batch 14200 Time:	2.722280689080556 minutes
Batch 14300 Loss:	4.694569271057844
Batch 14300 Time:	2.7141286810239156 minutes
Batch 14400 Loss:	3.5859286981867626
Batch 14400 Time:	2.743665627638499 minutes
Batch 14500 Loss:	2.8468195544555783
Batch 14500 Time:	2.7292767643928526 minutes
Batch 14600 Loss:	4.7307514277054
Batch 14600 Time:	2.7229745904604594 minutes
Batch 14700 Loss:	3.4744681449374184
Batch 14700 Time:	2.6951624592145285 minutes
Batch 14800 Loss:	3.2479025133652613
Batch 14800 Time:	2.7078888535499575 minutes
Batch 14900 Loss:	4.537427308037877
Batch 14900 Time:	2.728180293242137 minutes
Batch 15000 Loss:	3.783718940743711
Batch 15000 Time:	2.6995807886123657 minutes
Batch 15100 Loss:	3.0404100009182002
Batch 15100 Time:	2.722006313006083 minutes
Batch 15200 Loss:	3.6930963238701224
Batch 15200 Time:	2.7354661345481874 minutes
Batch 15300 Loss:	3.707918537198566
Batch 15300 Time:	2.726800747712453 minutes
Batch 15400 Loss:	2.5534270384232514
Batch 15400 Time:	2.6945679664611815 minutes
Batch 15500 Loss:	3.741674053191673
Batch 15500 Time:	2.7269588192303975 minutes
Batch 15600 Loss:	4.767467440338805
Batch 15600 Time:	2.7264359394709268 minutes
Batch 15700 Loss:	3.424800075532403
Batch 15700 Time:	2.677350040276845 minutes
Batch 15800 Loss:	2.7465429219882935
Batch 15800 Time:	2.6801729599634805 minutes
Batch 15900 Loss:	3.521008605166571
Batch 15900 Time:	2.746848754088084 minutes
Batch 16000 Loss:	5.515910606482066
Batch 16000 Time:	2.7373474836349487 minutes
Batch 16100 Loss:	3.478262853983324
Batch 16100 Time:	2.7362133940060933 minutes
Batch 16200 Loss:	2.737646654713899
Batch 16200 Time:	2.74085613489151 minutes
Batch 16300 Loss:	3.3981762516195886
Batch 16300 Time:	2.726535614331563 minutes
Batch 16400 Loss:	3.973513914796058
Batch 16400 Time:	2.6764572779337565 minutes
Batch 16500 Loss:	2.862524831376504
Batch 16500 Time:	2.7016526818275453 minutes
Batch 16600 Loss:	3.9534848215116654
Batch 16600 Time:	2.752534584204356 minutes
Batch 16700 Loss:	3.234019130351953
Batch 16700 Time:	2.721045653025309 minutes
Batch 16800 Loss:	4.597244817472529
Batch 16800 Time:	2.7082355499267576 minutes
Batch 16900 Loss:	4.835659913544077
Batch 16900 Time:	2.7217506647109984 minutes
Batch 17000 Loss:	2.1027162837272044
Batch 17000 Time:	2.6915010690689085 minutes
Batch 17100 Loss:	2.932067125919275
Batch 17100 Time:	2.723395574092865 minutes
Batch 17200 Loss:	4.2002904959372245
Batch 17200 Time:	2.772682742277781 minutes
Batch 17300 Loss:	3.359160807012813
Batch 17300 Time:	2.7566073179244994 minutes
Batch 17400 Loss:	3.8864217197406106
Batch 17400 Time:	2.7406592845916746 minutes
Batch 17500 Loss:	2.574238700151909
Batch 17500 Time:	2.7140245477358502 minutes
Batch 17600 Loss:	3.6484705800539814
Batch 17600 Time:	2.6973955074946088 minutes
Batch 17700 Loss:	3.4893039934395347
Batch 17700 Time:	2.7546432971954347 minutes
Batch 17800 Loss:	3.01486815843964
Batch 17800 Time:	2.75497332016627 minutes
Batch 17900 Loss:	2.7411168143735267
Batch 17900 Time:	2.6941462755203247 minutes
Batch 18000 Loss:	2.433989293582272
Batch 18000 Time:	2.744309937953949 minutes
Batch 18100 Loss:	2.439460291294381
Batch 18100 Time:	2.741089097658793 minutes
Batch 18200 Loss:	2.091265425668098
Batch 18200 Time:	2.8835140824317933 minutes
Batch 18300 Loss:	3.332060525426641
Batch 18300 Time:	2.7886438965797424 minutes
Batch 18400 Loss:	3.1525068220798858
Batch 18400 Time:	2.740379532178243 minutes
Batch 18500 Loss:	4.148996322765015
Batch 18500 Time:	2.7723426540692646 minutes
Batch 18600 Loss:	1.8010993898496963
Batch 18600 Time:	2.695313501358032 minutes
Batch 18700 Loss:	1.5438388753100298
Batch 18700 Time:	2.702474129199982 minutes
Batch 18800 Loss:	3.139438098995015
Batch 18800 Time:	2.7620070219039916 minutes
Batch 18900 Loss:	2.039420357759809
Batch 18900 Time:	2.7604862292607626 minutes
Batch 19000 Loss:	3.0116769067244604
Batch 19000 Time:	2.732833989461263 minutes
Batch 19100 Loss:	2.8669292534468696
Batch 19100 Time:	2.712111401557922 minutes
Batch 19200 Loss:	2.4936952671268955
Batch 19200 Time:	2.733549114068349 minutes
Batch 19300 Loss:	3.8599399488884956
Batch 19300 Time:	2.6567667603492735 minutes
Batch 19400 Loss:	2.3168263868428767
Batch 19400 Time:	2.673308579126994 minutes
Batch 19500 Loss:	2.672463939001318
Batch 19500 Time:	2.6632557193438213 minutes
Batch 19600 Loss:	3.259493343764916
Batch 19600 Time:	2.6584587534268698 minutes
Batch 19700 Loss:	4.369250960997306
Batch 19700 Time:	2.6878801743189493 minutes
Batch 19800 Loss:	2.7250090974848717
Batch 19800 Time:	2.701523220539093 minutes
Batch 19900 Loss:	2.683104594121687
Batch 19900 Time:	2.716126076380412 minutes
Training Time: 546.9175742308299 minutes
Test Time: 3.5851560751597087 minutes
Total Time: 550.5027309735616 minutes
Began Loading Data
Finished Loading Data
Batch 0 Loss:	0.7390327453613281
Batch 0 Time:	0.19874388774236043 minutes
Batch 100 Loss:	54.86154463887215
Batch 100 Time:	2.705919643243154 minutes
Batch 200 Loss:	49.94044525921345
Batch 200 Time:	2.6769391616185505 minutes
Batch 300 Loss:	42.91680261492729
Batch 300 Time:	2.6399821440378823 minutes
Batch 400 Loss:	40.13161816447973
Batch 400 Time:	2.704801082611084 minutes
Batch 500 Loss:	37.51518918573856
Batch 500 Time:	2.745933930079142 minutes
Batch 600 Loss:	37.85802889615297
Batch 600 Time:	2.7663554191589355 minutes
Batch 700 Loss:	36.796167232096195
Batch 700 Time:	2.7279260834058126 minutes
Batch 800 Loss:	40.55033791810274
Batch 800 Time:	2.7441707968711855 minutes
Batch 900 Loss:	40.06876094825566
Batch 900 Time:	2.7421966950098673 minutes
Batch 1000 Loss:	34.345189195126295
Batch 1000 Time:	2.736013730367025 minutes
Batch 1100 Loss:	34.33938930556178
Batch 1100 Time:	2.732908475399017 minutes
Batch 1200 Loss:	30.35044201463461
Batch 1200 Time:	2.774045447508494 minutes
Batch 1300 Loss:	31.91702838614583
Batch 1300 Time:	2.7508989254633587 minutes
Batch 1400 Loss:	34.1631447263062
Batch 1400 Time:	2.739276671409607 minutes
Batch 1500 Loss:	33.142529889941216
Batch 1500 Time:	2.7739015857378644 minutes
Batch 1600 Loss:	31.610994605347514
Batch 1600 Time:	2.7495319803555804 minutes
Batch 1700 Loss:	25.70648900233209
Batch 1700 Time:	2.779936476548513 minutes
Batch 1800 Loss:	28.562606021761894
Batch 1800 Time:	2.811136802037557 minutes
Batch 1900 Loss:	25.951252225786448
Batch 1900 Time:	2.775291216373444 minutes
Batch 2000 Loss:	28.69713082537055
Batch 2000 Time:	2.773208034038544 minutes
Batch 2100 Loss:	27.278848903253675
Batch 2100 Time:	2.74908234278361 minutes
Batch 2200 Loss:	23.373555284924805
Batch 2200 Time:	2.746016808350881 minutes
Batch 2300 Loss:	23.449117669835687
Batch 2300 Time:	2.808618752161662 minutes
Batch 2400 Loss:	25.73921406827867
Batch 2400 Time:	2.7493487636248273 minutes
Batch 2500 Loss:	26.025482892990112
Batch 2500 Time:	2.765388302008311 minutes
Batch 2600 Loss:	20.025699957739562
Batch 2600 Time:	2.7455433646837872 minutes
Batch 2700 Loss:	25.679718946106732
Batch 2700 Time:	2.7518524567286176 minutes
Batch 2800 Loss:	28.35276990197599
Batch 2800 Time:	2.7506237467130026 minutes
Batch 2900 Loss:	24.487536588683724
Batch 2900 Time:	2.748860001564026 minutes
Batch 3000 Loss:	32.06796873937128
Batch 3000 Time:	2.767229672273 minutes
Batch 3100 Loss:	31.80822867900133
Batch 3100 Time:	2.732201830546061 minutes
Batch 3200 Loss:	29.889462526887655
Batch 3200 Time:	2.7706523140271506 minutes
Batch 3300 Loss:	23.808107359334826
Batch 3300 Time:	2.7680824915568034 minutes
Batch 3400 Loss:	17.899220587685704
Batch 3400 Time:	2.782073970635732 minutes
Batch 3500 Loss:	20.279529307037592
Batch 3500 Time:	2.7841452876726787 minutes
Batch 3600 Loss:	23.451315988088027
Batch 3600 Time:	2.763291676839193 minutes
Batch 3700 Loss:	25.968910735100508
Batch 3700 Time:	2.744866140683492 minutes
Batch 3800 Loss:	20.023092264775187
Batch 3800 Time:	2.773240880171458 minutes
Batch 3900 Loss:	24.21539160143584
Batch 3900 Time:	2.764265827337901 minutes
Batch 4000 Loss:	25.915687805972993
Batch 4000 Time:	2.751550229390462 minutes
Batch 4100 Loss:	21.499983586836606
Batch 4100 Time:	2.7539692163467406 minutes
Batch 4200 Loss:	16.480522628873587
Batch 4200 Time:	2.7291239817937214 minutes
Batch 4300 Loss:	17.587660310789943
Batch 4300 Time:	2.7144186894098916 minutes
Batch 4400 Loss:	20.63238728698343
Batch 4400 Time:	2.7452024459838866 minutes
Batch 4500 Loss:	18.70182066061534
Batch 4500 Time:	2.7495715339978535 minutes
Batch 4600 Loss:	19.674790183547884
Batch 4600 Time:	2.7786579966545104 minutes
Batch 4700 Loss:	20.17596991476603
Batch 4700 Time:	2.7363395571708677 minutes
Batch 4800 Loss:	16.970937854610384
Batch 4800 Time:	2.7533680200576782 minutes
Batch 4900 Loss:	17.537138904444873
Batch 4900 Time:	2.693026824792226 minutes
Batch 5000 Loss:	14.897381875605788
Batch 5000 Time:	2.7191702445348103 minutes
Batch 5100 Loss:	26.51814684062265
Batch 5100 Time:	2.725614825884501 minutes
Batch 5200 Loss:	22.108492251019925
Batch 5200 Time:	2.713299024105072 minutes
Batch 5300 Loss:	19.246333926101215
Batch 5300 Time:	2.719679053624471 minutes
Batch 5400 Loss:	22.235589096788317
Batch 5400 Time:	2.7336877465248106 minutes
Batch 5500 Loss:	18.215985979884863
Batch 5500 Time:	2.7648783286412555 minutes
Batch 5600 Loss:	15.964459305163473
Batch 5600 Time:	2.7854419867197673 minutes
Batch 5700 Loss:	15.922793072648346
Batch 5700 Time:	2.7703279415766398 minutes
Batch 5800 Loss:	17.49304220965132
Batch 5800 Time:	2.770828378200531 minutes
Batch 5900 Loss:	15.982277791947126
Batch 5900 Time:	2.7301218509674072 minutes
Batch 6000 Loss:	19.089422062272206
Batch 6000 Time:	2.696238180001577 minutes
Batch 6100 Loss:	16.857525917701423
Batch 6100 Time:	2.7094180544217425 minutes
Batch 6200 Loss:	13.164350824430585
Batch 6200 Time:	2.705442655086517 minutes
Batch 6300 Loss:	23.074684977706056
Batch 6300 Time:	2.714182523886363 minutes
Batch 6400 Loss:	25.226215889677405
Batch 6400 Time:	2.774933628241221 minutes
Batch 6500 Loss:	21.71909470393439
Batch 6500 Time:	2.764097277323405 minutes
Batch 6600 Loss:	25.989040797692724
Batch 6600 Time:	2.7900131980578107 minutes
Batch 6700 Loss:	22.348964563338086
Batch 6700 Time:	2.776650802294413 minutes
Batch 6800 Loss:	21.774216141871875
Batch 6800 Time:	2.774174388249715 minutes
Batch 6900 Loss:	17.556034699780867
Batch 6900 Time:	2.755636151631673 minutes
Batch 7000 Loss:	23.4222297181841
Batch 7000 Time:	2.78588494459788 minutes
Batch 7100 Loss:	19.386917305062525
Batch 7100 Time:	2.761154381434123 minutes
Batch 7200 Loss:	25.038014287580154
Batch 7200 Time:	2.7492417534192404 minutes
Batch 7300 Loss:	18.302048301702598
Batch 7300 Time:	2.7442124406496684 minutes
Batch 7400 Loss:	19.946673017460853
Batch 7400 Time:	2.750404004255931 minutes
Batch 7500 Loss:	16.407621738151647
Batch 7500 Time:	2.7570619503657023 minutes
Batch 7600 Loss:	15.827235085365828
Batch 7600 Time:	2.7672347903251646 minutes
Batch 7700 Loss:	16.383978487021523
Batch 7700 Time:	2.7505430698394777 minutes
Batch 7800 Loss:	17.327325494028628
Batch 7800 Time:	2.803192404905955 minutes
Batch 7900 Loss:	22.78690846376412
Batch 7900 Time:	2.739102073510488 minutes
Batch 8000 Loss:	16.515134475193918
Batch 8000 Time:	2.7389427701632183 minutes
Batch 8100 Loss:	19.53641698573483
Batch 8100 Time:	2.750134825706482 minutes
Batch 8200 Loss:	14.894244658062235
Batch 8200 Time:	2.748002282778422 minutes
Batch 8300 Loss:	14.469317337381653
Batch 8300 Time:	2.747269014517466 minutes
Batch 8400 Loss:	20.45855711537297
Batch 8400 Time:	2.7687793493270876 minutes
Batch 8500 Loss:	11.799474447849207
Batch 8500 Time:	2.7447143316268923 minutes
Batch 8600 Loss:	15.804540785233257
Batch 8600 Time:	2.7779795050621034 minutes
Batch 8700 Loss:	14.659951189765707
Batch 8700 Time:	2.7421785672505696 minutes
Batch 8800 Loss:	15.984738520579413
Batch 8800 Time:	2.76246231396993 minutes
Batch 8900 Loss:	21.08768830896588
Batch 8900 Time:	2.7407636960347492 minutes
Batch 9000 Loss:	16.234335257286148
Batch 9000 Time:	2.7616376916567487 minutes
Batch 9100 Loss:	16.035975347622298
Batch 9100 Time:	2.783799135684967 minutes
Batch 9200 Loss:	16.34045090689324
Batch 9200 Time:	2.770914610226949 minutes
Batch 9300 Loss:	44.33766874335561
Batch 9300 Time:	2.74907165368398 minutes
Batch 9400 Loss:	14.777262885239907
Batch 9400 Time:	2.767703143755595 minutes
Batch 9500 Loss:	33.67149505496491
Batch 9500 Time:	2.779881453514099 minutes
Batch 9600 Loss:	21.43294251326006
Batch 9600 Time:	2.791215948263804 minutes
Batch 9700 Loss:	17.487178799463436
Batch 9700 Time:	2.7726320107777913 minutes
Batch 9800 Loss:	17.634039190015756
Batch 9800 Time:	2.795775469144185 minutes
Batch 9900 Loss:	18.086479762860108
Batch 9900 Time:	2.8152180274327594 minutes
Batch 10000 Loss:	11.592026039958
Batch 10000 Time:	2.8092978398005166 minutes
Batch 10100 Loss:	17.75799780257512
Batch 10100 Time:	2.778207329909007 minutes
Batch 10200 Loss:	17.348392875108402
Batch 10200 Time:	2.764258925120036 minutes
Batch 10300 Loss:	24.878068840393098
Batch 10300 Time:	2.785884078343709 minutes
Batch 10400 Loss:	14.118211021330353
Batch 10400 Time:	2.770556970437368 minutes
Batch 10500 Loss:	11.591082596918568
Batch 10500 Time:	2.770056919256846 minutes
Batch 10600 Loss:	13.888903674476751
Batch 10600 Time:	2.793380339940389 minutes
Batch 10700 Loss:	17.377210007420217
Batch 10700 Time:	2.7750640789667766 minutes
Batch 10800 Loss:	25.121926709805848
Batch 10800 Time:	2.8019029100735984 minutes
Batch 10900 Loss:	28.19409467134392
Batch 10900 Time:	2.7460289796193442 minutes
Batch 11000 Loss:	17.02885923307622
Batch 11000 Time:	2.8041460235913593 minutes
Batch 11100 Loss:	17.077722860238282
Batch 11100 Time:	2.764060421784719 minutes
Batch 11200 Loss:	14.520679312117863
Batch 11200 Time:	2.77453408241272 minutes
Batch 11300 Loss:	10.685368750613634
Batch 11300 Time:	2.75054980913798 minutes
Batch 11400 Loss:	12.83941036136821
Batch 11400 Time:	2.7667906324068707 minutes
Batch 11500 Loss:	15.332587408804102
Batch 11500 Time:	2.753644708792369 minutes
Batch 11600 Loss:	20.185401977039874
Batch 11600 Time:	2.724942207336426 minutes
Batch 11700 Loss:	23.151282796112355
Batch 11700 Time:	2.776142621040344 minutes
Batch 11800 Loss:	18.747997358543216
Batch 11800 Time:	2.744593385855357 minutes
Batch 11900 Loss:	18.95105812244583
Batch 11900 Time:	2.732561786969503 minutes
Batch 12000 Loss:	12.674529885378433
Batch 12000 Time:	2.722666041056315 minutes
Batch 12100 Loss:	7.622666643030243
Batch 12100 Time:	2.745159018039703 minutes
Batch 12200 Loss:	14.07991768013926
Batch 12200 Time:	2.7160079717636108 minutes
Batch 12300 Loss:	13.965462109132204
Batch 12300 Time:	2.731312386194865 minutes
Batch 12400 Loss:	11.556617252684191
Batch 12400 Time:	2.747128657499949 minutes
Batch 12500 Loss:	18.553943839040585
Batch 12500 Time:	2.7482455412546796 minutes
Batch 12600 Loss:	25.88681438049025
Batch 12600 Time:	2.7295164187749226 minutes
Batch 12700 Loss:	17.13564278668491
Batch 12700 Time:	2.7323572675387067 minutes
Batch 12800 Loss:	36.03851033492265
Batch 12800 Time:	2.7357458035151163 minutes
Batch 12900 Loss:	14.51129080929968
Batch 12900 Time:	2.73062877257665 minutes
Batch 13000 Loss:	12.988584793172777
Batch 13000 Time:	2.750835104783376 minutes
Batch 13100 Loss:	15.304584473822615
Batch 13100 Time:	2.7384843548138935 minutes
Batch 13200 Loss:	9.473391657578759
Batch 13200 Time:	2.764058725039164 minutes
Batch 13300 Loss:	16.058806394110434
Batch 13300 Time:	2.7092126568158466 minutes
Batch 13400 Loss:	12.988027751402115
Batch 13400 Time:	2.7384895126024884 minutes
Batch 13500 Loss:	18.562733663333347
Batch 13500 Time:	2.771418305238088 minutes
Batch 13600 Loss:	13.350953485729406
Batch 13600 Time:	2.779482372601827 minutes
Batch 13700 Loss:	19.293287702224916
Batch 13700 Time:	2.7512970010439557 minutes
Batch 13800 Loss:	17.871750325604808
Batch 13800 Time:	2.7253350615501404 minutes
Batch 13900 Loss:	11.801781260199277
Batch 13900 Time:	2.728817808628082 minutes
Batch 14000 Loss:	19.7296770796529
Batch 14000 Time:	2.7257187088330586 minutes
Batch 14100 Loss:	13.731782725817538
Batch 14100 Time:	2.72936571041743 minutes
Batch 14200 Loss:	19.073819668881697
Batch 14200 Time:	2.728325303395589 minutes
Batch 14300 Loss:	12.914586605067598
Batch 14300 Time:	2.7721993724505105 minutes
Batch 14400 Loss:	22.957705928653013
Batch 14400 Time:	2.7541128834088644 minutes
Batch 14500 Loss:	21.02181500156803
Batch 14500 Time:	2.756093494097392 minutes
Batch 14600 Loss:	14.28752671505572
Batch 14600 Time:	2.7092002749443056 minutes
Batch 14700 Loss:	22.40007637103554
Batch 14700 Time:	2.76884872118632 minutes
Batch 14800 Loss:	16.241232767672045
Batch 14800 Time:	2.714650042851766 minutes
Batch 14900 Loss:	27.116192865933044
Batch 14900 Time:	2.7422308683395387 minutes
Batch 15000 Loss:	27.309150315180887
Batch 15000 Time:	2.6901805639266967 minutes
Batch 15100 Loss:	18.293649530853145
Batch 15100 Time:	2.776615639527639 minutes
Batch 15200 Loss:	13.496755460248096
Batch 15200 Time:	2.715477764606476 minutes
Batch 15300 Loss:	26.67771122126578
Batch 15300 Time:	2.745412572224935 minutes
Batch 15400 Loss:	18.189613577247655
Batch 15400 Time:	2.7583903829256693 minutes
Batch 15500 Loss:	20.099734369141515
Batch 15500 Time:	2.709104832013448 minutes
Batch 15600 Loss:	17.71551654175346
Batch 15600 Time:	2.750262526671092 minutes
Batch 15700 Loss:	39.89879821177419
Batch 15700 Time:	2.7475496689478556 minutes
Batch 15800 Loss:	30.70389853385859
Batch 15800 Time:	2.7037543336550396 minutes
Batch 15900 Loss:	38.39404358142929
Batch 15900 Time:	2.756372086207072 minutes
Batch 16000 Loss:	14.411157631915557
Batch 16000 Time:	2.748093008995056 minutes
Batch 16100 Loss:	18.391605720855296
Batch 16100 Time:	2.744168217976888 minutes
Batch 16200 Loss:	12.443823262816295
Batch 16200 Time:	2.7410085837046307 minutes
Batch 16300 Loss:	26.443995132704003
Batch 16300 Time:	2.679758604367574 minutes
Batch 16400 Loss:	18.005324725876562
Batch 16400 Time:	2.7366388042767844 minutes
Batch 16500 Loss:	20.101185646250087
Batch 16500 Time:	2.785355754693349 minutes
Batch 16600 Loss:	10.950060046245198
Batch 16600 Time:	2.713559063275655 minutes
Batch 16700 Loss:	24.832990652947046
Batch 16700 Time:	2.7148381511370343 minutes
Batch 16800 Loss:	17.20232243258215
Batch 16800 Time:	2.6696357329686484 minutes
Batch 16900 Loss:	21.551103284669807
Batch 16900 Time:	2.735705316066742 minutes
Batch 17000 Loss:	17.326868072224897
Batch 17000 Time:	2.7600420236587526 minutes
Batch 17100 Loss:	12.592331176414518
Batch 17100 Time:	2.739066314697266 minutes
Batch 17200 Loss:	22.778005515358018
Batch 17200 Time:	2.6964071949323016 minutes
Batch 17300 Loss:	21.192080697426718
Batch 17300 Time:	2.704574386278788 minutes
Batch 17400 Loss:	16.338921819959978
Batch 17400 Time:	2.7658318360646565 minutes
Batch 17500 Loss:	14.520145528935245
Batch 17500 Time:	2.7202232917149862 minutes
Batch 17600 Loss:	15.954616347138654
Batch 17600 Time:	2.727902615070343 minutes
Batch 17700 Loss:	17.818006307657924
Batch 17700 Time:	2.7608928442001344 minutes
Batch 17800 Loss:	15.052204303683538
Batch 17800 Time:	2.7341575026512146 minutes
Batch 17900 Loss:	17.67485518012245
Batch 17900 Time:	2.724805204073588 minutes
Batch 18000 Loss:	18.64212922284196
Batch 18000 Time:	2.8855138937632243 minutes
Batch 18100 Loss:	10.956600895297015
Batch 18100 Time:	2.777976123491923 minutes
Batch 18200 Loss:	16.771234690085294
Batch 18200 Time:	2.800680073102315 minutes
Batch 18300 Loss:	9.40239115076838
Batch 18300 Time:	2.765269939104716 minutes
Batch 18400 Loss:	14.25983407881722
Batch 18400 Time:	2.7672861377398172 minutes
Batch 18500 Loss:	11.434979684876453
Batch 18500 Time:	2.7668360511461896 minutes
Batch 18600 Loss:	10.978345529179933
Batch 18600 Time:	2.7597062826156615 minutes
Batch 18700 Loss:	9.31773869675817
Batch 18700 Time:	2.7960087180137636 minutes
Batch 18800 Loss:	16.24897105540731
Batch 18800 Time:	2.7393796960512797 minutes
Batch 18900 Loss:	20.801840094965883
Batch 18900 Time:	2.780909089247386 minutes
Batch 19000 Loss:	12.956693210910998
Batch 19000 Time:	2.779503520329793 minutes
Batch 19100 Loss:	9.440513711655512
Batch 19100 Time:	2.7279773195584616 minutes
Batch 19200 Loss:	16.91858680306177
Batch 19200 Time:	2.7110841313997907 minutes
Batch 19300 Loss:	10.075059749098727
Batch 19300 Time:	2.6568429231643678 minutes
Batch 19400 Loss:	7.5443373451562366
Batch 19400 Time:	2.6694003343582153 minutes
Batch 19500 Loss:	13.367051434834138
Batch 19500 Time:	2.7075154145558673 minutes
Batch 19600 Loss:	10.275871557183564
Batch 19600 Time:	2.720659057299296 minutes
Batch 19700 Loss:	13.58687266578454
Batch 19700 Time:	2.7242515881856284 minutes
Batch 19800 Loss:	8.932910570272725
Batch 19800 Time:	2.7876641352971396 minutes
Batch 19900 Loss:	6.594211601388508
Batch 19900 Time:	2.638228988647461 minutes
Training Time: 550.4623515248298 minutes
Test Time: 3.422525918483734 minutes
Total Time: 553.8848779916764 minutes
Began Loading Data
Finished Loading Data
Batch 0 Loss:	0.7215498685836792
Batch 0 Time:	0.20069020986557007 minutes
Batch 100 Loss:	58.78289285302162
Batch 100 Time:	2.7097920338312784 minutes
Batch 200 Loss:	47.25936859846115
Batch 200 Time:	2.7427552620569866 minutes
Batch 300 Loss:	39.143224969506264
Batch 300 Time:	2.7354994893074034 minutes
Batch 400 Loss:	36.66421642899513
Batch 400 Time:	2.668357535203298 minutes
Batch 500 Loss:	36.37823209166527
Batch 500 Time:	2.6740675568580627 minutes
Batch 600 Loss:	34.96827378869057
Batch 600 Time:	2.7032098094622294 minutes
Batch 700 Loss:	30.112182691693306
Batch 700 Time:	2.6917292793591816 minutes
Batch 800 Loss:	26.574983298778534
Batch 800 Time:	2.750211715698242 minutes
Batch 900 Loss:	26.211420506238937
Batch 900 Time:	2.740446396668752 minutes
Batch 1000 Loss:	23.31920962780714
Batch 1000 Time:	2.7908024191856384 minutes
Batch 1100 Loss:	24.485016740858555
Batch 1100 Time:	2.7861629048983256 minutes
Batch 1200 Loss:	23.487640023231506
Batch 1200 Time:	2.7549805561701457 minutes
Batch 1300 Loss:	21.230791684240103
Batch 1300 Time:	2.7837716221809385 minutes
Batch 1400 Loss:	20.200252637267113
Batch 1400 Time:	2.800282720724742 minutes
Batch 1500 Loss:	19.129892796278
Batch 1500 Time:	2.79770450592041 minutes
Batch 1600 Loss:	19.277851421386003
Batch 1600 Time:	2.8064343333244324 minutes
Batch 1700 Loss:	18.0216297917068
Batch 1700 Time:	2.8022846857706707 minutes
Batch 1800 Loss:	16.505929173901677
Batch 1800 Time:	2.8045992493629455 minutes
Batch 1900 Loss:	15.97531085088849
Batch 1900 Time:	2.775786324342092 minutes
Batch 2000 Loss:	14.947448592633009
Batch 2000 Time:	2.8410581588745116 minutes
Batch 2100 Loss:	14.408739207312465
Batch 2100 Time:	2.8145346999168397 minutes
Batch 2200 Loss:	12.985309543088078
Batch 2200 Time:	2.7944523692131042 minutes
Batch 2300 Loss:	15.215457173064351
Batch 2300 Time:	2.8028595089912414 minutes
Batch 2400 Loss:	12.971236649900675
Batch 2400 Time:	2.7897481083869935 minutes
Batch 2500 Loss:	11.962242676876485
Batch 2500 Time:	2.809965964158376 minutes
Batch 2600 Loss:	12.158303523436189
Batch 2600 Time:	2.8100868701934814 minutes
Batch 2700 Loss:	12.556981795467436
Batch 2700 Time:	2.8083345890045166 minutes
Batch 2800 Loss:	9.94222198985517
Batch 2800 Time:	2.7670109113057455 minutes
Batch 2900 Loss:	11.627540497109294
Batch 2900 Time:	2.7839955925941466 minutes
Batch 3000 Loss:	10.157598169520497
Batch 3000 Time:	2.788897903760274 minutes
Batch 3100 Loss:	9.980620964430273
Batch 3100 Time:	2.799172659715017 minutes
Batch 3200 Loss:	9.797035082243383
Batch 3200 Time:	2.8041956702868145 minutes
Batch 3300 Loss:	10.075124684721231
Batch 3300 Time:	2.7584596117337545 minutes
Batch 3400 Loss:	11.116044838912785
Batch 3400 Time:	2.85116529862086 minutes
Batch 3500 Loss:	9.002356701064855
Batch 3500 Time:	2.785688058535258 minutes
Batch 3600 Loss:	6.7949078739620745
Batch 3600 Time:	2.796219535668691 minutes
Batch 3700 Loss:	8.907915795221925
Batch 3700 Time:	2.8104688048362734 minutes
Batch 3800 Loss:	7.603038376197219
Batch 3800 Time:	2.7797495126724243 minutes
Batch 3900 Loss:	7.625171365682036
Batch 3900 Time:	2.791144545873006 minutes
Batch 4000 Loss:	8.203603078611195
Batch 4000 Time:	2.773577137788137 minutes
Batch 4100 Loss:	8.198673704639077
Batch 4100 Time:	2.801964298884074 minutes
Batch 4200 Loss:	7.868506430648267
Batch 4200 Time:	2.7999693552652993 minutes
Batch 4300 Loss:	7.834112796932459
Batch 4300 Time:	2.731698962052663 minutes
Batch 4400 Loss:	8.385756447911263
Batch 4400 Time:	2.7851304332415263 minutes
Batch 4500 Loss:	6.814153830753639
Batch 4500 Time:	2.8282927950223287 minutes
Batch 4600 Loss:	6.5132792936638
Batch 4600 Time:	2.7792743325233458 minutes
Batch 4700 Loss:	6.961626169271767
Batch 4700 Time:	2.7910350521405536 minutes
Batch 4800 Loss:	6.738428306300193
Batch 4800 Time:	2.8213805476824443 minutes
Batch 4900 Loss:	6.1033953838050365
Batch 4900 Time:	2.760737216472626 minutes
Batch 5000 Loss:	5.654044089373201
Batch 5000 Time:	2.780083127816518 minutes
Batch 5100 Loss:	5.577197645325214
Batch 5100 Time:	2.754042943318685 minutes
Batch 5200 Loss:	5.72703661583364
Batch 5200 Time:	2.758494452635447 minutes
Batch 5300 Loss:	5.93324847240001
Batch 5300 Time:	2.754474461078644 minutes
Batch 5400 Loss:	5.061773574678227
Batch 5400 Time:	2.791494325796763 minutes
Batch 5500 Loss:	6.0792934889905155
Batch 5500 Time:	2.773987150192261 minutes
Batch 5600 Loss:	6.203878155909479
Batch 5600 Time:	2.8291332205136617 minutes
Batch 5700 Loss:	4.958565835841
Batch 5700 Time:	2.8147578875223798 minutes
Batch 5800 Loss:	6.309509390499443
Batch 5800 Time:	2.756176173686981 minutes
Batch 5900 Loss:	6.012661236221902
Batch 5900 Time:	2.7700083454449973 minutes
Batch 6000 Loss:	6.656985362293199
Batch 6000 Time:	2.7471193194389345 minutes
Batch 6100 Loss:	5.272517368197441
Batch 6100 Time:	2.7449060042699176 minutes
Batch 6200 Loss:	5.5708810347132385
Batch 6200 Time:	2.7666876951853436 minutes
Batch 6300 Loss:	5.018017095979303
Batch 6300 Time:	2.792596900463104 minutes
Batch 6400 Loss:	4.601500435266644
Batch 6400 Time:	2.7899378617604573 minutes
Batch 6500 Loss:	5.8137816686648875
Batch 6500 Time:	2.7765902241071063 minutes
Batch 6600 Loss:	5.525665120454505
Batch 6600 Time:	2.8193318009376527 minutes
Batch 6700 Loss:	4.447244038223289
Batch 6700 Time:	2.7781054377555847 minutes
Batch 6800 Loss:	5.051621788647026
Batch 6800 Time:	2.8070727984110513 minutes
Batch 6900 Loss:	5.193443445721641
Batch 6900 Time:	2.7887629588445026 minutes
Batch 7000 Loss:	5.540574942715466
Batch 7000 Time:	2.8163062294324237 minutes
Batch 7100 Loss:	6.510888007003814
Batch 7100 Time:	2.7981516480445863 minutes
Batch 7200 Loss:	5.480405783513561
Batch 7200 Time:	2.770721797148387 minutes
Batch 7300 Loss:	5.245724400738254
Batch 7300 Time:	2.758562525113424 minutes
Batch 7400 Loss:	4.2161055146716535
Batch 7400 Time:	2.805586878458659 minutes
Batch 7500 Loss:	3.468903081258759
Batch 7500 Time:	2.8243542472521463 minutes
Batch 7600 Loss:	4.773144733975641
Batch 7600 Time:	2.793972547849019 minutes
Batch 7700 Loss:	5.044891204917803
Batch 7700 Time:	2.7990575869878134 minutes
Batch 7800 Loss:	5.038924323394895
Batch 7800 Time:	2.7815345247586567 minutes
Batch 7900 Loss:	4.362448278814554
Batch 7900 Time:	2.742748824755351 minutes
Batch 8000 Loss:	5.9692767900414765
Batch 8000 Time:	2.768210399150848 minutes
Batch 8100 Loss:	2.7198211075738072
Batch 8100 Time:	2.804741672674815 minutes
Batch 8200 Loss:	3.6607975466176867
Batch 8200 Time:	2.7282201528549193 minutes
Batch 8300 Loss:	3.299311592243612
Batch 8300 Time:	2.797543187936147 minutes
Batch 8400 Loss:	3.324876520666294
Batch 8400 Time:	2.781789577007294 minutes
Batch 8500 Loss:	3.6275202978868037
Batch 8500 Time:	2.785768191019694 minutes
Batch 8600 Loss:	4.89045705832541
Batch 8600 Time:	2.7784844994544984 minutes
Batch 8700 Loss:	4.513771255966276
Batch 8700 Time:	2.8014586091041567 minutes
Batch 8800 Loss:	4.6093735615722835
Batch 8800 Time:	2.8414654692014056 minutes
Batch 8900 Loss:	3.3488125291187316
Batch 8900 Time:	2.8081878741582234 minutes
Batch 9000 Loss:	3.865155650419183
Batch 9000 Time:	2.837820557753245 minutes
Batch 9100 Loss:	4.568789468030445
Batch 9100 Time:	2.8320366779963178 minutes
Batch 9200 Loss:	4.141493739152793
Batch 9200 Time:	2.798457984129588 minutes
Batch 9300 Loss:	3.944736614706926
Batch 9300 Time:	2.8066290537516276 minutes
Batch 9400 Loss:	3.174613284645602
Batch 9400 Time:	2.8092719316482544 minutes
Batch 9500 Loss:	4.27371793880593
Batch 9500 Time:	2.8592641512552897 minutes
Batch 9600 Loss:	4.139556084177457
Batch 9600 Time:	2.8641327301661175 minutes
Batch 9700 Loss:	3.8751499437494203
Batch 9700 Time:	2.831742302576701 minutes
Batch 9800 Loss:	3.7973946183919907
Batch 9800 Time:	2.866086721420288 minutes
Batch 9900 Loss:	3.952035409573
Batch 9900 Time:	2.82062787214915 minutes
Batch 10000 Loss:	3.1581603697268292
Batch 10000 Time:	2.8034778197606403 minutes
Batch 10100 Loss:	4.168152590631507
Batch 10100 Time:	2.8514648636182147 minutes
Batch 10200 Loss:	3.7971131440717727
Batch 10200 Time:	2.793803564707438 minutes
Batch 10300 Loss:	2.607738454884384
Batch 10300 Time:	2.8469785769780476 minutes
Batch 10400 Loss:	2.895420986227691
Batch 10400 Time:	2.8207974433898926 minutes
Batch 10500 Loss:	3.3686631980817765
Batch 10500 Time:	2.8302982687950133 minutes
Batch 10600 Loss:	2.5833666655234993
Batch 10600 Time:	2.795924437046051 minutes
Batch 10700 Loss:	3.624494513613172
Batch 10700 Time:	2.7917430877685545 minutes
Batch 10800 Loss:	2.441180562134832
Batch 10800 Time:	2.79377996524175 minutes
Batch 10900 Loss:	2.6949422725010663
Batch 10900 Time:	2.8240370829900105 minutes
Batch 11000 Loss:	3.442858730792068
Batch 11000 Time:	2.80813737710317 minutes
Batch 11100 Loss:	3.469225928245578
Batch 11100 Time:	2.7902295430501303 minutes
Batch 11200 Loss:	3.2898216547910124
Batch 11200 Time:	2.818599987030029 minutes
Batch 11300 Loss:	4.419956407393329
Batch 11300 Time:	2.795275866985321 minutes
Batch 11400 Loss:	3.564292487804778
Batch 11400 Time:	2.7800955216089887 minutes
Batch 11500 Loss:	4.15029440773651
Batch 11500 Time:	2.7949183583259583 minutes
Batch 11600 Loss:	3.068746813572943
Batch 11600 Time:	2.7501468539237974 minutes
Batch 11700 Loss:	3.0244597640703432
Batch 11700 Time:	2.800227928161621 minutes
Batch 11800 Loss:	2.7619021104619605
Batch 11800 Time:	2.759057132403056 minutes
Batch 11900 Loss:	3.4745502184377983
Batch 11900 Time:	2.788477631409963 minutes
Batch 12000 Loss:	3.4060226548463106
Batch 12000 Time:	2.7799809336662293 minutes
Batch 12100 Loss:	2.694362969486974
Batch 12100 Time:	2.753745166460673 minutes
Batch 12200 Loss:	3.0005335137975635
Batch 12200 Time:	2.78951416015625 minutes
Batch 12300 Loss:	2.4707211731001735
Batch 12300 Time:	2.782648038864136 minutes
Batch 12400 Loss:	3.1513064180035144
Batch 12400 Time:	2.7697669227917987 minutes
Batch 12500 Loss:	2.7639078203355893
Batch 12500 Time:	2.7778144319852194 minutes
Batch 12600 Loss:	2.067636928433785
Batch 12600 Time:	2.796197005112966 minutes
Batch 12700 Loss:	3.661556794657372
Batch 12700 Time:	2.7415377775828045 minutes
Batch 12800 Loss:	2.1566616503405385
Batch 12800 Time:	2.7575323979059854 minutes
Batch 12900 Loss:	2.3580620824941434
Batch 12900 Time:	2.776649244626363 minutes
Batch 13000 Loss:	1.8137189396366011
Batch 13000 Time:	2.768491979440053 minutes
Batch 13100 Loss:	1.9059209466795437
Batch 13100 Time:	2.790323309103648 minutes
Batch 13200 Loss:	2.734260601864662
Batch 13200 Time:	2.7911616524060565 minutes
Batch 13300 Loss:	2.808914664463373
Batch 13300 Time:	2.7567059636116027 minutes
Batch 13400 Loss:	3.4236682896735147
Batch 13400 Time:	2.797514776388804 minutes
Batch 13500 Loss:	3.9174532300094143
Batch 13500 Time:	2.796858779589335 minutes
Batch 13600 Loss:	1.8525904153066222
Batch 13600 Time:	2.787456492582957 minutes
Batch 13700 Loss:	2.3409909632755443
Batch 13700 Time:	2.7967217604319257 minutes
Batch 13800 Loss:	2.018539619864896
Batch 13800 Time:	2.8125568628311157 minutes
Batch 13900 Loss:	2.641365451272577
Batch 13900 Time:	2.7753429134686787 minutes
Batch 14000 Loss:	3.817857149289921
Batch 14000 Time:	2.776802106698354 minutes
Batch 14100 Loss:	2.599134591553593
Batch 14100 Time:	2.81833709081014 minutes
Batch 14200 Loss:	2.6217344161123037
Batch 14200 Time:	2.7588878870010376 minutes
Batch 14300 Loss:	2.2389909005432855
Batch 14300 Time:	2.7727947076161703 minutes
Batch 14400 Loss:	2.234981020097621
Batch 14400 Time:	2.7639943877855937 minutes
Batch 14500 Loss:	3.7124037873581983
Batch 14500 Time:	2.8132827202479045 minutes
Batch 14600 Loss:	2.835201828274876
Batch 14600 Time:	2.7886001070340476 minutes
Batch 14700 Loss:	2.3539323349832557
Batch 14700 Time:	2.7751410086949666 minutes
Batch 14800 Loss:	3.956853621522896
Batch 14800 Time:	2.7432706634203594 minutes
Batch 14900 Loss:	3.255362957366742
Batch 14900 Time:	2.7535621881484986 minutes
Batch 15000 Loss:	2.0694835902686464
Batch 15000 Time:	2.758703895409902 minutes
Batch 15100 Loss:	1.598525560926646
Batch 15100 Time:	2.801901392141978 minutes
Batch 15200 Loss:	3.3526322664693
Batch 15200 Time:	2.7933826724688213 minutes
Batch 15300 Loss:	2.36837520217523
Batch 15300 Time:	2.7823750654856365 minutes
Batch 15400 Loss:	2.802186262968462
Batch 15400 Time:	2.7880648970603943 minutes
Batch 15500 Loss:	2.514698057086207
Batch 15500 Time:	2.7365076104799906 minutes
Batch 15600 Loss:	3.370740349171683
Batch 15600 Time:	2.7772328933080037 minutes
Batch 15700 Loss:	2.403750475292327
Batch 15700 Time:	2.7983576615651446 minutes
Batch 15800 Loss:	2.6982059705769643
Batch 15800 Time:	2.76214021841685 minutes
Batch 15900 Loss:	2.0603069019853137
Batch 15900 Time:	2.7394967675209045 minutes
Batch 16000 Loss:	2.427379596803803
Batch 16000 Time:	2.7689003109931947 minutes
Batch 16100 Loss:	2.7011240554857068
Batch 16100 Time:	2.7672287185986835 minutes
Batch 16200 Loss:	2.6414597399998456
Batch 16200 Time:	2.787216059366862 minutes
Batch 16300 Loss:	2.334036496002227
Batch 16300 Time:	2.8406065940856933 minutes
Batch 16400 Loss:	2.130130579113029
Batch 16400 Time:	2.7543662905693056 minutes
Batch 16500 Loss:	2.739750936074415
Batch 16500 Time:	2.762474513053894 minutes
Batch 16600 Loss:	2.7448378258559387
Batch 16600 Time:	2.7407519737879436 minutes
Batch 16700 Loss:	2.4337762817158364
Batch 16700 Time:	2.778771372636159 minutes
Batch 16800 Loss:	2.003470422117971
Batch 16800 Time:	2.804399534066518 minutes
Batch 16900 Loss:	3.0027607461670414
Batch 16900 Time:	2.8026116092999778 minutes
Batch 17000 Loss:	2.9025283151422627
Batch 17000 Time:	2.74995493888855 minutes
Batch 17100 Loss:	2.960629450972192
Batch 17100 Time:	2.7550383528073628 minutes
Batch 17200 Loss:	1.8376151244156063
Batch 17200 Time:	2.763228738307953 minutes
Batch 17300 Loss:	2.7083189371041954
Batch 17300 Time:	2.747911500930786 minutes
Batch 17400 Loss:	1.814303969440516
Batch 17400 Time:	2.815834335486094 minutes
Batch 17500 Loss:	2.5913242957904004
Batch 17500 Time:	2.7812968095143638 minutes
Batch 17600 Loss:	1.738063430530019
Batch 17600 Time:	2.7613543311754865 minutes
Batch 17700 Loss:	2.6432625844317954
Batch 17700 Time:	2.7868885318438212 minutes
Batch 17800 Loss:	2.846571159781888
Batch 17800 Time:	2.7466972907384237 minutes
Batch 17900 Loss:	2.5593160955468193
Batch 17900 Time:	2.7829071362813314 minutes
Batch 18000 Loss:	1.0981169300794136
Batch 18000 Time:	2.7454947312672933 minutes
Batch 18100 Loss:	2.203794643515721
Batch 18100 Time:	2.8178213079770407 minutes
Batch 18200 Loss:	1.9364547736477107
Batch 18200 Time:	2.7619608600934344 minutes
Batch 18300 Loss:	2.921918699343223
Batch 18300 Time:	2.7943786938985187 minutes
Batch 18400 Loss:	3.411649779343861
Batch 18400 Time:	2.757180909315745 minutes
Batch 18500 Loss:	3.017584948975127
Batch 18500 Time:	2.826060450077057 minutes
Batch 18600 Loss:	1.9701930957380682
Batch 18600 Time:	2.761524303754171 minutes
Batch 18700 Loss:	2.236224446154665
Batch 18700 Time:	2.723643894990285 minutes
Batch 18800 Loss:	1.8804452781914733
Batch 18800 Time:	2.799147939682007 minutes
Batch 18900 Loss:	2.339942439342849
Batch 18900 Time:	2.7575677394866944 minutes
Batch 19000 Loss:	1.9748688209510874
Batch 19000 Time:	2.7531558831532794 minutes
Batch 19100 Loss:	1.7564060301810969
Batch 19100 Time:	2.744269406795502 minutes
Batch 19200 Loss:	2.3831304072518833
Batch 19200 Time:	2.7336703340212503 minutes
Batch 19300 Loss:	2.25806329108309
Batch 19300 Time:	2.715177631378174 minutes
Batch 19400 Loss:	2.146998996846378
Batch 19400 Time:	2.7576533277829487 minutes
Batch 19500 Loss:	2.5156343471608125
Batch 19500 Time:	2.820989461739858 minutes
Batch 19600 Loss:	2.2940487219020724
Batch 19600 Time:	2.806647415955861 minutes
Batch 19700 Loss:	1.9866634334321134
Batch 19700 Time:	2.6632771611213686 minutes
Batch 19800 Loss:	2.622977605846245
Batch 19800 Time:	2.6341589371363323 minutes
Batch 19900 Loss:	2.017007935573929
Batch 19900 Time:	2.620367749532064 minutes
Training Time: 556.9235141475996 minutes
Test Time: 3.317218542098999 minutes
Total Time: 560.240733273824 minutes
Began Loading Data
Finished Loading Data
Batch 0 Loss:	0.7308370471000671
Batch 0 Time:	0.20509188572565715 minutes
Batch 100 Loss:	58.67102685570717
Batch 100 Time:	2.9235172152519224 minutes
Batch 200 Loss:	46.549902230501175
Batch 200 Time:	2.975265324115753 minutes
Batch 300 Loss:	39.69885517656803
Batch 300 Time:	2.934745236237844 minutes
Batch 400 Loss:	34.5524917691946
Batch 400 Time:	2.893311699231466 minutes
Batch 500 Loss:	30.62875496596098
Batch 500 Time:	2.966097072760264 minutes
Batch 600 Loss:	29.570927262306213
Batch 600 Time:	2.8924537857373553 minutes
Batch 700 Loss:	27.17680324614048
Batch 700 Time:	2.8935298244158427 minutes
Batch 800 Loss:	24.476054303348064
Batch 800 Time:	2.9004886388778686 minutes
Batch 900 Loss:	24.397180885076523
Batch 900 Time:	2.946527095635732 minutes
Batch 1000 Loss:	24.963710956275463
Batch 1000 Time:	2.991291316350301 minutes
Batch 1100 Loss:	20.773065872490406
Batch 1100 Time:	2.9645528316497805 minutes
Batch 1200 Loss:	18.67615709081292
Batch 1200 Time:	2.9950730204582214 minutes
Batch 1300 Loss:	19.306717436760664
Batch 1300 Time:	2.959838012854258 minutes
Batch 1400 Loss:	17.73678958415985
Batch 1400 Time:	2.9316431204477946 minutes
Batch 1500 Loss:	16.913242429494858
Batch 1500 Time:	2.920237898826599 minutes
Batch 1600 Loss:	17.156640561297536
Batch 1600 Time:	2.986155410607656 minutes
Batch 1700 Loss:	16.6461906991899
Batch 1700 Time:	3.0188218990961713 minutes
Batch 1800 Loss:	16.619942151010036
Batch 1800 Time:	2.9608576774597166 minutes
Batch 1900 Loss:	14.238382313400507
Batch 1900 Time:	2.9192896048227945 minutes
Batch 2000 Loss:	14.331182675436139
Batch 2000 Time:	2.9036409060160318 minutes
Batch 2100 Loss:	14.135825609788299
Batch 2100 Time:	2.9695298115412396 minutes
Batch 2200 Loss:	14.50816897302866
Batch 2200 Time:	2.9232317407925925 minutes
Batch 2300 Loss:	14.26682667247951
Batch 2300 Time:	2.9995229323705037 minutes
Batch 2400 Loss:	13.524667149409652
Batch 2400 Time:	2.9579113960266112 minutes
Batch 2500 Loss:	11.63671132735908
Batch 2500 Time:	2.968362728754679 minutes
Batch 2600 Loss:	11.792478200048208
Batch 2600 Time:	2.980510723590851 minutes
Batch 2700 Loss:	10.124744998291135
Batch 2700 Time:	2.896092728773753 minutes
Batch 2800 Loss:	10.973861888051033
Batch 2800 Time:	2.9316510876019795 minutes
Batch 2900 Loss:	11.444845048710704
Batch 2900 Time:	2.9422983527183533 minutes
Batch 3000 Loss:	10.762698342092335
Batch 3000 Time:	2.894702653090159 minutes
Batch 3100 Loss:	11.397122723981738
Batch 3100 Time:	2.8983593940734864 minutes
Batch 3200 Loss:	10.351520422846079
Batch 3200 Time:	2.945197041829427 minutes
Batch 3300 Loss:	10.315555728040636
Batch 3300 Time:	2.951404615243276 minutes
Batch 3400 Loss:	9.562192684970796
Batch 3400 Time:	2.9368137677510577 minutes
Batch 3500 Loss:	8.928236789535731
Batch 3500 Time:	2.849995545546214 minutes
Batch 3600 Loss:	8.827115141786635
Batch 3600 Time:	2.8767414172490438 minutes
Batch 3700 Loss:	9.442304908297956
Batch 3700 Time:	2.8907345453898112 minutes
Batch 3800 Loss:	8.727064575068653
Batch 3800 Time:	2.9101472973823546 minutes
Batch 3900 Loss:	9.522414865903556
Batch 3900 Time:	2.901455203692118 minutes
Batch 4000 Loss:	10.843033538199961
Batch 4000 Time:	2.867688862482707 minutes
Batch 4100 Loss:	9.090415528044105
Batch 4100 Time:	2.8487776438395183 minutes
Batch 4200 Loss:	8.484062200412154
Batch 4200 Time:	2.8803017099698383 minutes
Batch 4300 Loss:	8.19029214209877
Batch 4300 Time:	2.903039451440175 minutes
Batch 4400 Loss:	7.862055915407836
Batch 4400 Time:	2.860482939084371 minutes
Batch 4500 Loss:	8.362449069973081
Batch 4500 Time:	2.883851663271586 minutes
Batch 4600 Loss:	7.461292524822056
Batch 4600 Time:	2.9079880515734353 minutes
Batch 4700 Loss:	7.022843179292977
Batch 4700 Time:	2.902769668896993 minutes
Batch 4800 Loss:	8.493747188709676
Batch 4800 Time:	2.882312512397766 minutes
Batch 4900 Loss:	7.1204460833687335
Batch 4900 Time:	2.9512374917666118 minutes
Batch 5000 Loss:	6.971797210630029
Batch 5000 Time:	2.872727696100871 minutes
Batch 5100 Loss:	7.332979386672378
Batch 5100 Time:	2.944430780410767 minutes
Batch 5200 Loss:	5.923321669921279
Batch 5200 Time:	2.9209103624025983 minutes
Batch 5300 Loss:	6.713617125060409
Batch 5300 Time:	2.9490926384925844 minutes
Batch 5400 Loss:	8.491110518574715
Batch 5400 Time:	2.946497126420339 minutes
Batch 5500 Loss:	8.539126983843744
Batch 5500 Time:	2.895848759015401 minutes
Batch 5600 Loss:	5.897389966994524
Batch 5600 Time:	2.8796360890070596 minutes
Batch 5700 Loss:	7.754618457285687
Batch 5700 Time:	2.9054261604944864 minutes
Batch 5800 Loss:	6.786141094518825
Batch 5800 Time:	2.9105974038441977 minutes
Batch 5900 Loss:	6.198253221809864
Batch 5900 Time:	2.8953885078430175 minutes
Batch 6000 Loss:	7.564753540791571
Batch 6000 Time:	2.900234262148539 minutes
Batch 6100 Loss:	6.419127153232694
Batch 6100 Time:	2.878983410199483 minutes
Batch 6200 Loss:	6.013742285314947
Batch 6200 Time:	2.905416015783946 minutes
Batch 6300 Loss:	5.3914604196324944
Batch 6300 Time:	2.9092270056406657 minutes
Batch 6400 Loss:	4.919228258077055
Batch 6400 Time:	2.954601764678955 minutes
Batch 6500 Loss:	5.519671966088936
Batch 6500 Time:	2.913947029908498 minutes
Batch 6600 Loss:	7.240182523149997
Batch 6600 Time:	2.907970138390859 minutes
Batch 6700 Loss:	5.424176286207512
Batch 6700 Time:	2.939975368976593 minutes
Batch 6800 Loss:	5.272627269849181
Batch 6800 Time:	2.989202837149302 minutes
Batch 6900 Loss:	4.544315852690488
Batch 6900 Time:	3.019555115699768 minutes
Batch 7000 Loss:	5.352234580088407
Batch 7000 Time:	2.914796944459279 minutes
Batch 7100 Loss:	5.056756597477943
Batch 7100 Time:	2.927462613582611 minutes
Batch 7200 Loss:	4.342481194529682
Batch 7200 Time:	2.904484995206197 minutes
Batch 7300 Loss:	5.536846235045232
Batch 7300 Time:	2.9589683532714846 minutes
Batch 7400 Loss:	5.497432186733931
Batch 7400 Time:	2.9219685316085817 minutes
Batch 7500 Loss:	4.515749494777992
Batch 7500 Time:	2.953888237476349 minutes
Batch 7600 Loss:	4.832938389969058
Batch 7600 Time:	2.9235009511311847 minutes
Batch 7700 Loss:	4.624641963862814
Batch 7700 Time:	2.9670162717501323 minutes
Batch 7800 Loss:	5.377082666382194
Batch 7800 Time:	2.92606684366862 minutes
Batch 7900 Loss:	4.660880335140973
Batch 7900 Time:	2.8986238201459247 minutes
Batch 8000 Loss:	6.565576742170379
Batch 8000 Time:	2.907371926307678 minutes
Batch 8100 Loss:	4.07711644936353
Batch 8100 Time:	2.905462682247162 minutes
Batch 8200 Loss:	4.579784599831328
Batch 8200 Time:	2.880942165851593 minutes
Batch 8300 Loss:	5.07339393964503
Batch 8300 Time:	2.894484539826711 minutes
Batch 8400 Loss:	4.895824487321079
Batch 8400 Time:	2.922832957903544 minutes
Batch 8500 Loss:	4.127332061994821
Batch 8500 Time:	2.837731079260508 minutes
Batch 8600 Loss:	5.217831710120663
Batch 8600 Time:	2.88132651646932 minutes
Batch 8700 Loss:	5.598577007418498
Batch 8700 Time:	2.8800751407941183 minutes
Batch 8800 Loss:	4.4336980930529535
Batch 8800 Time:	2.9813695152600608 minutes
Batch 8900 Loss:	4.1228642397909425
Batch 8900 Time:	2.9674252192179362 minutes
Batch 9000 Loss:	5.293312143301591
Batch 9000 Time:	2.911523866653442 minutes
Batch 9100 Loss:	3.4076494466280565
Batch 9100 Time:	2.908658234278361 minutes
Batch 9200 Loss:	6.363629635423422
Batch 9200 Time:	2.8933011253674823 minutes
Batch 9300 Loss:	3.5039058236870915
Batch 9300 Time:	2.893618563810984 minutes
Batch 9400 Loss:	3.662497306941077
Batch 9400 Time:	2.9432138284047444 minutes
Batch 9500 Loss:	4.4236126077594236
Batch 9500 Time:	2.8943859577178954 minutes
Batch 9600 Loss:	4.8739636718528345
Batch 9600 Time:	2.8997847000757853 minutes
Batch 9700 Loss:	4.0201317351311445
Batch 9700 Time:	2.8645576278368634 minutes
Batch 9800 Loss:	3.6442616399144754
Batch 9800 Time:	2.836426369349162 minutes
Batch 9900 Loss:	3.915065190405585
Batch 9900 Time:	2.9197437087694804 minutes
Batch 10000 Loss:	3.922674575005658
Batch 10000 Time:	2.899584376811981 minutes
Batch 10100 Loss:	3.894279948552139
Batch 10100 Time:	2.9120227575302122 minutes
Batch 10200 Loss:	2.855575918161776
Batch 10200 Time:	2.8828987081845603 minutes
Batch 10300 Loss:	3.4948145491071045
Batch 10300 Time:	2.847404412428538 minutes
Batch 10400 Loss:	3.318833220284432
Batch 10400 Time:	2.8712119301160177 minutes
Batch 10500 Loss:	3.2082362684886903
Batch 10500 Time:	2.846731424331665 minutes
Batch 10600 Loss:	4.050968611845747
Batch 10600 Time:	2.8563971360524496 minutes
Batch 10700 Loss:	3.9596051687258296
Batch 10700 Time:	2.893637005488078 minutes
Batch 10800 Loss:	3.4270235317526385
Batch 10800 Time:	2.838490883509318 minutes
Batch 10900 Loss:	2.872330315527506
Batch 10900 Time:	2.8548139254252116 minutes
Batch 11000 Loss:	4.105963895330206
Batch 11000 Time:	2.8719467441240947 minutes
Batch 11100 Loss:	3.441203268535901
Batch 11100 Time:	2.8623830318450927 minutes
Batch 11200 Loss:	3.278058242984116
Batch 11200 Time:	2.8673601150512695 minutes
Batch 11300 Loss:	3.7624859156785533
Batch 11300 Time:	2.8354243278503417 minutes
Batch 11400 Loss:	3.8595204520970583
Batch 11400 Time:	2.859791092077891 minutes
Batch 11500 Loss:	3.30174563662149
Batch 11500 Time:	2.9181175112724302 minutes
Batch 11600 Loss:	5.030198781285435
Batch 11600 Time:	2.8842881957689923 minutes
Batch 11700 Loss:	5.0410173336276785
Batch 11700 Time:	2.861264983812968 minutes
Batch 11800 Loss:	3.929346491349861
Batch 11800 Time:	2.8637948393821717 minutes
Batch 11900 Loss:	3.65161142492434
Batch 11900 Time:	2.815043286482493 minutes
Batch 12000 Loss:	5.1935726256342605
Batch 12000 Time:	2.8343496998151143 minutes
Batch 12100 Loss:	4.977016566379461
Batch 12100 Time:	2.833901830514272 minutes
Batch 12200 Loss:	3.8617207736242563
Batch 12200 Time:	2.887282685438792 minutes
Batch 12300 Loss:	4.22643051695195
Batch 12300 Time:	2.8871872584025065 minutes
Batch 12400 Loss:	4.223163081565872
Batch 12400 Time:	2.8896229306856793 minutes
Batch 12500 Loss:	4.331700013484806
Batch 12500 Time:	2.9437389731407166 minutes
Batch 12600 Loss:	2.73533076653257
Batch 12600 Time:	2.8644810994466146 minutes
Batch 12700 Loss:	4.013802522327751
Batch 12700 Time:	2.8848512331644693 minutes
Batch 12800 Loss:	2.7361847115680575
Batch 12800 Time:	2.871440343062083 minutes
Batch 12900 Loss:	3.4551330972462893
Batch 12900 Time:	2.913182759284973 minutes
Batch 13000 Loss:	2.936679699458182
Batch 13000 Time:	2.951920183499654 minutes
Batch 13100 Loss:	3.5103856815840118
Batch 13100 Time:	2.8822455763816834 minutes
Batch 13200 Loss:	3.5244772956939414
Batch 13200 Time:	2.8908026417096457 minutes
Batch 13300 Loss:	3.8160283274191897
Batch 13300 Time:	2.8416237672170004 minutes
Batch 13400 Loss:	4.035740471736062
Batch 13400 Time:	2.880905516942342 minutes
Batch 13500 Loss:	3.282208578370046
Batch 13500 Time:	2.8793166399002077 minutes
Batch 13600 Loss:	2.777754958195146
Batch 13600 Time:	2.9144426743189493 minutes
Batch 13700 Loss:	3.572589974035509
Batch 13700 Time:	2.918437457084656 minutes
Batch 13800 Loss:	3.558940522663761
Batch 13800 Time:	2.8470415751139324 minutes
Batch 13900 Loss:	3.73994326434331
Batch 13900 Time:	2.833297828833262 minutes
Batch 14000 Loss:	3.2126251147856237
Batch 14000 Time:	2.8270164767901105 minutes
Batch 14100 Loss:	3.20709155529039
Batch 14100 Time:	2.8852301836013794 minutes
Batch 14200 Loss:	3.442461013532011
Batch 14200 Time:	2.902621026833852 minutes
Batch 14300 Loss:	2.464953198679723
Batch 14300 Time:	2.9064603726069134 minutes
Batch 14400 Loss:	3.9595305471448228
Batch 14400 Time:	2.895842758814494 minutes
Batch 14500 Loss:	2.3615220815408975
Batch 14500 Time:	2.879391606648763 minutes
Batch 14600 Loss:	3.0629147710860707
Batch 14600 Time:	2.9146509726842242 minutes
Batch 14700 Loss:	2.4420237280864967
Batch 14700 Time:	2.9068724870681764 minutes
Batch 14800 Loss:	2.4981100073782727
Batch 14800 Time:	2.907576628526052 minutes
Batch 14900 Loss:	3.3731866417219862
Batch 14900 Time:	2.8990890860557554 minutes
Batch 15000 Loss:	2.7558125875657424
Batch 15000 Time:	2.8565846880277 minutes
Batch 15100 Loss:	2.646774514927529
Batch 15100 Time:	2.896867314974467 minutes
Batch 15200 Loss:	2.475113298452925
Batch 15200 Time:	2.839641777674357 minutes
Batch 15300 Loss:	3.5352021961007267
Batch 15300 Time:	2.8705800056457518 minutes
Batch 15400 Loss:	3.0740715006249957
Batch 15400 Time:	2.842000114917755 minutes
Batch 15500 Loss:	3.7112537508946843
Batch 15500 Time:	2.847183609008789 minutes
Batch 15600 Loss:	2.3783564743353054
Batch 15600 Time:	2.9083558241526286 minutes
Batch 15700 Loss:	2.5934756519272923
Batch 15700 Time:	2.9033275961875917 minutes
Batch 15800 Loss:	2.2786480830982327
Batch 15800 Time:	2.858354882399241 minutes
Batch 15900 Loss:	2.0786156145622954
Batch 15900 Time:	2.8735411445299786 minutes
Batch 16000 Loss:	2.4793149537872523
Batch 16000 Time:	2.8422090808550515 minutes
Batch 16100 Loss:	2.533041910006432
Batch 16100 Time:	2.855527385075887 minutes
Batch 16200 Loss:	2.0125958418357186
Batch 16200 Time:	2.848774516582489 minutes
Batch 16300 Loss:	2.905969205312431
Batch 16300 Time:	2.825499212741852 minutes
Batch 16400 Loss:	2.733932612813078
Batch 16400 Time:	2.860046414534251 minutes
Batch 16500 Loss:	3.136022532824427
Batch 16500 Time:	2.874694621562958 minutes
Batch 16600 Loss:	2.529348566837143
Batch 16600 Time:	2.8650956749916077 minutes
Batch 16700 Loss:	3.578889140248066
Batch 16700 Time:	2.9486918807029725 minutes
Batch 16800 Loss:	2.7898234173771925
Batch 16800 Time:	2.8836922883987426 minutes
Batch 16900 Loss:	2.703200296702562
Batch 16900 Time:	2.8746599237124126 minutes
Batch 17000 Loss:	2.599312466045376
Batch 17000 Time:	2.926905544598897 minutes
Batch 17100 Loss:	2.3137215300812386
Batch 17100 Time:	2.8974029620488486 minutes
Batch 17200 Loss:	2.973050383850932
Batch 17200 Time:	2.8622979799906414 minutes
Batch 17300 Loss:	3.7344891848042607
Batch 17300 Time:	2.8997202277183534 minutes
Batch 17400 Loss:	2.386790977558121
Batch 17400 Time:	2.848731787999471 minutes
Batch 17500 Loss:	3.4908344378345646
Batch 17500 Time:	2.869102931022644 minutes
Batch 17600 Loss:	2.547312713577412
Batch 17600 Time:	2.8926966508229572 minutes
Batch 17700 Loss:	1.7451667409040965
Batch 17700 Time:	2.8824114084243773 minutes
Batch 17800 Loss:	3.5172562756342813
Batch 17800 Time:	2.877790602048238 minutes
Batch 17900 Loss:	2.5862712274538353
Batch 17900 Time:	2.8885725498199464 minutes
Batch 18000 Loss:	2.322606080910191
Batch 18000 Time:	2.86844623486201 minutes
Batch 18100 Loss:	2.5487464762991294
Batch 18100 Time:	2.8938438415527346 minutes
Batch 18200 Loss:	2.864205285150092
Batch 18200 Time:	2.91356281042099 minutes
Batch 18300 Loss:	2.102988199534593
Batch 18300 Time:	2.9050318360328675 minutes
Batch 18400 Loss:	1.9636778915300965
Batch 18400 Time:	2.885845971107483 minutes
Batch 18500 Loss:	2.078164645121433
Batch 18500 Time:	2.8223690032958983 minutes
Batch 18600 Loss:	2.5146272193524055
Batch 18600 Time:	2.830172594388326 minutes
Batch 18700 Loss:	2.1729668297921307
Batch 18700 Time:	2.8394611994425456 minutes
Batch 18800 Loss:	1.8427905010757968
Batch 18800 Time:	2.8546704053878784 minutes
Batch 18900 Loss:	2.9081957210437395
Batch 18900 Time:	2.8159122188886005 minutes
Batch 19000 Loss:	2.8345793908229098
Batch 19000 Time:	2.786185610294342 minutes
Batch 19100 Loss:	3.135174658498727
Batch 19100 Time:	2.8237552642822266 minutes
Batch 19200 Loss:	3.010318768559955
Batch 19200 Time:	2.870031499862671 minutes
Batch 19300 Loss:	2.6116236954112537
Batch 19300 Time:	2.8651385863622028 minutes
Batch 19400 Loss:	2.8071681488654576
Batch 19400 Time:	2.8555526415507 minutes
Batch 19500 Loss:	2.3892105382401496
Batch 19500 Time:	2.8093557834625242 minutes
Batch 19600 Loss:	3.1300959028303623
Batch 19600 Time:	2.8168636997540792 minutes
Batch 19700 Loss:	1.9594574540969916
Batch 19700 Time:	2.8075454036394754 minutes
Batch 19800 Loss:	1.931536740186857
Batch 19800 Time:	2.920113988717397 minutes
Batch 19900 Loss:	2.1187295807758346
Batch 19900 Time:	2.8348835190137227 minutes
Training Time: 580.0095716675122 minutes
Test Time: 3.9971431930859884 minutes
Total Time: 584.0067157069842 minutes
Began Loading Data
Finished Loading Data
Batch 0 Loss:	0.7016611099243164
Batch 0 Time:	0.20086119969685873 minutes
Batch 100 Loss:	62.75244450569153
Batch 100 Time:	2.911924370129903 minutes
Batch 200 Loss:	52.41967096924782
Batch 200 Time:	2.9717267990112304 minutes
Batch 300 Loss:	45.00667643547058
Batch 300 Time:	2.9163978695869446 minutes
Batch 400 Loss:	40.63004492223263
Batch 400 Time:	2.9056924978892007 minutes
Batch 500 Loss:	36.40096132457256
Batch 500 Time:	2.973166592915853 minutes
Batch 600 Loss:	38.22182382643223
Batch 600 Time:	3.00697873433431 minutes
Batch 700 Loss:	32.30580444633961
Batch 700 Time:	2.9436464428901674 minutes
Batch 800 Loss:	32.04444967210293
Batch 800 Time:	2.955695935090383 minutes
Batch 900 Loss:	27.460371166467667
Batch 900 Time:	2.907506541411082 minutes
Batch 1000 Loss:	29.135194092988968
Batch 1000 Time:	2.966742181777954 minutes
Batch 1100 Loss:	25.97816252708435
Batch 1100 Time:	2.9580591201782225 minutes
Batch 1200 Loss:	25.378518044948578
Batch 1200 Time:	3.0051748315493265 minutes
Batch 1300 Loss:	24.40245768800378
Batch 1300 Time:	2.9439286470413206 minutes
Batch 1400 Loss:	23.693621158599854
Batch 1400 Time:	2.981295645236969 minutes
Batch 1500 Loss:	21.885758087038994
Batch 1500 Time:	2.9818563063939414 minutes
Batch 1600 Loss:	20.186612967401743
Batch 1600 Time:	3.0016732692718504 minutes
Batch 1700 Loss:	21.386077761650085
Batch 1700 Time:	2.9649131655693055 minutes
Batch 1800 Loss:	19.1493018604815
Batch 1800 Time:	2.9325198411941527 minutes
Batch 1900 Loss:	18.012652695178986
Batch 1900 Time:	2.9333718697230022 minutes
Batch 2000 Loss:	17.16542074456811
Batch 2000 Time:	2.9713528712590533 minutes
Batch 2100 Loss:	18.063870679587126
Batch 2100 Time:	3.0063035329182943 minutes
Batch 2200 Loss:	18.8722759000957
Batch 2200 Time:	2.9976032455762227 minutes
Batch 2300 Loss:	18.44989262893796
Batch 2300 Time:	3.009981409708659 minutes
Batch 2400 Loss:	16.052145954221487
Batch 2400 Time:	2.938041591644287 minutes
Batch 2500 Loss:	15.89422395825386
Batch 2500 Time:	2.961924982070923 minutes
Batch 2600 Loss:	16.737037098035216
Batch 2600 Time:	2.986682065327962 minutes
Batch 2700 Loss:	14.359403040260077
Batch 2700 Time:	2.934011336167653 minutes
Batch 2800 Loss:	17.03909032791853
Batch 2800 Time:	2.9608470797538757 minutes
Batch 2900 Loss:	15.427565274760127
Batch 2900 Time:	2.96064449151357 minutes
Batch 3000 Loss:	12.484091414138675
Batch 3000 Time:	2.873941441377004 minutes
Batch 3100 Loss:	14.253263473510742
Batch 3100 Time:	2.8926433444023134 minutes
Batch 3200 Loss:	13.911752469837666
Batch 3200 Time:	2.922013254960378 minutes
Batch 3300 Loss:	12.075320743955672
Batch 3300 Time:	2.950226378440857 minutes
Batch 3400 Loss:	12.13192075677216
Batch 3400 Time:	2.97737896045049 minutes
Batch 3500 Loss:	13.644788635894656
Batch 3500 Time:	2.885545508066813 minutes
Batch 3600 Loss:	11.467940106987953
Batch 3600 Time:	2.932497870922089 minutes
Batch 3700 Loss:	11.489178165793419
Batch 3700 Time:	2.909705479939779 minutes
Batch 3800 Loss:	12.26527052000165
Batch 3800 Time:	2.8730584422747296 minutes
Batch 3900 Loss:	11.836227186024189
Batch 3900 Time:	2.92761884133021 minutes
Batch 4000 Loss:	11.321108724921942
Batch 4000 Time:	2.9114309310913087 minutes
Batch 4100 Loss:	12.71168277040124
Batch 4100 Time:	2.9278868317604063 minutes
Batch 4200 Loss:	11.77507626451552
Batch 4200 Time:	2.9388964494069416 minutes
Batch 4300 Loss:	8.496240585576743
Batch 4300 Time:	2.9569517771402993 minutes
Batch 4400 Loss:	8.954721571411937
Batch 4400 Time:	2.9534494400024416 minutes
Batch 4500 Loss:	10.40518411854282
Batch 4500 Time:	2.8858882546424867 minutes
Batch 4600 Loss:	10.172891390044242
Batch 4600 Time:	2.930466862519582 minutes
Batch 4700 Loss:	10.838074013590813
Batch 4700 Time:	2.908079918225606 minutes
Batch 4800 Loss:	9.85799676226452
Batch 4800 Time:	2.91661186615626 minutes
Batch 4900 Loss:	8.438106718473136
Batch 4900 Time:	2.9148858706156413 minutes
Batch 5000 Loss:	8.790547334589064
Batch 5000 Time:	2.9255865693092344 minutes
Batch 5100 Loss:	10.283799688797444
Batch 5100 Time:	3.0054346760114035 minutes
Batch 5200 Loss:	8.908921236172318
Batch 5200 Time:	2.9745707233746845 minutes
Batch 5300 Loss:	7.42090724222362
Batch 5300 Time:	2.9421016295750935 minutes
Batch 5400 Loss:	10.045958096161485
Batch 5400 Time:	2.9497815012931823 minutes
Batch 5500 Loss:	8.324039925821126
Batch 5500 Time:	2.9164458314577737 minutes
Batch 5600 Loss:	7.574768501333892
Batch 5600 Time:	2.9041433334350586 minutes
Batch 5700 Loss:	9.684627559036016
Batch 5700 Time:	2.887318317095439 minutes
Batch 5800 Loss:	9.138169211801142
Batch 5800 Time:	2.9395820260047913 minutes
Batch 5900 Loss:	7.935021398938261
Batch 5900 Time:	2.9168691873550414 minutes
Batch 6000 Loss:	9.055958221666515
Batch 6000 Time:	2.925166896979014 minutes
Batch 6100 Loss:	7.255126186646521
Batch 6100 Time:	2.948207704226176 minutes
Batch 6200 Loss:	6.610921815270558
Batch 6200 Time:	2.920123489697774 minutes
Batch 6300 Loss:	6.760934561956674
Batch 6300 Time:	2.9649259130160015 minutes
Batch 6400 Loss:	7.205409892369062
Batch 6400 Time:	2.9757776896158856 minutes
Batch 6500 Loss:	7.655921192839742
Batch 6500 Time:	2.9520732164382935 minutes
Batch 6600 Loss:	7.748824339359999
Batch 6600 Time:	2.9167829513549806 minutes
Batch 6700 Loss:	7.484458944527432
Batch 6700 Time:	3.017412801583608 minutes
Batch 6800 Loss:	8.937429620884359
Batch 6800 Time:	3.0219111601511637 minutes
Batch 6900 Loss:	6.7158455941826105
Batch 6900 Time:	2.9964080572128298 minutes
Batch 7000 Loss:	6.826796886511147
Batch 7000 Time:	2.9254085659980773 minutes
Batch 7100 Loss:	6.15685934247449
Batch 7100 Time:	2.910788917541504 minutes
Batch 7200 Loss:	5.3662875378504395
Batch 7200 Time:	2.911658211549123 minutes
Batch 7300 Loss:	5.9645296682138
Batch 7300 Time:	2.9846795360247294 minutes
Batch 7400 Loss:	7.41106651420705
Batch 7400 Time:	2.9470358808835346 minutes
Batch 7500 Loss:	5.674372089095414
Batch 7500 Time:	2.9289389650026956 minutes
Batch 7600 Loss:	6.59013266232796
Batch 7600 Time:	2.9669416189193725 minutes
Batch 7700 Loss:	6.587719992036
Batch 7700 Time:	2.9243539055188497 minutes
Batch 7800 Loss:	6.171093755401671
Batch 7800 Time:	2.968546481927236 minutes
Batch 7900 Loss:	7.611852474277839
Batch 7900 Time:	2.894546047846476 minutes
Batch 8000 Loss:	5.215480655664578
Batch 8000 Time:	2.8723012526830036 minutes
Batch 8100 Loss:	5.238885685801506
Batch 8100 Time:	2.874066642920176 minutes
Batch 8200 Loss:	6.963390073506162
Batch 8200 Time:	2.9119343082110087 minutes
Batch 8300 Loss:	6.868192671332508
Batch 8300 Time:	2.910870401064555 minutes
Batch 8400 Loss:	5.895094192586839
Batch 8400 Time:	2.8880311489105224 minutes
Batch 8500 Loss:	7.94051418825984
Batch 8500 Time:	2.8741816798845927 minutes
Batch 8600 Loss:	6.2762603694573045
Batch 8600 Time:	2.887666201591492 minutes
Batch 8700 Loss:	8.704945370322093
Batch 8700 Time:	2.929668120543162 minutes
Batch 8800 Loss:	6.766804583370686
Batch 8800 Time:	2.9931610186894733 minutes
Batch 8900 Loss:	5.483809613157064
Batch 8900 Time:	2.9337321519851685 minutes
Batch 9000 Loss:	6.649974235799164
Batch 9000 Time:	2.9860754211743674 minutes
Batch 9100 Loss:	6.268555127084255
Batch 9100 Time:	2.956918160120646 minutes
Batch 9200 Loss:	7.531951295211911
Batch 9200 Time:	2.8938725113868715 minutes
Batch 9300 Loss:	6.669939624378458
Batch 9300 Time:	2.915200245380402 minutes
Batch 9400 Loss:	7.41399709135294
Batch 9400 Time:	2.8944533228874207 minutes
Batch 9500 Loss:	6.901781112421304
Batch 9500 Time:	2.901546359062195 minutes
Batch 9600 Loss:	7.4818394866306335
Batch 9600 Time:	2.906818222999573 minutes
Batch 9700 Loss:	6.037301925942302
Batch 9700 Time:	2.9224833369255068 minutes
Batch 9800 Loss:	5.107276481110603
Batch 9800 Time:	2.930099332332611 minutes
Batch 9900 Loss:	4.334789752494544
Batch 9900 Time:	2.9376938064893086 minutes
Batch 10000 Loss:	5.342670226586051
Batch 10000 Time:	2.9458255887031557 minutes
Batch 10100 Loss:	5.482025827048346
Batch 10100 Time:	2.8847996910413105 minutes
Batch 10200 Loss:	4.559652224648744
Batch 10200 Time:	2.8939775307973226 minutes
Batch 10300 Loss:	5.596103842603043
Batch 10300 Time:	2.8964259465535482 minutes
Batch 10400 Loss:	5.934286342468113
Batch 10400 Time:	2.93781373500824 minutes
Batch 10500 Loss:	4.674834804609418
Batch 10500 Time:	2.8969088355700174 minutes
Batch 10600 Loss:	4.89208003343083
Batch 10600 Time:	2.8475302616755167 minutes
Batch 10700 Loss:	5.035449217539281
Batch 10700 Time:	2.8798417965571086 minutes
Batch 10800 Loss:	5.85405613691546
Batch 10800 Time:	2.8742993235588075 minutes
Batch 10900 Loss:	4.426663406542502
Batch 10900 Time:	2.8179082036018372 minutes
Batch 11000 Loss:	5.641198034165427
Batch 11000 Time:	2.8300034920374553 minutes
Batch 11100 Loss:	6.764102526416536
Batch 11100 Time:	2.894918441772461 minutes
Batch 11200 Loss:	4.520922292256728
Batch 11200 Time:	2.908865503470103 minutes
Batch 11300 Loss:	4.4644035793608055
Batch 11300 Time:	2.8222865660985312 minutes
Batch 11400 Loss:	5.594709688099101
Batch 11400 Time:	2.876595942179362 minutes
Batch 11500 Loss:	4.29937640146818
Batch 11500 Time:	2.893188810348511 minutes
Batch 11600 Loss:	4.084208400803618
Batch 11600 Time:	2.8659146706263225 minutes
Batch 11700 Loss:	3.5439487497787923
Batch 11700 Time:	2.8445312857627867 minutes
Batch 11800 Loss:	3.4345971771981567
Batch 11800 Time:	2.847102948029836 minutes
Batch 11900 Loss:	3.7573849672917277
Batch 11900 Time:	2.865180194377899 minutes
Batch 12000 Loss:	4.713686622097157
Batch 12000 Time:	2.8881665229797364 minutes
Batch 12100 Loss:	5.836211784975603
Batch 12100 Time:	2.8794713815053306 minutes
Batch 12200 Loss:	5.111426355782896
Batch 12200 Time:	2.888712712128957 minutes
Batch 12300 Loss:	5.675308268575463
Batch 12300 Time:	2.8641920487085977 minutes
Batch 12400 Loss:	5.5857944710878655
Batch 12400 Time:	2.9293532292048137 minutes
Batch 12500 Loss:	4.675785233266652
Batch 12500 Time:	2.9542142271995546 minutes
Batch 12600 Loss:	3.996772720303852
Batch 12600 Time:	2.894142731030782 minutes
Batch 12700 Loss:	3.9430158706381917
Batch 12700 Time:	2.8769341389338177 minutes
Batch 12800 Loss:	4.935019304743037
Batch 12800 Time:	2.912238570054372 minutes
Batch 12900 Loss:	4.35745888191741
Batch 12900 Time:	2.961885611216227 minutes
Batch 13000 Loss:	4.564000967366155
Batch 13000 Time:	2.900274360179901 minutes
Batch 13100 Loss:	4.17914581601508
Batch 13100 Time:	2.8662051796913146 minutes
Batch 13200 Loss:	4.96509510173928
Batch 13200 Time:	2.8523725708325705 minutes
Batch 13300 Loss:	5.509306930471212
Batch 13300 Time:	2.861947063604991 minutes
Batch 13400 Loss:	3.0685239182785153
Batch 13400 Time:	2.9024790366490683 minutes
Batch 13500 Loss:	5.000171894440427
Batch 13500 Time:	2.9288644393285117 minutes
Batch 13600 Loss:	4.5779886594973505
Batch 13600 Time:	2.889369261264801 minutes
Batch 13700 Loss:	5.107019705581479
Batch 13700 Time:	2.8839874903361005 minutes
Batch 13800 Loss:	5.329949265578762
Batch 13800 Time:	2.8777482469876605 minutes
Batch 13900 Loss:	4.737636105506681
Batch 13900 Time:	2.882929599285126 minutes
Batch 14000 Loss:	5.954353069537319
Batch 14000 Time:	2.857055727640788 minutes
Batch 14100 Loss:	4.568074099719524
Batch 14100 Time:	2.8657645026842755 minutes
Batch 14200 Loss:	4.201225875644013
Batch 14200 Time:	2.8753461122512816 minutes
Batch 14300 Loss:	5.895303308032453
Batch 14300 Time:	2.8739976326624554 minutes
Batch 14400 Loss:	4.2081680058036
Batch 14400 Time:	2.947146244843801 minutes
Batch 14500 Loss:	4.930764738935977
Batch 14500 Time:	2.932424259185791 minutes
Batch 14600 Loss:	3.8522392503509764
Batch 14600 Time:	2.9021985967954 minutes
Batch 14700 Loss:	3.486211343028117
Batch 14700 Time:	2.9406534512837728 minutes
Batch 14800 Loss:	4.459179632598534
Batch 14800 Time:	2.8886370778083803 minutes
Batch 14900 Loss:	3.553031797055155
Batch 14900 Time:	2.940697733561198 minutes
Batch 15000 Loss:	5.494563153246418
Batch 15000 Time:	2.864160251617432 minutes
Batch 15100 Loss:	4.501519248296972
Batch 15100 Time:	2.9096627553304035 minutes
Batch 15200 Loss:	2.9832112165167928
Batch 15200 Time:	2.8603267749150594 minutes
Batch 15300 Loss:	3.0706077511422336
Batch 15300 Time:	2.884875750541687 minutes
Batch 15400 Loss:	3.792633406468667
Batch 15400 Time:	2.907581317424774 minutes
Batch 15500 Loss:	3.6696373199811205
Batch 15500 Time:	2.8914714097976684 minutes
Batch 15600 Loss:	3.9943371838890016
Batch 15600 Time:	2.9045915921529133 minutes
Batch 15700 Loss:	5.165058897342533
Batch 15700 Time:	2.912595800558726 minutes
Batch 15800 Loss:	5.216353331808932
Batch 15800 Time:	2.9158332188924154 minutes
Batch 15900 Loss:	3.3743344465619884
Batch 15900 Time:	2.854382050037384 minutes
Batch 16000 Loss:	3.6981868081493303
Batch 16000 Time:	2.8901638269424437 minutes
Batch 16100 Loss:	3.5252726811449975
Batch 16100 Time:	2.832985345522563 minutes
Batch 16200 Loss:	4.0277661146828905
Batch 16200 Time:	2.8473858912785848 minutes
Batch 16300 Loss:	3.3350431415019557
Batch 16300 Time:	2.867848285039266 minutes
Batch 16400 Loss:	3.5406753954011947
Batch 16400 Time:	2.888285195827484 minutes
Batch 16500 Loss:	2.5726823961012997
Batch 16500 Time:	2.874262038866679 minutes
Batch 16600 Loss:	3.5531464987434447
Batch 16600 Time:	2.918296158313751 minutes
Batch 16700 Loss:	3.367596814467106
Batch 16700 Time:	2.858855048815409 minutes
Batch 16800 Loss:	3.3002006879542023
Batch 16800 Time:	2.8956036011377972 minutes
Batch 16900 Loss:	4.621171735576354
Batch 16900 Time:	2.923803782463074 minutes
Batch 17000 Loss:	4.021318539394997
Batch 17000 Time:	2.8948036432266235 minutes
Batch 17100 Loss:	3.5074023820925504
Batch 17100 Time:	2.9495458682378133 minutes
Batch 17200 Loss:	3.4425003970391117
Batch 17200 Time:	2.867225933074951 minutes
Batch 17300 Loss:	3.2877695441711694
Batch 17300 Time:	2.922322110335032 minutes
Batch 17400 Loss:	2.58149631973356
Batch 17400 Time:	2.8342721462249756 minutes
Batch 17500 Loss:	4.462313705822453
Batch 17500 Time:	2.8876105189323424 minutes
Batch 17600 Loss:	3.704746989533305
Batch 17600 Time:	2.8994946757952373 minutes
Batch 17700 Loss:	3.594387238728814
Batch 17700 Time:	2.913594667116801 minutes
Batch 17800 Loss:	2.5745481851045042
Batch 17800 Time:	2.9009257674217226 minutes
Batch 17900 Loss:	4.027511396619957
Batch 17900 Time:	2.8777324318885804 minutes
Batch 18000 Loss:	2.863995942811016
Batch 18000 Time:	2.9227665185928347 minutes
Batch 18100 Loss:	4.105290364124812
Batch 18100 Time:	2.902896444002787 minutes
Batch 18200 Loss:	2.525209699786501
Batch 18200 Time:	2.891994615395864 minutes
Batch 18300 Loss:	2.7345083266845904
Batch 18300 Time:	2.9175494869550067 minutes
Batch 18400 Loss:	3.7389968360075727
Batch 18400 Time:	2.857643520832062 minutes
Batch 18500 Loss:	4.927907842968125
Batch 18500 Time:	2.8560691356658934 minutes
Batch 18600 Loss:	4.651068933017086
Batch 18600 Time:	2.8603196024894713 minutes
Batch 18700 Loss:	4.278810855757911
Batch 18700 Time:	2.919268532594045 minutes
Batch 18800 Loss:	4.300569839426316
Batch 18800 Time:	2.8626071055730185 minutes
Batch 18900 Loss:	3.4419989439775236
Batch 18900 Time:	2.8659622073173523 minutes
Batch 19000 Loss:	8.41892861953238
Batch 19000 Time:	2.8563279787699383 minutes
Batch 19100 Loss:	3.083348169689998
Batch 19100 Time:	2.8677539467811584 minutes
Batch 19200 Loss:	2.704330316017149
Batch 19200 Time:	2.9476418614387514 minutes
Batch 19300 Loss:	3.144894487108104
Batch 19300 Time:	2.8909408330917357 minutes
Batch 19400 Loss:	3.179365837655496
Batch 19400 Time:	2.873753853638967 minutes
Batch 19500 Loss:	4.425466793472879
Batch 19500 Time:	2.8618159612019856 minutes
Batch 19600 Loss:	4.848324405844323
Batch 19600 Time:	2.853329602877299 minutes
Batch 19700 Loss:	4.208119291928597
Batch 19700 Time:	2.844695552190145 minutes
Batch 19800 Loss:	3.9249075446277857
Batch 19800 Time:	2.925318936506907 minutes
Batch 19900 Loss:	3.1559060129220597
Batch 19900 Time:	2.880643347899119 minutes
Training Time: 583.378704170386 minutes
Test Time: 3.550748936335246 minutes
Total Time: 586.9294539928436 minutes
Began Loading Data
Finished Loading Data
Batch 0 Loss:	0.6936399340629578
Batch 0 Time:	0.20672128597895303 minutes
Batch 100 Loss:	47.74264335632324
Batch 100 Time:	3.003903019428253 minutes
Batch 200 Loss:	42.98689451813698
Batch 200 Time:	2.982028905550639 minutes
Batch 300 Loss:	34.644250489771366
Batch 300 Time:	2.9833317319552104 minutes
Batch 400 Loss:	33.079104382544756
Batch 400 Time:	2.9489277482032774 minutes
Batch 500 Loss:	29.86556461825967
Batch 500 Time:	2.9770594954490663 minutes
Batch 600 Loss:	28.41462030261755
Batch 600 Time:	2.9766708532969157 minutes
Batch 700 Loss:	27.573241591453552
Batch 700 Time:	2.9762147863705954 minutes
Batch 800 Loss:	28.09049417823553
Batch 800 Time:	3.02362300157547 minutes
Batch 900 Loss:	29.053515050560236
Batch 900 Time:	2.9813379526138304 minutes
Batch 1000 Loss:	25.02349365502596
Batch 1000 Time:	3.011515808105469 minutes
Batch 1100 Loss:	25.177444310858846
Batch 1100 Time:	3.0772492488225303 minutes
Batch 1200 Loss:	21.71897724410519
Batch 1200 Time:	2.980332108338674 minutes
Batch 1300 Loss:	21.104818595573306
Batch 1300 Time:	2.9733964602152505 minutes
Batch 1400 Loss:	24.00015940889716
Batch 1400 Time:	2.9951563676198325 minutes
Batch 1500 Loss:	21.176659991964698
Batch 1500 Time:	3.074452273050944 minutes
Batch 1600 Loss:	21.996619073674083
Batch 1600 Time:	2.9959184646606447 minutes
Batch 1700 Loss:	19.97660354571417
Batch 1700 Time:	3.0243775606155396 minutes
Batch 1800 Loss:	23.571532527916133
Batch 1800 Time:	2.964453864097595 minutes
Batch 1900 Loss:	22.18806635774672
Batch 1900 Time:	2.977623919645945 minutes
Batch 2000 Loss:	22.08224909566343
Batch 2000 Time:	3.0202090978622436 minutes
Batch 2100 Loss:	18.792823552154005
Batch 2100 Time:	2.9992825984954834 minutes
Batch 2200 Loss:	25.308170177973807
Batch 2200 Time:	3.023859429359436 minutes
Batch 2300 Loss:	29.361540225334466
Batch 2300 Time:	2.9866275946299234 minutes
Batch 2400 Loss:	19.973953703069128
Batch 2400 Time:	3.039222168922424 minutes
Batch 2500 Loss:	17.942746471147984
Batch 2500 Time:	2.9785772840181988 minutes
Batch 2600 Loss:	15.062012216076255
Batch 2600 Time:	2.9698121627171834 minutes
Batch 2700 Loss:	15.090019018389285
Batch 2700 Time:	2.98175048828125 minutes
Batch 2800 Loss:	19.047503436217085
Batch 2800 Time:	2.9546765526135763 minutes
Batch 2900 Loss:	14.008076749742031
Batch 2900 Time:	2.9618765393892925 minutes
Batch 3000 Loss:	16.00239553116262
Batch 3000 Time:	3.011830449104309 minutes
Batch 3100 Loss:	15.778796084690839
Batch 3100 Time:	2.9988782246907553 minutes
Batch 3200 Loss:	16.42380904557649
Batch 3200 Time:	2.9477324644724527 minutes
Batch 3300 Loss:	17.687216768972576
Batch 3300 Time:	3.0164151469866436 minutes
Batch 3400 Loss:	15.52477163495496
Batch 3400 Time:	2.953939851125081 minutes
Batch 3500 Loss:	12.581167190335691
Batch 3500 Time:	2.93422962029775 minutes
Batch 3600 Loss:	13.457764330552891
Batch 3600 Time:	2.929159613450368 minutes
Batch 3700 Loss:	14.587945642415434
Batch 3700 Time:	2.9527835130691527 minutes
Batch 3800 Loss:	14.812681534560397
Batch 3800 Time:	2.9541249752044676 minutes
Batch 3900 Loss:	15.912746912799776
Batch 3900 Time:	2.9550413290659585 minutes
Batch 4000 Loss:	16.022490683477372
Batch 4000 Time:	2.9133081634839377 minutes
Batch 4100 Loss:	12.961587148834951
Batch 4100 Time:	2.9526594201723735 minutes
Batch 4200 Loss:	10.258050342090428
Batch 4200 Time:	2.9473464687665305 minutes
Batch 4300 Loss:	11.467874019872397
Batch 4300 Time:	2.919843649864197 minutes
Batch 4400 Loss:	12.859299450763501
Batch 4400 Time:	2.955968141555786 minutes
Batch 4500 Loss:	15.110519399517216
Batch 4500 Time:	3.006013508637746 minutes
Batch 4600 Loss:	19.789306606631726
Batch 4600 Time:	2.9023539741834004 minutes
Batch 4700 Loss:	13.035946149844676
Batch 4700 Time:	2.9284642815589903 minutes
Batch 4800 Loss:	14.18487238837406
Batch 4800 Time:	2.9497435331344604 minutes
Batch 4900 Loss:	14.611184945795685
Batch 4900 Time:	2.9868029316266376 minutes
Batch 5000 Loss:	11.044459676602855
Batch 5000 Time:	2.972140459219615 minutes
Batch 5100 Loss:	13.550932098878548
Batch 5100 Time:	3.001670797665914 minutes
Batch 5200 Loss:	14.36560272378847
Batch 5200 Time:	3.029357425371806 minutes
Batch 5300 Loss:	11.7905762353912
Batch 5300 Time:	2.998238698641459 minutes
Batch 5400 Loss:	11.217832125694258
Batch 5400 Time:	2.9385756850242615 minutes
Batch 5500 Loss:	12.21836920970236
Batch 5500 Time:	2.967473371823629 minutes
Batch 5600 Loss:	12.591768505051732
Batch 5600 Time:	2.9528507192929587 minutes
Batch 5700 Loss:	10.253015121968929
Batch 5700 Time:	3.00083171526591 minutes
Batch 5800 Loss:	14.840791542781517
Batch 5800 Time:	3.0062718590100608 minutes
Batch 5900 Loss:	22.132242189924
Batch 5900 Time:	2.9712671478589376 minutes
Batch 6000 Loss:	11.739042593282647
Batch 6000 Time:	2.9809142629305523 minutes
Batch 6100 Loss:	18.238055888272356
Batch 6100 Time:	2.981889541943868 minutes
Batch 6200 Loss:	11.81736254756106
Batch 6200 Time:	2.9560991406440733 minutes
Batch 6300 Loss:	11.680181930074468
Batch 6300 Time:	2.9760847687721252 minutes
Batch 6400 Loss:	8.029682338936254
Batch 6400 Time:	2.954445437590281 minutes
Batch 6500 Loss:	14.097636741120368
Batch 6500 Time:	2.976172987620036 minutes
Batch 6600 Loss:	11.822943746694364
Batch 6600 Time:	3.046501076221466 minutes
Batch 6700 Loss:	10.029125041619409
Batch 6700 Time:	3.071335184574127 minutes
Batch 6800 Loss:	11.989594867627602
Batch 6800 Time:	2.982521712779999 minutes
Batch 6900 Loss:	11.944908851059154
Batch 6900 Time:	2.9990511337916055 minutes
Batch 7000 Loss:	10.15970048334566
Batch 7000 Time:	2.974958018461863 minutes
Batch 7100 Loss:	10.867500636028126
Batch 7100 Time:	2.9955429275830587 minutes
Batch 7200 Loss:	11.273076739955286
Batch 7200 Time:	3.023491895198822 minutes
Batch 7300 Loss:	11.357189918577205
Batch 7300 Time:	3.0337374726931254 minutes
Batch 7400 Loss:	10.849773365160218
Batch 7400 Time:	2.9789143125216166 minutes
Batch 7500 Loss:	9.216730361738882
Batch 7500 Time:	3.019129701455434 minutes
Batch 7600 Loss:	18.779697546968237
Batch 7600 Time:	2.9197585503260295 minutes
Batch 7700 Loss:	11.940663540008245
Batch 7700 Time:	3.0069836219151815 minutes
Batch 7800 Loss:	16.15892658867233
Batch 7800 Time:	2.910366443792979 minutes
Batch 7900 Loss:	14.762846764642745
Batch 7900 Time:	2.959379168351491 minutes
Batch 8000 Loss:	10.157075503084343
Batch 8000 Time:	2.913150958220164 minutes
Batch 8100 Loss:	12.992805364352535
Batch 8100 Time:	2.9445467352867127 minutes
Batch 8200 Loss:	9.900972248872222
Batch 8200 Time:	2.9433542410532634 minutes
Batch 8300 Loss:	10.4452575474279
Batch 8300 Time:	2.9222071806589764 minutes
Batch 8400 Loss:	12.49645927833626
Batch 8400 Time:	2.9485124468803408 minutes
Batch 8500 Loss:	10.156136586534558
Batch 8500 Time:	2.937081023057302 minutes
Batch 8600 Loss:	12.608882279368117
Batch 8600 Time:	3.057460113366445 minutes
Batch 8700 Loss:	13.552375496954483
Batch 8700 Time:	2.968786569436391 minutes
Batch 8800 Loss:	10.27516744780587
Batch 8800 Time:	3.001470728715261 minutes
Batch 8900 Loss:	18.275138322962448
Batch 8900 Time:	2.972134466965993 minutes
Batch 9000 Loss:	14.51114505184978
Batch 9000 Time:	2.9842191457748415 minutes
Batch 9100 Loss:	12.390065420244355
Batch 9100 Time:	2.9540812253952025 minutes
Batch 9200 Loss:	10.041881576238666
Batch 9200 Time:	2.957597001393636 minutes
Batch 9300 Loss:	14.607612388092093
Batch 9300 Time:	2.987869111696879 minutes
Batch 9400 Loss:	10.440877986007763
Batch 9400 Time:	2.942304853598277 minutes
Batch 9500 Loss:	21.540455382491928
Batch 9500 Time:	2.9110530694325765 minutes
Batch 9600 Loss:	13.352285898290575
Batch 9600 Time:	2.972918709119161 minutes
Batch 9700 Loss:	10.626593897904968
Batch 9700 Time:	2.9776350975036623 minutes
Batch 9800 Loss:	25.630452388271806
Batch 9800 Time:	2.9413483142852783 minutes
Batch 9900 Loss:	12.471635183828766
Batch 9900 Time:	2.926309398810069 minutes
Batch 10000 Loss:	10.94474672976503
Batch 10000 Time:	2.9129565954208374 minutes
Batch 10100 Loss:	12.024040109172347
Batch 10100 Time:	2.9453952074050904 minutes
Batch 10200 Loss:	9.419666429774225
Batch 10200 Time:	2.9793459097544353 minutes
Batch 10300 Loss:	15.329611111723352
Batch 10300 Time:	2.884278643131256 minutes
Batch 10400 Loss:	9.819933585211402
Batch 10400 Time:	2.910304641723633 minutes
Batch 10500 Loss:	7.573142678127624
Batch 10500 Time:	2.938903852303823 minutes
Batch 10600 Loss:	8.060627310696873
Batch 10600 Time:	2.921242860953013 minutes
Batch 10700 Loss:	15.224080363802159
Batch 10700 Time:	2.8709407647450766 minutes
Batch 10800 Loss:	13.197019271086901
Batch 10800 Time:	2.885413118203481 minutes
Batch 10900 Loss:	16.352694959713062
Batch 10900 Time:	2.8795365651448566 minutes
Batch 11000 Loss:	12.381998630672115
Batch 11000 Time:	2.861582295099894 minutes
Batch 11100 Loss:	10.86198355187662
Batch 11100 Time:	2.898590322335561 minutes
Batch 11200 Loss:	16.248635099909734
Batch 11200 Time:	2.948243832588196 minutes
Batch 11300 Loss:	12.057803367673841
Batch 11300 Time:	2.9280243357022604 minutes
Batch 11400 Loss:	9.682511207996868
Batch 11400 Time:	2.9299864212671918 minutes
Batch 11500 Loss:	14.015854456243687
Batch 11500 Time:	2.8830115874608357 minutes
Batch 11600 Loss:	12.718197728252562
Batch 11600 Time:	2.9095908999443054 minutes
Batch 11700 Loss:	14.109105790501872
Batch 11700 Time:	2.8825247804323832 minutes
Batch 11800 Loss:	27.608176042449486
Batch 11800 Time:	2.901120960712433 minutes
Batch 11900 Loss:	19.612839198540314
Batch 11900 Time:	2.9335496465365094 minutes
Batch 12000 Loss:	17.052833013542113
Batch 12000 Time:	2.9302365660667418 minutes
Batch 12100 Loss:	11.157368470623624
Batch 12100 Time:	2.9443681557973225 minutes
Batch 12200 Loss:	19.130504101827682
Batch 12200 Time:	2.935056622823079 minutes
Batch 12300 Loss:	18.187723710230784
Batch 12300 Time:	2.98432430823644 minutes
Batch 12400 Loss:	11.05569570784428
Batch 12400 Time:	2.909663764635722 minutes
Batch 12500 Loss:	18.11144565709401
Batch 12500 Time:	2.919580868879954 minutes
Batch 12600 Loss:	20.176483864686816
Batch 12600 Time:	2.9695919791857404 minutes
Batch 12700 Loss:	19.07028309488669
Batch 12700 Time:	3.010152836640676 minutes
Batch 12800 Loss:	7.472840381786227
Batch 12800 Time:	2.9815333088239035 minutes
Batch 12900 Loss:	24.841050420116517
Batch 12900 Time:	2.9690111835797626 minutes
Batch 13000 Loss:	10.656208075975883
Batch 13000 Time:	2.9323416034380596 minutes
Batch 13100 Loss:	24.01871725205642
Batch 13100 Time:	2.9372666319211325 minutes
Batch 13200 Loss:	28.736912508611567
Batch 13200 Time:	2.905584394931793 minutes
Batch 13300 Loss:	11.855012502870522
Batch 13300 Time:	2.9473501563072206 minutes
Batch 13400 Loss:	16.37871668391017
Batch 13400 Time:	3.0037873864173887 minutes
Batch 13500 Loss:	16.37478384221322
Batch 13500 Time:	2.9241800546646117 minutes
Batch 13600 Loss:	17.064074071575305
Batch 13600 Time:	2.9241263031959535 minutes
Batch 13700 Loss:	13.396580072433608
Batch 13700 Time:	2.903818492094676 minutes
Batch 13800 Loss:	6.7300651964797
Batch 13800 Time:	2.8937792499860127 minutes
Batch 13900 Loss:	8.948816008865833
Batch 13900 Time:	2.9151394764582315 minutes
Batch 14000 Loss:	18.654604118157295
Batch 14000 Time:	2.937931211789449 minutes
Batch 14100 Loss:	21.067763985905913
Batch 14100 Time:	2.9129128734270733 minutes
Batch 14200 Loss:	8.703033051981038
Batch 14200 Time:	2.9537508487701416 minutes
Batch 14300 Loss:	9.734614595450694
Batch 14300 Time:	2.93360151052475 minutes
Batch 14400 Loss:	14.44283414072197
Batch 14400 Time:	2.918001317977905 minutes
Batch 14500 Loss:	7.807015522150323
Batch 14500 Time:	2.910671865940094 minutes
Batch 14600 Loss:	9.143538937554695
Batch 14600 Time:	2.9500202775001525 minutes
Batch 14700 Loss:	7.3083519850624725
Batch 14700 Time:	2.9778619170188905 minutes
Batch 14800 Loss:	5.756200267845998
Batch 14800 Time:	2.9634379148483276 minutes
Batch 14900 Loss:	13.788587443719734
Batch 14900 Time:	2.96299014488856 minutes
Batch 15000 Loss:	14.702914511202835
Batch 15000 Time:	2.9122376283009848 minutes
Batch 15100 Loss:	14.454717525853994
Batch 15100 Time:	2.951485009988149 minutes
Batch 15200 Loss:	9.260382623884652
Batch 15200 Time:	2.9300048828125 minutes
Batch 15300 Loss:	15.621839333196476
Batch 15300 Time:	2.9834452350934346 minutes
Batch 15400 Loss:	8.26557943818807
Batch 15400 Time:	2.9534236590067544 minutes
Batch 15500 Loss:	19.74414791815161
Batch 15500 Time:	2.966237529118856 minutes
Batch 15600 Loss:	13.35132739493929
Batch 15600 Time:	2.9224530458450317 minutes
Batch 15700 Loss:	8.336414829228943
Batch 15700 Time:	2.9275870323181152 minutes
Batch 15800 Loss:	7.168091105016742
Batch 15800 Time:	2.895489740371704 minutes
Batch 15900 Loss:	7.709713015000489
Batch 15900 Time:	2.9027228991190595 minutes
Batch 16000 Loss:	7.385664724191884
Batch 16000 Time:	2.918451154232025 minutes
Batch 16100 Loss:	8.449626648920457
Batch 16100 Time:	2.9318513751029966 minutes
Batch 16200 Loss:	7.299960929827648
Batch 16200 Time:	2.9538657943407696 minutes
Batch 16300 Loss:	8.070263931129375
Batch 16300 Time:	2.9385918458302815 minutes
Batch 16400 Loss:	10.572675897943554
Batch 16400 Time:	2.9443575501441956 minutes
Batch 16500 Loss:	7.990313304653682
Batch 16500 Time:	2.917841549714406 minutes
Batch 16600 Loss:	8.188381264837517
Batch 16600 Time:	2.924678107102712 minutes
Batch 16700 Loss:	13.174866430865222
Batch 16700 Time:	2.9241082191467287 minutes
Batch 16800 Loss:	8.93695164577366
Batch 16800 Time:	2.990880294640859 minutes
Batch 16900 Loss:	5.781705849833088
Batch 16900 Time:	2.905342157681783 minutes
Batch 17000 Loss:	6.699708288242618
Batch 17000 Time:	2.9161933104197186 minutes
Batch 17100 Loss:	6.141982484918117
Batch 17100 Time:	2.9035791595776876 minutes
Batch 17200 Loss:	17.593799454081818
Batch 17200 Time:	2.8812520503997803 minutes
Batch 17300 Loss:	12.88197875079095
Batch 17300 Time:	2.9499862591425576 minutes
Batch 17400 Loss:	14.781293387291953
Batch 17400 Time:	2.9574801762898764 minutes
Batch 17500 Loss:	9.368237754340953
Batch 17500 Time:	2.9691082278887433 minutes
Batch 17600 Loss:	14.939406657460495
Batch 17600 Time:	2.9078556537628173 minutes
Batch 17700 Loss:	14.933091101032915
Batch 17700 Time:	2.959043010075887 minutes
Batch 17800 Loss:	8.329248864629335
Batch 17800 Time:	2.95039922396342 minutes
Batch 17900 Loss:	7.9567284027070855
Batch 17900 Time:	2.9405487259229024 minutes
Batch 18000 Loss:	12.449334841138352
Batch 18000 Time:	2.946747088432312 minutes
Batch 18100 Loss:	6.626531499248813
Batch 18100 Time:	2.9033967812856036 minutes
Batch 18200 Loss:	9.534285833367903
Batch 18200 Time:	2.903528622786204 minutes
Batch 18300 Loss:	5.51933834445299
Batch 18300 Time:	2.905487585067749 minutes
Batch 18400 Loss:	11.29928317822123
Batch 18400 Time:	2.9420929312705995 minutes
Batch 18500 Loss:	11.213418399091573
Batch 18500 Time:	2.909316186110179 minutes
Batch 18600 Loss:	9.140960981705575
Batch 18600 Time:	2.907510046164195 minutes
Batch 18700 Loss:	14.856989192860055
Batch 18700 Time:	2.899850781758626 minutes
Batch 18800 Loss:	7.943093261555987
Batch 18800 Time:	2.9317045052846273 minutes
Batch 18900 Loss:	19.369411212132945
Batch 18900 Time:	2.9669288992881775 minutes
Batch 19000 Loss:	9.212317328843596
Batch 19000 Time:	2.902516770362854 minutes
Batch 19100 Loss:	29.465198398840585
Batch 19100 Time:	2.891411821047465 minutes
Batch 19200 Loss:	9.205726971345712
Batch 19200 Time:	2.8763513207435607 minutes
Batch 19300 Loss:	14.161995265316364
Batch 19300 Time:	2.8805645942687987 minutes
Batch 19400 Loss:	33.45971580587866
Batch 19400 Time:	2.9423603733380634 minutes
Batch 19500 Loss:	22.46776680282403
Batch 19500 Time:	2.9528531551361086 minutes
Batch 19600 Loss:	9.757087396787028
Batch 19600 Time:	2.9138338923454286 minutes
Batch 19700 Loss:	11.50096902104633
Batch 19700 Time:	2.8645482023557025 minutes
Batch 19800 Loss:	10.203658918697329
Batch 19800 Time:	2.8922534704208376 minutes
Batch 19900 Loss:	20.272489950184536
Batch 19900 Time:	2.7769378344217936 minutes
Training Time: 590.9483350714048 minutes
Test Time: 3.405607545375824 minutes
Total Time: 594.3539436658224 minutes
Began Loading Data
Finished Loading Data
Batch 0 Loss:	0.7201416492462158
Batch 0 Time:	0.2238593061765035 minutes
Batch 100 Loss:	54.33238860964775
Batch 100 Time:	9.027640104293823 minutes
Batch 200 Loss:	37.055035293102264
Batch 200 Time:	8.888488407929739 minutes
Batch 300 Loss:	29.5207459628582
Batch 300 Time:	8.961151313781738 minutes
Batch 400 Loss:	25.098805785179138
Batch 400 Time:	8.850821733474731 minutes
Batch 500 Loss:	21.124761700630188
Batch 500 Time:	8.935546735922495 minutes
Batch 600 Loss:	19.42896717786789
Batch 600 Time:	8.963313229878743 minutes
Batch 700 Loss:	16.57232578098774
Batch 700 Time:	8.852632423241934 minutes
Batch 800 Loss:	14.921663671731949
Batch 800 Time:	8.9073455452919 minutes
Batch 900 Loss:	14.203868106007576
Batch 900 Time:	8.858351063728332 minutes
Batch 1000 Loss:	12.019613936543465
Batch 1000 Time:	8.891930445035298 minutes
Batch 1100 Loss:	10.619446039199829
Batch 1100 Time:	8.97653252283732 minutes
Batch 1200 Loss:	9.986896678805351
Batch 1200 Time:	8.999403313795726 minutes
Batch 1300 Loss:	9.706004478037357
Batch 1300 Time:	8.93168463309606 minutes
Batch 1400 Loss:	8.844590172171593
Batch 1400 Time:	8.893668989340464 minutes
Batch 1500 Loss:	8.154647078365088
Batch 1500 Time:	8.951271641254426 minutes
Batch 1600 Loss:	7.173466771841049
Batch 1600 Time:	8.936224806308747 minutes
Batch 1700 Loss:	7.342417418956757
Batch 1700 Time:	8.876874999205272 minutes
Batch 1800 Loss:	6.813351219519973
Batch 1800 Time:	8.909922854105632 minutes
Batch 1900 Loss:	6.501674881204963
Batch 1900 Time:	8.830534831682842 minutes
Batch 2000 Loss:	6.662023300305009
Batch 2000 Time:	8.970789019266764 minutes
Batch 2100 Loss:	6.051788721233606
Batch 2100 Time:	8.954698435465495 minutes
Batch 2200 Loss:	5.516179470345378
Batch 2200 Time:	8.976955791314444 minutes
Batch 2300 Loss:	4.994709790684283
Batch 2300 Time:	8.908241053422293 minutes
Batch 2400 Loss:	5.12544678337872
Batch 2400 Time:	8.954100084304809 minutes
Batch 2500 Loss:	5.208144029602408
Batch 2500 Time:	8.900339539845785 minutes
Batch 2600 Loss:	4.535147512331605
Batch 2600 Time:	8.955995953083038 minutes
Batch 2700 Loss:	4.4506646720692515
Batch 2700 Time:	8.856128124396006 minutes
Batch 2800 Loss:	4.011635202914476
Batch 2800 Time:	8.906025445461273 minutes
Batch 2900 Loss:	4.007192859426141
Batch 2900 Time:	8.939948097864788 minutes
Batch 3000 Loss:	4.293657662346959
Batch 3000 Time:	8.904622741540273 minutes
Batch 3100 Loss:	4.397746388800442
Batch 3100 Time:	8.967495203018188 minutes
Batch 3200 Loss:	3.9005453512072563
Batch 3200 Time:	8.881293300787608 minutes
Batch 3300 Loss:	3.838142001070082
Batch 3300 Time:	8.942438197135925 minutes
Batch 3400 Loss:	3.36023882124573
Batch 3400 Time:	8.940369745095571 minutes
Batch 3500 Loss:	3.9010823164135218
Batch 3500 Time:	8.950674601395924 minutes
Batch 3600 Loss:	3.800070196390152
Batch 3600 Time:	8.98594981431961 minutes
Batch 3700 Loss:	3.2636095425114036
Batch 3700 Time:	8.861593472957612 minutes
Batch 3800 Loss:	3.673339294269681
Batch 3800 Time:	8.926542429129283 minutes
Batch 3900 Loss:	2.9408210637047887
Batch 3900 Time:	8.964461640516918 minutes
Batch 4000 Loss:	3.538318925537169
Batch 4000 Time:	8.884048823515574 minutes
Batch 4100 Loss:	3.1877363780513406
Batch 4100 Time:	8.989885751406351 minutes
Batch 4200 Loss:	3.173626438714564
Batch 4200 Time:	8.87171547015508 minutes
Batch 4300 Loss:	2.697811999358237
Batch 4300 Time:	8.86447615623474 minutes
Batch 4400 Loss:	3.419096323661506
Batch 4400 Time:	8.918164070447286 minutes
Batch 4500 Loss:	2.5275645507499576
Batch 4500 Time:	8.889281785488128 minutes
Batch 4600 Loss:	3.239747599232942
Batch 4600 Time:	8.947207788626352 minutes
Batch 4700 Loss:	3.1636414197273552
Batch 4700 Time:	9.033427838484446 minutes
Batch 4800 Loss:	2.820984404766932
Batch 4800 Time:	8.934444483121236 minutes
Batch 4900 Loss:	2.3766431706026196
Batch 4900 Time:	8.92272130648295 minutes
Batch 5000 Loss:	2.599943236913532
Batch 5000 Time:	8.848936772346496 minutes
Batch 5100 Loss:	2.5543414456769824
Batch 5100 Time:	8.925166455904643 minutes
Batch 5200 Loss:	2.4371400247327983
Batch 5200 Time:	8.878273598353069 minutes
Batch 5300 Loss:	2.6399594601243734
Batch 5300 Time:	8.932029740015667 minutes
Batch 5400 Loss:	2.5792599879205227
Batch 5400 Time:	8.926642648379008 minutes
Batch 5500 Loss:	2.5622992017306387
Batch 5500 Time:	8.890135896205901 minutes
Batch 5600 Loss:	2.3971933748107404
Batch 5600 Time:	8.932815925280254 minutes
Batch 5700 Loss:	2.5557977738790214
Batch 5700 Time:	8.911204783121745 minutes
Batch 5800 Loss:	2.0670995654072613
Batch 5800 Time:	8.874155906836192 minutes
Batch 5900 Loss:	2.1436821590177715
Batch 5900 Time:	8.916302903493245 minutes
Batch 6000 Loss:	2.544248235411942
Batch 6000 Time:	8.946717421213785 minutes
Batch 6100 Loss:	2.609338548500091
Batch 6100 Time:	8.92441648642222 minutes
Batch 6200 Loss:	2.4817329412326217
Batch 6200 Time:	8.89807673295339 minutes
Batch 6300 Loss:	2.5536035844124854
Batch 6300 Time:	8.93853798309962 minutes
Batch 6400 Loss:	2.3380600423552096
Batch 6400 Time:	8.947378933429718 minutes
Batch 6500 Loss:	2.106424040161073
Batch 6500 Time:	8.949202652772268 minutes
Batch 6600 Loss:	1.9013088927604258
Batch 6600 Time:	8.935299487908681 minutes
Batch 6700 Loss:	1.9414409878663719
Batch 6700 Time:	8.909762879212698 minutes
Batch 6800 Loss:	2.3578236559405923
Batch 6800 Time:	8.836404987176259 minutes
Batch 6900 Loss:	1.9072251168545336
Batch 6900 Time:	8.891738863786061 minutes
Batch 7000 Loss:	1.881947273388505
Batch 7000 Time:	8.920673366387685 minutes
Batch 7100 Loss:	1.9787807057145983
Batch 7100 Time:	8.957870097955068 minutes
Batch 7200 Loss:	1.8184678801335394
Batch 7200 Time:	8.919766712188721 minutes
Batch 7300 Loss:	1.7400857857428491
Batch 7300 Time:	8.922795995076497 minutes
Batch 7400 Loss:	1.949469877872616
Batch 7400 Time:	8.904614118734996 minutes
Batch 7500 Loss:	1.6418226317036897
Batch 7500 Time:	8.854492696126302 minutes
Batch 7600 Loss:	1.78976034023799
Batch 7600 Time:	8.938913651307423 minutes
Batch 7700 Loss:	2.031769526656717
Batch 7700 Time:	8.889868648846944 minutes
Batch 7800 Loss:	1.7973992452025414
Batch 7800 Time:	8.880011252562205 minutes
Batch 7900 Loss:	1.7536782587412745
Batch 7900 Time:	8.945923554897309 minutes
Batch 8000 Loss:	1.719562657410279
Batch 8000 Time:	8.936256961027782 minutes
Batch 8100 Loss:	1.7494573032017797
Batch 8100 Time:	8.927992475032806 minutes
Batch 8200 Loss:	1.369316092459485
Batch 8200 Time:	8.923482286930085 minutes
Batch 8300 Loss:	1.4261873504146934
Batch 8300 Time:	8.949476651350658 minutes
Batch 8400 Loss:	1.6707200359087437
Batch 8400 Time:	8.870342540740968 minutes
Batch 8500 Loss:	1.651165080955252
Batch 8500 Time:	8.947232528527577 minutes
Batch 8600 Loss:	1.479544780217111
Batch 8600 Time:	8.813852894306184 minutes
Batch 8700 Loss:	1.6351555318105966
Batch 8700 Time:	8.932406890392304 minutes
Batch 8800 Loss:	1.2873212872073054
Batch 8800 Time:	8.911737596988678 minutes
Batch 8900 Loss:	1.5786836750339717
Batch 8900 Time:	8.91385129292806 minutes
Batch 9000 Loss:	1.942563257412985
Batch 9000 Time:	8.940582831700643 minutes
Batch 9100 Loss:	1.2069786514621228
Batch 9100 Time:	8.871827288468678 minutes
Batch 9200 Loss:	1.7911183235701174
Batch 9200 Time:	8.933674625555675 minutes
Batch 9300 Loss:	1.6916344910860062
Batch 9300 Time:	8.847545297940572 minutes
Batch 9400 Loss:	1.5370981462765485
Batch 9400 Time:	8.981777719656627 minutes
Batch 9500 Loss:	1.680966775631532
Batch 9500 Time:	8.898161037762959 minutes
Batch 9600 Loss:	1.5793433636426926
Batch 9600 Time:	8.926331929365794 minutes
Batch 9700 Loss:	1.6957734585739672
Batch 9700 Time:	8.878498979409535 minutes
Batch 9800 Loss:	1.603183595230803
Batch 9800 Time:	8.934441288312277 minutes
Batch 9900 Loss:	1.6545618241652846
Batch 9900 Time:	8.902674289544423 minutes
Batch 10000 Loss:	1.5610639896476641
Batch 10000 Time:	8.957211263974507 minutes
Batch 10100 Loss:	1.580535622080788
Batch 10100 Time:	8.960807915528616 minutes
Batch 10200 Loss:	1.5372945149429142
Batch 10200 Time:	8.921097433567047 minutes
Batch 10300 Loss:	1.263479273300618
Batch 10300 Time:	8.927074134349823 minutes
Batch 10400 Loss:	1.2977070808410645
Batch 10400 Time:	8.946129902203877 minutes
Batch 10500 Loss:	1.9530356517061591
Batch 10500 Time:	8.95199513832728 minutes
Batch 10600 Loss:	1.9684356269426644
Batch 10600 Time:	8.935180683930716 minutes
Batch 10700 Loss:	1.8223712407052517
Batch 10700 Time:	8.786725461483002 minutes
Batch 10800 Loss:	1.6109296004287899
Batch 10800 Time:	8.852922066052754 minutes
Batch 10900 Loss:	1.467540190787986
Batch 10900 Time:	8.829020833969116 minutes
Batch 11000 Loss:	1.653726810356602
Batch 11000 Time:	8.894957085450491 minutes
Batch 11100 Loss:	1.6575456222053617
Batch 11100 Time:	8.841500318050384 minutes
Batch 11200 Loss:	1.215338310226798
Batch 11200 Time:	8.836023736000062 minutes
Batch 11300 Loss:	1.3060677917674184
Batch 11300 Time:	8.831788492202758 minutes
Batch 11400 Loss:	1.1121107200160623
Batch 11400 Time:	8.84291600783666 minutes
Batch 11500 Loss:	1.132268444634974
Batch 11500 Time:	8.84509435892105 minutes
Batch 11600 Loss:	1.4554938696091995
Batch 11600 Time:	8.841572125752768 minutes
Batch 11700 Loss:	1.4655866492539644
Batch 11700 Time:	8.86163816054662 minutes
Batch 11800 Loss:	1.4401401395443827
Batch 11800 Time:	8.827575711409251 minutes
Batch 11900 Loss:	1.3335532897617668
Batch 11900 Time:	8.873404320081075 minutes
Batch 12000 Loss:	1.672090231673792
Batch 12000 Time:	8.865141753355662 minutes
Batch 12100 Loss:	1.2238482305547222
Batch 12100 Time:	8.835066040356955 minutes
Batch 12200 Loss:	1.4605127762188204
Batch 12200 Time:	8.867352120081584 minutes
Batch 12300 Loss:	1.291644306620583
Batch 12300 Time:	8.884472751617432 minutes
Batch 12400 Loss:	1.583679142408073
Batch 12400 Time:	8.896560776233674 minutes
Batch 12500 Loss:	1.5556066350545734
Batch 12500 Time:	8.796932764848073 minutes
Batch 12600 Loss:	1.3593952429946512
Batch 12600 Time:	8.862748650709788 minutes
Batch 12700 Loss:	1.417768395273015
Batch 12700 Time:	8.836096219221751 minutes
Batch 12800 Loss:	1.7816892265109345
Batch 12800 Time:	8.871737655003866 minutes
Batch 12900 Loss:	2.050275033339858
Batch 12900 Time:	8.881612388292949 minutes
Batch 13000 Loss:	0.856171929393895
Batch 13000 Time:	8.82009574174881 minutes
Batch 13100 Loss:	1.6125466267112643
Batch 13100 Time:	8.86414303779602 minutes
Batch 13200 Loss:	1.274691094411537
Batch 13200 Time:	8.914714352289836 minutes
Batch 13300 Loss:	1.4219390483340248
Batch 13300 Time:	8.856915573279062 minutes
Batch 13400 Loss:	1.2496680791955441
Batch 13400 Time:	8.85330928961436 minutes
Batch 13500 Loss:	1.102408503764309
Batch 13500 Time:	8.76618359486262 minutes
Batch 13600 Loss:	1.021941689075902
Batch 13600 Time:	8.841439922650656 minutes
Batch 13700 Loss:	1.1745686658541672
Batch 13700 Time:	8.869356334209442 minutes
Batch 13800 Loss:	0.9873896243516356
Batch 13800 Time:	8.910592532157898 minutes
Batch 13900 Loss:	1.2109704547328874
Batch 13900 Time:	8.841176136334736 minutes
Batch 14000 Loss:	1.0647088695550337
Batch 14000 Time:	8.867158134778341 minutes
Batch 14100 Loss:	1.255852120462805
Batch 14100 Time:	8.843030202388764 minutes
Batch 14200 Loss:	1.5027922306908295
Batch 14200 Time:	8.892774303754171 minutes
Batch 14300 Loss:	1.462994531961158
Batch 14300 Time:	8.909866293271383 minutes
Batch 14400 Loss:	0.8881302061490715
Batch 14400 Time:	8.851662524541219 minutes
Batch 14500 Loss:	2.3496707624872215
Batch 14500 Time:	8.873923516273498 minutes
Batch 14600 Loss:	1.1508614517515525
Batch 14600 Time:	8.871012830734253 minutes
Batch 14700 Loss:	0.9081235120538622
Batch 14700 Time:	8.899276900291444 minutes
Batch 14800 Loss:	1.5529154620599002
Batch 14800 Time:	8.852462089061737 minutes
Batch 14900 Loss:	1.1820209122961387
Batch 14900 Time:	8.761297261714935 minutes
Batch 15000 Loss:	1.2063711989903823
Batch 15000 Time:	8.875833849112192 minutes
Batch 15100 Loss:	1.211152215139009
Batch 15100 Time:	8.829197104771932 minutes
Batch 15200 Loss:	1.3417777414433658
Batch 15200 Time:	8.779486457506815 minutes
Batch 15300 Loss:	0.9928077980875969
Batch 15300 Time:	9.000180677572887 minutes
Batch 15400 Loss:	0.8566505754133686
Batch 15400 Time:	8.864827732245127 minutes
Batch 15500 Loss:	1.4201748949708417
Batch 15500 Time:	8.911885436375936 minutes
Batch 15600 Loss:	1.2613385886652395
Batch 15600 Time:	8.8337752699852 minutes
Batch 15700 Loss:	1.0492848267313093
Batch 15700 Time:	8.89684237241745 minutes
Batch 15800 Loss:	0.9270913889049552
Batch 15800 Time:	8.833210186163585 minutes
Batch 15900 Loss:	1.1112212989246473
Batch 15900 Time:	8.87849174340566 minutes
Batch 16000 Loss:	1.052848644205369
Batch 16000 Time:	8.851673726240794 minutes
Batch 16100 Loss:	1.4030045768013224
Batch 16100 Time:	8.847667582829793 minutes
Batch 16200 Loss:	1.0651273475959897
Batch 16200 Time:	8.928010372320811 minutes
Batch 16300 Loss:	0.990862641017884
Batch 16300 Time:	8.864710632960001 minutes
Batch 16400 Loss:	0.9283954848069698
Batch 16400 Time:	8.825776143868763 minutes
Batch 16500 Loss:	1.4674268774688244
Batch 16500 Time:	8.847701140244801 minutes
Batch 16600 Loss:	0.9407266904599965
Batch 16600 Time:	8.84639390707016 minutes
Batch 16700 Loss:	0.9508677019039169
Batch 16700 Time:	8.826541435718536 minutes
Batch 16800 Loss:	1.4422538516810164
Batch 16800 Time:	8.892304742336274 minutes
Batch 16900 Loss:	1.0103148083435372
Batch 16900 Time:	8.822036266326904 minutes
Batch 17000 Loss:	1.0870527606457472
Batch 17000 Time:	8.819169116020202 minutes
Batch 17100 Loss:	1.461878722999245
Batch 17100 Time:	8.883241248130798 minutes
Batch 17200 Loss:	1.3352263461565599
Batch 17200 Time:	8.80359966357549 minutes
Batch 17300 Loss:	1.0610919474856928
Batch 17300 Time:	8.849600927035015 minutes
Batch 17400 Loss:	0.9909863922512159
Batch 17400 Time:	8.846622649828593 minutes
Batch 17500 Loss:	1.0977229764685035
Batch 17500 Time:	8.804872552553812 minutes
Batch 17600 Loss:	0.9751124959439039
Batch 17600 Time:	8.887835574150085 minutes
Batch 17700 Loss:	0.9898757797782309
Batch 17700 Time:	8.847893464565278 minutes
Batch 17800 Loss:	1.1022801274666563
Batch 17800 Time:	8.804541043440501 minutes
Batch 17900 Loss:	1.0365488427923992
Batch 17900 Time:	8.859757514794667 minutes
Batch 18000 Loss:	1.1768181186635047
Batch 18000 Time:	8.878251278400421 minutes
Batch 18100 Loss:	1.006111036229413
Batch 18100 Time:	8.80091125567754 minutes
Batch 18200 Loss:	0.9060329702915624
Batch 18200 Time:	8.867045001188915 minutes
Batch 18300 Loss:	0.8212147749727592
Batch 18300 Time:	8.88123540878296 minutes
Batch 18400 Loss:	1.1519827200099826
Batch 18400 Time:	8.890770880381266 minutes
Batch 18500 Loss:	0.9236400598892942
Batch 18500 Time:	8.85141897201538 minutes
Batch 18600 Loss:	0.9427500732708722
Batch 18600 Time:	8.828863350550334 minutes
Batch 18700 Loss:	0.8636463805451058
Batch 18700 Time:	8.779877527554829 minutes
Batch 18800 Loss:	1.3086555098416284
Batch 18800 Time:	8.848243276278177 minutes
Batch 18900 Loss:	1.131297358428128
Batch 18900 Time:	8.836002516746522 minutes
Batch 19000 Loss:	0.9560754946433008
Batch 19000 Time:	8.839006181557973 minutes
Batch 19100 Loss:	1.073016282171011
Batch 19100 Time:	8.906298768520355 minutes
Batch 19200 Loss:	0.829877691809088
Batch 19200 Time:	8.883171729246776 minutes
Batch 19300 Loss:	1.071568300598301
Batch 19300 Time:	8.812372001012166 minutes
Batch 19400 Loss:	0.9850692184409127
Batch 19400 Time:	8.891115176677705 minutes
Batch 19500 Loss:	0.6776853362098336
Batch 19500 Time:	8.850506552060445 minutes
Batch 19600 Loss:	0.8788393386639655
Batch 19600 Time:	8.85181390841802 minutes
Batch 19700 Loss:	0.7011744431219995
Batch 19700 Time:	8.813048148155213 minutes
Batch 19800 Loss:	0.9903250967036001
Batch 19800 Time:	8.834827049573262 minutes
Batch 19900 Loss:	0.8445926993736066
Batch 19900 Time:	8.856742831071218 minutes
Training Time: 1778.3910483042398 minutes
Test Time: 3.169750682512919 minutes
Total Time: 1781.5607993682227 minutes
Began Loading Data
Finished Loading Data
Batch 0 Loss:	0.6984975934028625
Batch 0 Time:	0.21662975152333577 minutes
Batch 100 Loss:	53.31127932667732
Batch 100 Time:	9.261005779107412 minutes
Batch 200 Loss:	38.55020469427109
Batch 200 Time:	9.243727020422618 minutes
Batch 300 Loss:	32.58685778081417
Batch 300 Time:	9.228171320756276 minutes
Batch 400 Loss:	28.148762702941895
Batch 400 Time:	9.247184423605601 minutes
Batch 500 Loss:	23.292895331978798
Batch 500 Time:	9.239407734076183 minutes
Batch 600 Loss:	19.974121667444706
Batch 600 Time:	9.2454048315684 minutes
Batch 700 Loss:	17.92592728883028
Batch 700 Time:	9.207932066917419 minutes
Batch 800 Loss:	16.12389713525772
Batch 800 Time:	9.157433172067007 minutes
Batch 900 Loss:	14.658232793211937
Batch 900 Time:	9.13465146223704 minutes
Batch 1000 Loss:	13.218472190201283
Batch 1000 Time:	9.243947021166484 minutes
Batch 1100 Loss:	11.302995938807726
Batch 1100 Time:	9.177247341473898 minutes
Batch 1200 Loss:	11.555319245904684
Batch 1200 Time:	9.226437445481618 minutes
Batch 1300 Loss:	10.210737966001034
Batch 1300 Time:	9.191089860598247 minutes
Batch 1400 Loss:	9.435642022639513
Batch 1400 Time:	9.18679993947347 minutes
Batch 1500 Loss:	9.400140326470137
Batch 1500 Time:	9.25836186806361 minutes
Batch 1600 Loss:	8.134504739195108
Batch 1600 Time:	9.158163134256998 minutes
Batch 1700 Loss:	7.75528153963387
Batch 1700 Time:	9.254780467351278 minutes
Batch 1800 Loss:	7.090241488069296
Batch 1800 Time:	9.173375022411346 minutes
Batch 1900 Loss:	7.435624407604337
Batch 1900 Time:	9.262540475527446 minutes
Batch 2000 Loss:	6.745417458936572
Batch 2000 Time:	9.205566382408142 minutes
Batch 2100 Loss:	6.526323828846216
Batch 2100 Time:	9.211992959181467 minutes
Batch 2200 Loss:	6.344636932015419
Batch 2200 Time:	9.189562741915385 minutes
Batch 2300 Loss:	5.73268972709775
Batch 2300 Time:	9.186713254451751 minutes
Batch 2400 Loss:	5.446133151650429
Batch 2400 Time:	9.21147693792979 minutes
Batch 2500 Loss:	5.411279680207372
Batch 2500 Time:	9.223353922367096 minutes
Batch 2600 Loss:	4.996480424888432
Batch 2600 Time:	9.247734614213307 minutes
Batch 2700 Loss:	5.430980429984629
Batch 2700 Time:	9.266241240501405 minutes
Batch 2800 Loss:	5.211846912279725
Batch 2800 Time:	9.23765762646993 minutes
Batch 2900 Loss:	4.322796260938048
Batch 2900 Time:	9.26321355899175 minutes
Batch 3000 Loss:	4.502469984814525
Batch 3000 Time:	9.238825968901317 minutes
Batch 3100 Loss:	4.4079015497118235
Batch 3100 Time:	9.20096789598465 minutes
Batch 3200 Loss:	4.294699450023472
Batch 3200 Time:	9.208914184570313 minutes
Batch 3300 Loss:	3.372661671601236
Batch 3300 Time:	9.257049429416657 minutes
Batch 3400 Loss:	4.3292881064116955
Batch 3400 Time:	9.18590921163559 minutes
Batch 3500 Loss:	3.7962231361307204
Batch 3500 Time:	9.284110232194264 minutes
Batch 3600 Loss:	4.035013444721699
Batch 3600 Time:	9.221740297476451 minutes
Batch 3700 Loss:	3.962258569896221
Batch 3700 Time:	9.228284442424775 minutes
Batch 3800 Loss:	4.4280916708521545
Batch 3800 Time:	9.252833000818889 minutes
Batch 3900 Loss:	3.6952306386083364
Batch 3900 Time:	9.214110064506531 minutes
Batch 4000 Loss:	3.867731279693544
Batch 4000 Time:	9.180674831072489 minutes
Batch 4100 Loss:	3.3876030799001455
Batch 4100 Time:	9.227769509951274 minutes
Batch 4200 Loss:	3.519083217252046
Batch 4200 Time:	9.277814849217732 minutes
Batch 4300 Loss:	3.5398948951624334
Batch 4300 Time:	9.2364240248998 minutes
Batch 4400 Loss:	3.2819919968023896
Batch 4400 Time:	9.287300769488017 minutes
Batch 4500 Loss:	3.109555333852768
Batch 4500 Time:	9.241471393903096 minutes
Batch 4600 Loss:	3.2638255627825856
Batch 4600 Time:	9.239050702253978 minutes
Batch 4700 Loss:	2.727328387554735
Batch 4700 Time:	9.243163033326466 minutes
Batch 4800 Loss:	2.993347556795925
Batch 4800 Time:	9.240546909968058 minutes
Batch 4900 Loss:	3.0323765561915934
Batch 4900 Time:	9.171164949735006 minutes
Batch 5000 Loss:	3.3130428632721305
Batch 5000 Time:	9.268216419219971 minutes
Batch 5100 Loss:	2.8685659118928015
Batch 5100 Time:	9.177382040023804 minutes
Batch 5200 Loss:	2.8655878955032676
Batch 5200 Time:	9.177263812224071 minutes
Batch 5300 Loss:	2.9907924230210483
Batch 5300 Time:	9.145272632439932 minutes
Batch 5400 Loss:	3.0083937575109303
Batch 5400 Time:	9.209305274486542 minutes
Batch 5500 Loss:	2.7487977207638323
Batch 5500 Time:	9.202608998616537 minutes
Batch 5600 Loss:	2.4823485161177814
Batch 5600 Time:	9.131150241692861 minutes
Batch 5700 Loss:	2.279477941803634
Batch 5700 Time:	9.214322038491567 minutes
Batch 5800 Loss:	3.129702324513346
Batch 5800 Time:	9.201610962549845 minutes
Batch 5900 Loss:	2.6787225222215056
Batch 5900 Time:	9.192657419045766 minutes
Batch 6000 Loss:	2.5952801974490285
Batch 6000 Time:	9.183485472202301 minutes
Batch 6100 Loss:	2.429823008365929
Batch 6100 Time:	9.167355847358703 minutes
Batch 6200 Loss:	2.4329645237885416
Batch 6200 Time:	9.124551916122437 minutes
Batch 6300 Loss:	2.462513228878379
Batch 6300 Time:	9.16842939456304 minutes
Batch 6400 Loss:	2.9942195881158113
Batch 6400 Time:	9.243060314655304 minutes
Batch 6500 Loss:	2.430369347333908
Batch 6500 Time:	9.25410828590393 minutes
Batch 6600 Loss:	2.5166133218444884
Batch 6600 Time:	9.23792865673701 minutes
Batch 6700 Loss:	2.332301518181339
Batch 6700 Time:	9.229019272327424 minutes
Batch 6800 Loss:	1.7728330350946635
Batch 6800 Time:	9.225454397996266 minutes
Batch 6900 Loss:	2.24674508231692
Batch 6900 Time:	9.183837815125782 minutes
Batch 7000 Loss:	1.943258025450632
Batch 7000 Time:	9.15978113412857 minutes
Batch 7100 Loss:	2.2432960085570812
Batch 7100 Time:	9.257479858398437 minutes
Batch 7200 Loss:	2.0726934457197785
Batch 7200 Time:	9.267776842912038 minutes
Batch 7300 Loss:	2.1738719057757407
Batch 7300 Time:	9.181798938910166 minutes
Batch 7400 Loss:	2.1839312091469765
Batch 7400 Time:	9.224434467156728 minutes
Batch 7500 Loss:	2.0642966460436583
Batch 7500 Time:	9.242858727773031 minutes
Batch 7600 Loss:	2.1888313374947757
Batch 7600 Time:	9.168365899721781 minutes
Batch 7700 Loss:	1.7074940763413906
Batch 7700 Time:	9.20529239177704 minutes
Batch 7800 Loss:	2.177150862989947
Batch 7800 Time:	9.217402911186218 minutes
Batch 7900 Loss:	2.0570992683060467
Batch 7900 Time:	9.218868859608968 minutes
Batch 8000 Loss:	2.0154224215075374
Batch 8000 Time:	9.221812105178833 minutes
Batch 8100 Loss:	2.071354053216055
Batch 8100 Time:	9.208826053142548 minutes
Batch 8200 Loss:	1.957347181160003
Batch 8200 Time:	9.231505461533864 minutes
Batch 8300 Loss:	1.6618591181468219
Batch 8300 Time:	9.19072208404541 minutes
Batch 8400 Loss:	1.8389575309120119
Batch 8400 Time:	9.206231347719829 minutes
Batch 8500 Loss:	1.8651140339206904
Batch 8500 Time:	9.23519300222397 minutes
Batch 8600 Loss:	1.9291007332503796
Batch 8600 Time:	9.252496592203777 minutes
Batch 8700 Loss:	1.7113578589633107
Batch 8700 Time:	9.212938936551412 minutes
Batch 8800 Loss:	1.9510666348505765
Batch 8800 Time:	9.238253255685171 minutes
Batch 8900 Loss:	1.8496964031364769
Batch 8900 Time:	9.202603820959727 minutes
Batch 9000 Loss:	2.138528212206438
Batch 9000 Time:	9.231177222728729 minutes
Batch 9100 Loss:	1.9504250292666256
Batch 9100 Time:	9.20698957045873 minutes
Batch 9200 Loss:	2.0635412136325613
Batch 9200 Time:	9.295827341079711 minutes
Batch 9300 Loss:	1.7698800709331408
Batch 9300 Time:	9.197045143445333 minutes
Batch 9400 Loss:	1.884223252069205
Batch 9400 Time:	9.189152578512827 minutes
Batch 9500 Loss:	1.7207208834588528
Batch 9500 Time:	9.171351190408071 minutes
Batch 9600 Loss:	1.5576278588268906
Batch 9600 Time:	9.220785077412923 minutes
Batch 9700 Loss:	1.785783723462373
Batch 9700 Time:	9.242009087403614 minutes
Batch 9800 Loss:	1.483176790876314
Batch 9800 Time:	9.234459670384725 minutes
Batch 9900 Loss:	1.4943856729660183
Batch 9900 Time:	9.223623184363047 minutes
Batch 10000 Loss:	1.8838191983522847
Batch 10000 Time:	9.172748227914175 minutes
Batch 10100 Loss:	2.027749788481742
Batch 10100 Time:	9.230288835366567 minutes
Batch 10200 Loss:	1.6832950722891837
Batch 10200 Time:	9.257109153270722 minutes
Batch 10300 Loss:	1.698003101395443
Batch 10300 Time:	9.243183219432831 minutes
Batch 10400 Loss:	1.604020491358824
Batch 10400 Time:	9.271482412020365 minutes
Batch 10500 Loss:	1.2961057558422908
Batch 10500 Time:	9.239239239692688 minutes
Batch 10600 Loss:	1.3118427959270775
Batch 10600 Time:	9.225451290607452 minutes
Batch 10700 Loss:	1.5727026311215013
Batch 10700 Time:	9.251903124650319 minutes
Batch 10800 Loss:	1.4021063526161015
Batch 10800 Time:	9.216443622112275 minutes
Batch 10900 Loss:	2.121755490778014
Batch 10900 Time:	9.256912163893382 minutes
Batch 11000 Loss:	1.8340521178906783
Batch 11000 Time:	9.20851218700409 minutes
Batch 11100 Loss:	1.6945630627451465
Batch 11100 Time:	9.22200516462326 minutes
Batch 11200 Loss:	1.4327742458553985
Batch 11200 Time:	9.240161156654358 minutes
Batch 11300 Loss:	1.4618203528225422
Batch 11300 Time:	9.227407630284628 minutes
Batch 11400 Loss:	1.68780825054273
Batch 11400 Time:	9.22927136818568 minutes
Batch 11500 Loss:	1.5596188345225528
Batch 11500 Time:	9.233083764712015 minutes
Batch 11600 Loss:	1.2196647613309324
Batch 11600 Time:	9.26172334353129 minutes
Batch 11700 Loss:	1.362111991038546
Batch 11700 Time:	9.212740763028462 minutes
Batch 11800 Loss:	1.5371902744518593
Batch 11800 Time:	9.229186387856801 minutes
Batch 11900 Loss:	1.2747532604262233
Batch 11900 Time:	9.233730455239614 minutes
Batch 12000 Loss:	1.4357584726531059
Batch 12000 Time:	9.256760521729786 minutes
Batch 12100 Loss:	1.9117817317601293
Batch 12100 Time:	9.237990260124207 minutes
Batch 12200 Loss:	1.194194954703562
Batch 12200 Time:	9.199268289407094 minutes
Batch 12300 Loss:	1.3558956427732483
Batch 12300 Time:	9.265513110160828 minutes
Batch 12400 Loss:	1.3045998215675354
Batch 12400 Time:	9.197281714280447 minutes
Batch 12500 Loss:	1.2805783675285056
Batch 12500 Time:	9.208593010902405 minutes
Batch 12600 Loss:	1.4969237834447995
Batch 12600 Time:	9.252020291487376 minutes
Batch 12700 Loss:	1.366059833439067
Batch 12700 Time:	9.207158295313517 minutes
Batch 12800 Loss:	1.1412238751072437
Batch 12800 Time:	9.205717130502064 minutes
Batch 12900 Loss:	1.3005477678962052
Batch 12900 Time:	9.189593120416005 minutes
Batch 13000 Loss:	1.4826494284207001
Batch 13000 Time:	9.19255469640096 minutes
Batch 13100 Loss:	1.380042293225415
Batch 13100 Time:	9.218324156602224 minutes
Batch 13200 Loss:	1.4361549672903493
Batch 13200 Time:	9.267863110701244 minutes
Batch 13300 Loss:	1.5099773361580446
Batch 13300 Time:	9.208112967014312 minutes
Batch 13400 Loss:	1.0483007860020734
Batch 13400 Time:	9.173659034570058 minutes
Batch 13500 Loss:	1.2878236636752263
Batch 13500 Time:	9.225551458199819 minutes
Batch 13600 Loss:	1.2481950435321778
Batch 13600 Time:	9.234830510616302 minutes
Batch 13700 Loss:	1.6644236003048718
Batch 13700 Time:	9.225877670447032 minutes
Batch 13800 Loss:	1.1927618067711592
Batch 13800 Time:	9.219568093617758 minutes
Batch 13900 Loss:	1.1705829891143367
Batch 13900 Time:	9.237517774105072 minutes
Batch 14000 Loss:	1.2652851794846356
Batch 14000 Time:	9.196171939373016 minutes
Batch 14100 Loss:	1.1817259843228385
Batch 14100 Time:	9.273368346691132 minutes
Batch 14200 Loss:	1.3099484773119912
Batch 14200 Time:	9.170185041427612 minutes
Batch 14300 Loss:	1.9317403961904347
Batch 14300 Time:	9.244110027949015 minutes
Batch 14400 Loss:	1.2378982744412497
Batch 14400 Time:	9.280317799250286 minutes
Batch 14500 Loss:	1.502902892185375
Batch 14500 Time:	9.146989838282268 minutes
Batch 14600 Loss:	0.995123693253845
Batch 14600 Time:	9.181234010060628 minutes
Batch 14700 Loss:	0.9204989724094048
Batch 14700 Time:	10.406988787651063 minutes
Batch 14800 Loss:	1.0501288771629333
Batch 14800 Time:	9.268653778235118 minutes
Batch 14900 Loss:	1.3947643066057935
Batch 14900 Time:	9.245802485942841 minutes
Batch 15000 Loss:	1.1032195901498199
Batch 15000 Time:	9.216084909439086 minutes
Batch 15100 Loss:	1.3226049174554646
Batch 15100 Time:	9.238842682043712 minutes
Batch 15200 Loss:	1.2699602408101782
Batch 15200 Time:	9.20169810851415 minutes
Batch 15300 Loss:	1.6072651223512366
Batch 15300 Time:	9.212411773204803 minutes
Batch 15400 Loss:	1.0029592829523608
Batch 15400 Time:	9.25246575276057 minutes
Batch 15500 Loss:	0.8908919615205377
Batch 15500 Time:	9.29233024517695 minutes
Batch 15600 Loss:	1.0653993047308177
Batch 15600 Time:	9.204340851306915 minutes
Batch 15700 Loss:	1.2210557265207171
Batch 15700 Time:	9.248166652520498 minutes
Batch 15800 Loss:	1.0813432942377403
Batch 15800 Time:	9.174050458272298 minutes
Batch 15900 Loss:	0.8777495586546138
Batch 15900 Time:	9.139370493094127 minutes
Batch 16000 Loss:	0.9363574347225949
Batch 16000 Time:	9.21445284684499 minutes
Batch 16100 Loss:	1.027179826167412
Batch 16100 Time:	9.230373485883076 minutes
Batch 16200 Loss:	0.7601490071974695
Batch 16200 Time:	9.220838590463002 minutes
Batch 16300 Loss:	0.9755495190620422
Batch 16300 Time:	9.235451487700145 minutes
Batch 16400 Loss:	0.8554751145420596
Batch 16400 Time:	9.196020583311716 minutes
Batch 16500 Loss:	1.2887717707781121
Batch 16500 Time:	9.16407919327418 minutes
Batch 16600 Loss:	0.8440956640988588
Batch 16600 Time:	9.179021906852721 minutes
Batch 16700 Loss:	1.1259853024967015
Batch 16700 Time:	9.221660649776458 minutes
Batch 16800 Loss:	1.1648008138872683
Batch 16800 Time:	9.260551087061565 minutes
Batch 16900 Loss:	1.2166369563201442
Batch 16900 Time:	9.22872615257899 minutes
Batch 17000 Loss:	1.184093206655234
Batch 17000 Time:	9.188060855865478 minutes
Batch 17100 Loss:	1.104962941026315
Batch 17100 Time:	9.262752870718638 minutes
Batch 17200 Loss:	0.9883097781566903
Batch 17200 Time:	9.261374807357788 minutes
Batch 17300 Loss:	0.9718241769587621
Batch 17300 Time:	9.20915367603302 minutes
Batch 17400 Loss:	1.5084507785504684
Batch 17400 Time:	9.232937928040823 minutes
Batch 17500 Loss:	1.6536964974948205
Batch 17500 Time:	9.180830613772075 minutes
Batch 17600 Loss:	1.141564778983593
Batch 17600 Time:	9.252471812566121 minutes
Batch 17700 Loss:	1.5686999758472666
Batch 17700 Time:	9.210047201315563 minutes
Batch 17800 Loss:	1.0367741456720978
Batch 17800 Time:	9.198545050621032 minutes
Batch 17900 Loss:	1.307565331517253
Batch 17900 Time:	9.234475429852804 minutes
Batch 18000 Loss:	2.2027363340603188
Batch 18000 Time:	9.231098437309265 minutes
Batch 18100 Loss:	0.7847297630505636
Batch 18100 Time:	9.219669612248738 minutes
Batch 18200 Loss:	0.9214119901880622
Batch 18200 Time:	9.161145289738974 minutes
Batch 18300 Loss:	0.7946651657694019
Batch 18300 Time:	9.203619086742401 minutes
Batch 18400 Loss:	0.9648570748395287
Batch 18400 Time:	9.192214941978454 minutes
Batch 18500 Loss:	1.1763659995049238
Batch 18500 Time:	9.20815056959788 minutes
Batch 18600 Loss:	0.8095470099942759
Batch 18600 Time:	9.199747955799102 minutes
Batch 18700 Loss:	1.0510951190954074
Batch 18700 Time:	9.21278433005015 minutes
Batch 18800 Loss:	0.6588955940678716
Batch 18800 Time:	9.224665677547454 minutes
Batch 18900 Loss:	0.9165064679691568
Batch 18900 Time:	9.237044560909272 minutes
Batch 19000 Loss:	1.2489850487327203
Batch 19000 Time:	9.181504440307616 minutes
Batch 19100 Loss:	0.8501490319613367
Batch 19100 Time:	9.199468545118968 minutes
Batch 19200 Loss:	0.8103398471139371
Batch 19200 Time:	9.22303516070048 minutes
Batch 19300 Loss:	0.8063105114270002
Batch 19300 Time:	9.219785944620769 minutes
Batch 19400 Loss:	1.0587189820944332
Batch 19400 Time:	9.276054724057515 minutes
Batch 19500 Loss:	0.9633302521542646
Batch 19500 Time:	9.208128388722738 minutes
Batch 19600 Loss:	0.841818981221877
Batch 19600 Time:	9.25150820016861 minutes
Batch 19700 Loss:	0.8607104646507651
Batch 19700 Time:	9.233139638106028 minutes
Batch 19800 Loss:	0.6052067230921239
Batch 19800 Time:	9.196284985542297 minutes
Batch 19900 Loss:	1.1541579969925806
Batch 19900 Time:	9.231908452510833 minutes
Training Time: 1845.589431587855 minutes
Test Time: 2.803389863173167 minutes
Total Time: 1848.3928217450778 minutes
Began Loading Data
Finished Loading Data
Batch 0 Loss:	0.7155275940895081
Batch 0 Time:	0.2896506905555725 minutes
Batch 100 Loss:	56.6730260848999
Batch 100 Time:	11.974816846847535 minutes
Batch 200 Loss:	39.824098616838455
Batch 200 Time:	11.894917062918346 minutes
Batch 300 Loss:	32.535101801157
Batch 300 Time:	12.024707969029745 minutes
Batch 400 Loss:	28.442103028297424
Batch 400 Time:	12.054293922583263 minutes
Batch 500 Loss:	24.485221937298775
Batch 500 Time:	12.009629277388255 minutes
Batch 600 Loss:	22.26405505090952
Batch 600 Time:	12.101515758037568 minutes
Batch 700 Loss:	18.104711592197418
Batch 700 Time:	11.8727397441864 minutes
Batch 800 Loss:	16.934244848787785
Batch 800 Time:	11.963309605916342 minutes
Batch 900 Loss:	14.825326681137085
Batch 900 Time:	11.815248866875967 minutes
Batch 1000 Loss:	13.435977064073086
Batch 1000 Time:	11.770366982618969 minutes
Batch 1100 Loss:	12.788338840007782
Batch 1100 Time:	11.839705081780751 minutes
Batch 1200 Loss:	11.780278101563454
Batch 1200 Time:	11.877455254395803 minutes
Batch 1300 Loss:	10.52243461087346
Batch 1300 Time:	12.015548515319825 minutes
Batch 1400 Loss:	10.465872541069984
Batch 1400 Time:	11.83601375023524 minutes
Batch 1500 Loss:	8.897172555327415
Batch 1500 Time:	11.88820558389028 minutes
Batch 1600 Loss:	8.239485358819366
Batch 1600 Time:	11.932211355368297 minutes
Batch 1700 Loss:	7.768935827538371
Batch 1700 Time:	12.038761222362519 minutes
Batch 1800 Loss:	7.435946932062507
Batch 1800 Time:	11.886340328057607 minutes
Batch 1900 Loss:	7.0609643794596195
Batch 1900 Time:	11.914158662160238 minutes
Batch 2000 Loss:	6.417122142389417
Batch 2000 Time:	11.814447379112243 minutes
Batch 2100 Loss:	6.779356274753809
Batch 2100 Time:	11.877802701791127 minutes
Batch 2200 Loss:	6.514070842415094
Batch 2200 Time:	12.02105941772461 minutes
Batch 2300 Loss:	6.342010471969843
Batch 2300 Time:	11.778922108809153 minutes
Batch 2400 Loss:	5.476643022149801
Batch 2400 Time:	11.821260996659596 minutes
Batch 2500 Loss:	5.070012817159295
Batch 2500 Time:	11.811483188470204 minutes
Batch 2600 Loss:	5.400441996753216
Batch 2600 Time:	11.718164563179016 minutes
Batch 2700 Loss:	5.1088301576673985
Batch 2700 Time:	11.64218696753184 minutes
Batch 2800 Loss:	5.140731831081212
Batch 2800 Time:	11.710978090763092 minutes
Batch 2900 Loss:	4.81764686666429
Batch 2900 Time:	11.628942382335662 minutes
Batch 3000 Loss:	4.794077274389565
Batch 3000 Time:	11.61000820795695 minutes
Batch 3100 Loss:	4.39466742053628
Batch 3100 Time:	11.752156432469686 minutes
Batch 3200 Loss:	4.344287223182619
Batch 3200 Time:	11.845320343971252 minutes
Batch 3300 Loss:	4.3136283457279205
Batch 3300 Time:	11.683302966753642 minutes
Batch 3400 Loss:	4.148110733367503
Batch 3400 Time:	11.775518381595612 minutes
Batch 3500 Loss:	3.747283519245684
Batch 3500 Time:	11.771078010400137 minutes
Batch 3600 Loss:	3.5096114045009017
Batch 3600 Time:	11.724316342671711 minutes
Batch 3700 Loss:	4.234674273990095
Batch 3700 Time:	11.755633982022603 minutes
Batch 3800 Loss:	3.579926130361855
Batch 3800 Time:	11.743575525283813 minutes
Batch 3900 Loss:	3.143510725349188
Batch 3900 Time:	11.763084057966868 minutes
Batch 4000 Loss:	3.1011689067818224
Batch 4000 Time:	11.59618498881658 minutes
Batch 4100 Loss:	3.800067405216396
Batch 4100 Time:	11.705535837014516 minutes
Batch 4200 Loss:	3.801062776707113
Batch 4200 Time:	11.763595728079478 minutes
Batch 4300 Loss:	3.2452303376048803
Batch 4300 Time:	11.756136171023051 minutes
Batch 4400 Loss:	3.1038728822022676
Batch 4400 Time:	11.790056916077932 minutes
Batch 4500 Loss:	3.1382413702085614
Batch 4500 Time:	11.74886521100998 minutes
Batch 4600 Loss:	2.9678550479002297
Batch 4600 Time:	11.693033854166666 minutes
Batch 4700 Loss:	3.5511341132223606
Batch 4700 Time:	11.68067239522934 minutes
Batch 4800 Loss:	3.1248635770753026
Batch 4800 Time:	11.628256833553314 minutes
Batch 4900 Loss:	2.9259824282489717
Batch 4900 Time:	11.669846653938293 minutes
Batch 5000 Loss:	3.07180046569556
Batch 5000 Time:	11.256246197223664 minutes
Batch 5100 Loss:	3.038238121662289
Batch 5100 Time:	11.17593074242274 minutes
Batch 5200 Loss:	2.438219419680536
Batch 5200 Time:	11.166273299853007 minutes
Batch 5300 Loss:	2.8146414286457
Batch 5300 Time:	11.148481937249501 minutes
Batch 5400 Loss:	2.2801938108168542
Batch 5400 Time:	11.126983241240184 minutes
Batch 5500 Loss:	2.63945927657187
Batch 5500 Time:	11.17550475994746 minutes
Batch 5600 Loss:	2.8270032652653754
Batch 5600 Time:	11.176666990915935 minutes
Batch 5700 Loss:	2.586142879910767
Batch 5700 Time:	11.176180406411488 minutes
Batch 5800 Loss:	2.435546718304977
Batch 5800 Time:	11.071918539206187 minutes
Batch 5900 Loss:	2.7542163599282503
Batch 5900 Time:	11.112713678677876 minutes
Batch 6000 Loss:	2.555857019033283
Batch 6000 Time:	11.203675027688345 minutes
Batch 6100 Loss:	2.4800625685602427
Batch 6100 Time:	11.128255379199981 minutes
Batch 6200 Loss:	2.3399504353292286
Batch 6200 Time:	11.050434970855713 minutes
Batch 6300 Loss:	2.4598717044573277
Batch 6300 Time:	11.11990646123886 minutes
Batch 6400 Loss:	2.2809460419230163
Batch 6400 Time:	11.050729020436604 minutes
Batch 6500 Loss:	2.454502334119752
Batch 6500 Time:	11.050744350751241 minutes
Batch 6600 Loss:	2.5225944234989583
Batch 6600 Time:	11.187188963095346 minutes
Batch 6700 Loss:	2.2852307201828808
Batch 6700 Time:	11.125017674763997 minutes
Batch 6800 Loss:	2.2408599820919335
Batch 6800 Time:	11.117786097526551 minutes
Batch 6900 Loss:	2.289647930301726
Batch 6900 Time:	11.14905869960785 minutes
Batch 7000 Loss:	2.318824617192149
Batch 7000 Time:	11.132665888468425 minutes
Batch 7100 Loss:	2.0706065203994513
Batch 7100 Time:	11.276449688275655 minutes
Batch 7200 Loss:	2.4178708996623755
Batch 7200 Time:	11.221866234143574 minutes
Batch 7300 Loss:	1.8211030107922852
Batch 7300 Time:	11.151646606127422 minutes
Batch 7400 Loss:	2.2331391505431384
Batch 7400 Time:	11.186936096350353 minutes
Batch 7500 Loss:	2.454624708974734
Batch 7500 Time:	11.178567636013032 minutes
Batch 7600 Loss:	1.8483536236453801
Batch 7600 Time:	11.194631127516429 minutes
Batch 7700 Loss:	2.2682376271113753
Batch 7700 Time:	11.060461755593618 minutes
Batch 7800 Loss:	1.9824984264560044
Batch 7800 Time:	11.111918648084005 minutes
Batch 7900 Loss:	1.7220638215076178
Batch 7900 Time:	11.022227323055267 minutes
Batch 8000 Loss:	2.409181518945843
Batch 8000 Time:	11.121911950906117 minutes
Batch 8100 Loss:	2.0635361780878156
Batch 8100 Time:	11.203387641906739 minutes
Batch 8200 Loss:	2.0559324268251657
Batch 8200 Time:	11.153207055727641 minutes
Batch 8300 Loss:	1.507422364782542
Batch 8300 Time:	11.197379696369172 minutes
Batch 8400 Loss:	1.7732417932711542
Batch 8400 Time:	11.215488497416178 minutes
Batch 8500 Loss:	1.9825830624904484
Batch 8500 Time:	11.142305215199789 minutes
Batch 8600 Loss:	1.4121505487710238
Batch 8600 Time:	11.10357988278071 minutes
Batch 8700 Loss:	2.009634255198762
Batch 8700 Time:	11.22871927022934 minutes
Batch 8800 Loss:	1.9523462653160095
Batch 8800 Time:	11.299391186237335 minutes
Batch 8900 Loss:	1.8281939702574164
Batch 8900 Time:	11.39637976884842 minutes
Batch 9000 Loss:	1.6378381301183254
Batch 9000 Time:	11.504645983378092 minutes
Batch 9100 Loss:	1.8105107066221535
Batch 9100 Time:	11.388876696427664 minutes
Batch 9200 Loss:	1.6159781035967171
Batch 9200 Time:	11.328093898296355 minutes
Batch 9300 Loss:	1.9062420667614788
Batch 9300 Time:	11.211130587259929 minutes
Batch 9400 Loss:	1.4990649844985455
Batch 9400 Time:	11.199938817818959 minutes
Batch 9500 Loss:	1.8652008490171283
Batch 9500 Time:	11.140127404530842 minutes
Batch 9600 Loss:	1.760130260605365
Batch 9600 Time:	11.146595505873362 minutes
Batch 9700 Loss:	2.121824686182663
Batch 9700 Time:	11.139574146270752 minutes
Batch 9800 Loss:	1.457543577067554
Batch 9800 Time:	11.12699253956477 minutes
Batch 9900 Loss:	1.4790177489630878
Batch 9900 Time:	11.317345905303956 minutes
Batch 10000 Loss:	1.8487767931073904
Batch 10000 Time:	11.364022854963938 minutes
Batch 10100 Loss:	1.821015227935277
Batch 10100 Time:	11.32049153248469 minutes
Batch 10200 Loss:	1.8855131026357412
Batch 10200 Time:	11.322266177336376 minutes
Batch 10300 Loss:	1.936670740135014
Batch 10300 Time:	11.25007461309433 minutes
Batch 10400 Loss:	1.4512837261427194
Batch 10400 Time:	11.4437344789505 minutes
Batch 10500 Loss:	1.3130606154445559
Batch 10500 Time:	11.34935884475708 minutes
Batch 10600 Loss:	1.2356216555926949
Batch 10600 Time:	11.076783347129822 minutes
Batch 10700 Loss:	1.280162504175678
Batch 10700 Time:	10.982932662963867 minutes
Batch 10800 Loss:	1.6378914875676855
Batch 10800 Time:	11.092558530966441 minutes
Batch 10900 Loss:	1.718518862966448
Batch 10900 Time:	11.134092450141907 minutes
Batch 11000 Loss:	1.895964260911569
Batch 11000 Time:	11.431471943855286 minutes
Batch 11100 Loss:	1.3134612231515348
Batch 11100 Time:	11.320452312628428 minutes
Batch 11200 Loss:	1.7698263647034764
Batch 11200 Time:	11.1437247077624 minutes
Batch 11300 Loss:	1.4632960152812302
Batch 11300 Time:	11.247232476870218 minutes
Batch 11400 Loss:	1.4583066261839122
Batch 11400 Time:	11.122953351338705 minutes
Batch 11500 Loss:	1.3872612051200122
Batch 11500 Time:	11.073823114236196 minutes
Batch 11600 Loss:	1.5831704421434551
Batch 11600 Time:	11.1821764032046 minutes
Batch 11700 Loss:	1.2341197938658297
Batch 11700 Time:	11.022726865609487 minutes
Batch 11800 Loss:	1.615788524853997
Batch 11800 Time:	11.178433068593343 minutes
Batch 11900 Loss:	1.46036137198098
Batch 11900 Time:	11.149021510283152 minutes
Batch 12000 Loss:	1.7208524756133556
Batch 12000 Time:	11.07845934232076 minutes
Batch 12100 Loss:	1.4072661019163206
Batch 12100 Time:	11.172039337952931 minutes
Batch 12200 Loss:	1.3982096127001569
Batch 12200 Time:	11.09819614092509 minutes
Batch 12300 Loss:	1.5261255484074354
Batch 12300 Time:	11.035804963111877 minutes
Batch 12400 Loss:	1.7306198310106993
Batch 12400 Time:	11.18180192708969 minutes
Batch 12500 Loss:	1.154798264033161
Batch 12500 Time:	11.207070434093476 minutes
Batch 12600 Loss:	1.2796241187024862
Batch 12600 Time:	11.258005332946777 minutes
Batch 12700 Loss:	1.3746873829513788
Batch 12700 Time:	11.259655789534252 minutes
Batch 12800 Loss:	1.2786754821427166
Batch 12800 Time:	11.201977042357127 minutes
Batch 12900 Loss:	1.2002751256804913
Batch 12900 Time:	11.27412531375885 minutes
Batch 13000 Loss:	1.5307584719266742
Batch 13000 Time:	11.09036626815796 minutes
Batch 13100 Loss:	1.7533278411719948
Batch 13100 Time:	11.122032864888508 minutes
Batch 13200 Loss:	1.1221958779497072
Batch 13200 Time:	11.239871525764466 minutes
Batch 13300 Loss:	1.9017306468449533
Batch 13300 Time:	11.29391943216324 minutes
Batch 13400 Loss:	1.3308298118645325
Batch 13400 Time:	11.389734141031902 minutes
Batch 13500 Loss:	0.836367423646152
Batch 13500 Time:	11.407352495193482 minutes
Batch 13600 Loss:	1.4261668145190924
Batch 13600 Time:	11.323345696926117 minutes
Batch 13700 Loss:	1.002051058690995
Batch 13700 Time:	11.401349071661631 minutes
Batch 13800 Loss:	1.3052351869409904
Batch 13800 Time:	11.470614878336589 minutes
Batch 13900 Loss:	1.323344769072719
Batch 13900 Time:	11.422052303949991 minutes
Batch 14000 Loss:	1.6641669541131705
Batch 14000 Time:	11.469325784842173 minutes
Batch 14100 Loss:	1.449106156360358
Batch 14100 Time:	11.259511403242747 minutes
Batch 14200 Loss:	1.345046239090152
Batch 14200 Time:	11.403942346572876 minutes
Batch 14300 Loss:	1.491899823071435
Batch 14300 Time:	11.236440587043763 minutes
Batch 14400 Loss:	1.03925866947975
Batch 14400 Time:	11.421059811115265 minutes
Batch 14500 Loss:	1.4987938452977687
Batch 14500 Time:	11.376206421852112 minutes
Batch 14600 Loss:	1.4126520312856883
Batch 14600 Time:	11.293814826011658 minutes
Batch 14700 Loss:	1.264434153214097
Batch 14700 Time:	11.23902671734492 minutes
Batch 14800 Loss:	1.0016441806219518
Batch 14800 Time:	11.395970090230305 minutes
Batch 14900 Loss:	1.4162622115109116
Batch 14900 Time:	11.36969697078069 minutes
Batch 15000 Loss:	1.317420028790366
Batch 15000 Time:	11.34674700498581 minutes
Batch 15100 Loss:	1.1811912528937683
Batch 15100 Time:	11.229781742890676 minutes
Batch 15200 Loss:	1.2520541620906442
Batch 15200 Time:	11.338756740093231 minutes
Batch 15300 Loss:	1.4097703720908612
Batch 15300 Time:	11.348330752054851 minutes
Batch 15400 Loss:	1.623392682755366
Batch 15400 Time:	11.251627127329508 minutes
Batch 15500 Loss:	1.4880434144288301
Batch 15500 Time:	11.301922917366028 minutes
Batch 15600 Loss:	1.1372662970097736
Batch 15600 Time:	11.41252940495809 minutes
Batch 15700 Loss:	1.0008539035334252
Batch 15700 Time:	11.304888514677684 minutes
Batch 15800 Loss:	1.0433501075021923
Batch 15800 Time:	11.35825397570928 minutes
Batch 15900 Loss:	1.1338430340983905
Batch 15900 Time:	11.217714277903239 minutes
Batch 16000 Loss:	1.548199313459918
Batch 16000 Time:	11.356865084171295 minutes
Batch 16100 Loss:	1.1914672366110608
Batch 16100 Time:	11.410670880476633 minutes
Batch 16200 Loss:	1.1670749719487503
Batch 16200 Time:	11.327017919222515 minutes
Batch 16300 Loss:	1.2258793991059065
Batch 16300 Time:	11.483572928110759 minutes
Batch 16400 Loss:	1.2711717704078183
Batch 16400 Time:	11.34875142176946 minutes
Batch 16500 Loss:	0.8545127587858588
Batch 16500 Time:	11.448343324661256 minutes
Batch 16600 Loss:	2.056245017098263
Batch 16600 Time:	11.500151558717091 minutes
Batch 16700 Loss:	1.4225360876880586
Batch 16700 Time:	11.457859381039937 minutes
Batch 16800 Loss:	0.9639824252808467
Batch 16800 Time:	11.395842921733855 minutes
Batch 16900 Loss:	1.0150014851242304
Batch 16900 Time:	11.61064278682073 minutes
Batch 17000 Loss:	1.2412969330325723
Batch 17000 Time:	11.539755562941233 minutes
Batch 17100 Loss:	1.0165143425110728
Batch 17100 Time:	11.56338506937027 minutes
Batch 17200 Loss:	1.0975254024378955
Batch 17200 Time:	11.513755273818969 minutes
Batch 17300 Loss:	1.475933513196651
Batch 17300 Time:	11.482886370023092 minutes
Batch 17400 Loss:	1.0413181111216545
Batch 17400 Time:	11.527993083000183 minutes
Batch 17500 Loss:	0.9509274607989937
Batch 17500 Time:	11.422886979579925 minutes
Batch 17600 Loss:	0.9022924199234694
Batch 17600 Time:	11.518391581376394 minutes
Batch 17700 Loss:	0.8213133834651671
Batch 17700 Time:	11.48217617670695 minutes
Batch 17800 Loss:	1.207747945562005
Batch 17800 Time:	11.45704630613327 minutes
Batch 17900 Loss:	1.1841525321360677
Batch 17900 Time:	11.415590449174244 minutes
Batch 18000 Loss:	1.061829122249037
Batch 18000 Time:	11.406296515464783 minutes
Batch 18100 Loss:	0.9593533419538289
Batch 18100 Time:	11.402677877744038 minutes
Batch 18200 Loss:	1.1000559307867661
Batch 18200 Time:	11.494738427797953 minutes
Batch 18300 Loss:	1.005342100164853
Batch 18300 Time:	11.405995949109395 minutes
Batch 18400 Loss:	1.544815341476351
Batch 18400 Time:	11.39844175974528 minutes
Batch 18500 Loss:	1.0259082744596526
Batch 18500 Time:	11.440513038635254 minutes
Batch 18600 Loss:	0.8694799978402443
Batch 18600 Time:	11.446944284439088 minutes
Batch 18700 Loss:	1.0869915180373937
Batch 18700 Time:	11.447540318965912 minutes
Batch 18800 Loss:	0.8304403698421083
Batch 18800 Time:	11.317873215675354 minutes
Batch 18900 Loss:	1.2077000015415251
Batch 18900 Time:	11.209015508492788 minutes
Batch 19000 Loss:	1.3121817354112864
Batch 19000 Time:	11.176597412427267 minutes
Batch 19100 Loss:	1.0557934679090977
Batch 19100 Time:	11.144301450252533 minutes
Batch 19200 Loss:	1.5058792522759177
Batch 19200 Time:	11.398239628473918 minutes
Batch 19300 Loss:	1.0356936863390729
Batch 19300 Time:	11.464715365568797 minutes
Batch 19400 Loss:	0.7899879984906875
Batch 19400 Time:	11.413322381178538 minutes
Batch 19500 Loss:	1.2990235008765012
Batch 19500 Time:	11.244074535369872 minutes
Batch 19600 Loss:	1.0707329240394756
Batch 19600 Time:	11.273264900843303 minutes
Batch 19700 Loss:	0.9326764929573983
Batch 19700 Time:	11.256429211298626 minutes
Batch 19800 Loss:	0.8008034523227252
Batch 19800 Time:	11.273700952529907 minutes
Batch 19900 Loss:	0.9283090159879066
Batch 19900 Time:	11.314666318893433 minutes
Training Time: 2281.900046233336 minutes
Test Time: 3.670672881603241 minutes
Total Time: 2285.570720044772 minutes
Traceback (most recent call last):
  File "src/PairwiseYeastNetwork/Parallel/Model4.py", line 23, in <module>
    main()
  File "src/PairwiseYeastNetwork/Parallel/Model4.py", line 14, in main
    modelData = PairwiseYeastData(f'Yeast Resources/Datasets/All Spell/all spell datasets',4,subset=200000,numDatasets=430,statsDictLoc='./Yeast Resources/Datasets/All Spell/revisedStatsDict.csv',recalc=False,foldFile='./Yeast Resources/Datasets/All Spell/GeneFolds1.csv',posGenes='./Yeast Resources/positives_00_go04-15-07.txt',negGenes='./Yeast Resources/negatives_00_go04-15-07.txt',recur=True,sort=False)
  File "./src/PairwiseYeastNetwork/PairwiseYeastData.py", line 31, in __init__
    self.expression = ExpressionDatasets(folder,pairs=pairs,subset=subset,sort=sort,recur=recur,recalc=recalc,statsDictLoc=statsDictLoc)
  File "./src/PairwiseYeastNetwork/ExpressionDatasets.py", line 44, in __init__
    self.datasets.append(YeastDataFile(f,pairs,self.statsDict,subset=subset,recalc=recalc))
  File "./src/PairwiseYeastNetwork/YeastDataFile.py", line 12, in __init__
    self.data = pd.read_csv(filePath,sep='\t').to_numpy()       #.drop(labels=['NAME','GWEIGHT'],axis=1).to_numpy()
  File "/users/cmcguir1/.local/lib/python3.7/site-packages/pandas/util/_decorators.py", line 311, in wrapper
    return func(*args, **kwargs)
  File "/users/cmcguir1/.local/lib/python3.7/site-packages/pandas/io/parsers/readers.py", line 586, in read_csv
    return _read(filepath_or_buffer, kwds)
  File "/users/cmcguir1/.local/lib/python3.7/site-packages/pandas/io/parsers/readers.py", line 488, in _read
    return parser.read(nrows)
  File "/users/cmcguir1/.local/lib/python3.7/site-packages/pandas/io/parsers/readers.py", line 1047, in read
    index, columns, col_dict = self._engine.read(nrows)
  File "/users/cmcguir1/.local/lib/python3.7/site-packages/pandas/io/parsers/c_parser_wrapper.py", line 224, in read
    chunks = self._reader.read_low_memory(nrows)
  File "pandas/_libs/parsers.pyx", line 801, in pandas._libs.parsers.TextReader.read_low_memory
  File "pandas/_libs/parsers.pyx", line 880, in pandas._libs.parsers.TextReader._read_rows
  File "pandas/_libs/parsers.pyx", line 1026, in pandas._libs.parsers.TextReader._convert_column_data
  File "pandas/_libs/parsers.pyx", line 1073, in pandas._libs.parsers.TextReader._convert_tokens
  File "pandas/_libs/parsers.pyx", line 1129, in pandas._libs.parsers.TextReader._convert_with_dtype
  File "/users/cmcguir1/.local/lib/python3.7/site-packages/pandas/core/dtypes/common.py", line 1420, in is_extension_array_dtype
    def is_extension_array_dtype(arr_or_dtype) -> bool:
KeyboardInterrupt
Batch 0 Loss:	0.7190633416175842
Batch 0 Time:	0.14821515878041586 minutes
                                                                                                                                                                                                                                Batch 100 Loss:	53.99862739443779
Batch 100 Time:	1.9912649671236673 minutes
                                                                                                                                                                                                                                                                                                                Batch 200 Loss:	42.243701070547104
Batch 200 Time:	1.9947081168492635 minutes
                                                                                                                                                                                                                                                                                                                    Batch 300 Loss:	35.71645952761173
Batch 300 Time:	1.9776307304700216 minutes
                                                                                                                                                                                                                                                                                                                  Batch 400 Loss:	30.40118681639433
Batch 400 Time:	1.9707447330156962 minutes
                                                                                                                                                                                                                                                                                                                   Batch 500 Loss:	25.510195448994637
Batch 500 Time:	1.970984693368276 minutes
                                                                                                                                                                                                                                                                                                                 Batch 600 Loss:	25.789820224046707
Batch 600 Time:	2.0066749175389607 minutes
                                                                                                                                                                                                                                                                                                                   Batch 700 Loss:	21.639228254556656
Batch 700 Time:	1.99898947874705 minutes
                                                                                                                                                             Batch 800 Loss:	19.409610953181982
Batch 800 Time:	1.9924594004948935 minutes
                                                                                                                                                                                                                                         Batch 900 Loss:	17.66970967128873
Batch 900 Time:	1.9960803707440695 mites
                                                                                                                                                                                                                                           Batch 900 Loss:	34.83029896020889
Batch 900 Time:	2.027459748586019 minutes
                                                                                                                                                                                                                                                Batch 1000 Loss:	35.36980797350407
Batch 1000 Time:	2.0687811613082885 minutes
                                                                                                                                                                                                                                          Batch 1100 Loss:	35.051939345896244
Batch 1100 Time:	2.035389729340871 minutes
                                                                                                                                                                                                                                                                                                                                                                                                        Batch 1200 Loss:	32.62608394026756
Batch 1200 Time:	2.0498480796813965 minutes
                                                                                                                                                                                                                                                                                                                             Batch 1300 Loss:	34.56074357032776
Batch 1300 Time:	2.0358338673909504 minutes
                                                                                                                                                                                                                                                                                                                              Batch 1400 Loss:	30.79648867249489
Batch 1400 Time:	2.064988048871358 minutes
                                                                                                                                                                                                                                                                                                                                Batch 1500 Loss:	30.389645263552666
Batch 1500 Time:	2.0423473556836447 minutes
                                                                                                                                                                                                                                                                                                                                                                                                           Batch 1600 Loss:	29.98298653960228
Batch 1600 Time:	2.035058629512787 minutes
                                                                                                                                                                                                                                                                                                                              Batch 1700 Loss:	28.30460011959076
Batch 1700 Time:	2.012465274333954 minutes
                                                                                                                                                                                                                                                                                                                            Batch 1600 Loss:	12.781880251131952
Batch 1600 Time:	1.9957737843195598 minutesBatch 1700 Loss:	13.549966662190855
Batch 1700 Time:	2.027432918548584 minutesBBatch 1600 Loss:	39.20109359920025
Batch 1600 Time:	2.000474480787913 minutes

Batch 1700 Loss:	17.638728961348534
Batch 1700 Time:	2.0267199034040526 minutes
                                                                                                                                                                                                                                                                                                                            Batch 1700 Loss:	29.781555823981762
Batch 1700 Time:	2.010311762491862 minutes
                                                                                                                                                                                                                                                                                                                                                                                                          Batch 1800 Loss:	29.305636003613472
Batch 1800 Time:	2.059609417120616 minutes
                                                                                                                                                                                                                                                                                                                              Batch 1900 Loss:	27.248565040528774
Batch 1900 Time:	2.0180735031763715 minutes
                                                                                                                                                                                                                                              Batch 2000 Loss:	27.694864712655544
Batch 2000 Time:	2.0416376193364463 minutes
                                                                                                                                                                Batch 2100 Loss:	26.74320175871253
Batch 2100 Time:	2.0446328123410544 minutes
                                                                                                                                                                                                                                             Batch 2200 Loss:	24.900744147598743
Batch 2200 Time:	2.0222386082013446 minutes
                                                                                                                                                                                                                                              Batch 2300 Loss:	24.954143412411213
Batch 2300 Time:	2.0631264209747315 minutes
                                                                                                                                                                                                                                                                                                                            Batch 2400 Loss:	21.53082627058029
Batch 2400 Time:	2.0366987069447835 minutes
                                                                                                                                                                                                                                                                                                                              Batch 2500 Loss:	22.18675396218896
Batch 2500 Time:	2.033891693751017 minutes
                                                                                                                                                                                                                                                                                                                          Batch 2600 Loss:	20.881109964102507
Batch 2600 Time:	2.0257091840108234 minutes
                                                                                                                                                                                                                                              Batch 2800 Loss:	28.16453276015818
Batch 2800 Time:	2.0338565945625304 minutes
Batch 2100 Loss:	8.622553507331759
Batch 2100 Time:	2.583001363277435 minutes
Batch 2800 Loss:	5.2949513271451
Batch 2800 Time:	2.0052043040593466 minutes
                                                                                                                                                                                                                                                                                                                                Batch 2900 Loss:	5.839382335776463
Batch 2900 Time:	1.997852083047231 minutes
                                                                                                                                                                                                                                                                                                                                                                                                                                                                                            Batch 3000 Loss:	5.447232523234561
Batch 3000 Time:	2.0039263089497883 minutes
                                                                                                                                                                                                                                                                                                                                                                                                                                                                                           Batch 3100 Loss:	4.819069525459781
Batch 3100 Time:	1.987200633684794 minutes
                                                                                                                                                                                                                                                                                                                                                                                                                                                                                              Batch 3200 Loss:	3.9145661911461502
Batch 3200 Time:	1.9777902642885843 minutes
                                                                                                                                                                                                                                                                                                                                                                                                              Batch 3300 Loss:	4.1831954014487565
Batch 3300 Time:	1.9688215136528016 minutes
                                                                                                                                                                                                                                                                                                                                                                                                              Batch 3400 Loss:	4.126986839342862
Batch 3400 Time:	1.9831599752108255 minutes
                                                                                                                                                                                                                                                                                                                                                                                                                                                                                             Batch 3500 Loss:	3.609479458653368
Batch 3500 Time:	2.017297347386678 minutes
                                                                                                                                                                                                                                                                                                                                                                                                                                                                                         Batch 3600 Loss:	4.198728822986595
Batch 3600 Time:	2.0122748812039695 minutes
                                                                                                                                                                                                                                                                                                                                                                                                                                                                                           Batch 3700 Loss:	3.723422212409787
Batch 3700 Time:	1.9665217955907186 minutes
                                                                                                                                                                                                                                                                                                                                                                                                                                                                                         Batch 3800 Loss:	5.008206634840462
Batch 3800 Time:	1.994352642695109 minutes
                                                                                                                                                                                                                                                                                                                                                                                                                                                                                          Batch 3900 Loss:	4.323315546149388
Batch 3900 Time:	2.0166309595108034 minutes
                                                                                                                                                                                                                                                                                                                                                                                                                                                                                                                                                                          Batch 4000 Loss:	3.6000192297506146
Batch 4000 Time:	1.9885936617851256 minutes
                                                                                                                                                                                                                                                                                                                                                                                                                                                                                                                                                                                                                                                        Batch 4100 Loss:	3.4045034176670015
Batch 4100 Time:	2.0025177597999573 minutes
                                                                                                                                                                                                                                                                                                                                                                                                                                                                                            Batch 4200 Loss:	14.6856270134449
Batch 4200 Time:	2.0169315417607625 minutes


Batch 3200 Loss:	4.930133712943643
Batch 3200 Time:	2.582615828514099 minutes
Batch 4200 Loss:	32.52724304795265
Batch 4200 Time:	1.9924872279167176 minutes
Batch 4500 Loss:	9.695493000093848
Batch 4500 Time:	1.9951577345530191 minutes
Batch 4300 Loss:	5.711554611334577
Batch 4300 Time:	2.0538897116978965 minutes

Batch 4300 Loss:	29.63846131786704
Batch 4300 Time:	2.0662636240323384 minutes
Batch 4600 Loss:	4.769342706305906
Batch 4600 Time:	1.9884037772814434 minutes
                                                                                                                                                                                                                                                                                                                                                                                                             Batch 4700 Loss:	3.6848776591650676
Batch 4700 Time:	1.9901483654975891 minutes
                                                                                                                                                                                                                                                                                                                                                                                                                                                                                             Batch 4800 Loss:	2.5934161295881495
Batch 4800 Time:	2.002413765589396 minutes
                                                                                                                                                                                                                                                                                                                              Batch 4900 Loss:	3.6000960889505222
Batch 4900 Time:	1.998109749952952 minutes
                                                                                                                                                                                                                                                                                                                                                                                                           Batch 5000 Loss:	3.4820780376903713
Batch 5000 Time:	2.0134373744328817 minutes
                                                                                                                                                                                                                                                                                                                                                                                                                                                                                          Batch 5100 Loss:	2.757994979561772
Batch 5100 Time:	2.009453805287679 minutes
                                                                                                                                                                                                                                                                                                                                                                                                                                                                                           Batch 5200 Loss:	2.758133716066368
Batch 5200 Time:	1.990811578432719 minutes
                                                                                                                                                                                                                                                                                                                                                                                                                                                                                      Batch 5300 Loss:	1.8210786718991585
Batch 5300 Time:	2.0013010422388713 minutes
                                                                                                                                                                                                                                                                                                                                                                                                                                                                                       Batch 5400 Loss:	2.013517853396479
Batch 5400 Time:	2.00522856314977 minutes
                                                                                                                                                                                                                                                                                                                                                                                                                                                                                            Batch 5500 Loss:	3.0976314545841888
Batch 5500 Time:	2.0021618882815044 minutes
                                                                                                                                                                                                                                                                                                                                                                                                                                                                                         Batch 5600 Loss:	2.4156681973836385
Batch 5600 Time:	2.0106470942497254 minutes
                                                                                                                                                                                                                                                                                                                                                                                                                                                                                          Batch 5700 Loss:	2.0114986089756712
Batch 5700 Time:	2.0154730637868243 minutes
                                                                                                                                                                                                                                                                                                                                                                                                         Batch 5800 Loss:	2.2718926072120667
Batch 5800 Time:	1.9933255275090536 minutes
                                                                                                                                                                                                                                                                                                                                                                                                                                                                                                                                                                         Batch 5900 Loss:	2.606030714465305
Batch 5900 Time:	2.0140355467796325 minutes
                                                                                                                                                                                                                                                                                                                                                                                                                                                                                                                                                                      Batch 6000 Loss:	2.69103177706711
Batch 6000 Time:	1.987562620639801 minutes
                                                                                                                                                                                                                                                                                                                                                                                                                Batch 5900 Loss:	17.511633875779808
Batch 5900 Time:	2.057540281613668 minutes

Batch 6000 Loss:	2.162998568324838
Batch 6000 Time:	2.039993933836619 minutes
Batch 5800 Loss:	7.246434782398865
Batch 5800 Time:	2.0319223562876383 minutes

Batch 5800 Loss:	9.463439873419702
Batch 5800 Time:	2.0364322900772094 minutes
                                                                                                                                                                                                                                                                                                                                                                                                                                                                                             Batch 5900 Loss:	9.613723824732006
Batch 5900 Time:	2.014068865776062 minutes
                                                                                                                                                                                                                                                                                                                                                                                                                                                                                                                                                                             Batch 6000 Loss:	12.04767206683755
Batch 6000 Time:	2.0185918688774107 minutes
                                                                                                                                                                                                                                                                                                                                                                                                                                                                                                                                                                                                                                                                                                                                         Batch 6100 Loss:	9.18972085416317
Batch 6100 Time:	1.9782479008038838 minutes
                                                                                                                                                                                                                                                                                                                                                                                                                                                                                                                                                                          Batch 6200 Loss:	10.857195684220642
Batch 6200 Time:	2.0409681518872578 minutes
                                                                                                                                                                                                                                                                                                                                                                                                                                                                                                                                                                                                                                                          Batch 6300 Loss:	12.416502332314849
Batch 6300 Time:	2.042263952891032 minutes
                                                                                                                                                                                                                                                                                                                                                                                                                                                                                                                                                                        Batch 6400 Loss:	9.633930232841522
Batch 6400 Time:	2.042193150520325 minutes
Batch 6700 Loss:	7.042638544691727
Batch 6700 Time:	1.99403981367747 minutes
Batch 6300 Loss:	5.789694281760603
Batch 6300 Time:	2.0435367623964944 minutes
                                                                                                                                                                                                                                                                                                                                                                                                                                                                                            Batch 6400 Loss:	6.477188657037914
Batch 6400 Time:	2.051890246073405 minutes
                                                                                                                                                                                                                                                                                                                                                                                                                                                                                            Batch 6500 Loss:	7.342911560554057
Batch 6500 Time:	2.035960924625397 minutes
                                                                                                                                                                                                                                                                                                                                                                                                                                                                                                                                                                          Batch 6600 Loss:	6.129067039117217
Batch 6600 Time:	2.043300942579905 minutes
                                                                                                                                                                                                                                                                                                                                                                                                                                                                                          Batch 6700 Loss:	6.062928102444857
Batch 6700 Time:	2.0369444290796914 minutes
                                                                                                                                                                                                                                                                                                                                                                                                                                                                                             Batch 6800 Loss:	4.554114357102662
Batch 6800 Time:	2.0393612583478293 minutes
                                                                                                                                                                                                                                                                                                                                                                                                                                                                                                                                                                        Batch 6900 Loss:	5.749912154395133
Batch 6900 Time:	2.027533145745595 minutes
Batch 5400 Loss:	2.1204170348355547
Batch 5400 Time:	2.6340869943300884 minutes
Batch 7100 Loss:	4.389025383396074
Batch 7100 Time:	2.011248405774434 minutes
s
Batch 7000 Loss:	29.505025677382946
Batch 7000 Time:	2.0741569995880127 minutes
Batch 7100 Loss:	1.8891277700604405
Batch 7100 Time:	1.9949933330217997 minutes
Batch 7100 Loss:	22.045144572854042
Batch 7100 Time:	1.9740998109181722 minutesBatch 7300 Loss:	2.5601130192517303
Batch 7300 Time:	2.038484823703766 minutes
Batch 7100 Loss:	9.930873840115964
Batch 7100 Time:	2.022783585389455 minutes
Batch 7400 Loss:	7.547716714907438
Batch 7400 Time:	1.9945573290189107 minutes
                                                                                                                                                                                                                                                                                                                                                                                                                                                                                        Batch 7500 Loss:	6.440892182814423
Batch 7500 Time:	1.9968421737353006 minutes
                                                                                                                                                                                                                                                                                                                                                                                                             Batch 7600 Loss:	7.285187186324038
Batch 7600 Time:	1.9829440355300902 minutes
                                                                                                                                                                                                                                                                                                                                                                                                           Batch 7700 Loss:	8.039782589767128
Batch 7700 Time:	1.9709099014600118 minutes
                                                                                                                                                                                                                                                                                                                                                                                                             Batch 7800 Loss:	7.7737571890465915
Batch 7800 Time:	1.984682353337606 minutes
                                                                                                                                                                                                                                                                                                                                                                                                                                                                                          Batch 7900 Loss:	7.0803485391661525
Batch 7900 Time:	2.002160863081614 minutes
                                                                                                                                                                                                                                                                                                                                                                                                                                                                                            Batch 8000 Loss:	7.4409972578287125
Batch 8000 Time:	2.000047433376312 minutes
                                                                                                                                                                                                                                                                                                                                                                                                                                                                                           Batch 7800 Loss:	8.883367988397367
Batch 7800 Time:	1.9960287968317667 minutes
Batch 7800 Loss:	4.366858042310923
Batch 7800 Time:	2.047268784046173 minutes
Batch 6000 Loss:	2.4585040055098943
Batch 6000 Time:	2.5864155014355976 minutes
Batch 7700 Loss:	4.083120214287192
Batch 7700 Time:	2.0442246476809185 minutes
Batch 8200 Loss:	1.3589572629571194
Batch 8200 Time:	2.0108149886131286 minutes
Batch 7900 Loss:	3.8237044613124453
Batch 7900 Time:	2.0268584569295247 minutes
                                                                                                                                                                                                                                                                                                                                                                                                            Batch 8000 Loss:	3.153560742328409
Batch 8000 Time:	1.994280723730723 minutes
                                                                                                                                                                                                                                                                                                                                                                                                            Batch 8100 Loss:	3.98276709462516
Batch 8100 Time:	2.0145378629366557 minutes
                                                                                                                                                                                                                                                                                                                             Batch 8200 Loss:	4.4194868208142
Batch 8200 Time:	2.020696592330933 minutes
                                                                                                                                                                                                                                                                                                                                   Batch 8300 Loss:	4.629705457075033
Batch 8300 Time:	2.0320278644561767 minutes
                                                                                                                                                                                                                                                                                                                              Batch 8400 Loss:	4.417201580276014
Batch 8400 Time:	1.9943464398384094 minutes
                                                                                                                                                                                                                                                                                                                                                                                                              Batch 8500 Loss:	4.674175222200574
Batch 8500 Time:	1.9950563232103984 minutes
                                                                                                                                                                                                                                                                                                                                                                                                             Batch 8600 Loss:	4.491407006920781
Batch 8600 Time:	2.0131540179252623 minutes
                                                                                                                                                                                                                                                                                                                                                                                                               Batch 8700 Loss:	3.181346393452259
Batch 8700 Time:	2.0193372050921123 minutes
                                                                                                                                                                                                                                                                                                                                                                                                              Batch 8800 Loss:	3.437154026440112
Batch 8800 Time:	2.0067936817804974 minutes
Batch 9000 Loss:	2.617496627775836
Batch 9100 Time:	2.0169195612271626 minutes
                                                                                                                                                                                                                                                                                                                                                                                                             Batch 9200 Loss:	7.466763493721373
Batch 9200 Time:	2.019429957866669 minutes
                                                                                                                                                                                                                                                                                                                                                                                                                                                                                           Batch 9300 Loss:	7.177099762135185
Batch 9300 Time:	2.015822621186574 minutes
                                                                                                                                                                                                                                                                                                                                                                                                                                                                                           Batch 9400 Loss:	6.37097047525458
Batch 9400 Time:	2.0164802114168805 minutes
                                                                                                                                                                                                                                                                                                                                                                                                                                                                                                                                                                       Batch 9500 Loss:	5.227682140190154
Batch 9500 Time:	2.016655214627584 minutes
                                                                                                                                                                                                                                                                                                                                                                                                              Batch 9600 Loss:	6.385136633994989
Batch 9600 Time:	2.012775242328644 minutes
                                                                                                                                                                                                                                                                                                                                                                                                             Batch 9700 Loss:	4.814598236232996
Batch 9700 Time:	1.9957498908042908 minutes
                                                                                                                                                                                                                                                                                                                                                                                                              Batch 9800 Loss:	5.739965868415311
Batch 9800 Time:	2.019269041220347 minutes
                                                                                                                                                                                                                                                                                                                                                                                                                Batch 9600 Loss:	7.051631242618896
Batch 9900 Time:	2.0493762214978535 minutes
                                                                                                                                                                                                                                                                                                                                                                                                                                                                                              Batch 10000 Loss:	5.9746904105413705
Batch 10000 Time:	1.9807154774665832 minutes
                                                                                                                                                                                                                                                                                                                                                                                                                                                                                                                                                                       Batch 10100 Loss:	7.129784274671692
Batch 10100 Time:	1.9963677446047465 minutes
                                                                                                                                                                                                                                                                                                                                                                                                                                                                                                                                                                        Batch 10200 Loss:	9.100266340654343
Batch 10200 Time:	2.0025341749191283 minutes
                                                                                                                                                                                                                                                                                                                                                                                                                                                                                                                                                                                  Batch 10300 Loss:	6.0003418567357585
Batch 10300 Time:	2.0221376061439513 minutes
                                                                                                                                                                                                                                                                                                                                                                                                                                                                                                                                                                                      Batch 10400 Loss:	6.560934059438296
Batch 10400 Time:	2.008681138356527 minutes
                                                                                                                                                                                                                                                                                                                                                                                                                                                                                                                                                                                        Batch 10500 Loss:	5.017400317708962
Batch 10500 Time:	1.9735781033833821 minutes
atch 10400 Loss:	2.6982886158511974
Batch 10400 Time:	2.0030268987019855 minutes
Batch 10300 Loss:	20.24422248499468
Batch 10300 Time:	2.0650867581367494 minutes
Batch 10200 Loss:	3.911028213740792
Batch 10200 Time:	2.0102370262145994 minutes
Batch 7900 Loss:	1.86284114400492585
Batch 10300 Time:	1.9794954856236775 minutes
                                                                                                                                                                                                                                                                                                                                                                                                                                                                                                     Batch 10400 Loss:	12.185861393809319
Batch 10400 Time:	1.973439836502075 minutes
                                                                                                                                                                                                                                                                                                                                                                                                                                                                                                                                                                                        Batch 10500 Loss:	11.214153278619051
Batch 10500 Time:	1.9882742087046306 minutes
                                                                                                                                                                                                                                                                                                                                                                                                                                                                                                        Batch 10600 Loss:	10.247910922393203
Batch 10600 Time:	1.979805831114451 minutes
                                                                                                                                                                                                                                                                                                                                                                                                                        Batch 10700 Loss:	12.518425434827805
Batch 10700 Time:	1.9952651937802632 minutes
                                                                                                                                                                                                                                                                                                                                                                                                                       Batch 10800 Loss:	10.848483832553029
Batch 10800 Time:	1.973135809103648 minutes
                                                                                                                                                                                                                                                                                                                                                                                                                    Batch 10900 Loss:	10.015757508575916
Batch 10900 Time:	1.9739811579386393 minutes
                                                                                                                                                                                                                                                                                                                                                                                                                       Batch 11000 Loss:	10.18748014420271
Batch 11000 Time:	1.9983298182487488 minutes
Batch 11300 Loss:	1.1258888767333701
Batch 11300 Time:	2.0095917224884032 minutesBatch 11000 Loss:	2.180871743737953
Batch 11000 Time:	2.0043124119440714 minutes

Batch 11300 Loss:	6.743193797534332
Batch 11300 Time:	2.0167014638582867 minutesBatch 8500 Loss:	1.2358333301381208
Batch 8500 Time:	2.522697150707245 minutes

Batch 10800 Loss:	21.96908120624721
Batch 10800 Time:	2.1216343959172566 minutes
Batch 11100 Loss:	10.319406373426318
Batch 11100 Time:	1.9670645316441855 minutes
Batch 11100 Loss:	0.9145258610515157
Batch 11100 Time:	1.997565786043803 minutes
Batch 11100 Loss:	2.607129758078372
Batch 11100 Time:	2.0254279295603435 minutes

Batch 11400 Loss:	5.98644676830736
Batch 11400 Time:	2.0024760405222577 minutes

Batch 11300 Loss:	2.5050110379888793
Batch 11300 Time:	1.9928038477897645 minutes
Batch 10900 Loss:	23.427487291395664
Batch 10900 Time:	2.0909544944763185 minutes
Batch 11200 Loss:	22.14827930694446
Batch 11200 Time:	2.0269015073776244 minutes
Batch 8600 Loss:	1.440253633481916
Batch 8600 Time:	2.5842474857966105 minutes
s
Batch 11000 Loss:	2.7548628102522343
Batch 11000 Time:	2.0264162103335064 minutes
Batch 11500 Loss:	5.385694674914703
Batch 11500 Time:	1.988763157526652 minutes

Batch 11400 Loss:	1.9616910023178207
Batch 11400 Time:	2.074041704336802 minutes
Batch 11000 Loss:	23.97106728516519
Batch 11000 Time:	2.0935829997062685 minutes
Batch 11300 Loss:	14.750084302388132
Batch 11300 Time:	2.021774427096049 minutes
Batch 11300 Loss:	1.325748061251943
Batch 11300 Time:	1.987117878595988 minutes
Batch 11300 Loss:	2.4514255879912525
Batch 11300 Time:	2.0301101843516034 minutes
Batch 11600 Loss:	4.996187806420494
Batch 11600 Time:	2.0321567177772524 minutes
Batch 11500 Loss:	2.0516630432612146
Batch 11500 Time:	2.035467513402303 minutes
Batch 11100 Loss:	24.59312416985631
Batch 11100 Time:	2.1162304361661275 minutes
Batch 11400 Loss:	16.744154867250472
Batch 11400 Time:	2.032591525713603 minutes
Batch 11400 Loss:	0.9297821267537074
Batch 11400 Time:	2.0115109284718833 minutes
Batch 11700 Loss:	0.7071333512867568
Batch 11700 Time:	2.0243191083272296 minutes
Batch 11200 Loss:	2.985004844784271
Batch 11200 Time:	2.027109515666962 minutes

Batch 8800 Loss:	1.350043017679127
Batch 8800 Time:	2.5827143669128416 minutes


Batch 11600 Loss:	1.9242935616348404
Batch 11600 Time:	2.0187693079312643 minutes
Batch 11400 Loss:	3.13238543481566
Batch 11400 Time:	2.0147437969843547 minutes
Batch 11200 Loss:	28.542789842933416
Batch 11200 Time:	2.117150592803955 minutes
Batch 11500 Loss:	1.1214880822954
Batch 11500 Time:	2.0259727001190186 minutes
Batch 11800 Loss:	0.7479638062795857
Batch 11800 Time:	2.033581916491191 minutes
Batch 11800 Loss:	7.1562423962168396
Batch 11800 Time:	2.00840269724528 minutes
s
Batch 11500 Loss:	6.77319579932373
Batch 11500 Time:	2.0053110202153523 minutes
Batch 11700 Loss:	1.7107652861741371
Batch 11700 Time:	2.0688416918118793 minutes
Batch 8900 Loss:	1.7210776627471205
Batch 8900 Time:	2.5543306946754454 minutes

Batch 11500 Loss:	3.755753301200457
Batch 11500 Time:	2.017934473355611 minutes
Batch 11600 Loss:	15.90640447102487
Batch 11600 Time:	2.051415415604909 minutes
Batch 11600 Loss:	1.3743801333766896
Batch 11600 Time:	1.9689998745918273 minutes
Batch 11900 Loss:	0.6868414762029715
Batch 11900 Time:	2.0201925237973533 minutes
Batch 11900 Loss:	8.494345749815693
Batch 11900 Time:	2.0039039254188538 minutes
Batch 11600 Loss:	4.825109998229891
Batch 11600 Time:	1.9900534431139627 minutes
Batch 11800 Loss:	2.0318707851110958
Batch 11800 Time:	2.022243054707845 minutes
Batch 11700 Loss:	9.12441036850214
Batch 11700 Time:	1.9855894247690837 minutes
Batch 11600 Loss:	3.246176498418208
Batch 11600 Time:	2.041157261530558 minutes
Batch 11700 Loss:	10.84125605004374
Batch 11700 Time:	2.0392645080884297 minutes
Batch 9000 Loss:	1.309481345495442
Batch 9000 Time:	2.529907834529877 minutes
tes
Batch 12000 Loss:	0.8807900948013412
Batch 12000 Time:	2.0189069469769794 minutes
Batch 12000 Loss:	4.9581986458506435
Batch 12000 Time:	2.015137791633606 minutes
Batch 11700 Loss:	7.952083830721676
Batch 11700 Time:	2.008714171250661 minutes
Batch 11900 Loss:	2.0059166422579437
Batch 11900 Time:	2.0418715755144756 minutes
Batch 11800 Loss:	8.902373289689422
Batch 11800 Time:	1.98966117699941 minutes
Batch 11700 Loss:	3.7239668276597513
Batch 11700 Time:	1.9853998303413392 minutes
Batch 11800 Loss:	0.8722784879646497
Batch 11800 Time:	1.967559548219045 minutes
                                                                                                                                                                                                                                                                                                                                                                                                                        Batch 11900 Loss:	0.49098648289509583
Batch 11900 Time:	2.0011417110761007 minutes
                                                                                                                                                                                                                                                                                                                                                                                                                        Batch 12000 Loss:	0.7853452724812087
Batch 12000 Time:	2.0201799273490906 minutes
                                                                                                                                                                                                                                                                                                                                                                                                                     Batch 12100 Loss:	0.9370682271437545
Batch 12100 Time:	1.9745115280151366 minutes
                                                                                                                                                                                                                                                                                                                                                                                                                       Batch 12200 Loss:	0.7453505128796678
Batch 12200 Time:	1.9781855622927347 minutes
                                                                                                                                                                                                                                                                                                                                                                                                                       Batch 12300 Loss:	0.8527966441542958
Batch 12300 Time:	1.9866255482037862 minutes
                                                                                                                                                                                                                                                                                                                                                                                                                         Batch 12400 Loss:	0.9755394343228545
Batch 12400 Time:	1.9952601750691732 minutes
                                                                                                                                                                                                                                                                                                                                                                                                                                                                                                    Batch 12500 Loss:	0.7933947079000063
Batch 12500 Time:	2.0048010547955832 minutes
                                                                                                                                                                                                                                                                                                                                                                                                                                                                                                       Batch 9700 Loss:	1.0813836149754934
Batch 9700 Tiime:	1.992418924967448 minutes
                                                                                                                                                                                                                                                                                                                                                                                                                                                                                                                                                                                           Batch 12600 Loss:	2.5847260645823553
Batch 12600 Time:	1.9915676275889078 minutes
                                                                                                                                                                                                                                                                                                                                                                                                                                                                                                                                                                                                                                                                             Batch 12700 Loss:	2.6132694671250647
Batch 12700 Time:	2.0153501550356547 minutes
                                                                                                                                                                                                                                                                                                                                                                                                                                                                                                                                                                                                                                                                       Batch 12800 Loss:	4.502968111744849
Batch 12800 Time:	2.0138753414154054 minutes
                                                                                                                                                                                                                                                                                                                                                                                                                                                                                                                                                                                          Batch 12900 Loss:	3.7059875543636736
Batch 12900 Time:	2.026521066824595 minutes
                                                                                                                                                                                                                                                                                                                                                                                                                                                                                                      Batch 13000 Loss:	4.207498773874249
Batch 13000 Time:	1.9869213064511617 minutes
                                                                                                                                                                                                                                                                                                                                                                                                                                                                                                           Batch 13100 Loss:	3.362328401824925
Batch 13100 Time:	2.005565325419108 minutes

Batch 13500 Loss:	0.758890531520592
Batch 13500 Time:	2.011523505051931 minutes

Batch 13000 Loss:	1.7620209835586138
Batch 13000 Time:	2.027660830815633 minutes
                                                                                                                                                                                                                                                                                                                                                                                                                                                                                                        Batch 13100 Loss:	2.468332822667435
Batch 13100 Time:	1.9891443729400635 minutes
                                                                                                                                                                                                                                                                                                                                                                                                                      Batch 13200 Loss:	1.995714798453264
Batch 13200 Time:	2.019370456536611 minutes
                                                                                                                                                                                                                                                                                                                                                                                                                                                                                                        Batch 13300 Loss:	1.641388296848163
Batch 13300 Time:	2.006367039680481 minutes
                                                                                                                                                                                                                                                                                                                                                                                                                                                                                                          Batch 13400 Loss:	1.4398246864438988
Batch 13400 Time:	2.0326381087303163 minutes
                                                                                                                                                                                                                                                                                                                                    Batch 13500 Loss:	2.2425127683673054
Batch 13500 Time:	2.025934549172719 minutes
                                                                                                                                                                                                                                                                                                                                    Batch 13600 Loss:	1.3887586685596034
Batch 13600 Time:	2.0264781514803567 minutes
                                                                                                                                                                                                                                                                                                                                                                                                                                                                                                       Batch 13700 Loss:	1.7446537414507475
Batch 13700 Time:	1.9982815623283385 minutes
                                                                                                                                                                                                                                                                                                                                        Batch 14300 Loss:	4.8423902178765275
Batch 14300 Time:	2.033261760075887 minutes

Batch 14200 Loss:	1.566334787505184
Batch 14200 Time:	2.014619215329488 minutes

Batch 13700 Loss:	26.36338082042179
Batch 14000 Time:	2.0383859952290853 minutes
                                                                                                                                                                                                                                                                                                                                                                                                                        Batch 14100 Loss:	3.046979363891296
Batch 14100 Time:	2.006633977095286 minutes
                                                                                                                                                                                                                                                                                                                                                                                                                                                                                                                                                                                          Batch 14200 Loss:	3.4176816803410475
Batch 14200 Time:	2.0315484205881753 minutes
                                                                                                                                                                                                                                                                                                                                                                                                                                                                                                                                                                                       Batch 14300 Loss:	3.620166141030495
Batch 14300 Time:	2.0427586714426678 minutes
                                                                                                                                                                                                                                                                                                                                                                                                                                                                                                      Batch 14400 Loss:	3.399329947613296
Batch 14400 Time:	2.002169970671336 minutes
                                                                                                                                                                                                                                                                                                                                                                                                                                                                                                       Batch 14500 Loss:	3.8026496954480535
Batch 14500 Time:	2.0009444038073223 minutes
                                                                                                                                                                                                                                                                                                                                                                                                                      Batch 14600 Loss:	2.8686963143845787
Batch 14600 Time:	2.015617831548055 minutes
                                                                                                                                                                                                                                                                                                                                                                                                                        Batch 14700 Loss:	3.1218069075803214
Batch 14700 Time:	2.007343641916911 minutes
Batch 14800 Loss:	19.994358079275116
Batch 14800 Time:	2.028229574362437 minutes
Batch 14800 Loss:	1.987074672972085
Batch 14800 Time:	2.044895851978302 minutes
                                                                                                                                                                                                                                                                                                                                        Batch 14700 Loss:	1.4413055451004766
Batch 14700 Time:	2.0363898436228434 minutes
                                                                                                                                                                                                                                                                                                                                                                                                                      Batch 14800 Loss:	2.119084342615679
Batch 14800 Time:	2.0262601216634115 minutes
                                                                                                                                                                                                                                                                                                                                                                                                                      Batch 14900 Loss:	1.6473049539490603
Batch 14900 Time:	2.0200305501619975 minutes
                                                                                                                                                                                                                                                                                                                                                                                                                      Batch 15000 Loss:	1.4373585626017302
Batch 15000 Time:	2.049087381362915 minutes
                                                                                                                                                                                                                                                                                                                                                                                                                        Batch 15100 Loss:	1.945223213522695
Batch 15100 Time:	2.021905473868052 minutes
                                                                                                                                                                                                                                                                                                                                                                                                                                                                                                                                                                                            Batch 15200 Loss:	2.0531278049456887
Batch 15200 Time:	2.0119881947835285 minutes
                                                                                                                                                                                                                                                                                                                                                                                                                                                                                                        Batch 15300 Loss:	2.2659899829886854
Batch 15300 Time:	2.042595263322194 minutes
                                                                                                                                                                                                                                                                                                                                                                                                                                                                                                         Batch 15400 Loss:	2.1566571935545653
Batch 15400 Time:	2.0419267813364663 minutes
                                                                                                                                                                                                                                                                                                                                                                                                                                                                                                      Batch 15500 Loss:	1.6992965852259658
Batch 15500 Time:	2.033119436105092 minutes
                                                                                                                                                                                                                                                                                                                                                                                                                        Batch 15600 Loss:	1.7438712323491927
Batch 15600 Time:	2.0478761514027912 minutes
                                                                                                                                                                                                                                                                                                                                                                                                                                                                                                       Batch 15700 Loss:	1.6717824551160447
Batch 15700 Time:	1.9909343004226685 minutes
                                                                                                                                                                                                                                                                                                                                                                                                                                                                                                    Batch 15800 Loss:	1.6780624135863036
Batch 15800 Time:	2.013421952724457 minutes
                                                                                                                                                                                                                                                                                                                                                                                                                                                                                                                                                                                        Batch 15900 Loss:	2.081796115206089
Batch 15900 Time:	2.043082551161448 minutes
                                                                                                                                                                                                                                                                                                                                                                                                                                                                                                           Batch 16000 Loss:	2.4332951473188587
Batch 16000 Time:	2.04370387395223 minutes
                                                                                                                                                                                                                                                                                                                                                                                                                                                                                                                                                                                           Batch 16100 Loss:	2.0444534918642603
Batch 16100 Time:	2.0308897535006207 minutes
                                                                                                                                                                                                                                                                                                                                                                                                                                                                                                                                                                                    Batch 16200 Loss:	2.2923043571645394
Batch 16200 Time:	2.024696135520935 minutes
                                                                                                                                                                                                                                                                                                                                                                                                                                                                                                                                                                                       Batch 16300 Loss:	1.3171924101770855
Batch 16300 Time:	1.9756861686706544 minutes
                                                                                                                                                                                                                                                                                                                                                                                                                                                                                                     Batch 16400 Loss:	1.309638952021487
Batch 16400 Time:	2.0319149176279705 minutes
                                                                                                                                                                                                                                                                                                                                                                                                                          Batch 16500 Loss:	1.742472514801193
Batch 16500 Time:	1.998315167427063 minutes
                                                                                                                                                                                                                                                                                                                                        Batch 16600 Loss:	1.8664085270720534
Batch 16600 Time:	2.0168782393137614 minutes
                                                                                                                                                                                                                                                                                                                                                                                                                       Batch 16700 Loss:	1.816547718422953
Batch 16700 Time:	2.032236874103546 minutes
                                                                                                                                                                                                                                                                                                                                                                                                                         Batch 16800 Loss:	1.4539862557430752
Batch 16800 Time:	2.0183643380800884 minutes
tch 17000 Loss:	4.132172813697252
Batch 17000 Time:	2.0462970534960427 minutes

Batch 17200 Loss:	0.8305364602679219
Batch 17200 Time:	2.0342358152071633 minutes
Batch 17400 Loss:	0.5072650697547942
Batch 17400 Time:	2.0217649618784588 minutes
Batch 16600 Loss:	22.81919026002288
Batch 16600 Time:	2.0924755930900574 minutes
Batch 17400 Loss:	3.277750409535656
Batch 17400 Time:	2.0013833681742352 minutes
Batch 16900 Loss:	1.5146635486744344
Batch 16900 Time:	2.0194890022277834 minutes

Batch 13300 Loss:	0.9505697852946469
Batch 13300 Time:	2.5687370896339417 minutes
Batch 17100 Loss:	3.066177763917949
Batch 17100 Time:	2.025507116317749 minutes
Batch 17300 Loss:	5.409158957656473
Batch 17300 Time:	1.9624895850817363 minutes
Batch 17500 Loss:	1.9636025678446458
Batch 17500 Time:	2.0134111682573956 minutes
Batch 17500 Loss:	5.067006572367973
Batch 17500 Time:	2.050010041395823 minutes

Batch 17200 Loss:	1.214117339673976
Batch 17200 Time:	2.0301750699679055 minutes
Batch 17000 Loss:	1.1162621741532348
Batch 17000 Time:	1.9993373552958171 minutes
Batch 13400 Loss:	2.2628923459196812
Batch 13400 Time:	2.579115029176076 minutes
Batch 17400 Loss:	4.852549489121884
Batch 17400 Time:	1.9878796537717183 minutes
Batch 17600 Loss:	1.4228400445244915
Batch 17600 Time:	2.0068411668141684 minutes
Batch 17600 Loss:	4.109776251018047
Batch 17600 Time:	2.033809200922648 minutes


Batch 17100 Loss:	1.169177940231748
Batch 17100 Time:	2.0205726742744448 minutes

Batch 17300 Loss:	5.651675830828026
Batch 17300 Time:	2.028455158074697 minutes
Batch 17500 Loss:	1.098583253344259
Batch 17500 Time:	2.0336182912190757 minutes

Batch 17500 Loss:	4.568769298028201
Batch 17500 Time:	1.9829954544703166 minutes
Batch 17700 Loss:	1.004683182851295
Batch 17700 Time:	2.015689794222514 minutes
Batch 17700 Loss:	3.6559462650475325
Batch 17700 Time:	2.023324998219808 minutes

Batch 17200 Loss:	1.0241778793279082
Batch 17200 Time:	2.031017025311788 minutes

Batch 17400 Loss:	3.911663264996605
Batch 17400 Time:	2.021117452780406 minutes

Batch 17600 Loss:	1.5445524489769014
Batch 17600 Time:	2.006172509988149 minutes
Batch 17600 Loss:	4.664280737750232
Batch 17600 Time:	1.990977450211843 minutes
Batch 17800 Loss:	1.6541526858454745
Batch 17800 Time:	2.0021786212921144 minutes
Batch 17800 Loss:	4.9530535367521225
Batch 17800 Time:	2.014077301820119 minutes
Batch 17300 Loss:	1.1073318994021975
Batch 17300 Time:	1.9903163313865662 minutesBatch 13600 Loss:	1.5395247697888408
Batch 13600 Time:	2.5656360030174254 minutes
Batch 17700 Loss:	0.9703168301257392
Batch 17700 Time:	2.009751733144124 minutes
Batch 17700 Loss:	4.601009023375809
Batch 17700 Time:	1.987224324544271 minutes
Batch 17900 Loss:	0.7944245576290996
Batch 17900 Time:	2.0095510482788086 minutes
Batch 17900 Loss:	5.107976907369448
Batch 17900 Time:	2.0625752290089925 minutes
Batch 17400 Loss:	0.9196403398236725
Batch 17400 Time:	1.9928146123886108 minutes
Batch 17600 Loss:	11.013667604653165
Batch 17600 Time:	2.05824156999588 minutes

Batch 13700 Loss:	1.6883476015354972
Batch 13700 Time:	2.5577099521954856 minutes
Batch 17800 Loss:	4.3293933952227235
Batch 17800 Time:	1.9966968059539796 minutes
Batch 18000 Loss:	0.6332718686644512
Batch 18000 Time:	1.9889025290807087 minutes
Batch 18000 Loss:	3.322049521812005
Batch 18000 Time:	1.9948341647783916 minutes

Batch 17500 Loss:	1.0411451213876717
Batch 17500 Time:	2.001391009489695 minutes
BBatch 17700 Loss:	9.570975797949359
Batch 17700 Time:	2.027445352077484 minutes
Batch 17900 Loss:	4.591523455455899
Batch 17900 Time:	2.000031328201294 minutes
s
Batch 13800 Loss:	1.2959850727711455
Batch 13800 Time:	2.6212358752886455 minutes
Batch 17600 Loss:	1.1827452176366933
Batch 17600 Time:	2.0040066838264465 minutes
Batch 17900 Loss:	0.5527433928436949
Batch 17900 Time:	1.9715831637382508 minutes
Batch 17800 Loss:	17.131896526843775
Batch 17800 Time:	2.0228379050890606 minutes
Batch 18000 Loss:	4.086287871701643
Batch 18000 Time:	1.9972498814264934 minutes

Batch 18200 Loss:	0.5985917615980725
Batch 18200 Time:	1.9940118352572123 minutes
Batch 18200 Loss:	3.779207961575594
Batch 18200 Time:	1.9866061488787332 minutes

Batch 17700 Loss:	2.164077348803403
Batch 17700 Time:	2.0454809268315635 minutes
s
Batch 17900 Loss:	5.4874247075931635
Batch 17900 Time:	1.95414111216863 minutes
Batch 17400 Loss:	22.724522734526545
Batch 17400 Time:	2.107939680417379 minutes
Batch 18100 Loss:	2.7427014735585544
Batch 17900 Time:	2.0097227970759075 minutes
                                                                                                                                                                                                                                                                                                                                                                                                                     Batch 18000 Loss:	3.7165857115760446
Batch 18000 Time:	2.0010531743367515 minutes
                                                                                                                                                                                                                                                                                                                                                                                                                        Batch 18100 Loss:	2.8618686256813817
Batch 18100 Time:	2.029620560010274 minutes
                                                                                                                                                                                                                                                                                                                                                                                                                                                                                                                                                                                         Batch 18200 Loss:	3.2701196054767934
Batch 18200 Time:	2.024696735541026 minutes
                                                                                                                                                                                                                                                                                                                                                                                                                                                                                                          Batch 18300 Loss:	2.847752565299743
Batch 18300 Time:	2.0259584029515585 minutes
                                                                                                                                                                                                                                                                                                                                                                                                                        Batch 18400 Loss:	2.3098984454918536
Batch 18400 Time:	2.0270568172136945 minutes
                                                                                                                                                                                                                                                                                                                                                                                                                    Batch 18500 Loss:	4.040490472747479
Batch 18500 Time:	1.9895179231961568 minutes
                                                                                                                                                                                                                                                                                                                                                                                                                   Batch 18600 Loss:	3.7955469492299017
Batch 18600 Time:	2.0025810877482098 minutes
Batch 14500 Loss:	0.6016817319978145
Batch 14500 Time:	2.557191507021586 minutes

Batch 19000 Loss:	0.4653748180826369
Batch 19000 Time:	2.0148043354352314 minutes
Batch 18700 Loss:	1.4416927875208785
Batch 18700 Time:	2.017386213938395 minutes
Batch 18500 Loss:	1.264706754940562
Batch 18500 Time:	2.0091034809748334 minutes
atch 18700 Loss:	21.30520534745301
Batch 18700 Time:	2.0104754090309145 minutes
                                                                                                                                                                                                                                                                                                                                                                                                                   Batch 18800 Loss:	8.966223939321935
Batch 18800 Time:	2.037992803255717 minutes
                                                                                                                                                                                                                                                                                                                                                                                                                     Batch 18900 Loss:	9.734586263424717
Batch 18900 Time:	2.018589385350545 minutes
                                                                                                                                                                                                                                                                                                                                                                                                                        Batch 19000 Loss:	12.330214618239552
Batch 19000 Time:	2.0577338973681134 minutes
                                                                                                                                                                                                                                                                                                                                                                                                                                                                                                           Batch 19100 Loss:	32.46724847401492
Batch 19100 Time:	2.0487648328145345 minutes
                                                                                                                                                                                                                                                                                                                                                                                                                                                                                                         Batch 19200 Loss:	10.013050338020548
Batch 19200 Time:	2.000607792536418 minutes
                                                                                                                                                                                                                                                                                                                                                                                                                                                                                                         Batch 19300 Loss:	18.43247881071875
Batch 19300 Time:	2.046082099278768 minutes
                                                                                                                                                                                                                                                                                                                                      Batch 19200 Loss:	1.3490679811802693
Batch 19200 Time:	1.998159408569336 minutes
Batch 15100 Loss:	0.9902487143153849
Batch 15100 Time:	2.5744683106740314 minutes
Batch 19400 Loss:	3.665323225170141
Batch 19400 Time:	2.0191601395606993 minutes
Batch 19800 Loss:	0.9335332871414721
Batch 19800 Time:	2.0268577218055723 minutes
Batch 18900 Loss:	31.32962824543938
Batch 18900 Time:	2.0900858283042907 minutes
Batch 19800 Loss:	4.697901021063444
Batch 19800 Time:	2.0069303274154664 minutes

Batch 19300 Loss:	1.9628764356602915
Batch 19300 Time:	2.021437704563141 minutes
                                                                                                                                                                                                                                                                                                                                                                                                                                                                                                      Batch 19400 Loss:	1.2476001731702127
Batch 19400 Time:	2.0522618850072223 minutes
                                                                                                                                                                                                                                                                                                                                                                                                                                                                                                     Batch 19500 Loss:	1.3929196500685066
Batch 19500 Time:	2.0274935007095336 minutes
                                                                                                                                                                                                                                                                                                                                                                                                                      Batch 19600 Loss:	2.000731222622562
Batch 19600 Time:	2.026298411687215 minutes
                                                                                                                                                                                                                                                        Batch 19700 Loss:	1.4566129870363511
Batch 19700 Time:	2.0254560828208925 minutes
                                                                                                                                                                                                                                                                                                                          Batch 19800 Loss:	1.3891915291023906
Batch 19800 Time:	2.0161423007647197 minutes
                                                                                                                                                                                                                                              Batch 19900 Loss:	1.0661777442437597
Batch 19900 Time:	2.0310779571533204 minutes
                                                                                                                                                                                                                                                                                                                                                                                                                                                                                                                                                                                                                                                                                                                                                                                                                                                                                                                                                                                                                                                                                                                                                                                                                                                                                                                  Pos pairs:
(325, 2)
Neg Pairs
(667590, 2)
Pos pairs:
(325, 2)
Neg Pairs
(667590, Batch 200 Loss:	52.04482966661453
Batch 200 Time:	2.036298954486847 minutes

Batch 200 Loss:	46.9434053003788
Batch 200 Time:	2.0309423247973126 minutes
                                                                                                                                                                Batch 300 Loss:	41.3756190687418
Batch 300 Time:	2.01797901391983 minutes
                                                                                                                                                                  Batch 400 Loss:	37.241529673337936
Batch 400 Time:	2.015246013800303 minutes
                                                                                                                                                         Batch 500 Loss:	34.555849969387054
Batch 500 Time:	2.013644802570343 minutes
                                                                                                                                                                                                                                                Batch 600 Loss:	33.30961015820503
Batch 600 Time:	2.0173990805943807 minutes
                                                                                                                                                                Batch 700 Loss:	30.98494140803814
Batch 700 Time:	2.027432556947072 minutes
                                                                                                                                                                                                                                               Batch 800 Loss:	28.797809094190598
Batch 800 Time:	2.015748476982117 minutes
                                                                                                                                                                    Batch 900 Loss:	26.80402397364378
Batch 900 Time:	2.092166042327881 minutes
                                                                                                                                                                  Batch 1000 Loss:	27.046215660870075
Batch 1000 Time:	2.0586288730303446 minutes
                                                                                                                                                                Batch 1100 Loss:	27.495173312723637
Batch 1100 Time:	2.019301931063334 minutes
                                                                                                                                                                                                                                                 Batch 1200 Loss:	24.97221514582634
Batch 1200 Time:	2.0266266822814942 minutes
                                                                                                                                                                                                                                                                                                                             Batch 1300 Loss:	22.109186220914125
Batch 1300 Time:	2.019588311513265 minutes
                                                                                                                                                                 Batch 1400 Loss:	21.630013093352318
Batch 1400 Time:	2.017200187842051 minutes
                                                                                                                                                                Batch 1500 Loss:	20.467777241021395
Batch 1500 Time:	2.003542947769165 minutes
                                                                                                                                                                                                                                                Batch 1600 Loss:	19.595710726454854
Batch 1600 Time:	2.0066224257151286 minutesBatch 17100 Loss:	0.3643054414715152
Batch 17100 Time:	2.4985270460446674 minuteBatch 2000 Loss:	19.850076761096716
Batch 2000 Time:	2.049645229180654 minutesBBatch 1700 Loss:	15.079491470940411
Batch 1700 Time:	2.0199327508608502 minutes
                                                                                                                                                                                                                                                                                                                                                                                                       Batch 1800 Loss:	16.65607404243201
Batch 1800 Time:	2.035599184036255 minutes
                                                                                                                                                                                                                                                                                                                           Batch 1900 Loss:	13.407220708206296
Batch 1900 Time:	2.0448698163032533 minutes
                                                                                                                                                                                                                                                                                                                             Batch 2000 Loss:	15.950816990807652
Batch 2000 Time:	2.0786392013231914 minutes
                                                                                                                                                                                                                                                                                                                            Batch 2100 Loss:	14.601769805885851
Batch 2100 Time:	2.021768613656362 minutes
                                                                                                                                                                                                                                                 Batch 2200 Loss:	10.585126201622188
Batch 2200 Time:	2.0278080900510154 minutes
                                                                                                                                                                                                                                                                                                                         Batch 2300 Loss:	10.128331984393299
Batch 2300 Time:	2.0187999566396075 minutes
                                                                                                                                                                                                                                               Batch 2400 Loss:	9.823525931686163
Batch 2400 Time:	2.041661008199056 minutes
                                                                                                                                                                                                                                                  Batch 2500 Loss:	9.865443239919841
Batch 2500 Time:	2.03048099676768 minutes
                                                                                                                                                                                                                                                Batch 2600 Loss:	9.216765065211803
Batch 2600 Time:	2.0364678104718528 minutes
                                                                                                                                                                                                                                                Batch 2700 Loss:	10.457326721865684
Batch 2700 Time:	2.0444532155990602 minutes
                                                                                                                                                                                                                                              Batch 2600 Loss:	22.875068195164204
Batch 2600 Time:	2.05006586710612 minutes


s
Batch 3200 Loss:	4.623284744564444
Batch 3200 Time:	1.9981536825497945 minutes
Batch 2800 Loss:	15.997339567169547
Batch 2800 Time:	2.061874520778656 minutes
                                                                                                                                                                                                                                             Batch 2900 Loss:	13.213832965120673
Batch 2900 Time:	2.023705049355825 minutes
                                                                                                                                                                                                                                             Batch 3000 Loss:	12.47758985683322
Batch 3000 Time:	2.029145324230194 minutes
                                                                                                                                                                                                                                                                                                                             Batch 3100 Loss:	12.96351179946214
Batch 3100 Time:	2.0074814240137737 minutes
                                                                                                                                                                                                                                                Batch 3200 Loss:	11.404665565118194
Batch 3200 Time:	2.024373193581899 minutes
                                                                                                                                                                                                                                                                                                                              Batch 3300 Loss:	12.251718590036035
Batch 3300 Time:	2.045024100939433 minutes
                                                                                                                                                                                                                                                                                                                           Batch 3400 Loss:	12.525147040840238
Batch 3400 Time:	2.037832446893056 minutes
                                                                                                                                                                                                                                                                                                                          Batch 3500 Loss:	12.436454322189093
Batch 3500 Time:	2.0382612586021422 minutes
                                                                                                                                                                                                                                                Batch 3600 Loss:	10.191459415480494
Batch 3600 Time:	2.018170177936554 minutes
                                                                                                                                                                                                                                                                                                                              Batch 3700 Loss:	10.71219050558284
Batch 3700 Time:	2.031679368019104 minutes
                                                                                                                                                                                                                                                Batch 3800 Loss:	13.063977610319853
Batch 3800 Time:	2.032823661963145 minutes
                                                                                                                                                                                                                                           Batch 18900 Loss:	0.5276196168924798
Batch 18900 Time:	2.6328030824661255 minuteBatch 4200 Loss:	33.48014755547047
Batch 4200 Time:	2.002630011240641 minutes


Batch 3900 Loss:	21.228201299905777
Batch 3900 Time:	2.054453380902608 minutes
Batch 3800 Loss:	12.973182486370206
Batch 3800 Time:	2.0522993048032125 minutes
                                                                                                                                                                                                                                                                                                                                 Batch 3900 Loss:	12.934207616373897
Batch 3900 Time:	2.052900818983714 minutes
                                                                                                                                                                                                                                                                                                                             Batch 4000 Loss:	14.243379225954413
Batch 4000 Time:	2.0148624340693155 minutes
                                                                                                                                                                                                                                             Batch 4100 Loss:	11.900097193196416
Batch 4100 Time:	2.0434294025103252 minutes
                                                                                                                                                                                                                                            Batch 4200 Loss:	12.780236601363868
Batch 4200 Time:	2.0626072605450947 minutes
                                                                                                                                                                                                                                                                                                                              Batch 4300 Loss:	11.906730193644762
Batch 4300 Time:	2.0240575591723124 minutes
                                                                                                                                                                  Batch 4400 Loss:	11.530729743652046
Batch 4400 Time:	2.0669606844584147 minutes
                                                                                                                                                             Batch 4500 Loss:	10.173465150874108
Batch 4500 Time:	2.0375697135925295 minutes
                                                                                                                                                                 Batch 4600 Loss:	11.076261015608907
Batch 4600 Time:	2.056178390979767 minutes
                                                                                                                                                                Batch 4700 Loss:	9.793175000697374
Batch 4700 Time:	2.0496805191040037 minutes
                                                                                                                                                                                                                                                                                                                             Batch 4800 Loss:	10.17793868854642
Batch 4800 Time:	2.0421602447827656 minutes
                                                                                                                                                                 Batch 4900 Loss:	11.996554471552372
Batch 4900 Time:	2.0284787098566692 minutes
                                                                                                                                                              Batch 5000 Loss:	10.556242139078677
Batch 5000 Time:	2.043745799859365 minutes
                                                                                                                                                               Batch 5100 Loss:	9.347891150973737
Batch 5100 Time:	2.040769863128662 minutes
Batch 5700 Loss:	9.582745662657544
Batch 5700 Time:	2.0170944968859357 minutes

Batch 5300 Loss:	8.828816463705152
Batch 5300 Time:	2.0430445671081543 minutes
                                                                                                                                                                                                                                            Batch 5400 Loss:	7.656747894361615
Batch 5400 Time:	2.018256390094757 minutes
                                                                                                                                                                Batch 5500 Loss:	8.355558280367404
Batch 5500 Time:	2.0112149437268574 minutes
                                                                                                                                                               Batch 5600 Loss:	7.800344671821222
Batch 5600 Time:	2.0238420367240906 minutes
                                                                                                                                                                                                                                              Batch 5700 Loss:	8.75677592633292
Batch 5700 Time:	2.0279704093933106 minutes
                                                                                                                                                             Batch 5800 Loss:	7.3875159453600645
Batch 5800 Time:	2.011783266067505 minutes
                                                                                                                                                                Batch 5900 Loss:	6.276331879431382
Batch 5900 Time:	2.008134321371714 minutes
                                                                                                                                                                                                                                                                                                                              Batch 6000 Loss:	8.060082705225796
Batch 6000 Time:	2.0467225352923077 minutes
                                                                                                                                                                                                                                               Batch 6100 Loss:	7.50001518568024
Batch 6100 Time:	2.015025301774343 minutes
                                                                                                                                                                                                                                                                                                                            Batch 6200 Loss:	8.373924603220075
Batch 6200 Time:	2.052744996547699 minutes
                                                                                                                                                                                                                                                                                                                            Batch 6300 Loss:	7.181926450342871
Batch 6300 Time:	2.0236078898111978 minutes
                                                                                                                                                                                                                                                                                                                            Batch 6400 Loss:	9.316452597733587
Batch 6400 Time:	2.0476831754048663 minutes
                                                                                                                                                                                                                                             Batch 6300 Loss:	8.165180670563132
Batch 6300 Time:	2.0761587182680765 minutes
Batch 6500 Loss:	7.2550392569974065
Batch 6500 Time:	2.041157515843709 minutes
Batch 5700 Loss:	28.560314174741507
Batch 5700 Time:	2.0876110196113586 minutes
Batch 6900 Loss:	23.653735540807247
Batch 6900 Time:	2.0168519695599874 minutes
Batch 700 Loss:	26.455126968717375
Batch 6600 Time:	2.008449614048004 minutes
                                                                                                                                                                                                                                                Batch 6700 Loss:	4.751490568625741
Batch 6700 Time:	2.0228137691815693 minutes
                                                                                                                                                                                                                                              Batch 6800 Loss:	4.476151958107948
Batch 6800 Time:	2.0113898158073424 minutes
                                                                                                                                                                                                                                            Batch 6900 Loss:	3.9847383597516455
Batch 6900 Time:	2.015136698881785 minutes
                                                                                                                                                                                                                                              Batch 7000 Loss:	3.5535170761868358
Batch 7000 Time:	2.03297856648763 minutes
                                                                                                                                                                                                                                             Batch 7100 Loss:	4.48354255349841
Batch 7100 Time:	2.0193968454996747 minutes
                                                                                                                                                                                                                                                Batch 7200 Loss:	4.275008529773913
Batch 7200 Time:	2.0094549457232156 minutes
                                                                                                                                                                                                                                               Batch 7300 Loss:	4.191610004374525
Batch 7300 Time:	2.029809594154358 minutes
                                                                                                                                                                                                                                                Batch 7400 Loss:	4.334477229276672
Batch 7400 Time:	2.038242737452189 minutes
                                                                                                                                                                                                                                             Batch 7500 Loss:	3.6608810011821333
Batch 7500 Time:	2.0315190394719442 minutes
                                                                                                                                                                                                                                              Batch 7600 Loss:	3.0477763036615215
Batch 7600 Time:	2.059587335586548 minutes
                                                                                                                                                                                                                                             Batch 7700 Loss:	3.96583224250935
Batch 7700 Time:	2.045955208937327 minutes
                                                                                                                                                                                                                                              Batch 7800 Loss:	4.154381391912466
Batch 7800 Time:	2.0311016917228697 minutes
                                                                                                                                                                                                                                               Batch 7900 Loss:	9.446080709109083
Batch 7900 Time:	2.021979025999705 minutes
                                                                                                                                                                                                                                                                                                                               Batch 8000 Loss:	8.110810801386833
Batch 8000 Time:	2.0594887733459473 minutes
                                                                                                                                                                                                                                                Batch 8100 Loss:	8.40406531537883
Batch 8100 Time:	1.992518424987793 minutes
                                                                                                                                                                                                                                                  Batch 8200 Loss:	10.394461622461677
Batch 8200 Time:	2.020482265949249 minutes
                                                                                                                                                                                                                                                Batch 8300 Loss:	10.435520353261381
Batch 8300 Time:	2.037297081947327 minutes
                                                                                                                                                                                                                                              Batch 8400 Loss:	9.027193151414394
Batch 8400 Time:	2.016508634885152 minutes
                                                                                                                                                                                                                                                                                                                            Batch 8500 Loss:	7.734464774606749
Batch 8500 Time:	2.0344722867012024 minutes
                                                                                                                                                                                                                                               Batch 8600 Loss:	9.257815291872248
Batch 8600 Time:	2.042047361532847 minutes
                                                                                                                                                                                                                                            Batch 8700 Loss:	8.255357466638088
Batch 8700 Time:	2.0218470096588135 minutes
                                                                                                                                                                                                                                                Batch 8800 Loss:	9.137048079632223
Batch 8800 Time:	2.021541901429494 minutes
                                                                                                                                                                                                                                                Batch 8900 Loss:	9.058605418307707
Batch 8900 Time:	2.015993523597717 minutes
                                                                                                                                                                                                                                                 Batch 9000 Loss:	8.900588334538043
Batch 9000 Time:	2.052369217077891 minutes
                                                                                                                                                                                                                                                                                                                            Batch 9100 Loss:	11.539740240667015
Batch 9100 Time:	2.0223619023958843 minutes
                                                                                                                                                                                                                                              Batch 9400 Loss:	2.3246368472464383
Batch 9400 Time:	2.0236485401789346 minutes
                                                                                                                                                                                                                                             Batch 9500 Loss:	1.1585537595601636
Batch 9500 Time:	2.0215584437052407 minutes
                                                                                                                                                                                                                                                Batch 9600 Loss:	1.7675464560234104
Batch 9600 Time:	2.0216877857844033 minutes
                                                                                                                                                                                                                                                                                                                             Batch 9700 Loss:	1.0940922573936405
Batch 9700 Time:	2.0260045289993287 minutes
                                                                                                                                                                                                                                               Batch 9800 Loss:	1.2407373155874666
Batch 9800 Time:	2.0114516615867615 minutes
                                                                                                                                                                                                                                                Batch 9900 Loss:	1.495874238666147
Batch 9900 Time:	1.9968896150588988 minutes
                                                                                                                                                                                                                                                                                                                              Batch 10000 Loss:	2.1708687666687183
Batch 10000 Time:	2.0077666878700255 minutes
                                                                                                                                                                                                                                                   Batch 10100 Loss:	0.826558843094972
Batch 10100 Time:	2.0106072465578717 minutes
                                                                                                                                                                                                                                                 Batch 10200 Loss:	1.1846598783740774
Batch 10200 Time:	1.9996135195096334 minutes
                                                                                                                                                                                                                                                   Batch 10300 Loss:	1.7318552758079022
Batch 10300 Time:	2.0026180664698283 minutes
                                                                                                                                                                                                                                                                                                                                 Batch 10400 Loss:	1.1080694427801063
Batch 10400 Time:	2.0121678709983826 minutes
                                                                                                                                                                                                                                                  Batch 10500 Loss:	1.4318690382206114
Batch 10500 Time:	1.988576849571226 minutes
                                                                                                                                                                                                                                                                                                                                      Batch 10100 Loss:	3.8970920933643356
Batch 10100 Time:	2.042310074965159 minutes
                                                                                                                                                                                                                                                     Batch 10200 Loss:	3.5926497854525223
Batch 10200 Time:	2.045142650604248 minutes
                                                                                                                                                                                                                                                                                                                                      Batch 10300 Loss:	4.32305280608125
Batch 10300 Time:	2.0290563106536865 minutes
                                                                                                                                                                                                                                                                                                                                     Batch 10400 Loss:	3.820162543328479
Batch 10400 Time:	2.0304054458936056 minutes
                                                                                                                                                                     Batch 10500 Loss:	4.279393422417343
Batch 10500 Time:	2.033410855134328 minutes
                                                                                                                                                                    Batch 10600 Loss:	4.18082916806452
Batch 10600 Time:	2.0399643619855246 minutes
                                                                                                                                                                                                                                                       Batch 10700 Loss:	3.548829984618351
Batch 10700 Time:	2.01124351421992 minutes
                                                                                                                                                                                                                                                        Batch 10800 Loss:	4.428991499124095
Batch 10800 Time:	2.0208317200342814 minutes
                                                                                                                                                                                                                                                    Batch 10900 Loss:	2.838828719453886
Batch 10900 Time:	2.0190911293029785 minutes
                                                                                                                                                                                                                                                    Batch 11000 Loss:	3.357785881962627
Batch 11000 Time:	2.0420428276062013 minutes
                                                                                                                                                                                                                                                  Batch 11100 Loss:	2.6982968896627426
Batch 11100 Time:	2.0306083083152773 minutes
                                                                                                                                                                                                                                                     Batch 10400 Loss:	26.43589947745204
Batch 10400 Time:	2.1098082502683004 minutes

Batch 11900 Loss:	6.081261411076412
Batch 11900 Time:	2.0106467525164287 minutes
Batch 11500 Loss:	3.0206881267167773
Batch 11500 Time:	2.0328858892122903 minutes
                                                                                                                                                                                                                                                    Batch 11600 Loss:	2.816095162241254
Batch 11600 Time:	2.0435986439387004 minutes
                                                                                                                                                                                                                                                                                                                                      Batch 11700 Loss:	3.0127176136302296
Batch 11700 Time:	2.0371846318244935 minutes
                                                                                                                                                                                                                                                    Batch 11800 Loss:	3.521143917518202
Batch 11800 Time:	2.061610694726308 minutes
                                                                                                                                                                                                                                                    Batch 11900 Loss:	2.9843394537165295
Batch 11900 Time:	2.0197184801101686 minutes
                                                                                                                                                                                                                                                    Batch 12000 Loss:	2.253241445403546
Batch 12000 Time:	2.03834060827891 minutes
                                                                                                                                                                                                                                                     Batch 12100 Loss:	3.0227064436330693
Batch 12100 Time:	2.0318402965863545 minutes
                                                                                                                                                                                                                                                                                                                                   Batch 12200 Loss:	2.7946507410379127
Batch 12200 Time:	2.0239768346150715 minutes
                                                                                                                                                                                                                                                                                                                                   Batch 12300 Loss:	2.3723079868068453
Batch 12300 Time:	2.02672803401947 minutes
                                                                                                                                                                                                                                                                                                                                                                                                                     Batch 12400 Loss:	2.2576543453906197
Batch 12400 Time:	2.029614726702372 minutes
                                                                                                                                                                                                                                                       Batch 12500 Loss:	2.9209474101371597
Batch 12500 Time:	2.0094951391220093 minutes
                                                                                                                                                                                                                                                   Batch 12600 Loss:	3.8935406546952436
Batch 12600 Time:	2.0325954874356587 minutesBBatch 12500 Loss:	13.44503466039896
Batch 12500 Time:	2.0335549235343935 minutes
                                                                                                                                                                                                                                                                                                                                       Batch 12600 Loss:	12.285015927394852
Batch 12600 Time:	2.041052003701528 minutes
                                                                                                                                                                                                                                                                                                                                 Batch 12700 Loss:	13.161750263534486
Batch 12700 Time:	2.0721195141474404 minutes
                                                                                                                                                                                                                                                                                                                                                                                                                  Batch 12800 Loss:	12.707473180023953
Batch 12800 Time:	2.0340927839279175 minutes
                                                                                                                                                                                                                                                                                                                                                                                                                    Batch 12900 Loss:	9.547186763258651
Batch 12900 Time:	2.0577712456385293 minutes
                                                                                                                                                                                                                                                                                                                                                                                                                  Batch 13000 Loss:	12.026224153116345
Batch 13000 Time:	2.061143394311269 minutes
                                                                                                                                                                                                                                                                                                                                    Batch 13100 Loss:	15.352917130105197
Batch 13100 Time:	2.0884732643763226 minutes
                                                                                                                                                                                                                                                                                                                                                                                                                   Batch 13200 Loss:	15.668760002590716
Batch 13200 Time:	2.0698150038719176 minutes
                                                                                                                                                                                                                                                                                                                                    Batch 13300 Loss:	12.306136198341846
Batch 13300 Time:	2.0740261634190875 minutes
                                                                                                                                                                                                                                                                                                                                Batch 14000 Loss:	7.232539056800306
Batch 14000 Time:	1.999109971523285 minutes
sBatch 14000 Loss:	6.004433796915691
Batch 14000 Time:	2.0078680833180744 minutes
Batch 13600 Loss:	3.1165557074709795
Batch 13600 Time:	2.045318595568339 minutes
                                                                                                                                                                                                                                                                                                                                      Batch 13700 Loss:	2.9932015332888113
Batch 13700 Time:	2.023998435338338 minutes
                                                                                                                                                                                                                                                                                                                                      Batch 13800 Loss:	2.536521779940813
Batch 13800 Time:	2.023845926920573 minutes
                                                                                                                                                                                                                                                                                                                                                                                                                      Batch 13900 Loss:	3.6718073194497265
Batch 13900 Time:	2.0444464564323424 minutes
                                                                                                                                                                                                                                                                                                                                    Batch 14000 Loss:	3.310445184702985
Batch 14000 Time:	2.0068875670433046 minutes
                                                                                                                                                                                                                                                                                                                                    Batch 14100 Loss:	2.2566850312432507
Batch 14100 Time:	2.0003690044085185 minutes
                                                                                                                                                                                                                                                                                                                                 Batch 14200 Loss:	2.993600751782651
Batch 14200 Time:	2.0337125579516093 minutes
                                                                                                                                                                                                                                                                                                                                      Batch 14300 Loss:	1.844410974154016
Batch 14300 Time:	2.0359549641609194 minutes
                                                                                                                                                                                                                                                                                                                                     Batch 14400 Loss:	2.3552188959583873
Batch 14400 Time:	2.0382641116778055 minutes
                                                                                                                                                                                                                                                                                                                                    Batch 15000 Loss:	0.6209710872499272
Batch 15000 Time:	2.0300174315770465 minutes
Batch 14800 Loss:	0.3100692202497157
Batch 14800 Time:	1.9988152186075847 minutes
Batch 6800 Loss:	1.2764948940312024
Batch 6800 Time:	2.642592104276021 minutes
es
Batch 15000 Loss:	4.581821625499288
Batch 15000 Time:	2.0264893134435016 minutes
Batch 14800 Loss:	1.1450580839991744
Batch 14800 Time:	2.0306676705678304 minutes
Batch 15100 Loss:	0.8063772046152735
Batch 15100 Time:	1.9977524797121684 minutes
Batch 14600 Loss:	3.427254019130487
Batch 14600 Time:	2.028455718358358 minutes
Batch 15100 Loss:	4.895428329560673
Batch 15100 Time:	2.015418167908986 minutes
sBatch 14900 Loss:	2.6213377969543217
Batch 14900 Time:	2.008226227760315 minutes
Batch 15200 Loss:	0.8077793193224352
Batch 15200 Time:	2.0101744135220847 minutes
Batch 14700 Loss:	2.8934113087889273
Batch 14700 Time:	2.0139758745829264 minutes
Batch 15200 Loss:	6.150640004168963
Batch 15200 Time:	2.032960665225983 minutes

Batch 15000 Loss:	1.8020979919056117
Batch 15000 Time:	2.0258004029591876 minutes
Batch 7000 Loss:	2.2205127957859077
Batch 7000 Time:	2.6398043354352314 minutes
s
Batch 14800 Loss:	3.6421757468924625
Batch 14800 Time:	2.0271594723065696 minutes
Batch 15300 Loss:	4.14560269487265
Batch 15300 Time:	2.0115143577257792 minutes


atch 15100 Loss:	1.6511024727478798
Batch 15100 Time:	2.00528404712677 minutes
Batch 15400 Loss:	0.4299324976382195
Batch 15400 Time:	2.034657677014669 minutes

Batch 7100 Loss:	1.6356120993732475
Batch 7100 Time:	2.639515447616577 minutes
es
Batch 13800 Loss:	25.10033103916794
Batch 13800 Time:	2.0792014360427857 minutes
Batch 15200 Loss:	1.3420603890845086
Batch 15200 Time:	2.018344755967458 minutes
Batch 15500 Loss:	0.6217013542118366
Batch 15500 Time:	2.0017929593722026 minutes
tch 15300 Loss:	0.42548797851486597
Batch 15300 Time:	1.9993637720743815 minutes
Batch 7200 Loss:	1.7080599919136148
Batch 7200 Time:	2.677582359313965 minutes

Batch 13900 Loss:	28.014048578217626
Batch 13900 Time:	2.1077046076456707 minutesBatch 15600 Loss:	0.6131624614354223
Batch 15600 Time:	2.0305378158887226 minutes
tch 15400 Loss:	0.9613185263806372
Batch 15400 Time:	2.0130185008049013 minutes
Batch 14900 Loss:	1.389145112130791
Batch 14900 Time:	2.035285254319509 minutes
Batch 14000 Loss:	23.07559109479189
Batch 14000 Time:	2.108137003580729 minutes
Batch 7300 Loss:	1.5152085993322544
Batch 7300 Time:	2.690918258825938 minutes
es
atch 15500 Loss:	0.8910620410897536
Batch 15500 Time:	1.997237992286682 minutes
Batch 15000 Loss:	1.952160507440567
Batch 15000 Time:	2.043476454416911 minutes

Batch 14100 Loss:	25.337791580706835
Batch 14100 Time:	2.105694564183553 minutes
Batch 15800 Loss:	0.5868446839831449
Batch 15800 Time:	1.9829867641131083 minutes
ch 15600 Loss:	0.8019825343435514
Batch 15600 Time:	2.0145703275998432 minutes
Batch 15800 Loss:	7.045748964883387
Batch 15800 Time:	2.000079290072123 minutes

Batch 15200 Loss:	14.061059766914696
Batch 15200 Time:	2.0514999945958454 minutes
Batch 15600 Loss:	2.607948563872924
Batch 15600 Time:	1.9871861656506857 minutes
Batch 15900 Loss:	1.250660574880385
Batch 15900 Time:	2.0058302084604898 minutes

tch 15700 Loss:	0.8845487534126732
Batch 15700 Time:	2.0013219873110453 minutes
Batch 15900 Loss:	5.830203884281218
Batch 15900 Time:	1.977773412068685 minutes
Batch 15900 Loss:	4.647528745117597
Batch 15900 Time:	1.9965022047360739 minutesBatch 15300 Loss:	12.97656362107955
Batch 15300 Time:	2.067681304613749 minutes

Batch 14300 Loss:	25.08834918960929
Batch 14300 Time:	2.0964123169581095 minutes

Batch 15800 Loss:	1.3883769480635237
Batch 15800 Time:	2.0026631514231363 minutes
Batch 16000 Loss:	6.113036120310426
Batch 16000 Time:	2.004490280151367 minutes
s
Batch 16000 Loss:	4.8998989073734265
Batch 16000 Time:	2.0193400104840595 minutesBatch 15400 Loss:	12.240375440451317
Batch 15400 Time:	2.045903468132019 minutes
Batch 15600 Loss:	1.7058708964759717
Batch 15600 Time:	2.049886914094289 minutes

Batch 16100 Loss:	5.5533707295544446
Batch 16100 Time:	2.0039744059244793 minutesBBatch 16100 Loss:	4.105137270176783
Batch 16100 Time:	2.0242994944254558 minutesBatch 15500 Loss:	9.065780628356151
Batch 15500 Time:	2.0778183619181316 minutes
Batch 14500 Loss:	24.762039456516504
Batch 14500 Time:	2.075291951497396 minutes

Batch 16200 Loss:	7.317843084223568
Batch 16200 Time:	2.0041077295939127 minutes
Batch 16200 Loss:	4.419533375195897
Batch 16200 Time:	2.031917631626129 minutes

Batch 16000 Loss:	2.6778670456042164
Batch 16000 Time:	1.991701316833496 minutes
Batch 14600 Loss:	25.603201678022742
Batch 14600 Time:	2.115572448571523 minutes

Batch 16300 Loss:	6.3183816550299525
Batch 16300 Time:	1.9860098997751872 minutBatBatch 16300 Loss:	4.9448828093882184
Batch 16300 Time:	2.0251425385475157 minutes
 16100 Loss:	2.1618342234069132
Batch 16100 Time:	2.0159217953681945 minutes
Batch 14700 Loss:	24.97485924884677
Batch 14700 Time:	2.0929904063542684 minutes
s
Batch 16400 Loss:	5.801468430552632
Batch 16400 Time:	1.9957488457361856 minutes

Batch 16400 Loss:	3.845266908290796
Batch 16400 Time:	2.0437267661094665 minutes

Batch 7900 Loss:	1.4380866238789167
Batch 7900 Time:	2.653999622662862 minutes
es
Batch 16500 Loss:	5.0716083026491106
Batch 16500 Time:	1.9926925698916118 minutes
tch 16000 Loss:	3.038736787289963
Batch 16000 Time:	2.0156200488408405 minutes
Batch 16500 Loss:	3.9510977494646795
Batch 16500 Time:	2.016137981414795 minutes
BBatch 15900 Loss:	8.806042966200039
Batch 15900 Time:	2.0611085454622904 minutes
s
Batch 16600 Loss:	5.92382823722437
Batch 16600 Time:	2.0082705855369567 minutes

Batch 16100 Loss:	4.20172054565046
Batch 16100 Time:	2.005327828725179 minutes
Batch 16600 Loss:	4.885513876826735
Batch 16600 Time:	2.0081098556518553 minutes
Batch 16000 Loss:	8.84926488227211
Batch 16000 Time:	2.030861409505208 minutes
s

Batch 16700 Loss:	5.222744673490524
Batch 16700 Time:	1.9969773252805074 minutes
Batch 16700 Loss:	4.555046623718226
Batch 16700 Time:	2.0300042907396953 minutes
Batch 16100 Loss:	9.845132073387504
Batch 16100 Time:	2.040211534500122 minutes

s
Batch 16800 Loss:	5.8035111669451
Batch 16800 Time:	2.0130679488182066 minutes
s
Batch 16800 Loss:	4.4786214934210875
Batch 16800 Time:	2.0220028519630433 minutes
Batch 16200 Loss:	10.262160630198196
Batch 16200 Time:	2.0468857963879903 minutes
Batch 15200 Loss:	26.440199833363295
Batch 15200 Time:	2.1088669975598653 minutes
Batch 16900 Loss:	5.202631140709855
Batch 16900 Time:	2.0063856720924376 minutes

Batch 16300 Loss:	10.964883615961298
Batch 16300 Time:	2.0613510171572367 minutes
Batch 15300 Loss:	25.819603411480784
Batch 15300 Time:	2.1041406194368997 minutes
Batch 17000 Loss:	2.9758457732677925
Batch 17000 Time:	2.0178009549776714 minutes
Batch 16400 Loss:	9.748505738331005
Batch 16400 Time:	2.064284602801005 minutes
s
Batch 17100 Loss:	5.441463589202613
Batch 17100 Time:	2.009243456522624 minutes

Batch 16600 Loss:	3.355184789048508
Batch 16600 Time:	2.0184658686319987 minutes
Batch 17100 Loss:	5.145122398566855
Batch 17100 Time:	1.995774300893148 minutes
BaBatch 16700 Loss:	2.3916147502186504
Batch 16700 Time:	2.004949700832367 minutes

Batch 17200 Loss:	5.922573283314705
Batch 17200 Time:	2.0093530575434366 minutes
Batch 17200 Loss:	5.303202225724817
Batch 17200 Time:	2.0053893446922304 minutes

Batch 16800 Loss:	2.1035646086493216
Batch 16800 Time:	2.014094607035319 minutes
Batch 15600 Loss:	23.897278494667262
Batch 15600 Time:	2.1155892968177796 minutes
Batch 17300 Loss:	4.10710127276252
Batch 17300 Time:	2.0162137309710184 minutes


Batch 16700 Loss:	11.024868709500879
Batch 16700 Time:	2.0447479208310444 minutes
Batch 17400 Loss:	5.660868637263775
Batch 17400 Time:	2.0241919716199237 minutes
tch 16900 Loss:	2.9080038116662763
Batch 16900 Time:	2.024919831752777 minutes
Batch 15700 Loss:	26.681656684726477
Batch 15700 Time:	2.094888214270274 minutes
Batch 17400 Loss:	5.006919258099515
Batch 17400 Time:	1.9956011533737184 minutes

Batch 16800 Loss:	12.764185745734721
Batch 16800 Time:	2.0481835921605427 minutesBBatch 17000 Loss:	3.4844837830023607
Batch 17000 Time:	2.065635899702708 minutes
Batch 8700 Loss:	2.2890681605495047
Batch 8700 Time:	2.724118169148763 minutes
s
Batch 17500 Loss:	4.630858337754034
Batch 17500 Time:	1.9956862370173136 minuteBaBatch 16900 Loss:	11.670145706506446
Batch 16900 Time:	2.0477808833122255 minutes
Batch 17100 Loss:	3.0319598258502083
Batch 17100 Time:	2.0257060050964357 minutes
Batch 15900 Loss:	21.792728638276458
Batch 15900 Time:	2.0826870679855345 minutes
Batch 17600 Loss:	5.035268062455389
Batch 17200 Time:	2.0357209046681723 minutes
                                                                                                                                                                                                                                                     Batch 17300 Loss:	6.40459272445878
Batch 17300 Time:	2.0268049160639445 minutes
                                                                                                                                                                                                                                                                                                                                       Batch 17400 Loss:	4.354124812991358
Batch 17400 Time:	2.049998903274536 minutes
                                                                                                                                                                                                                                                                                                                                        Batch 17500 Loss:	5.524816559423925
Batch 17500 Time:	2.0217762351036073 minutes
                                                                                                                                                                                                                                                    Batch 17600 Loss:	6.263431355619105
Batch 17600 Time:	2.018942642211914 minutes
                                                                                                                                                                                                                                                      Batch 17700 Loss:	5.264884965639794
Batch 17700 Time:	2.021853558222453 minutes
                                                                                                                                                                                                                                                    Batch 17800 Loss:	6.23931557094329
Batch 17800 Time:	2.039804991086324 minutes
                                                                                                                                                                                                                                                                                                                                        Batch 17900 Loss:	5.746242989669554
Batch 17900 Time:	2.0264995217323305 minutes
                                                                                                                                                                                                                                                                                                                                      Batch 18000 Loss:	4.634563123137923
Batch 18000 Time:	2.046589422225952 minutes
                                                                                                                                                                                                                                                                                                                                     Batch 18100 Loss:	5.2845940626066294
Batch 18100 Time:	2.050824805100759 minutes
                                                                                                                                                                                                                                                    Batch 18200 Loss:	7.719686245516641
Batch 18200 Time:	2.045610292752584 minutes
                                                                                                                                                                                                                                                     Batch 18800 Loss:	0.7212265153430053
Batch 18800 Time:	2.0195754289627077 minutes
atch 18600 Loss:	0.6581635431830364
Batch 18600 Time:	2.001178256670634 minutes
Batch 18300 Loss:	2.7515784017195983
Batch 18300 Time:	2.035496195157369 minutesBatch 18100 Loss:	11.749302234267816
Batch 18100 Time:	2.0068464557329815 minutes
Batch 18300 Loss:	3.17542646988295
Batch 18300 Time:	2.007287259896596 minutes
Batch 18900 Loss:	0.27869595664014923
Batch 18900 Time:	1.9981935540835063 minutes
Batch 18900 Loss:	4.443771386053413
Batch 18900 Time:	1.9732401847839356 minutes

Batch 18200 Loss:	10.280388813233003
Batch 18200 Time:	2.043248411019643 minutes
Batch 18400 Loss:	3.4055515360087156
Batch 18400 Time:	2.0378889362017314 minutes
Batch 18500 Loss:	3.6871185690979473
Batch 18500 Time:	2.036321238676707 minutes

Batch 9800 Loss:	1.2537386620533653
Batch 9800 Time:	2.679860305786133 minuteBatch 18300 Loss:	11.55226647015661
Batch 18300 Time:	2.036324608325958 minutes
Batch 18600 Loss:	4.780384056459297
Batch 18600 Time:	2.021943159898122 minutes
s
Batch 19100 Loss:	4.320298830978572
Batch 19100 Time:	1.9974787672360739 minutes
Batch 9900 Loss:	0.9507807236586814
Batch 9900 Time:	2.6785879532496133 minutes

Batch 18700 Loss:	5.515885361484834
Batch 18700 Time:	2.023368004957835 minutes

Batch 19200 Loss:	4.3839633064344525
Batch 19200 Time:	1.9864332278569539 minutesBatch 18500 Loss:	10.613327851868235
Batch 18500 Time:	2.0527699549992877 minutes
Batch 18800 Loss:	6.636394927452784
Batch 18800 Time:	2.01727059284846 minutes
es
Batch 19300 Loss:	4.535534034483135
Batch 19300 Time:	1.9936904946962992 minutes
Batch 18600 Loss:	10.445246422779746
Batch 18600 Time:	2.0430936058362326 minutes
Batch 19400 Loss:	0.9761849278547743
Batch 19400 Time:	2.0317679762840273 minuteBatch 19400 Loss:	4.583635550457984
Batch 19400 Time:	1.9907777031262717 minutes

Batch 18700 Loss:	9.597911825403571
Batch 18700 Time:	2.040725525220235 minutes
s
Batch 17600 Loss:	22.613452691584826
Batch 17600 Time:	2.097268839677175 minutes
Batch 19500 Loss:	1.0941060994009604
Batch 19500 Time:	2.0182002186775208 minutesBatch 19500 Loss:	3.8146923379972577
Batch 19500 Time:	1.98836882909139 minutes

Batch 10200 Loss:	0.5488124447729206
Batch 10200 Time:	2.6620275815327963 minutesBBatch 19600 Loss:	1.4336354886399931
Batch 19600 Time:	1.9942262848218282 minuteBatch 19600 Loss:	3.501887431833893
Batch 19600 Time:	1.9971259435017903 minutes

Batch 18900 Loss:	11.077812287723646
Batch 18900 Time:	2.0755072633425393 minutes
Batch 19400 Loss:	0.8233886069183427
Batch 19400 Time:	2.0282870332400003 minutesBBatch 19700 Loss:	3.6576556554064155
Batch 19700 Time:	2.0045453786849974 minutes
Batch 19000 Loss:	11.44864980794955
Batch 19000 Time:	2.0616605559984844 minutes
Batch 19500 Loss:	0.8379034856297949
Batch 19500 Time:	2.035111117362976 minutes
Batch 10400 Loss:	1.277875217529072
Batch 10400 Time:	2.652625373999278 minutes
Batch 19100 Loss:	10.628358709800523
Batch 19100 Time:	2.0697829008102415 minutes
Batch 19600 Loss:	1.1264460617621808
Batch 19600 Time:	2.0203049262364705 minuteBatch 19900 Loss:	4.007708884775639
Batch 19900 Time:	1.9688801924387613 minutes
Batch 19900 Loss:	4.9994981202617055
Batch 19900 Time:	1.9945232033729554 minutes
Batch 19500 Loss:	6.473062570701586
Batch 19500 Time:	2.0447661519050597 minutes
Batch 19300 Loss:	9.712623538449407
Batch 19300 Time:	2.037800387541453 minutes

Batch 19600 Loss:	5.461357143853093
Batch 19600 Time:	2.0115135391553243 minutes

Batch 19400 Loss:	14.050219062250108
Batch 19400 Time:	2.0625489115715028 minutes
Batch 10700 Loss:	1.5593410492874682
Batch 10700 Time:	2.60956346988678 minutes

Pos pairs:
(325, 2)
Neg Pairs
(667590, 2)
Pos pairs:
(325, 2)
Neg Pairs
(667590, Batch 19800 Loss:	4.7825706920120865
Batch 19800 Time:	2.0156571229298907 minutes
)
Batch 0 Loss:	0.7036582827568054
Batch 0 Time:	0.15276672840118408 minutes
Batch 10800 Loss:	0.7582893008366227
Batch 10800 Time:	2.634404444694519 minutes
2)
Batch 0 Loss:	0.6804701685905457
Batch 0 Time:	0.14627520243326822 minutes
Batch 100 Loss:	50.437380358576775
Batch 100 Time:	2.070326793193817 minutes
tes
Batch 100 Loss:	60.35766264796257
Batch 100 Time:	2.0553348938624065 minutes
Batch 10900 Loss:	0.89390550079346
Batch 100 Time:	2.0488711754480997 minutes
                                                                                                                                                              Batch 200 Loss:	41.74391517043114
Batch 200 Time:	2.0266770482063294 minutes
                                                                                                                                                                                                                                               Batch 300 Loss:	37.42485445737839
Batch 300 Time:	2.032200268904368 minutes
                                                                                        Batch 400 Loss:	33.86293904483318
Batch 400 Time:	2.0525320053100584 minutes
                                                                                      Batch 500 Loss:	32.79329198598862
Batch 500 Time:	2.023287129402161 minutes
                                                                                      Batch 600 Loss:	29.619149412959814
Batch 600 Time:	2.0529269695281984 minutes
                                                                                 Batch 700 Loss:	26.614450596272945
Batch 700 Time:	2.0275694370269775 minutes
                                                                                                                                                                                                                                                    Batch 800 Loss:	24.959070958197117
Batch 800 Time:	2.0266507546106975 minutes
                                                                                                                                                               Batch 900 Loss:	25.11816445738077
Batch 900 Time:	2.0561062256495157 minutes
                                                                                                                                                                    Batch 1000 Loss:	22.308400254696608
Batch 1000 Time:	2.073809520403544 minutes
                                                                                                                                                                    Batch 1100 Loss:	20.358643129467964
Batch 1100 Time:	2.0697304328282673 minutes
                                                                                                                                                                Batch 1200 Loss:	20.769930206239223
Batch 1200 Time:	2.0328241189320884 minutes
                                                                                                                                                                  Batch 1300 Loss:	18.97831515595317
Batch 1300 Time:	2.0484861890474955 minutes
                                                                                                                                                                   Batch 1400 Loss:	18.455910908058286
Batch 1400 Time:	2.036692746480306 minutes
                                                                                                                                                                  Batch 1500 Loss:	16.15514867566526
Batch 1500 Time:	2.0465600291887918 minutes
                                                                                 Batch 1600 Loss:	15.169044187292457
Batch 1600 Time:	2.036365973949432 minutes
                                                                                                                                                                 Batch 1700 Loss:	14.82319981791079
Batch 1700 Time:	2.0568411389986676 minutes
                                                                                Batch 1800 Loss:	14.86119662038982
Batch 1800 Time:	2.0366963108380634 minutes
                                                                                                                                                                                                                                                Batch 1900 Loss:	15.975581355392933
Batch 1900 Time:	2.0532657702763877 minutes
                                                                                                                                                                                                                                            Batch 2000 Loss:	14.905682258307934
Batch 2000 Time:	2.0590335806210835 minutes
                                                                                                                                                                   Batch 2100 Loss:	13.036079604178667
Batch 2100 Time:	2.042873485883077 minutes
                                                                                Batch 2200 Loss:	14.795775626786053
Batch 2200 Time:	2.0341430346171063 minutes
                                                                                    Batch 2300 Loss:	13.883047251962125
Batch 2300 Time:	2.0514865557352704 minutes
                                                                                                                                                                Batch 2400 Loss:	11.952133062295616
Batch 2400 Time:	2.071186820665995 minutes
                                                                                                                                                                Batch 2500 Loss:	10.851467162370682
Batch 2500 Time:	2.061969244480133 minutes
                                                                                  Batch 2600 Loss:	12.148730291984975
Batch 2600 Time:	2.03118048508962 minutes
                                                                                    Batch 2700 Loss:	11.663803746923804
Batch 2700 Time:	2.0396286725997923 minutes
                                                                                  Batch 2800 Loss:	10.753479185514152
Batch 2800 Time:	2.035579200585683 minutes
                                                                                  Batch 2900 Loss:	13.842864603735507
Batch 2900 Time:	2.0403697450955707 minutes
                                                                                                                                                                   Batch 3000 Loss:	10.375784596428275
Batch 3000 Time:	2.0434213995933534 minutes
                                                                                 Batch 3100 Loss:	11.112732929177582
Batch 3100 Time:	2.024542458852132 minutes
                                                                                                                                                                   Batch 3200 Loss:	9.967699840199202
Batch 3200 Time:	2.037764513492584 minutes
                                                                                                                                                                    Batch 3300 Loss:	9.102728266036138
Batch 3300 Time:	2.018494705359141 minutes
                                                                                                                                                                Batch 3400 Loss:	7.974069575313479
Batch 3400 Time:	2.0093206683794658 minutes
                                                                                                                                                               Batch 3500 Loss:	10.28027216810733
Batch 3500 Time:	2.0476176540056863 minutes
                                                                                                                                                                 Batch 3600 Loss:	10.662796870805323
Batch 3600 Time:	2.0459289232889812 minutes
                                                                                                                                                                Batch 3700 Loss:	8.485398667864501
Batch 3700 Time:	2.04867951075236 minutes
                                                                                                                                                                 Batch 3800 Loss:	8.628335995133966
Batch 3800 Time:	2.0274104992548625 minutes
                                                                                                                                                                                                                                           Batch 3900 Loss:	6.968250907957554
Batch 3900 Time:	2.0254592935244244 minutes
                                                                                                                                                                 Batch 4000 Loss:	7.517878617160022
Batch 4000 Time:	2.054540983835856 minutes
                                                                                                                                                                   Batch 4100 Loss:	6.159209136501886
Batch 4100 Time:	2.037833404541016 minutes
                                                                                                                                                                                                                                           Batch 4200 Loss:	7.462405918166041
Batch 4200 Time:	2.055806251366933 minutes
                                                                                                                                                                                                                                               Batch 4300 Loss:	7.553874817676842
Batch 4300 Time:	2.0453814307848615 minutes
                                                                                                                                                              Batch 4400 Loss:	9.841640055412427
Batch 4400 Time:	2.0436964710553487 minutes
                                                                                                                                                                 Batch 4500 Loss:	8.571318072499707
Batch 4500 Time:	2.033514591058095 minutes
                                                                                                                                                               Batch 4600 Loss:	6.74458323023282
Batch 4600 Time:	2.046048378944397 minutes
                                                                                                                                                                Batch 2700 Loss:	27.40740532055497
Batch 2700 Time:	2.1295929272969563 minutes
UserWarning: 
    Found GPU0 Quadro K420 which is of cuda capability 3.0.
    PyTorch no longer supports this GPU because it is too old.
    The minimum cuda capability supported by this library is 3.7.
    
  warnings.warn(old_gpu_warn % (d, name, major, minor, min_arch // 10, min_arch % 10))
Traceback (most recent call last):
  File "src/PairwiseYeastNetwork/Parallel/Model7.py", line 22, in <module>
    main()
  File "src/PairwiseYeastNetwork/Parallel/Model7.py", line 17, in main
    graph = YeastGraph('./Yeast Resources/Pairwise/Spell/Dropout/InputDropout_0_200x1_Net_fold1.pth',modelData,'430x200x1',posFile='./Yeast Resources\positives_00_go04-15-07.txt',negFile='./Yeast Resources/negatives_00_go04-15-07.txt',agnFile='./Yeast Resources/agnostic_01_underannotated.txt')
  File "./src/PairwiseYeastNetwork/YeastGraph.py", line 20, in __init__
    posGenes = pd.read_csv(posFile).to_numpy().flatten()
  File "/users/cmcguir1/.local/lib/python3.7/site-packages/pandas/util/_decorators.py", line 311, in wrapper
    return func(*args, **kwargs)
  File "/users/cmcguir1/.local/lib/python3.7/site-packages/pandas/io/parsers/readers.py", line 586, in read_csv
    return _read(filepath_or_buffer, kwds)
  File "/users/cmcguir1/.local/lib/python3.7/site-packages/pandas/io/parsers/readers.py", line 482, in _read
    parser = TextFileReader(filepath_or_buffer, **kwds)
  File "/users/cmcguir1/.local/lib/python3.7/site-packages/pandas/io/parsers/readers.py", line 811, in __init__
    self._engine = self._make_engine(self.engine)
  File "/users/cmcguir1/.local/lib/python3.7/site-packages/pandas/io/parsers/readers.py", line 1040, in _make_engine
    return mapping[engine](self.f, **self.options)  # type: ignore[call-arg]
  File "/users/cmcguir1/.local/lib/python3.7/site-packages/pandas/io/parsers/c_parser_wrapper.py", line 51, in __init__
    self._open_handles(src, kwds)
  File "/users/cmcguir1/.local/lib/python3.7/site-packages/pandas/io/parsers/base_parser.py", line 229, in _open_handles
    errors=kwds.get("encoding_errors", "strict"),
  File "/users/cmcguir1/.local/lib/python3.7/site-packages/pandas/io/common.py", line 707, in get_handle
    newline="",
FileNotFoundError: [Errno 2] No such file or directory: './Yeast Resources\\positives_00_go04-15-07.txt'
Batch 4800 Loss:	24.5731700360775
Batch 4800 Time:	2.0463746309280397 minutes

Batch 4500 Loss:	3.2833372210152447
Batch 4500 Time:	2.056039007504781 minutes
Batch 2800 Loss:	31.37366944551468
Batch 2800 Time:	2.1471805135409037 minutes


Batch 4900 Loss:	25.978537920862436
Batch 4900 Time:	2.043564796447754 minutes
Batch 4600 Loss:	2.78252730704844
Batch 4600 Time:	2.0729549050331117 minutes

Batch 14600 Loss:	1.920864074381825
Batch 14600 Time:	2.6276002724965415 minuteBatch 5000 Loss:	26.01168868690729
Batch 5000 Time:	2.0359541177749634 minutes
es
Batch 4700 Loss:	3.5132837392156944
Batch 4700 Time:	2.0586013118426005 minutes
Batch 3000 Loss:	26.466540172696114
Batch 3000 Time:	2.1585732618967692 minutesBBatch 14700 Loss:	1.955533488173387
Batch 14700 Time:	2.6657264471054076 minutesBatch 4800 Loss:	3.470255000022007
Batch 4800 Time:	2.065482584635417 minutes

Batch 4300 Loss:	15.263902337290347
Batch 4300 Time:	2.098786461353302 minutes
Batch 5200 Loss:	23.093493960797787
Batch 5200 Time:	2.0225650469462075 minuteBatch 5200 Loss:	1.9008655910147354
Batch 5200 Time:	2.054481037457784 minutes
Batch 4900 Loss:	2.919747298117727
Batch 4900 Time:	2.0839217861493426 minutesBBatch 5200 Loss:	7.786281537497416
Batch 5200 Time:	2.0623101234436034 minutes
s
Batch 3200 Loss:	29.604148112237453
Batch 3200 Time:	2.1398228208223977 minutes
Batch 5300 Loss:	1.5683625341480365
Batch 5300 Time:	2.0441151817639667 minutes
Batch 5000 Loss:	2.1054544571088627
Batch 5000 Time:	2.0581615487734477 minutes
Batch 4500 Loss:	13.481817044317722
Batch 4500 Time:	2.1010298172632855 minutesBatch 3300 Loss:	26.554140906780958
Batch 3300 Time:	2.133760674794515 minutes

Traceback (most recent call last):
  File "src/PairwiseYeastNetwork/Parallel/Model9.py", line 3, in <module>
    from sqlalchemy import false
ModuleNotFoundError: No module named 'sqlalchemy'
Batch 5100 Loss:	2.453631437907461
Batch 5100 Time:	2.0543866674105327 minutes
Traceback (most recent call last):
  File "src/PairwiseYeastNetwork/Parallel/Model9.py", line 3, in <module>
    from sqlalchemy import false
ModuleNotFoundError: No module named 'sqlalchemy'
Batch 5400 Loss:	7.390214917017147
Batch 5400 Time:	2.0504091580708823 minutes
del9.py", line 3, in <module>
    from sqlalchemy import false
ModuleNotFoundError: No module named 'sqlalchemy'
Batch 5500 Loss:	23.278183411806822
Batch 5500 Time:	2.0173705021540322 minutesBatch 3400 Loss:	25.89255002140999
Batch 3400 Time:	2.140066933631897 minutes
tes
Batch 5200 Loss:	3.8329861002857797
Batch 5200 Time:	2.083333134651184 minutes

Traceback (most recent call last):
  File "src/PairwiseYeastNetwork/Parallel/Model9.py", line 3, in <module>
    from sqlalchemy import false
ModuleNotFoundError: No module named 'sqlalchemy'
Batch 5500 Loss:	6.8517484072363
Batch 5500 Time:	2.0399839838345843 minutes
Model9.py", line 3, in <module>
    from sqlalchemy import false
ModuleNotFoundError: No module named 'sqlalchemy'
Batch 4700 Loss:	13.143678154796362
Batch 4700 Time:	2.110288949807485 minutes
del9.py", line 3, in <module>
    from sqlalchemy import false
ModuleNotFoundError: No module named 'sqlalchemy'
Batch 3500 Loss:	27.608049981296062
Batch 3500 Time:	2.149428912003835 minutes

Batch 5600 Loss:	1.918266400694847
Batch 5600 Time:	2.028458313147227 minutes
odel9.py", line 3, in <module>
    from sqlalchemy import false
ModuleNotFoundError: No module named 'sqlalchemy'
Batch 5300 Loss:	2.8557960367470514
Batch 5300 Time:	2.071897788842519 minutes
s
aceback (most recent call last):
  File "src/PairwiseYeastNetwork/Parallel/Model9.py", line 3, in <module>
    from sqlalchemy import false
ModuleNotFoundError: No module named 'sqlalchemy'
Batch 4800 Loss:	13.864746320061386
Batch 4800 Time:	2.0951948682467143 minutesBBatch 3600 Loss:	28.071311097592115
Batch 3600 Time:	2.142092438538869 minutes
Batch 5400 Loss:	2.3550033819046803
Batch 5400 Time:	2.0531931638717653 minutes
tch 1800 Loss:	11.769770079292357
Batch 1800 Time:	2.084592620531718 minutes
Traceback (most recent call last):
  File "src/PairwiseYeastNetwork/Parallel/Model9.py", line 3, in <module>
    from sqlalchemy import false
ModuleNotFoundError: No module named 'sqlalchemy'
Batch 4900 Loss:	13.164523690007627
Batch 4900 Time:	2.0640343109766643 minutes
Batch 5800 Loss:	23.737493008375168
Batch 5800 Time:	2.0140528162320455 minutes
Batch 5500 Loss:	2.4147918727248907
Batch 5500 Time:	2.070655020078023 minutes
Batch 1900 Loss:	9.324895174475387
Batch 1900 Time:	2.0557517886161802 minutes
Batch 5800 Loss:	5.955721572681796
Batch 5800 Time:	2.061725835005442 minutes
odel9.py", line 26, in <module>
    main()
  File "src/PairwiseYeastNetwork/Parallel/Model9.py", line 17, in main
    complexModel = ComplexModel(int(sys.argv[1]),4,sys.argv[2],'Spell/ComplexTest','Original',foldFile='./Yeast Resources/Datasets/All Spell/complexGeneFolds1.csv',folder='./Yeast Resources/Datasets/All Spell/original',recur=False)
  File "./src/PairwiseYeastNetwork/ComplexModel.py", line 65, in __init__
    self.data = ExpressionDatasets(folder=folder,statsDictLoc='./Yeast Resources/Datasets/All Spell/revisedStatsDict.csv',recur=recur)
  File "./src/PairwiseYeastNetwork/ExpressionDatasets.py", line 29, in __init__
    sortedFiles = sorted(files,key=sortByYear)
  File "./src/PairwiseYeastNetwork/ExpressionDatasets.py", line 25, in sortByYear
    return int(year)
ValueError: invalid literal for int() with base 10: 'vg.p'
Batch 15300 Loss:	1.3312706697797694
Batch 15300 Time:	2.65517258644104 minutes
Batch 3800 Loss:	26.04726640880108
Batch 3800 Time:	2.137447452545166 minutes
s
el9.py", line 26, in <module>
    main()
  File "src/PairwiseYeastNetwork/Parallel/Model9.py", line 17, in main
    complexModel = ComplexModel(int(sys.argv[1]),4,sys.argv[2],'Spell/ComplexTest','Original',foldFile='./Yeast Resources/Datasets/All Spell/complexGeneFolds1.csv',folder='./Yeast Resources/Datasets/All Spell/original',recur=False)
  File "./src/PairwiseYeastNetwork/ComplexModel.py", line 65, in __init__
    self.data = ExpressionDatasets(folder=folder,statsDictLoc='./Yeast Resources/Datasets/All Spell/revisedStatsDict.csv',recur=recur)
  File "./src/PairwiseYeastNetwork/ExpressionDatasets.py", line 29, in __init__
    sortedFiles = sorted(files,key=sortByYear)
  File "./src/PairwiseYeastNetwork/ExpressionDatasets.py", line 25, in sortByYear
    return int(year)
ValueError: invalid literal for int() with base 10: 'vg.p'
Batch 5600 Loss:	2.431323108408833
Batch 5600 Time:	2.030490251382192 minutes
odel9.py", line 26, in <module>
    main()
  File "src/PairwiseYeastNetwork/Parallel/Model9.py", line 17, in main
    complexModel = ComplexModel(int(sys.argv[1]),4,sys.argv[2],'Spell/ComplexTest','Original',foldFile='./Yeast Resources/Datasets/All Spell/complexGeneFolds1.csv',folder='./Yeast Resources/Datasets/All Spell/original',recur=False)
  File "./src/PairwiseYeastNetwork/ComplexModel.py", line 65, in __init__
    self.data = ExpressionDatasets(folder=folder,statsDictLoc='./Yeast Resources/Datasets/All Spell/revisedStatsDict.csv',recur=recur)
  File "./src/PairwiseYeastNetwork/ExpressionDatasets.py", line 29, in __init__
    sortedFiles = sorted(files,key=sortByYear)
  File "./src/PairwiseYeastNetwork/ExpressionDatasets.py", line 25, in sortByYear
    return int(year)
ValueError: invalid literal for int() with base 10: 'vg.p'
Batch 2000 Loss:	7.983257852029055
Batch 2000 Time:	2.0644076387087504 minutes
Traceback (most recent call last):
  File "src/PairwiseYeastNetwork/Parallel/Model9.py", line 26, in <module>
    main()
  File "src/PairwiseYeastNetwork/Parallel/Model9.py", line 17, in main
    complexModel = ComplexModel(int(sys.argv[1]),4,sys.argv[2],'Spell/ComplexTest','Original',foldFile='./Yeast Resources/Datasets/All Spell/complexGeneFolds1.csv',folder='./Yeast Resources/Datasets/All Spell/original',recur=False)
  File "./src/PairwiseYeastNetwork/ComplexModel.py", line 65, in __init__
    self.data = ExpressionDatasets(folder=folder,statsDictLoc='./Yeast Resources/Datasets/All Spell/revisedStatsDict.csv',recur=recur)
  File "./src/PairwiseYeastNetwork/ExpressionDatasets.py", line 29, in __init__
    sortedFiles = sorted(files,key=sortByYear)
  File "./src/PairwiseYeastNetwork/ExpressionDatasets.py", line 25, in sortByYear
    return int(year)
ValueError: invalid literal for int() with base 10: 'vg.p'
Batch 5100 Loss:	10.14509061537683
Batch 5100 Time:	2.11179092725118 minutes

Batch 6000 Loss:	22.20017161220312
Batch 6000 Time:	2.057993499437968 minutes
Batch 6000 Loss:	1.927235162962461
Batch 6000 Time:	2.050226338704427 minutes
odel9.py", line 26, in <module>
    main()
  File "src/PairwiseYeastNetwork/Parallel/Model9.py", line 17, in main
    complexModel = ComplexModel(int(sys.argv[1]),4,sys.argv[2],'Spell/ComplexTest','Original',foldFile='./Yeast Resources/Datasets/All Spell/complexGeneFolds1.csv',folder='./Yeast Resources/Datasets/All Spell/original',recur=False)
  File "./src/PairwiseYeastNetwork/ComplexModel.py", line 65, in __init__
    self.data = ExpressionDatasets(folder=folder,statsDictLoc='./Yeast Resources/Datasets/All Spell/revisedStatsDict.csv',recur=recur)
  File "./src/PairwiseYeastNetwork/ExpressionDatasets.py", line 29, in __init__
    sortedFiles = sorted(files,key=sortByYear)
  File "./src/PairwiseYeastNetwork/ExpressionDatasets.py", line 25, in sortByYear
    return int(year)
ValueError: invalid literal for int() with base 10: 'vg.p'
Batch 3900 Loss:	25.276776671409607
Batch 3900 Time:	2.1650342027346294 minutes

l9.py", line 26, in <module>
    main()
  File "src/PairwiseYeastNetwork/Parallel/Model9.py", line 17, in main
    complexModel = ComplexModel(int(sys.argv[1]),4,sys.argv[2],'Spell/ComplexTest','Original',foldFile='./Yeast Resources/Datasets/All Spell/complexGeneFolds1.csv',folder='./Yeast Resources/Datasets/All Spell/original',recur=False)
  File "./src/PairwiseYeastNetwork/ComplexModel.py", line 65, in __init__
    self.data = ExpressionDatasets(folder=folder,statsDictLoc='./Yeast Resources/Datasets/All Spell/revisedStatsDict.csv',recur=recur)
  File "./src/PairwiseYeastNetwork/ExpressionDatasets.py", line 29, in __init__
    sortedFiles = sorted(files,key=sortByYear)
  File "./src/PairwiseYeastNetwork/ExpressionDatasets.py", line 25, in sortByYear
    return int(year)
ValueError: invalid literal for int() with base 10: 'vg.p'
Batch 5700 Loss:	1.791207125323126
Batch 5700 Time:	2.0484211842219033 minutes
Traceback (most recent call last):
  File "src/PairwiseYeastNetwork/Parallel/Model9.py", line 26, in <module>
    main()
  File "src/PairwiseYeastNetwork/Parallel/Model9.py", line 17, in main
    complexModel = ComplexModel(int(sys.argv[1]),4,sys.argv[2],'Spell/ComplexTest','Original',foldFile='./Yeast Resources/Datasets/All Spell/complexGeneFolds1.csv',folder='./Yeast Resources/Datasets/All Spell/original',recur=False)
  File "./src/PairwiseYeastNetwork/ComplexModel.py", line 65, in __init__
    self.data = ExpressionDatasets(folder=folder,statsDictLoc='./Yeast Resources/Datasets/All Spell/revisedStatsDict.csv',recur=recur)
  File "./src/PairwiseYeastNetwork/ExpressionDatasets.py", line 29, in __init__
    sortedFiles = sorted(files,key=sortByYear)
  File "./src/PairwiseYeastNetwork/ExpressionDatasets.py", line 25, in sortByYear
    return int(year)
ValueError: invalid literal for int() with base 10: 'vg.p'
Batch 6000 Loss:	6.47429345198907
Batch 6000 Time:	2.0420064330101013 minutes
odel9.py", line 26, in <module>
    main()
  File "src/PairwiseYeastNetwork/Parallel/Model9.py", line 17, in main
    complexModel = ComplexModel(int(sys.argv[1]),4,sys.argv[2],'Spell/ComplexTest','Original',foldFile='./Yeast Resources/Datasets/All Spell/complexGeneFolds1.csv',folder='./Yeast Resources/Datasets/All Spell/original',recur=False)
  File "./src/PairwiseYeastNetwork/ComplexModel.py", line 65, in __init__
    self.data = ExpressionDatasets(folder=folder,statsDictLoc='./Yeast Resources/Datasets/All Spell/revisedStatsDict.csv',recur=recur)
  File "./src/PairwiseYeastNetwork/ExpressionDatasets.py", line 29, in __init__
    sortedFiles = sorted(files,key=sortByYear)
  File "./src/PairwiseYeastNetwork/ExpressionDatasets.py", line 25, in sortByYear
    return int(year)
ValueError: invalid literal for int() with base 10: 'vg.p'
Batch 6100 Loss:	20.77946114167571
Batch 6100 Time:	2.02775882879893 minutes
Model9.py", line 26, in <module>
    main()
  File "src/PairwiseYeastNetwork/Parallel/Model9.py", line 17, in main
    complexModel = ComplexModel(int(sys.argv[1]),4,sys.argv[2],'Spell/ComplexTest','Original',foldFile='./Yeast Resources/Datasets/All Spell/complexGeneFolds1.csv',folder='./Yeast Resources/Datasets/All Spell/original',recur=False)
  File "./src/PairwiseYeastNetwork/ComplexModel.py", line 65, in __init__
    self.data = ExpressionDatasets(folder=folder,statsDictLoc='./Yeast Resources/Datasets/All Spell/revisedStatsDict.csv',recur=recur)
  File "./src/PairwiseYeastNetwork/ExpressionDatasets.py", line 29, in __init__
    sortedFiles = sorted(files,key=sortByYear)
  File "./src/PairwiseYeastNetwork/ExpressionDatasets.py", line 25, in sortByYear
    return int(year)
ValueError: invalid literal for int() with base 10: 'vg.p'
Batch 5200 Loss:	13.88689007749781
Batch 5200 Time:	2.0942367990811666 minutes
del9.py", line 26, in <module>
    main()
  File "src/PairwiseYeastNetwork/Parallel/Model9.py", line 17, in main
    complexModel = ComplexModel(int(sys.argv[1]),4,sys.argv[2],'Spell/ComplexTest','Original',foldFile='./Yeast Resources/Datasets/All Spell/complexGeneFolds1.csv',folder='./Yeast Resources/Datasets/All Spell/original',recur=False)
  File "./src/PairwiseYeastNetwork/ComplexModel.py", line 65, in __init__
    self.data = ExpressionDatasets(folder=folder,statsDictLoc='./Yeast Resources/Datasets/All Spell/revisedStatsDict.csv',recur=recur)
  File "./src/PairwiseYeastNetwork/ExpressionDatasets.py", line 29, in __init__
    sortedFiles = sorted(files,key=sortByYear)
  File "./src/PairwiseYeastNetwork/ExpressionDatasets.py", line 25, in sortByYear
    return int(year)
ValueError: invalid literal for int() with base 10: 'vg.p'
Batch 5800 Loss:	2.2667595102684572
Batch 5800 Time:	2.072558784484863 minutes

atch 2200 Loss:	11.293256428092718
Batch 2200 Time:	2.092670245965322 minutes
Batch 6100 Loss:	6.42534788348712
Batch 6100 Time:	2.06594154437383 minutes
utes
l9.py", line 26, in <module>
    main()
  File "src/PairwiseYeastNetwork/Parallel/Model9.py", line 17, in main
    complexModel = ComplexModel(int(sys.argv[1]),4,sys.argv[2],'Spell/ComplexTest','Original',foldFile='./Yeast Resources/Datasets/All Spell/complexGeneFolds1.csv',folder='./Yeast Resources/Datasets/All Spell/original',recur=False)
  File "./src/PairwiseYeastNetwork/ComplexModel.py", line 65, in __init__
    self.data = ExpressionDatasets(folder=folder,statsDictLoc='./Yeast Resources/Datasets/All Spell/revisedStatsDict.csv',recur=recur)
  File "./src/PairwiseYeastNetwork/ExpressionDatasets.py", line 29, in __init__
    sortedFiles = sorted(files,key=sortByYear)
  File "./src/PairwiseYeastNetwork/ExpressionDatasets.py", line 25, in sortByYear
    return int(year)
ValueError: invalid literal for int() with base 10: 'vg.p'
Batch 5300 Loss:	14.929502928629518
Batch 5300 Time:	2.095745587348938 minutes
del9.py", line 26, in <module>
    main()
  File "src/PairwiseYeastNetwork/Parallel/Model9.py", line 17, in main
    complexModel = ComplexModel(int(sys.argv[1]),4,sys.argv[2],'Spell/ComplexTest','Original',foldFile='./Yeast Resources/Datasets/All Spell/complexGeneFolds1.csv',folder='./Yeast Resources/Datasets/All Spell/original',recur=False)
  File "./src/PairwiseYeastNetwork/ComplexModel.py", line 65, in __init__
    self.data = ExpressionDatasets(folder=folder,statsDictLoc='./Yeast Resources/Datasets/All Spell/revisedStatsDict.csv',recur=recur)
  File "./src/PairwiseYeastNetwork/ExpressionDatasets.py", line 29, in __init__
    sortedFiles = sorted(files,key=sortByYear)
  File "./src/PairwiseYeastNetwork/ExpressionDatasets.py", line 25, in sortByYear
    return int(year)
ValueError: invalid literal for int() with base 10: 'vg.p'
Batch 5900 Loss:	2.323620168172056
Batch 5900 Time:	2.0636606653531393 minutes

atch 2300 Loss:	8.956869929097593
Batch 2300 Time:	2.0734165986378987 minutes
Batch 6300 Loss:	21.16033523529768
Batch 6300 Time:	2.015774659315745 minutes
eBaBatch 6300 Loss:	1.6170128562371247
Batch 6300 Time:	2.0369684020678203 minuteBaBatch 6000 Loss:	2.574111913301749
Batch 6000 Time:	2.0638962626457213 minutesBBatch 6400 Loss:	20.197969373315573
Batch 6400 Time:	2.029135306676229 minutesBBatch 6400 Loss:	1.4809291159617715
Batch 6400 Time:	2.06862078110377 minutes
es
Batch 4300 Loss:	29.565041467547417
Batch 4300 Time:	2.164616390069326 minutes
BBatch 6500 Loss:	19.137744326144457
Batch 6500 Time:	2.0048964182535807 minuBatcBatch 6500 Loss:	1.7389934583043214
Batch 6500 Time:	2.054732879002889 minutBatBatch 4400 Loss:	25.59352644532919
Batch 4400 Time:	2.1520161827405295 minutesBatcBatch 6600 Loss:	20.568105552345514
Batch 6600 Time:	2.03809849023819 minuBatcBatch 6600 Loss:	1.386278404010227
Batch 6600 Time:	2.0510723908742268 minutes
Batch 4500 Loss:	25.688977226614952
Batch 4500 Time:	2.1370929956436155 minutBatBatch 6700 Loss:	20.423986330628395
Batch 6700 Time:	2.029024012883504 minutes
es
Batch 6700 Loss:	1.8342581241158769
Batch 6700 Time:	2.0579206307729083 minutes
Batch 4600 Loss:	25.194587148725986
Batch 4600 Time:	2.158828826745351 minutesBatch 6800 Loss:	21.13193153217435
Batch 6800 Time:	2.0109942237536114 minutes
Batch 6800 Loss:	2.50231932735187
Batch 6800 Time:	2.0642014384269713 minutes
s
Batch 6500 Loss:	1.7313823852455243
Batch 6500 Time:	2.064699606100718 minutesBBatch 6900 Loss:	20.361942876130342
Batch 6900 Time:	2.0486087441444396 minutes
Batch 16100 Loss:	1.4476896616724844
Batch 16100 Time:	2.6565558830897014 minuteBaBatch 6900 Loss:	6.412984537775628
Batch 6900 Time:	2.042612059911092 minutes

Batch 7000 Loss:	18.77893241494894
Batch 7000 Time:	2.0194161852200825 minutes

Batch 7000 Loss:	1.5665972009010147
Batch 7000 Time:	2.0450528383255007 minutes
Batch 7000 Loss:	5.691870493494207
Batch 7000 Time:	2.072102129459381 minutes
sBatch 7100 Loss:	18.979453410953283
Batch 7100 Time:	2.028618001937866 minutes
Batch 7100 Loss:	1.132977244880749
Batch 7100 Time:	2.0236154079437254 minutes
Batch 7100 Loss:	5.490349813793728
Batch 7100 Time:	2.0276561458905538 minutes
Batch 16300 Loss:	2.410798319409878
Batch 16300 Time:	2.7022328694661457 minutes
Batch 6300 Loss:	12.356128567829728
Batch 6300 Time:	2.0719668825467425 minutes
Batch 7200 Loss:	6.305938612902537
Batch 7200 Time:	2.054487442970276 minutes

Batch 5100 Loss:	23.459576595574617
Batch 5100 Time:	2.1593839168548583 minutes
Batch 6400 Loss:	14.014609885169193
Batch 6400 Time:	2.1160567442576093 minutesBatBatch 7300 Loss:	3.4308136015897617
Batch 7300 Time:	2.039135237534841 minutes
Batch 5200 Loss:	23.442683815956116
Batch 5200 Time:	2.1365989724795025 minutes
Batch 6500 Loss:	12.459654250182211
Batch 6500 Time:	2.103180917104085 minutesBBatch 7400 Loss:	5.098039821445127
Batch 7400 Time:	2.033216857910156 minutes
sBBatch 5300 Loss:	24.69763565529138
Batch 5300 Time:	2.128092126051585 minutes
Batch 6600 Loss:	13.44479809794575
Batch 6600 Time:	2.107400707403819 minutes
es
Batch 7500 Loss:	5.392816998471972
Batch 7500 Time:	2.0218842744827272 minutes
Batch 5400 Loss:	23.73468217998743
Batch 5400 Time:	2.1479872544606526 minutes
s
Batch 6700 Loss:	9.598211104981601
Batch 6700 Time:	2.106401864687602 minutes

Batch 7600 Loss:	5.194118590385187
Batch 7600 Time:	2.0344613512357075 minutes
Batch 5500 Loss:	22.18863795697689
Batch 5500 Time:	2.116177189350128 minutes
s
Batch 6800 Loss:	10.033895335858688
Batch 6800 Time:	2.096003560225169 minutes
s
Batch 7700 Loss:	4.293161851877812
Batch 7700 Time:	2.029894312222799 minutes
s
Batch 7800 Loss:	17.022999797016382
Batch 7800 Time:	2.0472055236498514 minutes
                                                                                                                                                                                                                                            Batch 7900 Loss:	16.533872358500957
Batch 7900 Time:	2.0501277844111123 minutes
                                                                                                                                                               Batch 8000 Loss:	15.363741975277662
Batch 8000 Time:	2.053879729906718 minutes
                                                                                                                                                                                                                                            Batch 8100 Loss:	17.12816074118018
Batch 8100 Time:	2.020116384824117 minutes
                                                                                                                                                                  Batch 8200 Loss:	14.00653163343668
Batch 8200 Time:	2.037533481915792 minutes
                                                                                                                                                                 Batch 8300 Loss:	15.06335187330842
Batch 8300 Time:	2.0382802208264668 minutes
                                                                                Batch 8400 Loss:	14.433904901146889
Batch 8400 Time:	2.037055750687917 minutes
                                                                                 Batch 8500 Loss:	13.705255154520273
Batch 8500 Time:	2.0262382507324217 minutes
                                                                                                                                                                  Batch 8600 Loss:	12.389023583382368
Batch 8600 Time:	2.0288844307263694 minutes
                                                                                                                                                               Batch 8700 Loss:	13.733420383185148
Batch 8700 Time:	2.0238906145095825 minutes
                                                                                                                                                              Batch 8800 Loss:	12.909390315413475
Batch 8800 Time:	2.038945778210958 minutes
                                                                                                                                                               Batch 8900 Loss:	12.912156904116273
Batch 8900 Time:	2.0295406262079876 minutes
                                                                                 Batch 9000 Loss:	13.902915151789784
Batch 9000 Time:	2.031029999256134 minutes
                                                                                                                                                                  Batch 9100 Loss:	13.558628467842937
Batch 9100 Time:	2.0340420484542845 minutes
                                                                               Batch 9200 Loss:	12.997429667040706
Batch 9200 Time:	2.0522565960884096 minutes
                                                                                   Batch 9300 Loss:	11.327075950801373
Batch 9300 Time:	2.0272429943084718 minutes
                                                                                  Batch 9400 Loss:	11.295650796964765
Batch 9400 Time:	2.0182772636413575 minutes
                                                                                                                                                               Batch 9500 Loss:	12.048630246892571
Batch 9500 Time:	2.047951702276866 minutes
                                                                                  Batch 7300 Loss:	22.097342473454773
Batch 7300 Time:	2.13016859292984 minutes
s
Batch 8600 Loss:	12.14346492337063
Batch 8600 Time:	2.099067731698354 minutes
Batch 9600 Loss:	0.8589469853177434
Batch 9600 Time:	2.059430770079295 minutes
                                                                                                                                                                                                                                             Batch 9700 Loss:	0.7577422579634003
Batch 9700 Time:	2.0599701007207236 minutes
                                                                                                                                                                                                                                                 Batch 9800 Loss:	1.0226566657074727
Batch 9800 Time:	2.059886618455251 minutes
                                                                                                                                                                                                                                              Batch 9900 Loss:	0.37495863588992506
Batch 9900 Time:	2.048556609948476 minutes
                                                                                                                                                                                                                                                   Batch 10000 Loss:	0.33745162225386593
Batch 10000 Time:	2.056441299120585 minutes
                                                                                                                                                                Batch 10100 Loss:	0.45562096321373247
Batch 10100 Time:	2.064524487654368 minutes
                                                                                                                                                                 Batch 10200 Loss:	1.1123161707655527
Batch 10200 Time:	2.072624901930491 minutes
                                                                                                                                                                  Batch 10300 Loss:	1.0224547131510917
Batch 10300 Time:	2.059131129582723 minutes
                                                                                                                                                                Batch 10400 Loss:	0.8531083554844372
Batch 10400 Time:	2.0697088956832888 minutes
                                                                                                                                                                Batch 10500 Loss:	0.5555330499919364
Batch 10500 Time:	2.0644556641578675 minutes
                                                                                                                                                                                                                                               Batch 10600 Loss:	0.8317431009199936
Batch 10600 Time:	2.0697163939476013 minutes
                                                                                                                                                                 Batch 10700 Loss:	0.7132438685948728
Batch 10700 Time:	2.0750529408454894 minutes
                                                                                                                                                                Batch 10800 Loss:	1.014000306429807
Batch 10800 Time:	2.080036214987437 minutes
                                                                                  Batch 10900 Loss:	0.6534095801907824
Batch 10900 Time:	2.0679953932762145 minutes
                                                                                                                                                                                                                                                Batch 11000 Loss:	0.7876489733171184
Batch 11000 Time:	2.063111674785614 minutes
                                                                                                                                                                  Batch 11100 Loss:	0.7248827781149885
Batch 11100 Time:	2.0774674654006957 minutes
atch 11100 Loss:	4.445899806902162
Batch 11100 Time:	2.051550002892812 minutes
                                                                                                                                                                   Batch 11200 Loss:	3.243285208911402
Batch 11200 Time:	2.0516236583391825 minutes
                                                                                  Batch 11300 Loss:	4.413179820403457
Batch 11300 Time:	2.0296528816223143 minutes
                                                                                                                                                                  Batch 11400 Loss:	4.677751538751181
Batch 11400 Time:	2.032813521226247 minutes
                                                                                                                                                                   Batch 11500 Loss:	4.1526605852996
Batch 11500 Time:	2.040333541234334 minutes
                                                                                                                                                                 Batch 11600 Loss:	4.2206631646549795
Batch 11600 Time:	2.046145725250244 minutes
                                                                                                                                                               Batch 11700 Loss:	3.5381010636119754
Batch 11700 Time:	2.0283148686091104 minutes
                                                                                                                                                                                                                                               Batch 11800 Loss:	3.2783061217051
Batch 11800 Time:	2.032259186108907 minutes
                                                                                                                                                                                                                                                      Batch 11900 Loss:	3.801078270189464
Batch 11900 Time:	2.0319641470909118 minutes
                                                                                                                                                                                                                                               Batch 12000 Loss:	4.239210844272748
Batch 12000 Time:	2.028708342711131 minutes
                                                                                                                                                                                                                                              Batch 12100 Loss:	4.2550438564503565
Batch 12100 Time:	2.06039244333903 minutes
                                                                                                                                                                    Batch 12200 Loss:	3.8781984176894184
Batch 12200 Time:	2.048676784833272 minutes
                                                                                                                                                                  Batch 12300 Loss:	4.503484787070192
Batch 12300 Time:	2.029494559764862 minutes
                                                                                                                                                                                                                                                   Batch 12400 Loss:	2.4369162455259357
Batch 12400 Time:	2.0458972732226055 minutes
                                                                                                                                                                    Batch 12500 Loss:	3.676798750195303
Batch 12500 Time:	2.0465763330459597 minutes
                                                                                                                                                                                                                                            Batch 12700 Loss:	6.316978681832552
Batch 12700 Time:	2.017244549592336 minutes
s
Batch 11600 Loss:	9.12411672854796
Batch 11600 Time:	2.1186003565788267 minutes
                                                                                                                                                                    Batch 11700 Loss:	9.465613147476688
Batch 11700 Time:	2.078440225124359 minutes
                                                                                                                                                                     Batch 11800 Loss:	6.187295654090121
Batch 11800 Time:	2.0862486124038697 minutes
                                                                                                                                                                                                                                                      Batch 11900 Loss:	8.25606622453779
Batch 11900 Time:	2.1172953327496846 minutes
                                                                                                                                                                                                                                                      Batch 12000 Loss:	9.989762566052377
Batch 12000 Time:	2.1027045567830402 minutes
                                                                                                                                                                                                                                                     Batch 12100 Loss:	10.648914535646327
Batch 12100 Time:	2.0984037041664125 minutes
                                                                                                                                                                                                                                                   Batch 12200 Loss:	8.307480734074488
Batch 12200 Time:	2.1051467180252077 minutes
                                                                                                                                                                                                                                                      Batch 12300 Loss:	9.09944028276368
Batch 12300 Time:	2.1162567257881166 minutes
                                                                                                                                                                                                                                                  Batch 12400 Loss:	6.544861683039926
Batch 12400 Time:	2.092834154764811 minutes
                                                                                                                                                                                                                                                Batch 12500 Loss:	7.9924544037203304
Batch 12500 Time:	2.1092459042867024 minutes
                                                                                                                                                                   Batch 12600 Loss:	8.110495357657783
Batch 12600 Time:	2.1061816136042277 minutes
                                                                                                                                                                   Batch 12700 Loss:	9.978108136216179
Batch 12700 Time:	2.107293883959452 minutes
                                                                                                                                                                    Batch 12800 Loss:	7.053250242141075
Batch 12800 Time:	2.0853896578152975 minutes
                                                                                                                                                                    Batch 12900 Loss:	9.888512876816094
Batch 12900 Time:	2.0924120783805846 minutes
                                                                                                                                                                                                                                                  Batch 13000 Loss:	9.167903685709462
Batch 13000 Time:	2.1076187173525494 minutes
                                                                                                                                                                     Batch 13100 Loss:	11.031435050768778
Batch 13100 Time:	2.1008694648742674 minutes
                                                                                                                                                                    Batch 13200 Loss:	8.642433977220207
Batch 13200 Time:	2.0948351343472797 minutes
                                                                                                                                                                                                                                                   Batch 13300 Loss:	9.7527768551372
Batch 13300 Time:	2.100875167051951 minutes
                                                                                                                                                                                                                                                       Batch 13400 Loss:	8.677028233534656
Batch 13400 Time:	2.108223330974579 minutes
                                                                                                                                                                                                                                                   Batch 13500 Loss:	7.9337950312765315
Batch 13500 Time:	2.109683354695638 minutes
                                                                                                                                                                                                                                                   Batch 13600 Loss:	8.343294468242675
Batch 13600 Time:	2.1067978938420615 minutes
                                                                                                                                                                                                                                                       Batch 13700 Loss:	8.178464286087546
Batch 13700 Time:	2.1197881658871967 minutes
                                                                                                                                                                                                                                                    Batch 13800 Loss:	9.495109121053247
Batch 13800 Time:	2.0992076794306436 minutes
                                                                                                                                                                                                                                                   Batch 13900 Loss:	7.222444939950947
Batch 13900 Time:	2.0855504234631854 minutes
                                                                                                                                                                                                                                                     Batch 14000 Loss:	8.4173554754816
Batch 14000 Time:	2.0994557897249857 minutes
                                                                                                                                                                                                                                                      Batch 14100 Loss:	7.43071953341132
Batch 14100 Time:	2.090567429860433 minutes
                                                                                                                                                                   Batch 14200 Loss:	8.224162949831225
Batch 14200 Time:	2.1108710328737894 minutes
                                                                                                                                                                    Batch 15000 Loss:	1.13883075749618
Batch 15000 Time:	2.0769219199816384 minutes

Batch 11400 Loss:	2.035706781898625
Batch 11400 Time:	2.0836082339286803 minutes
Batch 15400 Loss:	0.5773018809195491
Batch 15400 Time:	2.08177885611852 minutes
                                                                                                                                                                                                                                                Batch 15500 Loss:	1.3364317045925418
Batch 15500 Time:	2.077285675207774 minutes
                                                                                                                                                                    Batch 15600 Loss:	0.4158599159491132
Batch 15600 Time:	2.0858072956403095 minutes
                                                                                                                                                                   Batch 15700 Loss:	0.2166115937725408
Batch 15700 Time:	2.0391169150670367 minutes
                                                                                                                                                                   Batch 15800 Loss:	0.2664356359782687
Batch 15800 Time:	2.0718050241470336 minutes
                                                                                                                                                                    Batch 15900 Loss:	0.34729213050741237
Batch 15900 Time:	2.0615497191747028 minutes
                                                                                                                                                                   Batch 16000 Loss:	0.1699522760900436
Batch 16000 Time:	2.0716119686762493 minutes
                                                                                                                                                                  Batch 16100 Loss:	0.30091850915778195
Batch 16100 Time:	2.0803988854090374 minutes
                                                                                                                                                                    Batch 16200 Loss:	0.2343265023373533
Batch 16200 Time:	2.0747627218564353 minutes
                                                                                                                                                                   Batch 16300 Loss:	0.1472939865270746
Batch 16300 Time:	2.0443791230519612 minutes
                                                                                                                                                                                                                                                   Batch 16400 Loss:	0.16952952502469998
Batch 16400 Time:	2.0614502787590028 minutes
                                                                                                                                                                                                                                                    Batch 16500 Loss:	0.3411794458515942
Batch 16500 Time:	2.043197751045227 minutes
Batch 16700 Loss:	4.344320019241422
Batch 16700 Time:	2.025070051352183 minutes
Batch 16600 Loss:	2.2074872387456708
Batch 16600 Time:	2.0542777736981708 minutes
Batch 12600 Loss:	1.9857497313169006
Batch 12600 Time:	2.043825630346934 minutes
seYeastNetwork/Parallel/Model3.py", line 23, in <module>
    main()
  File "src/PairwiseYeastNetwork/Parallel/Model3.py", line 18, in main
    complexModel.testNetworkValidation(limitNegative=True,negProportion=10)
  File "./src/PairwiseYeastNetwork/PairwiseModel.py", line 233, in testNetworkValidation
    self.testNetwork(save,'Val',regularize=regularize,limitNegative=limitNegative,negProportion=negProportion,posProportion=posProportion)
  File "./src/PairwiseYeastNetwork/PairwiseModel.py", line 139, in testNetwork
    self.calcStats(namesArray=namesArray,labels=labels,foldsArray=foldsArray,outputs=outputs,save=save,testingType=testingType)
  File "./src/PairwiseYeastNetwork/ComplexModel.py", line 167, in calcStats
    os.mkdir(f'{self.dataTableLocation}/{self.modelName}_{self.structure}')
FileNotFoundError: [Errno 2] No such file or directory: './Yeast Resources/Pairwise/Spell/ComplexTest/ComplexTest_20/ComplexTest_20'
Batch 3300 Loss:	3.1379931229166687
Batch 3300 Time:	2.7243260780970258 minutes

Began Testing on Validation
Traceback (most recent call last):
  File "src/PairwiseYeastNetwork/Parallel/Model3.py", line 23, in <module>
    main()
  File "src/PairwiseYeastNetwork/Parallel/Model3.py", line 18, in main
    complexModel.testNetworkValidation(limitNegative=True,negProportion=10)
  File "./src/PairwiseYeastNetwork/PairwiseModel.py", line 233, in testNetworkValidation
    self.testNetwork(save,'Val',regularize=regularize,limitNegative=limitNegative,negProportion=negProportion,posProportion=posProportion)
  File "./src/PairwiseYeastNetwork/PairwiseModel.py", line 139, in testNetwork
    self.calcStats(namesArray=namesArray,labels=labels,foldsArray=foldsArray,outputs=outputs,save=save,testingType=testingType)
  File "./src/PairwiseYeastNetwork/ComplexModel.py", line 167, in calcStats
    os.mkdir(f'{self.dataTableLocation}/{self.modelName}_{self.structure}')
FileNotFoundError: [Errno 2] No such file or directory: './Yeast Resources/Pairwise/Spell/ComplexTest/ComplexTest_20/ComplexTest_20'
Batch 16700 Loss:	2.456338104297174
Batch 16700 Time:	2.0158639033635457 minutes
Batch 12700 Loss:	1.756013412566972
Batch 12700 Time:	2.0662437200546266 minutes

Batch 16900 Loss:	4.254792743828148
Batch 16900 Time:	2.0524105111757915 minutes

Batch 3400 Loss:	3.2493098033592105
Batch 3400 Time:	2.6993645866711935 minutes
Batch 15700 Loss:	9.8875418654643
Batch 15700 Time:	2.1172656138737995 minutes
es
Batch 17000 Loss:	3.5186019465327263
Batch 17000 Time:	2.061222775777181 minutes

Batch 16900 Loss:	2.097957692669297
Batch 16900 Time:	2.015969709555308 minutes
Batch 15800 Loss:	8.629981599049643
Batch 15800 Time:	2.0868479053179425 minutes
Batch 17100 Loss:	4.0820958823896945
Batch 17100 Time:	2.028517027695974 minutes


Batch 17000 Loss:	3.7913662331775413
Batch 17000 Time:	2.036507741610209 minutes
Batch 3600 Loss:	2.3251898186281323
Batch 3600 Time:	2.669268627961477 minutes



Batch 17200 Loss:	4.2960055456496775
Batch 17200 Time:	2.05468327999115 minutes
s
Batch 17100 Loss:	3.2892998928728048
Batch 17100 Time:	2.0446077942848206 minutes
Batch 16000 Loss:	9.021272532525472
Batch 16000 Time:	2.1236099362373353 minutes

Batch 17300 Loss:	3.741728055756539
Batch 17300 Time:	2.0210290431976317 minutes
Batch 3700 Loss:	2.588769184658304
Batch 3700 Time:	2.6805713256200154 minutes

Batch 16100 Loss:	5.701537719287444
Batch 16100 Time:	2.1061581055323284 minutes

Batch 14700 Loss:	16.59631540160626
Batch 14700 Time:	2.1278722365697225 minutes
Batch 17300 Loss:	3.5065512044893694
Batch 17300 Time:	2.0495985627174376 minutes
Batch 16900 Loss:	0.6585687460683403
Batch 16900 Time:	2.0985288778940836 minuBatch 16200 Loss:	8.342765206005424
Batch 16200 Time:	2.0858726143836974 minutes

Batch 17500 Loss:	3.5840218574739993
Batch 17500 Time:	2.0443835218747455 minutesBatch 14800 Loss:	16.50386160193011
Batch 14800 Time:	2.146536032358805 minutes
Batch 16300 Loss:	7.9051309685455635
Batch 16300 Time:	2.120428216457367 minutes

Batch 17600 Loss:	3.67164337169379
Batch 17600 Time:	2.0294004519780477 minutes
es
Batch 14900 Loss:	15.850548000074923
Batch 14900 Time:	2.1309534589449566 minutes
Batch 16400 Loss:	7.69292382709682
Batch 16400 Time:	2.0966161171595257 minutes
s
Batch 4000 Loss:	2.3349068398820236
Batch 4000 Time:	2.6760818203290304 minutes

Batch 15000 Loss:	14.823063657619059
Batch 15000 Time:	2.1437368313471477 minutes
Batch 13600 Loss:	1.762469106935896
Batch 13600 Time:	2.081264817714691 minutes
es
Batch 17800 Loss:	3.5706727816723287
Batch 17800 Time:	2.028106919924418 minutes
Batch 15100 Loss:	15.219371180981398
Batch 15100 Time:	2.1043915192286176 minutesBatch 4100 Loss:	1.9122440210776404
Batch 4100 Time:	2.6902651031812033 minutes
Batch 13700 Loss:	1.812681680188689
Batch 13700 Time:	2.0602371017138164 minutes

Batch 17900 Loss:	3.553079151082784
Batch 17900 Time:	2.044335146745046 minutes
s
Batch 15200 Loss:	18.21845908043906
Batch 15200 Time:	2.172844386100769 minutes
s
Batch 13800 Loss:	1.5310968045705522
Batch 13800 Time:	2.070085100332896 minutes
                                                                                                                                                                                                                                                      Batch 13900 Loss:	1.7275476525101112
Batch 13900 Time:	2.078254214922587 minutes
                                                                                                                                                                                                                                                   Batch 14000 Loss:	1.4150346035021357
Batch 14000 Time:	2.0496148546536763 minutes
                                                                                                                                                                                                                                                 Batch 14100 Loss:	1.2557180618896382
Batch 14100 Time:	2.0859153191248576 minutes
                                                                                                                                                                   Batch 14200 Loss:	1.2209560138544475
Batch 14200 Time:	2.0673684000968935 minutes
                                                                                                                                                                                                                                                                                                                                                                                                                                                                                                                                                                                                                                                                                                                                                                                                                                                                                                                                                                                                                                                                                                                                                                                                                        Batch 14300 Loss:	1.3699065469099878
Batch 14300 Time:	2.059554354349772 minutes
                                                                                                                                                                   Batch 14400 Loss:	0.9230398909894575
Batch 14400 Time:	2.0489977558453876 minutes
                                                                                                                                                                  Batch 14500 Loss:	1.513809384758133
Batch 14500 Time:	2.0772287249565125 minutes
                                                                                                                                                                   Batch 14600 Loss:	1.6917475276932237
Batch 14600 Time:	2.087096567948659 minutes
                                                                                   Batch 14700 Loss:	1.4626909921935294
Batch 14700 Time:	2.0596438527107237 minutes
                                                                                                                                                                   Batch 14800 Loss:	1.7527579312518355
Batch 14800 Time:	2.0515238761901857 minutes
                                                                                                                                                                   Batch 18500 Loss:	1.1966197922338324
Batch 18500 Time:	2.0787200609842937 minutes
atch 18900 Loss:	0.16701471351552755
Batch 18900 Time:	2.057175707817078 minutes
Batch 19000 Loss:	3.3814756207575556
Batch 19000 Time:	2.038763960202535 minutes
Batch 5100 Loss:	1.9009423641837202
Batch 17800 Time:	2.108280432224274 minutes
                                                                                                                                                                                                                                                    Batch 17900 Loss:	5.723519258521264
Batch 17900 Time:	2.126346830526988 minutes
                                                                                                                                                                                                                                                Batch 18000 Loss:	5.947698732677964
Batch 18000 Time:	2.0990284283955893 minutes
                                                                                                                                                                                                                                                     Batch 18100 Loss:	6.019081252859905
Batch 18100 Time:	2.1244397163391113 minutes
                                                                                                                                                                                                                                                     Batch 18200 Loss:	7.354838597530033
Batch 18200 Time:	2.1283430178960163 minutes
                                                                                                                                                                                                                                                      Batch 18300 Loss:	7.40845278109191
Batch 18300 Time:	2.102242910861969 minutes
                                                                                                                                                                                                                                                      Batch 18400 Loss:	8.295660252100788
Batch 18400 Time:	2.1228500167528788 minutes
                                                                                                                                                                                                                                                    Batch 18500 Loss:	7.11542750307126
Batch 18500 Time:	2.102537520726522 minutes
                                                                                                                                                                                                                                                                                                                                     Batch 18600 Loss:	7.335922096797731
Batch 18600 Time:	2.100287334124247 minutes
                                                                                                                                                                   Batch 18700 Loss:	6.471791154937819
Batch 18700 Time:	2.1020400881767274 minutes
                                                                                   Batch 18800 Loss:	8.323391586425714
Batch 18800 Time:	2.1095723549524945 minutes
                                                                                                                                                                                                                                                                                                                               Batch 18900 Loss:	6.3953428390668705
Batch 18900 Time:	2.1136761903762817 minutes
                                                                                                                                                                Batch 19000 Loss:	7.185733909078408
Batch 19000 Time:	2.1042949676513674 minutes
                                                                                                                                                                                                                                                                                                                               Batcpairs:
(325, 2)
Neg Pairs
(667590, 2)
Pos pairs:
(325, 2)
Neg Pairs
(667590, 2)
Batch 0 Loss:	0.7229874730110168
Batch 0 Time:	0.14924569527308146 minutes
                                                                                                                                                                                                                                                                                                                             Batch 100 Loss:	51.967164129018784
Batch 100 Time:	1.9978665630022685 minutes
                                                                                                                                                                                                                                                Batch 200 Loss:	40.57237856090069
Batch 200 Time:	2.0352576891581218 minutes
                                                                                                                                                                                                                                                                                                                                    Batch 300 Loss:	31.543845139443874
Batch 300 Time:	2.032375931739807 minutes
                                                                                                                                                                                                                                             Batch 400 Loss:	26.053882591426373
Batch 400 Time:	1.997420032819112 minutes
                                                                                                                                                                                                                                                                                                                                                                                                              Batch 500 Loss:	23.84344892948866
Batch 500 Time:	2.016433072090149 minutes
                                                                                                                                                                                                                                                                                                                              Batch 600 Loss:	24.518853299319744
Batch 600 Time:	2.0065348625183104 minutes
                                                                                                                                                                                                                                                                                                                         Batch 700 Loss:	19.88134179636836
Batch 700 Time:	2.0237709442774454 minutes
                                                                                                                                                                                                                                                                                                                           Batch 800 Loss:	18.046963365748525
Batch 800 Time:	1.9916709343592325 minutes
                                                                                                                                                                                                                                               Batch 900 Loss:	16.05329398624599
Batch 900 Time:	2.037666078408559 minutes
                                                                                                                                                                                                                                                    Batch 1000 Loss:	16.107041427865624
Batch 1000 Time:	2.005680473645528 minutes
Batch 1100 Loss:	22.92219538614154
Batch 1100 Time:	2.0148959517478944 minutes
Batch 18600 Loss:	15.115089153288864
Batch 18600 Time:	2.1305357694625853 minBatch 6900 Loss:	0.9854051738511771
Batch 6900 Time:	2.67781236569011496988 minutes
                                                                                                                                                                                                                                                                                                                             Batch 1400 Loss:	33.76371141523123
Batch 1400 Time:	1.9699714541435243 minutes
                                                                                                                                                                                                                                                                                                                                Batch 1500 Loss:	33.90486215054989
Batch 1500 Time:	1.9774713555971781 minutes
                                                                                                                                                                                                                                                                                                                                                                                                             Batch 1600 Loss:	34.212528727948666
Batch 1600 Time:	1.9688745061556499 minutes
                                                                                                                                                                                                                                                                                                                               Batch 1700 Loss:	33.966465175151825
Batch 1700 Time:	1.9738638838132223 minutes
                                                                                                                                                                                                                                                                                                                                 Batch 1800 Loss:	34.6242279112339
Batch 1800 Time:	1.9593103806177774 minutes
                                                                                                                                                                                                                                                                                                                                Batch 1900 Loss:	35.46423467248678
Batch 1900 Time:	1.9844077706336976 minutes
                                                                                                                                                                                                                                                                                                                               Batch 2000 Loss:	35.23731763660908
Batch 2000 Time:	1.9852465470631917 minutes
                                                                                                                                                                                                                                                                                                                                Batch 2100 Loss:	34.3224905282259
Batch 2100 Time:	1.9610220352808634 minutes
                                                                                                                                                                                                                                                   Batch 2200 Loss:	30.91103883832693
Batch 2200 Time:	1.971286956469218 minutes
                                                                                                                                                                                                                                                                                                                                Batch 2300 Loss:	32.60903149843216
Batch 2300 Time:	1.9644372900327047 minutes
Batch 800 Loss:	34.82659946382046
Batch 800 Time:	2.0624219298362734 minutes
Batch 2100 Loss:	6.2245816038921475
Batch 2100 Time:	2.0017334183057147 minutes
                                                                                                                                                                                                                                                                                                                             Batch 2200 Loss:	5.919237025547773
Batch 2200 Time:	1.976291545232137 minutes
                                                                                                                                                                                                                                                                                                                              Batch 2300 Loss:	5.950259166769683
Batch 2300 Time:	1.9849713722864786 minutes
                                                                                                                                                                                                                                                                                                                                                                                                              Batch 2400 Loss:	6.389114327030256
Batch 2400 Time:	2.0033066232999164 minutes
                                                                                                                                                                                                                                                                                                                                                                                                                Batch 2500 Loss:	6.006086787674576
Batch 2500 Time:	1.9746643344561259 minutes
                                                                                                                                                                                                                                                                                                                                                                                                            Batch 2600 Loss:	4.595855418359861
Batch 2600 Time:	1.9814789533615111 minutes
                                                                                                                                                                                                                                                                                                                               Batch 2700 Loss:	4.686772951041348
Batch 2700 Time:	1.9679646611213684 minutes
                                                                                                                                                                                                                                                                                                                               Batch 2800 Loss:	4.01765212090686
Batch 2800 Time:	1.9983216563860575 minutes
                                                                                                                                                                                                                                                                                                                             Batch 2900 Loss:	5.395072178216651
Batch 2900 Time:	1.9836145083109538 minutes
                                                                                                                                                                                                                                                                                                                                Batch 3000 Loss:	5.308363878168166
Batch 3000 Time:	2.0018637855847676 minutes
Batch 3100 Loss:	11.272846887819469
Batch 3100 Time:	1.986916752656301 minutes
Batch 200 Loss:	52.19628603756428
Batch 200 Time:	2.1015554984410603 minutes
es
Batch 19200 Loss:	0.7462072096350312
Batch 19200 Time:	2.0635071794191995 minutes
                                                                                                                                                                                                                                               Batch 19300 Loss:	1.1148996541269298
Batch 19300 Time:	2.06893291870753 minutes
                                                                                                                                                                                                                                               Batch 19400 Loss:	1.3359955151026952
Batch 19400 Time:	2.0938549121220906 minutes
                                                                                                                                                                                                                                            Batch 19500 Loss:	1.6327143494527263
Batch 19500 Time:	2.0557024081548056 minutes
                                                                                                                                                                                                                                             Batch 19600 Loss:	1.0840036772060557
Batch 19600 Time:	2.113963305950165 minutes
                                                                                                                                                                                                                                                Batch 19700 Loss:	1.0100617002699437
Batch 19700 Time:	2.0478961785634358 minutes
                                                                                                                                                                                                                                            Batch 19800 Loss:	1.525310444565548
Batch 19800 Time:	2.091045618057251 minutes
                                                                                                                                                                                                                                             Batch 19900 Loss:	1.1467773633412435
Batch 19900 Time:	2.0709574103355406 minutes
                                                                                                                                                                                                                                                                                                                                                                                                                                                                                                                                                                                                                                                                                                                                                                                                                                                                                                                                                                                                                                                                                                                                               Pos pairs:
(325, 2)
Neg Pairs
(667590, 2)
Pos pairs:
(325, 2)
Neg Pairs
(667590, 2)
Batch 0 Loss:	0.6900107264518738
Batch 0 Time:	0.1482006271680196 minutes
                                                                                                                                                                                                                                                                                                                             Batch 100 Loss:	54.6295702457428
Batch 100 Time:	2.0405312697092692 minutes
Batch 9300 Loss:	0.5462920131685678
Batch 9300 Time:	2.6997597058614096 minuteBatch 3000 Loss:	21.36380249261856
Batch 3000 Time:	2.0649595975875856 minuteBatch 4600 Loss:	28.64835838228464
Batch 4600 Time:	2.014042882124583 minutes
                                                                                                                                                                                                                                                                                                                        Batch 4700 Loss:	26.149471551179886
Batch 4700 Time:	1.9647889256477356 minutes
                                                                                                                                                                                                                                                                                                                          Batch 4800 Loss:	26.192742697894573
Batch 4800 Time:	1.9657470862070718 minutes
                                                                                                                                                                                                                                                                                                                            Batch 4900 Loss:	26.181506074965
Batch 4900 Time:	1.991526234149933 minutes
                                                                                                                                                                                                                                                                                                                           Batch 5000 Loss:	24.60387922078371
Batch 5000 Time:	1.9741073330243428 minutes
                                                                                                                                                                                                                                                                                                                         Batch 5100 Loss:	26.320274993777275
Batch 5100 Time:	1.9884582122166952 minutes
                                                                                                                                                                                                                                                                                                                           Batch 5200 Loss:	23.885956093668938
Batch 5200 Time:	1.9561957478523255 minutes
                                                                                                                                                                                                                                                                                                                             Batch 5300 Loss:	25.609294585883617
Batch 5300 Time:	1.9828870137532553 minutes
                                                                                                                                                                                                                                                                                                                           Batch 5400 Loss:	23.36757543683052
Batch 5400 Time:	1.9507455269495646 minutes
                                                                                                                                                                                                                                                                                                                               Batch 5500 Loss:	26.76154562830925
Batch 5500 Time:	1.9723541776339213 minutes
                                                                                                                                                                                                                                                                                                                             Batch 5600 Loss:	24.565065268427134
Batch 5600 Time:	1.9976501663525899 minutes
Batch 2400 Loss:	33.605496630072594
Batch 2400 Time:	2.0897552291552226 minutes
Batch 10100 Loss:	1.01795877188593
Batch 1200 Time:	1.9909565011660257 minutes
                                                                                                                                                                                                                                                                                                                                Batch 1300 Loss:	13.005579175427556
Batch 1300 Time:	2.0055604656537374 minutes
                                                                                                                                                                                                                                                                                                                            Batch 1400 Loss:	14.041745650582016
Batch 1400 Time:	2.027579418818156 minutes
                                                                                                                                                                                                                                                                                                                              Batch 1500 Loss:	14.754922242369503
Batch 1500 Time:	2.0095417380332945 minutes
                                                                                                                                                                                                                                                                                                                            Batch 1600 Loss:	14.062339273281395
Batch 1600 Time:	2.017895209789276 minutes
                                                                                                                                                                                                                                                                                                                                                                                                            Batch 1700 Loss:	11.257391608320177
Batch 1700 Time:	2.0269243280092875 minutes
                                                                                                                                                                                                                                                                                                                                                                                                          Batch 1800 Loss:	10.552116921171546
Batch 1800 Time:	2.0076298912366233 minutes
                                                                                                                                                                                                                                                                                                                                                                                                             Batch 1900 Loss:	12.285902615170926
Batch 1900 Time:	2.03436940908432 minutes
                                                                                                                                                                                                                                                                                                                                                                                                            Batch 2000 Loss:	11.279869927559048
Batch 2000 Time:	2.0083584427833556 minutes
                                                                                                                                                                                                                                                                                                                                                                                                          Batch 2100 Loss:	9.708243585657328
Batch 2100 Time:	2.030375858147939 minutes
Batch 6300 Loss:	0.9683251419628505
Batch 6300 Time:	1.9915992418924968 minutes
Batch 6400 Loss:	7.054553832334932
Batch 6400 Time:	1.9636500914891561 minutes
                                                                                                                                                                                                                                                                                                                             Batch 6500 Loss:	8.364258175657596
Batch 6500 Time:	1.996641759077708 minutes
                                                                                                                                                                                                                                                                                                                                Batch 6600 Loss:	7.595684899482876
Batch 6600 Time:	1.9858012795448303 minutes
                                                                                                                                                                                                                                              Batch 6700 Loss:	7.409609271446243
Batch 6700 Time:	2.008299100399017 minutes
                                                                                                                                                                                                                                             Batch 6800 Loss:	6.427047570468858
Batch 6800 Time:	1.9922819058100383 minutes
                                                                                                                                                                                                                                              Batch 6900 Loss:	5.92918786953669
Batch 6900 Time:	1.9953884601593017 minutes
                                                                                                                                                                                                                                              Batch 7000 Loss:	7.27696182008367
Batch 7000 Time:	2.0045326550801597 minutes
                                                                                                                                                                                                                                              Batch 7100 Loss:	6.927904068725184
Batch 7100 Time:	2.006833549340566 minutes
                                                                                                                                                                                                                                                                                                                               Batch 7200 Loss:	5.783916168031283
Batch 7200 Time:	1.9751164197921753 minutes
                                                                                                                                                                                                                                                                                                                                 Batch 7300 Loss:	6.490382512100041
Batch 7300 Time:	1.9722739378611247 minutes
                                                                                                                                                                                                                                                Batch 7400 Loss:	6.167325834510848
Batch 7400 Time:	2.0086148619651794 minutes
                                                                                                                                                                                                                                               Batch 7500 Loss:	7.473551399074495
Batch 7500 Time:	1.9779146949450175 minutes
Batch 4400 Loss:	28.443641144782305
Batch 4400 Time:	2.102146546045939 minutes
Batch 7000 Loss:	2.4421788337058388
Batch 7000 Time:	1.99661838610967 minutes
Batch 6100 Loss:	15.33197459904477
Batch 6100 Time:		1.9722273468971252 minutes
                                                                                                                                                                                                                                                Batch 7600 Loss:	1.5779669066541828
Batch 7600 Time:	1.988176695505778 minutes
                                                                                                                                                                 Batch 7700 Loss:	1.3944016019449919
Batch 7700 Time:	1.9913463354110719 minutes
                                                                                                                                                                Batch 7800 Loss:	1.6938609318312956
Batch 7800 Time:	2.013253366947174 minutes
                                                                                                                                                                 Batch 7900 Loss:	2.184306853741873
Batch 7900 Time:	1.9669172724088033 minutes
                                                                                                                                                                                                                                                   Batch 8000 Loss:	2.074937759520253
Batch 8000 Time:	1.9896671772003174 minutes
                                                                                                                                                                                                                                                 Batch 8100 Loss:	1.0272859070100822
Batch 8100 Time:	2.0350827534993488 minutes
                                                                                                                                                                                                                                                                                                                             Batch 8200 Loss:	1.150214461828
Batch 8200 Time:	2.0084437251091005 minutes
                                                                                                                                                                                                                                                                                                                            Batch 8300 Loss:	1.2428581112180836
Batch 8300 Time:	2.0080047607421876 minutes
                                                                                                                                                                                                                                                                                                                              Batch 8400 Loss:	0.9899196582264267
Batch 8400 Time:	1.9998149673144023 minutes
                                                                                                                                                                                                                                                                                                                             Batch 8500 Loss:	1.848983670992311
Batch 8500 Time:	1.9528496742248536 minutes
                                                                                                                                                                                                                                                                                                                             Batch 8600 Loss:	0.9847902166075073
Batch 8600 Time:	1.975546952088674 minutes
                                                                                                                                                                                                                                                                                                                                                                                                        Batch 0 Loss:	0.22257931530475616
Batch 0 Time:	0.12951213121414185 minutes
                                                                                                                                                                                                                                                  Batch 100 Loss:	48.547738775610924
Batch 100 Time:	1.632162046432495 minutes
                                                                                                                                                                                                                                              Batch 200 Loss:	45.95474932342768
Batch 200 Time:	1.6323606133461 minutes
                                                                                                                                                                                                                                                                                                                          Batch 300 Loss:	38.342123694717884
Batch 300 Time:	1.6248339414596558 minutes
                                                                                                                                                                                                                                             Batch 400 Loss:	45.04889138787985
Batch 400 Time:	1.6204444924990336 minutes
                                                                                                                                                                                                                                             Batch 500 Loss:	31.88750731945038
Batch 500 Time:	1.6387397289276122 minutes
                                                                                                                                                                                                                                              Batch 600 Loss:	34.50144024938345
Batch 600 Time:	1.6372514843940735 minutes
                                                                                                                                                                                                                                                                                                                           Batch 700 Loss:	29.19668736681342
Batch 700 Time:	1.63844975233078 minutes
                                                                                                                                                                                                                                                                                                                             Batch 800 Loss:	35.224677320569754
Batch 800 Time:	1.636052656173706 minutes
                                                                                                                                                                                                                                                                                                                                                                                                        Batch 900 Loss:	30.955063603818417
Batch 900 Time:	1.6379200339317321 minutes
                                                                                                                                                                                                                                                                                                                         Batch 1000 Loss:	32.835949674248695
Batch 1000 Time:	1.6351642529169719 minutes
                                                                                                                                                                                                                                               Batch 1100 Loss:	34.97184886224568
Batch 1100 Time:	1.6332584023475647 minutes

tch 1000 Loss:	32.587555926293135
Batch 1000 Time:	2.411087763309479 minutes
Batch 1000 Loss:	31.698426347225904
Batch 1000 Time:	1.6579684257507323 minutes
                                                                                                                                                                                                                                                                                                                             Batch 1100 Loss:	30.569929838180542
Batch 1100 Time:	1.6441859920819601 minutes
                                                                                                                                                                                                                                                                                                                             Batch 1200 Loss:	28.067031521350145
Batch 1200 Time:	1.6464269240697225 minutes
                                                                                                                                                                                                                                                Batch 1300 Loss:	28.680284664034843
Batch 1300 Time:	1.6463040510813396 minutes
                                                                                                                                                                                                                                                 Batch 1400 Loss:	27.182132027111948
Batch 1400 Time:	1.657277766863505 minutes
                                                                                                                                                                                                                                                                                                                                                                                                                  Batch 1500 Loss:	26.88798053190112
Batch 1500 Time:	1.6440988500912985 minutes
                                                                                                                                                                                                                                                                                                                                   Batch 1600 Loss:	23.124324372038245
Batch 1600 Time:	1.6490018208821615 minutes
                                                                                                                                                                                                                                               Batch 1700 Loss:	27.027216967195272
Batch 1700 Time:	1.6595198829968771 minutes
                                                                                                                                                                                                                                                                                                                                Batch 1800 Loss:	27.650649475865066
Batch 1800 Time:	1.6532144983609518 minutes
                                                                                                                                                                                                                                                 Batch 1900 Loss:	24.82934634713456
Batch 1900 Time:	1.659208353360494 minutes
                                                                                                                                                                                                                                                                                                                                 Batch 2000 Loss:	26.427395090460777
Batch 2000 Time:	1.657606021563212 minutes
                                                                                                                                                                                                                                                     Batch 2100 Loss:	26.198940636590123
Batch 2100 Time:	1.6451003472010295 minutes
                                                                                                                                                                                                                                                                                                                                    Batch 2200 Loss:	24.59947289340198
Batch 2200 Time:	1.656513508160909 minutes
                                                                                                                                                                                                                                                   Batch 2300 Loss:	27.224164799787104
Batch 2300 Time:	1.644731092453003 minutes
                                                                                                                                                                                                                                                  Batch 2400 Loss:	28.17861910816282
Batch 2400 Time:	1.6643492738405863 minutes
                                                                                                                                                                                                                                                                                                                                   Batch 2500 Loss:	25.44646800868213
Batch 2500 Time:	1.6453323284784953 minutes
                                                                                                                                                                                                                                                                                                                                       Batch 2600 Loss:	33.75216948054731
Batch 2600 Time:	1.6392938296000164 minutes
                                                                                                                                                                                                                                                                                                                                    Batch 2700 Loss:	25.07701005693525
Batch 2700 Time:	1.6578156352043152 minutes
                                                                                                                                                                                                                                                                                                                                                                                                                                                                                                 Batch 2800 Loss:	30.469731790944934
Batch 2800 Time:	1.6363048712412516 minutes
                                                                                                                                                                                                                                                                                                                                   Batch 2900 Loss:	25.282449522987008
Batch 2900 Time:	1.646451437473297 minutes
                                                                                                                                                                                                                                                                                                                                                                                                                    Batch 3000 Loss:	26.47353456169367
Batch 3000 Time:	1.6340815663337707 minutes
                                                                                                                                                                                                                                                                                                                                Batch 9900 Loss:	12.631984438747168
Batch 3100 Time:	1.6340185562769571 minutes
                                                                                                                                                                                                                                                                                                                                                                                                                                                                                                   Batch 3200 Loss:	21.42542177438736
Batch 3200 Time:	1.6378682533899942 minutes
                                                                                                                                                                                                                                                                                                                                                                                                                 Batch 3300 Loss:	30.002470748499036
Batch 3300 Time:	1.6371852278709411 minutes
                                                                                                                                                                                                                                                                                                                                                                                                                    Batch 3400 Loss:	25.041100463829935
Batch 3400 Time:	1.6332096378008525 minutes
                                                                                                                                                                                                                                                                                                                                                                                                                                                                                                  Batch 3500 Loss:	29.518738623708487
Batch 3500 Time:	1.6377750555674235 minutes
                                                                                                                                                                                                                                                                                                                               Batch 3600 Loss:	28.251952650025487
Batch 3600 Time:	1.6376500209172566 minutes
                                                                                                                                                                                                                                                                                                                                                                                                                Batch 3700 Loss:	24.91629627160728
Batch 3700 Time:	1.637289297580719 minutes
                                                                                                                                                                                                                                                                                                                                    Batch 3800 Loss:	25.91940439864993
Batch 3800 Time:	1.6351789077123007 minutes
                                                                                                                                                                                                                                                                                                                                                                                                                Batch 3900 Loss:	26.456563130021095
Batch 3900 Time:	1.6360607941945393 minutes
Batch 4100 Loss:	27.31001578643918
Batch 4100 Time:	1.6306115468343099 minutes
Batch 3200 Loss:	29.178462287411094
Batch 3200 Time:	2.2624802668889363 minutesBatch 8800 Loss:	23.178656488656998
Batch 8800 Time:	1.6359286506970723 minutes
                                                                                                                                                                                                                                                                                                                                                                                                                   Batch 4200 Loss:	27.274102821946144
Batch 4200 Time:	1.622864317893982 minutes
                                                                                                                                                                                                                                                                                                                                                                                                                                                                                                Batch 4300 Loss:	26.937380623072386
Batch 4300 Time:	1.6183802564938863 minutes
                                                                                                                                                                                                                                                                                                                                                                                                                   Batch 4400 Loss:	27.37076524272561
Batch 4400 Time:	1.6205135583877563 minutes
                                                                                                                                                                                                                                                                                                                                  Batch 4500 Loss:	27.508057240396738
Batch 4500 Time:	1.620647402604421 minutes
                                                                                                                                                                                                                                                     Batch 4600 Loss:	28.696670535951853
Batch 4600 Time:	1.6224103768666585 minutes
                                                                                                                                                                                                                                                                                                                                                                                                                                                                                                                                                                                  Batch 4700 Loss:	26.36070300033316
Batch 4700 Time:	1.6218371868133545 minutes
                                                                                                                                                                                                                                                                                                                                                                                                                     Batch 4800 Loss:	27.87883634120226
Batch 4800 Time:	1.6247422575950623 minutes
                                                                                                                                                                                                                                                                                                                                                                                                              Batch 4900 Loss:	30.191196907311678
Batch 4900 Time:	1.6252646605173746 minutes
                                                                                Batch 12700 Loss:	0.7547921697550919
Batch 12700 Time:	1.9970801194508871 minuteBatch 3800 Loss:	25.782892735674977
Batch 3800 Time:	1.6446751395861308 minutes
                                                                                                                                                                                                                                                                                                                                                                                                                   Batch 4900 Loss:	30.086465377360582
Batch 4900 Time:	1.6332501411437987 minutes
                                                                                                                                                                                                                                                                                                                                                                                                                                                                                                 Batch 5000 Loss:	30.4403580352664
Batch 5000 Time:	1.631826436519623 minutes
                                                                                                                                                                                                                                                                                                                                      Batch 5100 Loss:	29.491739589720964
Batch 5100 Time:	1.6280736446380615 minutes
                                                                                                                                                                                                                                                                                                                                                                                                                   Batch 5200 Loss:	27.458061680197716
Batch 5200 Time:	1.6294352650642394 minutes
                                                                                                                                                                                                                                                                                                                                                                                                                                                                                              Batch 5300 Loss:	27.080624075606465
Batch 5300 Time:	1.6320436716079711 minutes
                                                                                                                                                                                                                                                                                                                                                                                                                                                                                                    Batch 5400 Loss:	26.35015094280243
Batch 5400 Time:	1.6345268448193868 minutes
                                                                                                                                                                                                                                                                                                                                                                                                                                                                                            Batch 5500 Loss:	26.331617541611195
Batch 5500 Time:	1.6333751559257508 minutes
                                                                                                                                                                                                                                                                                                                                 Batch 5600 Loss:	28.9591976236552
Batch 5600 Time:	1.6284209052721659 minutes
es

Batch 16000 Loss:	1.7219024314981652
Batch 16000 Time	2.006814968585968 minutes
                                                                                                                                                                                                                                                                                                                                                                                                                                                                                                                                                                                                                                                                  Batch 13600 Loss:	5.944222491176333
Batch 13600 Time:	1.9549413005510965 minutes
                                                                                                                                                                                                                                                                                                                                                                                                                                                                                                                                                                              Batch 13700 Loss:	3.5056064248492476
Batch 13700 Time:	1.9950470924377441 minutes
                                                                                                                                                                                                                                                                                                                                                                                                                                                                                                  Batch 13800 Loss:	5.141822251520352
Batch 13800 Time:	1.997097138563792 minutes
                                                                                                                                                                                                                                                                                                                                                                                                                                                                                                  Batch 13900 Loss:	4.062762499524979
Batch 13900 Time:	2.0059033910433453 minutes
                                                                                                                                                                                                                                                                                                                                                                                                                                                                                                                                                                                                                                                                                                                                               Batch 14000 Loss:	3.373736201552674
Batch 14000 Time:	1.9820691108703614 minutes
                                                                                                                                                                                                                                                                                                                                                                                                                                                                                                Batch 4900 Loss:	27.369407441467047
Batch 4900 Time:	2.253240684668223 minutes
                                                                                 Batch 6300 Loss:	26.32707621715963
Batch 6300 Time:	1.6380541284879049 minutes
s
Batch 6500 Loss:	27.93350831232965
Batch 6500 Time:	1.628350301583608 minutes
                                                                                                                                                                                                                                                                                                                                                                                                                                                                                               Batch 6600 Loss:	28.006013095378876
Batch 6600 Time:	1.6310985644658407 minutes
                                                                                                                                                                                                                                                                                                                                                                                                                                                                                                                                                                                                                                                                                                                                                                                                                                                                                                                                                                                                                                                                                                                                                                                                                                                                                                                                                                                                                Batch 6700 Loss:	22.795990604907274
Batch 6700 Time:	1.6313148021697998 minutes
                                                                                                                                                                                                                                                                                                                                                                                                                                                                                                                                                                                Batch 6800 Loss:	23.79486435651779
Batch 6800 Time:	1.626837925116221 minutes
                                                                                                                                                                                                                                                                                                                                                                                                                                                                                                     Batch 6900 Loss:	22.37834741640836
Batch 6900 Time:	1.630652618408203 minutes
                                                                                                                                                                                                                                                                                                                                   Batch 5000 Loss:	27.81524347513914
Batch 5000 Time:	2.3498616059621176 minutes
                                                                                   Batch 14400 Loss:	0.3570876324956771
Batch 14400 Time:	1.9798435290654501 minutes
tch 7000 Loss:	27.219781015068293
Batch 7000 Time:	1.6196070273717245 minutes
Batch 5300 Loss:	24.515540279448032
Batch 5300 Time:	2.262250316143036 minutes
es
Batch 6900 Loss:	23.150506030768156
Batch 6900 Time:	1.6259328683217367 minutes
Batch 6900 Loss:	27.5512319765985
Batch 6900 Time:	1.6290781339009603 minutes
                                                                                                                                                                                                                                                                                                                                                                                                                                                                                                 Batch 7000 Loss:	27.878931517712772
Batch 7000 Time:	1.6299908439318338 minutes
                                                                                                                                                                                                                                                                                                                                                                                                                Batch 7100 Loss:	25.759266525506973
Batch 7100 Time:	1.6216378609339397 minutes
                                                                                                                                                                                                                                                                                                                                                                                                                                                                                                                                                                                                                                                                      Batch 7200 Loss:	27.274457385763526
Batch 7200 Time:	1.6276181221008301 minutes
                                                                                                                                                                                                                                                                                                                                                                                                                                                                                              Batch 7300 Loss:	29.188883947208524
Batch 7300 Time:	1.62560133934021 minutes
                                                                                                                                                                                                                                                                                                                                      Batch 7400 Loss:	30.102587522938848
Batch 7400 Time:	1.627206524213155 minutes
                                                                                                                                                                                                                                                                                                                                                                                                                                                                                                                                                                                  Batch 7500 Loss:	28.192330740392208
Batch 7500 Time:	1.6258081634839376 minutes
                                                                                                                                                                                                                                                                                                                                  Batch 17200 Loss:	1.374052143364679
Batch 17200 Time:	2.6747668504714968 minutes
atch 7600 Loss:	30.914051350206137
Batch 7600 Time:	1.6293816129366556 minutes
Batch 13500 Loss:	8.739093230688013
Batch 13500 Time:	2.038195776939392 minutes
Batch 7800 Loss:	20.387427389621735
Batch 7800 Time:	1.6331303556760153 minutes
Batch 7600 Loss:	25.055367793887854
Batch 7600 Time:	1.625218399365743 minutees
                                                                                                                                                                                                                                                                                                                                                                                                                                                                                                   Batch 7900 Loss:	29.390052564442158
Batch 7900 Time:	1.6171765685081483 minutes
                                                                                                                                                                                                                                                                                                                                                                                                                 Batch 8000 Loss:	27.15959884226322
Batch 8000 Time:	1.6193188746770224 minutes
                                                                                                                                                                                                                                                                                                                                   Batch 8100 Loss:	24.83407474309206
Batch 8100 Time:	1.619908901055654 minutes
                                                                                                                                                                                                                                                                                                                                                                                                                         Batch 8200 Loss:	25.996872253715992
Batch 8200 Time:	1.618615452448527 minutes
                                                                                                                                                                Batch 8300 Loss:	24.574208872392774
Batch 8300 Time:	1.6169663111368815 minutes
                                                                                                                                                                                                                                                                                                                                                                                                                   Batch 8400 Loss:	24.523175021633506
Batch 8400 Time:	1.618553896745046 minutes
                                                                                                                                                                                                                                                   Batch 8500 Loss:	27.430162947624922
Batch 8500 Time:	1.616029965877533 minutes
                                                                                                                                                                                                                                                                                                                                                                                                                    Batch 8600 Loss:	27.88918149843812
Batch 8600 Time:	1.6130343278249104 minutes
                                                                                                                                                                                                                                                                                                                                  Batch 6500 Loss:	25.98540160059929
Batch 6500 Time:	2.2492666840553284 minutes
                                                                                                                                                                  Batch 8700 Loss:	24.453010249882936
Batch 8700 Time:	1.630009444554647 minutes
                                                                                                                                                                                                                                                                                                                                                                                                                Batch 8800 Loss:	27.07686909660697
Batch 8800 Time:	1.6303394635518391 minutes
                                                                                                                                                                                                                                                                                                                                         Batch 8900 Loss:	28.258685883134604
Batch 8900 Time:	1.6248559792836508 minutes
                                                                                                                                                                                                                                                                                                                                                                                                                                                                                                     Batch 9000 Loss:	24.423915086314082
Batch 9000 Time:	1.6219732960065205 minutes
                                                                                                                                                                                                                                                                                                                                                                                                                    Batch 9100 Loss:	24.327290762215853
Batch 9100 Time:	1.6299903631210326 minutes
                                                                                                                                                                                                                                                                                                                                                                                                                    Batch 9200 Loss:	27.394201524555683
Batch 9200 Time:	1.629020635286967 minutes
                                                                                                                                                                                                                                                                                                                                                                                                                                                                                                      Batch 9300 Loss:	25.66750056669116
Batch 9300 Time:	1.6317469596862793 minutes
                                                                                                                                                                                                                                                  Batch 9400 Loss:	26.736503567546606
Batch 9400 Time:	1.6271641691525778 minutes
                                                                                                                                                                                                                                                                                                                                                                                                                                                                                                      Batch 7100 Loss:	29.32045206055045
Batch 7100 Time:	2.2475614150365195 minutes
Batch 14900 Loss:	8.316962246783078
Batch 14900 Time:	2.041953154404958 minutes
s
Batch 9400 Loss:	24.573919139802456
Batch 9400 Time:	1.6270684480667115 minutes


Batch 9400 Loss:	24.688784265890718
Batch 9400 Time:	1.6199480096499126 minutes
                                                                                                                                                                                                                                                                                                                                   Batch 9500 Loss:	25.64829451777041
Batch 9500 Time:	1.6252411405245464 minutes
                                                                                                                                                                                                                                                                                                                                                                                                                     Batch 9600 Loss:	29.373395821079612
Batch 9600 Time:	1.6228440880775452 minutes
                                                                                                                                                                                                                                                                                                                                                                                                                                                                                                    Batch 9700 Loss:	25.577986953780055
Batch 9700 Time:	1.6169079224268594 minutes
                                                                                                                                                                                                                                                                                                                                                                                                                 Batch 9800 Loss:	23.54328470863402
Batch 9800 Time:	1.6187583446502685 minutes
                                                                                                                                                                                                                                                                                                                                                                                                                         Batch 9900 Loss:	24.68333112820983
Batch 9900 Time:	1.6160497109095255 minutes
                                                                                                                                                                                                                                                    Batch 10000 Loss:	25.766705308109522
Batch 10000 Time:	1.619064207871755 minutes
                                                                                                                                                                                                                                                                                                                                                                                                                                                                                                         Batch 10100 Loss:	23.286165241152048
Batch 10100 Time:	1.619180683294932 minutes
                                                                                                                                                                                                                                                                                                                                      Batch 17100 Loss:	0.35051615956399473
Batch 17100 Time:	1.9797965288162231 minutes
atch 10200 Loss:	25.29758746922016
Batch 10200 Time:	1.6172003944714863 minutes
Batch 15600 Loss:	10.037108136806637
Batch 15600 Time:	2.0004376133282977 minutes
ch 10400 Loss:	25.79849599674344
Batch 10400 Time:	1.6145326614379882 minutes
Batch 18800 Loss:	0.2666187006398104
Batch 18800 Time:	2.7166674693425494 minutesBatch 10400 Loss:	25.212055504152551
Batch 12900 Time:	2.0097196102142334 minutes
                                                                                                                                                                                                                                                                                                                                                                                                                                                                                                                                                                                            Batch 13000 Loss:	1.8969356270099524
Batch 13000 Time:	2.0211729804674783 minutes
                                                                                                                                                                                                                                                                                                                                                                                                                                                                                                         Batch 13100 Loss:	1.8448452560405713
Batch 13100 Time:	2.0164793491363526 minutes
                                                                                                                                                                                                                                                                                                                                                                                                                                                                                                                                                                                            Batch 13200 Loss:	3.2438233098728233
Batch 13200 Time:	2.0254784345626833 minutes
                                                                                                                                                                                                                                                                                                                                                                                                                                                                                                                                                                                       Batch 13300 Loss:	2.477973016211763
Batch 13300 Time:	2.0040545185407 minutes
                                                                                                                                                                                                                                                                                                                                                                                                                                                                                                       Batch 13400 Loss:	1.9234073643310694
Batch 13400 Time:	2.0024288018544514 minutes
                                                                                                                                                                                                                                                                                                                                                                                                                                                                                                                                                                                        Batch 16200 Loss:	9.386796324863099
Batch 16200 Time:	2.013128701845805 minutes
                                                                                 Batch 17300 Loss:	2.0431522797625803
Batch 17300 Time:	2.0281407395998636 minutes
Batch 8300 Loss:	27.84985399618745
Batch 8300 Time:	2.2485425074895224 minutes
s
Batch 17800 Loss:	0.15290853176156816
Batch 17800 Time:	1.979521350065867 minutes
                                                                                                                                                                                                                                                                                                                                                                                                                                                                                                         Batch 17900 Loss:	0.10288050888993894
Batch 17900 Time:	1.9986188093821207 minutes
                                                                                                                                                                                                                                                                                                                                                                                                                                                                                                                                                                                        Batch 18000 Loss:	0.3859999602464086
Batch 18000 Time:	1.9990182042121887 minutes
                                                                                                                                                                                                                                                                                                                                                                                                                                                                                                                                                                                                                                                                             Batch 18100 Loss:	0.48023149264918175
Batch 18100 Time:	1.9925330400466919 minutes
                                                                                                                                                                                                                                                                                                                                                                                                                          Batch 18200 Loss:	0.4503039276532945
Batch 18200 Time:	2.0161314527193706 minutes
                                                                                                                                                                                                                                                                                                                                                                                                                                                                                                                                                                                                                                                                         Batch 18300 Loss:	0.6525478399453277
Batch 18300 Time:	1.969340455532074 minutes
                                                                                                                                                                                                                                                                                                                                                                                                                          Batch 8400 Loss:	26.996889863163233
Batch 8400 Time:	2.371550687154134 minutes
es
atch 11800 Loss:	26.006124924868345
Batch 11800 Time:	1.6114176074663797 minutes
Batch 11800 Loss:	23.30232098698616
Batch 11800 Time:	1.6145208676656086 minutes
Batch 18800 Loss:	4.652394031174481
Batch 18800 Time:	1.9891831874847412 minutes

Batch 12000 Loss:	27.73906747996807
Batch 12000 Time:	1.6038679043451944 minutes
Batch 18600 Loss:	4.212341106398526
Batch 18600 Time:	1.9903074661890665 minutes
                                                                                                                                                                                                                                                                                                                                                                                                                                                                                                                                                                                        Batch 18700 Loss:	3.5485992675858142
Batch 18700 Time:	2.029677963256836 minutes
                                                                                                                                                                                                                                                                                                                                                                                                                                                                                                     Batch 18800 Loss:	3.951114343100926
Batch 18800 Time:	2.0048996845881146 minutes
                                                                                                                                                                                                                                                                                                                                                                                                                                                                                                                                                                                           Batch 18900 Loss:	3.6462994297180558
Batch 18900 Time:	1.9577027122179667 minutes
                                                                                                                                                                                                                                                                                                                                                                                                                           Batch 19000 Loss:	3.869614841103612
Batch 19000 Time:	1.985153059164683 minutes
                                                                                                                                                                                                                                                                                                                                                                                                                          Batch 19100 Loss:	3.022051311621908
Batch 19100 Time:	2.012919843196869 minutes
                                                                                                                                                                                                                                                                                                                                     Batch 19200 Loss:	5.407698028589948
Batch 19200 Time:	2.0109631141026814 minutes
                                                                                                                                                                                                                                                                                                                                                                                                                      Batch 9500 Loss:	24.413747992366552
Batch 9500 Time:	2.2423487067222596 minutes
Batch 12700 Loss:	26.207613915205002
Batch 12700 Time:	1.618442718187968 minutes
 Batch 19300 Loss:	5.165750178268354
Batch 19300 Time:	2.0024565060933432 minutes
Batch 15600 Loss:	21.530182886868715
Batch 15600 Time:	2.0644042174021404 minutes
Batch 12900 Loss:	27.34535728022456
Batch 12900 Time:	1.6093214273452758 minutes
Batch 14900 Loss:	1.6603236021001067
Batch 14900 Time:	2.0114601850509644 minutes
                                                                                                                                                                                                                                                                                                                                                                                                                                                                                                        Batch 15000 Loss:	2.058251600188669
Batch 15000 Time:	2.0229742606480916 minutes
                                                                                                                                                                                                                                                                                                                                                                                                                         Batch 15100 Loss:	1.3609276939241681
Batch 15100 Time:	2.007344901561737 minutes
                                                                                                                                                                                                                                                                                                                                                                                                                                                                                                          Batch 15200 Loss:	2.3889755163763766
Batch 15200 Time:	2.0073860327402753 minutes
                                                                                                                                                                                                                                                                                                                                                                                                                                                                                                       Batch 15300 Loss:	2.3752121430661646
Batch 15300 Time:	2.031043303012848 minutes
                                                                                                                                                                                                                                                                                                                                      Batch 15400 Loss:	2.2280180065645254
Batch 15400 Time:	2.048801513512929 minutes
                                                                                                                                                                                                                                                                                                                                                                                                                        Batch 15500 Loss:	1.6944172370858723
Batch 15500 Time:	2.0131240685780845 minutes
                                                                                                                                                                                                                                                                                                                                                                                                                      Batch 15600 Loss:	2.46829480456654
Batch 15600 Time:	1.9949394146601358 minutes
                                                                                                                                                                                                                                                                                                                                                                                                                           Batch 15700 Loss:	2.253208056514268
Batch 15700 Time:	1.9806101242701213 minutes
                                                                                                                                                                                                                                                                                                                                       Batch 15800 Loss:	2.36283338679641
Batch 15800 Time:	2.0373851815859476 minutes
                                                                                                                                                                                                                                                                                                                                                                                                                           Batch 15900 Loss:	1.677566652877431
Batch 15900 Time:	1.9993986288706462 minutes
                                                                                                                                                                                                                                                                                                                                      Batch 16000 Loss:	1.28600253683544
Batch 16000 Time:	2.0338061292966207 minutes
                                                                                                                                                                                                                                                                                                                                                                                                                                                                                                             Batch 16100 Loss:	1.570393004518337
Batch 16100 Time:	2.003765118122101 minutes
                                                                                                                                                                                                                                                                                                                                     Batch 16200 Loss:	1.6513815730104398
Batch 16200 Time:	2.0191949367523194 minutes
                                                                                                                                                                                                                                                                                                                                  Batch 16300 Loss:	1.1740401552960975
Batch 16300 Time:	2.024009172121684 minutes
                                                                                                                                                                                                                                                                                                                                                                                                                                                                                                     Batch 16400 Loss:	2.238102738139787
Batch 16400 Time:	2.009744652112325 minutes
                                                                                                                                                                                                                                                                                                                                                                                                                           Batch 16500 Loss:	2.310501960659167
Batch 16500 Time:	2.0096718271573386 minutes
                                                                                                                                                                                                                                                    Batch 15000 Loss:	25.41523227095604
Batch 15000 Time:	1.6218284487724304 minutes
                                                                                                                                                                                                                                                       Batch 15100 Loss:	23.525372117757797
Batch 15100 Time:	1.6257675886154175 minutes
                                                                                                                                                                                                                                                    Batch 15200 Loss:	22.484130021184683
Batch 15200 Time:	1.6273202498753865 minutes
                                                                                                                                                                                                                                                                                                                                      Batch 15300 Loss:	26.54158514365554
Batch 15300 Time:	1.6264848113059998 minutes
                                                                                                                                                                    Batch 15400 Loss:	30.014393772929907
Batch 15400 Time:	1.6279375155766804 minutes
                                                                                                                                                                                                                                                                                                                                      Batch 15500 Loss:	23.061580123379827
Batch 15500 Time:	1.6302831451098123 minutes
                                                                                                                                                                                                                                                                                                                                      Batch 15600 Loss:	23.121053552255034
Batch 15600 Time:	1.6239360888799033 minutes
                                                                                                                                                                                                                                                                                                                                       Batch 15700 Loss:	20.32064245454967
Batch 15700 Time:	1.6204863905906677 minutes
                                                                                                                                                                                                                                                                                                                                     Batch 15800 Loss:	26.29720351472497
Batch 15800 Time:	1.6257396022478738 minutes
                                                                                                                                                                                                                                                                                                                                                                                                                     Batch 15900 Loss:	18.924760119989514
Batch 15900 Time:	1.6200536131858825 minutes
                                                                                                                                                                                                                                                                                                                                                                                                                         Batch 11200 Loss:	29.684028713032603
Batch 11200 Time:	2.353805414835612 minutes

Batch 11800 Loss:	26.676058769226074
Batch 11800 Time:	2.2556082050005597 minutes
Batch 15900 Loss:	24.46544215036556
Batch 15900 Time:	1.6094592968622843 minutes
Batch 15800 Loss:	27.695210760459304
Batch 15800 Time:	1.6269903739293416 minutes
                                                                                                                                                                                                                                                                                                                                                                                                                     Batch 15900 Loss:	29.10665370710194
Batch 15900 Time:	1.627529776096344 minutes
                                                                                                                                                                                                                                                                                                                                     Batch 16000 Loss:	27.076435728929937
Batch 16000 Time:	1.6256344636281332 minutes
                                                                                                                                                                                                                                                                                                                                                                                                                           Batch 16100 Loss:	29.354108283296227
Batch 16100 Time:	1.6262304782867432 minutes
                                                                                                                                                                                                                                                                                                                                  Batch 16200 Loss:	21.794859305024147
Batch 16200 Time:	1.64046760002772 minutes
                                                                                                                                                                                                                                                                                                                                      Batch 16300 Loss:	21.028246802277863
Batch 16300 Time:	1.6313526630401611 minutes
                                                                                                                                                                                                                                                                                                                                                                                                                      Batch 16400 Loss:	25.015908982604742
Batch 16400 Time:	1.6315568685531616 minutes
                                                                                                                                                                                                                                                    Batch 16500 Loss:	30.74456618912518
Batch 16500 Time:	1.6314676880836487 minutes
                                                                                                                                                                                                                                                   Batch 16600 Loss:	27.5146737229079
Batch 16600 Time:	1.6351836721102397 minutes
                                                                                                                                                                                                                                                                                                                                                                                                                           Batch 18800 Loss:	18.124712583376095
Batch 18800 Time:	2.0983997225761413 minutes
Batch 18200 Loss:	1.565300615149681
Batch 18200 Time:	2.0170403639475505 minutes
Batch 12500 Loss:	24.26826260704547
Batch 12500 Time:	2.25142103433609 minutes
s
Batch 11900 Loss:	27.821702304940443
Batch 16900 Time:	1.6149717171986897 minutes
                                                                                                                                                                                                                                                                                                                                                                                                                      Batch 17000 Loss:	22.79935991205275
Batch 17000 Time:	1.6114227612813314 minutes
                                                                                                                                                                                                                                                    Batch 17100 Loss:	42.107593044638634
Batch 17100 Time:	1.6130735357602437 minutes
                                                                                                                                                                                                                                                                                                                                   Batch 17200 Loss:	25.864152988418937
Batch 17200 Time:	1.6110942165056865 minutes
                                                                                                                                                                                                                                                                                                                                                                                                                                                                                                      Batch 17300 Loss:	21.019684752449393
Batch 17300 Time:	1.611994477113088 minutes
                                                                                                                                                                                                                                                                                                                                      Batch 17400 Loss:	22.00833189766854
Batch 17400 Time:	1.6121639013290405 minutes
                                                                                                                                                                                                                                                                                                                                  Batch 17500 Loss:	24.803448705002666
Batch 17500 Time:	1.6127153515815735 minutes
                                                                                                                                                                                                                                                                                                                                       Batch 17600 Loss:	27.40232405345887
Batch 17600 Time:	1.611463181177775 minutes
                                                                                                                                                                                                                                                                                                                                        Batch 17700 Loss:	22.669602382928133
Batch 17700 Time:	1.6150102694829305 minutes
                                                                                                                                                                                                                                                                                                                                      Batch 12500 Loss:	26.116935271769762
Batch 12500 Time:	2.3569278160731 minutes
  Batch 17800 Loss:	21.053483886644244
Batch 17800 Time:	1.609337027867635 minutes

Batch 18000 Loss:	21.536359161138535
Batch 18000 Time:	1.6020503679911295 minutes
Batch 13200 Loss:	29.928963016718626
Batch 13200 Time:	2.2433277146021525 minutes
                                                                                                                                                                                                                                                                                                                                      Batch 17800 Loss:	23.538266219198704
Batch 17800 Time:	1.6289918740590414 minutes
                                                                                                                                                                                                                                                                                                                                                                                                                       Batch 17900 Loss:	26.610298830084503
Batch 17900 Time:	1.633944813410441 minutes
                                                                                                                                                                                                                                                                                                                                      Batch 18000 Loss:	26.523462653160095
Batch 18000 Time:	1.6298132340113323 minutes
                                                                                                                                                                                                                                                                                                                                                                                                                   Batch 18100 Loss:	23.86374694481492
Batch 18100 Time:	1.6264867424964904 minutes
                                                                                                                                                                    Batch 18200 Loss:	22.021478132344782
Batch 18200 Time:	1.6267613768577576 minutes
                                                                                                                                                                                                                                                                                                                                        Batch 18300 Loss:	22.142037684097886
Batch 18300 Time:	1.6306206385294597 minutes
                                                                                                                                                                                                                                                                                                                                       Batch 18400 Loss:	28.080913078039885
Batch 18400 Time:	1.6239219466845194 minutes
                                                                                                                                                                                                                                                     Batch 18500 Loss:	26.301401417702436
Batch 18500 Time:	1.6255249500274658 minutes
                                                                                                                                                                                                                                                      Batch 18600 Loss:	26.810243368148804
Batch 18600 Time:	1.623028246561686 minutes
                                                                                                                                                                                                                                                       Batch 18700 Loss:	27.62140824017115
Batch 18700 Time:	1.625454270839691 minutes
                                                                                                                                                                      Batch 14000 Loss:	25.136957325041294
Batch 14000 Time:	2.2562649687131247minutes
                                                                                                                                                                                                                                                     Batch 18900 Loss:	27.92917835433036
Batch 18900 Time:	1.6296691695849101 minutes
                                                                                                                                                                                                                                                      Batch 19000 Loss:	26.383251255378127
Batch 19000 Time:	1.6287620584170024 minutes
                                                                                                                                                                    Batch 19100 Loss:	27.464785389602184
Batch 19100 Time:	1.6298307617505392 minutes
                                                                                                                                                                                                                                                 Batch 19200 Loss:	25.292492436245084
Batch 19200 Time:	1.6284762461980185 minutes
                                                                                                                                                                                                                                                     Batch 19300 Loss:	22.920560959726572
Batch 19300 Time:	1.6274010022481282 minutes
                                                                                                                                                                                                                                                       Batch 19400 Loss:	22.268198097124696
Batch 19400 Time:	1.6266269564628602 minutes
                                                                                                                                                                                                                                                   Batch 19500 Loss:	27.04303570277989
Batch 19500 Time:	1.620957887172699 minutes
                                                                                                                                                                    Batch 19600 Loss:	24.13760709197959
Batch 19600 Time:	1.6224682569503783 minutes
                                                                                                                                                                    Batch 19700 Loss:	21.441623913124204
Batch 19700 Time:	1.6277079224586486 minutes
                                                                                  Batch 19800 Loss:	22.64460868574679
Batch 19800 Time:	1.6266546686490377 minutes
                                                                                Batch 19900 Loss:	25.169236501678824
Batch 19900 Time:	1.6309120059013367 minutes
Batch 14800 Loss:	27.23503722064197
Batch 14800 Time:	2.24521031777064 minutes
es
Batch 14100 Loss:	30.44216713681817
Batch 14100 Time:	2.357320551077525 minutes
Batch 14900 Loss:	22.642604641616344
Batch 14900 Time:	2.24932941198349 minutes
Batch 14200 Loss:	27.389070067554712
Batch 14200 Time:	2.3549518545468646 minutes
Batch 4700 Loss:	2.2114496753783897
Batch 4700 Time:	2.6524592796961466 minutes
s
Batch 14300 Loss:	24.347752381116152
Batch 14300 Time:	2.3446548024813336 minutes
Batch 15100 Loss:	29.298417933285236
Batch 15100 Time:	2.259804121653239 minutes
Batch 14400 Loss:	25.923453016206622
Batch 14400 Time:	2.3594603737195334 minutes
Batch 15200 Loss:	25.495289996266365
Batch 15200 Time:	2.24849404891332 minutes
Batch 4900 Loss:	3.1824667847249657
Batch 4900 Time:	2.6687636653582256 minutes

Batch 15300 Loss:	25.708119029179215
Batch 15300 Time:	2.2498143792152403 minutes
Batch 14600 Loss:	27.295320011675358
Batch 14600 Time:	2.3461615721384685 minutes
Batch 5000 Loss:	1.7460530800162815
Batch 5000 Time:	2.6264589349428813 minutes
Batch 15400 Loss:	24.61175463721156
Batch 15400 Time:	2.2461071173350016 minutes
Batch 14700 Loss:	27.275508489459753
Batch 14700 Time:	2.3579649686813355 minutes
Batch 15500 Loss:	21.550221517682076
Batch 15500 Time:	2.252884030342102 minutes
Batch 14800 Loss:	25.41361302882433
Batch 14800 Time:	2.3607340971628825 minutes
Batch 5200 Loss:	2.038955116237048
Batch 5200 Time:	2.695892322063446 minutes
Batch 14900 Loss:	24.825245320796967
Batch 14900 Time:	2.3584611773490907 minutes
Batch 5300 Loss:	1.863504308857955
Batch 5300 Time:	2.6859280625979105 minutes

Batch 15000 Loss:	26.885046508163214
Batch 15000 Time:	2.3883130073547365 minutes
Batch 15800 Loss:	30.614213906228542
Batch 15800 Time:	2.2576053420702618 minutes
Batch 5400 Loss:	1.718860778317321
Batch 5400 Time:	2.649456719557444 minutes
Batch 15100 Loss:	30.485156811773777
Batch 15100 Time:	2.367212728659312 minutes
Batch 15900 Loss:	24.171685330569744
Batch 15900 Time:	2.2492973526318867 minutes
Batch 15200 Loss:	24.674760753288865
Batch 15200 Time:	2.3628141562143963 minutes
Batch 16000 Loss:	30.349595667794347
Batch 16000 Time:	2.2600584983825684 minutes
Batch 5600 Loss:	1.8814155309519265
Batch 5600 Time:	2.720349582036336 minutes
es
Batch 16100 Loss:	23.712654449045658
Batch 16100 Time:	2.2548789779345193 minutes
Batch 5700 Loss:	1.5546785597107373
Batch 5700 Time:	2.6962027033170064 minutes
Batch 16200 Loss:	25.269896868616343
Batch 16200 Time:	2.26212131579717 minutes
Batch 16300 Loss:	27.37866736575961
Batch 16300 Time:	2.247151835759481 minutes

Batch 5800 Loss:	1.83757583075203
Batch 5800 Time:	2.65216300090154 minutes
Batch 16400 Loss:	26.365115037187934
Batch 16400 Time:	2.2497371435165405 minutes
Batch 5900 Loss:	1.8053240408771671
Batch 5900 Time:	2.6333596030871074 minutes
Batch 16500 Loss:	25.872057436034083
Batch 16500 Time:	2.255080791314443 minutes
Batch 6000 Loss:	1.7147351166931912
Batch 6000 Time:	2.6465433557828266 minutes
Batch 16600 Loss:	26.62142415717244
Batch 16600 Time:	2.254661738872528 minutes
s
Batch 6100 Loss:	1.0321259103657212
Batch 6100 Time:	2.6246383786201477 minutes
Batch 16700 Loss:	24.318413738161325
Batch 16700 Time:	2.2510652621587117 minutes
Batch 16800 Loss:	23.71765360608697
Batch 16800 Time:	2.2515288313229878 minutBatch 16000 Loss:	28.183355091139674
Batch 16000 Time:	2.352128005027771 minutes
Batch 16100 Loss:	30.6438218485564
Batch 16100 Time:	2.3669324199358623 minutes

Batch 6400 Loss:	1.1458073444664478
Batch 6400 Time:	2.6745021025339764 minutes
s
Batch 16300 Loss:	21.222495667636395
Batch 16300 Time:	2.3574811100959776 minutesBatch 6500 Loss:	2.5905633105139714
Batch 6500 Time:	2.669366737206777 minutes
Batch 17200 Loss:	22.982798838987947
Batch 17200 Time:	2.246002968152364 minutes
Batch 16400 Loss:	29.1452242359519
Batch 16400 Time:	2.372916376590729 minutes
Batch 6600 Loss:	2.592548744112719
Batch 6600 Time:	2.7487837155659993 minutes
Batch 17300 Loss:	27.84736525826156
Batch 17300 Time:	2.2520030736923218 minutes
Batch 16500 Loss:	27.912374418228865
Batch 16500 Time:	2.3637348890304564 minutes
Batch 6700 Loss:	2.5143566870247014
Batch 6700 Time:	2.6263960202534995 minutes
Batch 17400 Loss:	26.055010356009007
Batch 17400 Time:	2.246350522836049 minutes
Batch 16600 Loss:	26.558603927493095
Batch 16600 Time:	2.3589961171150207 minutes
Batch 17500 Loss:	23.316439513117075
Batch 17500 Time:	2.2447808384895325 minutes
Batch 16700 Loss:	24.818841140717268
Batch 16700 Time:	2.3647429664929707 minutes
Batch 6900 Loss:	1.5627337216064916
Batch 6900 Time:	2.658974738915761 minutes
es
Batch 16800 Loss:	27.61774935759604
Batch 16800 Time:	2.356873635450999 minutes
Batch 17700 Loss:	20.907029394060373
Batch 17700 Time:	2.246313150723775 minutes
Batch 16900 Loss:	25.84652996249497
Batch 16900 Time:	2.360716144243876 minutes
Batch 17800 Loss:	24.858375020325184
Batch 17800 Time:	2.257345771789551 minutes
Batch 17000 Loss:	25.716014437377453
Batch 17000 Time:	2.3594968279202777 minutes
Batch 17900 Loss:	31.081516936421394
Batch 17900 Time:	2.2421776413917542 minutes
Batch 7200 Loss:	1.391288555401843
Batch 7200 Time:	2.6338303089141846 minutes

Batch 18000 Loss:	22.187191291712224
Batch 18000 Time:	2.2461913506189983 minutes
Batch 7300 Loss:	2.1038046952162404
Batch 7300 Time:	2.6045764168103536 minutes
s
Batch 18100 Loss:	25.580696437507868
Batch 18100 Time:	2.24973601102829 minutes
Batch 17300 Loss:	23.370809011161327
Batch 17300 Time:	2.35731334288915 minutes
Batch 7400 Loss:	1.2688579419336747
Batch 7400 Time:	2.594471287727356 minutes
Batch 17400 Loss:	23.54296544380486
Batch 17400 Time:	2.3496399601300557 minutes
Batch 18300 Loss:	24.454769641160965
Batch 18300 Time:	2.2542970538139344 minutes
Batch 7500 Loss:	1.8274882455007173
Batch 7500 Time:	2.6286855697631837 minutes
Batch 17500 Loss:	31.281923471018672
Batch 17500 Time:	2.3686750173568725 minutes
Batch 18400 Loss:	25.936136841773987
Batch 18400 Time:	2.266163901487986 minutes
Batch 7600 Loss:	1.9051513731537852
Batch 7600 Time:	2.6773984670639037 minutes
Batch 17600 Loss:	29.063429206609726
Batch 17600 Time:	2.3556299408276877 minutes
Batch 7700 Loss:	1.3384643728495575
Batch 7700 Time:	2.60509885152181 minutes
Batch 17700 Loss:	28.653702672570944
Batch 17700 Time:	2.35754892428716 minutes

Batch 7800 Loss:	1.2103332254482666
Batch 7800 Time:	2.6605708797772727 minutes
Batch 17800 Loss:	25.415886905044317
Batch 17800 Time:	2.370268905162811 minutes
Batch 17900 Loss:	25.031376726925373
Batch 17900 Time:	2.3493250250816344 minutes
Batch 18000 Loss:	24.293987108394504
Batch 18000 Time:	2.3667367100715637 minutes
Batch 19000 Loss:	24.064276887103915
Batch 19000 Time:	2.250430468718211 minutes
Batch 8100 Loss:	1.5942230647488032
Batch 8100 Time:	2.6354628086090086 minutes

Batch 19100 Loss:	22.031230214051902
Batch 19100 Time:	2.249156928062439 minutes
Batch 8200 Loss:	2.4642623910331167
Batch 8200 Time:	2.607840859889984 minutes

Batch 19200 Loss:	25.833516765385866
Batch 19200 Time:	2.2462534308433533 minutes
Batch 18300 Loss:	31.410056177526712
Batch 18300 Time:	2.365707778930664 minutes
Batch 8300 Loss:	0.9908783257269533
Batch 8300 Time:	2.6479689319928488 minutes
/users/cmcguir1/.local/lib/python3.7/site-packages/torch/cuda/__init__.py:122: UserWarning: 
    Found GPU0 Quadro K420 which is of cuda capability 3.0.
    PyTorch no longer supports this GPU because it is too old.
    The minimum cuda capability supported by this library is 3.7.
    
  warnings.warn(old_gpu_warn % (d, name, major, minor, min_arch // 10, min_arch % 10))
Traceback (most recent call last):
  File "src/PairwiseYeastNetwork/Parallel/Model7.py", line 22, in <module>
    main()
  File "src/PairwiseYeastNetwork/Parallel/Model7.py", line 18, in main
    graph.feedForward('./Yeast Resources/GraphResults/TestFeedForward_Partial.csv')
  File "./src/PairwiseYeastNetwork/YeastGraph.py", line 44, in feedForward
    outputs = self.net(features.float(),test=True)
RuntimeError: CUDA out of memory. Tried to allocate 820.00 MiB (GPU 0; 1.94 GiB total capacity; 1.60 GiB already allocated; 204.69 MiB free; 1.60 GiB reserved in total by PyTorch) If reserved memory is >> allocated memory try setting max_split_size_mb to avoid fragmentation.  See documentation for Memory Management and PYTORCH_CUDA_ALLOC_CONF
Batch 19300 Loss:	24.206399649381638
Batch 19300 Time:	2.2504315535227457 minutes
Batch 18400 Loss:	26.164768354967237
Batch 18400 Time:	2.3741698185602824 minutes
Batch 8400 Loss:	1.5651942937111016
Batch 8400 Time:	2.664245096842448 minutes
Batch 19400 Loss:	28.026201512664557
Batch 19400 Time:	2.242889889081319 minutes
Batch 18500 Loss:	26.329575195908546
Batch 18500 Time:	2.3578981002171835 minutes
Batch 19500 Loss:	26.424667097628117
Batch 19500 Time:	2.240276364485423 minutes
Batch 18600 Loss:	26.11308103427291
Batch 18600 Time:	2.345507800579071 minutes
Batch 8600 Loss:	1.0616516355221393
Batch 8600 Time:	2.6105206410090127 minutes
Batch 18700 Loss:	25.654253970831633
Batch 18700 Time:	2.366408081849416 minutes
Batch 8700 Loss:	1.2929044111806434
Batch 8700 Time:	2.678452563285828 minutes

Batch 18800 Loss:	23.11077770590782
Batch 18800 Time:	2.3656901836395265 minutes
Batch 19800 Loss:	24.669408865273
Batch 19800 Time:	2.2539620876312254 minutes
Batch 18900 Loss:	25.114934783428907
Batch 18900 Time:	2.362317176659902 minutes
Batch 19900 Loss:	25.409707210958004
Batch 19900 Time:	2.253138744831085 minutes
Batch 8900 Loss:	0.9844338404946029
Batch 8900 Time:	2.6302530487378437 minutes

Batch 9000 Loss:	1.1546453424962237
Batch 9000 Time:	2.616539267698924 minutes
s
Batch 19200 Loss:	29.693604446947575
Batch 19200 Time:	2.3628645539283752 minutes
Batch 9100 Loss:	1.5223083611490438
Batch 9100 Time:	2.664866495132446 minutes
Batch 19300 Loss:	27.585100151598454
Batch 19300 Time:	2.3550511439641317 minutes
Batch 9200 Loss:	0.8193700924020959
Batch 9200 Time:	2.639320464928945 minutes
Batch 19400 Loss:	24.34151628986001
Batch 19400 Time:	2.3537999113400776 minutes
Batch 9300 Loss:	1.355891397834057
Batch 9300 Time:	2.633488909403483 minutes
Batch 19500 Loss:	26.645873192697763
Batch 19500 Time:	2.355968670050303 minutes
Batch 9400 Loss:	0.6065799959760625
Batch 9400 Time:	2.6050668199857077 minutes
Batch 19600 Loss:	26.870389707386494
Batch 19600 Time:	2.3611231048901877 minutes
Batch 9500 Loss:	0.5397324078949168
Batch 9500 Time:	2.657217820485433 minutes
Batch 19700 Loss:	26.394362080842257
Batch 19700 Time:	2.361541016896566 minutes
Batch 19800 Loss:	24.00813104584813
Batch 19800 Time:	2.360925475756327 minutes
Batch 19900 Loss:	26.427882704883814
Batch 19900 Time:	2.3705196579297385 minutes
Batch 9800 Loss:	1.3578288265198353
Batch 9800 Time:	2.623369538784027 minutes
Batch 9900 Loss:	1.897686808311846
Batch 9900 Time:	2.6320929288864137 minutes
wiseYeastNetwork/Parallel/Model9.py", line 26, in <module>
    main()
  File "src/PairwiseYeastNetwork/Parallel/Model9.py", line 21, in main
    complexModel.testNetworkValidation(limitNegative=True,negProportion=10)
  File "./src/PairwiseYeastNetwork/PairwiseModel.py", line 233, in testNetworkValidation
    self.testNetwork(save,'Val',regularize=regularize,limitNegative=limitNegative,negProportion=negProportion,posProportion=posProportion)
  File "./src/PairwiseYeastNetwork/PairwiseModel.py", line 139, in testNetwork
    self.calcStats(namesArray=namesArray,labels=labels,foldsArray=foldsArray,outputs=outputs,save=save,testingType=testingType)
  File "./src/PairwiseYeastNetwork/ComplexModel.py", line 167, in calcStats
    os.mkdir(f'{self.dataTableLocation}/{self.modelName}_{self.structure}')
FileNotFoundError: [Errno 2] No such file or directory: './Yeast Resources/Pairwise/Spell/ComplexTest/Original_20/Original_20'
Began Testing on Validation
Traceback (most recent call last):
  File "src/PairwiseYeastNetwork/Parallel/Model9.py", line 26, in <module>
    main()
  File "src/PairwiseYeastNetwork/Parallel/Model9.py", line 21, in main
    complexModel.testNetworkValidation(limitNegative=True,negProportion=10)
  File "./src/PairwiseYeastNetwork/PairwiseModel.py", line 233, in testNetworkValidation
    self.testNetwork(save,'Val',regularize=regularize,limitNegative=limitNegative,negProportion=negProportion,posProportion=posProportion)
  File "./src/PairwiseYeastNetwork/PairwiseModel.py", line 139, in testNetwork
    self.calcStats(namesArray=namesArray,labels=labels,foldsArray=foldsArray,outputs=outputs,save=save,testingType=testingType)
  File "./src/PairwiseYeastNetwork/ComplexModel.py", line 167, in calcStats
    os.mkdir(f'{self.dataTableLocation}/{self.modelName}_{self.structure}')
FileNotFoundError: [Errno 2] No such file or directory: './Yeast Resources/Pairwise/Spell/ComplexTest/Original_200/Original_200'
Batch 10000 Loss:	1.5322731586711598
Batch 10000 Time:	2.6071892182032266 minutes
eYeastNetwork/Parallel/Model9.py", line 26, in <module>
    main()
  File "src/PairwiseYeastNetwork/Parallel/Model9.py", line 21, in main
    complexModel.testNetworkValidation(limitNegative=True,negProportion=10)
  File "./src/PairwiseYeastNetwork/PairwiseModel.py", line 233, in testNetworkValidation
    self.testNetwork(save,'Val',regularize=regularize,limitNegative=limitNegative,negProportion=negProportion,posProportion=posProportion)
  File "./src/PairwiseYeastNetwork/PairwiseModel.py", line 139, in testNetwork
    self.calcStats(namesArray=namesArray,labels=labels,foldsArray=foldsArray,outputs=outputs,save=save,testingType=testingType)
  File "./src/PairwiseYeastNetwork/ComplexModel.py", line 167, in calcStats
    os.mkdir(f'{self.dataTableLocation}/{self.modelName}_{self.structure}')
FileNotFoundError: [Errno 2] No such file or directory: './Yeast Resources/Pairwise/Spell/ComplexTest/Original_20/Original_20'
Began Testing on Validation
Traceback (most recent call last):
  File "src/PairwiseYeastNetwork/Parallel/Model9.py", line 26, in <module>
    main()
  File "src/PairwiseYeastNetwork/Parallel/Model9.py", line 21, in main
    complexModel.testNetworkValidation(limitNegative=True,negProportion=10)
  File "./src/PairwiseYeastNetwork/PairwiseModel.py", line 233, in testNetworkValidation
    self.testNetwork(save,'Val',regularize=regularize,limitNegative=limitNegative,negProportion=negProportion,posProportion=posProportion)
  File "./src/PairwiseYeastNetwork/PairwiseModel.py", line 139, in testNetwork
    self.calcStats(namesArray=namesArray,labels=labels,foldsArray=foldsArray,outputs=outputs,save=save,testingType=testingType)
  File "./src/PairwiseYeastNetwork/ComplexModel.py", line 167, in calcStats
    os.mkdir(f'{self.dataTableLocation}/{self.modelName}_{self.structure}')
FileNotFoundError: [Errno 2] No such file or directory: './Yeast Resources/Pairwise/Spell/ComplexTest/Original_200/Original_200'
Batch 10100 Loss:	0.8952053652901668
Batch 10100 Time:	2.6117921988169353 minutes
Batch 10200 Loss:	1.2517274470010307
Batch 10200 Time:	2.603746207555135 minutes
Began Testing on Validation
Traceback (most recent call last):
  File "src/PairwiseYeastNetwork/Parallel/Model9.py", line 26, in <module>
    main()
  File "src/PairwiseYeastNetwork/Parallel/Model9.py", line 21, in main
    complexModel.testNetworkValidation(limitNegative=True,negProportion=10)
  File "./src/PairwiseYeastNetwork/PairwiseModel.py", line 233, in testNetworkValidation
    self.testNetwork(save,'Val',regularize=regularize,limitNegative=limitNegative,negProportion=negProportion,posProportion=posProportion)
  File "./src/PairwiseYeastNetwork/PairwiseModel.py", line 139, in testNetwork
    self.calcStats(namesArray=namesArray,labels=labels,foldsArray=foldsArray,outputs=outputs,save=save,testingType=testingType)
  File "./src/PairwiseYeastNetwork/ComplexModel.py", line 167, in calcStats
    os.mkdir(f'{self.dataTableLocation}/{self.modelName}_{self.structure}')
FileNotFoundError: [Errno 2] No such file or directory: './Yeast Resources/Pairwise/Spell/ComplexTest/Original_200/Original_200'
Began Testing on Validation
Traceback (most recent call last):
  File "src/PairwiseYeastNetwork/Parallel/Model9.py", line 26, in <module>
    main()
  File "src/PairwiseYeastNetwork/Parallel/Model9.py", line 21, in main
    complexModel.testNetworkValidation(limitNegative=True,negProportion=10)
  File "./src/PairwiseYeastNetwork/PairwiseModel.py", line 233, in testNetworkValidation
    self.testNetwork(save,'Val',regularize=regularize,limitNegative=limitNegative,negProportion=negProportion,posProportion=posProportion)
  File "./src/PairwiseYeastNetwork/PairwiseModel.py", line 139, in testNetwork
    self.calcStats(namesArray=namesArray,labels=labels,foldsArray=foldsArray,outputs=outputs,save=save,testingType=testingType)
  File "./src/PairwiseYeastNetwork/ComplexModel.py", line 167, in calcStats
    os.mkdir(f'{self.dataTableLocation}/{self.modelName}_{self.structure}')
FileNotFoundError: [Errno 2] No such file or directory: './Yeast Resources/Pairwise/Spell/ComplexTest/Original_200/Original_200'
Batch 10300 Loss:	0.4287372810067609
Batch 10300 Time:	2.6202595988909403 minutes
Batch 10400 Loss:	0.6647369149577571
Batch 10400 Time:	2.6141888737678527 minutes
Batch 10500 Loss:	0.7741190648230258
Batch 10500 Time:	2.6190344373385113 minutes
Batch 10600 Loss:	1.3417775492707733
Batch 10600 Time:	2.6310062686602276 minutes
Batch 10700 Loss:	0.6967644523683703
Batch 10700 Time:	2.64416716893514 minutes
Batch 10800 Loss:	0.7487409847090021
Batch 10800 Time:	2.6492172280947366 minutes
Batch 10900 Loss:	0.6220971024013124
Batch 10900 Time:	2.6173991719881693 minutes
Batch 11000 Loss:	0.19694142790831393
Batch 11000 Time:	2.714081339041392 minutes
Batch 11100 Loss:	0.8196329372149194
Batch 11100 Time:	2.653372057278951 minutes
Batch 11200 Loss:	0.9580714157200418
Batch 11200 Time:	2.6782272418340045 minutes
Batch 11300 Loss:	0.9549538553546881
Batch 11300 Time:	2.6094325105349223 minutes
eYeastNetwork/Parallel/Model3.py", line 24, in <module>
    main()
  File "src/PairwiseYeastNetwork/Parallel/Model3.py", line 19, in main
    complexModel.testNetworkValidation(limitNegative=True,negProportion=10)
  File "./src/PairwiseYeastNetwork/PairwiseModel.py", line 233, in testNetworkValidation
    self.testNetwork(save,'Val',regularize=regularize,limitNegative=limitNegative,negProportion=negProportion,posProportion=posProportion)
  File "./src/PairwiseYeastNetwork/PairwiseModel.py", line 139, in testNetwork
    self.calcStats(namesArray=namesArray,labels=labels,foldsArray=foldsArray,outputs=outputs,save=save,testingType=testingType)
  File "./src/PairwiseYeastNetwork/ComplexModel.py", line 167, in calcStats
    os.mkdir(f'{self.dataTableLocation}/{self.modelName}_{self.structure}')
FileNotFoundError: [Errno 2] No such file or directory: './Yeast Resources/Pairwise/Spell/ComplexTest/ComplexTest_20/ComplexTest_20'
Batch 11400 Loss:	0.625415757385781
Batch 11400 Time:	2.673032800356547 minutes
iseYeastNetwork/Parallel/Model3.py", line 24, in <module>
    main()
  File "src/PairwiseYeastNetwork/Parallel/Model3.py", line 19, in main
    complexModel.testNetworkValidation(limitNegative=True,negProportion=10)
  File "./src/PairwiseYeastNetwork/PairwiseModel.py", line 233, in testNetworkValidation
    self.testNetwork(save,'Val',regularize=regularize,limitNegative=limitNegative,negProportion=negProportion,posProportion=posProportion)
  File "./src/PairwiseYeastNetwork/PairwiseModel.py", line 139, in testNetwork
    self.calcStats(namesArray=namesArray,labels=labels,foldsArray=foldsArray,outputs=outputs,save=save,testingType=testingType)
  File "./src/PairwiseYeastNetwork/ComplexModel.py", line 167, in calcStats
    os.mkdir(f'{self.dataTableLocation}/{self.modelName}_{self.structure}')
FileNotFoundError: [Errno 2] No such file or directory: './Yeast Resources/Pairwise/Spell/ComplexTest/ComplexTest_20/ComplexTest_20'
Began Testing on Validation
Traceback (most recent call last):
  File "src/PairwiseYeastNetwork/Parallel/Model3.py", line 24, in <module>
    main()
  File "src/PairwiseYeastNetwork/Parallel/Model3.py", line 19, in main
    complexModel.testNetworkValidation(limitNegative=True,negProportion=10)
  File "./src/PairwiseYeastNetwork/PairwiseModel.py", line 233, in testNetworkValidation
    self.testNetwork(save,'Val',regularize=regularize,limitNegative=limitNegative,negProportion=negProportion,posProportion=posProportion)
  File "./src/PairwiseYeastNetwork/PairwiseModel.py", line 139, in testNetwork
    self.calcStats(namesArray=namesArray,labels=labels,foldsArray=foldsArray,outputs=outputs,save=save,testingType=testingType)
  File "./src/PairwiseYeastNetwork/ComplexModel.py", line 167, in calcStats
    os.mkdir(f'{self.dataTableLocation}/{self.modelName}_{self.structure}')
FileNotFoundError: [Errno 2] No such file or directory: './Yeast Resources/Pairwise/Spell/ComplexTest/ComplexTest_20/ComplexTest_20'
Batch 11500 Loss:	0.2775703686638735
Batch 11500 Time:	2.6432976404825848 minutes
Batch 11600 Loss:	0.42220394015021157
Batch 11600 Time:	2.6847428480784097 minutes
Batch 11700 Loss:	0.5172303057188401
Batch 11700 Time:	2.683589394887288 minutes
Batch 11800 Loss:	0.8643471237737685
Batch 11800 Time:	2.6840064883232118 minutes
Batch 11900 Loss:	0.7472383025451563
Batch 11900 Time:	2.6690899689992267 minutes
Batch 12000 Loss:	0.6331852416333277
Batch 12000 Time:	2.671321328481038 minutes
Batch 12100 Loss:	0.7669547890254762
Batch 12100 Time:	2.6963910420735675 minutes
Batch 12200 Loss:	0.5368349183991086
Batch 12200 Time:	2.6516157468159993 minutes
Batch 12300 Loss:	0.4859121869667433
Batch 12300 Time:	2.6524372577667235 minutes
Batch 12400 Loss:	0.9229191433551023
Batch 12400 Time:	2.6224035024642944 minutes
Batch 12500 Loss:	1.0825803421976161
Batch 12500 Time:	2.6017832517623902 minutes
Batch 12600 Loss:	0.48475111834704876
Batch 12600 Time:	2.664029856522878 minutes
Batch 12700 Loss:	0.5809082399355248
Batch 12700 Time:	2.6719642798105876 minutes
Batch 12800 Loss:	0.4669507466169307
Batch 12800 Time:	2.6811076203982034 minutes
Batch 12900 Loss:	0.3913894344223081
Batch 12900 Time:	2.6114002068837485 minutes
Batch 13000 Loss:	1.3745789538879762
Batch 13000 Time:	2.643212870756785 minutes
Batch 13100 Loss:	1.0124656747211702
Batch 13100 Time:	2.7024697422981263 minutes
Batch 13200 Loss:	1.0695411029737443
Batch 13200 Time:	2.7193886677424115 minutes
Batch 13300 Loss:	0.6644937451201258
Batch 13300 Time:	2.6887872139612834 minutes
Batch 13400 Loss:	0.5663649672133033
Batch 13400 Time:	2.693389161427816 minutes
Batch 13500 Loss:	0.7480758583405986
Batch 13500 Time:	2.670506425698598 minutes
Batch 13600 Loss:	0.4373203783907229
Batch 13600 Time:	2.6750376065572103 minutes
Batch 13700 Loss:	0.4187679395763553
Batch 13700 Time:	2.6911826729774475 minutes
Batch 13800 Loss:	0.5578835393826012
Batch 13800 Time:	2.695155417919159 minutes
Batch 13900 Loss:	0.395576970273396
Batch 13900 Time:	2.665884796778361 minutes
Batch 14000 Loss:	0.5239361167768948
Batch 14000 Time:	2.641578515370687 minutes
Batch 14100 Loss:	0.541228293615859
Batch 14100 Time:	2.664256497224172 minutes
Batch 14200 Loss:	0.44786300872510765
Batch 14200 Time:	2.6703110337257385 minutes
Batch 14300 Loss:	0.774495208155713
Batch 14300 Time:	2.677982211112976 minutes
Batch 14400 Loss:	0.4348779497668147
Batch 14400 Time:	2.710222585995992 minutes
Batch 14500 Loss:	0.43526313971960917
Batch 14500 Time:	2.685718274116516 minutes
Batch 14600 Loss:	1.0029810226260452
Batch 14600 Time:	2.6881362795829773 minutes
Batch 14700 Loss:	0.5015202878494165
Batch 14700 Time:	2.669332003593445 minutes
Batch 14800 Loss:	0.6006055169673346
Batch 14800 Time:	2.7001511693000793 minutes
Batch 14900 Loss:	0.2517544854490552
Batch 14900 Time:	2.691455598672231 minutes
Batch 15000 Loss:	0.3122059746165178
Batch 15000 Time:	2.7536207914352415 minutes
Batch 15100 Loss:	0.5744192174315685
Batch 15100 Time:	2.6973085681597393 minutes
Began Testing on Validation
Traceback (most recent call last):
  File "src/PairwiseYeastNetwork/Parallel/Model9.py", line 26, in <module>
    main()
  File "src/PairwiseYeastNetwork/Parallel/Model9.py", line 21, in main
    complexModel.testNetworkValidation(limitNegative=True,negProportion=10)
  File "./src/PairwiseYeastNetwork/PairwiseModel.py", line 233, in testNetworkValidation
    self.testNetwork(save,'Val',regularize=regularize,limitNegative=limitNegative,negProportion=negProportion,posProportion=posProportion)
  File "./src/PairwiseYeastNetwork/PairwiseModel.py", line 139, in testNetwork
    self.calcStats(namesArray=namesArray,labels=labels,foldsArray=foldsArray,outputs=outputs,save=save,testingType=testingType)
  File "./src/PairwiseYeastNetwork/ComplexModel.py", line 167, in calcStats
    os.mkdir(f'{self.dataTableLocation}/{self.modelName}_{self.structure}')
FileNotFoundError: [Errno 2] No such file or directory: './Yeast Resources/Pairwise/Spell/ComplexTest/Original_20/Original_20'
Batch 15200 Loss:	0.5156338712913566
Batch 15200 Time:	2.7111340800921124 minutes
Batch 15300 Loss:	0.30320265870250296
Batch 15300 Time:	2.701051652431488 minutes
Batch 15400 Loss:	0.7203430216322886
Batch 15400 Time:	2.6793404817581177 minutes
Batch 15500 Loss:	0.4412515322183026
Batch 15500 Time:	2.710032018025716 minutes
Batch 15600 Loss:	0.3430892433243571
Batch 15600 Time:	2.6960195660591126 minutes
Batch 15700 Loss:	0.306975437568326
Batch 15700 Time:	2.667828337351481 minutes
Batch 15800 Loss:	0.5941401279415004
Batch 15800 Time:	2.6756131450335183 minutes
Batch 15900 Loss:	0.4552165279528708
Batch 15900 Time:	2.674868150552114 minutes
Batch 16000 Loss:	0.6814906576037174
Batch 16000 Time:	2.7031604131062825 minutes
Batch 16100 Loss:	0.39475047844462097
Batch 16100 Time:	2.682007944583893 minutes
Batch 16200 Loss:	0.2884999409179727
Batch 16200 Time:	2.6962398370107015 minutes
Batch 16300 Loss:	0.19987965659674956
Batch 16300 Time:	2.7276281913121543 minutes
Batch 16400 Loss:	0.4669958062368096
Batch 16400 Time:	2.729662283261617 minutes
Began Testing on Validation
Traceback (most recent call last):
  File "src/PairwiseYeastNetwork/Parallel/Model9.py", line 26, in <module>
    main()
  File "src/PairwiseYeastNetwork/Parallel/Model9.py", line 21, in main
    complexModel.testNetworkValidation(limitNegative=True,negProportion=10)
  File "./src/PairwiseYeastNetwork/PairwiseModel.py", line 233, in testNetworkValidation
    self.testNetwork(save,'Val',regularize=regularize,limitNegative=limitNegative,negProportion=negProportion,posProportion=posProportion)
  File "./src/PairwiseYeastNetwork/PairwiseModel.py", line 139, in testNetwork
    self.calcStats(namesArray=namesArray,labels=labels,foldsArray=foldsArray,outputs=outputs,save=save,testingType=testingType)
  File "./src/PairwiseYeastNetwork/ComplexModel.py", line 167, in calcStats
    os.mkdir(f'{self.dataTableLocation}/{self.modelName}_{self.structure}')
FileNotFoundError: [Errno 2] No such file or directory: './Yeast Resources/Pairwise/Spell/ComplexTest/Original_20/Original_20'
Batch 16500 Loss:	0.25749594463559333
Batch 16500 Time:	2.6774499654769897 minutes
Batch 16600 Loss:	0.5568473939783871
Batch 16600 Time:	2.720193064212799 minutes
Began Testing on Validation
Traceback (most recent call last):
  File "src/PairwiseYeastNetwork/Parallel/Model3.py", line 24, in <module>
    main()
  File "src/PairwiseYeastNetwork/Parallel/Model3.py", line 19, in main
    complexModel.testNetworkValidation(limitNegative=True,negProportion=10)
  File "./src/PairwiseYeastNetwork/PairwiseModel.py", line 233, in testNetworkValidation
    self.testNetwork(save,'Val',regularize=regularize,limitNegative=limitNegative,negProportion=negProportion,posProportion=posProportion)
  File "./src/PairwiseYeastNetwork/PairwiseModel.py", line 139, in testNetwork
    self.calcStats(namesArray=namesArray,labels=labels,foldsArray=foldsArray,outputs=outputs,save=save,testingType=testingType)
  File "./src/PairwiseYeastNetwork/ComplexModel.py", line 167, in calcStats
    os.mkdir(f'{self.dataTableLocation}/{self.modelName}_{self.structure}')
FileNotFoundError: [Errno 2] No such file or directory: './Yeast Resources/Pairwise/Spell/ComplexTest/ComplexTest_20/ComplexTest_20'
Batch 16700 Loss:	0.45046209693100536
Batch 16700 Time:	2.6312489032745363 minutes
Batch 16800 Loss:	0.34700137391337194
Batch 16800 Time:	2.690650455156962 minutes
Batch 16900 Loss:	0.7283822617901023
Batch 16900 Time:	2.680336391925812 minutes
Traceback (most recent call last):
  File "src/PairwiseYeastNetwork/Parallel/Model6.py", line 20, in <module>
    main()
  File "src/PairwiseYeastNetwork/Parallel/Model6.py", line 12, in main
    modelData = PairwiseYeastData(f'Yeast Resources/Datasets/All Spell/all spell datasets',4,subset=200000,numDatasets=430,statsDictLoc='./Yeast Resources/Datasets/All Spell/revisedStatsDict.csv',recalc=False,foldFile='./Yeast Resources/Datasets/All Spell/GeneFolds1.csv',posGenes='./Yeast Resources/positives_00_go04-15-07.txt',negGenes='./Yeast Resources/negatives_00_go04-15-07.txt',recur=True,sort=False)
  File "./src/PairwiseYeastNetwork/PairwiseYeastData.py", line 27, in __init__
    posPairs, negPairs, agnPairs = PairwiseYeastData.makePairs(self.posArray,self.negArray,makeAgnositc=True)
  File "./src/PairwiseYeastNetwork/PairwiseYeastData.py", line 133, in makePairs
    return (np.array(posGenePairs),np.array(negGenePairs),np.array(agnGenePairs))
KeyboardInterrupt
Batch 17000 Loss:	0.2938240438743378
Batch 17000 Time:	2.675674529870351 minutes
Batch 0 Loss:	0.692875862121582
Batch 0 Time:	0.15042949914932252 minutes
Batch 0 Loss:	0.6690875291824341
Batch 0 Time:	0.16037275393803915 minutes
Batch 17100 Loss:	0.42435801885585533
Batch 17100 Time:	2.6793940742810567 minutes
Batch 100 Loss:	57.40799626708031
Batch 100 Time:	2.088402275244395 minutes
Batch 100 Loss:	52.94022208452225
Batch 100 Time:	2.0934791803359984 minutes
Batch 0 Loss:	0.6928993463516235
Batch 0 Time:	0.16821702321370444 minutes
Batch 100 Loss:	53.0620199739933
Batch 100 Time:	2.0298858364423116 minutes
Batch 0 Loss:	0.6401085257530212
Batch 0 Time:	0.18381551106770833 minutes
Batch 17200 Loss:	0.3930225806252565
Batch 17200 Time:	2.658549094200134 minutes
Batch 200 Loss:	44.05674032866955
Batch 200 Time:	2.110891000429789 minutes

Batch 200 Loss:	37.471695244312286
Batch 200 Time:	2.0949909488360086 minutes
Batch 100 Loss:	50.76346570253372
Batch 100 Time:	2.2039520780245465 minutes
Batch 200 Loss:	38.71526408940554
Batch 200 Time:	2.0351125995318093 minutes
Batch 100 Loss:	55.60711020231247
Batch 100 Time:	2.2239943822224935 minutes
Batch 300 Loss:	37.936427265405655
Batch 300 Time:	2.09438001314799 minutes
inutes
Batch 300 Loss:	32.99478539824486
Batch 300 Time:	2.099107054869334 minutes
Batch 200 Loss:	43.71295163035393
Batch 200 Time:	2.2139729897181195 minutes
Batch 200 Loss:	41.034012630581856
Batch 200 Time:	2.191546066602071 minutes
Batch 300 Loss:	49.373279854655266
Batch 300 Time:	2.0435819665590924 minutes
Batch 17400 Loss:	1.1596711519050587
Batch 17400 Time:	2.6827459653218586 minutes
 400 Loss:	28.83055467903614
Batch 400 Time:	2.09096622467041 minutes
Batch 400 Loss:	27.08191490918398
Batch 400 Time:	2.017508371671041 minutes
Batch 300 Loss:	41.95556442439556
Batch 300 Time:	2.2283612291018167 minutes
Batch 300 Loss:	40.48152174055576
Batch 300 Time:	2.185786000887553 minutes
Batch 400 Loss:	46.20890128612518
Batch 400 Time:	2.0437493681907655 minutes
Batch 500 Loss:	29.552495673298836
Batch 500 Time:	2.105386559168498 minutes
Batch 500 Loss:	25.581212557852268
Batch 500 Time:	2.1062313079833985 minutes
Batch 500 Loss:	26.29986684396863
Batch 500 Time:	2.0234762112299602 minutes
Batch 17500 Loss:	0.29806723835645244
Batch 17500 Time:	2.6758355259895326 minutes
Batch 400 Loss:	38.17578683793545
Batch 400 Time:	2.1929443875948587 minutes
Batch 500 Loss:	41.85959479212761
Batch 500 Time:	2.0451995968818664 minutes
Batch 600 Loss:	25.06400702148676
Batch 600 Time:	2.10852533976237 minutes
Batch 600 Loss:	22.013695120811462
Batch 600 Time:	2.1015333930651345 minutes
Batch 500 Loss:	37.23414833843708
Batch 500 Time:	2.1997642238934834 minutes
Batch 17600 Loss:	0.7041023607580428
Batch 17600 Time:	2.6910871227582294 miBatch 700 Loss:	24.69246243312955
Batch 700 Time:	2.096438105901082 minutes
Batch 700 Loss:	20.2803686093539
Batch 700 Time:	2.0463296016057333 minutes

Batch 600 Loss:	35.56966020911932
Batch 600 Time:	2.218786124388377 minutes
Batch 700 Loss:	41.278726279735565
Batch 700 Time:	2.043346055348714 minutes
Batch 600 Loss:	33.57598287425935
Batch 600 Time:	2.195088064670563 minutes
Batch 17700 Loss:	0.27048253273096634
Batch 17700 Time:	2.684491451581319 minutes
Batch 800 Loss:	18.06589164957404
Batch 800 Time:	2.122245991230011 minutes
Batch 800 Loss:	41.384034007787704
Batch 800 Time:	2.0761855204900104 minutes
Batch 900 Loss:	20.9791462123394
Batch 900 Time:	2.098648428916931 minutes
s
Batch 900 Loss:	15.172167807817459
Batch 900 Time:	2.0191796898841856 minutes
Batch 17800 Loss:	0.1902807792503154
Batch 17800 Time:	2.686103900273641 minutes
Batch 900 Loss:	40.34802131354809
Batch 900 Time:	2.0822874267896014 minutes
Batch 800 Loss:	33.86362914741039
Batch 800 Time:	2.202139111359914 minutes
Batch 1000 Loss:	17.353465996682644
Batch 1000 Time:	2.0752894282341003 minutBatch 1000 Loss:	13.76970099657774
Batch 1000 Time:	2.001209759712219 minutes
Batch 1000 Loss:	14.260634697973728
Batch 1000 Time:	2.0972501913706463 minutes
Batch 17900 Loss:	0.564246172834828
Batch 17900 Time:	2.7072017868359883 minutes
Batch 900 Loss:	33.74909280985594
Batch 900 Time:	2.224213226636251 minutes
Batch 1100 Loss:	15.968244060873985
Batch 1100 Time:	2.104670226573944 minutesBatch 1100 Loss:	14.41487386636436
Batch 1100 Time:	2.015452229976654 minutes
s
Batch 1100 Loss:	40.71787844598293
Batch 1100 Time:	2.045023528734843 minutes
Batch 1200 Loss:	12.93977883644402
Batch 1200 Time:	2.05893102089564 minutes
utBatBatch 1200 Loss:	11.471647065132856
Batch 1200 Time:	2.043925714492798 minutBatch 1200 Loss:	12.69474103488028
Batch 1200 Time:	2.1036200563112897 minutes
Batch 1200 Loss:	36.9705360904336
Batch 1200 Time:	2.0415714581807456 minutes
Batch 1300 Loss:	16.83172119781375
Batch 1300 Time:	2.1023681720097858 minutes
Batch 18100 Loss:	0.29831919748539804
Batch 18100 Time:	2.675823756059011 minutes
ch 1300 Loss:	10.03262489195913
Batch 1300 Time:	2.103173764546712 minutes
Batch 1300 Loss:	35.501921862363815
Batch 1300 Time:	2.024231521288554 minutes
Batch 1400 Loss:	10.507452387362719
Batch 1400 Time:	2.036244054635366 minutes
Batch 1200 Loss:	29.56102631241083
Batch 1200 Time:	2.214397466182709 minutes
Batch 1400 Loss:	9.932566555216908
Batch 1400 Time:	2.111037298043569 minutes
Batch 1400 Loss:	33.754960507154465
Batch 1400 Time:	2.01863994995753 minutes
utes
Batch 1500 Loss:	10.44283317308873
Batch 1500 Time:	2.0056293845176696 minutes
Batch 1300 Loss:	31.858112506568432
Batch 1300 Time:	2.1956146637598675 minutes
Batch 1500 Loss:	8.922224036417902
Batch 1500 Time:	2.1166224161783855 minutes
Batch 1500 Loss:	33.553556613624096
Batch 1500 Time:	2.0543439388275146 minutes
Batch 18300 Loss:	0.5676660087519849
Batch 18300 Time:	2.639168961842855 minutes
Batch 1600 Loss:	9.467973415739834
Batch 1600 Time:	2.0290754079818725 minutes

 0 Loss:	0.668769359588623
Batch 0 Time:	0.15242280960083007 minutes
Batch 1400 Loss:	30.99817132949829
Batch 1400 Time:	2.243630762894948 minutes
Batch 1600 Loss:	6.187889131251723
Batch 1600 Time:	2.074716591835022 minutes
s
Batch 0 Loss:	0.6910579204559326
Batch 0 Time:	0.15625138680140177 minutes
tes
Batch 0 Loss:	0.6664072275161743
Batch 0 Time:	0.16284446716308593 minutes
Batch 18400 Loss:	0.8066216033184901
Batch 18400 Time:	2.6785117785135903 minutes
100 Loss:	57.79631146788597
Batch 100 Time:	2.11374839146932 minutes
Batch 0 Loss:	0.7214156985282898
Batch 0 Time:	0.20312105814615886 minutes
utes
Batch 0 Loss:	0.6991518139839172
Batch 0 Time:	0.2066041628519694 minutes
nutes
Batch 100 Loss:	57.57395413517952
Batch 100 Time:	2.0877498388290405 minutes

Batch 100 Loss:	57.76225972175598
Batch 100 Time:	2.0981032808621722 minutes
Batch 1800 Loss:	9.150109552778304
Batch 1800 Time:	2.0806398431460065 minutes
ch 200 Loss:	45.85425789654255
Batch 200 Time:	2.0754143555959064 minutes
Batch 18500 Loss:	0.4941946267717867
Batch 18500 Time:	2.7858075141906737 minutes
ch 1600 Loss:	27.76208947598934
Batch 1600 Time:	2.196540681521098 minutes
Batch 100 Loss:	58.86348295211792
Batch 100 Time:	2.5457805395126343 minutes

Batch 200 Loss:	46.14775508642197
Batch 200 Time:	2.095882538954417 minutes
Batch 1900 Loss:	10.702527759131044
Batch 1900 Time:	2.069985564549764 minutes
tch 300 Loss:	39.28170834481716
Batch 300 Time:	2.0614623347918193 minutes
Batch 1700 Loss:	28.2433552891016
Batch 1700 Time:	2.2114600936571756 minutes
s
Batch 300 Loss:	38.49990576505661
Batch 300 Time:	2.0776476144790648 minutes
s
Batch 1900 Loss:	31.21515592932701
Batch 1900 Time:	2.050017249584198 minutes
Batch 18600 Loss:	0.4045335027258261
Batch 18600 Time:	2.7171260833740236 minBatchBatch 2000 Loss:	8.039989345241338
Batch 2000 Time:	2.087348222732544 minutes
s
h 400 Loss:	34.71971119940281
Batch 400 Time:	2.085194714864095 minutes
Batch 2000 Loss:	7.020229376852512
Batch 2000 Time:	2.0928592721621198 minutes
Batch 400 Loss:	33.57019105553627
Batch 400 Time:	2.0566671093304953 minutes
s
Batch 2000 Loss:	30.314209550619125
Batch 2000 Time:	2.0284877896308897 minutes
Batch 400 Loss:	38.43621510267258
Batch 400 Time:	2.1157800873120625 minutes
Batch 2100 Loss:	8.415416136849672
Batch 2100 Time:	2.0393275459607443 minuteBatch 300 Loss:	41.43136337399483
Batch 300 Time:	2.5676148494084674 minutes
Batch 300 Loss:	40.38870767503977
Batch 300 Time:	2.776020630200704 minutes
s
Batch 500 Loss:	32.61914333701134
Batch 500 Time:	2.1004600326220193 minutes
es
Batch 1900 Loss:	26.819911509752274
Batch 1900 Time:	2.204496455192566 minutes
Batch 500 Loss:	37.420409969985485
Batch 500 Time:	2.095717203617096 minutes
Batch 2200 Loss:	6.038099233061075
Batch 2200 Time:	2.019778072834015 minutesBatch 2200 Loss:	10.170444999355823
Batch 2200 Time:	2.1118212819099424 minutes
Batch 400 Loss:	39.24430024623871
Batch 400 Time:	2.602143414815267 minutes
utBatch 600 Loss:	30.911106310784817
Batch 600 Time:	2.074721399943034 minutes
utes
Batch 400 Loss:	37.519678860902786
Batch 400 Time:	2.777146299680074 minutes
es
Batch 2300 Loss:	6.555530477780849
Batch 2300 Time:	1.9724788705507914 minutes
tch 700 Loss:	27.48175857961178
Batch 700 Time:	2.0463290452957152 minutes
Batch 2300 Loss:	7.451142063364387
Batch 2300 Time:	2.0724104762077333 minutes
Batch 2300 Loss:	5.068872457602993
Batch 2300 Time:	2.093510953585307 minutes
Batch 700 Loss:	28.60395372658968
Batch 700 Time:	2.0816090583801268 minutes
s
Batch 500 Loss:	36.87234278023243
Batch 500 Time:	2.595738184452057 minutes
uteBaBatch 2400 Loss:	6.215030265972018
Batch 2400 Time:	2.0589760740598044 minutes
Batch 800 Loss:	25.4349812194705
Batch 800 Time:	2.0432152430216473 minutes
Batch 2400 Loss:	6.942176764830947
Batch 2400 Time:	2.0925405701001485 minutes
Batch 2400 Loss:	5.497615420026705
Batch 2400 Time:	2.0884042501449587 minutes
Batch 800 Loss:	26.502146288752556
Batch 800 Time:	2.093487588564555 minutes
Batch 2200 Loss:	24.032691180706024
Batch 2200 Time:	2.2057928681373595 minutesBBatch 600 Loss:	34.10771003365517
Batch 600 Time:	2.547551639874776 minutes
s
Batch 19000 Loss:	0.3967703540547518
Batch 19000 Time:	2.697178260485331 minBatch 2500 Loss:	6.896191232372075
Batch 2500 Time:	2.0597086350123086 minutes
es
Batch 600 Loss:	34.928923822939396
Batch 600 Time:	2.7430415789286298 minutes
atch 2500 Loss:	24.6232038885355
Batch 2500 Time:	2.0248615463574726 minutes
Batch 900 Loss:	27.36182863265276
Batch 900 Time:	2.074033868312836 minutes
Batch 2600 Loss:	5.932024078210816
Batch 2600 Time:	2.0206069270769755 minutes
Batch 700 Loss:	30.760366819798946
Batch 700 Time:	2.611325232187907 minutes
sBatch 19100 Loss:	0.7295605135495862
Batch 19100 Time:	2.7043951312700907 minutes
Batch 2600 Loss:	24.14486565068364
Batch 2600 Time:	2.0377086281776426 minutes

Batch 2700 Loss:	5.481737738242373
Batch 2700 Time:	2.0275625745455423 minutes
Batch 2400 Loss:	21.25961636379361
Batch 2400 Time:	2.157797658443451 minutes

Batch 2400 Loss:	21.174283657222986
Batch 2400 Time:	2.2237262884775797 minutes
Batch 2700 Loss:	6.139923164155334
Batch 2700 Time:	2.092769233385722 minutes

Batch 19200 Loss:	0.5013030520931352
Batch 19200 Time:	2.7267247319221495 minuteBaBatch 2800 Loss:	5.328169720247388
Batch 2800 Time:	2.0198399504025777 minutes
tch 1200 Loss:	21.067978544160724
Batch 1200 Time:	2.072813864549001 minutes
Batch 800 Loss:	30.50824484974146
Batch 800 Time:	2.724403436978658 minutes
s

Batch 2800 Loss:	5.618715727701783
Batch 2800 Time:	2.0911742806434632 minutes
Batch 2800 Loss:	3.2405010303482413
Batch 2800 Time:	2.103218678633372 minutes
Batch 2900 Loss:	4.473439876921475
Batch 2900 Time:	1.9969831506411235 minutesBatch 19300 Loss:	0.6230163438085583
Batch 19300 Time:	2.718664042154948 minuteBatch 2900 Loss:	5.140610524802469
Batch 2900 Time:	2.095743950208028 minutes


Batch 2600 Loss:	18.12344754859805
Batch 2600 Time:	2.2216391364733377 minutes
Batch 1300 Loss:	19.84449320845306
Batch 1300 Time:	2.067069673538208 minutes
Batch 900 Loss:	27.977574553340673
Batch 900 Time:	2.735868505636851 minutes
s
Batch 1300 Loss:	20.158583510667086
Batch 1300 Time:	2.042718545595805 minutes
Batch 1000 Loss:	26.96257995069027
Batch 1000 Time:	2.609021508693695 minutes

Batch 3000 Loss:	5.396185973659158
Batch 3000 Time:	2.072300585110982 minutes


Batch 19400 Loss:	0.69241382258042
Batch 19400 Time:	2.739766979217529 minutes
Batch 3000 Loss:	20.140502717345953
Batch 3000 Time:	2.0134027361869813 minutes
Batch 1400 Loss:	18.82167175412178
Batch 1400 Time:	2.0683840910593667 minutes
Batch 3100 Loss:	4.15658697579056
Batch 3100 Time:	2.05462908744812 minutes
tes
Batch 1100 Loss:	29.3224423751235
Batch 1100 Time:	2.5399874130884807 minutes


Batch 2800 Loss:	17.969066504389048
Batch 2800 Time:	2.204637269179026 minutes
Batch 2800 Loss:	17.597625594586134
Batch 2800 Time:	2.205627457300822 minutes
Batch 19500 Loss:	0.42944009583152365
Batch 19500 Time:	2.685046072800954 minuteBatch 1500 Loss:	18.51608284190297
Batch 1500 Time:	2.0376097242037456 minutes
Batch 3200 Loss:	3.3578437174437568
Batch 3200 Time:	1.9897050420443216 minutes
Batch 3200 Loss:	6.436556364991702
Batch 3200 Time:	2.089492352803548 minutes
s
Batch 2900 Loss:	18.73977978900075
Batch 2900 Time:	2.1911422411600747 minutes
Batch 1200 Loss:	26.242571234703064
Batch 1200 Time:	2.5361862977345786 minutes
Batch 3200 Loss:	19.907362304627895
Batch 3200 Time:	2.0358518958091736 minutes
Batch 1600 Loss:	20.488558318465948
Batch 1600 Time:	2.0729836861292523 minutesBBatch 19600 Loss:	1.3448359029134735
Batch 19600 Time:	2.7218449274698893 minutes
Batch 3300 Loss:	5.374347718432546
Batch 3300 Time:	2.093544578552246 minutes
s
Batch 1600 Loss:	23.790352415293455
Batch 1600 Time:	2.169974684715271 minutes
Batch 3000 Loss:	16.178102303296328
Batch 3000 Time:	2.1632967710494997 minutes
Batch 3000 Loss:	15.37884659692645
Batch 3000 Time:	2.2288233677546185 minutes
Batch 1300 Loss:	25.52414359897375
Batch 1300 Time:	2.528336850802104 minutes


Batch 1800 Loss:	15.644370345398784
Batch 1800 Time:	2.047391720612844 minutes

Batch 3400 Loss:	4.348822517553344
Batch 3400 Time:	2.1093476096789043 minutes
es
ch 1700 Loss:	23.11625848710537
Batch 1700 Time:	2.170917518933614 minutes
Batch 3100 Loss:	15.68737324886024
Batch 3100 Time:	2.156073053677877 minutes
Batch 3400 Loss:	18.095114327967167
Batch 3400 Time:	2.06280091603597 minutes
Batch 3500 Loss:	2.7845957474783063
Batch 3500 Time:	2.0171294649442038 minutes
Batch 1400 Loss:	21.77617960423231
Batch 1400 Time:	2.6134442845980326 minutes

Batch 3500 Loss:	3.4175687171518803
Batch 3500 Time:	2.0654010574022927 minutes
Batch 1800 Loss:	22.741356406360865
Batch 1800 Time:	2.13934698899587 minutes
Batch 19800 Loss:	0.5958550294053566
Batch 19800 Time:	2.7062912662823995 minutBatch 3600 Loss:	3.0705788042396307
Batch 3600 Time:	1.9930599649747214 minutes
Batch 2000 Loss:	16.271504271775484
Batch 2000 Time:	2.0573201378186545 minutes
Batch 3600 Loss:	5.393308358732611
Batch 3600 Time:	2.0828460931777952 minutes

Batch 3600 Loss:	19.535324316471815
Batch 3600 Time:	2.0475077271461486 minutes
Batch 2000 Loss:	15.622173224575818
Batch 2000 Time:	2.051375905672709 minutes

Batch 3300 Loss:	14.342978617176414
Batch 3300 Time:	2.238058110078176 minutesBatch 19900 Loss:	0.3532526094950299
Batch 19900 Time:	2.7733248035113016 minutes
Batch 3700 Loss:	4.512602809350938
Batch 3700 Time:	2.0773412187894187 minutesBatch 1600 Loss:	22.251596584916115
Batch 1600 Time:	2.680272110303243 minutes
s
Batch 3800 Loss:	3.434323344146833
Batch 3800 Time:	2.0166643341382344 minutes
Batch 3400 Loss:	13.16723882779479
Batch 3400 Time:	2.226811941464742 minutes

Batch 2200 Loss:	15.010382960550487
Batch 2200 Time:	2.0438988248507184 minutes
Batch 3800 Loss:	4.5365487090311944
Batch 3800 Time:	2.111371461550395 minutes
Batch 3800 Loss:	14.888965994119644
Batch 3800 Time:	2.009157387415568 minutes
Batch 2100 Loss:	19.09219410084188
Batch 2100 Time:	2.138969679673513 minutes
Batch 3900 Loss:	4.559274229279254
Batch 3900 Time:	2.0065035422643027 minutes

Batch 1600 Loss:	24.25704312697053
Batch 1600 Time:	2.751658646265666 minutes

Batch 3500 Loss:	12.85183797031641
Batch 3500 Time:	2.2185680230458575 minutes

Batch 3900 Loss:	4.350878113182262
Batch 3900 Time:	2.083381350835164 minutes

Batch 3900 Loss:	18.240090895444155
Batch 3900 Time:	2.037658468882243 minutes
Batch 2300 Loss:	12.827353244647384
Batch 2300 Time:	2.0569488326708476 minutes
atch 3600 Loss:	12.398877758532763
Batch 3600 Time:	2.204721522331238 minutes
Batch 3900 Loss:	2.3488791724666953
Batch 3900 Time:	2.1181003928184508 minutes
Batch 2400 Loss:	15.28154426207766
Batch 2400 Time:	2.0627524495124816 minutes
Batch 1700 Loss:	22.07033085078001
Batch 1700 Time:	2.763767349720001 minutes


Batch 4000 Loss:	5.696709718671627
Batch 4000 Time:	2.0900734424591065 minutes
Batch 4000 Loss:	14.66184620000422
Batch 4000 Time:	2.0432679057121277 minutes
Batch 2400 Loss:	16.93061122484505
Batch 2400 Time:	2.080309490362803 minutes
BBatch 4000 Loss:	1.9804298783710692
Batch 4000 Time:	2.0860119899113974 minuteBatch 2500 Loss:	13.25095461588353
Batch 2500 Time:	2.0024931112925213 minutes
Batch 2500 Loss:	13.543632105924189
Batch 2500 Time:	2.0608332713445026 minutes
Batch 1900 Loss:	20.492401871830225
Batch 1900 Time:	2.612942870457967 minutes
Batch 2500 Loss:	13.356265710666776
Batch 2500 Time:	2.0695485909779867 minutes
Batch 2400 Loss:	18.691837090998888
Batch 2400 Time:	2.195224948724111 minutes
Batch 3800 Loss:	11.607219018042088
Batch 3800 Time:	2.1793838779131574 minutes
s pairs:
(351, 2)
Neg Pairs
(667590, 2)
Pos pairs:
(351, 2)
Neg Pairs
(667590, 2)
Batch 4200 Loss:	3.020694973063655
Batch 4200 Time:	2.0584659655888875 minutes
Batch 4200 Loss:	15.457310256548226
Batch 4200 Time:	2.0649733861287434 minutes
Batch 2000 Loss:	20.92559708468616
Batch 2000 Time:	2.6651801149050396 minutes

Batch 2500 Loss:	17.821993835270405
Batch 2500 Time:	2.1433133761088055 minutes
Batch 1900 Loss:	21.524769447743893
Batch 1900 Time:	2.7528847217559815 minutes
tch 3900 Loss:	10.626340672373772
Batch 3900 Time:	2.1981916666030883 minutes
Batch 4300 Loss:	3.5213316450244747
Batch 4300 Time:	2.0717827916145324 minutes
atch 4300 Loss:	13.870424108579755
Batch 4300 Time:	2.0259371399879456 minutes
Batch 2700 Loss:	12.418310793116689
Batch 2700 Time:	2.041718232631683 minutesBatch 2800 Loss:	12.609341520816088
Batch 2800 Time:	2.0392472624778746 minutes
Batch 2100 Loss:	22.52128109894693
Batch 2100 Time:	2.6737780570983887 minutes
Batch 4000 Loss:	11.163650590926409
Batch 4000 Time:	2.226546068986257 minutes
Batch 4400 Loss:	3.4549088298808783
Batch 4400 Time:	2.0818825403849286 minutes
atch 4400 Loss:	11.885202353820205
Batch 4400 Time:	2.028699199358622 minutes
Batch 2800 Loss:	13.362238914705813
Batch 2800 Time:	2.069542920589447 minutes

Batch 2900 Loss:	11.638490138575435
Batch 2900 Time:	2.0374789079030355 minutes
Batch 2700 Loss:	18.335903154686093
Batch 2700 Time:	2.159148975213369 minutes
Batch 4400 Loss:	2.08366368454881
Batch 4400 Time:	2.067606437206268 minutes
Batch 4100 Loss:	10.69219509139657
Batch 4100 Time:	2.193815839290619 minutes
Batch 2200 Loss:	17.81220860313624
Batch 2200 Time:	2.6035892764727273 minutes

Batch 4100 Loss:	9.421531740576029
Batch 4100 Time:	2.228394075234731 minutes

Batch 2900 Loss:	14.06001609750092
Batch 2900 Time:	2.0575711727142334 minutes

Batch 3000 Loss:	12.634101474657655
Batch 3000 Time:	2.0331873099009194 minutes
Batch 4500 Loss:	1.8816492534533609
Batch 4500 Time:	2.0862704157829284 minutes
Batch 4200 Loss:	10.287508832290769
Batch 4200 Time:	2.1686968485514324 minutes
Batch 3000 Loss:	12.154515353962779
Batch 3000 Time:	2.081820805867513 minutes
Batch 4700 Loss:	3.412707590148784
Batch 4700 Time:	2.015482811133067 minutes

Batch 3000 Loss:	12.915630156174302
Batch 3000 Time:	2.076315128803253 minutes
Batch 2200 Loss:	19.55302415601909
Batch 2200 Time:	2.7397703568140668 minutes
Batch 2900 Loss:	13.754349760711193
Batch 2900 Time:	2.185586949189504 minutes

Batch 4300 Loss:	10.238205067813396
Batch 4300 Time:	2.1430601358413695 minutes
Batch 3100 Loss:	12.550240449607372
Batch 3100 Time:	2.050200366973877 minutes
Batch 4800 Loss:	4.1201570654520765
Batch 4800 Time:	1.9886781652768453 minutesBBatch 2400 Loss:	19.44989810883999
Batch 2400 Time:	2.5942083994547525 minutes
tch 3200 Loss:	10.42385973315686
Batch 3200 Time:	2.040677030881246 minutes
Batch 4700 Loss:	1.52836242725607
Batch 4700 Time:	2.1095346013704934 minutes
Batch 3000 Loss:	15.102367329411209
Batch 3000 Time:	2.181292494138082 minutes
Batch 2300 Loss:	21.932097170501947
Batch 2300 Time:	2.764621949195862 minutes
atch 3200 Loss:	11.144027373753488
Batch 3200 Time:	2.067169102032979 minutes
Batch 4800 Loss:	3.0441613004077226
Batch 4800 Time:	2.1121868014335634 minutesBBatch 4400 Loss:	8.963302679359913
Batch 4400 Time:	2.221914486090342 minutes
Batch 2500 Loss:	18.908851799555123
Batch 2500 Time:	2.555820918083191 minutes
Batch 3100 Loss:	15.687774115242064
Batch 3100 Time:	2.180675955613454 minutes
Batch 4500 Loss:	10.935048040002584
Batch 4500 Time:	2.1743086258570354 minutes
Batch 4900 Loss:	2.181098891014699
Batch 4900 Time:	2.0863467693328857 minutes
Batch 4500 Loss:	8.328163816593587
Batch 4500 Time:	2.1965798139572144 minutes
atch 3400 Loss:	11.672694191336632
Batch 3400 Time:	2.0328206141789753 minutes
Batch 4900 Loss:	1.8074611293850467
Batch 4900 Time:	2.109744071960449 minutes
Batch 3200 Loss:	14.82172979041934
Batch 3200 Time:	2.175571620464325 minutes
Batch 2600 Loss:	16.38672728650272
Batch 2600 Time:	2.6204269925753274 minutes
Batch 4600 Loss:	9.220426900312304
Batch 4600 Time:	2.1885826587677 minutes
s
Batch 5000 Loss:	4.451592339668423
Batch 5000 Time:	2.109555486838023 minutes

Batch 4600 Loss:	9.91902524791658
Batch 4600 Time:	2.242700632413228 minutes


Batch 5000 Loss:	1.842080528556835
Batch 5000 Time:	2.1018707553545632 minutes
Batch 3300 Loss:	13.986434262245893
Batch 3300 Time:	2.156810935338338 minutes
Batch 5200 Loss:	2.9264630042016506
Batch 5200 Time:	2.0232663989067077 minutes
Batch 4700 Loss:	9.475026415660977
Batch 4700 Time:	2.1690495173136393 minutes
Batch 3500 Loss:	9.597705726511776
Batch 3500 Time:	2.0697410027186076 minutes
Batch 3600 Loss:	11.611163984518498
Batch 3600 Time:	2.0468563636144004 minutes
Batch 5100 Loss:	2.2986395488260314
Batch 5100 Time:	2.1055285612742107 minutes
Batch 2600 Loss:	17.306364003568888
Batch 2600 Time:	2.756156837940216 minutes

Batch 5200 Loss:	8.860684187151492
Batch 5200 Time:	2.029213599363963 minutes
Batch 5200 Loss:	2.64256165525876
Batch 5200 Time:	2.0562628944714865 minutesBatch 3600 Loss:	9.189634640701115
Batch 3600 Time:	2.071399982770284 minutes
s
Batch 4800 Loss:	8.453067479189485
Batch 4800 Time:	2.2228608171145123 minutes
Batch 5200 Loss:	2.5187964390206616
Batch 5200 Time:	2.1012630105018615 minutes
Batch 3700 Loss:	11.641475934069604
Batch 3700 Time:	2.0659070094426473 minutes
Batch 5300 Loss:	10.11628638021648
Batch 5300 Time:	2.024031058947245 minutes

Batch 2700 Loss:	17.109684949740767
Batch 2700 Time:	2.7656957228978474 minuteBatch 3700 Loss:	9.276533360593021
Batch 3700 Time:	2.0725697954495748 minutes

Batch 2900 Loss:	17.370887791737914
Batch 2900 Time:	2.6493207732836406 minutes
tch 5500 Loss:	2.687948735198006
Batch 5500 Time:	2.0065991163253782 minutes
Batch 3800 Loss:	8.918842147570103
Batch 3800 Time:	2.0812183618545532 minutes
Batch 3600 Loss:	13.68429275881499
Batch 3600 Time:	2.1668325344721477 minutes

Batch 3800 Loss:	9.599289898294955
Batch 3800 Time:	2.0484529892603556 minutes
Batch 3900 Loss:	11.087896360084414
Batch 3900 Time:	2.056531874338786 minutes
Batch 5000 Loss:	7.523273186292499
Batch 5000 Time:	2.1989850838979086 minutes
Batch 5400 Loss:	1.5938950469717383
Batch 5400 Time:	2.112355101108551 minutes
Batch 5600 Loss:	1.60829622449819
Batch 5600 Time:	2.018670360247294 minutes
Batch 3900 Loss:	9.939492973499
Batch 3900 Time:	2.0497365236282348 minutes
Batch 5500 Loss:	10.980428914539516
Batch 5500 Time:	2.062669579188029 minutes
Batch 5500 Loss:	2.607141955581028
Batch 5500 Time:	2.073245855172475 minutes

Batch 3900 Loss:	7.90485848672688
Batch 3900 Time:	2.073080670833588 minutes
s
Batch 4000 Loss:	10.36996927857399
Batch 4000 Time:	2.053009816010793 minutes
Batch 5100 Loss:	6.879042800981551
Batch 5100 Time:	2.1933670083681744 minutes
Batch 2900 Loss:	16.74210117943585
Batch 2900 Time:	2.770681556065877 minutes


Batch 5600 Loss:	1.9419577220687643
Batch 5600 Time:	2.10580815076828 minutes

Batch 3100 Loss:	17.355338821187615
Batch 3100 Time:	2.6274948557217916 minutes
Batch 5800 Loss:	2.0921591603546403
Batch 5800 Time:	2.0541415015856423 minutes
Batch 5200 Loss:	8.273342207074165
Batch 5200 Time:	2.2258310596148174 minutes
Batch 3000 Loss:	17.89445324614644
Batch 3000 Time:	2.7335540652275085 minutes

Batch 4100 Loss:	8.974528250284493
Batch 4100 Time:	2.047015142440796 minutes
Batch 5300 Loss:	8.675669942982495
Batch 5300 Time:	2.174775012334188 minutes
Batch 5900 Loss:	2.1147279663709924
Batch 5900 Time:	2.0363766392072042 minutes
Batch 5300 Loss:	7.981930707581341
Batch 5300 Time:	2.2322907010714212 minutes
Batch 5800 Loss:	3.7969078746973537
Batch 5800 Time:	2.0902254144350687 minutes
Batch 4200 Loss:	10.326802984811366
Batch 4200 Time:	2.0460585355758667 minutes
Batch 4300 Loss:	7.788396283052862
Batch 4300 Time:	2.0301971316337584 minutes
Batch 5400 Loss:	8.474925314541906
Batch 5400 Time:	2.162585437297821 minutes
Batch 3100 Loss:	19.04379523731768
Batch 3100 Time:	2.7444642146428424 minutes
Batch 5800 Loss:	0.7895644655218348
Batch 5800 Time:	2.091198945045471 minutes

Batch 3300 Loss:	15.897558367811143
Batch 3300 Time:	2.6617271900177 minutes
es
Batch 5900 Loss:	2.4461151622235775
Batch 5900 Time:	2.063371507326762 minutes
BBatch 4400 Loss:	9.259748167824
Batch 4400 Time:	2.0481931567192078 minutes

Batch 5500 Loss:	7.709964496549219
Batch 5500 Time:	2.1789937655131024 minutes
Batch 6100 Loss:	1.6478841283533257
Batch 6100 Time:	2.0293395121892295 minutes
Batch 3200 Loss:	13.993898204527795
Batch 3200 Time:	2.7379029790560403 minutes
atch 6000 Loss:	7.277539052069187
Batch 6000 Time:	2.0308026035626727 minutes
Batch 5500 Loss:	6.046638911124319
Batch 5500 Time:	2.229580593109131 minutes
Batch 3400 Loss:	14.869435822591186
Batch 3400 Time:	2.6482176224390668 minutes
Batch 5600 Loss:	7.392006024252623
Batch 5600 Time:	2.20757094224294 minutes
Batch 6200 Loss:	1.6332493529480416
Batch 6200 Time:	2.0425948977470396 minutes
Batch 6000 Loss:	2.2509239820064977
Batch 6000 Time:	2.075434374809265 minutes
Batch 6100 Loss:	7.4622415797784925
Batch 6100 Time:	2.0454318642616274 minutes
Batch 6100 Loss:	2.7425537714443635
Batch 6100 Time:	2.078870379924774 minutes
Batch 3300 Loss:	15.06713861785829
Batch 3300 Time:	2.827414158980052 minutes
s
Batch 3500 Loss:	15.998272922821343
Batch 3500 Time:	2.6521360437075296 minutes
Batch 6300 Loss:	1.9341278324718587
Batch 6300 Time:	2.022310737768809 minutes
Batch 6200 Loss:	7.531219962053001
Batch 6200 Time:	2.0284708658854167 minutes
Batch 4600 Loss:	8.697137259878218
Batch 4600 Time:	2.066521747907003 minutes
Batch 6200 Loss:	1.698391108919168
Batch 6200 Time:	2.0978326916694643 minutes
Batch 5700 Loss:	4.63912059715949
Batch 5700 Time:	2.224393065770467 minutes
s
Batch 4400 Loss:	13.521485168952495
Batch 4400 Time:	2.149472431341807 minutes
Batch 3600 Loss:	13.021528074983507
Batch 3600 Time:	2.60885409116745 minutes


Batch 4700 Loss:	10.372713186778128
Batch 4700 Time:	2.075097846984863 minutes
Batch 6300 Loss:	1.7371812322671758
Batch 6300 Time:	2.092304563522339 minutes
Batch 4800 Loss:	7.448300946969539
Batch 4800 Time:	2.02211887439092 minutes
s
Batch 5800 Loss:	6.120355991180986
Batch 5800 Time:	2.2506436308224997 minutes

Batch 6500 Loss:	2.0452025452977978
Batch 6500 Time:	2.01149316628774 minutes
Batch 5900 Loss:	7.231577819213271
Batch 5900 Time:	2.171269989013672 minutes
Batch 3500 Loss:	13.305886813439429
Batch 3500 Time:	2.7758193214734397 minutes
Batch 3700 Loss:	12.954482555389404
Batch 3700 Time:	2.5951549768447877 minutes
Batch 4800 Loss:	8.091836995445192
Batch 4800 Time:	2.07792223294576 minutes

Batch 5900 Loss:	5.098580189049244
Batch 5900 Time:	2.207719147205353 minutes
s
Batch 6600 Loss:	1.3515785718336701
Batch 6600 Time:	2.0008697589238484 minutes
Batch 6000 Loss:	7.050775909796357
Batch 6000 Time:	2.1711234887441 minutes
Batch 4900 Loss:	7.387694411445409
Batch 4900 Time:	2.046913961569468 minutes

Batch 6500 Loss:	2.7172470443474595
Batch 6500 Time:	2.058056406180064 minutes
Batch 3600 Loss:	17.427366122137755
Batch 3600 Time:	2.8130982955296835 minuteBaBatch 6000 Loss:	7.100123410578817
Batch 6000 Time:	2.226029018561045 minutes
atch 6700 Loss:	1.5908504835679196
Batch 6700 Time:	1.98765975634257 minutes
Batch 6100 Loss:	6.715436433441937
Batch 6100 Time:	2.2128950556119285 minutesBatch 6500 Loss:	1.3850996591354487
Batch 6500 Time:	2.0910129626592 minutes

Batch 6600 Loss:	2.7194547606050037
Batch 6600 Time:	2.1068565527598064 minutes
Batch 5000 Loss:	7.1065475777722895
Batch 5000 Time:	2.052518924077352 minutes
Batch 3900 Loss:	11.41019833413884
Batch 3900 Time:	2.6244257132212323 minutes

Batch 3700 Loss:	16.625494454056025
Batch 3700 Time:	2.7822465976079305 minutes
Batch 6700 Loss:	6.073202427942306
Batch 6700 Time:	2.04752539396286 minutes
Batch 6600 Loss:	1.7831737266242271
Batch 6600 Time:	2.127059193452199 minuteBatch 6200 Loss:	6.545920379459858
Batch 6200 Time:	2.190015506744385 minutes
Batch 5200 Loss:	7.738264898187481
Batch 5200 Time:	2.029008078575134 minutes

Batch 5100 Loss:	7.544170019682497
Batch 5100 Time:	2.091592013835907 minutes
Batch 4900 Loss:	12.884491374250501
Batch 4900 Time:	2.183503313859304 minutes

Batch 4000 Loss:	12.864196258597076
Batch 4000 Time:	2.6048818031946817 minutes
atch 5200 Loss:	7.764492988819256
Batch 5200 Time:	2.089149566491445 minutes
Batch 3800 Loss:	13.635854570195079
Batch 3800 Time:	2.7938705682754517 minutes
ch 6300 Loss:	6.398240261245519
Batch 6300 Time:	2.194541378815969 minutes
Batch 6800 Loss:	2.245849761820864
Batch 6800 Time:	2.069571642080943 minutes
Batch 5200 Loss:	6.865487300790846
Batch 5200 Time:	2.088030290603638 minutes
Batch 7000 Loss:	1.6010890349862166
Batch 7000 Time:	2.004086172580719 minutes
Batch 5000 Loss:	12.705554669490084
Batch 5000 Time:	2.1628520369529722 minutes
Batch 6300 Loss:	4.8041501140687615
Batch 6300 Time:	2.2169225732485454 minutes
tch 5300 Loss:	8.570702891098335
Batch 5300 Time:	2.055177462100983 minutes
Batch 6800 Loss:	1.3487232947954908
Batch 6800 Time:	2.102186381816864 minutes
Batch 4100 Loss:	13.988040447235107
Batch 4100 Time:	2.638963353633881 minutes
Batch 6900 Loss:	1.5654224383179098
Batch 6900 Time:	2.0997596184412637 minutes
Batch 3900 Loss:	12.485330536961555
Batch 3900 Time:	2.774822254975637 minuteBatch 7100 Loss:	1.9466941111604683
Batch 7100 Time:	2.0138815085093182 minutes
Batch 5100 Loss:	11.378936404362321
Batch 5100 Time:	2.1369415720303855 minutes
Batch 6400 Loss:	5.237721584038809
Batch 6400 Time:	2.221363850434621 minutes

Batch 5400 Loss:	7.5054792512673885
Batch 5400 Time:	2.065007754166921 minutes
Batch 6900 Loss:	1.3650043512461707
Batch 6900 Time:	2.1197855869928994 minutes
Batch 6500 Loss:	6.464344589971006
Batch 6500 Time:	2.1927688757578534 minutes
Batch 5500 Loss:	6.966032828204334
Batch 5500 Time:	2.0441182295481366 minutes
Batch 7000 Loss:	1.6112088159425184
Batch 7000 Time:	2.097834753990173 minutes
Batch 4200 Loss:	15.609795428346843
Batch 4200 Time:	2.634616434574127 minutes
atch 7200 Loss:	2.169832950050477
Batch 7200 Time:	1.9987661202748617 minutes
Batch 4000 Loss:	14.33778252825141
Batch 4000 Time:	2.797276794910431 minutes

Batch 6500 Loss:	4.3614399852231145
Batch 6500 Time:	2.2284723917643228 minutes
atch 5500 Loss:	7.70280234515667
Batch 5500 Time:	2.05125793615977 minutes
Batch 7000 Loss:	1.1460876424971502
Batch 7000 Time:	2.075706899166107 minutes
Batch 6600 Loss:	6.41411214042455
Batch 6600 Time:	2.1852482000986737 minutes

Batch 7100 Loss:	1.0753578934454708
Batch 7100 Time:	2.045583951473236 minutes
Batch 5500 Loss:	5.929987373529002
Batch 5500 Time:	2.0735220273335773 minutes
Batch 7300 Loss:	2.2091621587751433
Batch 7300 Time:	2.0071448644002277 minutes
Batch 4300 Loss:	18.765710804611444
Batch 4300 Time:	2.610133159160614 minutes
Batch 7200 Loss:	5.706194288562983
Batch 7200 Time:	2.0421910405159 minutes
Batch 5600 Loss:	7.257507683709264
Batch 5600 Time:	2.0544747948646545 minutes
Batch 4100 Loss:	15.719990054145455
Batch 4100 Time:	2.7845028042793274 minutes
ch 5700 Loss:	8.038825914263725
Batch 5700 Time:	2.0401061534881593 minutes
Batch 7200 Loss:	1.250693982176017
Batch 7200 Time:	2.0892359455426535 minutes
atch 5600 Loss:	7.9703843297902495
Batch 5600 Time:	2.06216322183609 minutes
Batch 7400 Loss:	1.6190289489895804
Batch 7400 Time:	2.0078118602434794 minutes
Batch 7300 Loss:	5.854767328826711
Batch 7300 Time:	2.0539952437082927 minutes

Batch 4400 Loss:	13.642943419516087
Batch 4400 Time:	2.6421733856201173 minutesBatch 6700 Loss:	4.161799861583859
Batch 6700 Time:	2.2218521436055503 minutes
Batch 5800 Loss:	8.658722821390256
Batch 5800 Time:	2.03749657869339 minutes
Batch 7300 Loss:	1.6482786140113603
Batch 7300 Time:	2.094058096408844 minutes
Batch 4200 Loss:	15.018120052758604
Batch 4200 Time:	2.744340439637502 minutes
Batch 7500 Loss:	0.994958262948785
Batch 7500 Time:	2.0012309432029722 minutes
Batch 5500 Loss:	10.38047854648903
Batch 5500 Time:	2.143456776936849 minutes

Batch 5800 Loss:	5.824442642042413
Batch 5800 Time:	2.070717759927114 minutes
Batch 6800 Loss:	3.997309182304889
Batch 6800 Time:	2.2212340235710144 minutes
Batch 4500 Loss:	13.894111207686365
Batch 4500 Time:	2.5964012066523234 minuteBatch 7400 Loss:	1.66423428140115
Batch 7400 Time:	2.0975911974906922 minutes
s
Batch 4300 Loss:	14.507321507669985
Batch 4300 Time:	2.7780938069025676 minutBatch 5900 Loss:	5.254636731813662
Batch 5900 Time:	2.048184351126353 minutes
s
Batch 6000 Loss:	6.507659868919291
Batch 6000 Time:	2.0284450173377992 minutes

Batch 7500 Loss:	1.295439402863849
Batch 7500 Time:	2.1098328749338786 minutes

Batch 4600 Loss:	14.985853492282331
Batch 4600 Time:	2.623770797252655 minutes
Batch 7600 Loss:	4.519573028665036
Batch 7600 Time:	2.0501484990119936 minutes
Batch 5700 Loss:	9.504865399096161
Batch 5700 Time:	2.1429596463839213 minutes
Batch 4400 Loss:	11.755539276637137
Batch 4400 Time:	2.718496553103129 minutes
Batch 7600 Loss:	1.798694071789214
Batch 7600 Time:	2.0812445640563966 minutes
Batch 7100 Loss:	4.404158784542233
Batch 7100 Time:	2.1890799005826316 minutes
Batch 4700 Loss:	14.182921732775867
Batch 4700 Time:	2.624024776617686 minutes
Batch 6100 Loss:	6.691834481898695
Batch 6100 Time:	2.0597073674201964 minutes
Batch 5800 Loss:	8.192240766715258
Batch 5800 Time:	2.156863530476888 minutes
Batch 7600 Loss:	0.4661012727301568
Batch 7600 Time:	2.1082435250282288 minutes
Batch 4500 Loss:	12.24688617605716
Batch 4500 Time:	2.7691622575124106 minutes

atch 7200 Loss:	5.881020764820278
Batch 7200 Time:	2.164085610707601 minutes
Batch 7800 Loss:	5.464073337614536
Batch 7800 Time:	2.0440137505531313 minutes
Batch 4800 Loss:	12.00189868081361
Batch 4800 Time:	2.610090212027232 minutes

Batch 5900 Loss:	11.830725717358291
Batch 5900 Time:	2.1483564615249633 minutes
Batch 6300 Loss:	7.680793461739086
Batch 6300 Time:	2.0266740481058756 minutes
Batch 7700 Loss:	0.6248924194660503
Batch 7700 Time:	2.1002517024676006 minutes
Batch 8000 Loss:	1.2655213970283512
Batch 8000 Time:	2.013766082127889 minutes
Batch 7200 Loss:	3.63164443615824
Batch 7200 Time:	2.209627910455068 minutes
s
Batch 4600 Loss:	15.548798961564898
Batch 4600 Time:	2.7601991097132363 minutesBatch 6300 Loss:	6.857809067470953
Batch 6300 Time:	2.039387607574463 minutes
Batch 6000 Loss:	10.74071821803227
Batch 6000 Time:	2.188154451052348 minutes
Batch 7800 Loss:	0.9842004627571441
Batch 7800 Time:	2.125421714782715 minutes
Batch 4900 Loss:	16.865419775247574
Batch 4900 Time:	2.6258518576622008 minuteBaBatch 7300 Loss:	4.347239695023745
Batch 7300 Time:	2.2241557518641155 minutes
tch 7400 Loss:	4.884037330397405
Batch 7400 Time:	2.1948009014129637 minutes
Batch 8000 Loss:	5.451150504872203
Batch 8000 Time:	2.027239255110423 minutes
Batch 6400 Loss:	6.197927476838231
Batch 6400 Time:	2.071917351086934 minutes
Batch 4700 Loss:	11.866867296397686
Batch 4700 Time:	2.7594855626424155 minutes
tch 6100 Loss:	11.707298353780061
Batch 6100 Time:	2.1607660253842673 minutes
Batch 7900 Loss:	1.0467622054857202
Batch 7900 Time:	2.110822327931722 minutes
Batch 8200 Loss:	1.7181936473061796
Batch 8200 Time:	2.000795825322469 minutes
Batch 7400 Loss:	4.014260834548622
Batch 7400 Time:	2.225675900777181 minutes
s
Batch 8100 Loss:	4.759830317692831
Batch 8100 Time:	2.0622815410296123 minutes

Batch 6500 Loss:	5.443473529536277
Batch 6500 Time:	2.075716765721639 minutes
Batch 6600 Loss:	7.012899997876957
Batch 6600 Time:	2.040899316469828 minutes
Batch 6200 Loss:	12.237898045917973
Batch 6200 Time:	2.14810270468394 minutes
Batch 8300 Loss:	1.264977129350882
Batch 8300 Time:	1.9954567193984984 minutes
Batch 8100 Loss:	1.4756861188216135
Batch 8100 Time:	2.0761744300524394 minutes
Batch 5100 Loss:	10.906316933222115
Batch 5100 Time:	2.577550665537516 minutes
Batch 6600 Loss:	7.373074721777812
Batch 6600 Time:	2.075533433755239 minutes
Batch 6700 Loss:	6.208787569776177
Batch 6700 Time:	2.0326425790786744 minutes
Batch 8100 Loss:	1.3622193725022953
Batch 8100 Time:	2.080622653166453 minutes
Batch 8200 Loss:	1.3924966509221122
Batch 8200 Time:	2.088325822353363 minutes
Batch 7600 Loss:	3.031340913148597
Batch 7600 Time:	2.238536318143209 minutes

atch 7700 Loss:	4.826509064994752
Batch 7700 Time:	2.199993669986725 minutes
Batch 6700 Loss:	6.595865797018632
Batch 6700 Time:	2.0727949221928914 minutes
Batch 5200 Loss:	13.400509203318506
Batch 5200 Time:	2.5868789990743 minutes
s
Batch 8500 Loss:	1.1360822267015465
Batch 8500 Time:	2.0033708731333415 minutes
Batch 6400 Loss:	11.03748520417139
Batch 6400 Time:	2.1700602332750956 minutes

Batch 8300 Loss:	1.3109185731445905
Batch 8300 Time:	2.082774897416433 minutes

Batch 7700 Loss:	3.021316817495972
Batch 7700 Time:	2.1928280035654706 minutes
Batch 6800 Loss:	5.503409089520574
Batch 6800 Time:	2.080718950430552 minutes
Batch 5000 Loss:	11.421891299076378
Batch 5000 Time:	2.703078603744507 minutes
atch 8600 Loss:	1.1196221972058993
Batch 8600 Time:	2.0081700722376508 minutes
Batch 5300 Loss:	11.845934774260968
Batch 5300 Time:	2.5598225434621176 minutes
atch 6500 Loss:	9.763084543403238
Batch 6500 Time:	2.164618142445882 minutes
Batch 8400 Loss:	1.5649252075818367
Batch 8400 Time:	2.0965221405029295 minutes
Batch 8500 Loss:	3.7377770147286355
Batch 8500 Time:	2.0349446217219036 minutes
Batch 7800 Loss:	2.8504249417455867
Batch 7800 Time:	2.2053261915842692 minutes
tch 7000 Loss:	7.487752791726962
Batch 7000 Time:	2.0402365565299987 minutes
Batch 8700 Loss:	1.0771479119430296
Batch 8700 Time:	1.9984460751215616 minutes
Batch 5100 Loss:	12.610237384214997
Batch 5100 Time:	2.7044102509816486 minutesBatch 6900 Loss:	4.883049688185565
Batch 6900 Time:	2.0485775192578632 minutes
Batch 5400 Loss:	12.064248994924128
Batch 5400 Time:	2.599814061323802 minutes
Batch 8600 Loss:	5.837790617253631
Batch 8600 Time:	2.062235403060913 minutes
Batch 7900 Loss:	3.3121320290956646
Batch 7900 Time:	2.2097524563471476 minutes
tch 8800 Loss:	0.7052214934083167
Batch 8800 Time:	2.009812088807424 minutes
Batch 8500 Loss:	0.38718701113248244
Batch 8500 Time:	2.0901568651199343 minutes
Batch 8600 Loss:	1.3041254832205595
Batch 8600 Time:	2.064902373154958 minutesBBatch 5500 Loss:	11.994729908881709
Batch 5500 Time:	2.565824866294861 minutes
Batch 7200 Loss:	6.248757712775841
Batch 7200 Time:	2.0527230302492776 minutes
Batch 8000 Loss:	3.053104341495782
Batch 8000 Time:	2.223650697867076 minutes

Batch 8100 Loss:	3.978225379018113
Batch 8100 Time:	2.186102044582367 minutes
Batch 8600 Loss:	0.6346584447746864
Batch 8600 Time:	2.1256939291954042 minutes
Batch 8700 Loss:	1.4475560290302383
Batch 8700 Time:	2.064096200466156 minutes

Batch 8800 Loss:	5.426895673852414
Batch 8800 Time:	2.0385103623072305 minutes
Batch 5600 Loss:	12.067730270791799
Batch 5600 Time:	2.5736452261606853 minutesBatch 8100 Loss:	3.958132533938624
Batch 8100 Time:	2.2049657066663104 minutes
Batch 8200 Loss:	4.586882257368416
Batch 8200 Time:	2.171409515539805 minutes
Batch 8700 Loss:	0.41189975140150636
Batch 8700 Time:	2.087935443719228 minutes
Batch 8800 Loss:	1.8355075193394441
Batch 8800 Time:	2.091181763013204 minutes
Batch 8900 Loss:	4.441565487999469
Batch 8900 Time:	2.0577622294425963 minutes
Batch 7400 Loss:	6.603096869715955
Batch 7400 Time:	2.0634963075319925 minutes
Batch 9100 Loss:	0.7577674873464275
Batch 9100 Time:	1.9900180419286093 minutes
Batch 5400 Loss:	12.192452025134116
Batch 5400 Time:	2.698868179321289 minutes
Batch 7300 Loss:	7.2209222939563915
Batch 7300 Time:	2.0470144510269166 minutes

Batch 8900 Loss:	0.870606189899263
Batch 8900 Time:	2.0746750354766847 minutes
Batch 9000 Loss:	4.431779652368277
Batch 9000 Time:	2.052647896607717 minutes
Batch 9200 Loss:	0.8343108705594204
Batch 9200 Time:	1.9912042578061422 minutes
Batch 8300 Loss:	3.563595611252822
Batch 8300 Time:	2.2038524945576987 minutes

Batch 7400 Loss:	6.0273718984099105
Batch 7400 Time:	2.0467417359352114 minutesBatch 5500 Loss:	13.169621659908444
Batch 5500 Time:	2.665666174888611 minutes
tch 9100 Loss:	3.88570473738946
Batch 9100 Time:	2.050435741742452 minutes
Batch 7500 Loss:	6.273683019244345
Batch 7500 Time:	2.0509345889091493 minutes

Batch 8400 Loss:	3.5712483446113765
Batch 8400 Time:	2.2131036718686423 minutesBatch 7500 Loss:	8.40122675121529
Batch 7500 Time:	2.069927680492401 minutes
tes
Batch 9100 Loss:	0.9916261290636612
Batch 9100 Time:	2.073130178451538 minutes
Batch 5900 Loss:	10.799411680549383
Batch 5900 Time:	2.5975812633832294 minuteBatch 5600 Loss:	11.711984689813107
Batch 5600 Time:	2.671578013896942 minutes
Batch 7600 Loss:	6.107858627859969
Batch 7600 Time:	2.072551377614339 minutes


Batch 9200 Loss:	0.5202026984043187
Batch 9200 Time:	2.0641353805859883 minutes
Batch 9300 Loss:	3.3711742884479463
Batch 9300 Time:	2.0301442583402 minutes
es
Batch 7700 Loss:	4.404058446525596
Batch 7700 Time:	2.0640907128651937 minutes

Batch 5700 Loss:	10.294358351733536
Batch 5700 Time:	2.7277576208114622 minutes
Batch 8600 Loss:	4.441703355754726
Batch 8600 Time:	2.228601316610972 minutes
sBatch 9300 Loss:	0.9465529556036927
Batch 9300 Time:	2.052246928215027 minutes
Batch 9400 Loss:	4.182447417406365
Batch 9400 Time:	2.0495222369829813 minutes
Batch 7400 Loss:	8.922281621955335
Batch 7400 Time:	2.1871213277180988 minutes
Batch 7900 Loss:	6.028556059347466
Batch 7900 Time:	2.001032880942027 minutes
s
Batch 7800 Loss:	5.605816653347574
Batch 7800 Time:	2.068906756242116 minutes
Batch 7800 Loss:	6.720598170417361
Batch 7800 Time:	2.0652881224950153 minutes
BBatch 8700 Loss:	3.574009566800669
Batch 8700 Time:	2.2316774487495423 minutes
Batch 9500 Loss:	4.049699776107445
Batch 9500 Time:	2.0199297348658245 minutes
Batch 7500 Loss:	9.74045022437349
Batch 7500 Time:	2.15342755317688 minutes
Batch 8000 Loss:	5.014422707026824
Batch 8000 Time:	2.0321609497070314 minutes
Batch 7900 Loss:	4.109018340794137
Batch 7900 Time:	2.0732404748598734 minutes
Batch 7900 Loss:	5.503519210848026
Batch 7900 Time:	2.051670761903127 minutes
es
Batch 6200 Loss:	12.707051628269255
Batch 6200 Time:	2.661148460706075 minutes

Batch 8900 Loss:	3.019127600477077
Batch 8900 Time:	2.1941218733787538 minutes
Batch 8800 Loss:	2.7979960520169698
Batch 8800 Time:	2.222589409351349 minutes
Batch 5900 Loss:	10.851898329914548
Batch 5900 Time:	2.7307204882303875 minutes
Batch 8100 Loss:	5.371395976631902
Batch 8100 Time:	2.0444494247436524 minutes
Batch 8000 Loss:	6.993908911477774
Batch 8000 Time:	2.073038601875305 minutes
Batch 8000 Loss:	7.099115882185288
Batch 8000 Time:	2.0739648938179016 minutes
Batch 9600 Loss:	0.6851730824855622
Batch 9600 Time:	2.0612231850624085 minutes
Batch 9700 Loss:	4.999392121098936
Batch 9700 Time:	2.0718146999677023 minutes
Batch 6300 Loss:	13.007024887017906
Batch 6300 Time:	2.5761115153630576 minutes
atch 7700 Loss:	8.727696740534157
Batch 7700 Time:	2.160350243250529 minutes

Batch 8100 Loss:	4.858755254012067
Batch 8100 Time:	2.07210609515508 minutes
Batch 6000 Loss:	10.983605351299047
Batch 6000 Time:	2.720511265595754 minutes
Batch 8100 Loss:	6.261856116587296
Batch 8100 Time:	2.0639859875043234 minutes

Batch 9700 Loss:	0.3696663400478428
Batch 9700 Time:	2.0839056293169658 minutes
Batch 9100 Loss:	3.5675155938370153
Batch 9100 Time:	2.1890379389127097 minutes
Batch 9000 Loss:	4.572014885488898
Batch 9000 Time:	2.2451881647109984 minutes
es
Batch 8300 Loss:	4.761284801876172
Batch 8300 Time:	2.0441739757855735 minutes
Batch 8200 Loss:	5.796170328787412
Batch 8200 Time:	2.0193599025408426 minutes
Batch 6400 Loss:	11.254070408060215
Batch 6400 Time:	2.61074804464976 minutes
Batch 6100 Loss:	11.190659808227792
Batch 6100 Time:	2.691151563326518 minutes
Batch 9800 Loss:	1.4785222682112362
Batch 9800 Time:	2.1173951307932537 minutes
Batch 9900 Loss:	4.106028294423595
Batch 9900 Time:	2.023629728953044 minutes
Batch 9200 Loss:	3.5456032749498263
Batch 9200 Time:	2.194968815644582 minutes
Batch 10100 Loss:	1.077493756514741
Batch 10100 Time:	2.0423824151357013 minutes
Batch 9100 Loss:	2.846305803861469
Batch 9100 Time:	2.2358651359876 minutes
es
Batch 8300 Loss:	5.608789430232719
Batch 8300 Time:	2.073284562428792 minutes


Batch 9900 Loss:	0.42302060085057747
Batch 9900 Time:	2.0660734017690023 minutes
Batch 10000 Loss:	3.6648126520449296
Batch 10000 Time:	2.052073641618093 minutes
Batch 6200 Loss:	9.852603520732373
Batch 6200 Time:	2.684772253036499 minutes
s

Batch 9200 Loss:	2.4977352652931586
Batch 9200 Time:	2.219096314907074 minutes
Batch 8000 Loss:	9.763250870164484
Batch 8000 Time:	2.1753398060798643 minutes
Batch 8400 Loss:	6.289662640425377
Batch 8400 Time:	2.0848642190297446 minutes

Batch 6600 Loss:	17.83271455205977
Batch 6600 Time:	2.581382381916046 minutes
tes
Batch 10100 Loss:	3.6999066662974656
Batch 10100 Time:	2.053918508688609 minutes
Batch 10300 Loss:	0.4940497821808094
Batch 10300 Time:	2.021008137861888 minutes
Batch 8600 Loss:	5.953224578814115
Batch 8600 Time:	2.049476762612661 minutes
Batch 8500 Loss:	5.773823048220947
Batch 8500 Time:	2.106430224577586 minutes
Batch 6300 Loss:	9.797771119512618
Batch 6300 Time:	2.730675184726715 minutes
s
Batch 8500 Loss:	5.7016809392371215
Batch 8500 Time:	2.0543792963027956 minutes
s
Batch 10200 Loss:	3.555367607390508
Batch 10200 Time:	2.0315744479497275 minutes
Batch 10400 Loss:	0.4773835374217015
Batch 10400 Time:	2.014354356129964 minutes
Batch 6700 Loss:	9.642810695106164
Batch 6700 Time:	2.5726038297017415 minutes
Batch 8600 Loss:	4.992408039746806
Batch 8600 Time:	2.0901985009511312 minutes
Batch 9400 Loss:	2.666161334491335
Batch 9400 Time:	2.20359214146932 minutes
s
Batch 8600 Loss:	6.174463297473267
Batch 8600 Time:	2.1068652788798015 minutes

s
Batch 10200 Loss:	0.9591910007366096
Batch 10200 Time:	2.077164097627004 minutes
Batch 10500 Loss:	0.5969838460587198
Batch 10500 Time:	2.018824028968811 minutes
Batch 8800 Loss:	5.897139842010802
Batch 8800 Time:	2.033330527941386 minutes

Batch 9500 Loss:	2.969128776108846
Batch 9500 Time:	2.2178279399871825 minutes
Batch 8700 Loss:	5.352268385118805
Batch 8700 Time:	2.0725120186805723 minutes



Batch 6500 Loss:	9.293090725084767
Batch 6500 Time:	2.7005936900774636 minutes
es
Batch 8900 Loss:	5.504756076843478
Batch 8900 Time:	2.0499647577603657 minutes
Batch 9700 Loss:	3.0149847506545484
Batch 9700 Time:	2.204923196633657 minutes
Batch 9600 Loss:	3.722076109610498
Batch 9600 Time:	2.2008569796880084 minutes
Batch 8800 Loss:	4.579733327962458
Batch 8800 Time:	2.0603023012479147 minutes
eBatch 10400 Loss:	0.8932152985871653
Batch 10400 Time:	2.065011429786682 minutes
Batch 10700 Loss:	0.60187181828951
Batch 10700 Time:	2.042751995722453 minutes
Batch 6600 Loss:	8.998944385442883
Batch 6600 Time:	2.697255233923594 minutes

Batch 9800 Loss:	4.725508364150301
Batch 9800 Time:	2.183547306060791 minutes
Batch 8500 Loss:	9.491455721436068
Batch 8500 Time:	2.1672086636225383 minutes
Batch 8900 Loss:	4.724279189715162
Batch 8900 Time:	2.064728569984436 minutes
tes
Batch 7000 Loss:	10.570306525565684
Batch 7000 Time:	2.5984409928321837 minutes

Batch 10800 Loss:	0.6752160091418773
Batch 10800 Time:	2.04920015335083 minutes
Batch 9100 Loss:	4.749789198744111
Batch 9100 Time:	2.0410710334777833 minutes
Batch 9000 Loss:	4.879143877420574
Batch 9000 Time:	2.1063546657562258 minutes
Batch 9900 Loss:	3.756725904531777
Batch 9900 Time:	2.1727081060409548 minutes
Batch 6700 Loss:	8.56930506695062
Batch 6700 Time:	2.7194246729214986 minutes

Batch 9800 Loss:	2.466778282308951
Batch 9800 Time:	2.23186620871226 minutes
s

Batch 10900 Loss:	0.7168504195433343
Batch 10900 Time:	2.0118125557899473 minutes
Batch 7100 Loss:	8.99219199642539
Batch 7100 Time:	2.6148497502009076 minutes

Batch 9100 Loss:	4.900689222966321
Batch 9100 Time:	2.08616859515508 minutes
Batch 10000 Loss:	3.4118400862207636
Batch 10000 Time:	2.2335532108942666 minutes
Batch 8700 Loss:	7.82873799209483
Batch 8700 Time:	2.135223396619161 minutes
Batch 9900 Loss:	2.3060152693651617
Batch 9900 Time:	2.2079684336980185 minutes
Batch 6800 Loss:	10.32344773830846
Batch 6800 Time:	2.6718976815541584 minutes
s
s
Batch 9300 Loss:	3.536685825441964
Batch 9300 Time:	2.057558023929596 minutes
Batch 9200 Loss:	5.611990485107526
Batch 9200 Time:	2.078453254699707 minutes
Batch 7200 Loss:	10.277740252087824
Batch 7200 Time:	2.587945512930552 minutes
es
Batch 8800 Loss:	7.857526625157334
Batch 8800 Time:	2.148178283373515 minutes
Batch 9200 Loss:	5.113828575151274
Batch 9200 Time:	2.0766265670458477 minutes
es
Batch 10000 Loss:	2.053852678160183
Batch 10000 Time:	2.2334661881128945 minutes

Batch 10700 Loss:	0.39492790613439865
Batch 10700 Time:	2.087260631720225 minutes
Batch 6900 Loss:	9.293123736046255
Batch 6900 Time:	2.722902754942576 minutes
Batch 9300 Loss:	4.51205693394877
Batch 9300 Time:	2.0977400104204813 minutes
Batch 7300 Loss:	8.444059907458723
Batch 7300 Time:	2.605264600118001 minutes
es
Batch 9300 Loss:	5.147178094135597
Batch 9300 Time:	2.0665003299713134 minutes
atch 11000 Loss:	3.226763427373953
Batch 11000 Time:	2.031487774848938 minutes
Batch 11200 Loss:	0.9235483136872062
Batch 11200 Time:	2.014802853266398 minutes
Batch 10100 Loss:	2.5964134635869414
Batch 10100 Time:	2.2141616463661196 minutes
Batch 9500 Loss:	4.827004159276839
Batch 9500 Time:	2.0178518533706664 minutes
Batch 9400 Loss:	5.653282214741921
Batch 9400 Time:	2.066460367043813 minutes
Batch 7000 Loss:	9.57086881203577
Batch 7000 Time:	2.70938542286555 minutes
nutes
Batch 9000 Loss:	7.23385955626145
Batch 9000 Time:	2.139798843860626 minutes
utes
Batch 11300 Loss:	0.22977170665399171
Batch 11300 Time:	2.0248495022455852 minutes
Batch 7400 Loss:	9.729244995862246
Batch 7400 Time:	2.596129604180654 minutes
es
Batch 10900 Loss:	2.395085370822926
Batch 10900 Time:	2.093606992562612 minutes
Batch 10200 Loss:	1.9614716632058844
Batch 10200 Time:	2.216418747107188 minutes
Batch 9500 Loss:	4.718819637171691
Batch 9500 Time:	2.0648515860239667 minutes
Batch 9500 Loss:	3.6709140076418407
Batch 9500 Time:	2.0960220297177634 minutes
s
Batch 11400 Loss:	0.4103194092094782
Batch 11400 Time:	1.9995296637217204 minutBatch 7100 Loss:	10.257407065713778
Batch 7100 Time:	2.7386183102925616 minutes
tes
Batch 9700 Loss:	3.6228261404903606
Batch 9700 Time:	2.0437861601511638 minutes

Batch 7500 Loss:	7.8747524751815945
Batch 7500 Time:	2.5796040654182435 minutes

Batch 9600 Loss:	6.505396379157901
Batch 9600 Time:	2.0802422841389974 minutes
Batch 9600 Loss:	5.223863682418596
Batch 9600 Time:	2.062564965089162 minutes
es
Batch 10500 Loss:	2.2154644089750946
Batch 10500 Time:	2.1802226503690085 minutes
Batch 9200 Loss:	7.691457223612815
Batch 9200 Time:	2.164009443918864 minutes
Batch 11200 Loss:	0.7867137934299535
Batch 11200 Time:	2.073515244325002 minutes
Batch 9800 Loss:	5.132184187008534
Batch 9800 Time:	2.017828178405762 minutes
es
Batch 7200 Loss:	11.27450509974733
Batch 7200 Time:	2.716759232680003 minutes


Batch 7600 Loss:	9.675960718188435
Batch 7600 Time:	2.581600721677144 minutes
Batch 9700 Loss:	5.147959198919125
Batch 9700 Time:	2.0647464871406553 minutes

Batch 11600 Loss:	0.6625194798834855
Batch 11600 Time:	2.0324472069740294 minutes
Batch 10600 Loss:	1.8125323915155604
Batch 10600 Time:	2.163634252548218 minutes
Batch 11300 Loss:	1.3174772092024796
Batch 11300 Time:	2.08639901081721 minuteBatch 9900 Loss:	5.707029075652827
Batch 9900 Time:	2.0449942350387573 minutes
utes
Batch 10500 Loss:	3.4665289619588293
Batch 10500 Time:	2.218096339702606 minutes
Batch 7700 Loss:	10.315753427799791
Batch 7700 Time:	2.5904119690259297 minutes
s
Batch 11700 Loss:	0.7083923649333883
Batch 11700 Time:	2.030624322096507 minutes
Batch 10000 Loss:	5.615268959430978
Batch 10000 Time:	2.0314267953236897 minutes
Batch 9400 Loss:	7.651523972075665
Batch 9400 Time:	2.1987096031506854 minutes
es
Batch 11300 Loss:	0.8318964046775363
Batch 11300 Time:	2.080842737356822 minutes
Batch 10600 Loss:	2.4975945375626907
Batch 10600 Time:	2.2205141385396323 minutes
Batch 11600 Loss:	3.50071814423427
Batch 11600 Time:	2.058117731412252 minutes
Batch 9900 Loss:	6.393693180871196
Batch 9900 Time:	2.0616773049036663 minutes
es
Batch 7800 Loss:	10.867756707360968
Batch 7800 Time:	2.5824286063512165 minutes
Batch 11400 Loss:	0.6591103423124878
Batch 11400 Time:	2.109536890188853 minutes
Batch 10700 Loss:	1.594230659015011
Batch 10700 Time:	2.2487897555033367 minutes

Batch 11900 Loss:	0.5242901789169991
Batch 11900 Time:	2.0367824912071226 minutesBatch 10000 Loss:	4.79490214946054
Batch 10000 Time:	2.073964508374532 minutes
Batch 10200 Loss:	6.104396522336174
Batch 10200 Time:	2.0284713983535765 minutes
Batch 9600 Loss:	7.805482928990386
Batch 9600 Time:	2.1712416966756183 minutes
es
Batch 7900 Loss:	11.377590860472992
Batch 7900 Time:	2.631790792942047 minutes
atch 10100 Loss:	3.1127249837154523
Batch 10100 Time:	2.089574150244395 minutes
Batch 11800 Loss:	1.8767130229971372
Batch 11800 Time:	2.0523749788602195 minutesBatch 12000 Loss:	0.57128182084125
Batch 12000 Time:	2.036046361923218 minutes
Batch 10100 Loss:	4.393372881226242
Batch 10100 Time:	2.070129915078481 minutes
Batch 10300 Loss:	3.3642711593420245
Batch 10300 Time:	2.025423113505046 minutes
Batch 11600 Loss:	0.3269597877151682
Batch 11600 Time:	2.076869769891103 minutes
Batch 9700 Loss:	7.950049675069749
Batch 9700 Time:	2.1766082684199017 minutes
s
Batch 8000 Loss:	9.082909791497514
Batch 8000 Time:	2.5599738001823424 minutes


Batch 10900 Loss:	2.1216365112923086
Batch 10900 Time:	2.2224645177523294 minutes
Batch 10200 Loss:	3.4169189868844114
Batch 10200 Time:	2.06508340438207 minutes
Batch 10400 Loss:	4.503996969666332
Batch 10400 Time:	2.034795431296031 minutes

Batch 11100 Loss:	2.709238528041169
Batch 11100 Time:	2.1962668697039285 minutes
Batch 10300 Loss:	4.405935451330151
Batch 10300 Time:	2.0947449723879497 minutes
Batch 8100 Loss:	8.655197434767615
Batch 8100 Time:	2.5802948315938314 minutes
s

Batch 7700 Loss:	8.806510289665312
Batch 7700 Time:	2.722420112291972 minutes
es
Batch 10500 Loss:	7.104902335617226
Batch 10500 Time:	2.052790307998657 minutes

Batch 11800 Loss:	0.5132230995222926
Batch 11800 Time:	2.1086121678352354 minutes
Batch 11200 Loss:	2.101652198471129
Batch 11200 Time:	2.2108519355456036 minutes
Batch 10400 Loss:	4.026088380895089
Batch 10400 Time:	2.082789051532745 minutes
Batch 12100 Loss:	2.7265243448782712
Batch 12100 Time:	2.025816031297048 minutes

Batch 11100 Loss:	1.5793910369393416
Batch 11100 Time:	2.2385372797648113 minBatch 8200 Loss:	10.554759413003922
Batch 8200 Time:	2.5648337682088216 minutes
s
utes
Batch 7800 Loss:	11.003035337198526
Batch 7800 Time:	2.743556030591329 minutes
es
Batch 10000 Loss:	7.411072147078812
Batch 10000 Time:	2.1520278294881185 minutes
Batch 11300 Loss:	2.2205311545403674
Batch 11300 Time:	2.1905959526697796 minutes
Batch 10500 Loss:	3.474710774316918
Batch 10500 Time:	2.059500245253245 minutes
Batch 12200 Loss:	1.9226796773727983
Batch 12200 Time:	2.0306203166643777 minutes
Batch 11200 Loss:	1.7992363683879375
Batch 11200 Time:	2.217950471242269 minutes
Batch 10700 Loss:	5.913266798132099
Batch 10700 Time:	2.0444964289665224 minutes
Batch 12000 Loss:	0.5038626066088909
Batch 12000 Time:	2.090087620417277 minutes
Batch 8300 Loss:	8.027001712471247
Batch 8300 Time:	2.581378670533498 minutes
s
Batch 11400 Loss:	2.6734782709972933
Batch 11400 Time:	2.197261559963226 minutes
Batch 7900 Loss:	8.967018741648644
Batch 7900 Time:	2.742788290977478 minutes
es
Batch 12300 Loss:	2.3870497294701636
Batch 12300 Time:	2.0478095571200052 minutes
atch 10600 Loss:	5.117674304987304
Batch 10600 Time:	2.0487106084823608 minutes
Batch 11300 Loss:	1.9574061090825126
Batch 11300 Time:	2.2269485274950664 minutes
Batch 12100 Loss:	0.6050944220332894
Batch 12100 Time:	2.10993713537852 minutes
Batch 10200 Loss:	8.864497725036927
Batch 10200 Time:	2.1739715536435447 minutes
Batch 8400 Loss:	9.927410658914596
Batch 8400 Time:	2.565781549612681 minutes
s
s
Batch 12600 Loss:	0.8447505855292547
Batch 12600 Time:	1.9880698680877686 minutes
Batch 8000 Loss:	8.800825109006837
Batch 8000 Time:	2.760985255241394 minutes
tes
Batch 11400 Loss:	2.1170001314021647
Batch 11400 Time:	2.221228853861491 minutes
Batch 12200 Loss:	0.6582568850863026
Batch 12200 Time:	2.111304759979248 minutes
Batch 10300 Loss:	7.621283476124518
Batch 10300 Time:	2.1501092235247294 minutes
Batch 11600 Loss:	2.9433464322355576
Batch 11600 Time:	2.171165891488393 minutes
Batch 12700 Loss:	0.8768976288265549
Batch 12700 Time:	2.0233686804771422 minutes
Batch 11000 Loss:	4.18146594427526
Batch 11000 Time:	2.038661829630534 minutes
s
Batch 8100 Loss:	7.714703695382923
Batch 8100 Time:	2.763347828388214 minutes

es
Batch 12300 Loss:	0.5582584648363991
Batch 12300 Time:	2.074422522385915 minutes
Batch 10900 Loss:	5.680427612736821
Batch 10900 Time:	2.0474945743878683 minutes
Batch 12800 Loss:	0.5281613408005796
Batch 12800 Time:	2.00768404006958 minutes

Batch 11100 Loss:	4.037218933459371
Batch 11100 Time:	2.037996013959249 minutes
s
Batch 11600 Loss:	2.3028281099395826
Batch 11600 Time:	2.2304094354311625 minutes
atch 12400 Loss:	0.4645343362062704
Batch 12400 Time:	2.103761847813924 minutes
Batch 8200 Loss:	8.873343346640468
Batch 8200 Time:	2.750293986002604 minutes
tes
Batch 12900 Loss:	0.5104053482136806
Batch 12900 Time:	2.007598145802816 minutes
Batch 12700 Loss:	1.7747779884375632
Batch 12700 Time:	2.071774176756541 minutes
Batch 11200 Loss:	4.820020635408582
Batch 11200 Time:	2.0363428870836895 minutes
Batch 12600 Loss:	0.7027130091664731
Batch 12600 Time:	2.0607998092969257 minutes
Batch 8700 Loss:	7.688468019478023
Batch 8700 Time:	2.561248024304708 minutes
es
Batch 11100 Loss:	4.213169185153674
Batch 11100 Time:	2.0478251258532207 minutes
Batch 13000 Loss:	0.8924164350901265
Batch 13000 Time:	2.030854328473409 minutes
Batch 10600 Loss:	8.001243237755261
Batch 10600 Time:	2.1762783885002137 minutes
Batch 12800 Loss:	2.4806231738766655
Batch 12800 Time:	2.05915367603302 minutes

Batch 11300 Loss:	4.088102995447116
Batch 11300 Time:	2.0341550866762796 minutes

Batch 12700 Loss:	1.0013347467174754
Batch 12700 Time:	2.0593178431193033 minutes
Batch 12600 Loss:	0.24356820542743662
Batch 12600 Time:	2.113803267478943 minutes
Batch 8800 Loss:	11.048987807705998
Batch 8800 Time:	2.58049377600352 minutes
tesBatch 13100 Loss:	1.4655496254272293
Batch 13100 Time:	2.0368039925893147 minutes
Batch 12900 Loss:	2.195880900719203
Batch 12900 Time:	2.0763677835464476 minutes
Batch 12000 Loss:	1.7913423146819696
Batch 12000 Time:	2.195870006084442 minutes
Batch 11400 Loss:	4.089197653855081
Batch 11400 Time:	2.048235809803009 minutes
Batch 8400 Loss:	8.823603338794783
Batch 8400 Time:	2.726182266076406 minutes
es
Batch 12700 Loss:	0.43498929579072865
Batch 12700 Time:	2.1256674408912657 minutes
Batch 11900 Loss:	1.9656956239487045
Batch 11900 Time:	2.249323379993439 minutes

Batch 8900 Loss:	8.382551544753369
Batch 8900 Time:	2.5187664270401 minutes
utesBatch 11500 Loss:	4.505532351729926
Batch 11500 Time:	2.0147707223892213 minutes
Batch 12900 Loss:	0.8146533836334129
Batch 12900 Time:	2.066850217183431 minutes
Batch 12800 Loss:	0.499238766329654
Batch 12800 Time:	2.098891548315684 minutes
Batch 8500 Loss:	9.703644459601492
Batch 8500 Time:	2.763714893658956 minutes
es

Batch 11600 Loss:	5.34905223059468
Batch 11600 Time:	2.035584930578868 minutes
s

Batch 12200 Loss:	2.6839730504434556
Batch 12200 Time:	2.176471181710561 minutes

Batch 9000 Loss:	9.115699763409793
Batch 9000 Time:	2.553210186958313 minutes
es
Batch 12900 Loss:	0.21364221375915804
Batch 12900 Time:	2.11510804494222 minutes
Batch 11500 Loss:	4.250237736778217
Batch 11500 Time:	2.0637142062187195 minutes
Batch 12100 Loss:	1.8564953401801176
Batch 12100 Time:	2.203980040550232 minutes
Batch 8600 Loss:	8.20560223609209
Batch 8600 Time:	2.7329173485438027 minutes
esBatch 11500 Loss:	5.445498356886674
Batch 11500 Time:	2.069322443008423 minutes

Batch 13100 Loss:	0.8166237308214477
Batch 13100 Time:	2.0896504680315653 minutes
Batch 9100 Loss:	8.388357161311433
Batch 9100 Time:	2.577847210566203 minutes
tes
Batch 13500 Loss:	0.9067533763445681
Batch 13500 Time:	2.023625707626343 minutes
Batch 11600 Loss:	3.972743141115643
Batch 11600 Time:	2.067841410636902 minutes
Batch 13300 Loss:	2.6213005802128464
Batch 13300 Time:	2.0546357075373334 minutesBatch 11600 Loss:	4.0482132574834395
Batch 11600 Time:	2.061486478646596 minutes
Batch 12400 Loss:	2.598811140516773
Batch 12400 Time:	2.183544997374217 minutes
Batch 8700 Loss:	8.23810621118173
Batch 8700 Time:	2.7435806234677633 minutes
tes
Batch 13100 Loss:	0.46836532720772084
Batch 13100 Time:	2.0779714067776998 minutes
Batch 13600 Loss:	0.9640593065414578
Batch 13600 Time:	1.9903794685999552 minutes
Batch 9200 Loss:	7.452821291983128
Batch 9200 Time:	2.5503745079040527 minutes
es
Batch 13400 Loss:	3.2163451914675534
Batch 13400 Time:	2.036057130495707 minutes

Batch 11700 Loss:	5.199611371266656
Batch 11700 Time:	2.0181411107381186 minutes
Batch 12500 Loss:	1.8940245937556028
Batch 12500 Time:	2.160392181078593 minutes
Batch 13300 Loss:	0.8092005964572309
Batch 13300 Time:	2.0846287767092386 minutes
Batch 13200 Loss:	0.8054547507199459
Batch 13200 Time:	2.1080715378125507 minutes
Batch 8800 Loss:	8.428688867716119
Batch 8800 Time:	2.76621595621109 minutes
tes
Batch 12000 Loss:	3.123750267259311
Batch 12000 Time:	2.0310920039812723 minutesBatch 11800 Loss:	4.6369550830859225
Batch 11800 Time:	2.072515106201172 minutes
s
Batch 12600 Loss:	1.7789594954811037
Batch 12600 Time:	2.199336842695872 minutes
Batch 13400 Loss:	0.682542628608644
Batch 13400 Time:	2.100000770886739 minutes
Batch 13300 Loss:	0.7143704298141529
Batch 13300 Time:	2.063795443375905 minutes

Batch 11900 Loss:	4.344839002820663
Batch 11900 Time:	2.056232670942942 minutes
Batch 11900 Loss:	4.017657675984083
Batch 11900 Time:	2.0592954039573668 minutes

Batch 9400 Loss:	6.626278481679037
Batch 9400 Time:	2.586272660891215 minutes
es
Batch 12700 Loss:	1.8256133371032774
Batch 12700 Time:	2.155100607872009 minutes
Batch 13500 Loss:	0.46456693549407646
Batch 13500 Time:	2.0586178024609882 minutes
Batch 13900 Loss:	0.8939430387617904
Batch 13900 Time:	2.012883194287618 minutes
Batch 13400 Loss:	1.3263287520167069
Batch 13400 Time:	2.086392406622569 minutes
Batch 12000 Loss:	4.140508128912188
Batch 12000 Time:	2.0584822416305544 minutes
Batch 12000 Loss:	3.6713299713374
Batch 12000 Time:	2.079838248093923 minutes
es
tch 12600 Loss:	1.3364954892313108
Batch 12600 Time:	2.2199702143669127 minutes
Batch 11500 Loss:	6.715554316411726
Batch 11500 Time:	2.1511687636375427 minutes
Batch 9500 Loss:	8.958288058522157
Batch 9500 Time:	2.5970080653826395 minutes
s

Batch 14000 Loss:	0.8341563410285744
Batch 14000 Time:	2.0012911518414813 minutes
Batch 13500 Loss:	0.4758058020743192
Batch 13500 Time:	2.113726790746053 minutes
Batch 12100 Loss:	2.88119734133943
Batch 12100 Time:	2.090896503130595 minutes
Batch 12300 Loss:	4.50461049839214
Batch 12300 Time:	2.0362616419792174 minutes
Batch 12100 Loss:	4.471447443109355
Batch 12100 Time:	2.0466155727704365 minutes

Batch 11600 Loss:	8.489724691258743
Batch 11600 Time:	2.1875073353449506 minutes
Batch 12900 Loss:	2.7543200472719036
Batch 12900 Time:	2.1796258370081585 minutes
Batch 14100 Loss:	1.8285616351349745
Batch 14100 Time:	2.0300476789474486 minutes
Batch 9100 Loss:	8.29671936784871
Batch 9100 Time:	2.775395131111145 minutes
s
es
Batch 12200 Loss:	4.250324903463479
Batch 12200 Time:	2.0688241799672444 minutes
Batch 12400 Loss:	4.658500459918287
Batch 12400 Time:	2.041147804260254 minutes

Batch 12800 Loss:	1.5519568362506106
Batch 12800 Time:	2.220241645971934 minutes
Batch 11700 Loss:	6.056494735181332
Batch 11700 Time:	2.1548556168874105 minutes
Batch 13800 Loss:	0.6818270074218162
Batch 13800 Time:	2.11074986855189 minutes
Batch 13000 Loss:	1.5154805404599756
Batch 13000 Time:	2.174360462029775 minutes
Batch 13700 Loss:	0.8338732867196086
Batch 13700 Time:	2.082275708516439 minutes
Batch 12300 Loss:	3.6315791603992693
Batch 12300 Time:	2.0652896960576377 minutes
Batch 12500 Loss:	3.8246862304222304
Batch 12500 Time:	2.056019190947215 minutes

Batch 12300 Loss:	5.1865991913946345
Batch 12300 Time:	2.0520267049471537 minutes
Batch 12900 Loss:	1.9675764497369528
Batch 12900 Time:	2.2187981406847634 minutes
Batch 14300 Loss:	0.7373515314320684
Batch 14300 Time:	2.0099823474884033 minuteBatch 13900 Loss:	0.9537127713992959
Batch 13900 Time:	2.0635963042577106 minutes
Batch 13100 Loss:	2.929250454821158
Batch 13100 Time:	2.1735714515050253 minutes
Batch 12400 Loss:	4.633782156743109
Batch 12400 Time:	2.0659989992777508 minutes
Batch 12600 Loss:	3.886793967220001
Batch 12600 Time:	2.039540473620097 minutes
s
Batch 9800 Loss:	7.329068226506934
Batch 9800 Time:	2.5820836464564008 minutes
Batch 13000 Loss:	2.3695670150918886
Batch 13000 Time:	2.2352965315183004 minutes
Batch 14000 Loss:	0.32111386590258917
Batch 14000 Time:	2.0712894042332968 minutes
Batch 13200 Loss:	1.8963876756606624
Batch 13200 Time:	2.173173733552297 minutes
Batch 12500 Loss:	4.046879556553904
Batch 12500 Time:	2.066883675257365 minutes

Batch 12700 Loss:	4.10731766934623
Batch 12700 Time:	2.0549601038297016 minutes

Batch 12500 Loss:	4.695993860630551
Batch 12500 Time:	2.060437496503194 minutes
Batch 9900 Loss:	7.057488742517307
Batch 9900 Time:	2.565379806359609 minutes
tes
Batch 13100 Loss:	1.8341253279941157
Batch 13100 Time:	2.2103464722633364 minutes
tch 14000 Loss:	1.1599113790871343
Batch 14000 Time:	2.0669553240140277 minuteBatch 14300 Loss:	2.1635074842488393
Batch 14300 Time:	2.03481916586558 minutes
s
Batch 12800 Loss:	4.805205199110787
Batch 12800 Time:	2.030468014876048 minutes
s
Batch 14600 Loss:	0.6358048289530416
Batch 14600 Time:	2.0057587186495462 minutes
Batch 14200 Loss:	0.6881444842001656
Batch 14200 Time:	2.0526843269666037 minutes
Batch 13200 Loss:	2.055146460304968
Batch 13200 Time:	2.222798784573873 minutesBatch 10000 Loss:	9.020597226102836
Batch 10000 Time:	2.6829121549924215 minutes

Batch 9500 Loss:	8.89189093396999
Batch 9500 Time:	2.752926556269328 minutes
es
Batch 14700 Loss:	2.3828935062265373
Batch 14700 Time:	2.01944549481074 minutes
Batch 14300 Loss:	0.7114647979942674
Batch 14300 Time:	2.0620797713597616 minutes
Batch 12200 Loss:	6.3900527689256705
Batch 12200 Time:	2.150059163570404 minutes
Batch 14500 Loss:	2.4203912932425737
Batch 14500 Time:	2.0443932453791303 minutes
atch 13500 Loss:	2.054111127916258
Batch 13500 Time:	2.1755125761032104 minutes
Batch 10100 Loss:	6.4090330441249534
Batch 10100 Time:	2.599164851506551 minutes
Batch 14800 Loss:	1.2108399840544735
Batch 14800 Time:	2.04169720808665 minutes
Batch 9600 Loss:	7.550858947914094
Batch 9600 Time:	2.8018720706303912 minutes
es
Batch 12300 Loss:	7.424275123048574
Batch 12300 Time:	2.1693766951560973 minutes
Batch 13400 Loss:	1.6969030610052869
Batch 13400 Time:	2.211513857046763 minutes

Batch 13100 Loss:	3.90843254950596
Batch 13100 Time:	2.0274703979492186 minutes

Batch 12900 Loss:	4.340902429597918
Batch 12900 Time:	2.0441801150639853 minutes
Batch 10200 Loss:	12.098168413038366
Batch 10200 Time:	2.5907509605089825 minutes
Batch 14500 Loss:	0.670276723070856
Batch 14500 Time:	2.0710275967915854 minutes
Batch 14700 Loss:	2.7240504819201306
Batch 14700 Time:	2.0679116169611613 minutesBatch 13500 Loss:	0.9747679797001183
Batch 13500 Time:	2.212393263975779 minuteBatch 13200 Loss:	3.8893926220189314
Batch 13200 Time:	2.040845739841461 minutes
Batch 13000 Loss:	4.4042645143345
Batch 13000 Time:	2.0602927684783934 minutes
Batch 15000 Loss:	0.7691059937023965
Batch 15000 Time:	2.0050032416979473 minutes
Batch 10300 Loss:	6.136088898289017
Batch 10300 Time:	2.5573115785916647 minutes
Batch 14800 Loss:	1.7413842832902446
Batch 14800 Time:	2.040277902285258 minutes
Batch 13300 Loss:	2.9631544089643285
Batch 13300 Time:	2.0085454980532327 minuteBatch 13600 Loss:	1.3615135619184002
Batch 13600 Time:	2.207535509268443 minutes
Batch 13100 Loss:	4.708955715293996
Batch 13100 Time:	2.0298234939575197 minutes
Batch 9800 Loss:	7.316100087366067
Batch 9800 Time:	2.747895101706187 minutes
es
Batch 14700 Loss:	0.8033525468163134
Batch 14700 Time:	2.0715272188186646 minutes
Batch 10400 Loss:	7.140927922271658
Batch 10400 Time:	2.5925434589385987 minutesBatch 13400 Loss:	3.2113227711524814
Batch 13400 Time:	2.041126040617625 minutes
Batch 13700 Loss:	1.765088117797859
Batch 13700 Time:	2.223523374398549 minutes

Batch 15200 Loss:	0.5520278651238186
Batch 15200 Time:	2.0123846968015036 minutes
Batch 9900 Loss:	8.188844058429822
Batch 9900 Time:	2.768425238132477 minutes
tes
Batch 15000 Loss:	1.4051759123103693
Batch 15000 Time:	2.019732964038849 minutesBatch 13500 Loss:	3.7933190437906887
Batch 13500 Time:	2.0508588910102845 minutes
Batch 12700 Loss:	8.016988356073853
Batch 12700 Time:	2.1710760593414307 minutes
Batch 13800 Loss:	1.7156213752168696
Batch 13800 Time:	2.2305617292722064 minutes
tch 14000 Loss:	2.0465573327383026
Batch 14000 Time:	2.2020854155222573 minutes
Batch 15300 Loss:	1.2229826662623964
Batch 15300 Time:	2.0234607656796775 minutes
Batch 14900 Loss:	1.1268598591741465
Batch 14900 Time:	2.0776494701703387 minutes
Batch 15100 Loss:	1.985550539160613
Batch 15100 Time:	2.055998464425405 minutes
Batch 13600 Loss:	2.3643063273302687
Batch 13600 Time:	2.0429512659708657 minutes

Batch 12800 Loss:	7.0776866216911
Batch 12800 Time:	2.157626994450887 minutes
Batch 13400 Loss:	3.0306148462696
Batch 13400 Time:	2.0573926329612733 minutes
Batch 13900 Loss:	1.4215125801274553
Batch 13900 Time:	2.199223053455353 minutes

Batch 15400 Loss:	1.3745725237822626
Batch 15400 Time:	2.016365110874176 minutes
Batch 10600 Loss:	7.889222470694222
Batch 10600 Time:	2.6307508031527203 minutes
Batch 15200 Loss:	1.2047576931654476
Batch 15200 Time:	2.0486984690030416 minutBatch 13700 Loss:	4.028485614391684
Batch 13700 Time:	2.0219281713167825 minutes
es
Batch 12900 Loss:	6.775557394430507
Batch 12900 Time:	2.1883037090301514 minutes
Batch 13500 Loss:	3.323618067879579
Batch 13500 Time:	2.069763422012329 minutes
Batch 14000 Loss:	1.603841803589603
Batch 14000 Time:	2.240656081835429 minutes

atch 14200 Loss:	2.028013089293381
Batch 14200 Time:	2.2042788664499917 minutes
Batch 15300 Loss:	1.2111250067828223
Batch 15300 Time:	2.066762749354045 minutes
Batch 13800 Loss:	4.143485235719709
Batch 13800 Time:	2.04263551235199 minutes
es
Batch 13600 Loss:	2.877741259901086
Batch 13600 Time:	2.09054194688797 minutes
s
Batch 15600 Loss:	0.977011658866104
Batch 15600 Time:	2.0349404215812683 minutes
Batch 14100 Loss:	1.1724094184464775
Batch 14100 Time:	2.209191346168518 minutes

Batch 15400 Loss:	2.0113777152146213
Batch 15400 Time:	2.0306245128313702 minuteBatch 13900 Loss:	4.8104653272312135
Batch 13900 Time:	2.031042234102885 minutes
Batch 10800 Loss:	6.5002488345780876
Batch 10800 Time:	2.6762852827707926 minutes
Batch 13700 Loss:	3.7147589144296944
Batch 13700 Time:	2.086013074715932 minutes
Batch 15700 Loss:	1.0652354635531083
Batch 15700 Time:	2.0341370463371278 minutes
Batch 14200 Loss:	1.2318076395313255
Batch 14200 Time:	2.2174688458442686 minutes
Batch 10300 Loss:	6.445231479185168
Batch 10300 Time:	2.7348005334536234 minutes
Batch 15200 Loss:	0.2499454243297805
Batch 15200 Time:	2.0863592425982156 minutes
Batch 10900 Loss:	7.962864594301209
Batch 10900 Time:	2.6275288701057433 minutes

Batch 15800 Loss:	1.3309887058239838
Batch 15800 Time:	2.0346261978149416 minutes
Batch 14300 Loss:	1.2011429273406975
Batch 14300 Time:	2.2199983954429627 minutesBBatch 14100 Loss:	2.5729900746955536
Batch 14100 Time:	2.0500943740208943 minutes
atch 15300 Loss:	0.3028963238175493
Batch 15300 Time:	2.0989861448605853 minutes
Batch 10400 Loss:	7.305839614709839
Batch 10400 Time:	2.7254042625427246 minutes
Batch 13300 Loss:	10.988811489922227
Batch 13300 Time:	2.1617113868395488 minutes
Batch 14400 Loss:	1.504037092323415
Batch 14400 Time:	2.217109791437785 minutes
s
Batch 14200 Loss:	3.1798601434275042
Batch 14200 Time:	2.0432588775952656 minutesBatch 15400 Loss:	0.4592232983268332
Batch 15400 Time:	2.0885609070460003 minutes
Batch 14000 Loss:	2.8355322544812225
Batch 14000 Time:	2.0918312549591063 minutes
Batch 13400 Loss:	6.5067686610273086
Batch 13400 Time:	2.1759724736213686 minutes
Batch 10500 Loss:	6.849617335945368
Batch 10500 Time:	2.6815657218297324 minutes
Batch 14300 Loss:	2.997241093602497
Batch 14300 Time:	2.079566427071889 minutes


Batch 15500 Loss:	0.20095593662699685
Batch 15500 Time:	2.0782015681266786 minutes
Batch 14100 Loss:	4.393249042885145
Batch 14100 Time:	2.0510125597318014 minutes
Batch 13500 Loss:	5.7295808265917
Batch 13500 Time:	2.1598245024681093 minutes
Batch 15700 Loss:	0.8042310729506426
Batch 15700 Time:	2.0658697207768757 minutes
atch 14600 Loss:	1.2258148214314133
Batch 14600 Time:	2.2094156543413797 minutes
Batch 14400 Loss:	4.081305977626471
Batch 14400 Time:	2.041410446166992 minutes

Batch 11200 Loss:	7.520711460150778
Batch 11200 Time:	2.704524938265483 minutes
s
Batch 14200 Loss:	2.3644541370740626
Batch 14200 Time:	2.063019053141276 minutes

Batch 13600 Loss:	5.63556241904007
Batch 13600 Time:	2.165740140279134 minutes
Batch 15800 Loss:	0.49349997660465306
Batch 15800 Time:	2.0823989113171897 minuteBatch 14500 Loss:	4.082281650742516
Batch 14500 Time:	2.0268972953160604 minutes

Batch 14300 Loss:	5.423530337284319
Batch 14300 Time:	2.030480706691742 minutes
Batch 15700 Loss:	0.32216909380076686
Batch 15700 Time:	2.080452565352122 minutes
Batch 10700 Loss:	8.231171055231243
Batch 10700 Time:	2.7128743886947633 minutes

Batch 14300 Loss:	3.2410700054024346
Batch 14300 Time:	2.0755295435587566 minutes
Batch 11300 Loss:	6.6681881455588154
Batch 11300 Time:	2.646885597705841 minutes
Batch 14600 Loss:	2.852400089352159
Batch 14600 Time:	2.031956382592519 minutes


Batch 14800 Loss:	1.2379403779050335
Batch 14800 Time:	2.244767689704895 minutes
Batch 15800 Loss:	0.2296215456299251
Batch 15800 Time:	2.08549249569575 minutes
Batch 16400 Loss:	0.8327453620295273
Batch 16400 Time:	2.027835981051127 minutes
Batch 14400 Loss:	4.174678966854117
Batch 14400 Time:	2.0594799160957336 minutes
Batch 10800 Loss:	6.307964897772763
Batch 10800 Time:	2.6816733400026957 minutes
Batch 14700 Loss:	3.2202214512071805
Batch 14700 Time:	2.032467544078827 minutes
Batch 14900 Loss:	1.2265878858161159
Batch 14900 Time:	2.2304608821868896 minutes
Batch 16500 Loss:	0.46928808130905963
Batch 16500 Time:	2.008529225985209 minutes
Batch 14500 Loss:	3.5426515910803573
Batch 14500 Time:	2.0858809034029644 minutes
Batch 13900 Loss:	6.058918262831867
Batch 13900 Time:	2.156728621323903 minutes
Batch 16100 Loss:	0.8321507310902234
Batch 16100 Time:	2.0594956398010256 minutesBatch 11500 Loss:	5.775652952608652
Batch 11500 Time:	2.619947135448456 minutes

Batch 15000 Loss:	0.991182376339566
Batch 15000 Time:	2.2221213777860007 minutes
Batch 16000 Loss:	0.20277418663317803
Batch 16000 Time:	2.09721661011378 minutes
Batch 14600 Loss:	4.900493565946817
Batch 14600 Time:	2.0716761191685995 minutes
Batch 16400 Loss:	2.578240124450531
Batch 16400 Time:	2.047662095228831 minutes
Batch 16200 Loss:	1.1829777032999118
Batch 16200 Time:	2.0754085501035053 minutes
Batch 11000 Loss:	6.8565553307998925
Batch 11000 Time:	2.66173734664917 minutes
s
Batch 16700 Loss:	1.1288051501906011
Batch 16700 Time:	2.0070186177889506 minutes
Batch 16100 Loss:	0.5620624338043854
Batch 16100 Time:	2.0952359318733214 minutes
Batch 11600 Loss:	5.224229837185703
Batch 11600 Time:	2.6340466062227885 minutes
Batch 16500 Loss:	1.873543327092193
Batch 16500 Time:	2.030780076980591 minutes

Batch 16300 Loss:	0.674341945676133
Batch 16300 Time:	2.0683976769447328 minutes
Batch 16800 Loss:	0.477434463766258
Batch 16800 Time:	2.032378606001536 minutes
s
Batch 16200 Loss:	0.19565207868436119
Batch 16200 Time:	2.085087609291077 minutes
Batch 15200 Loss:	1.0701170654210728
Batch 15200 Time:	2.226884444554647 minutes
Batch 11700 Loss:	7.138991053623613
Batch 11700 Time:	2.6541746775309245 minutesBatch 15100 Loss:	2.914108961907914
Batch 15100 Time:	2.036228676637014 minutes
Batch 16400 Loss:	0.6080202576886222
Batch 16400 Time:	2.0662731329600015 minutes
Batch 16900 Loss:	0.44965822527592536
Batch 16900 Time:	2.0130629857381184 minutes
Batch 15500 Loss:	0.9532928084954619
Batch 15500 Time:	2.167637666066488 minutes
Batch 16300 Loss:	1.2878741578388144
Batch 16300 Time:	2.113293166955312 minutes
Batch 14900 Loss:	4.133137332217302
Batch 14900 Time:	2.0622572700182595 minutes
Batch 15300 Loss:	1.82725697720889
Batch 15300 Time:	2.215691844622294 minutes
Batch 11800 Loss:	6.341457946458831
Batch 11800 Time:	2.6086480220158896 minutes

atch 15000 Loss:	3.729491891412181
Batch 15000 Time:	2.084194874763489 minutes
Batch 17000 Loss:	0.8084867788129486
Batch 17000 Time:	2.0203625639279683 minutes
Batch 15600 Loss:	1.0010806435602717
Batch 15600 Time:	2.1649824817975363 minutes
Batch 16400 Loss:	0.2539374827829306
Batch 16400 Time:	2.103930036226908 minutes
Batch 15000 Loss:	2.9899151152931154
Batch 15000 Time:	2.095431621869405 minutes
Batch 15400 Loss:	1.371235091239214
Batch 15400 Time:	2.203132971127828 minutes
Batch 16800 Loss:	1.9394043320207857
Batch 16800 Time:	2.0653595129648843 minutes
Batch 16600 Loss:	2.324209559978044
Batch 16600 Time:	2.077599589029948 minutes

Batch 15100 Loss:	2.911370059591718
Batch 15100 Time:	2.076063843568166 minutes
Batch 11300 Loss:	6.658916505635716
Batch 11300 Time:	2.7323609511057536 minutes
Batch 15100 Loss:	4.266042696963268
Batch 15100 Time:	2.076191512743632 minutes


Batch 15500 Loss:	1.2575515766511671
Batch 15500 Time:	2.2365094661712646 minutes
Batch 16700 Loss:	2.772300879301838
Batch 16700 Time:	2.1009021600087485 minutes

Batch 17200 Loss:	0.7214157658600016
Batch 17200 Time:	2.0191821138064068 minutes
Batch 15200 Loss:	3.4683549036744807
Batch 15200 Time:	2.0429676016171774 minutes
Batch 15600 Loss:	1.3995955185382627
Batch 15600 Time:	2.2138502478599547 minutes
atch 17000 Loss:	1.2370825342368335
Batch 17000 Time:	2.0520695567131044 minutes
Batch 16800 Loss:	2.6539698945452983
Batch 16800 Time:	2.0717501600583392 minutes
atch 17300 Loss:	0.31295004133789917
Batch 17300 Time:	2.0170933326085407 minutes
Batch 15300 Loss:	4.3890409527521115
Batch 15300 Time:	2.067188807328542 minutes
atch 15900 Loss:	1.1354123198543675
Batch 15900 Time:	2.1852115591367087 minutes
Batch 11500 Loss:	9.041998319327831
Batch 11500 Time:	2.715951391061147 minutes
BaBatch 16900 Loss:	1.53666628535575
Batch 16900 Time:	2.0975952545801797 minutes
Batch 14700 Loss:	6.3148940212558955
Batch 14700 Time:	2.1523091475168865 minutes
Batch 15400 Loss:	3.3400467179890256
Batch 15400 Time:	2.0621305465698243 minutes
Batch 16000 Loss:	1.1169465728162322
Batch 16000 Time:	2.192492187023163 minutes
Batch 17200 Loss:	2.4568877794081345
Batch 17200 Time:	2.045722325642904 minutes
Batch 17000 Loss:	1.1209895681968192
Batch 17000 Time:	2.0318509499231974 minutes
Batch 12200 Loss:	7.954536296078004
Batch 12200 Time:	2.6217702269554137 minutes

Batch 11600 Loss:	9.269721684744582
Batch 11600 Time:	2.7434574604034423 minutes
Batch 15500 Loss:	2.422665853970102
Batch 15500 Time:	2.0450692693392436 minutes
s
Batch 16100 Loss:	2.051428285543807
Batch 16100 Time:	2.161659606297811 minutes
Batch 17300 Loss:	2.5399006584193558
Batch 17300 Time:	2.0632951656977334 minutes
Batch 17100 Loss:	0.9237776654408663
Batch 17100 Time:	2.096268634001414 minutes

Batch 14900 Loss:	4.577112151659094
Batch 14900 Time:	2.175325365861257 minutes
Batch 11700 Loss:	7.428427032427862
Batch 11700 Time:	2.7486764550209046 minutes
Batch 16200 Loss:	1.6250070162350312
Batch 16200 Time:	2.190433379014333 minutes
Batch 17400 Loss:	2.0985570912016556
Batch 17400 Time:	2.0403317411740622 minutes
Batch 17200 Loss:	1.6326223928263062
Batch 17200 Time:	2.076471543312073 minutes

Batch 15000 Loss:	5.031701587809948
Batch 15000 Time:	2.163095235824585 minutes
Batch 15700 Loss:	3.4976639520027675
Batch 15700 Time:	2.0725400924682615 minutes

Batch 12400 Loss:	7.320833161298651
Batch 12400 Time:	2.601873993873596 minutes
s
Batch 17300 Loss:	1.379177261442237
Batch 17300 Time:	2.06321976184845 minutes
s

Batch 16100 Loss:	1.1966402073157951
Batch 16100 Time:	2.221470260620117 minutes
Batch 15100 Loss:	4.291570888250135
Batch 15100 Time:	2.1684256633122763 minutes
Batch 15800 Loss:	3.1485274544756976
Batch 15800 Time:	2.068173094590505 minutes
Batch 17200 Loss:	0.5326967881483142
Batch 17200 Time:	2.1089276313781737 minutes
Batch 17600 Loss:	1.6267334105214104
Batch 17600 Time:	2.020840911070506 minutes
Batch 16100 Loss:	3.036845582682872
Batch 16100 Time:	2.0456212838490804 minutes

Batch 17400 Loss:	1.403106782163377
Batch 17400 Time:	2.0609984238942465 minutes
Batch 15900 Loss:	3.873838370840531
Batch 15900 Time:	2.0643235007921854 minutes
Batch 16200 Loss:	1.4003400941146538
Batch 16200 Time:	2.2175286531448366 minutes
Batch 15200 Loss:	5.723660221687169
Batch 15200 Time:	2.1497135837872823 minutes
Batch 15900 Loss:	3.4483627505251206
Batch 15900 Time:	2.0792831500371296 minutes
Batch 17300 Loss:	0.37385382079082774
Batch 17300 Time:	2.109256645043691 minutes
Batch 17700 Loss:	1.3216906546440441
Batch 17700 Time:	2.0437157352765403 minutes
Batch 16200 Loss:	3.7062134935549693
Batch 16200 Time:	2.018080202738444 minutes

Batch 18000 Loss:	0.3314470437981072
Batch 18000 Time:	2.006667439142863 minutes
Batch 17500 Loss:	1.0661217020206095
Batch 17500 Time:	2.1019637902577717 minuteBaBatch 15300 Loss:	7.49169210792752
Batch 15300 Time:	2.1483307162920635 minutes
Batch 12000 Loss:	5.598924957681447
Batch 12000 Time:	2.7619993487993875 minutes
ch 17400 Loss:	0.5647428663942264
Batch 17400 Time:	2.08212696313858 minutes
Batch 17800 Loss:	0.8896362981176935
Batch 17800 Time:	2.0371905048688252 minutes
Batch 16300 Loss:	3.669229136503418
Batch 16300 Time:	2.0252052903175355 minutes

Batch 17600 Loss:	0.884712205379401
Batch 17600 Time:	2.1040788253148395 minutes
Batch 12700 Loss:	6.455444820225239
Batch 12700 Time:	2.658510208129883 minutes

Batch 17500 Loss:	0.4168186751194298
Batch 17500 Time:	2.0809956351915995 minutes
Batch 17900 Loss:	1.6749399965628982
Batch 17900 Time:	2.02729838291804 minutes
Batch 12100 Loss:	7.056472718133591
Batch 12100 Time:	2.717974289258321 minutes


Batch 16700 Loss:	1.3554191670846194
Batch 16700 Time:	2.1903901934623717 minutes
Batch 17700 Loss:	0.9586256315860737
Batch 17700 Time:	2.0850997527440387 minutes
Batch 16500 Loss:	0.7595709039887879
Batch 16500 Time:	2.201215374469757 minutes

Batch 15500 Loss:	6.958202143374365
Batch 15500 Time:	2.165453028678894 minutes
Batch 17600 Loss:	0.7823292526736623
Batch 17600 Time:	2.0832054813702903 minutes
Batch 18000 Loss:	1.8856038533267565
Batch 18000 Time:	2.0459322651227314 minutes
Batch 12800 Loss:	6.648823979077861
Batch 12800 Time:	2.6571381012598674 minutes
s
Batch 16800 Loss:	1.57069416414015
Batch 16800 Time:	2.1581413547197976 minutes
Batch 17800 Loss:	1.7611325649086211
Batch 17800 Time:	2.0762001236279803 minutesBatch 12200 Loss:	6.5276676814537495
Batch 12200 Time:	2.739866896470388 minutes
Batch 16600 Loss:	1.2985164227429777
Batch 16600 Time:	2.224474390347799 minutes

Batch 17700 Loss:	0.9016613780258922
Batch 17700 Time:	2.10687940120697 minutes

Batch 18100 Loss:	1.5513991619227454
Batch 18100 Time:	2.040642237663269 minutes
Batch 16600 Loss:	3.336897972098086
Batch 16600 Time:	2.037681178251902 minutes
Batch 17900 Loss:	1.3314053599078761
Batch 17900 Time:	2.0883236289024354 minutes
Batch 16700 Loss:	1.462990721280221
Batch 16700 Time:	2.2217916289965314 minutes

atch 15700 Loss:	9.093978250981309
Batch 15700 Time:	2.1649264176686605 minutes

Batch 18200 Loss:	1.6338509265333414
Batch 18200 Time:	2.044962938626607 minutes
Batch 16700 Loss:	3.9409203729010187
Batch 16700 Time:	2.0480149547259012 minutes
Batch 18000 Loss:	1.3638845069363015
Batch 18000 Time:	2.090465001265208 minutes
Batch 17000 Loss:	1.1844975429121405
Batch 17000 Time:	2.162459687391917 minutes
Batch 13000 Loss:	5.264515728718834
Batch 13000 Time:	2.662013359864553 minutes
s
Batch 16800 Loss:	1.5618884238647297
Batch 16800 Time:	2.2129914363225303 minutBatch 16800 Loss:	3.31736774656747
Batch 16800 Time:	2.0288424412409465 minutes
Batch 12400 Loss:	6.499621452123392
Batch 12400 Time:	2.735795001188914 minutes

Batch 16600 Loss:	3.568387356790481
Batch 16600 Time:	2.053881100813548 minutes
Batch 18100 Loss:	0.6029610117875563
Batch 18100 Time:	2.086056816577911 minutes

Batch 16600 Loss:	4.050291699677473
Batch 16600 Time:	2.0839226206143695 minutes
Batch 16900 Loss:	2.264140092811431
Batch 16900 Time:	2.0354140122731526 minutes

tch 15900 Loss:	4.760545670229476
Batch 15900 Time:	2.1718166987101237 minutes
Batch 18700 Loss:	0.6281368723030027
Batch 18700 Time:	2.016055715084076 minutes
Batch 16700 Loss:	2.4171362983470317
Batch 16700 Time:	2.064436181386312 minutes
Batch 12500 Loss:	8.160459147009533
Batch 12500 Time:	2.806455155213674 minutes
s
Batch 16700 Loss:	2.3898447611063602
Batch 16700 Time:	2.0624672611554464 minutes
Batch 17000 Loss:	3.2317106396949384
Batch 17000 Time:	2.0271313071250914 minutes
Batch 17000 Loss:	1.760362706379965
Batch 17000 Time:	2.2141210238138833 minutes

Batch 13200 Loss:	8.26496134774061
Batch 13200 Time:	2.6231422265370687 minutes

Batch 18300 Loss:	0.842360173821362
Batch 18300 Time:	2.0909493843714397 minutes

Batch 12600 Loss:	5.610159250791185
Batch 12600 Time:	2.767579436302185 minutes
Batch 17100 Loss:	3.2201284899856546
Batch 17100 Time:	2.0233067234357196 minutes
Batch 18200 Loss:	0.7243400334373291
Batch 18200 Time:	2.11863507827123 minutes
Batch 18900 Loss:	0.4022800537859439
Batch 18900 Time:	2.023040684064229 minutes
Batch 17100 Loss:	1.0699094342417084
Batch 17100 Time:	2.215770641962687 minutes
Batch 16900 Loss:	2.0007974902837304
Batch 16900 Time:	2.0511284987131755 minutes
Batch 13300 Loss:	7.0376223718049005
Batch 13300 Time:	2.690785292784373 minutes

Batch 16900 Loss:	2.880865500519576
Batch 16900 Time:	2.0490724444389343 minutes
Batch 17200 Loss:	3.014965982933063
Batch 17200 Time:	2.043216383457184 minutes

Batch 19000 Loss:	0.37549298071098747
Batch 19000 Time:	2.013317092259725 minutes
Batch 16200 Loss:	5.292274767620256
Batch 16200 Time:	2.162293008963267 minutes
s
atch 17000 Loss:	2.3173392729950137
Batch 17000 Time:	2.0740251262982685 minutes
Batch 18500 Loss:	1.487094349527979
Batch 18500 Time:	2.085093406836192 minutes
Batch 17500 Loss:	1.5157986455596983
Batch 17500 Time:	2.1875518361727395 minutes
Batch 17000 Loss:	3.676096144008625
Batch 17000 Time:	2.051152201493581 minutes
Batch 17300 Loss:	4.1689460953493835
Batch 17300 Time:	2.0484111070632935 minutes
atch 18400 Loss:	0.2212705153178831
Batch 18400 Time:	2.110015642642975 minutes
Batch 17300 Loss:	1.313485398364719
Batch 17300 Time:	2.2132285435994468 minutes
Batch 12800 Loss:	5.886501379776746
Batch 12800 Time:	2.7923253019650778 minutes
Batch 17100 Loss:	3.563737982949533
Batch 17100 Time:	2.074578897158305 minutes
s
Batch 17400 Loss:	3.588705964415567
Batch 17400 Time:	2.038836868604024 minutes

Batch 19200 Loss:	0.927421286891331
Batch 19200 Time:	2.0091781695683797 minutes
Batch 13500 Loss:	6.577952444902621
Batch 13500 Time:	2.586752208073934 minutes

Batch 17400 Loss:	1.3200169689953327
Batch 17400 Time:	2.1998887499173483 minutes
atch 18700 Loss:	0.732012436716559
Batch 18700 Time:	2.068160653114319 minutes
Batch 12900 Loss:	7.145824775681831
Batch 12900 Time:	2.725616490840912 minutes
s
Batch 17500 Loss:	2.6659971470362507
Batch 17500 Time:	2.0393789052963256 minutes
Batch 19300 Loss:	1.4801333746436285
Batch 19300 Time:	1.9891939838727315 minutes
Batch 18600 Loss:	0.2808644540964451
Batch 18600 Time:	2.090379166603088 minutes
Batch 13600 Loss:	7.016853184206411
Batch 13600 Time:	2.615487575531006 minutes

Batch 17500 Loss:	0.8648839471279643
Batch 17500 Time:	2.2200549761454265 minutes
Batch 17300 Loss:	2.766455018776469
Batch 17300 Time:	2.075842531522115 minutes
Batch 17600 Loss:	4.074586990267562
Batch 17600 Time:	2.055898094177246 minutes
s
Batch 19400 Loss:	0.8051623916107928
Batch 19400 Time:	2.028691061337789 minutes
Batch 13000 Loss:	7.577314087189734
Batch 13000 Time:	2.7213918129603067 minutes
Batch 16600 Loss:	6.764005776494741
Batch 16600 Time:	2.1426754117012026 minutesBatch 17600 Loss:	1.3757770597294439
Batch 17600 Time:	2.193686532974243 minutes
Batch 13700 Loss:	6.600662218115758
Batch 13700 Time:	2.6475237250328063 minutesBatch 17700 Loss:	4.264655493781902
Batch 17700 Time:	1.999150534470876 minutes

Batch 17900 Loss:	1.5441207333351485
Batch 17900 Time:	2.1984272519747416 minutes
Batch 18800 Loss:	0.36805403544349247
Batch 18800 Time:	2.0836607217788696 minutes
Batch 17500 Loss:	2.311726173196803
Batch 17500 Time:	2.076299206415812 minutes
Batch 16700 Loss:	5.297876032767817
Batch 16700 Time:	2.1864426652590434 minutes

Batch 17700 Loss:	0.8218475255271187
Batch 17700 Time:	2.1979172587394715 minutes
Batch 17500 Loss:	3.1412259062490193
Batch 17500 Time:	2.057621498902639 minutes
Batch 17800 Loss:	3.6888951448345324
Batch 17800 Time:	2.0263410409291587 minuteBatch 13800 Loss:	6.882887314422987
Batch 13800 Time:	2.6524462064107257 minutes
es
Batch 18900 Loss:	0.18924114452602225
Batch 18900 Time:	2.0526073575019836 minutes
Batch 17600 Loss:	3.5277263983298326
Batch 17600 Time:	2.052307895819346 minutes
Batch 16800 Loss:	5.434760209464002
Batch 16800 Time:	2.176885465780894 minutes

Batch 17800 Loss:	1.1277366090216674
Batch 17800 Time:	2.2108157594998676 minutes
Batch 13200 Loss:	7.12875654315576
Batch 13200 Time:	2.742989710966746 minutes
es
Batch 17900 Loss:	4.931235560259665
Batch 17900 Time:	2.030405076344808 minutes
es
Batch 18100 Loss:	1.0009337261144537
Batch 18100 Time:	2.187518036365509 minutes
Batch 19000 Loss:	0.15133611958844995
Batch 19000 Time:	2.1121634085973104 minutes
Batch 13900 Loss:	5.358876797370613
Batch 13900 Time:	2.5802207628885907 minutes
Batch 16900 Loss:	5.30451228574384
Batch 16900 Time:	2.15952224334081 minutes
es
Batch 17900 Loss:	1.2965729719144292
Batch 17900 Time:	2.231906068325043 minutes
Batch 17700 Loss:	2.2141493660310516
Batch 17700 Time:	2.0250876545906067 minutes
Batch 18000 Loss:	4.337824041576823
Batch 18000 Time:	2.0388851165771484 minutes
s
Batch 13300 Loss:	6.171348391100764
Batch 13300 Time:	2.7888840476671857 minutes

Batch 17800 Loss:	3.870716942154104
Batch 17800 Time:	2.0760897636413573 minutes
Batch 14000 Loss:	7.450577991316095
Batch 14000 Time:	2.576401209831238 minutes

Batch 17000 Loss:	4.767348170134937
Batch 17000 Time:	2.180499815940857 minutes

Batch 18100 Loss:	6.699932912175427
Batch 18100 Time:	2.0308992822964984 minutes
Batch 18300 Loss:	1.750752008985728
Batch 18300 Time:	2.183421274026235 minutes
es
Batch 17900 Loss:	3.8363273970753653
Batch 17900 Time:	2.089308420817057 minutes
Batch 13400 Loss:	6.070113293593749
Batch 13400 Time:	2.778152128060659 minutes
s
Batch 14100 Loss:	5.465713388693985
Batch 14100 Time:	2.65198788245519 minutes


Batch 18200 Loss:	2.438127580608125
Batch 18200 Time:	2.0653639713923138 minutes

Batch 19300 Loss:	0.2254133145470405
Batch 19300 Time:	2.1092266837755838 minutes
Batch 18400 Loss:	1.0494308313936926
Batch 18400 Time:	2.1670252442359925 minutes
Batch 18000 Loss:	1.819166580637102
Batch 18000 Time:	2.0697706937789917 minutes
Batch 19500 Loss:	0.7854936199364602
Batch 19500 Time:	2.0981541792551677 minutes
Batch 18300 Loss:	3.8486722039524466
Batch 18300 Time:	2.0505210002263388 minutesBatch 13500 Loss:	4.882132839062251
Batch 13500 Time:	2.837466323375702 minutes
s
Batch 14200 Loss:	6.196465867571533
Batch 14200 Time:	2.637109649181366 minutes
es
Batch 18500 Loss:	0.9484932868508622
Batch 18500 Time:	2.180030417442322 minutes
Batch 18100 Loss:	2.5168358351074858
Batch 18100 Time:	2.057577069600423 minutes
Batch 19600 Loss:	0.5255812527393573
Batch 19600 Time:	2.092100520928701 minutes
Batch 18400 Loss:	2.127855610946426
Batch 18400 Time:	2.0382880687713625 minutes

Batch 18300 Loss:	0.5951936510100495
Batch 18300 Time:	2.214280382792155 minutes
Batch 14300 Loss:	6.13740858156234
Batch 14300 Time:	2.585819927851359 minutes
s
atch 18200 Loss:	2.32443254730606
Batch 18200 Time:	2.049803678194682 minutes
s
Batch 19700 Loss:	0.25694170160932117
Batch 19700 Time:	2.0729756593704223 minutes
Batch 18500 Loss:	2.652125318418257
Batch 18500 Time:	2.0579659223556517 minutes

Batch 18400 Loss:	1.0850571687915362
Batch 18400 Time:	2.1953622778256734 minutes
Batch 19600 Loss:	0.30029318613378564
Batch 19600 Time:	2.100442822774251 minutes
Batch 18700 Loss:	0.8266311776533257
Batch 18700 Time:	2.191408658027649 minutes
Batch 13700 Loss:	6.579371093044756
Batch 13700 Time:	2.7499569574991862 minutes
Batch 17500 Loss:	4.391369824297726
Batch 17500 Time:	2.154730578263601 minutes
s
Batch 18500 Loss:	0.9162514632334933
Batch 18500 Time:	2.216486398379008 minutes
Batch 19700 Loss:	0.761901656172995
Batch 19700 Time:	2.087020667394002 minutes
Batch 18400 Loss:	3.2184042020817287
Batch 18400 Time:	2.0749751210212706 minutes
Batch 18800 Loss:	1.0611028615385294
Batch 18800 Time:	2.1908524076143903 minutes
Batch 19900 Loss:	0.824612370612158
Batch 19900 Time:	2.059309979279836 minutes
Batch 18700 Loss:	2.931862696830649
Batch 18700 Time:	2.0373228867848714 minutesBatch 17600 Loss:	5.384343812911538
Batch 17600 Time:	2.171856331825256 minutes

Batch 18600 Loss:	0.8726583810057491
Batch 18600 Time:	2.225612998008728 minutes
Batch 19800 Loss:	0.6180610182491364
Batch 19800 Time:	2.1036750157674153 minutes
Batch 18500 Loss:	2.7014647954056272
Batch 18500 Time:	2.08727259238561 minutes
Batch 18900 Loss:	0.9340636274719145
Batch 18900 Time:	2.2018752376238506 minutes
Batch 18800 Loss:	2.6259052535315277
Batch 18800 Time:	2.0068010052045184 minutesBatch 14600 Loss:	4.682306363916723
Batch 14600 Time:	2.5598220586776734 minutes
Batch 13900 Loss:	6.9038982450874755
Batch 13900 Time:	2.7551671385765077 minutes

Batch 18600 Loss:	2.798303890929674
Batch 18600 Time:	2.0600736776987714 minutes
Batch 19000 Loss:	0.948562392644817
Batch 19000 Time:	2.1822012344996136 minutes
Batch 18900 Loss:	3.474621967849089
Batch 18900 Time:	2.0667177359263103 minutes
Batch 14700 Loss:	6.415302442852408
Batch 14700 Time:	2.5178401827812196 minutesBatch 18700 Loss:	2.9763971717038658
Batch 18700 Time:	2.080681614081065 minutes
Batch 14000 Loss:	6.662665957235731
Batch 14000 Time:	2.783947960535685 minutes
s
Batch 19000 Loss:	2.461367407500802
Batch 19000 Time:	2.0532654841740925 minutes

Batch 17900 Loss:	5.204251141520217
Batch 17900 Time:	2.1767586867014566 minutes
Batch 14800 Loss:	5.973800991487224
Batch 14800 Time:	2.542500428358714 minutes
s
Batch 19100 Loss:	3.7462026804569177
Batch 19100 Time:	2.049803598721822 minutes
atch 18800 Loss:	2.7421821458265185
Batch 18800 Time:	2.084691063563029 minutes
Batch 18000 Loss:	6.378326847217977
Batch 18000 Time:	2.1692594647407533 minutes
Batch 18900 Loss:	3.1499555561022134
Batch 18900 Time:	2.0443724830945333 minutes
Batch 19000 Loss:	0.9669224933022633
Batch 19000 Time:	2.2292309721310932 minutes
Batch 19200 Loss:	4.292066319758305
Batch 19200 Time:	2.0530132174491884 minutes

Batch 18900 Loss:	3.2969775628007483
Batch 18900 Time:	2.0757325371106465 minutes
Batch 14200 Loss:	6.460667360108346
Batch 14200 Time:	2.717015047868093 minutes

Batch 19000 Loss:	3.465923777803255
Batch 19000 Time:	2.047559054692586 minutes
Batch 19100 Loss:	1.281382098342874
Batch 19100 Time:	2.2007866978645323 minutes
Batch 19300 Loss:	4.700795164942974
Batch 19300 Time:	2.038009015719096 minutes
s
Batch 15000 Loss:	5.9238860152472625
Batch 15000 Time:	2.5514744877815247 minutes
Batch 19100 Loss:	2.6248172503183014
Batch 19100 Time:	2.0588764429092405 minutes
Batch 19400 Loss:	3.5001770839244273
Batch 19400 Time:	2.037806554635366 minutes

Batch 19100 Loss:	2.925740133578074
Batch 19100 Time:	2.0530495564142863 minutes
Batch 19500 Loss:	1.2558450426440686
Batch 19500 Time:	2.2007801572481793 minutes
Batch 18300 Loss:	5.374813590737176
Batch 18300 Time:	2.1639570116996767 minutes
Batch 19200 Loss:	2.950178623519605
Batch 19200 Time:	2.081349448362986 minutes
Batch 19500 Loss:	2.718340201623505
Batch 19500 Time:	2.018611458937327 minutes

Batch 14400 Loss:	5.496580085164169
Batch 14400 Time:	2.736181855201721 minutes

Batch 19600 Loss:	1.2460662405355833
Batch 19600 Time:	2.1841231107711794 minutes
Batch 15200 Loss:	4.760098669154104
Batch 15200 Time:	2.5779431740442913 minutes
Batch 19600 Loss:	2.9760916897212155
Batch 19600 Time:	1.9970052440961201 minutes
Batch 19700 Loss:	1.718647103291005
Batch 19700 Time:	2.2057268977165223 minutes
Batch 18500 Loss:	3.4396931761148153
Batch 18500 Time:	2.166325112183889 minutes
Batch 19400 Loss:	3.920969146041898
Batch 19400 Time:	2.0540239413579306 minutes

Batch 19500 Loss:	1.6487902566150296
Batch 19500 Time:	2.2197675744692487 minutes
Batch 19800 Loss:	1.380848066706676
Batch 19800 Time:	2.202026049296061 minutes
Batch 18600 Loss:	5.114289391727652
Batch 18600 Time:	2.191137937704722 minutes

Batch 19800 Loss:	2.384686081932159
Batch 19800 Time:	2.054843548933665 minutesBBatch 15400 Loss:	6.6277474670205265
Batch 15400 Time:	2.5836307048797607 minutes
ch 19600 Loss:	0.9660923783667386
Batch 19600 Time:	2.231323305765788 minutes
Batch 19900 Loss:	1.454330503300298
Batch 19900 Time:	2.1876396934191384 minutes
Batch 18700 Loss:	3.4210353165399283
Batch 18700 Time:	2.1364930748939512 minutesBBatch 14700 Loss:	5.727091276028659
Batch 14700 Time:	2.7236406405766806 minutes
atch 19600 Loss:	3.3071231253416045
Batch 19600 Time:	2.070036749045054 minutes
Batch 19700 Loss:	0.6874648698139936
Batch 19700 Time:	2.215520171324412 minutes
Batch 15500 Loss:	5.73813694214914
Batch 15500 Time:	2.5751365184783936 minutes
Batch 19700 Loss:	3.3049670538748614
Batch 19700 Time:	2.0583333492279055 minutes
Batch 18800 Loss:	5.112919016100932
Batch 18800 Time:	2.1624348402023315 minutes
Batch 19700 Loss:	2.258892890131392
Batch 19700 Time:	2.029586128393809 minutes
Batch 14800 Loss:	6.402851933264174
Batch 14800 Time:	2.7425708850224813 minutes
Batch 15600 Loss:	5.161987261904869
Batch 15600 Time:	2.5589702049891154 minutes
Batch 18900 Loss:	3.7491185653398134
Batch 18900 Time:	2.156520839532216 minutes
Batch 19800 Loss:	3.349901034962386
Batch 19800 Time:	2.0357677976290387 minutes
Batch 19900 Loss:	3.2026479230662517
Batch 19900 Time:	2.086795751253764 minutes
Batch 15700 Loss:	6.288763992342865
Batch 15700 Time:	2.569885007540385 minutes

Batch 19900 Loss:	4.700498462683754
Batch 19900 Time:	2.073965080579122 minutes
Batch 19100 Loss:	4.7011168145691045
Batch 19100 Time:	2.1486661513646443 mBatch 1Batch 15800 Loss:	7.301176454842789
Batch 15800 Time:	2.5437676747639975 minutes
Batch 19200 Loss:	5.090901579285855
Batch 19200 Time:	2.1522884408632916 minutes
Batch 15100 Loss:	6.317365329130553
Batch 15100 Time:	2.7151807586352033 minutes
Batch 19300 Loss:	4.923139772261493
Batch 19300 Time:	2.1754966417948407 minutes
Batch 16000 Loss:	4.224286700424273
Batch 16000 Time:	2.5518922448158263 miBatch 300 Loss:	42.35160006582737
Batch 300 Time:	2.051586902141571 minutes
tes
Batch 0 Loss:	0.6623290777206421
Batch 0 Time:	0.15022314786911012 minutes
nutes
Batch 100 Loss:	59.02187091112137
Batch 100 Time:	2.067408490180969 minutes
Batch 16100 Loss:	6.363666666962672
Batch 16100 Time:	2.594227643807729 minutBatch 15300 Loss:	4.793208384653553
Batch 15300 Time:	2.7676737030347187 minutes
Batch 200 Loss:	47.55801132321358
Batch 200 Time:	2.0724467754364015 minutes
Batch 500 Loss:	33.99149277806282
Batch 500 Time:	2.029680136839549 minutes
Batch 19600 Loss:	5.694737144251121
Batch 19600 Time:	2.170581344763438 minutes

Batch 300 Loss:	41.19497290253639
Batch 300 Time:	2.0683483123779296 minutes
s
Batch 600 Loss:	31.30423741787672
Batch 600 Time:	2.041925609111786 minutes
Batch 19700 Loss:	4.02259150671307
Batch 19700 Time:	2.1695829470952352 minuBatch 16300 Loss:	6.730303479882423
Batch 16300 Time:	2.5609773715337116 minutes
Batch 400 Loss:	38.29986022412777
Batch 400 Time:	2.081268775463104 minutes
Batch 700 Loss:	30.636562421917915
Batch 700 Time:	2.0310957113901775 minutes
es
Batch 19800 Loss:	6.150427519372897
Batch 19800 Time:	2.205111026763916 minutes
Batch 16400 Loss:	5.740958256064914
Batch 16400 Time:	2.5844324509302776 minBatch 800 Loss:	26.995418313890696
Batch 800 Time:	2.040980549653371 minutes
Batch 500 Loss:	34.52092634141445
Batch 500 Time:	2.0915335138638813 minutes
tes
Batch 19900 Loss:	4.422487698961049
Batch 19900 Time:	2.1705312530199685 minutes
Batch 600 Loss:	33.65589079260826
Batch 600 Time:	2.0719406525293986 minutes
Batch 16500 Loss:	5.5618041602429
Batch 16500 Time:	2.6530185182889303 minutes
Batch 15700 Loss:	5.061054200108629
Batch 15700 Time:	2.758068795998891 minutes
Batch 700 Loss:	28.944625701755285
Batch 700 Time:	2.0825874328613283 minutes
Batch 1000 Loss:	26.884852796792984
Batch 1000 Time:	2.0643158078193666 minutes
Batch 16600 Loss:	5.752233841136331
Batch 16600 Time:	2.74236181974411 minutes
Batch 15800 Loss:	6.1955796227557585
Batch 15800 Time:	2.7932501514752706 minuBatch 1100 Loss:	23.17508376017213
Batch 1100 Time:	2.0420395731925964 minutes
Batch 800 Loss:	28.568733170628548
Batch 800 Time:	2.078138081232707 minutes
Batch 16700 Loss:	5.856636393349618
Batch 16700 Time:	2.9428577343622844 minuBatch 1200 Loss:	23.20492799207568
Batch 1200 Time:	2.0773599187533063 minutes
Batch 0 Loss:	0.666756808757782
Batch 0 Time:	0.1553698221842448 minutes
es
nutes
Batch 1000 Loss:	25.530450955033302
Batch 1000 Time:	2.061811379591624 minutes
Batch 1300 Loss:	23.544320076704025
Batch 1300 Time:	2.021134618918101 minutes
Batch 1000 Loss:	26.11325788870454
Batch 1000 Time:	2.0972230871518454 minutes
s
Batch 100 Loss:	58.75069037079811
Batch 100 Time:	2.1665349046389264 minutes
Batch 1400 Loss:	21.780301310122013
Batch 1400 Time:	2.036194550991058 minutesBatch 16000 Loss:	4.7086283149401424
Batch 16000 Time:	3.243421467145284 minutes
Batch 1100 Loss:	24.450816623866558
Batch 1100 Time:	2.07655295530955 minutes
Batch 1500 Loss:	20.546116910874844
Batch 1500 Time:	2.0603349526723225 minutes
Batch 16100 Loss:	6.102867132271058
Batch 16100 Time:	3.2463703870773317 minuteBaBatch 1600 Loss:	19.002009443938732
Batch 1600 Time:	2.059949541091919 minutes
Batch 17000 Loss:	5.385447499080328
Batch 17000 Time:	2.9679723064104717 minutes
Batch 1300 Loss:	24.00713488459587
Batch 1300 Time:	2.070537066459656 minutes
Batch 1700 Loss:	20.649361496791244
Batch 1700 Time:	2.0533984144528707 minutesBatch 16200 Loss:	5.140407707542181
Batch 16200 Time:	3.003378717104594 minutes
Batch 17100 Loss:	4.340587573853554
Batch 17100 Time:	2.8460413813591003 minutes
Batch 1800 Loss:	18.664475752040744
Batch 1800 Time:	2.047866702079773 minutes
Batch 16300 Loss:	5.904063035588479
Batch 16300 Time:	3.1765990296999616 minutes
Batch 1900 Loss:	19.640746721997857
Batch 1900 Time:	2.070029369990031 minutes
s
Batch 1600 Loss:	20.94190058670938
Batch 1600 Time:	2.090697399775187 minutes
Batch 700 Loss:	35.0137899890542
Batch 700 Time:	2.1510035196940103 minutes
tes
Batch 17300 Loss:	5.347933256824035
Batch 17300 Time:	2.717034876346588 minutes
Batch 1700 Loss:	18.253962341696024
Batch 1700 Time:	2.1067392349243166 minutes
Batch 800 Loss:	36.25796167552471
Batch 800 Time:	2.1887542486190794 minutes
es
Batch 1800 Loss:	17.3521445132792
Batch 1800 Time:	2.0765625834465027 minutes
s
Batch 17400 Loss:	4.637205587525386
Batch 17400 Time:	2.9076462030410766 minutes
Batch 900 Loss:	32.782119795680046
Batch 900 Time:	2.1816498398780824 minutes

Batch 16600 Loss:	5.140594161930494
Batch 16600 Time:	2.8016680320103964 minutesBBatch 1000 Loss:	30.607483111321926
Batch 1000 Time:	2.168277895450592 minutes

Batch 2000 Loss:	15.902148339897394
Batch 2000 Time:	2.0652949968973795 minutes
Batch 16700 Loss:	6.245955455087824
Batch 16700 Time:	2.7310825983683267 minuteBaBatch 17600 Loss:	4.940205271530431
Batch 17600 Time:	2.8320807456970214 minBatch 2100 Loss:	17.711562167853117
Batch 2100 Time:	2.0774803082148234 minutes
Batch 2200 Loss:	15.496594665572047
Batch 2200 Time:	2.0792306741078694 minutes
Batch 16800 Loss:	6.121651720372029
Batch 16800 Time:	2.6905008713404337 minutesBBatch 17700 Loss:	5.468238356465008
Batch 17700 Time:	2.7428672115008035 minuBatch 2300 Loss:	15.085978543851525
Batch 2300 Time:	2.060628831386566 minutes

Batch 1300 Loss:	28.788280699402094
Batch 1300 Time:	2.175541428724925 minutes
Batch 16900 Loss:	3.6640216046653222
Batch 16900 Time:	2.6987608472506204 minutes
Batch 17800 Loss:	4.854101427365094
Batch 17800 Time:	2.8037484566370647 minuteBatch 1400 Loss:	24.492291402071714
Batch 1400 Time:	2.139303429921468 minutes
Batch 2400 Loss:	13.962136848829687
Batch 2400 Time:	2.065358992417653 minutes
Batch 2500 Loss:	15.071748483926058
Batch 2500 Time:	2.063204367955526 minutes
s
Batch 2500 Loss:	14.869842927902937
Batch 2500 Time:	2.077708594004313 minutes

Batch 2600 Loss:	14.401674260385334
Batch 2600 Time:	2.113301412264506 minutes
Batch 1600 Loss:	24.896494563668966
Batch 1600 Time:	2.1637275417645774 minutes

Batch 18000 Loss:	4.443772416678257
Batch 18000 Time:	2.7470211108525593 minutBatBatch 2700 Loss:	14.493961873464286
Batch 2700 Time:	2.097611912091573 minutes
Batch 17200 Loss:	4.072402168327244
Batch 17200 Time:	2.791134258111318 minutes
Batch 18100 Loss:	4.513999806935317
Batch 18100 Time:	2.7300299684206646 minutes
Batch 2800 Loss:	14.12234302982688
Batch 2800 Time:	2.0892146547635395 minutes

Batch 2900 Loss:	14.687909915111959
Batch 2900 Time:	2.082858669757843 minutes
s
Batch 2900 Loss:	14.157037580385804
Batch 2900 Time:	2.0911208430926007 minutes
Batch 3000 Loss:	13.190071154385805
Batch 3000 Time:	2.0583152453104656 minutes
Batch 17400 Loss:	5.737398737575859
Batch 17400 Time:	2.8266510725021363 minutes
Batch 3400 Loss:	11.314734114333987
Batch 3400 Time:	2.0739532113075256 minutes

Batch 3100 Loss:	15.512420134618878
Batch 3100 Time:	2.082987602551778 minutes
Batch 3500 Loss:	10.442775673232973
Batch 3500 Time:	2.033734651406606 minutes
s
Batch 18400 Loss:	5.5059296764666215
Batch 18400 Time:	2.8575035413106282 minutes
Batch 3600 Loss:	13.55599921499379
Batch 3600 Time:	2.054900507132212 minutes


Batch 17600 Loss:	5.286826747716987
Batch 17600 Time:	2.8055654525756837 minutes
Batch 3300 Loss:	12.616033144295216
Batch 3300 Time:	2.0747831225395204 minutes
atch 2300 Loss:	20.98438312485814
Batch 2300 Time:	2.1551148772239683 minutes
Batch 3400 Loss:	12.25451147928834
Batch 3400 Time:	2.0823958992958067 minutes
Batch 3400 Loss:	12.281929391436279
Batch 3400 Time:	2.079120449225108 minutes
s
Batch 3800 Loss:	10.65076359640807
Batch 3800 Time:	2.028164299329122 minutes
Batch 3500 Loss:	11.210056720301509
Batch 3500 Time:	2.0918344020843507 minutes

Batch 17800 Loss:	4.156160775426542
Batch 17800 Time:	2.8892536719640094 minuteBaBatch 18700 Loss:	3.6685187892289832
Batch 18700 Time:	2.9371582786242167 minutes
Batch 4000 Loss:	9.412888602353632
Batch 4000 Time:	2.0560661911964417 minutes
Batch 3700 Loss:	11.228684629313648
Batch 3700 Time:	2.065182153383891 minutes
Batch 17900 Loss:	5.65491448371904
Batch 17900 Time:	2.8667077302932737 minutes
Batch 4100 Loss:	10.584898214088753
Batch 4100 Time:	2.0811007539431254 minutes
Batch 2700 Loss:	19.973168240860105
Batch 2700 Time:	2.17564879655838 minutes
Batch 3800 Loss:	10.269544825423509
Batch 3800 Time:	2.0871145367622375 minutes
Batch 4200 Loss:	9.654287213692442
Batch 4200 Time:	2.0700953364372254 minutes


Batch 18900 Loss:	4.997557370108552
Batch 18900 Time:	2.7365952809651692 minutes
atch 3900 Loss:	11.875440570060164
Batch 3900 Time:	2.0797470609347024 minutes
Batch 4300 Loss:	9.268029409693554
Batch 4300 Time:	2.0457129875818887 minutes
Batch 18100 Loss:	4.6050917614629725
Batch 18100 Time:	2.84629248380661 minutesBatch 19000 Loss:	4.329846229033137
Batch 19000 Time:	2.7035690188407897 minutes
Batch 4400 Loss:	9.564940519630909
Batch 4400 Time:	2.052582045396169 minutes
Batch 3000 Loss:	17.484511516522616
Batch 3000 Time:	2.1580623229344686 minutes
Batch 19100 Loss:	4.505855353403604
Batch 19100 Time:	2.8059704184532164 minutes
Batch 4500 Loss:	9.582026018179022
Batch 4500 Time:	2.0218608419100446 minutes
Batch 4200 Loss:	10.188878261717036
Batch 4200 Time:	2.0793171286582948 minutes
Batch 3100 Loss:	17.10858299769461
Batch 3100 Time:	2.158119225502014 minutes
Batch 19200 Loss:	4.466303871507989
Batch 19200 Time:	2.744479723771413 minutes

Batch 4300 Loss:	10.409405476413667
Batch 4300 Time:	2.1065168420473737 minutes
Batch 3200 Loss:	17.175244562327862
Batch 3200 Time:	2.209840949376424 minutes
Batch 4300 Loss:	12.133332048309967
Batch 4300 Time:	2.057977521419525 minutes
Batch 18400 Loss:	5.655617038544733
Batch 18400 Time:	2.812565004825592 minuteBatch 19300 Loss:	5.7675114321755245
Batch 19300 Time:	2.686919661362966 minutes
Batch 4400 Loss:	10.956834016134962
Batch 4400 Time:	2.1035521229108176 minutes
Batch 4500 Loss:	10.937045068945736
Batch 4500 Time:	2.048710056145986 minutes
Batch 3400 Loss:	19.85770233348012
Batch 3400 Time:	2.1615959366162616 minutes
Batch 4900 Loss:	9.513463247101754
Batch 4900 Time:	2.065052350362142 minutes

s
Batch 4500 Loss:	9.940951934433542
Batch 4500 Time:	2.061048134167989 minutes
Batch 4600 Loss:	10.773524111602455
Batch 4600 Time:	2.08228231271108 minutes
Batch 3500 Loss:	16.96309319138527
Batch 3500 Time:	2.173883839448293 minutes
Batch 18600 Loss:	5.164619715069421
Batch 18600 Time:	2.8176737348238627 minutes
Batch 4700 Loss:	8.634864162653685
Batch 4700 Time:	2.0591247002283732 minutes
Batch 3600 Loss:	17.623232379555702
Batch 3600 Time:	2.163417653242747 minutes
Batch 4700 Loss:	9.495602497830987
Batch 4700 Time:	2.1078921516736346 minutes
Batch 19600 Loss:	5.986254388466477
Batch 19600 Time:	2.55820308526357 minutes
Batch 3700 Loss:	17.420112617313862
Batch 3700 Time:	2.155009853839874 minutes
Batch 4800 Loss:	10.207207610830665
Batch 4800 Time:	2.088059683640798 minutes
Batch 4900 Loss:	8.660538260010071
Batch 4900 Time:	2.0868691047032675 minutes
Batch 19700 Loss:	5.555070101516321
Batch 19700 Time:	2.6073234756787618 minutes
Batch 5300 Loss:	9.614695436612237
Batch 5300 Time:	2.057949650287628 minutes
es
Batch 4900 Loss:	9.099258639966138
Batch 4900 Time:	2.0905169288317365 minutes
Batch 5000 Loss:	9.582018217537552
Batch 5000 Time:	2.07296408812205 minutes
Batch 5400 Loss:	9.10831118747592
Batch 5400 Time:	2.05233226219813 minutes
es
s
Batch 18900 Loss:	4.812153448001482
Batch 18900 Time:	2.8788376450538635 minutes
atch 5100 Loss:	8.166544939856976
Batch 5100 Time:	2.0515873233477273 minutes
Batch 5100 Loss:	10.1597746941261
Batch 5100 Time:	2.065409473578135 minutes
s
Batch 5200 Loss:	10.322833427344449
Batch 5200 Time:	2.0878037293752034 minutes
Batch 19000 Loss:	3.771711158049584
Batch 19000 Time:	2.82549995581309 minutes
Batch 5200 Loss:	9.025987763190642
Batch 5200 Time:	2.0906712412834167 minutes

Batch 5300 Loss:	9.551316110650077
Batch 5300 Time:	2.06377036968867 minutes
Batch 5300 Loss:	7.547546775080264
Batch 5300 Time:	2.0790672024091084 minutes
Batch 5400 Loss:	8.11670166766271
Batch 5400 Time:	2.089637887477875 minutes
Batch 4300 Loss:	14.499134589917958
Batch 4300 Time:	2.144146943092346 minutes
Batch 19200 Loss:	5.5498850995791145
Batch 19200 Time:	2.8365166266759236 minutes
ch 5500 Loss:	7.374480891041458
Batch 5500 Time:	2.097553356488546 minutes
Batch 4400 Loss:	15.634709917008877
Batch 4400 Time:	2.1996082425117494 minutesBatch 5500 Loss:	9.355729446862824
Batch 5500 Time:	2.1097203493118286 minutes
Batch 5600 Loss:	9.632032074267045
Batch 5600 Time:	2.1033048192660013 minutes
Batch 6000 Loss:	8.951749934232794
Batch 6000 Time:	2.0406538883845013 minutes

Batch 5600 Loss:	8.827725671231747
Batch 5600 Time:	2.077913745244344 minutes
s
Batch 5700 Loss:	8.629417933756486
Batch 5700 Time:	2.0865821798642474 minutes
Batch 19400 Loss:	4.891717401740607
Batch 19400 Time:	2.76111954053243 minutes

Batch 5700 Loss:	7.7156244033249095
Batch 5700 Time:	2.085354534784953 minutesBatch 5800 Loss:	9.684285406023264
Batch 5800 Time:	2.0507675568262735 minutes
Batch 6200 Loss:	7.052566120866686
Batch 6200 Time:	2.052838182449341 minutes
Batch 19500 Loss:	4.177437567617744
Batch 19500 Time:	2.7750317136446636 minutes
 5900 Loss:	7.052384839160368
Batch 5900 Time:	2.077042539914449 minutes
Batch 6300 Loss:	9.104927358217537
Batch 6300 Time:	2.023774758974711 minutes
Batch 300 Loss:	43.47230489552021
Batch 300 Time:	2.514981480439504 minutes
tes
Batch 6400 Loss:	6.6123571816133335
Batch 6400 Time:	2.0548840403556823 minutes
Batch 6100 Loss:	7.208096351590939
Batch 6100 Time:	2.064527090390523 minutes
s
Batch 400 Loss:	41.85384155809879
Batch 400 Time:	2.4984155615170796 minutes
Batch 19700 Loss:	5.7650629270938225
Batch 19700 Time:	2.6704068541526795 minutes
Batch 6200 Loss:	7.9959705653600395
Batch 6200 Time:	2.06143882671992 minutes
s
Batch 6600 Loss:	6.393017228925601
Batch 6600 Time:	2.0361374338467915 minutes
Batch 6300 Loss:	6.603937995969318
Batch 6300 Time:	2.0684855421384176 minutes

Batch 600 Loss:	35.8107063472271
Batch 600 Time:	2.503802231947581 minutes
es
Batch 5200 Loss:	14.41137898946181
Batch 5200 Time:	2.1796591242154437 minutes
Batch 6800 Loss:	6.431538067525253
Batch 6800 Time:	2.034890766938527 minutes
s
Batch 6500 Loss:	7.792720688506961
Batch 6500 Time:	2.0519875089327493 minuBatch 5300 Loss:	10.98906363453716
Batch 5300 Time:	2.1741573333740236 minutes
Batch 6900 Loss:	8.168512555770576
Batch 6900 Time:	2.0463670015335085 minutes
Batch 6600 Loss:	8.510256826295517
Batch 6600 Time:	2.0577417850494384 minutes
Batch 7000 Loss:	6.395025752717629
Batch 7000 Time:	2.0526323755582174 minutes
Batch 6700 Loss:	6.390990043291822
Batch 6700 Time:	2.0639118631680806 minutes
Batch 900 Loss:	30.85532768815756
Batch 900 Time:	2.5712080160776773 minutes
es
Batch 7100 Loss:	6.79008040507324
Batch 7100 Time:	2.0542882839838663 minutes
Batch 6700 Loss:	8.10148691572249
Batch 6700 Time:	2.114206584294637 minutes
es
Batch 5600 Loss:	11.834436669014394
Batch 5600 Time:	2.170011862119039 minutes
Batch 1000 Loss:	31.094556745141745
Batch 1000 Time:	2.534056210517883 minutes
Batch 6800 Loss:	8.098894045921043
Batch 6800 Time:	2.094561457633972 minutes

Batch 7300 Loss:	6.400131035479717
Batch 7300 Time:	2.023007603486379 minutes
s
Batch 1100 Loss:	27.844427440315485
Batch 1100 Time:	2.489980912208557 minutes
Batch 6900 Loss:	6.411480950948317
Batch 6900 Time:	2.0838983337084453 minutes
Batch 7400 Loss:	6.451105286832899
Batch 7400 Time:	2.02613734404246 minutes
s
Batch 100 Loss:	59.53408199548721
Batch 100 Time:	2.748383402824402 minutes
Batch 7000 Loss:	7.246471939375624
Batch 7000 Time:	2.09723504781723 minutes
s

Batch 7500 Loss:	6.402225328725763
Batch 7500 Time:	2.0527329961458842 minutes
Batch 7100 Loss:	7.474370433425065
Batch 7100 Time:	2.089165465037028 minutes

Batch 7600 Loss:	6.252096513402648
Batch 7600 Time:	2.0666985551516217 minutes
atch 6000 Loss:	9.44938548875507
Batch 6000 Time:	2.1366806546847026 minutes
Batch 7200 Loss:	6.588926763390191
Batch 7200 Time:	2.0831753929456074 minutesBBatch 7700 Loss:	5.574517707282212
Batch 7700 Time:	2.026106429100037 minuteBatch 1400 Loss:	27.182380570098758
Batch 1400 Time:	2.5305498401323954 minutes
Batch 7300 Loss:	6.634848076675553
Batch 7300 Time:	2.0715147137641905 minutes
Batch 400 Loss:	39.56272469460964
Batch 400 Time:	2.7251646320025125 minutes

Batch 1500 Loss:	29.61669571697712
Batch 1500 Time:	2.5000244935353595 minutes

Batch 7400 Loss:	5.852901084464975
Batch 7400 Time:	2.0714064876238507 minutes
Batch 7900 Loss:	6.592401547706686
Batch 7900 Time:	2.0464669863382974 minutes
Batch 6300 Loss:	13.812222047243267
Batch 6300 Time:	2.173125465710958 minutes
Batch 1600 Loss:	25.68685306608677
Batch 1600 Time:	2.5029054443041483 minuBatch 7500 Loss:	6.248496987100225
Batch 7500 Time:	2.095901878674825 minutes
utes
Batch 8000 Loss:	5.741200464661233
Batch 8000 Time:	2.06433048248291 minutes
Batch 6400 Loss:	11.298508165869862
Batch 6400 Time:	2.1771593769391377 minutes
Batch 7600 Loss:	7.95269392686896
Batch 7600 Time:	2.0932519316673277 minutes
BaBatch 8100 Loss:	6.197432718006894
Batch 8100 Time:	2.0429723421732584 minutes
Batch 6500 Loss:	9.532380473334342
Batch 6500 Time:	2.1431161880493166 minutes
Batch 7700 Loss:	6.448440891224891
Batch 7700 Time:	2.0872877756754558 minutes
Batch 700 Loss:	35.17633432894945
Batch 700 Time:	2.7653491179148357 minutes


Batch 6600 Loss:	9.4355727317743
Batch 6600 Time:	2.1570078412691753 minutes
Batch 7800 Loss:	7.669969470473006
Batch 7800 Time:	2.1093449513117473 minutes
Batch 8300 Loss:	7.539474528399296
Batch 8300 Time:	2.0466481963793437 minutes
Batch 1900 Loss:	23.434080056846142
Batch 1900 Time:	2.636420178413391 minutes
Batch 800 Loss:	34.72471968084574
Batch 800 Time:	2.730583635965983 minutes
s
Batch 7900 Loss:	6.932917568599805
Batch 7900 Time:	2.092965002854665 minutes

Batch 8400 Loss:	5.9604646378720645
Batch 8400 Time:	2.0535769979159038 minutes
Batch 2000 Loss:	25.854286842048168
Batch 2000 Time:	2.626102876663208 minutes

Batch 8000 Loss:	6.06227322210907
Batch 8000 Time:	2.104069407780965 minutes

Batch 8500 Loss:	5.24745001050178
Batch 8500 Time:	2.070986358324687 minutes
Batch 6900 Loss:	8.869153157807887
Batch 6900 Time:	2.161352217197418 minutes
Batch 2100 Loss:	20.390691505745053
Batch 2100 Time:	2.5060672243436177 minutesBBatch 8600 Loss:	5.03990527780843
Batch 8600 Time:	2.0585639834403993 minuteBatch 1000 Loss:	29.886851467192173
Batch 1000 Time:	2.7063651283582053 minutes
Batch 7000 Loss:	9.699435093440115
Batch 7000 Time:	2.1930738647778827 minutes
Batch 8300 Loss:	6.609846747014672
Batch 8300 Time:	2.0878074447313946 minutes
Batch 2200 Loss:	22.14446023479104
Batch 2200 Time:	2.5582253376642865 minutes
Batch 1100 Loss:	30.500908210873604
Batch 1100 Time:	2.6833521048227946 minutes
Batch 7100 Loss:	9.360341566731222
Batch 7100 Time:	2.1712960322697956 minutes
Batch 8400 Loss:	5.604990029358305
Batch 8400 Time:	2.0665719588597615 minutes
Batch 8800 Loss:	5.406709533417597
Batch 8800 Time:	2.027707552909851 minutes
Batch 2300 Loss:	20.281093852594495
Batch 2300 Time:	2.572336769104004 minutes
Batch 1200 Loss:	29.06274289637804
Batch 1200 Time:	2.7155709783236186 minutes
Batch 8900 Loss:	6.940909920085687
Batch 8900 Time:	2.0373520414034525 minutes
Batch 2400 Loss:	20.65766580030322
Batch 2400 Time:	2.6028761347134908 minutes
Batch 7300 Loss:	7.775463597616181
Batch 7300 Time:	2.146941049893697 minutes
s
Batch 1300 Loss:	28.695818088948727
Batch 1300 Time:	2.7508712569872538 minutes
Batch 2500 Loss:	19.838948937132955
Batch 2500 Time:	2.601439023017883 minutesBatch 8600 Loss:	6.025865853065625
Batch 8600 Time:	2.1125502427419027 minutes

Batch 9100 Loss:	5.048911532619968
Batch 9100 Time:	2.0610185583432514 minutes
Batch 1400 Loss:	27.40285386145115
Batch 1400 Time:	2.719157365957896 minutes
Batch 8800 Loss:	7.369208900490776
Batch 8800 Time:	2.0832159399986265 minutes
Batch 2600 Loss:	19.507490852847695
Batch 2600 Time:	2.5471702575683595 minutes
Batch 1500 Loss:	25.10915058851242
Batch 1500 Time:	2.735991128285726 minutes

Batch 8800 Loss:	6.139159854501486
Batch 8800 Time:	2.1220854123433432 minutes
Batch 2700 Loss:	20.353863302618265
Batch 2700 Time:	2.5749991099039713 minutes
Batch 9000 Loss:	6.267153567052446
Batch 9000 Time:	2.0803749322891236 minutes
Batch 1600 Loss:	25.09618655219674
Batch 1600 Time:	2.814861897627513 minutes


Batch 2800 Loss:	18.191493668593466
Batch 2800 Time:	2.76423104206721 minutes
Batch 9100 Loss:	5.191790814860724
Batch 9100 Time:	2.0765113552411396 minutes
Batch 9000 Loss:	6.151891311630607
Batch 9000 Time:	2.0979984561602274 minutes
Batch 1700 Loss:	23.898153487592936
Batch 1700 Time:	2.7348798831303913 minutes
Batch 2900 Loss:	18.77134014852345
Batch 2900 Time:	2.6449307521184284 minutesBatch 9100 Loss:	5.046937904029619
Batch 9100 Time:	2.0821347991625467 minutes
s
Batch 9300 Loss:	4.969021103461273
Batch 9300 Time:	2.085586965084076 minutes

Batch 3000 Loss:	20.351722774561495
Batch 3000 Time:	2.672726571559906 minutes
Batch 8000 Loss:	9.321913621970452
Batch 8000 Time:	2.1409554560979207 minutes
Batch 9800 Loss:	5.370967331473366
Batch 9800 Time:	2.05602552096049 minutes
s
Batch 8100 Loss:	8.708310653455555
Batch 8100 Time:	2.163838179906209 minutes
Batch 3100 Loss:	17.3105509551242
Batch 3100 Time:	2.581770936648051 minutes
Batch 9900 Loss:	6.951125918887556
Batch 9900 Time:	2.0629098534584047 minutesBatch 2000 Loss:	20.440355021506548
Batch 2000 Time:	2.5718268195788068 minutes
tch 8200 Loss:	9.495653224177659
Batch 8200 Time:	2.1771817406018577 minutes
Batch 10000 Loss:	6.2258880549052265
Batch 10000 Time:	2.0332925875981647 minuBatch 9500 Loss:	5.559653549571522
Batch 9500 Time:	2.101086942354838 minutes
Batch 8300 Loss:	8.76114511222113
Batch 8300 Time:	2.1848781943321227 minutes
Batch 2100 Loss:	21.26956345513463
Batch 2100 Time:	2.5670730511347455 minutes
Batch 10100 Loss:	5.437517914513592
Batch 10100 Time:	2.072182869911194 minuteBatch 9600 Loss:	4.685697343549691
Batch 9600 Time:	2.0762741963068643 minutes
Batch 8400 Loss:	8.533922201371752
Batch 8400 Time:	2.1667968312899273 minutes
Batch 2200 Loss:	21.05341330729425
Batch 2200 Time:	2.5545428236325582 minutes
Batch 9800 Loss:	5.175755741307512
Batch 9800 Time:	2.0805207967758177 minutes

Batch 3400 Loss:	18.878815619274974
Batch 3400 Time:	2.5565766215324404 minutes
Batch 8500 Loss:	8.3958261157386
Batch 8500 Time:	2.1530398448308308 minutes
Batch 2300 Loss:	19.063293762505054
Batch 2300 Time:	2.5363977630933126 minutes
Batch 9800 Loss:	5.417661825980758
Batch 9800 Time:	2.093660859266917 minutes
Batch 3500 Loss:	18.957185764797032
Batch 3500 Time:	2.4666377663612367 minutes
Batch 10000 Loss:	6.396649446076481
Batch 10000 Time:	2.0473847428957623 minutes
Batch 2400 Loss:	21.44849570095539
Batch 2400 Time:	2.624141828219096 minutes
Batch 3600 Loss:	17.007805378176272
Batch 3600 Time:	2.53236692349116 minutes

Batch 10100 Loss:	5.4556498932652175
Batch 10100 Time:	2.0791100382804872 minutes
Batch 10000 Loss:	4.248669635388069
Batch 10000 Time:	2.0978672981262205 minutes
Batch 8800 Loss:	9.021527731441893
Batch 8800 Time:	2.192567006746928 minutes
s
Batch 3700 Loss:	15.275782246142626
Batch 3700 Time:	2.5100560704867045 minutes

Batch 10100 Loss:	5.449931891678716
Batch 10100 Time:	2.0757612069447835 minutes
Batch 2600 Loss:	19.512683904729784
Batch 2600 Time:	2.5484496275583903 minutes
Batch 10300 Loss:	6.973871055466589
Batch 10300 Time:	2.060665460427602 minutes

Batch 10200 Loss:	5.243289703968912
Batch 10200 Time:	2.072056023279826 minutes
Batch 9000 Loss:	10.159644705243409
Batch 9000 Time:	2.191037670771281 minutes
Batch 2700 Loss:	18.4750082436949
Batch 2700 Time:	2.555733839670817 minutes
es

Batch 3900 Loss:	17.998067174106836
Batch 3900 Time:	2.5621014714241026 minutes
Batch 9100 Loss:	7.645485419081524
Batch 9100 Time:	2.1813820441563925 minutes
Batch 10900 Loss:	5.7354501992231235
Batch 10900 Time:	2.049799470106761 minutes
Batch 10500 Loss:	4.594845211948268
Batch 10500 Time:	2.0846774776776633 minutes
Batch 10400 Loss:	4.13784815769759
Batch 10400 Time:	2.076590899626414 minutes
Batch 4000 Loss:	14.784255165606737
Batch 4000 Time:	2.5329914450645448 minutes
Batch 11000 Loss:	4.221093787113205
Batch 11000 Time:	2.0527072072029116 minutes
Batch 10600 Loss:	4.922101717966143
Batch 10600 Time:	2.065542968114217 minutes
Batch 2900 Loss:	17.884432550519705
Batch 2900 Time:	2.598239227135976 minutes
s
Batch 4100 Loss:	16.383279806002975
Batch 4100 Time:	2.568853481610616 minutes
s
Batch 10700 Loss:	4.902542810188606
Batch 10700 Time:	2.0752968231836957 minutes
Batch 10600 Loss:	4.8535152929252945
Batch 10600 Time:	2.1124847173690795 minutes
Batch 11200 Loss:	4.728289724444039
Batch 11200 Time:	2.0227763017018634 minutes
Batch 4200 Loss:	14.735719746910036
Batch 4200 Time:	2.541432003180186 minutes

Batch 9400 Loss:	10.865104501368478
Batch 9400 Time:	2.2490190267562866 minutes
Batch 10700 Loss:	5.403385541110765
Batch 10700 Time:	2.0674546360969543 minutes
Batch 11300 Loss:	5.777905240072869
Batch 11300 Time:	2.0364328702290853 minutes
Batch 3100 Loss:	18.754927659407258
Batch 3100 Time:	2.587131647268931 minutes

Batch 9500 Loss:	8.574651119532064
Batch 9500 Time:	2.1584316929181417 minutes
Batch 10800 Loss:	4.031072033569217
Batch 10800 Time:	2.0989060322443645 minutes
Batch 11400 Loss:	5.0976005310658365
Batch 11400 Time:	2.0347063899040223 minutes
Batch 11000 Loss:	4.567898496519774
Batch 11000 Time:	2.112279534339905 minutes
Batch 10900 Loss:	4.214223168586614
Batch 10900 Time:	2.041230762004852 minuteBatch 4400 Loss:	15.281063565518707
Batch 4400 Time:	2.5243753592173257 minutes
Batch 11500 Loss:	3.851602189752157
Batch 11500 Time:	2.0170873483022054 minutes
Batch 11100 Loss:	4.8948591478401795
Batch 11100 Time:	2.0863301793734235 minutes
Batch 3300 Loss:	17.159251367673278
Batch 3300 Time:	2.554358152548472 minutes
es
Batch 4500 Loss:	15.452511664945632
Batch 4500 Time:	2.5183523178100584 minutes

Batch 11200 Loss:	4.0420701777911745
Batch 11200 Time:	2.0785579284032187 minutes
Batch 9800 Loss:	8.325108620803803
Batch 9800 Time:	2.214697873592377 minutes
es
Batch 3400 Loss:	17.692692620679736
Batch 3400 Time:	2.5642974257469175 minutes
Batch 4600 Loss:	14.142078690230846
Batch 4600 Time:	2.5483712752660117 minutes

Batch 9900 Loss:	7.82545333111193
Batch 9900 Time:	2.1629477103551227 minutes
tes
Batch 11800 Loss:	6.125689747044817
Batch 11800 Time:	2.0653002699216207 minutes
Batch 3500 Loss:	17.81712470203638
Batch 3500 Time:	2.5678653717041016 minutes
s
Batch 11300 Loss:	3.944364124792628
Batch 11300 Time:	2.0812471469243365 minutesBatch 10000 Loss:	10.414992199628614
Batch 10000 Time:	2.2156545162200927 minutes
Batch 11900 Loss:	5.745798879303038
Batch 11900 Time:	2.040631580352783 minutes
Batch 11500 Loss:	3.75872010726016
Batch 11500 Time:	2.0595695853233336 minutes
Batch 4800 Loss:	13.060724249808118
Batch 4800 Time:	2.528768253326416 minutes
s
Batch 10100 Loss:	9.433953028317774
Batch 10100 Time:	2.185356406370799 minutes
Batch 12000 Loss:	5.2212723951088265
Batch 12000 Time:	2.034245479106903 minutes
Batch 11600 Loss:	4.067360076121986
Batch 11600 Time:	2.063917605082194 minutes
Batch 3700 Loss:	15.606880854815245
Batch 3700 Time:	2.5948774139086406 minutes

Batch 4900 Loss:	13.132703920360655
Batch 4900 Time:	2.5138119061787925 minutes
Batch 12100 Loss:	7.3001353674335405
Batch 12100 Time:	2.0389984607696534 minutes
Batch 11700 Loss:	5.005830133915879
Batch 11700 Time:	2.0965192278226215 minutes
Batch 11600 Loss:	3.9409191062441096
Batch 11600 Time:	2.0606967846552533 minutes
Batch 5000 Loss:	12.666589323431253
Batch 5000 Time:	2.5086038589477537 minutes

Batch 11800 Loss:	5.865892305737361
Batch 11800 Time:	2.0666517059008283 minutes
Batch 11700 Loss:	5.205788418621523
Batch 11700 Time:	2.073453438282013 minutes
Batch 10400 Loss:	8.82562379562296
Batch 10400 Time:	2.207618411382039 minutes
Batch 5100 Loss:	13.423571500461549
Batch 5100 Time:	2.5127573529879252 minutes
Batch 11800 Loss:	4.2661734514986165
Batch 11800 Time:	2.0893513123194376 minutes
Batch 10500 Loss:	9.466365444939584
Batch 10500 Time:	2.2072588125864665 minutes

Batch 12000 Loss:	3.8485079127713107
Batch 12000 Time:	2.0651646773020427 minutes
Batch 11900 Loss:	4.915932616277132
Batch 11900 Time:	2.066698980331421 minutes
Batch 10600 Loss:	6.503282203862909
Batch 10600 Time:	2.179149031639099 minutes

Batch 12100 Loss:	3.2730229973676614
Batch 12100 Time:	2.055732560157776 minutes
Batch 5300 Loss:	13.438486714847386
Batch 5300 Time:	2.531441855430603 minutes


Batch 12600 Loss:	3.774843020597473
Batch 12600 Time:	2.0414236028989157 minutes
Batch 10700 Loss:	9.528669708641246
Batch 10700 Time:	2.186165495713552 minutes
Batch 12100 Loss:	4.657529781654375
Batch 12100 Time:	2.080668318271637 minutes
Batch 5400 Loss:	14.082225622609258
Batch 5400 Time:	2.624046186606089 minutes

Batch 10800 Loss:	9.016255920490948
Batch 10800 Time:	2.1735090176264444 minutes
Batch 12200 Loss:	4.169026823772583
Batch 12200 Time:	2.104079548517863 minutes
Batch 12800 Loss:	4.277427871784312
Batch 12800 Time:	2.038570690155029 minutes
Batch 10900 Loss:	8.617682793177664
Batch 10900 Time:	2.198185884952545 minutes
Batch 12300 Loss:	4.666880618431605
Batch 12300 Time:	2.0889487544695537 minutes
Batch 12900 Loss:	2.858707954379497
Batch 12900 Time:	2.0218693614006042 minutes
Batch 11000 Loss:	6.86672281374922
Batch 11000 Time:	2.2115112940470376 minutes

Batch 12400 Loss:	3.9109380322042853
Batch 12400 Time:	2.044244654973348 minutes
Batch 13000 Loss:	3.646079609330627
Batch 13000 Time:	2.045778969923655 minutes
Batch 12600 Loss:	4.117415715139941
Batch 12600 Time:	2.0823795437812804 minutes
