Gene A,Gene B,Label,Score,Precision,Recall,False Positive Rate
YNL207W,YFL029C,0,1.1512202,0.0,0.0,0.00010025062510976568
YGL157W,YOR026W,0,0.85230684,0.0,0.0,0.00020050125021953136
YOR242C,YAL008W,0,0.8239936,0.0,0.0,0.00030075188260525465
YPL116W,YHR096C,0,0.705024,0.0,0.0,0.0004010025004390627
YBR191W,YDR262W,0,0.7034378,0.0,0.0,0.0005012531182728708
YLR020C,YFR052W,0,0.68290794,0.0,0.0,0.0006015037652105093
YGR274C,YOL009C,0,0.6762953,0.0,0.0,0.0007017544121481478
YPL163C,YDR026C,0,0.6450483,0.0,0.0,0.0008020050008781254
YML081W,YAL030W,0,0.6403268,0.0,0.0,0.000902255647815764
YOL082W,YBL039C,0,0.63756156,0.0,0.0,0.0010025062365457416
YLR439W,YKR096W,0,0.6297001,0.0,0.0,0.001102756941691041
YHR111W,YDL147W,1,0.6225296,0.0833333358168602,0.0009756097570061684,0.001102756941691041
YNR048W,YEL029C,0,0.6196313,0.07692307978868484,0.0009756097570061684,0.0012030075304210186
YFL049W,YBR125C,0,0.6191186,0.0714285746216774,0.0009756097570061684,0.0013032581191509962
YGR245C,YNL167C,0,0.61587363,0.06666667014360428,0.0009756097570061684,0.0014035088242962956
YBL055C,YMR078C,0,0.6118361,0.0625,0.0009756097570061684,0.0015037594130262733
YLL019C,YLR426W,0,0.6036992,0.05882352963089943,0.0009756097570061684,0.0016040100017562509
YPR119W,YGR189C,0,0.6010502,0.0555555559694767,0.0009756097570061684,0.0017042607069015503
YEL037C,YAL013W,0,0.59535605,0.05263157933950424,0.0009756097570061684,0.001804511295631528
YBR097W,YER002W,0,0.59402055,0.05000000074505806,0.0009756097570061684,0.0019047618843615055
YLR054C,YER109C,0,0.5712818,0.0476190485060215,0.0009756097570061684,0.002005012473091483
YLR244C,YPR042C,0,0.5671075,0.04545454680919647,0.0009756097570061684,0.0021052630618214607
YKR064W,YGR104C,0,0.56701267,0.043478261679410934,0.0009756097570061684,0.002205513883382082
YIL143C,YFR040W,0,0.56459355,0.0416666679084301,0.0009756097570061684,0.0023057644721120596
YKL124W,YOR091W,0,0.5597928,0.03999999910593033,0.0009756097570061684,0.002406015060842037
YHL035C,YLL061W,0,0.55825573,0.03846153989434242,0.0009756097570061684,0.002506265649572015
YDR092W,YGR003W,1,0.5434025,0.07407407462596893,0.0019512195140123367,0.002506265649572015
YML112W,YOR061W,0,0.5422184,0.0714285746216774,0.0019512195140123367,0.0026065162383019924
YDL033C,YBR296C,0,0.5391964,0.06896551698446274,0.0019512195140123367,0.00270676682703197
YOR091W,YBL098W,0,0.5371187,0.06666667014360428,0.0019512195140123367,0.0028070176485925913
YOR054C,YBR247C,0,0.5370044,0.06451612710952759,0.0019512195140123367,0.002907268237322569
YGL256W,YDL021W,0,0.5360951,0.0625,0.0019512195140123367,0.0030075188260525465
YKL189W,YDR098C,0,0.53387976,0.06060606241226196,0.0019512195140123367,0.003107769414782524
YOL117W,YEL040W,0,0.5323988,0.05882352963089943,0.0019512195140123367,0.0032080200035125017
YDR390C,YDR059C,1,0.53009355,0.08571428805589676,0.002926829271018505,0.0032080200035125017
YDR454C,YJL130C,0,0.51911634,0.0833333358168602,0.002926829271018505,0.0033082705922424793
YKL166C,YDL022W,0,0.51511824,0.0810810774564743,0.002926829271018505,0.0034085214138031006
YJL219W,YLR045C,0,0.5140318,0.07894736528396606,0.002926829271018505,0.003508772002533078
YAL007C,YNL293W,0,0.5125501,0.07692307978868484,0.002926829271018505,0.003609022591263056
YBL060W,YGR171C,0,0.512471,0.07500000298023224,0.002926829271018505,0.0037092731799930334
YDR320C,YDL164C,0,0.51215,0.0731707289814949,0.002926829271018505,0.003809523768723011
YPL193W,YMR040W,0,0.5102874,0.0714285746216774,0.002926829271018505,0.003909774590283632
YCR091W,YBR084W,0,0.5079151,0.06976744532585144,0.002926829271018505,0.004010024946182966
YBR058C,YGL163C,0,0.50640845,0.06818182021379471,0.002926829271018505,0.0041102757677435875
YPR103W,YBL017C,1,0.50564003,0.08888889104127884,0.0039024390280246735,0.0041102757677435875
YFL004W,YBL069W,0,0.5029273,0.08695652335882187,0.0039024390280246735,0.0042105261236429214
YNL238W,YIL150C,0,0.50231045,0.08510638028383255,0.0039024390280246735,0.004310776945203543
YHR194W,YJL069C,0,0.5010871,0.0833333358168602,0.0039024390280246735,0.004411027766764164
YPR054W,YDL107W,0,0.5010508,0.08163265138864517,0.0039024390280246735,0.004511278122663498
YNL244C,YPR135W,0,0.50093883,0.07999999821186066,0.0039024390280246735,0.004611528944224119
YGL246C,YOR265W,0,0.4980209,0.0784313753247261,0.0039024390280246735,0.004711779300123453
YHL008C,YDR261C,0,0.49742103,0.07692307978868484,0.0039024390280246735,0.004812030121684074
YHL025W,YML067C,0,0.4943781,0.07547169923782349,0.0039024390280246735,0.004912280477583408
YNR001C,YOL077C,0,0.49401742,0.07407407462596893,0.0039024390280246735,0.00501253129914403
YBL088C,YKL079W,0,0.492782,0.072727270424366,0.0039024390280246735,0.005112782120704651
YCL039W,YFR041C,0,0.49145672,0.0714285746216774,0.0039024390280246735,0.005213032476603985
YNL142W,YDR150W,0,0.49107286,0.07017543911933899,0.0039024390280246735,0.005313283298164606
YGL085W,YCL018W,0,0.49006003,0.06896551698446274,0.0039024390280246735,0.00541353365406394
YDR318W,YNL294C,0,0.48961014,0.06779661029577255,0.0039024390280246735,0.005513784475624561
YBR264C,YKR062W,0,0.48837328,0.06666667014360428,0.0039024390280246735,0.005614035297185183
YLR197W,YGR244C,0,0.48786318,0.06557376682758331,0.0039024390280246735,0.0057142856530845165
YMR077C,YNL064C,1,0.48679847,0.08064515888690948,0.004878048785030842,0.0057142856530845165
YHL027W,YLR234W,0,0.48576608,0.0793650820851326,0.004878048785030842,0.005814536474645138
YDR306C,YMR115W,1,0.48262492,0.09375,0.00585365854203701,0.005814536474645138
YIL038C,YNL147W,0,0.48250145,0.0923076942563057,0.00585365854203701,0.005914786830544472
YGR145W,YDR270W,0,0.48130548,0.09090909361839294,0.00585365854203701,0.006015037652105093
YLR147C,YBR050C,0,0.4808249,0.08955223858356476,0.00585365854203701,0.006115288008004427
YLR119W,YHR200W,1,0.48060805,0.10294117778539658,0.0068292682990431786,0.006115288008004427
YML029W,YLL036C,1,0.47927406,0.11594203114509583,0.007804878056049347,0.006115288008004427
YLR010C,YPR194C,0,0.47873425,0.11428571492433548,0.007804878056049347,0.006215538829565048
YGL098W,YLR313C,0,0.47865406,0.11267605423927307,0.007804878056049347,0.0063157896511256695
YKL090W,YOR061W,0,0.47819236,0.1111111119389534,0.007804878056049347,0.006416040007025003
YEL012W,YCL044C,1,0.47637823,0.12328767031431198,0.008780487813055515,0.006416040007025003
YNL041C,YML043C,0,0.4750027,0.12162162363529205,0.008780487813055515,0.006516290828585625
YAL041W,YMR059W,0,0.47445202,0.11999999731779099,0.008780487813055515,0.006616541184484959
YDL170W,YPL253C,0,0.47380477,0.1184210553765297,0.008780487813055515,0.00671679200604558
YMR065W,YGR088W,0,0.47288743,0.11688311398029327,0.008780487813055515,0.006817042827606201
YPL244C,YNR007C,0,0.4717471,0.11538461595773697,0.008780487813055515,0.006917293183505535
YMR303C,YDR329C,0,0.47032017,0.1139240488409996,0.008780487813055515,0.007017544005066156
YDL101C,YER041W,0,0.47004816,0.11249999701976776,0.008780487813055515,0.00711779436096549
YDR419W,YIR018W,0,0.4674092,0.1111111119389534,0.008780487813055515,0.007218045182526112
YER062C,YOR254C,0,0.46240038,0.10975609719753265,0.008780487813055515,0.0073182955384254456
YCR005C,YDR390C,0,0.46214473,0.10843373835086823,0.008780487813055515,0.007418546359986067
YGL148W,YNR059W,0,0.46074414,0.1071428582072258,0.008780487813055515,0.007518797181546688
YPL007C,YJR036C,0,0.46069258,0.10588235408067703,0.008780487813055515,0.007619047537446022
YJR033C,YOR174W,0,0.45854425,0.10465116053819656,0.008780487813055515,0.007719298359006643
YGR245C,YMR087W,0,0.45705783,0.1034482792019844,0.008780487813055515,0.007819549180567265
YDR516C,YKL174C,0,0.4566113,0.10227272659540176,0.008780487813055515,0.007919799536466599
YMR272C,YBR095C,0,0.45633903,0.10112359374761581,0.008780487813055515,0.008020049892365932
YDR179C,YPR019W,0,0.45625645,0.10000000149011612,0.008780487813055515,0.008120301179587841
YPL116W,YHR017W,0,0.45569038,0.09890110045671463,0.008780487813055515,0.008220551535487175
YMR300C,YPR070W,0,0.45554855,0.09782608598470688,0.008780487813055515,0.008320801891386509
YDR393W,YNR030W,0,0.45552507,0.09677419066429138,0.008780487813055515,0.008421052247285843
YBL067C,YKL124W,1,0.4548018,0.10638298094272614,0.009756097570061684,0.008421052247285843
YLR121C,YMR262W,0,0.45394176,0.10526315867900848,0.009756097570061684,0.008521303534507751
YBR006W,YPL210C,0,0.4533791,0.1041666641831398,0.009756097570061684,0.008621553890407085
YIR005W,YLR209C,0,0.45310187,0.10309278219938278,0.009756097570061684,0.00872180424630642
YJL153C,YKR009C,0,0.45215747,0.10204081982374191,0.009756097570061684,0.008822055533528328
YER113C,YCL039W,0,0.45101082,0.10101009905338287,0.009756097570061684,0.008922305889427662
YJL194W,YMR250W,0,0.4506243,0.10000000149011612,0.009756097570061684,0.009022556245326996
YLR119W,YCL044C,1,0.44996616,0.10891088843345642,0.010731707327067852,0.009022556245326996
YLR189C,YKR056W,0,0.4493121,0.10784313827753067,0.010731707327067852,0.00912280660122633
YKL090W,YBR170C,1,0.4490445,0.11650485545396805,0.01170731708407402,0.00912280660122633
YFL049W,YOR283W,0,0.4483801,0.11538461595773697,0.01170731708407402,0.009223057888448238
YKL173W,YDR197W,0,0.44653016,0.11428571492433548,0.01170731708407402,0.009323308244347572
YER125W,YDR087C,0,0.44520503,0.11320754885673523,0.01170731708407402,0.009423558600246906
YKR056W,YNL335W,0,0.44501716,0.11214952915906906,0.01170731708407402,0.009523809887468815
YMR295C,YOL077C,0,0.44492272,0.1111111119389534,0.01170731708407402,0.009624060243368149
YLR228C,YJR127C,0,0.44135576,0.11009174585342407,0.01170731708407402,0.009724310599267483
YLR305C,YNL236W,0,0.44028008,0.1090909093618393,0.01170731708407402,0.009824560955166817
YML109W,YBR050C,0,0.43884158,0.10810811072587967,0.01170731708407402,0.009924812242388725
YER051W,YIL135C,0,0.43781728,0.1071428582072258,0.01170731708407402,0.01002506259828806
YKR038C,YGL062W,0,0.43763244,0.10619468986988068,0.01170731708407402,0.010125312954187393
YHR030C,YHL044W,0,0.43726346,0.10526315867900848,0.01170731708407402,0.010225564241409302
YGR205W,YGL093W,0,0.43595874,0.104347825050354,0.01170731708407402,0.010325814597308636
YML080W,YOR383C,0,0.4357894,0.1034482792019844,0.01170731708407402,0.01042606495320797
YJL172W,YFL001W,0,0.43331647,0.10256410390138626,0.01170731708407402,0.010526316240429878
YKL100C,YJR034W,0,0.43044496,0.10169491171836853,0.01170731708407402,0.010626566596329212
YLR214W,YNL107W,0,0.43034875,0.10084033757448196,0.01170731708407402,0.010726816952228546
YGL067W,YOR011W,0,0.42999777,0.10000000149011612,0.01170731708407402,0.01082706730812788
YOR132W,YMR312W,0,0.42960113,0.09917355328798294,0.01170731708407402,0.010927318595349789
YNL038W,YBL005W,0,0.42854172,0.09836065769195557,0.01170731708407402,0.011027568951249123
YNL008C,YDR292C,0,0.42835063,0.09756097197532654,0.01170731708407402,0.011127819307148457
YDR492W,YBR162C,0,0.4283182,0.09677419066429138,0.01170731708407402,0.011228070594370365
YKL173W,YBR185C,0,0.4280122,0.09600000083446503,0.01170731708407402,0.011328320950269699
YLR006C,YDR261C,0,0.42615226,0.095238097012043,0.01170731708407402,0.011428571306169033
YJL057C,YDL030W,0,0.4254999,0.09448818862438202,0.01170731708407402,0.011528821662068367
YGR161C,YBR158W,0,0.4254959,0.09375,0.01170731708407402,0.011629072949290276
YER005W,YIL009W,0,0.4249506,0.09302325546741486,0.01170731708407402,0.01172932330518961
YMR261C,YMR229C,0,0.42473435,0.0923076942563057,0.01170731708407402,0.011829573661088943
YGR030C,YJR126C,0,0.4235267,0.09160305559635162,0.01170731708407402,0.011929824948310852
YOR067C,YOR078W,0,0.4226634,0.09090909361839294,0.01170731708407402,0.012030075304210186
YLR435W,YFR029W,0,0.4216832,0.09022556245326996,0.01170731708407402,0.01213032566010952
YDL235C,YOR076C,0,0.42080185,0.08955223858356476,0.01170731708407402,0.012230576016008854
YKR093W,YKL040C,0,0.42006037,0.08888889104127884,0.01170731708407402,0.012330827303230762
YJL011C,YDR069C,0,0.41856885,0.0882352963089943,0.01170731708407402,0.012431077659130096
YDR090C,YLR425W,0,0.41833064,0.08759123831987381,0.01170731708407402,0.01253132801502943
YDR211W,YDR332W,0,0.41780162,0.08695652335882187,0.01170731708407402,0.012631579302251339
YGL049C,YPL220W,0,0.41769695,0.08633093535900116,0.01170731708407402,0.012731829658150673
YDR096W,YOR019W,0,0.41612354,0.08571428805589676,0.01170731708407402,0.012832080014050007
YBR217W,YLR306W,1,0.41526264,0.09219858050346375,0.012682926841080189,0.012832080014050007
YDR137W,YLL055W,0,0.41523582,0.09154929220676422,0.012682926841080189,0.01293233036994934
YOL020W,YKR009C,0,0.41460466,0.09090909361839294,0.012682926841080189,0.01303258165717125
YJR028W,YKR057W,0,0.414571,0.0902777761220932,0.012682926841080189,0.013132832013070583
YDL098C,YDR414C,0,0.41450727,0.08965517580509186,0.012682926841080189,0.013233082368969917
YNL331C,YBR072W,0,0.41395208,0.0890410989522934,0.012682926841080189,0.013333333656191826
YMR284W,YER148W,0,0.41371483,0.08843537420034409,0.012682926841080189,0.01343358401209116
YFL025C,YPL215W,0,0.4136148,0.0878378376364708,0.012682926841080189,0.013533834367990494
YNL115C,YKR099W,0,0.4135797,0.08724832534790039,0.012682926841080189,0.013634085655212402
YNL096C,YER081W,0,0.41287345,0.08666666597127914,0.012682926841080189,0.013734336011111736
YNL102W,YGL004C,0,0.4127877,0.08609271794557571,0.012682926841080189,0.01383458636701107
YDR499W,YBL017C,0,0.4126186,0.08552631735801697,0.012682926841080189,0.013934836722910404
YPL123C,YKR097W,0,0.41255286,0.08496732264757156,0.012682926841080189,0.014035088010132313
YNL096C,YOL136C,0,0.4121624,0.08441558480262756,0.012682926841080189,0.014135338366031647
YDR257C,YLR182W,0,0.41168594,0.08387096971273422,0.012682926841080189,0.01423558872193098
YJL095W,YMR087W,0,0.40861252,0.0833333358168602,0.012682926841080189,0.01433584000915289
YPR083W,YKR072C,0,0.4075577,0.08280254900455475,0.012682926841080189,0.014436090365052223
YDL113C,YGR075C,0,0.40746427,0.08227848261594772,0.012682926841080189,0.014536340720951557
YPR192W,YHR014W,0,0.40728107,0.08176100999116898,0.012682926841080189,0.014636591076850891
YGR006W,YGL180W,0,0.40677166,0.08124999701976776,0.012682926841080189,0.0147368423640728
YOR257W,YKL206C,1,0.40627664,0.08695652335882187,0.013658536598086357,0.0147368423640728
YPL002C,YER087C-A,1,0.4058846,0.09259258955717087,0.014634146355092525,0.0147368423640728
YOL054W,YBR005W,0,0.4056981,0.0920245423913002,0.014634146355092525,0.014837092719972134
YPR110C,YKL043W,0,0.4047111,0.09146341681480408,0.014634146355092525,0.014937343075871468
YPL180W,YKL034W,0,0.4034844,0.09090909361839294,0.014634146355092525,0.015037594363093376
YML060W,YMR020W,0,0.40277398,0.09036144614219666,0.014634146355092525,0.01513784471899271
YDR399W,YJL060W,0,0.4026616,0.08982036262750626,0.014634146355092525,0.015238095074892044
YBR176W,YDR531W,0,0.40260294,0.0892857164144516,0.014634146355092525,0.015338345430791378
YDR443C,YJL056C,0,0.40223017,0.08875739574432373,0.014634146355092525,0.015438596718013287
YDR330W,YLL036C,1,0.4018604,0.0941176488995552,0.015609756112098694,0.015438596718013287
YOL151W,YLR068W,0,0.40090492,0.09356725215911865,0.015609756112098694,0.01553884707391262
YOR132W,YDR361C,0,0.40033647,0.09302325546741486,0.015609756112098694,0.01563909836113453
YGL232W,YOR327C,0,0.4001577,0.09248554706573486,0.015609756112098694,0.01573934778571129
YBL055C,YGL163C,0,0.3995811,0.09195402264595032,0.015609756112098694,0.015839599072933197
YJR075W,YJL035C,0,0.3993424,0.09142857044935226,0.015609756112098694,0.015939850360155106
YHR002W,YLR014C,0,0.39922318,0.09090909361839294,0.015609756112098694,0.016040099784731865
YFR014C,YDR081C,0,0.3989667,0.0903954803943634,0.015609756112098694,0.016140351071953773
YLR143W,YLR417W,0,0.39862096,0.08988764137029648,0.015609756112098694,0.016240602359175682
YEL052W,YHR081W,0,0.39750487,0.08938547223806381,0.015609756112098694,0.01634085178375244
YKL090W,YDR057W,1,0.39727885,0.09444444626569748,0.016585364937782288,0.01634085178375244
YNR067C,YKR028W,0,0.3966213,0.09392265230417252,0.016585364937782288,0.01644110307097435
YPR200C,YCL052C,0,0.39627504,0.09340659528970718,0.016585364937782288,0.01654135249555111
YDR245W,YMR097C,0,0.39575288,0.09289617836475372,0.016585364937782288,0.016641603782773018
YLR016C,YCL052C,0,0.3940887,0.09239130467176437,0.016585364937782288,0.016741855069994926
YLR383W,YOR027W,0,0.39344895,0.09189189225435257,0.016585364937782288,0.016842104494571686
YBR015C,YGR218W,0,0.3932299,0.09139785170555115,0.016585364937782288,0.016942355781793594
YLR183C,YDR531W,0,0.39298508,0.09090909361839294,0.016585364937782288,0.017042607069015503
YDL043C,YPL139C,0,0.3927694,0.0904255285859108,0.016585364937782288,0.017142856493592262
YGL073W,YBR087W,0,0.3925129,0.08994708955287933,0.016585364937782288,0.01724310778081417
YDR067C,YMR269W,0,0.39212483,0.08947368711233139,0.016585364937782288,0.01734335906803608
YBR295W,YHR110W,0,0.39209604,0.0890052393078804,0.016585364937782288,0.01744360849261284
YAL053W,YBR282W,0,0.39194816,0.0885416641831398,0.016585364937782288,0.017543859779834747
YBR058C,YFR005C,1,0.39147776,0.09326425194740295,0.01756097562611103,0.017543859779834747
YIL134W,YGR058W,0,0.3911922,0.09278350323438644,0.01756097562611103,0.017644111067056656
YKL194C,YOR089C,0,0.39116478,0.0923076942563057,0.01756097562611103,0.017744360491633415
YJL190C,YOL028C,0,0.3910371,0.09183673560619354,0.01756097562611103,0.017844611778855324
YLL002W,YIL173W,0,0.39054027,0.09137056022882462,0.01756097562611103,0.017944863066077232
YDR460W,YMR076C,0,0.38919687,0.09090909361839294,0.01756097562611103,0.01804511249065399
YPL002C,YBL084C,1,0.3887488,0.0954773873090744,0.018536584451794624,0.01804511249065399
YFR045W,YFR038W,0,0.3881126,0.0949999988079071,0.018536584451794624,0.0181453637778759
YPL130W,YOR227W,0,0.38800478,0.09452736377716064,0.018536584451794624,0.01824561320245266
YOL132W,YHR011W,0,0.38750535,0.09405940771102905,0.018536584451794624,0.018345864489674568
YAL039C,YAL026C,0,0.38639048,0.09359605610370636,0.018536584451794624,0.018446115776896477
YBR223C,YNL267W,0,0.38612574,0.09313725680112839,0.018536584451794624,0.018546365201473236
YOR110W,YDL093W,0,0.38597104,0.09268292784690857,0.018536584451794624,0.018646616488695145
YJR031C,YDL144C,0,0.3859251,0.09223300963640213,0.018536584451794624,0.018746867775917053
YER113C,YHR041C,0,0.38546276,0.0917874425649643,0.018536584451794624,0.018847117200493813
YPR067W,YPL161C,0,0.38530174,0.09134615212678909,0.018536584451794624,0.01894736848771572
YIR006C,YDL192W,0,0.38508695,0.09090909361839294,0.018536584451794624,0.01904761977493763
YOR222W,YHR138C,0,0.38505548,0.09047619253396988,0.018536584451794624,0.01914786919951439
YFL054C,YHR172W,0,0.3831489,0.09004739671945572,0.018536584451794624,0.019248120486736298
YOR242C,YLR353W,0,0.38277292,0.08962263911962509,0.018536584451794624,0.019348371773958206
YCL029C,YFR016C,0,0.38263935,0.08920187503099442,0.018536584451794624,0.019448621198534966
YOR285W,YDR118W,0,0.38261816,0.08878504484891891,0.018536584451794624,0.019548872485756874
YBR203W,YPL046C,1,0.38248408,0.09302325546741486,0.019512195140123367,0.019548872485756874
YPL038W,YGL142C,0,0.3820219,0.09259258955717087,0.019512195140123367,0.019649121910333633
YGL167C,YOR265W,0,0.3814276,0.09216590225696564,0.019512195140123367,0.019749373197555542
YHR209W,YJL194W,0,0.38130718,0.0917431190609932,0.019512195140123367,0.01984962448477745
YDL087C,YPL064C,0,0.3785628,0.09132420271635056,0.019512195140123367,0.01994987390935421
YBL041W,YNL041C,0,0.37717235,0.09090909361839294,0.019512195140123367,0.02005012519657612
YNL045W,YHR169W,0,0.3769722,0.09049773961305618,0.019512195140123367,0.020150376483798027
YCR040W,YPL150W,0,0.37671834,0.09009008854627609,0.019512195140123367,0.020250625908374786
YBL020W,YLR099C,0,0.3761552,0.08968609571456909,0.019512195140123367,0.020350877195596695
YKR049C,YIR012W,0,0.37592328,0.0892857164144516,0.019512195140123367,0.020451128482818604
YDR170C,YBR189W,0,0.37555325,0.08888889104127884,0.019512195140123367,0.020551377907395363
YNL064C,YOR124C,1,0.37513974,0.09292035549879074,0.02048780396580696,0.020551377907395363
YGR048W,YGR184C,1,0.3751229,0.0969163030385971,0.021463414654135704,0.020551377907395363
YDR054C,YIL097W,1,0.3748653,0.10087719559669495,0.022439023479819298,0.020551377907395363
YLR306W,YDR469W,0,0.37470037,0.10043668001890182,0.022439023479819298,0.02065162919461727
YHR031C,YMR074C,0,0.37418583,0.10000000149011612,0.022439023479819298,0.02075188048183918
YBL057C,YDR390C,1,0.37396514,0.10389610379934311,0.02341463416814804,0.02075188048183918
YPL145C,YDR379W,0,0.3739568,0.1034482792019844,0.02341463416814804,0.02085212990641594
YDR358W,YPL096W,1,0.37343693,0.10729613900184631,0.024390242993831635,0.02085212990641594
YHR154W,YGR282C,0,0.3733158,0.10683760792016983,0.024390242993831635,0.020952381193637848
YAR033W,YGR184C,0,0.3728594,0.10638298094272614,0.024390242993831635,0.021052632480859756
YDL074C,YML092C,1,0.37226695,0.11016949266195297,0.025365853682160378,0.021052632480859756
YGR235C,YDR533C,0,0.37197375,0.1097046434879303,0.025365853682160378,0.021152881905436516
YER143W,YJR138W,0,0.37178206,0.10924369841814041,0.025365853682160378,0.021253133192658424
YPL200W,YML011C,0,0.37177935,0.10878661274909973,0.025365853682160378,0.021353382617235184
YNL059C,YJL011C,0,0.3716098,0.10833333432674408,0.025365853682160378,0.021453633904457092
YAR042W,YKR100C,0,0.37146157,0.10788381844758987,0.025365853682160378,0.021553885191679
YLR080W,YDR009W,0,0.37129244,0.10743801295757294,0.025365853682160378,0.02165413461625576
YGL186C,YDL141W,0,0.3712012,0.10699588805437088,0.025365853682160378,0.02175438590347767
YGL178W,YEL016C,0,0.37039816,0.10655737668275833,0.025365853682160378,0.021854637190699577
YDL211C,YGR178C,0,0.3694247,0.1061224490404129,0.025365853682160378,0.021954886615276337
YOL045W,YDR387C,0,0.36935654,0.10569106042385101,0.025365853682160378,0.022055137902498245
YJL095W,YGL051W,0,0.36786345,0.10526315867900848,0.025365853682160378,0.022155389189720154
YER147C,YNR031C,0,0.3664913,0.10483870655298233,0.025365853682160378,0.022255638614296913
YBR024W,YLR403W,0,0.3663641,0.10441767424345016,0.025365853682160378,0.02235588990151882
YML116W,YIL171W,0,0.3649489,0.10400000214576721,0.025365853682160378,0.02245614118874073
YHL025W,YBL055C,0,0.36494315,0.10358566045761108,0.025365853682160378,0.02255639061331749
YNL190W,YOL002C,0,0.36463994,0.1031746044754982,0.025365853682160378,0.022656641900539398
YJL164C,YKR104W,0,0.36403754,0.10276679694652557,0.025365853682160378,0.022756891325116158
YFL057C,YNL161W,0,0.36394763,0.10236220806837082,0.025365853682160378,0.022857142612338066
YAL039C,YLR033W,0,0.36382475,0.10196078568696976,0.025365853682160378,0.022957393899559975
YPL013C,YGL185C,0,0.3633878,0.1015625,0.025365853682160378,0.023057643324136734
YHR209W,YJR059W,0,0.36332786,0.10116731375455856,0.025365853682160378,0.023157894611358643
YPL180W,YGL073W,0,0.3630695,0.10077519714832306,0.025365853682160378,0.02325814589858055
YNL284C,YEL058W,0,0.36258796,0.10038609802722931,0.025365853682160378,0.02335839532315731
YOR127W,YGL019W,0,0.36220872,0.10000000149011612,0.025365853682160378,0.02345864661037922
YLR121C,YGR005C,0,0.36220717,0.09961685538291931,0.025365853682160378,0.023558897897601128
YEL022W,YBR048W,0,0.36178976,0.09923664480447769,0.025365853682160378,0.023659147322177887
YGR097W,YHL017W,0,0.3615684,0.09885931760072708,0.025365853682160378,0.023759398609399796
YML042W,YBR153W,0,0.36151734,0.09848485141992569,0.025365853682160378,0.023859649896621704
YLR142W,YNL232W,0,0.36136544,0.09811320900917053,0.025365853682160378,0.023959899321198463
YCR057C,YGR138C,0,0.3612602,0.09774436056613922,0.025365853682160378,0.024060150608420372
YCL039W,YOR180C,0,0.36115503,0.09737827628850937,0.025365853682160378,0.02416040189564228
YJL069C,YKL134C,0,0.36106855,0.09701492637395859,0.025365853682160378,0.02426065132021904
YPR186C,YBR125C,0,0.36042833,0.09665427356958389,0.025365853682160378,0.02436090260744095
YDR427W,YMR065W,0,0.35968265,0.0962962955236435,0.025365853682160378,0.024461152032017708
YDL091C,YLR212C,0,0.35956207,0.095940962433815,0.025365853682160378,0.024561403319239616
YOR358W,YMR078C,0,0.35956022,0.09558823704719543,0.025365853682160378,0.024661654606461525
YDR461W,YLR188W,0,0.35927498,0.095238097012043,0.025365853682160378,0.024761904031038284
YPL112C,YPR184W,0,0.35900572,0.09489051252603531,0.025365853682160378,0.024862155318260193
YIL107C,YDR075W,0,0.35850865,0.09454545378684998,0.025365853682160378,0.0249624066054821
YLR061W,YIL107C,0,0.3584373,0.09420289844274521,0.025365853682160378,0.02506265603005886
YOR132W,YKR071C,0,0.35837537,0.09386281669139862,0.025365853682160378,0.02516290731728077
YKR095W,YKL171W,0,0.35826212,0.09352517873048782,0.025365853682160378,0.025263158604502678
YBR055C,YEL016C,0,0.35816234,0.09318996220827103,0.025365853682160378,0.025363408029079437
YDR460W,YOL065C,0,0.35797486,0.09285714477300644,0.025365853682160378,0.025463659316301346
YFL054C,YLR427W,0,0.3576818,0.09252668917179108,0.025365853682160378,0.025563910603523254
YDL082W,YNL163C,0,0.3574236,0.09219858050346375,0.025365853682160378,0.025664160028100014
YOL149W,YDR379W,0,0.35736656,0.09187278896570206,0.025365853682160378,0.025764411315321922
YIL030C,YJL140W,0,0.35726514,0.09154929220676422,0.025365853682160378,0.02586466073989868
YLR194C,YER171W,0,0.35716513,0.09122806787490845,0.025365853682160378,0.02596491202712059
YGR177C,YJL144W,0,0.3571456,0.09090909361839294,0.025365853682160378,0.0260651633143425
YBL061C,YKR053C,0,0.3567576,0.09059233218431473,0.025365853682160378,0.026165412738919258
YDL164C,YEL062W,0,0.35658133,0.0902777761220932,0.025365853682160378,0.026265664026141167
YGR159C,YNL194C,0,0.35651183,0.08996539562940598,0.025365853682160378,0.026365915313363075
YBR188C,YML091C,0,0.3562565,0.08965517580509186,0.025365853682160378,0.026466164737939835
YGL169W,YDR122W,0,0.3562171,0.08934707939624786,0.025365853682160378,0.026566416025161743
YNR004W,YFL011W,0,0.3557142,0.0890410989522934,0.025365853682160378,0.02666666731238365
YER051W,YNL284C,0,0.3557068,0.08873720467090607,0.025365853682160378,0.02676691673696041
YOR099W,YPL085W,0,0.3554591,0.08843537420034409,0.025365853682160378,0.02686716802418232
YJR042W,YJL060W,0,0.35364163,0.08813559263944626,0.025365853682160378,0.026967419311404228
YCR054C,YOR340C,0,0.35340673,0.0878378376364708,0.025365853682160378,0.027067668735980988
YBR035C,YHL021C,0,0.35241294,0.0875420868396759,0.025365853682160378,0.027167920023202896
YHR086W,YOR389W,0,0.35228592,0.08724832534790039,0.025365853682160378,0.027268171310424805
YJL129C,YJL187C,0,0.35223305,0.08695652335882187,0.025365853682160378,0.027368420735001564
YDR273W,YNL176C,0,0.35219115,0.08666666597127914,0.025365853682160378,0.027468672022223473
YGL211W,YLR260W,0,0.35187405,0.08637873828411102,0.025365853682160378,0.027568921446800232
YOL009C,YDR356W,0,0.35136604,0.08609271794557571,0.025365853682160378,0.02766917273402214
YJL157C,YGR271W,0,0.35124928,0.08580858260393143,0.025365853682160378,0.02776942402124405
YER143W,YDR512C,0,0.35073996,0.08552631735801697,0.025365853682160378,0.02786967344582081
YJR078W,YNL185C,0,0.35070336,0.08524589985609055,0.025365853682160378,0.027969924733042717
YGL094C,YIL097W,1,0.35053313,0.0882352963089943,0.02634146250784397,0.027969924733042717
YDR473C,YJL106W,0,0.3500078,0.08794788271188736,0.02634146250784397,0.028070176020264626
YKL161C,YOR272W,0,0.3498137,0.08766233921051025,0.02634146250784397,0.028170425444841385
YGL163C,YHR116W,0,0.3495077,0.08737864345312119,0.02634146250784397,0.028270676732063293
YGR032W,YOR019W,0,0.3493775,0.08709677308797836,0.02634146250784397,0.028370928019285202
YBR287W,YFL045C,0,0.34917176,0.08681672066450119,0.02634146250784397,0.02847117744386196
YNL166C,YGL127C,0,0.34906363,0.08653846383094788,0.02634146250784397,0.02857142873108387
YMR300C,YGL238W,0,0.34783456,0.08626198023557663,0.02634146250784397,0.02867168001830578
YDR430C,YJL156C,0,0.34756124,0.08598726242780685,0.02634146250784397,0.028771929442882538
YOR091W,YMR016C,0,0.34749696,0.08571428805589676,0.02634146250784397,0.028872180730104446
YER087C-A,YCR094W,0,0.3473314,0.08544303476810455,0.02634146250784397,0.028972430154681206
YOL154W,YLR213C,0,0.3471683,0.08517350256443024,0.02634146250784397,0.029072681441903114
YLR093C,YJR021C,0,0.3471264,0.08490566164255142,0.02634146250784397,0.029172932729125023
YJR158W,YCL039W,0,0.34682387,0.08463949710130692,0.02634146250784397,0.029273182153701782
YDR468C,YKL089W,0,0.34680045,0.08437500149011612,0.02634146250784397,0.02937343344092369
YLR097C,YDR303C,0,0.34678507,0.08411215245723724,0.02634146250784397,0.0294736847281456
YBR201W,YML013W,1,0.3466838,0.08695652335882187,0.027317073196172714,0.0294736847281456
YCR057C,YNL167C,0,0.34642598,0.08668730407953262,0.027317073196172714,0.02957393415272236
YPL151C,YBR208C,0,0.3463171,0.08641975373029709,0.027317073196172714,0.029674185439944267
YGR162W,YMR145C,0,0.3461905,0.08615384250879288,0.027317073196172714,0.029774436727166176
YBR120C,YKL210W,0,0.34608716,0.08588957041501999,0.027317073196172714,0.029874686151742935
YMR115W,YDR004W,0,0.34606653,0.08562690764665604,0.027317073196172714,0.029974937438964844
YGR229C,YDR055W,0,0.34586394,0.08536585420370102,0.027317073196172714,0.030075188726186752
YLR284C,YGR245C,0,0.34577549,0.08510638028383255,0.027317073196172714,0.03017543815076351
YGL045W,YNL103W,0,0.34558964,0.08484848588705063,0.027317073196172714,0.03027568943798542
YDR082W,YEL070W,0,0.34537366,0.08459214866161346,0.027317073196172714,0.03037594072520733
YDL166C,YMR097C,0,0.34498593,0.08433734625577927,0.027317073196172714,0.030476190149784088
YMR261C,YNL233W,0,0.34498197,0.08408408612012863,0.027317073196172714,0.030576441437005997
YDL040C,YPR108W,0,0.3444687,0.08383233845233917,0.027317073196172714,0.030676690861582756
YDR190C,YNL192W,0,0.3443452,0.0835820883512497,0.027317073196172714,0.030776942148804665
YGL094C,YDL008W,1,0.34404463,0.0863095223903656,0.028292682021856308,0.030776942148804665
YPL178W,YLR204W,0,0.3439694,0.08605341613292694,0.028292682021856308,0.030877193436026573
YJL011C,YLR384C,0,0.3436614,0.08579881489276886,0.028292682021856308,0.030977442860603333
YPR134W,YHR209W,0,0.34308895,0.08554572612047195,0.028292682021856308,0.03107769414782524
YJL073W,YKR098C,1,0.3428597,0.0882352963089943,0.02926829271018505,0.03107769414782524
YMR177W,YER056C,0,0.3425126,0.08797653764486313,0.02926829271018505,0.03117794543504715
YBR024W,YDR372C,0,0.34233013,0.08771929889917374,0.02926829271018505,0.03127819672226906
YKL183W,YMR269W,0,0.3420276,0.08746355772018433,0.02926829271018505,0.03137844428420067
YMR115W,YKL010C,1,0.34169275,0.09011627733707428,0.030243901535868645,0.03137844428420067
YKL005C,YEL017C-A,0,0.34152701,0.08985507488250732,0.030243901535868645,0.03147869557142258
YMR303C,YAL048C,0,0.34148663,0.08959537744522095,0.030243901535868645,0.031578946858644485
YDR255C,YDL074C,1,0.3414805,0.09221901744604111,0.031219512224197388,0.031578946858644485
YDR287W,YPR143W,0,0.34142518,0.09195402264595032,0.031219512224197388,0.031679198145866394
YMR163C,YJL110C,0,0.34107098,0.0916905477643013,0.031219512224197388,0.0317794494330883
YKL005C,YOL078W,0,0.34080207,0.09142857044935226,0.031219512224197388,0.03187970072031021
YGR220C,YLR010C,0,0.340303,0.09116809070110321,0.031219512224197388,0.03197994828224182
YFR004W,YDL074C,1,0.3400396,0.09375,0.03219512104988098,0.03197994828224182
YDR219C,YER094C,1,0.3398578,0.09631728380918503,0.033170729875564575,0.03197994828224182
YDL189W,YCL047C,0,0.3394022,0.09604519605636597,0.033170729875564575,0.03208019956946373
YDR518W,YMR316W,0,0.33918574,0.09577465057373047,0.033170729875564575,0.03218045085668564
YMR184W,YDL036C,0,0.3386829,0.09550561755895615,0.033170729875564575,0.03228070214390755
YDR496C,YOR138C,0,0.33835787,0.095238097012043,0.033170729875564575,0.032380953431129456
YPL135W,YER101C,0,0.3378187,0.09497206658124924,0.033170729875564575,0.032481204718351364
YCR075C,YDL108W,0,0.33741382,0.09470751881599426,0.033170729875564575,0.032581452280282974
YDR496C,YER062C,0,0.33722267,0.09444444626569748,0.033170729875564575,0.03268170356750488
YGL122C,YDR109C,0,0.3369708,0.0941828265786171,0.033170729875564575,0.03278195485472679
YBR301W,YLR411W,0,0.33682856,0.09392265230417252,0.033170729875564575,0.0328822061419487
YML087C,YDL078C,0,0.33642378,0.09366390854120255,0.033170729875564575,0.03298245742917061
YPL095C,YDL114W,0,0.3364074,0.09340659528970718,0.033170729875564575,0.03308270499110222
YCL008C,YPL020C,1,0.33627036,0.09589041024446487,0.03414634242653847,0.03308270499110222
YJL172W,YJR040W,0,0.3361115,0.09562841802835464,0.03414634242653847,0.03318295627832413
YFL029C,YMR300C,0,0.3360939,0.09536784887313843,0.03414634242653847,0.033283207565546036
YGR113W,YKL001C,0,0.3355011,0.09510869532823563,0.03414634242653847,0.033383458852767944
YOL003C,YGL185C,0,0.33530277,0.09485094994306564,0.03414634242653847,0.03348371013998985
YDL138W,YKL089W,0,0.33494762,0.09459459781646729,0.03414634242653847,0.03358396142721176
YMR295C,YCR057C,0,0.33484268,0.09433962404727936,0.03414634242653847,0.03368420898914337
YOL009C,YLR139C,0,0.33475766,0.09408602118492126,0.03414634242653847,0.03378446027636528
YOL020W,YIL130W,0,0.33474416,0.09383378177881241,0.03414634242653847,0.03388471156358719
YNL250W,YDR261C,0,0.33471426,0.0935828909277916,0.03414634242653847,0.0339849628508091
YAL034W-A,YDR306C,0,0.33455062,0.09333333373069763,0.03414634242653847,0.034085214138031006
YNR061C,YJL176C,0,0.33391955,0.09308510273694992,0.03414634242653847,0.034185465425252914
YPR049C,YKL024C,0,0.3337357,0.09283819794654846,0.03414634242653847,0.034285712987184525
YKL203C,YPL149W,0,0.33368075,0.09259258955717087,0.03414634242653847,0.03438596427440643
YNL149C,YMR302C,0,0.33362478,0.09234828501939774,0.03414634242653847,0.03448621556162834
YJL102W,YOL092W,0,0.332919,0.09210526198148727,0.03414634242653847,0.03458646684885025
YPR155C,YLR377C,0,0.3325678,0.09186352044343948,0.03414634242653847,0.03468671813607216
YEL056W,YDR393W,0,0.33250493,0.09162303805351257,0.03414634242653847,0.03478696569800377
YPR049C,YLR439W,0,0.33211634,0.09138381481170654,0.03414634242653847,0.03488721698522568
YPL180W,YGR080W,0,0.33204854,0.0911458358168602,0.03414634242653847,0.034987468272447586
YGR281W,YDR532C,0,0.33192372,0.09090909361839294,0.03414634242653847,0.035087719559669495
YJL144W,YDR495C,0,0.3314951,0.09067357331514359,0.03414634242653847,0.0351879708468914
YDL217C,YDR263C,0,0.33084324,0.09043927490711212,0.03414634242653847,0.03528822213411331
YBL025W,YKL205W,0,0.33011997,0.09020618349313736,0.03414634242653847,0.03538846969604492
YHR088W,YLR348C,0,0.32977945,0.0899742916226387,0.03414634242653847,0.03548872098326683
YHR164C,YER083C,0,0.32917812,0.08974359184503555,0.03414634242653847,0.03558897227048874
YBL035C,YNL092W,0,0.32915312,0.08951406925916672,0.03414634242653847,0.03568922355771065
YDL164C,YBL055C,0,0.32861608,0.0892857164144516,0.03414634242653847,0.035789474844932556
YHL006C,YHR165C,0,0.32831994,0.0890585258603096,0.03414634242653847,0.035889726132154465
YKR089C,YHR132C,0,0.3278916,0.08883249014616013,0.03414634242653847,0.035989973694086075
YPL002C,YDR507C,0,0.3278511,0.08860759437084198,0.03414634242653847,0.03609022498130798
YHR060W,YLR382C,0,0.3276527,0.08838383853435516,0.03414634242653847,0.03619047626852989
YGL062W,YDL095W,0,0.32720563,0.08816120773553848,0.03414634242653847,0.0362907275557518
YDL043C,YKR066C,0,0.3271098,0.08793970197439194,0.03414634242653847,0.03639097884297371
YDL087C,YDR257C,0,0.3268332,0.08771929889917374,0.03414634242653847,0.03649122640490532
YPR168W,YBR059C,0,0.32668644,0.08749999850988388,0.03414634242653847,0.03659147769212723
YDR350C,YLR325C,0,0.3266244,0.08728179335594177,0.03414634242653847,0.036691728979349136
YDR359C,YDL083C,0,0.32620722,0.08706467598676682,0.03414634242653847,0.036791980266571045
YDR255C,YBR203W,1,0.32602504,0.0893300250172615,0.03512195125222206,0.036791980266571045
YJL041W,YER063W,0,0.32505324,0.0891089141368866,0.03512195125222206,0.036892231553792953
YNL180C,YPL140C,0,0.32475019,0.08888889104127884,0.03512195125222206,0.03699248284101486
YDL215C,YJR133W,0,0.3242542,0.08866994827985764,0.03512195125222206,0.03709273040294647
YNR024W,YOR250C,0,0.32414874,0.08845208585262299,0.03512195125222206,0.03719298169016838
YMR213W,YOR353C,0,0.3238336,0.0882352963089943,0.03512195125222206,0.03729323297739029
YMR115W,YBL041W,1,0.32374305,0.09046454727649689,0.036097560077905655,0.03729323297739029
YOR259C,YGR184C,1,0.3232807,0.09268292784690857,0.03707316890358925,0.03729323297739029
YCL031C,YMR098C,0,0.3227457,0.09245742112398148,0.03707316890358925,0.0373934842646122
YML004C,YGR030C,0,0.32251874,0.09223300963640213,0.03707316890358925,0.037493735551834106
YNL048W,YBR016W,0,0.32241574,0.09200968593358994,0.03707316890358925,0.03759398311376572
YJR010C-A,YGR170W,0,0.32233953,0.0917874425649643,0.03707316890358925,0.037694234400987625
YGL112C,YDR009W,0,0.32222098,0.09156626462936401,0.03707316890358925,0.037794485688209534
YDL018C,YKR096W,0,0.32215017,0.09134615212678909,0.03707316890358925,0.03789473697543144
YOR310C,YMR195W,0,0.32198408,0.09112709760665894,0.03707316890358925,0.03799498826265335
YOL009C,YGL113W,0,0.32192525,0.09090909361839294,0.03707316890358925,0.03809523954987526
YKL175W,YDL175C,0,0.32182628,0.09069212526082993,0.03707316890358925,0.03819548711180687
YDL101C,YHR002W,0,0.32090956,0.09047619253396988,0.03707316890358925,0.03829573839902878
YKL033W,YCL064C,0,0.32080257,0.09026128053665161,0.03707316890358925,0.03839598968625069
YER048W-A,YKR050W,0,0.3205825,0.09004739671945572,0.03707316890358925,0.038496240973472595
YBL005W,YFR019W,0,0.3205312,0.08983451873064041,0.03707316890358925,0.038596492260694504
YDR103W,YER025W,0,0.3204964,0.08962263911962509,0.03707316890358925,0.03869674354791641
YGL136C,YOR109W,0,0.3204962,0.08941176533699036,0.03707316890358925,0.03879699110984802
YNL309W,YDL139C,0,0.32038066,0.08920187503099442,0.03707316890358925,0.03889724239706993
YDL164C,YKR055W,0,0.32024494,0.08899297565221786,0.03707316890358925,0.03899749368429184
YGL173C,YMR226C,0,0.31961924,0.08878504484891891,0.03707316890358925,0.03909774497151375
YDR172W,YKR062W,0,0.31960037,0.08857809007167816,0.03707316890358925,0.03919799625873566
YPR149W,YLR175W,0,0.31914967,0.08837209641933441,0.03707316890358925,0.03929824382066727
YNL166C,YLR414C,0,0.3191336,0.08816705644130707,0.03707316890358925,0.039398495107889175
YPL155C,YLR054C,0,0.3186775,0.08796296268701553,0.03707316890358925,0.039498746395111084
YPL028W,YDR228C,0,0.3185886,0.08775981515645981,0.03707316890358925,0.03959899768233299
YDL043C,YLR373C,0,0.31853175,0.0875576063990593,0.03707316890358925,0.0396992489695549
YBR074W,YOR019W,0,0.31851965,0.0873563215136528,0.03707316890358925,0.03979950025677681
YJR042W,YDR287W,0,0.31693882,0.08715596050024033,0.03707316890358925,0.03989974781870842
YIL171W,YDR090C,0,0.31664667,0.08695652335882187,0.03707316890358925,0.03999999910593033
YMR114C,YHR051W,0,0.31617424,0.08675798773765564,0.03707316890358925,0.04010025039315224
YDR337W,YOR162C,0,0.31611028,0.08656036108732224,0.03707316890358925,0.040200501680374146
YOL129W,YOR004W,0,0.3159274,0.08636363595724106,0.03707316890358925,0.040300752967596054
YDR226W,YGL253W,0,0.31578636,0.08616779744625092,0.03707316890358925,0.04040100425481796
YGR014W,YOR209C,0,0.31562313,0.0859728530049324,0.03707316890358925,0.04050125181674957
YLR277C,YLR042C,0,0.31561092,0.08577878028154373,0.03707316890358925,0.04060150310397148
YDR009W,YER020W,0,0.31522313,0.0855855867266655,0.03707316890358925,0.04070175439119339
YOR124C,YMR242C,0,0.31468558,0.0853932574391365,0.03707316890358925,0.0408020056784153
YDR309C,YHR149C,0,0.31454283,0.08520179241895676,0.03707316890358925,0.04090225696563721
YOR216C,YIL083C,0,0.3139965,0.08501118421554565,0.03707316890358925,0.04100250452756882
YOL135C,YDR362C,0,0.3138819,0.0848214253783226,0.03707316890358925,0.041102755814790726
YPL050C,YLR213C,0,0.31373197,0.0846325159072876,0.03707316890358925,0.041203007102012634
YLL029W,YER025W,0,0.31345934,0.08444444090127945,0.03707316890358925,0.04130325838923454
YLR371W,YGR035C,0,0.31342536,0.08425720781087875,0.03707316890358925,0.04140350967645645
YLL055W,YLL012W,0,0.3133317,0.08407079428434372,0.03707316890358925,0.04150376096367836
YEL050C,YDR028C,0,0.3129837,0.08388520777225494,0.03707316890358925,0.04160400852560997
YPL007C,YML100W,0,0.3129291,0.08370044082403183,0.03707316890358925,0.04170425981283188
YDR496C,YLR268W,0,0.31275383,0.08351648598909378,0.03707316890358925,0.04180451110005379
YPL163C,YML129C,0,0.31247824,0.0833333358168602,0.03707316890358925,0.041904762387275696
YNL246W,YOL084W,0,0.3123359,0.08315098285675049,0.03707316890358925,0.042005013674497604
YEL012W,YBR150C,0,0.31210625,0.08296943455934525,0.03707316890358925,0.04210526496171951
YIL107C,YPL038W,0,0.31210017,0.08278866857290268,0.03707316890358925,0.04220551252365112
YHR064C,YLL040C,0,0.31200415,0.08260869234800339,0.03707316890358925,0.04230576381087303
YLR224W,YIL097W,1,0.31176916,0.08459869772195816,0.03804878145456314,0.04230576381087303
YJR051W,YIL123W,0,0.31166396,0.08441558480262756,0.03804878145456314,0.04240601509809494
YOR308C,YER081W,0,0.31131113,0.08423326164484024,0.03804878145456314,0.04250626638531685
YKL161C,YJL133W,0,0.31107068,0.0840517207980156,0.03804878145456314,0.04260651767253876
YDR375C,YOR306C,0,0.3107611,0.08387096971273422,0.03804878145456314,0.04270676523447037
YHR200W,YBR170C,1,0.31075403,0.08583690971136093,0.039024390280246735,0.04270676523447037
YHR009C,YMR234W,0,0.31056833,0.08565310388803482,0.039024390280246735,0.042807016521692276
YMR203W,YEL012W,0,0.31012866,0.08547008782625198,0.039024390280246735,0.042907267808914185
YOR043W,YBR149W,0,0.30919066,0.08528784662485123,0.039024390280246735,0.04300751909613609
YDL211C,YNL138W,0,0.3091755,0.08510638028383255,0.039024390280246735,0.043107770383358
YJR065C,YAL059W,0,0.30892205,0.08492568880319595,0.039024390280246735,0.04320802167057991
YDR325W,YGL251C,0,0.308894,0.08474576473236084,0.039024390280246735,0.04330826923251152
YBR170C,YLR378C,1,0.30854866,0.08668076246976852,0.03999999910593033,0.04330826923251152
YJL101C,YGL216W,0,0.30844215,0.08649788796901703,0.03999999910593033,0.04340852051973343
YDR205W,YGR007W,0,0.30841675,0.08631578832864761,0.03999999910593033,0.04350877180695534
YJL167W,YOR239W,0,0.30815288,0.08613445609807968,0.03999999910593033,0.043609023094177246
YCL044C,YKL082C,0,0.30812192,0.08595387637615204,0.03999999910593033,0.043709274381399155
YER028C,YAL019W,0,0.30808502,0.08577405661344528,0.03999999910593033,0.04380952566862106
YNL048W,YDR160W,0,0.30799383,0.08559498935937881,0.03999999910593033,0.04390977323055267
YPL150W,YLR165C,0,0.30790815,0.08541666716337204,0.03999999910593033,0.04401002451777458
YDL112W,YGR144W,0,0.3078884,0.08523908257484436,0.03999999910593033,0.04411027580499649
YCL031C,YPR067W,0,0.30785614,0.08506224304437637,0.03999999910593033,0.0442105270922184
YPR070W,YOL108C,0,0.3070795,0.08488612622022629,0.03999999910593033,0.04431077837944031
YNL045W,YNL202W,0,0.30688053,0.0847107470035553,0.03999999910593033,0.04441102594137192
YLR194C,YDR075W,0,0.3065468,0.08453608304262161,0.03999999910593033,0.044511277228593826
YOR150W,YDR299W,0,0.30652478,0.08436214178800583,0.03999999910593033,0.044611528515815735
YLR291C,YGR037C,0,0.30609605,0.08418890833854675,0.03999999910593033,0.04471177980303764
YBL075C,YBL028C,0,0.30607387,0.08401639014482498,0.03999999910593033,0.04481203109025955
YPL098C,YJL035C,0,0.3059522,0.08384457975625992,0.03999999910593033,0.04491228237748146
YHR133C,YJR015W,0,0.3057942,0.08367346972227097,0.03999999910593033,0.04501252993941307
YDR076W,YOR322C,0,0.30555218,0.08350305259227753,0.03999999910593033,0.04511278122663498
YIL011W,YMR182C,0,0.30531558,0.0833333358168602,0.03999999910593033,0.04521303251385689
YNL172W,YIL007C,1,0.30476066,0.08519269526004791,0.04097560793161392,0.04521303251385689
YHR111W,YBL078C,1,0.30440044,0.08704453706741333,0.041951220482587814,0.04521303251385689
YBR188C,YNL029C,0,0.30418423,0.08686868846416473,0.041951220482587814,0.045313283801078796
YGR005C,YMR016C,0,0.30402982,0.08669354766607285,0.041951220482587814,0.045413535088300705
YGL087C,YGL016W,0,0.3038442,0.08651911467313766,0.041951220482587814,0.045513782650232315
YNR072W,YBL056W,0,0.30377132,0.0863453820347786,0.041951220482587814,0.045614033937454224
YFR030W,YPR127W,0,0.30328232,0.08617234230041504,0.041951220482587814,0.04571428522467613
YNR047W,YLR440C,0,0.3029912,0.0860000029206276,0.041951220482587814,0.04581453651189804
YBR205W,YAR031W,0,0.30276522,0.08582834154367447,0.041951220482587814,0.04591478779911995
YAL043C,YDR436W,0,0.30272344,0.08565737307071686,0.041951220482587814,0.04601503908634186
YML088W,YHR166C,1,0.30218905,0.08747515082359314,0.04292682930827141,0.04601503908634186
YOL064C,YBR196C,0,0.30214742,0.0873015895485878,0.04292682930827141,0.04611528664827347
YOR393W,YBR267W,0,0.3011148,0.08712871372699738,0.04292682930827141,0.04621553793549538
YMR301C,YDR078C,0,0.3010248,0.08695652335882187,0.04292682930827141,0.046315789222717285
YGL253W,YPR122W,0,0.30094495,0.08678501099348068,0.04292682930827141,0.046416040509939194
YEL012W,YMR115W,1,0.30083153,0.08858267962932587,0.043902438133955,0.046416040509939194
YLR039C,YDL185W,0,0.30044183,0.08840864151716232,0.043902438133955,0.0465162917971611
YOR069W,YHR117W,0,0.3003754,0.0882352963089943,0.043902438133955,0.04661654308438301
YML077W,YKR089C,0,0.3001949,0.08806262165307999,0.043902438133955,0.04671679064631462
YBR128C,YIL008W,1,0.30013132,0.08984375,0.044878046959638596,0.04671679064631462
YLR061W,YLL048C,0,0.29997218,0.08966861665248871,0.044878046959638596,0.04681704193353653
YDR262W,YLR390W,0,0.29973978,0.08949416130781174,0.044878046959638596,0.04691729322075844
YPL148C,YDR384C,0,0.2994849,0.08932039141654968,0.044878046959638596,0.04701754450798035
YBR257W,YHR167W,0,0.29937494,0.08914728462696075,0.044878046959638596,0.047117795795202255
YGL071W,YPL244C,0,0.29921314,0.08897485584020615,0.044878046959638596,0.047218043357133865
YDR004W,YDL091C,0,0.29918107,0.08880309015512466,0.044878046959638596,0.047318294644355774
YCR096C,YDR222W,0,0.2986428,0.08863198757171631,0.044878046959638596,0.04741854593157768
YLR435W,YGR122W,0,0.29854295,0.08846154063940048,0.044878046959638596,0.04751879721879959
YGR252W,YGR078C,0,0.2983842,0.08829174935817719,0.044878046959638596,0.0476190485060215
YFL054C,YPL138C,0,0.29810542,0.08812260627746582,0.044878046959638596,0.04771929979324341
YBR036C,YOR143C,0,0.29795447,0.08795411139726639,0.044878046959638596,0.04781954735517502
YNL166C,YNL287W,0,0.29792443,0.08778625726699829,0.044878046959638596,0.04791979864239693
YIL046W,YNL172W,1,0.29736587,0.0895238071680069,0.04585365951061249,0.04791979864239693
YGR156W,YNL117W,0,0.29709554,0.08935361355543137,0.04585365951061249,0.048020049929618835
YBR087W,YOL100W,0,0.29671204,0.08918406069278717,0.04585365951061249,0.048120301216840744
YDL033C,YGL219C,0,0.296372,0.08901514858007431,0.04585365951061249,0.04822055250406265
YJL121C,YOR106W,0,0.29623514,0.08884687721729279,0.04585365951061249,0.04832080379128456
YOL132W,YDR100W,0,0.29584464,0.0886792466044426,0.04585365951061249,0.04842105135321617
YPR154W,YBR041W,0,0.29558352,0.08851224184036255,0.04585365951061249,0.04852130264043808
YJR132W,YLR182W,0,0.2952147,0.08834586292505264,0.04585365951061249,0.04862155392765999
YMR008C,YOR207C,0,0.29510453,0.08818010985851288,0.04585365951061249,0.0487218052148819
YOR230W,YJL187C,0,0.29499424,0.08801498264074326,0.04585365951061249,0.048822056502103806
YOR356W,YDR021W,0,0.2948408,0.08785046637058258,0.04585365951061249,0.048922304064035416
YMR295C,YMR093W,0,0.29481918,0.08768656849861145,0.04585365951061249,0.049022555351257324
YGL203C,YML125C,0,0.29480073,0.08752327412366867,0.04585365951061249,0.04912280663847923
YPL087W,YFL023W,0,0.29445362,0.08736059814691544,0.04585365951061249,0.04922305792570114
YNL192W,YLR158C,0,0.29428262,0.08719851821660995,0.04585365951061249,0.04932330921292305
YPL028W,YIL136W,0,0.2940878,0.08703703433275223,0.04585365951061249,0.04942356050014496
YIL064W,YPR021C,0,0.29374933,0.08687615394592285,0.04585365951061249,0.04952380806207657
YOR090C,YDL003W,0,0.29315704,0.08671586960554123,0.04585365951061249,0.04962405934929848
YER015W,YKL067W,0,0.292734,0.08655616641044617,0.04585365951061249,0.049724310636520386
YIL088C,YOR327C,0,0.29243928,0.08639705926179886,0.04585365951061249,0.049824561923742294
YPR037C,YGR244C,0,0.29237992,0.08623853325843811,0.04585365951061249,0.0499248132109642
YBR271W,YOR113W,0,0.29236215,0.08608058840036392,0.04585365951061249,0.05002506449818611
YDR404C,YNR030W,0,0.29222658,0.0859232172369957,0.04585365951061249,0.05012531206011772
YJR110W,YBR125C,0,0.2921909,0.08576641976833344,0.04585365951061249,0.05022556334733963
YDR135C,YIL056W,0,0.29197195,0.08561020344495773,0.04585365951061249,0.05032581463456154
YER138C,YOR346W,0,0.29183215,0.0854545459151268,0.04585365951061249,0.05042606592178345
YGR076C,YDR239C,0,0.29140824,0.08529945462942123,0.04585365951061249,0.050526317209005356
YJL162C,YKL171W,0,0.29126054,0.08514492958784103,0.04585365951061249,0.050626564770936966
YEL061C,YBR260C,0,0.29097223,0.084990955889225,0.04585365951061249,0.050726816058158875
YMR112C,YLR096W,0,0.29081157,0.08483754843473434,0.04585365951061249,0.05082706734538078
YPR083W,YLR383W,0,0.29072678,0.08468468487262726,0.04585365951061249,0.05092731863260269
YGL256W,YKL145W,0,0.290566,0.08453237265348434,0.04585365951061249,0.0510275699198246
YJR075W,YOR304C-A,0,0.29023665,0.0843806117773056,0.04585365951061249,0.05112782120704651
YLR187W,YOR019W,0,0.29016104,0.08422938734292984,0.04585365951061249,0.05122806876897812
YHR206W,YCL068C,0,0.2899488,0.08407871425151825,0.04585365951061249,0.05132832005620003
YMR056C,YLR068W,0,0.28983968,0.08392857015132904,0.04585365951061249,0.051428571343421936
YLR343W,YGR138C,0,0.2897172,0.08377896249294281,0.04585365951061249,0.051528822630643845
YMR314W,YOR256C,1,0.28962904,0.0854092538356781,0.04682926833629608,0.051528822630643845
YJL179W,YNL287W,0,0.28940105,0.08525755256414413,0.04682926833629608,0.05162907391786575
YGR116W,YMR303C,0,0.28939953,0.08510638028383255,0.04682926833629608,0.05172932147979736
YLR381W,YDR460W,0,0.28937763,0.08495575189590454,0.04682926833629608,0.05182957276701927
YKL096W-A,YKL178C,0,0.28871876,0.08480565249919891,0.04682926833629608,0.05192982405424118
YKR066C,YLL045C,0,0.28859276,0.08465608209371567,0.04682926833629608,0.05203007534146309
YGR274C,YGL226W,0,0.28812188,0.0845070406794548,0.04682926833629608,0.052130326628685
YNL001W,YOL072W,0,0.28775507,0.08435852080583572,0.04682926833629608,0.052230577915906906
YOL032W,YPR041W,0,0.2873009,0.08421052992343903,0.04682926833629608,0.052330825477838516
YNL054W,YNL172W,0,0.2872841,0.08406304568052292,0.04682926833629608,0.052431076765060425
YNL325C,YPL074W,0,0.28722787,0.0839160829782486,0.04682926833629608,0.05253132805228233
YLR451W,YJL153C,0,0.28670192,0.08376963436603546,0.04682926833629608,0.05263157933950424
YBR172C,YPL110C,0,0.28660983,0.08362369239330292,0.04682926833629608,0.05273183062672615
YNL050C,YDR078C,0,0.28659305,0.08347826451063156,0.04682926833629608,0.05283208191394806
YNL311C,YIR018W,0,0.2859542,0.0833333358168602,0.04682926833629608,0.05293232947587967
YER055C,YOR067C,0,0.28583062,0.08318890631198883,0.04682926833629608,0.05303258076310158
YLR421C,YHR200W,1,0.2858024,0.08477509021759033,0.047804877161979675,0.05303258076310158
YNL202W,YBR278W,0,0.2857868,0.08462867140769958,0.047804877161979675,0.053132832050323486
YDL247W,YGR112W,0,0.28513855,0.08448275923728943,0.047804877161979675,0.053233083337545395
YJL056C,YAL056W,0,0.2850821,0.08433734625577927,0.047804877161979675,0.0533333346247673
YIL107C,YFL023W,0,0.28502366,0.0841924399137497,0.047804877161979675,0.053433582186698914
YIL156W,YNL064C,1,0.28499612,0.08576329052448273,0.04878048598766327,0.053433582186698914
YGR217W,YBL080C,0,0.28497234,0.08561643958091736,0.04878048598766327,0.05353383347392082
YKL064W,YDL087C,0,0.2846931,0.08547008782625198,0.04878048598766327,0.05363408476114273
YJL001W,YKL034W,1,0.28445193,0.08703071624040604,0.04975609853863716,0.05363408476114273
YML115C,YML043C,0,0.28396994,0.08688244968652725,0.04975609853863716,0.05373433604836464
YDR211W,YER095W,0,0.28381473,0.08673469722270966,0.04975609853863716,0.05383458733558655
YJR103W,YOL056W,0,0.28362113,0.08658743649721146,0.04975609853863716,0.053934838622808456
YDL210W,YOR287C,0,0.28355592,0.08644067496061325,0.04975609853863716,0.054035086184740067
YGR220C,YPL150W,0,0.28344014,0.08629441261291504,0.04975609853863716,0.054135337471961975
YPL155C,YLR107W,0,0.28313583,0.08614864945411682,0.04975609853863716,0.054235588759183884
YPL141C,YDR376W,0,0.28299177,0.0860033705830574,0.04975609853863716,0.05433584004640579
YEL012W,YLL036C,1,0.28250262,0.0875420868396759,0.050731707364320755,0.05433584004640579
YOL028C,YMR035W,0,0.28232113,0.08739496022462845,0.050731707364320755,0.0544360913336277
YGL090W,YLR045C,0,0.28207022,0.08724832534790039,0.050731707364320755,0.05453634262084961
YHR052W,YDR256C,0,0.28177416,0.08710217475891113,0.050731707364320755,0.05463659018278122
YML080W,YKR050W,0,0.28176954,0.08695652335882187,0.050731707364320755,0.05473684147000313
YLR304C,YGR118W,0,0.28156784,0.08681134879589081,0.050731707364320755,0.05483709275722504
YLR266C,YDL209C,0,0.28148267,0.08666666597127914,0.050731707364320755,0.054937344044446945
YKL005C,YJR006W,0,0.2813795,0.08652245998382568,0.050731707364320755,0.055037595331668854
YDR447C,YIL118W,0,0.28135875,0.08637873828411102,0.050731707364320755,0.055137842893600464
YMR264W,YEL037C,1,0.2809304,0.08789386600255966,0.05170731619000435,0.055137842893600464
YHR080C,YPL213W,0,0.27989113,0.08774834126234055,0.05170731619000435,0.05523809418082237
YDL190C,YER087C-A,1,0.27973536,0.08925619721412659,0.05268292501568794,0.05523809418082237
YER151C,YFR005C,1,0.27942,0.09075907617807388,0.053658537566661835,0.05523809418082237
YPL098C,YJL095W,0,0.27919316,0.09060955792665482,0.053658537566661835,0.05533834546804428
YNL289W,YNL007C,0,0.27878386,0.09046052396297455,0.053658537566661835,0.05543859675526619
YOL144W,YOR209C,0,0.27877545,0.09031198918819427,0.053658537566661835,0.0555388480424881
YNL142W,YPL154C,0,0.27866706,0.0901639312505722,0.053658537566661835,0.05563909932971001
YOR249C,YNL309W,0,0.27835056,0.09001636505126953,0.053658537566661835,0.05573934689164162
YMR208W,YEL053C,0,0.27765316,0.08986928313970566,0.053658537566661835,0.055839598178863525
YIL087C,YCL061C,0,0.27662474,0.08972267806529999,0.053658537566661835,0.055939849466085434
YDL154W,YPL004C,0,0.27653039,0.08957654982805252,0.053658537566661835,0.05604010075330734
YNR072W,YAR007C,0,0.27650833,0.08943089097738266,0.053658537566661835,0.05614035204052925
YHR009C,YDR159W,0,0.27650794,0.0892857164144516,0.053658537566661835,0.05624060332775116
YKR049C,YPL209C,0,0.2764944,0.08914100378751755,0.053658537566661835,0.05634085088968277
YCL054W,YAL028W,0,0.27649418,0.0889967605471611,0.053658537566661835,0.05644110217690468
YMR282C,YMR038C,0,0.27649194,0.08885298669338226,0.053658537566661835,0.05654135346412659
YPL120W,YPR199C,0,0.2763931,0.08870967477560043,0.053658537566661835,0.056641604751348495
YBR231C,YHR211W,0,0.2763456,0.08856682479381561,0.053658537566661835,0.056741856038570404
YJR131W,YER087C-A,1,0.27621594,0.09003215283155441,0.05463414639234543,0.056741856038570404
YJL200C,YMR043W,0,0.27569902,0.08988764137029648,0.05463414639234543,0.056842103600502014
YPL177C,YKL038W,0,0.2755019,0.08974359184503555,0.05463414639234543,0.05694235488772392
YNL290W,YGR185C,0,0.275414,0.08959999680519104,0.05463414639234543,0.05704260617494583
YKL067W,YPR178W,0,0.27540058,0.08945687115192413,0.05463414639234543,0.05714285746216774
YBR026C,YDL059C,0,0.27524433,0.08931419253349304,0.05463414639234543,0.05724310874938965
YOL020W,YGR097W,0,0.27512014,0.08917197585105896,0.05463414639234543,0.05734336003661156
YER060W,YIL177C,0,0.27508757,0.0890302062034607,0.05463414639234543,0.05744360759854317
YHR158C,YEL029C,0,0.27506393,0.08888889104127884,0.05463414639234543,0.057543858885765076
YHR154W,YDR368W,0,0.27494952,0.0887480154633522,0.05463414639234543,0.057644110172986984
YNL227C,YNL259C,0,0.27467775,0.08860759437084198,0.05463414639234543,0.05774436146020889
YDL051W,YBR251W,0,0.27443454,0.08846761286258698,0.05463414639234543,0.0578446127474308
YKL173W,YIL051C,0,0.27395973,0.08832807838916779,0.05463414639234543,0.05794486030936241
YMR158W,YFR016C,0,0.2737385,0.08818897604942322,0.05463414639234543,0.05804511159658432
YCL039W,YPL075W,0,0.27341288,0.08805031329393387,0.05463414639234543,0.05814536288380623
YNL049C,YBL052C,0,0.27333158,0.08791209012269974,0.05463414639234543,0.05824561417102814
YLR220W,YOL135C,0,0.27316412,0.08777429163455963,0.05463414639234543,0.058345865458250046
YNR041C,YBR054W,0,0.27308866,0.08763693273067474,0.05463414639234543,0.058446116745471954
YJL071W,YLR418C,0,0.27308297,0.08749999850988388,0.05463414639234543,0.058546364307403564
YGR208W,YOL057W,0,0.27305514,0.08736349642276764,0.05463414639234543,0.05864661559462547
YJR075W,YNL084C,0,0.27292705,0.08722741156816483,0.05463414639234543,0.05874686688184738
YKL201C,YAL012W,0,0.27283528,0.08709175884723663,0.05463414639234543,0.05884711816906929
YJL052W,YDR062W,0,0.27244514,0.08695652335882187,0.05463414639234543,0.0589473694562912
YBR085W,YLR223C,0,0.27226698,0.08682170510292053,0.05463414639234543,0.05904762074351311
YML049C,YNL156C,0,0.27226064,0.08668730407953262,0.05463414639234543,0.05914786830544472
YFR005C,YER100W,1,0.2721254,0.0880989208817482,0.05560975521802902,0.05914786830544472
YMR013C,YNL293W,0,0.27183795,0.08796296268701553,0.05560975521802902,0.059248119592666626
YLR142W,YAR010C,0,0.271832,0.08782742917537689,0.05560975521802902,0.059348370879888535
YKR083C,YDL137W,0,0.2718007,0.08769230544567108,0.05560975521802902,0.05944862216711044
YLR029C,YGR052W,0,0.27176535,0.0875576063990593,0.05560975521802902,0.05954887345433235
YNL238W,YIL021W,0,0.27140456,0.08742330968379974,0.05560975521802902,0.05964912101626396
YDR243C,YHR067W,0,0.2713566,0.08728943020105362,0.05560975521802902,0.05974937230348587
YOR084W,YDR243C,0,0.27125937,0.08715596050024033,0.05560975521802902,0.05984962359070778
YJL208C,YGL104C,0,0.27125445,0.08702290058135986,0.05560975521802902,0.05994987487792969
YGL009C,YBR155W,0,0.27098647,0.08689024299383163,0.05560975521802902,0.060050126165151596
YOR181W,YCL055W,0,0.27085853,0.08675798773765564,0.05560975521802902,0.060150377452373505
YGR262C,YNL008C,0,0.27058864,0.08662614226341248,0.05560975521802902,0.060250625014305115
YER125W,YIR011C,1,0.27039182,0.08801213651895523,0.056585364043712616,0.060250625014305115
YNL006W,YOR070C,0,0.27016732,0.08787878602743149,0.056585364043712616,0.06035087630152702
YLR200W,YMR020W,0,0.27007556,0.08774583786725998,0.056585364043712616,0.06045112758874893
YPL235W,YMR270C,0,0.26996988,0.0876132920384407,0.056585364043712616,0.06055137887597084
YBR149W,YOR272W,0,0.26980737,0.08748114854097366,0.056585364043712616,0.06065163016319275
YOR047C,YOL096C,0,0.26972872,0.08734939992427826,0.056585364043712616,0.06075188145041466
YBL038W,YAL024C,0,0.2695576,0.08721804618835449,0.056585364043712616,0.06085212901234627
YNL282W,YJL153C,0,0.2694033,0.08708708733320236,0.056585364043712616,0.060952380299568176
YER161C,YLR083C,0,0.26892003,0.08695652335882187,0.056585364043712616,0.061052631586790085
YBR238C,YHL036W,0,0.2688468,0.08682634681463242,0.056585364043712616,0.06115288287401199
YFR018C,YMR040W,0,0.2688311,0.0866965651512146,0.056585364043712616,0.0612531341612339
YDR400W,YIL035C,0,0.26868933,0.08656716346740723,0.056585364043712616,0.06135338172316551
YPL259C,YHR204W,0,0.2684632,0.0864381492137909,0.056585364043712616,0.06145363301038742
YBR188C,YDR080W,0,0.26826337,0.0863095223903656,0.056585364043712616,0.06155388429760933
YDR328C,YGL017W,1,0.2679886,0.08766715973615646,0.05756097659468651,0.06155388429760933
YJL095W,YHR013C,0,0.26787442,0.08753709495067596,0.05756097659468651,0.06165413558483124
YLR121C,YDR500C,0,0.26785028,0.08740741014480591,0.05756097659468651,0.061754386872053146
YGL162W,YMR227C,0,0.26765484,0.0872781053185463,0.05756097659468651,0.061854638159275055
YGL067W,YAL010C,0,0.26759768,0.08714918792247772,0.05756097659468651,0.061954885721206665
YJL168C,YNL066W,0,0.267354,0.08702065050601959,0.05756097659468651,0.062055137008428574
YMR005W,YLL026W,0,0.2672127,0.08689248561859131,0.05756097659468651,0.06215538829565048
YPL003W,YBL067C,1,0.2670768,0.0882352963089943,0.0585365854203701,0.06215538829565048
YLR059C,YBR030W,0,0.26650497,0.08810572326183319,0.0585365854203701,0.06225563958287239
YNL311C,YOR034C,0,0.26646292,0.08797653764486313,0.0585365854203701,0.0623558908700943
YPL115C,YLR384C,0,0.26636785,0.08784773200750351,0.0585365854203701,0.06245614215731621
YAL068C,YGR030C,0,0.26626447,0.08771929889917374,0.0585365854203701,0.06255639344453812
YPL209C,YDR259C,0,0.2660757,0.08759123831987381,0.0585365854203701,0.06265664100646973
YOR261C,YMR067C,1,0.26605988,0.08892128616571426,0.059512194246053696,0.06265664100646973
YBL067C,YDR086C,1,0.26589918,0.09024745225906372,0.06048780307173729,0.06265664100646973
YMR304W,YLL042C,1,0.2658908,0.09156976640224457,0.06146341562271118,0.06265664100646973
YLR172C,YER110C,0,0.26586205,0.09143686294555664,0.06146341562271118,0.06275688856840134
YDR287W,YDL208W,0,0.26541352,0.09130434691905975,0.06146341562271118,0.06285714358091354
YBR164C,YOR136W,0,0.2652135,0.09117221087217331,0.06146341562271118,0.06295739114284515
YJL041W,YLR224W,0,0.26501322,0.0910404622554779,0.06146341562271118,0.06305764615535736
YKR066C,YDL225W,0,0.26498768,0.09090909361839294,0.06146341562271118,0.06315789371728897
YLR189C,YJL008C,0,0.2649518,0.09077809751033783,0.06146341562271118,0.06325814872980118
YJL194W,YLR042C,0,0.26494873,0.09064748138189316,0.06146341562271118,0.06335839629173279
YLR452C,YLR328W,0,0.2647021,0.09051723778247833,0.06146341562271118,0.0634586438536644
YDL122W,YDL147W,1,0.26458526,0.09182209521532059,0.062439024448394775,0.0634586438536644
YOR090C,YGR165W,0,0.26443362,0.0916905477643013,0.062439024448394775,0.0635588988661766
YNL138W,YGL061C,0,0.2643146,0.09155937284231186,0.062439024448394775,0.06365914642810822
YMR285C,YJR084W,0,0.2643046,0.09142857044935226,0.062439024448394775,0.06375940144062042
YMR264W,YOL011W,0,0.26428485,0.09129814803600311,0.062439024448394775,0.06385964900255203
YHR200W,YNR007C,1,0.26402962,0.09259258955717087,0.06341463327407837,0.06385964900255203
YNR011C,YBL054W,0,0.26384503,0.09246088564395905,0.06341463327407837,0.06395989656448364
YJR073C,YMR312W,0,0.2632205,0.09232954680919647,0.06341463327407837,0.06406015157699585
YNL059C,YNL202W,0,0.26318133,0.09219858050346375,0.06341463327407837,0.06416039913892746
YLR103C,YDR069C,0,0.2629808,0.09206798672676086,0.06341463327407837,0.06426065415143967
YLR237W,YDR234W,0,0.26287585,0.09193776547908783,0.06341463327407837,0.06436090171337128
YPL096W,YDR404C,0,0.2628723,0.09180790930986404,0.06341463327407837,0.06446114927530289
YKL217W,YGL236C,0,0.26279348,0.09167841821908951,0.06341463327407837,0.0645614042878151
YPL007C,YMR306W,0,0.26199505,0.09154929220676422,0.06341463327407837,0.0646616518497467
YBL014C,YKR104W,0,0.26189595,0.09142053127288818,0.06341463327407837,0.06476190686225891
YNL115C,YER131W,0,0.26161128,0.0912921354174614,0.06341463327407837,0.06486215442419052
YML013W,YDR470C,0,0.2615248,0.09116409718990326,0.06341463327407837,0.06496240943670273
YER133W,YDR121W,0,0.26141113,0.09103641659021378,0.06341463327407837,0.06506265699863434
YDR118W,YDL097C,1,0.26131812,0.0923076942563057,0.06439024209976196,0.06506265699863434
YMR035W,YKL020C,0,0.2612224,0.09217876940965652,0.06439024209976196,0.06516290456056595
YJL011C,YKR089C,0,0.26091132,0.0920502096414566,0.06439024209976196,0.06526315957307816
YDR260C,YOR353C,0,0.26065606,0.09192200750112534,0.06439024209976196,0.06536340713500977
YJL062W,YJR066W,0,0.26060033,0.09179415553808212,0.06439024209976196,0.06546366214752197
YHR119W,YKL063C,0,0.2604632,0.09166666865348816,0.06439024209976196,0.06556390970945358
YDR189W,YGR246C,0,0.26045933,0.09153953194618225,0.06439024209976196,0.06566415727138519
YBR153W,YGL157W,0,0.25999504,0.0914127454161644,0.06439024209976196,0.0657644122838974
YBR037C,YLR040C,0,0.25988764,0.0912863090634346,0.06439024209976196,0.06586465984582901
YLR316C,YMR192W,0,0.2598531,0.09116022288799286,0.06439024209976196,0.06596491485834122
YER048W-A,YDR332W,0,0.25982884,0.09103447943925858,0.06439024209976196,0.06606516242027283
YJR131W,YPL072W,1,0.25960004,0.09228650480508804,0.06536585092544556,0.06606516242027283
YPL151C,YNL107W,0,0.2593813,0.09215956181287766,0.06536585092544556,0.06616540998220444
YML097C,YPL002C,1,0.2592326,0.09340659528970718,0.06634145975112915,0.06616540998220444
YKL021C,YNR047W,0,0.2590771,0.09327846020460129,0.06634145975112915,0.06626566499471664
YML099C,YDL121C,0,0.258775,0.09315068274736404,0.06634145975112915,0.06636591255664825
YDR226W,YOL028C,0,0.25874352,0.09302325546741486,0.06634145975112915,0.06646616756916046
YPR037C,YLL066C,0,0.2587109,0.09289617836475372,0.06634145975112915,0.06656641513109207
YMR207C,YGL003C,0,0.2585896,0.09276944398880005,0.06634145975112915,0.06666667014360428
YIL136W,YBR212W,0,0.25853848,0.09264305233955383,0.06634145975112915,0.06676691770553589
YER082C,YDL139C,0,0.2583542,0.09251700341701508,0.06634145975112915,0.0668671652674675
YDR195W,YJL133W,0,0.25815877,0.09239130467176437,0.06634145975112915,0.0669674202799797
YDL115C,YML049C,0,0.25773263,0.09226594120264053,0.06634145975112915,0.06706766784191132
YER099C,YNL077W,0,0.2576467,0.09214092046022415,0.06634145975112915,0.06716792285442352
YIL120W,YNL078W,0,0.25759447,0.09201623499393463,0.06634145975112915,0.06726817041635513
YDR086C,YOL140W,0,0.25710437,0.09189189225435257,0.06634145975112915,0.06736841797828674
YMR065W,YIL006W,0,0.25706145,0.09176788479089737,0.06634145975112915,0.06746867299079895
YKR035W-A,YMR139W,0,0.2570241,0.09164420515298843,0.06634145975112915,0.06756892055273056
YGL116W,YLR411W,0,0.25689614,0.09152086079120636,0.06634145975112915,0.06766917556524277
YJL172W,YDR440W,0,0.2568734,0.09139785170555115,0.06634145975112915,0.06776942312717438
YLR024C,YMR276W,1,0.25653002,0.0926174521446228,0.06731707602739334,0.06776942312717438
YMR127C,YGR174C,0,0.2561971,0.09249329566955566,0.06731707602739334,0.06786967068910599
YEL036C,YGR112W,0,0.25589964,0.09236947447061539,0.06731707602739334,0.0679699257016182
YCR021C,YFL021W,0,0.25588506,0.09224598854780197,0.06731707602739334,0.0680701732635498
YGL186C,YOL108C,0,0.25564113,0.09212283045053482,0.06731707602739334,0.06817042827606201
YKR038C,YOR239W,0,0.2547483,0.09200000017881393,0.06731707602739334,0.06827067583799362
YGR003W,YBR280C,1,0.25434482,0.09320905804634094,0.06829268485307693,0.06827067583799362
YNL217W,YPL082C,0,0.25433546,0.09308510273694992,0.06829268485307693,0.06837093085050583
YFR008W,YJR145C,0,0.25424773,0.09296149015426636,0.06829268485307693,0.06847117841243744
YDR025W,YGL183C,0,0.2542001,0.09283819794654846,0.06829268485307693,0.06857142597436905
YML030W,YLL019C,0,0.25411043,0.09271523356437683,0.06829268485307693,0.06867168098688126
YDL070W,YOL092W,0,0.25405428,0.09259258955717087,0.06829268485307693,0.06877192854881287
YLL013C,YPR137W,0,0.2539961,0.09247028082609177,0.06829268485307693,0.06887218356132507
YHR150W,YIL137C,0,0.2538859,0.09234828501939774,0.06829268485307693,0.06897243112325668
YPR169W,YLR301W,0,0.25387233,0.09222661703824997,0.06829268485307693,0.0690726786851883
YHR012W,YML096W,0,0.25383022,0.09210526198148727,0.06829268485307693,0.0691729336977005
YPL093W,YPL240C,0,0.2538228,0.09198423475027084,0.06829268485307693,0.06927318125963211
YLR023C,YKR061W,0,0.25372934,0.09186352044343948,0.06829268485307693,0.06937343627214432
YAL039C,YNL291C,0,0.25363573,0.0917431190609932,0.06829268485307693,0.06947368383407593
YIL053W,YLR344W,0,0.2535872,0.09162303805351257,0.06829268485307693,0.06957393139600754
YDR110W,YPR162C,0,0.2532633,0.09150326997041702,0.06829268485307693,0.06967418640851974
YJR132W,YHR138C,0,0.25311756,0.09138381481170654,0.06829268485307693,0.06977443397045135
YDL003W,YKL093W,0,0.25310022,0.09126466512680054,0.06829268485307693,0.06987468898296356
YJL213W,YDR424C,0,0.2528208,0.0911458358168602,0.06829268485307693,0.06997493654489517
YLR345W,YIL140W,0,0.2526246,0.09102730453014374,0.06829268485307693,0.07007519155740738
YDR109C,YER104W,0,0.25260532,0.09090909361839294,0.06829268485307693,0.07017543911933899
YGR235C,YMR105C,0,0.25242826,0.09079118072986603,0.06829268485307693,0.0702756866812706
YOR222W,YOL126C,0,0.25233197,0.09067357331514359,0.06829268485307693,0.0703759416937828
YER007C-A,YBL008W,0,0.25223488,0.09055627137422562,0.06829268485307693,0.07047618925571442
YDR496C,YJR149W,0,0.25223413,0.09043927490711212,0.06829268485307693,0.07057644426822662
YNR061C,YAL030W,0,0.25210184,0.0903225839138031,0.06829268485307693,0.07067669183015823
YML070W,YBR299W,0,0.25189286,0.09020618349313736,0.06829268485307693,0.07077693939208984
YLL040C,YPL169C,0,0.25154683,0.09009008854627609,0.06829268485307693,0.07087719440460205
YHR111W,YIL017C,1,0.251467,0.09125964343547821,0.06926829367876053,0.07087719440460205
YPR086W,YOL158C,0,0.25139523,0.09114249050617218,0.06926829367876053,0.07097744196653366
YML107C,YFR031C,0,0.25060922,0.09102564305067062,0.06926829367876053,0.07107769697904587
YPL010W,YLR213C,0,0.2505893,0.09090909361839294,0.06926829367876053,0.07117794454097748
YDR390C,YHL021C,0,0.2504646,0.09079284220933914,0.06926829367876053,0.07127819210290909
YPR198W,YNL236W,0,0.25024104,0.09067688137292862,0.06926829367876053,0.0713784471154213
YFR005C,YHR012W,0,0.2500218,0.09056122601032257,0.06926829367876053,0.0714786946773529
YML099C,YPL061W,0,0.24976012,0.0904458612203598,0.06926829367876053,0.07157894968986511
YHR004C,YIR004W,0,0.24970016,0.09033078700304031,0.06926829367876053,0.07167919725179672
YDR005C,YBL068W,0,0.24919271,0.0902160108089447,0.06926829367876053,0.07177945226430893
YDL215C,YDR239C,0,0.24915063,0.09010152518749237,0.06926829367876053,0.07187969982624054
YJL001W,YJR006W,0,0.24913037,0.08998732268810272,0.06926829367876053,0.07197994738817215
YKL194C,YGL157W,0,0.24849796,0.08987341821193695,0.06926829367876053,0.07208020240068436
YOL045W,YJL003W,0,0.24842662,0.08975979685783386,0.06926829367876053,0.07218044996261597
YDR121W,YDR368W,0,0.24824494,0.08964646607637405,0.06926829367876053,0.07228070497512817
YGR184C,YDR499W,0,0.24818733,0.08953341841697693,0.06926829367876053,0.07238095253705978
YBR241C,YOL124C,0,0.2480424,0.08942065387964249,0.06926829367876053,0.0724812000989914
YPL133C,YMR055C,0,0.24796301,0.08930817246437073,0.06926829367876053,0.0725814551115036
YMR282C,YDR170C,0,0.24789065,0.08919598162174225,0.06926829367876053,0.07268170267343521
YPL002C,YHR156C,0,0.24768344,0.08908406645059586,0.06926829367876053,0.07278195768594742
YJL102W,YBR042C,0,0.24760836,0.08897243440151215,0.06926829367876053,0.07288220524787903
YNL026W,YDL106C,0,0.24748957,0.08886107802391052,0.06926829367876053,0.07298245280981064
YPL183C,YOR061W,0,0.24740058,0.08874999731779099,0.06926829367876053,0.07308270782232285
YPR083W,YGL115W,0,0.2472409,0.08863919973373413,0.06926829367876053,0.07318295538425446
YPR049C,YPR028W,0,0.24703203,0.08852867782115936,0.06926829367876053,0.07328321039676666
YBR036C,YPL163C,0,0.24699366,0.08841843158006668,0.06926829367876053,0.07338345795869827
YDR468C,YOL072W,0,0.2467638,0.08830846101045609,0.06926829367876053,0.07348371297121048
YPR041W,YJL156C,0,0.24661988,0.08819875866174698,0.06926829367876053,0.07358396053314209
YOR219C,YKL165C,0,0.24657738,0.08808933198451996,0.06926829367876053,0.0736842080950737
YML070W,YBR142W,0,0.2465145,0.08798017352819443,0.06926829367876053,0.07378446310758591
YKL028W,YGR037C,0,0.24636531,0.08787129074335098,0.06926829367876053,0.07388471066951752
YNL298W,YER130C,0,0.24635221,0.08776266872882843,0.06926829367876053,0.07398496568202972
YBR203W,YMR275C,1,0.24632281,0.08888889104127884,0.07024390250444412,0.07398496568202972
YCL052C,YKL010C,1,0.24609478,0.090012326836586,0.07121951133012772,0.07398496568202972
YOR259C,YER094C,1,0.24601257,0.0911330059170723,0.07219512015581131,0.07398496568202972
YDR465C,YMR272C,0,0.2458314,0.09102091193199158,0.07219512015581131,0.07408521324396133
YBR274W,YOL082W,0,0.24574319,0.09090909361839294,0.07219512015581131,0.07418546080589294
YDL223C,YOR150W,0,0.24562648,0.0907975435256958,0.07219512015581131,0.07428571581840515
YLR364W,YOR147W,0,0.2455633,0.09068627655506134,0.07219512015581131,0.07438596338033676
YPL127C,YOR283W,0,0.2452815,0.09057527780532837,0.07219512015581131,0.07448621839284897
YHR205W,YBR213W,0,0.2452632,0.09046454727649689,0.07219512015581131,0.07458646595478058
YOL098C,YEL016C,0,0.24518217,0.09035409241914749,0.07219512015581131,0.07468671351671219
YBR214W,YPL090C,0,0.24508773,0.09024390578269958,0.07219512015581131,0.0747869685292244
YGR161C,YDR456W,0,0.24505442,0.09013397991657257,0.07219512015581131,0.074887216091156
YDR383C,YNL146W,0,0.24462135,0.09002432972192764,0.07219512015581131,0.07498747110366821
YAL063C,YOR145C,0,0.24458139,0.0899149477481842,0.07219512015581131,0.07508771866559982
YMR040W,YLL061W,0,0.24425393,0.08980582654476166,0.07219512015581131,0.07518796622753143
YPR169W,YOL133W,0,0.24388415,0.08969696611166,0.07219512015581131,0.07528822124004364
YMR194W,YDL144C,0,0.24375463,0.08958838135004044,0.07219512015581131,0.07538846880197525
YJR082C,YOL062C,0,0.2437534,0.08948004990816116,0.07219512015581131,0.07548872381448746
YPR111W,YMR125W,0,0.24362576,0.08937197923660278,0.07219512015581131,0.07558897137641907
YMR233W,YDR178W,0,0.24345312,0.08926417678594589,0.07219512015581131,0.07568922638893127
YBR162C,YOR179C,0,0.2432535,0.0891566276550293,0.07219512015581131,0.07578947395086288
YOL045W,YMR053C,0,0.24314001,0.0890493392944336,0.07219512015581131,0.0758897215127945
YJL143W,YLR186W,0,0.24313384,0.08894230425357819,0.07219512015581131,0.0759899765253067
YFL054C,YHL024W,0,0.2429162,0.08883553743362427,0.07219512015581131,0.07609022408723831
YFR006W,YIL160C,0,0.24290359,0.08872901648283005,0.07219512015581131,0.07619047909975052
YDR536W,YJL071W,0,0.24198447,0.08862275630235672,0.07219512015581131,0.07629072666168213
YDR139C,YGR003W,1,0.24190114,0.08971291780471802,0.0731707289814949,0.07629072666168213
YIL171W,YJL011C,0,0.24184334,0.08960573375225067,0.0731707289814949,0.07639097422361374
YDR483W,YNL233W,0,0.24164961,0.08949880301952362,0.0731707289814949,0.07649122923612595
YGR212W,YPL133C,0,0.24145505,0.08939213305711746,0.0731707289814949,0.07659147679805756
YPR091C,YOL077C,0,0.24138005,0.0892857164144516,0.0731707289814949,0.07669173181056976
YMR115W,YDR342C,0,0.24120101,0.08917954564094543,0.0731707289814949,0.07679197937250137
YPL194W,YKR056W,0,0.24110293,0.08907363563776016,0.0731707289814949,0.07689222693443298
YIL020C,YER098W,0,0.2408336,0.08896797150373459,0.0731707289814949,0.07699248194694519
YOL023W,YPL188W,0,0.24077016,0.08886256068944931,0.0731707289814949,0.0770927295088768
YJL167W,YDR492W,0,0.2407314,0.08875739574432373,0.0731707289814949,0.07719298452138901
YDL121C,YDR261C,0,0.2406874,0.08865248411893845,0.0731707289814949,0.07729323208332062
YDL084W,YFL001W,0,0.24064201,0.08854781836271286,0.0731707289814949,0.07739348709583282
YCL008C,YOR362C,1,0.24056067,0.08962263911962509,0.0741463378071785,0.07739348709583282
YIL046W,YIL159W,0,0.2404466,0.08951707929372787,0.0741463378071785,0.07749373465776443
YPL159C,YBL023C,0,0.24035038,0.08941176533699036,0.0741463378071785,0.07759398221969604
YPL043W,YDR096W,0,0.240322,0.08930669724941254,0.0741463378071785,0.07769423723220825
YER143W,YCL044C,1,0.24026081,0.09037558734416962,0.07512195408344269,0.07769423723220825
YHR056C,YBL076C,0,0.24021159,0.09026964008808136,0.07512195408344269,0.07779448479413986
YGR274C,YMR273C,0,0.24021082,0.0901639312505722,0.07512195408344269,0.07789473980665207
YBR114W,YDL017W,0,0.24004662,0.09005848318338394,0.07512195408344269,0.07799498736858368
YCR026C,YNL185C,0,0.23999311,0.08995327353477478,0.07512195408344269,0.07809523493051529
YGL087C,YBR081C,0,0.23946458,0.08984830975532532,0.07512195408344269,0.0781954899430275
YDR069C,YKL002W,1,0.23934624,0.09090909361839294,0.07609756290912628,0.0781954899430275
YBL075C,YMR301C,0,0.23920709,0.09080325812101364,0.07609756290912628,0.0782957375049591
YBR214W,YPL074W,0,0.23917343,0.09069767594337463,0.07609756290912628,0.07839599251747131
YMR005W,YDR379W,0,0.23915598,0.09059233218431473,0.07609756290912628,0.07849624007940292
YCL016C,YNL094W,0,0.23897152,0.09048724174499512,0.07609756290912628,0.07859648764133453
YLR023C,YEL064C,0,0.2389571,0.09038238972425461,0.07609756290912628,0.07869674265384674
YJL110C,YDR356W,0,0.23865074,0.0902777761220932,0.07609756290912628,0.07879699021577835
YPR071W,YLR367W,0,0.23854089,0.09017340838909149,0.07609756290912628,0.07889724522829056
YCR011C,YLR425W,0,0.23820078,0.09006928652524948,0.07609756290912628,0.07899749279022217
YDR503C,YLL008W,0,0.23800942,0.08996539562940598,0.07609756290912628,0.07909774780273438
YPL112C,YEL041W,0,0.23790549,0.08986175060272217,0.07609756290912628,0.07919799536466599
YNL121C,YKL210W,0,0.23781508,0.08975834399461746,0.07609756290912628,0.0792982429265976
YNR024W,YHR117W,0,0.2378132,0.08965517580509186,0.07609756290912628,0.0793984979391098
YDL127W,YML016C,0,0.23779112,0.08955223858356476,0.07609756290912628,0.07949874550104141
YJR060W,YHR059W,0,0.23776746,0.08944953978061676,0.07609756290912628,0.07959900051355362
YLR128W,YKR087C,1,0.23728079,0.09049255400896072,0.07707317173480988,0.07959900051355362
YGL067W,YNL026W,0,0.237176,0.09038901329040527,0.07707317173480988,0.07969924807548523
YOR206W,YGR252W,0,0.23714566,0.09028571099042892,0.07707317173480988,0.07979949563741684
YJR131W,YDR457W,1,0.2369914,0.09132420271635056,0.07804878056049347,0.07979949563741684
YER129W,YMR186W,0,0.23686334,0.09122006595134735,0.07804878056049347,0.07989975064992905
YBR035C,YDR176W,0,0.23683318,0.09111617505550385,0.07804878056049347,0.07999999821186066
YDL220C,YER104W,0,0.23676416,0.09101251512765884,0.07804878056049347,0.08010025322437286
YBR203W,YDR002W,1,0.23660967,0.09204545617103577,0.07902438938617706,0.08010025322437286
YPL202C,YGR104C,0,0.23631409,0.0919409766793251,0.07902438938617706,0.08020050078630447
YDR283C,YOR261C,0,0.23613498,0.09183673560619354,0.07902438938617706,0.08030074834823608
YPL046C,YBL084C,1,0.23602438,0.0928652286529541,0.07999999821186066,0.08030074834823608
YML097C,YGL186C,0,0.23589167,0.09276018291711807,0.07999999821186066,0.08040100336074829
YKL206C,YML088W,1,0.2355653,0.09378530830144882,0.08097560703754425,0.08040100336074829
YNL111C,YML016C,0,0.23553625,0.09367945790290833,0.08097560703754425,0.0805012509226799
YDR179C,YPR011C,0,0.23541091,0.09357384592294693,0.08097560703754425,0.08060150593519211
YFR006W,YNR030W,0,0.23510514,0.09346846491098404,0.08097560703754425,0.08070175349712372
YLR248W,YGR047C,0,0.2348133,0.09336332976818085,0.08097560703754425,0.08080200850963593
YPL087W,YNR047W,0,0.23429689,0.09325842559337616,0.08097560703754425,0.08090225607156754
YER046W,YDR518W,0,0.23405921,0.09315375983715057,0.08097560703754425,0.08100250363349915
YLR221C,YNL012W,0,0.2340035,0.09304932504892349,0.08097560703754425,0.08110275864601135
YDL074C,YBR290W,1,0.23373125,0.09406495094299316,0.08195121586322784,0.08110275864601135
YFL009W,YDL091C,1,0.23360583,0.09507829695940018,0.08292683213949203,0.08110275864601135
YAR042W,YMR289W,0,0.23351341,0.09497206658124924,0.08292683213949203,0.08120300620794296
YMR269W,YER020W,0,0.23346098,0.0948660746216774,0.08292683213949203,0.08130326122045517
YPL240C,YML016C,0,0.23340826,0.09476031363010406,0.08292683213949203,0.08140350878238678
YNL078W,YPL240C,0,0.23338193,0.09465479105710983,0.08292683213949203,0.08150375634431839
YBR105C,YIL046W,1,0.23308918,0.09566184878349304,0.08390244096517563,0.08150375634431839
YNL212W,YHR140W,0,0.23275363,0.09555555880069733,0.08390244096517563,0.0816040113568306
YIL080W,YDR076W,0,0.2325312,0.09544949978590012,0.08390244096517563,0.08170425891876221
YPL018W,YBR268W,0,0.23250091,0.095343679189682,0.08390244096517563,0.08180451393127441
YER060W,YPL213W,0,0.23238355,0.095238097012043,0.08390244096517563,0.08190476149320602
YOR008C,YGR246C,0,0.23235089,0.0951327458024025,0.08390244096517563,0.08200500905513763
YJL173C,YER185W,0,0.23229516,0.0950276255607605,0.08390244096517563,0.08210526406764984
YMR223W,YDL007W,1,0.23228347,0.09602648764848709,0.08487804979085922,0.08210526406764984
YBR072W,YPL157W,0,0.23227668,0.0959206148982048,0.08487804979085922,0.08220551162958145
YNL062C,YBR149W,0,0.2322379,0.09581498056650162,0.08487804979085922,0.08230576664209366
YGL243W,YLR452C,0,0.23222347,0.09570956975221634,0.08487804979085922,0.08240601420402527
YLR006C,YER104W,0,0.2321985,0.09560439735651016,0.08487804979085922,0.08250626921653748
YHR009C,YBR247C,0,0.23213044,0.0954994484782219,0.08487804979085922,0.08260651677846909
YLR385C,YJR045C,0,0.23205641,0.09539473801851273,0.08487804979085922,0.0827067643404007
YNL307C,YCL064C,0,0.23183438,0.09529025107622147,0.08487804979085922,0.0828070193529129
YDR067C,YNL290W,0,0.23114663,0.09518599510192871,0.08487804979085922,0.08290726691484451
YPL022W,YER036C,0,0.23101866,0.09508197009563446,0.08487804979085922,0.08300752192735672
YLR224W,YNL147W,0,0.23094591,0.09497816860675812,0.08487804979085922,0.08310776948928833
YDL043C,YKL003C,0,0.23093976,0.09487459063529968,0.08487804979085922,0.08320801705121994
YBR128C,YLR265C,0,0.23063716,0.09477124363183975,0.08487804979085922,0.08330827206373215
YDR098C,YDR197W,0,0.23055941,0.09466812014579773,0.08487804979085922,0.08340851962566376
YMR008C,YCR026C,0,0.23044308,0.09456522017717361,0.08487804979085922,0.08350877463817596
YER150W,YOR131C,0,0.23042193,0.09446254372596741,0.08487804979085922,0.08360902220010757
YPR162C,YNL281W,0,0.23027353,0.09436008334159851,0.08487804979085922,0.08370926976203918
YDR261C,YBL098W,0,0.23013131,0.09425785392522812,0.08487804979085922,0.08380952477455139
YDL210W,YNL274C,0,0.22983915,0.09415584057569504,0.08487804979085922,0.083909772336483
YNL261W,YNL172W,0,0.22981605,0.09405405074357986,0.08487804979085922,0.08401002734899521
YDR457W,YBL017C,1,0.22975321,0.09503239393234253,0.08585365861654282,0.08401002734899521
YDL115C,YPL206C,0,0.22973582,0.09492988139390945,0.08585365861654282,0.08411027491092682
YML042W,YDR128W,0,0.22957116,0.09482758492231369,0.08585365861654282,0.08421052992343903
YDL061C,YGR071C,0,0.2295474,0.09472551196813583,0.08585365861654282,0.08431077748537064
YOR049C,YNR060W,0,0.22946738,0.09462365508079529,0.08585365861654282,0.08441102504730225
YDL087C,YNL156C,0,0.22914074,0.09452202171087265,0.08585365861654282,0.08451128005981445
YFR050C,YIL156W,1,0.22911754,0.09549356251955032,0.08682926744222641,0.08451128005981445
YER168C,YDR532C,0,0.22909775,0.09539121389389038,0.08682926744222641,0.08461152762174606
YPL202C,YPR160W,0,0.2289691,0.09528908133506775,0.08682926744222641,0.08471178263425827
YNL173C,YLR373C,0,0.22889844,0.09518716484308243,0.08682926744222641,0.08481203019618988
YGL220W,YPR148C,0,0.2288118,0.09508547186851501,0.08682926744222641,0.08491227775812149
YLR425W,YAR031W,0,0.22876543,0.09498399496078491,0.08682926744222641,0.0850125327706337
YLL051C,YJL073W,0,0.2286711,0.09488272666931152,0.08682926744222641,0.08511278033256531
YPL110C,YMR139W,0,0.22866367,0.09478168189525604,0.08682926744222641,0.08521303534507751
YMR089C,YMR097C,0,0.22855692,0.09468085318803787,0.08682926744222641,0.08531328290700912
YLR306W,YDL147W,1,0.22846761,0.09564293175935745,0.08780487626791,0.08531328290700912
YLR029C,YHR074W,0,0.22838318,0.09554140269756317,0.08780487626791,0.08541353046894073
YLR304C,YOR243C,0,0.22833297,0.0954400822520256,0.08780487626791,0.08551378548145294
YER023W,YML071C,0,0.22831836,0.09533898532390594,0.08780487626791,0.08561403304338455
YIL030C,YER063W,0,0.22829731,0.095238097012043,0.08780487626791,0.08571428805589676
YPL127C,YNL298W,0,0.22815418,0.09513741731643677,0.08780487626791,0.08581453561782837
YMR281W,YNL219C,0,0.22809154,0.09503696113824844,0.08780487626791,0.08591479063034058
YDR254W,YOL080C,0,0.2279144,0.09493670612573624,0.08780487626791,0.08601503819227219
YDR262W,YMR150C,0,0.22772744,0.09483666718006134,0.08780487626791,0.0861152857542038
YER125W,YIL046W,1,0.22765613,0.09578947722911835,0.0887804850935936,0.0861152857542038
YDR419W,YKL165C,0,0.22762759,0.09568874537944794,0.0887804850935936,0.086215540766716
YGR251W,YGR179C,0,0.22762,0.09558823704719543,0.0887804850935936,0.08631578832864761
YGR229C,YML095C,0,0.22712255,0.09548792988061905,0.0887804850935936,0.08641604334115982
YLR154C,YGR143W,0,0.22707139,0.09538783878087997,0.0887804850935936,0.08651629090309143
YHR061C,YDL220C,0,0.2269933,0.09528795629739761,0.0887804850935936,0.08661653846502304
YPR156C,YOL123W,0,0.22693008,0.09518828243017197,0.0887804850935936,0.08671679347753525
YIR031C,YPR138C,0,0.22691482,0.09508881717920303,0.0887804850935936,0.08681704103946686
YFR003C,YGL170C,0,0.22690539,0.09498956054449081,0.0887804850935936,0.08691729605197906
YLR292C,YAL016W,0,0.22666016,0.09489051252603531,0.0887804850935936,0.08701754361391068
YDR227W,YPL203W,0,0.22663169,0.09479166567325592,0.0887804850935936,0.08711779117584229
YLR383W,YDR196C,0,0.22662596,0.09469302743673325,0.0887804850935936,0.08721804618835449
YMR233W,YPR003C,0,0.22648509,0.09459459781646729,0.0887804850935936,0.0873182937502861
YPR095C,YLR411W,0,0.22632699,0.09449636191129684,0.0887804850935936,0.08741854876279831
YER099C,YKR089C,0,0.2263084,0.09439834207296371,0.0887804850935936,0.08751879632472992
YAL035W,YML031W,0,0.22630024,0.0943005159497261,0.0887804850935936,0.08761905133724213
YNL239W,YEL065W,0,0.22616027,0.09420289844274521,0.0887804850935936,0.08771929889917374
YDR299W,YDR262W,0,0.22556594,0.09410548210144043,0.0887804850935936,0.08781954646110535
YDR358W,YKR031C,0,0.22555456,0.09400826692581177,0.0887804850935936,0.08791980147361755
YPL096W,YKL010C,1,0.22537957,0.09494324028491974,0.08975609391927719,0.08791980147361755
YNL145W,YGR224W,0,0.22512425,0.09484536200761795,0.08975609391927719,0.08802004903554916
YHR106W,YDL033C,0,0.22510357,0.09474768489599228,0.08975609391927719,0.08812030404806137
YPL137C,YOL040C,0,0.22500513,0.09465020895004272,0.08975609391927719,0.08822055160999298
YKL130C,YOR288C,0,0.22497046,0.09455292671918869,0.08975609391927719,0.08832079917192459
YLR337C,YMR229C,0,0.2248801,0.09445585310459137,0.08975609391927719,0.0884210541844368
YKL183W,YFL001W,0,0.22481287,0.09435897320508957,0.08975609391927719,0.08852130174636841
YLR121C,YBR055C,0,0.22452635,0.09426229447126389,0.08975609391927719,0.08862155675888062
YOR084W,YPL068C,0,0.22446097,0.09416581690311432,0.08975609391927719,0.08872180432081223
YBR272C,YGR007W,0,0.22432904,0.09406953305006027,0.08975609391927719,0.08882205188274384
YGR188C,YHL021C,0,0.22432214,0.09397344291210175,0.08975609391927719,0.08892230689525604
YPL254W,YGR007W,0,0.22426063,0.09387755393981934,0.08975609391927719,0.08902255445718765
YOR069W,YOL096C,0,0.2241831,0.09378185868263245,0.08975609391927719,0.08912280946969986
YPR071W,YJR149W,0,0.22412854,0.09368635714054108,0.08975609391927719,0.08922305703163147
YDL031W,YOL003C,0,0.22398005,0.09359104931354523,0.08975609391927719,0.08932330459356308
YKL010C,YKL041W,1,0.22394025,0.09451219439506531,0.09073171019554138,0.08932330459356308
YER071C,YML051W,0,0.22360092,0.09441624581813812,0.09073171019554138,0.08942355960607529
YPR007C,YJR076C,0,0.22344254,0.09432048350572586,0.09073171019554138,0.0895238071680069
YLR204W,YPR166C,0,0.22336489,0.09422492235898972,0.09073171019554138,0.0896240621805191
YER155C,YKR044W,0,0.22335,0.09412955492734909,0.09073171019554138,0.08972430974245071
YFR021W,YNL103W,0,0.22334898,0.09403438121080399,0.09073171019554138,0.08982456475496292
YGR205W,YNL111C,0,0.22333443,0.0939393937587738,0.09073171019554138,0.08992481231689453
YGR048W,YLR352W,1,0.22326891,0.09485368430614471,0.09170731902122498,0.08992481231689453
YJL174W,YCR016W,0,0.2230897,0.0947580635547638,0.09170731902122498,0.09002505987882614
YGL174W,YJR102C,0,0.22294012,0.0946626365184784,0.09170731902122498,0.09012531489133835
YOR049C,YHR113W,0,0.22292255,0.09456740319728851,0.09170731902122498,0.09022556245326996
YLR028C,YNL227C,0,0.2228165,0.09447236359119415,0.09170731902122498,0.09032581746578217
YDL209C,YMR289W,0,0.22275463,0.09437751024961472,0.09170731902122498,0.09042606502771378
YGR281W,YDL024C,0,0.2227371,0.0942828506231308,0.09170731902122498,0.09052631258964539
YGR204W,YJR083C,0,0.22273645,0.0941883772611618,0.09170731902122498,0.09062656760215759
YCL008C,YGR217W,0,0.22271526,0.09409409761428833,0.09170731902122498,0.0907268151640892
YBL005W,YPL178W,0,0.22252053,0.09399999678134918,0.09170731902122498,0.09082707017660141
YIL069C,YDR135C,0,0.22248611,0.09390609711408615,0.09170731902122498,0.09092731773853302
YML082W,YEL013W,0,0.22235473,0.09381237626075745,0.09170731902122498,0.09102756530046463
YBR040W,YDR296W,0,0.22217962,0.09371884167194366,0.09170731902122498,0.09112782031297684
YGL035C,YER167W,0,0.22208832,0.0936255007982254,0.09170731902122498,0.09122806787490845
YNL147W,YNL158W,0,0.22201924,0.09353233873844147,0.09170731902122498,0.09132832288742065
YDR082W,YHR030C,0,0.22201428,0.09343936294317245,0.09170731902122498,0.09142857044935226
YLL008W,YNL077W,0,0.22201243,0.09334657341241837,0.09170731902122498,0.09152882546186447
YIL156W,YMR276W,1,0.22189169,0.0942460298538208,0.09268292784690857,0.09152882546186447
YLR223C,YLL031C,0,0.22165486,0.09415262937545776,0.09268292784690857,0.09162907302379608
YNL194C,YMR088C,0,0.22152057,0.09405940771102905,0.09268292784690857,0.09172932058572769
YGL092W,YPL065W,0,0.2213912,0.09396637231111526,0.09268292784690857,0.0918295755982399
YMR075W,YLR139C,0,0.22134253,0.0938735157251358,0.09268292784690857,0.09192982316017151
YPL043W,YKR062W,0,0.2213381,0.09378084540367126,0.09268292784690857,0.09203007817268372
YDR531W,YOL067C,0,0.22130409,0.09368836134672165,0.09268292784690857,0.09213032573461533
YGR083C,YLL027W,0,0.22114836,0.09359605610370636,0.09268292784690857,0.09223057329654694
YHR186C,YJR050W,0,0.22091034,0.093503937125206,0.09268292784690857,0.09233082830905914
YKL132C,YOR068C,0,0.22085358,0.09341199696063995,0.09268292784690857,0.09243107587099075
YNR022C,YDR059C,0,0.22072643,0.09332023561000824,0.09268292784690857,0.09253133088350296
YLR248W,YDR405W,0,0.22066444,0.09322865307331085,0.09268292784690857,0.09263157844543457
YJR031C,YJL179W,0,0.22012281,0.09313725680112839,0.09268292784690857,0.09273182600736618
YHR194W,YBR084W,0,0.22003692,0.09304603189229965,0.09268292784690857,0.09283208101987839
YLR219W,YOR136W,0,0.21994063,0.09295499324798584,0.09268292784690857,0.09293232858181
YDR512C,YFL041W,0,0.21977866,0.09286412596702576,0.09268292784690857,0.0930325835943222
YOL028C,YOR176W,0,0.21971774,0.0927734375,0.09268292784690857,0.09313283115625381
YDR347W,YKL179C,0,0.21967052,0.09268292784690857,0.09268292784690857,0.09323308616876602
YDR438W,YEL053C,0,0.21960366,0.09259258955717087,0.09268292784690857,0.09333333373069763
YML086C,YGL227W,0,0.21951988,0.09250243753194809,0.09268292784690857,0.09343358129262924
YDR101C,YNL133C,0,0.2194758,0.09241244941949844,0.09268292784690857,0.09353383630514145
YCL039W,YHR108W,1,0.21946217,0.09329446405172348,0.09365853667259216,0.09353383630514145
YER112W,YOR092W,0,0.21922162,0.09320387989282608,0.09365853667259216,0.09363408386707306
YGL231C,YBL017C,0,0.2190313,0.0931134819984436,0.09365853667259216,0.09373433887958527
YMR090W,YOR011W,0,0.21894658,0.09302325546741486,0.09365853667259216,0.09383458644151688
YOR283W,YDR138W,0,0.21889111,0.09293320775032043,0.09365853667259216,0.09393483400344849
YNR051C,YOR124C,1,0.21887848,0.09381044656038284,0.09463414549827576,0.09393483400344849
YBL020W,YOL057W,0,0.21881482,0.09371981024742126,0.09463414549827576,0.0940350890159607
YDL097C,YER095W,0,0.21845016,0.09362934529781342,0.09463414549827576,0.0941353365778923
YOR011W,YLR377C,0,0.2181738,0.0935390517115593,0.09463414549827576,0.09423559159040451
YPL202C,YHR138C,0,0.21798778,0.0934489369392395,0.09463414549827576,0.09433583915233612
YKL034W,YPL020C,1,0.21794319,0.09432145953178406,0.09560975432395935,0.09433583915233612
YER053C,YHR064C,0,0.21741456,0.0942307710647583,0.09560975432395935,0.09443608671426773
YOL070C,YPL010W,0,0.21740341,0.09414024651050568,0.09560975432395935,0.09453634172677994
YGL256W,YER153C,0,0.21723996,0.09404990077018738,0.09560975432395935,0.09463658928871155
YPL065W,YHL047C,0,0.21718216,0.0939597338438034,0.09560975432395935,0.09473684430122375
YHR002W,YBL013W,0,0.2171748,0.09386973083019257,0.09560975432395935,0.09483709186315536
YGR032W,YDR025W,0,0.21700951,0.09377990663051605,0.09560975432395935,0.09493734687566757
YPR113W,YDR421W,0,0.21699628,0.09369024634361267,0.09560975432395935,0.09503759443759918
YML081C-A,YCR037C,0,0.21696429,0.09360076487064362,0.09560975432395935,0.09513784199953079
YDR328C,YJL106W,0,0.21691006,0.09351144731044769,0.09560975432395935,0.095238097012043
YOL109W,YAL028W,0,0.216799,0.0934223085641861,0.09560975432395935,0.09533834457397461
YLR189C,YLL048C,0,0.21673143,0.09333333373069763,0.09560975432395935,0.09543859958648682
YJL073W,YMR275C,1,0.21672893,0.09419600665569305,0.09658536314964294,0.09543859958648682
YOL061W,YDR288W,0,0.21654947,0.09410646557807922,0.09658536314964294,0.09553884714841843
YLR016C,YNL233W,0,0.21648878,0.09401709586381912,0.09658536314964294,0.09563909471035004
YLR451W,YDL093W,0,0.2164175,0.09392789006233215,0.09658536314964294,0.09573934972286224
YLR131C,YNL006W,0,0.21626389,0.09383886307477951,0.09658536314964294,0.09583959728479385
YDR005C,YGL198W,0,0.2161496,0.09375,0.09658536314964294,0.09593985229730606
YAL068C,YNL283C,0,0.21581082,0.09366130828857422,0.09658536314964294,0.09604009985923767
YML077W,YOR351C,0,0.21573898,0.09357278048992157,0.09658536314964294,0.09614034742116928
YMR133W,YER074W,0,0.21559843,0.09348441660404205,0.09658536314964294,0.09624060243368149
YKL218C,YHL034C,0,0.21545395,0.09339622408151627,0.09658536314964294,0.0963408499956131
YLR121C,YDR268W,0,0.21532726,0.09330820292234421,0.09658536314964294,0.0964411050081253
YDL074C,YFR010W,1,0.21512651,0.09416195750236511,0.09756097197532654,0.0964411050081253
YPL180W,YNL219C,0,0.21489805,0.09407337754964828,0.09756097197532654,0.09654135257005692
YAL031C,YER071C,0,0.21462716,0.09398496150970459,0.09756097197532654,0.09664160758256912
YBR023C,YNL121C,0,0.21451032,0.09389671683311462,0.09756097197532654,0.09674185514450073
YDL072C,YJR151C,0,0.21432944,0.0938086286187172,0.09756097197532654,0.09684210270643234
YBR034C,YKL134C,0,0.2143197,0.09372071176767349,0.09756097197532654,0.09694235771894455
YNL325C,YLR042C,0,0.21400486,0.09363295882940292,0.09756097197532654,0.09704260528087616
YGL173C,YBR054W,0,0.2139883,0.09354536980390549,0.09756097197532654,0.09714286029338837
YDL078C,YPL111W,0,0.2138775,0.09345794469118118,0.09756097197532654,0.09724310785531998
YGR003W,YPL176C,1,0.21385299,0.0943043902516365,0.09853658825159073,0.09724310785531998
YLR001C,YOL010W,0,0.21367508,0.09421642124652863,0.09853658825159073,0.09734335541725159
YDL230W,YOR236W,0,0.21360627,0.09412860870361328,0.09853658825159073,0.0974436104297638
YDR251W,YPR188C,0,0.21355693,0.09404096752405167,0.09853658825159073,0.0975438579916954
YHR106W,YDR251W,0,0.21332875,0.09395349025726318,0.09853658825159073,0.09764411300420761
YOR151C,YER113C,0,0.21313234,0.09386616945266724,0.09853658825159073,0.09774436056613922
YGL112C,YLR299W,0,0.21307558,0.09377901256084442,0.09853658825159073,0.09784460812807083
YBR065C,YDR518W,0,0.21307015,0.09369201958179474,0.09853658825159073,0.09794486314058304
YMR078C,YOR265W,0,0.2130277,0.09360519051551819,0.09853658825159073,0.09804511070251465
YLR467W,YNL135C,0,0.21260245,0.09351851791143417,0.09853658825159073,0.09814536571502686
YJR075W,YIL080W,0,0.21235427,0.09343200922012329,0.09853658825159073,0.09824561327695847
YLR237W,YNR048W,0,0.21230197,0.09334565699100494,0.09853658825159073,0.09834586828947067
YDR030C,YER002W,0,0.2121483,0.09325946122407913,0.09853658825159073,0.09844611585140228
YGR010W,YNL135C,0,0.21214075,0.09317342936992645,0.09853658825159073,0.09854636341333389
YIL017C,YML088W,1,0.21213973,0.09400921314954758,0.09951219707727432,0.09854636341333389
YLR019W,YOL138C,0,0.21211393,0.09392265230417252,0.09951219707727432,0.0986466184258461
YIL030C,YKL213C,1,0.21205151,0.09475620836019516,0.10048780590295792,0.0986466184258461
YER070W,YOR032C,0,0.21188866,0.09466911852359772,0.10048780590295792,0.09874686598777771
YPL135W,YMR182C,0,0.21183848,0.09458218514919281,0.10048780590295792,0.09884712100028992
YML073C,YBR131W,0,0.21163012,0.09449541568756104,0.10048780590295792,0.09894736856222153
YHR012W,YIL108W,0,0.21140425,0.0944088026881218,0.10048780590295792,0.09904761612415314
YDR345C,YMR182C,0,0.21136671,0.09432234615087509,0.10048780590295792,0.09914787113666534
YAL007C,YDR242W,0,0.21124545,0.09423604607582092,0.10048780590295792,0.09924811869859695
YGL216W,YLR165C,0,0.21113443,0.09414990991353989,0.10048780590295792,0.09934837371110916
YDR248C,YMR023C,0,0.2110732,0.09406393021345139,0.10048780590295792,0.09944862127304077
YHR167W,YBL098W,0,0.211034,0.09397809952497482,0.10048780590295792,0.09954886883497238
YHL006C,YOR129C,0,0.2109836,0.09389243274927139,0.10048780590295792,0.09964912384748459
YER055C,YIL002C,0,0.2109566,0.0938069224357605,0.10048780590295792,0.0997493714094162
YDR399W,YOL072W,0,0.21093845,0.09372156858444214,0.10048780590295792,0.0998496264219284
YMR109W,YKL056C,0,0.21077554,0.09363636374473572,0.10048780590295792,0.09994987398386002
YHR029C,YER002W,0,0.21073133,0.09355131536722183,0.10048780590295792,0.10005012899637222
YNL055C,YDR281C,0,0.21069632,0.09346642345190048,0.10048780590295792,0.10015037655830383
YJL171C,YCR031C,0,0.21068734,0.09338168799877167,0.10048780590295792,0.10025062412023544
YJR075W,YER044C,0,0.21054521,0.09329710155725479,0.10048780590295792,0.10035087913274765
YFR036W,YHR027C,1,0.21051618,0.0941176488995552,0.10146341472864151,0.10035087913274765
YLR306W,YLR107W,0,0.21051124,0.09403254836797714,0.10146341472864151,0.10045112669467926
YGR094W,YJL003W,0,0.21044867,0.09394760429859161,0.10146341472864151,0.10055138170719147
YBR146W,YDL098C,0,0.21033461,0.09386281669139862,0.10146341472864151,0.10065162926912308
YJR133W,YDR378C,0,0.21032366,0.09377817809581757,0.10146341472864151,0.10075187683105469
YLL034C,YDR511W,0,0.21001747,0.09369369596242905,0.10146341472864151,0.1008521318435669
YLR451W,YKR009C,0,0.20991628,0.09360936284065247,0.10146341472864151,0.1009523794054985
YEL052W,YKL191W,0,0.20987973,0.09352517873048782,0.10146341472864151,0.10105263441801071
YAL044C,YDR052C,0,0.20984565,0.09344115108251572,0.10146341472864151,0.10115288197994232
YKR034W,YNR050C,0,0.20958644,0.09335727244615555,0.10146341472864151,0.10125312954187393
YJL056C,YOL095C,0,0.20939577,0.09327354282140732,0.10146341472864151,0.10135338455438614
YFR010W,YLR373C,0,0.20937487,0.09318996220827103,0.10146341472864151,0.10145363211631775
YKL074C,YKR079C,0,0.20936796,0.09310653805732727,0.10146341472864151,0.10155388712882996
YHR106W,YCR087C-A,0,0.2093602,0.09302325546741486,0.10146341472864151,0.10165413469076157
YNR059W,YCR031C,0,0.20916378,0.09294012188911438,0.10146341472864151,0.10175438225269318
YER144C,YDL064W,1,0.20888034,0.09375,0.1024390235543251,0.10175438225269318
YMR304W,YMR214W,1,0.20843866,0.09455843269824982,0.1034146323800087,0.10175438225269318
YCL039W,YCL008C,1,0.20830555,0.09536541998386383,0.10439024120569229,0.10175438225269318
YPL163C,YMR150C,0,0.2081337,0.09528049826622009,0.10439024120569229,0.10185463726520538
YDL223C,YER071C,0,0.20803158,0.09519573301076889,0.10439024120569229,0.101954884827137
YLR441C,YMR250W,0,0.20771876,0.09511110931634903,0.10439024120569229,0.1020551398396492
YCR045C,YER142C,0,0.20769247,0.0950266420841217,0.10439024120569229,0.10215538740158081
YLR096W,YNR020C,0,0.20761858,0.09494232386350632,0.10439024120569229,0.10225564241409302
YBR189W,YJL060W,0,0.20752338,0.09485815465450287,0.10439024120569229,0.10235588997602463
YPR041W,YDL145C,0,0.20742396,0.09477413445711136,0.10439024120569229,0.10245613753795624
YGR063C,YDL059C,0,0.20730239,0.09469026327133179,0.10439024120569229,0.10255639255046844
YLR291C,YKL198C,0,0.20724395,0.09460654109716415,0.10439024120569229,0.10265664011240005
YNL085W,YDR013W,0,0.20704523,0.09452296793460846,0.10439024120569229,0.10275689512491226
YJL054W,YKR034W,0,0.20698729,0.0944395437836647,0.10439024120569229,0.10285714268684387
YDL134C,YOL084W,0,0.2069825,0.09435626119375229,0.10439024120569229,0.10295739024877548
YJL194W,YPL175W,0,0.20696607,0.09427312761545181,0.10439024120569229,0.10305764526128769
YHR206W,YDL070W,0,0.20689972,0.09419014304876328,0.10439024120569229,0.1031578928232193
YOR386W,YGL136C,0,0.2068339,0.09410730004310608,0.10439024120569229,0.1032581478357315
YPL099C,YER161C,0,0.20658882,0.09402460604906082,0.10439024120569229,0.10335839539766312
YPL038W,YDR407C,0,0.20644817,0.0939420536160469,0.10439024120569229,0.10345864295959473
YJR083C,YAL039C,0,0.20633887,0.09385965019464493,0.10439024120569229,0.10355889797210693
YDR260C,YDR092W,1,0.20616384,0.09465381503105164,0.10536585003137589,0.10355889797210693
YBL022C,YDR358W,0,0.20616192,0.09457092732191086,0.10536585003137589,0.10365914553403854
YNR069C,YHR111W,1,0.20602328,0.0953630805015564,0.10634146630764008,0.10365914553403854
YHR175W,YKL191W,0,0.20578218,0.09527972340583801,0.10634146630764008,0.10375940054655075
YHR106W,YLR419W,0,0.20578033,0.09519650787115097,0.10634146630764008,0.10385964810848236
YBR045C,YAL051W,0,0.20566711,0.09511344134807587,0.10634146630764008,0.10395990312099457
YFR003C,YHR117W,0,0.20564415,0.0950305163860321,0.10634146630764008,0.10406015068292618
YBR043C,YGR113W,0,0.2056314,0.09494773298501968,0.10634146630764008,0.10416039824485779
YLR287C-A,YDL069C,0,0.20552708,0.0948650985956192,0.10634146630764008,0.10426065325737
YLR386W,YEL058W,0,0.20549244,0.09478260576725006,0.10634146630764008,0.1043609008193016
YDL018C,YBR095C,0,0.20523433,0.09470026195049286,0.10634146630764008,0.10446115583181381
YER040W,YLR141W,0,0.20510189,0.0946180522441864,0.10634146630764008,0.10456140339374542
YLR447C,YDR460W,0,0.20500565,0.09453599154949188,0.10634146630764008,0.10466165095567703
YPL129W,YIL080W,0,0.20498726,0.0944540724158287,0.10634146630764008,0.10476190596818924
YLR237W,YPR118W,0,0.2049322,0.09437229484319687,0.10634146630764008,0.10486215353012085
YHR027C,YDR014W,0,0.20484391,0.09429065883159637,0.10634146630764008,0.10496240854263306
YNL289W,YNL291C,0,0.2048417,0.09420916438102722,0.10634146630764008,0.10506265610456467
YKR094C,YMR304W,0,0.20469612,0.09412780404090881,0.10634146630764008,0.10516290366649628
YER098W,YGL094C,1,0.20467654,0.09490940719842911,0.10731707513332367,0.10516290366649628
YPR113W,YML074C,0,0.20464486,0.09482758492231369,0.10731707513332367,0.10526315867900848
YOR258W,YHR149C,0,0.20457426,0.09474591165781021,0.10731707513332367,0.1053634062409401
YOR187W,YJL179W,0,0.2045523,0.09466437250375748,0.10731707513332367,0.1054636612534523
YLR107W,YDL217C,0,0.20433883,0.09458297491073608,0.10731707513332367,0.10556390881538391
YOR301W,YBR012W-B,0,0.20416552,0.09450171887874603,0.10731707513332367,0.10566416382789612
YDL113C,YIL094C,0,0.20415905,0.09442060440778732,0.10731707513332367,0.10576441138982773
YEL051W,YDR405W,0,0.20412171,0.09433962404727936,0.10731707513332367,0.10586465895175934
YFR007W,YOR358W,0,0.2040416,0.09425878524780273,0.10731707513332367,0.10596491396427155
YMR061W,YGL240W,0,0.20404072,0.09417808055877686,0.10731707513332367,0.10606516152620316
YLR401C,YKR028W,0,0.20390597,0.09409751743078232,0.10731707513332367,0.10616541653871536
YNR019W,YDR033W,0,0.20373805,0.09401709586381912,0.10731707513332367,0.10626566410064697
YJL171C,YPL101W,0,0.20370942,0.09393680840730667,0.10731707513332367,0.10636591166257858
YGR285C,YJL066C,0,0.20363417,0.09385665506124496,0.10731707513332367,0.10646616667509079
YLR450W,YDR303C,0,0.20359583,0.0937766432762146,0.10731707513332367,0.1065664142370224
YDL185W,YDL070W,0,0.20344701,0.09369676560163498,0.10731707513332367,0.1066666692495346
YHR153C,YEL013W,0,0.20336768,0.0936170220375061,0.10731707513332367,0.10676691681146622
YOR138C,YLR306W,1,0.20336029,0.09438775479793549,0.10829268395900726,0.10676691681146622
YFR014C,YGR245C,0,0.2031048,0.0943075641989708,0.10829268395900726,0.10686716437339783
YNL041C,YJR063W,0,0.20307678,0.09422750771045685,0.10829268395900726,0.10696741938591003
YOL066C,YKL041W,0,0.20301567,0.09414758533239365,0.10829268395900726,0.10706766694784164
YJL179W,YNR030W,0,0.20290808,0.09406779706478119,0.10829268395900726,0.10716792196035385
YJR048W,YBR212W,0,0.20273034,0.09398814290761948,0.10829268395900726,0.10726816952228546
YCL066W,YBR281C,0,0.2026288,0.0939086303114891,0.10829268395900726,0.10736842453479767
YGR276C,YPL017C,0,0.20237622,0.09382924437522888,0.10829268395900726,0.10746867209672928
YDR248C,YMR169C,0,0.20236425,0.09375,0.10829268395900726,0.10756891965866089
YMR233W,YBL005W,0,0.20219395,0.09367088973522186,0.10829268395900726,0.1076691746711731
YNL084C,YNL167C,0,0.20218083,0.09359190613031387,0.10829268395900726,0.1077694222331047
YLR360W,YDR177W,1,0.20210363,0.0943555161356926,0.10926829278469086,0.1077694222331047
YFR025C,YMR246W,0,0.2020362,0.09427609294652939,0.10926829278469086,0.10786967724561691
YIL002C,YLR090W,0,0.20177811,0.09419680386781693,0.10926829278469086,0.10796992480754852
YCL057W,YGR095C,0,0.20159663,0.0941176488995552,0.10926829278469086,0.10807017236948013
YER162C,YFR034C,0,0.20155153,0.09403862059116364,0.10926829278469086,0.10817042738199234
YER012W,YOR249C,1,0.20152962,0.09479865431785583,0.11024390161037445,0.10817042738199234
YLR182W,YER020W,0,0.2013914,0.09471919387578964,0.11024390161037445,0.10827067494392395
YPL113C,YDR218C,0,0.20135891,0.0946398675441742,0.11024390161037445,0.10837092995643616
YLR381W,YDL085W,0,0.20133816,0.0945606678724289,0.11024390161037445,0.10847117751836777
YIL075C,YCL048W,0,0.2011565,0.09448160231113434,0.11024390161037445,0.10857142508029938
YPL177C,YDR018C,0,0.20106739,0.09440267086029053,0.11024390161037445,0.10867168009281158
YMR037C,YLR011W,0,0.20105514,0.09432387351989746,0.11024390161037445,0.1087719276547432
YGL157W,YDR463W,0,0.20099774,0.09424520283937454,0.11024390161037445,0.1088721826672554
YPR041W,YPL194W,0,0.20099515,0.09416666626930237,0.11024390161037445,0.10897243022918701
YDR226W,YOR288C,0,0.20082936,0.09408825635910034,0.11024390161037445,0.10907268524169922
YKL156W,YMR284W,0,0.20063908,0.09400998055934906,0.11024390161037445,0.10917293280363083
YDR054C,YMR135C,1,0.20063493,0.09476309269666672,0.11121951043605804,0.10917293280363083
YGR205W,YOL010W,0,0.20048529,0.09468438476324081,0.11121951043605804,0.10927318036556244
YDR437W,YGR238C,0,0.20021531,0.09460581094026566,0.11121951043605804,0.10937343537807465
YBR041W,YDR039C,0,0.20019402,0.09452736377716064,0.11121951043605804,0.10947368294000626
YLR131C,YAL033W,0,0.20006643,0.09444905072450638,0.11121951043605804,0.10957393795251846
YGR095C,YMR055C,0,0.19989714,0.09437086433172226,0.11121951043605804,0.10967418551445007
YLR067C,YMR297W,0,0.19985962,0.09429280459880829,0.11121951043605804,0.10977443307638168
YOL165C,YGR295C,0,0.19980511,0.09421487897634506,0.11121951043605804,0.10987468808889389
YFL049W,YMR303C,0,0.19979674,0.09413708001375198,0.11121951043605804,0.1099749356508255
YDR529C,YOR182C,0,0.19978224,0.09405940771102905,0.11121951043605804,0.11007519066333771
YAL060W,YER162C,0,0.19977829,0.09398186206817627,0.11121951043605804,0.11017543822526932
YMR090W,YNR020C,0,0.19968927,0.09390445053577423,0.11121951043605804,0.11027568578720093
YLR447C,YNL221C,0,0.19967368,0.09382715821266174,0.11121951043605804,0.11037594079971313
YLR265C,YKL017C,0,0.19954619,0.09375,0.11121951043605804,0.11047618836164474
YCR066W,YLR378C,1,0.19901846,0.09449465572834015,0.11219511926174164,0.11047618836164474
YDR479C,YJR001W,0,0.19896019,0.09441708028316498,0.11219511926174164,0.11057644337415695
YKR057W,YGL168W,0,0.1988646,0.09433962404727936,0.11219511926174164,0.11067669093608856
YLR352W,YDR054C,1,0.19871776,0.09508197009563446,0.11317072808742523,0.11067669093608856
YIL138C,YLR183C,0,0.19868423,0.09500409662723541,0.11317072808742523,0.11077694594860077
YBL103C,YER036C,0,0.19836405,0.09492634981870651,0.11317072808742523,0.11087719351053238
YIL172C,YAL012W,0,0.1982736,0.09484872967004776,0.11317072808742523,0.11097744107246399
YLL012W,YNL217W,0,0.1982569,0.09477124363183975,0.11317072808742523,0.1110776960849762
YOL076W,YBR295W,0,0.19807601,0.0946938768029213,0.11317072808742523,0.1111779436469078
YLL004W,YER100W,0,0.19796407,0.09461663663387299,0.11317072808742523,0.11127819865942001
YOR316C,YDR009W,0,0.19785745,0.09453953057527542,0.11317072808742523,0.11137844622135162
YPL174C,YMR234W,0,0.19772054,0.09446254372596741,0.11317072808742523,0.11147869378328323
YDL139C,YDR499W,0,0.19753546,0.09438567608594894,0.11317072808742523,0.11157894879579544
YDL240W,YBR046C,0,0.1972881,0.09430894255638123,0.11317072808742523,0.11167919635772705
YBR205W,YKL060C,0,0.19724762,0.09423232823610306,0.11317072808742523,0.11177945137023926
YER041W,YKL042W,0,0.19723415,0.09415584057569504,0.11317072808742523,0.11187969893217087
YHR174W,YDR463W,0,0.19716474,0.09407947957515717,0.11317072808742523,0.11197994649410248
YPL209C,YML057W,0,0.19708091,0.09400323778390884,0.11317072808742523,0.11208020150661469
YNL289W,YPR048W,0,0.19695137,0.09392712265253067,0.11317072808742523,0.1121804490685463
YJL108C,YGL113W,0,0.19685796,0.09385113418102264,0.11317072808742523,0.1122807040810585
YJR133W,YPL074W,0,0.19678158,0.09377526491880417,0.11317072808742523,0.11238095164299011
YHR140W,YGR193C,0,0.19675487,0.09369951486587524,0.11317072808742523,0.11248120665550232
YLR011W,YML076C,0,0.19655877,0.09362389147281647,0.11317072808742523,0.11258145421743393
YKL034W,YKR006C,0,0.19654763,0.09354838728904724,0.11317072808742523,0.11268170177936554
YLR188W,YOR209C,0,0.19627605,0.09347300231456757,0.11317072808742523,0.11278195679187775
YMR241W,YBR294W,0,0.19621943,0.09339774399995804,0.11317072808742523,0.11288220435380936
YDR414C,YKL041W,0,0.19615716,0.09332260489463806,0.11317072808742523,0.11298245936632156
YPL202C,YJL189W,0,0.19612178,0.09324758499860764,0.11317072808742523,0.11308270692825317
YPL007C,YPR133W-A,0,0.1960814,0.09317269176244736,0.11317072808742523,0.11318295449018478
YML005W,YNL281W,0,0.19593923,0.09309791028499603,0.11317072808742523,0.11328320950269699
YDR341C,YGR104C,0,0.19580045,0.09302325546741486,0.11317072808742523,0.1133834570646286
YMR056C,YNL127W,0,0.19579959,0.09294871985912323,0.11317072808742523,0.11348371207714081
YDR404C,YEL041W,0,0.19571908,0.09287429600954056,0.11317072808742523,0.11358395963907242
YJL166W,YNL232W,0,0.19565746,0.09279999881982803,0.11317072808742523,0.11368420720100403
YEL050C,YGR057C,0,0.19552483,0.09272582083940506,0.11317072808742523,0.11378446221351624
YML132W,YGL169W,0,0.19547877,0.09265175461769104,0.11317072808742523,0.11388470977544785
YIL145C,YNL130C,0,0.19544692,0.09257781505584717,0.11317072808742523,0.11398496478796005
YBR142W,YAR019C,0,0.19534664,0.09250398725271225,0.11317072808742523,0.11408521234989166
YER045C,YHR023W,0,0.19525667,0.09243027865886688,0.11317072808742523,0.11418546736240387
YDR219C,YOR339C,1,0.19522879,0.09315286576747894,0.11414634436368942,0.11418546736240387
YBR046C,YPL135W,0,0.19521709,0.09307876229286194,0.11414634436368942,0.11428571492433548
YGL144C,YAL028W,0,0.19516313,0.09300477057695389,0.11414634436368942,0.11438596248626709
YDR079W,YOR239W,0,0.19508001,0.09293089807033539,0.11414634436368942,0.1144862174987793
YBL091C-A,YLL001W,0,0.19504121,0.09285714477300644,0.11414634436368942,0.11458646506071091
YKR103W,YGR027C,0,0.19494602,0.09278350323438644,0.11414634436368942,0.11468672007322311
YOR341W,YGR008C,0,0.19466694,0.092709980905056,0.11414634436368942,0.11478696763515472
YHR150W,YDR528W,0,0.19466108,0.0926365777850151,0.11414634436368942,0.11488721519708633
YKL024C,YKR069W,0,0.19450957,0.09256329387426376,0.11414634436368942,0.11498747020959854
YGL178W,YCL016C,0,0.19439372,0.09249012172222137,0.11414634436368942,0.11508771777153015
YDR144C,YER031C,0,0.19438672,0.09241706132888794,0.11414634436368942,0.11518797278404236
YLL008W,YGL205W,0,0.19427082,0.09234412014484406,0.11414634436368942,0.11528822034597397
YMR152W,YPL200W,0,0.19420114,0.09227129071950912,0.11414634436368942,0.11538846790790558
YLL061W,YOR176W,0,0.19401227,0.09219858050346375,0.11414634436368942,0.11548872292041779
YNR031C,YLR109W,0,0.19391629,0.09212598204612732,0.11414634436368942,0.1155889704823494
YDL059C,YJR076C,0,0.19381453,0.09205350279808044,0.11414634436368942,0.1156892254948616
YCR098C,YHR168W,0,0.19370902,0.09198113530874252,0.11414634436368942,0.11578947305679321
YKL085W,YBR081C,0,0.19352356,0.09190887957811356,0.11414634436368942,0.11588972061872482
YLR119W,YDR054C,1,0.19341263,0.09262166172266006,0.11512195318937302,0.11588972061872482
YJL149W,YKL090W,1,0.19331653,0.09333333373069763,0.11609756201505661,0.11588972061872482
YNL036W,YPR122W,0,0.19328524,0.09326019138097763,0.11609756201505661,0.11598997563123703
YFR005C,YER142C,0,0.19321845,0.09318716078996658,0.11609756201505661,0.11609022319316864
YOR232W,YAL040C,0,0.19301778,0.09311424195766449,0.11609756201505661,0.11619047820568085
YJR053W,YOR257W,0,0.19294193,0.09304144233465195,0.11609756201505661,0.11629072576761246
YMR061W,YBL074C,0,0.19263369,0.09296874701976776,0.11609756201505661,0.11639098078012466
YBL051C,YNL129W,0,0.19257374,0.09289617836475372,0.11609756201505661,0.11649122834205627
YER098W,YMR228W,0,0.19246009,0.09282371401786804,0.11609756201505661,0.11659147590398788
YNL149C,YHR033W,0,0.19237371,0.09275136142969131,0.11609756201505661,0.11669173091650009
YPL098C,YMR210W,0,0.19227055,0.09267912805080414,0.11609756201505661,0.1167919784784317
YPL065W,YER087C-A,1,0.19225758,0.09338521212339401,0.1170731708407402,0.1167919784784317
YMR318C,YGR292W,0,0.19204974,0.09331259876489639,0.1170731708407402,0.11689223349094391
YER048W-A,YHL035C,0,0.19200653,0.09324008971452713,0.1170731708407402,0.11699248105287552
YBR281C,YNL233W,0,0.19191134,0.09316769987344742,0.1170731708407402,0.11709272861480713
YML052W,YBR264C,0,0.19184826,0.09309542179107666,0.1170731708407402,0.11719298362731934
YKR030W,YLR010C,0,0.19179712,0.09302325546741486,0.1170731708407402,0.11729323118925095
YDR523C,YDL021W,0,0.19178873,0.092951200902462,0.1170731708407402,0.11739348620176315
YOL031C,YDL142C,0,0.19171509,0.09287925809621811,0.1170731708407402,0.11749373376369476
YKL042W,YOR338W,0,0.19163297,0.09280742704868317,0.1170731708407402,0.11759398132562637
YML102W,YGR037C,0,0.1916188,0.09273570030927658,0.1170731708407402,0.11769423633813858
YOL103W,YGL157W,0,0.19150096,0.09266409277915955,0.1170731708407402,0.11779448390007019
YEL005C,YHR001W-A,0,0.19137867,0.09259258955717087,0.1170731708407402,0.1178947389125824
YOR310C,YIR017C,0,0.19097131,0.09252120554447174,0.1170731708407402,0.11799498647451401
YMR159C,YLR285W,0,0.19078536,0.09244992583990097,0.1170731708407402,0.11809524148702621
YML055W,YJL058C,0,0.19072878,0.09237875044345856,0.1170731708407402,0.11819548904895782
YIR006C,YPL160W,0,0.1905554,0.0923076942563057,0.1170731708407402,0.11829573661088943
YBR296C,YIL101C,0,0.19050437,0.09223674237728119,0.1170731708407402,0.11839599162340164
YML005W,YJL065C,0,0.1904949,0.09216590225696564,0.1170731708407402,0.11849623918533325
YOR087W,YBR278W,0,0.19036223,0.09209516644477844,0.1170731708407402,0.11859649419784546
YLR266C,YDL030W,0,0.19026974,0.0920245423913002,0.1170731708407402,0.11869674175977707
YFR014C,YMR312W,0,0.19020635,0.09195402264595032,0.1170731708407402,0.11879698932170868
YDR397C,YFL066C,0,0.1901977,0.09188361465930939,0.1170731708407402,0.11889724433422089
YDR111C,YIL155C,0,0.1901969,0.09181331098079681,0.1170731708407402,0.1189974918961525
YHR184W,YDR430C,0,0.19018352,0.0917431190609932,0.1170731708407402,0.1190977469086647
YPR134W,YCL074W,0,0.19009578,0.09167303144931793,0.1170731708407402,0.11919799447059631
YPL033C,YAR007C,0,0.19001627,0.09160305559635162,0.1170731708407402,0.11929824203252792
YLR097C,YDR363W-A,1,0.18996543,0.09229595959186554,0.1180487796664238,0.11929824203252792
YCL055W,YLR404W,0,0.18993542,0.09222561120986938,0.1180487796664238,0.11939849704504013
YOR193W,YOR038C,0,0.18988487,0.09215536713600159,0.1180487796664238,0.11949874460697174
YMR304W,YHR111W,1,0.18970753,0.09284627437591553,0.11902438849210739,0.11949874460697174
YLR344W,YJL106W,0,0.18962894,0.09277566522359848,0.11902438849210739,0.11959899961948395
YER098W,YFR010W,1,0.18937722,0.09346504509449005,0.11999999731779099,0.11959899961948395
YOL117W,YNL166C,0,0.1892533,0.09339407831430435,0.11999999731779099,0.11969924718141556
YBR012W-A,YLR440C,0,0.1891607,0.09332321584224701,0.11999999731779099,0.11979950219392776
YGL059W,YOR356W,0,0.18915376,0.09325246512889862,0.11999999731779099,0.11989974975585938
YJL166W,YAL056W,0,0.18908602,0.09318181872367859,0.11999999731779099,0.11999999731779099
YJL087C,YDR069C,0,0.18908443,0.09311127662658691,0.11999999731779099,0.12010025233030319
YAL010C,YLR411W,0,0.18903226,0.0930408462882042,0.11999999731779099,0.1202004998922348
YNL045W,YMR301C,0,0.18871933,0.09297052025794983,0.11999999731779099,0.12030075490474701
YJR058C,YGR263C,0,0.18870719,0.09290029853582382,0.11999999731779099,0.12040100246667862
YGR167W,YDR080W,0,0.18866533,0.09283018857240677,0.11999999731779099,0.12050125002861023
YKL135C,YDR036C,0,0.18852349,0.09276018291711807,0.11999999731779099,0.12060150504112244
YCR081W,YMR225C,0,0.18849462,0.09269028156995773,0.11999999731779099,0.12070175260305405
YDL046W,YOR304C-A,0,0.18838504,0.09262048453092575,0.11999999731779099,0.12080200761556625
YLL029W,YOL093W,0,0.18815087,0.09255079180002213,0.11999999731779099,0.12090225517749786
YDR363W-A,YFL044C,1,0.18810932,0.09323308616876602,0.12097560614347458,0.12090225517749786
YMR233W,YDL072C,0,0.18808109,0.09316303580999374,0.12097560614347458,0.12100250273942947
YPR049C,YPR175W,0,0.18782188,0.09309308975934982,0.12097560614347458,0.12110275775194168
YPL129W,YBR281C,0,0.18776335,0.09302325546741486,0.12097560614347458,0.12120300531387329
YDR268W,YGL161C,0,0.1876755,0.09295352548360825,0.12097560614347458,0.1213032603263855
YHR030C,YDL137W,0,0.18761966,0.0928838923573494,0.12097560614347458,0.12140350788831711
YBR046C,YJL054W,0,0.1876137,0.0928143709897995,0.12097560614347458,0.12150376290082932
YPL056C,YDL139C,0,0.18747833,0.09274495393037796,0.12097560614347458,0.12160401046276093
YPL159C,YHL047C,0,0.18739773,0.09267563372850418,0.12097560614347458,0.12170425802469254
YKL218C,YJL141C,0,0.18739516,0.09260642528533936,0.12097560614347458,0.12180451303720474
YNL094W,YHR160C,0,0.18706155,0.09253731369972229,0.12097560614347458,0.12190476059913635
YDR195W,YMR284W,0,0.18694195,0.09246830642223358,0.12097560614347458,0.12200501561164856
YOL056W,YMR088C,0,0.18686622,0.09239940345287323,0.12097560614347458,0.12210526317358017
YDR531W,YGR020C,0,0.18673608,0.09233060479164124,0.12097560614347458,0.12220551073551178
YAL043C,YDL055C,0,0.1866863,0.092261902987957,0.12097560614347458,0.12230576574802399
YJL089W,YMR171C,0,0.18664995,0.09219330549240112,0.12097560614347458,0.1224060133099556
YHR108W,YLL042C,1,0.18657592,0.09286775439977646,0.12195122241973877,0.1224060133099556
YAL013W,YLR321C,0,0.1865544,0.09279881417751312,0.12195122241973877,0.1225062683224678
YOL105C,YKR061W,0,0.18641165,0.09272997081279755,0.12195122241973877,0.12260651588439941
YNR067C,YDR033W,0,0.18640622,0.09266123175621033,0.12195122241973877,0.12270676344633102
YJR104C,YMR227C,0,0.18635888,0.09259258955717087,0.12195122241973877,0.12280701845884323
YIL069C,YKL038W,0,0.18635838,0.09252405911684036,0.12195122241973877,0.12290726602077484
YAL031C,YMR013C,0,0.18632811,0.09245561808347702,0.12195122241973877,0.12300752103328705
YNL243W,YLR385C,0,0.18619841,0.09238728880882263,0.12195122241973877,0.12310776859521866
YPL200W,YJL173C,0,0.18617687,0.092319056391716,0.12195122241973877,0.12320802360773087
YEL037C,YPL100W,0,0.18609121,0.09225092083215714,0.12195122241973877,0.12330827116966248
YGL144C,YPL049C,0,0.18609042,0.09218288958072662,0.12195122241973877,0.12340851873159409
YNR044W,YDR014W,0,0.18596777,0.09211496263742447,0.12195122241973877,0.12350877374410629
YML097C,YGL048C,1,0.18596418,0.09278350323438644,0.12292683124542236,0.12350877374410629
YJL167W,YOL062C,0,0.18595757,0.09271523356437683,0.12292683124542236,0.1236090213060379
YDR072C,YAR019C,0,0.18595313,0.09264706075191498,0.12292683124542236,0.12370927631855011
YKR069W,YDR231C,0,0.18591842,0.09257898479700089,0.12292683124542236,0.12380952388048172
YGL232W,YGL246C,0,0.18591033,0.09251101315021515,0.12292683124542236,0.12390977144241333
YGL078C,YOR147W,0,0.1857786,0.09244313836097717,0.12292683124542236,0.12401002645492554
YDR351W,YOL133W,0,0.18548469,0.09237536787986755,0.12292683124542236,0.12411027401685715
YBR122C,YPR026W,0,0.18541719,0.0923076942563057,0.12292683124542236,0.12421052902936935
YOL132W,YMR182C,0,0.18539044,0.0922401174902916,0.12292683124542236,0.12431077659130096
YIL011W,YCR081W,0,0.18534504,0.09217263758182526,0.12292683124542236,0.12441102415323257
YDR530C,YJR001W,0,0.18529832,0.09210526198148727,0.12292683124542236,0.12451127916574478
YOR004W,YOR175C,0,0.18505946,0.09203798323869705,0.12292683124542236,0.12461152672767639
YIL075C,YDL119C,0,0.18490024,0.09197080135345459,0.12292683124542236,0.1247117817401886
YDL170W,YCL034W,0,0.18488705,0.09190371632575989,0.12292683124542236,0.12481202930212021
YDR116C,YDL138W,0,0.18487363,0.09183673560619354,0.12292683124542236,0.12491228431463242
YLR190W,YMR046C,0,0.18473497,0.09176984429359436,0.12292683124542236,0.12501253187656403
YDR166C,YER071C,0,0.1843651,0.09170305728912354,0.12292683124542236,0.12511278688907623
YDR358W,YHR200W,1,0.18433845,0.0923636332154274,0.12390244007110596,0.12511278688907623
YIL034C,YIL052C,0,0.18428989,0.09229651093482971,0.12390244007110596,0.12521302700042725
YKR064W,YPL068C,0,0.18406758,0.09222948551177979,0.12390244007110596,0.12531328201293945
YOR110W,YBR035C,0,0.18405008,0.09216255694627762,0.12390244007110596,0.12541353702545166
YIL072W,YLR038C,0,0.18397838,0.09209572523832321,0.12390244007110596,0.12551377713680267
YIR015W,YLR113W,0,0.18385561,0.09202898293733597,0.12390244007110596,0.12561403214931488
YIL005W,YOR339C,1,0.1838465,0.09268645942211151,0.12487804889678955,0.12561403214931488
YGR222W,YNL306W,0,0.1837964,0.092619389295578,0.12487804889678955,0.1257142871618271
YMR273C,YNL335W,0,0.18378785,0.09255242347717285,0.12487804889678955,0.1258145421743393
YCL064C,YKR069W,0,0.18355882,0.09248554706573486,0.12487804889678955,0.1259147822856903
YPL006W,YMR139W,0,0.18349628,0.09241877496242523,0.12487804889678955,0.12601503729820251
YKL090W,YDL064W,1,0.18346505,0.09307359158992767,0.12585365772247314,0.12601503729820251
YOL144W,YPL206C,0,0.18327378,0.09300649166107178,0.12585365772247314,0.12611529231071472
YPL092W,YLR026C,0,0.18327059,0.09293948113918304,0.12585365772247314,0.12621553242206573
YOR156C,YHR160C,0,0.18318,0.09287256747484207,0.12585365772247314,0.12631578743457794
YER052C,YPR162C,0,0.18307504,0.09280575811862946,0.12585365772247314,0.12641604244709015
YGL196W,YBR245C,0,0.18303251,0.092739038169384,0.12585365772247314,0.12651629745960236
YDR299W,YCR065W,0,0.18282086,0.09267241507768631,0.12585365772247314,0.12661653757095337
YPR048W,YEL018W,0,0.18272838,0.09260588884353638,0.12585365772247314,0.12671679258346558
YER070W,YBL026W,0,0.1827111,0.09253945201635361,0.12585365772247314,0.12681704759597778
YEL039C,YJR151C,0,0.18270889,0.0924731194972992,0.12585365772247314,0.1269172877073288
YBL026W,YMR098C,0,0.18270618,0.09240687638521194,0.12585365772247314,0.127017542719841
YMR133W,YPL218W,0,0.18261428,0.09234073013067245,0.12585365772247314,0.1271177977323532
YPL137C,YOL038W,0,0.18260679,0.09227468073368073,0.12585365772247314,0.12721803784370422
YDR139C,YPL176C,1,0.18260005,0.09292351454496384,0.12682926654815674,0.12721803784370422
YDL223C,YJL090C,0,0.1823943,0.09285714477300644,0.12682926654815674,0.12731829285621643
YDR219C,YDR260C,1,0.18234314,0.0935046374797821,0.12780487537384033,0.12731829285621643
YLR446W,YGL053W,0,0.18229547,0.09343794733285904,0.12780487537384033,0.12741854786872864
YOR043W,YDR301W,0,0.18229097,0.09337134659290314,0.12780487537384033,0.12751880288124084
YNR059W,YOR067C,0,0.18225926,0.093304842710495,0.12780487537384033,0.12761904299259186
YNL309W,YDR287W,0,0.18225604,0.09323843568563461,0.12780487537384033,0.12771929800510406
YGL220W,YPR167C,0,0.18195364,0.0931721180677414,0.12780487537384033,0.12781955301761627
YGR262C,YOR384W,0,0.18195236,0.09310589730739594,0.12780487537384033,0.12791979312896729
YMR211W,YOR179C,0,0.1818806,0.09303977340459824,0.12780487537384033,0.1280200481414795
YDR116C,YOR393W,0,0.18180804,0.0929737389087677,0.12780487537384033,0.1281203031539917
YPR042C,YKR059W,0,0.18156777,0.09290780127048492,0.12780487537384033,0.1282205581665039
YDR372C,YER050C,0,0.18151374,0.09284195303916931,0.12780487537384033,0.12832079827785492
YGL050W,YDL140C,0,0.18134727,0.09277620166540146,0.12780487537384033,0.12842105329036713
YNL055C,YJL035C,0,0.18134394,0.09271054714918137,0.12780487537384033,0.12852130830287933
YLR207W,YDR086C,1,0.18131901,0.09335219115018845,0.12878048419952393,0.12852130830287933
YOR159C,YLR118C,0,0.1812928,0.09328621625900269,0.12878048419952393,0.12862154841423035
YBR034C,YDR384C,0,0.18112463,0.09322033822536469,0.12878048419952393,0.12872180342674255
YDR524C,YMR175W,0,0.1806611,0.09315454959869385,0.12878048419952393,0.12882205843925476
YGR217W,YHR041C,0,0.18062356,0.09308885782957077,0.12878048419952393,0.12892229855060577
YGL151W,YDR381W,0,0.18027882,0.09302325546741486,0.12878048419952393,0.12902255356311798
YBR094W,YJR050W,0,0.18027812,0.0929577499628067,0.12878048419952393,0.1291228085756302
YJR150C,YLR029C,0,0.18016362,0.09289232641458511,0.12878048419952393,0.1292230635881424
YGR135W,YFR036W,1,0.18006231,0.09353023767471313,0.12975609302520752,0.1292230635881424
YKL090W,YNL172W,1,0.17996763,0.09416725486516953,0.1307317018508911,0.1292230635881424
YJL157C,YAR033W,0,0.17988509,0.09410112351179123,0.1307317018508911,0.1293233036994934
YHR101C,YOR207C,0,0.17977926,0.0940350890159607,0.1307317018508911,0.12942355871200562
YKL006C-A,YOL107W,0,0.17971356,0.09396914392709732,0.1307317018508911,0.12952381372451782
YDL148C,YOL108C,0,0.1796825,0.09390329569578171,0.1307317018508911,0.12962405383586884
YDL190C,YHR043C,1,0.1795848,0.09453781694173813,0.1317073106765747,0.12962405383586884
YGL229C,YML051W,0,0.17941877,0.09447165578603745,0.1317073106765747,0.12972430884838104
YEL053C,YKR104W,0,0.17939457,0.09440559148788452,0.1317073106765747,0.12982456386089325
YKR037C,YOR070C,0,0.17926034,0.09433962404727936,0.1317073106765747,0.12992481887340546
YDR118W,YHR204W,1,0.17921272,0.09497206658124924,0.1326829195022583,0.12992481887340546
YAL024C,YLL055W,0,0.17887728,0.0949057936668396,0.1326829195022583,0.13002505898475647
YPL076W,YDR046C,0,0.17880797,0.09483961015939713,0.1326829195022583,0.13012531399726868
YDR520C,YJL060W,0,0.17878912,0.09477351605892181,0.1326829195022583,0.13022556900978088
YKL173W,YBR150C,0,0.17866491,0.09470751881599426,0.1326829195022583,0.1303258091211319
YNL309W,YGR218W,0,0.17840686,0.09464161098003387,0.1326829195022583,0.1304260641336441
YAL043C,YHR059W,0,0.1781107,0.09457580000162125,0.1326829195022583,0.1305263191461563
YHR119W,YPR161C,0,0.17805839,0.09451007843017578,0.1326829195022583,0.13062655925750732
YCR105W,YDR435C,0,0.17797026,0.09444444626569748,0.1326829195022583,0.13072681427001953
YJL212C,YLR381W,0,0.17790219,0.09437890350818634,0.1326829195022583,0.13082706928253174
YFR013W,YDR036C,0,0.17784192,0.09431345015764236,0.1326829195022583,0.13092732429504395
YHR030C,YFR031C,0,0.17783168,0.09424809366464615,0.1326829195022583,0.13102756440639496
YDR177W,YJL048C,1,0.17781672,0.09487534314393997,0.1336585432291031,0.13102756440639496
YMR165C,YNL233W,0,0.17761168,0.09480968862771988,0.1336585432291031,0.13112781941890717
YFR052W,YLR194C,0,0.17756939,0.09474412351846695,0.1336585432291031,0.13122807443141937
YGL106W,YKL020C,0,0.17755087,0.09467864781618118,0.1336585432291031,0.13132831454277039
YLR200W,YMR004W,0,0.17740059,0.09461326152086258,0.1336585432291031,0.1314285695552826
YIL021W,YGL127C,0,0.17739892,0.09454796463251114,0.1336585432291031,0.1315288245677948
YHR129C,YFL047W,0,0.17733906,0.09448275715112686,0.1336585432291031,0.131629079580307
YLR029C,YPR154W,0,0.1772176,0.09441764652729034,0.1336585432291031,0.13172931969165802
YDR310C,YLR126C,0,0.17714235,0.0943526178598404,0.1336585432291031,0.13182957470417023
YHL044W,YKL185W,0,0.17713511,0.0942876785993576,0.1336585432291031,0.13192982971668243
YDR281C,YHR014W,0,0.17711084,0.09422283619642258,0.1336585432291031,0.13203006982803345
YBR180W,YDL107W,0,0.17699064,0.09415807574987411,0.1336585432291031,0.13213032484054565
YNR071C,YLR176C,0,0.17695135,0.09409340471029282,0.1336585432291031,0.13223057985305786
YML095C,YNR006W,0,0.1768286,0.09402882307767868,0.1336585432291031,0.13233081996440887
YKL126W,YCL050C,0,0.17673054,0.0939643383026123,0.1336585432291031,0.13243107497692108
YDR343C,YJL181W,0,0.17667976,0.0938999280333519,0.1336585432291031,0.1325313299894333
YBR238C,YBR207W,0,0.17661574,0.09383561462163925,0.1336585432291031,0.1326315850019455
YDR421W,YLR040C,0,0.17659141,0.09377139061689377,0.1336585432291031,0.1327318251132965
YOL141W,YDR197W,0,0.17647654,0.09370724856853485,0.1336585432291031,0.13283208012580872
YHL011C,YFL010W-A,0,0.17626013,0.0936431959271431,0.1336585432291031,0.13293233513832092
YBR155W,YDR041W,0,0.17614308,0.0935792326927185,0.1336585432291031,0.13303257524967194
YBR155W,YGL045W,0,0.17601955,0.09351535886526108,0.1336585432291031,0.13313283026218414
YJR055W,YLL021W,0,0.17601414,0.09345156699419022,0.1336585432291031,0.13323308527469635
YML006C,YNL137C,0,0.17600387,0.09338786453008652,0.1336585432291031,0.13333334028720856
YER143W,YOR353C,0,0.17583255,0.09332425147294998,0.1336585432291031,0.13343358039855957
YAL024C,YER046W,0,0.17582369,0.09326072037220001,0.1336585432291031,0.13353383541107178
YOR285W,YDR242W,0,0.17580456,0.0931972786784172,0.1336585432291031,0.13363409042358398
YOR386W,YHL036W,0,0.17548412,0.09313391894102097,0.1336585432291031,0.133734330534935
YDL019C,YIL140W,0,0.17542745,0.09307064861059189,0.1336585432291031,0.1338345855474472
YMR005W,YBL058W,0,0.17541446,0.09300746768712997,0.1336585432291031,0.1339348405599594
YLR200W,YOL018C,0,0.17523757,0.09294436872005463,0.1336585432291031,0.13403508067131042
YIL108W,YMR076C,0,0.17499422,0.09288135915994644,0.1336585432291031,0.13413533568382263
YDR501W,YNR030W,0,0.1749923,0.09281843155622482,0.1336585432291031,0.13423559069633484
YML006C,YDL030W,0,0.17497063,0.09275558590888977,0.1336585432291031,0.13433584570884705
YJR026W,YML045W-A,0,0.17472227,0.09269282966852188,0.1336585432291031,0.13443608582019806
YBR097W,YKL154W,0,0.17459217,0.09263015538454056,0.1336585432291031,0.13453634083271027
YLR266C,YDR257C,0,0.17437948,0.0925675705075264,0.1336585432291031,0.13463659584522247
YDR399W,YDL128W,0,0.17436396,0.0925050675868988,0.1336585432291031,0.1347368359565735
YNL068C,YER173W,0,0.17428076,0.09244264662265778,0.1336585432291031,0.1348370909690857
YGL071W,YGR057C,0,0.17407821,0.09238030761480331,0.1336585432291031,0.1349373459815979
YLR107W,YDR296W,0,0.17406172,0.09231805801391602,0.1336585432291031,0.1350376009941101
YKR095W,YOR162C,0,0.17405252,0.09225589036941528,0.1336585432291031,0.13513784110546112
YKR059W,YHR066W,0,0.17397061,0.09219381213188171,0.1336585432291031,0.13523809611797333
YLR214W,YDR490C,0,0.17373788,0.09213180840015411,0.1336585432291031,0.13533835113048553
YDR131C,YDR313C,1,0.17373365,0.0927419364452362,0.13463415205478668,0.13533835113048553
YBR105C,YPL176C,1,0.17367926,0.09335124492645264,0.13560976088047028,0.13533835113048553
YJL219W,YIL170W,0,0.17366491,0.0932885929942131,0.13560976088047028,0.13543859124183655
YOL090W,YCL017C,0,0.17346445,0.09322602301836014,0.13560976088047028,0.13553884625434875
YML127W,YNL278W,0,0.17345697,0.09316354244947433,0.13560976088047028,0.13563910126686096
YER027C,YDR131C,0,0.17322558,0.0931011363863945,0.13560976088047028,0.13573934137821198
YDL160C,YOR143C,0,0.17318118,0.09303881973028183,0.13560976088047028,0.13583959639072418
YOR258W,YHR012W,0,0.17315558,0.09297658503055573,0.13560976088047028,0.1359398514032364
YNL006W,YMR150C,0,0.17299078,0.09291443973779678,0.13560976088047028,0.1360401064157486
YPR156C,YIL139C,0,0.17295481,0.09285236895084381,0.13560976088047028,0.1361403465270996
YDL081C,YNR001C,0,0.1728954,0.092790387570858,0.13560976088047028,0.13624060153961182
YIL088C,YLR411W,0,0.1728157,0.09272848814725876,0.13560976088047028,0.13634085655212402
YPR068C,YPR122W,0,0.17278421,0.09266666322946548,0.13560976088047028,0.13644109666347504
YOR257W,YML013W,1,0.17253938,0.0932711511850357,0.13658536970615387,0.13644109666347504
YDR330W,YBR301W,0,0.17248024,0.09320905804634094,0.13658536970615387,0.13654135167598724
YGR253C,YOR389W,0,0.17245081,0.09314703941345215,0.13658536970615387,0.13664160668849945
YHR001W-A,YML071C,0,0.1724417,0.09308510273694992,0.13658536970615387,0.13674186170101166
YDL110C,YIL088C,0,0.1724383,0.09302325546741486,0.13658536970615387,0.13684210181236267
YNL049C,YHR096C,0,0.17237352,0.09296149015426636,0.13658536970615387,0.13694235682487488
YDL198C,YOR076C,0,0.17232718,0.09289979934692383,0.13658536970615387,0.13704261183738708
YGL237C,YBR202W,0,0.17221507,0.09283819794654846,0.13658536970615387,0.1371428519487381
YJL196C,YOL080C,0,0.172085,0.09277667105197906,0.13658536970615387,0.1372431069612503
YER144C,YMR067C,1,0.17205206,0.093377485871315,0.13756097853183746,0.1372431069612503
YJL108C,YJR160C,0,0.17196521,0.09331568330526352,0.13756097853183746,0.1373433619737625
YKR055W,YGR271W,0,0.17176063,0.0932539701461792,0.13756097853183746,0.13744360208511353
YLR268W,YGL067W,0,0.17175274,0.09319233149290085,0.13756097853183746,0.13754385709762573
YER086W,YJR035W,0,0.17174035,0.09313078224658966,0.13756097853183746,0.13764411211013794
YDR400W,YCL008C,1,0.17173603,0.09372936934232712,0.13853658735752106,0.13764411211013794
YJR010C-A,YGR047C,0,0.17173597,0.09366754442453384,0.13853658735752106,0.13774436712265015
YER094C,YKL124W,1,0.17167033,0.09426499903202057,0.13951219618320465,0.13774436712265015
YJR155W,YCL064C,0,0.17164394,0.09420289844274521,0.13951219618320465,0.13784460723400116
YLL009C,YNL192W,0,0.17146593,0.09414087980985641,0.13951219618320465,0.13794486224651337
YBL011W,YMR025W,0,0.17130724,0.09407895058393478,0.13951219618320465,0.13804511725902557
YLR316C,YAR027W,0,0.17129692,0.09401709586381912,0.13951219618320465,0.1381453573703766
YGL212W,YJL003W,0,0.17125617,0.09395532310009003,0.13951219618320465,0.1382456123828888
YIL068C,YDL143W,0,0.1711976,0.0938936322927475,0.13951219618320465,0.138345867395401
YOR267C,YLR129W,0,0.17118397,0.09383202344179153,0.13951219618320465,0.1384461224079132
YGR199W,YJL141C,0,0.17116803,0.09377048909664154,0.13951219618320465,0.13854636251926422
YOR311C,YML016C,0,0.17114708,0.09370904415845871,0.13951219618320465,0.13864661753177643
YAL062W,YPL223C,0,0.17086819,0.09364767372608185,0.13951219618320465,0.13874687254428864
YDR508C,YGR085C,0,0.170639,0.09358638525009155,0.13951219618320465,0.13884711265563965
YML107C,YLR353W,0,0.17061487,0.09352517873048782,0.13951219618320465,0.13894736766815186
YHL038C,YDR060W,0,0.17046288,0.09346405416727066,0.13951219618320465,0.13904762268066406
YDL015C,YER093C,0,0.17045972,0.09340300410985947,0.13951219618320465,0.13914786279201508
YJR053W,YBR299W,0,0.17045265,0.09334203600883484,0.13951219618320465,0.13924811780452728
YLR237W,YML095C,0,0.17030577,0.09328114986419678,0.13951219618320465,0.1393483728170395
YLR329W,YDL231C,0,0.17018348,0.09322033822536469,0.13951219618320465,0.1394486278295517
YAR033W,YOL108C,0,0.17012551,0.09315960854291916,0.13951219618320465,0.1395488679409027
YHR108W,YGL227W,1,0.17004728,0.09375,0.14048780500888824,0.1395488679409027
YOR207C,YDR456W,0,0.16998282,0.09368900209665298,0.14048780500888824,0.13964912295341492
YDR062W,YEL040W,0,0.16983894,0.09362808614969254,0.14048780500888824,0.13974937796592712
YDL190C,YMR314W,1,0.16976702,0.09421702474355698,0.14146341383457184,0.13974937796592712
YDR499W,YHR156C,0,0.1697341,0.09415584057569504,0.14146341383457184,0.13984961807727814
YPR073C,YLR086W,0,0.16967781,0.09409474581480026,0.14146341383457184,0.13994987308979034
YHR023W,YBL028C,0,0.16965932,0.09403372555971146,0.14146341383457184,0.14005012810230255
YLR150W,YBL017C,0,0.16963299,0.09397277981042862,0.14146341383457184,0.14015038311481476
YBR203W,YFL049W,1,0.1695883,0.09455958753824234,0.14243902266025543,0.14015038311481476
YKR008W,YNR019W,0,0.16936097,0.09449838101863861,0.14243902266025543,0.14025062322616577
YGR084C,YPR003C,0,0.16933031,0.09443725645542145,0.14243902266025543,0.14035087823867798
YGL096W,YEL020W-A,0,0.16932523,0.09437621384859085,0.14243902266025543,0.14045113325119019
YOR156C,YBL017C,1,0.16922393,0.0949612408876419,0.14341463148593903,0.14045113325119019
YDL223C,YLR183C,0,0.1690849,0.09489993751049042,0.14341463148593903,0.1405513733625412
YBR150C,YIL006W,0,0.16905834,0.0948387086391449,0.14341463148593903,0.1406516283750534
YER143W,YEL037C,1,0.1688245,0.09542230516672134,0.14439024031162262,0.1406516283750534
YLR292C,YBR028C,0,0.16878587,0.09536082297563553,0.14439024031162262,0.1407518833875656
YML097C,YDR247W,0,0.16873181,0.09529942274093628,0.14439024031162262,0.14085212349891663
YKR085C,YDR254W,0,0.16870956,0.095238097012043,0.14439024031162262,0.14095237851142883
YBL091C-A,YDR030C,0,0.16866237,0.09517684578895569,0.14439024031162262,0.14105263352394104
YLR419W,YKL063C,0,0.16848162,0.09511568397283554,0.14439024031162262,0.14115288853645325
YJR005W,YCR063W,0,0.16847125,0.09505458921194077,0.14439024031162262,0.14125312864780426
YMR163C,YKR006C,0,0.16845791,0.09499358385801315,0.14439024031162262,0.14135338366031647
YDR130C,YDR248C,0,0.16841468,0.09493264555931091,0.14439024031162262,0.14145363867282867
YPR174C,YGL095C,0,0.1684079,0.09487179666757584,0.14439024031162262,0.1415538787841797
YJL171C,YBR271W,0,0.1683416,0.09481102228164673,0.14439024031162262,0.1416541337966919
YOR034C,YHR147C,0,0.16832247,0.09475032240152359,0.14439024031162262,0.1417543888092041
YGL169W,YAL010C,0,0.16804212,0.09468969702720642,0.14439024031162262,0.1418546438217163
YDR530C,YKR058W,0,0.16789281,0.09462915360927582,0.14439024031162262,0.14195488393306732
YCL018W,YOR091W,0,0.1678029,0.09456869214773178,0.14439024031162262,0.14205513894557953
YMR276W,YMR081C,0,0.16769215,0.09450829774141312,0.14439024031162262,0.14215539395809174
YNR032C-A,YOR257W,1,0.16768855,0.09508614987134933,0.1453658491373062,0.14215539395809174
YKL090W,YAL058W,1,0.16763173,0.09566326439380646,0.1463414579629898,0.14215539395809174
YJL129C,YLR188W,0,0.16747278,0.09560229629278183,0.1463414579629898,0.14225563406944275
YDR054C,YPR108W,1,0.16736262,0.09617834538221359,0.1473170667886734,0.14225563406944275
YLL018C,YBR213W,0,0.16716179,0.09611712396144867,0.1473170667886734,0.14235588908195496
YDR101C,YAL068C,0,0.16716091,0.09605597704648972,0.1473170667886734,0.14245614409446716
YMR314W,YNL240C,0,0.16712062,0.09599491208791733,0.1473170667886734,0.14255638420581818
YMR038C,YGR154C,0,0.16711672,0.0959339290857315,0.1473170667886734,0.14265663921833038
YAR035W,YLR288C,0,0.16710375,0.09587301313877106,0.1473170667886734,0.1427568942308426
YPR042C,YDR410C,0,0.16705953,0.09581217914819717,0.1473170667886734,0.1428571492433548
YHR017W,YLR411W,0,0.16700813,0.09575142711400986,0.1473170667886734,0.1429573893547058
YBR085W,YML004C,0,0.16700014,0.09569074958562851,0.1473170667886734,0.14305764436721802
YKL189W,YPL147W,0,0.16690186,0.09563014656305313,0.1473170667886734,0.14315789937973022
YKL218C,YGL219C,0,0.16685897,0.09556961804628372,0.1473170667886734,0.14325813949108124
YLR284C,YOR179C,0,0.16684562,0.09550917148590088,0.1473170667886734,0.14335839450359344
YLR058C,YOR288C,0,0.16679335,0.095448799431324,0.1473170667886734,0.14345864951610565
YGR212W,YBR060C,0,0.16672182,0.0953885018825531,0.1473170667886734,0.14355890452861786
YBL085W,YGL021W,0,0.16658726,0.09532828629016876,0.1473170667886734,0.14365914463996887
YIL111W,YEL043W,0,0.16650328,0.0952681377530098,0.1473170667886734,0.14375939965248108
YLR009W,YIL125W,0,0.1664861,0.0952080711722374,0.1473170667886734,0.1438596546649933
YOR132W,YEL050C,0,0.16636339,0.09514807909727097,0.1473170667886734,0.1439598947763443
YCL051W,YGL185C,0,0.16607843,0.0950881615281105,0.1473170667886734,0.1440601497888565
YLR386W,YML018C,0,0.16581614,0.09502831846475601,0.1473170667886734,0.1441604048013687
YDL024C,YOR209C,0,0.16572884,0.09496854990720749,0.1473170667886734,0.14426064491271973
YGL106W,YJL060W,0,0.16572657,0.09490886330604553,0.1473170667886734,0.14436089992523193
YBR128C,YPL050C,0,0.16564757,0.09484924376010895,0.1473170667886734,0.14446115493774414
YER094C,YKR087C,1,0.16553076,0.09541745483875275,0.148292675614357,0.14446115493774414
YHR089C,YHL034C,0,0.16547534,0.09535758942365646,0.148292675614357,0.14456140995025635
YER115C,YGL203C,0,0.16547123,0.09529780596494675,0.148292675614357,0.14466165006160736
YBR274W,YJR098C,0,0.16542044,0.095238097012043,0.148292675614357,0.14476190507411957
YLR115W,YJL216C,0,0.16526482,0.09517846256494522,0.148292675614357,0.14486216008663177
YKL048C,YDR254W,0,0.16504791,0.09511889517307281,0.148292675614357,0.1449624001979828
YNR010W,YPL050C,0,0.16500294,0.09505940973758698,0.148292675614357,0.145062655210495
YDR255C,YNL064C,1,0.16498809,0.09562499821186066,0.14926829934120178,0.145062655210495
YBL075C,YIL084C,0,0.16492197,0.09556527435779572,0.14926829934120178,0.1451629102230072
YPR190C,YGR142W,0,0.16463526,0.09550561755895615,0.14926829934120178,0.1452631652355194
YBR129C,YNL041C,0,0.1645965,0.09544603526592255,0.14926829934120178,0.14536340534687042
YER177W,YLR382C,0,0.1644389,0.09538653492927551,0.14926829934120178,0.14546366035938263
YCR028C,YLR299W,0,0.16436325,0.09532710164785385,0.14926829934120178,0.14556391537189484
YPL183C,YPR080W,0,0.16428608,0.09526774287223816,0.14926829934120178,0.14566415548324585
YKL061W,YEL006W,0,0.1641956,0.09520846605300903,0.14926829934120178,0.14576441049575806
YOR057W,YML097C,1,0.16413078,0.09577114135026932,0.15024390816688538,0.14576441049575806
YMR127C,YLR147C,0,0.16377084,0.0957116186618805,0.15024390816688538,0.14586466550827026
YMR142C,YER125W,0,0.1637363,0.09565217047929764,0.15024390816688538,0.14596490561962128
YJR013W,YMR269W,0,0.1636953,0.09559279680252075,0.15024390816688538,0.14606516063213348
YLL006W,YDR507C,0,0.16368876,0.09553349763154984,0.15024390816688538,0.1461654156446457
YMR090W,YEL059C-A,0,0.1634455,0.09547427296638489,0.15024390816688538,0.1462656706571579
YAL031C,YDR243C,0,0.16340056,0.09541511535644531,0.15024390816688538,0.1463659107685089
YLR206W,YER062C,0,0.1631574,0.0953560397028923,0.15024390816688538,0.14646616578102112
YDR176W,YBR125C,0,0.16310887,0.09529703110456467,0.15024390816688538,0.14656642079353333
YGR012W,YJL098W,0,0.16306005,0.095238097012043,0.15024390816688538,0.14666666090488434
YDR427W,YOR246C,0,0.16284117,0.0951792299747467,0.15024390816688538,0.14676691591739655
YHR205W,YOR216C,0,0.16280343,0.09512044489383698,0.15024390816688538,0.14686717092990875
YOL135C,YMR247C,0,0.16243094,0.09506172686815262,0.15024390816688538,0.14696742594242096
YLR228C,YER138C,0,0.16237116,0.09500308334827423,0.15024390816688538,0.14706766605377197
YDL209C,YLR025W,0,0.16236457,0.09494451433420181,0.15024390816688538,0.14716792106628418
YDL149W,YIL109C,0,0.16233674,0.09488601237535477,0.15024390816688538,0.1472681760787964
YDR059C,YLL036C,1,0.16229156,0.09544335305690765,0.15121951699256897,0.1472681760787964
YBR082C,YFR050C,1,0.1622746,0.09600000083446503,0.15219512581825256,0.1472681760787964
YPL116W,YLL016W,0,0.16212836,0.095940962433815,0.15219512581825256,0.1473684161901474
YNR032C-A,YDR363W-A,1,0.16211098,0.09649661928415298,0.15317073464393616,0.1473684161901474
YML042W,YHR005C-A,0,0.16205223,0.09643734991550446,0.15317073464393616,0.1474686712026596
YDR164C,YGR188C,0,0.16196176,0.0963781476020813,0.15317073464393616,0.14756892621517181
YLR224W,YIL008W,1,0.16180873,0.09693251550197601,0.15414634346961975,0.14756892621517181
YDR469W,YGR007W,0,0.16162163,0.09687308222055435,0.15414634346961975,0.14766916632652283
YFL023W,YCR052W,0,0.16161077,0.09681372344493866,0.15414634346961975,0.14776942133903503
YDR219C,YOR362C,1,0.16158749,0.0973668098449707,0.15512195229530334,0.14776942133903503
YGL136C,YPL244C,0,0.16144553,0.0973072201013565,0.15512195229530334,0.14786967635154724
YGL004C,YNL290W,0,0.16094777,0.09724770486354828,0.15512195229530334,0.14796993136405945
YOR249C,YCR045C,0,0.1608647,0.09718826413154602,0.15512195229530334,0.14807017147541046
YMR077C,YDL097C,1,0.16067961,0.09773977100849152,0.15609756112098694,0.14807017147541046
YDR273W,YDR062W,0,0.16057554,0.09768009930849075,0.15609756112098694,0.14817042648792267
YOL101C,YOR326W,0,0.16053683,0.09762050211429596,0.15609756112098694,0.14827068150043488
YBR217W,YHR111W,1,0.16047648,0.09817073494195938,0.15707316994667053,0.14827068150043488
YGR134W,YGL191W,0,0.1603963,0.09811090677976608,0.15707316994667053,0.1483709216117859
YJL149W,YCL039W,1,0.16037588,0.0986601710319519,0.15804877877235413,0.1483709216117859
YGR133W,YJR099W,1,0.16004656,0.099208764731884,0.15902438759803772,0.1483709216117859
YIL124W,YOR258W,0,0.15994626,0.09914841502904892,0.15902438759803772,0.1484711766242981
YPR187W,YAL058W,0,0.15993536,0.0990881472826004,0.15902438759803772,0.1485714316368103
YDR389W,YDR033W,0,0.15986314,0.09902794659137726,0.15902438759803772,0.14867167174816132
YKR087C,YMR161W,1,0.15964127,0.0995749831199646,0.1599999964237213,0.14867167174816132
YDR129C,YJR028W,0,0.15956433,0.09951456636190414,0.1599999964237213,0.14877192676067352
YHR179W,YEL053C,0,0.15946987,0.09945421665906906,0.1599999964237213,0.14887218177318573
YHR108W,YLR306W,1,0.15933089,0.10000000149011612,0.1609756052494049,0.14887218177318573
YPR120C,YIL083C,0,0.15927184,0.09993942826986313,0.1609756052494049,0.14897243678569794
YPL096W,YGR133W,1,0.15908104,0.10048425942659378,0.1619512140750885,0.14897243678569794
YOR089C,YCR093W,0,0.15903747,0.10042347013950348,0.1619512140750885,0.14907267689704895
YGL104C,YDR497C,0,0.15896656,0.10036275535821915,0.1619512140750885,0.14917293190956116
YLR025W,YDR494W,0,0.1588145,0.10030211508274078,0.1619512140750885,0.14927318692207336
YKL010C,YOR074C,0,0.15879062,0.10024154931306839,0.1619512140750885,0.14937342703342438
YDL015C,YGL161C,0,0.15867104,0.10018105059862137,0.1619512140750885,0.14947368204593658
YOR291W,YGR156W,0,0.15863436,0.10012062638998032,0.1619512140750885,0.1495739370584488
YGR263C,YER031C,0,0.15863273,0.10006027668714523,0.1619512140750885,0.149674192070961
YIL120W,YMR297W,0,0.15853845,0.10000000149011612,0.1619512140750885,0.149774432182312
YLR134W,YOR011W,0,0.15848064,0.09993979334831238,0.1619512140750885,0.14987468719482422
YDR350C,YNL290W,0,0.15826797,0.0998796597123146,0.1619512140750885,0.14997494220733643
YBR185C,YDR030C,0,0.15820183,0.0998196005821228,0.1619512140750885,0.15007518231868744
YIL030C,YLR380W,1,0.15812826,0.10036057978868484,0.1629268229007721,0.15007518231868744
YER082C,YJL026W,0,0.15798497,0.10030029714107513,0.1629268229007721,0.15017543733119965
YBR150C,YIL009W,0,0.15796557,0.10024009644985199,0.1629268229007721,0.15027569234371185
YNL145W,YCL051W,0,0.15784073,0.10017996281385422,0.1629268229007721,0.15037593245506287
YJR082C,YLR167W,0,0.15777235,0.10011990368366241,0.1629268229007721,0.15047618746757507
YMR179W,YOL104C,0,0.15773103,0.10005991905927658,0.1629268229007721,0.15057644248008728
YER048W-A,YOR216C,0,0.15772668,0.10000000149011612,0.1629268229007721,0.1506766974925995
YPL007C,YJL162C,0,0.15763402,0.09994015842676163,0.1629268229007721,0.1507769376039505
YKL182W,YOR179C,0,0.15755296,0.09988038241863251,0.1629268229007721,0.1508771926164627
YLR327C,YMR229C,0,0.15736046,0.09982068091630936,0.1629268229007721,0.15097744762897491
YFR005C,YOR157C,1,0.15731838,0.10035842657089233,0.1639024317264557,0.15097744762897491
YGR223C,YOR174W,0,0.15729836,0.10029850900173187,0.1639024317264557,0.15107768774032593
YHR111W,YMR161W,1,0.15727067,0.10083532333374023,0.16487805545330048,0.15107768774032593
YNL026W,YMR273C,0,0.15706626,0.10077519714832306,0.16487805545330048,0.15117794275283813
YNL036W,YGL120C,0,0.15683182,0.10071513801813126,0.16487805545330048,0.15127819776535034
YDL056W,YDR301W,0,0.15681753,0.10065515339374542,0.16487805545330048,0.15137845277786255
YDR074W,YOR271C,0,0.15675963,0.10059523582458496,0.16487805545330048,0.15147869288921356
YNL036W,YLR068W,0,0.15666923,0.10053539276123047,0.16487805545330048,0.15157894790172577
YDR320C,YML034W,0,0.15649733,0.10047562420368195,0.16487805545330048,0.15167920291423798
YKR099W,YOR326W,0,0.15641195,0.1004159227013588,0.16487805545330048,0.151779443025589
YGR281W,YHL036W,0,0.15640359,0.10035629570484161,0.16487805545330048,0.1518796980381012
YKR050W,YGR180C,0,0.15634103,0.1002967357635498,0.16487805545330048,0.1519799530506134
YIL004C,YJL148W,0,0.15632376,0.10023725032806396,0.16487805545330048,0.15208019316196442
YPR108W,YFL066C,0,0.15621826,0.1001778319478035,0.16487805545330048,0.15218044817447662
YLR048W,YKL080W,0,0.15612237,0.1001184806227684,0.16487805545330048,0.15228070318698883
YHR206W,YLL035W,0,0.1560986,0.10005920380353928,0.16487805545330048,0.15238095819950104
YHL031C,YDR174W,0,0.15593946,0.10000000149011612,0.16487805545330048,0.15248119831085205
YJR132W,YBL080C,0,0.1557477,0.09994086623191833,0.16487805545330048,0.15258145332336426
YOL107W,YDL202W,0,0.155746,0.09988179802894592,0.16487805545330048,0.15268170833587646
YLR128W,YKL010C,1,0.15563703,0.10041346400976181,0.16585366427898407,0.15268170833587646
YHR052W,YDR011W,0,0.15556078,0.10035419464111328,0.16585366427898407,0.15278194844722748
YKL095W,YNL098C,0,0.15554757,0.10029498487710953,0.16585366427898407,0.15288220345973969
YBL011W,YHR067W,0,0.15549108,0.10023584961891174,0.16585366427898407,0.1529824584722519
YGR225W,YJL087C,0,0.15535939,0.10017678141593933,0.16585366427898407,0.1530827134847641
YDR365C,YCR094W,0,0.15531135,0.10011778771877289,0.16585366427898407,0.1531829535961151
YKL212W,YKL074C,0,0.15526368,0.10005886107683182,0.16585366427898407,0.15328320860862732
YHR171W,YMR290C,0,0.15513854,0.10000000149011612,0.16585366427898407,0.15338346362113953
YGL067W,YKL009W,0,0.1550361,0.0999412089586258,0.16585366427898407,0.15348370373249054
YGL026C,YPR114W,0,0.15494812,0.09988249093294144,0.16585366427898407,0.15358395874500275
YMR042W,YDR364C,0,0.15489069,0.09982383996248245,0.16585366427898407,0.15368421375751495
YDR281C,YLR321C,0,0.1548829,0.09976525604724884,0.16585366427898407,0.15378445386886597
YHR024C,YLR360W,0,0.15462142,0.0997067466378212,0.16585366427898407,0.15388470888137817
YPR068C,YMR077C,0,0.15459429,0.09964829683303833,0.16585366427898407,0.15398496389389038
YKL041W,YLL036C,1,0.15450579,0.10017574578523636,0.16682927310466766,0.15398496389389038
YNL081C,YDR005C,0,0.15444621,0.10011709481477737,0.16682927310466766,0.1540852189064026
YDR247W,YER071C,0,0.15433906,0.10005851089954376,0.16682927310466766,0.1541854590177536
YKL020C,YJR048W,0,0.15429516,0.10000000149011612,0.16682927310466766,0.1542857140302658
YDR424C,YLR390W-A,0,0.15429488,0.09994155168533325,0.16682927310466766,0.15438596904277802
YNL233W,YDR108W,0,0.15428762,0.09988317638635635,0.16682927310466766,0.15448620915412903
YPR071W,YNL191W,0,0.1542094,0.09982486814260483,0.16682927310466766,0.15458646416664124
YDL098C,YNL239W,0,0.15400285,0.09976662695407867,0.16682927310466766,0.15468671917915344
YDR273W,YDR456W,0,0.15388265,0.0997084528207779,0.16682927310466766,0.15478697419166565
YMR050C,YIL123W,0,0.15386909,0.09965035319328308,0.16682927310466766,0.15488721430301666
YKL161C,YJL090C,0,0.1538382,0.09959231317043304,0.16682927310466766,0.15498746931552887
YIL138C,YDR212W,0,0.15382761,0.09953434020280838,0.16682927310466766,0.15508772432804108
YDR077W,YPR196W,0,0.15378532,0.09947644174098969,0.16682927310466766,0.1551879644393921
YKR008W,YDL021W,0,0.15368289,0.09941860288381577,0.16682927310466766,0.1552882194519043
YKL041W,YBL084C,1,0.1534934,0.09994189441204071,0.16780488193035126,0.1552882194519043
YOL071W,YLR440C,0,0.15340813,0.09988385438919067,0.16780488193035126,0.1553884744644165
YKL010C,YGL162W,0,0.15333773,0.09982588142156601,0.16780488193035126,0.15548871457576752
YBR248C,YHR009C,0,0.1531873,0.09976798295974731,0.16780488193035126,0.15558896958827972
YML128C,YPR196W,0,0.1531348,0.0997101441025734,0.16780488193035126,0.15568922460079193
YDR523C,YNL156C,0,0.15309344,0.09965237230062485,0.16780488193035126,0.15578947961330414
YOR043W,YOL101C,0,0.15308544,0.09959467500448227,0.16780488193035126,0.15588971972465515
YOL070C,YML061C,0,0.15307054,0.09953703731298447,0.16780488193035126,0.15598997473716736
YNL212W,YBL041W,1,0.15304951,0.10005784034729004,0.16878049075603485,0.15598997473716736
YDR511W,YGL093W,0,0.15300769,0.10000000149011612,0.16878049075603485,0.15609022974967957
YJR127C,YDR369C,0,0.15288478,0.09994222968816757,0.16878049075603485,0.15619046986103058
YGL027C,YGR225W,0,0.15285401,0.0998845249414444,0.16878049075603485,0.15629072487354279
YIL147C,YER091C,0,0.15281771,0.0998268872499466,0.16878049075603485,0.156390979886055
YJR073C,YMR217W,0,0.15264188,0.09976931661367416,0.16878049075603485,0.1564912348985672
YDR213W,YIL112W,0,0.15262556,0.0997118130326271,0.16878049075603485,0.1565914750099182
YPL018W,YDL055C,0,0.152599,0.09965437650680542,0.16878049075603485,0.15669173002243042
YNL031C,YDL138W,0,0.15258038,0.0995970070362091,0.16878049075603485,0.15679198503494263
YMR023C,YOL065C,0,0.1524977,0.09953969717025757,0.16878049075603485,0.15689222514629364
YGL073W,YHL044W,0,0.1524226,0.099482461810112,0.16878049075603485,0.15699248015880585
YKL203C,YOR297C,0,0.15236308,0.0994252860546112,0.16878049075603485,0.15709273517131805
YDR243C,YJL066C,0,0.15232892,0.09936817735433578,0.16878049075603485,0.15719297528266907
YDL130W-A,YBL052C,0,0.15230763,0.09931113570928574,0.16878049075603485,0.15729323029518127
YDR345C,YGR179C,0,0.15230577,0.09925416111946106,0.16878049075603485,0.15739348530769348
YBL051C,YOR076C,0,0.15230526,0.09919724613428116,0.16878049075603485,0.1574937403202057
YIL080W,YHR142W,0,0.15211265,0.09914039820432663,0.16878049075603485,0.1575939804315567
YLR183C,YDR111C,0,0.15209872,0.09908361732959747,0.16878049075603485,0.1576942354440689
YDR107C,YGR052W,0,0.15198152,0.09902690351009369,0.16878049075603485,0.15779449045658112
YGR104C,YIL160C,0,0.1518946,0.09897024929523468,0.16878049075603485,0.15789473056793213
YGL011C,YFL016C,1,0.15186028,0.09948541969060898,0.16975609958171844,0.15789473056793213
YDL040C,YOR273C,0,0.15177849,0.09942857176065445,0.16975609958171844,0.15799498558044434
YML116W,YBR158W,0,0.1517693,0.09937179088592529,0.16975609958171844,0.15809524059295654
YKL129C,YDL061C,0,0.15172657,0.09931506961584091,0.16975609958171844,0.15819549560546875
YOR239W,YIL139C,0,0.1516769,0.0992584154009819,0.16975609958171844,0.15829573571681976
YGL087C,YMR290C,0,0.15156141,0.09920182079076767,0.16975609958171844,0.15839599072933197
YDL085W,YDR128W,0,0.15155338,0.0991453006863594,0.16975609958171844,0.15849624574184418
YDR312W,YKL124W,0,0.1515379,0.09908884018659592,0.16975609958171844,0.1585964858531952
YMR119W,YDR177W,1,0.15149117,0.09960159659385681,0.17073170840740204,0.1585964858531952
YMR078C,YIL112W,0,0.15127963,0.0995449349284172,0.17073170840740204,0.1586967408657074
YDL040C,YBL017C,0,0.15124348,0.09948834776878357,0.17073170840740204,0.1587969958782196
YNL142W,YHL032C,0,0.15114233,0.09943182021379471,0.17073170840740204,0.15889723598957062
YNR069C,YNL008C,1,0.15114032,0.09994321316480637,0.17170731723308563,0.15889723598957062
YBR015C,YJR134C,0,0.15100236,0.09988649189472198,0.17170731723308563,0.15899749100208282
YDR219C,YHR043C,1,0.15082066,0.10039705038070679,0.17268292605876923,0.15899749100208282
YDR465C,YOR383C,0,0.15080492,0.10034013539552689,0.17268292605876923,0.15909774601459503
YDR390C,YEL052W,1,0.15078214,0.10084985941648483,0.17365853488445282,0.15909774601459503
YLR220W,YML011C,0,0.15076973,0.10079275071620941,0.17365853488445282,0.15919800102710724
YLL016W,YPL252C,0,0.15073599,0.10073570907115936,0.17365853488445282,0.15929824113845825
YJL125C,YMR237W,0,0.15073347,0.10067873448133469,0.17365853488445282,0.15939849615097046
YCR075C,YJL165C,0,0.1507285,0.10062181949615479,0.17365853488445282,0.15949875116348267
YGL014W,YFR037C,0,0.15070476,0.10056497156620026,0.17365853488445282,0.15959899127483368
YLL057C,YNR020C,0,0.15056008,0.1005081906914711,0.17365853488445282,0.1596992462873459
YOR047C,YDR392W,0,0.15049115,0.10045146942138672,0.17365853488445282,0.1597995012998581
YBL089W,YKL004W,0,0.1504239,0.10039480775594711,0.17365853488445282,0.1598997563123703
YDL215C,YOR120W,0,0.15036036,0.10033822059631348,0.17365853488445282,0.1599999964237213
YOR278W,YLR191W,0,0.15025322,0.10028169304132462,0.17365853488445282,0.16010025143623352
YFL029C,YIL076W,0,0.15024163,0.10022522509098053,0.17365853488445282,0.16020050644874573
YPL180W,YKR104W,0,0.15016353,0.10016882419586182,0.17365853488445282,0.16030074656009674
YML061C,YPL018W,0,0.15003496,0.10011248290538788,0.17365853488445282,0.16040100157260895
YHL003C,YDR337W,0,0.15002587,0.10005620867013931,0.17365853488445282,0.16050125658512115
YPR024W,YDR059C,1,0.14990954,0.10056179761886597,0.1746341437101364,0.16050125658512115
YJL005W,YDR406W,0,0.14989015,0.10050533711910248,0.1746341437101364,0.16060149669647217
YHR105W,YOL165C,0,0.14982323,0.10044893622398376,0.1746341437101364,0.16070175170898438
YJR110W,YNR003C,0,0.14982122,0.10039259493350983,0.1746341437101364,0.16080200672149658
YBR289W,YDL142C,0,0.14977686,0.10033632069826126,0.1746341437101364,0.1609022617340088
YPR006C,YGL227W,0,0.14938167,0.10028011351823807,0.1746341437101364,0.1610025018453598
YGR154C,YGR099W,0,0.14903577,0.10022396594285965,0.1746341437101364,0.161102756857872
YMR056C,YDR120C,0,0.14888999,0.10016787797212601,0.1746341437101364,0.16120301187038422
YLR047C,YCR037C,0,0.14886561,0.10011185705661774,0.1746341437101364,0.16130325198173523
YLR221C,YKR093W,0,0.1488018,0.10005589574575424,0.1746341437101364,0.16140350699424744
YPL225W,YML060W,0,0.14871761,0.10000000149011612,0.1746341437101364,0.16150376200675964
YJL073W,YHR201C,0,0.14869455,0.09994416683912277,0.1746341437101364,0.16160401701927185
YLR368W,YMR275C,1,0.14853933,0.1004464253783226,0.17560975253582,0.16160401701927185
YER143W,YHR171W,1,0.14850803,0.10094813257455826,0.1765853613615036,0.16160401701927185
YAL058W,YEL019C,1,0.1484927,0.10144927352666855,0.1775609701871872,0.16160401701927185
YBR087W,YIR011C,0,0.14817604,0.10139276087284088,0.1775609701871872,0.16170425713062286
YDR013W,YGR020C,0,0.14815463,0.10133630037307739,0.1775609701871872,0.16180451214313507
YNL119W,YPR133C,0,0.14814112,0.10127991437911987,0.1775609701871872,0.16190476715564728
YMR086W,YBR002C,0,0.14813319,0.10122358053922653,0.1775609701871872,0.1620050072669983
YPR024W,YMR308C,0,0.14801699,0.10116731375455856,0.1775609701871872,0.1621052622795105
YPR002W,YKR037C,0,0.1479249,0.10111111402511597,0.1775609701871872,0.1622055172920227
YDL054C,YHR012W,0,0.14765462,0.10105496644973755,0.1775609701871872,0.16230575740337372
YGR251W,YLR383W,0,0.14765057,0.1009988933801651,0.1775609701871872,0.16240601241588593
YDR190C,YNL103W,0,0.1475806,0.10094287246465683,0.1775609701871872,0.16250626742839813
YKL196C,YER110C,0,0.14756565,0.10088691860437393,0.1775609701871872,0.16260652244091034
YCR105W,YLR176C,0,0.14752787,0.10083102434873581,0.1775609701871872,0.16270676255226135
YDR520C,YBR214W,0,0.14748761,0.10077519714832306,0.1775609701871872,0.16280701756477356
YAL044C,YDL076C,0,0.14745964,0.10071942210197449,0.1775609701871872,0.16290727257728577
YHR041C,YDR218C,0,0.1474466,0.10066371411085129,0.1775609701871872,0.16300751268863678
YOR279C,YLR309C,0,0.14740698,0.10060807317495346,0.1775609701871872,0.163107767701149
YHR169W,YCL039W,0,0.14736477,0.10055248439311981,0.1775609701871872,0.1632080227136612
YEL012W,YOR339C,1,0.14721549,0.10104914754629135,0.1785365790128708,0.1632080227136612
YJR053W,YGL123W,0,0.14721277,0.10099337995052338,0.1785365790128708,0.1633082777261734
YHR161C,YKL185W,0,0.14705673,0.10093767195940018,0.1785365790128708,0.16340851783752441
YCR039C,YDR213W,0,0.1469675,0.10088203102350235,0.1785365790128708,0.16350877285003662
YKL011C,YGR282C,0,0.1469149,0.1008264496922493,0.1785365790128708,0.16360902786254883
YKL195W,YMR203W,0,0.14678888,0.10077092796564102,0.1785365790128708,0.16370926797389984
YOR340C,YDR481C,0,0.14671221,0.10071546584367752,0.1785365790128708,0.16380952298641205
YPR186C,YER087C-A,0,0.1466836,0.1006600633263588,0.1785365790128708,0.16390977799892426
YPL281C,YBR118W,0,0.14666918,0.10060472786426544,0.1785365790128708,0.16401001811027527
YNL061W,YOR292C,0,0.14664441,0.10054945200681686,0.1785365790128708,0.16411027312278748
YOR334W,YOR191W,0,0.14660957,0.10049423575401306,0.1785365790128708,0.16421052813529968
YOR206W,YGR122W,0,0.14651583,0.10043907910585403,0.1785365790128708,0.1643107831478119
YMR149W,YIR004W,0,0.14644372,0.10038398206233978,0.1785365790128708,0.1644110232591629
YAR035W,YDR323C,0,0.14618436,0.1003289446234703,0.1785365790128708,0.1645112782716751
YPL091W,YHR202W,0,0.14598164,0.1002739742398262,0.1785365790128708,0.16461153328418732
YDR481C,YGL051W,0,0.14592601,0.10021905601024628,0.1785365790128708,0.16471177339553833
YAL011W,YDL080C,0,0.14582565,0.10016420483589172,0.1785365790128708,0.16481202840805054
YGR274C,YBR260C,0,0.14574495,0.10010940581560135,0.1785365790128708,0.16491228342056274
YDL113C,YMR264W,0,0.14573224,0.10005467385053635,0.1785365790128708,0.16501253843307495
YGR129W,YOL061W,0,0.14563653,0.10000000149011612,0.1785365790128708,0.16511277854442596
YKL069W,YJR089W,0,0.14563398,0.09994538873434067,0.1785365790128708,0.16521303355693817
YJR013W,YBR175W,0,0.14558768,0.0998908281326294,0.1785365790128708,0.16531328856945038
YAR018C,YJL089W,0,0.14542468,0.0998363345861435,0.1785365790128708,0.1654135286808014
YDL231C,YIL011W,0,0.14515714,0.09978190064430237,0.1785365790128708,0.1655137836933136
YLR157C,YER041W,0,0.14512496,0.09972751885652542,0.1785365790128708,0.1656140387058258
YMR099C,YIL150C,0,0.14512134,0.09967320412397385,0.1785365790128708,0.16571427881717682
YGR062C,YHR156C,0,0.14511728,0.09961894154548645,0.1785365790128708,0.16581453382968903
YMR213W,YFR024C-A,0,0.14507067,0.09956474602222443,0.1785365790128708,0.16591478884220123
YMR145C,YNL086W,0,0.14502273,0.09951060265302658,0.1785365790128708,0.16601504385471344
YOR043W,YPL019C,0,0.14500615,0.09945651888847351,0.1785365790128708,0.16611528396606445
YHR184W,YDR044W,0,0.1449991,0.09940250217914581,0.1785365790128708,0.16621553897857666
YCR081W,YMR071C,0,0.1448999,0.0993485376238823,0.1785365790128708,0.16631579399108887
YHR020W,YBR012W-B,0,0.14482006,0.09929462522268295,0.1785365790128708,0.16641603410243988
YDR517W,YEL056W,0,0.14479007,0.09924077987670898,0.1785365790128708,0.1665162891149521
YKL054C,YOR018W,0,0.14476022,0.09918699413537979,0.1785365790128708,0.1666165441274643
YMR004W,YJR001W,0,0.14470536,0.09913326054811478,0.1785365790128708,0.1667167991399765
YKL143W,YLR396C,0,0.14470273,0.09907958656549454,0.1785365790128708,0.16681703925132751
YFR005C,YBL017C,1,0.1446998,0.09956710040569305,0.17951218783855438,0.16681703925132751
YHR002W,YER147C,0,0.14469086,0.09951324760913849,0.17951218783855438,0.16691729426383972
YOR044W,YDR388W,0,0.14464815,0.0994594618678093,0.17951218783855438,0.16701754927635193
YBR203W,YHR200W,1,0.14459255,0.09994597733020782,0.18048781156539917,0.16701754927635193
YCL008C,YMR022W,1,0.14455982,0.10043196380138397,0.18146342039108276,0.16701754927635193
YER027C,YIL039W,0,0.14454243,0.10037776827812195,0.18146342039108276,0.16711778938770294
YPL146C,YDL076C,0,0.14447364,0.1003236249089241,0.18146342039108276,0.16721804440021515
YPR063C,YGL244W,0,0.14431784,0.10026954114437103,0.18146342039108276,0.16731829941272736
YBR176W,YER030W,0,0.1443007,0.10021551698446274,0.18146342039108276,0.16741853952407837
YDR447C,YFR045W,0,0.14413846,0.10016155242919922,0.18146342039108276,0.16751879453659058
YJL001W,YFL016C,1,0.1441152,0.10064585506916046,0.18243902921676636,0.16751879453659058
YGL092W,YBR231C,0,0.14403886,0.10059171915054321,0.18243902921676636,0.16761904954910278
YJL097W,YJL079C,0,0.14401487,0.10053763538599014,0.18243902921676636,0.167719304561615
YLL041C,YNL036W,0,0.1439488,0.10048361122608185,0.18243902921676636,0.167819544672966
YNL293W,YAR007C,0,0.1439044,0.10042964667081833,0.18243902921676636,0.1679197996854782
YLR175W,YCR077C,0,0.1437495,0.10037574172019958,0.18243902921676636,0.16802005469799042
YPL209C,YBR038W,0,0.14372203,0.10032188892364502,0.18243902921676636,0.16812029480934143
YAL060W,YBR045C,0,0.14362288,0.10026809573173523,0.18243902921676636,0.16822054982185364
YGR080W,YMR019W,0,0.14359394,0.10021436214447021,0.18243902921676636,0.16832080483436584
YLR345W,YDR140W,0,0.14353986,0.10016068816184998,0.18243902921676636,0.16842105984687805
YDL101C,YLR414C,0,0.14352155,0.10010706633329391,0.18243902921676636,0.16852129995822906
YML125C,YEL043W,0,0.14350858,0.10005350410938263,0.18243902921676636,0.16862155497074127
YOR334W,YER110C,0,0.14349736,0.10000000149011612,0.18243902921676636,0.16872180998325348
YGL211W,YLL067C,0,0.14348242,0.09994655102491379,0.18243902921676636,0.1688220500946045
YKL005C,YNR057C,0,0.14347644,0.09989316016435623,0.18243902921676636,0.1689223051071167
YFR007W,YMR177W,0,0.14336926,0.09983982890844345,0.18243902921676636,0.1690225601196289
YIL134W,YLR251W,0,0.14324172,0.09978654980659485,0.18243902921676636,0.16912280023097992
YKL144C,YJR055W,0,0.14320952,0.09973333030939102,0.18243902921676636,0.16922305524349213
YDL070W,YDR081C,0,0.14311048,0.09968017041683197,0.18243902921676636,0.16932331025600433
YNL166C,YDL114W,0,0.1429584,0.0996270626783371,0.18243902921676636,0.16942356526851654
YMR193W,YOR020C,0,0.14281897,0.099574014544487,0.18243902921676636,0.16952380537986755
YBR193C,YOR253W,0,0.1427837,0.09952101856470108,0.18243902921676636,0.16962406039237976
YCL043C,YGR204W,0,0.14267133,0.09946808218955994,0.18243902921676636,0.16972431540489197
YAL044C,YGL051W,0,0.1426678,0.09941520541906357,0.18243902921676636,0.16982455551624298
YLR172C,YPL150W,0,0.1424379,0.09936238080263138,0.18243902921676636,0.1699248105287552
YLR015W,YGR040W,0,0.14243054,0.09930961579084396,0.18243902921676636,0.1700250655412674
YDR005C,YPL252C,0,0.14234014,0.09925690293312073,0.18243902921676636,0.1701253205537796
YDR175C,YKR100C,0,0.14232814,0.09920424222946167,0.18243902921676636,0.17022556066513062
YML077W,YJL005W,0,0.14231913,0.09915164113044739,0.18243902921676636,0.17032581567764282
YGL104C,YAR019C,0,0.14217743,0.09909909963607788,0.18243902921676636,0.17042607069015503
YKL069W,YHR090C,0,0.14210859,0.09904661029577255,0.18243902921676636,0.17052631080150604
YNL111C,YHR066W,0,0.14209042,0.0989941731095314,0.18243902921676636,0.17062656581401825
YIL134W,YDR196C,0,0.14203839,0.09894179552793503,0.18243902921676636,0.17072682082653046
YGR268C,YOR145C,0,0.14201358,0.09888947755098343,0.18243902921676636,0.17082706093788147
YMR037C,YMR039C,0,0.14200182,0.09883721172809601,0.18243902921676636,0.17092731595039368
YGR204W,YDR530C,0,0.14193864,0.09878499805927277,0.18243902921676636,0.17102757096290588
YDR083W,YCL025C,0,0.14189816,0.0987328439950943,0.18243902921676636,0.1711278259754181
YBR183W,YOR393W,0,0.14189646,0.09868074208498001,0.18243902921676636,0.1712280660867691
YIL076W,YLR139C,0,0.14185517,0.0986286923289299,0.18243902921676636,0.1713283210992813
YKL090W,YNL008C,1,0.14184117,0.09910384565591812,0.18341463804244995,0.1713283210992813
YER040W,YMR208W,0,0.14176697,0.09905163198709488,0.18341463804244995,0.17142857611179352
YER012W,YOR363C,0,0.14171797,0.09899947047233582,0.18341463804244995,0.17152881622314453
YDL175C,YJL013C,0,0.14164412,0.09894736856222153,0.18341463804244995,0.17162907123565674
YCL031C,YMR075W,0,0.14163795,0.09889531880617142,0.18341463804244995,0.17172932624816895
YKL155C,YMR315W,0,0.14162041,0.09884332120418549,0.18341463804244995,0.17182958126068115
YDR240C,YJL128C,0,0.14145097,0.09879138320684433,0.18341463804244995,0.17192982137203217
YPL180W,YHR207C,0,0.14142555,0.09873949736356735,0.18341463804244995,0.17203007638454437
YER112W,YIR002C,0,0.14141078,0.09868766367435455,0.18341463804244995,0.17213033139705658
YJR092W,YNL026W,0,0.14135271,0.09863588958978653,0.18341463804244995,0.1722305715084076
YGL172W,YMR314W,0,0.1412185,0.09858416020870209,0.18341463804244995,0.1723308265209198
YLR017W,YOL155C,0,0.14115407,0.09853249788284302,0.18341463804244995,0.172431081533432
YDR213W,YAL023C,0,0.14098929,0.09848088026046753,0.18341463804244995,0.17253132164478302
YBR257W,YJL176C,0,0.140948,0.09842932224273682,0.18341463804244995,0.17263157665729523
YDR383C,YNL176C,0,0.14080244,0.09837781637907028,0.18341463804244995,0.17273183166980743
YNL123W,YDR494W,0,0.14070946,0.09832636266946793,0.18341463804244995,0.17283208668231964
YER184C,YDR423C,0,0.14056826,0.09827496111392975,0.18341463804244995,0.17293232679367065
YOR291W,YML081W,0,0.14054088,0.09822361916303635,0.18341463804244995,0.17303258180618286
YDR212W,YKL134C,0,0.1405274,0.09817232191562653,0.18341463804244995,0.17313283681869507
YNL216W,YLR088W,0,0.14042732,0.09812108427286148,0.18341463804244995,0.17323307693004608
YLR147C,YFL041W,0,0.14036927,0.09806989878416061,0.18341463804244995,0.1733333319425583
YPR173C,YNL314W,0,0.14023891,0.09801877290010452,0.18341463804244995,0.1734335869550705
YFR007W,YDL098C,0,0.14013082,0.09796769171953201,0.18341463804244995,0.1735338419675827
YLR121C,YNL175C,0,0.14012936,0.09791667014360428,0.18341463804244995,0.17363408207893372
YEL040W,YJR121W,0,0.14004532,0.09786569327116013,0.18341463804244995,0.17373433709144592
YKR007W,YNL111C,0,0.13973922,0.09781477600336075,0.18341463804244995,0.17383459210395813
YDR021W,YDR244W,0,0.13946621,0.09776391088962555,0.18341463804244995,0.17393483221530914
YJR149W,YOL092W,0,0.1394633,0.09771309792995453,0.18341463804244995,0.17403508722782135
YAR018C,YNL046W,0,0.13942695,0.09766233712434769,0.18341463804244995,0.17413534224033356
YOR266W,YCR036W,0,0.13941675,0.09761162847280502,0.18341463804244995,0.17423558235168457
YNL123W,YML094W,0,0.13937698,0.09756097197532654,0.18341463804244995,0.17433583736419678
YDR219C,YDL137W,0,0.13936797,0.09751037508249283,0.18341463804244995,0.17443609237670898
YJL048C,YPR070W,0,0.1393651,0.0974598228931427,0.18341463804244995,0.1745363473892212
YGL244W,YDR451C,0,0.13892616,0.09740932285785675,0.18341463804244995,0.1746365875005722
YOR382W,YGR180C,0,0.13883369,0.09735888242721558,0.18341463804244995,0.1747368425130844
YBR217W,YLR417W,1,0.13864249,0.09782608598470688,0.18439024686813354,0.1747368425130844
YOR244W,YGL050W,0,0.13853474,0.09777548164129257,0.18439024686813354,0.17483709752559662
YMR243C,YER072W,0,0.1384341,0.09772492200136185,0.18439024686813354,0.17493733763694763
YML107C,YBR020W,0,0.13834822,0.0976744219660759,0.18439024686813354,0.17503759264945984
YMR307W,YKL198C,0,0.13816962,0.09762396663427353,0.18439024686813354,0.17513784766197205
YDR394W,YKL054C,1,0.13816202,0.09808982908725739,0.18536585569381714,0.17513784766197205
YDL216C,YHR074W,0,0.13810727,0.09803921729326248,0.18536585569381714,0.17523810267448425
YIL013C,YPR003C,0,0.13788784,0.09798865765333176,0.18536585569381714,0.17533834278583527
YLR157C,YKR078W,0,0.13786952,0.09793814271688461,0.18536585569381714,0.17543859779834747
YGR279C,YHR070W,0,0.13786893,0.09788768738508224,0.18536585569381714,0.17553885281085968
YOR317W,YGL122C,0,0.13776909,0.09783728420734406,0.18536585569381714,0.1756390929222107
YDR201W,YER125W,0,0.13773373,0.09778692573308945,0.18536585569381714,0.1757393479347229
YDR242W,YAL028W,0,0.13772026,0.09773662686347961,0.18536585569381714,0.1758396029472351
YDL040C,YGL113W,0,0.13771182,0.09768637269735336,0.18536585569381714,0.17593984305858612
YFR013W,YJR084W,0,0.13770741,0.09763617813587189,0.18536585569381714,0.17604009807109833
YDR441C,YGR104C,0,0.13758285,0.09758602827787399,0.18536585569381714,0.17614035308361053
YLR389C,YDR439W,0,0.13754849,0.09753593057394028,0.18536585569381714,0.17624060809612274
YDR390C,YOR256C,1,0.1375472,0.0979989767074585,0.18634146451950073,0.17624060809612274
YER017C,YKL093W,0,0.1373662,0.09794871509075165,0.18634146451950073,0.17634084820747375
YDR332W,YPL117C,0,0.1372599,0.09789851307868958,0.18634146451950073,0.17644110321998596
YDR139C,YJL029C,0,0.13721552,0.09784836322069168,0.18634146451950073,0.17654135823249817
YLR119W,YNL172W,1,0.13718154,0.09831029176712036,0.18731707334518433,0.17654135823249817
YPR103W,YGL094C,1,0.13712698,0.09877175092697144,0.18829268217086792,0.17654135823249817
YBR105C,YLR025W,1,0.13707113,0.0992327332496643,0.1892682909965515,0.17654135823249817
YPL123C,YKL034W,0,0.137021,0.09918200224637985,0.1892682909965515,0.17664159834384918
YDR195W,YGR138C,0,0.1369867,0.09913132339715958,0.1892682909965515,0.1767418533563614
YML054C,YAL008W,0,0.13694367,0.09908069670200348,0.1892682909965515,0.1768421083688736
YDR118W,YHR108W,1,0.13677296,0.0995405837893486,0.1902438998222351,0.1768421083688736
YJL221C,YPL274W,0,0.13674885,0.09948979318141937,0.1902438998222351,0.1769423484802246
YJR035W,YOL120C,0,0.13663493,0.09943906217813492,0.1902438998222351,0.17704260349273682
YIL030C,YDR378C,0,0.13662608,0.09938837587833405,0.1902438998222351,0.17714285850524902
YPL119C,YOR212W,0,0.13660124,0.09933774918317795,0.1902438998222351,0.17724311351776123
YPR184W,YGR264C,0,0.13657662,0.09928716719150543,0.1902438998222351,0.17734335362911224
YML128C,YNL243W,0,0.13652244,0.09923664480447769,0.1902438998222351,0.17744360864162445
YPL141C,YMR100W,0,0.1364485,0.09918616712093353,0.1902438998222351,0.17754386365413666
YBR109C,YOR009W,0,0.13625966,0.09913574159145355,0.1902438998222351,0.17764410376548767
YIL133C,YDL124W,0,0.13624185,0.09908536821603775,0.1902438998222351,0.17774435877799988
YFL048C,YKL020C,0,0.13623536,0.09903503954410553,0.1902438998222351,0.17784461379051208
YLR039C,YAL043C,0,0.13620928,0.09898477047681808,0.1902438998222351,0.1779448688030243
YHR211W,YBR291C,0,0.13606523,0.09893455356359482,0.1902438998222351,0.1780451089143753
YOR074C,YOR239W,0,0.13604115,0.09888438135385513,0.1902438998222351,0.1781453639268875
YML030W,YMR033W,0,0.1359697,0.09883426129817963,0.1902438998222351,0.17824561893939972
YER126C,YNR050C,0,0.13588208,0.0987841933965683,0.1902438998222351,0.17834585905075073
YBR028C,YBR160W,0,0.13581981,0.09873417764902115,0.1902438998222351,0.17844611406326294
YGR003W,YDR306C,1,0.13576122,0.09919027984142303,0.1912195086479187,0.17844611406326294
YCL059C,YPL224C,0,0.13557786,0.09914010763168335,0.1912195086479187,0.17854636907577515
YHR139C,YLL048C,0,0.13548128,0.09908998757600784,0.1912195086479187,0.17864660918712616
YOL144W,YBR283C,0,0.13545334,0.09903991967439651,0.1912195086479187,0.17874686419963837
YKL161C,YOR036W,0,0.13539743,0.09898989647626877,0.1912195086479187,0.17884711921215057
YDR128W,YNL304W,0,0.13533354,0.0989399328827858,0.1912195086479187,0.17894737422466278
YBL074C,YJL194W,0,0.13533089,0.09889000654220581,0.1912195086479187,0.1790476143360138
YDR054C,YPL003W,1,0.1351602,0.09934442490339279,0.1921951174736023,0.1790476143360138
YOR189W,YLR191W,0,0.13508643,0.09929435700178146,0.1921951174736023,0.179147869348526
YDR435C,YOR272W,0,0.13506162,0.09924433380365372,0.1921951174736023,0.1792481243610382
YER096W,YOR273C,0,0.1349034,0.09919436275959015,0.1921951174736023,0.17934836447238922
YNL294C,YLR045C,0,0.13489348,0.09914443641901016,0.1921951174736023,0.17944861948490143
YML055W,YLR120C,0,0.13476859,0.09909456968307495,0.1921951174736023,0.17954887449741364
YDR363W-A,YDR510W,1,0.13465537,0.09954751282930374,0.1931707262992859,0.17954887449741364
YHR043C,YBL017C,1,0.134571,0.10000000149011612,0.19414633512496948,0.17954887449741364
YJR155W,YER087C-A,0,0.13452289,0.09994977712631226,0.19414633512496948,0.17964912950992584
YNL110C,YOR304C-A,0,0.13438398,0.09989959746599197,0.19414633512496948,0.17974936962127686
YHR154W,YOR207C,0,0.13430466,0.09984946995973587,0.19414633512496948,0.17984962463378906
YPL183C,YDL129W,0,0.13429531,0.09979939460754395,0.19414633512496948,0.17994987964630127
YGR161W-B,YNL054W-B,0,0.1340554,0.0997493714094162,0.19414633512496948,0.18005011975765228
YBR297W,YER082C,0,0.1339452,0.09969940036535263,0.19414633512496948,0.1801503747701645
YMR080C,YFL029C,0,0.1339168,0.09964947402477264,0.19414633512496948,0.1802506297826767
YJL172W,YDL115C,0,0.13388447,0.09959959983825684,0.19414633512496948,0.1803508698940277
YNR051C,YDR306C,1,0.1338805,0.10005002468824387,0.19512194395065308,0.1803508698940277
YGL251C,YHR113W,0,0.13356668,0.10000000149011612,0.19512194395065308,0.18045112490653992
YLR316C,YLR010C,0,0.13355729,0.09995002299547195,0.19512194395065308,0.18055137991905212
YLR263W,YJL219W,0,0.13337322,0.09990009665489197,0.19512194395065308,0.18065163493156433
YHR194W,YOR291W,0,0.13337283,0.09985022246837616,0.19512194395065308,0.18075187504291534
YMR005W,YPR155C,0,0.1333693,0.09980040043592453,0.19512194395065308,0.18085213005542755
YGR097W,YPL093W,0,0.1332865,0.09975062310695648,0.19512194395065308,0.18095238506793976
YCR002C,YPR001W,0,0.13324723,0.09970089793205261,0.19512194395065308,0.18105262517929077
YGL172W,YJR131W,0,0.13319379,0.09965121746063232,0.19512194395065308,0.18115288019180298
YKL033W,YLR246W,0,0.13315125,0.09960159659385681,0.19512194395065308,0.18125313520431519
YOR123C,YOL152W,0,0.1331296,0.09955201297998428,0.19512194395065308,0.1813533902168274
YDR534C,YJL187C,0,0.13306946,0.09950248897075653,0.19512194395065308,0.1814536303281784
YAL041W,YKR102W,0,0.13293397,0.09945300966501236,0.19512194395065308,0.1815538853406906
YGL053W,YOL142W,0,0.13290703,0.09940357506275177,0.19512194395065308,0.18165414035320282
YOL133W,YLR141W,0,0.13282175,0.09935420006513596,0.19512194395065308,0.18175438046455383
YGR162W,YER137C,0,0.13282107,0.09930486232042313,0.19512194395065308,0.18185463547706604
YOL054W,YJL170C,0,0.13265143,0.09925558418035507,0.19512194395065308,0.18195489048957825
YGR281W,YMR055C,0,0.13259596,0.0992063507437706,0.19512194395065308,0.18205513060092926
YBR065C,YOR076C,0,0.13250335,0.09915716201066971,0.19512194395065308,0.18215538561344147
YOR048C,YBR072W,0,0.13230903,0.099108025431633,0.19512194395065308,0.18225564062595367
YCR024C,YLR058C,0,0.13224591,0.09905894100666046,0.19512194395065308,0.18235589563846588
YER109C,YMR076C,0,0.13219476,0.09900990128517151,0.19512194395065308,0.1824561357498169
YHR002W,YDR363W-A,0,0.13217859,0.09896091371774673,0.19512194395065308,0.1825563907623291
YFR029W,YCL074W,0,0.13216883,0.09891197085380554,0.19512194395065308,0.1826566457748413
YLR237W,YBR082C,0,0.13216756,0.09886307269334793,0.19512194395065308,0.18275688588619232
YMR001C,YDR430C,0,0.13200334,0.0988142266869545,0.19512194395065308,0.18285714089870453
YPL178W,YLR040C,0,0.13176724,0.09876543283462524,0.19512194395065308,0.18295739591121674
YBR082C,YPR103W,1,0.13176386,0.09921026974916458,0.19609756767749786,0.18295739591121674
YLR246W,YPL110C,0,0.13166982,0.09916131943464279,0.19609756767749786,0.18305765092372894
YKL033W,YNL050C,0,0.13158646,0.09911242872476578,0.19609756767749786,0.18315789103507996
YNR051C,YBR105C,1,0.13153893,0.09955643117427826,0.19707317650318146,0.18315789103507996
YGL068W,YAL054C,0,0.1314582,0.0995073914527893,0.19707317650318146,0.18325814604759216
YDR407C,YMR054W,0,0.13131538,0.09945839643478394,0.19707317650318146,0.18335840106010437
YER033C,YNL181W,0,0.1313035,0.09940944612026215,0.19707317650318146,0.18345864117145538
YCR072C,YNL173C,0,0.13125983,0.09936054795980453,0.19707317650318146,0.1835588961839676
YMR118C,YOR262W,0,0.13125385,0.0993117019534111,0.19707317650318146,0.1836591511964798
YPL129W,YNL025C,0,0.13123295,0.09926290065050125,0.19707317650318146,0.1837593913078308
YMR241W,YKL149C,0,0.13113534,0.09921414405107498,0.19707317650318146,0.18385964632034302
YLR447C,YDR018C,0,0.13083671,0.09916543960571289,0.19707317650318146,0.18395990133285522
YER017C,YKL059C,0,0.13080254,0.09911677986383438,0.19707317650318146,0.18406015634536743
YDL082W,YKL020C,0,0.1307489,0.09906817227602005,0.19707317650318146,0.18416039645671844
YPR189W,YDR309C,0,0.13070318,0.0990196093916893,0.19707317650318146,0.18426065146923065
YGL249W,YPL017C,0,0.13059229,0.09897109121084213,0.19707317650318146,0.18436090648174286
YDR054C,YPL085W,0,0.13050939,0.09892262518405914,0.19707317650318146,0.18446114659309387
YCR035C,YLR384C,0,0.13039452,0.09887420386075974,0.19707317650318146,0.18456140160560608
YKL094W,YDR449C,0,0.13038614,0.0988258346915245,0.19707317650318146,0.1846616566181183
YKL175W,YHR085W,0,0.13035926,0.09877750277519226,0.19707317650318146,0.1847619116306305
YLR466W,YGL127C,0,0.13025258,0.09872923046350479,0.19707317650318146,0.1848621517419815
YBR211C,YML012W,0,0.13022491,0.0986809954047203,0.19707317650318146,0.1849624067544937
YER125W,YGR191W,0,0.13021262,0.0986328125,0.19707317650318146,0.18506266176700592
YDR131C,YHR200W,1,0.13017339,0.09907271713018417,0.19804878532886505,0.18506266176700592
YOR393W,YER149C,0,0.1301629,0.09902439266443253,0.19804878532886505,0.18516290187835693
YIL106W,YBL054W,0,0.13014688,0.09897611290216446,0.19804878532886505,0.18526315689086914
YGR077C,YDR463W,0,0.13011864,0.09892787784337997,0.19804878532886505,0.18536341190338135
YPL048W,YLR283W,0,0.13008443,0.09887968748807907,0.19804878532886505,0.18546365201473236
YOL005C,YLR052W,0,0.12983927,0.09883154928684235,0.19804878532886505,0.18556390702724457
YHR006W,YJR112W,0,0.12983863,0.0987834557890892,0.19804878532886505,0.18566416203975677
YNL163C,YKL020C,0,0.12983146,0.09873540699481964,0.19804878532886505,0.18576441705226898
YOL111C,YDL144C,0,0.12981415,0.09868741035461426,0.19804878532886505,0.18586465716362
YKL143W,YDR483W,0,0.12977111,0.09863945841789246,0.19804878532886505,0.1859649121761322
YFR016C,YKL080W,0,0.12974468,0.09859155118465424,0.19804878532886505,0.1860651671886444
YKR019C,YJL141C,0,0.12973061,0.0985436886548996,0.19804878532886505,0.18616540729999542
YMR182C,YNL098C,0,0.12972534,0.09849587827920914,0.19804878532886505,0.18626566231250763
YLR289W,YPR180W,0,0.12959187,0.09844810515642166,0.19804878532886505,0.18636591732501984
YDR179C,YFR003C,0,0.12952144,0.09840038418769836,0.19804878532886505,0.18646617233753204
YOR372C,YDR308C,0,0.12933609,0.09835271537303925,0.19804878532886505,0.18656641244888306
YLR414C,YKL205W,0,0.12926152,0.09830508381128311,0.19804878532886505,0.18666666746139526
YJL041W,YLR026C,0,0.1292278,0.09825750440359116,0.19804878532886505,0.18676692247390747
YMR002W,YNL251C,0,0.1291657,0.09820996969938278,0.19804878532886505,0.18686716258525848
YER143W,YDR080W,0,0.12914388,0.09816247224807739,0.19804878532886505,0.1869674175977707
YIL143C,YKL175W,0,0.12908486,0.09811503440141678,0.19804878532886505,0.1870676726102829
YGL148W,YAL038W,0,0.12897828,0.09806763380765915,0.19804878532886505,0.1871679127216339
YDR137W,YNR035C,0,0.12887898,0.0980202779173851,0.19804878532886505,0.18726816773414612
YGR177C,YPL195W,0,0.12875986,0.09797297418117523,0.19804878532886505,0.18736842274665833
YIL036W,YDR350C,0,0.12875602,0.09792571514844894,0.19804878532886505,0.18746867775917053
YIL017C,YDL008W,1,0.12862389,0.09836065769195557,0.19902439415454865,0.18746867775917053
YBL057C,YDR306C,1,0.1286003,0.09879518300294876,0.20000000298023224,0.18746867775917053
YKL003C,YDR036C,0,0.12845486,0.09874758869409561,0.20000000298023224,0.18756891787052155
YPL001W,YDR109C,0,0.12843949,0.09870004653930664,0.20000000298023224,0.18766917288303375
YOR180C,YER083C,0,0.12841834,0.09865254908800125,0.20000000298023224,0.18776942789554596
YOR008C,YIL132C,0,0.12831259,0.09860509634017944,0.20000000298023224,0.18786966800689697
YLR427W,YDR018C,0,0.12824279,0.09855769574642181,0.20000000298023224,0.18796992301940918
YKL124W,YOR080W,1,0.12824105,0.09899087250232697,0.20097561180591583,0.18796992301940918
YGR161C,YML018C,0,0.1281957,0.0989433228969574,0.20097561180591583,0.1880701780319214
YIL080W,YOR168W,0,0.12814674,0.09889582544565201,0.20097561180591583,0.1881704330444336
YHR205W,YLR151C,0,0.1281097,0.0988483652472496,0.20097561180591583,0.1882706731557846
YNL183C,YJL035C,0,0.12808974,0.09880095720291138,0.20097561180591583,0.18837092816829681
YHR134W,YBR280C,1,0.12792587,0.099232979118824,0.20195122063159943,0.18837092816829681
YLR120C,YOR074C,0,0.12774268,0.09918543696403503,0.20195122063159943,0.18847118318080902
YOR237W,YGR200C,0,0.12765151,0.09913793206214905,0.20195122063159943,0.18857142329216003
YHR143W,YDR527W,0,0.1276064,0.09909047186374664,0.20195122063159943,0.18867167830467224
YER112W,YDR376W,0,0.12746269,0.09904306381940842,0.20195122063159943,0.18877193331718445
YJL164C,YER050C,0,0.12737516,0.09899569302797318,0.20195122063159943,0.18887217342853546
YOR079C,YBL056W,0,0.12730226,0.09894837439060211,0.20195122063159943,0.18897242844104767
YPL133C,YGR020C,0,0.12727417,0.09890110045671463,0.20195122063159943,0.18907268345355988
YBR185C,YDL225W,0,0.12723927,0.09885387122631073,0.20195122063159943,0.18917293846607208
YHL019C,YLR058C,0,0.12719542,0.09880667924880981,0.20195122063159943,0.1892731785774231
YBR129C,YPR137W,0,0.12703334,0.09875953942537308,0.20195122063159943,0.1893734335899353
YBL051C,YER087W,0,0.12696499,0.09871244430541992,0.20195122063159943,0.1894736886024475
YNR053C,YER005W,0,0.1269319,0.09866539388895035,0.20195122063159943,0.18957392871379852
YPR149W,YPR070W,0,0.12680441,0.09861838817596436,0.20195122063159943,0.18967418372631073
YML061C,YOL062C,0,0.12677477,0.09857142716646194,0.20195122063159943,0.18977443873882294
YDR166C,YJL173C,0,0.1267335,0.09852451086044312,0.20195122063159943,0.18987469375133514
YDL211C,YCL050C,0,0.12662204,0.09847763925790787,0.20195122063159943,0.18997493386268616
YOR004W,YCR037C,0,0.12658474,0.0984308123588562,0.20195122063159943,0.19007518887519836
YHR134W,YGL094C,1,0.12656352,0.09885931760072708,0.20292682945728302,0.19007518887519836
YBR005W,YFR034C,0,0.12651858,0.09881234914064407,0.20292682945728302,0.19017544388771057
YPR132W,YMR183C,0,0.12650585,0.09876543283462524,0.20292682945728302,0.19027568399906158
YGL011C,YLR421C,1,0.12644374,0.09919316321611404,0.2039024382829666,0.19027568399906158
YKL085W,YPL089C,0,0.12638967,0.09914611279964447,0.2039024382829666,0.1903759390115738
YMR298W,YDR131C,0,0.12636355,0.09909909963607788,0.2039024382829666,0.190476194024086
YIL005W,YFL025C,1,0.12632589,0.0995260700583458,0.2048780471086502,0.190476194024086
YMR194W,YGR185C,0,0.12620866,0.09947892278432846,0.2048780471086502,0.190576434135437
YKL205W,YLR024C,0,0.12614846,0.09943182021379471,0.2048780471086502,0.19067668914794922
YER081W,YHR041C,0,0.12610543,0.09938476234674454,0.2048780471086502,0.19077694416046143
YLR181C,YHR119W,0,0.12605654,0.09933774918317795,0.2048780471086502,0.19087719917297363
YDR283C,YDR056C,0,0.12594528,0.09929078072309494,0.2048780471086502,0.19097743928432465
YBR043C,YPL056C,0,0.12590288,0.09924385696649551,0.2048780471086502,0.19107769429683685
YBR026C,YDR239C,0,0.12578028,0.09919697791337967,0.2048780471086502,0.19117794930934906
YEL037C,YMR139W,0,0.12576957,0.0991501435637474,0.2048780471086502,0.19127818942070007
YIL013C,YLR093C,0,0.12574995,0.09910335391759872,0.2048780471086502,0.19137844443321228
YDR207C,YDL140C,0,0.12574822,0.09905660152435303,0.2048780471086502,0.1914786994457245
YGL076C,YGR193C,0,0.1257408,0.09900990128517151,0.2048780471086502,0.1915789544582367
YGL090W,YDR044W,0,0.12564218,0.09896324574947357,0.2048780471086502,0.1916791945695877
YOR347C,YBR048W,0,0.12540415,0.09891662746667862,0.2048780471086502,0.19177944958209991
YHR082C,YDR418W,0,0.12534054,0.09887005388736725,0.2048780471086502,0.19187970459461212
YJL034W,YKL054C,1,0.12531787,0.09929411858320236,0.2058536559343338,0.19187970459461212
YBR188C,YGR238C,0,0.12526801,0.09924741089344025,0.2058536559343338,0.19197994470596313
YPL168W,YOL093W,0,0.12517247,0.09920075535774231,0.2058536559343338,0.19208019971847534
YOL019W,YKR062W,0,0.1251154,0.09915413707494736,0.2058536559343338,0.19218045473098755
YDR468C,YNR017W,0,0.12509836,0.09910756349563599,0.2058536559343338,0.19228069484233856
YDR117C,YNL163C,0,0.12508689,0.0990610346198082,0.2058536559343338,0.19238094985485077
YKL190W,YAL021C,0,0.12501535,0.09901455044746399,0.2058536559343338,0.19248120486736298
YDR388W,YBR121C,0,0.1247497,0.09896810352802277,0.2058536559343338,0.19258145987987518
YER144C,YDR059C,1,0.124716826,0.09939052909612656,0.2068292647600174,0.19258145987987518
YMR272C,YLR321C,0,0.124686874,0.09934395551681519,0.2068292647600174,0.1926816999912262
YPR103W,YMR214W,1,0.12443445,0.09976580739021301,0.207804873585701,0.1926816999912262
YOR243C,YOR353C,0,0.124237396,0.0997190997004509,0.207804873585701,0.1927819550037384
YNL238W,YJL012C,0,0.1241928,0.09967243671417236,0.207804873585701,0.1928822100162506
YBL041W,YLR417W,1,0.12417848,0.1000935435295105,0.20878048241138458,0.1928822100162506
YIL113W,YDR501W,0,0.12417466,0.10004675388336182,0.20878048241138458,0.19298245012760162
YLL009C,YDL138W,0,0.12391961,0.10000000149011612,0.20878048241138458,0.19308270514011383
YFL029C,YDR244W,0,0.123895384,0.099953293800354,0.20878048241138458,0.19318296015262604
YBR211C,YGR171C,0,0.123820625,0.09990663081407547,0.20878048241138458,0.19328321516513824
YGL094C,YLR224W,1,0.123784,0.10032664239406586,0.20975609123706818,0.19328321516513824
YLR181C,YDR284C,0,0.12368635,0.10027985274791718,0.20975609123706818,0.19338345527648926
YDR359C,YBR276C,0,0.12368176,0.10023310035467148,0.20975609123706818,0.19348371028900146
YML043C,YOR388C,0,0.123473965,0.10018639266490936,0.20975609123706818,0.19358396530151367
YLR121C,YNL259C,0,0.12345696,0.10013972967863083,0.20975609123706818,0.19368420541286469
YNL161W,YER171W,0,0.123427846,0.10009311139583588,0.20975609123706818,0.1937844604253769
YAL013W,YER120W,0,0.12342175,0.10004653036594391,0.20975609123706818,0.1938847154378891
YER070W,YHR017W,0,0.12339667,0.10000000149011612,0.20975609123706818,0.1939849555492401
YOR230W,YER081W,0,0.12324933,0.09995350986719131,0.20975609123706818,0.19408521056175232
YJR049C,YPL013C,0,0.12324933,0.09990706294775009,0.20975609123706818,0.19418546557426453
YJR149W,YNL298W,0,0.12312626,0.09986066073179245,0.20975609123706818,0.19428572058677673
YMR130W,YCR020C,0,0.12306655,0.09981429576873779,0.20975609123706818,0.19438596069812775
YER147C,YOR211C,0,0.12293037,0.09976798295974731,0.20975609123706818,0.19448621571063995
YML021C,YEL021W,0,0.12267376,0.09972170740365982,0.20975609123706818,0.19458647072315216
YPL096W,YBR280C,1,0.12265951,0.1001390814781189,0.21073170006275177,0.19458647072315216
YDR201W,YDR284C,0,0.1224665,0.10009267926216125,0.21073170006275177,0.19468671083450317
YFR005C,YLR417W,1,0.122416325,0.10050949454307556,0.21170732378959656,0.19468671083450317
YPL183W-A,YOR267C,0,0.12240643,0.10046296566724777,0.21170732378959656,0.19478696584701538
YHR194W,YIR039C,0,0.1223867,0.10041647404432297,0.21170732378959656,0.1948872208595276
YPL148C,YOL067C,0,0.12237237,0.10037002712488174,0.21170732378959656,0.1949874758720398
YKL015W,YGR027C,0,0.122319974,0.1003236249089241,0.21170732378959656,0.1950877159833908
YNL238W,YBR257W,0,0.12231944,0.10027726739645004,0.21170732378959656,0.19518797099590302
YJL155C,YGR099W,0,0.12224815,0.10023094713687897,0.21170732378959656,0.19528822600841522
YER150W,YKR035W-A,0,0.12218887,0.10018467158079147,0.21170732378959656,0.19538846611976624
YGR223C,YCL069W,0,0.12217007,0.10013844072818756,0.21170732378959656,0.19548872113227844
YPL119C,YJL012C,0,0.12204818,0.10009225457906723,0.21170732378959656,0.19558897614479065
YLR102C,YDR086C,1,0.12194321,0.10050714761018753,0.21268293261528015,0.19558897614479065
YIL132C,YDR231C,0,0.12191718,0.10046082735061646,0.21268293261528015,0.19568921625614166
YJL174W,YDL039C,0,0.12186513,0.10041455179452896,0.21268293261528015,0.19578947126865387
YKL081W,YHR020W,0,0.12174865,0.10036832094192505,0.21268293261528015,0.19588972628116608
YGL107C,YDR456W,0,0.12172937,0.10032213479280472,0.21268293261528015,0.19598998129367828
YGR175C,YHR013C,0,0.12149527,0.10027598589658737,0.21268293261528015,0.1960902214050293
YFR050C,YLL036C,1,0.12138606,0.10068965703248978,0.21365854144096375,0.1960902214050293
YDL056W,YHR113W,0,0.12137044,0.10064338147640228,0.21365854144096375,0.1961904764175415
YJL171C,YJL087C,0,0.121282555,0.10059715062379837,0.21365854144096375,0.1962907314300537
YHR082C,YBR045C,0,0.12081961,0.10055096447467804,0.21365854144096375,0.19639097154140472
YMR099C,YKR020W,0,0.12078001,0.1005048155784607,0.21365854144096375,0.19649122655391693
YOR014W,YEL017C-A,0,0.12071852,0.10045871883630753,0.21365854144096375,0.19659148156642914
YDR131C,YOL007C,0,0.120718084,0.10041265189647675,0.21365854144096375,0.19669173657894135
YGL225W,YGR037C,0,0.12064719,0.10036663711071014,0.21365854144096375,0.19679197669029236
YOR259C,YLR228C,0,0.12037701,0.10032065957784653,0.21365854144096375,0.19689223170280457
YOR279C,YOR025W,0,0.12036981,0.10027472674846649,0.21365854144096375,0.19699248671531677
YER151C,YNR032C-A,1,0.12029329,0.10068649798631668,0.21463415026664734,0.19699248671531677
YKL069W,YJL121C,0,0.12025135,0.1006404384970665,0.21463415026664734,0.19709272682666779
YBR129C,YOR001W,0,0.12025073,0.1005944237112999,0.21463415026664734,0.19719298183918
YFR024C-A,YML081W,0,0.12006644,0.10054844617843628,0.21463415026664734,0.1972932368516922
YDR234W,YDR332W,0,0.1198279,0.10050251334905624,0.21463415026664734,0.1973934769630432
YPR175W,YBR010W,0,0.11980561,0.1004566177725792,0.21463415026664734,0.19749373197555542
YNL172W,YDL091C,1,0.1197415,0.10086718201637268,0.21560975909233093,0.19749373197555542
YLR237W,YGR167W,0,0.11966091,0.10082116723060608,0.21560975909233093,0.19759398698806763
YMR311C,YDR090C,0,0.11959145,0.10077519714832306,0.21560975909233093,0.19769424200057983
YDR372C,YGR181W,0,0.11959013,0.10072926431894302,0.21560975909233093,0.19779448211193085
YPL262W,YMR039C,0,0.11958023,0.10068336874246597,0.21560975909233093,0.19789473712444305
YGR194C,YNL318C,0,0.11957166,0.1006375253200531,0.21560975909233093,0.19799499213695526
YPL137C,YGR283C,0,0.11952436,0.10059171915054321,0.21560975909233093,0.19809523224830627
YDL113C,YLR054C,0,0.11950291,0.10054595023393631,0.21560975909233093,0.19819548726081848
YPL096W,YML013W,1,0.119482614,0.10095497965812683,0.21658536791801453,0.19819548726081848
YIL171W,YNL238W,0,0.119446486,0.10090909153223038,0.21658536791801453,0.1982957422733307
YKL212W,YCL059C,0,0.11942172,0.10086324065923691,0.21658536791801453,0.1983959972858429
YPL038W,YOL051W,0,0.119417995,0.10081744194030762,0.21658536791801453,0.1984962373971939
YIL005W,YMR145C,0,0.11939026,0.10077167302370071,0.21658536791801453,0.19859649240970612
YBR296C,YPL028W,0,0.11937648,0.10072595626115799,0.21658536791801453,0.19869674742221832
YCL039W,YPL144W,0,0.11929373,0.10068026930093765,0.21658536791801453,0.19879698753356934
YGL026C,YLR068W,0,0.11921389,0.1006346344947815,0.21658536791801453,0.19889724254608154
YDR364C,YGR044C,0,0.11918921,0.10058903694152832,0.21658536791801453,0.19899749755859375
YLR098C,YNL217W,0,0.11918581,0.10054347664117813,0.21658536791801453,0.19909773766994476
YIL148W,YLR165C,0,0.11914522,0.10049796104431152,0.21658536791801453,0.19919799268245697
YDL175C,YNL092W,0,0.11908697,0.1004524901509285,0.21658536791801453,0.19929824769496918
YDL136W,YPL004C,0,0.1189451,0.10040705651044846,0.21658536791801453,0.19939850270748138
YGR122W,YAL059W,0,0.11892005,0.1003616601228714,0.21658536791801453,0.1994987428188324
YHR080C,YNL180C,0,0.11865245,0.10031631588935852,0.21658536791801453,0.1995989978313446
YIL030C,YLR024C,1,0.11853671,0.10072267055511475,0.21756097674369812,0.1995989978313446
YNL325C,YAR019C,0,0.118496865,0.10067719966173172,0.21756097674369812,0.1996992528438568
YDR499W,YNL287W,0,0.118489675,0.10063176602125168,0.21756097674369812,0.19979949295520782
YHL028W,YMR089C,0,0.11845649,0.10058637708425522,0.21756097674369812,0.19989974796772003
YLR371W,YOR357C,0,0.11836951,0.10054102540016174,0.21756097674369812,0.20000000298023224
YMR204C,YOR262W,0,0.11834165,0.10049571841955185,0.21756097674369812,0.20010025799274445
YDR530C,YHR154W,0,0.11827954,0.10045044869184494,0.21756097674369812,0.20020049810409546
YER029C,YDL102W,0,0.11820416,0.10040522366762161,0.21756097674369812,0.20030075311660767
YNL181W,YJL187C,0,0.11809592,0.10036003589630127,0.21756097674369812,0.20040100812911987
YEL065W,YOL003C,0,0.118092604,0.10031489282846451,0.21756097674369812,0.2005012482404709
YBR271W,YDR003W,0,0.11808846,0.10026978701353073,0.21756097674369812,0.2006015032529831
YKR027W,YLR260W,0,0.118056275,0.10022471845149994,0.21756097674369812,0.2007017582654953
YIL075C,YMR067C,1,0.11791018,0.10062892735004425,0.2185365855693817,0.2007017582654953
YIR014W,YOR353C,0,0.11785733,0.1005837470293045,0.2185365855693817,0.2008019983768463
YHR029C,YOR292C,0,0.11784979,0.10053859651088715,0.2185365855693817,0.20090225338935852
YHR201C,YER071C,0,0.11782747,0.10049349814653397,0.2185365855693817,0.20100250840187073
YDR306C,YDR014W,0,0.117791705,0.10044842958450317,0.2185365855693817,0.20110276341438293
YOR189W,YDL082W,0,0.11757151,0.10040340572595596,0.2185365855693817,0.20120300352573395
YDR328C,YIL139C,0,0.11741359,0.10035842657089233,0.2185365855693817,0.20130325853824615
YLR147C,YJL059W,0,0.117381044,0.10031347721815109,0.2185365855693817,0.20140351355075836
YDR482C,YBL034C,0,0.117050566,0.10026858001947403,0.2185365855693817,0.20150375366210938
YER055C,YOR084W,0,0.11704073,0.10022371262311935,0.2185365855693817,0.20160400867462158
YKL048C,YDR263C,0,0.116910726,0.10017888993024826,0.2185365855693817,0.2017042636871338
YOR269W,YNL101W,0,0.11688624,0.10013410449028015,0.2185365855693817,0.201804518699646
YAL054C,YDR479C,0,0.11686968,0.10008936375379562,0.2185365855693817,0.201904758810997
YGL111W,YKL141W,0,0.11673001,0.10004466027021408,0.2185365855693817,0.20200501382350922
YHR181W,YOL029C,0,0.116685726,0.10000000149011612,0.2185365855693817,0.20210526883602142
YOR355W,YLR314C,0,0.116659574,0.09995537996292114,0.2185365855693817,0.20220550894737244
YPL091W,YDR422C,0,0.11646037,0.09991079568862915,0.2185365855693817,0.20230576395988464
YNL214W,YLR440C,0,0.116304375,0.09986624866724014,0.2185365855693817,0.20240601897239685
YNL078W,YAL029C,0,0.11627094,0.09982174634933472,0.2185365855693817,0.20250625908374786
YDR359C,YOL084W,0,0.116161235,0.09977728128433228,0.2185365855693817,0.20260651409626007
YMR136W,YLR426W,0,0.11603665,0.09973286092281342,0.2185365855693817,0.20270676910877228
YIL115C,YBR189W,0,0.11602528,0.09968847036361694,0.2185365855693817,0.20280702412128448
YDR219C,YJL073W,1,0.115915366,0.10008896887302399,0.2195121943950653,0.20280702412128448
YMR304W,YDL122W,1,0.11587725,0.10048910975456238,0.2204878032207489,0.20280702412128448
YLR006C,YFR032C-A,0,0.115794025,0.10044444352388382,0.2204878032207489,0.2029072642326355
YLR238W,YNL153C,0,0.11577093,0.10039982199668884,0.2204878032207489,0.2030075192451477
YMR262W,YKL161C,0,0.11573782,0.10035523772239685,0.2204878032207489,0.2031077742576599
YGL213C,YLR067C,0,0.115662105,0.10031069815158844,0.2204878032207489,0.20320801436901093
YJL103C,YLR348C,0,0.115557514,0.10026619583368301,0.2204878032207489,0.20330826938152313
YJR104C,YOL139C,0,0.1155572,0.10022173076868057,0.2204878032207489,0.20340852439403534
YKR061W,YMR303C,0,0.11545858,0.10017730295658112,0.2204878032207489,0.20350876450538635
YOR310C,YBL075C,0,0.11540926,0.10013291984796524,0.2204878032207489,0.20360901951789856
YDR292C,YPL147W,0,0.11539591,0.10008857399225235,0.2204878032207489,0.20370927453041077
YOL133W,YOR339C,1,0.11538154,0.10048694163560867,0.2214634120464325,0.20370927453041077
YKL085W,YER171W,0,0.115378864,0.10044247657060623,0.2214634120464325,0.20380952954292297
YKR094C,YAR019C,0,0.115308516,0.10039805620908737,0.2214634120464325,0.203909769654274
YEL056W,YOR074C,0,0.11519175,0.1003536656498909,0.2214634120464325,0.2040100246667862
YDR007W,YHR035W,0,0.11514754,0.1003093272447586,0.2214634120464325,0.2041102796792984
YPR005C,YPL169C,0,0.11511989,0.1002650186419487,0.2214634120464325,0.20421051979064941
YDR438W,YHR041C,0,0.115017705,0.10022074729204178,0.2214634120464325,0.20431077480316162
YKL124W,YDR041W,0,0.115016736,0.10017652064561844,0.2214634120464325,0.20441102981567383
YJR053W,YNL194C,0,0.114964254,0.10013233125209808,0.2214634120464325,0.20451128482818604
YAL038W,YDL045W-A,0,0.1149293,0.10008818656206131,0.2214634120464325,0.20461152493953705
YLR441C,YJL066C,0,0.11487032,0.10004407167434692,0.2214634120464325,0.20471177995204926
YGR095C,YPR057W,0,0.11486607,0.10000000149011612,0.2214634120464325,0.20481203496456146
YDR022C,YOL084W,0,0.114797674,0.0999559685587883,0.2214634120464325,0.20491227507591248
YDR260C,YGL227W,1,0.11467446,0.10035211592912674,0.2224390208721161,0.20491227507591248
YDR110W,YJR121W,0,0.11466419,0.10030796378850937,0.2224390208721161,0.20501253008842468
YFL026W,YOR377W,0,0.11458851,0.10026384890079498,0.2224390208721161,0.2051127851009369
YCR026C,YLR425W,0,0.1143885,0.10021977871656418,0.2224390208721161,0.2052130252122879
YNL085W,YJR022W,0,0.11432768,0.10017574578523636,0.2224390208721161,0.2053132802248001
YDL098C,YLR305C,0,0.11427295,0.10013175010681152,0.2224390208721161,0.20541353523731232
YHR036W,YMR215W,0,0.11390526,0.10008779913187027,0.2224390208721161,0.20551379024982452
YJL073W,YBR201W,1,0.11389205,0.10048266500234604,0.22341462969779968,0.20551379024982452
YJL056C,YDR470C,0,0.113889895,0.10043859481811523,0.22341462969779968,0.20561403036117554
YFL004W,YIL170W,0,0.113805346,0.10039456188678741,0.22341462969779968,0.20571428537368774
YOR266W,YLL053C,0,0.113746874,0.10035056620836258,0.22341462969779968,0.20581454038619995
YER038C,YJL200C,0,0.11369594,0.10030661523342133,0.22341462969779968,0.20591478049755096
YLR292C,YKR077W,0,0.11363449,0.10026269406080246,0.22341462969779968,0.20601503551006317
YER070W,YDR301W,0,0.113612026,0.10021881759166718,0.22341462969779968,0.20611529052257538
YML133C,YLR219W,0,0.11359501,0.10017497837543488,0.22341462969779968,0.20621554553508759
YBR208C,YFL023W,0,0.113587104,0.10013117641210556,0.22341462969779968,0.2063157856464386
YLR352W,YNL186W,1,0.11357538,0.10052447766065598,0.22439023852348328,0.2063157856464386
YML086C,YCR093W,0,0.113434255,0.10048055648803711,0.22439023852348328,0.2064160406589508
YCR096C,YDR528W,0,0.11342042,0.10043668001890182,0.22439023852348328,0.206516295671463
YPL196W,YAR007C,0,0.113359235,0.10039284080266953,0.22439023852348328,0.20661653578281403
YMR275C,YLL003W,0,0.11333177,0.10034903883934021,0.22439023852348328,0.20671679079532623
YER089C,YOR292C,0,0.11321044,0.10030527412891388,0.22439023852348328,0.20681704580783844
YIL017C,YLL036C,1,0.1131999,0.10069747269153595,0.22536584734916687,0.20681704580783844
YAL063C,YGL243W,0,0.11319763,0.10065359622240067,0.22536584734916687,0.20691728591918945
YJL144W,YLR373C,0,0.11316166,0.10060975700616837,0.22536584734916687,0.20701754093170166
YLR433C,YHR033W,0,0.11311135,0.10056595504283905,0.22536584734916687,0.20711779594421387
YOL032W,YDR039C,0,0.1130762,0.10052219033241272,0.22536584734916687,0.20721805095672607
YPL155C,YMR232W,0,0.113039024,0.10047847032546997,0.22536584734916687,0.2073182910680771
YDR350C,YBR164C,0,0.11301776,0.10043478012084961,0.22536584734916687,0.2074185460805893
YBL067C,YKR087C,1,0.11290463,0.1008257269859314,0.22634145617485046,0.2074185460805893
YOL059W,YLR068W,0,0.11260823,0.10078193247318268,0.22634145617485046,0.2075188010931015
YGR105W,YHR085W,0,0.11259426,0.10073816776275635,0.22634145617485046,0.20761904120445251
YFL056C,YNR003C,0,0.112483434,0.1006944477558136,0.22634145617485046,0.20771929621696472
YCR107W,YLR390W,0,0.11247716,0.10065075755119324,0.22634145617485046,0.20781955122947693
YNR045W,YGL006W,0,0.11236819,0.10060711205005646,0.22634145617485046,0.20791980624198914
YBR273C,YDR394W,1,0.112323694,0.1009969636797905,0.22731707990169525,0.20791980624198914
YJL167W,YPR178W,0,0.11229951,0.10095320641994476,0.22731707990169525,0.20802004635334015
YOR057W,YCL052C,1,0.112261824,0.10134257376194,0.22829268872737885,0.20802004635334015
YML080W,YBR185C,0,0.11221545,0.10129870474338531,0.22829268872737885,0.20812030136585236
YLR010C,YLR321C,0,0.11221523,0.10125486552715302,0.22829268872737885,0.20822055637836456
YNL282W,YBR145W,0,0.11193476,0.1012110710144043,0.22829268872737885,0.20832079648971558
YNL286W,YPL224C,0,0.11192822,0.10116731375455856,0.22829268872737885,0.20842105150222778
YMR318C,YML092C,0,0.1118475,0.10112359374761581,0.22829268872737885,0.20852130651474
YER051W,YDR009W,0,0.11179801,0.10107991099357605,0.22829268872737885,0.208621546626091
YIL039W,YML124C,0,0.11179087,0.10103627294301987,0.22829268872737885,0.2087218016386032
YJR130C,YML011C,0,0.111761644,0.10099266469478607,0.22829268872737885,0.20882205665111542
YPR159W,YJR070C,0,0.111618385,0.10094909369945526,0.22829268872737885,0.20892231166362762
YOR249C,YKR101W,0,0.11159588,0.10090555995702744,0.22829268872737885,0.20902255177497864
YHR194W,YLR067C,0,0.11151528,0.10086207091808319,0.22829268872737885,0.20912280678749084
YGR032W,YPR122W,0,0.11143363,0.10081861168146133,0.22829268872737885,0.20922306180000305
YAL041W,YOR078W,0,0.11129716,0.10077519714832306,0.22829268872737885,0.20932330191135406
YDR205W,YFR006W,0,0.11123157,0.10073181241750717,0.22829268872737885,0.20942355692386627
YGR008C,YOR074C,0,0.11105492,0.10068846493959427,0.22829268872737885,0.20952381193637848
YGR281W,YKR102W,0,0.11099193,0.10064516216516495,0.22829268872737885,0.20962406694889069
YPL010W,YLR207W,0,0.11095319,0.10060188919305801,0.22829268872737885,0.2097243070602417
YER159C,YPL223C,0,0.110902056,0.10055866092443466,0.22829268872737885,0.2098245620727539
YKL130C,YGL014W,0,0.110886134,0.1005154624581337,0.22829268872737885,0.2099248170852661
YPR155C,YJL106W,0,0.1108842,0.10047230869531631,0.22829268872737885,0.21002505719661713
YMR204C,YFR027W,0,0.11076672,0.10042918473482132,0.22829268872737885,0.21012531220912933
YOR290C,YHR033W,0,0.11071197,0.10038609802722931,0.22829268872737885,0.21022556722164154
YHL025W,YNL182C,0,0.110705994,0.10034305602312088,0.22829268872737885,0.21032580733299255
YLR127C,YDL143W,0,0.110668615,0.10030004382133484,0.22829268872737885,0.21042606234550476
YJR051W,YJR076C,0,0.11064104,0.10025706887245178,0.22829268872737885,0.21052631735801697
YDR022C,YBL057C,0,0.11059404,0.10021413117647171,0.22829268872737885,0.21062657237052917
YMR241W,YIL135C,0,0.11042329,0.10017123073339462,0.22829268872737885,0.2107268124818802
YPR168W,YBR041W,0,0.110359155,0.10012836754322052,0.22829268872737885,0.2108270674943924
YKR019C,YEL064C,0,0.11028392,0.1000855416059494,0.22829268872737885,0.2109273225069046
YPL257W-B,YLR186W,0,0.11012739,0.10004275292158127,0.22829268872737885,0.21102756261825562
YPL011C,YIL068C,0,0.11010279,0.10000000149011612,0.22829268872737885,0.21112781763076782
YLR004C,YOR038C,0,0.11009306,0.09995727986097336,0.22829268872737885,0.21122807264328003
YGR003W,YKR104W,0,0.10993112,0.09991460293531418,0.22829268872737885,0.21132832765579224
YPR071W,YLR427W,0,0.109908484,0.09987195581197739,0.22829268872737885,0.21142856776714325
YFL049W,YCL044C,1,0.10983592,0.10025597363710403,0.22926829755306244,0.21142856776714325
YAL029C,YIL051C,0,0.109708674,0.10021322220563889,0.22926829755306244,0.21152882277965546
YJR055W,YOR219C,0,0.109693505,0.10017050057649612,0.22926829755306244,0.21162907779216766
YKL192C,YDR054C,0,0.109691076,0.10012782365083694,0.22926829755306244,0.21172931790351868
YGR135W,YHR111W,1,0.109616764,0.10051107406616211,0.23024390637874603,0.21172931790351868
YPL174C,YBL082C,0,0.10955701,0.10046828538179398,0.23024390637874603,0.21182957291603088
YDR007W,YBL011W,0,0.109526396,0.10042553395032883,0.23024390637874603,0.2119298279285431
YOR332W,YNL240C,0,0.109464146,0.10038281232118607,0.23024390637874603,0.2120300680398941
YHL035C,YMR059W,0,0.109283365,0.10034013539552689,0.23024390637874603,0.2121303230524063
YMR168C,YGR208W,0,0.109227814,0.10029749572277069,0.23024390637874603,0.21223057806491852
YOR011W,YCR002C,0,0.10921151,0.10025488585233688,0.23024390637874603,0.21233083307743073
YCL039W,YKL002W,1,0.10916122,0.10063694417476654,0.23121951520442963,0.21233083307743073
YDR375C,YIR005W,0,0.10907959,0.10059422999620438,0.23121951520442963,0.21243107318878174
YML125C,YIR011C,0,0.109073915,0.1005515456199646,0.23121951520442963,0.21253132820129395
YPR189W,YGR169C,0,0.108812325,0.1005089059472084,0.23121951520442963,0.21263158321380615
YDR511W,YPL028W,0,0.1086741,0.1004662960767746,0.23121951520442963,0.21273182332515717
YLR419W,YDR479C,0,0.108510144,0.10042373090982437,0.23121951520442963,0.21283207833766937
YLR074C,YHL034C,0,0.10843207,0.10038119554519653,0.23121951520442963,0.21293233335018158
YAR042W,YGL144C,0,0.10820762,0.10033869743347168,0.23121951520442963,0.2130325883626938
YDR465C,YHR096C,0,0.10808358,0.10029623657464981,0.23121951520442963,0.2131328284740448
YGL049C,YKR101W,0,0.10806737,0.10025380551815033,0.23121951520442963,0.213233083486557
YOL158C,YKL063C,0,0.10799397,0.10021141916513443,0.23121951520442963,0.2133333384990692
YDR312W,YNL007C,0,0.10796616,0.10016906261444092,0.23121951520442963,0.21343357861042023
YPL011C,YLR373C,0,0.10770389,0.10012674331665039,0.23121951520442963,0.21353383362293243
YER143W,YHR201C,0,0.107602395,0.10008446127176285,0.23121951520442963,0.21363408863544464
YDR022C,YOL042W,0,0.10732965,0.10004220902919769,0.23121951520442963,0.21373432874679565
YOR249C,YBL091C,0,0.10726533,0.10000000149011612,0.23121951520442963,0.21383458375930786
YHR056C,YOR206W,0,0.1072584,0.09995782375335693,0.23121951520442963,0.21393483877182007
YPL072W,YFR005C,1,0.10723282,0.10033726692199707,0.23219512403011322,0.21393483877182007
YDR122W,YDL143W,0,0.10707282,0.10029498487710953,0.23219512403011322,0.21403509378433228
YOR189W,YBL005W,0,0.10706279,0.10025274008512497,0.23219512403011322,0.2141353338956833
YML063W,YKL043W,0,0.107039414,0.1002105250954628,0.23219512403011322,0.2142355889081955
YDR129C,YGR162W,0,0.106857635,0.10016834735870361,0.23219512403011322,0.2143358439207077
YGR061C,YLR151C,0,0.10678028,0.10012620687484741,0.23219512403011322,0.21443608403205872
YKR008W,YJR059W,0,0.106732525,0.1000841036438942,0.23219512403011322,0.21453633904457092
YDL200C,YLR078C,0,0.10634256,0.10004203766584396,0.23219512403011322,0.21463659405708313
YPR017C,YBR146W,0,0.10630556,0.10000000149011612,0.23219512403011322,0.21473684906959534
YER154W,YKR020W,0,0.10613587,0.09995800256729126,0.23219512403011322,0.21483708918094635
YBR129C,YGR112W,0,0.1061067,0.09991603344678879,0.23219512403011322,0.21493734419345856
YBL085W,YDR254W,0,0.10610033,0.0998741090297699,0.23219512403011322,0.21503759920597076
YPL063W,YBR045C,0,0.10602703,0.0998322144150734,0.23219512403011322,0.21513783931732178
YKL041W,YOL133W,1,0.10599285,0.10020964592695236,0.23317073285579681,0.21513783931732178
YLR356W,YDR501W,0,0.10597693,0.1001676470041275,0.23317073285579681,0.21523809432983398
YBL060W,YPR119W,0,0.10595093,0.10012567788362503,0.23317073285579681,0.2153383493423462
YMR264W,YPR181C,1,0.10593704,0.10050251334905624,0.2341463416814804,0.2153383493423462
YNL194C,YCR093W,0,0.10590019,0.10046044737100601,0.2341463416814804,0.2154385894536972
YDL129W,YER153C,0,0.10584549,0.10041841119527817,0.2341463416814804,0.2155388444662094
YLR246W,YBR054W,0,0.1057704,0.10037641227245331,0.2341463416814804,0.21563909947872162
YDL082W,YOR059C,0,0.10572467,0.10033445060253143,0.2341463416814804,0.21573935449123383
YMR318C,YCL027W,0,0.1056486,0.10029251873493195,0.2341463416814804,0.21583959460258484
YNL172W,YKL124W,1,0.10559401,0.10066834092140198,0.235121950507164,0.21583959460258484
YER154W,YBR084W,0,0.10559321,0.10062630474567413,0.235121950507164,0.21593984961509705
YDR207C,YGR014W,0,0.105502374,0.10058430582284927,0.235121950507164,0.21604010462760925
YOL071W,YCL025C,0,0.10545956,0.1005423441529274,0.235121950507164,0.21614034473896027
YJL073W,YGL076C,0,0.10541616,0.10050041973590851,0.235121950507164,0.21624059975147247
YER137C-A,YLR183C,0,0.10527871,0.100458525121212,0.235121950507164,0.21634085476398468
YFL009W,YBR170C,1,0.105123945,0.10083333402872086,0.2360975593328476,0.21634085476398468
YDL164C,YKR061W,0,0.105069496,0.100791335105896,0.2360975593328476,0.2164411097764969
YBR296C,YNL236W,0,0.10505343,0.10074937343597412,0.2360975593328476,0.2165413498878479
YKR097W,YDR160W,0,0.10499551,0.10070744901895523,0.2360975593328476,0.2166416049003601
YKR064W,YLR220W,0,0.10474211,0.10066555440425873,0.2360975593328476,0.21674185991287231
YAL011W,YPR166C,0,0.104712285,0.10062369704246521,0.2360975593328476,0.21684210002422333
YDL246C,YOR192C-B,0,0.104633324,0.10058187693357468,0.2360975593328476,0.21694235503673553
YPL167C,YPL068C,0,0.10459255,0.10054009407758713,0.2360975593328476,0.21704261004924774
YDR400W,YNL159C,1,0.10452137,0.1009136214852333,0.2370731681585312,0.21704261004924774
YDR054C,YMR067C,1,0.104489826,0.10128684341907501,0.23804877698421478,0.21704261004924774
YNR071C,YMR210W,0,0.10447135,0.10124481469392776,0.23804877698421478,0.21714285016059875
YDR092W,YJR131W,1,0.10439774,0.10161758959293365,0.23902438580989838,0.21714285016059875
YPR198W,YHR028C,0,0.104367934,0.10157545655965805,0.23902438580989838,0.21724310517311096
YBR295W,YOR359W,0,0.10427554,0.10153336077928543,0.23902438580989838,0.21734336018562317
YKR002W,YGR002C,0,0.10411637,0.1014913022518158,0.23902438580989838,0.21744361519813538
YOR167C,YKL109W,0,0.10407398,0.10144927352666855,0.23902438580989838,0.2175438553094864
YOR193W,YEL018W,0,0.103992,0.10140728205442429,0.23902438580989838,0.2176441103219986
YGR162W,YCL061C,0,0.10388092,0.10136532783508301,0.23902438580989838,0.2177443653345108
YDL105W,YOL018C,0,0.1038673,0.10132341086864471,0.23902438580989838,0.21784460544586182
YOR349W,YBR260C,0,0.10385712,0.10128152370452881,0.23902438580989838,0.21794486045837402
YBR156C,YHR047C,0,0.10381954,0.10123966634273529,0.23902438580989838,0.21804511547088623
YPR001W,YGL093W,0,0.1036249,0.10119785368442535,0.23902438580989838,0.21814537048339844
YOR317W,YPL180W,0,0.10359935,0.1011560708284378,0.23902438580989838,0.21824561059474945
YLR284C,YNR055C,0,0.10358278,0.10111431777477264,0.23902438580989838,0.21834586560726166
YOR084W,YKL149C,0,0.10348804,0.10107260942459106,0.23902438580989838,0.21844612061977386
YLR248W,YHL015W,0,0.103460856,0.10103093087673187,0.23902438580989838,0.21854636073112488
YJL101C,YJL001W,0,0.10327221,0.10098928213119507,0.23902438580989838,0.21864661574363708
YNL149C,YML063W,0,0.103237055,0.10094767063856125,0.23902438580989838,0.2187468707561493
YKL212W,YDR144C,0,0.10313181,0.10090609639883041,0.23902438580989838,0.2188471108675003
YMR086W,YDL198C,0,0.103103735,0.10086455196142197,0.23902438580989838,0.2189473658800125
YNL080C,YBL017C,0,0.10307846,0.1008230447769165,0.23902438580989838,0.21904762089252472
YNL107W,YGR017W,0,0.10303487,0.10078157484531403,0.23902438580989838,0.21914787590503693
YHR143W,YNL236W,0,0.10294448,0.10074013471603394,0.23902438580989838,0.21924811601638794
YDL229W,YNL176C,0,0.10293024,0.10069872438907623,0.23902438580989838,0.21934837102890015
YBR187W,YGR020C,0,0.10284237,0.10065735131502151,0.23902438580989838,0.21944862604141235
YML013W,YDR244W,0,0.10265791,0.10061601549386978,0.23902438580989838,0.21954886615276337
YNL284C-B,YMR097C,0,0.10264762,0.10057470947504044,0.23902438580989838,0.21964912116527557
YCR010C,YNL052W,0,0.10262579,0.10053344070911407,0.23902438580989838,0.21974937617778778
YGL048C,YHR027C,1,0.10262386,0.10090237855911255,0.23999999463558197,0.21974937617778778
YDR472W,YNL217W,0,0.102601044,0.10086100548505783,0.23999999463558197,0.2198496311903
YLR403W,YDR244W,0,0.10253508,0.1008196696639061,0.23999999463558197,0.219949871301651
YHR153C,YKL141W,0,0.102522545,0.10077837109565735,0.23999999463558197,0.2200501263141632
YPL002C,YJL197W,1,0.10245267,0.10114660114049911,0.24097560346126556,0.2200501263141632
YLR352W,YNL217W,0,0.10238395,0.10110519826412201,0.24097560346126556,0.22015038132667542
YNL281W,YMR176W,0,0.10225571,0.10106383264064789,0.24097560346126556,0.22025062143802643
YNL240C,YMR056C,0,0.1022326,0.10102249681949615,0.24097560346126556,0.22035087645053864
YJL034W,YCL008C,1,0.10222065,0.10139002650976181,0.24195121228694916,0.22035087645053864
YHL034C,YMR229C,0,0.10221741,0.10134859383106232,0.24195121228694916,0.22045113146305084
YOL057W,YMR234W,0,0.102155276,0.10130719095468521,0.24195121228694916,0.22055137157440186
YPL172C,YBR264C,0,0.10179638,0.10126582533121109,0.24195121228694916,0.22065162658691406
YLR075W,YPR175W,0,0.101773955,0.10122448951005936,0.24195121228694916,0.22075188159942627
YNL015W,YNR027W,0,0.1017654,0.10118319094181061,0.24195121228694916,0.22085213661193848
YCL050C,YER050C,0,0.10174526,0.10114192217588425,0.24195121228694916,0.2209523767232895
YML088W,YDR108W,0,0.10167653,0.10110069066286087,0.24195121228694916,0.2210526317358017
YER053C,YDL115C,0,0.10163454,0.10105949640274048,0.24195121228694916,0.2211528867483139
YGL059W,YGR105W,0,0.10156817,0.10101833194494247,0.24195121228694916,0.22125312685966492
YEL052W,YOR131C,0,0.10151843,0.10097719728946686,0.24195121228694916,0.22135338187217712
YDR531W,YHR109W,0,0.10149457,0.10093609988689423,0.24195121228694916,0.22145363688468933
YLR286C,YPL175W,0,0.1014526,0.10089503973722458,0.24195121228694916,0.22155389189720154
YLR119W,YBR082C,1,0.10142596,0.10126067698001862,0.24292683601379395,0.22155389189720154
YGR241C,YDR499W,0,0.1012825,0.10121951252222061,0.24292683601379395,0.22165413200855255
YJL080C,YMR045C,0,0.1012126,0.10117838531732559,0.24292683601379395,0.22175438702106476
YDL064W,YDR313C,1,0.101199515,0.10154346376657486,0.24390244483947754,0.22175438702106476
YDR292C,YJL187C,0,0.101153165,0.10150223225355148,0.24390244483947754,0.22185464203357697
YER028C,YDR533C,0,0.10110084,0.10146103799343109,0.24390244483947754,0.22195488214492798
YDL091C,YCL052C,1,0.10109464,0.10182555764913559,0.24487805366516113,0.22195488214492798
YPR066W,YML111W,1,0.10099988,0.10218977928161621,0.24585366249084473,0.22195488214492798
YLL051C,YGR154C,0,0.10088679,0.10214836150407791,0.24585366249084473,0.22205513715744019
YPL231W,YPR032W,0,0.10088157,0.1021069660782814,0.24585366249084473,0.2221553921699524
YKR053C,YJL048C,0,0.10086814,0.10206561535596848,0.24585366249084473,0.2222556322813034
YER062C,YBR022W,0,0.10077699,0.10202429443597794,0.24585366249084473,0.2223558872938156
YIL034C,YOR116C,0,0.10043209,0.10198300331830978,0.24585366249084473,0.22245614230632782
YDR091C,YPL100W,0,0.100371905,0.10194174945354462,0.24585366249084473,0.22255639731884003
YJR052W,YIL107C,0,0.10033896,0.10190052539110184,0.24585366249084473,0.22265663743019104
YML086C,YIL084C,0,0.100292586,0.10185933858156204,0.24585366249084473,0.22275689244270325
YBR271W,YDR388W,0,0.1002766,0.10181818157434464,0.24585366249084473,0.22285714745521545
YML128C,YOR113W,0,0.10025307,0.10177706182003021,0.24585366249084473,0.22295738756656647
YPL096W,YPR144C,0,0.100224294,0.10173597186803818,0.24585366249084473,0.22305764257907867
YGR263C,YCR016W,0,0.100144275,0.10169491171836853,0.24585366249084473,0.22315789759159088
YDR513W,YER127W,0,0.100043334,0.10165389627218246,0.24585366249084473,0.2232581526041031
YGL229C,YDR399W,0,0.09982798,0.10161290317773819,0.24585366249084473,0.2233583927154541
YPL160W,YJL034W,0,0.09975428,0.1015719473361969,0.24585366249084473,0.2234586477279663
YEL020W-A,YKL093W,0,0.09970687,0.101531021296978,0.24585366249084473,0.22355890274047852
YGL200C,YIL083C,0,0.09966225,0.10149013251066208,0.24585366249084473,0.22365914285182953
YOR358W,YER171W,0,0.099653535,0.10144927352666855,0.24585366249084473,0.22375939786434174
YGL059W,YMR238W,0,0.0994782,0.101408451795578,0.24585366249084473,0.22385965287685394
YIL148W,YOR211C,0,0.09946761,0.10136765986680984,0.24585366249084473,0.22395989298820496
YIL171W,YJR076C,0,0.0994327,0.10132689774036407,0.24585366249084473,0.22406014800071716
YDR520C,YHR133C,0,0.09942526,0.10128617286682129,0.24585366249084473,0.22416040301322937
YDL105W,YOR274W,0,0.09921303,0.10124547779560089,0.24585366249084473,0.22426065802574158
YIL038C,YPR071W,0,0.099093765,0.10120481997728348,0.24585366249084473,0.2243608981370926
YCR087C-A,YNL317W,0,0.09905762,0.10116419196128845,0.24585366249084473,0.2244611531496048
YDR330W,YOR339C,1,0.09899304,0.10152488201856613,0.24682927131652832,0.2244611531496048
YHR035W,YNL129W,0,0.09898249,0.10148415714502335,0.24682927131652832,0.224561408162117
YBR012W-A,YDR387C,0,0.09881519,0.10144346207380295,0.24682927131652832,0.22466164827346802
YBR159W,YHR047C,0,0.09874635,0.10140280425548553,0.24682927131652832,0.22476190328598022
YMR300C,YFR024C-A,0,0.098743774,0.10136217623949051,0.24682927131652832,0.22486215829849243
YNR038W,YKL095W,0,0.09873601,0.10132158547639847,0.24682927131652832,0.22496241331100464
YKR020W,YJL089W,0,0.09870942,0.10128102451562881,0.24682927131652832,0.22506265342235565
YNL133C,YKL056C,0,0.098637186,0.10124049335718155,0.24682927131652832,0.22516290843486786
YKL206C,YPL139C,0,0.09862507,0.10119999945163727,0.24682927131652832,0.22526316344738007
YJL158C,YPR162C,0,0.098608054,0.10115953534841537,0.24682927131652832,0.22536340355873108
YBR188C,YGR158C,0,0.09852774,0.10111910104751587,0.24682927131652832,0.2254636585712433
YMR243C,YDL077C,0,0.09850744,0.10107870399951935,0.24682927131652832,0.2255639135837555
YOR009W,YER049W,0,0.09839759,0.10103833675384521,0.24682927131652832,0.2256641536951065
YHL016C,YBR230C,0,0.098368354,0.10099800676107407,0.24682927131652832,0.2257644087076187
YLR016C,YPR161C,0,0.09833292,0.10095769912004471,0.24682927131652832,0.22586466372013092
YLR096W,YPR072W,0,0.098247446,0.10091742873191833,0.24682927131652832,0.22596491873264313
YCR010C,YDL166C,0,0.09816613,0.10087719559669495,0.24682927131652832,0.22606515884399414
YGR071C,YKL029C,0,0.09807773,0.10083698481321335,0.24682927131652832,0.22616541385650635
YOL005C,YER110C,0,0.09803137,0.10079681128263474,0.24682927131652832,0.22626566886901855
YGL045W,YHL034C,0,0.09794991,0.10075666755437851,0.24682927131652832,0.22636590898036957
YGL064C,YHR117W,0,0.09792308,0.10071656107902527,0.24682927131652832,0.22646616399288177
YIL115C,YNL027W,0,0.09791965,0.10067648440599442,0.24682927131652832,0.22656641900539398
YBR282W,YCL050C,0,0.097831614,0.10063643753528595,0.24682927131652832,0.2266666740179062
YDR083W,YDR009W,0,0.09781449,0.10059642046689987,0.24682927131652832,0.2267669141292572
YLR153C,YBR231C,0,0.097707994,0.10055644065141678,0.24682927131652832,0.2268671691417694
YDR200C,YDR507C,0,0.097673245,0.10051649063825607,0.24682927131652832,0.22696742415428162
YLR361C,YJR134C,0,0.09760026,0.10047657042741776,0.24682927131652832,0.22706766426563263
YKR036C,YJR150C,0,0.09755179,0.10043668001890182,0.24682927131652832,0.22716791927814484
YNL289W,YGR295C,0,0.09733898,0.10039682686328888,0.24682927131652832,0.22726817429065704
YJL221C,YOR279C,0,0.09720151,0.10035700350999832,0.24682927131652832,0.22736841440200806
YOR226C,YLR258W,0,0.09711123,0.10031720995903015,0.24682927131652832,0.22746866941452026
YLR059C,YDR460W,0,0.09705763,0.10027744621038437,0.24682927131652832,0.22756892442703247
YNL289W,YNL273W,0,0.09701233,0.10023771971464157,0.24682927131652832,0.22766917943954468
YDR234W,YER041W,0,0.09698317,0.10019802302122116,0.24682927131652832,0.2277694195508957
YLL055W,YJL003W,0,0.09686321,0.10015835613012314,0.24682927131652832,0.2278696745634079
YNR024W,YJL164C,0,0.096712835,0.1001187190413475,0.24682927131652832,0.2279699295759201
YOR079C,YDR390C,0,0.09670601,0.10007911175489426,0.24682927131652832,0.22807016968727112
YMR295C,YOR359W,0,0.096687935,0.100039541721344,0.24682927131652832,0.22817042469978333
YPR175W,YOR129C,0,0.0966204,0.10000000149011612,0.24682927131652832,0.22827067971229553
YPL155C,YGL113W,0,0.09641569,0.09996049106121063,0.24682927131652832,0.22837093472480774
YDL112W,YBR074W,0,0.09629619,0.09992101043462753,0.24682927131652832,0.22847117483615875
YIR025W,YLR025W,1,0.09623932,0.10027635097503662,0.24780488014221191,0.22847117483615875
YPL021W,YMR171C,0,0.0961702,0.10023678094148636,0.24780488014221191,0.22857142984867096
YFR010W,YFL049W,1,0.09607943,0.10059171915054321,0.2487804889678955,0.22857142984867096
YIL002C,YDR233C,0,0.09606964,0.10055205225944519,0.2487804889678955,0.22867168486118317
YCR028C,YML115C,0,0.09602068,0.10051241517066956,0.2487804889678955,0.22877192497253418
YHL026C,YDR261W-B,0,0.0960075,0.1004728153347969,0.2487804889678955,0.2288721799850464
YML113W,YJL013C,0,0.09599393,0.10043323785066605,0.2487804889678955,0.2289724349975586
YLL055W,YGR071C,0,0.095936574,0.10039369761943817,0.2487804889678955,0.2290726751089096
YPL200W,YDR322W,0,0.09592311,0.10035419464111328,0.2487804889678955,0.22917293012142181
YOR381W,YMR059W,0,0.095875554,0.10031471401453018,0.2487804889678955,0.22927318513393402
YOL112W,YDR260C,0,0.09584696,0.10027526319026947,0.2487804889678955,0.22937344014644623
YLL036C,YPL020C,1,0.09584472,0.10062892735004425,0.2497560977935791,0.22937344014644623
YGR129W,YGR012W,0,0.09582479,0.10058939456939697,0.2497560977935791,0.22947368025779724
YDR528W,YER138C,0,0.095690586,0.10054988414049149,0.2497560977935791,0.22957393527030945
YMR039C,YER171W,0,0.09567074,0.10051040351390839,0.2497560977935791,0.22967419028282166
YBR030W,YLR033W,0,0.09566794,0.10047096014022827,0.2497560977935791,0.22977443039417267
YNR070W,YIL061C,0,0.09557224,0.10043153911828995,0.2497560977935791,0.22987468540668488
YCR091W,YLR300W,0,0.09554709,0.10039215534925461,0.2497560977935791,0.22997494041919708
YLR328W,YGL050W,0,0.09541661,0.10035280138254166,0.2497560977935791,0.2300751805305481
YIL128W,YBL092W,0,0.09541078,0.10031347721815109,0.2497560977935791,0.2301754355430603
YOR192C,YMR165C,0,0.09537098,0.10027419030666351,0.2497560977935791,0.2302756905555725
YMR127C,YDR427W,0,0.09531886,0.10023492574691772,0.2497560977935791,0.23037594556808472
YHR020W,YOL100W,0,0.09522396,0.10019569844007492,0.2497560977935791,0.23047618567943573
YML109W,YPL093W,0,0.09520178,0.10015649348497391,0.2497560977935791,0.23057644069194794
YGL120C,YNL290W,0,0.09512278,0.10011732578277588,0.2497560977935791,0.23067669570446014
YJR082C,YPL116W,0,0.09502174,0.10007818788290024,0.2497560977935791,0.23077693581581116
YBR297W,YEL065W,0,0.095006734,0.10003907978534698,0.2497560977935791,0.23087719082832336
YMR074C,YGL084C,0,0.09500232,0.10000000149011612,0.2497560977935791,0.23097744584083557
YLR035C-A,YPR019W,0,0.09491701,0.09996095299720764,0.2497560977935791,0.23107770085334778
YEL012W,YNL159C,1,0.0948321,0.1003122553229332,0.2507317066192627,0.23107770085334778
YGR104C,YER071C,0,0.09468272,0.10027311742305756,0.2507317066192627,0.2311779409646988
YNL010W,YIL150C,0,0.09464917,0.1002340093255043,0.2507317066192627,0.231278195977211
YGL225W,YGL060W,0,0.09462158,0.10019493103027344,0.2507317066192627,0.2313784509897232
YLL002W,YKL182W,0,0.094484635,0.10015588253736496,0.2507317066192627,0.23147869110107422
YPL194W,YMR315W,0,0.09445818,0.10011687129735947,0.2507317066192627,0.23157894611358643
YOL030W,YDR228C,0,0.09445625,0.10007788240909576,0.2507317066192627,0.23167920112609863
YML006C,YDR361C,0,0.09444193,0.10003892332315445,0.2507317066192627,0.23177944123744965
YNL077W,YJL133W,0,0.09437188,0.10000000149011612,0.2507317066192627,0.23187969624996185
YFL033C,YKL181W,0,0.094340555,0.09996110200881958,0.2507317066192627,0.23197995126247406
YDR205W,YNR033W,0,0.09432208,0.09992223978042603,0.2507317066192627,0.23208020627498627
YDR453C,YNL185C,0,0.09431629,0.09988340735435486,0.2507317066192627,0.23218044638633728
YDR050C,YHL040C,0,0.094289295,0.09984459728002548,0.2507317066192627,0.2322807013988495
YDR415C,YKL009W,0,0.0942521,0.09980582445859909,0.2507317066192627,0.2323809564113617
YMR223W,YLR337C,0,0.09417652,0.09976708143949509,0.2507317066192627,0.2324811965227127
YCR060W,YIL019W,0,0.09409698,0.09972836822271347,0.2507317066192627,0.23258145153522491
YBR217W,YNR032C-A,1,0.09398388,0.10007757693529129,0.2517073154449463,0.23258145153522491
YKR079C,YDR069C,0,0.09389498,0.10003877431154251,0.2517073154449463,0.23268170654773712
YDL137W,YOR304C-A,0,0.09351029,0.10000000149011612,0.2517073154449463,0.23278196156024933
YCR018C,YNL041C,0,0.0934755,0.09996125847101212,0.2517073154449463,0.23288220167160034
YBL060W,YJL079C,0,0.09345222,0.0999225378036499,0.2517073154449463,0.23298245668411255
YHL035C,YHR023W,0,0.0933379,0.09988385438919067,0.2517073154449463,0.23308271169662476
YNL172W,YCR044C,0,0.09329883,0.09984520077705383,0.2517073154449463,0.23318295180797577
YGR156W,YHR156C,0,0.09313095,0.09980657696723938,0.2517073154449463,0.23328320682048798
YLR059C,YBL093C,0,0.093098216,0.09976798295974731,0.2517073154449463,0.23338346183300018
YBR096W,YPR189W,0,0.0930481,0.09972941875457764,0.2517073154449463,0.2334837019443512
YGR268C,YGL060W,0,0.09303006,0.09969088435173035,0.2517073154449463,0.2335839569568634
YAL035W,YEL044W,0,0.09297357,0.09965237230062485,0.2517073154449463,0.2336842119693756
YDR227W,YKR062W,0,0.09295124,0.09961389750242233,0.2517073154449463,0.23378446698188782
YDR518W,YJL060W,0,0.0929488,0.0995754525065422,0.2517073154449463,0.23388470709323883
YOR127W,YDR005C,0,0.09294725,0.09953703731298447,0.2517073154449463,0.23398496210575104
YOR266W,YEL058W,0,0.09290987,0.09949865192174911,0.2517073154449463,0.23408521711826324
YGR281W,YDL035C,0,0.092886515,0.09946029633283615,0.2517073154449463,0.23418545722961426
YCR024C,YOR319W,0,0.092875145,0.09942196309566498,0.2517073154449463,0.23428571224212646
YGR214W,YCR052W,0,0.092726596,0.09938366711139679,0.2517073154449463,0.23438596725463867
YOR081C,YPL215W,0,0.09262415,0.09934540092945099,0.2517073154449463,0.23448622226715088
YCL018W,YIR004W,0,0.09252585,0.09930715709924698,0.2517073154449463,0.2345864623785019
YHR114W,YHR067W,0,0.092443205,0.09926895052194595,0.2517073154449463,0.2346867173910141
YMR237W,YOR147W,0,0.092430696,0.09923076629638672,0.2517073154449463,0.2347869724035263
YBR033W,YKL006C-A,0,0.09237589,0.09919261932373047,0.2517073154449463,0.23488721251487732
YPL119C,YLR038C,0,0.092320815,0.09915449470281601,0.2517073154449463,0.23498746752738953
YML129C,YJR117W,0,0.09222979,0.09911640733480453,0.2517073154449463,0.23508772253990173
YML097C,YOR261C,1,0.092189305,0.0994623675942421,0.2526829242706299,0.23508772253990173
YMR156C,YGR189C,0,0.092163965,0.09942418336868286,0.2526829242706299,0.23518796265125275
YLR381W,YLR432W,0,0.09211462,0.09938602894544601,0.2526829242706299,0.23528821766376495
YPR036W,YNL063W,0,0.0920814,0.09934791177511215,0.2526829242706299,0.23538847267627716
YJL041W,YER068W,0,0.092037745,0.09930981695652008,0.2526829242706299,0.23548872768878937
YDR406W,YDR410C,0,0.09195756,0.0992717519402504,0.2526829242706299,0.23558896780014038
YDL105W,YKL192C,0,0.0919565,0.0992337167263031,0.2526829242706299,0.2356892228126526
YOR343W-A,YML102W,0,0.091929205,0.09919571131467819,0.2526829242706299,0.2357894778251648
YBR166C,YOR195W,0,0.09189639,0.09915773570537567,0.2526829242706299,0.2358897179365158
YLR207W,YPL145C,0,0.09189118,0.09911978244781494,0.2526829242706299,0.23598997294902802
YKL190W,YER049W,0,0.09181861,0.0990818664431572,0.2526829242706299,0.23609022796154022
YPR049C,YAL033W,0,0.09163176,0.09904398024082184,0.2526829242706299,0.23619048297405243
YMR017W,YIL113W,0,0.091544546,0.09900611639022827,0.2526829242706299,0.23629072308540344
YNR013C,YCR046C,0,0.091519214,0.09896828234195709,0.2526829242706299,0.23639097809791565
YDR076W,YOR251C,0,0.0913905,0.0989304780960083,0.2526829242706299,0.23649123311042786
YGR061C,YMR239C,0,0.09129091,0.0988927036523819,0.2526829242706299,0.23659147322177887
YIL137C,YDL017W,0,0.091220446,0.09885495901107788,0.2526829242706299,0.23669172823429108
YJR096W,YPR162C,0,0.09115062,0.09881724417209625,0.2526829242706299,0.23679198324680328
YJL101C,YDR259C,0,0.091084756,0.09877955913543701,0.2526829242706299,0.2368922233581543
YNL061W,YJL012C,0,0.091070086,0.09874189645051956,0.2526829242706299,0.2369924783706665
YJL124C,YLR357W,0,0.0910369,0.0987042710185051,0.2526829242706299,0.2370927333831787
YBR193C,YOR009W,0,0.091028325,0.09866666793823242,0.2526829242706299,0.23719298839569092
YPL141C,YBR162C,0,0.09095303,0.09862909466028214,0.2526829242706299,0.23729322850704193
YKL198C,YKL015W,0,0.090917565,0.09859155118465424,0.2526829242706299,0.23739348351955414
YMR078C,YOR147W,0,0.09082655,0.09855403006076813,0.2526829242706299,0.23749373853206635
YNR032C-A,YLR417W,1,0.09080886,0.09889692068099976,0.2536585330963135,0.23749373853206635
YPL139C,YFR031C,0,0.09080572,0.09885931760072708,0.2536585330963135,0.23759397864341736
YBL072C,YER151C,0,0.09074611,0.0988217443227768,0.2536585330963135,0.23769423365592957
YGL183C,YGL163C,0,0.0907057,0.0987841933965683,0.2536585330963135,0.23779448866844177
YDR052C,YBL025W,0,0.090671934,0.09874667972326279,0.2536585330963135,0.23789474368095398
YJR118C,YJR005W,0,0.090363175,0.09870918840169907,0.2536585330963135,0.237994983792305
YKL007W,YKR077W,0,0.09032143,0.09867172688245773,0.2536585330963135,0.2380952388048172
YKL041W,YDL064W,1,0.09021539,0.09901365637779236,0.25463414192199707,0.2380952388048172
YMR091C,YDR363W-A,0,0.090206124,0.09897611290216446,0.25463414192199707,0.2381954938173294
YML088W,YJL048C,1,0.0901838,0.09931766241788864,0.25560975074768066,0.2381954938173294
YDR248C,YDR160W,0,0.0901744,0.09928002953529358,0.25560975074768066,0.23829573392868042
YMR250W,YCL061C,0,0.09016917,0.0992424264550209,0.25560975074768066,0.23839598894119263
YCR012W,YOR070C,0,0.090137966,0.09920484572649002,0.25560975074768066,0.23849624395370483
YNL210W,YDR325W,0,0.09011794,0.09916729480028152,0.25560975074768066,0.23859648406505585
YBR105C,YPL072W,1,0.09008275,0.099508136510849,0.25658535957336426,0.23859648406505585
YOL011W,YDR170W-A,0,0.09007577,0.09947049617767334,0.25658535957336426,0.23869673907756805
YGR158C,YIL027C,0,0.090043664,0.09943289309740067,0.25658535957336426,0.23879699409008026
YMR186W,YLL008W,0,0.09002987,0.09939531236886978,0.25658535957336426,0.23889724910259247
YML040W,YJR143C,0,0.08999688,0.09935776144266129,0.25658535957336426,0.23899748921394348
YIL075C,YMR115W,1,0.0899901,0.09969788789749146,0.25756096839904785,0.23899748921394348
YML013W,YLR438C-A,0,0.08998496,0.0996602475643158,0.25756096839904785,0.2390977442264557
YOR299W,YCR021C,0,0.0899545,0.09962264448404312,0.25756096839904785,0.2391979992389679
YJR131W,YER025W,0,0.089941986,0.09958506375551224,0.25756096839904785,0.2392982393503189
YJL186W,YGL243W,0,0.08990297,0.09954751282930374,0.25756096839904785,0.23939849436283112
YHR207C,YPR119W,0,0.089859165,0.09950999170541763,0.25756096839904785,0.23949874937534332
YJR147W,YDL076C,0,0.08984362,0.09947249293327332,0.25756096839904785,0.23959900438785553
YDR088C,YAL051W,0,0.08984166,0.09943503141403198,0.25756096839904785,0.23969924449920654
YPL056C,YBR118W,0,0.08983674,0.09939759224653244,0.25756096839904785,0.23979949951171875
YNL172W,YBR273C,1,0.089744404,0.0997365415096283,0.25853657722473145,0.23979949951171875
YGR135W,YDL030W,0,0.0896432,0.09969902038574219,0.25853657722473145,0.23989975452423096
YML107C,YGR223C,0,0.08960215,0.09966152906417847,0.25853657722473145,0.23999999463558197
YPR024W,YGL141W,1,0.08947029,0.10000000149011612,0.25951218605041504,0.23999999463558197
YIL014W,YJL172W,0,0.08924917,0.09996242076158524,0.25951218605041504,0.24010024964809418
YMR257C,YER180C,0,0.08919069,0.09992486983537674,0.25951218605041504,0.24020050466060638
YCL051W,YML006C,0,0.088999584,0.09988734871149063,0.25951218605041504,0.2403007447719574
YDR389W,YGR189C,0,0.08898232,0.09984984993934631,0.25951218605041504,0.2404009997844696
YAR033W,YLR288C,0,0.088865474,0.09981238096952438,0.25951218605041504,0.2405012547969818
YLR204W,YOR219C,0,0.088720284,0.09977494180202484,0.25951218605041504,0.24060150980949402
YKR050W,YOR142W-B,0,0.08852742,0.09973753243684769,0.25951218605041504,0.24070174992084503
YGL147C,YDR004W,0,0.08836541,0.09970015287399292,0.25951218605041504,0.24080200493335724
YGR084C,YLR015W,0,0.08832106,0.09966279566287994,0.25951218605041504,0.24090225994586945
YDL084W,YBL024W,0,0.088289596,0.09962546825408936,0.25951218605041504,0.24100250005722046
YFL014W,YPL036W,0,0.08828647,0.09958817064762115,0.25951218605041504,0.24110275506973267
YDR427W,YNL051W,0,0.0882585,0.09955089539289474,0.25951218605041504,0.24120301008224487
YOR138C,YER030W,0,0.088214226,0.09951365739107132,0.25951218605041504,0.24130326509475708
YGR062C,YDR081C,0,0.08813826,0.09947644174098969,0.25951218605041504,0.2414035052061081
YLR401C,YLR038C,0,0.08811023,0.09943925589323044,0.25951218605041504,0.2415037602186203
YDR086C,YOR087W,0,0.088018514,0.09940209239721298,0.25951218605041504,0.2416040152311325
YGR083C,YML051W,0,0.08801573,0.09936495870351791,0.25951218605041504,0.24170425534248352
YFL025C,YJR117W,0,0.08800825,0.09932785481214523,0.25951218605041504,0.24180451035499573
YPL001W,YNL076W,0,0.08792913,0.09929078072309494,0.25951218605041504,0.24190476536750793
YPL115C,YPR005C,0,0.08788119,0.09925372898578644,0.25951218605041504,0.24200500547885895
YDR205W,YAR002C-A,0,0.08787835,0.09921670705080032,0.25951218605041504,0.24210526049137115
YMR188C,YGL142C,0,0.08787142,0.0991797149181366,0.25951218605041504,0.24220551550388336
YBL106C,YPR032W,0,0.08771361,0.09914275258779526,0.25951218605041504,0.24230577051639557
YER155C,YOR264W,0,0.08761544,0.09910581260919571,0.25951218605041504,0.24240601062774658
YAL038W,YML101C,0,0.087613106,0.09906890243291855,0.25951218605041504,0.2425062656402588
YFL016C,YKL002W,1,0.08757014,0.09940432012081146,0.26048779487609863,0.2425062656402588
YER145C,YGL244W,0,0.08753448,0.09936732053756714,0.26048779487609863,0.242606520652771
YNL038W,YER056C-A,0,0.08748221,0.0993303582072258,0.26048779487609863,0.242706760764122
YPL200W,YLL021W,0,0.08746535,0.09929341822862625,0.26048779487609863,0.24280701577663422
YER032W,YPR143W,0,0.08742917,0.09925650805234909,0.26048779487609863,0.24290727078914642
YOR317W,YPL208W,0,0.08742088,0.09921962022781372,0.26048779487609863,0.24300752580165863
YKL130C,YOL056W,0,0.08740644,0.09918276220560074,0.26048779487609863,0.24310776591300964
YBR211C,YHR066W,0,0.087401845,0.09914593398571014,0.26048779487609863,0.24320802092552185
YIL046W,YNL186W,1,0.08729308,0.09948032349348068,0.2614634037017822,0.24320802092552185
YDR004W,YBR222C,0,0.08727292,0.09944341331720352,0.2614634037017822,0.24330827593803406
YHR207C,YLR309C,0,0.087207735,0.09940652549266815,0.2614634037017822,0.24340851604938507
YDR118W,YJL197W,1,0.087116815,0.09974045306444168,0.2624390125274658,0.24340851604938507
YLR147C,YIL039W,0,0.087029,0.09970348328351974,0.2624390125274658,0.24350877106189728
YOR101W,YHR171W,0,0.086974196,0.0996665433049202,0.2624390125274658,0.24360902607440948
YAL041W,YJR042W,0,0.08696606,0.09962963312864304,0.2624390125274658,0.2437092661857605
YNL183C,YFR041C,0,0.08678747,0.09959274530410767,0.2624390125274658,0.2438095211982727
YML059C,YNL111C,0,0.086755745,0.09955588728189468,0.2624390125274658,0.2439097762107849
YHR101C,YDL051W,0,0.086662866,0.09951905161142349,0.2624390125274658,0.24401003122329712
YJL029C,YKL168C,0,0.08655251,0.09948224574327469,0.2624390125274658,0.24411027133464813
YJL073W,YMR314W,1,0.08639305,0.09981516003608704,0.2634146213531494,0.24411027133464813
YBL103C,YJL165C,0,0.086384095,0.09977827221155167,0.2634146213531494,0.24421052634716034
YGR189C,YBR118W,0,0.08637457,0.09974141418933868,0.2634146213531494,0.24431078135967255
YDR533C,YBR041W,0,0.086319685,0.09970457851886749,0.2634146213531494,0.24441102147102356
YNL015W,YFR034C,0,0.086213686,0.09966777265071869,0.2634146213531494,0.24451127648353577
YIL002C,YBR283C,0,0.086197294,0.09963099658489227,0.2634146213531494,0.24461153149604797
YIL075C,YML088W,1,0.086172186,0.09996311366558075,0.264390230178833,0.24461153149604797
YDL138W,YCL017C,0,0.086111985,0.09992625564336777,0.264390230178833,0.24471178650856018
YAL053W,YPL074W,0,0.086049706,0.09988941997289658,0.264390230178833,0.2448120266199112
YBL055C,YJR102C,0,0.08602149,0.09985261410474777,0.264390230178833,0.2449122816324234
YJL101C,YOR014W,0,0.08600602,0.09981583803892136,0.264390230178833,0.2450125366449356
YJR132W,YJR117W,0,0.085945256,0.09977908432483673,0.264390230178833,0.24511277675628662
YJL136C,YNL160W,0,0.08585108,0.0997423604130745,0.264390230178833,0.24521303176879883
YDR375C,YKL017C,0,0.08581362,0.09970566630363464,0.264390230178833,0.24531328678131104
YGL190C,YDR381W,0,0.08578014,0.09966899454593658,0.264390230178833,0.24541352689266205
YMR168C,YML101C,0,0.08574223,0.09963235259056091,0.264390230178833,0.24551378190517426
YJL080C,YPL280W,0,0.08570222,0.09959574043750763,0.264390230178833,0.24561403691768646
YOR034C,YGR071C,0,0.08562005,0.09955915063619614,0.264390230178833,0.24571429193019867
YBR193C,YDR098C-B,0,0.085537754,0.09952258318662643,0.264390230178833,0.24581453204154968
YNL163C,YOL067C,0,0.085385375,0.09948605298995972,0.264390230178833,0.2459147870540619
YDR034C,YGL107C,0,0.08520497,0.0994495376944542,0.264390230178833,0.2460150420665741
YBR109C,YIL002C,0,0.084923506,0.09941305965185165,0.264390230178833,0.2461152821779251
YER014C-A,YIL084C,0,0.084866725,0.0993766039609909,0.264390230178833,0.24621553719043732
YJR082C,YEL041W,0,0.08475625,0.09934017807245255,0.264390230178833,0.24631579220294952
YGR006W,YPL085W,0,0.084728576,0.09930377453565598,0.264390230178833,0.24641604721546173
YDL129W,YHR105W,0,0.08472554,0.0992674008011818,0.264390230178833,0.24651628732681274
YHR090C,YIL006W,0,0.08464044,0.0992310494184494,0.264390230178833,0.24661654233932495
YDR253C,YNL322C,0,0.08447241,0.0991947278380394,0.264390230178833,0.24671679735183716
YPR002W,YOR278W,0,0.08447056,0.09915843605995178,0.264390230178833,0.24681703746318817
YMR152W,YDL017W,0,0.084437944,0.09912216663360596,0.264390230178833,0.24691729247570038
YKL022C,YOL082W,1,0.084424496,0.09945155680179596,0.2653658390045166,0.24691729247570038
YLR239C,YGL162W,0,0.08432667,0.09941520541906357,0.2653658390045166,0.24701754748821259
YJR132W,YGL151W,0,0.08426419,0.09937888383865356,0.2653658390045166,0.2471177875995636
YCR075C,YGL227W,0,0.08425324,0.09934258460998535,0.2653658390045166,0.2472180426120758
YHR210C,YLR382C,0,0.0842262,0.09930631518363953,0.2653658390045166,0.247318297624588
YPL208W,YMR217W,0,0.08418734,0.09927007555961609,0.2653658390045166,0.24741855263710022
YGL198W,YML034W,0,0.08407719,0.09923385828733444,0.2653658390045166,0.24751879274845123
YCR075C,YPL026C,0,0.08406008,0.09919766336679459,0.2653658390045166,0.24761904776096344
YHR164C,YPL119C,0,0.084051125,0.09916150569915771,0.2653658390045166,0.24771930277347565
YGL067W,YDR463W,0,0.083778605,0.09912536293268204,0.2653658390045166,0.24781954288482666
YGL256W,YNL183C,0,0.0836899,0.09908924996852875,0.2653658390045166,0.24791979789733887
YGL011C,YHR111W,1,0.08368509,0.09941733628511429,0.2663414776325226,0.24791979789733887
YGL253W,YBR012W-A,0,0.08365004,0.09938114136457443,0.2663414776325226,0.24802005290985107
YOR127W,YOL078W,0,0.083566315,0.09934497624635696,0.2663414776325226,0.24812030792236328
YJL162C,YKL079W,0,0.08348466,0.09930884093046188,0.2663414776325226,0.2482205480337143
YLR172C,YGL111W,0,0.0834494,0.0992727279663086,0.2663414776325226,0.2483208030462265
YJR082C,YKL144C,0,0.08330973,0.09923664480447769,0.2663414776325226,0.2484210580587387
YIL134W,YOR252W,0,0.08325689,0.09920058399438858,0.2663414776325226,0.24852129817008972
YNL038W,YPR133W-A,0,0.083159395,0.09916454553604126,0.2663414776325226,0.24862155318260193
YAR015W,YKL059C,0,0.083141096,0.09912853688001633,0.2663414776325226,0.24872180819511414
YGL212W,YMR025W,0,0.08305865,0.09909255802631378,0.2663414776325226,0.24882204830646515
YJL200C,YAL021C,0,0.08304535,0.09905660152435303,0.2663414776325226,0.24892230331897736
YDL190C,YLR367W,0,0.0830364,0.09902067482471466,0.2663414776325226,0.24902255833148956
YBR193C,YCR092C,0,0.08297203,0.09898477047681808,0.2663414776325226,0.24912281334400177
YMR133W,YER190W,0,0.08287161,0.0989488959312439,0.2663414776325226,0.24922305345535278
YGL233W,YBL069W,0,0.08283042,0.0989130437374115,0.2663414776325226,0.249323308467865
YHR030C,YJL090C,0,0.08280931,0.09887722134590149,0.2663414776325226,0.2494235634803772
YLR224W,YKR056W,0,0.0827195,0.09884142130613327,0.2663414776325226,0.2495238035917282
YLR352W,YBL017C,1,0.08254764,0.09916757047176361,0.2673170864582062,0.2495238035917282
YBR172C,YNL281W,0,0.0825106,0.09913169592618942,0.2673170864582062,0.24962405860424042
YGR262C,YOL082W,0,0.08247616,0.09909584373235703,0.2673170864582062,0.24972431361675262
YJR036C,YGL094C,1,0.08236318,0.09942154586315155,0.26829269528388977,0.24972431361675262
YDR169C,YOL124C,0,0.0822391,0.09938561916351318,0.26829269528388977,0.24982456862926483
YOL154W,YOL105C,0,0.08222873,0.09934970736503601,0.26829269528388977,0.24992480874061584
YDR243C,YNL063W,0,0.08205698,0.09931383281946182,0.26829269528388977,0.25002506375312805
YOR110W,YBL057C,0,0.08190976,0.09927798062562943,0.26829269528388977,0.25012531876564026
YBL113C,YHR142W,0,0.08186486,0.09924215078353882,0.26829269528388977,0.25022557377815247
YNL010W,YOR274W,0,0.081862085,0.0992063507437706,0.26829269528388977,0.2503258287906647
YGR005C,YAL056W,0,0.08185278,0.09917057305574417,0.26829269528388977,0.2504260540008545
YBR156C,YKL198C,0,0.08178111,0.09913482517004013,0.26829269528388977,0.2505263090133667
YJL069C,YDR014W,0,0.08175988,0.09909909963607788,0.26829269528388977,0.2506265640258789
YOR101W,YAL008W,0,0.08173332,0.09906340390443802,0.26829269528388977,0.2507268190383911
YDR083W,YBR045C,0,0.08170754,0.09902773052453995,0.26829269528388977,0.2508270740509033
YOR156C,YKL124W,1,0.081606805,0.09935205429792404,0.26926830410957336,0.2508270740509033
YER053C,YER060W-A,0,0.08149134,0.0993162989616394,0.26926830410957336,0.2509273290634155
YJL008C,YOL055C,0,0.08148271,0.09928057342767715,0.26926830410957336,0.25102755427360535
YMR137C,YJL095W,0,0.081425495,0.09924487769603729,0.26926830410957336,0.25112780928611755
YDR483W,YMR089C,0,0.0814122,0.09920920431613922,0.26926830410957336,0.25122806429862976
YGL253W,YGL238W,0,0.081375115,0.09917355328798294,0.26926830410957336,0.25132831931114197
YGL203C,YOR244W,0,0.081360675,0.09913793206214905,0.26926830410957336,0.2514285743236542
YOR265W,YGR244C,0,0.081187166,0.09910233318805695,0.26926830410957336,0.2515288293361664
YPR184W,YMR056C,0,0.08116446,0.09906676411628723,0.26926830410957336,0.2516290843486786
YOL111C,YIL084C,0,0.08111379,0.09903121739625931,0.26926830410957336,0.2517293095588684
YDL180W,YLR088W,0,0.08099387,0.09899569302797318,0.26926830410957336,0.2518295645713806
YDR343C,YPR006C,0,0.08098052,0.09896019846200943,0.26926830410957336,0.2519298195838928
YBR191W,YGR283C,0,0.08094958,0.09892473369836807,0.26926830410957336,0.25203007459640503
YDR011W,YLR386W,0,0.080864124,0.09888928383588791,0.26926830410957336,0.25213032960891724
YLR005W,YNL167C,0,0.08080634,0.09885387122631073,0.26926830410957336,0.25223058462142944
YCR010C,YPR005C,0,0.080665566,0.09881847351789474,0.26926830410957336,0.25233083963394165
YNL092W,YAR019C,0,0.08060523,0.09878310561180115,0.26926830410957336,0.25243106484413147
YFR052W,YGR014W,0,0.08050374,0.09874776750802994,0.26926830410957336,0.2525313198566437
YNL065W,YNL236W,0,0.080502965,0.09871244430541992,0.26926830410957336,0.2526315748691559
YGL076C,YBR048W,0,0.080477305,0.0986771509051323,0.26926830410957336,0.2527318298816681
YPL276W,YJR126C,0,0.08043391,0.09864188730716705,0.26926830410957336,0.2528320848941803
YBR043C,YDR030C,0,0.0804175,0.0986066460609436,0.26926830410957336,0.2529323399066925
YOL127W,YDL141W,0,0.080263026,0.09857142716646194,0.26926830410957336,0.2530325949192047
YBR214W,YLR033W,0,0.08022801,0.09853623807430267,0.26926830410957336,0.25313282012939453
YKL205W,YOL038W,0,0.08006439,0.09850107133388519,0.26926830410957336,0.25323307514190674
YER062C,YML037C,0,0.0799954,0.0984659269452095,0.26926830410957336,0.25333333015441895
YPR194C,YIL135C,0,0.07982295,0.0984308123588562,0.26926830410957336,0.25343358516693115
YKR093W,YJR075W,0,0.07981985,0.09839572012424469,0.26926830410957336,0.25353384017944336
YEL037C,YCL032W,0,0.07981776,0.09836065769195557,0.26926830410957336,0.25363409519195557
YOR326W,YIL145C,0,0.07974479,0.09832561761140823,0.26926830410957336,0.2537343502044678
YHR043C,YHR200W,1,0.079730354,0.09864672273397446,0.27024391293525696,0.2537343502044678
YCL074W,YKR078W,0,0.079716645,0.09861160814762115,0.27024391293525696,0.2538345754146576
YNR001C,YGR221C,0,0.07968153,0.09857651591300964,0.27024391293525696,0.2539348304271698
YLR040C,YCL052C,0,0.079620875,0.09854144603013992,0.27024391293525696,0.254035085439682
YPL180W,YHR133C,0,0.07960377,0.098506398499012,0.27024391293525696,0.2541353404521942
YGL243W,YOL090W,0,0.07959137,0.09847138077020645,0.27024391293525696,0.2542355954647064
YDL230W,YGR009C,0,0.07959,0.0984363928437233,0.27024391293525696,0.25433585047721863
YPL011C,YBR182C,0,0.07955121,0.09840141981840134,0.27024391293525696,0.25443607568740845
YBL078C,YLR047C,0,0.07952993,0.09836647659540176,0.27024391293525696,0.25453633069992065
YGR258C,YMR033W,0,0.07946287,0.09833155572414398,0.27024391293525696,0.25463658571243286
YOR285W,YER111C,0,0.079298414,0.09829666465520859,0.27024391293525696,0.25473684072494507
YLR015W,YBR231C,0,0.079264335,0.09826179593801498,0.27024391293525696,0.2548370957374573
YNL322C,YNL248C,0,0.07923179,0.09822694957256317,0.27024391293525696,0.2549373507499695
YHR086W,YJR108W,0,0.0792233,0.09819213300943375,0.27024391293525696,0.2550376057624817
YDR390C,YNR007C,1,0.07911978,0.0985116958618164,0.27121952176094055,0.2550376057624817
YLR289W,YER086W,0,0.07910909,0.09847679734230042,0.27121952176094055,0.2551378309726715
YHR058C,YAL012W,0,0.07905085,0.09844192862510681,0.27121952176094055,0.2552380859851837
YMR233W,YDL223C,0,0.07900926,0.098407082259655,0.27121952176094055,0.2553383409976959
YKL217W,YHR090C,0,0.078996964,0.09837225824594498,0.27121952176094055,0.25543859601020813
YIL013C,YCR026C,0,0.07898263,0.09833745658397675,0.27121952176094055,0.25553885102272034
YGR010W,YMR156C,0,0.07897372,0.0983026847243309,0.27121952176094055,0.25563910603523254
YDR219C,YJR036C,1,0.078781344,0.0986214205622673,0.27219513058662415,0.25563910603523254
YPL200W,YMR319C,0,0.07874469,0.09858657419681549,0.27219513058662415,0.25573936104774475
YNR047W,YER137C,0,0.07873351,0.09855175018310547,0.27219513058662415,0.25583958625793457
YEL012W,YML111W,1,0.07865516,0.09887005388736725,0.27317073941230774,0.25583958625793457
YEL052W,YDR059C,1,0.0786158,0.09918814152479172,0.27414634823799133,0.25583958625793457
YJR042W,YIL007C,0,0.07860751,0.09915313869714737,0.27414634823799133,0.2559398412704468
YEL002C,YPL119C,0,0.078530796,0.09911816567182541,0.27414634823799133,0.256040096282959
YGL073W,YJR004C,0,0.078441866,0.09908321499824524,0.27414634823799133,0.2561403512954712
YOR261C,YFL049W,1,0.078440614,0.09940077364444733,0.2751219570636749,0.2561403512954712
YLR459W,YPR031W,0,0.07837737,0.09936574846506119,0.2751219570636749,0.2562406063079834
YKL038W,YPL171C,0,0.07835894,0.09933075308799744,0.2751219570636749,0.2563408613204956
YPR168W,YIL088C,0,0.078229226,0.09929577261209488,0.2751219570636749,0.2564411163330078
YDR240C,YGL244W,0,0.07814933,0.09926082193851471,0.2751219570636749,0.25654134154319763
YMR195W,YOL096C,0,0.07800714,0.09922589361667633,0.2751219570636749,0.25664159655570984
YLR201C,YJL166W,0,0.07798133,0.09919099509716034,0.2751219570636749,0.25674185156822205
YKL144C,YNR011C,0,0.077918656,0.09915611892938614,0.2751219570636749,0.25684210658073425
YLR329W,YKL149C,0,0.0778054,0.09912126511335373,0.2751219570636749,0.25694236159324646
YML074C,YMR304W,0,0.077779524,0.09908643364906311,0.2751219570636749,0.25704261660575867
YBR181C,YPR011C,0,0.07775686,0.09905163198709488,0.2751219570636749,0.2571428716182709
YDR234W,YOR192C,0,0.077652715,0.09901685267686844,0.2751219570636749,0.2572430968284607
YEL037C,YMR161W,1,0.0776182,0.09933310002088547,0.2760975658893585,0.2572430968284607
YDR121W,YGL093W,0,0.077542365,0.09929824620485306,0.2760975658893585,0.2573433518409729
YDR096W,YDR303C,0,0.07747884,0.09926341474056244,0.2760975658893585,0.2574436068534851
YGL094C,YDL091C,1,0.07734064,0.09957924485206604,0.2770731747150421,0.2574436068534851
YER125W,YML013W,1,0.07726777,0.09989484399557114,0.2780487835407257,0.2574436068534851
YOL056W,YOR078W,0,0.077262856,0.09985984861850739,0.2780487835407257,0.2575438618659973
YLR035C-A,YJL035C,0,0.07725613,0.09982486814260483,0.2780487835407257,0.2576441168785095
YMR146C,YLR213C,0,0.0772491,0.09978991746902466,0.2780487835407257,0.25774437189102173
YBR237W,YNL164C,0,0.07723374,0.09975498914718628,0.2780487835407257,0.25784459710121155
YDR390C,YNL212W,1,0.07720447,0.10006997734308243,0.2790243923664093,0.25784459710121155
YLR291C,YPL058C,0,0.07713498,0.10003497451543808,0.2790243923664093,0.25794485211372375
YML120C,YKR006C,0,0.07700833,0.10000000149011612,0.2790243923664093,0.25804510712623596
YOL082W,YNL318C,0,0.076975964,0.09996505081653595,0.2790243923664093,0.25814536213874817
YPR134W,YKR006C,0,0.07694944,0.09993012249469757,0.2790243923664093,0.2582456171512604
YGR122W,YLR367W,0,0.07693609,0.09989521652460098,0.2790243923664093,0.2583458721637726
YMR163C,YIL087C,0,0.076862164,0.09986033290624619,0.2790243923664093,0.2584461271762848
YPL138C,YNL054W-B,0,0.07681683,0.09982547909021378,0.2790243923664093,0.2585463523864746
YDL235C,YOR320C,0,0.076742955,0.09979064762592316,0.2790243923664093,0.2586466073989868
YPR137C-A,YBL005W-B,0,0.07672257,0.09975584596395493,0.2790243923664093,0.258746862411499
YJR098C,YJR042W,0,0.07666584,0.09972105920314789,0.2790243923664093,0.25884711742401123
YMR290C,YKL179C,0,0.076664306,0.09968630224466324,0.2790243923664093,0.25894737243652344
YIL137C,YLR145W,0,0.076608,0.09965156763792038,0.2790243923664093,0.25904762744903564
YOR319W,YLR380W,0,0.07655699,0.09961685538291931,0.2790243923664093,0.25914788246154785
YLR268W,YDL148C,0,0.07653218,0.09958217293024063,0.2790243923664093,0.25924810767173767
YLR380W,YMR067C,1,0.076379605,0.09989558160305023,0.2800000011920929,0.25924810767173767
YPR068C,YGL205W,0,0.076364435,0.09986082464456558,0.2800000011920929,0.2593483626842499
YMR149W,YCL068C,0,0.07607005,0.09982609003782272,0.2800000011920929,0.2594486176967621
YNL049C,YPL031C,0,0.0760632,0.09979137778282166,0.2800000011920929,0.2595488727092743
YHR169W,YMR040W,0,0.07602326,0.09975668787956238,0.2800000011920929,0.2596491277217865
YDR342C,YER111C,0,0.07598936,0.09972202777862549,0.2800000011920929,0.2597493827342987
YIL120W,YCR020C,0,0.075971045,0.09968739002943039,0.2800000011920929,0.2598496377468109
YML081C-A,YPR119W,0,0.07594029,0.09965277463197708,0.2800000011920929,0.25994986295700073
YOR237W,YMR205C,0,0.07593844,0.09961818903684616,0.2800000011920929,0.26005011796951294
YIL053W,YOR232W,0,0.0759105,0.09958362579345703,0.2800000011920929,0.26015037298202515
YDL072C,YDR364C,0,0.07571817,0.0995490774512291,0.2800000011920929,0.26025062799453735
YGL111W,YPL233W,0,0.07559183,0.09951456636190414,0.2800000011920929,0.26035088300704956
YLR430W,YJL046W,0,0.07541881,0.09948007017374039,0.2800000011920929,0.26045113801956177
YMR281W,YOR340C,0,0.07537677,0.09944559633731842,0.2800000011920929,0.260551393032074
YIL171W,YOR177C,0,0.07521296,0.09941115230321884,0.2800000011920929,0.2606516182422638
YGL169W,YNL111C,0,0.07517919,0.09937673062086105,0.2800000011920929,0.260751873254776
YDR168W,YGL123W,0,0.075137414,0.09934233129024506,0.2800000011920929,0.2608521282672882
YML059C,YOL071W,0,0.07512542,0.09930796176195145,0.2800000011920929,0.2609523832798004
YLL016W,YOL084W,0,0.07511974,0.09927360713481903,0.2800000011920929,0.2610526382923126
YJR109C,YBL063W,0,0.075111024,0.099239282310009,0.2800000011920929,0.26115289330482483
YHR090C,YGR156W,0,0.07509403,0.09920497983694077,0.2800000011920929,0.26125311851501465
YNL289W,YBR060C,0,0.07508198,0.09917069971561432,0.2800000011920929,0.26135337352752686
YKL089W,YNL130C,0,0.07501685,0.09913644194602966,0.2800000011920929,0.26145362854003906
YDL081C,YBR026C,0,0.07498629,0.0991022065281868,0.2800000011920929,0.26155388355255127
YMR314W,YMR275C,1,0.07491975,0.0994131863117218,0.2809756100177765,0.26155388355255127
YJR060W,YLR060W,0,0.07488751,0.09937888383865356,0.2809756100177765,0.2616541385650635
YDL240W,YMR074C,0,0.07472867,0.09934460371732712,0.2809756100177765,0.2617543935775757
YER038C,YLR386W,0,0.07472103,0.09931034594774246,0.2809756100177765,0.2618546485900879
YFL009W,YBL041W,1,0.07469643,0.09962081909179688,0.2819512188434601,0.2618546485900879
YOR377W,YCL063W,0,0.07452626,0.09958649426698685,0.2819512188434601,0.2619548738002777
YLR167W,YPR190C,0,0.07447735,0.09955218434333801,0.2819512188434601,0.2620551288127899
YAR033W,YLL021W,0,0.074415244,0.09951790422201157,0.2819512188434601,0.2621553838253021
YDL134C,YKR077W,0,0.07435725,0.09948364645242691,0.2819512188434601,0.26225563883781433
YKL206C,YOL056W,0,0.07432718,0.09944941848516464,0.2819512188434601,0.26235589385032654
YKL173W,YJL090C,0,0.074259706,0.09941520541906357,0.2819512188434601,0.26245614886283875
YPR190C,YBR187W,0,0.07420252,0.09938101470470428,0.2819512188434601,0.26255640387535095
YPR017C,YBL091C-A,0,0.07418939,0.09934685379266739,0.2819512188434601,0.26265662908554077
YNR055C,YOR076C,0,0.07415948,0.09931271523237228,0.2819512188434601,0.262756884098053
YMR184W,YER144C,1,0.073911615,0.09962212294340134,0.2829268276691437,0.262756884098053
YIL030C,YNL159C,1,0.07388597,0.09993132203817368,0.28390243649482727,0.262756884098053
YLR323C,YDL140C,0,0.073864035,0.09989701211452484,0.28390243649482727,0.2628571391105652
YMR211W,YOR363C,0,0.07380781,0.0998627319931984,0.28390243649482727,0.2629573941230774
YDR101C,YPL027W,0,0.07364047,0.09982847422361374,0.28390243649482727,0.2630576491355896
YNL025C,YHR020W,0,0.07363669,0.09979423880577087,0.28390243649482727,0.2631579041481018
YMR114C,YDL220C,0,0.07354329,0.0997600257396698,0.28390243649482727,0.263258159160614
YJR097W,YIL084C,0,0.073523305,0.09972584247589111,0.28390243649482727,0.26335838437080383
YBR251W,YCR093W,0,0.07343983,0.09969167411327362,0.28390243649482727,0.26345863938331604
YDR121W,YBR283C,0,0.07343479,0.09965753555297852,0.28390243649482727,0.26355889439582825
YJL168C,YEL070W,0,0.07334743,0.0996234193444252,0.28390243649482727,0.26365914940834045
YDR033W,YOR204W,0,0.073231675,0.09958932548761368,0.28390243649482727,0.26375940442085266
YIR037W,YHR070W,0,0.073098026,0.09955525398254395,0.28390243649482727,0.26385965943336487
YMR281W,YDL115C,0,0.07301142,0.099521204829216,0.28390243649482727,0.2639599144458771
YOR315W,YIL119C,0,0.07299591,0.09948717802762985,0.28390243649482727,0.2640601396560669
YGR081C,YPL224C,0,0.07299409,0.09945318102836609,0.28390243649482727,0.2641603946685791
YNR032C-A,YIL156W,1,0.07298843,0.09976084530353546,0.28487804532051086,0.2641603946685791
YNL302C,YOR217W,0,0.07296652,0.09972677379846573,0.28487804532051086,0.2642606496810913
YAL023C,YKL178C,0,0.07286415,0.09969272464513779,0.28487804532051086,0.2643609046936035
YOL103W-B,YPL280W,0,0.07285198,0.09965870529413223,0.28487804532051086,0.2644611597061157
YDR447C,YLL048C,0,0.07284271,0.09962470084428787,0.28487804532051086,0.26456141471862793
YNL156C,YLR411W,0,0.07281983,0.0995907261967659,0.28487804532051086,0.26466163992881775
YCR107W,YPR111W,0,0.072781675,0.09955676645040512,0.28487804532051086,0.26476189494132996
YDR219C,YOR191W,0,0.07266111,0.09952283650636673,0.28487804532051086,0.26486214995384216
YHL025W,YLR197W,0,0.07260042,0.09948892891407013,0.28487804532051086,0.26496240496635437
YDR201W,YGR035C,0,0.07257696,0.09945504367351532,0.28487804532051086,0.2650626599788666
YPL103C,YIR009W,0,0.072574414,0.0994211807847023,0.28487804532051086,0.2651629149913788
YNL007C,YOL121C,0,0.07244969,0.09938734024763107,0.28487804532051086,0.265263170003891
YDR383C,YHR017W,0,0.07242527,0.09935352206230164,0.28487804532051086,0.2653633952140808
YGR082W,YDR439W,0,0.07232063,0.09931972622871399,0.28487804532051086,0.265463650226593
YIL147C,YCR030C,0,0.072298236,0.09928596019744873,0.28487804532051086,0.2655639052391052
YML058W-A,YDR196C,0,0.07228147,0.09925220906734467,0.28487804532051086,0.26566416025161743
YDR038C,YDR244W,0,0.07221018,0.09921848773956299,0.28487804532051086,0.26576441526412964
YLR009W,YNL006W,0,0.07219545,0.0991847813129425,0.28487804532051086,0.26586467027664185
YPL127C,YOR348C,0,0.07218308,0.09915110468864441,0.28487804532051086,0.26596492528915405
YHL012W,YAL010C,0,0.07217928,0.0991174504160881,0.28487804532051086,0.26606515049934387
YIL038C,YNL063W,0,0.07214333,0.099083811044693,0.28487804532051086,0.2661654055118561
YNR013C,YGL064C,0,0.07203494,0.09905020147562027,0.28487804532051086,0.2662656605243683
YJR026W,YOR217W,0,0.0719813,0.09901661425828934,0.28487804532051086,0.2663659155368805
YHR017W,YHR023W,0,0.07194931,0.0989830493927002,0.28487804532051086,0.2664661705493927
YLR207W,YLR067C,0,0.07193468,0.09894950687885284,0.28487804532051086,0.2665664255619049
YGL078C,YKR072C,0,0.071791895,0.09891598671674728,0.28487804532051086,0.2666666805744171
YBR198C,YIL035C,0,0.071745254,0.09888248890638351,0.28487804532051086,0.26676690578460693
YDL198C,YLR079W,0,0.071717,0.09884902089834213,0.28487804532051086,0.26686716079711914
YDR127W,YLR385C,0,0.07165198,0.09881556779146194,0.28487804532051086,0.26696741580963135
YLR204W,YGL084C,0,0.07163758,0.09878213703632355,0.28487804532051086,0.26706767082214355
YGR161W-B,YGL120C,0,0.07161089,0.09874872863292694,0.28487804532051086,0.26716792583465576
YER089C,YLR438C-A,0,0.071525626,0.09871535003185272,0.28487804532051086,0.26726818084716797
YDR529C,YER126C,0,0.07138733,0.0986819863319397,0.28487804532051086,0.2673684358596802
YMR080C,YNL138W,0,0.07133735,0.09864864498376846,0.28487804532051086,0.26746866106987
YKR064W,YPR120C,0,0.07132875,0.09861533343791962,0.28487804532051086,0.2675689160823822
YOR249C,YFL066C,0,0.07130083,0.09858203679323196,0.28487804532051086,0.2676691710948944
YOR026W,YOR067C,0,0.07113395,0.0985487699508667,0.28487804532051086,0.2677694261074066
YDR204W,YOR151C,0,0.0711265,0.09851551800966263,0.28487804532051086,0.2678696811199188
YML058W-A,YPL013C,0,0.07106287,0.09848229587078094,0.28487804532051086,0.26796993613243103
YJR103W,YJL012C,0,0.07105055,0.09844908863306046,0.28487804532051086,0.26807016134262085
YLL006W,YJR032W,0,0.07086817,0.09841591119766235,0.28487804532051086,0.26817041635513306
YGL014W,YJL046W,0,0.07083941,0.09838274866342545,0.28487804532051086,0.26827067136764526
YHR119W,YDR002W,0,0.07082257,0.09834961593151093,0.28487804532051086,0.26837092638015747
YPL183W-A,YKL094W,0,0.07076962,0.0983164981007576,0.28487804532051086,0.2684711813926697
YHR109W,YBR257W,0,0.07063771,0.09828340262174606,0.28487804532051086,0.2685714364051819
YFL044C,YGR199W,0,0.07060317,0.09825033694505692,0.28487804532051086,0.2686716914176941
YDR122W,YML027W,0,0.07052583,0.09821728616952896,0.28487804532051086,0.2687719166278839
YLR413W,YNL325C,0,0.070516296,0.0981842651963234,0.28487804532051086,0.2688721716403961
YDR411C,YPR128C,0,0.07047383,0.09815125912427902,0.28487804532051086,0.2689724266529083
YHR200W,YDR363W-A,1,0.07043795,0.0984543040394783,0.28585365414619446,0.2689724266529083
YGL219C,YPL097W,0,0.07029321,0.09842123091220856,0.28585365414619446,0.26907268166542053
YDR255C,YDR363W-A,1,0.07018645,0.09872397780418396,0.28682926297187805,0.26907268166542053
YLR035C-A,YLR014C,0,0.07012393,0.09869083762168884,0.28682926297187805,0.26917293667793274
YMR264W,YBR273C,1,0.07011918,0.09899328649044037,0.28780487179756165,0.26917293667793274
YBR198C,YPL027W,0,0.070061535,0.09896007925271988,0.28780487179756165,0.26927319169044495
YDR177W,YOR080W,1,0.07005807,0.09926223754882812,0.28878048062324524,0.26927319169044495
YOR351C,YJL094C,0,0.06980018,0.09922896325588226,0.28878048062324524,0.26937344670295715
YML005W,YPL156C,0,0.069753945,0.09919571131467819,0.28878048062324524,0.269473671913147
YGL240W,YOR129C,0,0.069739975,0.09916248172521591,0.28878048062324524,0.2695739269256592
YGR120C,YER051W,0,0.06965578,0.09912926703691483,0.28878048062324524,0.2696741819381714
YMR118C,YJL072C,0,0.06965306,0.09909608215093613,0.28878048062324524,0.2697744369506836
YDR478W,YLL053C,0,0.06962413,0.09906291961669922,0.28878048062324524,0.2698746919631958
YGL087C,YOL013C,1,0.06961562,0.09936433285474777,0.28975608944892883,0.2698746919631958
YOR256C,YGL058W,1,0.06959269,0.0996655523777008,0.2907316982746124,0.2698746919631958
YAR035W,YML094W,0,0.06956727,0.09963223338127136,0.2907316982746124,0.269974946975708
YMR078C,YDR261W-B,0,0.0695289,0.09959892928600311,0.2907316982746124,0.2700752019882202
YMR292W,YER005W,0,0.069434054,0.09956565499305725,0.2907316982746124,0.27017542719841003
YML015C,YBR054W,0,0.06935344,0.09953239560127258,0.2907316982746124,0.27027568221092224
YLR047C,YHR005C,0,0.06928737,0.0994991660118103,0.2907316982746124,0.27037593722343445
YOR323C,YJL219W,0,0.069193,0.09946595132350922,0.2907316982746124,0.27047619223594666
YOR001W,YHR160C,0,0.0690747,0.09943276643753052,0.2907316982746124,0.27057644724845886
YLR088W,YPL153C,0,0.069014855,0.09939959645271301,0.2907316982746124,0.27067670226097107
YHR077C,YPR120C,0,0.06888311,0.0993664562702179,0.2907316982746124,0.2707769274711609
YOR123C,YGL174W,0,0.06882209,0.09933333098888397,0.2907316982746124,0.2708771824836731
YLR347C,YHR014W,0,0.06866671,0.09930023550987244,0.2907316982746124,0.2709774374961853
YPL248C,YNR057C,0,0.06860425,0.0992671549320221,0.2907316982746124,0.2710776925086975
YJR045C,YDR228C,0,0.068473496,0.09923409670591354,0.2907316982746124,0.2711779475212097
YPL257W-B,YPL148C,0,0.06829539,0.09920106828212738,0.2907316982746124,0.2712782025337219
YMR307W,YDR531W,0,0.06826577,0.09916805475950241,0.2907316982746124,0.27137845754623413
YMR080C,YLR385C,0,0.06826293,0.09913506358861923,0.2907316982746124,0.27147868275642395
YPL180W,YMR166C,0,0.06818607,0.09910209476947784,0.2907316982746124,0.27157893776893616
YDR138W,YLR313C,0,0.06815376,0.09906914830207825,0.2907316982746124,0.27167919278144836
YBL014C,YMR059W,0,0.06810967,0.09903622418642044,0.2907316982746124,0.27177944779396057
YLR099C,YOR274W,0,0.068104975,0.09900332242250443,0.2907316982746124,0.2718797028064728
YGR040W,YML094W,0,0.06805932,0.0989704430103302,0.2907316982746124,0.271979957818985
YMR146C,YJL112W,0,0.06798632,0.09893758594989777,0.2907316982746124,0.2720802128314972
YJR045C,YIL140W,0,0.06797507,0.09890474379062653,0.2907316982746124,0.272180438041687
YCR066W,YKL145W,1,0.06797015,0.09920371323823929,0.291707307100296,0.272180438041687
YOR233W,YPR175W,0,0.06796194,0.09917081147432327,0.291707307100296,0.2722806930541992
YMR160W,YNR050C,0,0.067902945,0.09913793206214905,0.291707307100296,0.2723809480667114
YCR066W,YER087C-A,1,0.0678542,0.09943652898073196,0.2926829159259796,0.2723809480667114
YDR449C,YDR298C,0,0.0677586,0.09940357506275177,0.2926829159259796,0.27248120307922363
YNL054W,YIL109C,0,0.06773002,0.09937065094709396,0.2926829159259796,0.27258145809173584
YGL210W,YBR141C,0,0.06759297,0.09933774918317795,0.2926829159259796,0.27268171310424805
YPR071W,YDR463W,0,0.06757036,0.09930486232042313,0.2926829159259796,0.27278196811676025
YDL246C,YPR032W,0,0.067514665,0.09927200525999069,0.2926829159259796,0.2728821933269501
YPL065W,YKL201C,0,0.06746751,0.09923916310071945,0.2926829159259796,0.2729824483394623
YMR041C,YBR172C,0,0.06746263,0.0992063507437706,0.2926829159259796,0.2730827033519745
YER144C,YML029W,1,0.06736835,0.09950413554906845,0.2936585247516632,0.2730827033519745
YLR035C-A,YJL212C,0,0.06711571,0.09947124868631363,0.2936585247516632,0.2731829583644867
YBL085W,YMR040W,0,0.06707594,0.0994383841753006,0.2936585247516632,0.2732832133769989
YCR065W,YGR060W,0,0.06694835,0.09940554946660995,0.2936585247516632,0.2733834683895111
YER154W,YBR052C,0,0.066943415,0.0993727296590805,0.2936585247516632,0.2734837234020233
YKL124W,YDL147W,1,0.06690101,0.09966997057199478,0.2946341335773468,0.2734837234020233
YJR076C,YLR068W,0,0.06687824,0.09963708370923996,0.2946341335773468,0.27358394861221313
YJL058C,YEL016C,0,0.06682698,0.09960421919822693,0.2946341335773468,0.27368420362472534
YNL238W,YOR215C,0,0.06670861,0.09957138448953629,0.2946341335773468,0.27378445863723755
YMR160W,YDR362C,0,0.06665511,0.09953856468200684,0.2946341335773468,0.27388471364974976
YKL041W,YBR128C,1,0.0666335,0.09983525425195694,0.2956097424030304,0.27388471364974976
YJL143W,YMR175W,0,0.06651268,0.09980237483978271,0.2956097424030304,0.27398496866226196
YHR171W,YGL122C,0,0.066442855,0.09976951032876968,0.2956097424030304,0.27408522367477417
YDR219C,YFR004W,1,0.066421844,0.10006583482027054,0.296585351228714,0.27408522367477417
YNL181W,YBL082C,0,0.066358745,0.10003290325403214,0.296585351228714,0.274185448884964
YMR264W,YJL054W,0,0.066358395,0.10000000149011612,0.296585351228714,0.2742857038974762
YKL109W,YNL036W,0,0.06633941,0.0999671146273613,0.296585351228714,0.2743859589099884
YDR127W,YNL232W,0,0.06631143,0.09993425011634827,0.296585351228714,0.2744862139225006
YDR069C,YFR036W,1,0.066188045,0.10023003816604614,0.29756098985671997,0.2744862139225006
YMR115W,YAL058W,1,0.066012174,0.1005256250500679,0.29853659868240356,0.2744862139225006
YBR205W,YOR211C,0,0.065860085,0.10049261152744293,0.29853659868240356,0.2745864689350128
YGR135W,YPL120W,1,0.06580768,0.10078791528940201,0.29951220750808716,0.2745864689350128
YML109W,YJL098W,0,0.06570787,0.10075484216213226,0.29951220750808716,0.274686723947525
YBL035C,YFR013W,0,0.06552941,0.10072178393602371,0.29951220750808716,0.27478697896003723
YOR356W,YBR074W,0,0.06552442,0.10068874806165695,0.29951220750808716,0.27488720417022705
YBR094W,YJL180C,0,0.06550991,0.10065573453903198,0.29951220750808716,0.27498745918273926
YNL167C,YBL064C,0,0.065487646,0.1006227433681488,0.29951220750808716,0.27508771419525146
YDL112W,YNL052W,0,0.065409996,0.10058977454900742,0.29951220750808716,0.27518796920776367
YHR109W,YBR095C,0,0.06537516,0.10055682808160782,0.29951220750808716,0.2752882242202759
YHR139C,YFL021W,0,0.06537259,0.10052390396595001,0.29951220750808716,0.2753884792327881
YJL124C,YOR275C,0,0.065330915,0.1004909947514534,0.29951220750808716,0.2754887342453003
YPL183W-A,YLR426W,0,0.065194085,0.10045811533927917,0.29951220750808716,0.2755889594554901
YDR460W,YOL136C,0,0.065101065,0.10042525082826614,0.29951220750808716,0.2756892144680023
YMR159C,YGL073W,0,0.06504486,0.1003924161195755,0.29951220750808716,0.2757894694805145
YOL086C,YHL036W,0,0.06501886,0.10035959631204605,0.29951220750808716,0.27588972449302673
YJL013C,YOR038C,0,0.06496086,0.10032679885625839,0.29951220750808716,0.27598997950553894
YER103W,YHL034C,0,0.06492196,0.10029402375221252,0.29951220750808716,0.27609023451805115
YER061C,YBR251W,0,0.06491653,0.10026126354932785,0.29951220750808716,0.27619048953056335
YBL082C,YGR282C,0,0.06491355,0.10022853314876556,0.29951220750808716,0.2762907147407532
YBR065C,YCR087C-A,0,0.06487616,0.10019582509994507,0.29951220750808716,0.2763909697532654
YDR443C,YDR436W,0,0.0648321,0.10016313195228577,0.29951220750808716,0.2764912247657776
YKR071C,YOL108C,0,0.064673156,0.10013046115636826,0.29951220750808716,0.2765914797782898
YPL274W,YGR082W,0,0.06466321,0.10009781271219254,0.29951220750808716,0.276691734790802
YNL061W,YLR059C,0,0.06465431,0.1000651866197586,0.29951220750808716,0.2767919898033142
YBR033W,YNL107W,0,0.06465203,0.10003258287906647,0.29951220750808716,0.2768922448158264
YDR092W,YJL082W,0,0.064531475,0.10000000149011612,0.29951220750808716,0.27699247002601624
YDR260C,YDL074C,1,0.06450106,0.10029306262731552,0.30048781633377075,0.27699247002601624
YMR261C,YOL095C,0,0.06438077,0.1002604141831398,0.30048781633377075,0.27709272503852844
YFL002W-B,YDR204W,0,0.06437263,0.10022778809070587,0.30048781633377075,0.27719298005104065
YMR038C,YBR081C,0,0.06433959,0.10019518435001373,0.30048781633377075,0.27729323506355286
YLR206W,YNL183C,0,0.064245336,0.10016260296106339,0.30048781633377075,0.27739349007606506
YMR256C,YJL216C,0,0.06422428,0.10013003647327423,0.30048781633377075,0.27749374508857727
YPR133W-A,YHR142W,0,0.06420074,0.10009749978780746,0.30048781633377075,0.2775939702987671
YDR072C,YDR022C,0,0.06415401,0.10006497800350189,0.30048781633377075,0.2776942253112793
YMR295C,YNL263C,0,0.06406423,0.10003247857093811,0.30048781633377075,0.2777944803237915
YKL061W,YNL185C,0,0.064035304,0.10000000149011612,0.30048781633377075,0.2778947353363037
YDR118W,YGL141W,1,0.06398543,0.10029211640357971,0.30146342515945435,0.2778947353363037
YJL213W,YPL173W,0,0.0639599,0.10025957226753235,0.30146342515945435,0.2779949903488159
YHR111W,YGR040W,0,0.063923605,0.10022705048322678,0.30146342515945435,0.2780952453613281
YJL171C,YER131W,0,0.063917406,0.100194551050663,0.30146342515945435,0.27819550037384033
YOR014W,YMR182C,0,0.063776664,0.100162073969841,0.30146342515945435,0.27829572558403015
YOR275C,YNL127W,0,0.06375939,0.1001296192407608,0.30146342515945435,0.27839598059654236
YHR205W,YFR015C,0,0.06363062,0.1000971794128418,0.30146342515945435,0.27849623560905457
YDL015C,YDR014W,0,0.0634611,0.10006476938724518,0.30146342515945435,0.2785964906215668
YKL054C,YNR047W,0,0.06339715,0.10003237426280975,0.30146342515945435,0.278696745634079
YBR176W,YER002W,0,0.06338414,0.10000000149011612,0.30146342515945435,0.2787970006465912
YGR032W,YGL045W,0,0.06328619,0.09996765106916428,0.30146342515945435,0.2788972556591034
YDR173C,YIL093C,0,0.063147,0.09993531554937363,0.30146342515945435,0.2789974808692932
YOR016C,YMR087W,0,0.06306306,0.09990300983190536,0.30146342515945435,0.2790977358818054
YGR055W,YHR005C,0,0.06292065,0.0998707190155983,0.30146342515945435,0.2791979908943176
YER029C,YDR384C,0,0.06281494,0.09983845055103302,0.30146342515945435,0.27929824590682983
YDL190C,YPL093W,0,0.06280314,0.09980620443820953,0.30146342515945435,0.27939850091934204
YMR315W,YML016C,0,0.062784456,0.09977397322654724,0.30146342515945435,0.27949875593185425
YJL198W,YGR112W,0,0.06275473,0.09974177181720734,0.30146342515945435,0.27959901094436646
YHL012W,YBR069C,0,0.062725976,0.09970958530902863,0.30146342515945435,0.2796992361545563
YBR023C,YBR245C,0,0.06259387,0.0996774211525917,0.30146342515945435,0.2797994911670685
YPL145C,YDR322W,0,0.062554695,0.09964527934789658,0.30146342515945435,0.2798997461795807
YNL118C,YKL015W,0,0.06253355,0.09961315244436264,0.30146342515945435,0.2800000011920929
YGR032W,YJR130C,0,0.06251568,0.0995810478925705,0.30146342515945435,0.2801002562046051
YLR007W,YLR259C,0,0.06246514,0.09954896569252014,0.30146342515945435,0.2802005112171173
YLL055W,YCL047C,0,0.062367164,0.09951690584421158,0.30146342515945435,0.2803007662296295
YHR194W,YPL172C,0,0.06236157,0.0994848683476448,0.30146342515945435,0.28040099143981934
YGL226C-A,YJR153W,0,0.06234599,0.09945284575223923,0.30146342515945435,0.28050124645233154
YPR175W,YKL004W,0,0.062295504,0.09942085295915604,0.30146342515945435,0.28060150146484375
YOR253W,YLR249W,0,0.06213779,0.09938886761665344,0.30146342515945435,0.28070175647735596
YKL010C,YPL176C,1,0.0620497,0.09967845678329468,0.30243903398513794,0.28070175647735596
YBR203W,YER094C,1,0.061976053,0.09996785968542099,0.30341464281082153,0.28070175647735596
YGL240W,YHR108W,1,0.06179809,0.10025706887245178,0.3043902516365051,0.28070175647735596
YMR153W,YOR348C,0,0.061783068,0.10022486001253128,0.3043902516365051,0.28080201148986816
YMR077C,YPR066W,1,0.06176538,0.10051380842924118,0.3053658604621887,0.28080201148986816
YKR098C,YOR259C,1,0.061739556,0.10080257058143616,0.3063414692878723,0.28080201148986816
YHR077C,YNL161W,0,0.06170536,0.10077022016048431,0.3063414692878723,0.28090226650238037
YPR119W,YGR044C,0,0.061556257,0.10073789209127426,0.3063414692878723,0.2810024917125702
YPR055W,YGL106W,0,0.061513223,0.1007055789232254,0.3063414692878723,0.2811027467250824
YLR278C,YPL121C,0,0.06148348,0.10067329555749893,0.3063414692878723,0.2812030017375946
YER015W,YJR133W,0,0.06146466,0.10064102709293365,0.3063414692878723,0.2813032567501068
YNR044W,YDR150W,0,0.061458476,0.10060878098011017,0.3063414692878723,0.281403511762619
YKR044W,YDR495C,0,0.061446205,0.10057654976844788,0.3063414692878723,0.2815037667751312
YLR207W,YAR010C,0,0.061378665,0.10054434835910797,0.3063414692878723,0.28160402178764343
YMR221C,YGR095C,0,0.061352544,0.10051216185092926,0.3063414692878723,0.28170424699783325
YCR028C,YBR162W-A,0,0.061324857,0.10047999769449234,0.3063414692878723,0.28180450201034546
YDR054C,YOR256C,1,0.06127522,0.10076775401830673,0.3073170781135559,0.28180450201034546
YLR410W-A,YBR041W,0,0.061244205,0.10073553025722504,0.3073170781135559,0.28190475702285767
YHR204W,YKR077W,0,0.061037473,0.10070332139730453,0.3073170781135559,0.2820050120353699
YHR157W,YKR034W,0,0.060959868,0.10067114233970642,0.3073170781135559,0.2821052670478821
YMR110C,YPL100W,0,0.06095022,0.1006389781832695,0.3073170781135559,0.2822055220603943
YDL081C,YBL017C,0,0.060912587,0.10060683637857437,0.3073170781135559,0.2823057770729065
YDR323C,YJL045W,0,0.060821205,0.10057470947504044,0.3073170781135559,0.2824060022830963
YDR367W,YJL012C,0,0.06081835,0.10054261237382889,0.3073170781135559,0.2825062572956085
YML080W,YBR001C,0,0.060801722,0.10051053017377853,0.3073170781135559,0.2826065123081207
YMR067C,YDL007W,1,0.06078688,0.10079744458198547,0.3082926869392395,0.2826065123081207
YHR164C,YKR096W,0,0.06076037,0.10076530277729034,0.3082926869392395,0.28270676732063293
YFR050C,YOR124C,1,0.060756452,0.10105196386575699,0.3092682957649231,0.28270676732063293
YPL115C,YOR086C,0,0.0606919,0.10101975500583649,0.3092682957649231,0.28280702233314514
YGL226W,YLR258W,0,0.060691096,0.10098757594823837,0.3092682957649231,0.28290727734565735
YBR290W,YDL147W,1,0.060680166,0.10127388685941696,0.3102439045906067,0.28290727734565735
YNL331C,YNL246W,0,0.060611285,0.10124164074659348,0.3102439045906067,0.28300753235816956
YER012W,YGL105W,0,0.060601525,0.10120942443609238,0.3102439045906067,0.2831077575683594
YKR002W,YIL101C,0,0.06059446,0.10117721557617188,0.3102439045906067,0.2832080125808716
YGL253W,YGR260W,0,0.06059295,0.10114503651857376,0.3102439045906067,0.2833082675933838
YDL195W,YLL062C,0,0.06052363,0.10111287981271744,0.3102439045906067,0.283408522605896
YJL219W,YLR037C,0,0.060441032,0.10108073800802231,0.3102439045906067,0.2835087776184082
YLR120C,YER131W,0,0.06036047,0.10104861855506897,0.3102439045906067,0.2836090326309204
YOR207C,YDR263C,0,0.060329758,0.10101652145385742,0.3102439045906067,0.2837092876434326
YNL210W,YMR228W,0,0.060286395,0.10098443925380707,0.3102439045906067,0.28380951285362244
YHR073W,YNL131W,0,0.060282446,0.1009523794054985,0.3102439045906067,0.28390976786613464
YKR035W-A,YDL202W,0,0.060176842,0.10092034190893173,0.3102439045906067,0.28401002287864685
YDR256C,YNL314W,0,0.060051538,0.10088832676410675,0.3102439045906067,0.28411027789115906
YJL110C,YHL036W,0,0.059963964,0.10085632652044296,0.3102439045906067,0.28421053290367126
YNL059C,YKL206C,0,0.0599496,0.10082434862852097,0.3102439045906067,0.28431078791618347
YPL130W,YMR318C,0,0.05990448,0.10079239308834076,0.3102439045906067,0.2844110131263733
YGR263C,YAR042W,0,0.05989746,0.10076045989990234,0.3102439045906067,0.2845112681388855
YLR182W,YNL092W,0,0.05987761,0.10072854161262512,0.3102439045906067,0.2846115231513977
YIR017C,YNL287W,0,0.059738062,0.10069664567708969,0.3102439045906067,0.2847117781639099
YKL021C,YNL267W,0,0.05966653,0.10066476464271545,0.3102439045906067,0.2848120331764221
YHR033W,YLR033W,0,0.05955664,0.1006329134106636,0.3102439045906067,0.2849122881889343
YDL091C,YLR025W,1,0.059537195,0.10091742873191833,0.3112195134162903,0.2849122881889343
YOR259C,YBR201W,1,0.059503257,0.10120177268981934,0.3121951222419739,0.2849122881889343
YLR389C,YDR238C,0,0.05950325,0.10116977244615555,0.3121951222419739,0.28501254320144653
YBR129C,YNR027W,0,0.059494115,0.10113780200481415,0.3121951222419739,0.28511276841163635
YKL203C,YMR304W,0,0.059343584,0.10110584646463394,0.3121951222419739,0.28521302342414856
YDR337W,YLR367W,0,0.059315715,0.10107391327619553,0.3121951222419739,0.28531327843666077
YNL118C,YBR241C,0,0.05928698,0.1010419949889183,0.3121951222419739,0.285413533449173
YGL227W,YBL067C,1,0.059255667,0.10132575780153275,0.31317073106765747,0.285413533449173
YML097C,YPR031W,0,0.059248157,0.10129377990961075,0.31317073106765747,0.2855137884616852
YBR072W,YKL165C,0,0.059233315,0.10126183182001114,0.31317073106765747,0.2856140434741974
YIL017C,YDR427W,1,0.059210457,0.10154525190591812,0.31414633989334106,0.2856140434741974
YPL134C,YAL010C,0,0.05919888,0.10151324421167374,0.31414633989334106,0.2857142984867096
YPL214C,YBL017C,0,0.05919651,0.10148125141859055,0.31414633989334106,0.2858145236968994
YOR351C,YDR287W,0,0.059124388,0.10144927352666855,0.31414633989334106,0.2859147787094116
YLR410W-A,YCR037C,0,0.05911559,0.10141732543706894,0.31414633989334106,0.28601503372192383
YOR337W,YER149C,0,0.05911257,0.10138539224863052,0.31414633989334106,0.28611528873443604
YNL166C,YPL196W,0,0.059092976,0.1013534814119339,0.31414633989334106,0.28621554374694824
YBR097W,YPL226W,0,0.059059627,0.10132158547639847,0.31414633989334106,0.28631579875946045
YLR289W,YJL094C,0,0.059037544,0.10128971189260483,0.31414633989334106,0.28641605377197266
YGL155W,YPL050C,0,0.058897234,0.10125786066055298,0.31414633989334106,0.2865162789821625
YDL077C,YDR167W,0,0.058871336,0.10122603178024292,0.31414633989334106,0.2866165339946747
YLR450W,YCR092C,0,0.0587985,0.10119421780109406,0.31414633989334106,0.2867167890071869
YDR134C,YLR102C,0,0.058767565,0.10116242617368698,0.31414633989334106,0.2868170440196991
YLL004W,YEL020W-A,0,0.05871277,0.1011306568980217,0.31414633989334106,0.2869172990322113
YOR157C,YOR313C,0,0.058598347,0.10109890252351761,0.31414633989334106,0.2870175540447235
YFL025C,YKL002W,1,0.058486976,0.10138104110956192,0.31512194871902466,0.2870175540447235
YMR238W,YDL120W,0,0.05848494,0.10134923458099365,0.31512194871902466,0.2871178090572357
YGR071C,YDR512C,0,0.05811967,0.10131744295358658,0.31512194871902466,0.28721803426742554
YOR099W,YCL016C,0,0.058051363,0.1012856662273407,0.31512194871902466,0.28731828927993774
YFR006W,YBR273C,0,0.05797007,0.1012539193034172,0.31512194871902466,0.28741854429244995
YOL138C,YJR119C,0,0.057957627,0.10122218728065491,0.31512194871902466,0.28751879930496216
YAL041W,YJL011C,0,0.057886206,0.1011904776096344,0.31512194871902466,0.28761905431747437
YNL230C,YFL049W,0,0.05783143,0.10115878283977509,0.31512194871902466,0.2877193093299866
YPR103W,YFL009W,1,0.057779454,0.1014401987195015,0.31609755754470825,0.2877193093299866
YDR498C,YOR250C,0,0.057772122,0.101408451795578,0.31609755754470825,0.2878195345401764
YGR179C,YLR283W,0,0.05766479,0.1013767197728157,0.31609755754470825,0.2879197895526886
YGL243W,YDL107W,0,0.057615846,0.1013450101017952,0.31609755754470825,0.2880200445652008
YJL171C,YBR120C,0,0.057602037,0.10131332278251648,0.31609755754470825,0.288120299577713
YFR037C,YDL110C,0,0.057438157,0.10128165036439896,0.31609755754470825,0.2882205545902252
YJL052W,YBR213W,0,0.05743435,0.10125000029802322,0.31609755754470825,0.2883208096027374
YOL030W,YPL082C,0,0.05727622,0.10121837258338928,0.31609755754470825,0.28842106461524963
YLL024C,YDR337W,0,0.057258524,0.10118675976991653,0.31609755754470825,0.28852128982543945
YAL058W,YHR200W,1,0.05724431,0.10146737098693848,0.31707316637039185,0.28852128982543945
YBR164C,YBR058C-A,0,0.057113953,0.10143570601940155,0.31707316637039185,0.28862154483795166
YLR024C,YFL025C,1,0.05707053,0.1017160713672638,0.31804877519607544,0.28862154483795166
YOR334W,YLR083C,0,0.057052366,0.1016843393445015,0.31804877519607544,0.28872179985046387
YDR251W,YDR098C-B,0,0.05704061,0.10165263712406158,0.31804877519607544,0.2888220548629761
YGR274C,YDR247W,0,0.057037197,0.10162094980478287,0.31804877519607544,0.2889223098754883
YHL038C,YBR091C,0,0.05703073,0.10158927738666534,0.31804877519607544,0.2890225648880005
YJL053W,YDR287W,0,0.05698471,0.10155763477087021,0.31804877519607544,0.2891228199005127
YGL173C,YNR057C,0,0.056905515,0.10152600705623627,0.31804877519607544,0.2892230451107025
YKL028W,YDL067C,0,0.05687932,0.10149439424276352,0.31804877519607544,0.2893233001232147
YOR127W,YOR099W,0,0.056798257,0.10146280378103256,0.31804877519607544,0.28942355513572693
YOR271C,YGL185C,0,0.056739412,0.1014312356710434,0.31804877519607544,0.28952381014823914
YJR155W,YER102W,0,0.056604154,0.10139968991279602,0.31804877519607544,0.28962406516075134
YER155C,YPR060C,0,0.056504846,0.10136815905570984,0.31804877519607544,0.28972432017326355
YOL043C,YNL025C,0,0.05638262,0.10133665055036545,0.31804877519607544,0.28982457518577576
YDL229W,YDR242W,0,0.056288995,0.10130515694618225,0.31804877519607544,0.2899248003959656
YMR292W,YJL005W,0,0.056275904,0.10127368569374084,0.31804877519607544,0.2900250554084778
YER143W,YDR328C,1,0.05625821,0.10155279189348221,0.31902438402175903,0.2900250554084778
YJL173C,YML006C,0,0.056247532,0.10152126848697662,0.31902438402175903,0.29012531042099
YDR457W,YOR046C,0,0.056232676,0.10148975998163223,0.31902438402175903,0.2902255654335022
YKL004W,YDR210C-D,0,0.056154944,0.10145826637744904,0.31902438402175903,0.2903258204460144
YNL212W,YOL154W,0,0.05609081,0.10142680257558823,0.31902438402175903,0.2904260754585266
YBR223C,YLR414C,0,0.056053363,0.10139534622430801,0.31902438402175903,0.2905263304710388
YFR025C,YLR010C,0,0.05589374,0.10136391967535019,0.31902438402175903,0.29062655568122864
YLR182W,YIL155C,0,0.05582931,0.10133250802755356,0.31902438402175903,0.29072681069374084
YBL041W,YMR176W,0,0.055580266,0.10130111873149872,0.31902438402175903,0.29082706570625305
YDL185W,YER117W,0,0.05545383,0.10126974433660507,0.31902438402175903,0.29092732071876526
YBR128C,YIL156W,1,0.055336393,0.10154798626899719,0.3199999928474426,0.29092732071876526
YDR447C,YFR001W,0,0.055160634,0.10151655972003937,0.3199999928474426,0.29102757573127747
YDR222W,YFL045C,0,0.055091582,0.10148514807224274,0.3199999928474426,0.2911278307437897
YKL138C,YBL054W,0,0.0549796,0.1014537587761879,0.3199999928474426,0.2912280559539795
YIL076W,YPL082C,0,0.05490242,0.10142238438129425,0.3199999928474426,0.2913283109664917
YER038C,YDR411C,0,0.054762788,0.1013910323381424,0.3199999928474426,0.2914285659790039
YLR430W,YCR094W,0,0.05465906,0.10135970264673233,0.3199999928474426,0.2915288209915161
YKL210W,YDL205C,0,0.054586492,0.10132838785648346,0.3199999928474426,0.2916290760040283
YDR510W,YBR173C,1,0.054585926,0.10160592943429947,0.3209756016731262,0.2916290760040283
YKR055W,YGR099W,0,0.05447095,0.10157456248998642,0.3209756016731262,0.2917293310165405
YER184C,YLR277C,0,0.05440014,0.10154321044683456,0.3209756016731262,0.29182958602905273
YKL140W,YOR338W,0,0.0543553,0.1015118807554245,0.3209756016731262,0.29192981123924255
YPR041W,YOR358W,0,0.054194354,0.10148056596517563,0.3209756016731262,0.29203006625175476
YBR009C,YOL124C,0,0.054107197,0.10144927352666855,0.3209756016731262,0.29213032126426697
YDR528W,YBL030C,0,0.054105885,0.10141800343990326,0.3209756016731262,0.2922305762767792
YPL027W,YOR304C-A,0,0.05410303,0.10138674825429916,0.3209756016731262,0.2923308312892914
YJR060W,YLR185W,0,0.053967807,0.10135551542043686,0.3209756016731262,0.2924310863018036
YLR344W,YPR161C,0,0.053821124,0.10132429748773575,0.3209756016731262,0.2925313413143158
YPR063C,YLR170C,0,0.05379525,0.10129310190677643,0.3209756016731262,0.2926315665245056
YHR021C,YDR497C,0,0.053757586,0.1012619286775589,0.3209756016731262,0.2927318215370178
YOR311C,YMR239C,0,0.053731948,0.10123077034950256,0.3209756016731262,0.29283207654953003
YCR030C,YJL191W,0,0.05371491,0.10119963437318802,0.3209756016731262,0.29293233156204224
YBR080C,YOR209C,0,0.05364109,0.10116851329803467,0.3209756016731262,0.29303258657455444
YOR215C,YCL048W,0,0.053455435,0.10113741457462311,0.3209756016731262,0.29313284158706665
YPL089C,YLR390W-A,0,0.05344572,0.10110633075237274,0.3209756016731262,0.29323309659957886
YLR050C,YLL003W,0,0.053438313,0.10107526928186417,0.3209756016731262,0.2933333218097687
YDR306C,YKL054C,1,0.05342909,0.10135135054588318,0.3219512104988098,0.2933333218097687
YGR143W,YCL068C,0,0.05342283,0.10132023692131042,0.3219512104988098,0.2934335768222809
YDR217C,YGR161W-B,0,0.05341222,0.10128913074731827,0.3219512104988098,0.2935338318347931
YER144C,YLL042C,1,0.05340495,0.10156489908695221,0.3229268193244934,0.2935338318347931
YDR243C,YDR261W-B,0,0.053375326,0.10153374075889587,0.3229268193244934,0.2936340868473053
YDR122W,YOL155C,0,0.053312294,0.10150260478258133,0.3229268193244934,0.2937343418598175
YNL258C,YLR200W,0,0.053303406,0.10147149115800858,0.3229268193244934,0.2938345968723297
YDL070W,YGR044C,0,0.053257115,0.10144039243459702,0.3229268193244934,0.2939348518848419
YER098W,YCL008C,1,0.053116843,0.10171568393707275,0.323902428150177,0.2939348518848419
YOL076W,YLR309C,0,0.05311335,0.10168453305959702,0.323902428150177,0.29403507709503174
YNR026C,YIL097W,1,0.053087957,0.10195958614349365,0.3248780369758606,0.29403507709503174
YBR198C,YMR210W,0,0.053051677,0.10192837566137314,0.3248780369758606,0.29413533210754395
YKL126W,YHR186C,0,0.052911885,0.10189718753099442,0.3248780369758606,0.29423558712005615
YOR373W,YOR113W,0,0.05279719,0.10186601430177689,0.3248780369758606,0.29433584213256836
YIL005W,YMR135C,1,0.052721404,0.10214067250490189,0.3258536458015442,0.29433584213256836
YBR181C,YGL195W,0,0.05266823,0.10210944712162018,0.3258536458015442,0.29443609714508057
YIL144W,YDL047W,0,0.052639782,0.10207823663949966,0.3258536458015442,0.2945363521575928
YDR403W,YOR217W,0,0.052635923,0.10204704850912094,0.3258536458015442,0.2946365773677826
YLR203C,YGR112W,0,0.052634932,0.10201588273048401,0.3258536458015442,0.2947368323802948
YLR249W,YDR074W,0,0.05258911,0.10198473185300827,0.3258536458015442,0.294837087392807
YBL020W,YJL011C,0,0.052557647,0.10195360332727432,0.3258536458015442,0.2949373424053192
YOR242C,YOR274W,0,0.052490562,0.10192248970270157,0.3258536458015442,0.2950375974178314
YML037C,YBR268W,0,0.05245492,0.1018913984298706,0.3258536458015442,0.29513785243034363
YAL008W,YOR250C,0,0.052414067,0.10186032205820084,0.3258536458015442,0.29523810744285583
YPL091W,YER007W,0,0.052251264,0.10182926803827286,0.3258536458015442,0.29533833265304565
YGR046W,YDR501W,0,0.052242905,0.10179822891950607,0.3258536458015442,0.29543858766555786
YDL231C,YPR186C,0,0.052169733,0.10176721215248108,0.3258536458015442,0.29553884267807007
YDR054C,YDR075W,0,0.052070208,0.10173621773719788,0.3258536458015442,0.2956390976905823
YOL165C,YPR162C,0,0.05202965,0.10170523822307587,0.3258536458015442,0.2957393527030945
YMR314W,YFL044C,1,0.052012615,0.10197868943214417,0.3268292546272278,0.2957393527030945
YNL059C,YOR036W,0,0.05196825,0.10194765776395798,0.3268292546272278,0.2958396077156067
YOR090C,YBR093C,0,0.051835783,0.10191664099693298,0.3268292546272278,0.2959398627281189
YDR227W,YOR106W,0,0.051813766,0.10188564658164978,0.3268292546272278,0.2960400879383087
YDR402C,YOR113W,0,0.05176576,0.10185466706752777,0.3268292546272278,0.2961403429508209
YLR227W-B,YDR067C,0,0.051761262,0.10182370990514755,0.3268292546272278,0.29624059796333313
YMR135C,YER012W,1,0.051718496,0.10209662467241287,0.3278048634529114,0.29624059796333313
YIL047C,YER133W,0,0.05170194,0.10206561535596848,0.3278048634529114,0.29634085297584534
YAL043C,YNL294C,0,0.051608406,0.10203462094068527,0.3278048634529114,0.29644110798835754
YIL064W,YJL112W,0,0.051578134,0.10200364142656326,0.3278048634529114,0.29654136300086975
YGR120C,YDR263C,0,0.051533025,0.10197268426418304,0.3278048634529114,0.29664161801338196
YLR006C,YGR007W,0,0.05136446,0.10194174945354462,0.3278048634529114,0.2967418432235718
YFR047C,YMR145C,0,0.051343106,0.10191082954406738,0.3278048634529114,0.296842098236084
YAL026C,YDR036C,0,0.05130636,0.10187992453575134,0.3278048634529114,0.2969423532485962
YGR135W,YDR059C,1,0.051194735,0.10215216875076294,0.32878050208091736,0.2969423532485962
YCL052C,YCL044C,1,0.051118128,0.1024242416024208,0.32975611090660095,0.2969423532485962
YJL062W,YPR055W,0,0.051106907,0.10239321738481522,0.32975611090660095,0.2970426082611084
YGL018C,YGL030W,0,0.051094063,0.10236220806837082,0.32975611090660095,0.2971428632736206
YEL037C,YDR363W-A,1,0.051093437,0.10263396799564362,0.33073171973228455,0.2971428632736206
YGL104C,YIL026C,0,0.051088817,0.10260290652513504,0.33073171973228455,0.2972431182861328
YDR092W,YDR069C,1,0.051045127,0.10287443548440933,0.33170732855796814,0.2972431182861328
YOR222W,YPL042C,0,0.0507173,0.10284331440925598,0.33170732855796814,0.29734334349632263
YJR010C-A,YPL149W,0,0.05070311,0.10281221568584442,0.33170732855796814,0.29744359850883484
YDR390C,YLR208W,1,0.05067496,0.10308343172073364,0.33268293738365173,0.29744359850883484
YLR007W,YJL059W,0,0.05065743,0.1030522808432579,0.33268293738365173,0.29754385352134705
YLR011W,YOR389W,0,0.050493404,0.10302114486694336,0.33268293738365173,0.29764410853385925
YKR052C,YGL126W,0,0.05043479,0.1029900312423706,0.33268293738365173,0.29774436354637146
YDR430C,YHR110W,0,0.050387837,0.10295893996953964,0.33268293738365173,0.29784461855888367
YER048W-A,YNL151C,0,0.050375823,0.10292786359786987,0.33268293738365173,0.2979448735713959
YDL170W,YHR138C,0,0.050369717,0.1028968021273613,0.33268293738365173,0.2980450987815857
YFL016C,YDR057W,1,0.050206997,0.10316742211580276,0.3336585462093353,0.2980450987815857
YEL015W,YMR053C,0,0.05016192,0.10313630849123001,0.3336585462093353,0.2981453537940979
YOR222W,YGR005C,0,0.050083116,0.10310521721839905,0.3336585462093353,0.2982456088066101
YER071C,YLR288C,0,0.050065555,0.10307414084672928,0.3336585462093353,0.2983458638191223
YKL191W,YOR382W,0,0.049830712,0.1030430868268013,0.3336585462093353,0.2984461188316345
YJL001W,YFL049W,1,0.049615145,0.10331325232982635,0.3346341550350189,0.2984461188316345
YJR025C,YPR158C-C,0,0.04954224,0.1032821461558342,0.3346341550350189,0.29854637384414673
YOR221C,YPL021W,0,0.049492195,0.10325105488300323,0.3346341550350189,0.29864662885665894
YPL234C,YOL093W,0,0.049446188,0.10321997851133347,0.3346341550350189,0.29874685406684875
YDL223C,YIR018W,0,0.04941673,0.10318893194198608,0.3346341550350189,0.29884710907936096
YOR294W,YBR273C,0,0.0493925,0.1031578928232193,0.3346341550350189,0.29894736409187317
YDL087C,YPL257W-A,0,0.049373902,0.1031268760561943,0.3346341550350189,0.2990476191043854
YOR261C,YMR275C,1,0.049369045,0.1033964529633522,0.3356097638607025,0.2990476191043854
YGL158W,YML037C,0,0.049301796,0.10336538404226303,0.3356097638607025,0.2991478741168976
YBR058C,YLR224W,1,0.04920685,0.10363472253084183,0.3365853726863861,0.2991478741168976
YDR386W,YOR257W,0,0.049131162,0.10360360145568848,0.3365853726863861,0.2992481291294098
YLR364W,YER123W,0,0.049118526,0.10357250273227692,0.3365853726863861,0.299348384141922
YJR135W-A,YOR037W,0,0.049096815,0.10354141891002655,0.3365853726863861,0.2994486093521118
YKL155C,YBR286W,0,0.049079545,0.10351034998893738,0.3365853726863861,0.299548864364624
YGL087C,YMR223W,1,0.04906089,0.10377924144268036,0.3375609815120697,0.299548864364624
YOR025W,YKL154W,0,0.049007006,0.1037481278181076,0.3375609815120697,0.29964911937713623
YBL058W,YOR326W,0,0.048993103,0.10371702909469604,0.3375609815120697,0.29974937438964844
YIL080W,YNR003C,0,0.048934527,0.10368594527244568,0.3375609815120697,0.29984962940216064
YNL012W,YPR055W,0,0.048932496,0.1036548838019371,0.3375609815120697,0.29994988441467285
YDL210W,YJR006W,0,0.048849627,0.10362383723258972,0.3375609815120697,0.30005013942718506
YLR447C,YBR081C,0,0.048767142,0.10359281301498413,0.3375609815120697,0.3001503646373749
YGL216W,YFR015C,0,0.048496194,0.10356181114912033,0.3375609815120697,0.3002506196498871
YLR410W-A,YNR043W,0,0.048474632,0.10353081673383713,0.3375609815120697,0.3003508746623993
YFR014C,YOL002C,0,0.048408307,0.10349985212087631,0.3375609815120697,0.3004511296749115
YCL069W,YKL191W,0,0.048372902,0.10346890240907669,0.3375609815120697,0.3005513846874237
YOL076W,YDR372C,0,0.048336543,0.10343796759843826,0.3375609815120697,0.3006516396999359
YGL096W,YBR281C,0,0.048320077,0.10340705513954163,0.3375609815120697,0.30075186491012573
YDR345C,YKR028W,0,0.048215173,0.10337615758180618,0.3375609815120697,0.30085211992263794
YGR135W,YHL032C,0,0.048193723,0.10334528237581253,0.3375609815120697,0.30095237493515015
YMR304W,YMR223W,1,0.048038967,0.10361301898956299,0.3385365903377533,0.30095237493515015
YDR545W,YNL180C,0,0.047925033,0.10358209162950516,0.3385365903377533,0.30105262994766235
YJR149W,YDR420W,0,0.04783491,0.10355117917060852,0.3385365903377533,0.30115288496017456
YJL069C,YGR052W,0,0.04780207,0.10352028906345367,0.3385365903377533,0.30125313997268677
YHR092C,YLL018C-A,0,0.04775873,0.10348941385746002,0.3385365903377533,0.301353394985199
YDR238C,YML040W,0,0.047691576,0.10345855355262756,0.3385365903377533,0.3014536201953888
YBL085W,YBR218C,0,0.047651686,0.10342772305011749,0.3385365903377533,0.301553875207901
YFL054C,YDL149W,0,0.047634996,0.10339689999818802,0.3385365903377533,0.3016541302204132
YPR070W,YBR278W,0,0.047621675,0.10336609929800034,0.3385365903377533,0.3017543852329254
YBR003W,YLR025W,0,0.047594637,0.10333532094955444,0.3385365903377533,0.3018546402454376
YNR041C,YPL018W,0,0.047557972,0.10330455750226974,0.3385365903377533,0.30195489525794983
YEL059C-A,YPL186C,0,0.047514714,0.10327380895614624,0.3385365903377533,0.30205515027046204
YAL033W,YJR119C,0,0.047476783,0.10324308276176453,0.3385365903377533,0.30215537548065186
YHL044W,YDR012W,0,0.047460653,0.103212371468544,0.3385365903377533,0.30225563049316406
YBR023C,YDR098C-B,0,0.04744876,0.10318168252706528,0.3385365903377533,0.30235588550567627
YLR224W,YIL019W,0,0.047444172,0.10315100848674774,0.3385365903377533,0.3024561405181885
YNL293W,YDR046C,0,0.047433265,0.103120356798172,0.3385365903377533,0.3025563955307007
YDR261C,YAL051W,0,0.047324464,0.10308972001075745,0.3385365903377533,0.3026566505432129
YDR534C,YLR147C,0,0.047225244,0.10305910557508469,0.3385365903377533,0.3027569055557251
YOR326W,YGR027C,0,0.04719556,0.10302850604057312,0.3385365903377533,0.3028571307659149
YJR036C,YHR058C,0,0.047184415,0.10299792140722275,0.3385365903377533,0.3029573857784271
YNL261W,YEL036C,0,0.047134258,0.10296735912561417,0.3385365903377533,0.30305764079093933
YHR006W,YLR309C,0,0.047127716,0.10293681174516678,0.3385365903377533,0.30315789580345154
YMR207C,YGR123C,0,0.047046833,0.10290628671646118,0.3385365903377533,0.30325815081596375
YML125C,YKL022C,0,0.046950214,0.10287577658891678,0.3385365903377533,0.30335840582847595
YDR457W,YGL048C,1,0.046938844,0.1031416729092598,0.3395121991634369,0.30335840582847595
YDL113C,YMR211W,0,0.046928175,0.10311111062765121,0.3395121991634369,0.30345866084098816
YPL235W,YLR333C,0,0.046864927,0.10308057069778442,0.3395121991634369,0.303558886051178
YGL174W,YOR142W-A,0,0.046864256,0.10305004566907883,0.3395121991634369,0.3036591410636902
YLR005W,YJR010W,0,0.046801887,0.10301953554153442,0.3395121991634369,0.3037593960762024
YOR230W,YDR013W,0,0.04670144,0.10298904776573181,0.3395121991634369,0.3038596510887146
YBL075C,YGR012W,0,0.046589717,0.10295858234167099,0.3395121991634369,0.3039599061012268
YOR043W,YCL069W,0,0.046504013,0.10292812436819077,0.3395121991634369,0.304060161113739
YBR193C,YDR471W,0,0.04645837,0.10289769619703293,0.3395121991634369,0.30416038632392883
YPL248C,YDR190C,0,0.046392716,0.10286727547645569,0.3395121991634369,0.30426064133644104
YGL167C,YCL036W,0,0.046370678,0.10283687710762024,0.3395121991634369,0.30436089634895325
YLR060W,YER185W,0,0.04635357,0.10280650109052658,0.3395121991634369,0.30446115136146545
YNR060W,YLR045C,0,0.04627956,0.10277613997459412,0.3395121991634369,0.30456140637397766
YNR002C,YOR335C,0,0.046276577,0.10274579375982285,0.3395121991634369,0.30466166138648987
YPR103W,YDR363W-A,1,0.04613392,0.1030106246471405,0.3404878079891205,0.30466166138648987
YER144C,YBR105C,1,0.046018787,0.10327529907226562,0.3414634168148041,0.30466166138648987
YOR127W,YDR240C,0,0.045972295,0.1032448410987854,0.3414634168148041,0.3047619163990021
YLR219W,YOR335C,0,0.045946114,0.10321439057588577,0.3414634168148041,0.3048621416091919
YIL072W,YOR002W,0,0.045942903,0.10318396240472794,0.3414634168148041,0.3049623966217041
YJL035C,YKR054C,0,0.045843445,0.10315354913473129,0.3414634168148041,0.3050626516342163
YLR348C,YMR270C,0,0.04581307,0.10312315821647644,0.3414634168148041,0.3051629066467285
YPL101W,YDR172W,0,0.045793913,0.10309278219938278,0.3414634168148041,0.3052631616592407
YHR120W,YPR046W,0,0.045777433,0.10306242853403091,0.3414634168148041,0.30536341667175293
YLR390W,YDR309C,0,0.045685805,0.10303208976984024,0.3414634168148041,0.30546367168426514
YLR150W,YNL160W,0,0.0456532,0.10300176590681076,0.3414634168148041,0.30556389689445496
YGL048C,YGL017W,1,0.04564587,0.1032656654715538,0.34243902564048767,0.30556389689445496
YOR192C-B,YPL111W,0,0.04556442,0.10323529690504074,0.34243902564048767,0.30566415190696716
YOR034C,YJL155C,0,0.04552547,0.10320494323968887,0.34243902564048767,0.30576440691947937
YCR030C,YKR048C,0,0.04547728,0.1031746044754982,0.34243902564048767,0.3058646619319916
YGL083W,YIL072W,0,0.045457266,0.10314428806304932,0.34243902564048767,0.3059649169445038
YAR042W,YJR121W,0,0.0454403,0.10311398655176163,0.34243902564048767,0.306065171957016
YDR096W,YLR025W,0,0.04536646,0.10308369994163513,0.34243902564048767,0.3061654269695282
YNL172W,YMR135C,1,0.045333393,0.10334703326225281,0.34341463446617126,0.3061654269695282
YFL025C,YKL124W,1,0.045328714,0.10361021757125854,0.34439024329185486,0.3061654269695282
YNL207W,YDR022C,0,0.04532531,0.1035798117518425,0.34439024329185486,0.306265652179718
YDL148C,YJR121W,0,0.04532013,0.10354942828416824,0.34439024329185486,0.3063659071922302
YDR424C,YOR236W,0,0.045311637,0.10351905971765518,0.34439024329185486,0.30646616220474243
YOR138C,YJL048C,1,0.045303173,0.10378187894821167,0.34536585211753845,0.30646616220474243
YCR053W,YGL180W,0,0.04523707,0.10375146567821503,0.34536585211753845,0.30656641721725464
YPR083W,YOR287C,0,0.04512267,0.10372106730937958,0.34536585211753845,0.30666667222976685
YBL058W,YMR223W,1,0.04511773,0.10398359596729279,0.34634146094322205,0.30666667222976685
YDR101C,YDR004W,0,0.045035657,0.10395314544439316,0.34634146094322205,0.30676692724227905
YDR513W,YER045C,0,0.044992097,0.10392271727323532,0.34634146094322205,0.30686718225479126
YLL022C,YGL107C,0,0.04496231,0.10389230400323868,0.34634146094322205,0.3069674074649811
YMR110C,YPR122W,0,0.044960596,0.10386190563440323,0.34634146094322205,0.3070676624774933
YGL123W,YMR020W,0,0.04494334,0.10383152961730957,0.34634146094322205,0.3071679174900055
YBR159W,YBR066C,0,0.04473514,0.1038011685013771,0.34634146094322205,0.3072681725025177
YLL055W,YPR187W,0,0.04459641,0.10377082973718643,0.34634146094322205,0.3073684275150299
YPR019W,YLR165C,0,0.044551805,0.10374050587415695,0.34634146094322205,0.3074686825275421
YER022W,YOL072W,0,0.04451544,0.10371019691228867,0.34634146094322205,0.30756890773773193
YGL105W,YAR007C,0,0.044424243,0.10367990285158157,0.34634146094322205,0.30766916275024414
YKR077W,YDR078C,0,0.044363044,0.10364963859319687,0.34634146094322205,0.30776941776275635
YPR133W-A,YHR133C,0,0.044282585,0.10361938178539276,0.34634146094322205,0.30786967277526855
YIL172C,YER055C,0,0.04424826,0.10358914732933044,0.34634146094322205,0.30796992778778076
YKR058W,YJL180C,0,0.0442406,0.10355892777442932,0.34634146094322205,0.30807018280029297
YAL002W,YIL147C,0,0.04419363,0.10352872312068939,0.34634146094322205,0.3081704378128052
YFL002W-B,YBL112C,0,0.044094227,0.10349854081869125,0.34634146094322205,0.308270663022995
YER022W,YGR081C,0,0.0440787,0.10346837341785431,0.34634146094322205,0.3083709180355072
YHR148W,YKR096W,0,0.043950267,0.10343822836875916,0.34634146094322205,0.3084711730480194
YFL002W-B,YBR214W,0,0.043928973,0.1034080982208252,0.34634146094322205,0.3085714280605316
YDR517W,YBR251W,0,0.04392708,0.10337798297405243,0.34634146094322205,0.3086716830730438
YPR097W,YGL162W,0,0.043902405,0.10334789007902145,0.34634146094322205,0.30877193808555603
YAL043C,YPL213W,0,0.043859445,0.10331781208515167,0.34634146094322205,0.30887219309806824
YOR249C,YDR059C,1,0.04376764,0.10357870161533356,0.34731706976890564,0.30887219309806824
YIL159W,YGL073W,0,0.04374429,0.1035485714673996,0.34731706976890564,0.30897241830825806
YKL126W,YMR225C,0,0.043611396,0.10351846367120743,0.34731706976890564,0.30907267332077026
YIL142W,YDR003W,0,0.043556027,0.10348837077617645,0.34731706976890564,0.30917292833328247
YLR099C,YLR353W,0,0.043416716,0.10345830023288727,0.34731706976890564,0.3092731833457947
YPR163C,YKR030W,0,0.04340022,0.10342823714017868,0.34731706976890564,0.3093734383583069
YML133C,YPR034W,0,0.04338903,0.10339819639921188,0.34731706976890564,0.3094736933708191
YBL024W,YOL012C,0,0.043357175,0.10336817800998688,0.34731706976890564,0.3095739483833313
YOR061W,YLR324W,0,0.043304063,0.10333817452192307,0.34731706976890564,0.3096741735935211
YBL005W,YFL048C,0,0.043278143,0.10330818593502045,0.34731706976890564,0.3097744286060333
YOR074C,YBR150C,0,0.04324291,0.10327821224927902,0.34731706976890564,0.30987468361854553
YLR035C-A,YML055W,0,0.043000296,0.10324826091527939,0.34731706976890564,0.30997493863105774
YKL053C-A,YDL154W,0,0.04294303,0.10321832448244095,0.34731706976890564,0.31007519364356995
YCL057W,YKR054C,0,0.042866133,0.1031884029507637,0.34731706976890564,0.31017544865608215
YBR254C,YJL144W,0,0.042816766,0.10315850377082825,0.34731706976890564,0.31027570366859436
YHR175W,YDR004W,0,0.042671308,0.10312861949205399,0.34731706976890564,0.3103759288787842
YPR024W,YNL212W,1,0.042596176,0.10338836163282394,0.34829267859458923,0.3103759288787842
YML054C,YJR135C,0,0.04251439,0.1033584251999855,0.34829267859458923,0.3104761838912964
YIL083C,YER104W,0,0.04251092,0.10332851111888885,0.34829267859458923,0.3105764389038086
YGL087C,YDR190C,0,0.042446204,0.1032986119389534,0.34829267859458923,0.3106766939163208
YER123W,YIL051C,0,0.04242874,0.10326872766017914,0.34829267859458923,0.310776948928833
YJL048C,YDL175C,0,0.04231394,0.10323886573314667,0.34829267859458923,0.3108772039413452
YJL053W,YAR033W,0,0.04222524,0.10320901870727539,0.34829267859458923,0.31097742915153503
YBR105C,YFL045C,0,0.042146437,0.1031791940331459,0.34829267859458923,0.31107768416404724
YIL147C,YLR447C,0,0.042031355,0.10314937680959702,0.34829267859458923,0.31117793917655945
YLR160C,YHR140W,0,0.04200495,0.10311958193778992,0.34829267859458923,0.31127819418907166
YJR058C,YGR118W,0,0.04185707,0.10308980941772461,0.34829267859458923,0.31137844920158386
YJL057C,YPL189W,0,0.04174439,0.1030600443482399,0.34829267859458923,0.31147870421409607
YCL039W,YML092C,1,0.041720733,0.10331889986991882,0.3492682874202728,0.31147870421409607
YDR534C,YLR145W,0,0.041678764,0.10328909754753113,0.3492682874202728,0.3115789592266083
YNL242W,YJR127C,0,0.04153364,0.10325930267572403,0.3492682874202728,0.3116791844367981
YIL154C,YDR023W,0,0.041321315,0.10322953015565872,0.3492682874202728,0.3117794394493103
YDR009W,YOR304C-A,0,0.041256636,0.10319977253675461,0.3492682874202728,0.3118796944618225
YJR083C,YBR055C,0,0.041211955,0.10317002981901169,0.3492682874202728,0.3119799494743347
YOR299W,YDR492W,0,0.041194066,0.10314030200242996,0.3492682874202728,0.3120802044868469
YHR006W,YMR071C,0,0.041185774,0.10311059653759003,0.3492682874202728,0.31218045949935913
YNL325C,YDR479C,0,0.041075714,0.10308091342449188,0.3492682874202728,0.31228071451187134
YGL211W,YDR317W,0,0.041057594,0.10305123776197433,0.3492682874202728,0.31238093972206116
YOR323C,YOR373W,0,0.041056365,0.10302158445119858,0.3492682874202728,0.31248119473457336
YPL065W,YJR134C,0,0.041054502,0.10299194604158401,0.3492682874202728,0.31258144974708557
YEL069C,YGR295C,0,0.04101821,0.10296232253313065,0.3492682874202728,0.3126817047595978
YDR022C,YCR060W,0,0.040694833,0.10293272137641907,0.3492682874202728,0.31278195977211
YER060W-A,YDL072C,0,0.040613122,0.10290313512086868,0.3492682874202728,0.3128822147846222
YNL020C,YDL059C,0,0.040595755,0.10287356376647949,0.3492682874202728,0.3129824697971344
YMR203W,YER127W,0,0.04053416,0.1028440073132515,0.3492682874202728,0.3130826950073242
YBR198C,YHR139C,0,0.04050844,0.10281447321176529,0.3492682874202728,0.3131829500198364
YLR102C,YEL019C,1,0.04034265,0.10307206213474274,0.3502438962459564,0.3131829500198364
YNL163C,YBR295W,0,0.040253803,0.10304248332977295,0.3502438962459564,0.31328320503234863
YOR060C,YLR325C,0,0.040085018,0.10301291197538376,0.3502438962459564,0.31338346004486084
YHR175W,YFL047W,0,0.040001355,0.10298336297273636,0.3502438962459564,0.31348371505737305
YBR173C,YML057W,0,0.03997089,0.10295382887125015,0.3502438962459564,0.31358397006988525
YNL293W,YMR215W,0,0.039957084,0.10292430967092514,0.3502438962459564,0.31368422508239746
YDL246C,YFL039C,0,0.039862387,0.10289481282234192,0.3502438962459564,0.3137844502925873
YPL011C,YNL288W,0,0.039828084,0.10286533087491989,0.3502438962459564,0.3138847053050995
YGR116W,YGR253C,0,0.039807506,0.10283586382865906,0.3502438962459564,0.3139849603176117
YNR028W,YBR012W-B,0,0.03971771,0.10280641168355942,0.3502438962459564,0.3140852153301239
YPR199C,YNL050C,0,0.039713226,0.10277698189020157,0.3502438962459564,0.3141854703426361
YPL061W,YHR167W,0,0.03968925,0.10274756699800491,0.3502438962459564,0.3142857253551483
YHR181W,YOL154W,0,0.039653532,0.10271816700696945,0.3502438962459564,0.31438595056533813
YGL058W,YHR204W,1,0.03955082,0.10297483205795288,0.35121950507164,0.31438595056533813
YJR078W,YBR091C,0,0.039447412,0.10294537991285324,0.35121950507164,0.31448620557785034
YHR194W,YNL096C,0,0.03943328,0.10291595011949539,0.35121950507164,0.31458646059036255
YER113C,YOR299W,0,0.03940109,0.10288654267787933,0.35121950507164,0.31468671560287476
YPL258C,YGL216W,0,0.03927181,0.10285714268684387,0.35121950507164,0.31478697061538696
YIR031C,YNL298W,0,0.039219096,0.1028277650475502,0.35121950507164,0.31488722562789917
YGR145W,YAL034W-A,0,0.039170958,0.10279840230941772,0.35121950507164,0.3149874806404114
YIL160C,YDR170W-A,0,0.039167292,0.10276905447244644,0.35121950507164,0.3150877058506012
YFL025C,YBR290W,1,0.039150506,0.10302511602640152,0.3521951138973236,0.3150877058506012
YBR193C,YPL177C,0,0.039147824,0.10299572348594666,0.3521951138973236,0.3151879608631134
YOR066W,YBL064C,0,0.039119907,0.10296634584665298,0.3521951138973236,0.3152882158756256
YDR363W-A,YIL156W,1,0.03908717,0.10322212427854538,0.3531707227230072,0.3152882158756256
YPR005C,YML034W,0,0.039082177,0.10319270193576813,0.3531707227230072,0.3153884708881378
YBL058W,YMR161W,1,0.039032146,0.1034482792019844,0.3541463315486908,0.3153884708881378
YIL020C,YOR162C,0,0.03899681,0.10341880470514297,0.3541463315486908,0.31548872590065
YDR350C,YML016C,0,0.03891196,0.10338934510946274,0.3541463315486908,0.31558898091316223
YNL242W,YKR006C,0,0.038527817,0.10335990786552429,0.3541463315486908,0.31568923592567444
YOR339C,YLR025W,1,0.03841261,0.10361514240503311,0.3551219403743744,0.31568923592567444
YOL103W-B,YGL003C,0,0.038268395,0.10358566045761108,0.3551219403743744,0.31578946113586426
YPL258C,YER041W,0,0.038266994,0.10355618596076965,0.3551219403743744,0.31588971614837646
YKL206C,YMR290C,0,0.038115658,0.10352673381567001,0.3551219403743744,0.31598997116088867
YIR006C,YAL010C,0,0.038077787,0.10349729657173157,0.3551219403743744,0.3160902261734009
YOL019W,YMR201C,0,0.03802064,0.10346788167953491,0.3551219403743744,0.3161904811859131
YMR302C,YNL291C,0,0.03800287,0.10343847423791885,0.3551219403743744,0.3162907361984253
YOR386W,YJL069C,0,0.03795684,0.10340908914804459,0.3551219403743744,0.3163909912109375
YHL024W,YMR075W,0,0.037936695,0.10337971895933151,0.3551219403743744,0.3164912164211273
YLR452C,YDR318W,0,0.037921704,0.10335037112236023,0.3551219403743744,0.3165914714336395
YDR260C,YLR208W,1,0.037807725,0.10360488295555115,0.356097549200058,0.3165914714336395
YIL027C,YLL040C,0,0.037675224,0.10357548296451569,0.356097549200058,0.31669172644615173
YPR055W,YBR092C,0,0.03762485,0.10354609787464142,0.356097549200058,0.31679198145866394
YPL146C,YCR094W,0,0.037554257,0.10351673513650894,0.356097549200058,0.31689223647117615
YEL070W,YER020W,0,0.03750383,0.10348737984895706,0.356097549200058,0.31699249148368835
YGL049C,YMR048W,0,0.037355743,0.10345804691314697,0.356097549200058,0.31709274649620056
YOL112W,YNL024C,0,0.03735155,0.10342873632907867,0.356097549200058,0.3171929717063904
YOR317W,YJR063W,0,0.037327386,0.10339943319559097,0.356097549200058,0.3172932267189026
YAL013W,YDR172W,0,0.037311055,0.10337015241384506,0.356097549200058,0.3173934817314148
YLR380W,YDL147W,1,0.037234284,0.10362400859594345,0.3570731580257416,0.3173934817314148
YGR220C,YHR111W,0,0.037230395,0.10359467566013336,0.3570731580257416,0.317493736743927
YMR177W,YKL043W,0,0.03722269,0.10356536507606506,0.3570731580257416,0.3175939917564392
YJL048C,YPR106W,0,0.037029468,0.10353606939315796,0.3570731580257416,0.3176942467689514
YMR136W,YEL065W,0,0.03697571,0.10350678861141205,0.3570731580257416,0.31779447197914124
YIL030C,YDL097C,1,0.03695961,0.1037602499127388,0.35804876685142517,0.31779447197914124
YLR433C,YOL067C,0,0.036937676,0.10373092442750931,0.35804876685142517,0.31789472699165344
YJR025C,YML045W-A,0,0.03689473,0.10370161384344101,0.35804876685142517,0.31799498200416565
YBR254C,YPR031W,0,0.036808632,0.1036723181605339,0.35804876685142517,0.31809523701667786
YJL085W,YNL208W,0,0.03677126,0.103643037378788,0.35804876685142517,0.31819549202919006
YGL226C-A,YJL019W,0,0.03671644,0.10361377894878387,0.35804876685142517,0.31829574704170227
YBL061C,YGR258C,0,0.036658026,0.10358453541994095,0.35804876685142517,0.3183960020542145
YHL031C,YPL224C,0,0.036456227,0.10355530679225922,0.35804876685142517,0.3184962272644043
YOR193W,YOL103W-A,0,0.036395706,0.10352609306573868,0.35804876685142517,0.3185964822769165
YMR023C,YJL192C,0,0.03637106,0.10349689424037933,0.35804876685142517,0.3186967372894287
YOR127W,YNL070W,0,0.036347434,0.10346771776676178,0.35804876685142517,0.3187969923019409
YDR079W,YJR112W,0,0.036116637,0.10343855619430542,0.35804876685142517,0.3188972473144531
YIL007C,YLL036C,1,0.03610698,0.10369118303060532,0.35902437567710876,0.3188972473144531
YIL177C,YBR042C,0,0.036047354,0.10366196930408478,0.35902437567710876,0.31899750232696533
YOL062C,YPR189W,0,0.03603468,0.10363277792930603,0.35902437567710876,0.31909775733947754
YNR038W,YMR136W,0,0.035979696,0.10360360145568848,0.35902437567710876,0.31919798254966736
YLR204W,YKL056C,0,0.03592486,0.10357444733381271,0.35902437567710876,0.31929823756217957
YML116W,YMR159C,0,0.035867207,0.10354530066251755,0.35902437567710876,0.3193984925746918
YDR420W,YML092C,0,0.035857312,0.10351617634296417,0.35902437567710876,0.319498747587204
YJR036C,YLR208W,1,0.035806153,0.10376828163862228,0.36000001430511475,0.319498747587204
YMR072W,YGR194C,0,0.03578452,0.10373910516500473,0.36000001430511475,0.3195990025997162
YEL052W,YOR201C,0,0.035771683,0.10370995104312897,0.36000001430511475,0.3196992576122284
YGL084C,YER002W,0,0.035760306,0.1036808118224144,0.36000001430511475,0.3197995126247406
YPL063W,YHR111W,0,0.03573537,0.10365168750286102,0.36000001430511475,0.3198997378349304
YBL091C,YKR026C,0,0.03570784,0.10362257808446884,0.36000001430511475,0.3199999928474426
YFL036W,YJR112W,0,0.035577923,0.10359348356723785,0.36000001430511475,0.32010024785995483
YGR014W,YHR028C,0,0.03552515,0.10356441140174866,0.36000001430511475,0.32020050287246704
YML005W,YJR005W,0,0.03549447,0.10353535413742065,0.36000001430511475,0.32030075788497925
YLR197W,YOL140W,0,0.035438992,0.10350631177425385,0.36000001430511475,0.32040101289749146
YIL062C,YKR083C,0,0.035417758,0.10347728431224823,0.36000001430511475,0.32050126791000366
YMR061W,YDL202W,0,0.035402194,0.1034482792019844,0.36000001430511475,0.3206014931201935
YEL022W,YDR036C,0,0.03534571,0.10341928154230118,0.36000001430511475,0.3207017481327057
YDR419W,YIL033C,0,0.035209514,0.10339030623435974,0.36000001430511475,0.3208020031452179
YKL005C,YPL281C,0,0.035118856,0.1033613458275795,0.36000001430511475,0.3209022581577301
YJL001W,YMR237W,0,0.035102986,0.10333240032196045,0.36000001430511475,0.3210025131702423
YDR034C-C,YNL290W,0,0.035078086,0.1033034697175026,0.36000001430511475,0.3211027681827545
YPL011C,YIL119C,0,0.03506065,0.10327456146478653,0.36000001430511475,0.32120299339294434
YKL212W,YBR114W,0,0.035006814,0.10324566066265106,0.36000001430511475,0.32130324840545654
YBL085W,YPL160W,0,0.034981288,0.10321678221225739,0.36000001430511475,0.32140350341796875
YLR316C,YLR328W,0,0.034947358,0.1031879186630249,0.36000001430511475,0.32150375843048096
YKL190W,YAL013W,0,0.03477864,0.10315907001495361,0.36000001430511475,0.32160401344299316
YMR184W,YMR275C,1,0.0347263,0.10340972244739532,0.36097562313079834,0.32160401344299316
YCL050C,YKL134C,0,0.03468638,0.10338082909584045,0.36097562313079834,0.32170426845550537
YDR083W,YOR147W,0,0.034557976,0.10335195809602737,0.36097562313079834,0.3218045234680176
YER164W,YKR044W,0,0.03446825,0.10332309454679489,0.36097562313079834,0.3219047486782074
YHL028W,YMR019W,0,0.034464218,0.1032942458987236,0.36097562313079834,0.3220050036907196
YJR055W,YPL103C,0,0.03434313,0.1032654196023941,0.36097562313079834,0.3221052587032318
YMR275C,YBR280C,1,0.03425376,0.103515625,0.36195123195648193,0.3221052587032318
YPL046C,YFR010W,1,0.034241877,0.10376568883657455,0.3629268407821655,0.3221052587032318
YNL259C,YIL126W,0,0.034124903,0.1037367507815361,0.3629268407821655,0.322205513715744
YBR241C,YNL191W,0,0.034062393,0.10370783507823944,0.3629268407821655,0.3223057687282562
YOR039W,YDR243C,0,0.03393694,0.10367892682552338,0.3629268407821655,0.32240602374076843
YOL117W,YGL168W,0,0.03392128,0.1036500409245491,0.3629268407821655,0.32250627875328064
YNL301C,YCL048W,0,0.03368666,0.10362116992473602,0.3629268407821655,0.32260650396347046
YOR313C,YOR346W,0,0.033582248,0.10359231382608414,0.3629268407821655,0.32270675897598267
YER096W,YOR177C,0,0.033548065,0.10356347262859344,0.3629268407821655,0.3228070139884949
YLR058C,YDR440W,0,0.033384833,0.10353465378284454,0.3629268407821655,0.3229072690010071
YHR008C,YMR218C,0,0.03338319,0.10350584238767624,0.3629268407821655,0.3230075240135193
YDR318W,YPL090C,0,0.0333753,0.10347705334424973,0.3629268407821655,0.3231077790260315
YDR257C,YLR024C,0,0.033348,0.1034482792019844,0.3629268407821655,0.3232080340385437
YBR089C-A,YLR300W,0,0.033341445,0.10341951996088028,0.3629268407821655,0.3233082592487335
YLR102C,YOR348C,0,0.03333477,0.10339077562093735,0.3629268407821655,0.3234085142612457
YIL142W,YOL095C,0,0.03331112,0.10336204618215561,0.3629268407821655,0.32350876927375793
YDL080C,YAL028W,0,0.033198275,0.10333333164453506,0.3629268407821655,0.32360902428627014
YGL010W,YJL001W,0,0.033056922,0.10330463945865631,0.3629268407821655,0.32370927929878235
YAL035W,YER027C,0,0.03305151,0.10327595472335815,0.3629268407821655,0.32380953431129456
YNL297C,YGR283C,0,0.033029526,0.10324729233980179,0.3629268407821655,0.32390978932380676
YNL048W,YOR291W,0,0.032968268,0.10321864485740662,0.3629268407821655,0.3240100145339966
YOL082W,YPR181C,1,0.032920636,0.10346740484237671,0.3639024496078491,0.3240100145339966
YOR224C,YBR188C,0,0.03290423,0.10343871265649796,0.3639024496078491,0.3241102695465088
YNL242W,YMR046C,0,0.03290268,0.1034100353717804,0.3639024496078491,0.324210524559021
YCR107W,YHR140W,0,0.03279686,0.10338137298822403,0.3639024496078491,0.3243107795715332
YLR421C,YPR103W,1,0.032643333,0.10362981259822845,0.3648780584335327,0.3243107795715332
YDR328C,YDR470C,0,0.032637835,0.10360110551118851,0.3648780584335327,0.3244110345840454
YBR082C,YOL038W,1,0.032533698,0.10384935140609741,0.3658536672592163,0.3244110345840454
YHR105W,YHR096C,0,0.032523893,0.10382059961557388,0.3658536672592163,0.3245112895965576
YLR196W,YOL007C,0,0.03247796,0.10379186272621155,0.3658536672592163,0.32461151480674744
YLR164W,YDL197C,0,0.03229233,0.1037631407380104,0.3658536672592163,0.32471176981925964
YLL051C,YNR072W,0,0.032270588,0.10373444110155106,0.3658536672592163,0.32481202483177185
YNR026C,YIL008W,1,0.032202624,0.10398229956626892,0.3668292760848999,0.32481202483177185
YMR054W,YMR019W,0,0.032034017,0.10395355522632599,0.3668292760848999,0.32491227984428406
YIL095W,YNL054W-B,0,0.032013036,0.10392481833696365,0.3668292760848999,0.32501253485679626
YDL180W,YER087C-A,0,0.031994954,0.10389610379934311,0.3668292760848999,0.32511278986930847
YJL166W,YBR272C,0,0.031965725,0.10386740416288376,0.3668292760848999,0.3252130448818207
YLR239C,YDR471W,0,0.031900667,0.1038387194275856,0.3668292760848999,0.3253132700920105
YGL128C,YDL141W,0,0.031865537,0.10381004959344864,0.3668292760848999,0.3254135251045227
YCR060W,YKR069W,0,0.03179995,0.10378139466047287,0.3668292760848999,0.3255137801170349
YAL038W,YBR233W-A,0,0.03173878,0.10375276207923889,0.3668292760848999,0.3256140351295471
YPR032W,YLR186W,0,0.031728923,0.10372413694858551,0.3668292760848999,0.3257142901420593
YML040W,YOL125W,0,0.03162261,0.10369553416967392,0.3668292760848999,0.32581454515457153
YHR194W,YOR391C,0,0.03159622,0.10366693884134293,0.3668292760848999,0.32591480016708374
YFL002W-A,YDR492W,0,0.031549104,0.10363836586475372,0.3668292760848999,0.32601502537727356
YNR028W,YLR188W,0,0.03150121,0.10360980778932571,0.3668292760848999,0.32611528038978577
YIL113W,YIL120W,0,0.03144761,0.1035812646150589,0.3668292760848999,0.326215535402298
YML073C,YML051W,0,0.03133423,0.10355274379253387,0.3668292760848999,0.3263157904148102
YML052W,YDR030C,0,0.031292535,0.10352423042058945,0.3668292760848999,0.3264160454273224
YIL137C,YOR267C,0,0.031265154,0.10349573194980621,0.3668292760848999,0.3265163004398346
YEL015W,YHR108W,0,0.031232812,0.10346725583076477,0.3668292760848999,0.3266165554523468
YHR073W,YPL271W,0,0.03121131,0.10343878716230392,0.3668292760848999,0.3267167806625366
YPL239W,YPL160W,0,0.031188436,0.10341034084558487,0.3668292760848999,0.32681703567504883
YBL028C,YLR045C,0,0.030823622,0.10338190943002701,0.3668292760848999,0.32691729068756104
YCL018W,YGR169C,0,0.030804146,0.10335349291563034,0.3668292760848999,0.32701754570007324
YBL008W,YBR233W-A,0,0.0307194,0.10332509130239487,0.3668292760848999,0.32711780071258545
YJR155W,YDL141W,0,0.030712407,0.10329670459032059,0.3668292760848999,0.32721805572509766
YDR503C,YPL006W,0,0.03066402,0.1032683327794075,0.3668292760848999,0.3273182809352875
YDL008W,YHR120W,0,0.030550145,0.10323997586965561,0.3668292760848999,0.3274185359477997
YMR177W,YJR117W,0,0.030480735,0.10321164131164551,0.3668292760848999,0.3275187909603119
YAL003W,YHR168W,0,0.030377544,0.103183314204216,0.3668292760848999,0.3276190459728241
YDL059C,YAL026C,0,0.030330688,0.10315500944852829,0.3668292760848999,0.3277193009853363
YOR194C,YDR122W,0,0.03029129,0.10312671214342117,0.3668292760848999,0.3278195559978485
YGR048W,YGR135W,1,0.030253857,0.10337263345718384,0.3678048849105835,0.3278195559978485
YML049C,YPR204W,0,0.030220889,0.10334429889917374,0.3678048849105835,0.3279198110103607
YDR273W,YJL162C,0,0.029937942,0.10331597924232483,0.3678048849105835,0.32802003622055054
YPL031C,YBR257W,0,0.029917188,0.10328767448663712,0.3678048849105835,0.32812029123306274
YPL022W,YML115C,0,0.029915541,0.1032593846321106,0.3678048849105835,0.32822054624557495
YKR068C,YJL096W,0,0.029902004,0.10323110967874527,0.3678048849105835,0.32832080125808716
YER013W,YNL091W,0,0.029886074,0.10320284962654114,0.3678048849105835,0.32842105627059937
YIL096C,YNL094W,0,0.029876836,0.1031746044754982,0.3678048849105835,0.3285213112831116
YLL051C,YNL046W,0,0.0298144,0.10314637422561646,0.3678048849105835,0.3286215662956238
YHR161C,YDR384C,0,0.029808395,0.1031181588768959,0.3678048849105835,0.3287217915058136
YHR046C,YOL052C,0,0.0297857,0.10308996587991714,0.3678048849105835,0.3288220465183258
YNL258C,YGR165W,0,0.029706068,0.10306178033351898,0.3678048849105835,0.328922301530838
YGR056W,YOR180C,0,0.029513493,0.10303361713886261,0.3678048849105835,0.3290225565433502
YIL017C,YDR328C,1,0.02940457,0.10327868908643723,0.3687804937362671,0.3290225565433502
YOL092W,YBR233W-A,0,0.029364564,0.10325048118829727,0.3687804937362671,0.3291228115558624
YOR337W,YJL189W,0,0.029096134,0.10322228074073792,0.3687804937362671,0.32922306656837463
YKR064W,YKR026C,0,0.029024564,0.10319410264492035,0.3687804937362671,0.32932332158088684
YER114C,YJL057C,0,0.02898372,0.10316593945026398,0.3687804937362671,0.32942354679107666
YDR350C,YML028W,0,0.02890607,0.1031377911567688,0.3687804937362671,0.32952380180358887
YHL026C,YLL017W,0,0.028871901,0.10310965776443481,0.3687804937362671,0.3296240568161011
YCL054W,YCL048W,0,0.02877941,0.10308153927326202,0.3687804937362671,0.3297243118286133
YKL045W,YPR019W,0,0.02876646,0.10305343568325043,0.3687804937362671,0.3298245668411255
YDR448W,YNL180C,0,0.028703041,0.10302534699440002,0.3687804937362671,0.3299248218536377
YLR352W,YPR137C-B,0,0.028633222,0.10299727320671082,0.3687804937362671,0.3300250768661499
YJL103C,YOR193W,0,0.028622083,0.1029692217707634,0.3687804937362671,0.3301253020763397
YJL108C,YGR118W,0,0.028606914,0.10294117778539658,0.3687804937362671,0.33022555708885193
YKR100C,YKL166C,0,0.028596342,0.10291314870119095,0.3687804937362671,0.33032581210136414
YDR137W,YKL051W,0,0.02854798,0.10288514196872711,0.3687804937362671,0.33042606711387634
YJR027W,YER109C,0,0.02850283,0.10285714268684387,0.3687804937362671,0.33052632212638855
YIL137C,YGL010W,0,0.028475866,0.10282916575670242,0.3687804937362671,0.33062657713890076
YCR066W,YFL009W,1,0.028454103,0.10307315737009048,0.3697561025619507,0.33062657713890076
YPL003W,YDL007W,1,0.02842734,0.1033170223236084,0.3707317113876343,0.33062657713890076
YGR283C,YFR027W,0,0.028403096,0.103288933634758,0.3707317113876343,0.3307268023490906
YMR296C,YCR036W,0,0.028402813,0.10326086729764938,0.3707317113876343,0.3308270573616028
YLR256W-A,YHR184W,0,0.028314635,0.10323281586170197,0.3707317113876343,0.330927312374115
YOR158W,YML045W-A,0,0.02828262,0.10320477932691574,0.3707317113876343,0.3310275673866272
YIL064W,YGR161W-A,0,0.028196864,0.10317675769329071,0.3707317113876343,0.3311278223991394
YDL205C,YDR418W,0,0.028191842,0.10314875096082687,0.3707317113876343,0.3312280774116516
YLR131C,YJL180C,0,0.028155275,0.10312075912952423,0.3707317113876343,0.3313283324241638
YLR337C,YLR207W,0,0.028134622,0.10309278219938278,0.3707317113876343,0.33142855763435364
YOR323C,YGR004W,0,0.028100707,0.10306482017040253,0.3707317113876343,0.33152881264686584
YIR011C,YGL017W,1,0.027972743,0.10330802947282791,0.37170732021331787,0.33152881264686584
YAL041W,YML096W,0,0.027944364,0.10328002274036407,0.37170732021331787,0.33162906765937805
YLR459W,YDR471W,0,0.027907528,0.10325203090906143,0.37170732021331787,0.33172932267189026
YAL062W,YHR138C,0,0.027838282,0.10322406142950058,0.37170732021331787,0.33182957768440247
YER063W,YCR046C,0,0.02782794,0.10319609940052032,0.37170732021331787,0.3319298326969147
YBR065C,YBR160W,0,0.027750276,0.10316815227270126,0.37170732021331787,0.3320300877094269
YOR074C,YMR075W,0,0.027693585,0.10314022749662399,0.37170732021331787,0.3321303129196167
YLR060W,YMR045C,0,0.027630635,0.10311231762170792,0.37170732021331787,0.3322305679321289
YOR279C,YPL076W,0,0.02762337,0.10308441519737244,0.37170732021331787,0.3323308229446411
YHL004W,YNR011C,0,0.0276004,0.10305653512477875,0.37170732021331787,0.3324310779571533
YAL023C,YNR055C,0,0.027586259,0.10302866250276566,0.37170732021331787,0.3325313329696655
YGR279C,YJL057C,0,0.027518548,0.10300081223249435,0.37170732021331787,0.33263158798217773
YOR257W,YIL007C,1,0.027512755,0.10324324667453766,0.37268292903900146,0.33263158798217773
YOR317W,YDR373W,0,0.0274264,0.10321534425020218,0.37268292903900146,0.33273184299468994
YGR216C,YAL048C,0,0.027386136,0.10318746417760849,0.37268292903900146,0.33283206820487976
YOR167C,YKL201C,0,0.027369685,0.103159599006176,0.37268292903900146,0.33293232321739197
YJL065C,YGL226W,0,0.027321361,0.1031317487359047,0.37268292903900146,0.3330325782299042
YEL044W,YKL183W,0,0.027233653,0.10310391336679459,0.37268292903900146,0.3331328332424164
YLR157C,YPL111W,0,0.0271919,0.10307609289884567,0.37268292903900146,0.3332330882549286
YER112W,YHR008C,0,0.027174287,0.10304828733205795,0.37268292903900146,0.3333333432674408
YFL049W,YPL188W,0,0.027078375,0.10302049666643143,0.37268292903900146,0.333433598279953
YDR418W,YOL042W,0,0.0270352,0.1029927209019661,0.37268292903900146,0.3335338234901428
YDR145W,YOL012C,0,0.027019769,0.10296496003866196,0.37268292903900146,0.33363407850265503
YPL117C,YMR172W,0,0.026952483,0.10293721407651901,0.37268292903900146,0.33373433351516724
YJL186W,YKL094W,0,0.026922353,0.10290948301553726,0.37268292903900146,0.33383458852767944
YOR243C,YNL284C-A,0,0.026838444,0.1028817668557167,0.37268292903900146,0.33393484354019165
YDR131C,YGR133W,1,0.026821181,0.10312331467866898,0.37365853786468506,0.33393484354019165
YMR005W,YDR280W,0,0.026758417,0.10309556126594543,0.37365853786468506,0.33403509855270386
YMR008C,YNL202W,0,0.026731245,0.10306781530380249,0.37365853786468506,0.3341353237628937
YDR476C,YDR034C-C,0,0.026663937,0.10304008424282074,0.37365853786468506,0.3342355787754059
YJL143W,YIL047C,0,0.026662245,0.10301237553358078,0.37365853786468506,0.3343358337879181
YAL035W,YEL062W,0,0.026631553,0.10298467427492142,0.37365853786468506,0.3344360888004303
YIL153W,YJL164C,0,0.026629612,0.10295698791742325,0.37365853786468506,0.3345363438129425
YPL026C,YDR437W,0,0.026573367,0.10292931646108627,0.37365853786468506,0.3346365988254547
YCL052C,YMR067C,1,0.0263936,0.10317033529281616,0.37463414669036865,0.3346365988254547
YOR089C,YML011C,0,0.026375078,0.1031426265835762,0.37463414669036865,0.3347368538379669
YLR318W,YOL096C,0,0.026356407,0.10311493277549744,0.37463414669036865,0.33483707904815674
YIL042C,YGR175C,0,0.026341327,0.10308724641799927,0.37463414669036865,0.33493733406066895
YDR312W,YOR079C,0,0.02633334,0.10305958241224289,0.37463414669036865,0.33503758907318115
YOR267C,YGR089W,0,0.026325531,0.10303192585706711,0.37463414669036865,0.33513784408569336
YJR054W,YBR230C,0,0.02629029,0.10300429165363312,0.37463414669036865,0.33523809909820557
YOR002W,YDR150W,0,0.026247643,0.10297667235136032,0.37463414669036865,0.3353383541107178
YNL008C,YEL019C,1,0.025987484,0.10321715474128723,0.37560975551605225,0.3353383541107178
YFL036W,YLL013C,0,0.025961354,0.10318949073553085,0.37560975551605225,0.33543860912323
YJL140W,YLR373C,0,0.025832422,0.10316184163093567,0.37560975551605225,0.3355388343334198
YIL036W,YNL243W,0,0.025824688,0.10313420742750168,0.37560975551605225,0.335639089345932
YJR110W,YBR045C,0,0.025814898,0.10310658812522888,0.37560975551605225,0.3357393443584442
YJL212C,YMR065W,0,0.025814444,0.10307898372411728,0.37560975551605225,0.3358395993709564
YNR021W,YHR028C,0,0.025772296,0.10305139422416687,0.37560975551605225,0.33593985438346863
YJL079C,YIL125W,0,0.025762878,0.10302381217479706,0.37560975551605225,0.33604010939598083
YJR078W,YER017C,0,0.02570815,0.10299625247716904,0.37560975551605225,0.33614036440849304
YGR161W-B,YIL140W,0,0.025694951,0.10296870768070221,0.37560975551605225,0.33624058961868286
YGL231C,YOL004W,0,0.025512286,0.10294117778539658,0.37560975551605225,0.33634084463119507
YML058W-A,YHR133C,0,0.025499076,0.10291366279125214,0.37560975551605225,0.3364410996437073
YDR205W,YLR301W,0,0.02549719,0.1028861552476883,0.37560975551605225,0.3365413546562195
YNL331C,YKL014C,0,0.025398172,0.10285867005586624,0.37560975551605225,0.3366416096687317
YDL084W,YNR048W,0,0.025214627,0.10283119976520538,0.37560975551605225,0.3367418646812439
YJL162C,YPR127W,0,0.025187783,0.10280373692512512,0.37560975551605225,0.3368421196937561
YLR460C,YNL138W,0,0.025108837,0.10277629643678665,0.37560975551605225,0.3369423449039459
YGR104C,YNL102W,0,0.025021967,0.10274886339902878,0.37560975551605225,0.33704259991645813
YBL034C,YNL153C,0,0.02484303,0.1027214527130127,0.37560975551605225,0.33714285492897034
YCR012W,YHR108W,0,0.024734803,0.10269404947757721,0.37560975551605225,0.33724310994148254
YPR163C,YLR042C,0,0.024700888,0.10266666859388351,0.37560975551605225,0.33734336495399475
YHL004W,YCL057C-A,0,0.024643071,0.10263929516077042,0.37560975551605225,0.33744361996650696
YPR180W,YLR359W,0,0.024618305,0.10261193662881851,0.37560975551605225,0.3375438451766968
YPR032W,YIL006W,0,0.024501927,0.1025846004486084,0.37560975551605225,0.337644100189209
YJL206C,YLR058C,0,0.024479985,0.10255727171897888,0.37560975551605225,0.3377443552017212
YJR127C,YHR070W,0,0.02445639,0.10252995789051056,0.37560975551605225,0.3378446102142334
YGL226C-A,YHR168W,0,0.024352074,0.10250265896320343,0.37560975551605225,0.3379448652267456
YGL090W,YGL170C,0,0.024190612,0.10247538238763809,0.37560975551605225,0.3380451202392578
YOL101C,YOL109W,0,0.024181195,0.10244811326265335,0.37560975551605225,0.33814537525177
YJL198W,YLR047C,0,0.024180949,0.1024208590388298,0.37560975551605225,0.33824560046195984
YPL200W,YPR070W,0,0.024097972,0.10239361971616745,0.37560975551605225,0.33834585547447205
YDL084W,YCR096C,0,0.024082005,0.10236639529466629,0.37560975551605225,0.33844611048698425
YCR030C,YKL191W,0,0.023942538,0.10233917832374573,0.37560975551605225,0.33854636549949646
YCR018C,YJL046W,0,0.02392175,0.10231198370456696,0.37560975551605225,0.33864662051200867
YMR296C,YJL098W,0,0.023915373,0.10228480398654938,0.37560975551605225,0.3387468755245209
YHR138C,YHR135C,0,0.023833051,0.102257639169693,0.37560975551605225,0.3388471305370331
YIR014W,YMR046C,0,0.023801513,0.1022304818034172,0.37560975551605225,0.3389473557472229
YJR083C,YMR225C,0,0.02377253,0.10220334678888321,0.37560975551605225,0.3390476107597351
YER185W,YPL090C,0,0.023723967,0.10217621922492981,0.37560975551605225,0.3391478657722473
YMR153W,YBR297W,0,0.023687743,0.1021491140127182,0.37560975551605225,0.3392481207847595
YMR184W,YIL144W,0,0.023562111,0.10212201625108719,0.37560975551605225,0.33934837579727173
YBL021C,YPR070W,0,0.02354221,0.10209493339061737,0.37560975551605225,0.33944863080978394
YPR200C,YKL170W,0,0.023527198,0.10206786543130875,0.37560975551605225,0.33954888582229614
YOL045W,YDR377W,0,0.023508437,0.10204081982374191,0.37560975551605225,0.33964911103248596
YHR056C,YKL074C,0,0.023313202,0.10201378166675568,0.37560975551605225,0.33974936604499817
YNL202W,YCL017C,0,0.02330336,0.10198675841093063,0.37560975551605225,0.3398496210575104
YER023W,YOR324C,0,0.023286738,0.10195974260568619,0.37560975551605225,0.3399498760700226
YGR143W,YGR295C,0,0.023265667,0.10193274915218353,0.37560975551605225,0.3400501310825348
YMR314W,YKR098C,1,0.023252442,0.10217045992612839,0.37658536434173584,0.3400501310825348
YDL007W,YMR128W,0,0.023197867,0.10214342176914215,0.37658536434173584,0.340150386095047
YLR278C,YDR287W,0,0.023190938,0.10211639851331711,0.37658536434173584,0.3402506411075592
YDR019C,YPR131C,0,0.023170397,0.10208939760923386,0.37658536434173584,0.340350866317749
YML042W,YBR264C,0,0.023153849,0.1020624041557312,0.37658536434173584,0.34045112133026123
YMR101C,YKL039W,0,0.02314486,0.10203541815280914,0.37658536434173584,0.34055137634277344
YBL038W,YLR067C,0,0.023001023,0.10200845450162888,0.37658536434173584,0.34065163135528564
YOL129W,YGR134W,0,0.022963084,0.1019815057516098,0.37658536434173584,0.34075188636779785
YBR105C,YNR001C,0,0.02289594,0.10195457190275192,0.37658536434173584,0.34085214138031006
YKL150W,YIL018W,0,0.022810794,0.10192764550447464,0.37658536434173584,0.3409523665904999
YDR534C,YPR067W,0,0.02273757,0.10190074145793915,0.37658536434173584,0.3410526216030121
YLR201C,YBR173C,0,0.022737406,0.10187384486198425,0.37658536434173584,0.3411528766155243
YLR039C,YKL135C,0,0.02272433,0.10184696316719055,0.37658536434173584,0.3412531316280365
YEL020W-A,YIL037C,0,0.022703193,0.10182010382413864,0.37658536434173584,0.3413533866405487
YPL120W,YJL109C,0,0.022697188,0.10179325193166733,0.37658536434173584,0.3414536416530609
YJR010C-A,YPL145C,0,0.022566266,0.10176641494035721,0.37658536434173584,0.3415538966655731
YDR427W,YLL055W,0,0.022542588,0.10173958539962769,0.37658536434173584,0.34165412187576294
YLR181C,YJR034W,0,0.022386603,0.10171277821063995,0.37658536434173584,0.34175437688827515
YAL039C,YNL111C,0,0.02237434,0.10168598592281342,0.37658536434173584,0.34185463190078735
YOR256C,YBL078C,1,0.022302575,0.10192257165908813,0.37756097316741943,0.34185463190078735
YKL010C,YGL212W,0,0.022288628,0.10189573466777802,0.37756097316741943,0.34195488691329956
YER041W,YDR393W,0,0.022263087,0.10186891257762909,0.37756097316741943,0.34205514192581177
YDR337W,YHR154W,0,0.02216664,0.10184210538864136,0.37756097316741943,0.342155396938324
YBL088C,YOR250C,0,0.022147812,0.10181531310081482,0.37756097316741943,0.3422556519508362
YGR145W,YBR150C,0,0.021963052,0.10178853571414948,0.37756097316741943,0.342355877161026
YGL200C,YLR224W,0,0.021960616,0.10176176577806473,0.37756097316741943,0.3424561321735382
YBL087C,YDL076C,0,0.02193091,0.10173501819372177,0.37756097316741943,0.3425563871860504
YDR210C-C,YLR050C,0,0.021800429,0.10170827805995941,0.37756097316741943,0.3426566421985626
YBR271W,YMR223W,0,0.021799311,0.10168155282735825,0.37756097316741943,0.34275689721107483
YIL138C,YLL045C,0,0.021774836,0.10165484994649887,0.37756097316741943,0.34285715222358704
YDR448W,YBR060C,0,0.021701917,0.10162815451622009,0.37756097316741943,0.34295740723609924
YJL216C,YDR512C,0,0.021564938,0.10160146653652191,0.37756097316741943,0.34305763244628906
YCR040W,YGL183C,0,0.021507863,0.10157480090856552,0.37756097316741943,0.34315788745880127
YDR511W,YNL092W,0,0.02150748,0.10154815018177032,0.37756097316741943,0.3432581424713135
YGL095C,YNL086W,0,0.021363452,0.10152151435613632,0.37756097316741943,0.3433583974838257
YNL158W,YKL042W,0,0.021356337,0.10149488598108292,0.37756097316741943,0.3434586524963379
YJL174W,YLL021W,0,0.02121009,0.1014682725071907,0.37756097316741943,0.3435589075088501
YIL036W,YBL014C,0,0.021178968,0.10144167393445969,0.37756097316741943,0.3436591625213623
YCR031C,YER014C-A,0,0.021137513,0.10141509771347046,0.37756097316741943,0.3437593877315521
YFL054C,YDR471W,0,0.021120243,0.10138852149248123,0.37756097316741943,0.34385964274406433
YDR086C,YER087C-A,1,0.021053858,0.10162388533353806,0.378536581993103,0.34385964274406433
YNL258C,YLR419W,0,0.020891083,0.10159727931022644,0.378536581993103,0.34395989775657654
YLR248W,YOR201C,0,0.020680197,0.10157068073749542,0.378536581993103,0.34406015276908875
YBL080C,YML101C,0,0.020488687,0.1015440970659256,0.378536581993103,0.34416040778160095
YLR306W,YDL135C,0,0.02047272,0.10151752829551697,0.378536581993103,0.34426066279411316
YML104C,YIL111W,0,0.020376183,0.10149097442626953,0.378536581993103,0.344360888004303
YKL103C,YNL065W,0,0.020376183,0.10146443545818329,0.378536581993103,0.3444611430168152
YCL027W,YOR254C,0,0.020328559,0.10143791139125824,0.378536581993103,0.3445613980293274
YBR156C,YNR048W,0,0.020236477,0.10141139477491379,0.378536581993103,0.3446616530418396
YJR132W,YNL271C,0,0.020209812,0.10138490051031113,0.378536581993103,0.3447619080543518
YPL148C,YJL045W,0,0.020198293,0.10135841369628906,0.378536581993103,0.344862163066864
YPL167C,YOL052C-A,0,0.020190723,0.10133194178342819,0.378536581993103,0.3449624180793762
YJR135W-A,YBR257W,0,0.020171076,0.10130548477172852,0.378536581993103,0.34506264328956604
YML107C,YMR243C,0,0.02005697,0.10127904266119003,0.378536581993103,0.34516289830207825
YDL056W,YDR244W,0,0.019984394,0.10125260800123215,0.378536581993103,0.34526315331459045
YLL043W,YCL016C,0,0.01996013,0.10122619569301605,0.378536581993103,0.34536340832710266
YHR205W,YLR121C,0,0.019904234,0.10119979083538055,0.378536581993103,0.34546366333961487
YPL177C,YDL035C,0,0.019900996,0.10117340087890625,0.378536581993103,0.3455639183521271
YLR073C,YFL021W,0,0.01985588,0.10114702582359314,0.378536581993103,0.3456641733646393
YEL032W,YHL047C,0,0.019772477,0.10112066566944122,0.378536581993103,0.3457643985748291
YNL243W,YOR363C,0,0.019647263,0.1010943204164505,0.378536581993103,0.3458646535873413
YJL025W,YLR373C,0,0.019643255,0.10106799006462097,0.378536581993103,0.3459649085998535
YOR311C,YDR242W,0,0.019629605,0.10104166716337204,0.378536581993103,0.3460651636123657
YBR120C,YMR303C,0,0.01960992,0.1010153591632843,0.378536581993103,0.34616541862487793
YGL059W,YAR018C,0,0.019587778,0.10098906606435776,0.378536581993103,0.34626567363739014
YLR430W,YDR034C-C,0,0.019484915,0.10096278786659241,0.378536581993103,0.34636592864990234
YLR134W,YDR422C,0,0.019454557,0.10093652456998825,0.378536581993103,0.34646615386009216
YHL031C,YDL030W,0,0.019420344,0.10091027617454529,0.378536581993103,0.34656640887260437
YDR109C,YDR479C,0,0.019363455,0.10088403522968292,0.378536581993103,0.3466666638851166
YOL103W,YKL140W,0,0.01932481,0.10085780918598175,0.378536581993103,0.3467669188976288
YMR156C,YDL117W,0,0.019267596,0.10083159804344177,0.378536581993103,0.346867173910141
YHL016C,YLR033W,0,0.019232564,0.10080540180206299,0.378536581993103,0.3469674289226532
YGR161W-A,YER052C,0,0.019206114,0.1007792204618454,0.378536581993103,0.3470676839351654
YOR142W-A,YNL325C,0,0.019190766,0.100753054022789,0.378536581993103,0.3471679091453552
YLL048C,YNL006W,0,0.019190662,0.1007268950343132,0.378536581993103,0.34726816415786743
YER140W,YIL125W,0,0.019171849,0.1007007509469986,0.378536581993103,0.34736841917037964
YDL101C,YGL196W,0,0.019145168,0.10067462176084518,0.378536581993103,0.34746867418289185
YBR211C,YJL013C,0,0.019133143,0.10064850747585297,0.378536581993103,0.34756892919540405
YIL139C,YKL063C,0,0.019112132,0.10062240809202194,0.378536581993103,0.34766918420791626
YDR041W,YIL051C,0,0.019065209,0.10059631615877151,0.378536581993103,0.3477694094181061
YJL196C,YMR192W,0,0.018967472,0.10057024657726288,0.378536581993103,0.3478696644306183
YLR011W,YKR096W,0,0.018932976,0.10054418444633484,0.378536581993103,0.3479699194431305
YJR026W,YGR285C,0,0.018891253,0.100518137216568,0.378536581993103,0.3480701744556427
YLL024C,YGL129C,0,0.018845685,0.10049209743738174,0.378536581993103,0.3481704294681549
YJR102C,YPR181C,1,0.018807895,0.10072501003742218,0.3795121908187866,0.3481704294681549
YER102W,YLR176C,0,0.018797614,0.10069894045591354,0.3795121908187866,0.3482706844806671
YPL001W,YLR299W,0,0.01877185,0.1006728783249855,0.3795121908187866,0.3483709394931793
YBR207W,YNL310C,0,0.018705167,0.10064683109521866,0.3795121908187866,0.34847116470336914
YOL038W,YER087C-A,1,0.018699087,0.10087946057319641,0.3804877996444702,0.34847116470336914
YPR167C,YOL045W,0,0.018688567,0.10085337609052658,0.3804877996444702,0.34857141971588135
YDR050C,YKL116C,0,0.018686078,0.10082729905843735,0.3804877996444702,0.34867167472839355
YGR224W,YDR109C,0,0.018680803,0.10080123692750931,0.3804877996444702,0.34877192974090576
YML099C,YBR037C,0,0.018650867,0.10077519714832306,0.3804877996444702,0.34887218475341797
YDL121C,YDR175C,0,0.018632747,0.10074915736913681,0.3804877996444702,0.3489724397659302
YIL007C,YNR007C,1,0.018528119,0.10098140686750412,0.3814634084701538,0.3489724397659302
YHR194W,YIL093C,0,0.018447109,0.10095532983541489,0.3814634084701538,0.3490726947784424
YER072W,YEL012W,0,0.01842574,0.10092927515506744,0.3814634084701538,0.3491729199886322
YJR083C,YMR201C,0,0.018407643,0.1009032279253006,0.3814634084701538,0.3492731750011444
YML055W,YMR228W,0,0.018405877,0.10087719559669495,0.3814634084701538,0.3493734300136566
YDR026C,YOR211C,0,0.0183957,0.10085117071866989,0.3814634084701538,0.3494736850261688
YCR105W,YMR101C,0,0.018325545,0.10082516819238663,0.3814634084701538,0.34957394003868103
YCR040W,YGR158C,0,0.018296286,0.10079917311668396,0.3814634084701538,0.34967419505119324
YIL076W,YCR036W,0,0.0182917,0.10077319294214249,0.3814634084701538,0.34977445006370544
YGR006W,YOR326W,0,0.018272944,0.10074722766876221,0.3814634084701538,0.34987467527389526
YGL083W,YER044C-A,0,0.018262245,0.10072127729654312,0.3814634084701538,0.34997493028640747
YDR039C,YCR046C,0,0.018234823,0.10069534182548523,0.3814634084701538,0.3500751852989197
YER023W,YLR194C,0,0.018194534,0.10066941380500793,0.3814634084701538,0.3501754403114319
YLR167W,YLR011W,0,0.018086769,0.10064350068569183,0.3814634084701538,0.3502756953239441
YPL177C,YOR311C,0,0.018062897,0.10061760246753693,0.3814634084701538,0.3503759503364563
YMR201C,YKL059C,0,0.018056035,0.10059171915054321,0.3814634084701538,0.3504762053489685
YDR257C,YOR027W,0,0.018005922,0.1005658432841301,0.3814634084701538,0.3505764305591583
YAL058W,YPL003W,1,0.017973986,0.10079711675643921,0.3824390172958374,0.3505764305591583
YNL051W,YJR102C,0,0.017965667,0.1007712110877037,0.3824390172958374,0.35067668557167053
YJL095W,YDR387C,0,0.017904423,0.1007453128695488,0.3824390172958374,0.35077694058418274
YNL084C,YDL204W,0,0.017899401,0.10071942210197449,0.3824390172958374,0.35087719559669495
YDR470C,YPL176C,0,0.017876975,0.10069355368614197,0.3824390172958374,0.35097745060920715
YNR003C,YBL098W,0,0.017867126,0.10066769272089005,0.3824390172958374,0.35107770562171936
YGL174W,YOL103W-A,0,0.01786542,0.10064184665679932,0.3824390172958374,0.3511779308319092
YMR179W,YPL252C,0,0.017832063,0.10061601549386978,0.3824390172958374,0.3512781858444214
YPR066W,YLR417W,1,0.017789006,0.1008468046784401,0.383414626121521,0.3512781858444214
YJR155W,YJR010W,0,0.01759971,0.10082093626260757,0.383414626121521,0.3513784408569336
YKL045W,YLR010C,0,0.017578103,0.10079507529735565,0.383414626121521,0.3514786958694458
YNL031C,YLR438C-A,0,0.017552897,0.10076922923326492,0.383414626121521,0.351578950881958
YNR032C-A,YDR330W,1,0.01750473,0.10099974274635315,0.3843902349472046,0.351578950881958
YKR056W,YHL021C,0,0.01747287,0.10097385942935944,0.3843902349472046,0.3516792058944702
YCR014C,YFR027W,0,0.017465629,0.10094799101352692,0.3843902349472046,0.3517794609069824
YMR070W,YDL135C,0,0.017435856,0.100922130048275,0.3843902349472046,0.35187968611717224
YDR131C,YFR010W,1,0.01740291,0.10115236788988113,0.3853658437728882,0.35187968611717224
YNL310C,YDR178W,0,0.017349996,0.10112646967172623,0.3853658437728882,0.35197994112968445
YBR006W,YLR367W,0,0.017311402,0.10110058635473251,0.3853658437728882,0.35208019614219666
YDR520C,YNL263C,0,0.017295517,0.1010747179389,0.3853658437728882,0.35218045115470886
YOR373W,YPR196W,0,0.017204814,0.10104886442422867,0.3853658437728882,0.35228070616722107
YIL113W,YJR108W,0,0.01710657,0.10102301836013794,0.3853658437728882,0.3523809611797333
YCR098C,YKL094W,0,0.01703439,0.1009971871972084,0.3853658437728882,0.3524812161922455
YGL241W,YBR141C,0,0.017007552,0.10097137093544006,0.3853658437728882,0.3525814414024353
YDL240W,YBR279W,0,0.017002724,0.10094556957483292,0.3853658437728882,0.3526816964149475
YOR194C,YOR142W-B,0,0.01690656,0.10091977566480637,0.3853658437728882,0.3527819514274597
YPL043W,YHR051W,0,0.016803198,0.10089399665594101,0.3853658437728882,0.3528822064399719
YPR122W,YCL052C,0,0.016755305,0.10086823254823685,0.3853658437728882,0.35298246145248413
YGL144C,YHL034C,0,0.016744055,0.10084248334169388,0.3853658437728882,0.35308271646499634
YFL061W,YDR109C,0,0.016724281,0.1008167415857315,0.3853658437728882,0.35318297147750854
YCL032W,YJR160C,0,0.01671458,0.10079101473093033,0.3853658437728882,0.35328319668769836
YNL110C,YFL056C,0,0.016637929,0.10076530277729034,0.3853658437728882,0.35338345170021057
YGL246C,YFL013C,0,0.016594715,0.10073960572481155,0.3853658437728882,0.3534837067127228
YJL001W,YER151C,1,0.016545776,0.10096888989210129,0.3863414525985718,0.3534837067127228
YJR109C,YBL079W,0,0.016488962,0.10094315558671951,0.3863414525985718,0.353583961725235
YGR235C,YDR231C,0,0.016459577,0.10091742873191833,0.3863414525985718,0.3536842167377472
YPL046C,YBR105C,1,0.016355298,0.10114649683237076,0.38731706142425537,0.3536842167377472
YBL020W,YHR024C,0,0.016355284,0.1011207327246666,0.38731706142425537,0.3537844717502594
YNL306W,YKL074C,0,0.016341604,0.10109498351812363,0.38731706142425537,0.3538846969604492
YGL240W,YDR054C,1,0.01632689,0.10132382810115814,0.38829267024993896,0.3538846969604492
YGR032W,YML054C,0,0.016261786,0.10129804164171219,0.38829267024993896,0.3539849519729614
YDR427W,YMR076C,0,0.016253807,0.10127226263284683,0.38829267024993896,0.35408520698547363
YHR109W,YMR076C,0,0.016147174,0.10124649852514267,0.38829267024993896,0.35418546199798584
YBL026W,YHR028C,0,0.016029246,0.1012207493185997,0.38829267024993896,0.35428571701049805
YDR195W,YPL141C,0,0.016027935,0.10119501501321793,0.38829267024993896,0.35438597202301025
YGR179C,YAR010C,0,0.015957162,0.10116929560899734,0.38829267024993896,0.35448622703552246
YIL126W,YBR299W,0,0.01585994,0.10114358365535736,0.38829267024993896,0.3545864522457123
YGL246C,YER005W,0,0.015812822,0.10111788660287857,0.38829267024993896,0.3546867072582245
YFL038C,YKR054C,0,0.01575061,0.10109220445156097,0.38829267024993896,0.3547869622707367
YLR278C,YJR028W,0,0.0155407265,0.10106652975082397,0.38829267024993896,0.3548872172832489
YPL154C,YMR171C,0,0.015527673,0.10104086995124817,0.38829267024993896,0.3549874722957611
YCR045C,YEL016C,0,0.015521057,0.10101522505283356,0.38829267024993896,0.3550877273082733
YPL253C,YNL217W,0,0.0155172795,0.10098959505558014,0.38829267024993896,0.3551879823207855
YGL111W,YNR048W,0,0.0155138895,0.10096397995948792,0.38829267024993896,0.35528820753097534
YLL002W,YOR011W,0,0.015483566,0.10093837231397629,0.38829267024993896,0.35538846254348755
YGL240W,YOR157C,1,0.015385751,0.10116633027791977,0.38926827907562256,0.35538846254348755
YPR159W,YFL023W,0,0.015324302,0.10114068537950516,0.38926827907562256,0.35548871755599976
YOR384W,YOL084W,0,0.015319712,0.10111505538225174,0.38926827907562256,0.35558897256851196
YDR044W,YLR024C,0,0.0153095275,0.10108943283557892,0.38926827907562256,0.35568922758102417
YOR259C,YDR313C,1,0.015092604,0.10131712257862091,0.39024388790130615,0.35568922758102417
YGL253W,YLR154C,0,0.014987715,0.1012914627790451,0.39024388790130615,0.3557894825935364
YMR314W,YKL119C,0,0.014866464,0.10126582533121109,0.39024388790130615,0.3558897376060486
YBR280C,YHR171W,1,0.014756836,0.10149329155683517,0.39121952652931213,0.3558897376060486
YIL068C,YKR102W,0,0.014748551,0.10146760940551758,0.39121952652931213,0.3559899628162384
YNL307C,YGL195W,0,0.014665835,0.10144194215536118,0.39121952652931213,0.3560902178287506
YJL130C,YOL010W,0,0.014563583,0.10141628980636597,0.39121952652931213,0.3561904728412628
YDR134C,YJL012C,0,0.014519818,0.10139064490795135,0.39121952652931213,0.356290727853775
YPL098C,YML101C,0,0.014512874,0.10136501491069794,0.39121952652931213,0.35639098286628723
YDL128W,YHL019C,0,0.014498614,0.10133939981460571,0.39121952652931213,0.35649123787879944
YLR330W,YPL059W,0,0.014431223,0.10131379216909409,0.39121952652931213,0.35659149289131165
YPR043W,YIL002C,0,0.014426924,0.10128820687532425,0.39121952652931213,0.35669171810150146
YER063W,YPR152C,0,0.014414832,0.10126262903213501,0.39121952652931213,0.35679197311401367
YPL178W,YJL155C,0,0.014393412,0.10123705863952637,0.39121952652931213,0.3568922281265259
YIR037W,YPR042C,0,0.014334254,0.10121151059865952,0.39121952652931213,0.3569924831390381
YDR139C,YNL064C,1,0.014298297,0.10143830627202988,0.3921951353549957,0.3569924831390381
YOR101W,YML091C,0,0.014296599,0.10141271352767944,0.3921951353549957,0.3570927381515503
YLR244C,YLR410W-B,0,0.014285281,0.1013871356844902,0.3921951353549957,0.3571929931640625
YOL132W,YJR126C,0,0.014234342,0.10136157274246216,0.3921951353549957,0.3572932183742523
YCR098C,YOR004W,0,0.014130272,0.1013360247015953,0.3921951353549957,0.3573934733867645
YJL127C,YOR143C,0,0.014082111,0.10131048411130905,0.3921951353549957,0.35749372839927673
YDR218C,YDR309C,0,0.014036842,0.10128495842218399,0.3921951353549957,0.35759398341178894
YNL145W,YGL028C,0,0.014016636,0.10125944763422012,0.3921951353549957,0.35769423842430115
YDR019C,YPR133W-A,0,0.01398547,0.10123394429683685,0.3921951353549957,0.35779449343681335
YDR255C,YKL145W,1,0.013967611,0.10146021842956543,0.3931707441806793,0.35779449343681335
YFL025C,YGL058W,1,0.01394745,0.10168638080358505,0.3941463530063629,0.35779449343681335
YPR158W-B,YIL160C,0,0.013851456,0.10166079550981522,0.3941463530063629,0.35789474844932556
YHR111W,YLR208W,1,0.013830915,0.1018867939710617,0.3951219618320465,0.35789474844932556
YGR080W,YGR035C,0,0.013810106,0.10186116397380829,0.3951219618320465,0.3579949736595154
YNL230C,YGL213C,0,0.013747819,0.10183555632829666,0.3951219618320465,0.3580952286720276
YLR410W-B,YER101C,0,0.013739996,0.10180995613336563,0.3951219618320465,0.3581954836845398
YLL016W,YBR109C,0,0.013597451,0.1017843708395958,0.3951219618320465,0.358295738697052
YPL169C,YPR031W,0,0.013513081,0.10175879299640656,0.3951219618320465,0.3583959937095642
YCR010C,YNR007C,0,0.013498142,0.10173323005437851,0.3951219618320465,0.3584962487220764
YBR276C,YLR442C,0,0.013442155,0.10170768201351166,0.3951219618320465,0.3585965037345886
YPR091C,YLR058C,0,0.013430633,0.101682148873806,0.3951219618320465,0.35869672894477844
YBR177C,YDR013W,0,0.013406403,0.10165662318468094,0.3951219618320465,0.35879698395729065
YDR217C,YOR204W,0,0.013390146,0.10163111984729767,0.3951219618320465,0.35889723896980286
YJL174W,YER126C,0,0.0133417025,0.1016056165099144,0.3951219618320465,0.35899749398231506
YKL203C,YNR050C,0,0.013325982,0.10158013552427292,0.3951219618320465,0.35909774899482727
YJL124C,YMR045C,0,0.013302714,0.10155466198921204,0.3951219618320465,0.3591980040073395
YPL148C,YOR327C,0,0.013243005,0.10152920335531235,0.3951219618320465,0.3592982590198517
YPL223C,YNL287W,0,0.0131974295,0.10150375962257385,0.3951219618320465,0.3593984842300415
YLR234W,YGR238C,0,0.01319167,0.10147832334041595,0.3951219618320465,0.3594987392425537
YDR448W,YGL128C,0,0.01315368,0.10145290940999985,0.3951219618320465,0.3595989942550659
YKR099W,YHR190W,0,0.013096131,0.10142749547958374,0.3951219618320465,0.3596992492675781
YDR486C,YLL035W,0,0.013049908,0.10140210390090942,0.3951219618320465,0.35979950428009033
YBL091C,YIL145C,0,0.013022006,0.1013767197728157,0.3951219618320465,0.35989975929260254
YKL006W,YMR091C,0,0.013006084,0.10135135054588318,0.3951219618320465,0.36000001430511475
YCR005C,YNL328C,0,0.0128927305,0.10132599622011185,0.3951219618320465,0.36010023951530457
YGL040C,YMR218C,0,0.012891896,0.10130064934492111,0.3951219618320465,0.3602004945278168
YMR133W,YOR211C,0,0.01285129,0.10127531737089157,0.3951219618320465,0.360300749540329
YFR018C,YDR261W-A,0,0.012840986,0.10125000029802322,0.3951219618320465,0.3604010045528412
YMR218C,YNR007C,0,0.012839302,0.10122469067573547,0.3951219618320465,0.3605012595653534
YGL227W,YMR135C,1,0.012801923,0.10144927352666855,0.3960975706577301,0.3605012595653534
YOR079C,YLR425W,0,0.012777977,0.10142393410205841,0.3960975706577301,0.3606015145778656
YBR272C,YBR045C,0,0.012740195,0.10139860212802887,0.3960975706577301,0.3607017397880554
YDR377W,YOR076C,0,0.012704562,0.10137328505516052,0.3960975706577301,0.3608019948005676
YLR289W,YDR069C,0,0.012696405,0.10134797543287277,0.3960975706577301,0.36090224981307983
YJR009C,YKL029C,0,0.012609698,0.10132268816232681,0.3960975706577301,0.36100250482559204
YOL023W,YBL008W,0,0.01254826,0.10129740834236145,0.3960975706577301,0.36110275983810425
YOR239W,YDR369C,0,0.012511231,0.10127213597297668,0.3960975706577301,0.36120301485061646
YGR281W,YPR138C,0,0.012409799,0.10124688595533371,0.3960975706577301,0.36130326986312866
YDR281C,YLR440C,0,0.012366673,0.10122164338827133,0.3960975706577301,0.3614034950733185
YLR283W,YLL067C,0,0.012308635,0.10119640827178955,0.3960975706577301,0.3615037500858307
YDR316W-B,YMR089C,0,0.012256868,0.10117119550704956,0.3960975706577301,0.3616040050983429
YGR118W,YMR050C,0,0.012203865,0.10114599019289017,0.3960975706577301,0.3617042601108551
YJL082W,YJL058C,0,0.012141131,0.10112079977989197,0.3960975706577301,0.3618045151233673
YNR071C,YKL088W,0,0.011980191,0.10109561681747437,0.3960975706577301,0.3619047701358795
YGR145W,YOR019W,0,0.011914082,0.10107044875621796,0.3960975706577301,0.3620050251483917
YMR233W,YDR069C,0,0.011835404,0.10104529559612274,0.3960975706577301,0.36210525035858154
YOR038C,YER149C,0,0.011766411,0.10102015733718872,0.3960975706577301,0.36220550537109375
YPL221W,YNR053C,0,0.011712022,0.1009950265288353,0.3960975706577301,0.36230576038360596
YER081W,YLR145W,0,0.011588268,0.10096991062164307,0.3960975706577301,0.36240601539611816
YGR170W,YMR137C,0,0.011489846,0.10094480216503143,0.3960975706577301,0.36250627040863037
YPL007C,YPR030W,0,0.011403523,0.100919708609581,0.3960975706577301,0.3626065254211426
YLL002W,YDR074W,0,0.011335626,0.10089462995529175,0.3960975706577301,0.3627067804336548
YDL006W,YOR038C,0,0.011264406,0.1008695662021637,0.3960975706577301,0.3628070056438446
YDR004W,YFR029W,0,0.011234902,0.10084450989961624,0.3960975706577301,0.3629072606563568
YOR274W,YHR113W,0,0.011183657,0.10081946849822998,0.3960975706577301,0.363007515668869
YIL172C,YPR204W,0,0.011159353,0.10079444199800491,0.3960975706577301,0.3631077706813812
YER123W,YDR279W,0,0.011121601,0.10076942294836044,0.3960975706577301,0.36320802569389343
YGR184C,YLR417W,1,0.011113219,0.10099255293607712,0.3970731794834137,0.36320802569389343
YMR169C,YDR410C,0,0.011105306,0.10096750408411026,0.3970731794834137,0.36330828070640564
YMR242C,YBR251W,0,0.011085726,0.100942462682724,0.3970731794834137,0.36340853571891785
YEL015W,YBR121C,0,0.01106701,0.10091742873191833,0.3970731794834137,0.36350876092910767
YER017C,YPL157W,0,0.011048704,0.10089241713285446,0.3970731794834137,0.3636090159416199
YDR122W,YGR180C,0,0.0110346,0.10086741298437119,0.3970731794834137,0.3637092709541321
YER028C,YDR371W,0,0.010999903,0.1008424162864685,0.3970731794834137,0.3638095259666443
YGL011C,YPR103W,1,0.010982282,0.10106514394283295,0.3980487883090973,0.3638095259666443
YDR072C,YFR029W,0,0.010968298,0.10104011744260788,0.3980487883090973,0.3639097809791565
YJL208C,YDR284C,0,0.010898501,0.101015105843544,0.3980487883090973,0.3640100359916687
YPR167C,YDR498C,0,0.010842912,0.10099010169506073,0.3980487883090973,0.3641102612018585
YCL018W,YFR013W,0,0.010837145,0.10096510499715805,0.3980487883090973,0.3642105162143707
YKL093W,YJL012C,0,0.01064454,0.10094013065099716,0.3980487883090973,0.36431077122688293
YJR050W,YPL157W,0,0.010640316,0.10091516375541687,0.3980487883090973,0.36441102623939514
YLR417W,YLL036C,1,0.0106095895,0.10113748908042908,0.3990243971347809,0.36441102623939514
YNL258C,YOR304C-A,0,0.010523893,0.1011124849319458,0.3990243971347809,0.36451128125190735
YLR143W,YHR167W,0,0.010494493,0.10108749568462372,0.3990243971347809,0.36461153626441956
YMR275C,YIL018W,0,0.010490127,0.10106251388788223,0.3990243971347809,0.36471179127693176
YCR024C,YNL219C,0,0.010437183,0.10103754699230194,0.3990243971347809,0.3648120164871216
YOR032C,YBL021C,0,0.010430012,0.10101259499788284,0.3990243971347809,0.3649122714996338
YNL261W,YPR001W,0,0.010419473,0.10098765790462494,0.3990243971347809,0.365012526512146
YHR090C,YOL142W,0,0.010372378,0.10096272826194763,0.3990243971347809,0.3651127815246582
YIR011C,YLR417W,1,0.010365792,0.10118459910154343,0.4000000059604645,0.3651127815246582
YDL179W,YKR028W,0,0.01029063,0.10115963220596313,0.4000000059604645,0.3652130365371704
YMR184W,YGR161W-B,0,0.010229088,0.10113468021154404,0.4000000059604645,0.3653132915496826
YOR080W,YBL029C-A,0,0.010202266,0.10110974311828613,0.4000000059604645,0.3654135465621948
YBR058C,YKR098C,1,0.010185771,0.10133136063814163,0.40097561478614807,0.3654135465621948
YBR058C-A,YGR158C,0,0.010110714,0.10130638629198074,0.40097561478614807,0.36551377177238464
YLR410W-B,YBR069C,0,0.010108016,0.10128141939640045,0.40097561478614807,0.36561402678489685
YHL006C,YDL119C,0,0.010014884,0.10125646740198135,0.40097561478614807,0.36571428179740906
YER022W,YOL018C,0,0.009972878,0.10123153030872345,0.40097561478614807,0.36581453680992126
YPL137C,YPL106C,0,0.009813704,0.10120660066604614,0.40097561478614807,0.36591479182243347
YKR019C,YBR150C,0,0.009802647,0.10118168592453003,0.40097561478614807,0.3660150468349457
YGR048W,YGL240W,1,0.009757578,0.1014029011130333,0.40195122361183167,0.3660150468349457
YOR156C,YDR427W,1,0.009748869,0.1016240194439888,0.40292683243751526,0.3660150468349457
YHR211W,YOL142W,0,0.009729721,0.10159901529550552,0.40292683243751526,0.3661153018474579
YPR057W,YHL017W,0,0.009721123,0.10157402604818344,0.40292683243751526,0.3662155270576477
YPL134C,YOR098C,0,0.009520821,0.10154905170202255,0.40292683243751526,0.3663157820701599
YGR058W,YML132W,0,0.009451099,0.10152409225702286,0.40292683243751526,0.3664160370826721
YDL077C,YNL217W,0,0.009309627,0.10149914026260376,0.40292683243751526,0.3665162920951843
YMR276W,YJL206C,0,0.009285439,0.10147420316934586,0.40292683243751526,0.36661654710769653
YBR130C,YGR085C,0,0.009273097,0.10144927352666855,0.40292683243751526,0.36671680212020874
YER143W,YBL017C,1,0.009229638,0.10166993737220764,0.40390244126319885,0.36671680212020874
YCL069W,YGR004W,0,0.009152599,0.10164497792720795,0.40390244126319885,0.36681705713272095
YGL172W,YPR046W,0,0.009050779,0.10162002593278885,0.40390244126319885,0.36691728234291077
YCL052C,YIR025W,1,0.009043135,0.10184048861265182,0.40487805008888245,0.36691728234291077
YMR042W,YKL173W,0,0.009039633,0.10181550681591034,0.40487805008888245,0.367017537355423
YDR363W-A,YDL126C,1,0.008985303,0.10203581303358078,0.40585365891456604,0.367017537355423
YIL139C,YEL016C,0,0.008672018,0.10201078653335571,0.40585365891456604,0.3671177923679352
YML061C,YBR233W-A,0,0.008483127,0.10198578238487244,0.40585365891456604,0.3672180473804474
YBR037C,YHR136C,0,0.008328721,0.10196078568696976,0.40585365891456604,0.3673183023929596
YNR051C,YMR067C,1,0.008322358,0.1021808385848999,0.40682926774024963,0.3673183023929596
YDL093W,YML040W,0,0.008313224,0.10215580463409424,0.40682926774024963,0.3674185574054718
YCL075W,YDR118W,0,0.008246258,0.10213078558444977,0.40682926774024963,0.3675187826156616
YPR106W,YKL056C,0,0.008065082,0.10210578143596649,0.40682926774024963,0.36761903762817383
YOL142W,YKL041W,0,0.008032959,0.10208078473806381,0.40682926774024963,0.36771929264068604
YIR031C,YMR241W,0,0.007906802,0.10205580294132233,0.40682926774024963,0.36781954765319824
YOR096W,YIR025W,0,0.00784383,0.10203082859516144,0.40682926774024963,0.36791980266571045
YJL198W,YDR003W,0,0.0076927915,0.10200586915016174,0.40682926774024963,0.36802005767822266
YKL150W,YJR066W,0,0.007678099,0.10198092460632324,0.40682926774024963,0.36812031269073486
YLR289W,YDR218C,0,0.0076720715,0.10195598751306534,0.40682926774024963,0.3682205379009247
YPR108W,YBR290W,1,0.007666193,0.1021755039691925,0.4078048765659332,0.3682205379009247
YDR449C,YBR158W,0,0.007639177,0.10215053707361221,0.4078048765659332,0.3683207929134369
YHR033W,YKL165C,0,0.007605247,0.10212557762861252,0.4078048765659332,0.3684210479259491
YGR159C,YJR096W,0,0.0075182095,0.10210063308477402,0.4078048765659332,0.3685213029384613
YOR346W,YBL064C,0,0.007500954,0.10207570344209671,0.4078048765659332,0.3686215579509735
YLR167W,YGR047C,0,0.0074358955,0.10205078125,0.4078048765659332,0.3687218129634857
YJL149W,YML088W,1,0.0073063523,0.10226995497941971,0.4087804853916168,0.3687218129634857
YBR086C,YDL189W,0,0.0071726963,0.10224499553442001,0.4087804853916168,0.3688220679759979
YFL009W,YML092C,1,0.0071411803,0.10246401280164719,0.4097560942173004,0.3688220679759979
YMR090W,YGR070W,0,0.00706587,0.1024390235543251,0.4097560942173004,0.36892229318618774
YDL040C,YPL157W,0,0.007058628,0.10241404175758362,0.4097560942173004,0.36902254819869995
YDR530C,YKL014C,0,0.006943725,0.10238907486200333,0.4097560942173004,0.36912280321121216
YJL041W,YHR108W,0,0.006933637,0.10236412286758423,0.4097560942173004,0.36922305822372437
YNR067C,YLR044C,0,0.006926574,0.10233917832374573,0.4097560942173004,0.3693233132362366
YJR132W,YOR388C,0,0.0068542436,0.10231424868106842,0.4097560942173004,0.3694235682487488
YML096W,YMR033W,0,0.006768115,0.10228933393955231,0.4097560942173004,0.369523823261261
YJR158W,YDR018C,0,0.006710686,0.10226442664861679,0.4097560942173004,0.3696240484714508
YGL243W,YGL087C,0,0.0066178367,0.10223953425884247,0.4097560942173004,0.369724303483963
YEL036C,YBR089C-A,0,0.0065352395,0.10221464931964874,0.4097560942173004,0.3698245584964752
YBR287W,YOR271C,0,0.0065230206,0.10218977928161621,0.4097560942173004,0.3699248135089874
YOR270C,YNL290W,0,0.0064793304,0.10216492414474487,0.4097560942173004,0.37002506852149963
YPL200W,YER102W,0,0.006463878,0.10214007645845413,0.4097560942173004,0.37012532353401184
YLR360W,YDR086C,1,0.006448962,0.102358378469944,0.410731703042984,0.37012532353401184
YHR024C,YJR153W,0,0.0063940585,0.10233349353075027,0.410731703042984,0.37022557854652405
YPL101W,YMR273C,0,0.0063694045,0.10230862349271774,0.410731703042984,0.37032580375671387
YLR378C,YOR080W,1,0.00626383,0.1025267243385315,0.4117073118686676,0.37032580375671387
YDL230W,YKL021C,0,0.0060580447,0.10250182449817657,0.4117073118686676,0.3704260587692261
YPL159C,YHR096C,0,0.0060344115,0.10247693210840225,0.4117073118686676,0.3705263137817383
YBR198C,YOR348C,0,0.0060243085,0.10245205461978912,0.4117073118686676,0.3706265687942505
YFL025C,YER100W,1,0.0059185103,0.10266990214586258,0.4126829206943512,0.3706265687942505
YPL043W,YGL232W,0,0.0059091,0.10264498740434647,0.4126829206943512,0.3707268238067627
YCR024C,YER190W,0,0.0058625415,0.10262008756399155,0.4126829206943512,0.3708270788192749
YIL130W,YDR077W,0,0.0058305636,0.10259519517421722,0.4126829206943512,0.3709273040294647
YKL048C,YPL160W,0,0.0058121756,0.1025703176856041,0.4126829206943512,0.37102755904197693
YOR242C,YDR041W,0,0.0057405904,0.10254545509815216,0.4126829206943512,0.37112781405448914
YOL103W-B,YNR015W,0,0.005710773,0.10252059996128082,0.4126829206943512,0.37122806906700134
YLR028C,YMR158W,0,0.0056912526,0.10249575972557068,0.4126829206943512,0.37132832407951355
YOR142W-A,YMR115W,0,0.005605541,0.10247092694044113,0.4126829206943512,0.37142857909202576
YJR121W,YOR211C,0,0.00560496,0.10244611650705338,0.4126829206943512,0.37152883410453796
YDR358W,YJL008C,0,0.0055503324,0.10242130607366562,0.4126829206943512,0.3716290593147278
YDR262W,YNL221C,0,0.005489953,0.10239651054143906,0.4126829206943512,0.37172931432724
YBR129C,YNR030W,0,0.005411096,0.10237172991037369,0.4126829206943512,0.3718295693397522
YCL075W,YJL156C,0,0.0053907856,0.10234696418046951,0.4126829206943512,0.3719298243522644
YDR373W,YHL036W,0,0.0051662326,0.10232220590114594,0.4126829206943512,0.3720300793647766
YMR264W,YBL041W,1,0.0051251873,0.1025393009185791,0.4136585295200348,0.3720300793647766
YGR055W,YMR019W,0,0.0050627366,0.10251450538635254,0.4136585295200348,0.3721303343772888
YKL195W,YJL221C,0,0.005052846,0.10248972475528717,0.4136585295200348,0.372230589389801
YNL248C,YER161C,0,0.004976213,0.102464959025383,0.4136585295200348,0.37233081459999084
YLL051C,YIR018W,0,0.004972227,0.10244020074605942,0.4136585295200348,0.37243106961250305
YOR381W,YMR239C,0,0.004947938,0.10241545736789703,0.4136585295200348,0.37253132462501526
YDR273W,YLR120C,0,0.0049310923,0.10239072889089584,0.4136585295200348,0.37263157963752747
YOR044W,YGL103W,0,0.0049136207,0.10236600786447525,0.4136585295200348,0.3727318346500397
YEL019C,YIL167W,0,0.004843794,0.10234130173921585,0.4136585295200348,0.3728320896625519
YML040W,YER113C,0,0.0046451837,0.10231660306453705,0.4136585295200348,0.3729323446750641
YGR200C,YHR154W,0,0.004583448,0.10229191929101944,0.4136585295200348,0.3730325698852539
YML012W,YLR429W,0,0.004579492,0.10226724296808243,0.4136585295200348,0.3731328248977661
YPR100W,YLR103C,0,0.0044974163,0.10224258154630661,0.4136585295200348,0.3732330799102783
YNL311C,YGR106C,0,0.0044091716,0.10221793502569199,0.4136585295200348,0.3733333349227905
YBR173C,YKL183W,0,0.0043703094,0.10219329595565796,0.4136585295200348,0.37343358993530273
YKL145W,YGL004C,1,0.0043409765,0.10240963846445084,0.4146341383457184,0.37343358993530273
YER038C,YDR398W,0,0.004308857,0.10238496959209442,0.4146341383457184,0.37353384494781494
YJL143W,YHR149C,0,0.0041438118,0.1023603081703186,0.4146341383457184,0.37363409996032715
YOR049C,YJL127C,0,0.004133515,0.10233566164970398,0.4146341383457184,0.37373432517051697
YOR222W,YLR092W,0,0.004113354,0.10231102257966995,0.4146341383457184,0.3738345801830292
YLR306W,YPL093W,0,0.0040928945,0.10228639841079712,0.4146341383457184,0.3739348351955414
YJL047C,YDR306C,1,0.0039706007,0.10250240564346313,0.415609747171402,0.3739348351955414
YPR017C,YPR158C-C,0,0.0038986502,0.10247775167226791,0.415609747171402,0.3740350902080536
YCL063W,YGR199W,0,0.0038849039,0.10245310515165329,0.415609747171402,0.3741353452205658
YIR031C,YNR003C,0,0.0038395,0.10242846608161926,0.415609747171402,0.374235600233078
YER048W-A,YER123W,0,0.0038360727,0.10240384936332703,0.415609747171402,0.3743358254432678
YLR121C,YLR040C,0,0.003777243,0.10237923264503479,0.415609747171402,0.37443608045578003
YJR131W,YIL008W,1,0.003759764,0.10259490460157394,0.41658535599708557,0.37443608045578003
YDR465C,YDR434W,0,0.0037223247,0.10257026553153992,0.41658535599708557,0.37453633546829224
YOR096W,YGR044C,0,0.0037168188,0.10254562646150589,0.41658535599708557,0.37463659048080444
YGR144W,YMR210W,0,0.0037096476,0.10252100974321365,0.41658535599708557,0.37473684549331665
YBR162W-A,YLR227W-A,0,0.003514096,0.10249640047550201,0.41658535599708557,0.37483710050582886
YOR358W,YLR390W-A,0,0.0034234074,0.10247179865837097,0.41658535599708557,0.37493735551834106
YJL196C,YPR137C-A,0,0.0033888367,0.10244721919298172,0.41658535599708557,0.3750375807285309
YOL132W,YPR035W,0,0.0032985283,0.10242263972759247,0.41658535599708557,0.3751378357410431
YMR042W,YPL215W,0,0.0031255258,0.10239808261394501,0.41658535599708557,0.3752380907535553
YHR111W,YOL133W,1,0.0031038744,0.10261328518390656,0.41756096482276917,0.3752380907535553
YIL005W,YEL052W,1,0.002822928,0.10282837599515915,0.41853657364845276,0.3752380907535553
YNL172W,YOL107W,0,0.0027573218,0.10280373692512512,0.41853657364845276,0.3753383457660675
YDL109C,YFL045C,0,0.0027201397,0.10277910530567169,0.41853657364845276,0.3754386007785797
YLR343W,YNL306W,0,0.002667792,0.10275448858737946,0.41853657364845276,0.3755388557910919
YDR460W,YDL067C,0,0.0025506688,0.10272988677024841,0.41853657364845276,0.3756391108036041
YMR195W,YLR079W,0,0.002486795,0.10270529240369797,0.41853657364845276,0.37573933601379395
YHR027C,YNL331C,0,0.002392955,0.10268070548772812,0.41853657364845276,0.37583959102630615
YNL207W,YAR010C,0,0.0023684872,0.10265614092350006,0.41853657364845276,0.37593984603881836
YGL098W,YEL051W,0,0.0023442728,0.102631576359272,0.41853657364845276,0.37604010105133057
YLR201C,YOL023W,0,0.0023099703,0.10260703414678574,0.41853657364845276,0.3761403560638428
YER015W,YGL139W,0,0.0022159887,0.10258249938488007,0.41853657364845276,0.376240611076355
YPR114W,YLR377C,0,0.0020554585,0.10255797207355499,0.41853657364845276,0.3763408660888672
YPL104W,YDL141W,0,0.0019545665,0.10253345966339111,0.41853657364845276,0.376441091299057
YPR122W,YDL021W,0,0.0019094122,0.10250896215438843,0.41853657364845276,0.3765413463115692
YGR217W,YHR024C,0,0.0018339825,0.10248447209596634,0.41853657364845276,0.3766416013240814
YML098W,YHL004W,0,0.0017375273,0.10245999693870544,0.41853657364845276,0.37674185633659363
YHR161C,YLL038C,0,0.0017237363,0.10243552923202515,0.41853657364845276,0.37684211134910583
YPL056C,YDR494W,0,0.0016790999,0.10241107642650604,0.41853657364845276,0.37694236636161804
YIL011W,YHR080C,0,0.0016117764,0.10238663852214813,0.41853657364845276,0.37704262137413025
YPL139C,YJL189W,0,0.0015930159,0.10236220806837082,0.41853657364845276,0.37714284658432007
YNL183C,YHR135C,0,0.0015291644,0.1023377850651741,0.41853657364845276,0.3772431015968323
YJL214W,YDR471W,0,0.0014991832,0.10231337696313858,0.41853657364845276,0.3773433566093445
YKL156W,YGR271W,0,0.0014808846,0.10228898376226425,0.41853657364845276,0.3774436116218567
YHR061C,YOR099W,0,0.001446746,0.10226459801197052,0.41853657364845276,0.3775438666343689
YDL133C-A,YOR192C-A,0,0.0013748927,0.10224022716283798,0.41853657364845276,0.3776441216468811
YBR033W,YDL160C,0,0.0013398153,0.10221587121486664,0.41853657364845276,0.3777443468570709
YDR395W,YGR080W,0,0.001236148,0.10219152271747589,0.41853657364845276,0.37784460186958313
YGL225W,YNL339C,0,0.0011871827,0.10216718167066574,0.41853657364845276,0.37794485688209534
YJL060W,YGR199W,0,0.0010492874,0.10214285552501678,0.41853657364845276,0.37804511189460754
YNL064C,YLR306W,1,0.0010326726,0.10235658288002014,0.41951218247413635,0.37804511189460754
YDR511W,YNL172W,0,0.0009917093,0.1023322194814682,0.41951218247413635,0.37814536690711975
YBR182C,YDR244W,0,0.00086147315,0.10230787843465805,0.41951218247413635,0.37824562191963196
YHR175W,YHR207C,0,0.0008504016,0.1022835373878479,0.41951218247413635,0.37834587693214417
YBR015C,YDR420W,0,0.0007896272,0.10225921869277954,0.41951218247413635,0.378446102142334
YBR082C,YLR024C,1,0.0007647497,0.10247265547513962,0.42048779129981995,0.378446102142334
YOR279C,YOR076C,0,0.0007438136,0.10244829952716827,0.42048779129981995,0.3785463571548462
YLR263W,YDR245W,0,0.00072298176,0.10242395102977753,0.42048779129981995,0.3786466121673584
YER137C-A,YDL200C,0,0.00070991344,0.10239961743354797,0.42048779129981995,0.3787468671798706
YGL010W,YEL059C-A,0,0.0005373282,0.10237529873847961,0.42048779129981995,0.3788471221923828
YML092C,YJL148W,0,0.0003345383,0.10235098749399185,0.42048779129981995,0.378947377204895
YMR200W,YOR098C,0,0.00020312495,0.10232668370008469,0.42048779129981995,0.3790476322174072
YDR437W,YBR233W-A,0,0.00019177026,0.10230239480733871,0.42048779129981995,0.37914785742759705
YHR210C,YIL009W,0,0.00016830093,0.10227812081575394,0.42048779129981995,0.37924811244010925
YCR018C,YBR297W,0,0.00016575283,0.10225385427474976,0.42048779129981995,0.37934836745262146
YNL172W,YDR002W,1,0.00010561175,0.10246679186820984,0.42146340012550354,0.37934836745262146
YOR301W,YJL225C,0,0.000103153056,0.10244249552488327,0.42146340012550354,0.37944862246513367
YPL019C,YDL142C,0,-8.868519e-07,0.1024182066321373,0.42146340012550354,0.3795488774776459
YGL210W,YDR372C,0,-0.00011453801,0.10239393264055252,0.42146340012550354,0.3796491324901581
YBR023C,YDR145W,0,-0.00012325519,0.10236966609954834,0.42146340012550354,0.3797493875026703
YIL128W,YGR174C,0,-0.0001554417,0.10234541445970535,0.42146340012550354,0.3798496127128601
YOR156C,YIL046W,1,-0.00019959384,0.10255803167819977,0.4224390387535095,0.3798496127128601
YDR350C,YNL244C,0,-0.00022325688,0.1025337427854538,0.4224390387535095,0.3799498677253723
YBR074W,YGR056W,0,-0.00037559145,0.10250946879386902,0.4224390387535095,0.3800501227378845
YDR210W-B,YML081W,0,-0.00037714117,0.10248520970344543,0.4224390387535095,0.38015037775039673
YDL097C,YDR086C,1,-0.00046926015,0.10269758850336075,0.4234146475791931,0.38015037775039673
YOR080W,YDR510W,1,-0.00048375153,0.1029098629951477,0.4243902564048767,0.38015037775039673
YFL054C,YML112W,0,-0.0004886391,0.10288552194833755,0.4243902564048767,0.38025063276290894
YIL130W,YFR034C,0,-0.00052014017,0.1028611958026886,0.4243902564048767,0.38035088777542114
YOR132W,YLR380W,0,-0.000598483,0.10283687710762024,0.4243902564048767,0.38045111298561096
YLR403W,YDR261W-A,0,-0.0006440731,0.10281257331371307,0.4243902564048767,0.38055136799812317
YLR151C,YLR348C,0,-0.0007531049,0.1027882769703865,0.4243902564048767,0.3806516230106354
YNR004W,YGR088W,0,-0.0007546621,0.10276399552822113,0.4243902564048767,0.3807518780231476
YIL013C,YDL065C,0,-0.0008827748,0.10273972898721695,0.4243902564048767,0.3808521330356598
YDR372C,YBR233W-A,0,-0.0008880722,0.10271546989679337,0.4243902564048767,0.380952388048172
YDL130W-A,YLR425W,0,-0.00093776756,0.10269121825695038,0.4243902564048767,0.3810526430606842
YDL046W,YMR139W,0,-0.0009409564,0.10266698151826859,0.4243902564048767,0.381152868270874
YLR115W,YBR213W,0,-0.0010393637,0.10264275968074799,0.4243902564048767,0.38125312328338623
YDR359C,YMR149W,0,-0.0010653513,0.10261854529380798,0.4243902564048767,0.38135337829589844
YHR186C,YNL335W,0,-0.0010923671,0.10259433835744858,0.4243902564048767,0.38145363330841064
YNR031C,YMR071C,0,-0.0011133554,0.10257014632225037,0.4243902564048767,0.38155388832092285
YFL025C,YBL067C,1,-0.0012009593,0.10278170555830002,0.4253658652305603,0.38155388832092285
YOR244W,YPL154C,0,-0.0013496506,0.10275748372077942,0.4253658652305603,0.38165414333343506
YIL128W,YDR363W-A,0,-0.0014049339,0.10273326933383942,0.4253658652305603,0.38175439834594727
YOL152W,YGL253W,0,-0.0014415907,0.10270906984806061,0.4253658652305603,0.3818546235561371
YLL016W,YLR382C,0,-0.0016210454,0.1026848778128624,0.4253658652305603,0.3819548785686493
YPL257W-B,YJL200C,0,-0.0017250108,0.10266070067882538,0.4253658652305603,0.3820551335811615
YIL143C,YJR060W,0,-0.001992576,0.10263653844594955,0.4253658652305603,0.3821553885936737
YOR002W,YKL168C,0,-0.0019936266,0.10261237621307373,0.4253658652305603,0.3822556436061859
YML091C,YPL281C,0,-0.002117567,0.1025882363319397,0.4253658652305603,0.3823558986186981
YNL145W,YDR055W,0,-0.0021423327,0.10256410390138626,0.4253658652305603,0.3824561536312103
YOR156C,YGL120C,0,-0.002149828,0.10253997892141342,0.4253658652305603,0.38255637884140015
YPR026W,YGL064C,0,-0.0021925794,0.10251586884260178,0.4253658652305603,0.38265663385391235
YNR031C,YMR312W,0,-0.0022458064,0.10249177366495132,0.4253658652305603,0.38275688886642456
YOR132W,YLR040C,0,-0.0022485184,0.10246768593788147,0.4253658652305603,0.38285714387893677
YDR038C,YDR393W,0,-0.0022698867,0.10244360566139221,0.4253658652305603,0.382957398891449
YML125C,YNL095C,0,-0.0023029374,0.10241954773664474,0.4253658652305603,0.3830576539039612
YBL060W,YML004C,0,-0.0023137631,0.10239548981189728,0.4253658652305603,0.3831579089164734
YHR206W,YNL216W,0,-0.002343476,0.102371446788311,0.4253658652305603,0.3832581341266632
YDL040C,YJL001W,0,-0.002388351,0.10234741866588593,0.4253658652305603,0.3833583891391754
YBR231C,YOL072W,0,-0.0024164247,0.10232339799404144,0.4253658652305603,0.3834586441516876
YPR154W,YPL083C,0,-0.0024183618,0.10229939222335815,0.4253658652305603,0.38355889916419983
YHR077C,YGL030W,0,-0.0024854916,0.10227539390325546,0.4253658652305603,0.38365915417671204
YDR466W,YKL043W,0,-0.0025259631,0.10225141048431396,0.4253658652305603,0.38375940918922424
YDR013W,YDR429C,0,-0.0025616216,0.10222743451595306,0.4253658652305603,0.38385963439941406
YPL271W,YPR008W,0,-0.0025750624,0.10220346599817276,0.4253658652305603,0.38395988941192627
YIR038C,YGR047C,0,-0.0026132988,0.10217951983213425,0.4253658652305603,0.3840601444244385
YPL046C,YFL009W,1,-0.0026161599,0.1023898795247078,0.4263414740562439,0.3840601444244385
YDR034C-C,YDR371W,0,-0.0027212428,0.1023658961057663,0.4263414740562439,0.3841603994369507
YOL019W,YAL048C,0,-0.0027360322,0.1023419201374054,0.4263414740562439,0.3842606544494629
YPL065W,YEL019C,1,-0.0027884322,0.10255209356546402,0.4273170828819275,0.3842606544494629
YBR020W,YOR191W,0,-0.0027972574,0.10252808779478073,0.4273170828819275,0.3843609094619751
YKL006C-A,YCR045C,0,-0.0028221535,0.10250409692525864,0.4273170828819275,0.3844611644744873
YKL114C,YER029C,0,-0.0028995352,0.10248011350631714,0.4273170828819275,0.3845613896846771
YHR001W-A,YNL051W,0,-0.0030000585,0.10245613753795624,0.4273170828819275,0.38466164469718933
YIR031C,YJL069C,0,-0.0030789303,0.10243217647075653,0.4273170828819275,0.38476189970970154
YJL097W,YKL067W,0,-0.0031892436,0.10240823030471802,0.4273170828819275,0.38486215472221375
YDL036C,YLR093C,0,-0.0032277333,0.1023842915892601,0.4273170828819275,0.38496240973472595
YNL045W,YLR083C,0,-0.0032298195,0.10236036777496338,0.4273170828819275,0.38506266474723816
YFR032C-A,YMR238W,0,-0.0033013525,0.10233645141124725,0.4273170828819275,0.38516291975975037
YJL102W,YMR020W,0,-0.0033485184,0.10231254249811172,0.4273170828819275,0.3852631449699402
YGR109W-A,YMR088C,0,-0.0033622163,0.10228864848613739,0.4273170828819275,0.3853633999824524
YCR105W,YDR022C,0,-0.0033865797,0.10226476937532425,0.4273170828819275,0.3854636549949646
YDR213W,YHR099W,0,-0.0034229013,0.1022408977150917,0.4273170828819275,0.3855639100074768
YKR078W,YHL047C,0,-0.003525153,0.10221703350543976,0.4273170828819275,0.385664165019989
YNL325C,YCL036W,0,-0.0035326483,0.102193184196949,0.4273170828819275,0.3857644200325012
YPL148C,YDR531W,0,-0.00353957,0.10216934978961945,0.4273170828819275,0.3858646750450134
YOR150W,YOR175C,0,-0.0036570954,0.10214552283287048,0.4273170828819275,0.38596490025520325
YGR222W,YDR356W,0,-0.0036613273,0.10212170332670212,0.4273170828819275,0.38606515526771545
YDR036C,YJL066C,0,-0.0036795961,0.10209789872169495,0.4273170828819275,0.38616541028022766
YJL167W,YGR089W,0,-0.0037261473,0.10207410901784897,0.4273170828819275,0.38626566529273987
YLR356W,YOL004W,0,-0.0037292915,0.10205032676458359,0.4273170828819275,0.3863659203052521
YLR006C,YHL016C,0,-0.0038949477,0.1020265519618988,0.4273170828819275,0.3864661753177643
YKL090W,YPR055W,0,-0.0039044993,0.10200279206037521,0.4273170828819275,0.3865664303302765
YJL155C,YBL082C,0,-0.003998846,0.10197904706001282,0.4273170828819275,0.3866666555404663
YBL058W,YPL072W,1,-0.0040284097,0.10218808054924011,0.4282926917076111,0.3866666555404663
YBL074C,YOR106W,0,-0.004037909,0.10216429829597473,0.4282926917076111,0.3867669105529785
YML076C,YIL101C,0,-0.004055552,0.10214053094387054,0.4282926917076111,0.3868671655654907
YAL013W,YDL137W,0,-0.004094191,0.10211677104234695,0.4282926917076111,0.38696742057800293
YJL181W,YKL094W,0,-0.0041077733,0.10209302604198456,0.4282926917076111,0.38706767559051514
YMR195W,YMR019W,0,-0.0042031035,0.10206928849220276,0.4282926917076111,0.38716793060302734
YFR004W,YBR128C,1,-0.0042629465,0.10227800905704498,0.4292683005332947,0.38716793060302734
YNL322C,YCR030C,0,-0.004349269,0.1022542417049408,0.4292683005332947,0.38726815581321716
YDR326C,YDR376W,0,-0.0043755546,0.1022304818034172,0.4292683005332947,0.38736841082572937
YKL048C,YDR159W,0,-0.0044194683,0.10220673680305481,0.4292683005332947,0.3874686658382416
YIL096C,YJR117W,0,-0.0044452175,0.10218299925327301,0.4292683005332947,0.3875689208507538
YDL147W,YIL008W,1,-0.0045447275,0.10239145904779434,0.43024390935897827,0.3875689208507538
YKR008W,YLR186W,0,-0.0045744143,0.10236769169569016,0.43024390935897827,0.387669175863266
YOR110W,YOL111C,0,-0.0046284124,0.10234393179416656,0.43024390935897827,0.3877694308757782
YKL212W,YHR185C,0,-0.0046330914,0.10232018679380417,0.43024390935897827,0.3878696858882904
YCL039W,YAR010C,0,-0.0047213584,0.10229644924402237,0.43024390935897827,0.3879699110984802
YJL186W,YOR363C,0,-0.0047900975,0.10227272659540176,0.43024390935897827,0.38807016611099243
YBR185C,YML129C,0,-0.0047923103,0.10224901139736176,0.43024390935897827,0.38817042112350464
YJR112W,YBL064C,0,-0.0048910156,0.10222531110048294,0.43024390935897827,0.38827067613601685
YEL005C,YER148W,0,-0.004904382,0.10220162570476532,0.43024390935897827,0.38837093114852905
YPR169W,YJR121W,0,-0.004946105,0.1021779403090477,0.43024390935897827,0.38847118616104126
YBL005W,YKR044W,0,-0.0049509928,0.10215427726507187,0.43024390935897827,0.38857144117355347
YML098W,YDL117W,0,-0.0049619004,0.10213061422109604,0.43024390935897827,0.3886716663837433
YMR032W,YEL059C-A,0,-0.00496269,0.1021069660782814,0.43024390935897827,0.3887719213962555
YER103W,YPR019W,0,-0.005036764,0.10208333283662796,0.43024390935897827,0.3888721764087677
YHR101C,YMR046C,0,-0.0050651506,0.10205970704555511,0.43024390935897827,0.3889724314212799
YLR029C,YDR098C-B,0,-0.00511273,0.10203609615564346,0.43024390935897827,0.3890726864337921
YDL190C,YML111W,1,-0.005128525,0.1022438108921051,0.43121951818466187,0.3890726864337921
YGL169W,YOR195W,0,-0.005293347,0.10222017019987106,0.43121951818466187,0.3891729414463043
YKL145W,YML120C,0,-0.0052979067,0.10219652950763702,0.43121951818466187,0.38927319645881653
YBL092W,YKR058W,0,-0.0053392425,0.10217291116714478,0.43121951818466187,0.38937342166900635
YGR060W,YDL095W,0,-0.005339496,0.10214929282665253,0.43121951818466187,0.38947367668151855
YER164W,YPL176C,0,-0.0053416416,0.10212569683790207,0.43121951818466187,0.38957393169403076
YOR374W,YBR189W,0,-0.005349569,0.10210210084915161,0.43121951818466187,0.38967418670654297
YGR279C,YPL203W,0,-0.0053593293,0.10207851976156235,0.43121951818466187,0.3897744417190552
YLL017W,YLR032W,0,-0.005363159,0.10205495357513428,0.43121951818466187,0.3898746967315674
YDR108W,YPL189W,0,-0.0054279044,0.1020313948392868,0.43121951818466187,0.3899749517440796
YGR057C,YLR264W,0,-0.005470313,0.10200784355401993,0.43121951818466187,0.3900751769542694
YCL032W,YGR178C,0,-0.005477391,0.10198430716991425,0.43121951818466187,0.3901754319667816
YFR045W,YCL016C,0,-0.0055046305,0.10196078568696976,0.43121951818466187,0.3902756869792938
YDL110C,YPR166C,0,-0.0055156723,0.10193727165460587,0.43121951818466187,0.39037594199180603
YDR310C,YKL096W-A,0,-0.0055353492,0.10191376507282257,0.43121951818466187,0.39047619700431824
YGR208W,YJR027W,0,-0.005598046,0.10189027339220047,0.43121951818466187,0.39057645201683044
YML015C,YHR033W,0,-0.005605571,0.10186678916215897,0.43121951818466187,0.39067667722702026
YKR002W,YNL001W,0,-0.005734034,0.10184331983327866,0.43121951818466187,0.39077693223953247
YJR042W,YDR322W,0,-0.005778879,0.10181985795497894,0.43121951818466187,0.3908771872520447
YER101C,YGR056W,0,-0.0057809874,0.10179640352725983,0.43121951818466187,0.3909774422645569
YGR229C,YLR439W,0,-0.005838059,0.1017729714512825,0.43121951818466187,0.3910776972770691
YEL022W,YIR032C,0,-0.0058454648,0.10174953937530518,0.43121951818466187,0.3911779522895813
YHR012W,YAR019C,0,-0.0059852824,0.10172612220048904,0.43121951818466187,0.3912782073020935
YOR324C,YDR098C-B,0,-0.006012045,0.10170271247625351,0.43121951818466187,0.3913784325122833
YOL103W-B,YDR375C,0,-0.006058298,0.10167931765317917,0.43121951818466187,0.39147868752479553
YDL127W,YMR201C,0,-0.0061572567,0.10165593028068542,0.43121951818466187,0.39157894253730774
YAL054C,YBR125C,0,-0.006168291,0.10163255780935287,0.43121951818466187,0.39167919754981995
YDR303C,YER093C,0,-0.006175138,0.10160919278860092,0.43121951818466187,0.39177945256233215
YBL103C,YPR046W,0,-0.0061848834,0.10158584266901016,0.43121951818466187,0.39187970757484436
YPR158W-B,YOR232W,0,-0.006196685,0.1015625,0.43121951818466187,0.39197996258735657
YBR058C-A,YIL118W,0,-0.006255567,0.10153916478157043,0.43121951818466187,0.3920801877975464
YMR314W,YCR092C,0,-0.006361477,0.10151584446430206,0.43121951818466187,0.3921804428100586
YGL027C,YNL012W,0,-0.0063869655,0.10149253904819489,0.43121951818466187,0.3922806978225708
YGL210W,YOR279C,0,-0.006489858,0.1014692410826683,0.43121951818466187,0.392380952835083
YER087C-B,YKL138C,0,-0.006512888,0.10144595056772232,0.43121951818466187,0.3924812078475952
YOR101W,YDR279W,0,-0.006625369,0.10142266750335693,0.43121951818466187,0.3925814628601074
YFL016C,YLR417W,1,-0.0066392496,0.10162881761789322,0.43219512701034546,0.3925814628601074
YPR060C,YLR160C,0,-0.00670249,0.10160550475120544,0.43219512701034546,0.39268171787261963
YDR342C,YHR074W,0,-0.0067247823,0.10158220678567886,0.43219512701034546,0.39278194308280945
YDR358W,YPR032W,0,-0.0068763867,0.10155891627073288,0.43219512701034546,0.39288219809532166
YOR156C,YER098W,1,-0.0069167987,0.10176484286785126,0.43317073583602905,0.39288219809532166
YLR172C,YCR077C,0,-0.0069817826,0.10174152255058289,0.43317073583602905,0.39298245310783386
YGL004C,YJR097W,0,-0.0070141777,0.10171820968389511,0.43317073583602905,0.39308270812034607
YMR224C,YJR102C,0,-0.0070183054,0.10169491171836853,0.43317073583602905,0.3931829631328583
YKR089C,YDL135C,0,-0.0070701763,0.10167162865400314,0.43317073583602905,0.3932832181453705
YOL144W,YOL120C,0,-0.0070712976,0.10164835304021835,0.43317073583602905,0.3933834731578827
YMR316W,YNL001W,0,-0.0070772544,0.10162508487701416,0.43317073583602905,0.3934836983680725
YLR227W-B,YJL194W,0,-0.0071821064,0.10160183161497116,0.43317073583602905,0.3935839533805847
YPR149W,YDL220C,0,-0.0071850047,0.10157858580350876,0.43317073583602905,0.3936842083930969
YDL008W,YPL156C,0,-0.00721287,0.10155535489320755,0.43317073583602905,0.39378446340560913
YPL072W,YOR339C,1,-0.007216066,0.10176080465316772,0.43414634466171265,0.39378446340560913
YKL156W,YHR113W,0,-0.007263802,0.10173753648996353,0.43414634466171265,0.39388471841812134
YGR258C,YMR173W,0,-0.007282369,0.10171428322792053,0.43414634466171265,0.39398497343063354
YPL234C,YJR068W,0,-0.0072896704,0.10169104486703873,0.43414634466171265,0.39408519864082336
YPR049C,YCR063W,0,-0.0073047057,0.10166780650615692,0.43414634466171265,0.39418545365333557
YPL064C,YPR144C,0,-0.007315628,0.10164458304643631,0.43414634466171265,0.3942857086658478
YIL046W,YOR099W,0,-0.007380329,0.10162137448787689,0.43414634466171265,0.39438596367836
YBR031W,YDR244W,0,-0.007442169,0.10159817337989807,0.43414634466171265,0.3944862186908722
YOR259C,YML109W,0,-0.0074696913,0.10157497972249985,0.43414634466171265,0.3945864737033844
YMR086W,YMR049C,0,-0.0075119957,0.10155180096626282,0.43414634466171265,0.3946867287158966
YPR200C,YDL043C,0,-0.0075452253,0.10152862966060638,0.43414634466171265,0.3947869539260864
YKL192C,YHR201C,0,-0.007562056,0.10150547325611115,0.43414634466171265,0.39488720893859863
YGL071W,YNL086W,0,-0.007680349,0.1014823243021965,0.43414634466171265,0.39498746395111084
YIL005W,YLL042C,1,-0.0077455267,0.10168718546628952,0.43512195348739624,0.39498746395111084
YGR072W,YDR034C-C,0,-0.007748589,0.10166400671005249,0.43512195348739624,0.39508771896362305
YNL041C,YML045W-A,0,-0.007765509,0.10164083540439606,0.43512195348739624,0.39518797397613525
YLR430W,YLL006W,0,-0.007828198,0.10161767899990082,0.43512195348739624,0.39528822898864746
YOR096W,YIL005W,0,-0.007831328,0.10159453004598618,0.43512195348739624,0.39538848400115967
YHR215W,YPL090C,0,-0.007866822,0.10157139599323273,0.43512195348739624,0.3954887092113495
YER137C-A,YNR003C,0,-0.00793004,0.10154826939105988,0.43512195348739624,0.3955889642238617
YOL098C,YLR359W,0,-0.007936329,0.10152515023946762,0.43512195348739624,0.3956892192363739
YIL088C,YKL181W,0,-0.007948391,0.10150204598903656,0.43512195348739624,0.3957894742488861
YNL322C,YDR207C,0,-0.008072831,0.1014789566397667,0.43512195348739624,0.3958897292613983
YNR043W,YMR091C,0,-0.0081535205,0.10145586729049683,0.43512195348739624,0.3959899842739105
YOR192C-B,YLR145W,0,-0.00816226,0.10143279284238815,0.43512195348739624,0.39609023928642273
YGR109W-A,YLR058C,0,-0.00818108,0.10140973329544067,0.43512195348739624,0.39619046449661255
YFL048C,YGL139W,0,-0.008238491,0.10138668119907379,0.43512195348739624,0.39629071950912476
YDL138W,YOR009W,0,-0.008274116,0.1013636365532875,0.43512195348739624,0.39639097452163696
YKR068C,YDR323C,0,-0.0083013475,0.10134060680866241,0.43512195348739624,0.39649122953414917
YER184C,YOL028C,0,-0.00837085,0.10131758451461792,0.43512195348739624,0.3965914845466614
YKR093W,YML088W,0,-0.008386411,0.10129456967115402,0.43512195348739624,0.3966917395591736
YNL262W,YDR176W,0,-0.008403264,0.10127156972885132,0.43512195348739624,0.3967919945716858
YLR056W,YKL080W,0,-0.008422233,0.10124858468770981,0.43512195348739624,0.3968922197818756
YMR015C,YKR071C,0,-0.0084517,0.1012255996465683,0.43512195348739624,0.3969924747943878
YIL139C,YFR029W,0,-0.008534282,0.10120262950658798,0.43512195348739624,0.3970927298069
YMR039C,YCR044C,0,-0.00854063,0.10117967426776886,0.43512195348739624,0.39719298481941223
YLL022C,YDL109C,0,-0.008565344,0.10115672647953033,0.43512195348739624,0.39729323983192444
YJR063W,YPL274W,0,-0.008685246,0.1011337861418724,0.43512195348739624,0.39739349484443665
YML116W,YNR008W,0,-0.008711025,0.10111086070537567,0.43512195348739624,0.39749372005462646
YMR242C,YMR125W,0,-0.0087175295,0.10108794271945953,0.43512195348739624,0.39759397506713867
YLR106C,YJR057W,0,-0.008723699,0.10106503218412399,0.43512195348739624,0.3976942300796509
YGL213C,YNL288W,0,-0.00876414,0.10104213654994965,0.43512195348739624,0.3977944850921631
YJL168C,YPR161C,0,-0.008770131,0.10101925581693649,0.43512195348739624,0.3978947401046753
YJL011C,YDR499W,0,-0.00878913,0.10099637508392334,0.43512195348739624,0.3979949951171875
YNL286W,YOL080C,0,-0.008809064,0.10097350925207138,0.43512195348739624,0.3980952501296997
YPL084W,YGR133W,1,-0.008812256,0.10117699950933456,0.43609756231307983,0.3980952501296997
YLR451W,YBL088C,0,-0.008869849,0.10115410387516022,0.43609756231307983,0.3981954753398895
YOL020W,YOL028C,0,-0.008908369,0.10113122314214706,0.43609756231307983,0.39829573035240173
YBR278W,YNL287W,0,-0.008971162,0.10110834985971451,0.43609756231307983,0.39839598536491394
YDR210W-B,YFL023W,0,-0.009003401,0.10108548402786255,0.43609756231307983,0.39849624037742615
YMR153W,YMR048W,0,-0.009017251,0.10106262564659119,0.43609756231307983,0.39859649538993835
YPR073C,YOL145C,0,-0.009047531,0.10103978216648102,0.43609756231307983,0.39869675040245056
YDR065W,YOL061W,0,-0.009181909,0.10101694613695145,0.43609756231307983,0.39879700541496277
YOR192C-B,YMR201C,0,-0.009295769,0.10099412500858307,0.43609756231307983,0.3988972306251526
YOL031C,YDR210C-D,0,-0.009352058,0.10097131133079529,0.43609756231307983,0.3989974856376648
YAL020C,YBR012W-A,0,-0.00943917,0.1009485125541687,0.43609756231307983,0.399097740650177
YIL064W,YOR372C,0,-0.009515658,0.10092571377754211,0.43609756231307983,0.3991979956626892
YML107C,YMR070W,0,-0.009553634,0.10090293735265732,0.43609756231307983,0.3992982506752014
YMR247C,YIL101C,0,-0.009556301,0.10088016092777252,0.43609756231307983,0.3993985056877136
YJR076C,YOR142W-B,0,-0.009602144,0.10085739940404892,0.43609756231307983,0.39949876070022583
YDR395W,YNL107W,0,-0.009638645,0.10083465278148651,0.43609756231307983,0.39959898591041565
YLR419W,YOL107W,0,-0.00965146,0.1008119061589241,0.43609756231307983,0.39969924092292786
YBR130C,YBR001C,0,-0.009713456,0.10078917443752289,0.43609756231307983,0.39979949593544006
YOR159C,YLR327C,0,-0.009721063,0.10076645761728287,0.43609756231307983,0.39989975094795227
YIR002C,YHR109W,0,-0.009877689,0.10074374824762344,0.43609756231307983,0.4000000059604645
YGL229C,YHR085W,0,-0.009915359,0.10072104632854462,0.43609756231307983,0.4001002609729767
YMR050C,YOR065W,0,-0.009960227,0.10069835186004639,0.43609756231307983,0.4002005159854889
YDR427W,YLL036C,1,-0.010016359,0.10090090334415436,0.4370731711387634,0.4002005159854889
YFL056C,YOL028C,0,-0.010042537,0.10087817907333374,0.4370731711387634,0.4003007411956787
YOL105C,YNL247W,0,-0.010090493,0.10085546970367432,0.4370731711387634,0.4004009962081909
YLR429W,YJL072C,0,-0.010101784,0.10083276778459549,0.4370731711387634,0.4005012512207031
YDR158W,YMR050C,0,-0.010143943,0.10081008076667786,0.4370731711387634,0.40060150623321533
YJL079C,YLL003W,0,-0.010177247,0.10078740119934082,0.4370731711387634,0.40070176124572754
YDR090C,YBR093C,0,-0.010189913,0.10076472908258438,0.4370731711387634,0.40080201625823975
YDR110W,YGR006W,0,-0.010313354,0.10074207186698914,0.4370731711387634,0.40090224146842957
YKR075C,YNL135C,0,-0.010403119,0.10071942210197449,0.4370731711387634,0.4010024964809418
YOR189W,YDL109C,0,-0.01061802,0.10069678723812103,0.4370731711387634,0.401102751493454
YNL076W,YLR248W,0,-0.010671906,0.10067415982484818,0.4370731711387634,0.4012030065059662
YLR227W-B,YML082W,0,-0.010741271,0.10065153986215591,0.4370731711387634,0.4013032615184784
YDL245C,YLL062C,0,-0.010781713,0.10062892735004425,0.4370731711387634,0.4014035165309906
YCL039W,YKL054C,1,-0.010827396,0.10083089768886566,0.438048779964447,0.4014035165309906
YEL039C,YLL029W,0,-0.010842659,0.10080826282501221,0.438048779964447,0.4015037715435028
YFR008W,YOR109W,0,-0.010887556,0.10078563541173935,0.438048779964447,0.4016039967536926
YJL124C,YDR296W,0,-0.011044614,0.10076301544904709,0.438048779964447,0.40170425176620483
YGR208W,YKR050W,0,-0.011049114,0.10074041038751602,0.438048779964447,0.40180450677871704
YDL121C,YKL117W,0,-0.011086352,0.10071781277656555,0.438048779964447,0.40190476179122925
YOR066W,YFR034C,0,-0.011174895,0.10069522261619568,0.438048779964447,0.40200501680374146
YDR251W,YPR098C,0,-0.011183031,0.100672647356987,0.438048779964447,0.40210527181625366
YGR225W,YDR080W,0,-0.011194773,0.10065007954835892,0.438048779964447,0.40220552682876587
YDR434W,YDL204W,0,-0.011277467,0.10062751919031143,0.438048779964447,0.4023057520389557
YML073C,YDR098C-B,0,-0.011291064,0.10060497373342514,0.438048779964447,0.4024060070514679
YIR018W,YDL047W,0,-0.011317842,0.10058243572711945,0.438048779964447,0.4025062620639801
YBR176W,YNL328C,0,-0.011343874,0.10055991262197495,0.438048779964447,0.4026065170764923
YLR029C,YPR138C,0,-0.011377983,0.10053739696741104,0.438048779964447,0.4027067720890045
YDR468C,YMR210W,0,-0.011414535,0.10051488876342773,0.438048779964447,0.4028070271015167
YDR050C,YNL283C,0,-0.011415385,0.10049238801002502,0.438048779964447,0.40290728211402893
YJL056C,YER045C,0,-0.011513762,0.10046990215778351,0.438048779964447,0.40300750732421875
YOL019W,YJL216C,0,-0.011579301,0.10044742375612259,0.438048779964447,0.40310776233673096
YOR369C,YIL090W,0,-0.0115899965,0.10042496025562286,0.438048779964447,0.40320801734924316
YMR145C,YBR276C,0,-0.011710472,0.10040250420570374,0.438048779964447,0.40330827236175537
YHR174W,YLL012W,0,-0.011802979,0.1003800556063652,0.438048779964447,0.4034085273742676
YLR035C-A,YML109W,0,-0.011804,0.10035762190818787,0.438048779964447,0.4035087823867798
YLR263W,YOL080C,0,-0.011835985,0.10033519566059113,0.438048779964447,0.403609037399292
YBL058W,YML097C,1,-0.011944264,0.10053618997335434,0.4390243887901306,0.403609037399292
YDL135C,YPR114W,0,-0.011954464,0.10051373392343521,0.4390243887901306,0.4037092626094818
YHR205W,YJL048C,0,-0.011964582,0.10049129277467728,0.4390243887901306,0.403809517621994
YAL068C,YOR348C,0,-0.012043864,0.10046885162591934,0.4390243887901306,0.4039097726345062
YDR045C,YGL106W,0,-0.012080789,0.1004464253783226,0.4390243887901306,0.40401002764701843
YDR251W,YJR040W,0,-0.012104869,0.10042401403188705,0.4390243887901306,0.40411028265953064
YMR276W,YPR194C,0,-0.01211641,0.1004016101360321,0.4390243887901306,0.40421053767204285
YLL021W,YPL075W,0,-0.01215326,0.10037921369075775,0.4390243887901306,0.40431076288223267
YDR380W,YHR005C-A,0,-0.012205131,0.100356824696064,0.4390243887901306,0.4044110178947449
YLR204W,YPR008W,0,-0.012249343,0.10033445060253143,0.4390243887901306,0.4045112729072571
YNL243W,YHR160C,0,-0.0122970715,0.10031208395957947,0.4390243887901306,0.4046115279197693
YGR175C,YPR162C,0,-0.012301438,0.1002897247672081,0.4390243887901306,0.4047117829322815
YNL210W,YHR113W,0,-0.012313627,0.10026738047599792,0.4390243887901306,0.4048120379447937
YBR280C,YBL084C,1,-0.012319885,0.10046780854463577,0.4399999976158142,0.4048120379447937
YAL063C,YDL195W,0,-0.0123597905,0.10044543445110321,0.4399999976158142,0.4049122929573059
YDR260C,YLR097C,1,-0.012362801,0.10064573585987091,0.4409756064414978,0.4049122929573059
YHR200W,YFL049W,1,-0.012377493,0.10084594786167145,0.4419512152671814,0.4049122929573059
YPL115C,YLR256W-A,0,-0.012410402,0.10082350671291351,0.4419512152671814,0.4050125181674957
YAL041W,YDR044W,0,-0.01248195,0.10080106556415558,0.4419512152671814,0.40511277318000793
YIL097W,YGL141W,1,-0.012529485,0.10100111365318298,0.442926824092865,0.40511277318000793
YHR214C-C,YDR508C,0,-0.012589239,0.10097865015268326,0.442926824092865,0.40521302819252014
YER176W,YIL051C,0,-0.012640037,0.10095619410276413,0.442926824092865,0.40531328320503235
YHR209W,YBR121C,0,-0.012645476,0.1009337455034256,0.442926824092865,0.40541353821754456
YMR034C,YOL090W,0,-0.012717374,0.10091131180524826,0.442926824092865,0.40551379323005676
YDR492W,YGL031C,0,-0.012732647,0.10088888555765152,0.442926824092865,0.40561404824256897
YOL032W,YBR208C,0,-0.01276774,0.10086647421121597,0.442926824092865,0.4057142734527588
YDR082W,YDR222W,0,-0.012869909,0.10084407031536102,0.442926824092865,0.405814528465271
YJL041W,YHR214C-B,0,-0.012953721,0.10082167387008667,0.442926824092865,0.4059147834777832
YCL008C,YOR101W,0,-0.01313623,0.10079929232597351,0.442926824092865,0.4060150384902954
YGL063W,YML012W,0,-0.013144217,0.10077691823244095,0.442926824092865,0.4061152935028076
YGR109W-A,YDL225W,0,-0.013225444,0.10075455158948898,0.442926824092865,0.4062155485153198
YFR030W,YGR205W,0,-0.013278998,0.10073219239711761,0.442926824092865,0.40631580352783203
YBR241C,YNL251C,0,-0.013360359,0.10070984810590744,0.442926824092865,0.40641602873802185
YLR263W,YER130C,0,-0.013439827,0.10068751126527786,0.442926824092865,0.40651628375053406
YOR172W,YDR212W,0,-0.013471715,0.10066518932580948,0.442926824092865,0.40661653876304626
YOR129C,YNL291C,0,-0.013476878,0.10064287483692169,0.442926824092865,0.40671679377555847
YOR143C,YDR501W,0,-0.013486471,0.1006205677986145,0.442926824092865,0.4068170487880707
YER159C,YLR086W,0,-0.013512395,0.10059826821088791,0.442926824092865,0.4069173038005829
YBR049C,YDL035C,0,-0.013564758,0.10057598352432251,0.442926824092865,0.4070175290107727
YNL262W,YMR238W,0,-0.013573475,0.10055370628833771,0.442926824092865,0.4071177840232849
YML132W,YLR107W,0,-0.013578139,0.1005314439535141,0.442926824092865,0.4072180390357971
YPR169W,YML028W,0,-0.01359456,0.10050918906927109,0.442926824092865,0.4073182940483093
YML036W,YJL069C,0,-0.013634004,0.10048694163560867,0.442926824092865,0.40741854906082153
YBR248C,YJR004C,0,-0.013714971,0.10046470165252686,0.442926824092865,0.40751880407333374
YDL097C,YBR273C,1,-0.013718665,0.10066371411085129,0.4439024329185486,0.40751880407333374
YBL067C,YNL172W,1,-0.0137749985,0.10086264461278915,0.4448780417442322,0.40751880407333374
YOR380W,YLR348C,0,-0.013809837,0.10084033757448196,0.4448780417442322,0.40761905908584595
YNR059W,YOR383C,0,-0.013829641,0.10081803798675537,0.4448780417442322,0.40771928429603577
YFL005W,YHL028W,0,-0.013918035,0.10079575330018997,0.4448780417442322,0.407819539308548
YMR193W,YPL147W,0,-0.013935842,0.10077348351478577,0.4448780417442322,0.4079197943210602
YNL084C,YDR030C,0,-0.01395493,0.10075121372938156,0.4448780417442322,0.4080200493335724
YBR279W,YNL161W,0,-0.013967484,0.10072895884513855,0.4448780417442322,0.4081203043460846
YLR206W,YDR098C-B,0,-0.013968162,0.10070671141147614,0.4448780417442322,0.4082205593585968
YBR159W,YKL041W,0,-0.014045306,0.10068447887897491,0.4448780417442322,0.408320814371109
YCR005C,YDR464W,0,-0.014057748,0.10066225379705429,0.4448780417442322,0.40842103958129883
YHR031C,YDR011W,0,-0.014094017,0.10064003616571426,0.4448780417442322,0.40852129459381104
YEL024W,YDL154W,0,-0.014135085,0.10061782598495483,0.4448780417442322,0.40862154960632324
YDL105W,YPL240C,0,-0.014140464,0.1005956307053566,0.4448780417442322,0.40872180461883545
YIL005W,YER095W,0,-0.014309496,0.10057344287633896,0.4448780417442322,0.40882205963134766
YBR237W,YDR244W,0,-0.014324002,0.10055126994848251,0.4448780417442322,0.40892231464385986
YFR045W,YKR072C,0,-0.0144695565,0.10052909702062607,0.4448780417442322,0.40902256965637207
YDL210W,YPL203W,0,-0.014503557,0.10050694644451141,0.4448780417442322,0.4091227948665619
YNL110C,YNL202W,0,-0.014541201,0.10048479586839676,0.4448780417442322,0.4092230498790741
YPR046W,YDR228C,0,-0.0145696625,0.1004626601934433,0.4448780417442322,0.4093233048915863
YDR067C,YMR089C,0,-0.014595352,0.10044053196907043,0.4448780417442322,0.4094235599040985
YNL180C,YMR171C,0,-0.014611006,0.10041841119527817,0.4448780417442322,0.4095238149166107
YOR317W,YNL044W,0,-0.0146699175,0.1003962978720665,0.4448780417442322,0.4096240699291229
YLR129W,YDR231C,0,-0.0147077665,0.10037419945001602,0.4448780417442322,0.40972432494163513
YDL072C,YML006C,0,-0.014734708,0.10035211592912674,0.4448780417442322,0.40982455015182495
YLR121C,YER087W,0,-0.014739357,0.10033003240823746,0.4448780417442322,0.40992480516433716
YIL009C-A,YOR191W,0,-0.014744714,0.10030796378850937,0.4448780417442322,0.41002506017684937
YMR322C,YGR276C,0,-0.014751144,0.10028590261936188,0.4448780417442322,0.4101253151893616
YCR053W,YGR086C,0,-0.014847927,0.10026384890079498,0.4448780417442322,0.4102255702018738
YAL025C,YJL083W,0,-0.01486405,0.10024181008338928,0.4448780417442322,0.410325825214386
YML058W-A,YLR025W,0,-0.014869459,0.10021977871656418,0.4448780417442322,0.4104260504245758
YGR030C,YDR414C,0,-0.014908604,0.10019776225090027,0.4448780417442322,0.410526305437088
YOR089C,YNL119W,0,-0.014952235,0.10017574578523636,0.4448780417442322,0.4106265604496002
YGR288W,YGR103W,0,-0.014965199,0.10015374422073364,0.4448780417442322,0.4107268154621124
YDL136W,YJR059W,0,-0.014976002,0.10013175010681152,0.4448780417442322,0.41082707047462463
YNL282W,YNL077W,0,-0.015019424,0.1001097708940506,0.4448780417442322,0.41092732548713684
YLR107W,YJL095W,0,-0.015024178,0.10008779913187027,0.4448780417442322,0.41102758049964905
YIR006C,YPR048W,0,-0.015046053,0.10006583482027054,0.4448780417442322,0.41112780570983887
YNL036W,YGR017W,0,-0.01504869,0.1000438779592514,0.4448780417442322,0.4112280607223511
YLR127C,YDR270W,0,-0.015056051,0.10002193599939346,0.4448780417442322,0.4113283157348633
YGR251W,YJL149W,0,-0.015073501,0.10000000149011612,0.4448780417442322,0.4114285707473755
YHR004C,YHL015W,0,-0.0150747225,0.09997807443141937,0.4448780417442322,0.4115288257598877
YBR049C,YFR052W,0,-0.015090242,0.09995616227388382,0.4448780417442322,0.4116290807723999
YDL149W,YNR020C,0,-0.015111618,0.09993425011634827,0.4448780417442322,0.4117293357849121
YKR064W,YIL033C,0,-0.015189908,0.0999123603105545,0.4448780417442322,0.41182956099510193
YDR421W,YGL116W,0,-0.015293382,0.09989047050476074,0.4448780417442322,0.41192981600761414
YIL172C,YDR170C,0,-0.015318893,0.09986859560012817,0.4448780417442322,0.41203007102012634
YDR150W,YDR436W,0,-0.015325479,0.0998467281460762,0.4448780417442322,0.41213032603263855
YGR175C,YOL077C,0,-0.015346937,0.09982486814260483,0.4448780417442322,0.41223058104515076
YDR316W-A,YPL169C,0,-0.015395716,0.09980302304029465,0.4448780417442322,0.41233083605766296
YEL022W,YAL059W,0,-0.015435673,0.09978117793798447,0.4448780417442322,0.41243109107017517
YLL033W,YDR098C-A,0,-0.015449576,0.09975935518741608,0.4448780417442322,0.412531316280365
YKL150W,YHR020W,0,-0.015453123,0.09973753243684769,0.4448780417442322,0.4126315712928772
YDR195W,YLR315W,0,-0.015470844,0.09971572458744049,0.4448780417442322,0.4127318263053894
YGL058W,YBL017C,1,-0.0154718235,0.09991254657506943,0.44585365056991577,0.4127318263053894
YOR075W,YPR024W,0,-0.015659511,0.09989070892333984,0.44585365056991577,0.4128320813179016
YDR343C,YML097C,0,-0.015699707,0.09986887872219086,0.44585365056991577,0.4129323363304138
YCR107W,YOR045W,0,-0.015785597,0.09984706342220306,0.44585365056991577,0.413032591342926
YKL124W,YDR362C,0,-0.015815511,0.09982524812221527,0.44585365056991577,0.41313284635543823
YDR092W,YDR400W,1,-0.015834466,0.1000218391418457,0.44682925939559937,0.41313284635543823
YMR261C,YBR214W,0,-0.015948005,0.10000000149011612,0.44682925939559937,0.41323307156562805
YGR229C,YML067C,0,-0.01601588,0.09997817128896713,0.44682925939559937,0.41333332657814026
YMR204C,YHR096C,0,-0.016210847,0.09995634853839874,0.44682925939559937,0.41343358159065247
YGR003W,YNR026C,1,-0.01627075,0.10015273839235306,0.44780486822128296,0.41343358159065247
YBR211C,YPL257W-A,0,-0.016285934,0.10013089329004288,0.44780486822128296,0.4135338366031647
YER123W,YFR027W,0,-0.016371109,0.1001090481877327,0.44780486822128296,0.4136340916156769
YBL089W,YLR083C,0,-0.016388021,0.1000872254371643,0.44780486822128296,0.4137343466281891
YHR103W,YNL153C,0,-0.016413458,0.10006540268659592,0.44780486822128296,0.4138345718383789
YBR272C,YBL011W,0,-0.016445825,0.10004359483718872,0.44780486822128296,0.4139348268508911
YJL133W,YGR238C,0,-0.016448162,0.10002179443836212,0.44780486822128296,0.4140350818634033
YGL209W,YNL122C,0,-0.016490512,0.10000000149011612,0.44780486822128296,0.4141353368759155
YKL189W,YDR427W,0,-0.01655722,0.09997821599245071,0.44780486822128296,0.41423559188842773
YGR162W,YDR381W,0,-0.016565226,0.0999564453959465,0.44780486822128296,0.41433584690093994
YDR177W,YDR057W,1,-0.016677685,0.1001524031162262,0.44878047704696655,0.41433584690093994
YNL059C,YGR161W-B,0,-0.016732797,0.1001306027173996,0.44878047704696655,0.41443610191345215
YMR054W,YKL082C,0,-0.016779266,0.10010881721973419,0.44878047704696655,0.41453632712364197
YBR093C,YLR404W,0,-0.016796969,0.10008703172206879,0.44878047704696655,0.4146365821361542
YPL143W,YER051W,0,-0.016844012,0.10006526112556458,0.44878047704696655,0.4147368371486664
YNL284C,YLR047C,0,-0.016942374,0.10004349797964096,0.44878047704696655,0.4148370921611786
YPL129W,YKR075C,0,-0.017013527,0.10002174228429794,0.44878047704696655,0.4149373471736908
YKR059W,YOL072W,0,-0.017026596,0.10000000149011612,0.44878047704696655,0.415037602186203
YGR155W,YHR028C,0,-0.017101415,0.09997826814651489,0.44878047704696655,0.4151378571987152
YER093C,YBR276C,0,-0.01712329,0.09995654225349426,0.44878047704696655,0.41523808240890503
YLR207W,YDL035C,0,-0.017283417,0.09993482381105423,0.44878047704696655,0.41533833742141724
YIL013C,YLR246W,0,-0.017330118,0.09991312026977539,0.44878047704696655,0.41543859243392944
YDL240W,YDR343C,0,-0.017381467,0.09989142417907715,0.44878047704696655,0.41553884744644165
YKR006C,YIR032C,0,-0.01747597,0.0998697355389595,0.44878047704696655,0.41563910245895386
YGR082W,YPR158C-D,0,-0.017501526,0.09984805434942245,0.44878047704696655,0.41573935747146606
YKL155C,YDL121C,0,-0.017544053,0.0998263880610466,0.44878047704696655,0.41583961248397827
YMR026C,YNL006W,0,-0.017775498,0.09980472922325134,0.44878047704696655,0.4159398376941681
YOR304C-A,YAL048C,0,-0.017869279,0.09978307783603668,0.44878047704696655,0.4160400927066803
YIL160C,YEL019C,0,-0.017947935,0.09976144134998322,0.44878047704696655,0.4161403477191925
YDR383C,YHR092C,0,-0.018190987,0.09973981231451035,0.44878047704696655,0.4162406027317047
YER151C,YJL005W,0,-0.018213257,0.09971819072961807,0.44878047704696655,0.4163408577442169
YNL041C,YDR044W,0,-0.018272273,0.0996965765953064,0.44878047704696655,0.4164411127567291
YBR248C,YDR034C-C,0,-0.01834035,0.09967496991157532,0.44878047704696655,0.41654136776924133
YKL180W,YGL241W,0,-0.018343866,0.09965337812900543,0.44878047704696655,0.41664159297943115
YBR294W,YBR189W,0,-0.018392317,0.09963179379701614,0.44878047704696655,0.41674184799194336
YKL197C,YDL055C,0,-0.01842773,0.09961022436618805,0.44878047704696655,0.41684210300445557
YBR058C,YJR036C,1,-0.018435784,0.09980515390634537,0.44975608587265015,0.41684210300445557
YEL036C,YFL047W,0,-0.018437974,0.09978354722261429,0.44975608587265015,0.4169423580169678
YOR239W,YLR283W,0,-0.01844079,0.0997619554400444,0.44975608587265015,0.41704261302948
YLR035C-A,YHR082C,0,-0.018533006,0.09974037110805511,0.44975608587265015,0.4171428680419922
YKL053C-A,YBL068W,0,-0.018591158,0.09971879422664642,0.44975608587265015,0.417243093252182
YIL030C,YNL111C,0,-0.018634532,0.09969723224639893,0.44975608587265015,0.4173433482646942
YPL135W,YGL251C,0,-0.018639706,0.09967567771673203,0.44975608587265015,0.4174436032772064
YBR289W,YDR100W,0,-0.018650912,0.09965413063764572,0.44975608587265015,0.41754385828971863
YDR025W,YDR463W,0,-0.01887437,0.09963259100914001,0.44975608587265015,0.41764411330223083
YDR317W,YDL137W,0,-0.018925436,0.0996110662817955,0.44975608587265015,0.41774436831474304
YOL055C,YHR074W,0,-0.018932931,0.09958954155445099,0.44975608587265015,0.41784462332725525
YNL136W,YDR298C,0,-0.019003227,0.09956803172826767,0.44975608587265015,0.41794484853744507
YGL058W,YJR150C,0,-0.019111507,0.09954653680324554,0.44975608587265015,0.4180451035499573
YKR064W,YBR150C,0,-0.01911205,0.09952504187822342,0.44975608587265015,0.4181453585624695
YLR248W,YDR479C,0,-0.019161157,0.09950356185436249,0.44975608587265015,0.4182456135749817
YER177W,YLR305C,0,-0.019222282,0.09948208928108215,0.44975608587265015,0.4183458685874939
YDR118W,YHR200W,1,-0.019240819,0.09967637807130814,0.45073169469833374,0.4183458685874939
YKL001C,YLR054C,0,-0.019246273,0.09965487569570541,0.45073169469833374,0.4184461236000061
YGL203C,YOL059W,0,-0.019259743,0.09963338077068329,0.45073169469833374,0.4185463786125183
YIL128W,YJL153C,0,-0.01927834,0.09961190074682236,0.45073169469833374,0.41864660382270813
YMR237W,YPL082C,0,-0.019287698,0.09959042817354202,0.45073169469833374,0.41874685883522034
YKL001C,YML027W,0,-0.019359436,0.09956896305084229,0.45073169469833374,0.41884711384773254
YJL171C,YNL101W,0,-0.019410454,0.09954751282930374,0.45073169469833374,0.41894736886024475
YCR026C,YBL047C,0,-0.019475814,0.0995260700583458,0.45073169469833374,0.41904762387275696
YBL014C,YCL074W,0,-0.019522358,0.09950462728738785,0.45073169469833374,0.41914787888526917
YEL006W,YDR524C,0,-0.019537829,0.09948320686817169,0.45073169469833374,0.41924813389778137
YHR076W,YCR052W,0,-0.019538142,0.09946178644895554,0.45073169469833374,0.4193483591079712
YHR011W,YKR054C,0,-0.019550554,0.09944038093090057,0.45073169469833374,0.4194486141204834
YKR103W,YDR451C,0,-0.01957319,0.09941898286342621,0.45073169469833374,0.4195488691329956
YHR209W,YJR041C,0,-0.019595258,0.09939759224653244,0.45073169469833374,0.4196491241455078
YML071C,YPL085W,0,-0.019622415,0.09937620908021927,0.45073169469833374,0.41974937915802
YLR295C,YEL053C,0,-0.019632615,0.09935484081506729,0.45073169469833374,0.4198496341705322
YAL060W,YLL031C,0,-0.019646473,0.09933348000049591,0.45073169469833374,0.41994988918304443
YDR407C,YER095W,0,-0.01967194,0.09931212663650513,0.45073169469833374,0.42005011439323425
YGL147C,YML048W,0,-0.019764297,0.09929078072309494,0.45073169469833374,0.42015036940574646
YEL052W,YDR328C,1,-0.019818269,0.09948431700468063,0.45170730352401733,0.42015036940574646
YLR020C,YDL045W-A,0,-0.019824274,0.09946294128894806,0.45170730352401733,0.42025062441825867
YDR074W,YGR221C,0,-0.01985208,0.09944158047437668,0.45170730352401733,0.4203508794307709
YDL015C,YMR002W,0,-0.020090453,0.0994202271103859,0.45170730352401733,0.4204511344432831
YPR160W,YDR316W-A,0,-0.020171218,0.09939888119697571,0.45170730352401733,0.4205513894557953
YFL049W,YML081C-A,0,-0.020223431,0.09937755018472672,0.45170730352401733,0.4206516146659851
YBR168W,YLL001W,0,-0.02022656,0.09935622662305832,0.45170730352401733,0.4207518696784973
YNL115C,YER088C,0,-0.020260774,0.09933490306138992,0.45170730352401733,0.4208521246910095
YDL243C,YPR158C-C,0,-0.020288631,0.09931360185146332,0.45170730352401733,0.42095237970352173
YKL197C,YPL175W,0,-0.020339333,0.09929230064153671,0.45170730352401733,0.42105263471603394
YOR216C,YIL052C,0,-0.020342462,0.0992710143327713,0.45170730352401733,0.42115288972854614
YGR184C,YER133W,0,-0.020424694,0.09924973547458649,0.45170730352401733,0.42125314474105835
YFR013W,YMR070W,0,-0.020628713,0.09922846406698227,0.45170730352401733,0.42135336995124817
YHR206W,YDR174W,0,-0.020629361,0.09920720010995865,0.45170730352401733,0.4214536249637604
YDR195W,YBR189W,0,-0.020680837,0.09918594360351562,0.45170730352401733,0.4215538799762726
YOR246C,YLR285W,0,-0.020724528,0.0991647019982338,0.45170730352401733,0.4216541349887848
YPL049C,YJR160C,0,-0.020729922,0.09914346784353256,0.45170730352401733,0.421754390001297
YDR131C,YJR036C,1,-0.020774804,0.09933633357286453,0.4526829123497009,0.421754390001297
YMR314W,YLR054C,0,-0.020788707,0.09931506961584091,0.4526829123497009,0.4218546450138092
YDL019C,YGR234W,0,-0.020886622,0.09929381310939789,0.4526829123497009,0.4219549000263214
YJR055W,YNL131W,0,-0.020887636,0.09927257150411606,0.4526829123497009,0.42205512523651123
YLR183C,YPR105C,0,-0.02091875,0.09925133734941483,0.4526829123497009,0.42215538024902344
YNR037C,YKL179C,0,-0.021054707,0.09923011064529419,0.4526829123497009,0.42225563526153564
YOR332W,YOL117W,0,-0.02110421,0.09920889139175415,0.4526829123497009,0.42235589027404785
YDR210C-C,YPL122C,0,-0.021115541,0.0991876870393753,0.4526829123497009,0.42245614528656006
YBL113C,YNL138W,0,-0.02113995,0.09916649013757706,0.4526829123497009,0.42255640029907227
YGL196W,YBR283C,0,-0.0212707,0.0991453006863594,0.4526829123497009,0.4226566553115845
YIL109C,YLR401C,0,-0.021309875,0.09912411868572235,0.4526829123497009,0.4227568805217743
YKL040C,YLR306W,0,-0.02135712,0.0991029441356659,0.4526829123497009,0.4228571355342865
YEL020W-A,YIR037W,0,-0.021391995,0.09908178448677063,0.4526829123497009,0.4229573905467987
YBR109C,YER127W,0,-0.021401487,0.09906063228845596,0.4526829123497009,0.4230576455593109
YKL087C,YPR171W,0,-0.021425612,0.0990394875407219,0.4526829123497009,0.4231579005718231
YJR036C,YFR047C,0,-0.02149576,0.09901835024356842,0.4526829123497009,0.4232581555843353
YDR159W,YDR228C,0,-0.0215059,0.09899722784757614,0.4526829123497009,0.42335841059684753
YDR405W,YKR077W,0,-0.021506347,0.09897611290216446,0.4526829123497009,0.42345863580703735
YIL042C,YJR048W,0,-0.021543197,0.09895499795675278,0.4526829123497009,0.42355889081954956
YDL223C,YDL140C,0,-0.021610089,0.09893390536308289,0.4526829123497009,0.42365914583206177
YFR050C,YNL008C,1,-0.02175662,0.09912598878145218,0.4536585509777069,0.42365914583206177
YNL031C,YDR178W,0,-0.021770574,0.0991048589348793,0.4536585509777069,0.423759400844574
YDR306C,YGL048C,1,-0.021773867,0.09929682314395905,0.4546341598033905,0.423759400844574
YGL090W,YIL009W,0,-0.021799168,0.09927567094564438,0.4546341598033905,0.4238596558570862
YPL094C,YDR138W,0,-0.021809302,0.09925452619791031,0.4546341598033905,0.4239599108695984
YMR182C,YDL225W,0,-0.021820635,0.09923338890075684,0.4546341598033905,0.4240601360797882
YKL005C,YKL002W,0,-0.021826163,0.09921226650476456,0.4546341598033905,0.4241603910923004
YDR365W-A,YCL051W,0,-0.021833047,0.09919114410877228,0.4546341598033905,0.4242606461048126
YKL119C,YPR158W-B,0,-0.021865316,0.09917003661394119,0.4546341598033905,0.42436090111732483
YML034W,YHL021C,0,-0.021960728,0.0991489365696907,0.4546341598033905,0.42446115612983704
YJR102C,YOR080W,1,-0.022090837,0.09934056550264359,0.4556097686290741,0.42446115612983704
YGR184C,YBL067C,1,-0.02211953,0.0995321124792099,0.4565853774547577,0.42446115612983704
YKL180W,YFR050C,0,-0.022241823,0.09951095283031464,0.4565853774547577,0.42456141114234924
YPL153C,YNR016C,0,-0.022272326,0.09948979318141937,0.4565853774547577,0.42466166615486145
YDL098C,YML085C,0,-0.022297874,0.0994686484336853,0.4565853774547577,0.42476189136505127
YDL051W,YPL061W,0,-0.022301428,0.09944751113653183,0.4565853774547577,0.4248621463775635
YPR167C,YOL080C,0,-0.022478715,0.09942638874053955,0.4565853774547577,0.4249624013900757
YPL156C,YEL059C-A,0,-0.02248729,0.09940526634454727,0.4565853774547577,0.4250626564025879
YMR122W-A,YDR052C,0,-0.022495054,0.09938415884971619,0.4565853774547577,0.4251629114151001
YCL057C-A,YNL284C,0,-0.022526458,0.0993630588054657,0.4565853774547577,0.4252631664276123
YBR024W,YLR385C,0,-0.022538446,0.0993419662117958,0.4565853774547577,0.4253634214401245
YBL026W,YNR050C,0,-0.02254758,0.09932088106870651,0.4565853774547577,0.42546364665031433
YLR017W,YER149C,0,-0.02255519,0.09929981082677841,0.4565853774547577,0.42556390166282654
YNL207W,YLR300W,0,-0.02255655,0.09927874058485031,0.4565853774547577,0.42566415667533875
YHR051W,YBR233W-A,0,-0.022563756,0.0992576852440834,0.4565853774547577,0.42576441168785095
YJL008C,YHL017W,0,-0.022674203,0.09923664480447769,0.4565853774547577,0.42586466670036316
YLR119W,YKL145W,1,-0.02277767,0.09942760318517685,0.4575609862804413,0.42586466670036316
YLR151C,YDR356W,0,-0.022830062,0.09940652549266815,0.4575609862804413,0.42596492171287537
YFR047C,YDR361C,0,-0.022832476,0.09938546270132065,0.4575609862804413,0.4260651767253876
YIL095W,YAL023C,0,-0.022936292,0.09936440736055374,0.4575609862804413,0.4261654019355774
YML011C,YDL065C,0,-0.023057096,0.09934335947036743,0.4575609862804413,0.4262656569480896
YMR214W,YKL010C,1,-0.023062486,0.09953409433364868,0.4585365951061249,0.4262656569480896
YKR020W,YGR174C,0,-0.023066126,0.09951302409172058,0.4585365951061249,0.4263659119606018
YKL005C,YOR241W,0,-0.023182228,0.09949195384979248,0.4585365951061249,0.426466166973114
YER112W,YDR135C,0,-0.023182608,0.09947089850902557,0.4585365951061249,0.4265664219856262
YDR265W,YGR012W,0,-0.023226202,0.09944985061883926,0.4585365951061249,0.4266666769981384
YLL036C,YNL064C,1,-0.023265995,0.0996403619647026,0.45951220393180847,0.4266666769981384
YPL040C,YDL065C,0,-0.023523323,0.0996192917227745,0.45951220393180847,0.42676693201065063
YIL017C,YGL017W,1,-0.023568176,0.0998096838593483,0.46048781275749207,0.42676693201065063
YOR215C,YOR192C-B,0,-0.023637041,0.09978858381509781,0.46048781275749207,0.42686715722084045
YDR386W,YCL064C,0,-0.023659252,0.09976749122142792,0.46048781275749207,0.42696741223335266
YJL081C,YJR066W,0,-0.02372884,0.09974640607833862,0.46048781275749207,0.42706766724586487
YLR410W-B,YMR228W,0,-0.023778476,0.09972533583641052,0.46048781275749207,0.4271679222583771
YLR026C,YJR046W,0,-0.02386082,0.09970426559448242,0.46048781275749207,0.4272681772708893
YBR029C,YIL048W,0,-0.023956172,0.09968321025371552,0.46048781275749207,0.4273684322834015
YDR115W,YLR028C,0,-0.02397842,0.0996621623635292,0.46048781275749207,0.4274686574935913
YDR464W,YMR257C,0,-0.023992233,0.09964112192392349,0.46048781275749207,0.4275689125061035
YJR135W-A,YKR057W,0,-0.024002545,0.09962009638547897,0.46048781275749207,0.4276691675186157
YOR059C,YBR267W,0,-0.024005823,0.09959907084703445,0.46048781275749207,0.42776942253112793
YPR133W-A,YJL110C,0,-0.024148345,0.09957806020975113,0.46048781275749207,0.42786967754364014
YDR316W-B,YDL220C,0,-0.024301305,0.0995570570230484,0.46048781275749207,0.42796993255615234
YHR101C,YKL020C,0,-0.02434998,0.09953606128692627,0.46048781275749207,0.42807018756866455
YDR375C,YGL006W,0,-0.024400689,0.09951507300138474,0.46048781275749207,0.42817041277885437
YCR035C,YIL014W,0,-0.024581246,0.0994940996170044,0.46048781275749207,0.4282706677913666
YHL036W,YGR106C,0,-0.024585105,0.09947312623262405,0.46048781275749207,0.4283709228038788
YER155C,YIL144W,0,-0.02461081,0.09945216774940491,0.46048781275749207,0.428471177816391
YOR291W,YIL159W,0,-0.024623878,0.09943121671676636,0.46048781275749207,0.4285714328289032
YHR064C,YOL108C,0,-0.02468545,0.099410280585289,0.46048781275749207,0.4286716878414154
YKR027W,YDR261W-B,0,-0.024702534,0.09938934445381165,0.46048781275749207,0.4287719428539276
YJL006C,YDR252W,0,-0.024732538,0.09936842322349548,0.46048781275749207,0.42887216806411743
YBR028C,YEL031W,0,-0.024739645,0.09934750944375992,0.46048781275749207,0.42897242307662964
YER147C,YLR373C,0,-0.024773918,0.09932659566402435,0.46048781275749207,0.42907267808914185
YDL148C,YBR048W,0,-0.024816178,0.09930570423603058,0.46048781275749207,0.42917293310165405
YEL022W,YGR106C,0,-0.024826784,0.0992848128080368,0.46048781275749207,0.42927318811416626
YOR132W,YNL015W,0,-0.024837747,0.09926393628120422,0.46048781275749207,0.42937344312667847
YGL073W,YOR297C,0,-0.024855219,0.09924305975437164,0.46048781275749207,0.4294736981391907
YJL071W,YOR001W,0,-0.024910323,0.09922219812870026,0.46048781275749207,0.4295739233493805
YLR441C,YJL012C,0,-0.02493336,0.09920134395360947,0.46048781275749207,0.4296741783618927
YDR330W,YKR050W,0,-0.024970792,0.09918049722909927,0.46048781275749207,0.4297744333744049
YGR036C,YNL318C,0,-0.024995048,0.09915966540575027,0.46048781275749207,0.4298746883869171
YOR339C,YDR409W,1,-0.025010519,0.09934887290000916,0.46146342158317566,0.4298746883869171
YDR449C,YDR233C,0,-0.025084548,0.09932801127433777,0.46146342158317566,0.4299749433994293
YIL115C,YDR494W,0,-0.025085486,0.09930715709924698,0.46146342158317566,0.43007519841194153
YNR003C,YLL003W,0,-0.025104165,0.09928631037473679,0.46146342158317566,0.43017545342445374
YIL038C,YLR467W,0,-0.025136806,0.09926547855138779,0.46146342158317566,0.43027567863464355
YPL050C,YML106W,0,-0.025162704,0.09924464672803879,0.46146342158317566,0.43037593364715576
YNL238W,YER180C,0,-0.025369316,0.09922382980585098,0.46146342158317566,0.43047618865966797
YOR156C,YKL022C,1,-0.025379457,0.09941275417804718,0.46243903040885925,0.43047618865966797
YDR251W,YDR098C,0,-0.025394253,0.09939190745353699,0.46243903040885925,0.4305764436721802
YER087C-B,YCL061C,0,-0.025448203,0.09937106817960739,0.46243903040885925,0.4306766986846924
YLR153C,YDR059C,0,-0.025450706,0.09935024380683899,0.46243903040885925,0.4307769536972046
YNL146W,YGL206C,0,-0.025524102,0.09932941943407059,0.46243903040885925,0.4308771789073944
YFR053C,YDR390C,0,-0.025530748,0.09930860996246338,0.46243903040885925,0.4309774339199066
YDL110C,YMR125W,0,-0.025678985,0.09928780794143677,0.46243903040885925,0.4310776889324188
YPL177C,YDR261C,0,-0.025716193,0.09926701337099075,0.46243903040885925,0.43117794394493103
YDR196C,YFL021W,0,-0.025977783,0.09924623370170593,0.46243903040885925,0.43127819895744324
YLR207W,YMR276W,1,-0.025978107,0.09943479299545288,0.46341463923454285,0.43127819895744324
YOR269W,YGR199W,0,-0.026043184,0.09941398352384567,0.46341463923454285,0.43137845396995544
YJR016C,YAL034W-A,0,-0.026118591,0.09939318150281906,0.46341463923454285,0.43147870898246765
YNL123W,YKR104W,0,-0.026243135,0.09937238693237305,0.46341463923454285,0.43157893419265747
YGL073W,YML100W,0,-0.026255295,0.09935159981250763,0.46341463923454285,0.4316791892051697
YNL027W,YPR144C,0,-0.026268102,0.0993308275938034,0.46341463923454285,0.4317794442176819
YDR473C,YJR153W,0,-0.026327856,0.09931005537509918,0.46341463923454285,0.4318796992301941
YKR053C,YLR113W,0,-0.026343416,0.09928929805755615,0.46341463923454285,0.4319799542427063
YOL132W,YPL176C,0,-0.026347943,0.09926854819059372,0.46341463923454285,0.4320802092552185
YBR176W,YPR111W,0,-0.026379399,0.09924780577421188,0.46341463923454285,0.4321804642677307
YER098W,YDR306C,1,-0.026443616,0.0994359701871872,0.46439024806022644,0.4321804642677307
YOR308C,YBR060C,0,-0.026462637,0.09941520541906357,0.46439024806022644,0.43228068947792053
YMR306W,YDR427W,0,-0.026470609,0.09939444810152054,0.46439024806022644,0.43238094449043274
YBR282W,YDL220C,0,-0.026606172,0.0993736982345581,0.46439024806022644,0.43248119950294495
YLR345W,YOR002W,0,-0.02660657,0.09935295581817627,0.46439024806022644,0.43258145451545715
YBR069C,YNL284C-A,0,-0.026610382,0.09933222085237503,0.46439024806022644,0.43268170952796936
YFR024C-A,YDR022C,0,-0.02669064,0.09931149333715439,0.46439024806022644,0.43278196454048157
YOR189W,YDL142C,0,-0.02672413,0.09929078072309494,0.46439024806022644,0.4328822195529938
YGR212W,YDR423C,0,-0.02678863,0.09927007555961609,0.46439024806022644,0.4329824447631836
YMR112C,YMR015C,0,-0.02684144,0.09924937784671783,0.46439024806022644,0.4330826997756958
YPL096W,YIL008W,1,-0.027022801,0.09943714737892151,0.46536585688591003,0.4330826997756958
YDR210W-B,YOL109W,0,-0.02704905,0.09941641986370087,0.46536585688591003,0.433182954788208
YGL027C,YDL045C,0,-0.027057476,0.09939570724964142,0.46536585688591003,0.4332832098007202
YIL107C,YOL078W,0,-0.027100302,0.09937500208616257,0.46536585688591003,0.4333834648132324
YDR261C-D,YGL139W,0,-0.027128406,0.09935430437326431,0.46536585688591003,0.43348371982574463
YOR089C,YEL016C,0,-0.02738627,0.09933361411094666,0.46536585688591003,0.43358394503593445
YGR129W,YNL055C,0,-0.02740433,0.0993129312992096,0.46536585688591003,0.43368420004844666
YDL130W-A,YJL114W,0,-0.02751676,0.09929225593805313,0.46536585688591003,0.43378445506095886
YDR530C,YLL003W,0,-0.027589954,0.09927159547805786,0.46536585688591003,0.43388471007347107
YFR030W,YIL075C,0,-0.027641408,0.09925093501806259,0.46536585688591003,0.4339849650859833
YPL095C,YBR096W,0,-0.027658083,0.09923028945922852,0.46536585688591003,0.4340852200984955
YAL003W,YPL049C,0,-0.027716935,0.09920965135097504,0.46536585688591003,0.4341854751110077
YNL181W,YJL073W,0,-0.02773051,0.09918902069330215,0.46536585688591003,0.4342857003211975
YGR177C,YOR292C,0,-0.027779214,0.09916839748620987,0.46536585688591003,0.4343859553337097
YER061C,YMR276W,0,-0.02778256,0.09914778918027878,0.46536585688591003,0.4344862103462219
YLL034C,YGR106C,0,-0.02787438,0.09912718087434769,0.46536585688591003,0.43458646535873413
YDL133C-A,YCL069W,0,-0.027982108,0.09910658746957779,0.46536585688591003,0.43468672037124634
YHR133C,YLR425W,0,-0.027986728,0.09908600151538849,0.46536585688591003,0.43478697538375854
YDL083C,YER051W,0,-0.027987689,0.09906542301177979,0.46536585688591003,0.43488723039627075
YOR247W,YOR285W,0,-0.028062485,0.09904485195875168,0.46536585688591003,0.43498745560646057
YJL001W,YPL167C,0,-0.028151043,0.09902428835630417,0.46536585688591003,0.4350877106189728
YMR204C,YAL051W,0,-0.0281583,0.09900373965501785,0.46536585688591003,0.435187965631485
YLR207W,YOR143C,0,-0.028225802,0.09898319095373154,0.46536585688591003,0.4352882206439972
YKL183W,YCR026C,0,-0.028251715,0.09896265715360641,0.46536585688591003,0.4353884756565094
YFR007W,YLR224W,0,-0.028324213,0.09894213080406189,0.46536585688591003,0.4354887306690216
YOR119C,YMR025W,0,-0.028342448,0.09892161190509796,0.46536585688591003,0.4355889856815338
YDL245C,YDL047W,0,-0.02834507,0.09890110045671463,0.46536585688591003,0.43568921089172363
YLR410W-A,YMR071C,0,-0.028346859,0.0988805964589119,0.46536585688591003,0.43578946590423584
YPR073C,YBL098W,0,-0.028558113,0.09886009991168976,0.46536585688591003,0.43588972091674805
YNL297C,YDR500C,0,-0.028643794,0.09883961826562881,0.46536585688591003,0.43598997592926025
YLR227W-B,YMR315W,0,-0.028733246,0.09881914407014847,0.46536585688591003,0.43609023094177246
YML104C,YDR499W,0,-0.02874177,0.09879867732524872,0.46536585688591003,0.43619048595428467
YPL157W,YGR282C,0,-0.028888904,0.09877821803092957,0.46536585688591003,0.4362907409667969
YGL053W,YJL045W,0,-0.028910816,0.09875776618719101,0.46536585688591003,0.4363909661769867
YMR171C,YDR086C,1,-0.028938346,0.09894432127475739,0.46634146571159363,0.4363909661769867
YPR187W,YHR081W,0,-0.028962549,0.09892383962869644,0.46634146571159363,0.4364912211894989
YLR163C,YKL020C,0,-0.029035605,0.09890337288379669,0.46634146571159363,0.4365914762020111
YOL116W,YBR066C,0,-0.029150404,0.09888291358947754,0.46634146571159363,0.4366917312145233
YCR072C,YNL250W,0,-0.029171504,0.09886246174573898,0.46634146571159363,0.4367919862270355
YPL233W,YDR405W,0,-0.029201709,0.09884201735258102,0.46634146571159363,0.43689224123954773
YOR262W,YHR117W,0,-0.029427893,0.09882158041000366,0.46634146571159363,0.43699246644973755
YGR258C,YKL056C,0,-0.029496662,0.0988011583685875,0.46634146571159363,0.43709272146224976
YBR168W,YJR121W,0,-0.029511787,0.09878073632717133,0.46634146571159363,0.43719297647476196
YMR264W,YJR021C,0,-0.029572025,0.09876032918691635,0.46634146571159363,0.43729323148727417
YIL072W,YNL286W,0,-0.029616766,0.09873992949724197,0.46634146571159363,0.4373934864997864
YPL235W,YPL075W,0,-0.029617772,0.0987195372581482,0.46634146571159363,0.4374937415122986
YER162C,YPL106C,0,-0.029619195,0.09869915246963501,0.46634146571159363,0.4375939965248108
YMR218C,YBL028C,0,-0.029685967,0.09867877513170242,0.46634146571159363,0.4376942217350006
YBR168W,YEL053C,0,-0.029749498,0.09865841269493103,0.46634146571159363,0.4377944767475128
YNL159C,YBR166C,0,-0.02977633,0.09863805025815964,0.46634146571159363,0.437894731760025
YPL155C,YDR030C,0,-0.029784868,0.09861770272254944,0.46634146571159363,0.43799498677253723
YNR069C,YGR133W,1,-0.02982051,0.09880363196134567,0.4673170745372772,0.43799498677253723
YMR287C,YLR446W,0,-0.02983617,0.09878325462341309,0.4673170745372772,0.43809524178504944
YCL026C-B,YNL073W,0,-0.029840648,0.0987628847360611,0.4673170745372772,0.43819549679756165
YGR083C,YGL039W,0,-0.029935773,0.0987425297498703,0.4673170745372772,0.43829575181007385
YDR353W,YGL096W,0,-0.029998414,0.0987221747636795,0.4673170745372772,0.43839597702026367
YEL050C,YMR210W,0,-0.030076884,0.0987018346786499,0.4673170745372772,0.4384962320327759
YER038C,YFR045W,0,-0.030113302,0.0986815020442009,0.4673170745372772,0.4385964870452881
YPR108W,YDR298C,0,-0.030119076,0.09866117686033249,0.4673170745372772,0.4386967420578003
YLR058C,YLR360W,0,-0.03013815,0.09864085912704468,0.4673170745372772,0.4387969970703125
YJL001W,YGR292W,0,-0.030286722,0.09862054884433746,0.4673170745372772,0.4388972520828247
YIL036W,YKL195W,0,-0.030298464,0.09860024601221085,0.4673170745372772,0.4389975070953369
YCL057W,YGL111W,0,-0.030330382,0.09857995808124542,0.4673170745372772,0.43909773230552673
YLR403W,YNR067C,0,-0.030384712,0.09855967015028,0.4673170745372772,0.43919798731803894
YHL025W,YGR142W,0,-0.030405346,0.09853939712047577,0.4673170745372772,0.43929824233055115
YML116W,YPR105C,0,-0.030473858,0.09851913154125214,0.4673170745372772,0.43939849734306335
YKL149C,YKR031C,0,-0.030523576,0.0984988659620285,0.4673170745372772,0.43949875235557556
YNR060W,YNL046W,0,-0.030537345,0.09847861528396606,0.4673170745372772,0.43959900736808777
YKR087C,YOR362C,1,-0.030578546,0.09866392612457275,0.4682926833629608,0.43959900736808777
YGR177C,YHR210C,0,-0.030579843,0.09864365309476852,0.4682926833629608,0.4396992623806
YOR259C,YER021W,1,-0.030585326,0.09882884472608566,0.4692682921886444,0.4396992623806
YLR265C,YOR142W-B,0,-0.03063038,0.09880854189395905,0.4692682921886444,0.4397994875907898
YLR300W,YDR287W,0,-0.030665867,0.09878825396299362,0.4692682921886444,0.439899742603302
YGR005C,YOL095C,0,-0.030707948,0.0987679660320282,0.4692682921886444,0.4399999976158142
YDR159W,YGL206C,0,-0.030744933,0.09874769300222397,0.4692682921886444,0.4401002526283264
YNL059C,YMR173W,0,-0.030756138,0.09872741997241974,0.4692682921886444,0.4402005076408386
YDR516C,YDR283C,0,-0.030868255,0.0987071618437767,0.4692682921886444,0.44030076265335083
YCL067C,YLR330W,0,-0.030912884,0.09868691116571426,0.4692682921886444,0.44040098786354065
YDR359C,YKL080W,0,-0.030944005,0.09866666793823242,0.4692682921886444,0.44050124287605286
YER023W,YDL206W,0,-0.030965649,0.09864643216133118,0.4692682921886444,0.44060149788856506
YIL020C,YGL229C,0,-0.03099773,0.09862620383501053,0.4692682921886444,0.44070175290107727
YOR257W,YOR256C,1,-0.031014003,0.09881098568439484,0.470243901014328,0.44070175290107727
YCL026C-B,YDR059C,0,-0.031037025,0.0987907350063324,0.470243901014328,0.4408020079135895
YPL046C,YEL019C,1,-0.031066261,0.09897541254758835,0.4712195098400116,0.4408020079135895
YNL330C,YJR006W,0,-0.031087376,0.09895513206720352,0.4712195098400116,0.4409022629261017
YGL240W,YMR022W,1,-0.031136386,0.09913969784975052,0.4721951186656952,0.4409022629261017
YOL102C,YOR027W,0,-0.031154491,0.0991193950176239,0.4721951186656952,0.4410025179386139
YGR177C,YOR177C,0,-0.031161353,0.09909909963607788,0.4721951186656952,0.4411027431488037
YMR182C,YDR178W,0,-0.031174473,0.09907881170511246,0.4721951186656952,0.4412029981613159
YHL025W,YOR294W,0,-0.03127093,0.09905853122472763,0.4721951186656952,0.4413032531738281
YPR122W,YLR078C,0,-0.03129331,0.099038265645504,0.4721951186656952,0.44140350818634033
YLL027W,YGL194C,0,-0.03132098,0.09901800006628036,0.4721951186656952,0.44150376319885254
YER115C,YJL128C,0,-0.031341277,0.09899774938821793,0.4721951186656952,0.44160401821136475
YKL132C,YDR427W,0,-0.031383596,0.09897750616073608,0.4721951186656952,0.44170427322387695
YPL113C,YLR337C,0,-0.03144384,0.09895727038383484,0.4721951186656952,0.4418044984340668
YFR008W,YCR011C,0,-0.031498022,0.09893704205751419,0.4721951186656952,0.441904753446579
YGL219C,YDL061C,0,-0.031583034,0.09891682118177414,0.4721951186656952,0.4420050084590912
YHR014W,YMR303C,0,-0.03160009,0.09889660775661469,0.4721951186656952,0.4421052634716034
YBL017C,YHR160C,0,-0.031672113,0.09887640178203583,0.4721951186656952,0.4422055184841156
YGL237C,YDL130W-A,0,-0.031672686,0.09885621070861816,0.4721951186656952,0.4423057734966278
YPL259C,YFL010W-A,0,-0.031741492,0.0988360196352005,0.4721951186656952,0.44240602850914
YGR062C,YML081W,0,-0.03183592,0.09881584346294403,0.4721951186656952,0.44250625371932983
YLR403W,YDR261C-D,0,-0.031845912,0.09879567474126816,0.4721951186656952,0.44260650873184204
YDR476C,YCR024C,0,-0.031848423,0.09877551347017288,0.4721951186656952,0.44270676374435425
YKR087C,YKL213C,1,-0.03189587,0.09895939379930496,0.4731707274913788,0.44270676374435425
YJL034W,YOR124C,1,-0.031904582,0.09914320707321167,0.4741463363170624,0.44270676374435425
YJR050W,YLR227W-A,0,-0.031930976,0.09912298619747162,0.4741463363170624,0.44280701875686646
YKR055W,YDR424C,0,-0.031952657,0.09910277277231216,0.4741463363170624,0.44290727376937866
YLR448W,YGR161C-D,0,-0.031973526,0.0990825667977333,0.4741463363170624,0.44300752878189087
YPR111W,YAR010C,0,-0.0320059,0.09906237572431564,0.4741463363170624,0.4431077837944031
YOR259C,YCR052W,0,-0.032008477,0.09904218465089798,0.4741463363170624,0.4432080090045929
YMR211W,YPR158C-D,0,-0.032030217,0.09902200847864151,0.4741463363170624,0.4433082640171051
YGL178W,YKL134C,0,-0.03204052,0.09900183230638504,0.4741463363170624,0.4434085190296173
YMR061W,YJL166W,0,-0.03207604,0.09898167103528976,0.4741463363170624,0.4435087740421295
YAL023C,YNL077W,0,-0.032086946,0.09896151721477509,0.4741463363170624,0.4436090290546417
YOR294W,YGR010W,0,-0.032112144,0.098941370844841,0.4741463363170624,0.44370928406715393
YDL029W,YCR002C,0,-0.03211794,0.09892123192548752,0.4741463363170624,0.44380950927734375
YNL133C,YDR036C,0,-0.032210626,0.09890110045671463,0.4741463363170624,0.44390976428985596
YGR109W-A,YER063W,0,-0.032253213,0.09888097643852234,0.4741463363170624,0.44401001930236816
YBL020W,YDR376W,0,-0.032296725,0.09886085987091064,0.4741463363170624,0.44411027431488037
YPR043W,YPR008W,0,-0.03243585,0.09884075820446014,0.4741463363170624,0.4442105293273926
YOR319W,YJL062W-A,0,-0.032487042,0.09882065653800964,0.4741463363170624,0.4443107843399048
YLR380W,YLR306W,1,-0.032489546,0.0990038588643074,0.47512194514274597,0.4443107843399048
YDR086C,YPL159C,0,-0.032587267,0.09898374229669571,0.47512194514274597,0.444411039352417
YHR119W,YER020W,0,-0.032647707,0.09896362572908401,0.47512194514274597,0.4445112645626068
YGL246C,YNL188W,0,-0.03269235,0.09894351661205292,0.47512194514274597,0.444611519575119
YOR142W-A,YDR090C,0,-0.032710858,0.09892342239618301,0.47512194514274597,0.4447117745876312
YFR013W,YER111C,0,-0.03275623,0.09890332818031311,0.47512194514274597,0.44481202960014343
YJR131W,YLL057C,0,-0.032756783,0.0988832488656044,0.47512194514274597,0.44491228461265564
YOR339C,YMR223W,1,-0.032872207,0.09906618297100067,0.47609755396842957,0.44491228461265564
YIL076W,YIL042C,0,-0.032874584,0.09904607385396957,0.47609755396842957,0.44501253962516785
YOL092W,YNL180C,0,-0.03288304,0.09902597218751907,0.47609755396842957,0.44511279463768005
YPL233W,YBL024W,0,-0.03291949,0.09900588542222977,0.47609755396842957,0.4452130198478699
YER184C,YDR373W,0,-0.032942392,0.09898579865694046,0.47609755396842957,0.4453132748603821
YML098W,YHR140W,0,-0.033091687,0.09896572679281235,0.47609755396842957,0.4454135298728943
YOR138C,YDR381C-A,0,-0.033099346,0.09894566237926483,0.47609755396842957,0.4455137848854065
YPR046W,YGR027W-B,0,-0.033130318,0.09892560541629791,0.47609755396842957,0.4456140398979187
YJL206C,YDL121C,0,-0.033144735,0.09890555590391159,0.47609755396842957,0.4457142949104309
YDL040C,YNL330C,0,-0.033170424,0.09888551384210587,0.47609755396842957,0.4458145499229431
YKR027W,YMR105C,0,-0.03318665,0.09886547923088074,0.47609755396842957,0.44591477513313293
YDR134C,YFR034C,0,-0.03319576,0.0988454520702362,0.47609755396842957,0.44601503014564514
YOR252W,YMR012W,0,-0.03322141,0.09882543236017227,0.47609755396842957,0.44611528515815735
YNR026C,YJL048C,1,-0.033405177,0.09900789707899094,0.47707316279411316,0.44611528515815735
YBR281C,YPL083C,0,-0.033407144,0.09898785501718521,0.47707316279411316,0.44621554017066956
YBL026W,YBL024W,0,-0.03342033,0.09896782040596008,0.47707316279411316,0.44631579518318176
YJR123W,YHR149C,0,-0.03346532,0.09894779324531555,0.47707316279411316,0.44641605019569397
YGL122C,YDR056C,0,-0.033560283,0.09892777353525162,0.47707316279411316,0.4465163052082062
YBR006W,YMR227C,0,-0.033583723,0.09890776872634888,0.47707316279411316,0.446616530418396
YGL226C-A,YIL154C,0,-0.03359928,0.09888776391744614,0.47707316279411316,0.4467167854309082
YPR154W,YOR179C,0,-0.03361211,0.09886777400970459,0.47707316279411316,0.4468170404434204
YFR049W,YGR161C-D,0,-0.033712566,0.09884778410196304,0.47707316279411316,0.4469172954559326
YBR282W,YGL259W,0,-0.033746038,0.09882780909538269,0.47707316279411316,0.4470175504684448
YBR296C,YBL017C,0,-0.03374844,0.09880784153938293,0.47707316279411316,0.44711780548095703
YJR051W,YMR315W,0,-0.033812538,0.09878788143396378,0.47707316279411316,0.44721803069114685
YHR148W,YFL066C,0,-0.033853173,0.09876792877912521,0.47707316279411316,0.44731828570365906
YJL046W,YNL084C,0,-0.03387569,0.09874798357486725,0.47707316279411316,0.44741854071617126
YGL098W,YPR186C,0,-0.033999458,0.09872804582118988,0.47707316279411316,0.44751879572868347
YIR014W,YLR263W,0,-0.03400582,0.09870811551809311,0.47707316279411316,0.4476190507411957
YER175C,YML045W-A,0,-0.03405682,0.09868819266557693,0.47707316279411316,0.4477193057537079
YJR076C,YJL130C,0,-0.03406336,0.09866827726364136,0.47707316279411316,0.4478195607662201
YML111W,YDR057W,1,-0.03411258,0.09885010868310928,0.47804877161979675,0.4478195607662201
YLR192C,YHR156C,0,-0.034163944,0.09883017092943192,0.47804877161979675,0.4479197859764099
YMR286W,YCR026C,0,-0.03419786,0.09881024062633514,0.47804877161979675,0.4480200409889221
YNL044W,YDR306C,0,-0.034201972,0.09879032522439957,0.47804877161979675,0.4481202960014343
YJL194W,YDR410C,0,-0.03422553,0.09877040982246399,0.47804877161979675,0.44822055101394653
YJR059W,YMR220W,0,-0.03427366,0.09875050187110901,0.47804877161979675,0.44832080602645874
YOR232W,YPR158C-D,0,-0.034313224,0.09873060882091522,0.47804877161979675,0.44842106103897095
YML029W,YBR201W,1,-0.034353565,0.09891216456890106,0.47902438044548035,0.44842106103897095
YJL095W,YDR098C-B,0,-0.03443095,0.09889224916696548,0.47902438044548035,0.44852131605148315
YLR410W-B,YGR120C,0,-0.034444146,0.09887233376502991,0.47902438044548035,0.448621541261673
YER098W,YJL021C,0,-0.034508068,0.09885242581367493,0.47902438044548035,0.4487217962741852
YIL069C,YJR034W,0,-0.03455838,0.09883252531290054,0.47902438044548035,0.4488220512866974
YIL128W,YPL177C,0,-0.034559183,0.09881263971328735,0.47902438044548035,0.4489223062992096
YKL095W,YDR507C,0,-0.034584306,0.09879275411367416,0.47902438044548035,0.4490225613117218
YHR214W,YJL003W,0,-0.034835987,0.09877288341522217,0.47902438044548035,0.449122816324234
YDR011W,YLR060W,0,-0.034870125,0.09875302016735077,0.47902438044548035,0.4492230713367462
YMR274C,YFR030W,0,-0.03495609,0.09873315691947937,0.47902438044548035,0.44932329654693604
YKL003C,YDR495C,0,-0.034989767,0.09871330857276917,0.47902438044548035,0.44942355155944824
YKR064W,YGL126W,0,-0.03504304,0.09869346767663956,0.47902438044548035,0.44952380657196045
YPR017C,YFL057C,0,-0.03509444,0.09867363423109055,0.47902438044548035,0.44962406158447266
YER050C,YDR289C,0,-0.03512434,0.09865380823612213,0.47902438044548035,0.44972431659698486
YLL011W,YOR099W,0,-0.035212345,0.09863398969173431,0.47902438044548035,0.44982457160949707
YJL103C,YNR027W,0,-0.03527557,0.0986141785979271,0.47902438044548035,0.4499248266220093
YDR088C,YGL046W,0,-0.03563615,0.09859437495470047,0.47902438044548035,0.4500250518321991
YGR208W,YPL110C,0,-0.03563898,0.09857458621263504,0.47902438044548035,0.4501253068447113
YKL095W,YNL287W,0,-0.035656847,0.09855479747056961,0.47902438044548035,0.4502255618572235
YDR137W,YNR067C,0,-0.035731986,0.09853501617908478,0.47902438044548035,0.4503258168697357
YJL029C,YPL110C,0,-0.03574068,0.09851524978876114,0.47902438044548035,0.4504260718822479
YDR392W,YBR074W,0,-0.0357972,0.0984954833984375,0.47902438044548035,0.45052632689476013
YKL048C,YBR146W,0,-0.035798483,0.09847573190927505,0.47902438044548035,0.45062655210494995
YIL053W,YBL021C,0,-0.035859197,0.0984559878706932,0.47902438044548035,0.45072680711746216
YNL044W,YOR337W,0,-0.035874657,0.09843624383211136,0.47902438044548035,0.45082706212997437
YHR090C,YHR005C-A,0,-0.036008634,0.0984165146946907,0.47902438044548035,0.4509273171424866
YCR066W,YMR304W,1,-0.036021672,0.09859719127416611,0.47999998927116394,0.4509273171424866
YOR243C,YDR233C,0,-0.03606514,0.09857743978500366,0.47999998927116394,0.4510275721549988
YDR239C,YDR200C,0,-0.036106728,0.09855769574642181,0.47999998927116394,0.451127827167511
YBR241C,YPL194W,0,-0.036148943,0.09853795170783997,0.47999998927116394,0.4512280821800232
YPR169W,YHR085W,0,-0.036165014,0.09851822257041931,0.47999998927116394,0.451328307390213
YBR050C,YNL221C,0,-0.036278553,0.09849850088357925,0.47999998927116394,0.4514285624027252
YNR043W,YDR116C,0,-0.036278598,0.0984787866473198,0.47999998927116394,0.4515288174152374
YCL050C,YDR210C-D,0,-0.03631264,0.09845907241106033,0.47999998927116394,0.45162907242774963
YMR077C,YER012W,1,-0.036333323,0.09863945841789246,0.48097559809684753,0.45162907242774963
YDR434W,YLR312W-A,0,-0.0363461,0.0986197218298912,0.48097559809684753,0.45172932744026184
YOR242C,YMR302C,0,-0.03635817,0.09860000014305115,0.48097559809684753,0.45182958245277405
YOL005C,YBR289W,0,-0.03640469,0.09858028590679169,0.48097559809684753,0.45192983746528625
YDR046C,YEL062W,0,-0.036523484,0.09856057912111282,0.48097559809684753,0.4520300626754761
YAL058W,YKL034W,1,-0.036524974,0.09874075651168823,0.48195120692253113,0.4520300626754761
YPL010W,YOR054C,0,-0.03653299,0.09872101992368698,0.48195120692253113,0.4521303176879883
YNL284C-B,YJL149W,0,-0.03655094,0.09870129823684692,0.48195120692253113,0.4522305727005005
YDR210C-C,YHR158C,0,-0.03663986,0.09868158400058746,0.48195120692253113,0.4523308277130127
YMR036C,YGR052W,0,-0.036645494,0.098661869764328,0.48195120692253113,0.4524310827255249
YAL007C,YPL210C,0,-0.036675,0.09864217042922974,0.48195120692253113,0.4525313377380371
YPL001W,YDR510W,0,-0.03676348,0.09862247854471207,0.48195120692253113,0.4526315927505493
YDR268W,YGR161C-D,0,-0.036800466,0.098602794110775,0.48195120692253113,0.45273181796073914
YLR293C,YPL082C,0,-0.036851607,0.09858311712741852,0.48195120692253113,0.45283207297325134
YOL086C,YPR001W,0,-0.036938176,0.09856344759464264,0.48195120692253113,0.45293232798576355
YPR097W,YBR030W,0,-0.036999054,0.09854378551244736,0.48195120692253113,0.45303258299827576
YLR283W,YAL022C,0,-0.037022926,0.09852413088083267,0.48195120692253113,0.45313283801078796
YHR211W,YNL054W-A,0,-0.03706626,0.09850448369979858,0.48195120692253113,0.45323309302330017
YOL154W,YNL026W,0,-0.037096985,0.09848485141992569,0.48195120692253113,0.4533333480358124
YOL141W,YBR118W,0,-0.03718672,0.0984652191400528,0.48195120692253113,0.4534335732460022
YNL110C,YOR343W-A,0,-0.037198476,0.0984455943107605,0.48195120692253113,0.4535338282585144
YDR261W-A,YCL052C,0,-0.037218705,0.0984259843826294,0.48195120692253113,0.4536340832710266
YDR135C,YKL089W,0,-0.037221797,0.09840637445449829,0.48195120692253113,0.4537343382835388
YML087C,YDR443C,0,-0.03729693,0.09838677197694778,0.48195120692253113,0.453834593296051
YHR119W,YDR174W,0,-0.037300266,0.09836718440055847,0.48195120692253113,0.45393484830856323
YNL039W,YMR304W,0,-0.03731662,0.09834760427474976,0.48195120692253113,0.45403507351875305
YML092C,YLR086W,0,-0.03736549,0.09832802414894104,0.48195120692253113,0.45413532853126526
YHR046C,YOR273C,0,-0.037439235,0.09830845892429352,0.48195120692253113,0.45423558354377747
YLR315W,YLL053C,0,-0.03745856,0.09828890115022659,0.48195120692253113,0.4543358385562897
YGL249W,YBR158W,0,-0.03757205,0.09826934337615967,0.48195120692253113,0.4544360935688019
YPR002W,YJL166W,0,-0.037654094,0.09824980050325394,0.48195120692253113,0.4545363485813141
YLR009W,YDR098C-B,0,-0.037704624,0.0982302650809288,0.48195120692253113,0.4546366035938263
YPL234C,YJL035C,0,-0.037876382,0.09821073710918427,0.48195120692253113,0.4547368288040161
YNL102W,YDR463W,0,-0.037965007,0.09819121658802032,0.48195120692253113,0.4548370838165283
YER112W,YDR034C-C,0,-0.0380048,0.09817170351743698,0.48195120692253113,0.4549373388290405
YGL190C,YOR162C,0,-0.038045697,0.09815219789743423,0.48195120692253113,0.45503759384155273
YGR010W,YPR048W,0,-0.038065575,0.09813269972801208,0.48195120692253113,0.45513784885406494
YOR298W,YFL037W,0,-0.038076352,0.09811320900917053,0.48195120692253113,0.45523810386657715
YGR191W,YDR501W,0,-0.038085133,0.09809372574090958,0.48195120692253113,0.45533835887908936
YIL107C,YBR185C,0,-0.038102552,0.09807424992322922,0.48195120692253113,0.4554385840892792
YML073C,YNL086W,0,-0.038113914,0.09805478155612946,0.48195120692253113,0.4555388391017914
YLR025W,YPL253C,0,-0.03814748,0.09803532809019089,0.48195120692253113,0.4556390941143036
YAL003W,YLR260W,0,-0.038148962,0.09801587462425232,0.48195120692253113,0.4557393491268158
YOR278W,YPR158C-C,0,-0.03818278,0.09799642860889435,0.48195120692253113,0.455839604139328
YOR206W,YMR208W,0,-0.038383596,0.09797699004411697,0.48195120692253113,0.4559398591518402
YIR002C,YER147C,0,-0.038408257,0.0979575663805008,0.48195120692253113,0.4560401141643524
YEL039C,YML057W,0,-0.038415708,0.09793814271688461,0.48195120692253113,0.45614033937454224
YMR270C,YMR043W,0,-0.0384183,0.09791873395442963,0.48195120692253113,0.45624059438705444
YFR024C-A,YKR058W,0,-0.03844221,0.09789932519197464,0.48195120692253113,0.45634084939956665
YLR185W,YHR136C,0,-0.03855442,0.09787993133068085,0.48195120692253113,0.45644110441207886
YMR262W,YGL021W,0,-0.03859002,0.09786053746938705,0.48195120692253113,0.45654135942459106
YGL210W,YPL159C,0,-0.03865931,0.09784115850925446,0.48195120692253113,0.45664161443710327
YHR090C,YNL328C,0,-0.03868355,0.09782177954912186,0.48195120692253113,0.4567418694496155
YFR021W,YMR287C,0,-0.038781174,0.09780241549015045,0.48195120692253113,0.4568420946598053
YAL012W,YLR299W,0,-0.038813166,0.09778305888175964,0.48195120692253113,0.4569423496723175
YLR203C,YGL244W,0,-0.03895823,0.09776370227336884,0.48195120692253113,0.4570426046848297
YGL128C,YLR333C,0,-0.038974643,0.09774436056613922,0.48195120692253113,0.4571428596973419
YGL095C,YJR145C,0,-0.03902065,0.0977250263094902,0.48195120692253113,0.4572431147098541
YER014C-A,YKL185W,0,-0.039039128,0.09770569950342178,0.48195120692253113,0.45734336972236633
YNL247W,YDR080W,0,-0.039097063,0.09768637269735336,0.48195120692253113,0.45744359493255615
YBL078C,YNL317W,0,-0.039131686,0.09766706079244614,0.48195120692253113,0.45754384994506836
YGL058W,YPR043W,0,-0.039272957,0.0976477563381195,0.48195120692253113,0.45764410495758057
YDR545W,YKL094W,0,-0.039275236,0.09762845933437347,0.48195120692253113,0.4577443599700928
YGR084C,YGL237C,0,-0.039293088,0.09760916978120804,0.48195120692253113,0.457844614982605
YHR060W,YDR045C,0,-0.03935028,0.0975898876786232,0.48195120692253113,0.4579448699951172
YMR316W,YPR046W,0,-0.039384678,0.09757061302661896,0.48195120692253113,0.4580451250076294
YBR072W,YEL065W,0,-0.039424844,0.09755134582519531,0.48195120692253113,0.4581453502178192
YNL048W,YJL030W,0,-0.03949093,0.09753208607435226,0.48195120692253113,0.4582456052303314
YJL062W-A,YGL170C,0,-0.0395772,0.09751283377408981,0.48195120692253113,0.45834586024284363
YDR265W,YPR166C,0,-0.03961938,0.09749358892440796,0.48195120692253113,0.45844611525535583
YPL018W,YOR287C,0,-0.03962963,0.0974743515253067,0.48195120692253113,0.45854637026786804
YGL119W,YDR261W-B,0,-0.03967879,0.09745512157678604,0.48195120692253113,0.45864662528038025
YMR005W,YNL001W,0,-0.039783616,0.09743589907884598,0.48195120692253113,0.45874688029289246
YBL056W,YDR389W,0,-0.039816104,0.09741668403148651,0.48195120692253113,0.4588471055030823
YKR062W,YDL227C,0,-0.039875753,0.09739747643470764,0.48195120692253113,0.4589473605155945
YDR201W,YJL140W,0,-0.04005915,0.09737827628850937,0.48195120692253113,0.4590476155281067
YKL210W,YIL097W,1,-0.04008071,0.09755616635084152,0.4829268157482147,0.4590476155281067
YBR162W-A,YDR139C,0,-0.04012923,0.09753694385290146,0.4829268157482147,0.4591478705406189
YHR157W,YJR027W,0,-0.040236745,0.09751772880554199,0.4829268157482147,0.4592481255531311
YPL156C,YKL199C,0,-0.040243395,0.09749852120876312,0.4829268157482147,0.4593483805656433
YMR118C,YGL120C,0,-0.04029306,0.09747932106256485,0.4829268157482147,0.4594486355781555
YHR215W,YOR388C,0,-0.04035286,0.09746012836694717,0.4829268157482147,0.45954886078834534
YMR213W,YBR038W,0,-0.040468715,0.0974409431219101,0.4829268157482147,0.45964911580085754
YJR103W,YCL003W,0,-0.040522452,0.09742176532745361,0.4829268157482147,0.45974937081336975
YER033C,YOR026W,0,-0.04056219,0.09740259498357773,0.4829268157482147,0.45984962582588196
YER012W,YMR016C,0,-0.040569864,0.09738343209028244,0.4829268157482147,0.45994988083839417
YML104C,YLR215C,0,-0.0406019,0.09736427664756775,0.4829268157482147,0.46005013585090637
YLR207W,YBR170C,1,-0.04063841,0.09754178673028946,0.4839024245738983,0.46005013585090637
YHR114W,YLR206W,0,-0.040664047,0.09752260893583298,0.4839024245738983,0.4601503610610962
YGL151W,YOR070C,0,-0.0407828,0.09750343859195709,0.4839024245738983,0.4602506160736084
YBL017C,YLR208W,1,-0.04078386,0.09768081456422806,0.4848780632019043,0.4602506160736084
YFL066C,YMR182C,0,-0.04080727,0.09766162186861038,0.4848780632019043,0.4603508710861206
YPL051W,YDR410C,0,-0.040829472,0.0976424366235733,0.4848780632019043,0.4604511260986328
YLR153C,YDL197C,0,-0.04084312,0.09762325882911682,0.4848780632019043,0.460551381111145
YAL013W,YBR010W,0,-0.040857784,0.09760408848524094,0.4848780632019043,0.4606516361236572
YDR430C,YMR285C,0,-0.040925615,0.09758491814136505,0.4848780632019043,0.46075189113616943
YDR398W,YMR016C,0,-0.040983006,0.09756576269865036,0.4848780632019043,0.46085211634635925
YPR168W,YJL013C,0,-0.04107245,0.09754661470651627,0.4848780632019043,0.46095237135887146
YDR175C,YGL040C,0,-0.041075043,0.09752747416496277,0.4848780632019043,0.46105262637138367
YMR276W,YIL046W,1,-0.04122841,0.09770452976226807,0.4858536720275879,0.46105262637138367
YPL161C,YKL011C,0,-0.041273504,0.09768536686897278,0.4858536720275879,0.4611528813838959
YOR156C,YPR133C,0,-0.041370533,0.09766621142625809,0.4858536720275879,0.4612531363964081
YLR268W,YBR264C,0,-0.041411124,0.0976470559835434,0.4858536720275879,0.4613533914089203
YOR299W,YLR040C,0,-0.04156772,0.0976279154419899,0.4858536720275879,0.4614536464214325
YEL012W,YLR025W,1,-0.04163985,0.09780478477478027,0.4868292808532715,0.4614536464214325
YJR158W,YLR448W,0,-0.04166331,0.09778561443090439,0.4868292808532715,0.4615538716316223
YPR158W-B,YOR388C,0,-0.041677527,0.0977664589881897,0.4868292808532715,0.4616541266441345
YPR024W,YJR036C,1,-0.041816913,0.09794319421052933,0.4878048896789551,0.4616541266441345
YJL158C,YJR084W,0,-0.041846476,0.09792400896549225,0.4878048896789551,0.46175438165664673
YHL004W,YHR010W,0,-0.041890435,0.09790483862161636,0.4878048896789551,0.46185463666915894
YMR086W,YOR258W,0,-0.041902117,0.09788566827774048,0.4878048896789551,0.46195489168167114
YHL028W,YDL055C,0,-0.04191409,0.09786651283502579,0.4878048896789551,0.46205514669418335
YOL023W,YOR009W,0,-0.04193116,0.0978473573923111,0.4878048896789551,0.46215540170669556
YNR004W,YOR195W,0,-0.04202973,0.0978282168507576,0.4878048896789551,0.4622556269168854
YDR318W,YHR074W,0,-0.042132013,0.0978090763092041,0.4878048896789551,0.4623558819293976
YOR335C,YLR194C,0,-0.0422002,0.0977899506688118,0.4878048896789551,0.4624561369419098
YBR075W,YKR055W,0,-0.042231046,0.0977708250284195,0.4878048896789551,0.462556391954422
YDR390C,YDR057W,1,-0.04225859,0.09794721752405167,0.48878049850463867,0.462556391954422
YBR164C,YDL065C,0,-0.042289615,0.09792806953191757,0.48878049850463867,0.4626566469669342
YGR135W,YCL052C,1,-0.042298198,0.09810435771942139,0.48975610733032227,0.4626566469669342
YKL006W,YOR330C,0,-0.04230413,0.0980851873755455,0.48975610733032227,0.4627569019794464
YAR042W,YBR141C,0,-0.042305492,0.09806603193283081,0.48975610733032227,0.4628571569919586
YDL101C,YIL135C,0,-0.042309336,0.09804687649011612,0.48975610733032227,0.46295738220214844
YOR116C,YBR283C,0,-0.042321153,0.09802772849798203,0.48975610733032227,0.46305763721466064
YOL026C,YJR021C,0,-0.0424252,0.09800858795642853,0.48975610733032227,0.46315789222717285
YPL156C,YKR083C,0,-0.042475544,0.09798946231603622,0.48975610733032227,0.46325814723968506
YFL033C,YBR211C,0,-0.04255043,0.09797033667564392,0.48975610733032227,0.46335840225219727
YNR027W,YEL062W,0,-0.042574175,0.09795121848583221,0.48975610733032227,0.4634586572647095
YDL015C,YGL178W,0,-0.04265108,0.0979321077466011,0.48975610733032227,0.4635588824748993
YBR091C,YLR020C,0,-0.04268863,0.09791301190853119,0.48975610733032227,0.4636591374874115
YAL033W,YER083C,0,-0.04275932,0.09789391607046127,0.48975610733032227,0.4637593924999237
YER151C,YPL120W,1,-0.042816676,0.09806980192661285,0.49073171615600586,0.4637593924999237
YBR065C,YNR013C,0,-0.04282809,0.09805068373680115,0.49073171615600586,0.4638596475124359
YPL117C,YDL141W,0,-0.042868473,0.09803157299757004,0.49073171615600586,0.4639599025249481
YOL030W,YER091C,0,-0.042881094,0.09801246970891953,0.49073171615600586,0.4640601575374603
YHL034C,YMR033W,0,-0.042927064,0.09799337387084961,0.49073171615600586,0.46416041254997253
YFR014C,YDR381C-A,0,-0.04300026,0.09797428548336029,0.49073171615600586,0.46426063776016235
YBR002C,YHL044W,0,-0.0430051,0.09795521199703217,0.49073171615600586,0.46436089277267456
YLR244C,YDL051W,0,-0.043070562,0.09793613851070404,0.49073171615600586,0.46446114778518677
YMR223W,YOL123W,0,-0.043110155,0.09791707247495651,0.49073171615600586,0.464561402797699
YKR049C,YDL072C,0,-0.04317615,0.09789801388978958,0.49073171615600586,0.4646616578102112
YFL002W-A,YLL001W,0,-0.043288045,0.09787896275520325,0.49073171615600586,0.4647619128227234
YLR396C,YOR372C,0,-0.043326326,0.09785991907119751,0.49073171615600586,0.4648621678352356
YCR055C,YBR196C,0,-0.04336337,0.09784089028835297,0.49073171615600586,0.4649623930454254
YBL055C,YLR348C,0,-0.04336997,0.09782186150550842,0.49073171615600586,0.4650626480579376
YIL140W,YJL158C,0,-0.043451898,0.09780284017324448,0.49073171615600586,0.46516290307044983
YMR160W,YGR037C,0,-0.043516062,0.09778382629156113,0.49073171615600586,0.46526315808296204
YMR071C,YGL162W,0,-0.043546848,0.09776481986045837,0.49073171615600586,0.46536341309547424
YNL284C-B,YIR037W,0,-0.043619312,0.09774582087993622,0.49073171615600586,0.46546366810798645
YBR192W,YPR158C-D,0,-0.04366538,0.09772682934999466,0.49073171615600586,0.46556392312049866
YFR049W,YPL083C,0,-0.043749556,0.0977078452706337,0.49073171615600586,0.4656641483306885
YDL180W,YIR006C,0,-0.04381206,0.09768886864185333,0.49073171615600586,0.4657644033432007
YMR262W,YDL043C,0,-0.043831997,0.09766989946365356,0.49073171615600586,0.4658646583557129
YIL172C,YNL076W,0,-0.04384636,0.09765094518661499,0.49073171615600586,0.4659649133682251
YMR211W,YPR125W,0,-0.043867044,0.09763199090957642,0.49073171615600586,0.4660651683807373
YHR108W,YJL048C,1,-0.043876924,0.09780710190534592,0.49170732498168945,0.4660651683807373
YJL174W,YGL196W,0,-0.043989025,0.09778812527656555,0.49170732498168945,0.4661654233932495
YOR142W-B,YJL109C,0,-0.043993004,0.09776915609836578,0.49170732498168945,0.4662656784057617
YJR059W,YML045W-A,0,-0.04403031,0.09775019437074661,0.49170732498168945,0.46636590361595154
YGR109W-A,YLR009W,0,-0.044099763,0.09773124009370804,0.49170732498168945,0.46646615862846375
YGL226W,YDR091C,0,-0.044144463,0.09771229326725006,0.49170732498168945,0.46656641364097595
YAL011W,YOL059W,0,-0.044446938,0.09769335389137268,0.49170732498168945,0.46666666865348816
YDL008W,YDR405W,0,-0.04458771,0.0976744219660759,0.49170732498168945,0.46676692366600037
YJL127C,YJR101W,0,-0.044617295,0.09765549004077911,0.49170732498168945,0.4668671786785126
YMR071C,YDL135C,0,-0.044642046,0.09763657301664352,0.49170732498168945,0.4669674038887024
YPL248C,YDR381C-A,0,-0.04471397,0.09761766344308853,0.49170732498168945,0.4670676589012146
YHR002W,YBL101W-B,0,-0.044751175,0.09759876132011414,0.49170732498168945,0.4671679139137268
YPR137C-A,YGR035C,0,-0.0448078,0.09757986664772034,0.49170732498168945,0.467268168926239
YHL026C,YJL225C,0,-0.04482753,0.09756097197532654,0.49170732498168945,0.4673684239387512
YPL120W,YPR105C,0,-0.044853054,0.09754209220409393,0.49170732498168945,0.4674686789512634
YIL011W,YOR162C,0,-0.044973306,0.09752321988344193,0.49170732498168945,0.46756893396377563
YNL284C-B,YEL040W,0,-0.045004185,0.09750435501337051,0.49170732498168945,0.46766915917396545
YPL281C,YBR261C,0,-0.045041747,0.0974854901432991,0.49170732498168945,0.46776941418647766
YLR119W,YNR069C,1,-0.045162342,0.09766002744436264,0.49268293380737305,0.46776941418647766
YPR021C,YJL117W,0,-0.045216374,0.09764114767313004,0.49268293380737305,0.46786966919898987
YJR135C,YGR027W-B,0,-0.045263663,0.09762226790189743,0.49268293380737305,0.4679699242115021
YDR435C,YPR042C,0,-0.04530953,0.09760340303182602,0.49268293380737305,0.4680701792240143
YGL018C,YEL001C,0,-0.04537753,0.09758453816175461,0.49268293380737305,0.4681704342365265
YNR032C-A,YPL084W,1,-0.045477606,0.09775888919830322,0.49365854263305664,0.4681704342365265
YDR176W,YOR226C,0,-0.045487456,0.09774000197649002,0.49365854263305664,0.4682706892490387
YIL106W,YOR109W,0,-0.04551314,0.09772112965583801,0.49365854263305664,0.4683709144592285
YCR107W,YPR047W,0,-0.045518182,0.097702257335186,0.49365854263305664,0.4684711694717407
YDR517W,YJR092W,0,-0.04557503,0.09768339991569519,0.49365854263305664,0.46857142448425293
YPR111W,YIL018W,0,-0.045624845,0.09766454249620438,0.49365854263305664,0.46867167949676514
YIR006C,YDR320C-A,0,-0.045636497,0.09764569997787476,0.49365854263305664,0.46877193450927734
YDR262W,YNL294C,0,-0.04563878,0.09762685745954514,0.49365854263305664,0.46887218952178955
YML047C,YJL019W,0,-0.045668565,0.09760802239179611,0.49365854263305664,0.46897244453430176
YKL192C,YLR107W,0,-0.045704685,0.09758920222520828,0.49365854263305664,0.4690726697444916
YNR024W,YOR257W,0,-0.045755014,0.09757038205862045,0.49365854263305664,0.4691729247570038
YDR054C,YBL101W-A,0,-0.04583881,0.09755156934261322,0.49365854263305664,0.469273179769516
YPL271W,YJR022W,0,-0.045887746,0.09753277152776718,0.49365854263305664,0.4693734347820282
YGR178C,YJL060W,0,-0.046042033,0.09751397371292114,0.49365854263305664,0.4694736897945404
YML091C,YDR368W,0,-0.04611536,0.0974951833486557,0.49365854263305664,0.4695739448070526
YNL054W-A,YAL056W,0,-0.046178102,0.09747640043497086,0.49365854263305664,0.4696741998195648
YDR219C,YOR216C,0,-0.04618395,0.09745762497186661,0.49365854263305664,0.46977442502975464
YOL103W-B,YIL170W,0,-0.0462019,0.09743885695934296,0.49365854263305664,0.46987468004226685
YDL008W,YPL120W,1,-0.046226792,0.09761262685060501,0.49463415145874023,0.46987468004226685
YLR127C,YPL135W,0,-0.046277553,0.09759384393692017,0.49463415145874023,0.46997493505477905
YDR337W,YPL121C,0,-0.046295583,0.09757506102323532,0.49463415145874023,0.47007519006729126
YGR286C,YGR143W,0,-0.04635755,0.09755628556013107,0.49463415145874023,0.47017544507980347
YIL017W,YDR469W,0,-0.04635775,0.09753751754760742,0.49463415145874023,0.4702757000923157
YIL017W,YPL020C,1,-0.046358585,0.09771110117435455,0.49560976028442383,0.4702757000923157
YBL056W,YOL004W,0,-0.04636032,0.09769231081008911,0.49560976028442383,0.4703759253025055
YDR524C,YOR145C,0,-0.046363506,0.09767352789640427,0.49560976028442383,0.4704761803150177
YDR210W-B,YBR093C,0,-0.046370976,0.09765474498271942,0.49560976028442383,0.4705764353275299
YOR142W-A,YDR439W,0,-0.04641799,0.09763597697019577,0.49560976028442383,0.4706766903400421
YJL062W-A,YGL205W,0,-0.046426006,0.09761721640825272,0.49560976028442383,0.4707769453525543
YOR180C,YDR233C,0,-0.04642635,0.09759846329689026,0.49560976028442383,0.47087720036506653
YLR418C,YHR079C-B,0,-0.046430334,0.0975797176361084,0.49560976028442383,0.47097745537757874
YIL017W,YDR177W,1,-0.046440497,0.09775302559137344,0.4965853691101074,0.47097745537757874
YNL112W,YOL065C,0,-0.04644253,0.09773425757884979,0.4965853691101074,0.47107768058776855
YCL060C,YDR317W,0,-0.046492003,0.09771548956632614,0.4965853691101074,0.47117793560028076
YLR131C,YBR301W,0,-0.046533562,0.09769673645496368,0.4965853691101074,0.47127819061279297
YKL088W,YMR201C,0,-0.046556406,0.09767799079418182,0.4965853691101074,0.4713784456253052
YGR272C,YPL017C,0,-0.04656961,0.09765924513339996,0.4965853691101074,0.4714787006378174
YHR186C,YDL141W,0,-0.04658077,0.0976405143737793,0.4965853691101074,0.4715789556503296
YJL069C,YML023C,0,-0.046584148,0.09762179106473923,0.4965853691101074,0.4716792106628418
YEL005C,YKL158W,0,-0.046594217,0.09760306775569916,0.4965853691101074,0.4717794358730316
YLR382C,YMR285C,0,-0.046654634,0.09758435934782028,0.4965853691101074,0.4718796908855438
YJR053W,YML045W-A,0,-0.04665838,0.0975656509399414,0.4965853691101074,0.47197994589805603
YOR008C,YJL206C,0,-0.046708785,0.09754694998264313,0.4965853691101074,0.47208020091056824
YBR009C,YDL130W-A,0,-0.046722345,0.09752826392650604,0.4965853691101074,0.47218045592308044
YIL017W,YGR078C,0,-0.04675073,0.09750957787036896,0.4965853691101074,0.47228071093559265
YDR086C,YNR007C,1,-0.04688587,0.09768243879079819,0.497560977935791,0.47228071093559265
YBR271W,YGL126W,0,-0.046973817,0.09766373038291931,0.497560977935791,0.47238096594810486
YCR063W,YAL010C,0,-0.046987474,0.09764502942562103,0.497560977935791,0.4724811911582947
YIL142W,YCR058C,0,-0.047011033,0.09762634336948395,0.497560977935791,0.4725814461708069
YIL075C,YER019C-A,0,-0.04702577,0.09760765731334686,0.497560977935791,0.4726817011833191
YDR041W,YPL149W,0,-0.047090877,0.09758897870779037,0.497560977935791,0.4727819561958313
YGL231C,YJL021C,0,-0.047102444,0.09757030755281448,0.497560977935791,0.4728822112083435
YDR065W,YNR017W,0,-0.047148354,0.09755164384841919,0.497560977935791,0.4729824662208557
YDR204W,YDR439W,0,-0.047148906,0.09753298759460449,0.497560977935791,0.4730827212333679
YDR381W,YPR114W,0,-0.047182225,0.09751433879137039,0.497560977935791,0.47318294644355774
YIL061C,YOL007C,0,-0.04725527,0.09749569743871689,0.497560977935791,0.47328320145606995
YGL219C,YGR017W,0,-0.04729397,0.09747706353664398,0.497560977935791,0.47338345646858215
YJR150C,YDR367W,0,-0.047310762,0.09745843708515167,0.497560977935791,0.47348371148109436
YJR057W,YPL196W,0,-0.04733383,0.09743981808423996,0.497560977935791,0.47358396649360657
YCR080W,YPL082C,0,-0.047341876,0.09742120653390884,0.497560977935791,0.4736842215061188
YGL144C,YGL180W,0,-0.047351293,0.09740259498357773,0.497560977935791,0.4737844467163086
YPL248C,YKL205W,0,-0.047389783,0.0973839983344078,0.497560977935791,0.4738847017288208
YGR006W,YKR038C,0,-0.04742065,0.09736540913581848,0.497560977935791,0.473984956741333
YMR300C,YDR316W-A,0,-0.047476374,0.09734681993722916,0.497560977935791,0.4740852117538452
YOR162C,YBR125C,0,-0.047585078,0.09732824563980103,0.497560977935791,0.4741854667663574
YIL017W,YBL084C,1,-0.047671013,0.09750048071146011,0.4985365867614746,0.4741854667663574
YLR300W,YLR067C,0,-0.047687188,0.0974818766117096,0.4985365867614746,0.47428572177886963
YDR383C,YIL076W,0,-0.047748424,0.09746328741312027,0.4985365867614746,0.47438597679138184
YOR378W,YOR156C,0,-0.047763728,0.09744469821453094,0.4985365867614746,0.47448620200157166
YLR425W,YOL065C,0,-0.0478194,0.09742611646652222,0.4985365867614746,0.47458645701408386
YCL026C-B,YBR029C,0,-0.04788085,0.09740754961967468,0.4985365867614746,0.47468671202659607
YNL131W,YJR135C,0,-0.04795278,0.09738898277282715,0.4985365867614746,0.4747869670391083
YML132W,YLR017W,0,-0.048001222,0.09737042337656021,0.4985365867614746,0.4748872220516205
YDR247W,YMR063W,0,-0.048006393,0.09735187888145447,0.4985365867614746,0.4749874770641327
YJL056C,YJR051W,0,-0.04803125,0.09733333438634872,0.4985365867614746,0.4750877320766449
YKR008W,YKL199C,0,-0.04803281,0.09731479734182358,0.4985365867614746,0.4751879572868347
YJL194W,YPL188W,0,-0.048082963,0.09729626774787903,0.4985365867614746,0.4752882122993469
YGR162W,YOR287C,0,-0.048117444,0.09727774560451508,0.4985365867614746,0.47538846731185913
YOR283W,YLR367W,0,-0.04813347,0.09725923091173172,0.4985365867614746,0.47548872232437134
YDR011W,YJL082W,0,-0.048151605,0.09724072366952896,0.4985365867614746,0.47558897733688354
YOR233W,YHR079C-B,0,-0.04816441,0.0972222238779068,0.4985365867614746,0.47568923234939575
YCR009C,YKL129C,0,-0.048165962,0.09720373153686523,0.4985365867614746,0.47578948736190796
YLR234W,YMR023C,0,-0.048210643,0.09718523919582367,0.4985365867614746,0.4758897125720978
YJL053W,YHR059W,0,-0.04821854,0.0971667617559433,0.4985365867614746,0.47598996758461
YKL200C,YLR010C,0,-0.0482241,0.09714829176664352,0.4985365867614746,0.4760902225971222
YIL017W,YIL037C,0,-0.048225373,0.09712982177734375,0.4985365867614746,0.4761904776096344
YPL090C,YMR046C,0,-0.0482611,0.09711136668920517,0.4985365867614746,0.4762907326221466
YOR057W,YDR328C,1,-0.04826691,0.09728291630744934,0.4995121955871582,0.4762907326221466
YJR112W,YJL021C,0,-0.048277803,0.09726443886756897,0.4995121955871582,0.4763909876346588
YCR055C,YDL134C,0,-0.04828336,0.0972459614276886,0.4995121955871582,0.476491242647171
YHR017W,YKL158W,0,-0.048326887,0.09722749888896942,0.4995121955871582,0.47659146785736084
YJR155W,YAL048C,0,-0.048345394,0.09720903635025024,0.4995121955871582,0.47669172286987305
YGL192W,YOL061W,0,-0.048418097,0.09719058126211166,0.4995121955871582,0.47679197788238525
YHR105W,YER044C,0,-0.048440322,0.09717214107513428,0.4995121955871582,0.47689223289489746
YPL276W,YLR337W,0,-0.04846842,0.09715370088815689,0.4995121955871582,0.47699248790740967
YOR192C,YAL059W,0,-0.04848133,0.0971352681517601,0.4995121955871582,0.4770927429199219
YCR080W,YDL060W,0,-0.048519097,0.09711684286594391,0.4995121955871582,0.4771929681301117
YOR049C,YJR160C,0,-0.048572652,0.09709842503070831,0.4995121955871582,0.4772932231426239
YOR320C,YMR019W,0,-0.048575588,0.09708001464605331,0.4995121955871582,0.4773934781551361
YIR002C,YGL071W,0,-0.048614793,0.09706161171197891,0.4995121955871582,0.4774937331676483
YPL208W,YOR327C,0,-0.048649978,0.09704321622848511,0.4995121955871582,0.4775939881801605
YDR320C-A,YBR130C,0,-0.048802838,0.0970248281955719,0.4995121955871582,0.47769424319267273
YLR337W,YOR068C,0,-0.0488548,0.09700644016265869,0.4995121955871582,0.47779449820518494
YLL034C,YCR080W,0,-0.04888023,0.09698806703090668,0.4995121955871582,0.47789472341537476
YMR081C,YKL087C,0,-0.04888182,0.09696969389915466,0.4995121955871582,0.47799497842788696
YMR304W,YDR457W,1,-0.04899352,0.09714069217443466,0.5004878044128418,0.47799497842788696
YMR158W,YHR076W,0,-0.048996665,0.09712230414152145,0.5004878044128418,0.47809523344039917
YBR059C,YCR097WB,0,-0.049001627,0.09710391610860825,0.5004878044128418,0.4781954884529114
YBR173C,YCL074W,0,-0.049034365,0.09708554297685623,0.5004878044128418,0.4782957434654236
YFL026W,YPR068C,0,-0.049065344,0.09706716984510422,0.5004878044128418,0.4783959984779358
YPR024W,YOL013C,1,-0.049085222,0.09723798930644989,0.5014634132385254,0.4783959984779358
YJR092W,YMR220W,0,-0.04911574,0.09721959382295609,0.5014634132385254,0.478496253490448
YNL307C,YCR080W,0,-0.04915861,0.09720121324062347,0.5014634132385254,0.4785964787006378
YOL157C,YDR170W-A,0,-0.04918962,0.09718283265829086,0.5014634132385254,0.47869673371315
YAR042W,YOR232W,0,-0.049200006,0.09716445952653885,0.5014634132385254,0.47879698872566223
YMR274C,YGL161C,0,-0.04933151,0.09714609384536743,0.5014634132385254,0.47889724373817444
YNL029C,YDR235W,0,-0.049398176,0.09712774306535721,0.5014634132385254,0.47899749875068665
YOR096W,YMR042W,0,-0.049398415,0.09710939228534698,0.5014634132385254,0.47909775376319885
YCR058C,YMR228W,0,-0.04939925,0.09709104895591736,0.5014634132385254,0.47919800877571106
YGR241C,YPL074W,0,-0.049415775,0.09707271307706833,0.5014634132385254,0.4792982339859009
YDR129C,YPL146C,0,-0.04942014,0.0970543771982193,0.5014634132385254,0.4793984889984131
YJR036C,YPL213W,0,-0.049477562,0.09703605622053146,0.5014634132385254,0.4794987440109253
YNL190W,YNL202W,0,-0.04960058,0.09701774269342422,0.5014634132385254,0.4795989990234375
YDR226W,YKL124W,0,-0.04963889,0.09699943661689758,0.5014634132385254,0.4796992540359497
YDR312W,YER173W,0,-0.049647175,0.09698113054037094,0.5014634132385254,0.4797995090484619
YNL049C,YDR332W,0,-0.049669825,0.0969628393650055,0.5014634132385254,0.4798997640609741
YCR030C,YNL221C,0,-0.049712025,0.09694454818964005,0.5014634132385254,0.47999998927116394
YLR023C,YDR036C,0,-0.049712755,0.0969262644648552,0.5014634132385254,0.48010024428367615
YKL114C,YGL083W,0,-0.04975199,0.09690799564123154,0.5014634132385254,0.48020049929618835
YMR296C,YJR059W,0,-0.049770318,0.09688972681760788,0.5014634132385254,0.48030075430870056
YPL028W,YPR057W,0,-0.049841397,0.09687146544456482,0.5014634132385254,0.48040100932121277
YNL110C,YHR096C,0,-0.049847715,0.09685321152210236,0.5014634132385254,0.480501264333725
YFR024C,YPL068C,0,-0.049873583,0.09683496505022049,0.5014634132385254,0.4806014895439148
YNL068C,YLR316C,0,-0.04992345,0.09681672602891922,0.5014634132385254,0.480701744556427
YDL007W,YER108C,0,-0.04993231,0.09679849445819855,0.5014634132385254,0.4808019995689392
YHR037W,YJR057W,0,-0.04995071,0.09678027033805847,0.5014634132385254,0.4809022545814514
YIL042C,YMR105C,0,-0.049975976,0.0967620462179184,0.5014634132385254,0.4810025095939636
YLR131C,YOL078W,0,-0.049986698,0.09674383699893951,0.5014634132385254,0.48110276460647583
YFL002W-B,YDR108W,0,-0.050002664,0.09672562777996063,0.5014634132385254,0.48120301961898804
YDL045W-A,YBR233W-A,0,-0.050006032,0.09670743346214294,0.5014634132385254,0.48130324482917786
YGL092W,YIR006C,0,-0.05004739,0.09668923914432526,0.5014634132385254,0.48140349984169006
YGR014W,YBL101W-A,0,-0.050067358,0.09667105227708817,0.5014634132385254,0.48150375485420227
YBR162C,YKL158W,0,-0.050076682,0.09665288031101227,0.5014634132385254,0.4816040098667145
YGR189C,YDR200C,0,-0.050125577,0.09663470834493637,0.5014634132385254,0.4817042648792267
YGL157W,YDR378C,0,-0.050171647,0.09661654382944107,0.5014634132385254,0.4818045198917389
YEL021W,YOR304W,0,-0.050173715,0.09659838676452637,0.5014634132385254,0.4819047749042511
YCL003W,YPR143W,0,-0.050260462,0.09658022969961166,0.5014634132385254,0.4820050001144409
YER014W,YCR080W,0,-0.050260626,0.09656208753585815,0.5014634132385254,0.4821052551269531
YOL030W,YDR471W,0,-0.050326146,0.09654395282268524,0.5014634132385254,0.48220551013946533
YPR158C-C,YAR007C,0,-0.050340928,0.09652581810951233,0.5014634132385254,0.48230576515197754
YNL238W,YML045W,0,-0.050385393,0.09650769829750061,0.5014634132385254,0.48240602016448975
YBR195C,YPR097W,0,-0.05041883,0.09648957848548889,0.5014634132385254,0.48250627517700195
YKR097W,YAR031W,0,-0.050423406,0.09647147357463837,0.5014634132385254,0.48260653018951416
YCR031C,YPL210C,0,-0.050486065,0.09645336866378784,0.5014634132385254,0.482706755399704
YAL013W,YDR392W,0,-0.050620154,0.09643527120351791,0.5014634132385254,0.4828070104122162
YER108C,YOR288C,0,-0.05071979,0.09641718119382858,0.5014634132385254,0.4829072654247284
YBL028C,YGR199W,0,-0.050720654,0.09639909863471985,0.5014634132385254,0.4830075204372406
YKL135C,YCR038C,0,-0.05074547,0.09638102352619171,0.5014634132385254,0.4831077754497528
YCR080W,YPR133C,0,-0.050788917,0.09636295586824417,0.5014634132385254,0.483208030462265
YGR162W,YJR109C,0,-0.050795637,0.09634489566087723,0.5014634132385254,0.4833082854747772
YFR052W,YJR099W,1,-0.050805964,0.09651423990726471,0.502439022064209,0.4833082854747772
YMR135C,YFL044C,1,-0.050829716,0.09668353199958801,0.5034146308898926,0.4833082854747772
YKL109W,YLR441C,0,-0.050871514,0.09666541963815689,0.5034146308898926,0.48340851068496704
YJL213W,YGR035C,0,-0.050886966,0.09664731472730637,0.5034146308898926,0.48350876569747925
YIL017W,YLR128W,1,-0.05095046,0.09681648015975952,0.5043902397155762,0.48350876569747925
YDR386W,YGR199W,0,-0.05104672,0.0967983528971672,0.5043902397155762,0.48360902070999146
YGL087C,YLR025W,1,-0.051056497,0.0969674289226532,0.5053658485412598,0.48360902070999146
YMR176W,YHL032C,0,-0.05115051,0.09694927930831909,0.5053658485412598,0.48370927572250366
YOR204W,YMR228W,0,-0.051224403,0.09693113714456558,0.5053658485412598,0.48380953073501587
YPL065W,YMR070W,0,-0.051278055,0.09691300243139267,0.5053658485412598,0.4839097857475281
YJR025C,YGR001C,0,-0.05142773,0.09689487516880035,0.5053658485412598,0.4840100109577179
YGL059W,YHR076W,0,-0.051493667,0.09687675535678864,0.5053658485412598,0.4841102659702301
YMR298W,YMR316W,0,-0.05151125,0.09685863554477692,0.5053658485412598,0.4842105209827423
YOL133W,YCL008C,1,-0.051556073,0.0970274806022644,0.5063414573669434,0.4842105209827423
YER082C,YDL080C,0,-0.05158505,0.09700934588909149,0.5063414573669434,0.4843107759952545
YKL099C,YKL199C,0,-0.051604863,0.09699121862649918,0.5063414573669434,0.4844110310077667
YGR109W-A,YCL055W,0,-0.05166334,0.09697309136390686,0.5063414573669434,0.48451128602027893
YBR175W,YBR149W,0,-0.051745586,0.09695497900247574,0.5063414573669434,0.48461154103279114
YNL259C,YGR282C,0,-0.051809944,0.09693686664104462,0.5063414573669434,0.48471176624298096
YLR008C,YHR207C,0,-0.051811613,0.09691876918077469,0.5063414573669434,0.48481202125549316
YIL017W,YIL005W,1,-0.051826622,0.09708737581968307,0.507317066192627,0.48481202125549316
YDL093W,YDL225W,0,-0.051890977,0.09706925600767136,0.507317066192627,0.48491227626800537
YNL330C,YJL219W,0,-0.051895775,0.09705113619565964,0.507317066192627,0.4850125312805176
YFL048C,YJL060W,0,-0.051900886,0.09703303128480911,0.507317066192627,0.4851127862930298
YLR119W,YIL008W,1,-0.051906303,0.09720148891210556,0.5082926750183105,0.4851127862930298
YDL012C,YGL031C,0,-0.051914535,0.09718336164951324,0.5082926750183105,0.485213041305542
YLR246W,YOR393W,0,-0.051934622,0.09716523438692093,0.5082926750183105,0.4853132963180542
YPR024W,YOR080W,1,-0.051959895,0.09733358025550842,0.5092682838439941,0.4853132963180542
YFR013W,YHR214C-C,0,-0.051975086,0.09731543809175491,0.5092682838439941,0.485413521528244
YCR086W,YOR358W,0,-0.051976763,0.0972972959280014,0.5092682838439941,0.4855137765407562
YBR173C,YHR166C,1,-0.051983908,0.09746552258729935,0.5102438926696777,0.4855137765407562
YHR114W,YBR035C,0,-0.052001365,0.09744736552238464,0.5102438926696777,0.48561403155326843
YDL198C,YBR090C-A,0,-0.052208595,0.09742920845746994,0.5102438926696777,0.48571428656578064
YNR043W,YMR229C,0,-0.05221811,0.09741106629371643,0.5102438926696777,0.48581454157829285
YNL287W,YAL048C,0,-0.052231766,0.09739292412996292,0.5102438926696777,0.48591479659080505
YFR052W,YMR171C,1,-0.052298047,0.09756097197532654,0.5112195014953613,0.48591479659080505
YOL040C,YKL158W,0,-0.052304428,0.09754281491041183,0.5112195014953613,0.48601505160331726
YDL121C,YLL012W,0,-0.05233022,0.09752465784549713,0.5112195014953613,0.4861152768135071
YNR022C,YER100W,0,-0.052368805,0.09750651568174362,0.5112195014953613,0.4862155318260193
YOR123C,YCR058C,0,-0.05237709,0.09748837351799011,0.5112195014953613,0.4863157868385315
YMR195W,YLR277C,0,-0.05238627,0.0974702388048172,0.5112195014953613,0.4864160418510437
YNL219C,YCL057C-A,0,-0.052397978,0.09745211154222488,0.5112195014953613,0.4865162968635559
YNL077W,YHR136C,0,-0.052398138,0.09743399173021317,0.5112195014953613,0.4866165518760681
YMR208W,YOR142W-B,0,-0.052399114,0.09741587936878204,0.5112195014953613,0.48671677708625793
YBL103C,YHR030C,0,-0.052463762,0.09739776700735092,0.5112195014953613,0.48681703209877014
YMR023C,YMR227C,0,-0.05246941,0.097379669547081,0.5112195014953613,0.48691728711128235
YLR119W,YGL017W,1,-0.052563313,0.09754738211631775,0.5121951103210449,0.48691728711128235
YLL021W,YER049W,0,-0.052618086,0.09752926230430603,0.5121951103210449,0.48701754212379456
YNL160W,YPR019W,0,-0.05263678,0.09751114249229431,0.5121951103210449,0.48711779713630676
YGL158W,YOR046C,0,-0.052661113,0.09749303758144379,0.5121951103210449,0.48721805214881897
YLR186W,YFL035C,0,-0.05270924,0.09747493267059326,0.5121951103210449,0.4873183071613312
YML088W,YHR081W,0,-0.052720703,0.09745684266090393,0.5121951103210449,0.487418532371521
YLR410W-A,YDL085W,0,-0.052768193,0.0974387526512146,0.5121951103210449,0.4875187873840332
YKL199C,YML106W,0,-0.052780576,0.09742067009210587,0.5121951103210449,0.4876190423965454
YDL028C,YKL158W,0,-0.05279961,0.09740259498357773,0.5121951103210449,0.4877192974090576
YFR024C,YJR130C,0,-0.052844346,0.09738452732563019,0.5121951103210449,0.4878195524215698
YNL301C,YIL017W,0,-0.052852906,0.09736646711826324,0.5121951103210449,0.48791980743408203
YBL084C,YKL010C,1,-0.05288057,0.09753383696079254,0.5131707191467285,0.48791980743408203
YBR035C,YER142C,0,-0.052965745,0.0975157618522644,0.5131707191467285,0.48802006244659424
YPL280W,YJR015W,0,-0.05297967,0.09749768674373627,0.5131707191467285,0.48812028765678406
YLR193C,YNL192W,0,-0.053135373,0.09747961163520813,0.5131707191467285,0.48822054266929626
YCL012W,YKR100C,0,-0.053146295,0.09746155142784119,0.5131707191467285,0.48832079768180847
YER137C-A,YOR174W,0,-0.053155243,0.09744349867105484,0.5131707191467285,0.4884210526943207
YPL099C,YDL018C,0,-0.05317229,0.0974254459142685,0.5131707191467285,0.4885213077068329
YGL095C,YHR156C,0,-0.053206854,0.09740740805864334,0.5131707191467285,0.4886215627193451
YDR129C,YDR439W,0,-0.053212367,0.09738937020301819,0.5131707191467285,0.4887218177318573
YIL017W,YLR360W,1,-0.05321759,0.0975564569234848,0.5141463279724121,0.4887218177318573
YLR219W,YBL029C-A,0,-0.05328207,0.09753840416669846,0.5141463279724121,0.4888220429420471
YCR080W,YMR281W,0,-0.05332371,0.0975203588604927,0.5141463279724121,0.4889222979545593
YBR049C,YBR090C-A,0,-0.05333847,0.09750231355428696,0.5141463279724121,0.48902255296707153
YJR026W,YOL135C,0,-0.05334472,0.0974842756986618,0.5141463279724121,0.48912280797958374
YIL035C,YBR202W,0,-0.053353526,0.09746624529361725,0.5141463279724121,0.48922306299209595
YER151C,YEL019C,1,-0.053359963,0.09763313829898834,0.5151219367980957,0.48922306299209595
YCR055C,YKR028W,0,-0.053436965,0.097615085542202,0.5151219367980957,0.48932331800460815
YLR337W,YGL241W,0,-0.05346804,0.09759704023599625,0.5151219367980957,0.48942357301712036
YEL054C,YLL050C,0,-0.053476356,0.0975790023803711,0.5151219367980957,0.4895237982273102
YHR120W,YLR337W,0,-0.053522237,0.09756097197532654,0.5151219367980957,0.4896240532398224
YFL054C,YKL017C,0,-0.053578965,0.09754294902086258,0.5151219367980957,0.4897243082523346
YPR154W,YER108C,0,-0.053641465,0.09752493351697922,0.5151219367980957,0.4898245632648468
YCL067C,YAL023C,0,-0.05365303,0.09750692546367645,0.5151219367980957,0.489924818277359
YNR004W,YER088C,0,-0.053669937,0.09748892486095428,0.5151219367980957,0.4900250732898712
YOR334W,YCR055C,0,-0.053680785,0.09747092425823212,0.5151219367980957,0.49012529850006104
YDR092W,YML097C,1,-0.05369421,0.09763750433921814,0.5160975456237793,0.49012529850006104
YOR099W,YDL124W,0,-0.05369901,0.09761948883533478,0.5160975456237793,0.49022555351257324
YDR098C-A,YMR232W,0,-0.053718187,0.09760147333145142,0.5160975456237793,0.49032580852508545
YER087C-B,YDR510W,1,-0.05374039,0.09776794165372849,0.5170731544494629,0.49032580852508545
YAR033W,YBR177C,0,-0.053742073,0.09774991124868393,0.5170731544494629,0.49042606353759766
YCR058C,YDR197W,0,-0.053768408,0.09773188084363937,0.5170731544494629,0.49052631855010986
YDL069C,YOR126C,0,-0.05383794,0.09771386533975601,0.5170731544494629,0.49062657356262207
YCL008C,YGL004C,1,-0.053857632,0.09788018465042114,0.5180487632751465,0.49062657356262207
YCR024C,YKL166C,0,-0.053863876,0.09786214679479599,0.5180487632751465,0.4907268285751343
YCR055C,YIL042C,0,-0.053933047,0.09784411638975143,0.5180487632751465,0.4908270537853241
YBR177C,YGL127C,0,-0.05396521,0.09782608598470688,0.5180487632751465,0.4909273087978363
YDR469W,YHR039C-B,0,-0.053987466,0.09780807048082352,0.5180487632751465,0.4910275638103485
YAR044W,YJR001W,0,-0.054001503,0.09779005497694016,0.5180487632751465,0.4911278188228607
YCR080W,YHR207C,0,-0.054119095,0.09777204692363739,0.5180487632751465,0.4912280738353729
YNL110C,YJR033C,0,-0.05416157,0.09775405377149582,0.5180487632751465,0.49132832884788513
YOR259C,YLR194C,0,-0.054214306,0.09773606061935425,0.5180487632751465,0.49142858386039734
YOR045W,YIR036C,0,-0.054220848,0.09771807491779327,0.5180487632751465,0.49152880907058716
YBR090C-A,YPL149W,0,-0.054238617,0.0977000892162323,0.5180487632751465,0.49162906408309937
YJR025C,YHR079C-B,0,-0.0542543,0.09768211841583252,0.5180487632751465,0.4917293190956116
YPR096C,YMR097C,0,-0.054257356,0.09766415506601334,0.5180487632751465,0.4918295741081238
YLR075W,YNL309W,0,-0.054297023,0.09764619171619415,0.5180487632751465,0.491929829120636
YIL097W,YPL020C,1,-0.05441021,0.09781210124492645,0.5190243721008301,0.491929829120636
YHL019C,YDR479C,0,-0.054412656,0.09779411554336548,0.5190243721008301,0.4920300841331482
YCR053W,YBR183W,0,-0.054447733,0.0977761447429657,0.5190243721008301,0.4921303391456604
YNR033W,YJL083W,0,-0.05453384,0.09775817394256592,0.5190243721008301,0.4922305643558502
YDR358W,YDR328C,1,-0.054550547,0.09792394191026688,0.5199999809265137,0.4922305643558502
YCR080W,YBR160W,0,-0.054653313,0.0979059487581253,0.5199999809265137,0.4923308193683624
YIR006C,YDR390C,0,-0.054665856,0.09788797050714493,0.5199999809265137,0.49243107438087463
YBR090C-A,YNR020C,0,-0.054696687,0.09786999970674515,0.5199999809265137,0.49253132939338684
YOL095C,YHR039C-B,0,-0.054698177,0.09785202890634537,0.5199999809265137,0.49263158440589905
YKR034W,YBR069C,0,-0.05470932,0.09783406555652618,0.5199999809265137,0.49273183941841125
YFR005C,YAL010C,0,-0.054764114,0.0978161096572876,0.5199999809265137,0.49283209443092346
YJR060W,YML031W,0,-0.054784056,0.0977981686592102,0.5199999809265137,0.4929323196411133
YCR024C,YGR161C-D,0,-0.054805845,0.09778022021055222,0.5199999809265137,0.4930325746536255
YLR073C,YOL149W,0,-0.054811515,0.09776228666305542,0.5199999809265137,0.4931328296661377
YJR134C,YPR204W,0,-0.054813035,0.09774436056613922,0.5199999809265137,0.4932330846786499
YIL124W,YHR023W,0,-0.05496014,0.09772644191980362,0.5199999809265137,0.4933333396911621
YOR343W-B,YCR038C,0,-0.054979574,0.09770852327346802,0.5199999809265137,0.4934335947036743
YDR375C,YHR099W,0,-0.054992862,0.09769061952829361,0.5199999809265137,0.49353381991386414
YDR151C,YDR144C,0,-0.05505933,0.0976727157831192,0.5199999809265137,0.49363407492637634
YHR011W,YBR005W,0,-0.055092312,0.09765481948852539,0.5199999809265137,0.49373432993888855
YKL170W,YDR402C,0,-0.055119865,0.09763693064451218,0.5199999809265137,0.49383458495140076
YDR062W,YNL284C-A,0,-0.055151932,0.09761904925107956,0.5199999809265137,0.49393483996391296
YDR468C,YLR129W,0,-0.055165656,0.09760117530822754,0.5199999809265137,0.49403509497642517
YDR007W,YOL007C,0,-0.0551837,0.09758330136537552,0.5199999809265137,0.4941353499889374
YHR150W,YGL071W,0,-0.055239797,0.09756544232368469,0.5199999809265137,0.4942355751991272
YKL052C,YOR036W,0,-0.055264704,0.09754758328199387,0.5199999809265137,0.4943358302116394
YDR069C,YDR139C,1,-0.055273287,0.09771271795034409,0.5209755897521973,0.4943358302116394
YNL210W,YHR039C-B,0,-0.055388518,0.09769484400749207,0.5209755897521973,0.4944360852241516
YER171W,YJR022W,0,-0.055444933,0.09767697006464005,0.5209755897521973,0.4945363402366638
YDL240W,YER103W,0,-0.055491112,0.09765911102294922,0.5209755897521973,0.494636595249176
YDL197C,YDR393W,0,-0.055493705,0.09764125198125839,0.5209755897521973,0.49473685026168823
YAL035W,YNL288W,0,-0.055504434,0.09762340039014816,0.5209755897521973,0.49483710527420044
YKR094C,YDR402C,0,-0.055510975,0.09760555624961853,0.5209755897521973,0.49493733048439026
YJR131W,YKL097W-A,0,-0.05551528,0.0975877195596695,0.5209755897521973,0.49503758549690247
YDL149W,YCL003W,0,-0.055530824,0.09756989032030106,0.5209755897521973,0.4951378405094147
YPL120W,YER100W,1,-0.05558683,0.09773474931716919,0.5219511985778809,0.4951378405094147
YLR391W,YGL198W,0,-0.05559207,0.09771689772605896,0.5219511985778809,0.4952380955219269
YGL014W,YFL035C,0,-0.055599064,0.09769905358552933,0.5219511985778809,0.4953383505344391
YIL017W,YLR208W,1,-0.055653352,0.09786379337310791,0.5229268074035645,0.4953383505344391
YGL191W,YNL318C,0,-0.055806346,0.09784592688083649,0.5229268074035645,0.4954386055469513
YGR095C,YBR100W,0,-0.05580906,0.09782806783914566,0.5229268074035645,0.4955388605594635
YKL097W-A,YER090W,0,-0.0558296,0.09781021624803543,0.5229268074035645,0.4956390857696533
YER185W,YOR288C,0,-0.05587002,0.0977923721075058,0.5229268074035645,0.4957393407821655
YOR254C,YML071C,0,-0.055979572,0.09777453541755676,0.5229268074035645,0.49583959579467773
YKL158W,YEL018W,0,-0.055999227,0.09775670617818832,0.5229268074035645,0.49593985080718994
YJR016C,YOR228C,0,-0.056015246,0.09773887693881989,0.5229268074035645,0.49604010581970215
YDR419W,YFR037C,0,-0.056038134,0.09772105515003204,0.5229268074035645,0.49614036083221436
YBR122C,YKR064W,0,-0.056050576,0.0977032482624054,0.5229268074035645,0.49624061584472656
YGL106W,YKL158W,0,-0.056054294,0.09768544137477875,0.5229268074035645,0.4963408410549164
YLL053C,YNL052W,0,-0.056076348,0.0976676419377327,0.5229268074035645,0.4964410960674286
YJR158W,YHR139C,0,-0.056078263,0.09764984250068665,0.5229268074035645,0.4965413510799408
YLR373C,YHR160C,0,-0.05619234,0.09763205796480179,0.5229268074035645,0.496641606092453
YER179W,YER022W,0,-0.0562888,0.09761428087949753,0.5229268074035645,0.4967418611049652
YOL038W,YDR457W,1,-0.056301363,0.09777858853340149,0.523902416229248,0.4967418611049652
YCL060C,YOR283W,0,-0.056330487,0.09776078909635544,0.523902416229248,0.4968421161174774
YPL183W-A,YPL007C,0,-0.056341864,0.09774298965930939,0.523902416229248,0.49694234132766724
YPL048W,YDL061C,0,-0.056383543,0.09772520512342453,0.523902416229248,0.49704259634017944
YOR142W,YPL051W,0,-0.05639591,0.09770742058753967,0.523902416229248,0.49714285135269165
YBR075W,YGR154C,0,-0.056406237,0.09768965095281601,0.523902416229248,0.49724310636520386
YIL017W,YFR027W,0,-0.05641576,0.09767188131809235,0.523902416229248,0.49734336137771606
YMR301C,YMR009W,0,-0.05652619,0.09765411913394928,0.523902416229248,0.49744361639022827
YBR173C,YKL063C,0,-0.056532897,0.09763636440038681,0.523902416229248,0.4975438714027405
YDR534C,YML124C,0,-0.056591608,0.09761861711740494,0.523902416229248,0.4976440966129303
YBR289W,YNL273W,0,-0.056760438,0.09760086983442307,0.523902416229248,0.4977443516254425
YLL036C,YHR171W,1,-0.05682295,0.09776485711336136,0.5248780250549316,0.4977443516254425
YGL046W,YPL168W,0,-0.056844912,0.09774709492921829,0.5248780250549316,0.4978446066379547
YBR082C,YDR363W-A,1,-0.056856535,0.09791099280118942,0.5258536338806152,0.4978446066379547
YHR101C,YPR054W,0,-0.056901716,0.09789320826530457,0.5258536338806152,0.4979448616504669
YDR316W-B,YDR235W,0,-0.056982465,0.0978754311800003,0.5258536338806152,0.4980451166629791
YEL024W,YOR151C,0,-0.057031088,0.09785766154527664,0.5258536338806152,0.49814537167549133
YER008C,YGL178W,0,-0.05704259,0.09783989936113358,0.5258536338806152,0.49824562668800354
YMR077C,YNL159C,1,-0.057081006,0.09800363332033157,0.5268292427062988,0.49824562668800354
YHL036W,YLL035W,0,-0.057200544,0.09798584878444672,0.5268292427062988,0.49834585189819336
YJL140W,YAL034W-A,0,-0.057203323,0.09796807169914246,0.5268292427062988,0.49844610691070557
YLR263W,YML091C,0,-0.0572206,0.09795030206441879,0.5268292427062988,0.4985463619232178
YBR294W,YOR067C,0,-0.057222597,0.09793253242969513,0.5268292427062988,0.49864661693573
YLR259C,YEL018W,0,-0.057229288,0.09791477769613266,0.5268292427062988,0.4987468719482422
YGL210W,YLR028C,0,-0.057260953,0.09789703041315079,0.5268292427062988,0.4988471269607544
YOL019W,YPL224C,0,-0.057272,0.09787928313016891,0.5268292427062988,0.4989473819732666
YKL126W,YCL060C,0,-0.057276376,0.09786154329776764,0.5268292427062988,0.4990476071834564
YIL153W,YCR058C,0,-0.057380702,0.09784381091594696,0.5268292427062988,0.49914786219596863
YPL208W,YDR128W,0,-0.057418637,0.09782608598470688,0.5268292427062988,0.49924811720848083
YBR187W,YHR014W,0,-0.0575084,0.0978083685040474,0.5268292427062988,0.49934837222099304
YPL157W,YMR076C,0,-0.057587683,0.0977906584739685,0.5268292427062988,0.49944862723350525
YHR211W,YJL062W-A,0,-0.05758986,0.09777294844388962,0.5268292427062988,0.49954888224601746
YOR192C-B,YOR271C,0,-0.057645284,0.09775525331497192,0.5268292427062988,0.49964913725852966
YPL209C,YOL052C-A,0,-0.057734363,0.09773755818605423,0.5268292427062988,0.4997493624687195
YML080W,YHR059W,0,-0.05773808,0.09771987050771713,0.5268292427062988,0.4998496174812317
YML055W,YKL199C,0,-0.05775605,0.09770219027996063,0.5268292427062988,0.4999498724937439
YCR105W,YBR075W,0,-0.057782874,0.09768451750278473,0.5268292427062988,0.5000501275062561
YNL244C,YOR195W,0,-0.0577854,0.09766684472560883,0.5268292427062988,0.5001503825187683
YKL185W,YGR165W,0,-0.057786666,0.09764918684959412,0.5268292427062988,0.5002506375312805
YMR177W,YJL162C,0,-0.05786875,0.0976315289735794,0.5268292427062988,0.5003508925437927
YKL144C,YOR240W,0,-0.057879962,0.09761388599872589,0.5268292427062988,0.5004511475563049
YER139C,YLR337W,0,-0.05789058,0.09759624302387238,0.5268292427062988,0.5005514025688171
YHR009C,YOL012C,0,-0.057934903,0.09757860749959946,0.5268292427062988,0.5006516575813293
YBR082C,YOR138C,1,-0.057938963,0.09774164110422134,0.5278048515319824,0.5006516575813293
YIL021W,YLR042C,0,-0.05796861,0.09772399067878723,0.5278048515319824,0.5007518529891968
YBL008W,YMR273C,0,-0.05797705,0.09770634025335312,0.5278048515319824,0.500852108001709
YDR350C,YGL141W,0,-0.057994805,0.0976886972784996,0.5278048515319824,0.5009523630142212
YKR069W,YHR023W,0,-0.058014028,0.09767106175422668,0.5278048515319824,0.5010526180267334
YGL241W,YPL082C,0,-0.058040574,0.09765342622995377,0.5278048515319824,0.5011528730392456
YDR397C,YNL006W,0,-0.058062874,0.09763580560684204,0.5278048515319824,0.5012531280517578
YER164W,YBR090C-A,0,-0.05810912,0.09761818498373032,0.5278048515319824,0.50135338306427
YDR038C,YPR031W,0,-0.05812192,0.09760057926177979,0.5278048515319824,0.5014536380767822
YDL015C,YOR249C,0,-0.058124967,0.09758297353982925,0.5278048515319824,0.5015538930892944
YML076C,YCR097WB,0,-0.058128588,0.09756537526845932,0.5278048515319824,0.5016541481018066
YOR216C,YOL100W,0,-0.058136307,0.09754778444766998,0.5278048515319824,0.5017544031143188
YGL014W,YCL018W,0,-0.05815666,0.09753019362688065,0.5278048515319824,0.501854658126831
YNR040W,YHR175W,0,-0.05818323,0.0975126177072525,0.5278048515319824,0.5019549131393433
YCL060C,YOR243C,0,-0.05819828,0.09749504178762436,0.5278048515319824,0.5020551085472107
YNR008W,YBL101W-A,0,-0.058206357,0.09747748076915741,0.5278048515319824,0.5021553635597229
YML005W,YCL052C,0,-0.05828836,0.09745991975069046,0.5278048515319824,0.5022556185722351
YLR386W,YMR208W,0,-0.058339767,0.09744236618280411,0.5278048515319824,0.5023558735847473
YPL235W,YPL060W,0,-0.05834263,0.09742481261491776,0.5278048515319824,0.5024561285972595
YGR161W-A,YKR034W,0,-0.058384117,0.0974072739481926,0.5278048515319824,0.5025563836097717
YDR117C,YML051W,0,-0.058435537,0.09738973528146744,0.5278048515319824,0.5026566386222839
YKL200C,YPR196W,0,-0.058470182,0.09737221151590347,0.5278048515319824,0.5027568936347961
YER108C,YDR069C,0,-0.058481775,0.09735468775033951,0.5278048515319824,0.5028571486473083
YCR097WB,YHR057C,0,-0.05848284,0.09733717143535614,0.5278048515319824,0.5029574036598206
YER130C,YOR348C,0,-0.058580093,0.09731966257095337,0.5278048515319824,0.5030576586723328
YNL223W,YFL010W-A,0,-0.05859716,0.0973021611571312,0.5278048515319824,0.503157913684845
YDR134C,YER165W,0,-0.05864816,0.09728465974330902,0.5278048515319824,0.5032581686973572
YOR158W,YPL207W,0,-0.058715984,0.09726717323064804,0.5278048515319824,0.5033584237098694
YHR077C,YGR202C,0,-0.0587689,0.09724968671798706,0.5278048515319824,0.5034586191177368
YER048W-A,YPL200W,0,-0.058773257,0.09723220765590668,0.5278048515319824,0.503558874130249
YGL104C,YBL113C,0,-0.058832295,0.09721473604440689,0.5278048515319824,0.5036591291427612
YPL254W,YGL030W,0,-0.058875836,0.0971972718834877,0.5278048515319824,0.5037593841552734
YBR082C,YOR259C,1,-0.058881145,0.09735944122076035,0.528780460357666,0.5037593841552734
YCR012W,YLR176C,0,-0.058902375,0.09734195470809937,0.528780460357666,0.5038596391677856
YGR211W,YKL097W-A,0,-0.058990363,0.09732447564601898,0.528780460357666,0.5039598941802979
YPL244C,YER137C,0,-0.05899228,0.0973070040345192,0.528780460357666,0.5040601491928101
YHR140W,YOR078W,0,-0.058995478,0.09728953242301941,0.528780460357666,0.5041604042053223
YAL063C,YDR205W,0,-0.05900137,0.09727207571268082,0.528780460357666,0.5042606592178345
YKL007W,YBR100W,0,-0.059041116,0.09725461900234222,0.528780460357666,0.5043609142303467
YJL101C,YDR195W,0,-0.059052758,0.09723716974258423,0.528780460357666,0.5044611692428589
YGL070C,YCR004C,0,-0.0590849,0.09721972793340683,0.528780460357666,0.5045614242553711
YLR115W,YJR160C,0,-0.059085697,0.09720229357481003,0.528780460357666,0.5046616792678833
YHR077C,YER120W,0,-0.059160866,0.09718486666679382,0.528780460357666,0.5047619342803955
YOR327C,YJL021C,0,-0.05921445,0.09716744720935822,0.528780460357666,0.5048621296882629
YCR097WB,YGR239C,0,-0.059228443,0.09715002775192261,0.528780460357666,0.5049623847007751
YFL036W,YJR103W,0,-0.05925934,0.0971326157450676,0.528780460357666,0.5050626397132874
YDL133C-A,YLR324W,0,-0.059323393,0.09711521118879318,0.528780460357666,0.5051628947257996
YLR278C,YGR061C,0,-0.05934017,0.09709781408309937,0.528780460357666,0.5052631497383118
YEL044W,YCL012W,0,-0.059438974,0.09708042442798615,0.528780460357666,0.505363404750824
YOR261C,YML031W,0,-0.059446625,0.09706303477287292,0.528780460357666,0.5054636597633362
YBR058C-A,YOR393W,0,-0.059451535,0.0970456600189209,0.528780460357666,0.5055639147758484
YFL035C-A,YCR094W,0,-0.059451535,0.09702828526496887,0.528780460357666,0.5056641697883606
YGR220C,YBR111W-A,0,-0.059451535,0.09701091796159744,0.528780460357666,0.5057644248008728
YPL189C-A,YMR227C,0,-0.059451535,0.09699355810880661,0.528780460357666,0.505864679813385
YPL096C-A,YLR287C-A,0,-0.059451535,0.09697620570659637,0.528780460357666,0.5059649348258972
YER108C,YER017C,0,-0.059451535,0.09695885330438614,0.528780460357666,0.5060651898384094
YOR396W,YJL189W,0,-0.059451535,0.0969415158033371,0.528780460357666,0.5061653852462769
YBR200W-A,YCR097WB,0,-0.059451535,0.09692417830228806,0.528780460357666,0.5062656402587891
YKR095W-A,YCR020C,0,-0.059451535,0.09690684825181961,0.528780460357666,0.5063658952713013
YOR172W,YAR070W-A,0,-0.059451535,0.09688952565193176,0.528780460357666,0.5064661502838135
YHR214W-G,YER087W,0,-0.059451535,0.09687221050262451,0.528780460357666,0.5065664052963257
YGL258W-A,YJR033C,0,-0.059451535,0.09685489535331726,0.528780460357666,0.5066666603088379
YPR118W,YDR210W-C,0,-0.059451535,0.0968375951051712,0.528780460357666,0.5067669153213501
YIL159W,YPL189C-A,0,-0.059451535,0.09682029485702515,0.528780460357666,0.5068671703338623
YDR014W-A,YPL121C,0,-0.059451535,0.09680300205945969,0.528780460357666,0.5069674253463745
YGL258W-A,YGR191W,0,-0.059451535,0.09678571671247482,0.528780460357666,0.5070676803588867
YGL258W-A,YBL030C,0,-0.059451535,0.09676843136548996,0.528780460357666,0.5071679353713989
YGL200C,YCL005W-A,0,-0.059451535,0.09675116091966629,0.528780460357666,0.5072681903839111
YJR089W,YDR014W-A,0,-0.059451535,0.09673389047384262,0.528780460357666,0.5073684453964233
YDR210W-C,YPR128C,0,-0.059451535,0.09671662747859955,0.528780460357666,0.5074687004089355
YCR080W,YNL138W-A,0,-0.059451535,0.09669937193393707,0.528780460357666,0.507568895816803
YNL258C,YER053C-A,0,-0.059451535,0.0966821238398552,0.528780460357666,0.5076691508293152
YGR272C,YNR032C-A,0,-0.059451535,0.09666488319635391,0.528780460357666,0.5077694058418274
YFR025C,YER053C-A,0,-0.059451535,0.09664764255285263,0.528780460357666,0.5078696608543396
YNR031C,YBL101W-A,0,-0.059451535,0.09663041681051254,0.528780460357666,0.5079699158668518
YPL189C-A,YDL243C,0,-0.059451535,0.09661319106817245,0.528780460357666,0.508070170879364
YOR075W,YER053C-A,0,-0.059451535,0.09659597277641296,0.528780460357666,0.5081704258918762
YDR014W-A,YML102W,0,-0.059451535,0.09657876193523407,0.528780460357666,0.5082706809043884
YPL096C-A,YJR045C,0,-0.059451535,0.09656155109405518,0.528780460357666,0.5083709359169006
YNL050C,YCR058C,0,-0.059451535,0.09654435515403748,0.528780460357666,0.5084711909294128
YHR077C,YCR055C,0,-0.059451535,0.09652715921401978,0.528780460357666,0.508571445941925
YFL011W-A,YOR209C,0,-0.059451535,0.09650997072458267,0.528780460357666,0.5086717009544373
YMR268W-A,YIL006W,0,-0.059451535,0.09649278968572617,0.528780460357666,0.5087719559669495
YFL035C-B,YIL011W,0,-0.059451535,0.09647561609745026,0.528780460357666,0.5088721513748169
YKL210W,YCR029C-A,0,-0.059451535,0.09645844250917435,0.528780460357666,0.5089724063873291
YGL210W,YFL035C-B,0,-0.059451535,0.09644128382205963,0.528780460357666,0.5090726613998413
YLR154W-A,YJR041C,0,-0.059451535,0.09642412513494492,0.528780460357666,0.5091729164123535
YBR183W,YDL038C,0,-0.059451535,0.0964069738984108,0.528780460357666,0.5092731714248657
YFR030W,YJL012C-A,0,-0.059451535,0.09638983011245728,0.528780460357666,0.5093734264373779
YKL200C,YMR142C,0,-0.059451535,0.09637268632650375,0.528780460357666,0.5094736814498901
YIL034C,YLR154W-C,0,-0.059451535,0.09635555744171143,0.528780460357666,0.5095739364624023
YCL048W-A,YHR029C,0,-0.059451535,0.0963384285569191,0.528780460357666,0.5096741914749146
YJL012C-A,YML086C,0,-0.059451535,0.09632130712270737,0.528780460357666,0.5097744464874268
YNL308C,YBR200W-A,0,-0.059451535,0.09630419313907623,0.528780460357666,0.509874701499939
YNL110C,YMR268W-A,0,-0.059451535,0.0962870866060257,0.528780460357666,0.5099749565124512
YFR024C-A,YHR079C-B,0,-0.059451535,0.09626998007297516,0.528780460357666,0.5100752115249634
YMR032W,YFL011W-A,0,-0.059451535,0.09625288844108582,0.528780460357666,0.5101754665374756
YJL133C-A,YOL011W,0,-0.059451535,0.09623579680919647,0.528780460357666,0.510275661945343
YOR343C-A,YGR229C,0,-0.059451535,0.09621871262788773,0.528780460357666,0.5103759169578552
YMR166C,YCR058C,0,-0.059451535,0.09620163589715958,0.528780460357666,0.5104761719703674
YOR343C-A,YJR103W,0,-0.059451535,0.09618455916643143,0.528780460357666,0.5105764269828796
YDR014W-A,YHL036W,0,-0.059451535,0.09616749733686447,0.528780460357666,0.5106766819953918
YER087C-B,YOR142W-B,0,-0.059451535,0.09615043550729752,0.528780460357666,0.510776937007904
YDL189W,YLR391W-A,0,-0.059451535,0.09613338112831116,0.528780460357666,0.5108771920204163
YFL035C-B,YKL038W,0,-0.059451535,0.0961163341999054,0.528780460357666,0.5109774470329285
YIL080W,YGL258W-A,0,-0.059451535,0.09609928727149963,0.528780460357666,0.5110777020454407
YKL150W,YDL038C,0,-0.059451535,0.09608225524425507,0.528780460357666,0.5111779570579529
YKR095W-A,YBR231C,0,-0.059451535,0.0960652232170105,0.528780460357666,0.5112782120704651
YHR214W-G,YCR077C,0,-0.059451535,0.09604819864034653,0.528780460357666,0.5113784670829773
YBR072W,YHR214W-G,0,-0.059451535,0.09603118151426315,0.528780460357666,0.5114787220954895
YPR071W,YJL133C-A,0,-0.059451535,0.09601417183876038,0.528780460357666,0.5115789771080017
YHR184W,YOR396W,0,-0.059451535,0.0959971696138382,0.528780460357666,0.5116791725158691
YNL138W-A,YDR083W,0,-0.059451535,0.09598016738891602,0.528780460357666,0.5117794275283813
YDL229W,YLR391W-A,0,-0.059451535,0.09596317261457443,0.528780460357666,0.5118796825408936
YJL012C-A,YBR166C,0,-0.059451535,0.09594618529081345,0.528780460357666,0.5119799375534058
YLR154W-A,YJR021C,0,-0.059451535,0.09592920541763306,0.528780460357666,0.512080192565918
YOR119C,YJL133C-A,0,-0.059451535,0.09591222554445267,0.528780460357666,0.5121804475784302
YCR058C,YIL074C,0,-0.059451535,0.09589526057243347,0.528780460357666,0.5122807025909424
YLR312C-B,YLR352W,0,-0.059451535,0.09587829560041428,0.528780460357666,0.5123809576034546
YFL035C-A,YJL078C,0,-0.059451535,0.09586133807897568,0.528780460357666,0.5124812126159668
YNL138W-A,YOL012C,0,-0.059451535,0.09584438800811768,0.528780460357666,0.512581467628479
YAR044W,YGL206C,0,-0.059451535,0.09582743793725967,0.528780460357666,0.5126817226409912
YML058W-A,YJL012C-A,0,-0.059451535,0.09581050276756287,0.528780460357666,0.5127819776535034
YOL086W-A,YDR165W,0,-0.059451535,0.09579356759786606,0.528780460357666,0.5128822326660156
YGR122W,YDL038C,0,-0.059451535,0.09577663987874985,0.528780460357666,0.5129824280738831
YGR031C-A,YPR175W,0,-0.059451535,0.09575971961021423,0.528780460357666,0.5130826830863953
YOR192C-A,YOR240W,0,-0.059451535,0.09574279934167862,0.528780460357666,0.5131829380989075
YFL035C-B,YAR070W-A,0,-0.059451535,0.0957258939743042,0.528780460357666,0.5132831931114197
YFL029C,YAR070W-A,0,-0.059451535,0.09570898860692978,0.528780460357666,0.5133834481239319
YMR268W-A,YJR036C,0,-0.059451535,0.09569209069013596,0.528780460357666,0.5134837031364441
YER108C,YPL093W,0,-0.059451535,0.09567520022392273,0.528780460357666,0.5135839581489563
YMR268W-A,YIL027C,0,-0.059451535,0.0956583097577095,0.528780460357666,0.5136842131614685
YDL038C,YKL182W,0,-0.059451535,0.09564143419265747,0.528780460357666,0.5137844681739807
YLR100W,YCL048W-A,0,-0.059451535,0.09562455862760544,0.528780460357666,0.5138847231864929
YJL012C-A,YLR024C,0,-0.059451535,0.095607690513134,0.528780460357666,0.5139849781990051
YDL134C-A,YPR063C,0,-0.059451535,0.09559082984924316,0.528780460357666,0.5140852332115173
YJL133C-A,YDR188W,0,-0.059451535,0.09557396918535233,0.528780460357666,0.5141854882240295
YLR154W-C,YLR293C,0,-0.059451535,0.09555712342262268,0.528780460357666,0.5142857432365417
YGR272C,YDR316W-A,0,-0.059451535,0.09554027765989304,0.528780460357666,0.5143859386444092
YMR268W-A,YLR194C,0,-0.059451535,0.09552343934774399,0.528780460357666,0.5144861936569214
YKR095W-A,YDR243C,0,-0.059451535,0.09550660848617554,0.528780460357666,0.5145864486694336
YKL001C,YLR391W-A,0,-0.059451535,0.09548978507518768,0.528780460357666,0.5146867036819458
YOR192C-A,YBR090C-A,0,-0.059451535,0.09547296166419983,0.528780460357666,0.514786958694458
YJL080C,YCR029C-A,0,-0.059451535,0.09545614570379257,0.528780460357666,0.5148872137069702
YDR101C,YNL138W-A,0,-0.059451535,0.09543933719396591,0.528780460357666,0.5149874687194824
YER108C,YGR161W-B,0,-0.059451535,0.09542253613471985,0.528780460357666,0.5150877237319946
YDR381C-A,YHR086W,0,-0.059451535,0.09540573507547379,0.528780460357666,0.5151879787445068
YCR029C-A,YBR048W,0,-0.059451535,0.09538894891738892,0.528780460357666,0.515288233757019
YBR090C-A,YCR087C-A,0,-0.059451535,0.09537216275930405,0.528780460357666,0.5153884887695312
YLR312C-B,YCR031C,0,-0.059451535,0.09535538405179977,0.528780460357666,0.5154887437820435
YBR111W-A,YIL101C,0,-0.059451535,0.0953386127948761,0.528780460357666,0.5155889987945557
YCL005W-A,YHR039C-B,0,-0.059451535,0.09532184153795242,0.528780460357666,0.5156891942024231
YDL043C,YKR095W-A,0,-0.059451535,0.09530508518218994,0.528780460357666,0.5157894492149353
YBR207W,YFL035C-A,0,-0.059451535,0.09528832882642746,0.528780460357666,0.5158897042274475
YNL138W-A,YDR494W,0,-0.059451535,0.09527157992124557,0.528780460357666,0.5159899592399597
YKL138C-A,YGL137W,0,-0.059451535,0.09525483101606369,0.528780460357666,0.5160902142524719
YNL138W-A,YOR241W,0,-0.059451535,0.095238097012043,0.528780460357666,0.5161904692649841
YKR102W,YER053C-A,0,-0.059451535,0.09522136300802231,0.528780460357666,0.5162907242774963
YDR146C,YLR391W-A,0,-0.059451535,0.09520463645458221,0.528780460357666,0.5163909792900085
YDR014W-A,YJL098W,0,-0.059451535,0.09518791735172272,0.528780460357666,0.5164912343025208
YJR034W,YCL005W-A,0,-0.059451535,0.09517120569944382,0.528780460357666,0.516591489315033
YIL017W,YER087C-B,1,-0.059451535,0.09533005952835083,0.5297560691833496,0.516591489315033
YGR031C-A,YOL057W,0,-0.059451535,0.09531332552433014,0.5297560691833496,0.5166917443275452
YIL072W,YAR070W-A,0,-0.059451535,0.09529659897089005,0.5297560691833496,0.5167919993400574
YAR042W,YFL011W-A,0,-0.059451535,0.09527987241744995,0.5297560691833496,0.5168922543525696
YKR095W-A,YNR061C,0,-0.059451535,0.09526316076517105,0.5297560691833496,0.5169925093650818
YDL038C,YPL169C,0,-0.059451535,0.09524644911289215,0.5297560691833496,0.5170927047729492
YPL096C-A,YBR060C,0,-0.059451535,0.09522974491119385,0.5297560691833496,0.5171929597854614
YFL035C-A,YFL011W,0,-0.059451535,0.09521304816007614,0.5297560691833496,0.5172932147979736
YNL160W,YFL035C-A,0,-0.059451535,0.09519635140895844,0.5297560691833496,0.5173934698104858
YOR396W,YJL096W,0,-0.059451535,0.09517966955900192,0.5297560691833496,0.517493724822998
YOL086W-A,YLR382C,0,-0.059451535,0.09516298770904541,0.5297560691833496,0.5175939798355103
YMR268W-A,YHR073W,0,-0.059451535,0.0951463133096695,0.5297560691833496,0.5176942348480225
YER053C-A,YHR039C-B,0,-0.059451535,0.09512963891029358,0.5297560691833496,0.5177944898605347
YOR343C-A,YDL185W,0,-0.059451535,0.09511297941207886,0.5297560691833496,0.5178947448730469
YBL092W,YLR391W-A,0,-0.059451535,0.09509631991386414,0.5297560691833496,0.5179949998855591
YOL086W-A,YAL053W,0,-0.059451535,0.09507966786623001,0.5297560691833496,0.5180952548980713
YDL134C-A,YBR301W,0,-0.059451535,0.09506302326917648,0.5297560691833496,0.5181955099105835
YER099C,YAR070W-A,0,-0.059451535,0.09504638612270355,0.5297560691833496,0.5182957649230957
YCR031C,YER053C-A,0,-0.059451535,0.09502974897623062,0.5297560691833496,0.5183959603309631
YOR343C-A,YNL136W,0,-0.059451535,0.09501312673091888,0.5297560691833496,0.5184962153434753
YCL060C,YLR106C,0,-0.059451535,0.09499650448560715,0.5297560691833496,0.5185964703559875
YDR381C-A,YDR210W-C,0,-0.059451535,0.09497988224029541,0.5297560691833496,0.5186967253684998
YNL008C,YBR200W-A,0,-0.059451535,0.09496327489614487,0.5297560691833496,0.518796980381012
YLR154W-C,YJR139C,0,-0.059451535,0.09494666755199432,0.5297560691833496,0.5188972353935242
YGR145W,YER053C-A,0,-0.059451535,0.09493006765842438,0.5297560691833496,0.5189974904060364
YPR168W,YAR044W,0,-0.059451535,0.09491347521543503,0.5297560691833496,0.5190977454185486
YBR223C,YPL096C-A,0,-0.059451535,0.09489689022302628,0.5297560691833496,0.5191980004310608
YLR391W-A,YLR299W,0,-0.059451535,0.09488030523061752,0.5297560691833496,0.519298255443573
YLR312C-B,YJL124C,0,-0.059451535,0.09486373513936996,0.5297560691833496,0.5193985104560852
YER108C,YDR363W-A,0,-0.059451535,0.0948471650481224,0.5297560691833496,0.5194987654685974
YDR306C,YLR391W-A,0,-0.059451535,0.09483059495687485,0.5297560691833496,0.5195990204811096
YMR213W,YOL053C-A,0,-0.059451535,0.09481403976678848,0.5297560691833496,0.5196992754936218
YOL086W-A,YOL121C,0,-0.059451535,0.09479748457670212,0.5297560691833496,0.5197994709014893
YJR118C,YCR029C-A,0,-0.059451535,0.09478093683719635,0.5297560691833496,0.5198997259140015
YGL258W-A,YGR089W,0,-0.059451535,0.09476439654827118,0.5297560691833496,0.5199999809265137
YJR010C-A,YFL035C-A,0,-0.059451535,0.0947478637099266,0.5297560691833496,0.5201002359390259
YDR014W-A,YKR014C,0,-0.059451535,0.09473133087158203,0.5297560691833496,0.5202004909515381
YKR095W-A,YKL166C,0,-0.059451535,0.09471480548381805,0.5297560691833496,0.5203007459640503
YDL100C,YFL035C-B,0,-0.059451535,0.09469828754663467,0.5297560691833496,0.5204010009765625
YOR380W,YJL133C-A,0,-0.059451535,0.09468177706003189,0.5297560691833496,0.5205012559890747
YDR328C,YCL005W-A,0,-0.059451535,0.0946652740240097,0.5297560691833496,0.5206015110015869
YPL189C-A,YFR003C,0,-0.059451535,0.09464877098798752,0.5297560691833496,0.5207017660140991
YOR343C-A,YDR520C,0,-0.059451535,0.09463227540254593,0.5297560691833496,0.5208020210266113
YBR038W,YGL046W,0,-0.059451535,0.09461578726768494,0.5297560691833496,0.5209022760391235
YLR391W,YML086C,0,-0.059451535,0.09459930658340454,0.5297560691833496,0.5210025310516357
YHR214W-G,YER081W,0,-0.059451535,0.09458282589912415,0.5297560691833496,0.521102786064148
YMR065W,YJL133C-A,0,-0.059451535,0.09456635266542435,0.5297560691833496,0.5212029814720154
YBR111W-A,YER049W,0,-0.059451535,0.09454988688230515,0.5297560691833496,0.5213032364845276
YFL035C-B,YBR175W,0,-0.059451535,0.09453342854976654,0.5297560691833496,0.5214034914970398
YDR210W-C,YGL053W,0,-0.059451535,0.09451697021722794,0.5297560691833496,0.521503746509552
YCL048W-A,YER178W,0,-0.059451535,0.09450051933526993,0.5297560691833496,0.5216040015220642
YIL017W,YNR032C-A,1,-0.059451535,0.09465808421373367,0.5307316780090332,0.5216040015220642
YLR312C-B,YML028W,0,-0.059451535,0.09464161098003387,0.5307316780090332,0.5217042565345764
YEL043W,YER053C-A,0,-0.059451535,0.09462515264749527,0.5307316780090332,0.5218045115470886
YMR034C,YER053C-A,0,-0.059451535,0.09460869431495667,0.5307316780090332,0.5219047665596008
YBR091C,YDR210W-C,0,-0.059451535,0.09459224343299866,0.5307316780090332,0.522005021572113
YPL189C-A,YEL012W,0,-0.059451535,0.09457580000162125,0.5307316780090332,0.5221052765846252
YKL212W,YFL018W-A,0,-0.059451535,0.09455936402082443,0.5307316780090332,0.5222055315971375
YDL038C,YLR441C,0,-0.059451535,0.09454292804002762,0.5307316780090332,0.5223057866096497
YMR300C,YFL018W-A,0,-0.059451535,0.0945264995098114,0.5307316780090332,0.5224060416221619
YGR218W,YCL005W-A,0,-0.059451535,0.09451007843017578,0.5307316780090332,0.5225062370300293
YGR031C-A,YDR165W,0,-0.059451535,0.09449365735054016,0.5307316780090332,0.5226064920425415
YPL180W,YPL096C-A,0,-0.059451535,0.09447725117206573,0.5307316780090332,0.5227067470550537
YLR154W-A,YBR208C,0,-0.059451535,0.09446084499359131,0.5307316780090332,0.5228070020675659
YCR029C-A,YLL057C,0,-0.059451535,0.09444444626569748,0.5307316780090332,0.5229072570800781
YPR047W,YHR214W-G,0,-0.059451535,0.09442804753780365,0.5307316780090332,0.5230075120925903
YNL138W-A,YDR534C,0,-0.059451535,0.09441166371107101,0.5307316780090332,0.5231077671051025
YMR268W-A,YIL136W,0,-0.059451535,0.09439527988433838,0.5307316780090332,0.5232080221176147
YDR210W-C,YMR076C,0,-0.059451535,0.09437890350818634,0.5307316780090332,0.523308277130127
YJL133C-A,YBL025W,0,-0.059451535,0.0943625345826149,0.5307316780090332,0.5234085321426392
YLR337W,YMR201C,0,-0.059451535,0.09434616565704346,0.5307316780090332,0.5235087871551514
YOL053C-A,YKR083C,0,-0.059451535,0.09432980418205261,0.5307316780090332,0.5236090421676636
YEL020W-A,YOR240W,0,-0.059451535,0.09431345015764236,0.5307316780090332,0.5237092971801758
YJL012C-A,YLR418C,0,-0.059451535,0.09429710358381271,0.5307316780090332,0.523809552192688
YFL011W-A,YDR197W,0,-0.059451535,0.09428076446056366,0.5307316780090332,0.5239097476005554
YJL133C-A,YNL153C,0,-0.059451535,0.0942644253373146,0.5307316780090332,0.5240100026130676
YKL097W-A,YOR211C,0,-0.059451535,0.09424809366464615,0.5307316780090332,0.5241102576255798
YNL138W-A,YBL080C,0,-0.059451535,0.09423176944255829,0.5307316780090332,0.524210512638092
YOR343C-A,YML016C,0,-0.059451535,0.09421544522047043,0.5307316780090332,0.5243107676506042
YHR214W-G,YOL140W,0,-0.059451535,0.09419913589954376,0.5307316780090332,0.5244110226631165
YEL005C,YBR200W-A,0,-0.059451535,0.0941828265786171,0.5307316780090332,0.5245112776756287
YPL189C-A,YOR327C,0,-0.059451535,0.09416652470827103,0.5307316780090332,0.5246115326881409
YOR283W,YDL038C,0,-0.059451535,0.09415022283792496,0.5307316780090332,0.5247117877006531
YDR014W-A,YOR207C,0,-0.059451535,0.09413393586874008,0.5307316780090332,0.5248120427131653
YCL031C,YAR044W,0,-0.059451535,0.0941176488995552,0.5307316780090332,0.5249122977256775
YCL048W-A,YBR241C,0,-0.059451535,0.09410136938095093,0.5307316780090332,0.5250125527381897
YNL068C,YFL035C-A,0,-0.059451535,0.09408508986234665,0.5307316780090332,0.5251128077507019
YLR154W-A,YNR006W,0,-0.059451535,0.09406882524490356,0.5307316780090332,0.5252130031585693
YML087C,YCR029C-A,0,-0.059451535,0.09405256062746048,0.5307316780090332,0.5253132581710815
YPL096C-A,YDL208W,0,-0.059451535,0.09403630346059799,0.5307316780090332,0.5254135131835938
YOL086W-A,YKR028W,0,-0.059451535,0.0940200462937355,0.5307316780090332,0.525513768196106
YJL012C-A,YKL182W,0,-0.059451535,0.09400380402803421,0.5307316780090332,0.5256140232086182
YPL141C,YKR095W-A,0,-0.059451535,0.09398756176233292,0.5307316780090332,0.5257142782211304
YFL035C-B,YJL089W,0,-0.059451535,0.09397132694721222,0.5307316780090332,0.5258145332336426
YCL005W-A,YKR090W,0,-0.059451535,0.09395509213209152,0.5307316780090332,0.5259147882461548
YPL204W,YOR396W,0,-0.059451535,0.09393887221813202,0.5307316780090332,0.526015043258667
YOR343C-A,YJL219W,0,-0.059451535,0.09392265230417252,0.5307316780090332,0.5261152982711792
YER164W,YLR391W-A,0,-0.059451535,0.09390643984079361,0.5307316780090332,0.5262155532836914
YNL138W-A,YNL054W-A,0,-0.059451535,0.0938902348279953,0.5307316780090332,0.5263158082962036
YFL035C-B,YKL010C,0,-0.059451535,0.09387402981519699,0.5307316780090332,0.5264160633087158
YDL038C,YKL060C,0,-0.059451535,0.09385783225297928,0.5307316780090332,0.526516318321228
YLR154W-C,YMR045C,0,-0.059451535,0.09384164214134216,0.5307316780090332,0.5266165137290955
YGL200C,YFL011W-A,0,-0.059451535,0.09382545948028564,0.5307316780090332,0.5267167687416077
YBL101W-B,YLR306W,0,-0.0594746,0.09380927681922913,0.5307316780090332,0.5268170237541199
YOR074C,YPR161C,0,-0.059542365,0.0937931016087532,0.5307316780090332,0.5269172787666321
YBL101W-A,YPL186C,0,-0.059604853,0.09377693384885788,0.5307316780090332,0.5270175337791443
YNL138W,YGR216C,0,-0.059743367,0.09376077353954315,0.5307316780090332,0.5271177887916565
YOR313C,YHR070W,0,-0.0597611,0.09374461323022842,0.5307316780090332,0.5272180438041687
YAR044W,YGR258C,0,-0.05978913,0.0937284603714943,0.5307316780090332,0.5273182988166809
YML086C,YER162C,0,-0.05981819,0.09371231496334076,0.5307316780090332,0.5274185538291931
YJL085W,YGL107C,0,-0.059818856,0.09369617700576782,0.5307316780090332,0.5275188088417053
YDR158W,YKR077W,0,-0.059923,0.09368003904819489,0.5307316780090332,0.5276190638542175
YER108C,YBR202W,0,-0.05992496,0.09366390854120255,0.5307316780090332,0.5277193188667297
YOL031C,YOR168W,0,-0.060015015,0.0936477854847908,0.5307316780090332,0.5278195738792419
YIL017W,YDR255C,1,-0.060047343,0.0938037857413292,0.5317073464393616,0.5278195738792419
YLR026C,YFL017W-A,0,-0.060065724,0.09378764778375626,0.5317073464393616,0.5279198288917542
YPR032W,YGR229C,0,-0.06007836,0.09377150982618332,0.5317073464393616,0.5280200242996216
YBR082C,YOR145C,0,-0.06008225,0.09375537931919098,0.5317073464393616,0.5281202793121338
YKL080W,YIL136W,0,-0.060083475,0.09373924881219864,0.5317073464393616,0.528220534324646
YBL072C,YER063W,0,-0.060148217,0.09372313320636749,0.5317073464393616,0.5283207893371582
YBR075W,YLR352W,0,-0.060160577,0.09370701760053635,0.5317073464393616,0.5284210443496704
YPL258C,YPR125W,0,-0.06017465,0.0936909094452858,0.5317073464393616,0.5285212993621826
YHR079C-B,YKL141W,0,-0.060186557,0.09367480129003525,0.5317073464393616,0.5286215543746948
YGR134W,YGL004C,0,-0.06022402,0.0936587005853653,0.5317073464393616,0.528721809387207
YKL097W-A,YHR160C,0,-0.060246892,0.09364261478185654,0.5317073464393616,0.5288220643997192
YOR240W,YJL096W,0,-0.060268797,0.09362652152776718,0.5317073464393616,0.5289223194122314
YDL117W,YGL046W,0,-0.06026983,0.09361044317483902,0.5317073464393616,0.5290225744247437
YML112W,YLR391W,0,-0.060272045,0.09359436482191086,0.5317073464393616,0.5291228294372559
YLR337W,YDL106C,0,-0.060310975,0.0935782939195633,0.5317073464393616,0.5292230844497681
YFR005C,YBR129C,0,-0.06032843,0.09356223046779633,0.5317073464393616,0.5293232798576355
YER125W,YOR207C,0,-0.060534783,0.09354617446660995,0.5317073464393616,0.5294235348701477
YML071C,YER120W,0,-0.060569473,0.09353011846542358,0.5317073464393616,0.5295237898826599
YBL005W,YAL058W,0,-0.06058059,0.09351406991481781,0.5317073464393616,0.5296240448951721
YIR017C,YPR137C-B,0,-0.060587443,0.09349802881479263,0.5317073464393616,0.5297242999076843
YBR023C,YLR337C,0,-0.060589336,0.09348198771476746,0.5317073464393616,0.5298245549201965
YGL035C,YJL078C,0,-0.06065756,0.09346596151590347,0.5317073464393616,0.5299248099327087
YLR004C,YBR090C-A,0,-0.060673036,0.09344992786645889,0.5317073464393616,0.530025064945221
YDR300C,YFL035C,0,-0.06068462,0.0934339091181755,0.5317073464393616,0.5301253199577332
YKL200C,YDR288W,0,-0.06069333,0.09341789782047272,0.5317073464393616,0.5302255749702454
YAR044W,YDL143W,0,-0.06070643,0.09340188652276993,0.5317073464393616,0.5303258299827576
YOL032W,YCL060C,0,-0.06070663,0.09338588267564774,0.5317073464393616,0.5304260849952698
YKL199C,YPR072W,0,-0.06072527,0.09336987882852554,0.5317073464393616,0.530526340007782
YBL055C,YCL060C,0,-0.060735427,0.09335388988256454,0.5317073464393616,0.5306265950202942
YKL199C,YKL013C,0,-0.06074582,0.09333790093660355,0.5317073464393616,0.5307267904281616
YCL060C,YMR186W,0,-0.060747124,0.09332191944122314,0.5317073464393616,0.5308270454406738
YBR193C,YHR039C-B,0,-0.060747176,0.09330593794584274,0.5317073464393616,0.530927300453186
YKL199C,YLR160C,0,-0.060747184,0.09328997135162354,0.5317073464393616,0.5310275554656982
YOL105C,YKL199C,0,-0.060748514,0.09327400475740433,0.5317073464393616,0.5311278104782104
YCR031C,YCR097WB,0,-0.060750492,0.09325804561376572,0.5317073464393616,0.5312280654907227
YKL200C,YLR074C,0,-0.0607773,0.0932420864701271,0.5317073464393616,0.5313283205032349
YPR007C,YDL123W,0,-0.060782142,0.09322613477706909,0.5317073464393616,0.5314285755157471
YPL130W,YCR097WB,0,-0.060791414,0.09321019053459167,0.5317073464393616,0.5315288305282593
YDR120C,YJL021C,0,-0.060798407,0.09319425374269485,0.5317073464393616,0.5316290855407715
YEL001C,YOR240W,0,-0.060805567,0.09317832440137863,0.5317073464393616,0.5317293405532837
YFL035C,YDR365C,0,-0.06081221,0.09316239506006241,0.5317073464393616,0.5318295955657959
YBR090C-A,YNL164C,0,-0.060813047,0.09314647316932678,0.5317073464393616,0.5319298505783081
YKR008W,YNL129W,0,-0.060889162,0.09313055127859116,0.5317073464393616,0.5320300459861755
YBR164C,YBL101W-A,0,-0.060897514,0.09311464428901672,0.5317073464393616,0.5321303009986877
YBR090C-A,YLR347C,0,-0.060912926,0.09309873729944229,0.5317073464393616,0.5322305560112
YNR011C,YBL011W,0,-0.060932033,0.09308283776044846,0.5317073464393616,0.5323308110237122
YBR058C-A,YPL150W,0,-0.060933247,0.09306693822145462,0.5317073464393616,0.5324310660362244
YKL087C,YOR240W,0,-0.060954466,0.09305105358362198,0.5317073464393616,0.5325313210487366
YIL017W,YML029W,1,-0.060986858,0.09320586919784546,0.5326829552650452,0.5325313210487366
YPL112C,YKL097W-A,0,-0.06099648,0.09318996220827103,0.5326829552650452,0.5326315760612488
YBR075W,YIR005W,0,-0.06100509,0.09317406266927719,0.5326829552650452,0.532731831073761
YJL080C,YLR337W,0,-0.061036773,0.09315816313028336,0.5326829552650452,0.5328320860862732
YNL160W,YKL097W-A,0,-0.06106232,0.09314227104187012,0.5326829552650452,0.5329323410987854
YBR075W,YKL172W,0,-0.061069533,0.09312638640403748,0.5326829552650452,0.5330325961112976
YCR055C,YOR175C,0,-0.061082467,0.09311050176620483,0.5326829552650452,0.5331328511238098
YCR075C,YER086W,0,-0.061135508,0.09309463202953339,0.5326829552650452,0.533233106136322
YBR036C,YCR058C,0,-0.061151274,0.09307876229286194,0.5326829552650452,0.5333333611488342
YKL021C,YCL003W,0,-0.06115181,0.09306289255619049,0.5326829552650452,0.5334335565567017
YGL123W,YER108C,0,-0.06117847,0.09304703772068024,0.5326829552650452,0.5335338115692139
YLR017W,YBR100W,0,-0.06118706,0.09303118288516998,0.5326829552650452,0.5336340665817261
YHR008C,YMR143W,0,-0.06131845,0.09301533550024033,0.5326829552650452,0.5337343215942383
YPL040C,YBR231C,0,-0.061321788,0.09299948811531067,0.5326829552650452,0.5338345766067505
YIL009C-A,YPR137C-B,0,-0.061336093,0.09298364818096161,0.5326829552650452,0.5339348316192627
YPL155C,YNR018W,0,-0.061352022,0.09296781569719315,0.5326829552650452,0.5340350866317749
YOL132W,YNL284C-A,0,-0.061384894,0.09295199066400528,0.5326829552650452,0.5341353416442871
YPL274W,YNR047W,0,-0.061417967,0.09293617308139801,0.5326829552650452,0.5342355966567993
YNL172W,YOR362C,1,-0.061477996,0.09309053421020508,0.5336585640907288,0.5342355966567993
YOL141W,YML095C,0,-0.061513476,0.09307469427585602,0.5336585640907288,0.5343358516693115
YMR135C,YER087C-A,1,-0.061581768,0.09322898834943771,0.5346341729164124,0.5343358516693115
YMR077C,YIL005W,1,-0.061617114,0.09338323026895523,0.535609781742096,0.5343358516693115
YFL014W,YDR122W,0,-0.06162671,0.09336734563112259,0.535609781742096,0.5344361066818237
YOR065W,YBR030W,0,-0.06167575,0.09335146844387054,0.535609781742096,0.5345363616943359
YGL092W,YML060W,0,-0.06169408,0.0933355987071991,0.535609781742096,0.5346366167068481
YGL229C,YBR268W,0,-0.061752297,0.09331973642110825,0.535609781742096,0.5347368717193604
YMR204C,YOR142W-B,0,-0.061811678,0.0933038741350174,0.535609781742096,0.5348370671272278
YNL199C,YOR353C,0,-0.061869703,0.09328801929950714,0.535609781742096,0.53493732213974
YDL105W,YDL067C,0,-0.06188546,0.09327217191457748,0.535609781742096,0.5350375771522522
YOR221C,YIR023W,0,-0.06194093,0.09325632452964783,0.535609781742096,0.5351378321647644
YHR039C-A,YIL026C,0,-0.06194886,0.09324049204587936,0.535609781742096,0.5352380871772766
YDL198C,YKL129C,0,-0.061982267,0.0932246595621109,0.535609781742096,0.5353383421897888
YDL099W,YJL012C,0,-0.06198428,0.09320882707834244,0.535609781742096,0.535438597202301
YDR517W,YMR308C,0,-0.062013946,0.09319300949573517,0.535609781742096,0.5355388522148132
YAL039C,YPL154C,0,-0.062053606,0.0931771919131279,0.535609781742096,0.5356391072273254
YDR389W,YFR029W,0,-0.062067322,0.09316137433052063,0.535609781742096,0.5357393622398376
YKL134C,YMR022W,0,-0.062111255,0.09314557164907455,0.535609781742096,0.5358396172523499
YDR419W,YNL238W,0,-0.06211891,0.09312976896762848,0.535609781742096,0.5359398722648621
YBR082C,YKL034W,1,-0.06212409,0.09328357875347137,0.5365853905677795,0.5359398722648621
YHR101C,YHL003C,0,-0.06213375,0.0932677611708641,0.5365853905677795,0.5360401272773743
YGL223C,YLR357W,0,-0.062139474,0.09325195103883743,0.5365853905677795,0.5361403226852417
YDR255C,YKL124W,1,-0.062147856,0.09340566396713257,0.5375609993934631,0.5361403226852417
YDL247W,YGR103W,0,-0.062214814,0.0933898314833641,0.5375609993934631,0.5362405776977539
YBR059C,YLR208W,0,-0.062241197,0.09337400645017624,0.5375609993934631,0.5363408327102661
YKR064W,YOR232W,0,-0.06225173,0.09335818141698837,0.5375609993934631,0.5364410877227783
YDR056C,YNL335W,0,-0.06227527,0.0933423712849617,0.5375609993934631,0.5365413427352905
YGR048W,YGL011C,1,-0.062309735,0.0934959352016449,0.5385366082191467,0.5365413427352905
YIL056W,YLR182W,0,-0.06231323,0.09348010271787643,0.5385366082191467,0.5366415977478027
YPR102C,YOR180C,0,-0.06234049,0.09346427023410797,0.5385366082191467,0.5367418527603149
YDR092W,YPL020C,1,-0.062366072,0.093617744743824,0.5395122170448303,0.5367418527603149
YLR410W-A,YMR072W,0,-0.06239666,0.09360189735889435,0.5395122170448303,0.5368421077728271
YOR138C,YOR034C,0,-0.062441774,0.09358605742454529,0.5395122170448303,0.5369423627853394
YOR193W,YCR014C,0,-0.062593244,0.09357021749019623,0.5395122170448303,0.5370426177978516
YLR410W-A,YBL022C,0,-0.06264774,0.09355439245700836,0.5395122170448303,0.5371428728103638
YDR337W,YML045W-A,0,-0.06269399,0.0935385674238205,0.5395122170448303,0.537243127822876
YKL217W,YLR238W,0,-0.06271178,0.09352274984121323,0.5395122170448303,0.5373433828353882
YDR283C,YCR037C,0,-0.062721744,0.09350693225860596,0.5395122170448303,0.5374436378479004
YER023W,YLR190W,0,-0.062750585,0.09349112212657928,0.5395122170448303,0.5375438332557678
YER111C,YKL020C,0,-0.06277507,0.09347531944513321,0.5395122170448303,0.53764408826828
YMR302C,YPL075W,0,-0.06286885,0.09345952421426773,0.5395122170448303,0.5377443432807922
YDR284C,YJL046W,0,-0.06289296,0.09344372898340225,0.5395122170448303,0.5378445982933044
YKL114C,YDR469W,0,-0.06290928,0.09342794120311737,0.5395122170448303,0.5379448533058167
YGR006W,YOR287C,0,-0.06294102,0.09341216087341309,0.5395122170448303,0.5380451083183289
YLR292C,YBR012W-A,0,-0.06298703,0.0933963879942894,0.5395122170448303,0.5381453633308411
YCR063W,YDL095W,0,-0.06299343,0.09338061511516571,0.5395122170448303,0.5382456183433533
YBR278W,YAL022C,0,-0.06300495,0.09336484968662262,0.5395122170448303,0.5383458733558655
YOL092W,YBR125C,0,-0.06300972,0.09334909170866013,0.5395122170448303,0.5384461283683777
YNL212W,YJL172W,0,-0.06303673,0.09333333373069763,0.5395122170448303,0.5385463833808899
YOL019W,YNL025C,0,-0.0630575,0.09331758320331573,0.5395122170448303,0.5386466383934021
YGR048W,YDR059C,1,-0.06311225,0.09347055852413177,0.5404878258705139,0.5386466383934021
YMR166C,YMR218C,0,-0.06317381,0.09345479309558868,0.5404878258705139,0.5387468934059143
YML087C,YLR050C,0,-0.06319331,0.0934390276670456,0.5404878258705139,0.5388470888137817
YJR052W,YIR014W,0,-0.06327321,0.0934232696890831,0.5404878258705139,0.538947343826294
YBR003W,YOR343W-A,0,-0.06328426,0.0934075191617012,0.5404878258705139,0.5390475988388062
YDL185W,YER100W,0,-0.06333398,0.0933917760848999,0.5404878258705139,0.5391478538513184
YHR046C,YBR286W,0,-0.06341231,0.0933760330080986,0.5404878258705139,0.5392481088638306
YFR052W,YFL025C,1,-0.06341484,0.09352881461381912,0.5414634346961975,0.5392481088638306
YGL169W,YPR175W,0,-0.06346395,0.09351305663585663,0.5414634346961975,0.5393483638763428
YBL113C,YGR014W,0,-0.06355182,0.09349730610847473,0.5414634346961975,0.539448618888855
YER041W,YBL037W,0,-0.063667856,0.09348155558109283,0.5414634346961975,0.5395488739013672
YOR192C-A,YEL053C,0,-0.06368093,0.09346581250429153,0.5414634346961975,0.5396491289138794
YHL016C,YIR032C,0,-0.06368521,0.09345007687807083,0.5414634346961975,0.5397493839263916
YDR443C,YJL109C,0,-0.063693605,0.09343434125185013,0.5414634346961975,0.5398496389389038
YHR061C,YDR439W,0,-0.06373859,0.09341861307621002,0.5414634346961975,0.539949893951416
YLL040C,YJR029W,0,-0.06373883,0.09340289235115051,0.5414634346961975,0.5400501489639282
YDR178W,YCL068C,0,-0.06374597,0.0933871790766716,0.5414634346961975,0.5401504039764404
YKR098C,YEL037C,1,-0.06377772,0.09353970736265182,0.5424390435218811,0.5401504039764404
YLR219W,YDR320C-A,0,-0.063798316,0.09352397173643112,0.5424390435218811,0.5402505993843079
YPL060W,YKL034W,0,-0.06383058,0.09350824356079102,0.5424390435218811,0.5403508543968201
YGR097W,YKR079C,0,-0.063865,0.09349251538515091,0.5424390435218811,0.5404511094093323
YOR343W-A,YOL026C,0,-0.063952476,0.093476802110672,0.5424390435218811,0.5405513644218445
YDR330W,YDL008W,1,-0.06422322,0.09362918138504028,0.5434146523475647,0.5405513644218445
YBR066C,YPL026C,0,-0.064338654,0.09361344575881958,0.5434146523475647,0.5406516194343567
YKR007W,YJR127C,0,-0.06443971,0.09359771758317947,0.5434146523475647,0.5407518744468689
YPL065W,YOR147W,0,-0.06444495,0.09358198940753937,0.5434146523475647,0.5408521294593811
YLR237W,YPL111W,0,-0.06445279,0.09356626868247986,0.5434146523475647,0.5409523844718933
YGR006W,YGL107C,0,-0.06447446,0.09355055540800095,0.5434146523475647,0.5410526394844055
YDR126W,YOL061W,0,-0.06450667,0.09353484213352203,0.5434146523475647,0.5411528944969177
YBL020W,YLR187W,0,-0.06451424,0.09351914376020432,0.5434146523475647,0.5412531495094299
YLR131C,YER114C,0,-0.06457679,0.093503437936306,0.5434146523475647,0.5413534045219421
YDL127W,YDL069C,0,-0.06459383,0.09348774701356888,0.5434146523475647,0.5414536595344543
YKL040C,YOR232W,0,-0.06460199,0.09347205609083176,0.5434146523475647,0.5415538549423218
YER050C,YIL125W,0,-0.06463814,0.09345637261867523,0.5434146523475647,0.541654109954834
YLL031C,YLR067C,0,-0.064653166,0.0934406965970993,0.5434146523475647,0.5417543649673462
YCR021C,YDL095W,0,-0.064699076,0.09342502802610397,0.5434146523475647,0.5418546199798584
YGL104C,YCR002C,0,-0.06486101,0.09340935945510864,0.5434146523475647,0.5419548749923706
YPL046C,YLR421C,1,-0.06488628,0.09356136620044708,0.5443902611732483,0.5419548749923706
YOR343W-A,YMR270C,0,-0.064955495,0.09354568272829056,0.5443902611732483,0.5420551300048828
YOL032W,YGR129W,0,-0.064964466,0.09353000670671463,0.5443902611732483,0.542155385017395
YAR002C-A,YDR406W,0,-0.06498445,0.0935143306851387,0.5443902611732483,0.5422556400299072
YCR035C,YNL133C,0,-0.065060325,0.09349866211414337,0.5443902611732483,0.5423558950424194
YBR002C,YCL050C,0,-0.06515782,0.09348299354314804,0.5443902611732483,0.5424561500549316
YDR190C,YBL093C,0,-0.06525683,0.0934673398733139,0.5443902611732483,0.5425564050674438
YDR390C,YGL141W,1,-0.06531163,0.09361916035413742,0.5453658699989319,0.5425564050674438
YBR028C,YPL274W,0,-0.06543169,0.09360348433256149,0.5453658699989319,0.542656660079956
YMR153W,YLR080W,0,-0.06549377,0.09358780831098557,0.5453658699989319,0.5427569150924683
YDL082W,YDR173C,0,-0.06550702,0.09357214719057083,0.5453658699989319,0.5428571701049805
YOR313C,YMR201C,0,-0.06550708,0.0935564860701561,0.5453658699989319,0.5429573655128479
YNL271C,YNL001W,0,-0.06564445,0.09354083240032196,0.5453658699989319,0.5430576205253601
YDL137W,YDL220C,0,-0.06591027,0.09352517873048782,0.5453658699989319,0.5431578755378723
YDR131C,YEL052W,1,-0.06592003,0.09367681294679642,0.5463414788246155,0.5431578755378723
YLL033W,YJL030W,0,-0.06593046,0.09366114437580109,0.5463414788246155,0.5432581305503845
YFL002W-B,YOL071W,0,-0.06600768,0.09364548325538635,0.5463414788246155,0.5433583855628967
YCR106W,YOR320C,0,-0.06603394,0.09362982958555222,0.5463414788246155,0.5434586405754089
YJR016C,YLR448W,0,-0.06607977,0.09361417591571808,0.5463414788246155,0.5435588955879211
YDR351W,YDR384C,0,-0.066092186,0.09359852969646454,0.5463414788246155,0.5436591506004333
YDR478W,YPR036W,0,-0.0660981,0.0935828909277916,0.5463414788246155,0.5437594056129456
YDR350C,YJR073C,0,-0.0661105,0.09356725215911865,0.5463414788246155,0.5438596606254578
YFL033C,YPL159C,0,-0.06612744,0.0935516208410263,0.5463414788246155,0.54395991563797
YPL157W,YEL019C,0,-0.06614501,0.09353599697351456,0.5463414788246155,0.5440601706504822
YDR205W,YCR057C,0,-0.06623467,0.09352037310600281,0.5463414788246155,0.5441604256629944
YDR381C-A,YLL014W,0,-0.066291854,0.09350475668907166,0.5463414788246155,0.5442606806755066
YJL001W,YGR135W,1,-0.06633315,0.09365609288215637,0.5473170876502991,0.5442606806755066
YKR064W,YHL004W,0,-0.06651556,0.09364046156406403,0.5473170876502991,0.544360876083374
YKR062W,YBR230C,0,-0.066555336,0.09362483024597168,0.5473170876502991,0.5444611310958862
YML030W,YDR259C,0,-0.06655719,0.09360921382904053,0.5473170876502991,0.5445613861083984
YGR109W-B,YCR092C,0,-0.06658519,0.09359358996152878,0.5473170876502991,0.5446616411209106
YMR159C,YOR172W,0,-0.06670531,0.09357798099517822,0.5473170876502991,0.5447618961334229
YHR011W,YBL030C,0,-0.066729866,0.09356237202882767,0.5473170876502991,0.5448621511459351
YOL132W,YGR295C,0,-0.06685018,0.09354677051305771,0.5473170876502991,0.5449624061584473
YKR078W,YEL061C,0,-0.06685302,0.09353117644786835,0.5473170876502991,0.5450626611709595
YMR240C,YBL005W-B,0,-0.06689524,0.09351558238267899,0.5473170876502991,0.5451629161834717
YKL155C,YPR155C,0,-0.06697146,0.09350000321865082,0.5473170876502991,0.5452631711959839
YIL062C,YLL014W,0,-0.06708919,0.09348441660404205,0.5473170876502991,0.5453634262084961
YDR092W,YBL090W,0,-0.0670898,0.09346884489059448,0.5473170876502991,0.5454636812210083
YOR080W,YEL040W,0,-0.06709457,0.09345327317714691,0.5473170876502991,0.5455639362335205
YJL174W,YDL070W,0,-0.06710333,0.09343770891427994,0.5473170876502991,0.5456641316413879
YHR025W,YER159C-A,0,-0.06721318,0.09342214465141296,0.5473170876502991,0.5457643866539001
YJR127C,YLR390W-A,0,-0.06722391,0.09340659528970718,0.5473170876502991,0.5458646416664124
YOL082W,YLR157C,0,-0.06724301,0.0933910459280014,0.5473170876502991,0.5459648966789246
YOR096W,YJL062W-A,0,-0.06725741,0.09337549656629562,0.5473170876502991,0.5460651516914368
YJL187C,YHR147C,0,-0.067296095,0.09335996210575104,0.5473170876502991,0.546165406703949
YLR214W,YGL141W,0,-0.06738814,0.09334442764520645,0.5473170876502991,0.5462656617164612
YPL248C,YHL009W-B,0,-0.06744742,0.09332890063524246,0.5473170876502991,0.5463659167289734
YOR192C-B,YKR061W,0,-0.06746238,0.09331337362527847,0.5473170876502991,0.5464661717414856
YPL218W,YAR007C,0,-0.06755319,0.09329785406589508,0.5473170876502991,0.5465664267539978
YDL054C,YJL200C,0,-0.067560606,0.09328234195709229,0.5473170876502991,0.54666668176651
YDR205W,YCL043C,0,-0.06758093,0.09326682984828949,0.5473170876502991,0.5467669367790222
YKR050W,YLR287C-A,0,-0.06759144,0.09325133264064789,0.5473170876502991,0.5468671917915344
YOR049C,YLR266C,0,-0.06763708,0.09323583543300629,0.5473170876502991,0.5469674468040466
YIL007C,YCR038C,0,-0.06766275,0.09322033822536469,0.5473170876502991,0.5470676422119141
YOR138C,YIR023W,0,-0.06777307,0.09320484846830368,0.5473170876502991,0.5471678972244263
YGL220W,YPL074W,0,-0.06782191,0.09318936616182327,0.5473170876502991,0.5472681522369385
YGL227W,YGL017W,1,-0.06782914,0.09333997964859009,0.5482926964759827,0.5472681522369385
YHR181W,YNL163C,0,-0.067945376,0.09332447499036789,0.5482926964759827,0.5473684072494507
YJR131W,YBR273C,1,-0.06800462,0.09347501397132874,0.5492683053016663,0.5473684072494507
YDR527W,YNL052W,0,-0.06809346,0.09345949441194534,0.5492683053016663,0.5474686622619629
YGR055W,YHL034C,0,-0.06811378,0.09344398230314255,0.5492683053016663,0.5475689172744751
YFL013C,YHR108W,0,-0.06814156,0.09342847764492035,0.5492683053016663,0.5476691722869873
YDR470C,YML023C,0,-0.0681595,0.09341297298669815,0.5492683053016663,0.5477694272994995
YGR075C,YBR125C,0,-0.068168685,0.09339747577905655,0.5492683053016663,0.5478696823120117
YCL016C,YDR062W,0,-0.06817835,0.09338198602199554,0.5492683053016663,0.5479699373245239
YPL002C,YNL159C,1,-0.06819066,0.09353233873844147,0.5502439141273499,0.5479699373245239
YNL242W,YPL106C,0,-0.06819945,0.09351682662963867,0.5502439141273499,0.5480701923370361
YOR192C-A,YDR536W,0,-0.06825886,0.09350132942199707,0.5502439141273499,0.5481704473495483
YGR003W,YER021W,1,-0.06828571,0.09365158528089523,0.5512195229530334,0.5481704473495483
YDR077W,YHR135C,0,-0.06829064,0.09363606572151184,0.5512195229530334,0.5482707023620605
YDL134C,YMR273C,0,-0.06833268,0.09362054616212845,0.5512195229530334,0.548370897769928
YOR319W,YNL136W,0,-0.0683803,0.09360503405332565,0.5512195229530334,0.5484711527824402
YPR194C,YLR037C,0,-0.06841733,0.09358952939510345,0.5512195229530334,0.5485714077949524
YDR065W,YER159C,0,-0.06842717,0.09357403218746185,0.5512195229530334,0.5486716628074646
YGL192W,YDR033W,0,-0.068435155,0.09355853497982025,0.5512195229530334,0.5487719178199768
YPR086W,YGL107C,0,-0.06844226,0.09354304522275925,0.5512195229530334,0.548872172832489
YGL144C,YDR494W,0,-0.06848236,0.09352756291627884,0.5512195229530334,0.5489724278450012
YER014C-A,YJL189W,0,-0.068505354,0.09351208060979843,0.5512195229530334,0.5490726828575134
YLL011W,YNR015W,0,-0.06857409,0.09349660575389862,0.5512195229530334,0.5491729378700256
YLL029W,YGR027C,0,-0.06859546,0.0934811383485794,0.5512195229530334,0.5492731928825378
YKL064W,YDR018C,0,-0.0686116,0.09346567094326019,0.5512195229530334,0.54937344789505
YDR332W,YCR093W,0,-0.06868338,0.09345021843910217,0.5512195229530334,0.5494737029075623
YPL203W,YNL217W,0,-0.06875735,0.09343475848436356,0.5512195229530334,0.5495739579200745
YEL013W,YOR330C,0,-0.06877839,0.09341931343078613,0.5512195229530334,0.5496742129325867
YJL072C,YKR079C,0,-0.06894412,0.09340386837720871,0.5512195229530334,0.5497744083404541
YDL015C,YNL282W,0,-0.068989076,0.09338843077421188,0.5512195229530334,0.5498746633529663
YGR188C,YOL004W,0,-0.06914335,0.09337299317121506,0.5512195229530334,0.5499749183654785
YCR106W,YJR006W,0,-0.06915053,0.09335757046937943,0.5512195229530334,0.5500751733779907
YGR262C,YCL032W,0,-0.06915719,0.09334214776754379,0.5512195229530334,0.5501754283905029
YLR259C,YGL206C,0,-0.0691595,0.09332672506570816,0.5512195229530334,0.5502756834030151
YGL096W,YEL058W,0,-0.06917878,0.09331130981445312,0.5512195229530334,0.5503759384155273
YOR253W,YIL026C,0,-0.069338895,0.09329590201377869,0.5512195229530334,0.5504761934280396
YBR023C,YGL185C,0,-0.069379926,0.09328050166368484,0.5512195229530334,0.5505764484405518
YML031W,YPL091W,0,-0.06941111,0.093265101313591,0.5512195229530334,0.550676703453064
YGR217W,YHL050C,0,-0.06950585,0.09324970841407776,0.5512195229530334,0.5507769584655762
YER143W,YKL002W,1,-0.069511294,0.09339933842420578,0.552195131778717,0.5507769584655762
YBL029C-A,YNL156C,0,-0.06955935,0.09338393062353134,0.552195131778717,0.5508772134780884
YLR347C,YBL005W-B,0,-0.069610275,0.0933685228228569,0.552195131778717,0.5509774684906006
YML040W,YDL179W,0,-0.06961753,0.09335312247276306,0.552195131778717,0.5510777235031128
YHR120W,YLR361C,0,-0.069639586,0.09333772957324982,0.552195131778717,0.5511779189109802
YNL239W,YBL056W,0,-0.06966616,0.09332234412431717,0.552195131778717,0.5512781739234924
YDL210W,YNL078W,0,-0.06967082,0.09330695867538452,0.552195131778717,0.5513784289360046
YIL160C,YJL024C,0,-0.06972615,0.09329158067703247,0.552195131778717,0.5514786839485168
YHL028W,YMR227C,0,-0.069797985,0.09327620267868042,0.552195131778717,0.551578938961029
YML005W,YHL026C,0,-0.06981124,0.09326083213090897,0.552195131778717,0.5516791939735413
YLR227W-B,YJR135C,0,-0.06987309,0.09324546903371811,0.552195131778717,0.5517794489860535
YGR056W,YOL136C,0,-0.06989869,0.09323011338710785,0.552195131778717,0.5518797039985657
YLR088W,YAL011W,0,-0.069921084,0.09321475774049759,0.552195131778717,0.5519799590110779
YDL185W,YIL111W,0,-0.0699619,0.09319940954446793,0.552195131778717,0.5520802140235901
YJR153W,YJL155C,0,-0.06998686,0.09318406134843826,0.552195131778717,0.5521804690361023
YDL084W,YOR241W,0,-0.07004633,0.0931687206029892,0.552195131778717,0.5522807240486145
YML112W,YDR069C,0,-0.07006081,0.09315338730812073,0.552195131778717,0.5523809790611267
YJR055W,YDR146C,0,-0.070093624,0.09313806146383286,0.552195131778717,0.5524811744689941
YBR191W,YEL052W,0,-0.07010066,0.09312273561954498,0.552195131778717,0.5525814294815063
YOR181W,YGL095C,0,-0.07010952,0.09310741722583771,0.552195131778717,0.5526816844940186
YPL096W,YER131W,0,-0.07011863,0.09309210628271103,0.552195131778717,0.5527819395065308
YJR155W,YBR195C,0,-0.070123985,0.09307679533958435,0.552195131778717,0.552882194519043
YFR050C,YDR313C,1,-0.07015563,0.09322591125965118,0.5531707406044006,0.552882194519043
YCR021C,YPR055W,0,-0.07017588,0.09321058541536331,0.5531707406044006,0.5529824495315552
YLR028C,YOR348C,0,-0.0701885,0.09319526702165604,0.5531707406044006,0.5530827045440674
YOR356W,YBR040W,0,-0.07027603,0.09317994862794876,0.5531707406044006,0.5531829595565796
YER145C,YOR076C,0,-0.07031315,0.09316463768482208,0.5531707406044006,0.5532832145690918
YML021C,YJL216C,0,-0.07048213,0.093149334192276,0.5531707406044006,0.553383469581604
YNL102W,YDR172W,0,-0.07053309,0.09313403069972992,0.5531707406044006,0.5534837245941162
YMR194W,YOL076W,0,-0.07061186,0.09311874210834503,0.5531707406044006,0.5535839796066284
YML058W-A,YDR012W,0,-0.070621446,0.09310344606637955,0.5531707406044006,0.5536842346191406
YDR320C-A,YHR020W,0,-0.07074576,0.09308816492557526,0.5531707406044006,0.5537844896316528
YPL094C,YPR171W,0,-0.07078671,0.09307288378477097,0.5531707406044006,0.5538846850395203
YOR278W,YER074W,0,-0.07082086,0.09305761009454727,0.5531707406044006,0.5539849400520325
YPL139C,YJL054W,0,-0.07089489,0.09304233640432358,0.5531707406044006,0.5540851950645447
YLL057C,YJR135C,0,-0.07090954,0.09302707016468048,0.5531707406044006,0.5541854500770569
YDL093W,YAL062W,0,-0.070925154,0.09301181137561798,0.5531707406044006,0.5542857050895691
YDR098C-B,YMR220W,0,-0.07095458,0.09299655258655548,0.5531707406044006,0.5543859601020813
YOL030W,YNL080C,0,-0.07101139,0.09298130869865417,0.5531707406044006,0.5544862151145935
YAL060W,YNR061C,0,-0.07104555,0.09296605736017227,0.5531707406044006,0.5545864701271057
YDR381C-A,YKL095W,0,-0.071150005,0.09295082092285156,0.5531707406044006,0.5546867251396179
YMR247C,YJR160C,0,-0.07118628,0.09293558448553085,0.5531707406044006,0.5547869801521301
YDL119C,YMR022W,0,-0.07121098,0.09292035549879074,0.5531707406044006,0.5548872351646423
YDR325W,YIL061C,0,-0.07125922,0.09290512651205063,0.5531707406044006,0.5549874901771545
YBR172C,YJR096W,0,-0.07128578,0.09288990497589111,0.5531707406044006,0.5550877451896667
YMR314W,YBR280C,1,-0.07135423,0.09303849190473557,0.5541463494300842,0.5550877451896667
YDR347W,YGL126W,0,-0.071362205,0.09302325546741486,0.5541463494300842,0.5551879405975342
YJR060W,YML039W,0,-0.07137803,0.09300802648067474,0.5541463494300842,0.5552881956100464
YDL209C,YHR117W,0,-0.07157992,0.09299279749393463,0.5541463494300842,0.5553884506225586
YIL008W,YER062C,0,-0.07160192,0.09297757595777512,0.5541463494300842,0.5554887056350708
YPL040C,YDR026C,0,-0.0716401,0.0929623544216156,0.5541463494300842,0.555588960647583
YCL025C,YGR180C,0,-0.071687974,0.09294714778661728,0.5541463494300842,0.5556892156600952
YER053C,YPR131C,0,-0.071691506,0.09293193370103836,0.5541463494300842,0.5557894706726074
YOR123C,YCL025C,0,-0.0718909,0.09291673451662064,0.5541463494300842,0.5558897256851196
YOL102C,YDR406W,0,-0.071939476,0.09290153533220291,0.5541463494300842,0.5559899806976318
YNL213C,YGL259W,0,-0.07194517,0.09288634359836578,0.5541463494300842,0.556090235710144
YDR395W,YML081W,0,-0.0722468,0.09287115931510925,0.5541463494300842,0.5561904907226562
YER151C,YNL335W,0,-0.07224963,0.09285597503185272,0.5541463494300842,0.5562907457351685
YKL210W,YDR213W,0,-0.07232048,0.09284079819917679,0.5541463494300842,0.5563910007476807
YMR122W-A,YDR159W,0,-0.07235228,0.09282562881708145,0.5541463494300842,0.5564912557601929
YMR192W,YHR214C-C,0,-0.07236893,0.09281045943498611,0.5541463494300842,0.5565914511680603
YIL009C-A,YIL142W,0,-0.07242934,0.09279529750347137,0.5541463494300842,0.5566917061805725
YIL005W,YHR166C,1,-0.072604656,0.09294348210096359,0.5551219582557678,0.5566917061805725
YBR207W,YLR258W,0,-0.0726349,0.09292830526828766,0.5551219582557678,0.5567919611930847
YDR131C,YGR020C,0,-0.07269673,0.09291312843561172,0.5551219582557678,0.5568922162055969
YBL058W,YFL009W,1,-0.07269741,0.09306122362613678,0.5560975670814514,0.5568922162055969
YPL253C,YOL029C,0,-0.07273891,0.09304603189229965,0.5560975670814514,0.5569924712181091
YKR066C,YMR172W,0,-0.07274357,0.09303084760904312,0.5560975670814514,0.5570927262306213
YJR001W,YLR158C,0,-0.07275586,0.09301566332578659,0.5560975670814514,0.5571929812431335
YER159C-A,YOL100W,0,-0.07283769,0.09300048649311066,0.5560975670814514,0.5572932362556458
YMR054W,YDR301W,0,-0.07283986,0.09298531711101532,0.5560975670814514,0.557393491268158
YMR017W,YOL018C,0,-0.07285416,0.09297015517950058,0.5560975670814514,0.5574937462806702
YDR306C,YDL097C,1,-0.07297748,0.09311807155609131,0.557073175907135,0.5574937462806702
YJL125C,YER167W,0,-0.07298117,0.09310288727283478,0.557073175907135,0.5575940012931824
YDL070W,YPL173W,0,-0.073007055,0.09308771044015884,0.557073175907135,0.5576942563056946
YNR041C,YNR044W,0,-0.07307979,0.09307253360748291,0.557073175907135,0.5577945113182068
YGL151W,YPR187W,0,-0.07308566,0.09305736422538757,0.557073175907135,0.557894766330719
YLR020C,YNL175C,0,-0.07311132,0.09304220229387283,0.557073175907135,0.5579949617385864
YML041C,YOL098C,0,-0.07312881,0.09302704781293869,0.557073175907135,0.5580952167510986
YBR009C,YBL037W,0,-0.07317858,0.09301189333200455,0.557073175907135,0.5581954717636108
YGL222C,YPR175W,0,-0.07322604,0.092996746301651,0.557073175907135,0.558295726776123
YLR009W,YNR045W,0,-0.07323999,0.09298159927129745,0.557073175907135,0.5583959817886353
YGR004W,YNL054W-A,0,-0.0734125,0.0929664596915245,0.557073175907135,0.5584962368011475
YOR117W,YMR055C,0,-0.073507555,0.09295132756233215,0.557073175907135,0.5585964918136597
YIL115C,YMR173W,0,-0.073644124,0.0929361954331398,0.557073175907135,0.5586967468261719
YOR378W,YDR036C,0,-0.07365549,0.09292107075452805,0.557073175907135,0.5587970018386841
YDR350C,YOL082W,0,-0.07369648,0.09290595352649689,0.557073175907135,0.5588972568511963
YMR165C,YGL093W,0,-0.07380099,0.09289084374904633,0.557073175907135,0.5589975118637085
YNL142W,YER190W,0,-0.07384834,0.09287573397159576,0.557073175907135,0.5590977668762207
YEL040W,YGR180C,0,-0.07385915,0.0928606241941452,0.557073175907135,0.5591980218887329
YIR015W,YMR290C,0,-0.07391078,0.09284552931785583,0.557073175907135,0.5592982172966003
YER147C,YKL178C,0,-0.07392446,0.09283043444156647,0.557073175907135,0.5593984723091125
YKL040C,YCL075W,0,-0.07397895,0.0928153470158577,0.557073175907135,0.5594987273216248
YMR321C,YOL055C,0,-0.07404352,0.09280025959014893,0.557073175907135,0.559598982334137
YGR283C,YAL007C,0,-0.07404479,0.09278517961502075,0.557073175907135,0.5596992373466492
YLR426W,YLR238W,0,-0.074136324,0.09277010709047318,0.557073175907135,0.5597994923591614
YOL129W,YOR266W,0,-0.07419463,0.0927550345659256,0.557073175907135,0.5598997473716736
YLR328W,YMR089C,0,-0.074237,0.09273996949195862,0.557073175907135,0.5600000023841858
YML071C,YMR207C,0,-0.07424346,0.09272491186857224,0.557073175907135,0.560100257396698
YDR236C,YJR138W,0,-0.07433695,0.09270985424518585,0.557073175907135,0.5602005124092102
YLR419W,YGL115W,0,-0.0744591,0.09269480407238007,0.557073175907135,0.5603007674217224
YML120C,YMR234W,0,-0.07448714,0.09267976135015488,0.557073175907135,0.5604010224342346
YGR072W,YBR301W,0,-0.074566685,0.09266471862792969,0.557073175907135,0.5605012774467468
YJL034W,YDR363W-A,1,-0.07470613,0.0928119421005249,0.5580487847328186,0.5605012774467468
YML109W,YML125C,0,-0.074763,0.09279688447713852,0.5580487847328186,0.560601532459259
YOL104C,YHR156C,0,-0.07477809,0.09278183430433273,0.5580487847328186,0.5607017278671265
YDR177W,YMR223W,1,-0.07480451,0.09292896836996078,0.5590243935585022,0.5607017278671265
YIR002C,YMR225C,0,-0.07481425,0.09291389584541321,0.5590243935585022,0.5608019828796387
YER154W,YPR120C,0,-0.0749094,0.09289883077144623,0.5590243935585022,0.5609022378921509
YML106W,YPL049C,0,-0.074916594,0.09288377314805984,0.5590243935585022,0.5610024929046631
YNR069C,YBR273C,1,-0.07495818,0.09303079545497894,0.5600000023841858,0.5610024929046631
YOR269W,YPR026W,0,-0.07499861,0.09301571547985077,0.5600000023841858,0.5611027479171753
YLR237W,YKR009C,0,-0.075085856,0.09300065040588379,0.5600000023841858,0.5612030029296875
YDR256C,YLR044C,0,-0.07510834,0.09298558533191681,0.5600000023841858,0.5613032579421997
YJL121C,YJL029C,0,-0.07511893,0.09297052025794983,0.5600000023841858,0.5614035129547119
YBR173C,YDR365C,0,-0.07519638,0.09295546263456345,0.5600000023841858,0.5615037679672241
YHL028W,YDR046C,0,-0.075196676,0.09294041246175766,0.5600000023841858,0.5616040229797363
YMR195W,YNL079C,0,-0.075332366,0.09292536973953247,0.5600000023841858,0.5617042779922485
YLR363C,YCL057W,0,-0.075380065,0.09291032701730728,0.5600000023841858,0.5618045330047607
YBR052C,YDL022W,0,-0.07548374,0.09289529174566269,0.5600000023841858,0.561904788017273
YAL011W,YJR063W,0,-0.07549107,0.0928802564740181,0.5600000023841858,0.5620049834251404
YEL061C,YLR176C,0,-0.07550439,0.0928652286529541,0.5600000023841858,0.5621052384376526
YDR088C,YGR099W,0,-0.07551772,0.0928502082824707,0.5600000023841858,0.5622054934501648
YGR212W,YPL210C,0,-0.075616874,0.0928351953625679,0.5600000023841858,0.562305748462677
YOR246C,YDR414C,0,-0.0756968,0.0928201824426651,0.5600000023841858,0.5624060034751892
YMR101C,YGL163C,0,-0.075712025,0.0928051769733429,0.5600000023841858,0.5625062584877014
YDR219C,YDR510W,1,-0.075715445,0.09295182675123215,0.5609756112098694,0.5625062584877014
YIL142W,YLR330W,0,-0.0757165,0.09293680638074875,0.5609756112098694,0.5626065135002136
YCR009C,YJR005W,0,-0.07574498,0.09292178601026535,0.5609756112098694,0.5627067685127258
YLR204W,YDR414C,0,-0.07579337,0.09290677309036255,0.5609756112098694,0.562807023525238
YOR192C,YLR227W-A,0,-0.07586695,0.09289176017045975,0.5609756112098694,0.5629072785377502
YGR283C,YDL141W,0,-0.07589493,0.09287675470113754,0.5609756112098694,0.5630075335502625
YGL220W,YNL221C,0,-0.07593361,0.09286175668239594,0.5609756112098694,0.5631077885627747
YGR035C,YHR096C,0,-0.07595839,0.09284676611423492,0.5609756112098694,0.5632080435752869
YBL085W,YNL156C,0,-0.07602484,0.09283177554607391,0.5609756112098694,0.5633082985877991
YDR511W,YMR275C,0,-0.076151304,0.0928167849779129,0.5609756112098694,0.5634084939956665
YKL212W,YBL091C,0,-0.076224424,0.09280180931091309,0.5609756112098694,0.5635087490081787
YPL271W,YOR038C,0,-0.0762456,0.09278683364391327,0.5609756112098694,0.5636090040206909
YBR295W,YDR012W,0,-0.07638315,0.09277186542749405,0.5609756112098694,0.5637092590332031
YLR055C,YGR017W,0,-0.076391086,0.09275689721107483,0.5609756112098694,0.5638095140457153
YML127W,YHL019C,0,-0.07662492,0.0927419364452362,0.5609756112098694,0.5639097690582275
YML104C,YDR081C,0,-0.07667031,0.09272698312997818,0.5609756112098694,0.5640100240707397
YBR241C,YCR031C,0,-0.076704524,0.09271202981472015,0.5609756112098694,0.564110279083252
YGL128C,YDR014W,0,-0.076810546,0.09269708395004272,0.5609756112098694,0.5642105340957642
YIL135C,YGR027W-B,0,-0.07687645,0.0926821380853653,0.5609756112098694,0.5643107891082764
YPR041W,YIR036C,0,-0.076891564,0.09266720712184906,0.5609756112098694,0.5644110441207886
YPL127C,YCR065W,0,-0.07690924,0.09265226870775223,0.5609756112098694,0.5645112991333008
YMR122W-A,YNL182C,0,-0.07694975,0.09263734519481659,0.5609756112098694,0.564611554145813
YDR313C,YKL213C,1,-0.076959796,0.09278350323438644,0.561951220035553,0.564611554145813
YOR189W,YNL167C,0,-0.07696159,0.09276856482028961,0.561951220035553,0.5647118091583252
YPL096W,YIL030C,1,-0.0770216,0.0929146558046341,0.5629268288612366,0.5647118091583252
YML127W,YDR087C,0,-0.077061035,0.09289969503879547,0.5629268288612366,0.5648120045661926
YGR217W,YGR258C,0,-0.077061765,0.09288474172353745,0.5629268288612366,0.5649122595787048
YDR423C,YKL196C,0,-0.07710148,0.09286978840827942,0.5629268288612366,0.565012514591217
YPL063W,YOL135C,0,-0.07711793,0.09285484254360199,0.5629268288612366,0.5651127696037292
YKL087C,YMR204C,0,-0.077195115,0.09283990412950516,0.5629268288612366,0.5652130246162415
YBR067C,YDL069C,0,-0.0772042,0.09282496571540833,0.5629268288612366,0.5653132796287537
YDR457W,YDL220C,0,-0.07758159,0.09281003475189209,0.5629268288612366,0.5654135346412659
YDR226W,YNR032C-A,0,-0.07759117,0.09279511123895645,0.5629268288612366,0.5655137896537781
YLL048C,YJL089W,0,-0.07759945,0.09278018772602081,0.5629268288612366,0.5656140446662903
YHL016C,YLR191W,0,-0.077603675,0.09276527166366577,0.5629268288612366,0.5657142996788025
YDL006W,YDR423C,0,-0.07779392,0.09275036305189133,0.5629268288612366,0.5658145546913147
YLR451W,YGR268C,0,-0.07781852,0.09273545444011688,0.5629268288612366,0.5659148097038269
YKR105C,YBL093C,0,-0.07781952,0.09272055327892303,0.5629268288612366,0.5660150647163391
YER023W,YGR027W-B,0,-0.0779435,0.09270565211772919,0.5629268288612366,0.5661152601242065
YHR171W,YDR298C,0,-0.07795299,0.09269076585769653,0.5629268288612366,0.5662155151367188
YMR274C,YML074C,0,-0.07802351,0.09267587214708328,0.5629268288612366,0.566315770149231
YNL061W,YGL178W,0,-0.07802788,0.09266099333763123,0.5629268288612366,0.5664160251617432
YDR273W,YDR262W,0,-0.078030705,0.09264611452817917,0.5629268288612366,0.5665162801742554
YGL211W,YOR275C,0,-0.07805254,0.09263124316930771,0.5629268288612366,0.5666165351867676
YOL117W,YPR097W,0,-0.0780608,0.09261637181043625,0.5629268288612366,0.5667167901992798
YDL074C,YDL132W,1,-0.07806378,0.09276199340820312,0.5639024376869202,0.5667167901992798
YOR243C,YKR034W,0,-0.078151315,0.09274711459875107,0.5639024376869202,0.566817045211792
YLR260W,YER123W,0,-0.07823544,0.09273222833871841,0.5639024376869202,0.5669173002243042
YIL062C,YIL138C,0,-0.078241386,0.09271735697984695,0.5639024376869202,0.5670175552368164
YMR136W,YCR096C,0,-0.07863734,0.0927024856209755,0.5639024376869202,0.5671178102493286
YFL049W,YJL098W,0,-0.078663,0.09268762171268463,0.5639024376869202,0.5672180652618408
YMR163C,YIL132C,0,-0.07868036,0.09267275780439377,0.5639024376869202,0.567318320274353
YPL178W,YHR204W,0,-0.07880352,0.0926579013466835,0.5639024376869202,0.5674185752868652
YDR226W,YLR425W,0,-0.07881256,0.09264305233955383,0.5639024376869202,0.5675187706947327
YPR175W,YGR218W,0,-0.078848414,0.09262820333242416,0.5639024376869202,0.5676190257072449
YDR283C,YPL145C,0,-0.07886623,0.09261336177587509,0.5639024376869202,0.5677192807197571
YHR009C,YAL022C,0,-0.07890339,0.09259852766990662,0.5639024376869202,0.5678195357322693
YPR114W,YHR113W,0,-0.078909755,0.09258369356393814,0.5639024376869202,0.5679197907447815
YNL199C,YDR531W,0,-0.078937285,0.09256886690855026,0.5639024376869202,0.5680200457572937
YGR154C,YML094W,0,-0.07905807,0.09255404025316238,0.5639024376869202,0.5681203007698059
YDR261C-D,YEL002C,0,-0.07911003,0.0925392284989357,0.5639024376869202,0.5682205557823181
YDR204W,YOR192C-B,0,-0.07918442,0.09252440929412842,0.5639024376869202,0.5683208107948303
YPR005C,YNL284C-A,0,-0.07918478,0.09250960499048233,0.5639024376869202,0.5684210658073425
YCR005C,YMR046C,0,-0.0792245,0.09249480068683624,0.5639024376869202,0.5685213208198547
YPL115C,YGR105W,0,-0.079277776,0.09247999638319016,0.5639024376869202,0.5686215758323669
YIL075C,YLR207W,1,-0.07927985,0.09262517839670181,0.5648780465126038,0.5686215758323669
YOR243C,YDL184C,0,-0.07928597,0.09261036664247513,0.5648780465126038,0.5687218308448792
YKR037C,YMR051C,0,-0.07929895,0.09259555488824844,0.5648780465126038,0.5688220262527466
YGR035C,YNL092W,0,-0.079320736,0.09258075058460236,0.5648780465126038,0.5689222812652588
YLR389C,YOR242C,0,-0.079367585,0.09256594628095627,0.5648780465126038,0.569022536277771
YHR161C,YKL096W-A,0,-0.07940892,0.09255114942789078,0.5648780465126038,0.5691227912902832
YLR129W,YCR093W,0,-0.07944567,0.09253636002540588,0.5648780465126038,0.5692230463027954
YGR055W,YBL047C,0,-0.07950996,0.09252157062292099,0.5648780465126038,0.5693233013153076
YDR353W,YMR149W,0,-0.07958155,0.0925067886710167,0.5648780465126038,0.5694235563278198
YPR108W,YML027W,0,-0.079703145,0.092492014169693,0.5648780465126038,0.569523811340332
YPL018W,YDR288W,0,-0.079783864,0.0924772396683693,0.5648780465126038,0.5696240663528442
YKL156W,YER022W,0,-0.079926945,0.09246247261762619,0.5648780465126038,0.5697243213653564
YJR102C,YMR139W,0,-0.07993596,0.09244770556688309,0.5648780465126038,0.5698245763778687
YFR049W,YOL004W,0,-0.079964675,0.09243295341730118,0.5648780465126038,0.5699248313903809
YPL262W,YIL173W,0,-0.08002002,0.09241819381713867,0.5648780465126038,0.5700250864028931
YJR026W,YLR321C,0,-0.08002638,0.09240344911813736,0.5648780465126038,0.5701253414154053
YPL143W,YLR442C,0,-0.080062576,0.09238870441913605,0.5648780465126038,0.5702255368232727
YJR052W,YLR417W,0,-0.08009209,0.09237395972013474,0.5648780465126038,0.5703257918357849
YMR017W,YPL179W,0,-0.0801178,0.09235922992229462,0.5648780465126038,0.5704260468482971
YIL171W,YOL096C,0,-0.0801233,0.0923445001244545,0.5648780465126038,0.5705263018608093
YIL078W,YGR169C,0,-0.0801721,0.09232977032661438,0.5648780465126038,0.5706265568733215
YIR031C,YBR182C,0,-0.080189995,0.09231504797935486,0.5648780465126038,0.5707268118858337
YKR030W,YIL093C,0,-0.08019674,0.09230033308267593,0.5648780465126038,0.570827066898346
YMR070W,YKR068C,0,-0.080233626,0.0922856256365776,0.5648780465126038,0.5709273219108582
YDR131C,YPR108W,1,-0.080243714,0.09243027865886688,0.5658536553382874,0.5709273219108582
YHR194W,YDR005C,0,-0.080246404,0.09241554886102676,0.5658536553382874,0.5710275769233704
YIR026C,YDR392W,0,-0.08033827,0.09240082651376724,0.5658536553382874,0.5711278319358826
YOR357C,YIL154C,0,-0.08035258,0.09238611161708832,0.5658536553382874,0.5712280869483948
YKL170W,YER190W,0,-0.08037049,0.0923713967204094,0.5658536553382874,0.571328341960907
YKL210W,YDR273W,0,-0.0804017,0.09235668927431107,0.5658536553382874,0.5714285969734192
YOR192C-A,YDR494W,0,-0.08048446,0.09234198182821274,0.5658536553382874,0.5715287923812866
YDR387C,YDR233C,0,-0.08051071,0.09232728183269501,0.5658536553382874,0.5716290473937988
YDR138W,YBL100W-B,0,-0.08051591,0.09231258928775787,0.5658536553382874,0.571729302406311
YEL015W,YDR219C,0,-0.08052533,0.09229789674282074,0.5658536553382874,0.5718295574188232
YBR275C,YGR105W,0,-0.08059596,0.0922832116484642,0.5658536553382874,0.5719298124313354
YOL105C,YOR388C,0,-0.08062047,0.09226853400468826,0.5658536553382874,0.5720300674438477
YML120C,YDL024C,0,-0.080624826,0.09225385636091232,0.5658536553382874,0.5721303224563599
YDR040C,YPL076W,0,-0.08063175,0.09223918616771698,0.5658536553382874,0.5722305774688721
YMR200W,YBL017C,0,-0.08064496,0.09222451597452164,0.5658536553382874,0.5723308324813843
YBR289W,YAR031W,0,-0.08065724,0.09220985323190689,0.5658536553382874,0.5724310874938965
YEL032W,YJR009C,0,-0.080711685,0.09219519793987274,0.5658536553382874,0.5725313425064087
YBL089W,YGR185C,0,-0.08076853,0.09218055009841919,0.5658536553382874,0.5726315975189209
YKL015W,YGR044C,0,-0.08083876,0.09216590225696564,0.5658536553382874,0.5727318525314331
YPR166C,YJR092W,0,-0.08084541,0.09215125441551208,0.5658536553382874,0.5728321075439453
YAL060W,YGR174C,0,-0.08086211,0.09213661402463913,0.5658536553382874,0.5729323029518127
YER019C-A,YDR196C,0,-0.08093958,0.09212198108434677,0.5658536553382874,0.573032557964325
YOR192C-A,YMR034C,0,-0.080973856,0.09210735559463501,0.5658536553382874,0.5731328129768372
YOR266W,YAL029C,0,-0.081039324,0.09209273010492325,0.5658536553382874,0.5732330679893494
YBR058C-A,YGL162W,0,-0.08114382,0.09207810461521149,0.5658536553382874,0.5733333230018616
YKL185W,YML006C,0,-0.08126917,0.09206349402666092,0.5658536553382874,0.5734335780143738
YPL022W,YDR495C,0,-0.081293635,0.09204888343811035,0.5658536553382874,0.573533833026886
YOL056W,YOR179C,0,-0.081327505,0.09203427284955978,0.5658536553382874,0.5736340880393982
YOR101W,YNL054W-A,0,-0.081354484,0.09201966971158981,0.5658536553382874,0.5737343430519104
YDL144C,YDR210C-D,0,-0.081360616,0.09200507402420044,0.5658536553382874,0.5738345980644226
YNR051C,YLL036C,1,-0.081390195,0.09214908629655838,0.566829264163971,0.5738345980644226
YPL010W,YGR007W,0,-0.081435435,0.09213447570800781,0.566829264163971,0.5739348530769348
YOR039W,YER020W,0,-0.08143811,0.09211986511945724,0.566829264163971,0.574035108089447
YLR284C,YPL149W,0,-0.081569836,0.09210526198148727,0.566829264163971,0.5741353631019592
YMR264W,YKL079W,0,-0.081578344,0.0920906662940979,0.566829264163971,0.5742356181144714
YGR223C,YCR031C,0,-0.081587754,0.09207607060670853,0.566829264163971,0.5743358135223389
YDR195W,YMR183C,0,-0.081632815,0.09206148236989975,0.566829264163971,0.5744360685348511
YBL084C,YJL048C,1,-0.081649475,0.09220532327890396,0.5678048729896545,0.5744360685348511
YMR195W,YJL109C,0,-0.081683554,0.09219072014093399,0.5678048729896545,0.5745363235473633
YOL054W,YJL097W,0,-0.08176503,0.09217611700296402,0.5678048729896545,0.5746365785598755
YDR100W,YKL171W,0,-0.081863366,0.09216152131557465,0.5678048729896545,0.5747368335723877
YOR298W,YGR170W,0,-0.08192264,0.09214692562818527,0.5678048729896545,0.5748370885848999
YNL027W,YDR174W,0,-0.08192514,0.09213234484195709,0.5678048729896545,0.5749373435974121
YKL155C,YDR014W,0,-0.08193396,0.09211775660514832,0.5678048729896545,0.5750375986099243
YJL044C,YPL257W-A,0,-0.08193488,0.09210318326950073,0.5678048729896545,0.5751378536224365
YPL002C,YNR027W,0,-0.08194179,0.09208860993385315,0.5678048729896545,0.5752381086349487
YDL179W,YPL068C,0,-0.0819475,0.09207403659820557,0.5678048729896545,0.5753383636474609
YPL161C,YJL033W,0,-0.08195665,0.09205947816371918,0.5678048729896545,0.5754386186599731
YLR292C,YJR027W,0,-0.08197724,0.09204491227865219,0.5678048729896545,0.5755388736724854
YDR076W,YKL053C-A,0,-0.08203102,0.0920303612947464,0.5678048729896545,0.5756390690803528
YLR060W,YDR439W,0,-0.08210782,0.0920158103108406,0.5678048729896545,0.575739324092865
YKL130C,YOR014W,0,-0.082167335,0.09200126677751541,0.5678048729896545,0.5758395791053772
YDR444W,YFL005W,0,-0.08217407,0.09198672324419022,0.5678048729896545,0.5759398341178894
YPL036W,YMR210W,0,-0.082206324,0.09197218716144562,0.5678048729896545,0.5760400891304016
YMR298W,YBR092C,0,-0.08223819,0.09195765852928162,0.5678048729896545,0.5761403441429138
YDR211W,YGR189C,0,-0.08226033,0.09194312989711761,0.5678048729896545,0.576240599155426
YML113W,YOR047C,0,-0.082263775,0.09192860871553421,0.5678048729896545,0.5763408541679382
YBR146W,YOL136C,0,-0.08232198,0.0919140875339508,0.5678048729896545,0.5764411091804504
YKL033W,YDR028C,0,-0.08237954,0.091899573802948,0.5678048729896545,0.5765413641929626
YOR381W,YMR195W,0,-0.08239426,0.09188506752252579,0.5678048729896545,0.5766416192054749
YOR156C,YDR118W,1,-0.08248413,0.0920284166932106,0.5687804818153381,0.5766416192054749
YBL063W,YKL171W,0,-0.08249242,0.0920138880610466,0.5687804818153381,0.5767418742179871
YPR118W,YKL170W,0,-0.082522064,0.0919993668794632,0.5687804818153381,0.5768421292304993
YBR164C,YBL013W,0,-0.08253371,0.09198485314846039,0.5687804818153381,0.5769423842430115
YDR285W,YGL251C,0,-0.08258959,0.09197033941745758,0.5687804818153381,0.5770425796508789
YHL009W-B,YOL072W,0,-0.08260707,0.09195583313703537,0.5687804818153381,0.5771428346633911
YGR076C,YHR035W,0,-0.082618736,0.09194133430719376,0.5687804818153381,0.5772430896759033
YOR257W,YDR363W-A,1,-0.08263079,0.09208451956510544,0.5697560906410217,0.5772430896759033
YDR353W,YJR126C,0,-0.082666725,0.09206999838352203,0.5697560906410217,0.5773433446884155
YBR036C,YBR276C,0,-0.08277895,0.09205548465251923,0.5697560906410217,0.5774435997009277
YIL062C,YMR094W,0,-0.08286407,0.09204097837209702,0.5697560906410217,0.5775438547134399
YMR054W,YKR061W,0,-0.08295612,0.0920264720916748,0.5697560906410217,0.5776441097259521
YNL137C,YKR054C,0,-0.08310952,0.09201197326183319,0.5697560906410217,0.5777443647384644
YNL298W,YKL088W,0,-0.083241336,0.09199748188257217,0.5697560906410217,0.5778446197509766
YGL098W,YDR531W,0,-0.08331255,0.09198299050331116,0.5697560906410217,0.5779448747634888
YCR026C,YGL157W,0,-0.08332894,0.09196850657463074,0.5697560906410217,0.578045129776001
YOR337W,YOR320C,0,-0.08333013,0.09195402264595032,0.5697560906410217,0.5781453847885132
YBR093C,YPR001W,0,-0.08339154,0.0919395461678505,0.5697560906410217,0.5782456398010254
YDR139C,YER087C-B,1,-0.08339737,0.09208247810602188,0.5707316994667053,0.5782456398010254
YML099C,YIL106W,0,-0.083473064,0.09206798672676086,0.5707316994667053,0.5783458352088928
YDR453C,YLR360W,0,-0.08350032,0.09205350279808044,0.5707316994667053,0.578446090221405
YDR227W,YHR179W,0,-0.08355846,0.09203901886940002,0.5707316994667053,0.5785463452339172
YLR099C,YLL043W,0,-0.083698936,0.0920245423913002,0.5707316994667053,0.5786466002464294
YGL211W,YBR170C,0,-0.08372491,0.09201006591320038,0.5707316994667053,0.5787468552589417
YDL061C,YLR158C,0,-0.08378317,0.09199559688568115,0.5707316994667053,0.5788471102714539
YNL039W,YLR212C,0,-0.08381619,0.09198113530874252,0.5707316994667053,0.5789473652839661
YPR091C,YFL041W,0,-0.08406209,0.0919666737318039,0.5707316994667053,0.5790476202964783
YBR084W,YER127W,0,-0.084217004,0.09195221960544586,0.5707316994667053,0.5791478753089905
YER013W,YDL106C,0,-0.08421802,0.09193776547908783,0.5707316994667053,0.5792481303215027
YLR017W,YEL065W,0,-0.08421815,0.0919233188033104,0.5707316994667053,0.5793483853340149
YBR146W,YER130C,0,-0.08431826,0.09190887957811356,0.5707316994667053,0.5794486403465271
YPL018W,YDR197W,0,-0.084329106,0.09189444035291672,0.5707316994667053,0.5795488953590393
YER143W,YEL065W,0,-0.084353976,0.09188000857830048,0.5707316994667053,0.5796491503715515
YLL009C,YDL170W,0,-0.084360816,0.09186557680368423,0.5707316994667053,0.579749345779419
YDR342C,YER159C-A,0,-0.08442766,0.09185115247964859,0.5707316994667053,0.5798496007919312
YBR294W,YLL045C,0,-0.08449059,0.09183673560619354,0.5707316994667053,0.5799498558044434
YLR128W,YLR024C,1,-0.08458505,0.09197928011417389,0.5717073082923889,0.5799498558044434
YBR043C,YNL284C-B,0,-0.08464724,0.09196484833955765,0.5717073082923889,0.5800501108169556
YLR409C,YKR069W,0,-0.08467117,0.0919504165649414,0.5717073082923889,0.5801503658294678
YLR209C,YER081W,0,-0.08471111,0.09193599224090576,0.5717073082923889,0.58025062084198
YNL049C,YBL011W,0,-0.08471369,0.09192156791687012,0.5717073082923889,0.5803508758544922
YFL026W,YMR042W,0,-0.08486118,0.09190715104341507,0.5717073082923889,0.5804511308670044
YDR041W,YMR303C,0,-0.084914386,0.09189274162054062,0.5717073082923889,0.5805513858795166
YIR014W,YML045W,0,-0.08502856,0.09187833219766617,0.5717073082923889,0.5806516408920288
YNL172W,YJL197W,1,-0.08509648,0.09202069044113159,0.5726829171180725,0.5806516408920288
YOR167C,YCL039W,0,-0.0851227,0.09200626611709595,0.5726829171180725,0.580751895904541
YBL014C,YMR230W,0,-0.08512574,0.0919918492436409,0.5726829171180725,0.5808521509170532
YBR009C,YLR050C,0,-0.08514893,0.09197743982076645,0.5726829171180725,0.5809524059295654
YMR008C,YMR038C,0,-0.085201226,0.091963030397892,0.5726829171180725,0.5810526609420776
YJR139C,YER002W,0,-0.085208826,0.09194862097501755,0.5726829171180725,0.5811528563499451
YFL048C,YBR276C,0,-0.085283846,0.0919342190027237,0.5726829171180725,0.5812531113624573
YJL053W,YBL063W,0,-0.08528917,0.09191982448101044,0.5726829171180725,0.5813533663749695
YLR466W,YDL137W,0,-0.08529615,0.09190542995929718,0.5726829171180725,0.5814536213874817
YMR008C,YDL080C,0,-0.08533912,0.09189104288816452,0.5726829171180725,0.5815538763999939
YHR214W,YNL117W,0,-0.08534708,0.09187666326761246,0.5726829171180725,0.5816541314125061
YDR072C,YOL055C,0,-0.08539321,0.0918622836470604,0.5726829171180725,0.5817543864250183
YMR006C,YJR041C,0,-0.085399516,0.09184791147708893,0.5726829171180725,0.5818546414375305
YNR021W,YDR091C,0,-0.08559967,0.09183353930711746,0.5726829171180725,0.5819548964500427
YHR012W,YER063W,0,-0.08566282,0.09181917458772659,0.5726829171180725,0.5820551514625549
YNL121C,YFL041W,0,-0.08571487,0.09180481731891632,0.5726829171180725,0.5821554064750671
YOR246C,YNL092W,0,-0.08593004,0.09179046005010605,0.5726829171180725,0.5822556614875793
YMR302C,YHR202W,0,-0.085996576,0.09177611023187637,0.5726829171180725,0.5823559165000916
YHL027W,YLR359W,0,-0.08600183,0.0917617604136467,0.5726829171180725,0.582456111907959
YKL130C,YHR119W,0,-0.08609215,0.09174741804599762,0.5726829171180725,0.5825563669204712
YOL109W,YLL001W,0,-0.08610495,0.09173308312892914,0.5726829171180725,0.5826566219329834
YDR118W,YML088W,1,-0.08617196,0.09187500178813934,0.5736585259437561,0.5826566219329834
YBR156C,YNL271C,0,-0.08620808,0.09186064451932907,0.5736585259437561,0.5827568769454956
YPL001W,YKL016C,0,-0.08621726,0.0918462947010994,0.5736585259437561,0.5828571319580078
YFR052W,YER151C,1,-0.08623968,0.09198813140392303,0.5746341347694397,0.5828571319580078
YOR011W,YGR292W,0,-0.0862556,0.09197376668453217,0.5746341347694397,0.58295738697052
YIL109C,YMR109W,0,-0.08625564,0.0919594094157219,0.5746341347694397,0.5830576419830322
YER164W,YOR241W,0,-0.086335324,0.09194505214691162,0.5746341347694397,0.5831578969955444
YGR241C,YDR228C,0,-0.08634656,0.09193070232868195,0.5746341347694397,0.5832581520080566
YDR239C,YKL074C,0,-0.08636912,0.09191635251045227,0.5746341347694397,0.5833584070205688
YKR019C,YDL135C,0,-0.08637261,0.09190201014280319,0.5746341347694397,0.583458662033081
YOR189W,YJR133W,0,-0.086376175,0.09188767522573471,0.5746341347694397,0.5835589170455933
YKL197C,YKL024C,0,-0.086461805,0.09187334030866623,0.5746341347694397,0.5836591720581055
YIL108W,YLR404W,0,-0.086479925,0.09185901284217834,0.5746341347694397,0.5837594270706177
YOL144W,YOL092W,0,-0.086617455,0.09184469282627106,0.5746341347694397,0.5838596224784851
YDL133C-A,YHL027W,0,-0.086672164,0.09183037281036377,0.5746341347694397,0.5839598774909973
YPL046C,YER021W,1,-0.08670587,0.09197194129228592,0.5756097435951233,0.5839598774909973
YAR033W,YDR449C,0,-0.08682709,0.09195760637521744,0.5756097435951233,0.5840601325035095
YPR118W,YOR155C,0,-0.0868719,0.09194327890872955,0.5756097435951233,0.5841603875160217
YNL119W,YBR041W,0,-0.086882435,0.09192895144224167,0.5756097435951233,0.5842606425285339
YGR082W,YHR039C-A,0,-0.08694971,0.09191463142633438,0.5756097435951233,0.5843608975410461
YLR452C,YOR117W,0,-0.0870172,0.0919003114104271,0.5756097435951233,0.5844611525535583
YAR035W,YLR395C,0,-0.08707016,0.0918859988451004,0.5756097435951233,0.5845614075660706
YDR014W,YKL181W,0,-0.08710585,0.09187169373035431,0.5756097435951233,0.5846616625785828
YDR365W-A,YMR270C,0,-0.08717945,0.09185738861560822,0.5756097435951233,0.584761917591095
YDR343C,YHR109W,0,-0.08719798,0.09184309095144272,0.5756097435951233,0.5848621726036072
YKL145W,YDR227W,0,-0.087209545,0.09182879328727722,0.5756097435951233,0.5849624276161194
YDR247W,YGL103W,0,-0.08723464,0.09181450307369232,0.5756097435951233,0.5850626826286316
YHR135C,YDR487C,0,-0.08726146,0.09180022031068802,0.5756097435951233,0.585162878036499
YBL020W,YDR316W-B,0,-0.08732061,0.09178593754768372,0.5756097435951233,0.5852631330490112
YLL018C-A,YLR258W,0,-0.087322436,0.09177166223526001,0.5756097435951233,0.5853633880615234
YDR520C,YMR182C,0,-0.087345354,0.0917573869228363,0.5756097435951233,0.5854636430740356
YNL261W,YOL043C,0,-0.08736762,0.0917431190609932,0.5756097435951233,0.5855638980865479
YPR024W,YJR153W,0,-0.08749145,0.09172885864973068,0.5756097435951233,0.5856641530990601
YNL223W,YGL162W,0,-0.08759864,0.09171459823846817,0.5756097435951233,0.5857644081115723
YBL008W,YGL195W,0,-0.087607585,0.09170034527778625,0.5756097435951233,0.5858646631240845
YCR096C,YDR243C,0,-0.08760997,0.09168609231710434,0.5756097435951233,0.5859649181365967
YJR151C,YJR145C,0,-0.08764429,0.09167184680700302,0.5756097435951233,0.5860651731491089
YDR207C,YCR094W,0,-0.08772332,0.0916576012969017,0.5756097435951233,0.5861654281616211
YGR122W,YIL138C,0,-0.087726146,0.09164337068796158,0.5756097435951233,0.5862656831741333
YHR154W,YLR048W,0,-0.087760456,0.09162913262844086,0.5756097435951233,0.5863659381866455
YER131W,YNL192W,0,-0.087769456,0.09161490947008133,0.5756097435951233,0.5864661931991577
YLR120C,YKL059C,0,-0.08779644,0.0916006863117218,0.5756097435951233,0.5865663886070251
YFR004W,YPL176C,1,-0.08779689,0.09174169600009918,0.5765853524208069,0.5865663886070251
YER094C,YHR166C,1,-0.08781526,0.09188266098499298,0.5775609612464905,0.5865663886070251
YDR054C,YOR304W,0,-0.08785128,0.09186840802431107,0.5775609612464905,0.5866666436195374
YLR153C,YDR261W-B,0,-0.087856434,0.09185414761304855,0.5775609612464905,0.5867668986320496
YLL018C-A,YNL271C,0,-0.08796071,0.09183990210294724,0.5775609612464905,0.5868671536445618
YKL011C,YDR128W,0,-0.08800227,0.09182565659284592,0.5775609612464905,0.586967408657074
YDR210W-B,YIL109C,0,-0.08807832,0.0918114110827446,0.5775609612464905,0.5870676636695862
YKL089W,YBR261C,0,-0.08818451,0.09179718047380447,0.5775609612464905,0.5871679186820984
YDL132W,YOR339C,1,-0.0882162,0.09193798154592514,0.5785365700721741,0.5871679186820984
YDL091C,YDL095W,0,-0.08822634,0.09192373603582382,0.5785365700721741,0.5872681736946106
YDR031W,YDR284C,0,-0.08839547,0.0919094830751419,0.5785365700721741,0.5873684287071228
YGR075C,YGL019W,0,-0.08839633,0.09189524501562119,0.5785365700721741,0.587468683719635
YDR320C-A,YNL178W,0,-0.08839913,0.09188100695610046,0.5785365700721741,0.5875689387321472
YLR394W,YCR020C,0,-0.08843704,0.09186676889657974,0.5785365700721741,0.5876691937446594
YDR373W,YDR190C,0,-0.08847607,0.09185253828763962,0.5785365700721741,0.5877694487571716
YLR291C,YLR188W,0,-0.088485114,0.09183831512928009,0.5785365700721741,0.5878697037696838
YOR244W,YFR031C,0,-0.088589445,0.09182409197092056,0.5785365700721741,0.5879698991775513
YGL220W,YNL029C,0,-0.088598676,0.09180987626314163,0.5785365700721741,0.5880701541900635
YIR002C,YNL046W,0,-0.08866923,0.0917956680059433,0.5785365700721741,0.5881704092025757
YBR192W,YLR299W,0,-0.08867831,0.09178145974874496,0.5785365700721741,0.5882706642150879
YBR029C,YKL016C,0,-0.08870284,0.09176725149154663,0.5785365700721741,0.5883709192276001
YBR058C,YIL006W,0,-0.088725865,0.09175305813550949,0.5785365700721741,0.5884711742401123
YGL028C,YLR176C,0,-0.08872943,0.09173886477947235,0.5785365700721741,0.5885714292526245
YDR334W,YER133W,0,-0.08879655,0.09172467142343521,0.5785365700721741,0.5886716842651367
YLR364W,YML092C,0,-0.08883541,0.09171048551797867,0.5785365700721741,0.5887719392776489
YKL210W,YBR260C,0,-0.088858806,0.09169630706310272,0.5785365700721741,0.5888721942901611
YDR079W,YJR029W,0,-0.08891717,0.09168212860822678,0.5785365700721741,0.5889724493026733
YBR296C,YPR144C,0,-0.08894036,0.09166795760393143,0.5785365700721741,0.5890727043151855
YBR192W,YKL089W,0,-0.088950485,0.09165378659963608,0.5785365700721741,0.5891729593276978
YDL121C,YLR129W,0,-0.08898742,0.09163962304592133,0.5785365700721741,0.5892731547355652
YOL019W,YJL085W,0,-0.089048825,0.09162546694278717,0.5785365700721741,0.5893734097480774
YMR314W,YBL067C,1,-0.08907479,0.09176579862833023,0.5795121788978577,0.5893734097480774
YBR105C,YNL186W,1,-0.089123555,0.09190608561038971,0.5804877877235413,0.5893734097480774
YKL182W,YMR273C,0,-0.08925215,0.09189189225435257,0.5804877877235413,0.5894736647605896
YNL210W,YHR167W,0,-0.08930189,0.09187769889831543,0.5804877877235413,0.5895739197731018
YLR312W-A,YOR359W,0,-0.08938163,0.09186352044343948,0.5804877877235413,0.589674174785614
YBR058C-A,YNR013C,0,-0.089642555,0.09184933453798294,0.5804877877235413,0.5897744297981262
YJL052W,YNL012W,0,-0.089679,0.091835156083107,0.5804877877235413,0.5898746848106384
YML031W,YLR040C,0,-0.08968399,0.09182098507881165,0.5804877877235413,0.5899749398231506
YJR151C,YOR076C,0,-0.08970448,0.0918068215250969,0.5804877877235413,0.5900751948356628
YNL331C,YDR323C,0,-0.089783154,0.09179265797138214,0.5804877877235413,0.590175449848175
YDR390C,YOR249C,1,-0.08984246,0.0919327437877655,0.5814633965492249,0.590175449848175
YOL111C,YOR036W,0,-0.08984352,0.09191856533288956,0.5814633965492249,0.5902757048606873
YPL180W,YLR256W-A,0,-0.08986547,0.09190439432859421,0.5814633965492249,0.5903759598731995
YJR054W,YPL147W,0,-0.08986753,0.09189022332429886,0.5814633965492249,0.5904762148857117
YNL306W,YJL109C,0,-0.089887016,0.0918760597705841,0.5814633965492249,0.5905764698982239
YMR037C,YDL114W,0,-0.089911185,0.09186189621686935,0.5814633965492249,0.5906766653060913
YNL281W,YDR056C,0,-0.08991942,0.0918477401137352,0.5814633965492249,0.5907769203186035
YMR159C,YGR161W-A,0,-0.08995914,0.09183359146118164,0.5814633965492249,0.5908771753311157
YER049W,YIL018W,0,-0.09002753,0.09181944280862808,0.5814633965492249,0.5909774303436279
YBR069C,YGR009C,0,-0.09003555,0.09180530160665512,0.5814633965492249,0.5910776853561401
YNL044W,YNL051W,0,-0.09007577,0.09179116040468216,0.5814633965492249,0.5911779403686523
YLL013C,YDR060W,0,-0.090138085,0.0917770266532898,0.5814633965492249,0.5912781953811646
YKR050W,YAL013W,0,-0.090158366,0.09176289290189743,0.5814633965492249,0.5913784503936768
YGL025C,YGR159C,0,-0.09019788,0.09174876660108566,0.5814633965492249,0.591478705406189
YKL067W,YOL122C,0,-0.090220824,0.09173464775085449,0.5814633965492249,0.5915789604187012
YKR027W,YFR030W,0,-0.09023004,0.09172052890062332,0.5814633965492249,0.5916792154312134
YDR054C,YGL048C,1,-0.090283416,0.09186028689146042,0.5824390053749084,0.5916792154312134
YJR055W,YDL145C,0,-0.09031567,0.09184615314006805,0.5824390053749084,0.5917794704437256
YLR425W,YLR309C,0,-0.09031943,0.09183202683925629,0.5824390053749084,0.5918797254562378
YHR193C,YDR210W-B,0,-0.090562694,0.09181790053844452,0.5824390053749084,0.5919799208641052
YPL235W,YDL051W,0,-0.09068864,0.09180378168821335,0.5824390053749084,0.5920801758766174
YNL214W,YNL176C,0,-0.09073756,0.09178967028856277,0.5824390053749084,0.5921804308891296
YIL053W,YKL134C,0,-0.09077836,0.0917755588889122,0.5824390053749084,0.5922806859016418
YHR088W,YML043C,0,-0.09079415,0.09176144748926163,0.5824390053749084,0.592380940914154
YNL132W,YIL043C,0,-0.090799995,0.09174735099077225,0.5824390053749084,0.5924811959266663
YGL227W,YLR306W,1,-0.0908129,0.09188690781593323,0.583414614200592,0.5924811959266663
YPL093W,YHR136C,0,-0.0908256,0.09187278896570206,0.583414614200592,0.5925814509391785
YDL166C,YBL007C,0,-0.09093634,0.09185867756605148,0.583414614200592,0.5926817059516907
YCL069W,YDR416W,0,-0.09109726,0.0918445736169815,0.583414614200592,0.5927819609642029
YPL235W,YHL017W,0,-0.09113973,0.09183046966791153,0.583414614200592,0.5928822159767151
YPL042C,YPR194C,0,-0.09127652,0.09181636571884155,0.583414614200592,0.5929824709892273
YLR024C,YMR214W,1,-0.091286905,0.09195578843355179,0.5843902230262756,0.5929824709892273
YJR143C,YJL069C,0,-0.09131836,0.09194166958332062,0.5843902230262756,0.5930827260017395
YBR058C,YBL084C,1,-0.09133336,0.09208103269338608,0.5853658318519592,0.5930827260017395
YBR058C,YBR201W,1,-0.091335945,0.09222034364938736,0.5863414406776428,0.5930827260017395
YOR363C,YGR260W,0,-0.09139191,0.0922061949968338,0.5863414406776428,0.5931829810142517
YPR158W-B,YDR398W,0,-0.09146001,0.09219205379486084,0.5863414406776428,0.5932832360267639
YOR138C,YLR128W,1,-0.09146131,0.09233129024505615,0.5873170495033264,0.5932832360267639
YBR094W,YOR299W,0,-0.09147292,0.0923171266913414,0.5873170495033264,0.5933834314346313
YNR013C,YHL008C,0,-0.09148348,0.09230297803878784,0.5873170495033264,0.5934836864471436
YNL059C,YEL024W,0,-0.09149336,0.09228882193565369,0.5873170495033264,0.5935839414596558
YCL055W,YNL070W,0,-0.09150083,0.09227468073368073,0.5873170495033264,0.593684196472168
YLR096W,YDR056C,0,-0.09151601,0.09226053953170776,0.5873170495033264,0.5937844514846802
YBR078W,YPR138C,0,-0.09154038,0.0922463983297348,0.5873170495033264,0.5938847064971924
YKL145W,YHR004C,0,-0.09158682,0.09223226457834244,0.5873170495033264,0.5939849615097046
YAL033W,YFL002W-A,0,-0.091609605,0.09221813827753067,0.5873170495033264,0.5940852165222168
YOR156C,YIL030C,1,-0.0916182,0.09235717356204987,0.58829265832901,0.5940852165222168
YBR175W,YOR326W,0,-0.091684036,0.0923430323600769,0.58829265832901,0.594185471534729
YPR108W,YIR025W,1,-0.091809966,0.09248200803995132,0.5892682671546936,0.594185471534729
YKL064W,YNL008C,0,-0.091869585,0.09246785193681717,0.5892682671546936,0.5942857265472412
YML111W,YBR290W,1,-0.091882594,0.09260676801204681,0.5902438759803772,0.5942857265472412
YGL026C,YNL095C,0,-0.09188544,0.09259258955717087,0.5902438759803772,0.5943859815597534
YDR069C,YPL065W,1,-0.09188784,0.09273144602775574,0.5912194848060608,0.5943859815597534
YNL159C,YIL138C,0,-0.09190174,0.0927172601222992,0.5912194848060608,0.5944862365722656
YHR202W,YMR232W,0,-0.092026554,0.09270307421684265,0.5912194848060608,0.5945864915847778
YJR112W,YDR329C,0,-0.09203728,0.0926888957619667,0.5912194848060608,0.5946866869926453
YPL156C,YDR341C,0,-0.09210021,0.09267471730709076,0.5912194848060608,0.5947869420051575
YDL164C,YPL262W,0,-0.09216855,0.09266055375337601,0.5912194848060608,0.5948871970176697
YMR203W,YJL056C,0,-0.092180945,0.09264638274908066,0.5912194848060608,0.5949874520301819
YER174C,YDR218C,0,-0.09218248,0.0926322191953659,0.5912194848060608,0.5950877070426941
YEL012W,YMR314W,1,-0.092273295,0.09277089685201645,0.5921950936317444,0.5950877070426941
YHL006C,YHL017W,0,-0.0923359,0.0927567258477211,0.5921950936317444,0.5951879620552063
YMR289W,YIL106W,0,-0.092336915,0.09274255484342575,0.5921950936317444,0.5952882170677185
YGR204W,YJR032W,0,-0.09242088,0.0927283838391304,0.5921950936317444,0.5953884720802307
YHR197W,YMR094W,0,-0.09243513,0.09271422028541565,0.5921950936317444,0.5954887270927429
YDR082W,YER071C,0,-0.09246317,0.0927000641822815,0.5921950936317444,0.5955889821052551
YHR185C,YAL034W-A,0,-0.09253553,0.09268590807914734,0.5921950936317444,0.5956892371177673
YGR191W,YPL147W,0,-0.09254694,0.09267175942659378,0.5921950936317444,0.5957894921302795
YJR045C,YOR103C,0,-0.09256663,0.09265761077404022,0.5921950936317444,0.5958897471427917
YGR116W,YKR072C,0,-0.09258778,0.09264346957206726,0.5921950936317444,0.595990002155304
YIL118W,YMR272C,0,-0.092608355,0.0926293283700943,0.5921950936317444,0.5960901975631714
YPR010C,YGR047C,0,-0.092679985,0.09261519461870193,0.5921950936317444,0.5961904525756836
YGL111W,YDR437W,0,-0.09270475,0.09260106831789017,0.5921950936317444,0.5962907075881958
YLL011W,YGL089C,0,-0.09273016,0.0925869420170784,0.5921950936317444,0.596390962600708
YPR049C,YDL130W,0,-0.092738785,0.09257282316684723,0.5921950936317444,0.5964912176132202
YMR122W-A,YFL014W,0,-0.092754774,0.09255870431661606,0.5921950936317444,0.5965914726257324
YKL183W,YDR361C,0,-0.09279559,0.09254459291696548,0.5921950936317444,0.5966917276382446
YHR210C,YHR013C,0,-0.092937775,0.09253048896789551,0.5921950936317444,0.5967919826507568
YNL271C,YMR097C,0,-0.092958584,0.09251638501882553,0.5921950936317444,0.596892237663269
YJR131W,YNR069C,1,-0.09298393,0.09265467524528503,0.593170702457428,0.596892237663269
YGL063W,YIR031C,0,-0.09303631,0.09264056384563446,0.593170702457428,0.5969924926757812
YCL026C-B,YAR009C,0,-0.09318403,0.09262644499540329,0.593170702457428,0.5970927476882935
YCR066W,YBR128C,1,-0.09320625,0.09276466071605682,0.5941463708877563,0.5970927476882935
YPR096C,YEL053C,0,-0.0933329,0.09275053441524506,0.5941463708877563,0.5971930027008057
YCL055W,YBR177C,0,-0.093446486,0.09273640811443329,0.5941463708877563,0.5972932577133179
YBR271W,YDR304C,0,-0.09351959,0.09272228926420212,0.5941463708877563,0.5973935127258301
YGL249W,YFR032C-A,0,-0.09353878,0.09270817786455154,0.5941463708877563,0.5974937081336975
YPL234C,YJR046W,0,-0.09356563,0.09269406646490097,0.5941463708877563,0.5975939631462097
YOR299W,YGR285C,0,-0.093877874,0.0926799550652504,0.5941463708877563,0.5976942181587219
YGR104C,YER101C,0,-0.09401278,0.09266585856676102,0.5941463708877563,0.5977944731712341
YBL091C-A,YML094W,0,-0.09402815,0.09265175461769104,0.5941463708877563,0.5978947281837463
YMR319C,YJR145C,0,-0.09409006,0.09263766556978226,0.5941463708877563,0.5979949831962585
YGL094C,YGL127C,0,-0.0941165,0.09262357652187347,0.5941463708877563,0.5980952382087708
YDL133C-A,YMR019W,0,-0.09413689,0.09260948747396469,0.5941463708877563,0.598195493221283
YDL074C,YLL042C,1,-0.09415137,0.09274744987487793,0.5951219797134399,0.598195493221283
YMR061W,YGR122W,0,-0.09432446,0.09273335337638855,0.5951219797134399,0.5982957482337952
YJL081C,YKL002W,0,-0.0943781,0.09271925687789917,0.5951219797134399,0.5983960032463074
YDL247W,YML097C,0,-0.09438888,0.09270516782999039,0.5951219797134399,0.5984962582588196
YLR098C,YBR010W,0,-0.09443638,0.0926910787820816,0.5951219797134399,0.5985965132713318
YLR175W,YDR310C,0,-0.094437376,0.09267699718475342,0.5951219797134399,0.598696768283844
YBR046C,YPL113C,0,-0.0944919,0.09266292303800583,0.5951219797134399,0.5987969636917114
YIR025W,YER031C,0,-0.09450843,0.09264884889125824,0.5951219797134399,0.5988972187042236
YKL006W,YOR061W,0,-0.09452849,0.09263477474451065,0.5951219797134399,0.5989974737167358
YIL075C,YER098W,1,-0.094550006,0.09277255088090897,0.5960975885391235,0.5989974737167358
YER150W,YNL192W,0,-0.09463605,0.09275846183300018,0.5960975885391235,0.599097728729248
YMR243C,YAL019W,0,-0.094650365,0.092744380235672,0.5960975885391235,0.5991979837417603
YNL311C,YMR223W,1,-0.09476384,0.09288207441568375,0.5970731973648071,0.5991979837417603
YNL199C,YER104W,0,-0.094826005,0.09286798536777496,0.5970731973648071,0.5992982387542725
YER044C-A,YNL309W,0,-0.09487713,0.09285388886928558,0.5970731973648071,0.5993984937667847
YJL158C,YHR023W,0,-0.094951764,0.0928398072719574,0.5970731973648071,0.5994987487792969
YGL067W,YGR263C,0,-0.09504091,0.09282572567462921,0.5970731973648071,0.5995990037918091
YJR027W,YNL027W,0,-0.09510166,0.09281164407730103,0.5970731973648071,0.5996992588043213
YJR010C-A,YJL057C,0,-0.09518045,0.09279757738113403,0.5970731973648071,0.5997995138168335
YLR247C,YMR088C,0,-0.09518913,0.09278350323438644,0.5970731973648071,0.5998997688293457
YDR101C,YGL073W,0,-0.09519599,0.09276944398880005,0.5970731973648071,0.6000000238418579
YMR041C,YHR210C,0,-0.09529408,0.09275537729263306,0.5970731973648071,0.6001002788543701
YNR019W,YER138C,0,-0.09536242,0.09274132549762726,0.5970731973648071,0.6002004742622375
YDR273W,YBR205W,0,-0.09537634,0.09272727370262146,0.5970731973648071,0.6003007292747498
YPL072W,YFR010W,1,-0.09543192,0.09286471456289291,0.5980488061904907,0.6003007292747498
YLR396C,YBR261C,0,-0.09549792,0.09285064786672592,0.5980488061904907,0.600400984287262
YGL062W,YLR097C,0,-0.095522754,0.09283658862113953,0.5980488061904907,0.6005012392997742
YOR249C,YBR271W,0,-0.09558781,0.09282252937555313,0.5980488061904907,0.6006014943122864
YER014W,YKL198C,0,-0.09558861,0.09280847758054733,0.5980488061904907,0.6007017493247986
YJR130C,YML006C,0,-0.09563636,0.09279442578554153,0.5980488061904907,0.6008020043373108
YLR286C,YER127W,0,-0.09570863,0.09278038144111633,0.5980488061904907,0.600902259349823
YMR158W,YJR042W,0,-0.095734015,0.09276634454727173,0.5980488061904907,0.6010025143623352
YKR088C,YMR105C,0,-0.095858775,0.09275230765342712,0.5980488061904907,0.6011027693748474
YOR117W,YLR025W,1,-0.09585915,0.09288956224918365,0.5990244150161743,0.6011027693748474
YGR235C,YCR075C,0,-0.095949575,0.09287551045417786,0.5990244150161743,0.6012030243873596
YOR123C,YNL050C,0,-0.09596538,0.09286146610975266,0.5990244150161743,0.6013032793998718
YNR017W,YDL095W,0,-0.09609223,0.09284742176532745,0.5990244150161743,0.601403534412384
YOR123C,YBR261C,0,-0.09616972,0.09283338487148285,0.5990244150161743,0.6015037298202515
YPL031C,YLR316C,0,-0.096172236,0.09281934797763824,0.5990244150161743,0.6016039848327637
YDR495C,YOR019W,0,-0.09619532,0.09280531853437424,0.5990244150161743,0.6017042398452759
YKR097W,YIL074C,0,-0.09622709,0.09279129654169083,0.5990244150161743,0.6018044948577881
YPR007C,YKR088C,0,-0.09623212,0.09277727454900742,0.5990244150161743,0.6019047498703003
YKL156W,YLR299W,0,-0.096255295,0.0927632600069046,0.5990244150161743,0.6020050048828125
YJR045C,YNL137C,0,-0.09629131,0.09274924546480179,0.5990244150161743,0.6021052598953247
YFR052W,YHR028C,0,-0.09631611,0.09273523837327957,0.5990244150161743,0.6022055149078369
YPL155C,YOR274W,0,-0.09632691,0.09272123128175735,0.5990244150161743,0.6023057699203491
YBL091C,YMR033W,0,-0.0963852,0.09270723164081573,0.5990244150161743,0.6024060249328613
YOR358W,YLR459W,0,-0.096389286,0.09269323945045471,0.5990244150161743,0.6025062799453735
YNL301C,YFR036W,0,-0.09647954,0.09267924726009369,0.5990244150161743,0.6026065349578857
YDR447C,YGR144W,0,-0.096562855,0.09266525506973267,0.5990244150161743,0.602706789970398
YAR009C,YDR175C,0,-0.09661233,0.09265127778053284,0.5990244150161743,0.6028070449829102
YNL271C,YPR110C,0,-0.096620075,0.09263729304075241,0.5990244150161743,0.6029072403907776
YDR074W,YHR147C,0,-0.09669194,0.09262332320213318,0.5990244150161743,0.6030074954032898
YGR266W,YLR248W,0,-0.096728675,0.09260935336351395,0.5990244150161743,0.603107750415802
YPL148C,YHL021C,0,-0.09687998,0.09259538352489471,0.5990244150161743,0.6032080054283142
YDL075W,YML074C,0,-0.09695537,0.09258142113685608,0.5990244150161743,0.6033082604408264
YIL043C,YDR231C,0,-0.097138524,0.09256746619939804,0.5990244150161743,0.6034085154533386
YDL012C,YER093C,0,-0.097181045,0.09255351126194,0.5990244150161743,0.6035087704658508
YIL124W,YHL008C,0,-0.09720105,0.09253956377506256,0.5990244150161743,0.603609025478363
YDR179C,YJR131W,0,-0.09721767,0.09252561628818512,0.5990244150161743,0.6037092804908752
YLR196W,YOL121C,0,-0.09725348,0.09251167625188828,0.5990244150161743,0.6038095355033875
YMR287C,YNR032C-A,0,-0.09726986,0.09249774366617203,0.5990244150161743,0.6039097905158997
YMR264W,YLR207W,1,-0.09728219,0.09263443201780319,0.6000000238418579,0.6039097905158997
YDL097C,YDR409W,1,-0.09735997,0.09277108311653137,0.6009756326675415,0.6039097905158997
YAL025C,YJR010C-A,0,-0.0974221,0.09275711327791214,0.6009756326675415,0.6040100455284119
YBR240C,YPL091W,0,-0.09743919,0.0927431508898735,0.6009756326675415,0.6041103005409241
YLL048C,YDL107W,0,-0.097520284,0.09272918850183487,0.6009756326675415,0.6042105555534363
YMR168C,YPL271W,0,-0.097624086,0.09271523356437683,0.6009756326675415,0.6043107509613037
YHR150W,YER050C,0,-0.09771877,0.09270127862691879,0.6009756326675415,0.6044110059738159
YCR026C,YPL206C,0,-0.09774956,0.09268733114004135,0.6009756326675415,0.6045112609863281
YGL016W,YDL045W-A,0,-0.0978462,0.09267338365316391,0.6009756326675415,0.6046115159988403
YCL052C,YLR380W,1,-0.09785024,0.09280987083911896,0.6019512414932251,0.6046115159988403
YJL034W,YJL048C,1,-0.098005,0.09294630587100983,0.6029268503189087,0.6046115159988403
YIL154C,YDR483W,0,-0.098025806,0.09293232858181,0.6029268503189087,0.6047117710113525
YOL123W,YKR069W,0,-0.098047115,0.09291835874319077,0.6029268503189087,0.6048120260238647
YJL181W,YMR273C,0,-0.09805184,0.09290438890457153,0.6029268503189087,0.604912281036377
YJR070C,YJR127C,0,-0.09805682,0.0928904265165329,0.6029268503189087,0.6050125360488892
YNL084C,YBR105C,0,-0.098072976,0.09287646412849426,0.6029268503189087,0.6051127910614014
YGL249W,YBR180W,0,-0.09809167,0.09286250919103622,0.6029268503189087,0.6052130460739136
YBR029C,YPL028W,0,-0.09816616,0.09284855425357819,0.6029268503189087,0.6053133010864258
YNR037C,YLR085C,0,-0.09818532,0.09283460676670074,0.6029268503189087,0.605413556098938
YNR044W,YHR096C,0,-0.098302715,0.0928206667304039,0.6029268503189087,0.6055138111114502
YLR153C,YKL174C,0,-0.098389916,0.09280672669410706,0.6029268503189087,0.6056140065193176
YMR016C,YDR434W,0,-0.098453365,0.09279279410839081,0.6029268503189087,0.6057142615318298
YJR121W,YLL067C,0,-0.09847843,0.09277886152267456,0.6029268503189087,0.605814516544342
YGL068W,YGR061C,0,-0.09849691,0.09276493638753891,0.6029268503189087,0.6059147715568542
YDR265W,YOR274W,0,-0.09853565,0.09275101125240326,0.6029268503189087,0.6060150265693665
YDR427W,YMR183C,0,-0.09854635,0.0927370935678482,0.6029268503189087,0.6061152815818787
YEL070W,YFL047W,0,-0.09856742,0.09272318333387375,0.6029268503189087,0.6062155365943909
YLR127C,YBR069C,0,-0.09861449,0.09270927309989929,0.6029268503189087,0.6063157916069031
YDR173C,YDL045W-A,0,-0.09865759,0.09269536286592484,0.6029268503189087,0.6064160466194153
YLR300W,YCR077C,0,-0.09873272,0.09268146008253098,0.6029268503189087,0.6065163016319275
YGR161W-A,YOL078W,0,-0.09874961,0.09266756474971771,0.6029268503189087,0.6066165566444397
YNL020C,YMR312W,0,-0.09885525,0.09265367686748505,0.6029268503189087,0.6067168116569519
YFR036W,YER133W,0,-0.09885715,0.09263978153467178,0.6029268503189087,0.6068170666694641
YDL106C,YGR037C,0,-0.0988925,0.09262590110301971,0.6029268503189087,0.6069173216819763
YFR019W,YGL105W,0,-0.09889994,0.09261202067136765,0.6029268503189087,0.6070175170898438
YPR137C-B,YGL206C,0,-0.098924585,0.09259814023971558,0.6029268503189087,0.607117772102356
YGL016W,YPR178W,0,-0.098959796,0.0925842672586441,0.6029268503189087,0.6072180271148682
YGL014W,YEL016C,0,-0.09898169,0.09257040172815323,0.6029268503189087,0.6073182821273804
YFR049W,YKL059C,0,-0.09900134,0.09255653619766235,0.6029268503189087,0.6074185371398926
YLR284C,YKL095W,0,-0.09902245,0.09254267811775208,0.6029268503189087,0.6075187921524048
YLR131C,YKL024C,0,-0.09905634,0.0925288200378418,0.6029268503189087,0.607619047164917
YLL003W,YAL029C,0,-0.09907025,0.09251496940851212,0.6029268503189087,0.6077193021774292
YEL052W,YPR181C,1,-0.09907866,0.09265080094337463,0.6039024591445923,0.6077193021774292
YHR079C,YKL029C,0,-0.099119455,0.09263693541288376,0.6039024591445923,0.6078195571899414
YOR357C,YBL011W,0,-0.0992778,0.09262306988239288,0.6039024591445923,0.6079198122024536
YOR046C,YDR040C,0,-0.09928619,0.0926092192530632,0.6039024591445923,0.6080200672149658
YCL063W,YOR326W,0,-0.09931854,0.09259536117315292,0.6039024591445923,0.608120322227478
YLR291C,YMR228W,0,-0.09931975,0.09258151054382324,0.6039024591445923,0.6082205772399902
YDR320C-A,YMR270C,0,-0.099339984,0.09256766736507416,0.6039024591445923,0.6083207726478577
YMR133W,YDR189W,0,-0.099361666,0.09255382418632507,0.6039024591445923,0.6084210276603699
YOR373W,YMR160W,0,-0.099572815,0.09253998845815659,0.6039024591445923,0.6085212826728821
YLR167W,YGR253C,0,-0.09960673,0.0925261601805687,0.6039024591445923,0.6086215376853943
YPL050C,YER017C,0,-0.09963784,0.0925123319029808,0.6039024591445923,0.6087217926979065
YPL276W,YJL133W,0,-0.09973451,0.09249850362539291,0.6039024591445923,0.6088220477104187
YDL179W,YPR158C-D,0,-0.099788524,0.09248468279838562,0.6039024591445923,0.6089223027229309
YLR258W,YNL268W,0,-0.09979119,0.09247086942195892,0.6039024591445923,0.6090225577354431
YHR029C,YMR182C,0,-0.09981726,0.09245705604553223,0.6039024591445923,0.6091228127479553
YDL190C,YML013W,1,-0.099925525,0.09259258955717087,0.6048780679702759,0.6091228127479553
YJL136C,YDL137W,0,-0.099995755,0.09257876873016357,0.6048780679702759,0.6092230677604675
YOR011W,YGL004C,0,-0.10003232,0.09256494790315628,0.6048780679702759,0.6093233227729797
YHR186C,YMR076C,0,-0.100062154,0.09255112707614899,0.6048780679702759,0.6094235777854919
YOR343W-B,YLR404W,0,-0.10012084,0.09253731369972229,0.6048780679702759,0.6095238327980042
YOR260W,YDL112W,0,-0.100206986,0.0925235003232956,0.6048780679702759,0.6096240878105164
YIL069C,YDR012W,0,-0.100330256,0.09250970184803009,0.6048780679702759,0.6097242832183838
YMR099C,YMR221C,0,-0.100333236,0.09249589592218399,0.6048780679702759,0.609824538230896
YLR265C,YGL206C,0,-0.100375995,0.09248209744691849,0.6048780679702759,0.6099247932434082
YIL020C,YLL033W,0,-0.10038983,0.09246830642223358,0.6048780679702759,0.6100250482559204
YDR217C,YOL127W,0,-0.10040338,0.09245451539754868,0.6048780679702759,0.6101253032684326
YDR236C,YOL067C,0,-0.10044937,0.09244073182344437,0.6048780679702759,0.6102255582809448
YLR119W,YKL213C,1,-0.10055653,0.0925760269165039,0.6058536767959595,0.6102255582809448
YDR496C,YLR246W,0,-0.10059384,0.0925622284412384,0.6058536767959595,0.610325813293457
YMR193W,YOR039W,0,-0.10065645,0.0925484374165535,0.6058536767959595,0.6104260683059692
YDR242W,YLL057C,0,-0.100716494,0.09253464639186859,0.6058536767959595,0.6105263233184814
YPL093W,YGR181W,0,-0.10077349,0.09252085536718369,0.6058536767959595,0.6106265783309937
YDR465C,YNL001W,0,-0.100795045,0.09250707924365997,0.6058536767959595,0.6107268333435059
YMR061W,YGR268C,0,-0.10090531,0.09249329566955566,0.6058536767959595,0.6108270883560181
YNL311C,YHR166C,1,-0.101091065,0.09262844175100327,0.6068292856216431,0.6108270883560181
YNL261W,YOR008C,0,-0.10111635,0.09261465072631836,0.6068292856216431,0.6109273433685303
YNL008C,YCR020C,0,-0.101144396,0.09260086715221405,0.6068292856216431,0.6110275983810425
YLR244C,YDL055C,0,-0.10118476,0.09258707612752914,0.6068292856216431,0.6111277937889099
YMR099C,YKL040C,0,-0.10123136,0.09257330000400543,0.6068292856216431,0.6112280488014221
YGR082W,YGR174C,0,-0.1012507,0.09255952388048172,0.6068292856216431,0.6113283038139343
YOR045W,YJL136C,0,-0.101350024,0.0925457552075386,0.6068292856216431,0.6114285588264465
YOR274W,YBR115C,0,-0.10138882,0.09253198653459549,0.6068292856216431,0.6115288138389587
YEL065W,YGR124W,0,-0.10148136,0.09251821786165237,0.6068292856216431,0.611629068851471
YLR227W-B,YCR096C,0,-0.10165014,0.09250446408987045,0.6068292856216431,0.6117293238639832
YKR103W,YKL024C,0,-0.10175567,0.09249070286750793,0.6068292856216431,0.6118295788764954
YMR115W,YDR400W,1,-0.101783805,0.09262563288211823,0.6078048944473267,0.6118295788764954
YNL289W,YBR260C,0,-0.10183064,0.09261186420917511,0.6078048944473267,0.6119298338890076
YMR226C,YGR161C-D,0,-0.10184562,0.092598095536232,0.6078048944473267,0.6120300889015198
YER013W,YHR020W,0,-0.10189708,0.09258433431386948,0.6078048944473267,0.612130343914032
YPL003W,YEL052W,1,-0.10196074,0.092719167470932,0.6087805032730103,0.612130343914032
YCR018C,YML082W,0,-0.10200586,0.0927053913474083,0.6087805032730103,0.6122305989265442
YNL311C,YKL206C,1,-0.102063194,0.09284016489982605,0.6097561120986938,0.6122305989265442
YER038C,YJR121W,0,-0.10206443,0.09282637387514114,0.6097561120986938,0.6123308539390564
YMR318C,YOR335C,0,-0.10211097,0.09281259030103683,0.6097561120986938,0.6124310493469238
YJL108C,YIL047C,0,-0.10216311,0.09279881417751312,0.6097561120986938,0.612531304359436
YNL098C,YPR141C,0,-0.10221887,0.09278503805398941,0.6097561120986938,0.6126315593719482
YOR301W,YGR072W,0,-0.1023451,0.0927712619304657,0.6097561120986938,0.6127318143844604
YGR056W,YER068W,0,-0.10240158,0.09275749325752258,0.6097561120986938,0.6128320693969727
YMR264W,YKL206C,1,-0.10241775,0.0928921177983284,0.6107317209243774,0.6128320693969727
YNR021W,YJR040W,0,-0.1024544,0.09287834167480469,0.6107317209243774,0.6129323244094849
YMR221C,YMR125W,0,-0.1025195,0.09286455810070038,0.6107317209243774,0.6130325794219971
YBL058W,YGL227W,1,-0.10259796,0.09299910813570023,0.611707329750061,0.6130325794219971
YPL058C,YLL062C,0,-0.10265314,0.09298531711101532,0.611707329750061,0.6131328344345093
YCL061C,YOL012C,0,-0.102660865,0.09297153353691101,0.611707329750061,0.6132330894470215
YNL311C,YER087C-B,1,-0.102697425,0.09310600161552429,0.6126829385757446,0.6132330894470215
YKL201C,YDR261W-A,0,-0.102724425,0.09309220314025879,0.6126829385757446,0.6133333444595337
YIR037W,YOR207C,0,-0.10273584,0.09307840466499329,0.6126829385757446,0.6134335994720459
YPR086W,YLL053C,0,-0.10274256,0.09306461364030838,0.6126829385757446,0.6135338544845581
YFL047W,YPL027W,0,-0.10279635,0.09305082261562347,0.6126829385757446,0.6136341094970703
YPR080W,YNL129W,0,-0.10291026,0.09303703904151917,0.6126829385757446,0.6137343645095825
YCL064C,YBL034C,0,-0.10291701,0.09302325546741486,0.6126829385757446,0.61383455991745
YLR190W,YMR002W,0,-0.10302797,0.09300947934389114,0.6126829385757446,0.6139348149299622
YDR111C,YMR045C,0,-0.103115134,0.09299570322036743,0.6126829385757446,0.6140350699424744
YLR088W,YDL184C,0,-0.10311659,0.09298193454742432,0.6126829385757446,0.6141353249549866
YKL064W,YER044C-A,0,-0.10313382,0.0929681733250618,0.6126829385757446,0.6142355799674988
YMR302C,YPL027W,0,-0.10316836,0.09295441210269928,0.6126829385757446,0.614335834980011
YER125W,YOR138C,1,-0.103183575,0.09308864921331406,0.6136585474014282,0.614335834980011
YDR255C,YIR011C,1,-0.10318946,0.09322284907102585,0.6146341562271118,0.614335834980011
YER015W,YLR032W,0,-0.10322931,0.09320905804634094,0.6146341562271118,0.6144360899925232
YDL019C,YOR358W,0,-0.10326699,0.09319526702165604,0.6146341562271118,0.6145363450050354
YGL183C,YFR040W,0,-0.10336251,0.09318148344755173,0.6146341562271118,0.6146366000175476
YPL208W,YDR050C,0,-0.10337908,0.09316769987344742,0.6146341562271118,0.6147368550300598
YAL031C,YOR253W,0,-0.10341006,0.0931539237499237,0.6146341562271118,0.614837110042572
YLR452C,YDR376W,0,-0.103438154,0.09314015507698059,0.6146341562271118,0.6149373650550842
YBL007C,YHR033W,0,-0.103443295,0.09312638640403748,0.6146341562271118,0.6150376200675964
YMR314W,YLR127C,1,-0.10354983,0.09326042234897614,0.6156097650527954,0.6150376200675964
YPL092W,YOL155C,0,-0.10357839,0.09324663877487183,0.6156097650527954,0.6151378154754639
YDR420W,YLR213C,0,-0.103611134,0.09323286265134811,0.6156097650527954,0.6152380704879761
YKL156W,YGR103W,0,-0.103641205,0.0932190865278244,0.6156097650527954,0.6153383255004883
YGL128C,YAR019C,0,-0.103709646,0.09320531785488129,0.6156097650527954,0.6154385805130005
YLL027W,YAL020C,0,-0.10377181,0.09319154918193817,0.6156097650527954,0.6155388355255127
YDR457W,YNR016C,0,-0.10379628,0.09317778795957565,0.6156097650527954,0.6156390905380249
YBR128C,YER087C-A,1,-0.1038422,0.09331168234348297,0.616585373878479,0.6156390905380249
YML032C,YBR159W,0,-0.103848435,0.09329790621995926,0.616585373878479,0.6157393455505371
YHR168W,YDR219C,0,-0.10386841,0.09328413009643555,0.616585373878479,0.6158396005630493
YMR314W,YOL138C,0,-0.10388056,0.09327036887407303,0.616585373878479,0.6159398555755615
YLR172C,YKR050W,0,-0.10390999,0.09325660020112991,0.616585373878479,0.6160401105880737
YNL282W,YCL016C,0,-0.10397623,0.09324284642934799,0.616585373878479,0.6161403656005859
YJR150C,YKL129C,0,-0.10397946,0.09322909265756607,0.616585373878479,0.6162406206130981
YJL041W,YGL093W,0,-0.1040179,0.09321533888578415,0.616585373878479,0.6163408756256104
YMR221C,YOR299W,0,-0.10412829,0.09320159256458282,0.616585373878479,0.6164411306381226
YLR352W,YOL133W,1,-0.104131825,0.09333530068397522,0.6175609827041626,0.6164411306381226
YNL259C,YLR373C,0,-0.10421089,0.0933215394616127,0.6175609827041626,0.61654132604599
YLR214W,YCL034W,0,-0.10430501,0.09330778568983078,0.6175609827041626,0.6166415810585022
YBR037C,YDR479C,0,-0.104313925,0.09329403191804886,0.6175609827041626,0.6167418360710144
YLR403W,YIL125W,0,-0.10438823,0.09328028559684753,0.6175609827041626,0.6168420910835266
YNL132W,YDR224C,0,-0.10439627,0.09326653927564621,0.6175609827041626,0.6169423460960388
YDR118W,YFL049W,1,-0.10443312,0.09340012073516846,0.6185365915298462,0.6169423460960388
YNL070W,YDL117W,0,-0.10447957,0.09338635951280594,0.6185365915298462,0.617042601108551
YDL043C,YER014C-A,0,-0.1045808,0.09337260574102402,0.6185365915298462,0.6171428561210632
YDL202W,YKL059C,0,-0.10462323,0.09335885941982269,0.6185365915298462,0.6172431111335754
YJL087C,YGR178C,0,-0.10465608,0.09334511309862137,0.6185365915298462,0.6173433661460876
YLR060W,YKR078W,0,-0.10468087,0.09333137422800064,0.6185365915298462,0.6174436211585999
YOR101W,YHR154W,0,-0.10478944,0.09331763535737991,0.6185365915298462,0.6175438761711121
YBR181C,YDR150W,0,-0.10480108,0.09330389648675919,0.6185365915298462,0.6176441311836243
YNL122C,YNL086W,0,-0.10484094,0.09329017251729965,0.6185365915298462,0.6177443861961365
YOR322C,YHR079C,0,-0.10489204,0.09327644854784012,0.6185365915298462,0.6178446412086487
YGL238W,YIL062C,0,-0.1049109,0.09326272457838058,0.6185365915298462,0.6179448366165161
YGR142W,YMR308C,0,-0.10504573,0.09324900805950165,0.6185365915298462,0.6180450916290283
YHR153C,YLL038C,0,-0.1051405,0.09323529154062271,0.6185365915298462,0.6181453466415405
YKR085C,YDL022W,0,-0.10516741,0.09322158247232437,0.6185365915298462,0.6182456016540527
YPL098C,YIL011W,0,-0.10532824,0.09320788085460663,0.6185365915298462,0.6183458566665649
YKL052C,YDR135C,0,-0.10536655,0.09319417923688889,0.6185365915298462,0.6184461116790771
YBR128C,YLR427W,0,-0.1053725,0.09318048506975174,0.6185365915298462,0.6185463666915894
YNL271C,YPR169W,0,-0.10538628,0.0931667909026146,0.6185365915298462,0.6186466217041016
YDR461W,YMR048W,0,-0.1054105,0.09315309673547745,0.6185365915298462,0.6187468767166138
YGL240W,YER087C-B,1,-0.10559223,0.09328632056713104,0.6195122003555298,0.6187468767166138
YNL078W,YOR025W,0,-0.10564975,0.0932726189494133,0.6195122003555298,0.618847131729126
YDR201W,YKL003C,0,-0.10569187,0.09325892478227615,0.6195122003555298,0.6189473867416382
YDR320C-A,YEL021W,0,-0.105711184,0.09324523061513901,0.6195122003555298,0.6190476417541504
YML045W-A,YPR105C,0,-0.10571664,0.09323153644800186,0.6195122003555298,0.6191478967666626
YGL240W,YJR102C,1,-0.10574622,0.0933646485209465,0.6204878091812134,0.6191478967666626
YDR091C,YMR089C,0,-0.10578116,0.09335094690322876,0.6204878091812134,0.61924809217453
YHR010W,YGL050W,0,-0.10590344,0.09333724528551102,0.6204878091812134,0.6193483471870422
YOR386W,YBL098W,0,-0.10590648,0.09332355111837387,0.6204878091812134,0.6194486021995544
YBR185C,YJL191W,0,-0.10602067,0.09330985695123672,0.6204878091812134,0.6195488572120667
YGL027C,YMR225C,0,-0.10603281,0.09329617023468018,0.6204878091812134,0.6196491122245789
YML098W,YKR054C,0,-0.10612499,0.09328249096870422,0.6204878091812134,0.6197493672370911
YDR261C-D,YOR313C,0,-0.10629859,0.09326880425214767,0.6204878091812134,0.6198496222496033
YJR150C,YDR090C,0,-0.106424056,0.09325513243675232,0.6204878091812134,0.6199498772621155
YGL037C,YJR097W,0,-0.106466,0.09324146062135696,0.6204878091812134,0.6200501322746277
YNR040W,YOR132W,0,-0.10650516,0.09322778880596161,0.6204878091812134,0.6201503872871399
YPR191W,YPR046W,0,-0.10650953,0.09321413189172745,0.6204878091812134,0.6202506422996521
YLR015W,YEL013W,0,-0.10657763,0.09320046752691269,0.6204878091812134,0.6203508973121643
YHR201C,YKR037C,0,-0.10659199,0.09318681061267853,0.6204878091812134,0.6204511523246765
YDL122W,YPL020C,1,-0.10664059,0.09331966191530228,0.621463418006897,0.6204511523246765
YLL014W,YGL135W,0,-0.10665103,0.09330599009990692,0.621463418006897,0.6205514073371887
YJR078W,YML128C,0,-0.10665757,0.09329232573509216,0.621463418006897,0.6206516027450562
YKL194C,YJL029C,0,-0.10671284,0.0932786613702774,0.621463418006897,0.6207518577575684
YEL043W,YDL055C,0,-0.1069025,0.09326500445604324,0.621463418006897,0.6208521127700806
YPL105C,YBL079W,0,-0.10691895,0.09325135499238968,0.621463418006897,0.6209523677825928
YDL045W-A,YKL129C,0,-0.10693007,0.09323770552873611,0.621463418006897,0.621052622795105
YBL085W,YDR004W,0,-0.10696583,0.09322405606508255,0.621463418006897,0.6211528778076172
YHL006C,YGL162W,0,-0.10706894,0.09321042150259018,0.621463418006897,0.6212531328201294
YJL045W,YHR170W,0,-0.1070753,0.09319677948951721,0.621463418006897,0.6213533878326416
YFR036W,YDR363W-A,1,-0.10709772,0.09332942962646484,0.6224390268325806,0.6213533878326416
YMR307W,YPL097W,0,-0.10710489,0.09331578016281128,0.6224390268325806,0.6214536428451538
YGR170W,YBR181C,0,-0.10730427,0.09330213814973831,0.6224390268325806,0.621553897857666
YNL061W,YMR303C,0,-0.10731525,0.09328849613666534,0.6224390268325806,0.6216541528701782
YGL119W,YGL141W,0,-0.10733743,0.09327485412359238,0.6224390268325806,0.6217544078826904
YDR351W,YIR011C,0,-0.10734639,0.0932612195611,0.6224390268325806,0.6218546628952026
YLR092W,YDR148C,0,-0.10741973,0.09324758499860764,0.6224390268325806,0.6219548583030701
YMR183C,YJR139C,0,-0.10742568,0.09323396533727646,0.6224390268325806,0.6220551133155823
YOL043C,YEL053C,0,-0.10751199,0.09322033822536469,0.6224390268325806,0.6221553683280945
YDR159W,YNL091W,0,-0.10753963,0.09320671856403351,0.6224390268325806,0.6222556233406067
YIL022W,YHL047C,0,-0.10754945,0.09319310635328293,0.6224390268325806,0.6223558783531189
YJR120W,YOR287C,0,-0.10762956,0.09317949414253235,0.6224390268325806,0.6224561333656311
YHR028C,YPL252C,0,-0.10773393,0.09316588938236237,0.6224390268325806,0.6225563883781433
YBL058W,YMR195W,0,-0.10784794,0.09315228462219238,0.6224390268325806,0.6226566433906555
YPL058C,YNL066W,0,-0.10784943,0.093138687312603,0.6224390268325806,0.6227568984031677
YLR160C,YDR244W,0,-0.107864805,0.09312509000301361,0.6224390268325806,0.6228571534156799
YDR139C,YBR173C,1,-0.107977204,0.09325744211673737,0.6234146356582642,0.6228571534156799
YOR034C,YEL031W,0,-0.10802398,0.09324383735656738,0.6234146356582642,0.6229574084281921
YKR053C,YGR002C,0,-0.10813341,0.0932302325963974,0.6234146356582642,0.6230576634407043
YCL066W,YOR372C,0,-0.10816675,0.09321662783622742,0.6234146356582642,0.6231579184532166
YML047C,YHR035W,0,-0.108176604,0.09320303052663803,0.6234146356582642,0.6232581734657288
YBL058W,YML088W,1,-0.108203344,0.09333527833223343,0.6243902444839478,0.6232581734657288
YHR120W,YNL210W,0,-0.10821979,0.09332166612148285,0.6243902444839478,0.6233583688735962
YNL322C,YOL059W,0,-0.10824161,0.09330806136131287,0.6243902444839478,0.6234586238861084
YNL054W,YMR076C,0,-0.10825854,0.09329446405172348,0.6243902444839478,0.6235588788986206
YDL028C,YPL280W,0,-0.10826514,0.0932808592915535,0.6243902444839478,0.6236591339111328
YMR297W,YJR135C,0,-0.10826706,0.09326726943254471,0.6243902444839478,0.623759388923645
YOR261C,YPL003W,1,-0.10838302,0.09339939057826996,0.6253658533096313,0.623759388923645
YHR006W,YDL028C,0,-0.108507015,0.09338577836751938,0.6253658533096313,0.6238596439361572
YCR087C-A,YIL043C,0,-0.10852402,0.09337218105792999,0.6253658533096313,0.6239598989486694
YJR123W,YGR097W,0,-0.10855796,0.09335857629776001,0.6253658533096313,0.6240601539611816
YKR093W,YKL067W,0,-0.108686395,0.09334498643875122,0.6253658533096313,0.6241604089736938
YOL104C,YJR040W,0,-0.10871389,0.09333138912916183,0.6253658533096313,0.624260663986206
YMR301C,YLR353W,0,-0.108736865,0.09331780672073364,0.6253658533096313,0.6243609189987183
YDR231C,YJL078C,0,-0.10881265,0.09330422431230545,0.6253658533096313,0.6244611740112305
YDL084W,YOR285W,0,-0.108865134,0.09329064190387726,0.6253658533096313,0.6245614290237427
YGL172W,YIL106W,0,-0.10902432,0.09327706694602966,0.6253658533096313,0.6246616244316101
YKL191W,YMR145C,0,-0.109080486,0.09326349198818207,0.6253658533096313,0.6247618794441223
YPL159C,YKL020C,0,-0.10916861,0.09324992448091507,0.6253658533096313,0.6248621344566345
YIL053W,YKL038W,0,-0.109202266,0.09323636442422867,0.6253658533096313,0.6249623894691467
YDL082W,YNL166C,0,-0.109351106,0.09322280436754227,0.6253658533096313,0.6250626444816589
YML056C,YGL161C,0,-0.109386705,0.09320925176143646,0.6253658533096313,0.6251628994941711
YER015W,YGL180W,0,-0.10950044,0.09319569915533066,0.6253658533096313,0.6252631545066833
YGL112C,YNR010W,0,-0.109543614,0.09318214654922485,0.6253658533096313,0.6253634095191956
YGL229C,YLR192C,0,-0.10955129,0.09316860139369965,0.6253658533096313,0.6254636645317078
YJL001W,YBL017C,1,-0.1095764,0.09330039471387863,0.6263414621353149,0.6254636645317078
YGL203C,YOL105C,0,-0.10957729,0.09328683465719223,0.6263414621353149,0.62556391954422
YNL159C,YER102W,0,-0.109755,0.09327328205108643,0.6263414621353149,0.6256641745567322
YDL223C,YDR320C-A,0,-0.10978048,0.09325972944498062,0.6263414621353149,0.6257644295692444
YJL157C,YIL021W,0,-0.10980608,0.09324618428945541,0.6263414621353149,0.6258646845817566
YDL215C,YBL079W,0,-0.109894745,0.0932326465845108,0.6263414621353149,0.6259649395942688
YER177W,YOR356W,0,-0.10989919,0.09321910887956619,0.6263414621353149,0.6260651350021362
YLR256W-A,YLR288C,0,-0.10993438,0.09320557862520218,0.6263414621353149,0.6261653900146484
YPL271W,YML080W,0,-0.10994334,0.09319204837083817,0.6263414621353149,0.6262656450271606
YNL142W,YOR175C,0,-0.110073864,0.09317851811647415,0.6263414621353149,0.6263659000396729
YPL087W,YKL186C,0,-0.11011519,0.09316499531269073,0.6263414621353149,0.6264661550521851
YGL211W,YER020W,0,-0.110124,0.09315147995948792,0.6263414621353149,0.6265664100646973
YPL130W,YKL042W,0,-0.110129885,0.0931379646062851,0.6263414621353149,0.6266666650772095
YER102W,YGR027W-B,0,-0.11017846,0.09312445670366287,0.6263414621353149,0.6267669200897217
YPR066W,YML029W,1,-0.110187866,0.09325598180294037,0.6273170709609985,0.6267669200897217
YPL078C,YGR003W,0,-0.11024072,0.09324245899915695,0.6273170709609985,0.6268671751022339
YBL088C,YEL038W,0,-0.110347725,0.09322894364595413,0.6273170709609985,0.6269674301147461
YDL112W,YHR005C-A,0,-0.11035624,0.09321542829275131,0.6273170709609985,0.6270676851272583
YBL106C,YCR087C-A,0,-0.11051182,0.09320191293954849,0.6273170709609985,0.6271679401397705
YBR026C,YMR238W,0,-0.110552154,0.09318840503692627,0.6273170709609985,0.6272681951522827
YLR368W,YER098W,1,-0.11063253,0.09331981092691422,0.6282926797866821,0.6272681951522827
YDR284C,YOR147W,0,-0.1106498,0.0933062881231308,0.6282926797866821,0.6273684501647949
YNL284C-A,YMR172W,0,-0.11068444,0.09329277276992798,0.6282926797866821,0.6274686455726624
YDL216C,YPR155C,0,-0.11069045,0.09327925741672516,0.6282926797866821,0.6275689005851746
YMR270C,YNL286W,0,-0.11069805,0.09326574951410294,0.6282926797866821,0.6276691555976868
YBR198C,YKL082C,0,-0.11070038,0.09325224161148071,0.6282926797866821,0.627769410610199
YAL025C,YLR079W,0,-0.11073135,0.09323874115943909,0.6282926797866821,0.6278696656227112
YGR179C,YHR014W,0,-0.11073799,0.09322524815797806,0.6282926797866821,0.6279699206352234
YIL030C,YHR136C,0,-0.11074122,0.09321175515651703,0.6282926797866821,0.6280701756477356
YDR176W,YDL045W-A,0,-0.11074246,0.093198262155056,0.6282926797866821,0.6281704306602478
YNL239W,YOL121C,0,-0.110784344,0.09318477660417557,0.6282926797866821,0.62827068567276
YOR256C,YGL141W,1,-0.11079607,0.0933159738779068,0.6292682886123657,0.62827068567276
YHR052W,YGR165W,0,-0.11081388,0.09330247342586517,0.6292682886123657,0.6283709406852722
YHR164C,YHL032C,0,-0.11087306,0.09328898042440414,0.6292682886123657,0.6284711956977844
YKL061W,YPL144W,0,-0.11115243,0.09327548742294312,0.6292682886123657,0.6285714507102966
YIL033C,YPL218W,0,-0.11116309,0.09326200187206268,0.6292682886123657,0.6286717057228088
YJR016C,YOR172W,0,-0.111267604,0.09324851632118225,0.6292682886123657,0.6287719011306763
YBL024W,YJL045W,0,-0.11127204,0.09323503822088242,0.6292682886123657,0.6288721561431885
YPL202C,YMR175W,0,-0.111326896,0.09322156012058258,0.6292682886123657,0.6289724111557007
YBR273C,YDR409W,1,-0.111351065,0.09335260093212128,0.6302438974380493,0.6289724111557007
YDR140W,YPL093W,0,-0.11138086,0.09333911538124084,0.6302438974380493,0.6290726661682129
YDR533C,YDR524C,0,-0.11140179,0.09332562983036041,0.6302438974380493,0.6291729211807251
YIL020C,YBR010W,0,-0.11146381,0.09331214427947998,0.6302438974380493,0.6292731761932373
YER102W,YOR142W-B,0,-0.11147419,0.09329867362976074,0.6302438974380493,0.6293734312057495
YBR295W,YLR141W,0,-0.11147644,0.09328519552946091,0.6302438974380493,0.6294736862182617
YJL073W,YDL126C,1,-0.11148394,0.09341610968112946,0.6312195062637329,0.6294736862182617
YNR038W,YKR037C,0,-0.11151268,0.09340262413024902,0.6312195062637329,0.6295739412307739
YCR086W,YHR070W,0,-0.11162398,0.09338914602994919,0.6312195062637329,0.6296741962432861
YMR270C,YNL250W,0,-0.11167259,0.09337566792964935,0.6312195062637329,0.6297744512557983
YMR093W,YGR034W,0,-0.11172839,0.09336218982934952,0.6312195062637329,0.6298747062683105
YJR102C,YNL212W,1,-0.11173622,0.09349299967288971,0.6321951150894165,0.6298747062683105
YDR315C,YGL163C,0,-0.11176132,0.09347951412200928,0.6321951150894165,0.6299749612808228
YFL057C,YIL043C,0,-0.11178213,0.09346602857112885,0.6321951150894165,0.630075216293335
YNL015W,YMR012W,0,-0.11178338,0.09345255047082901,0.6321951150894165,0.6301754117012024
YHR089C,YDR235W,0,-0.11181386,0.09343907982110977,0.6321951150894165,0.6302756667137146
YFR019W,YNR007C,0,-0.111900106,0.09342560917139053,0.6321951150894165,0.6303759217262268
YDL100C,YDL083C,0,-0.11196268,0.0934121385216713,0.6321951150894165,0.630476176738739
YOR233W,YJL225C,0,-0.11198985,0.09339867532253265,0.6321951150894165,0.6305764317512512
YKL069W,YNL133C,0,-0.1120295,0.09338521212339401,0.6321951150894165,0.6306766867637634
YBR085W,YNL029C,0,-0.11206735,0.09337175637483597,0.6321951150894165,0.6307769417762756
YHR194W,YHR214W,0,-0.11209025,0.09335830807685852,0.6321951150894165,0.6308771967887878
YDR040C,YIL136W,0,-0.11228343,0.09334485977888107,0.6321951150894165,0.6309774518013
YDL206W,YDL022W,0,-0.11229476,0.09333141148090363,0.6321951150894165,0.6310777068138123
YML012W,YLR213C,0,-0.112301804,0.09331797063350677,0.6321951150894165,0.6311779618263245
YMR038C,YLL066C,0,-0.11236421,0.09330453723669052,0.6321951150894165,0.6312782168388367
YDR358W,YLR119W,1,-0.11241806,0.09343507140874863,0.6331707239151001,0.6312782168388367
YBL058W,YLL042C,1,-0.11243005,0.09356556832790375,0.6341463327407837,0.6312782168388367
YKL126W,YGR009C,0,-0.11245565,0.09355209767818451,0.6341463327407837,0.6313784718513489
YBR005W,YNL065W,0,-0.112496935,0.09353864192962646,0.6341463327407837,0.6314786672592163
YMR094W,YJR032W,0,-0.1125224,0.09352517873048782,0.6341463327407837,0.6315789222717285
YPL225W,YFL005W,0,-0.11265569,0.09351172298192978,0.6341463327407837,0.6316791772842407
YGL048C,YER087C-B,1,-0.112697296,0.09364211559295654,0.6351219415664673,0.6316791772842407
YLR001C,YJR046W,0,-0.11272997,0.0936286523938179,0.6351219415664673,0.6317794322967529
YOR142W-A,YIL125W,0,-0.11291973,0.09361518919467926,0.6351219415664673,0.6318796873092651
YMR165C,YIL139C,0,-0.11297461,0.09360172599554062,0.6351219415664673,0.6319799423217773
YPL075W,YOR348C,0,-0.11310232,0.09358827024698257,0.6351219415664673,0.6320801973342896
YGR225W,YMR002W,0,-0.11317154,0.09357481449842453,0.6351219415664673,0.6321804523468018
YDR419W,YBR297W,0,-0.1132245,0.09356136620044708,0.6351219415664673,0.632280707359314
YDR244W,YOL077C,0,-0.113292225,0.09354792535305023,0.6351219415664673,0.6323809623718262
YDR423C,YGL136C,0,-0.113309756,0.09353448450565338,0.6351219415664673,0.6324812173843384
YOR049C,YCR030C,0,-0.1133575,0.09352104365825653,0.6351219415664673,0.6325814723968506
YJR051W,YLR285W,0,-0.11340047,0.09350761026144028,0.6351219415664673,0.6326817274093628
YDR520C,YLR194C,0,-0.11347564,0.09349418431520462,0.6351219415664673,0.632781982421875
YOL145C,YCL061C,0,-0.11361209,0.09348075836896896,0.6351219415664673,0.6328821778297424
YPL276W,YPL013C,0,-0.11369515,0.0934673398733139,0.6351219415664673,0.6329824328422546
YMR067C,YLR025W,1,-0.11372153,0.09359747171401978,0.6360975503921509,0.6329824328422546
YDR268W,YLR287C-A,0,-0.11376157,0.09358403831720352,0.6360975503921509,0.6330826878547668
YLR079W,YCL074W,0,-0.11376286,0.09357060492038727,0.6360975503921509,0.633182942867279
YPR190C,YOL043C,0,-0.113776594,0.09355717897415161,0.6360975503921509,0.6332831978797913
YNL145W,YOR228C,0,-0.113811515,0.09354376047849655,0.6360975503921509,0.6333834528923035
YOL139C,YOR018W,0,-0.113903746,0.09353034198284149,0.6360975503921509,0.6334837079048157
YDR528W,YLR037C,0,-0.11398793,0.09351692348718643,0.6360975503921509,0.6335839629173279
YOR217W,YER036C,0,-0.113998935,0.09350351244211197,0.6360975503921509,0.6336842179298401
YGR032W,YOR349W,0,-0.114012524,0.0934901088476181,0.6360975503921509,0.6337844729423523
YGL035C,YNL288W,0,-0.11402769,0.09347670525312424,0.6360975503921509,0.6338847279548645
YJR059W,YJR033C,0,-0.11408832,0.09346330165863037,0.6360975503921509,0.6339849829673767
YKL002W,YMR022W,1,-0.11432826,0.09359323233366013,0.6370731592178345,0.6339849829673767
YBR023C,YCL034W,0,-0.114358746,0.09357982128858566,0.6370731592178345,0.6340852379798889
YFL009W,YPR181C,1,-0.1145292,0.09370969980955124,0.6380487680435181,0.6340852379798889
YDR088C,YGR047C,0,-0.11459053,0.09369627386331558,0.6380487680435181,0.6341854929924011
YDR148C,YOL103W-A,0,-0.11462476,0.09368285536766052,0.6380487680435181,0.6342856884002686
YFR024C-A,YGL185C,0,-0.11463248,0.09366943687200546,0.6380487680435181,0.6343859434127808
YJR052W,YGL195W,0,-0.11467188,0.0936560183763504,0.6380487680435181,0.634486198425293
YDR100W,YBL054W,0,-0.11469256,0.09364261478185654,0.6380487680435181,0.6345864534378052
YKR019C,YBR260C,0,-0.11478611,0.09362920373678207,0.6380487680435181,0.6346867084503174
YML061C,YGR099W,0,-0.11482971,0.09361580014228821,0.6380487680435181,0.6347869634628296
YJR118C,YKL054C,0,-0.11488389,0.09360240399837494,0.6380487680435181,0.6348872184753418
YEL027W,YMR055C,0,-0.11496218,0.09358900785446167,0.6380487680435181,0.634987473487854
YDL202W,YKL032C,0,-0.115029134,0.093575619161129,0.6380487680435181,0.6350877285003662
YMR304W,YOR117W,1,-0.11513829,0.09370529651641846,0.6390243768692017,0.6350877285003662
YPL209C,YJL006C,0,-0.115143545,0.09369189292192459,0.6390243768692017,0.6351879835128784
YHR011W,YJR004C,0,-0.11517634,0.09367848932743073,0.6390243768692017,0.6352882385253906
YJL052W,YCL047C,0,-0.115316525,0.09366509318351746,0.6390243768692017,0.6353884935379028
YGR095C,YJR040W,0,-0.11532905,0.09365170449018478,0.6390243768692017,0.635488748550415
YGR017W,YGR180C,0,-0.11540266,0.09363831579685211,0.6390243768692017,0.6355889439582825
YDR334W,YFR015C,0,-0.11540398,0.09362492710351944,0.6390243768692017,0.6356891989707947
YDR399W,YPL253C,0,-0.11544793,0.09361154586076736,0.6390243768692017,0.6357894539833069
YBR058C,YIL007C,1,-0.115508415,0.09374106675386429,0.6399999856948853,0.6357894539833069
YMR101C,YPR114W,0,-0.11551989,0.09372767806053162,0.6399999856948853,0.6358897089958191
YEL012W,YOR362C,1,-0.11553877,0.09385713934898376,0.6409755945205688,0.6358897089958191
YKR007W,YGL076C,0,-0.1155582,0.0938437357544899,0.6409755945205688,0.6359899640083313
YER178W,YDR457W,0,-0.11562122,0.09383033215999603,0.6409755945205688,0.6360902190208435
YER029C,YJR001W,0,-0.11584137,0.09381693601608276,0.6409755945205688,0.6361904740333557
YLR035C-A,YIL137C,0,-0.11588533,0.0938035398721695,0.6409755945205688,0.6362907290458679
YPL027W,YNL091W,0,-0.11598324,0.09379015117883682,0.6409755945205688,0.6363909840583801
YMR220W,YDL225W,0,-0.11616709,0.09377676248550415,0.6409755945205688,0.6364912390708923
YBL058W,YHR043C,1,-0.1161963,0.09390609711408615,0.6419512033462524,0.6364912390708923
YKL033W,YMR306W,0,-0.11619934,0.09389269351959229,0.6419512033462524,0.6365914940834045
YDR394W,YKL213C,1,-0.116256215,0.09402196854352951,0.642926812171936,0.6365914940834045
YOL103W-A,YGR085C,0,-0.11626687,0.09400855749845505,0.642926812171936,0.6366917490959167
YHR197W,YGR003W,0,-0.11629392,0.09399515390396118,0.642926812171936,0.636792004108429
YLL057C,YKL141W,0,-0.11635739,0.09398174285888672,0.642926812171936,0.6368922591209412
YDR472W,YCL004W,0,-0.11643701,0.09396834671497345,0.642926812171936,0.6369924545288086
YER050C,YJL046W,0,-0.11645336,0.09395495057106018,0.642926812171936,0.6370927095413208
YHR030C,YDL114W,0,-0.11660573,0.09394155442714691,0.642926812171936,0.637192964553833
YOR039W,YOL052C-A,0,-0.11671246,0.09392816573381424,0.642926812171936,0.6372932195663452
YKL145W,YGL203C,0,-0.116744734,0.09391477704048157,0.642926812171936,0.6373934745788574
YDR219C,YKL206C,1,-0.11682945,0.09404388815164566,0.6439024209976196,0.6373934745788574
YLR015W,YDR046C,0,-0.11695575,0.09403049200773239,0.6439024209976196,0.6374937295913696
YDR151C,YOL059W,0,-0.11698084,0.09401709586381912,0.6439024209976196,0.6375939846038818
YDR166C,YJL225C,0,-0.117137305,0.09400369971990585,0.6439024209976196,0.637694239616394
YLR293C,YOR142W-B,0,-0.11713788,0.09399031847715378,0.6439024209976196,0.6377944946289062
YLR207W,YBR189W,0,-0.11717168,0.0939769297838211,0.6439024209976196,0.6378947496414185
YLR074C,YLR364W,0,-0.11731921,0.09396355599164963,0.6439024209976196,0.6379950046539307
YMR179W,YGR185C,0,-0.11737716,0.09395017474889755,0.6439024209976196,0.6380952596664429
YLL026W,YJL221C,0,-0.11739541,0.09393680840730667,0.6439024209976196,0.6381955146789551
YLR410W-B,YDR298C,0,-0.11740899,0.09392343461513519,0.6439024209976196,0.6382957100868225
YLR360W,YPL120W,1,-0.11742029,0.09405235946178436,0.6448780298233032,0.6382957100868225
YML086C,YLR185W,0,-0.117453836,0.09403897821903229,0.6448780298233032,0.6383959650993347
YKL022C,YER094C,1,-0.11750572,0.09416785091161728,0.6458536386489868,0.6383959650993347
YBR028C,YNR008W,0,-0.1176076,0.0941544622182846,0.6458536386489868,0.6384962201118469
YNR048W,YNR017W,0,-0.117645316,0.09414106607437134,0.6458536386489868,0.6385964751243591
YNL230C,YGR184C,0,-0.11771102,0.09412768483161926,0.6458536386489868,0.6386967301368713
YBR036C,YEL021W,0,-0.117762096,0.09411430358886719,0.6458536386489868,0.6387969851493835
YDR268W,YKR083C,0,-0.11785026,0.09410092234611511,0.6458536386489868,0.6388972401618958
YNL008C,YBL041W,1,-0.11792428,0.09422967582941055,0.6468292474746704,0.6388972401618958
YOR334W,YKR071C,0,-0.11837077,0.09421628713607788,0.6468292474746704,0.638997495174408
YDR536W,YLR314C,0,-0.118370794,0.09420289844274521,0.6468292474746704,0.6390977501869202
YBR038W,YIL074C,0,-0.118373476,0.09418951719999313,0.6468292474746704,0.6391980051994324
YPL262W,YHR117W,0,-0.11847656,0.09417613595724106,0.6468292474746704,0.6392982602119446
YPR166C,YKR026C,0,-0.11853003,0.09416276216506958,0.6468292474746704,0.6393985152244568
YPL138C,YPR198W,0,-0.118604444,0.0941493883728981,0.6468292474746704,0.639498770236969
YFL002W-B,YDL018C,0,-0.11867427,0.09413602203130722,0.6468292474746704,0.6395990252494812
YOR045W,YJL060W,0,-0.118716724,0.09412265568971634,0.6468292474746704,0.6396992206573486
YDR478W,YIL167W,0,-0.11872261,0.09410929679870605,0.6468292474746704,0.6397994756698608
YPR024W,YJL048C,1,-0.11875262,0.09423786401748657,0.647804856300354,0.6397994756698608
YBR028C,YOR103C,0,-0.11877734,0.0942244902253151,0.647804856300354,0.639899730682373
YPR137C-B,YDR196C,0,-0.118833706,0.09421112388372421,0.647804856300354,0.6399999856948853
YIL068C,YNL054W-A,0,-0.118962355,0.09419775754213333,0.647804856300354,0.6401002407073975
YBR089C-A,YOL158C,0,-0.11906005,0.09418439865112305,0.647804856300354,0.6402004957199097
YMR183C,YPR001W,0,-0.11907997,0.09417103976011276,0.647804856300354,0.6403007507324219
YOR046C,YMR025W,0,-0.11912698,0.09415768831968307,0.647804856300354,0.6404010057449341
YOR298W,YGL190C,0,-0.11913275,0.09414433687925339,0.647804856300354,0.6405012607574463
YMR074C,YMR004W,0,-0.11914384,0.0941309928894043,0.647804856300354,0.6406015157699585
YDR341C,YNL284C-A,0,-0.11915296,0.0941176488995552,0.647804856300354,0.6407017707824707
YNL227C,YPR043W,0,-0.119161166,0.09410430490970612,0.647804856300354,0.6408020257949829
YDR310C,YOR228C,0,-0.119175546,0.09409097582101822,0.647804856300354,0.6409022808074951
YML081C-A,YDR317W,0,-0.1192313,0.09407763928174973,0.647804856300354,0.6410025358200073
YKL182W,YOR076C,0,-0.11927364,0.09406431764364243,0.647804856300354,0.6411027312278748
YGL200C,YER148W,0,-0.11931347,0.09405098855495453,0.647804856300354,0.641202986240387
YMR080C,YKR105C,0,-0.11933831,0.09403767436742783,0.647804856300354,0.6413032412528992
YJR131W,YDL147W,1,-0.11940682,0.09416595846414566,0.6487804651260376,0.6413032412528992
YML048W,YBR276C,0,-0.119408764,0.09415262937545776,0.6487804651260376,0.6414034962654114
YNL216W,YGR077C,0,-0.11944761,0.09413930028676987,0.6487804651260376,0.6415037512779236
YDR204W,YMR156C,0,-0.11954705,0.09412597119808197,0.6487804651260376,0.6416040062904358
YKR095W,YER148W,0,-0.11958849,0.09411264955997467,0.6487804651260376,0.641704261302948
YIL143C,YMR002W,0,-0.1195934,0.09409933537244797,0.6487804651260376,0.6418045163154602
YJR090C,YOR124C,1,-0.11967428,0.09422750771045685,0.6497560739517212,0.6418045163154602
YLR410W-B,YOR383C,0,-0.11969701,0.09421417117118835,0.6497560739517212,0.6419047713279724
YOL117W,YNR070W,0,-0.11970455,0.09420084953308105,0.6497560739517212,0.6420050263404846
YGL205W,YML039W,0,-0.11973443,0.09418752789497375,0.6497560739517212,0.6421052813529968
YPL104W,YPL006W,0,-0.119791426,0.09417420625686646,0.6497560739517212,0.642205536365509
YOR283W,YDR261W-A,0,-0.119811215,0.09416089206933975,0.6497560739517212,0.6423057913780212
YNL310C,YHR179W,0,-0.11982561,0.09414758533239365,0.6497560739517212,0.6424059867858887
YOL103W,YBL064C,0,-0.11984294,0.09413427859544754,0.6497560739517212,0.6425062417984009
YDL190C,YBR203W,1,-0.11988168,0.09426229447126389,0.6507316827774048,0.6425062417984009
YNL061W,YPL061W,0,-0.11989302,0.09424897283315659,0.6507316827774048,0.6426064968109131
YBL058W,YLR102C,1,-0.12005918,0.09437694400548935,0.6517072916030884,0.6426064968109131
YMR026C,YNL185C,0,-0.12019273,0.09436360746622086,0.6517072916030884,0.6427067518234253
YLR259C,YML034W,0,-0.12029448,0.09435028582811356,0.6517072916030884,0.6428070068359375
YMR182C,YPL206C,0,-0.12047147,0.09433695673942566,0.6517072916030884,0.6429072618484497
YLR167W,YNR053C,0,-0.12049959,0.09432363510131836,0.6517072916030884,0.6430075168609619
YDL184C,YER167W,0,-0.12050817,0.09431032091379166,0.6517072916030884,0.6431077718734741
YIR006C,YHR028C,0,-0.12052391,0.09429700672626495,0.6517072916030884,0.6432080268859863
YCL050C,YDR279W,0,-0.120536104,0.09428369998931885,0.6517072916030884,0.6433082818984985
YFR030W,YFR036W,0,-0.12064311,0.09427039325237274,0.6517072916030884,0.6434085369110107
YJR098C,YKL099C,0,-0.120656155,0.09425709396600723,0.6517072916030884,0.643508791923523
YMR070W,YDL190C,0,-0.12068736,0.09424379467964172,0.6517072916030884,0.6436090469360352
YHR029C,YBR189W,0,-0.120690815,0.09423049539327621,0.6517072916030884,0.6437093019485474
YML133C,YHR165C,0,-0.120913476,0.0942172110080719,0.6517072916030884,0.6438094973564148
YKR027W,YFR010W,0,-0.1209223,0.09420391917228699,0.6517072916030884,0.643909752368927
YPL271W,YFR034C,0,-0.12093335,0.09419063478708267,0.6517072916030884,0.6440100073814392
YPL143W,YOR271C,0,-0.121119834,0.09417735785245895,0.6517072916030884,0.6441102623939514
YIL009C-A,YOR071C,0,-0.121148586,0.09416408091783524,0.6517072916030884,0.6442105174064636
YDR312W,YLR264W,0,-0.121164575,0.09415081143379211,0.6517072916030884,0.6443107724189758
YIR006C,YDR059C,0,-0.12117473,0.09413754194974899,0.6517072916030884,0.644411027431488
YOL124C,YHL016C,0,-0.121195994,0.09412427991628647,0.6517072916030884,0.6445112824440002
YGL222C,YDR536W,0,-0.12120215,0.09411101788282394,0.6517072916030884,0.6446115374565125
YER023W,YDR430C,0,-0.12120626,0.09409776329994202,0.6517072916030884,0.6447117924690247
YHL025W,YGR159C,0,-0.12121518,0.09408450871706009,0.6517072916030884,0.6448120474815369
YFL009W,YPR108W,1,-0.121222235,0.09421208500862122,0.652682900428772,0.6448120474815369
YGL225W,YDR359C,0,-0.121286,0.0941988155245781,0.652682900428772,0.6449123024940491
YBR173C,YLL048C,0,-0.1212905,0.09418555349111557,0.652682900428772,0.6450125575065613
YOR113W,YGL168W,0,-0.12129999,0.09417229890823364,0.652682900428772,0.6451127529144287
YGL112C,YLR404W,0,-0.12131012,0.09415904432535172,0.652682900428772,0.6452130079269409
YKL129C,YIL112W,0,-0.12136688,0.09414578974246979,0.652682900428772,0.6453132629394531
YLL004W,YBR158W,0,-0.12144383,0.09413254261016846,0.652682900428772,0.6454135179519653
YJL102W,YGR080W,0,-0.121511355,0.09411930292844772,0.652682900428772,0.6455137729644775
YMR098C,YOL126C,0,-0.12151746,0.09410606324672699,0.652682900428772,0.6456140279769897
YOR290C,YCL004W,0,-0.121619835,0.09409282356500626,0.652682900428772,0.645714282989502
YGR134W,YOR298W,0,-0.12162938,0.09407959133386612,0.652682900428772,0.6458145380020142
YNL271C,YGL120C,0,-0.1217246,0.09406636655330658,0.652682900428772,0.6459147930145264
YNL214W,YMR318C,0,-0.12179815,0.09405314177274704,0.652682900428772,0.6460150480270386
YJL102W,YGL087C,0,-0.121843256,0.0940399244427681,0.652682900428772,0.6461153030395508
YMR292W,YIL006W,0,-0.12185879,0.09402670711278915,0.652682900428772,0.646215558052063
YDL030W,YHR172W,0,-0.121895306,0.09401348978281021,0.652682900428772,0.6463158130645752
YNL284C-A,YGR071C,0,-0.121954665,0.09400027990341187,0.652682900428772,0.6464160680770874
YOR177C,YOR274W,0,-0.12200212,0.09398707747459412,0.652682900428772,0.6465162634849548
YOL141W,YDR245W,0,-0.12200672,0.09397387504577637,0.652682900428772,0.646616518497467
YGR097W,YKL135C,0,-0.12211722,0.09396067261695862,0.652682900428772,0.6467167735099792
YGL071W,YNL103W,0,-0.12219348,0.09394747763872147,0.652682900428772,0.6468170285224915
YPR134W,YPR133C,0,-0.122199155,0.09393429011106491,0.652682900428772,0.6469172835350037
YPL254W,YHR069C,0,-0.12225134,0.09392110258340836,0.652682900428772,0.6470175385475159
YKL054C,YBL084C,1,-0.12227899,0.09404828399419785,0.6536585092544556,0.6470175385475159
YPL248C,YEL050C,0,-0.12229454,0.0940350890159607,0.6536585092544556,0.6471177935600281
YFR030W,YLR052W,0,-0.1223188,0.09402189403772354,0.6536585092544556,0.6472180485725403
YLR187W,YFL038C,0,-0.12235602,0.09400869905948639,0.6536585092544556,0.6473183035850525
YGL171W,YLR143W,0,-0.12253317,0.09399551153182983,0.6536585092544556,0.6474185585975647
YOL101C,YLR390W-A,0,-0.122546695,0.09398232400417328,0.6536585092544556,0.6475188136100769
YPR160W,YNL293W,0,-0.12256157,0.09396914392709732,0.6536585092544556,0.6476190686225891
YAL013W,YDR120C,0,-0.122572586,0.09395596385002136,0.6536585092544556,0.6477193236351013
YGL030W,YLL050C,0,-0.12267778,0.093942791223526,0.6536585092544556,0.6478195786476135
YML030W,YKL014C,0,-0.122709535,0.09392962604761124,0.6536585092544556,0.647919774055481
YDR038C,YDR466W,0,-0.122710176,0.09391645342111588,0.6536585092544556,0.6480200290679932
YLR363C,YDR492W,0,-0.12282456,0.09390329569578171,0.6536585092544556,0.6481202840805054
YDR130C,YDL140C,0,-0.122830175,0.09389013797044754,0.6536585092544556,0.6482205390930176
YMR093W,YLR004C,0,-0.12305801,0.09387698024511337,0.6536585092544556,0.6483207941055298
YOL156W,YEL013W,0,-0.123088755,0.0938638299703598,0.6536585092544556,0.648421049118042
YHR150W,YJL057C,0,-0.12315237,0.09385067969560623,0.6536585092544556,0.6485213041305542
YEL036C,YML061C,0,-0.12328356,0.09383753687143326,0.6536585092544556,0.6486215591430664
YJR131W,YMR077C,1,-0.123298615,0.09396442770957947,0.6546341180801392,0.6486215591430664
YBL074C,YBR180W,0,-0.12332722,0.0939512774348259,0.6546341180801392,0.6487218141555786
YKL183W,YPL006W,0,-0.123386346,0.09393811970949173,0.6546341180801392,0.6488220691680908
YGL253W,YGL151W,0,-0.123419784,0.09392496943473816,0.6546341180801392,0.648922324180603
YJR094W-A,YOR098C,0,-0.12342695,0.09391182661056519,0.6546341180801392,0.6490225791931152
YDR079W,YGL129C,0,-0.12348885,0.09389868378639221,0.6546341180801392,0.6491228342056274
YDR398W,YLR037C,0,-0.1235473,0.09388554841279984,0.6546341180801392,0.6492230296134949
YBR094W,YJR076C,0,-0.1236349,0.09387241303920746,0.6546341180801392,0.6493232846260071
YBR214W,YDR494W,0,-0.12367747,0.09385927766561508,0.6546341180801392,0.6494235396385193
YLR370C,YDR176W,0,-0.12369048,0.0938461571931839,0.6546341180801392,0.6495237946510315
YPL143W,YLR047C,0,-0.123745784,0.09383302927017212,0.6546341180801392,0.6496240496635437
YOR294W,YJR046W,0,-0.12378093,0.09381990879774094,0.6546341180801392,0.6497243046760559
YLR097C,YJL048C,1,-0.12380939,0.09394659847021103,0.6556097269058228,0.6497243046760559
YHR031C,YDL112W,0,-0.12380996,0.09393346309661865,0.6556097269058228,0.6498245596885681
YEL013W,YOR326W,0,-0.12382769,0.09392033517360687,0.6556097269058228,0.6499248147010803
YDL093W,YGR255C,0,-0.12390298,0.09390720725059509,0.6556097269058228,0.6500250697135925
YDR122W,YDL200C,0,-0.12390826,0.09389408677816391,0.6556097269058228,0.6501253247261047
YDL235C,YMR125W,0,-0.123931564,0.09388097375631332,0.6556097269058228,0.6502255797386169
YPL043W,YNL310C,0,-0.12393322,0.09386786073446274,0.6556097269058228,0.6503258347511292
YDL100C,YER025W,0,-0.123967096,0.09385474771261215,0.6556097269058228,0.6504260897636414
YLR106C,YNL202W,0,-0.12413635,0.09384164214134216,0.6556097269058228,0.6505263447761536
YJR089W,YOR320C,0,-0.12417396,0.09382853657007217,0.6556097269058228,0.650626540184021
YER061C,YDR127W,0,-0.12417621,0.09381543844938278,0.6556097269058228,0.6507267951965332
YBR029C,YAR027W,0,-0.12417876,0.09380234777927399,0.6556097269058228,0.6508270502090454
YPL151C,YOL026C,0,-0.1241857,0.0937892496585846,0.6556097269058228,0.6509273052215576
YGL189C,YOR070C,0,-0.12421919,0.0937761664390564,0.6556097269058228,0.6510275602340698
YBR028C,YMR128W,0,-0.12425075,0.0937630832195282,0.6556097269058228,0.651127815246582
YCR107W,YHR073W,0,-0.1243058,0.09375,0.6556097269058228,0.6512280702590942
YPL259C,YPL280W,0,-0.12431222,0.0937369242310524,0.6556097269058228,0.6513283252716064
YHR114W,YHR052W,0,-0.124361664,0.0937238484621048,0.6556097269058228,0.6514285802841187
YLR039C,YBR207W,0,-0.124370374,0.09371078014373779,0.6556097269058228,0.6515288352966309
YLR427W,YKL004W,0,-0.12441158,0.09369771182537079,0.6556097269058228,0.6516290903091431
YMR039C,YDL080C,0,-0.1245332,0.09368465095758438,0.6556097269058228,0.6517293453216553
YGR204W,YNL091W,0,-0.12455579,0.09367159008979797,0.6556097269058228,0.6518296003341675
YCL001W,YKL088W,0,-0.12458992,0.09365853667259216,0.6556097269058228,0.6519297957420349
YBR275C,YPL257W-A,0,-0.12460198,0.09364548325538635,0.6556097269058228,0.6520300507545471
YLL012W,YHR033W,0,-0.12465998,0.09363243728876114,0.6556097269058228,0.6521303057670593
YOR247W,YLR234W,0,-0.124870405,0.09361939132213593,0.6556097269058228,0.6522305607795715
YLR221C,YLR204W,0,-0.12488768,0.09360635280609131,0.6556097269058228,0.6523308157920837
YLR386W,YMR228W,0,-0.12497521,0.09359331429004669,0.6556097269058228,0.652431070804596
YOR242C,YER096W,0,-0.12507978,0.09358028322458267,0.6556097269058228,0.6525313258171082
YGL240W,YHR166C,1,-0.12516578,0.09370648860931396,0.6565853953361511,0.6525313258171082
YKR002W,YKL062W,0,-0.12521303,0.09369344264268875,0.6565853953361511,0.6526315808296204
YKL080W,YBR257W,0,-0.12522222,0.09368040412664413,0.6565853953361511,0.6527318358421326
YER184C,YPR097W,0,-0.12532362,0.09366736561059952,0.6565853953361511,0.6528320908546448
YEL019C,YMR276W,1,-0.12548576,0.09379348903894424,0.6575610041618347,0.6528320908546448
YIR025W,YER087C-A,1,-0.1255774,0.09391957521438599,0.6585366129875183,0.6528320908546448
YGL129C,YKL062W,0,-0.12569645,0.09390651434659958,0.6585366129875183,0.652932345867157
YGL222C,YJL176C,0,-0.1257395,0.09389344602823257,0.6585366129875183,0.6530326008796692
YGR251W,YOR322C,0,-0.12576257,0.09388039261102676,0.6585366129875183,0.6531328558921814
YMR135C,YLR380W,1,-0.12576278,0.09400639683008194,0.6595122218132019,0.6531328558921814
YML092C,YKL124W,1,-0.1257822,0.09413237124681473,0.6604878306388855,0.6531328558921814
YPL194W,YKL095W,0,-0.12578575,0.09411928057670593,0.6604878306388855,0.6532331109046936
YMR123W,YOR025W,0,-0.12579674,0.09410619735717773,0.6604878306388855,0.653333306312561
YDR457W,YDR309C,0,-0.12580466,0.09409312158823013,0.6604878306388855,0.6534335613250732
YHR074W,YNL263C,0,-0.12585074,0.09408004581928253,0.6604878306388855,0.6535338163375854
YHR099W,YDR098C-B,0,-0.12591821,0.09406697005033493,0.6604878306388855,0.6536340713500977
YJL011C,YBR180W,0,-0.12601228,0.09405390173196793,0.6604878306388855,0.6537343263626099
YKL195W,YHL024W,0,-0.12604408,0.09404084086418152,0.6604878306388855,0.6538345813751221
YPL064C,YOR067C,0,-0.12614128,0.09402777999639511,0.6604878306388855,0.6539348363876343
YFL049W,YBR169C,0,-0.12615477,0.0940147191286087,0.6604878306388855,0.6540350914001465
YCR107W,YOR129C,0,-0.12617476,0.0940016657114029,0.6604878306388855,0.6541353464126587
YLR154C,YDL065C,0,-0.12624052,0.09398861229419708,0.6604878306388855,0.6542356014251709
YLR221C,YER167W,0,-0.12627515,0.09397556632757187,0.6604878306388855,0.6543358564376831
YGR054W,YEL048C,0,-0.12629235,0.09396252781152725,0.6604878306388855,0.6544361114501953
YIL075C,YDR167W,0,-0.12635858,0.09394948929548264,0.6604878306388855,0.6545363664627075
YBR046C,YLL051C,0,-0.12639757,0.09393645077943802,0.6604878306388855,0.654636561870575
YCL043C,YML067C,0,-0.12642018,0.093923419713974,0.6604878306388855,0.6547368168830872
YPL123C,YGR181W,0,-0.12655994,0.09391038864850998,0.6604878306388855,0.6548370718955994
YBR049C,YNL292W,0,-0.12659547,0.09389736503362656,0.6604878306388855,0.6549373269081116
YML101C,YHL021C,0,-0.12660876,0.09388434141874313,0.6604878306388855,0.6550375819206238
YER087W,YDL114W,0,-0.12664586,0.09387132525444031,0.6604878306388855,0.655137836933136
YDL141W,YDL142C,0,-0.12664732,0.09385830909013748,0.6604878306388855,0.6552380919456482
YNL259C,YJL026W,0,-0.12665491,0.09384530037641525,0.6604878306388855,0.6553383469581604
YAL017W,YIL120W,0,-0.12669374,0.09383229166269302,0.6604878306388855,0.6554386019706726
YKL192C,YDR337W,0,-0.12669757,0.09381929039955139,0.6604878306388855,0.6555388569831848
YPR073C,YOL062C,0,-0.12671031,0.09380628913640976,0.6604878306388855,0.655639111995697
YPL130W,YHL008C,0,-0.12679094,0.09379329532384872,0.6604878306388855,0.6557393670082092
YNL056W,YOR207C,0,-0.12680449,0.09378030151128769,0.6604878306388855,0.6558396220207214
YLR219W,YLR361C,0,-0.12688616,0.09376731514930725,0.6604878306388855,0.6559398770332336
YEL039C,YOR388C,0,-0.12689301,0.09375432878732681,0.6604878306388855,0.6560400724411011
YCL075W,YHL006C,0,-0.12704436,0.09374134242534637,0.6604878306388855,0.6561403274536133
YBL007C,YEL052W,0,-0.12719028,0.09372837096452713,0.6604878306388855,0.6562405824661255
YGR205W,YKR059W,0,-0.1273008,0.09371539205312729,0.6604878306388855,0.6563408374786377
YJL062W,YPL213W,0,-0.12734108,0.09370242059230804,0.6604878306388855,0.6564410924911499
YBR028C,YAL043C,0,-0.12739149,0.0936894565820694,0.6604878306388855,0.6565413475036621
YHL009W-B,YMR207C,0,-0.12740766,0.09367649257183075,0.6604878306388855,0.6566416025161743
YBR241C,YHR168W,0,-0.12741102,0.0936635285615921,0.6604878306388855,0.6567418575286865
YEL013W,YLR238W,0,-0.12746486,0.09365057200193405,0.6604878306388855,0.6568421125411987
YDR210W-B,YNR032C-A,0,-0.12754731,0.0936376228928566,0.6604878306388855,0.6569423675537109
YIL033C,YDR309C,0,-0.12754999,0.09362467378377914,0.6604878306388855,0.6570426225662231
YER096W,YNL135C,0,-0.12756464,0.09361172467470169,0.6604878306388855,0.6571428775787354
YDR260C,YHR027C,1,-0.12763844,0.09373703598976135,0.6614634394645691,0.6571428775787354
YBL106C,YGR260W,0,-0.12771955,0.0937240794301033,0.6614634394645691,0.6572431325912476
YDR268W,YPL078C,0,-0.1277594,0.09371112287044525,0.6614634394645691,0.6573433876037598
YPR066W,YMR171C,1,-0.12791294,0.09383637458086014,0.6624390482902527,0.6573433876037598
YDR457W,YJL179W,0,-0.127976,0.09382341057062149,0.6624390482902527,0.6574435830116272
YPR156C,YJR050W,0,-0.12813014,0.09381044656038284,0.6624390482902527,0.6575438380241394
YGL106W,YNL080C,0,-0.12815903,0.0937974825501442,0.6624390482902527,0.6576440930366516
YDR373W,YCR037C,0,-0.12818849,0.09378453344106674,0.6624390482902527,0.6577443480491638
YNL063W,YDR002W,0,-0.12822203,0.09377157688140869,0.6624390482902527,0.657844603061676
YEL054C,YGR178C,0,-0.12840445,0.09375862777233124,0.6624390482902527,0.6579448580741882
YJR031C,YMR319C,0,-0.12842628,0.09374568611383438,0.6624390482902527,0.6580451130867004
YLR207W,YGL094C,1,-0.12844539,0.09387078881263733,0.6634146571159363,0.6580451130867004
YDR034C-C,YOR067C,0,-0.12845686,0.09385783225297928,0.6634146571159363,0.6581453680992126
YDR403W,YHR186C,0,-0.12847805,0.09384488314390182,0.6634146571159363,0.6582456231117249
YGL158W,YMR123W,0,-0.12849353,0.09383193403482437,0.6634146571159363,0.6583458781242371
YBL078C,YBR214W,0,-0.12857829,0.09381898492574692,0.6634146571159363,0.6584461331367493
YHR047C,YBR268W,0,-0.12858856,0.09380604326725006,0.6634146571159363,0.6585463881492615
YLR059C,YNL210W,0,-0.12859517,0.0937931016087532,0.6634146571159363,0.6586466431617737
YLR284C,YMR150C,0,-0.12865523,0.09378016740083694,0.6634146571159363,0.6587468385696411
YHR193C,YJR040W,0,-0.12899636,0.09376723319292068,0.6634146571159363,0.6588470935821533
YDR351W,YDL160C,0,-0.12902199,0.09375430643558502,0.6634146571159363,0.6589473485946655
YBL038W,YLR227W-A,0,-0.12905644,0.09374138712882996,0.6634146571159363,0.6590476036071777
YCL075W,YKL038W,0,-0.12941885,0.0937284603714943,0.6634146571159363,0.6591478586196899
YGR135W,YLR238W,0,-0.12945487,0.09371554851531982,0.6634146571159363,0.6592481136322021
YMR314W,YLR208W,1,-0.12956443,0.09384042769670486,0.6643902659416199,0.6592481136322021
YHR197W,YCL014W,0,-0.12956789,0.0938275009393692,0.6643902659416199,0.6593483686447144
YLR291C,YBR260C,0,-0.12970652,0.09381457418203354,0.6643902659416199,0.6594486236572266
YOR254C,YGL090W,0,-0.12977648,0.09380165487527847,0.6643902659416199,0.6595488786697388
YGL246C,YMR267W,0,-0.1297974,0.09378873556852341,0.6643902659416199,0.659649133682251
YPL259C,YOR348C,0,-0.12984896,0.09377581626176834,0.6643902659416199,0.6597493886947632
YGL070C,YPR196W,0,-0.12997581,0.09376290440559387,0.6643902659416199,0.6598496437072754
YLR293C,YOR204W,0,-0.12999322,0.09375,0.6643902659416199,0.6599498987197876
YOL009C,YNL328C,0,-0.1300085,0.09373709559440613,0.6643902659416199,0.6600501537322998
YBL074C,YJL219W,0,-0.13011909,0.09372419118881226,0.6643902659416199,0.6601503491401672
YGL225W,YEL018W,0,-0.1302398,0.09371129423379898,0.6643902659416199,0.6602506041526794
YOR059C,YGL089C,0,-0.13025066,0.0936984047293663,0.6643902659416199,0.6603508591651917
YER014C-A,YLR129W,0,-0.13026455,0.09368551522493362,0.6643902659416199,0.6604511141777039
YDR375C,YOR359W,0,-0.13029611,0.09367262572050095,0.6643902659416199,0.6605513691902161
YFR047C,YKL077W,0,-0.13035828,0.09365974366664886,0.6643902659416199,0.6606516242027283
YCR053W,YGR088W,0,-0.13038649,0.09364686161279678,0.6643902659416199,0.6607518792152405
YIL112W,YKR105C,0,-0.13048871,0.0936339870095253,0.6643902659416199,0.6608521342277527
YDR054C,YMR207C,0,-0.13054316,0.09362111985683441,0.6643902659416199,0.6609523892402649
YCL044C,YCL025C,0,-0.13058189,0.09360824525356293,0.6643902659416199,0.6610526442527771
YOR110W,YMR225C,0,-0.13059635,0.09359538555145264,0.6643902659416199,0.6611528992652893
YLR238W,YHL047C,0,-0.13060576,0.09358251839876175,0.6643902659416199,0.6612531542778015
YKR007W,YER117W,0,-0.13062176,0.09356965869665146,0.6643902659416199,0.6613534092903137
YIL038C,YGL051W,0,-0.13066855,0.09355680644512177,0.6643902659416199,0.6614536046981812
YOR381W,YJR032W,0,-0.13073951,0.09354395419359207,0.6643902659416199,0.6615538597106934
YGR194C,YGL241W,0,-0.13082357,0.09353110939264297,0.6643902659416199,0.6616541147232056
YPL281C,YPL206C,0,-0.13083318,0.09351826459169388,0.6643902659416199,0.6617543697357178
YHR004C,YNL112W,0,-0.13092697,0.09350542724132538,0.6643902659416199,0.66185462474823
YGL167C,YDR224C,0,-0.13105214,0.09349258989095688,0.6643902659416199,0.6619548797607422
YLL006W,YPL119C,0,-0.13105308,0.09347975254058838,0.6643902659416199,0.6620551347732544
YER014C-A,YEL022W,0,-0.13111433,0.09346692264080048,0.6643902659416199,0.6621553897857666
YER151C,YPL003W,1,-0.13116555,0.09359132498502731,0.6653658747673035,0.6621553897857666
YPL258C,YGL198W,0,-0.1311978,0.09357848763465881,0.6653658747673035,0.6622556447982788
YNL219C,YDL245C,0,-0.1314005,0.09356565028429031,0.6653658747673035,0.662355899810791
YMR218C,YLL018C,0,-0.13146324,0.09355281293392181,0.6653658747673035,0.6624561548233032
YOR008C,YDL179W,0,-0.13149348,0.09353998303413391,0.6653658747673035,0.6625564098358154
YHR175W,YNL243W,0,-0.13155553,0.09352715313434601,0.6653658747673035,0.6626566648483276
YJL001W,YKL206C,1,-0.13166259,0.09365144371986389,0.6663414835929871,0.6626566648483276
YHR080C,YNL102W,0,-0.13172014,0.09363860636949539,0.6663414835929871,0.6627569198608398
YDR019C,YLR078C,0,-0.13178423,0.09362576901912689,0.6663414835929871,0.6628571152687073
YPR024W,YLR417W,1,-0.13179967,0.09375,0.6673170924186707,0.6628571152687073
YER142C,YKL178C,0,-0.1319225,0.0937371551990509,0.6673170924186707,0.6629573702812195
YPR097W,YLR459W,0,-0.1319467,0.0937243103981018,0.6673170924186707,0.6630576252937317
YPR108W,YOR080W,1,-0.13200095,0.09384847432374954,0.6682927012443542,0.6630576252937317
YPR063C,YLL061W,0,-0.13210785,0.09383561462163925,0.6682927012443542,0.6631578803062439
YHL025W,YEL037C,0,-0.13215421,0.09382276237010956,0.6682927012443542,0.6632581353187561
YPL049C,YDR242W,0,-0.13216811,0.09380991756916046,0.6682927012443542,0.6633583903312683
YLR389C,YPR036W,0,-0.13217236,0.09379707276821136,0.6682927012443542,0.6634586453437805
YDL171C,YMR171C,0,-0.13217917,0.09378422796726227,0.6682927012443542,0.6635589003562927
YOR391C,YGL010W,0,-0.13228348,0.09377139061689377,0.6682927012443542,0.6636591553688049
YBR091C,YMR032W,0,-0.1323159,0.09375855326652527,0.6682927012443542,0.6637594103813171
YGL240W,YGR135W,1,-0.13232787,0.09388257563114166,0.6692683100700378,0.6637594103813171
YER115C,YOR212W,0,-0.13264456,0.09386973083019257,0.6692683100700378,0.6638596653938293
YDR398W,YDR297W,0,-0.13271523,0.09385688602924347,0.6692683100700378,0.6639599204063416
YLL026W,YKR009C,0,-0.13277382,0.09384404867887497,0.6692683100700378,0.6640601754188538
YHR029C,YDL102W,0,-0.13282269,0.09383121132850647,0.6692683100700378,0.664160430431366
YML032C,YLR207W,0,-0.1328735,0.09381838142871857,0.6692683100700378,0.6642606258392334
YJR096W,YJR143C,0,-0.13301234,0.09380555152893066,0.6692683100700378,0.6643608808517456
YIL139C,YOR180C,0,-0.1331124,0.09379272907972336,0.6692683100700378,0.6644611358642578
YDR365W-A,YDR165W,0,-0.13319495,0.09377990663051605,0.6692683100700378,0.66456139087677
YBR031W,YDL145C,0,-0.13327353,0.09376708418130875,0.6692683100700378,0.6646616458892822
YJR001W,YBR218C,0,-0.1333043,0.09375426918268204,0.6692683100700378,0.6647619009017944
YDL136W,YLR314C,0,-0.13336155,0.09374146163463593,0.6692683100700378,0.6648621559143066
YOR369C,YDL087C,0,-0.13341588,0.09372865408658981,0.6692683100700378,0.6649624109268188
YDR170C,YDR126W,0,-0.13351652,0.0937158465385437,0.6692683100700378,0.665062665939331
YGL037C,YOL117W,0,-0.13352382,0.09370304644107819,0.6692683100700378,0.6651629209518433
YOR060C,YNR007C,0,-0.13358943,0.09369024634361267,0.6692683100700378,0.6652631759643555
YER033C,YGL256W,0,-0.13360187,0.09367745369672775,0.6692683100700378,0.6653634309768677
YHR157W,YOL090W,0,-0.13371073,0.09366466104984283,0.6692683100700378,0.6654636859893799
YOR257W,YBR050C,0,-0.13373306,0.09365187585353851,0.6692683100700378,0.6655638813972473
YNR071C,YHR014W,0,-0.13374662,0.09363909065723419,0.6692683100700378,0.6656641364097595
YPR167C,YOL086C,0,-0.13380492,0.09362631291151047,0.6692683100700378,0.6657643914222717
YIL124W,YLL022C,0,-0.13382015,0.09361353516578674,0.6692683100700378,0.6658646464347839
YGR212W,YKR077W,0,-0.13382615,0.09360076487064362,0.6692683100700378,0.6659649014472961
YDR315C,YFR018C,0,-0.13385394,0.09358799457550049,0.6692683100700378,0.6660651564598083
YDL115C,YGL157W,0,-0.13386436,0.09357523173093796,0.6692683100700378,0.6661654114723206
YER147C,YKR048C,0,-0.13392793,0.09356246888637543,0.6692683100700378,0.6662656664848328
YFL005W,YDL135C,0,-0.13393527,0.0935497060418129,0.6692683100700378,0.666365921497345
YKR034W,YDR356W,0,-0.13395528,0.09353695064783096,0.6692683100700378,0.6664661765098572
YPR002W,YNL182C,0,-0.13396984,0.09352420270442963,0.6692683100700378,0.6665664315223694
YKL206C,YLR306W,1,-0.13397753,0.09364776313304901,0.6702439188957214,0.6665664315223694
YML057W,YOL072W,0,-0.1339916,0.09363500028848648,0.6702439188957214,0.6666666865348816
YLR373C,YMR055C,0,-0.13399267,0.09362223744392395,0.6702439188957214,0.6667669415473938
YDR204W,YCR087C-A,0,-0.13406718,0.09360948204994202,0.6702439188957214,0.666867196559906
YJR108W,YBR020W,0,-0.13410458,0.09359672665596008,0.6702439188957214,0.6669673919677734
YLR050C,YLR142W,0,-0.13414958,0.09358397871255875,0.6702439188957214,0.6670676469802856
YPR008W,YGL168W,0,-0.13417867,0.09357123076915741,0.6702439188957214,0.6671679019927979
YBR120C,YGR169C,0,-0.13423574,0.09355849027633667,0.6702439188957214,0.6672681570053101
YNL325C,YBR118W,0,-0.13440016,0.09354574978351593,0.6702439188957214,0.6673684120178223
YNL311C,YFR052W,1,-0.13444418,0.09366916120052338,0.671219527721405,0.6673684120178223
YJL149W,YGL171W,0,-0.13444422,0.09365641325712204,0.671219527721405,0.6674686670303345
YNL041C,YPL141C,0,-0.13446361,0.0936436653137207,0.671219527721405,0.6675689220428467
YNR070W,YER133W,0,-0.13447389,0.09363091737031937,0.671219527721405,0.6676691770553589
YPL103C,YNR070W,0,-0.13452452,0.09361817687749863,0.671219527721405,0.6677694320678711
YER179W,YLR360W,0,-0.13455775,0.09360544383525848,0.671219527721405,0.6678696870803833
YDR359C,YOR299W,0,-0.13458523,0.09359271079301834,0.671219527721405,0.6679699420928955
YLR446W,YKL038W,0,-0.13463038,0.0935799777507782,0.671219527721405,0.6680701971054077
YDL083C,YLL033W,0,-0.13474014,0.09356725215911865,0.671219527721405,0.6681704521179199
YER096W,YFR024C-A,0,-0.13480479,0.0935545265674591,0.671219527721405,0.6682706475257874
YER126C,YDL065C,0,-0.13507327,0.09354180842638016,0.671219527721405,0.6683709025382996
YBR120C,YHL032C,0,-0.1350796,0.09352909028530121,0.671219527721405,0.6684711575508118
YMR115W,YMR276W,1,-0.13512406,0.09365230053663254,0.6721951365470886,0.6684711575508118
YCR107W,YDR074W,0,-0.13512903,0.09363957494497299,0.6721951365470886,0.668571412563324
YLR085C,YDR297W,0,-0.13514814,0.09362684935331345,0.6721951365470886,0.6686716675758362
YDL012C,YDL245C,0,-0.13515556,0.0936141312122345,0.6721951365470886,0.6687719225883484
YNL133C,YHR214C-B,0,-0.13527144,0.09360141307115555,0.6721951365470886,0.6688721776008606
YDR057W,YKL175W,0,-0.13527781,0.0935887023806572,0.6721951365470886,0.6689724326133728
YIL095W,YIL052C,0,-0.1352941,0.09357599169015884,0.6721951365470886,0.669072687625885
YJR094W-A,YER044C-A,0,-0.1353127,0.09356328099966049,0.6721951365470886,0.6691729426383972
YDL029W,YFL021W,0,-0.13539618,0.09355057775974274,0.6721951365470886,0.6692731976509094
YDL127W,YML106W,0,-0.13545263,0.09353787451982498,0.6721951365470886,0.6693734526634216
YNL012W,YPR194C,0,-0.13545795,0.09352517873048782,0.6721951365470886,0.6694737076759338
YOR142W,YLR080W,0,-0.13546085,0.09351248294115067,0.6721951365470886,0.669573962688446
YPR073C,YCL069W,0,-0.13553116,0.0934997946023941,0.6721951365470886,0.6696741580963135
YDR326C,YLR363C,0,-0.13553573,0.09348710626363754,0.6721951365470886,0.6697744131088257
YDR227W,YER074W,0,-0.1355646,0.09347442537546158,0.6721951365470886,0.6698746681213379
YLR460C,YDR388W,0,-0.13558972,0.09346174448728561,0.6721951365470886,0.6699749231338501
YNL210W,YDR219C,0,-0.13575841,0.09344907104969025,0.6721951365470886,0.6700751781463623
YDR092W,YGL017W,1,-0.13588654,0.09357201308012009,0.6731707453727722,0.6700751781463623
YNL121C,YPL096W,0,-0.13594124,0.09355932474136353,0.6731707453727722,0.6701754331588745
YOL140W,YER068W,0,-0.13594422,0.09354663640260696,0.6731707453727722,0.6702756881713867
YER113C,YLR040C,0,-0.13604604,0.093533955514431,0.6731707453727722,0.6703759431838989
YFL026W,YOR236W,0,-0.13605525,0.09352128207683563,0.6731707453727722,0.6704761981964111
YOR341W,YOR265W,0,-0.13613652,0.09350860863924026,0.6731707453727722,0.6705764532089233
YLR228C,YAL023C,0,-0.13621216,0.0934959352016449,0.6731707453727722,0.6706767082214355
YML120C,YDR036C,0,-0.13626699,0.09348326921463013,0.6731707453727722,0.6707769632339478
YDL247W,YHR169W,0,-0.13629398,0.09347060322761536,0.6731707453727722,0.67087721824646
YHR074W,YDL061C,0,-0.13632518,0.09345794469118118,0.6731707453727722,0.6709774732589722
YGL009C,YBL039C,0,-0.13637011,0.09344528615474701,0.6731707453727722,0.6710776686668396
YDR135C,YPR001W,0,-0.1364534,0.09343263506889343,0.6731707453727722,0.6711779236793518
YBR084W,YHR197W,0,-0.13648142,0.09341998398303986,0.6731707453727722,0.671278178691864
YLR295C,YGL051W,0,-0.13649857,0.09340734034776688,0.6731707453727722,0.6713784337043762
YPL257W-B,YBR066C,0,-0.13654396,0.0933946967124939,0.6731707453727722,0.6714786887168884
YDL185W,YIL119C,0,-0.13664842,0.09338205307722092,0.6731707453727722,0.6715789437294006
YJR108W,YBR054W,0,-0.13666087,0.09336941689252853,0.6731707453727722,0.6716791987419128
YLR409C,YLR364W,0,-0.13670143,0.09335678815841675,0.6731707453727722,0.671779453754425
YML095C,YDR224C,0,-0.1367526,0.09334415942430496,0.6731707453727722,0.6718797087669373
YAR042W,YMR228W,0,-0.13677986,0.09333153069019318,0.6731707453727722,0.6719799637794495
YOR298W,YOL029C,0,-0.13681209,0.09331890940666199,0.6731707453727722,0.6720802187919617
YER060W-A,YBR193C,0,-0.13682273,0.0933062881231308,0.6731707453727722,0.6721804738044739
YJR155W,YGL144C,0,-0.13684583,0.0932936742901802,0.6731707453727722,0.6722807288169861
YOL103W,YMR281W,0,-0.1368656,0.09328106045722961,0.6731707453727722,0.6723809242248535
YJL044C,YGL163C,0,-0.1370246,0.09326845407485962,0.6731707453727722,0.6724811792373657
YDR033W,YEL043W,0,-0.13706522,0.09325584769248962,0.6731707453727722,0.6725814342498779
YPL209C,YDR345C,0,-0.13714847,0.09324324131011963,0.6731707453727722,0.6726816892623901
YPR016C,YMR122W-A,0,-0.13723737,0.09323064237833023,0.6731707453727722,0.6727819442749023
YBR026C,YNL167C,0,-0.13727082,0.09321805089712143,0.6731707453727722,0.6728821992874146
YBR066C,YFL004W,0,-0.13728644,0.09320545941591263,0.6731707453727722,0.6729824542999268
YPR032W,YDR055W,0,-0.1373013,0.09319286793470383,0.6731707453727722,0.673082709312439
YNR013C,YPL160W,0,-0.13732672,0.09318028390407562,0.6731707453727722,0.6731829643249512
YLR214W,YGR244C,0,-0.13735604,0.09316769987344742,0.6731707453727722,0.6732832193374634
YKL014C,YBL008W,0,-0.13742581,0.09315512329339981,0.6731707453727722,0.6733834743499756
YKL150W,YDR528W,0,-0.13744676,0.0931425467133522,0.6731707453727722,0.6734837293624878
YNL045W,YLR361C,0,-0.13746521,0.09312997758388519,0.6731707453727722,0.673583984375
YER094C,YHR171W,1,-0.1374826,0.09325236082077026,0.6741463541984558,0.673583984375
YNL061W,YDR399W,0,-0.13757339,0.09323977679014206,0.6741463541984558,0.6736842393875122
YKR103W,YBL056W,0,-0.13769795,0.09322720021009445,0.6741463541984558,0.6737844347953796
YDL209C,YKL164C,0,-0.13771605,0.09321462363004684,0.6741463541984558,0.6738846898078918
YIR025W,YKL140W,0,-0.13773373,0.09320204704999924,0.6741463541984558,0.673984944820404
YBL085W,YCR016W,0,-0.1377675,0.09318947792053223,0.6741463541984558,0.6740851998329163
YDR028C,YDR479C,0,-0.13789818,0.09317691624164581,0.6741463541984558,0.6741854548454285
YDR490C,YGL246C,0,-0.13795903,0.0931643545627594,0.6741463541984558,0.6742857098579407
YIL120W,YOR046C,0,-0.13806483,0.09315179288387299,0.6741463541984558,0.6743859648704529
YER179W,YJR027W,0,-0.13807096,0.09313923865556717,0.6741463541984558,0.6744862198829651
YDR330W,YPR194C,0,-0.13807857,0.09312668442726135,0.6741463541984558,0.6745864748954773
YER014W,YOR258W,0,-0.13807873,0.09311413764953613,0.6741463541984558,0.6746867299079895
YOR032C,YKL210W,0,-0.13817723,0.09310159087181091,0.6741463541984558,0.6747869849205017
YKL138C,YER142C,0,-0.13838431,0.0930890440940857,0.6741463541984558,0.6748872399330139
YNL130C,YGR239C,0,-0.13845128,0.09307651221752167,0.6741463541984558,0.6749874949455261
YIR037W,YPL078C,0,-0.13847394,0.09306397289037704,0.6741463541984558,0.6750876903533936
YJL165C,YJL003W,0,-0.13857093,0.09305144101381302,0.6741463541984558,0.6751879453659058
YDR261C-D,YOR201C,0,-0.13858958,0.09303890913724899,0.6741463541984558,0.675288200378418
YPL179W,YML028W,0,-0.13861477,0.09302638471126556,0.6741463541984558,0.6753884553909302
YPR148C,YLR321C,0,-0.13866466,0.09301386773586273,0.6741463541984558,0.6754887104034424
YLR220W,YOR087W,0,-0.13867097,0.0930013433098793,0.6741463541984558,0.6755889654159546
YPL002C,YLR207W,1,-0.13872711,0.09312339872121811,0.6751219630241394,0.6755889654159546
YGL120C,YKR104W,0,-0.13878348,0.09311087429523468,0.6751219630241394,0.6756892204284668
YKL067W,YLR288C,0,-0.1387881,0.09309834241867065,0.6751219630241394,0.675789475440979
YPL186C,YNR074C,0,-0.13883135,0.09308582544326782,0.6751219630241394,0.6758897304534912
YBL103C,YDR145W,0,-0.13883503,0.0930733010172844,0.6751219630241394,0.6759899854660034
YGR048W,YNR069C,1,-0.13889775,0.09319526702165604,0.676097571849823,0.6759899854660034
YGL222C,YHR153C,0,-0.13891086,0.09318273514509201,0.676097571849823,0.6760902404785156
YKL022C,YGL004C,1,-0.13891895,0.09330464899539948,0.6770731806755066,0.6760902404785156
YGR084C,YLR074C,0,-0.13893695,0.09329210966825485,0.6770731806755066,0.6761904954910278
YJR083C,YBR020W,0,-0.1390444,0.09327957034111023,0.6770731806755066,0.67629075050354
YDR260C,YER087C-B,1,-0.1390657,0.09340142458677292,0.6780487895011902,0.67629075050354
YER023W,YLR248W,0,-0.13914227,0.0933888703584671,0.6780487895011902,0.6763910055160522
YLL024C,YJL072C,0,-0.13921016,0.09337632358074188,0.6780487895011902,0.6764912009239197
YGL155W,YPL253C,0,-0.13930649,0.09336378425359726,0.6780487895011902,0.6765914559364319
YCR105W,YMR204C,0,-0.13931051,0.09335124492645264,0.6780487895011902,0.6766917109489441
YDR453C,YOL029C,0,-0.13953137,0.09333870559930801,0.6780487895011902,0.6767919659614563
YHR092C,YAL034W-A,0,-0.13971023,0.09332617372274399,0.6780487895011902,0.6768922209739685
YGL018C,YOR306C,0,-0.13974938,0.09331364184617996,0.6780487895011902,0.6769924759864807
YLR015W,YOL101C,0,-0.13976298,0.09330111742019653,0.6780487895011902,0.6770927309989929
YOR079C,YLL057C,0,-0.13980222,0.0932885929942131,0.6780487895011902,0.6771929860115051
YFR050C,YBL078C,1,-0.13986337,0.09341028332710266,0.6790243983268738,0.6771929860115051
YBR245C,YOR067C,0,-0.13987905,0.09339774399995804,0.6790243983268738,0.6772932410240173
YDR211W,YHR129C,0,-0.1399803,0.09338521212339401,0.6790243983268738,0.6773934960365295
YDL126C,YDR510W,1,-0.1400139,0.0935068428516388,0.6800000071525574,0.6773934960365295
YMR136W,YOL098C,0,-0.14003244,0.09349429607391357,0.6800000071525574,0.6774937510490417
YNL284C,YOR070C,0,-0.1401178,0.09348175674676895,0.6800000071525574,0.677594006061554
YGL035C,YGR014W,0,-0.14018138,0.09346922487020493,0.6800000071525574,0.6776942610740662
YMR078C,YKL154W,0,-0.14023536,0.0934566929936409,0.6800000071525574,0.6777944564819336
YMR295C,YLL029W,0,-0.14029923,0.09344416111707687,0.6800000071525574,0.6778947114944458
YPR132W,YMR169C,0,-0.1403051,0.09343163669109344,0.6800000071525574,0.677994966506958
YDR145W,YKR056W,0,-0.14032316,0.09341911226511002,0.6800000071525574,0.6780952215194702
YDL039C,YER109C,0,-0.14032796,0.09340659528970718,0.6800000071525574,0.6781954765319824
YBR145W,YIL118W,0,-0.1403478,0.09339407831430435,0.6800000071525574,0.6782957315444946
YDR463W,YOR018W,0,-0.1403747,0.09338156133890152,0.6800000071525574,0.6783959865570068
YML092C,YBR173C,1,-0.14040136,0.09350301325321198,0.680975615978241,0.6783959865570068
YDR402C,YJL095W,0,-0.14047635,0.09349048882722855,0.680975615978241,0.678496241569519
YKL052C,YFL005W,0,-0.14055476,0.09347797185182571,0.680975615978241,0.6785964965820312
YER177W,YBR276C,0,-0.14055538,0.09346545487642288,0.680975615978241,0.6786967515945435
YHR006W,YPR063C,0,-0.1405908,0.09345293790102005,0.680975615978241,0.6787970066070557
YML013W,YHR171W,1,-0.14065163,0.09357430040836334,0.6819512248039246,0.6787970066070557
YDR292C,YNL046W,0,-0.14070243,0.09356176853179932,0.6819512248039246,0.6788972616195679
YOR266W,YOR239W,0,-0.14073488,0.09354925155639648,0.6819512248039246,0.6789975166320801
YML070W,YLR164W,0,-0.14074439,0.09353673458099365,0.6819512248039246,0.6790977716445923
YOL086C,YDL019C,0,-0.14074947,0.09352421760559082,0.6819512248039246,0.6791979670524597
YDR064W,YBR118W,0,-0.14084753,0.09351170808076859,0.6819512248039246,0.6792982220649719
YML085C,YNR017W,0,-0.14093742,0.09349919855594635,0.6819512248039246,0.6793984770774841
YNR027W,YPR068C,0,-0.14102235,0.09348668903112411,0.6819512248039246,0.6794987320899963
YKL195W,YGL155W,0,-0.14102921,0.09347419440746307,0.6819512248039246,0.6795989871025085
YNL015W,YDR240C,0,-0.1410583,0.09346169233322144,0.6819512248039246,0.6796992421150208
YGL231C,YJL008C,0,-0.14113413,0.0934491977095604,0.6819512248039246,0.679799497127533
YML092C,YIL008W,1,-0.1411486,0.09357038140296936,0.6829268336296082,0.679799497127533
YLL043W,YOL140W,0,-0.14115499,0.09355787187814713,0.6829268336296082,0.6798997521400452
YBL064C,YML034W,0,-0.14118856,0.09354536980390549,0.6829268336296082,0.6800000071525574
YBR067C,YKL093W,0,-0.14131641,0.09353286772966385,0.6829268336296082,0.6801002621650696
YPL085W,YDR388W,0,-0.14132993,0.09352037310600281,0.6829268336296082,0.6802005171775818
YLL017W,YAL048C,0,-0.14133996,0.09350787848234177,0.6829268336296082,0.680300772190094
YNL118C,YKL109W,0,-0.1413823,0.09349539130926132,0.6829268336296082,0.6804010272026062
YJR057W,YMR145C,0,-0.14143047,0.09348290413618088,0.6829268336296082,0.6805012822151184
YDL008W,YBR041W,0,-0.14143783,0.09347042441368103,0.6829268336296082,0.6806014776229858
YOL005C,YJL083W,0,-0.1414476,0.09345794469118118,0.6829268336296082,0.680701732635498
YGL222C,YDL200C,0,-0.14147875,0.09344546496868134,0.6829268336296082,0.6808019876480103
YCR091W,YOR075W,0,-0.14151984,0.09343299269676208,0.6829268336296082,0.6809022426605225
YIL013C,YDL061C,0,-0.14153284,0.09342052787542343,0.6829268336296082,0.6810024976730347
YOR057W,YDR139C,1,-0.14155206,0.09354150295257568,0.6839024424552917,0.6810024976730347
YOR043W,YAR015W,0,-0.14156348,0.09352901577949524,0.6839024424552917,0.6811027526855469
YKL085W,YGR113W,0,-0.14161384,0.09351654350757599,0.6839024424552917,0.6812030076980591
YDL211C,YEL065W,0,-0.14164978,0.09350407123565674,0.6839024424552917,0.6813032627105713
YPL271W,YGL026C,0,-0.14166908,0.09349159896373749,0.6839024424552917,0.6814035177230835
YDR260C,YBR203W,1,-0.14167039,0.09361248463392258,0.6848780512809753,0.6814035177230835
YGR034W,YDR510W,0,-0.14169922,0.09359999746084213,0.6848780512809753,0.6815037727355957
YAL034W-A,YNL221C,0,-0.14172679,0.09358752518892288,0.6848780512809753,0.6816040277481079
YHR120W,YBL080C,0,-0.14173818,0.09357504546642303,0.6848780512809753,0.6817042827606201
YDR424C,YGR165W,0,-0.14174697,0.09356257319450378,0.6848780512809753,0.6818045377731323
YOR377W,YLR312W-A,0,-0.14185412,0.09355010837316513,0.6848780512809753,0.6819047331809998
YOR272W,YNL339C,0,-0.14186218,0.09353764355182648,0.6848780512809753,0.682004988193512
YBL031W,YJR022W,0,-0.14186454,0.09352517873048782,0.6848780512809753,0.6821052432060242
YPR187W,YGR254W,0,-0.14190987,0.09351272135972977,0.6848780512809753,0.6822054982185364
YDR091C,YLR139C,0,-0.14193022,0.09350026398897171,0.6848780512809753,0.6823057532310486
YDL195W,YHR214C-B,0,-0.1419709,0.09348781406879425,0.6848780512809753,0.6824060082435608
YDR145W,YJL178C,0,-0.14202628,0.09347536414861679,0.6848780512809753,0.682506263256073
YOR270C,YOR236W,0,-0.14203286,0.09346292167901993,0.6848780512809753,0.6826065182685852
YLR023C,YMR145C,0,-0.14208545,0.09345047920942307,0.6848780512809753,0.6827067732810974
YLR270W,YBR130C,0,-0.14212932,0.0934380441904068,0.6848780512809753,0.6828070282936096
YJL216C,YOR228C,0,-0.14213026,0.09342560917139053,0.6848780512809753,0.6829072833061218
YHR077C,YPL173W,0,-0.14213564,0.09341317415237427,0.6848780512809753,0.683007538318634
YOL028C,YDR170W-A,0,-0.14217299,0.0934007465839386,0.6848780512809753,0.6831077933311462
YDR134C,YDR239C,0,-0.14222996,0.09338831901550293,0.6848780512809753,0.6832080483436584
YDR140W,YLR306W,0,-0.1422377,0.09337589889764786,0.6848780512809753,0.6833082437515259
YOR089C,YLR323C,0,-0.14231,0.09336347877979279,0.6848780512809753,0.6834084987640381
YOR126C,YML028W,0,-0.14231953,0.09335106611251831,0.6848780512809753,0.6835087537765503
YDR065W,YER015W,0,-0.14238639,0.09333865344524384,0.6848780512809753,0.6836090087890625
YDR448W,YFL001W,0,-0.14255877,0.09332624077796936,0.6848780512809753,0.6837092638015747
YDL109C,YAR015W,0,-0.142583,0.09331383556127548,0.6848780512809753,0.6838095188140869
YMR054W,YHR160C,0,-0.14262557,0.0933014377951622,0.6848780512809753,0.6839097738265991
YLR246W,YDL046W,0,-0.14262867,0.09328904002904892,0.6848780512809753,0.6840100288391113
YIL087C,YKR100C,0,-0.14265096,0.09327664226293564,0.6848780512809753,0.6841102838516235
YKL029C,YAR031W,0,-0.14265269,0.09326425194740295,0.6848780512809753,0.6842105388641357
YLR193C,YPR119W,0,-0.14267245,0.09325186163187027,0.6848780512809753,0.684310793876648
YJL058C,YOR129C,0,-0.14268999,0.09323947131633759,0.6848780512809753,0.6844110488891602
YOL066C,YLR318W,0,-0.14270619,0.0932270884513855,0.6848780512809753,0.6845113039016724
YPL096W,YCR066W,1,-0.14282377,0.09334749728441238,0.6858536601066589,0.6845113039016724
YLR196W,YLR024C,0,-0.14288878,0.0933351069688797,0.6858536601066589,0.6846114993095398
YJR078W,YBL052C,0,-0.1429033,0.09332271665334702,0.6858536601066589,0.684711754322052
YIL094C,YNL314W,0,-0.14293276,0.09331032633781433,0.6858536601066589,0.6848120093345642
YNL065W,YGR124W,0,-0.14319947,0.09329794347286224,0.6858536601066589,0.6849122643470764
YGR135W,YBL057C,1,-0.14321251,0.09341825544834137,0.6868292689323425,0.6849122643470764
YER173W,YDL074C,0,-0.14324656,0.09340586513280869,0.6868292689323425,0.6850125193595886
YOR317W,YMR286W,0,-0.14343119,0.093393474817276,0.6868292689323425,0.6851127743721008
YFL025C,YHR153C,0,-0.14347303,0.09338108450174332,0.6868292689323425,0.685213029384613
YMR136W,YLR277C,0,-0.14358853,0.09336870163679123,0.6868292689323425,0.6853132843971252
YGL222C,YGL126W,0,-0.14362437,0.09335631877183914,0.6868292689323425,0.6854135394096375
YDL146W,YBR145W,0,-0.14363164,0.09334394335746765,0.6868292689323425,0.6855137944221497
YEL044W,YDR390C,0,-0.14366663,0.09333156794309616,0.6868292689323425,0.6856140494346619
YKL135C,YHR149C,0,-0.14369103,0.09331919252872467,0.6868292689323425,0.6857143044471741
YMR240C,YIL108W,0,-0.14371432,0.09330682456493378,0.6868292689323425,0.6858145594596863
YJL176C,YDR510W,0,-0.14372835,0.09329446405172348,0.6868292689323425,0.6859148144721985
YGR063C,YBR131W,0,-0.14386529,0.09328209608793259,0.6868292689323425,0.6860150098800659
YKL203C,YOR211C,0,-0.14387688,0.09326974302530289,0.6868292689323425,0.6861152648925781
YDL132W,YBR173C,1,-0.14390783,0.0933898538351059,0.6878048777580261,0.6861152648925781
YCR014C,YDR075W,0,-0.14396691,0.093377485871315,0.6878048777580261,0.6862155199050903
YIL053W,YML039W,0,-0.14410613,0.09336511790752411,0.6878048777580261,0.6863157749176025
YLR121C,YDL171C,0,-0.14415543,0.09335275739431381,0.6878048777580261,0.6864160299301147
YDR372C,YPR127W,0,-0.14432937,0.09334039688110352,0.6878048777580261,0.686516284942627
YPR158C-C,YDR412W,0,-0.14434338,0.09332803636789322,0.6878048777580261,0.6866165399551392
YBR037C,YKR030W,0,-0.14439327,0.09331568330526352,0.6878048777580261,0.6867167949676514
YDR435C,YOR227W,0,-0.14439645,0.09330333769321442,0.6878048777580261,0.6868170499801636
YHR186C,YKL034W,0,-0.14442542,0.09329099208116531,0.6878048777580261,0.6869173049926758
YOL032W,YJR121W,0,-0.14444917,0.09327864646911621,0.6878048777580261,0.687017560005188
YGL128C,YLR439W,0,-0.14451942,0.0932663083076477,0.6878048777580261,0.6871178150177002
YBR058C,YER012W,1,-0.14453186,0.09338624030351639,0.6887804865837097,0.6871178150177002
YPL112C,YMR297W,0,-0.14456281,0.09337389469146729,0.6887804865837097,0.6872180700302124
YGR155W,YKR009C,0,-0.144734,0.09336154162883759,0.6887804865837097,0.6873183250427246
YNL212W,YMR135C,1,-0.14480062,0.09348142147064209,0.6897560954093933,0.6873183250427246
YJL073W,YGR224W,0,-0.14490657,0.0934690609574318,0.6897560954093933,0.687418520450592
YPR166C,YBL098W,0,-0.14493133,0.0934567078948021,0.6897560954093933,0.6875187754631042
YNR021W,YLR088W,0,-0.14494017,0.0934443548321724,0.6897560954093933,0.6876190304756165
YDR411C,YPR008W,0,-0.14505021,0.09343200922012329,0.6897560954093933,0.6877192854881287
YLR260W,YDL166C,0,-0.14506629,0.09341966360807419,0.6897560954093933,0.6878195405006409
YDR372C,YJL033W,0,-0.14507146,0.09340731799602509,0.6897560954093933,0.6879197955131531
YAL002W,YKL028W,0,-0.14507517,0.09339497983455658,0.6897560954093933,0.6880200505256653
YNL119W,YCL036W,0,-0.14515728,0.09338264167308807,0.6897560954093933,0.6881203055381775
YBL013W,YER056C-A,0,-0.14516482,0.09337031096220016,0.6897560954093933,0.6882205605506897
YBL026W,YDL045W-A,0,-0.14516902,0.09335798025131226,0.6897560954093933,0.6883208155632019
YBR040W,YNL199C,0,-0.1451954,0.09334565699100494,0.6897560954093933,0.6884210705757141
YHL050C,YIL079C,0,-0.14522696,0.09333333373069763,0.6897560954093933,0.6885213255882263
YLR380W,YDR098C-B,0,-0.14522834,0.09332101047039032,0.6897560954093933,0.6886215806007385
YNL330C,YHR158C,0,-0.14525503,0.0933086946606636,0.6897560954093933,0.688721776008606
YKL005C,YHL019C,0,-0.14527658,0.09329638630151749,0.6897560954093933,0.6888220310211182
YOL102C,YDR365C,0,-0.1453526,0.09328407794237137,0.6897560954093933,0.6889222860336304
YGL200C,YBR059C,0,-0.14544776,0.09327176958322525,0.6897560954093933,0.6890225410461426
YPL204W,YMR218C,0,-0.14547381,0.09325946122407913,0.6897560954093933,0.6891227960586548
YFR052W,YGR124W,0,-0.14547911,0.09324716776609421,0.6897560954093933,0.689223051071167
YIL030C,YBR208C,0,-0.145558,0.09323486685752869,0.6897560954093933,0.6893233060836792
YDL059C,YNR017W,0,-0.14559989,0.09322257339954376,0.6897560954093933,0.6894235610961914
YDR353W,YGL040C,0,-0.1456715,0.09321027994155884,0.6897560954093933,0.6895238161087036
YMR130W,YOL009C,0,-0.1458273,0.09319799393415451,0.6897560954093933,0.6896240711212158
YIL009C-A,YLR432W,0,-0.14583352,0.09318571537733078,0.6897560954093933,0.689724326133728
YNL023C,YNR052C,0,-0.14584127,0.09317342936992645,0.6897560954093933,0.6898245811462402
YLR088W,YLR005W,0,-0.14587608,0.09316115081310272,0.6897560954093933,0.6899248361587524
YEL017C-A,YJL192C,0,-0.14588177,0.09314887970685959,0.6897560954093933,0.6900250911712646
YDR120C,YMR304W,0,-0.14620388,0.09313660860061646,0.6897560954093933,0.6901252865791321
YNL020C,YDR534C,0,-0.14627573,0.09312434494495392,0.6897560954093933,0.6902255415916443
YOR016C,YMR035W,0,-0.14628807,0.09311207383871078,0.6897560954093933,0.6903257966041565
YOL076W,YMR048W,0,-0.14638752,0.09309981763362885,0.6897560954093933,0.6904260516166687
YDL100C,YBR245C,0,-0.1464679,0.09308755397796631,0.6897560954093933,0.6905263066291809
YNR051C,YGL087C,1,-0.14656197,0.09320694953203201,0.6907317042350769,0.6905263066291809
YOL070C,YPL280W,0,-0.14656973,0.09319467842578888,0.6907317042350769,0.6906265616416931
YBR183W,YPL252C,0,-0.14663354,0.09318241477012634,0.6907317042350769,0.6907268166542053
YIL030C,YML049C,0,-0.14666975,0.0931701511144638,0.6907317042350769,0.6908270716667175
YNR053C,YNL293W,0,-0.14669323,0.09315789490938187,0.6907317042350769,0.6909273266792297
YML085C,YPL147W,0,-0.14684977,0.09314563870429993,0.6907317042350769,0.6910275816917419
YDR527W,YDL208W,0,-0.14687581,0.09313338249921799,0.6907317042350769,0.6911278367042542
YDR151C,YFR031C-A,0,-0.14687914,0.09312113374471664,0.6907317042350769,0.6912280917167664
YHL006C,YER002W,0,-0.1469512,0.0931088924407959,0.6907317042350769,0.6913283467292786
YHR008C,YGL135W,0,-0.14696021,0.09309664368629456,0.6907317042350769,0.691428542137146
YOR151C,YMR009W,0,-0.14700428,0.0930844098329544,0.6907317042350769,0.6915287971496582
YOL155C,YOR389W,0,-0.14709036,0.09307216852903366,0.6907317042350769,0.6916290521621704
YBR107C,YNL294C,0,-0.14709915,0.09305993467569351,0.6907317042350769,0.6917293071746826
YCL032W,YMR200W,0,-0.14715058,0.09304770827293396,0.6907317042350769,0.6918295621871948
YDL209C,YOL145C,0,-0.14724337,0.09303548187017441,0.6907317042350769,0.691929817199707
YBR031W,YML006C,0,-0.14727405,0.09302325546741486,0.6907317042350769,0.6920300722122192
YMR264W,YIL030C,1,-0.14733177,0.09314240515232086,0.6917073130607605,0.6920300722122192
YDR211W,YNL137C,0,-0.14737953,0.09313017129898071,0.6917073130607605,0.6921303272247314
YLR410W-B,YGR282C,0,-0.1473842,0.09311793744564056,0.6917073130607605,0.6922305822372437
YOL158C,YIL173W,0,-0.14741819,0.09310571104288101,0.6917073130607605,0.6923308372497559
YDR358W,YLR206W,0,-0.14778118,0.09309348464012146,0.6917073130607605,0.6924310922622681
YER032W,YKL099C,0,-0.14781864,0.0930812656879425,0.6917073130607605,0.6925313472747803
YOR157C,YER062C,0,-0.14782043,0.09306904673576355,0.6917073130607605,0.6926316022872925
YKL114C,YDR148C,0,-0.14782792,0.09305683523416519,0.6917073130607605,0.6927318572998047
YDR304C,YDR306C,0,-0.14786336,0.09304461628198624,0.6917073130607605,0.6928320527076721
YDR144C,YMR046C,0,-0.14800842,0.09303241223096848,0.6917073130607605,0.6929323077201843
YHR044C,YOR168W,0,-0.14816076,0.09302020817995071,0.6917073130607605,0.6930325627326965
YNL010W,YER036C,0,-0.14833215,0.09300800412893295,0.6917073130607605,0.6931328177452087
YOR313C,YDR454C,0,-0.14839265,0.09299580007791519,0.6917073130607605,0.693233072757721
YDR476C,YBR189W,0,-0.1484776,0.09298360347747803,0.6917073130607605,0.6933333277702332
YLR304C,YJL019W,0,-0.14866287,0.09297141432762146,0.6917073130607605,0.6934335827827454
YMR290C,YNL213C,0,-0.14869837,0.09295922517776489,0.6917073130607605,0.6935338377952576
YJL216C,YFL038C,0,-0.14874917,0.09294703602790833,0.6917073130607605,0.6936340928077698
YLR115W,YGR056W,0,-0.14893527,0.09293485432863235,0.6917073130607605,0.693734347820282
YBR273C,YMR250W,0,-0.1489434,0.09292267262935638,0.6917073130607605,0.6938346028327942
YNL056W,YHL036W,0,-0.14922078,0.09291049838066101,0.6917073130607605,0.6939348578453064
YOR224C,YMR274C,0,-0.1492295,0.09289832413196564,0.6917073130607605,0.6940351128578186
YGL035C,YGL107C,0,-0.14924523,0.09288614988327026,0.6917073130607605,0.6941353678703308
YGR184C,YGL141W,1,-0.14925376,0.0930049791932106,0.6926829218864441,0.6941353678703308
YDR040C,YIL061C,0,-0.14936018,0.09299279749393463,0.6926829218864441,0.6942355632781982
YDR380W,YLR328W,0,-0.14953637,0.09298061579465866,0.6926829218864441,0.6943358182907104
YDR403W,YBR089C-A,0,-0.14969698,0.09296844154596329,0.6926829218864441,0.6944360733032227
YNL077W,YDL047W,0,-0.14978811,0.09295627474784851,0.6926829218864441,0.6945363283157349
YJL069C,YML028W,0,-0.14988258,0.09294410049915314,0.6926829218864441,0.6946365833282471
YGR235C,YML060W,0,-0.14996994,0.09293193370103836,0.6926829218864441,0.6947368383407593
YDL175C,YHR023W,0,-0.14998662,0.09291977435350418,0.6926829218864441,0.6948370933532715
YGL010W,YLR052W,0,-0.1499961,0.09290761500597,0.6926829218864441,0.6949373483657837
YBR238C,YMR169C,0,-0.15001884,0.09289546310901642,0.6926829218864441,0.6950376033782959
YDR330W,YMR067C,1,-0.15012503,0.09301412850618362,0.6936585307121277,0.6950376033782959
YDR069C,YIL046W,1,-0.15029894,0.09313276410102844,0.6946341395378113,0.6950376033782959
YFR049W,YNL281W,0,-0.15033841,0.09312058240175247,0.6946341395378113,0.6951378583908081
YBL078C,YNL077W,0,-0.15042156,0.0931084081530571,0.6946341395378113,0.6952381134033203
YDR255C,YLR360W,1,-0.15043485,0.09322698414325714,0.6956097483634949,0.6952381134033203
YDR430C,YGR193C,0,-0.15056148,0.09321480244398117,0.6956097483634949,0.6953383684158325
YPL078C,YDL119C,0,-0.15059307,0.0932026132941246,0.6956097483634949,0.6954386234283447
YJR131W,YDR394W,1,-0.15066838,0.09332113713026047,0.6965853571891785,0.6954386234283447
YHR143W,YPR158C-D,0,-0.15069604,0.0933089405298233,0.6965853571891785,0.6955388188362122
YLR305C,YDR372C,0,-0.1507636,0.09329674392938614,0.6965853571891785,0.6956390738487244
YLL042C,YBR290W,1,-0.15080078,0.09341520816087723,0.6975609660148621,0.6956390738487244
YDR496C,YJR027W,0,-0.15085047,0.09340300410985947,0.6975609660148621,0.6957393288612366
YPR024W,YMR314W,1,-0.15086384,0.09352142363786697,0.6985365748405457,0.6957393288612366
YNL239W,YLR283W,0,-0.15090269,0.09350920468568802,0.6985365748405457,0.6958395838737488
YOR334W,YAL029C,0,-0.15104243,0.09349699318408966,0.6985365748405457,0.695939838886261
YMR179W,YMR188C,0,-0.15105763,0.0934847891330719,0.6985365748405457,0.6960400938987732
YDR383C,YJR089W,0,-0.15109189,0.09347258508205414,0.6985365748405457,0.6961403489112854
YFR005C,YML111W,1,-0.15109412,0.09359091520309448,0.6995121836662292,0.6961403489112854
YDR358W,YIL087C,0,-0.15125933,0.09357870370149612,0.6995121836662292,0.6962406039237976
YBR041W,YIL136W,0,-0.15127814,0.09356648474931717,0.6995121836662292,0.6963408589363098
YCR035C,YER036C,0,-0.15132146,0.09355428069829941,0.6995121836662292,0.696441113948822
YHR020W,YMR150C,0,-0.15133344,0.09354207664728165,0.6995121836662292,0.6965413689613342
YFL026W,YDL076C,0,-0.15139508,0.09352987259626389,0.6995121836662292,0.6966416239738464
YOR084W,YPR096C,0,-0.1514269,0.09351767599582672,0.6995121836662292,0.6967418789863586
YJL140W,YLR429W,0,-0.1514334,0.09350547939538956,0.6995121836662292,0.6968421339988708
YPL002C,YGL021W,0,-0.15143768,0.09349328279495239,0.6995121836662292,0.6969423294067383
YOR110W,YDR012W,0,-0.15183933,0.09348109364509583,0.6995121836662292,0.6970425844192505
YMR046C,YGR169C,0,-0.1519019,0.09346891194581985,0.6995121836662292,0.6971428394317627
YKR066C,YOR113W,0,-0.15193813,0.09345672279596329,0.6995121836662292,0.6972430944442749
YLR223C,YML015C,0,-0.15201868,0.09344454854726791,0.6995121836662292,0.6973433494567871
YBR251W,YIL135C,0,-0.15202844,0.09343236684799194,0.6995121836662292,0.6974436044692993
YGR145W,YIR002C,0,-0.15203127,0.09342019259929657,0.6995121836662292,0.6975438594818115
YBL030C,YOR348C,0,-0.15207028,0.0934080258011818,0.6995121836662292,0.6976441144943237
YDR115W,YJR045C,0,-0.15207966,0.09339585900306702,0.6995121836662292,0.6977443695068359
YLR119W,YOL038W,1,-0.15213698,0.09351393580436707,0.7004877924919128,0.6977443695068359
YDR447C,YDR217C,0,-0.15219417,0.09350176155567169,0.7004877924919128,0.6978446245193481
YNR060W,YNL137C,0,-0.15221016,0.09348957985639572,0.7004877924919128,0.6979448795318604
YDL078C,YFR024C-A,0,-0.15227759,0.09347741305828094,0.7004877924919128,0.6980451345443726
YJR103W,YGR156W,0,-0.152293,0.09346524626016617,0.7004877924919128,0.6981453895568848
YDR002W,YKL010C,1,-0.15231904,0.09358323365449905,0.7014634013175964,0.6981453895568848
YPR158C-C,YHR113W,0,-0.15269777,0.09357105940580368,0.7014634013175964,0.6982455849647522
YLR421C,YLR025W,1,-0.15277204,0.09368900209665298,0.70243901014328,0.6982455849647522
YFR030W,YHR006W,0,-0.15289377,0.09367681294679642,0.70243901014328,0.6983458399772644
YKR049C,YML049C,0,-0.15297139,0.09366463124752045,0.70243901014328,0.6984460949897766
YHR046C,YLR466W,0,-0.15304975,0.09365244209766388,0.70243901014328,0.6985463500022888
YOR060C,YEL053C,0,-0.15310146,0.0936402678489685,0.70243901014328,0.698646605014801
YJR068W,YDL130W,0,-0.15313017,0.09362808614969254,0.70243901014328,0.6987468600273132
YEL032W,YKL154W,0,-0.15317196,0.09361591190099716,0.70243901014328,0.6988471150398254
YGR286C,YJR121W,0,-0.15325151,0.09360374510288239,0.70243901014328,0.6989473700523376
YBR120C,YOL031C,0,-0.15325534,0.09359157830476761,0.70243901014328,0.6990476250648499
YBR067C,YDR430C,0,-0.15343678,0.09357941150665283,0.70243901014328,0.6991478800773621
YER062C,YIL061C,0,-0.15353835,0.09356725215911865,0.70243901014328,0.6992481350898743
YMR125W,YDL140C,0,-0.15355252,0.09355509281158447,0.70243901014328,0.6993483901023865
YPL149W,YDR002W,0,-0.1535534,0.09354294091463089,0.70243901014328,0.6994486451148987
YDR443C,YBR182C,0,-0.15364532,0.09353078901767731,0.70243901014328,0.6995489001274109
YLR011W,YER167W,0,-0.15374354,0.09351863712072372,0.70243901014328,0.6996490955352783
YMR182C,YBL057C,0,-0.1537436,0.09350649267435074,0.70243901014328,0.6997493505477905
YBL055C,YKR054C,0,-0.1537483,0.09349434822797775,0.70243901014328,0.6998496055603027
YKR019C,YBR188C,0,-0.1538837,0.09348221123218536,0.70243901014328,0.6999498605728149
YIL153W,YMR077C,0,-0.1539541,0.09347007423639297,0.70243901014328,0.7000501155853271
YLL055W,YLL019C,0,-0.15402167,0.09345794469118118,0.70243901014328,0.7001503705978394
YLL050C,YER137C,0,-0.15402243,0.09344581514596939,0.70243901014328,0.7002506256103516
YJR143C,YLR448W,0,-0.1541155,0.0934336856007576,0.70243901014328,0.7003508806228638
YMR061W,YOR349W,0,-0.15413603,0.0934215635061264,0.70243901014328,0.700451135635376
YNL246W,YLR143W,0,-0.15419066,0.09340944141149521,0.70243901014328,0.7005513906478882
YMR017W,YDR513W,0,-0.15420239,0.09339732676744461,0.70243901014328,0.7006516456604004
YOL101C,YLR109W,0,-0.15431058,0.09338521212339401,0.70243901014328,0.7007519006729126
YPR103W,YKL213C,1,-0.15435143,0.09350278973579407,0.7034146189689636,0.7007519006729126
YER159C-A,YNL006W,0,-0.15443963,0.09349066019058228,0.7034146189689636,0.7008521556854248
YKR075C,YHR096C,0,-0.1545046,0.09347854554653168,0.7034146189689636,0.700952410697937
YNL289W,YJL166W,0,-0.15460159,0.09346642345190048,0.7034146189689636,0.7010526061058044
YKL081W,YOL121C,0,-0.15461844,0.09345430880784988,0.7034146189689636,0.7011528611183167
YBR058C,YLR378C,1,-0.15486267,0.09357179701328278,0.7043902277946472,0.7011528611183167
YEL039C,YKR058W,0,-0.15488762,0.09355967491865158,0.7043902277946472,0.7012531161308289
YDR390C,YHR171W,1,-0.15489206,0.09367711842060089,0.7053658366203308,0.7012531161308289
YPL143W,YDR222W,0,-0.15490803,0.0936649814248085,0.7053658366203308,0.7013533711433411
YPR173C,YAL060W,0,-0.15492162,0.09365285187959671,0.7053658366203308,0.7014536261558533
YDL007W,YNL298W,0,-0.15498182,0.09364072233438492,0.7053658366203308,0.7015538811683655
YIL124W,YJL155C,0,-0.15498412,0.09362859278917313,0.7053658366203308,0.7016541361808777
YER144C,YPL120W,1,-0.15513948,0.09374595433473587,0.7063414454460144,0.7016541361808777
YLR401C,YLR312W-A,0,-0.155159,0.09373381733894348,0.7063414454460144,0.7017543911933899
YEL032W,YDR098C,0,-0.1551799,0.09372168034315109,0.7063414454460144,0.7018546462059021
YFR052W,YDL008W,1,-0.15533541,0.09383898228406906,0.707317054271698,0.7018546462059021
YJL081C,YNL182C,0,-0.155366,0.09382683783769608,0.707317054271698,0.7019549012184143
YHR101C,YDR524C,0,-0.15545899,0.09381470084190369,0.707317054271698,0.7020551562309265
YCR107W,YLR433C,0,-0.15546025,0.0938025638461113,0.707317054271698,0.7021554112434387
YDR353W,YPR200C,0,-0.15554227,0.09379042685031891,0.707317054271698,0.7022556662559509
YER055C,YGL035C,0,-0.15554287,0.09377829730510712,0.707317054271698,0.7023558616638184
YKL114C,YKL069W,0,-0.1555557,0.09376616775989532,0.707317054271698,0.7024561166763306
YCR098C,YCR040W,0,-0.15556224,0.09375403821468353,0.707317054271698,0.7025563716888428
YHL012W,YPL068C,0,-0.15559876,0.09374191612005234,0.707317054271698,0.702656626701355
YHR027C,YDR393W,0,-0.1556516,0.09372980147600174,0.707317054271698,0.7027568817138672
YNL061W,YLR433C,0,-0.15568894,0.09371768683195114,0.707317054271698,0.7028571367263794
YMR037C,YOR304W,0,-0.15571794,0.09370557218790054,0.707317054271698,0.7029573917388916
YOL030W,YHR079C,0,-0.1558295,0.09369345754384995,0.707317054271698,0.7030576467514038
YKL156W,YBL034C,0,-0.15592664,0.09368135780096054,0.707317054271698,0.703157901763916
YKR095W,YAL059W,0,-0.15595636,0.09366925060749054,0.707317054271698,0.7032581567764282
YBR123C,YGL106W,0,-0.15602034,0.09365715086460114,0.707317054271698,0.7033584117889404
YOL061W,YDR189W,0,-0.1561192,0.09364505112171173,0.707317054271698,0.7034586668014526
YNL190W,YKL150W,0,-0.1562171,0.09363295882940292,0.707317054271698,0.7035589218139648
YGR274C,YNR074C,0,-0.15624657,0.09362086653709412,0.707317054271698,0.703659176826477
YEL030W,YDL117W,0,-0.15626942,0.0936087816953659,0.707317054271698,0.7037593722343445
YOL109W,YHR160C,0,-0.1563105,0.0935966968536377,0.707317054271698,0.7038596272468567
YGR112W,YOR272W,0,-0.15662849,0.09358461201190948,0.707317054271698,0.7039598822593689
YAL044C,YBR188C,0,-0.15664524,0.09357253462076187,0.707317054271698,0.7040601372718811
YPL280W,YMR055C,0,-0.15669394,0.09356045722961426,0.707317054271698,0.7041603922843933
YIL007C,YNL182C,0,-0.1567109,0.09354838728904724,0.707317054271698,0.7042606472969055
YPL058C,YOR175C,0,-0.15692025,0.09353631734848022,0.707317054271698,0.7043609023094177
YER014W,YER101C,0,-0.1569632,0.0935242548584938,0.707317054271698,0.7044611573219299
YKL124W,YBR101C,0,-0.15697865,0.09351219236850739,0.707317054271698,0.7045614123344421
YIL002C,YER017C,0,-0.15701918,0.09350012987852097,0.707317054271698,0.7046616673469543
YKL038W,YPL140C,0,-0.15709348,0.09348807483911514,0.707317054271698,0.7047619223594666
YLR382C,YDR200C,0,-0.15713379,0.09347601979970932,0.707317054271698,0.7048621773719788
YMR042W,YOR085W,0,-0.15716538,0.0934639647603035,0.707317054271698,0.704962432384491
YGL027C,YKR096W,0,-0.15721247,0.09345191717147827,0.707317054271698,0.7050626277923584
YDR067C,YDR308C,0,-0.15722224,0.09343987703323364,0.707317054271698,0.7051628828048706
YLR035C-A,YNL135C,0,-0.15722667,0.09342783689498901,0.707317054271698,0.7052631378173828
YCR036W,YIL160C,0,-0.15722921,0.09341579675674438,0.707317054271698,0.705363392829895
YLR239C,YCR004C,0,-0.15733609,0.09340376406908035,0.707317054271698,0.7054636478424072
YDR107C,YLR120C,0,-0.15737358,0.09339173138141632,0.707317054271698,0.7055639028549194
YGL158W,YGR169C,0,-0.15739499,0.09337969869375229,0.707317054271698,0.7056641578674316
YPL151C,YHR149C,0,-0.15745398,0.09336767345666885,0.707317054271698,0.7057644128799438
YLR099C,YPL171C,0,-0.15751386,0.09335565567016602,0.707317054271698,0.705864667892456
YDR213W,YHR215W,0,-0.15755826,0.09334363043308258,0.707317054271698,0.7059649229049683
YDL136W,YDR189W,0,-0.1577968,0.09333162009716034,0.707317054271698,0.7060651779174805
YLR109W,YNL280C,0,-0.15781444,0.0933196023106575,0.707317054271698,0.7061654329299927
YKL143W,YNL310C,0,-0.15797308,0.09330759197473526,0.707317054271698,0.7062656879425049
YDL015C,YKL079W,0,-0.15801884,0.09329558908939362,0.707317054271698,0.7063659429550171
YJR108W,YER086W,0,-0.15808824,0.09328357875347137,0.707317054271698,0.7064661383628845
YDR082W,YDR398W,0,-0.15816936,0.09327158331871033,0.707317054271698,0.7065663933753967
YDL097C,YDL126C,1,-0.15821287,0.09338821470737457,0.7082926630973816,0.7065663933753967
YCR028C,YLR029C,0,-0.15822697,0.09337620437145233,0.7082926630973816,0.7066666483879089
YJR025C,YER117W,0,-0.15828183,0.09336419403553009,0.7082926630973816,0.7067669034004211
YOL064C,YLL024C,0,-0.15829366,0.09335219115018845,0.7082926630973816,0.7068671584129333
YMR322C,YOR195W,0,-0.15842152,0.0933401882648468,0.7082926630973816,0.7069674134254456
YPL248C,YCL054W,0,-0.15853092,0.09332819283008575,0.7082926630973816,0.7070676684379578
YDR148C,YER083C,0,-0.1585398,0.09331619739532471,0.7082926630973816,0.70716792345047
YGL155W,YPR106W,0,-0.15864465,0.09330420196056366,0.7082926630973816,0.7072681784629822
YPL042C,YIL093C,0,-0.15866244,0.09329221397638321,0.7082926630973816,0.7073684334754944
YNL054W-A,YJL066C,0,-0.15877822,0.09328022599220276,0.7082926630973816,0.7074686884880066
YLR238W,YLR109W,0,-0.15886861,0.0932682454586029,0.7082926630973816,0.7075689435005188
YFL029C,YHR037W,0,-0.15892944,0.09325626492500305,0.7082926630973816,0.707669198513031
YGL112C,YIL109C,0,-0.1589394,0.0932442843914032,0.7082926630973816,0.7077693939208984
YER012W,YOL013C,1,-0.15899462,0.09336072951555252,0.7092682719230652,0.7077693939208984
YDL121C,YDR323C,0,-0.15899965,0.09334874153137207,0.7092682719230652,0.7078696489334106
YML013W,YDR495C,0,-0.15903908,0.09333675354719162,0.7092682719230652,0.7079699039459229
YJR112W,YML045W,0,-0.15906048,0.09332477301359177,0.7092682719230652,0.7080701589584351
YOR150W,YNR010W,0,-0.1591018,0.09331279993057251,0.7092682719230652,0.7081704139709473
YAL011W,YMR227C,0,-0.15910639,0.09330081939697266,0.7092682719230652,0.7082706689834595
YCL008C,YER090W,0,-0.15912282,0.0932888463139534,0.7092682719230652,0.7083709239959717
YPL274W,YNL298W,0,-0.15915608,0.09327688068151474,0.7092682719230652,0.7084711790084839
YOL007C,YMR172W,0,-0.15915993,0.09326491504907608,0.7092682719230652,0.7085714340209961
YNL199C,YEL029C,0,-0.15917319,0.09325294941663742,0.7092682719230652,0.7086716890335083
YIL036W,YOR143C,0,-0.15919173,0.09324099123477936,0.7092682719230652,0.7087719440460205
YGL028C,YNL055C,0,-0.15920527,0.0932290330529213,0.7092682719230652,0.7088721990585327
YKR068C,YOL101C,0,-0.15921196,0.09321708232164383,0.7092682719230652,0.7089724540710449
YNL160W,YMR087W,0,-0.15926602,0.09320513159036636,0.7092682719230652,0.7090727090835571
YFR050C,YBR170C,1,-0.15948524,0.09332136809825897,0.7102438807487488,0.7090727090835571
YFL026W,YML016C,0,-0.15949872,0.09330940991640091,0.7102438807487488,0.7091729044914246
YGL084C,YGR004W,0,-0.15959886,0.09329745173454285,0.7102438807487488,0.7092731595039368
YJL196C,YNL010W,0,-0.15960146,0.09328549355268478,0.7102438807487488,0.709373414516449
YMR204C,YOR308C,0,-0.15960872,0.09327354282140732,0.7102438807487488,0.7094736695289612
YMR075W,YGL137W,0,-0.1597425,0.09326159209012985,0.7102438807487488,0.7095739245414734
YGL078C,YFL004W,0,-0.15979,0.09324964880943298,0.7102438807487488,0.7096741795539856
YDR300C,YOR046C,0,-0.15982223,0.09323770552873611,0.7102438807487488,0.7097744345664978
YIR015W,YDL202W,0,-0.15987495,0.09322576224803925,0.7102438807487488,0.70987468957901
YBR093C,YNL231C,0,-0.15990303,0.09321382641792297,0.7102438807487488,0.7099749445915222
YDR437W,YFL038C,0,-0.15991294,0.0932018980383873,0.7102438807487488,0.7100751996040344
YNL216W,YNL284C-A,0,-0.15995689,0.09318996220827103,0.7102438807487488,0.7101754546165466
YJR009C,YPL082C,0,-0.15997458,0.09317803382873535,0.7102438807487488,0.7102757096290588
YNL115C,YOR191W,0,-0.15999074,0.09316611289978027,0.7102438807487488,0.710375964641571
YER184C,YDL115C,0,-0.15999249,0.0931541919708252,0.7102438807487488,0.7104762196540833
YDR093W,YKR062W,0,-0.16010009,0.09314227104187012,0.7102438807487488,0.7105764150619507
YMR186W,YLR194C,0,-0.1601221,0.09313035756349564,0.7102438807487488,0.7106766700744629
YNL142W,YOL135C,0,-0.16023102,0.09311844408512115,0.7102438807487488,0.7107769250869751
YFL025C,YGL004C,1,-0.16032287,0.09323442727327347,0.7112194895744324,0.7107769250869751
YFR008W,YJL106W,0,-0.16034357,0.09322250634431839,0.7112194895744324,0.7108771800994873
YER060W-A,YDR098C-B,0,-0.16035903,0.09321058541536331,0.7112194895744324,0.7109774351119995
YJR131W,YFL049W,1,-0.16037336,0.09332651644945145,0.712195098400116,0.7109774351119995
YMR081C,YDR222W,0,-0.16050474,0.09331458806991577,0.712195098400116,0.7110776901245117
YIL160C,YDR515W,0,-0.16051608,0.0933026596903801,0.712195098400116,0.7111779451370239
YOR032C,YML086C,0,-0.16061234,0.09329073131084442,0.712195098400116,0.7112782001495361
YPR003C,YPL210C,0,-0.16063535,0.09327881783246994,0.712195098400116,0.7113784551620483
YOL059W,YGR178C,0,-0.16065432,0.09326689690351486,0.712195098400116,0.7114787101745605
YHR047C,YEL027W,0,-0.16068141,0.09325498342514038,0.712195098400116,0.7115789651870728
YLR227W-B,YLR058C,0,-0.16068849,0.0932430699467659,0.712195098400116,0.711679220199585
YKL022C,YGR184C,1,-0.16074853,0.09335887432098389,0.7131707072257996,0.711679220199585
YML021C,YBR182C,0,-0.16099453,0.09334695339202881,0.7131707072257996,0.7117794752120972
YMR038C,YLL006W,0,-0.16107614,0.09333503246307373,0.7131707072257996,0.7118796706199646
YJL097W,YGR285C,0,-0.16113949,0.09332311898469925,0.7131707072257996,0.7119799256324768
YFL013C,YJL003W,0,-0.16115068,0.09331120550632477,0.7131707072257996,0.712080180644989
YKL005C,YCR065W,0,-0.16119245,0.09329929947853088,0.7131707072257996,0.7121804356575012
YAL029C,YCR077C,0,-0.16123457,0.093287393450737,0.7131707072257996,0.7122806906700134
YBR097W,YJL129C,0,-0.16126846,0.09327548742294312,0.7131707072257996,0.7123809456825256
YHR028C,YGR012W,0,-0.16128382,0.09326358884572983,0.7131707072257996,0.7124812006950378
YLR167W,YDR316W-A,0,-0.16137552,0.09325169026851654,0.7131707072257996,0.71258145570755
YPR169W,YOL029C,0,-0.16141273,0.09323979914188385,0.7131707072257996,0.7126817107200623
YJR140C,YDR062W,0,-0.16148804,0.09322790801525116,0.7131707072257996,0.7127819657325745
YDR358W,YFL044C,1,-0.16149229,0.09334353357553482,0.7141463160514832,0.7127819657325745
YDR201W,YJL035C,0,-0.16153191,0.09333163499832153,0.7141463160514832,0.7128822207450867
YCL066W,YDL110C,0,-0.16172126,0.09331973642110825,0.7141463160514832,0.7129824757575989
YJR099W,YER100W,1,-0.161751,0.09343530982732773,0.7151219248771667,0.7129824757575989
YBR181C,YLR328W,0,-0.16185546,0.09342340379953384,0.7151219248771667,0.7130827307701111
YLR386W,YML016C,0,-0.16188625,0.09341149777173996,0.7151219248771667,0.7131829857826233
YDR545W,YHR158C,0,-0.16197343,0.09339959174394608,0.7151219248771667,0.7132831811904907
YKL182W,YLR321C,0,-0.16211793,0.09338769316673279,0.7151219248771667,0.7133834362030029
YML113W,YDR386W,0,-0.1621248,0.0933757945895195,0.7151219248771667,0.7134836912155151
YGL068W,YJR022W,0,-0.16219349,0.09336390346288681,0.7151219248771667,0.7135839462280273
YBR002C,YLR151C,0,-0.1624594,0.09335201233625412,0.7151219248771667,0.7136842012405396
YDL154W,YGL244W,0,-0.16248527,0.09334012120962143,0.7151219248771667,0.7137844562530518
YJR143C,YDR376W,0,-0.1625269,0.09332823753356934,0.7151219248771667,0.713884711265564
YGL243W,YDR310C,0,-0.16253519,0.09331636130809784,0.7151219248771667,0.7139849662780762
YHR070W,YOR025W,0,-0.16260597,0.09330447763204575,0.7151219248771667,0.7140852212905884
YMR016C,YDL145C,0,-0.16261001,0.09329260885715485,0.7151219248771667,0.7141854763031006
YGR122W,YDR334W,0,-0.1626121,0.09328073263168335,0.7151219248771667,0.7142857313156128
YJL052W,YDR030C,0,-0.16283801,0.09326886385679245,0.7151219248771667,0.714385986328125
YJL125C,YOR250C,0,-0.16285005,0.09325699508190155,0.7151219248771667,0.7144862413406372
YOR323C,YLR060W,0,-0.16293105,0.09324513375759125,0.7151219248771667,0.7145864367485046
YNL172W,YIR025W,1,-0.16296098,0.09336046874523163,0.7160975337028503,0.7145864367485046
YIL011W,YPL013C,0,-0.16298345,0.09334859251976013,0.7160975337028503,0.7146866917610168
YJL080C,YDR342C,0,-0.16300845,0.09333672374486923,0.7160975337028503,0.714786946773529
YIL062C,YJR048W,0,-0.16304536,0.09332485496997833,0.7160975337028503,0.7148872017860413
YJL065C,YLR390W,0,-0.16324407,0.09331299364566803,0.7160975337028503,0.7149874567985535
YML087C,YPR166C,0,-0.16335599,0.09330113232135773,0.7160975337028503,0.7150877118110657
YEL012W,YOR046C,0,-0.16335753,0.09328927099704742,0.7160975337028503,0.7151879668235779
YDL223C,YDR464W,0,-0.16339171,0.09327741712331772,0.7160975337028503,0.7152882218360901
YOR167C,YDR411C,0,-0.16340986,0.09326556324958801,0.7160975337028503,0.7153884768486023
YBR273C,YDR298C,0,-0.16344468,0.0932537168264389,0.7160975337028503,0.7154887318611145
YPL178W,YFR036W,0,-0.16348086,0.0932418704032898,0.7160975337028503,0.7155889868736267
YNL023C,YCL068C,0,-0.16349193,0.09323002398014069,0.7160975337028503,0.7156892418861389
YDR204W,YPL226W,0,-0.16350949,0.09321818500757217,0.7160975337028503,0.7157894968986511
YGR080W,YLR361C,0,-0.16353452,0.09320634603500366,0.7160975337028503,0.7158897519111633
YLR227W-B,YPL163C,0,-0.16354045,0.09319451451301575,0.7160975337028503,0.7159899473190308
YJL062W,YPL004C,0,-0.16355139,0.09318268299102783,0.7160975337028503,0.716090202331543
YOR074C,YDR023W,0,-0.16374063,0.09317085891962051,0.7160975337028503,0.7161904573440552
YKL069W,YDL039C,0,-0.16375375,0.0931590273976326,0.7160975337028503,0.7162907123565674
YNL007C,YHR154W,0,-0.16379283,0.09314721077680588,0.7160975337028503,0.7163909673690796
YER087C-B,YFL038C,0,-0.16380456,0.09313538670539856,0.7160975337028503,0.7164912223815918
YLL061W,YDR507C,0,-0.16381854,0.09312357008457184,0.7160975337028503,0.716591477394104
YMR006C,YKL149C,0,-0.16385551,0.09311176091432571,0.7160975337028503,0.7166917324066162
YIL120W,YKR052C,0,-0.16387036,0.09309995174407959,0.7160975337028503,0.7167919874191284
YIL036W,YNR052C,0,-0.16388887,0.09308814257383347,0.7160975337028503,0.7168922424316406
YML056C,YLR285W,0,-0.16390225,0.09307634085416794,0.7160975337028503,0.7169924974441528
YOR096W,YPL123C,0,-0.16395709,0.09306453913450241,0.7160975337028503,0.717092752456665
YMR094W,YKL017C,0,-0.16396254,0.09305273741483688,0.7160975337028503,0.7171930074691772
YNR022C,YIL009C-A,0,-0.16417074,0.09304094314575195,0.7160975337028503,0.7172932624816895
YPL010W,YIL153W,0,-0.16429748,0.09302914887666702,0.7160975337028503,0.7173934578895569
YFL033C,YGR135W,0,-0.16443491,0.09301736205816269,0.7160975337028503,0.7174937129020691
YNL250W,YIL123W,0,-0.16447055,0.09300557523965836,0.7160975337028503,0.7175939679145813
YKL192C,YAR002C-A,0,-0.16452074,0.09299378842115402,0.7160975337028503,0.7176942229270935
YOL141W,YLR313C,0,-0.16461341,0.09298200905323029,0.7160975337028503,0.7177944779396057
YNL024C,YNR001C,0,-0.16463538,0.09297023713588715,0.7160975337028503,0.7178947329521179
YNL191W,YJR073C,0,-0.16465108,0.09295845776796341,0.7160975337028503,0.7179949879646301
YDL179W,YNL025C,0,-0.16466191,0.09294668585062027,0.7160975337028503,0.7180952429771423
YOR278W,YKL087C,0,-0.16470583,0.09293492138385773,0.7160975337028503,0.7181954979896545
YJR140C,YHR013C,0,-0.16472486,0.09292315691709518,0.7160975337028503,0.7182957530021667
YER138C,YOR327C,0,-0.16472818,0.09291139245033264,0.7160975337028503,0.718396008014679
YAR027W,YHR033W,0,-0.16473034,0.0928996354341507,0.7160975337028503,0.7184962630271912
YPL148C,YJL003W,0,-0.16473177,0.09288787841796875,0.7160975337028503,0.7185965180397034
YJR063W,YDR473C,0,-0.16473188,0.0928761214017868,0.7160975337028503,0.7186967134475708
YGR070W,YOL107W,0,-0.16475412,0.09286437183618546,0.7160975337028503,0.718796968460083
YNL059C,YNL095C,0,-0.16477197,0.0928526222705841,0.7160975337028503,0.7188972234725952
YNL199C,YOL100W,0,-0.16479403,0.09284088015556335,0.7160975337028503,0.7189974784851074
YOR291W,YJR131W,0,-0.16481492,0.0928291380405426,0.7160975337028503,0.7190977334976196
YHR108W,YDR508C,0,-0.16488603,0.09281740337610245,0.7160975337028503,0.7191979885101318
YMR322C,YOR283W,0,-0.16490757,0.0928056612610817,0.7160975337028503,0.719298243522644
YJR108W,YLR259C,0,-0.16496739,0.09279393404722214,0.7160975337028503,0.7193984985351562
YGR184C,YLR306W,1,-0.1650822,0.09290860593318939,0.7170731425285339,0.7193984985351562
YER030W,YMR273C,0,-0.16509429,0.09289686381816864,0.7170731425285339,0.7194987535476685
YCR106W,YGR179C,0,-0.16517621,0.09288512915372849,0.7170731425285339,0.7195990085601807
YBR026C,YGR258C,0,-0.16520882,0.09287338703870773,0.7170731425285339,0.7196992635726929
YGR009C,YLR360W,0,-0.16529591,0.09286165237426758,0.7170731425285339,0.7197995185852051
YDL082W,YOL102C,0,-0.16531985,0.09284992516040802,0.7170731425285339,0.7198997735977173
YHR092C,YDR071C,0,-0.16532424,0.09283819794654846,0.7170731425285339,0.7200000286102295
YDR164C,YER125W,0,-0.16534817,0.0928264707326889,0.7170731425285339,0.7201002240180969
YDR022C,YBR260C,0,-0.1653764,0.09281475096940994,0.7170731425285339,0.7202004790306091
YMR186W,YLR446W,0,-0.1654482,0.09280303120613098,0.7170731425285339,0.7203007340431213
YGR116W,YML061C,0,-0.16547276,0.09279131144285202,0.7170731425285339,0.7204009890556335
YGR026W,YLR301W,0,-0.16552664,0.09277959913015366,0.7170731425285339,0.7205012440681458
YJR028W,YHR184W,0,-0.16563079,0.09276789426803589,0.7170731425285339,0.720601499080658
YOR298W,YBR089C-A,0,-0.16563919,0.09275618195533752,0.7170731425285339,0.7207017540931702
YMR061W,YNL206C,0,-0.16582134,0.09274447709321976,0.7170731425285339,0.7208020091056824
YNL132W,YOL038W,0,-0.16587186,0.09273277968168259,0.7170731425285339,0.7209022641181946
YCL075W,YKR079C,0,-0.165925,0.09272108227014542,0.7170731425285339,0.7210025191307068
YCR098C,YLR106C,0,-0.16597602,0.09270938485860825,0.7170731425285339,0.721102774143219
YNL031C,YIL094C,0,-0.16601005,0.09269769489765167,0.7170731425285339,0.7212030291557312
YAL063C,YNR016C,0,-0.16602366,0.0926860049366951,0.7170731425285339,0.7213032841682434
YGR220C,YBL051C,0,-0.16616128,0.09267431497573853,0.7170731425285339,0.7214034795761108
YML080W,YML048W,0,-0.16618896,0.09266263246536255,0.7170731425285339,0.721503734588623
YIR036C,YBR189W,0,-0.16629744,0.09265094995498657,0.7170731425285339,0.7216039896011353
YCL061C,YBL079W,0,-0.16634029,0.09263927489519119,0.7170731425285339,0.7217042446136475
YMR137C,YAR019C,0,-0.16634563,0.09262759983539581,0.7170731425285339,0.7218044996261597
YHR027C,YHR004C,0,-0.16647932,0.09261592477560043,0.7170731425285339,0.7219047546386719
YMR070W,YKR064W,0,-0.1664862,0.09260425716638565,0.7170731425285339,0.7220050096511841
YLL012W,YDR222W,0,-0.16656923,0.09259258955717087,0.7170731425285339,0.7221052646636963
YPL258C,YMR109W,0,-0.16682297,0.09258092939853668,0.7170731425285339,0.7222055196762085
YMR088C,YDR233C,0,-0.16683093,0.0925692692399025,0.7170731425285339,0.7223057746887207
YOR316C,YNL133C,0,-0.16694692,0.09255760908126831,0.7170731425285339,0.7224060297012329
YKL033W,YPL213W,0,-0.16696523,0.09254595637321472,0.7170731425285339,0.7225062847137451
YHR168W,YJR029W,0,-0.16699283,0.09253430366516113,0.7170731425285339,0.7226065397262573
YOR176W,YDR197W,0,-0.16699667,0.09252265840768814,0.7170731425285339,0.7227067947387695
YIL022W,YJL109C,0,-0.16703922,0.09251101315021515,0.7170731425285339,0.722806990146637
YPL143W,YBL068W,0,-0.16705075,0.09249936789274216,0.7170731425285339,0.7229072451591492
YOR378W,YBL011W,0,-0.16706876,0.09248773008584976,0.7170731425285339,0.7230075001716614
YGL083W,YHR009C,0,-0.16720381,0.09247609227895737,0.7170731425285339,0.7231077551841736
YPL092W,YIR036C,0,-0.1672564,0.09246446192264557,0.7170731425285339,0.7232080101966858
YNL070W,YIL108W,0,-0.1672748,0.09245283156633377,0.7170731425285339,0.723308265209198
YDL209C,YAL059W,0,-0.16733828,0.09244120121002197,0.7170731425285339,0.7234085202217102
YOL061W,YIR009W,0,-0.16749293,0.09242957830429077,0.7170731425285339,0.7235087752342224
YLR130C,YOL052C-A,0,-0.16773209,0.09241795539855957,0.7170731425285339,0.7236090302467346
YGL068W,YOL121C,0,-0.16776167,0.09240633994340897,0.7170731425285339,0.7237092852592468
YJR102C,YLR128W,1,-0.16780782,0.09252043068408966,0.7180487513542175,0.7237092852592468
YKL180W,YJR063W,0,-0.16804759,0.09250880032777786,0.7180487513542175,0.723809540271759
YIR011C,YGL251C,0,-0.16810063,0.09249716997146606,0.7180487513542175,0.7239097952842712
YNR038W,YOR066W,0,-0.16826054,0.09248554706573486,0.7180487513542175,0.7240100502967834
YHR168W,YFR038W,0,-0.1683814,0.09247393161058426,0.7180487513542175,0.7241103053092957
YER088C,YNL132W,0,-0.1684595,0.09246230870485306,0.7180487513542175,0.7242105007171631
YDR465C,YKR020W,0,-0.16857442,0.09245070070028305,0.7180487513542175,0.7243107557296753
YDR204W,YAL060W,0,-0.16863859,0.09243908524513245,0.7180487513542175,0.7244110107421875
YLR386W,YJL141C,0,-0.16864194,0.09242747724056244,0.7180487513542175,0.7245112657546997
YPL095C,YBR109C,0,-0.16866203,0.09241586923599243,0.7180487513542175,0.7246115207672119
YLR009W,YCL004W,0,-0.16871035,0.09240426868200302,0.7180487513542175,0.7247117757797241
YML029W,YPR181C,1,-0.1687135,0.09251820296049118,0.7190244197845459,0.7247117757797241
YDL012C,YJR117W,0,-0.1687366,0.09250658750534058,0.7190244197845459,0.7248120307922363
YBR042C,YDR197W,0,-0.16875824,0.09249497950077057,0.7190244197845459,0.7249122858047485
YPL156C,YGR214W,0,-0.16879034,0.09248337149620056,0.7190244197845459,0.7250125408172607
YLL026W,YOR241W,0,-0.16881421,0.09247177094221115,0.7190244197845459,0.725112795829773
YJR110W,YAL011W,0,-0.1689396,0.09246017038822174,0.7190244197845459,0.7252130508422852
YOR026W,YOR147W,0,-0.16900064,0.09244856983423233,0.7190244197845459,0.7253133058547974
YKL061W,YLR028C,0,-0.16908777,0.09243697673082352,0.7190244197845459,0.7254135608673096
YBR183W,YOL040C,0,-0.16914648,0.0924253836274147,0.7190244197845459,0.725513756275177
YOL082W,YOR358W,0,-0.1691859,0.09241379052400589,0.7190244197845459,0.7256140112876892
YNL044W,YGR061C,0,-0.16923025,0.09240220487117767,0.7190244197845459,0.7257142663002014
YMR264W,YER100W,1,-0.16924416,0.0925159826874733,0.7200000286102295,0.7257142663002014
YOR261C,YML111W,1,-0.16929363,0.09262973070144653,0.7209756374359131,0.7257142663002014
YPL214C,YDR260C,0,-0.16936353,0.09261812269687653,0.7209756374359131,0.7258145213127136
YBL051C,YIL145C,0,-0.1693911,0.09260651469230652,0.7209756374359131,0.7259147763252258
YPL175W,YIL070C,0,-0.16942182,0.09259491413831711,0.7209756374359131,0.726015031337738
YDL075W,YEL002C,0,-0.16952705,0.0925833135843277,0.7209756374359131,0.7261152863502502
YLR127C,YGL058W,1,-0.16960056,0.09269697964191437,0.7219512462615967,0.7261152863502502
YDR342C,YDR334W,0,-0.16963877,0.09268537163734436,0.7219512462615967,0.7262155413627625
YMR184W,YJL179W,0,-0.16965258,0.09267376363277435,0.7219512462615967,0.7263157963752747
YMR090W,YLL019C,0,-0.16966462,0.09266215562820435,0.7219512462615967,0.7264160513877869
YJL121C,YGR027C,0,-0.16968937,0.09265055507421494,0.7219512462615967,0.7265163064002991
YMR194W,YKR101W,0,-0.16978534,0.09263896197080612,0.7219512462615967,0.7266165614128113
YJL044C,YOR327C,0,-0.16980842,0.09262736141681671,0.7219512462615967,0.7267168164253235
YLR429W,YKR066C,0,-0.16991659,0.0926157683134079,0.7219512462615967,0.7268170714378357
YBR052C,YPL179W,0,-0.16991872,0.09260418266057968,0.7219512462615967,0.7269172668457031
YKL007W,YHL044W,0,-0.16993347,0.09259258955717087,0.7219512462615967,0.7270175218582153
YJR131W,YKL054C,1,-0.17003179,0.0927061215043068,0.7229268550872803,0.7270175218582153
YOR008C,YDR259C,0,-0.17004564,0.09269452095031738,0.7229268550872803,0.7271177768707275
YDR517W,YKL006W,0,-0.17027533,0.09268292784690857,0.7229268550872803,0.7272180318832397
YPL084W,YIL075C,1,-0.1703651,0.09279640018939972,0.7239024639129639,0.7272180318832397
YDR134C,YML085C,0,-0.17054027,0.09278479218482971,0.7239024639129639,0.727318286895752
YKL024C,YCR052W,0,-0.17066637,0.0927731916308403,0.7239024639129639,0.7274185419082642
YJL041W,YER164W,0,-0.17069751,0.09276159852743149,0.7239024639129639,0.7275187969207764
YIL034C,YDR468C,0,-0.1707247,0.09274999797344208,0.7239024639129639,0.7276190519332886
YJL013C,YNL161W,0,-0.17080481,0.09273840487003326,0.7239024639129639,0.7277193069458008
YNR003C,YLR313C,0,-0.17081314,0.09272681921720505,0.7239024639129639,0.727819561958313
YLR289W,YEL001C,0,-0.17084616,0.09271523356437683,0.7239024639129639,0.7279198169708252
YJL208C,YML104C,0,-0.17086041,0.09270364791154861,0.7239024639129639,0.7280200719833374
YNL227C,YJR066W,0,-0.1708785,0.092692069709301,0.7239024639129639,0.7281203269958496
YGL135W,YER093C,0,-0.1708838,0.09268049150705338,0.7239024639129639,0.728220522403717
YDR054C,YPL072W,1,-0.17094153,0.09279380738735199,0.7248780727386475,0.728220522403717
YFR030W,YNL092W,0,-0.17108643,0.09278221428394318,0.7248780727386475,0.7283207774162292
YLR277C,YDL171C,0,-0.1710886,0.09277063608169556,0.7248780727386475,0.7284210324287415
YER088C,YOL057W,0,-0.17110172,0.09275905042886734,0.7248780727386475,0.7285212874412537
YBR022W,YER036C,0,-0.1711554,0.09274747222661972,0.7248780727386475,0.7286215424537659
YLR134W,YMR015C,0,-0.171185,0.0927358940243721,0.7248780727386475,0.7287217974662781
YHR186C,YLL045C,0,-0.17120877,0.09272432327270508,0.7248780727386475,0.7288220524787903
YKL100C,YKL032C,0,-0.17136379,0.09271275252103806,0.7248780727386475,0.7289223074913025
YDL202W,YGR124W,0,-0.17138772,0.09270118176937103,0.7248780727386475,0.7290225625038147
YOR032C,YKR034W,0,-0.17139539,0.0926896184682846,0.7248780727386475,0.7291228175163269
YNL310C,YNR048W,0,-0.17141226,0.09267806261777878,0.7248780727386475,0.7292230725288391
YKL033W,YNL095C,0,-0.17146873,0.09266649931669235,0.7248780727386475,0.7293233275413513
YDR402C,YNL081C,0,-0.17147571,0.09265494346618652,0.7248780727386475,0.7294235825538635
YHR092C,YPR091C,0,-0.17153037,0.09264339506626129,0.7248780727386475,0.7295238375663757
YGR271W,YDR416W,0,-0.1715776,0.09263183921575546,0.7248780727386475,0.7296240329742432
YBR005W,YDR379W,0,-0.17161241,0.09262029081583023,0.7248780727386475,0.7297242879867554
YML012W,YOR207C,0,-0.17165974,0.0926087498664856,0.7248780727386475,0.7298245429992676
YER038C,YML047C,0,-0.17170565,0.09259720891714096,0.7248780727386475,0.7299247980117798
YGR217W,YCR053W,0,-0.17172366,0.09258566796779633,0.7248780727386475,0.730025053024292
YJL183W,YOR332W,0,-0.1717515,0.09257413446903229,0.7248780727386475,0.7301253080368042
YHR086W,YMR284W,0,-0.1718742,0.09256260097026825,0.7248780727386475,0.7302255630493164
YER123W,YPR144C,0,-0.17190921,0.09255107492208481,0.7248780727386475,0.7303258180618286
YPL134C,YOL084W,0,-0.17199564,0.09253954142332077,0.7248780727386475,0.7304260730743408
YOL103W,YOR299W,0,-0.17206994,0.09252802282571793,0.7248780727386475,0.730526328086853
YHR148W,YDR189W,0,-0.17210163,0.09251649677753448,0.7248780727386475,0.7306265830993652
YER125W,YFR050C,1,-0.17211874,0.09262948483228683,0.725853681564331,0.7306265830993652
YHL004W,YPR042C,0,-0.17212719,0.0926179513335228,0.725853681564331,0.7307268381118774
YKL109W,YKL063C,0,-0.17214131,0.09260642528533936,0.725853681564331,0.7308270931243896
YFR049W,YCR045C,0,-0.17219558,0.09259489923715591,0.725853681564331,0.7309272885322571
YCR014C,YGR138C,0,-0.17225909,0.09258337318897247,0.725853681564331,0.7310275435447693
YGL135W,YOR168W,0,-0.17242694,0.09257185459136963,0.725853681564331,0.7311277985572815
YLR208W,YFR027W,0,-0.17245165,0.09256033599376678,0.725853681564331,0.7312280535697937
YDR165W,YHR160C,0,-0.17245224,0.09254882484674454,0.725853681564331,0.7313283085823059
YFL044C,YEL064C,0,-0.17246251,0.09253731369972229,0.725853681564331,0.7314285635948181
YGL027C,YMR262W,0,-0.17250276,0.09252580255270004,0.725853681564331,0.7315288186073303
YML045W-A,YOL121C,0,-0.1725754,0.09251429885625839,0.725853681564331,0.7316290736198425
YPL274W,YHR207C,0,-0.17265189,0.09250279515981674,0.725853681564331,0.7317293286323547
YGR288W,YMR322C,0,-0.17276691,0.09249129891395569,0.725853681564331,0.7318295836448669
YOL052C,YBR048W,0,-0.17279734,0.09247980266809464,0.725853681564331,0.7319298386573792
YOR175C,YNL029C,0,-0.17286192,0.09246830642223358,0.725853681564331,0.7320300936698914
YLR446W,YLR165C,0,-0.1729362,0.09245681762695312,0.725853681564331,0.7321303486824036
YKR008W,YOL062C,0,-0.17298874,0.09244532883167267,0.725853681564331,0.7322306036949158
YJL097W,YMR229C,0,-0.17302951,0.09243384003639221,0.725853681564331,0.7323307991027832
YDR046C,YBR042C,0,-0.1730937,0.09242235869169235,0.725853681564331,0.7324310541152954
YBL076C,YER040W,0,-0.1731933,0.09241087734699249,0.725853681564331,0.7325313091278076
YCL014W,YMR229C,0,-0.1731945,0.09239940345287323,0.725853681564331,0.7326315641403198
YDL101C,YOR391C,0,-0.17327288,0.09238792955875397,0.725853681564331,0.732731819152832
YDR118W,YLL036C,1,-0.17333628,0.09250061959028244,0.7268292903900146,0.732731819152832
YNL111C,YCR004C,0,-0.1733608,0.09248913824558258,0.7268292903900146,0.7328320741653442
YHR031C,YDR424C,0,-0.1733754,0.09247765690088272,0.7268292903900146,0.7329323291778564
YGL112C,YIL019W,0,-0.17344052,0.09246617555618286,0.7268292903900146,0.7330325841903687
YHL025W,YPR167C,0,-0.17348313,0.0924547016620636,0.7268292903900146,0.7331328392028809
YLR019W,YOR048C,0,-0.17348671,0.09244322776794434,0.7268292903900146,0.7332330942153931
YCR060W,YGR089W,0,-0.1734939,0.09243176132440567,0.7268292903900146,0.7333333492279053
YOR347C,YOR363C,0,-0.1736111,0.092420294880867,0.7268292903900146,0.7334336042404175
YKL006C-A,YOR319W,0,-0.173654,0.09240882843732834,0.7268292903900146,0.7335338592529297
YER087C-A,YER100W,1,-0.17369458,0.09252139180898666,0.7278048992156982,0.7335338592529297
YPR148C,YDL139C,0,-0.17373022,0.0925099179148674,0.7278048992156982,0.7336341142654419
YKR049C,YBR115C,0,-0.17376545,0.09249845147132874,0.7278048992156982,0.7337343096733093
YHR033W,YMR043W,0,-0.17377159,0.09248698502779007,0.7278048992156982,0.7338345646858215
YHR088W,YOR195W,0,-0.17388661,0.0924755185842514,0.7278048992156982,0.7339348196983337
YNL289W,YOL145C,0,-0.17397808,0.09246405214071274,0.7278048992156982,0.734035074710846
YDL077C,YKL134C,0,-0.17398742,0.09245259314775467,0.7278048992156982,0.7341353297233582
YEL036C,YJR109C,0,-0.17409366,0.0924411416053772,0.7278048992156982,0.7342355847358704
YDR310C,YNL092W,0,-0.1740942,0.09242969006299973,0.7278048992156982,0.7343358397483826
YKL156W,YLR363C,0,-0.17420152,0.09241823852062225,0.7278048992156982,0.7344360947608948
YLR186W,YGR004W,0,-0.17429723,0.09240678697824478,0.7278048992156982,0.734536349773407
YJL187C,YMR087W,0,-0.17430261,0.0923953428864479,0.7278048992156982,0.7346366047859192
YGL226C-A,YJR015W,0,-0.17441933,0.09238389879465103,0.7278048992156982,0.7347368597984314
YJL087C,YKL165C,0,-0.17459732,0.09237246215343475,0.7278048992156982,0.7348371148109436
YJL183W,YIL153W,0,-0.17466047,0.09236102551221848,0.7278048992156982,0.7349373698234558
YKL145W,YER180C,0,-0.17471462,0.0923495888710022,0.7278048992156982,0.7350375652313232
YIR015W,YJL052W,0,-0.17474183,0.09233815968036652,0.7278048992156982,0.7351378202438354
YDR449C,YPR141C,0,-0.17481181,0.09232673048973083,0.7278048992156982,0.7352380752563477
YGL071W,YIL142W,0,-0.17484705,0.09231530874967575,0.7278048992156982,0.7353383302688599
YNL146W,YPR148C,0,-0.17488015,0.09230388700962067,0.7278048992156982,0.7354385852813721
YHR058C,YBR272C,0,-0.17491248,0.09229246526956558,0.7278048992156982,0.7355388402938843
YNL331C,YDL245C,0,-0.17493075,0.0922810509800911,0.7278048992156982,0.7356390953063965
YMR311C,YOR075W,0,-0.17494468,0.09226963669061661,0.7278048992156982,0.7357393503189087
YOL032W,YOR092W,0,-0.17498542,0.09225822240114212,0.7278048992156982,0.7358396053314209
YGR253C,YBL078C,1,-0.17499107,0.09237047284841537,0.7287805080413818,0.7358396053314209
YOR079C,YKL021C,0,-0.1750754,0.09235905110836029,0.7287805080413818,0.7359398603439331
YPL075W,YJR138W,0,-0.17525089,0.0923476293683052,0.7287805080413818,0.7360401153564453
YOL107W,YPR031W,0,-0.17537236,0.09233621507883072,0.7287805080413818,0.7361403703689575
YMR136W,YGR260W,0,-0.17562093,0.09232480823993683,0.7287805080413818,0.7362406253814697
YDR079W,YIL033C,0,-0.17575087,0.09231339395046234,0.7287805080413818,0.7363408803939819
YDR482C,YKL124W,0,-0.17582639,0.09230198711156845,0.7287805080413818,0.7364410758018494
YMR262W,YNR002C,0,-0.17592758,0.09229058772325516,0.7287805080413818,0.7365413308143616
YER140W,YDR189W,0,-0.17603129,0.09227918833494186,0.7287805080413818,0.7366415858268738
YBR048W,YDR078C,0,-0.17606185,0.09226778894662857,0.7287805080413818,0.736741840839386
YFL005W,YJL178C,0,-0.17606834,0.09225638955831528,0.7287805080413818,0.7368420958518982
YGR082W,YJR102C,0,-0.17608765,0.09224499762058258,0.7287805080413818,0.7369423508644104
YLR078C,YOL038W,0,-0.17626534,0.09223360568284988,0.7287805080413818,0.7370426058769226
YGR158C,YPR036W,0,-0.17634505,0.09222222119569778,0.7287805080413818,0.7371428608894348
YBR153W,YGR014W,0,-0.17635679,0.09221083670854568,0.7287805080413818,0.737243115901947
YBL067C,YMR135C,1,-0.17636684,0.09232288599014282,0.7297561168670654,0.737243115901947
YGL155W,YDL192W,0,-0.17638949,0.09231148660182953,0.7297561168670654,0.7373433709144592
YFR038W,YGL116W,0,-0.17641269,0.09230010211467743,0.7297561168670654,0.7374436259269714
YCR107W,YDR276C,0,-0.17641708,0.09228871017694473,0.7297561168670654,0.7375438809394836
YKL041W,YDR313C,1,-0.17658177,0.0924006924033165,0.730731725692749,0.7375438809394836
YBL100W-B,YOR179C,0,-0.17663264,0.0923892930150032,0.730731725692749,0.7376441359519958
YNL239W,YIL074C,0,-0.1767549,0.09237790107727051,0.730731725692749,0.7377443313598633
YLR147C,YLR247C,0,-0.17678027,0.09236650913953781,0.730731725692749,0.7378445863723755
YGL111W,YCR037C,0,-0.176781,0.09235511720180511,0.730731725692749,0.7379448413848877
YJL208C,YJL011C,0,-0.17678116,0.09234373271465302,0.730731725692749,0.7380450963973999
YLR130C,YJL121C,0,-0.17691097,0.09233234822750092,0.730731725692749,0.7381453514099121
YGL233W,YAL040C,0,-0.17691118,0.09232096374034882,0.730731725692749,0.7382456064224243
YKL132C,YJR025C,0,-0.17691386,0.09230958670377731,0.730731725692749,0.7383458614349365
YLR228C,YDR454C,0,-0.17692097,0.09229820966720581,0.730731725692749,0.7384461164474487
YPL120W,YER087C-A,1,-0.17695834,0.09241005778312683,0.7317073345184326,0.7384461164474487
YFR005C,YOR363C,0,-0.17697304,0.09239866584539413,0.7317073345184326,0.7385463714599609
YBR112C,YBR299W,0,-0.17702697,0.09238728880882263,0.7317073345184326,0.7386466264724731
YAL021C,YOL066C,0,-0.1770477,0.09237591177225113,0.7317073345184326,0.7387468814849854
YOR150W,YDR244W,0,-0.177058,0.09236453473567963,0.7317073345184326,0.7388471364974976
YOR339C,YKL124W,1,-0.1771153,0.09247629344463348,0.7326829433441162,0.7388471364974976
YGL178W,YLR288C,0,-0.17715608,0.09246490895748138,0.7326829433441162,0.7389473915100098
YDR207C,YKL089W,0,-0.17716444,0.09245352447032928,0.7326829433441162,0.739047646522522
YDL121C,YBL080C,0,-0.17720291,0.09244214743375778,0.7326829433441162,0.7391478419303894
YKR098C,YOR117W,1,-0.17720568,0.09255384653806686,0.7336585521697998,0.7391478419303894
YOR025W,YGL205W,0,-0.17723158,0.09254245460033417,0.7336585521697998,0.7392480969429016
YBL088C,YNL172W,0,-0.17729907,0.09253107011318207,0.7336585521697998,0.7393483519554138
YIL047C,YHR004C,0,-0.17735898,0.09251968562602997,0.7336585521697998,0.739448606967926
YBR043C,YPL207W,0,-0.17739841,0.09250830113887787,0.7336585521697998,0.7395488619804382
YBL087C,YJR126C,0,-0.17742482,0.09249692410230637,0.7336585521697998,0.7396491169929504
YIL047C,YNL294C,0,-0.17752135,0.09248554706573486,0.7336585521697998,0.7397493720054626
YIL134W,YML057W,0,-0.1775595,0.09247417747974396,0.7336585521697998,0.7398496270179749
YDR019C,YBL069W,0,-0.17768064,0.09246280789375305,0.7336585521697998,0.7399498820304871
YJR021C,YGL031C,0,-0.17776558,0.09245143830776215,0.7336585521697998,0.7400501370429993
YJL129C,YCL057C-A,0,-0.17779948,0.09244007617235184,0.7336585521697998,0.7401503920555115
YPL061W,YJR046W,0,-0.17782238,0.09242871403694153,0.7336585521697998,0.7402506470680237
YER055C,YKR103W,0,-0.17784745,0.09241735190153122,0.7336585521697998,0.7403509020805359
YBL063W,YAL029C,0,-0.17807159,0.09240599721670151,0.7336585521697998,0.7404511570930481
YLL061W,YCL061C,0,-0.17809261,0.0923946425318718,0.7336585521697998,0.7405513525009155
YER012W,YMR276W,1,-0.17810957,0.09250614047050476,0.7346341609954834,0.7405513525009155
YGL209W,YPR190C,0,-0.17811736,0.09249477833509445,0.7346341609954834,0.7406516075134277
YGR268C,YLR164W,0,-0.17822722,0.09248341619968414,0.7346341609954834,0.7407518625259399
YBR203W,YLR102C,1,-0.17824957,0.09259486943483353,0.735609769821167,0.7407518625259399
YGL104C,YDR200C,0,-0.17828189,0.09258349984884262,0.735609769821167,0.7408521175384521
YNL282W,YEL051W,0,-0.1782982,0.09257213026285172,0.735609769821167,0.7409523725509644
YKL196C,YJL024C,0,-0.17831096,0.0925607681274414,0.735609769821167,0.7410526275634766
YNL049C,YMR065W,0,-0.1783777,0.0925494059920311,0.735609769821167,0.7411528825759888
YJL149W,YPL065W,1,-0.17861047,0.09266077727079391,0.7365853786468506,0.7411528825759888
YPR108W,YDR407C,0,-0.17873386,0.09264940768480301,0.7365853786468506,0.741253137588501
YBR181C,YML049C,0,-0.17877643,0.0926380380988121,0.7365853786468506,0.7413533926010132
YBR023C,YLR206W,0,-0.17890632,0.0926266685128212,0.7365853786468506,0.7414536476135254
YOR378W,YDR236C,0,-0.17912059,0.09261530637741089,0.7365853786468506,0.7415539026260376
YMR184W,YMR171C,1,-0.17912269,0.09272660315036774,0.7375609874725342,0.7415539026260376
YMR194W,YHR064C,0,-0.17914811,0.09271523356437683,0.7375609874725342,0.7416541576385498
YNR072W,YNL051W,0,-0.17915115,0.09270386397838593,0.7375609874725342,0.741754412651062
YAL033W,YLR025W,0,-0.17918459,0.09269249439239502,0.7375609874725342,0.7418546080589294
YMR240C,YLR163C,0,-0.179236,0.09268113225698471,0.7375609874725342,0.7419548630714417
YIR036C,YLR079W,0,-0.17936686,0.0926697701215744,0.7375609874725342,0.7420551180839539
YMR034C,YDR448W,0,-0.17939287,0.09265841543674469,0.7375609874725342,0.7421553730964661
YLR452C,YGR014W,0,-0.17951399,0.09264706075191498,0.7375609874725342,0.7422556281089783
YLR270W,YLR080W,0,-0.1795492,0.09263570606708527,0.7375609874725342,0.7423558831214905
YDR334W,YNL221C,0,-0.17958426,0.09262435883283615,0.7375609874725342,0.7424561381340027
YAL044C,YMR194W,0,-0.17965312,0.09261301159858704,0.7375609874725342,0.7425563931465149
YHR209W,YHL017W,0,-0.17971116,0.09260166436433792,0.7375609874725342,0.7426566481590271
YEL041W,YDR224C,0,-0.17977156,0.0925903245806694,0.7375609874725342,0.7427569031715393
YPR181C,YDR409W,1,-0.17979166,0.09270144253969193,0.7385365962982178,0.7427569031715393
YNL062C,YOL109W,0,-0.17979905,0.09269009530544281,0.7385365962982178,0.7428571581840515
YLR006C,YDL148C,0,-0.17986877,0.0926787480711937,0.7385365962982178,0.7429574131965637
YJL128C,YNR074C,0,-0.17996195,0.09266740083694458,0.7385365962982178,0.7430576682090759
YLR061W,YDR062W,0,-0.1799621,0.09265606105327606,0.7385365962982178,0.7431579232215881
YOR182C,YJL140W,0,-0.18002185,0.09264472126960754,0.7385365962982178,0.7432581186294556
YER190W,YGL198W,0,-0.18014279,0.09263338148593903,0.7385365962982178,0.7433583736419678
YDR253C,YOL165C,0,-0.1801509,0.0926220491528511,0.7385365962982178,0.74345862865448
YIL128W,YNL199C,0,-0.18015626,0.09261071681976318,0.7385365962982178,0.7435588836669922
YDR022C,YPR006C,0,-0.18017095,0.09259939193725586,0.7385365962982178,0.7436591386795044
YKR055W,YLR164W,0,-0.18027942,0.09258805960416794,0.7385365962982178,0.7437593936920166
YGL009C,YKL022C,0,-0.18028879,0.09257674217224121,0.7385365962982178,0.7438596487045288
YDL018C,YGR120C,0,-0.18044326,0.09256541728973389,0.7385365962982178,0.743959903717041
YAL024C,YIL002C,0,-0.18052147,0.09255409985780716,0.7385365962982178,0.7440601587295532
YOR301W,YJR057W,0,-0.18052563,0.09254278987646103,0.7385365962982178,0.7441604137420654
YDR358W,YGL021W,0,-0.1805794,0.0925314724445343,0.7385365962982178,0.7442606687545776
YJR006W,YOR209C,0,-0.18061365,0.09252016991376877,0.7385365962982178,0.7443609237670898
YBR191W,YOR192C-B,0,-0.18066628,0.09250885993242264,0.7385365962982178,0.744461178779602
YHL016C,YGL105W,0,-0.18077344,0.0924975574016571,0.7385365962982178,0.7445613741874695
YJL029C,YHR024C,0,-0.1807899,0.09248625487089157,0.7385365962982178,0.7446616291999817
YDR476C,YGR105W,0,-0.18084316,0.09247495979070663,0.7385365962982178,0.7447618842124939
YPL139C,YPR072W,0,-0.18084878,0.0924636647105217,0.7385365962982178,0.7448621392250061
YLR389C,YFL039C,0,-0.18103589,0.09245236963033676,0.7385365962982178,0.7449623942375183
YLR301W,YGL031C,0,-0.18105596,0.09244108200073242,0.7385365962982178,0.7450626492500305
YLR201C,YNL339C,0,-0.18105653,0.09242979437112808,0.7385365962982178,0.7451629042625427
YMR146C,YHL040C,0,-0.18110818,0.09241850674152374,0.7385365962982178,0.7452631592750549
YGR161C,YLR054C,0,-0.18111642,0.0924072265625,0.7385365962982178,0.7453634142875671
YAL019W,YFR024C-A,0,-0.18116519,0.09239594638347626,0.7385365962982178,0.7454636693000793
YEL021W,YOL140W,0,-0.18122588,0.09238467365503311,0.7385365962982178,0.7455639243125916
YIR026C,YHR033W,0,-0.18125892,0.09237340092658997,0.7385365962982178,0.7456641793251038
YHR106W,YOL101C,0,-0.18126489,0.09236212819814682,0.7385365962982178,0.745764434337616
YIL137C,YPL105C,0,-0.18136293,0.09235086292028427,0.7385365962982178,0.7458646893501282
YIL171W,YPL258C,0,-0.1813928,0.09233959764242172,0.7385365962982178,0.7459648847579956
YGL113W,YLL066C,0,-0.18139538,0.09232833236455917,0.7385365962982178,0.7460651397705078
YML074C,YGL163C,0,-0.18167764,0.09231707453727722,0.7385365962982178,0.74616539478302
YNL051W,YMR166C,0,-0.18175532,0.09230581670999527,0.7385365962982178,0.7462656497955322
YNL077W,YOL142W,0,-0.18177833,0.09229455888271332,0.7385365962982178,0.7463659048080444
YPL096W,YJL073W,1,-0.18178594,0.09240521490573883,0.7395122051239014,0.7463659048080444
YDR234W,YKL059C,0,-0.18191704,0.09239395707845688,0.7395122051239014,0.7464661598205566
YBR175W,YOR297C,0,-0.18198626,0.09238269180059433,0.7395122051239014,0.7465664148330688
YDR032C,YDR212W,0,-0.18212678,0.09237143397331238,0.7395122051239014,0.746666669845581
YOR381W,YNR072W,0,-0.18230832,0.09236018359661102,0.7395122051239014,0.7467669248580933
YJR139C,YCL068C,0,-0.18232,0.09234892576932907,0.7395122051239014,0.7468671798706055
YPR091C,YGR295C,0,-0.18237956,0.09233767539262772,0.7395122051239014,0.7469674348831177
YER173W,YOR299W,0,-0.18247694,0.09232643246650696,0.7395122051239014,0.7470676898956299
YGL122C,YHL044W,0,-0.18257907,0.0923151895403862,0.7395122051239014,0.7471679449081421
YDL006W,YLR151C,0,-0.18263799,0.09230394661426544,0.7395122051239014,0.7472681999206543
YMR165C,YHL050C,0,-0.18282315,0.09229270368814468,0.7395122051239014,0.7473683953285217
YDR256C,YLR394W,0,-0.1830538,0.09228146821260452,0.7395122051239014,0.7474686503410339
YLR154C,YLR025W,0,-0.18314603,0.09227024018764496,0.7395122051239014,0.7475689053535461
YBR177C,YLR047C,0,-0.18317786,0.0922590047121048,0.7395122051239014,0.7476691603660583
YPL231W,YML030W,0,-0.1833373,0.09224777668714523,0.7395122051239014,0.7477694153785706
YML133C,YKL192C,0,-0.18337522,0.09223655611276627,0.7395122051239014,0.7478696703910828
YBL056W,YHR135C,0,-0.18343902,0.0922253280878067,0.7395122051239014,0.747969925403595
YHR174W,YER180C,0,-0.18358049,0.09221411496400833,0.7395122051239014,0.7480701804161072
YCL001W,YLR359W,0,-0.1836254,0.09220289438962936,0.7395122051239014,0.7481704354286194
YNL079C,YDR527W,0,-0.1837084,0.092191681265831,0.7395122051239014,0.7482706904411316
YHR106W,YLR196W,0,-0.18374649,0.09218046814203262,0.7395122051239014,0.7483709454536438
YCR005C,YLL050C,0,-0.18383053,0.09216926246881485,0.7395122051239014,0.748471200466156
YHR037W,YCR046C,0,-0.18411,0.09215805679559708,0.7395122051239014,0.7485714554786682
YBL078C,YMR227C,0,-0.1842409,0.0921468511223793,0.7395122051239014,0.7486716508865356
YAL068C,YBR067C,0,-0.18438274,0.09213565289974213,0.7395122051239014,0.7487719058990479
YDL098C,YER167W,0,-0.18448809,0.09212445467710495,0.7395122051239014,0.7488721609115601
YBL089W,YBR050C,0,-0.18453006,0.09211325645446777,0.7395122051239014,0.7489724159240723
YOR181W,YOR145C,0,-0.18455213,0.0921020656824112,0.7395122051239014,0.7490726709365845
YLR244C,YMR250W,0,-0.18455264,0.09209087491035461,0.7395122051239014,0.7491729259490967
YGR264C,YNL065W,0,-0.1845682,0.09207969158887863,0.7395122051239014,0.7492731809616089
YOL086C,YDL217C,0,-0.18465018,0.09206850826740265,0.7395122051239014,0.7493734359741211
YGL070C,YML009C,0,-0.18467516,0.09205732494592667,0.7395122051239014,0.7494736909866333
YKL170W,YJL090C,0,-0.18472725,0.09204614162445068,0.7395122051239014,0.7495739459991455
YGR155W,YDR240C,0,-0.18474284,0.0920349657535553,0.7395122051239014,0.7496742010116577
YDL040C,YPR100W,0,-0.18481481,0.09202379733324051,0.7395122051239014,0.7497744560241699
YNR057C,YGR071C,0,-0.18489473,0.09201262146234512,0.7395122051239014,0.7498747110366821
YJL216C,YJL035C,0,-0.18490148,0.09200145304203033,0.7395122051239014,0.7499749660491943
YPL058C,YJL097W,0,-0.18500896,0.09199029207229614,0.7395122051239014,0.7500751614570618
YLR026C,YPR070W,0,-0.18503869,0.09197913110256195,0.7395122051239014,0.750175416469574
YOR237W,YJL114W,0,-0.18521276,0.09196797013282776,0.7395122051239014,0.7502756714820862
YDR092W,YIR011C,1,-0.18525511,0.09207812696695328,0.740487813949585,0.7502756714820862
YDR086C,YBR201W,1,-0.18530187,0.092188261449337,0.7414634227752686,0.7502756714820862
YLR318W,YOR201C,0,-0.18538596,0.09217707812786102,0.7414634227752686,0.7503759264945984
YHR157W,YJR123W,0,-0.18541501,0.09216590225696564,0.7414634227752686,0.7504761815071106
YCL001W,YFR032C-A,0,-0.18541716,0.09215472638607025,0.7414634227752686,0.7505764365196228
YDR226W,YBL082C,0,-0.18545398,0.09214355051517487,0.7414634227752686,0.750676691532135
YGR161C,YNL273W,0,-0.18545657,0.09213238209486008,0.7414634227752686,0.7507769465446472
YJL047C,YJL034W,1,-0.18549141,0.09224242717027664,0.7424390316009521,0.7507769465446472
YGR241C,YBR205W,0,-0.18549283,0.09223124384880066,0.7424390316009521,0.7508772015571594
YCR072C,YLR441C,0,-0.18552026,0.09222006797790527,0.7424390316009521,0.7509774565696716
YMR122W-A,YMR240C,0,-0.18552397,0.09220889210700989,0.7424390316009521,0.7510777115821838
YLR396C,YNL263C,0,-0.18552485,0.0921977236866951,0.7424390316009521,0.751177966594696
YJL052W,YNL153C,0,-0.18568207,0.09218655526638031,0.7424390316009521,0.7512782216072083
YJR016C,YBL047C,0,-0.18569985,0.09217538684606552,0.7424390316009521,0.7513784170150757
YLR043C,YOL009C,0,-0.18579999,0.09216422587633133,0.7424390316009521,0.7514786720275879
YKR099W,YPL175W,0,-0.18585558,0.09215306490659714,0.7424390316009521,0.7515789270401001
YDR173C,YHR116W,0,-0.18591085,0.09214190393686295,0.7424390316009521,0.7516791820526123
YBR193C,YER017C,0,-0.18597974,0.09213075041770935,0.7424390316009521,0.7517794370651245
YHR114W,YDR497C,0,-0.18610777,0.09211959689855576,0.7424390316009521,0.7518796920776367
YJL213W,YLR192C,0,-0.18617068,0.09210845082998276,0.7424390316009521,0.7519799470901489
YER151C,YIL156W,1,-0.18619795,0.0922183245420456,0.7434146404266357,0.7519799470901489
YDL003W,YKL059C,0,-0.18620692,0.0922071635723114,0.7434146404266357,0.7520802021026611
YHR193C,YKR079C,0,-0.18621907,0.0921960100531578,0.7434146404266357,0.7521804571151733
YDL230W,YDR341C,0,-0.18632048,0.09218485653400421,0.7434146404266357,0.7522807121276855
YJR065C,YDR231C,0,-0.18633714,0.09217370301485062,0.7434146404266357,0.7523809671401978
YKL172W,YLR324W,0,-0.18633896,0.09216255694627762,0.7434146404266357,0.75248122215271
YJL181W,YKL080W,0,-0.18638393,0.09215141087770462,0.7434146404266357,0.7525814771652222
YGL116W,YMR033W,0,-0.1865721,0.09214026480913162,0.7434146404266357,0.7526817321777344
YBL058W,YBR280C,1,-0.18660644,0.0922500267624855,0.7443902492523193,0.7526817321777344
YKL061W,YML063W,0,-0.18665966,0.0922388806939125,0.7443902492523193,0.7527819275856018
YJR055W,YJL096W,0,-0.18673332,0.09222772717475891,0.7443902492523193,0.752882182598114
YBR238C,YCL047C,0,-0.1867598,0.09221658110618591,0.7443902492523193,0.7529824376106262
YLR263W,YGR143W,0,-0.18676913,0.09220543503761292,0.7443902492523193,0.7530826926231384
YMR127C,YJR076C,0,-0.18679157,0.09219429641962051,0.7443902492523193,0.7531829476356506
YDL045W-A,YPL078C,0,-0.18690568,0.09218315780162811,0.7443902492523193,0.7532832026481628
YDL101C,YDR398W,0,-0.18697846,0.09217201918363571,0.7443902492523193,0.753383457660675
YOR259C,YDL091C,1,-0.18700151,0.09228167682886124,0.7453658580780029,0.753383457660675
YOR378W,YHR132C,0,-0.18711542,0.09227053076028824,0.7453658580780029,0.7534837126731873
YNL056W,YPL188W,0,-0.18722953,0.09225939214229584,0.7453658580780029,0.7535839676856995
YLR284C,YML077W,0,-0.18732348,0.09224824607372284,0.7453658580780029,0.7536842226982117
YMR208W,YDR045C,0,-0.18741189,0.09223711490631104,0.7453658580780029,0.7537844777107239
YNL311C,YKL210W,1,-0.18743616,0.09234669059515,0.7463414669036865,0.7537844777107239
YEL054C,YKR050W,0,-0.18748061,0.092335544526577,0.7463414669036865,0.7538847327232361
YDR260C,YKR105C,0,-0.1875641,0.0923244059085846,0.7463414669036865,0.7539849877357483
YDR092W,YPL120W,1,-0.18769243,0.09243392944335938,0.7473170757293701,0.7539849877357483
YLR153C,YML061C,0,-0.18770634,0.09242278337478638,0.7473170757293701,0.7540852427482605
YHR108W,YHR027C,1,-0.18771578,0.09253226965665817,0.7482926845550537,0.7540852427482605
YLR141W,YKR048C,0,-0.18774831,0.09252110868692398,0.7482926845550537,0.7541854381561279
YBR159W,YJL098W,0,-0.18796302,0.09250994771718979,0.7482926845550537,0.7542856931686401
YLR113W,YER022W,0,-0.18818793,0.0924987941980362,0.7482926845550537,0.7543859481811523
YFR036W,YLR182W,0,-0.18825,0.0924876406788826,0.7482926845550537,0.7544862031936646
YJR120W,YHL004W,0,-0.18827255,0.092476487159729,0.7482926845550537,0.7545864582061768
YLR167W,YKR055W,0,-0.18840498,0.092465341091156,0.7482926845550537,0.754686713218689
YPR155C,YPL269W,0,-0.18842712,0.09245419502258301,0.7482926845550537,0.7547869682312012
YDR067C,YPL095C,0,-0.18844077,0.09244304895401001,0.7482926845550537,0.7548872232437134
YOL005C,YGR077C,0,-0.18850541,0.09243191033601761,0.7482926845550537,0.7549874782562256
YDL102W,YEL018W,0,-0.18855031,0.09242077171802521,0.7482926845550537,0.7550877332687378
YNL306W,YLR312W-A,0,-0.18857875,0.0924096405506134,0.7482926845550537,0.75518798828125
YDL060W,YDR121W,0,-0.18859777,0.0923985093832016,0.7482926845550537,0.7552882432937622
YGL059W,YER148W,0,-0.18868303,0.0923873782157898,0.7482926845550537,0.7553884983062744
YDR513W,YOR209C,0,-0.18870275,0.09237624704837799,0.7482926845550537,0.7554886937141418
YGL192W,YGR185C,0,-0.1887116,0.09236512333154678,0.7482926845550537,0.755588948726654
YLR028C,YLR238W,0,-0.18876472,0.09235400706529617,0.7482926845550537,0.7556892037391663
YIL172C,YML099C,0,-0.18878794,0.09234288334846497,0.7482926845550537,0.7557894587516785
YDR169C,YKR068C,0,-0.18879645,0.09233176708221436,0.7482926845550537,0.7558897137641907
YKL156W,YOR243C,0,-0.18887526,0.09232065826654434,0.7482926845550537,0.7559899687767029
YLR056W,YOR101W,0,-0.18888937,0.09230954200029373,0.7482926845550537,0.7560902237892151
YOR339C,YMR067C,1,-0.18899345,0.09241877496242523,0.7492682933807373,0.7560902237892151
YCR075C,YGR167W,0,-0.18915632,0.09240765124559402,0.7492682933807373,0.7561904788017273
YLR247C,YCR014C,0,-0.18926537,0.09239653497934341,0.7492682933807373,0.7562907338142395
YEL050C,YAL015C,0,-0.18939067,0.0923854187130928,0.7492682933807373,0.7563909888267517
YGL122C,YNL032W,0,-0.18940113,0.09237430989742279,0.7492682933807373,0.7564912438392639
YLR067C,YGR060W,0,-0.1894324,0.09236320108175278,0.7492682933807373,0.7565914988517761
YDR032C,YOR250C,0,-0.18967672,0.09235209226608276,0.7492682933807373,0.7566917538642883
YNL311C,YLR208W,1,-0.18979225,0.09246122092008591,0.7502439022064209,0.7566917538642883
YOR002W,YOR251C,0,-0.18981172,0.0924501046538353,0.7502439022064209,0.7567920088768005
YIL033C,YCR031C,0,-0.18981805,0.09243899583816528,0.7502439022064209,0.756892204284668
YPL163C,YOL103W-A,0,-0.18985501,0.09242788702249527,0.7502439022064209,0.7569924592971802
YDR424C,YJL148W,0,-0.18988705,0.09241677820682526,0.7502439022064209,0.7570927143096924
YHR006W,YKL063C,0,-0.18990514,0.09240566939115524,0.7502439022064209,0.7571929693222046
YLL027W,YPL160W,0,-0.18992825,0.09239456802606583,0.7502439022064209,0.7572932243347168
YBR015C,YDR308C,0,-0.18996064,0.09238346666097641,0.7502439022064209,0.757393479347229
YOR391C,YDR055W,0,-0.19027539,0.09237237274646759,0.7502439022064209,0.7574937343597412
YLL048C,YBL076C,0,-0.19028342,0.09236127883195877,0.7502439022064209,0.7575939893722534
YOR316C,YLR337C,0,-0.19028747,0.09235018491744995,0.7502439022064209,0.7576942443847656
YJL128C,YLR251W,0,-0.19030857,0.09233909845352173,0.7502439022064209,0.7577944993972778
YIL115C,YIL135C,0,-0.19033253,0.0923280119895935,0.7502439022064209,0.75789475440979
YDR213W,YJL149W,0,-0.190398,0.09231692552566528,0.7502439022064209,0.7579950094223022
YPL010W,YDL106C,0,-0.19047573,0.09230584651231766,0.7502439022064209,0.7580952644348145
YDR285W,YLL003W,0,-0.19057477,0.09229476749897003,0.7502439022064209,0.7581954598426819
YAL021C,YPL168W,0,-0.19058403,0.0922836884856224,0.7502439022064209,0.7582957148551941
YPR199C,YMR025W,0,-0.19060835,0.09227261692285538,0.7502439022064209,0.7583959698677063
YOR355W,YOR324C,0,-0.190654,0.09226154536008835,0.7502439022064209,0.7584962248802185
YKL173W,YBR261C,0,-0.19070558,0.09225048124790192,0.7502439022064209,0.7585964798927307
YKL130C,YDR532C,0,-0.19075286,0.09223941713571548,0.7502439022064209,0.7586967349052429
YJR107W,YGR178C,0,-0.19076166,0.09222835302352905,0.7502439022064209,0.7587969899177551
YBR091C,YLR047C,0,-0.1908114,0.09221728891134262,0.7502439022064209,0.7588972449302673
YJR013W,YOR014W,0,-0.19088937,0.09220623224973679,0.7502439022064209,0.7589974999427795
YLR093C,YLL014W,0,-0.19093214,0.09219518303871155,0.7502439022064209,0.7590977549552917
YJL062W,YNR067C,0,-0.19095841,0.09218412637710571,0.7502439022064209,0.759198009967804
YCL063W,YDR463W,0,-0.19097483,0.09217307716608047,0.7502439022064209,0.7592982649803162
YEL013W,YKL022C,0,-0.19098319,0.09216203540563583,0.7502439022064209,0.7593985199928284
YOR124C,YDR098C-A,0,-0.19101678,0.0921509861946106,0.7502439022064209,0.7594987750053406
YGL094C,YHR051W,0,-0.19104105,0.09213994443416595,0.7502439022064209,0.759598970413208
YJR147W,YDR262W,0,-0.191401,0.09212891012430191,0.7502439022064209,0.7596992254257202
YKL063C,YBR264C,0,-0.19142048,0.09211787581443787,0.7502439022064209,0.7597994804382324
YLL051C,YIL061C,0,-0.19142228,0.09210684150457382,0.7502439022064209,0.7598997354507446
YGL025C,YOR253W,0,-0.19143847,0.09209580719470978,0.7502439022064209,0.7599999904632568
YMR200W,YKR090W,0,-0.19146541,0.09208478033542633,0.7502439022064209,0.760100245475769
YDL045C,YBL023C,0,-0.19148088,0.09207375347614288,0.7502439022064209,0.7602005004882812
YGR116W,YOL072W,0,-0.19155063,0.09206273406744003,0.7502439022064209,0.7603007555007935
YDL121C,YNR057C,0,-0.19174331,0.09205171465873718,0.7502439022064209,0.7604010105133057
YER013W,YBR095C,0,-0.19177613,0.09204069525003433,0.7502439022064209,0.7605012655258179
YLR175W,YMR026C,0,-0.19189829,0.09202967584133148,0.7502439022064209,0.7606015205383301
YOR262W,YGR037C,0,-0.19205248,0.09201866388320923,0.7502439022064209,0.7607017755508423
YDL170W,YDR436W,0,-0.19215125,0.09200765937566757,0.7502439022064209,0.7608020305633545
YOL103W,YBL039C,0,-0.19224939,0.09199664741754532,0.7502439022064209,0.7609022259712219
YKL006W,YMR053C,0,-0.19228056,0.09198564291000366,0.7502439022064209,0.7610024809837341
YBR193C,YHL034C,0,-0.19229409,0.0919746458530426,0.7502439022064209,0.7611027359962463
YJR155W,YNR015W,0,-0.19229583,0.09196364134550095,0.7502439022064209,0.7612029910087585
YJR090C,YMR275C,1,-0.19233051,0.09207222610712051,0.7512195110321045,0.7612029910087585
YGL240W,YDL126C,1,-0.19234343,0.0921807736158371,0.7521951198577881,0.7612029910087585
YOR057W,YLL036C,1,-0.19255775,0.09228929877281189,0.7531707286834717,0.7612029910087585
YKL156W,YNL073W,0,-0.19264834,0.09227827191352844,0.7531707286834717,0.7613032460212708
YMR282C,YOL011W,0,-0.19266135,0.0922672376036644,0.7531707286834717,0.761403501033783
YIL005W,YDR054C,1,-0.19267373,0.09237571805715561,0.7541463375091553,0.761403501033783
YGR076C,YGR034W,0,-0.19277894,0.09236467629671097,0.7541463375091553,0.7615037560462952
YPL058C,YBL093C,0,-0.19286236,0.09235364198684692,0.7541463375091553,0.7616040110588074
YJL212C,YFR007W,0,-0.192868,0.09234260767698288,0.7541463375091553,0.7617042660713196
YBL035C,YMR146C,0,-0.19290057,0.09233158081769943,0.7541463375091553,0.7618045210838318
YLR343W,YCL068C,0,-0.19305822,0.09232055395841599,0.7541463375091553,0.761904776096344
YKL054C,YOR059C,0,-0.19318181,0.09230952709913254,0.7541463375091553,0.7620050311088562
YGR116W,YJR117W,0,-0.19328405,0.09229850769042969,0.7541463375091553,0.7621052861213684
YBR119W,YNL236W,0,-0.193419,0.09228748828172684,0.7541463375091553,0.7622055411338806
YER028C,YBR283C,0,-0.19354011,0.09227646887302399,0.7541463375091553,0.762305736541748
YJL144W,YGL016W,0,-0.19367696,0.09226545691490173,0.7541463375091553,0.7624059915542603
YMR119W,YGL087C,1,-0.19383824,0.092373788356781,0.7551219463348389,0.7624059915542603
YLR086W,YMR246W,0,-0.19388817,0.09236276894807816,0.7551219463348389,0.7625062465667725
YOR343W-A,YDR527W,0,-0.19409528,0.0923517495393753,0.7551219463348389,0.7626065015792847
YBR247C,YDR197W,0,-0.19414026,0.09234073013067245,0.7551219463348389,0.7627067565917969
YIR025W,YOL059W,0,-0.19423643,0.0923297181725502,0.7551219463348389,0.7628070116043091
YDL126C,YDR409W,1,-0.19438715,0.0924379751086235,0.7560975551605225,0.7628070116043091
YJR028W,YAR019C,0,-0.19450742,0.09242695569992065,0.7560975551605225,0.7629072666168213
YOR237W,YDR004W,0,-0.19454582,0.09241592884063721,0.7560975551605225,0.7630075216293335
YER056C,YEL052W,0,-0.19456664,0.09240490943193436,0.7560975551605225,0.7631077766418457
YIR015W,YGR056W,0,-0.19458057,0.0923938974738121,0.7560975551605225,0.7632080316543579
YOR158W,YLR190W,0,-0.19467229,0.09238288551568985,0.7560975551605225,0.7633082866668701
YGR252W,YCR020C,0,-0.19493054,0.0923718735575676,0.7560975551605225,0.7634085416793823
YMR015C,YDL208W,0,-0.19507962,0.09236086159944534,0.7560975551605225,0.7635087966918945
YCL031C,YOR219C,0,-0.19512612,0.09234985709190369,0.7560975551605225,0.7636090517044067
YFR010W,YJL189W,0,-0.19515291,0.09233885258436203,0.7560975551605225,0.7637092471122742
YOL032W,YIL109C,0,-0.19515653,0.09232785552740097,0.7560975551605225,0.7638095021247864
YGR223C,YML040W,0,-0.19516382,0.09231685847043991,0.7560975551605225,0.7639097571372986
YIL005W,YNL162W,0,-0.19520575,0.09230586141347885,0.7560975551605225,0.7640100121498108
YMR224C,YBR281C,0,-0.1952667,0.09229486435651779,0.7560975551605225,0.764110267162323
YML097C,YFL025C,1,-0.19528812,0.09240294992923737,0.757073163986206,0.764110267162323
YFL049W,YMR067C,1,-0.19529541,0.09251101315021515,0.7580487728118896,0.764110267162323
YPL084W,YNL186W,1,-0.19531776,0.09261904656887054,0.7590243816375732,0.764110267162323
YML133C,YNR037C,0,-0.19531956,0.0926080197095871,0.7590243816375732,0.7642105221748352
YOL122C,YDR406W,0,-0.19552182,0.09259700030088425,0.7590243816375732,0.7643107771873474
YBR187W,YPL149W,0,-0.19558084,0.0925859808921814,0.7590243816375732,0.7644110321998596
YGL084C,YOR009W,0,-0.19562396,0.09257496148347855,0.7590243816375732,0.7645112872123718
YGL058W,YGL089C,0,-0.1958412,0.09256394952535629,0.7590243816375732,0.764611542224884
YMR136W,YAL026C,0,-0.19588265,0.09255293756723404,0.7590243816375732,0.7647117972373962
YPL193W,YMR240C,0,-0.19593798,0.09254193305969238,0.7590243816375732,0.7648120522499084
YJR010W,YGR044C,0,-0.19601747,0.09253092110157013,0.7590243816375732,0.7649123072624207
YJR045C,YOR290C,0,-0.19610368,0.09251991659402847,0.7590243816375732,0.7650125026702881
YMR298W,YMR117C,0,-0.1962508,0.09250891953706741,0.7590243816375732,0.7651127576828003
YGL243W,YOR103C,0,-0.1963362,0.09249792248010635,0.7590243816375732,0.7652130126953125
YLL034C,YIL039W,0,-0.19653735,0.0924869254231453,0.7590243816375732,0.7653132677078247
YAL007C,YDR481C,0,-0.19654451,0.09247592836618423,0.7590243816375732,0.7654135227203369
YBR191W,YER133W,0,-0.19655354,0.09246493875980377,0.7590243816375732,0.7655137777328491
YLR430W,YNR053C,0,-0.19660994,0.09245394915342331,0.7590243816375732,0.7656140327453613
YML091C,YPL049C,0,-0.19665648,0.09244296699762344,0.7590243816375732,0.7657142877578735
YPR011C,YDR003W,0,-0.19665684,0.09243198484182358,0.7590243816375732,0.7658145427703857
YKL026C,YLR401C,0,-0.19668251,0.09242100268602371,0.7590243816375732,0.765914797782898
YPL151C,YPL133C,0,-0.19668719,0.09241002798080444,0.7590243816375732,0.7660150527954102
YNL318C,YLL045C,0,-0.1967354,0.09239905327558517,0.7590243816375732,0.7661153078079224
YNL258C,YGR089W,0,-0.19675466,0.0923880785703659,0.7590243816375732,0.7662155628204346
YNR072W,YMR039C,0,-0.19675598,0.09237710386514664,0.7590243816375732,0.7663158178329468
YHR214W,YJR145C,0,-0.1968756,0.09236613661050797,0.7590243816375732,0.7664160132408142
YLR019W,YPL111W,0,-0.19698885,0.09235517680644989,0.7590243816375732,0.7665162682533264
YGL243W,YML067C,0,-0.19707261,0.09234421700239182,0.7590243816375732,0.7666165232658386
YDR351W,YNR020C,0,-0.19708261,0.09233325719833374,0.7590243816375732,0.7667167782783508
YJL011C,YDL202W,0,-0.19709301,0.09232229739427567,0.7590243816375732,0.766817033290863
YJR096W,YHR179W,0,-0.19727814,0.09231134504079819,0.7590243816375732,0.7669172883033752
YPR184W,YKR072C,0,-0.19727954,0.09230039268732071,0.7590243816375732,0.7670175433158875
YOR157C,YML054C,0,-0.19745968,0.09228944033384323,0.7590243816375732,0.7671177983283997
YOR037W,YGL061C,0,-0.19758712,0.09227849543094635,0.7590243816375732,0.7672180533409119
YDR444W,YLR145W,0,-0.19769904,0.09226755052804947,0.7590243816375732,0.7673183083534241
YBR040W,YDR028C,0,-0.19782968,0.09225661307573318,0.7590243816375732,0.7674185633659363
YGR204W,YIL173W,0,-0.1978519,0.0922456756234169,0.7590243816375732,0.7675188183784485
YJR036C,YNL186W,1,-0.19790938,0.09235329180955887,0.7599999904632568,0.7675188183784485
YBR086C,YDR517W,0,-0.19798067,0.09234233945608139,0.7599999904632568,0.7676190733909607
YGL148W,YDL051W,0,-0.19809268,0.09233139455318451,0.7599999904632568,0.7677192687988281
YBL037W,YPR137W,0,-0.1980978,0.09232045710086823,0.7599999904632568,0.7678195238113403
YPR155C,YOR201C,0,-0.19824144,0.09230951219797134,0.7599999904632568,0.7679197788238525
YGR191W,YJL030W,0,-0.19828232,0.09229857474565506,0.7599999904632568,0.7680200338363647
YIR017C,YKR093W,0,-0.19836737,0.09228764474391937,0.7599999904632568,0.768120288848877
YOR106W,YGR078C,0,-0.19850221,0.09227671474218369,0.7599999904632568,0.7682205438613892
YKL161C,YIL118W,0,-0.19854873,0.092265784740448,0.7599999904632568,0.7683207988739014
YOR301W,YGR169C,0,-0.19856095,0.09225485473871231,0.7599999904632568,0.7684210538864136
YKR034W,YFR010W,0,-0.19865216,0.09224393218755722,0.7599999904632568,0.7685213088989258
YBR198C,YFR033C,0,-0.19874093,0.09223300963640213,0.7599999904632568,0.768621563911438
YJL047C,YNL186W,1,-0.19876608,0.09234047681093216,0.7609755992889404,0.768621563911438
YDL015C,YOR136W,0,-0.19878626,0.09232954680919647,0.7609755992889404,0.7687218189239502
YMR177W,YLR024C,0,-0.19888416,0.09231861680746078,0.7609755992889404,0.7688220739364624
YJR102C,YGL094C,1,-0.19890442,0.09242603182792664,0.761951208114624,0.7688220739364624
YOR237W,YML101C,0,-0.19896197,0.09241510182619095,0.761951208114624,0.7689223289489746
YIL093C,YHR020W,0,-0.19908509,0.09240416437387466,0.761951208114624,0.7690225839614868
YDR165W,YIL177C,0,-0.19911772,0.09239323437213898,0.761951208114624,0.7691227793693542
YLR260W,YDR122W,0,-0.19913156,0.09238230437040329,0.761951208114624,0.7692230343818665
YDR427W,YBR176W,0,-0.19923633,0.0923713743686676,0.761951208114624,0.7693232893943787
YFR018C,YLR370C,0,-0.19926164,0.09236045181751251,0.761951208114624,0.7694235444068909
YOL020W,YLR441C,0,-0.19948208,0.09234952926635742,0.761951208114624,0.7695237994194031
YGL196W,YJL083W,0,-0.19949883,0.09233861416578293,0.761951208114624,0.7696240544319153
YDR545W,YPR169W,0,-0.1995045,0.09232769906520844,0.761951208114624,0.7697243094444275
YMR223W,YOR175C,0,-0.19968157,0.09231678396463394,0.761951208114624,0.7698245644569397
YOR386W,YHR136C,0,-0.19968753,0.09230587631464005,0.761951208114624,0.7699248194694519
YJL149W,YPL072W,1,-0.19972499,0.09241314232349396,0.7629268169403076,0.7699248194694519
YBR166C,YLR145W,0,-0.19995229,0.09240221977233887,0.7629268169403076,0.7700250744819641
YDR130C,YHR160C,0,-0.19996263,0.09239130467176437,0.7629268169403076,0.7701253294944763
YLR263W,YDR453C,0,-0.20006603,0.09238038957118988,0.7629268169403076,0.7702255845069885
YHR111W,YNL064C,1,-0.20011343,0.09248759597539902,0.7639024257659912,0.7702255845069885
YGL122C,YPR037C,0,-0.20016502,0.09247667342424393,0.7639024257659912,0.7703258395195007
YER087C-A,YOR357C,0,-0.20033069,0.09246575087308884,0.7639024257659912,0.7704260945320129
YJL001W,YJL059W,0,-0.20036097,0.09245483577251434,0.7639024257659912,0.7705262899398804
YHL038C,YPL123C,0,-0.20055968,0.09244392067193985,0.7639024257659912,0.7706265449523926
YJL167W,YAL043C,0,-0.20072156,0.09243300557136536,0.7639024257659912,0.7707267999649048
YDR011W,YGL180W,0,-0.20072182,0.09242209792137146,0.7639024257659912,0.770827054977417
YIL072W,YBR089C-A,0,-0.20077333,0.09241119027137756,0.7639024257659912,0.7709273099899292
YMR282C,YDR334W,0,-0.20092797,0.09240028262138367,0.7639024257659912,0.7710275650024414
YNR038W,YGR171C,0,-0.20099486,0.09238938242197037,0.7639024257659912,0.7711278200149536
YGR061C,YDR212W,0,-0.20116678,0.09237848222255707,0.7639024257659912,0.7712280750274658
YJL214W,YGL186C,0,-0.201254,0.09236758202314377,0.7639024257659912,0.771328330039978
YJL003W,YPL280W,0,-0.20126286,0.09235668927431107,0.7639024257659912,0.7714285850524902
YGL045W,YGR046W,0,-0.20126632,0.09234579652547836,0.7639024257659912,0.7715288400650024
YMR270C,YGL019W,0,-0.20126843,0.09233490377664566,0.7639024257659912,0.7716290950775146
YBL017C,YGL017W,1,-0.20127831,0.09244193136692047,0.7648780345916748,0.7716290950775146
YJL035C,YER017C,0,-0.20130903,0.09243103116750717,0.7648780345916748,0.7717293500900269
YOR151C,YKL166C,0,-0.2013115,0.09242013096809387,0.7648780345916748,0.7718295454978943
YPL273W,YPL149W,0,-0.20133597,0.09240923821926117,0.7648780345916748,0.7719298005104065
YLR288C,YLR324W,0,-0.201476,0.09239835292100906,0.7648780345916748,0.7720300555229187
YMR013C,YCR037C,0,-0.20149335,0.09238746017217636,0.7648780345916748,0.7721303105354309
YDR478W,YHL040C,0,-0.20164871,0.09237657487392426,0.7648780345916748,0.7722305655479431
YBR122C,YER044C-A,0,-0.2018011,0.09236568957567215,0.7648780345916748,0.7723308205604553
YCL066W,YJL089W,0,-0.20198613,0.09235481172800064,0.7648780345916748,0.7724310755729675
YFL049W,YPR108W,1,-0.20204641,0.0924617201089859,0.7658536434173584,0.7724310755729675
YLR092W,YJR015W,0,-0.20209917,0.0924508273601532,0.7658536434173584,0.7725313305854797
YLR119W,YFL049W,1,-0.20225282,0.09255769848823547,0.766829252243042,0.7725313305854797
YOR124C,YBL089W,0,-0.20226608,0.09254680573940277,0.766829252243042,0.7726315855979919
YMR311C,YPL064C,0,-0.20232868,0.09253590553998947,0.766829252243042,0.7727318406105042
YGL058W,YKL213C,1,-0.20233577,0.09264273196458817,0.7678048610687256,0.7727318406105042
YJR099W,YGL141W,1,-0.20237188,0.09274952858686447,0.7687804698944092,0.7727318406105042
YBR015C,YJL072C,0,-0.20242248,0.09273861348628998,0.7687804698944092,0.7728320956230164
YMR229C,YDL061C,0,-0.20250165,0.09272769838571548,0.7687804698944092,0.7729323506355286
YPR148C,YOR338W,0,-0.20255177,0.09271679073572159,0.7687804698944092,0.7730326056480408
YDR397C,YAR015W,0,-0.20262286,0.09270588308572769,0.7687804698944092,0.773132860660553
YGR036C,YIL056W,0,-0.2026484,0.0926949754357338,0.7687804698944092,0.7732330560684204
YDL126C,YOR157C,1,-0.20278555,0.09280169010162354,0.7697560787200928,0.7732330560684204
YLR385C,YKR026C,0,-0.20280007,0.09279078245162964,0.7697560787200928,0.7733333110809326
YOR259C,YGL017W,1,-0.20283186,0.0928974598646164,0.7707316875457764,0.7733333110809326
YDR534C,YOR193W,0,-0.20284273,0.0928865373134613,0.7707316875457764,0.7734335660934448
YOL103W,YER071C,0,-0.20312083,0.09287561476230621,0.7707316875457764,0.773533821105957
YHR114W,YML127W,0,-0.20322675,0.09286469966173172,0.7707316875457764,0.7736340761184692
YMR276W,YLR141W,0,-0.2032507,0.09285378456115723,0.7707316875457764,0.7737343311309814
YNL045W,YOR209C,0,-0.20325384,0.09284286946058273,0.7707316875457764,0.7738345861434937
YER138C,YOR145C,0,-0.20327574,0.09283196181058884,0.7707316875457764,0.7739348411560059
YCR057C,YNL217W,0,-0.20333266,0.09282105416059494,0.7707316875457764,0.7740350961685181
YDR247W,YLR083C,0,-0.20335895,0.09281015396118164,0.7707316875457764,0.7741353511810303
YLR029C,YGR101W,0,-0.20337641,0.09279924631118774,0.7707316875457764,0.7742356061935425
YPR010C,YIL002C,0,-0.20352057,0.09278834611177444,0.7707316875457764,0.7743358612060547
YIR032C,YEL017C-A,0,-0.2035569,0.09277745336294174,0.7707316875457764,0.7744361162185669
YOL138C,YJL189W,0,-0.20358649,0.09276656061410904,0.7707316875457764,0.7745363116264343
YFL002W-A,YGR282C,0,-0.20363568,0.09275566786527634,0.7707316875457764,0.7746365666389465
YKR034W,YGR062C,0,-0.20366302,0.09274477511644363,0.7707316875457764,0.7747368216514587
YLR020C,YPR080W,0,-0.20366773,0.09273388981819153,0.7707316875457764,0.774837076663971
YHL027W,YLR404W,0,-0.20381956,0.09272300451993942,0.7707316875457764,0.7749373316764832
YOR089C,YNL085W,0,-0.20385623,0.09271212667226791,0.7707316875457764,0.7750375866889954
YPR156C,YIL043C,0,-0.20397839,0.09270124137401581,0.7707316875457764,0.7751378417015076
YPR137C-B,YLR367W,0,-0.20402202,0.0926903635263443,0.7707316875457764,0.7752380967140198
YGL240W,YDL091C,1,-0.20408842,0.09279680997133255,0.77170729637146,0.7752380967140198
YER144C,YBR273C,1,-0.20418832,0.09290322661399841,0.7726829051971436,0.7752380967140198
YJL056C,YKR059W,0,-0.20421128,0.09289232641458511,0.7726829051971436,0.775338351726532
YPL065W,YEL052W,1,-0.20425037,0.09299871325492859,0.7736585140228271,0.775338351726532
YDR110W,YBR065C,0,-0.20456386,0.09298780560493469,0.7736585140228271,0.7754386067390442
YLR305C,YNL091W,0,-0.20459689,0.09297690540552139,0.7736585140228271,0.7755388617515564
YGR184C,YHR166C,1,-0.20466286,0.09308323264122009,0.7746341228485107,0.7755388617515564
YPL112C,YGL050W,0,-0.2047563,0.0930723249912262,0.7746341228485107,0.7756391167640686
YOR237W,YGR006W,0,-0.20476647,0.0930614173412323,0.7746341228485107,0.7757393717765808
YGR088W,YDL145C,0,-0.20478585,0.0930505096912384,0.7746341228485107,0.775839626789093
YJL013C,YDL220C,0,-0.2048503,0.0930396094918251,0.7746341228485107,0.7759398221969604
YMR101C,YHR167W,0,-0.20511968,0.09302870184183121,0.7746341228485107,0.7760400772094727
YBL038W,YMR172W,0,-0.20514911,0.0930178090929985,0.7746341228485107,0.7761403322219849
YGR283C,YOL123W,0,-0.20522654,0.0930069088935852,0.7746341228485107,0.7762405872344971
YDR380W,YPL240C,0,-0.20532826,0.0929960161447525,0.7746341228485107,0.7763408422470093
YKL006C-A,YBL098W,0,-0.20538175,0.0929851233959198,0.7746341228485107,0.7764410972595215
YGR204W,YJL082W,0,-0.20541266,0.0929742380976677,0.7746341228485107,0.7765413522720337
YGR205W,YBR177C,0,-0.20548138,0.09296335279941559,0.7746341228485107,0.7766416072845459
YHR134W,YCL044C,1,-0.20548722,0.09306953847408295,0.7756097316741943,0.7766416072845459
YNL159C,YDR313C,1,-0.20555998,0.09317570179700851,0.7765853404998779,0.7766416072845459
YIL037C,YNL317W,0,-0.20568353,0.09316479414701462,0.7765853404998779,0.7767418622970581
YOL123W,YER110C,0,-0.2058195,0.09315389394760132,0.7765853404998779,0.7768421173095703
YCR011C,YER177W,0,-0.20593388,0.09314299374818802,0.7765853404998779,0.7769423723220825
YOR386W,YDR367W,0,-0.20594612,0.09313209354877472,0.7765853404998779,0.7770426273345947
YCL066W,YCR026C,0,-0.20596914,0.09312120079994202,0.7765853404998779,0.7771428823471069
YCL039W,YDR330W,1,-0.20601247,0.09322727471590042,0.7775609493255615,0.7771428823471069
YIR026C,YBL112C,0,-0.20605531,0.09321637451648712,0.7775609493255615,0.7772431373596191
YNL302C,YKR007W,0,-0.20616348,0.09320547431707382,0.7775609493255615,0.7773433327674866
YGR048W,YBL057C,1,-0.20617856,0.09331150352954865,0.7785365581512451,0.7773433327674866
YBR187W,YMR246W,0,-0.20628145,0.09330059587955475,0.7785365581512451,0.7774435877799988
YDR284C,YER111C,0,-0.2063038,0.09328968822956085,0.7785365581512451,0.777543842792511
YML100W,YFL021W,0,-0.20638458,0.09327878803014755,0.7785365581512451,0.7776440978050232
YBR173C,YOR085W,0,-0.20639068,0.09326788038015366,0.7785365581512451,0.7777443528175354
YHR139C,YPL215W,0,-0.20642427,0.09325698018074036,0.7785365581512451,0.7778446078300476
YPL234C,YJL069C,0,-0.20646137,0.09324608743190765,0.7785365581512451,0.7779448628425598
YDR524C,YNL153C,0,-0.20650198,0.09323519468307495,0.7785365581512451,0.778045117855072
YHR103W,YKR102W,0,-0.20652172,0.09322430193424225,0.7785365581512451,0.7781453728675842
YNL121C,YER017C,0,-0.20654544,0.09321340918540955,0.7785365581512451,0.7782456278800964
YLR337C,YML049C,0,-0.20659228,0.09320252388715744,0.7785365581512451,0.7783458828926086
YBR207W,YJL117W,0,-0.20659593,0.09319163858890533,0.7785365581512451,0.7784461379051208
YPL063W,YJR108W,0,-0.20670228,0.09318075329065323,0.7785365581512451,0.7785463929176331
YKL149C,YFR034C,0,-0.2067755,0.09316987544298172,0.7785365581512451,0.7786465883255005
YJL062W,YML091C,0,-0.20699647,0.09315899759531021,0.7785365581512451,0.7787468433380127
YLL018C-A,YPL204W,0,-0.20713454,0.0931481271982193,0.7785365581512451,0.7788470983505249
YBR187W,YPL094C,0,-0.20715192,0.09313725680112839,0.7785365581512451,0.7789473533630371
YFR006W,YLR321C,0,-0.20715263,0.09312638640403748,0.7785365581512451,0.7790476083755493
YAL025C,YOR320C,0,-0.20719954,0.09311551600694656,0.7785365581512451,0.7791478633880615
YDR313C,YNL223W,1,-0.20720403,0.09322132915258408,0.7795121669769287,0.7791478633880615
YGR058W,YBR129C,0,-0.20722169,0.09321045130491257,0.7795121669769287,0.7792481184005737
YIL021W,YLR299W,0,-0.20722345,0.09319958090782166,0.7795121669769287,0.7793483734130859
YDR285W,YGL016W,0,-0.20725214,0.09318871051073074,0.7795121669769287,0.7794486284255981
YIR017C,YFL010W-A,0,-0.20727998,0.09317784011363983,0.7795121669769287,0.7795488834381104
YDR260C,YGL004C,1,-0.20733449,0.09328357875347137,0.7804877758026123,0.7795488834381104
YNL159C,YGL087C,1,-0.2073687,0.09338929504156113,0.7814634442329407,0.7795488834381104
YDR503C,YMR267W,0,-0.20749101,0.09337840974330902,0.7814634442329407,0.7796491384506226
YDR389W,YPR114W,0,-0.20758797,0.09336752444505692,0.7814634442329407,0.7797493934631348
YPL208W,YOR259C,0,-0.2076061,0.0933566465973854,0.7814634442329407,0.779849648475647
YBL075C,YMR071C,0,-0.20762224,0.0933457612991333,0.7814634442329407,0.7799499034881592
YNL231C,YNL107W,0,-0.20765321,0.09333488345146179,0.7814634442329407,0.7800500988960266
YIL046W,YDL171C,0,-0.20769271,0.09332401305437088,0.7814634442329407,0.7801503539085388
YJR102C,YOR304C-A,0,-0.20770131,0.09331314265727997,0.7814634442329407,0.780250608921051
YDR468C,YDR418W,0,-0.2077178,0.09330227226018906,0.7814634442329407,0.7803508639335632
YFL016C,YML013W,1,-0.20777008,0.09340787678956985,0.7824390530586243,0.7803508639335632
YML004C,YJL004C,0,-0.20784992,0.09339699894189835,0.7824390530586243,0.7804511189460754
YJR143C,YKR028W,0,-0.20785156,0.09338612109422684,0.7824390530586243,0.7805513739585876
YPL010W,YBR247C,0,-0.2078812,0.09337525069713593,0.7824390530586243,0.7806516289710999
YFR005C,YOR272W,0,-0.20793605,0.09336438030004501,0.7824390530586243,0.7807518839836121
YOL135C,YDR368W,0,-0.20794119,0.0933535099029541,0.7824390530586243,0.7808521389961243
YER007C-A,YDR361C,0,-0.20799705,0.09334264695644379,0.7824390530586243,0.7809523940086365
YNL214W,YPR182W,0,-0.20810078,0.09333178400993347,0.7824390530586243,0.7810526490211487
YHR047C,YNR011C,0,-0.20811528,0.09332092106342316,0.7824390530586243,0.7811529040336609
YLR360W,YDR306C,1,-0.2083496,0.093426413834095,0.7834146618843079,0.7811529040336609
YBR084W,YLR187W,0,-0.20836443,0.09341554343700409,0.7834146618843079,0.7812531590461731
YKL005C,YGR214W,0,-0.20841008,0.09340467303991318,0.7834146618843079,0.7813533544540405
YIL030C,YLR378C,1,-0.20842248,0.09351012110710144,0.7843902707099915,0.7813533544540405
YLR360W,YLR025W,1,-0.2084921,0.09361553937196732,0.785365879535675,0.7813533544540405
YJL149W,YLR127C,1,-0.20863162,0.0937209278345108,0.7863414883613586,0.7813533544540405
YMR166C,YBR299W,0,-0.20863838,0.0937100350856781,0.7863414883613586,0.7814536094665527
YPR106W,YBL080C,0,-0.20876658,0.0936991423368454,0.7863414883613586,0.7815538644790649
YIL008W,YDR501W,0,-0.20882396,0.0936882495880127,0.7863414883613586,0.7816541194915771
YER008C,YER017C,0,-0.20884338,0.09367735683917999,0.7863414883613586,0.7817543745040894
YNL227C,YNL250W,0,-0.20886219,0.09366647154092789,0.7863414883613586,0.7818546295166016
YKL180W,YDL003W,0,-0.20886484,0.09365558624267578,0.7863414883613586,0.7819548845291138
YCL018W,YBR020W,0,-0.20887987,0.09364470839500427,0.7863414883613586,0.782055139541626
YOR316C,YHR035W,0,-0.20890704,0.09363383054733276,0.7863414883613586,0.7821553945541382
YLR316C,YHL050C,0,-0.20890905,0.09362295269966125,0.7863414883613586,0.7822556495666504
YHR073W,YMR100W,0,-0.20898215,0.09361208230257034,0.7863414883613586,0.7823559045791626
YOR181W,YER126C,0,-0.20902392,0.09360120445489883,0.7863414883613586,0.7824561595916748
YAL003W,YDR499W,0,-0.20915934,0.09359034150838852,0.7863414883613586,0.782556414604187
YBR162C,YNL291C,0,-0.20925148,0.09357947111129761,0.7863414883613586,0.7826566696166992
YLR167W,YGR221C,0,-0.20926487,0.09356860816478729,0.7863414883613586,0.7827568650245667
YMR150C,YBL098W,0,-0.20945778,0.09355774521827698,0.7863414883613586,0.7828571200370789
YOL038W,YIL075C,1,-0.20950082,0.09366295486688614,0.7873170971870422,0.7828571200370789
YAL058W,YOR362C,1,-0.20952164,0.09376813471317291,0.7882927060127258,0.7828571200370789
YDL077C,YJR126C,0,-0.20973654,0.0937572494149208,0.7882927060127258,0.7829573750495911
YPL198W,YHR085W,0,-0.20981063,0.0937463715672493,0.7882927060127258,0.7830576300621033
YML030W,YDR044W,0,-0.20994394,0.09373550117015839,0.7882927060127258,0.7831578850746155
YDR259C,YOL004W,0,-0.20997052,0.09372462332248688,0.7882927060127258,0.7832581400871277
YOR294W,YDL149W,0,-0.20997795,0.09371375292539597,0.7882927060127258,0.7833583950996399
YLR451W,YAR035W,0,-0.2099785,0.09370288997888565,0.7882927060127258,0.7834586501121521
YJR140C,YGL040C,0,-0.20998934,0.09369201958179474,0.7882927060127258,0.7835589051246643
YOL112W,YNL175C,0,-0.21012661,0.09368115663528442,0.7882927060127258,0.7836591601371765
YPL281C,YPL144W,0,-0.21013837,0.0936703011393547,0.7882927060127258,0.7837594151496887
YCL059C,YAR002C-A,0,-0.21021718,0.09365943819284439,0.7882927060127258,0.7838596701622009
YGL189C,YMR312W,0,-0.21025647,0.09364858269691467,0.7882927060127258,0.7839599251747131
YKL180W,YCR046C,0,-0.21053533,0.09363773465156555,0.7882927060127258,0.7840601205825806
YLR224W,YER012W,1,-0.21059982,0.09374275803565979,0.7892683148384094,0.7840601205825806
YOR182C,YMR071C,0,-0.21066636,0.09373189508914948,0.7892683148384094,0.7841603755950928
YPL183C,YLL012W,0,-0.21069561,0.09372103959321976,0.7892683148384094,0.784260630607605
YMR214W,YPL120W,1,-0.21087477,0.09382601827383041,0.790243923664093,0.784260630607605
YJL035C,YDR118W,0,-0.21093735,0.0938151478767395,0.790243923664093,0.7843608856201172
YER061C,YOL156W,0,-0.21100977,0.09380428493022919,0.790243923664093,0.7844611406326294
YCR009C,YJL089W,0,-0.21110365,0.09379342198371887,0.790243923664093,0.7845613956451416
YOR261C,YHR134W,1,-0.21145418,0.09389834105968475,0.7912195324897766,0.7845613956451416
YDR253C,YFL004W,0,-0.21185637,0.09388747066259384,0.7912195324897766,0.7846616506576538
YML098W,YGL078C,0,-0.21194437,0.09387660771608353,0.7912195324897766,0.784761905670166
YPL002C,YDL017W,0,-0.21195889,0.09386573731899261,0.7912195324897766,0.7848621606826782
YMR072W,YML004C,0,-0.21196893,0.0938548743724823,0.7912195324897766,0.7849624156951904
YHR174W,YGL226C-A,0,-0.2119917,0.09384401887655258,0.7912195324897766,0.7850626707077026
YGL073W,YBR207W,0,-0.21207266,0.09383316338062286,0.7912195324897766,0.7851629257202148
YBR150C,YLL053C,0,-0.21217775,0.09382230788469315,0.7912195324897766,0.785263180732727
YPL017C,YPL147W,0,-0.21233672,0.09381145238876343,0.7912195324897766,0.7853634357452393
YBR164C,YGL219C,0,-0.21276203,0.0938006043434143,0.7912195324897766,0.7854636311531067
YOR254C,YMR046C,0,-0.2127679,0.09378975629806519,0.7912195324897766,0.7855638861656189
YAL020C,YMR312W,0,-0.21287614,0.09377890825271606,0.7912195324897766,0.7856641411781311
YPL063W,YDR197W,0,-0.21291254,0.09376806765794754,0.7912195324897766,0.7857643961906433
YPL239W,YLR047C,0,-0.21303968,0.09375722706317902,0.7912195324897766,0.7858646512031555
YDL231C,YER130C,0,-0.21311861,0.09374638646841049,0.7912195324897766,0.7859649062156677
YAL024C,YBR012W-A,0,-0.21315007,0.09373555332422256,0.7912195324897766,0.7860651612281799
YER087C-B,YNL112W,0,-0.21326508,0.09372472018003464,0.7912195324897766,0.7861654162406921
YLL014W,YFR040W,0,-0.21331786,0.09371388703584671,0.7912195324897766,0.7862656712532043
YLL027W,YDR047W,0,-0.21345979,0.09370306134223938,0.7912195324897766,0.7863659262657166
YBR162W-A,YDL107W,0,-0.21353364,0.09369223564863205,0.7912195324897766,0.7864661812782288
YMR302C,YGR191W,0,-0.21364297,0.09368141740560532,0.7912195324897766,0.786566436290741
YJL125C,YOL007C,0,-0.21368271,0.09367059171199799,0.7912195324897766,0.7866666913032532
YGL167C,YJL030W,0,-0.21369827,0.09365977346897125,0.7912195324897766,0.7867669463157654
YPL218W,YHR167W,0,-0.21383278,0.09364896267652512,0.7912195324897766,0.7868671417236328
YNL311C,YKR048C,0,-0.21387829,0.09363814443349838,0.7912195324897766,0.786967396736145
YCL039W,YLR102C,1,-0.21397316,0.09374278783798218,0.7921951413154602,0.786967396736145
YCR002C,YNL281W,0,-0.21397345,0.09373196214437485,0.7921951413154602,0.7870676517486572
YKL217W,YMR075W,0,-0.21405005,0.09372114390134811,0.7921951413154602,0.7871679067611694
YBR241C,YLR263W,0,-0.2140901,0.09371032565832138,0.7921951413154602,0.7872681617736816
YFR003C,YPL119C,0,-0.21419963,0.09369951486587524,0.7921951413154602,0.7873684167861938
YNL102W,YPR057W,0,-0.21426925,0.09368870407342911,0.7921951413154602,0.787468671798706
YNL049C,YPL138C,0,-0.21441317,0.09367789328098297,0.7921951413154602,0.7875689268112183
YBL067C,YBR290W,1,-0.21452326,0.093782439827919,0.7931707501411438,0.7875689268112183
YAL017W,YLL013C,0,-0.21453756,0.09377162903547287,0.7931707501411438,0.7876691818237305
YPL204W,YOR159C,0,-0.21454829,0.09376081079244614,0.7931707501411438,0.7877694368362427
YML097C,YHR200W,1,-0.21458209,0.09386531263589859,0.7941463589668274,0.7877694368362427
YOL030W,YCR021C,0,-0.21461038,0.09385449439287186,0.7941463589668274,0.7878696918487549
YLR050C,YDL061C,0,-0.21479237,0.09384366869926453,0.7941463589668274,0.7879699468612671
YGR155W,YBR294W,0,-0.2149666,0.09383285045623779,0.7941463589668274,0.7880702018737793
YBR237W,YPR171W,0,-0.21499307,0.09382203966379166,0.7941463589668274,0.7881703972816467
YKR093W,YKR079C,0,-0.21521223,0.09381122142076492,0.7941463589668274,0.7882706522941589
YNR008W,YPL064C,0,-0.2152864,0.09380041807889938,0.7941463589668274,0.7883709073066711
YPL010W,YJL006C,0,-0.21531251,0.09378960728645325,0.7941463589668274,0.7884711623191833
YPR068C,YKL166C,0,-0.21541575,0.09377880394458771,0.7941463589668274,0.7885714173316956
YOR071C,YLR187W,0,-0.21561436,0.09376800060272217,0.7941463589668274,0.7886716723442078
YMR091C,YOR109W,0,-0.21562862,0.09375719726085663,0.7941463589668274,0.78877192735672
YER061C,YJL103C,0,-0.21562883,0.09374640136957169,0.7941463589668274,0.7888721823692322
YBR181C,YMR065W,0,-0.21565768,0.09373560547828674,0.7941463589668274,0.7889724373817444
YER129W,YEL006W,0,-0.21570599,0.0937248095870018,0.7941463589668274,0.7890726923942566
YGL198W,YCR057C,0,-0.21573102,0.09371402114629745,0.7941463589668274,0.7891729474067688
YMR194W,YCL067C,0,-0.21575874,0.09370323270559311,0.7941463589668274,0.789273202419281
YDR032C,YKL058W,0,-0.21576598,0.09369245171546936,0.7941463589668274,0.7893734574317932
YIL064W,YHR190W,0,-0.21577248,0.09368166327476501,0.7941463589668274,0.7894737124443054
YEL021W,YKL165C,0,-0.21589968,0.09367088973522186,0.7941463589668274,0.7895739078521729
YNL247W,YPL226W,0,-0.21603,0.09366010874509811,0.7941463589668274,0.7896741628646851
YKL090W,YMR022W,1,-0.21608241,0.09376437962055206,0.795121967792511,0.7896741628646851
YNR026C,YLR208W,1,-0.21622686,0.09386862814426422,0.7960975766181946,0.7896741628646851
YOL104C,YGL162W,0,-0.21632439,0.09385783225297928,0.7960975766181946,0.7897744178771973
YPL149W,YIL170W,0,-0.21633992,0.09384703636169434,0.7960975766181946,0.7898746728897095
YHR120W,YDL127W,0,-0.21636954,0.09383624792098999,0.7960975766181946,0.7899749279022217
YPR118W,YCL050C,0,-0.21640065,0.09382545948028564,0.7960975766181946,0.7900751829147339
YBR287W,YMR075W,0,-0.21650285,0.0938146710395813,0.7960975766181946,0.7901754379272461
YOL133W,YDL245C,0,-0.21654262,0.09380388259887695,0.7960975766181946,0.7902756929397583
YLR153C,YBR118W,0,-0.21658216,0.0937931016087532,0.7960975766181946,0.7903759479522705
YBR016W,YDR005C,0,-0.21660258,0.09378232061862946,0.7960975766181946,0.7904762029647827
YDR288W,YML129C,0,-0.21670203,0.0937715470790863,0.7960975766181946,0.7905764579772949
YNL297C,YDR384C,0,-0.21679606,0.09376077353954315,0.7960975766181946,0.7906767129898071
YPL117C,YDL117W,0,-0.21688743,0.09375,0.7960975766181946,0.7907769680023193
YHR204W,YER153C,0,-0.21702841,0.09373923391103745,0.7960975766181946,0.7908771634101868
YGL068W,YLL055W,0,-0.21705315,0.0937284603714943,0.7960975766181946,0.790977418422699
YPL043W,YIL030C,0,-0.21730523,0.09371770173311234,0.7960975766181946,0.7910776734352112
YBR272C,YPL220W,0,-0.21739933,0.09370693564414978,0.7960975766181946,0.7911779284477234
YNL189W,YDR279W,0,-0.21758085,0.09369617700576782,0.7960975766181946,0.7912781834602356
YLR015W,YBL037W,0,-0.21760567,0.09368541836738586,0.7960975766181946,0.7913784384727478
YFR038W,YJL029C,0,-0.21764128,0.0936746671795845,0.7960975766181946,0.79147869348526
YDR255C,YBL041W,1,-0.2177117,0.09377869963645935,0.7970731854438782,0.79147869348526
YML027W,YDL114W,0,-0.21773206,0.0937679335474968,0.7970731854438782,0.7915789484977722
YPL051W,YAL048C,0,-0.2178094,0.09375717490911484,0.7970731854438782,0.7916792035102844
YJL073W,YER087C-B,1,-0.21786158,0.0938611552119255,0.7980487942695618,0.7916792035102844
YDR236C,YBR061C,0,-0.21792379,0.09385038912296295,0.7980487942695618,0.7917794585227966
YBL031W,YJL106W,0,-0.21794763,0.0938396230340004,0.7980487942695618,0.7918797135353088
YNL050C,YNL217W,0,-0.21796107,0.09382885694503784,0.7980487942695618,0.791979968547821
YDR092W,YMR135C,1,-0.21810317,0.09393279254436493,0.7990244030952454,0.791979968547821
YDR026C,YMR063W,0,-0.21816061,0.09392201900482178,0.7990244030952454,0.7920802235603333
YIL109C,YDR325W,0,-0.21818712,0.09391124546527863,0.7990244030952454,0.7921804785728455
YJL001W,YER143W,1,-0.21823749,0.09401513636112213,0.800000011920929,0.7921804785728455
YBR052C,YAL062W,0,-0.21826151,0.09400435537099838,0.800000011920929,0.7922806739807129
YKL116C,YKL186C,0,-0.21841569,0.09399358183145523,0.800000011920929,0.7923809289932251
YKL079W,YOR251C,0,-0.21855822,0.09398280829191208,0.800000011920929,0.7924811840057373
YNL055C,YBR081C,0,-0.2186272,0.09397203475236893,0.800000011920929,0.7925814390182495
YDR130C,YOL007C,0,-0.21869901,0.09396126866340637,0.800000011920929,0.7926816940307617
YLR390W,YIL112W,0,-0.21894239,0.09395050257444382,0.800000011920929,0.7927819490432739
YKL170W,YHR004C,0,-0.21896654,0.09393974393606186,0.800000011920929,0.7928822040557861
YML098W,YNL080C,0,-0.21896876,0.0939289778470993,0.800000011920929,0.7929824590682983
YGL211W,YPR158C-C,0,-0.21897992,0.09391821920871735,0.800000011920929,0.7930827140808105
YOR157C,YIR032C,0,-0.2191816,0.09390746802091599,0.800000011920929,0.7931829690933228
YPL046C,YOL133W,1,-0.21922015,0.09401122480630875,0.8009756207466125,0.7931829690933228
YDL215C,YMR298W,0,-0.21922764,0.09400045871734619,0.8009756207466125,0.793283224105835
YIL128W,YOR322C,0,-0.21943174,0.09398970007896423,0.8009756207466125,0.7933834791183472
YKL011C,YDR160W,0,-0.21954365,0.09397894144058228,0.8009756207466125,0.7934837341308594
YLR301W,YPL239W,0,-0.21958384,0.09396818280220032,0.8009756207466125,0.7935839891433716
YIL013C,YGL229C,0,-0.21974,0.09395742416381836,0.8009756207466125,0.793684184551239
YHL050C,YGR122W,0,-0.21974793,0.093946672976017,0.8009756207466125,0.7937844395637512
YHR006W,YFR034C,0,-0.21975991,0.09393592923879623,0.8009756207466125,0.7938846945762634
YAL021C,YJR035W,0,-0.21977109,0.09392517805099487,0.8009756207466125,0.7939849495887756
YKL041W,YBR105C,1,-0.21985325,0.09402882307767868,0.8019512295722961,0.7939849495887756
YGL119W,YDR060W,0,-0.21985716,0.09401807188987732,0.8019512295722961,0.7940852046012878
YBR268W,YLR432W,0,-0.21990657,0.09400732070207596,0.8019512295722961,0.7941854596138
YDR238C,YER068W,0,-0.21999799,0.0939965695142746,0.8019512295722961,0.7942857146263123
YMR013C,YPL167C,0,-0.2200251,0.09398582577705383,0.8019512295722961,0.7943859696388245
YMR274C,YPR111W,0,-0.22003601,0.09397507458925247,0.8019512295722961,0.7944862246513367
YEL019C,YPL120W,1,-0.22009747,0.09407864511013031,0.8029268383979797,0.7944862246513367
YNL172W,YJR099W,1,-0.22011888,0.09418219327926636,0.8039024472236633,0.7944862246513367
YBR072W,YNL131W,0,-0.22015807,0.0941714271903038,0.8039024472236633,0.7945864796638489
YFR049W,YGR035C,0,-0.22035734,0.09416066855192184,0.8039024472236633,0.7946867346763611
YHR037W,YDR486C,0,-0.22041014,0.09414990991353989,0.8039024472236633,0.7947869896888733
YOL116W,YHR172W,0,-0.22041981,0.09413915127515793,0.8039024472236633,0.7948872447013855
YGR062C,YMR173W,0,-0.22046015,0.09412840008735657,0.8039024472236633,0.7949874401092529
YIL053W,YKL062W,0,-0.2204681,0.0941176488995552,0.8039024472236633,0.7950876951217651
YDL018C,YDR197W,0,-0.22050378,0.09410689771175385,0.8039024472236633,0.7951879501342773
YMR166C,YLR325C,0,-0.22060761,0.09409615397453308,0.8039024472236633,0.7952882051467896
YLR223C,YMR173W,0,-0.2206133,0.09408541023731232,0.8039024472236633,0.7953884601593018
YNR043W,YFL041W,0,-0.220764,0.09407466650009155,0.8039024472236633,0.795488715171814
YDR534C,YJR053W,0,-0.22082463,0.09406393021345139,0.8039024472236633,0.7955889701843262
YGR258C,YDR379W,0,-0.22084907,0.09405319392681122,0.8039024472236633,0.7956892251968384
YNL180C,YDL024C,0,-0.22096324,0.09404245764017105,0.8039024472236633,0.7957894802093506
YGL003C,YOR272W,0,-0.22104388,0.09403172135353088,0.8039024472236633,0.7958897352218628
YIL109C,YBL057C,0,-0.22105266,0.09402099251747131,0.8039024472236633,0.795989990234375
YJL200C,YOR143C,0,-0.22110869,0.09401027113199234,0.8039024472236633,0.7960902452468872
YGL068W,YGR169C,0,-0.22117682,0.09399954229593277,0.8039024472236633,0.7961905002593994
YHR210C,YJR065C,0,-0.22130299,0.0939888209104538,0.8039024472236633,0.7962907552719116
YJL095W,YLR350W,0,-0.22134414,0.09397809952497482,0.8039024472236633,0.796390950679779
YER032W,YPL116W,0,-0.22142407,0.09396738559007645,0.8039024472236633,0.7964912056922913
YFR007W,YHR111W,0,-0.22144088,0.09395667165517807,0.8039024472236633,0.7965914607048035
YOR069W,YPL269W,0,-0.22144477,0.0939459577202797,0.8039024472236633,0.7966917157173157
YKL081W,YMR298W,0,-0.22151344,0.09393525123596191,0.8039024472236633,0.7967919707298279
YPR047W,YKR052C,0,-0.22153737,0.09392454475164413,0.8039024472236633,0.7968922257423401
YPR001W,YNL107W,0,-0.22162369,0.09391383826732635,0.8039024472236633,0.7969924807548523
YKL109W,YOR191W,0,-0.22170123,0.09390313178300858,0.8039024472236633,0.7970927357673645
YJL212C,YOL080C,0,-0.22182542,0.09389243274927139,0.8039024472236633,0.7971929907798767
YKR008W,YDR103W,0,-0.22195607,0.09388173371553421,0.8039024472236633,0.7972932457923889
YJL052W,YER049W,0,-0.22213003,0.09387104213237762,0.8039024472236633,0.7973935008049011
YLR383W,YMR015C,0,-0.22218642,0.09386035054922104,0.8039024472236633,0.7974937558174133
YPL087W,YOR265W,0,-0.22224265,0.09384965896606445,0.8039024472236633,0.7975940108299255
YIR002C,YBR001C,0,-0.22226943,0.09383896738290787,0.8039024472236633,0.797694206237793
YJR139C,YMR267W,0,-0.22234632,0.09382828325033188,0.8039024472236633,0.7977944612503052
YCL054W,YIL130W,0,-0.2224035,0.09381759911775589,0.8039024472236633,0.7978947162628174
YHR168W,YJR035W,0,-0.22245657,0.0938069224357605,0.8039024472236633,0.7979949712753296
YPL072W,YKL054C,1,-0.22247103,0.09391007572412491,0.8048780560493469,0.7979949712753296
YJR016C,YIR002C,0,-0.22264259,0.09389938414096832,0.8048780560493469,0.7980952262878418
YER144C,YGL058W,1,-0.22289856,0.09400250017642975,0.8058536648750305,0.7980952262878418
YDR270W,YHR149C,0,-0.22315577,0.09399180859327316,0.8058536648750305,0.798195481300354
YPL221W,YCR077C,0,-0.22315998,0.09398110955953598,0.8058536648750305,0.7982957363128662
YGR229C,YJL013C,0,-0.22316685,0.0939704179763794,0.8058536648750305,0.7983959913253784
YJL024C,YGR193C,0,-0.22318247,0.0939597338438034,0.8058536648750305,0.7984962463378906
YJR155W,YER104W,0,-0.22324094,0.09394904226064682,0.8058536648750305,0.7985965013504028
YPL099C,YAL058W,0,-0.22324184,0.09393835812807083,0.8058536648750305,0.798696756362915
YML104C,YDR427W,0,-0.22329143,0.09392768144607544,0.8058536648750305,0.7987970113754272
YMR090W,YKR057W,0,-0.22336867,0.09391699731349945,0.8058536648750305,0.7988972663879395
YJR010C-A,YER143W,0,-0.22346012,0.09390632063150406,0.8058536648750305,0.7989975214004517
YKL001C,YLR323C,0,-0.22350565,0.09389564394950867,0.8058536648750305,0.7990977168083191
YMR297W,YDR100W,0,-0.22356969,0.09388497471809387,0.8058536648750305,0.7991979718208313
YIL007C,YEL019C,1,-0.22368324,0.09398795664310455,0.8068292737007141,0.7991979718208313
YKR094C,YDL069C,0,-0.22375776,0.09397727251052856,0.8068292737007141,0.7992982268333435
YNL048W,YMR247C,0,-0.2237621,0.09396659582853317,0.8068292737007141,0.7993984818458557
YGR194C,YMR237W,0,-0.22384046,0.09395591914653778,0.8068292737007141,0.7994987368583679
YDR387C,YEL038W,0,-0.22392552,0.09394524246454239,0.8068292737007141,0.7995989918708801
YCR024C,YPL131W,0,-0.22393589,0.0939345732331276,0.8068292737007141,0.7996992468833923
YDL039C,YLR014C,0,-0.22405152,0.0939239040017128,0.8068292737007141,0.7997995018959045
YPR021C,YKR100C,0,-0.22415881,0.0939132422208786,0.8068292737007141,0.7998997569084167
YDR284C,YMR321C,0,-0.22427526,0.0939025804400444,0.8068292737007141,0.800000011920929
YPL112C,YKL203C,0,-0.22430742,0.0938919186592102,0.8068292737007141,0.8001002669334412
YIR012W,YDR507C,0,-0.22434486,0.09388125687837601,0.8068292737007141,0.8002005219459534
YDR118W,YDR177W,1,-0.22436827,0.09398411214351654,0.8078048825263977,0.8002005219459534
YBL005W,YDR076W,0,-0.22444157,0.09397344291210175,0.8078048825263977,0.8003007769584656
YPL094C,YER082C,0,-0.22450422,0.09396278113126755,0.8078048825263977,0.8004010319709778
YLR427W,YKR037C,0,-0.22470665,0.09395211935043335,0.8078048825263977,0.8005012273788452
YOL095C,YLR382C,0,-0.22471039,0.09394145756959915,0.8078048825263977,0.8006014823913574
YIL107C,YIL130W,0,-0.22478354,0.09393080323934555,0.8078048825263977,0.8007017374038696
YHR194W,YHR023W,0,-0.22486003,0.09392014890909195,0.8078048825263977,0.8008019924163818
YJL190C,YGL148W,0,-0.22487931,0.09390949457883835,0.8078048825263977,0.800902247428894
YMR272C,YNR001C,0,-0.2248836,0.09389884024858475,0.8078048825263977,0.8010025024414062
YEL044W,YBR048W,0,-0.22493677,0.09388819336891174,0.8078048825263977,0.8011027574539185
YDR492W,YCR093W,0,-0.22507969,0.09387755393981934,0.8078048825263977,0.8012030124664307
YLL011W,YGL148W,0,-0.2250829,0.09386690706014633,0.8078048825263977,0.8013032674789429
YBR272C,YJR048W,0,-0.22516884,0.09385626763105392,0.8078048825263977,0.8014035224914551
YOR339C,YLR224W,1,-0.22528753,0.09395897388458252,0.8087804913520813,0.8014035224914551
YJL214W,YNL107W,0,-0.22529554,0.09394831955432892,0.8087804913520813,0.8015037775039673
YPR041W,YCR010C,0,-0.22532871,0.09393768012523651,0.8087804913520813,0.8016040325164795
YGR061C,YLR005W,0,-0.22541615,0.09392703324556351,0.8087804913520813,0.8017042875289917
YNR008W,YPR091C,0,-0.22558993,0.0939163938164711,0.8087804913520813,0.8018044829368591
YNL207W,YIL018W,0,-0.22562288,0.09390575438737869,0.8087804913520813,0.8019047379493713
YNL223W,YGL180W,0,-0.22565004,0.09389511495828629,0.8087804913520813,0.8020049929618835
YOR221C,YAR010C,0,-0.22565016,0.09388448297977448,0.8087804913520813,0.8021052479743958
YDR481C,YGR106C,0,-0.22569081,0.09387385100126266,0.8087804913520813,0.802205502986908
YMR282C,YGR008C,0,-0.2257525,0.09386322647333145,0.8087804913520813,0.8023057579994202
YGL040C,YOL138C,0,-0.2258766,0.09385259449481964,0.8087804913520813,0.8024060130119324
YGL226W,YOR372C,0,-0.22604841,0.09384197741746902,0.8087804913520813,0.8025062680244446
YNL160W,YPR162C,0,-0.22623496,0.09383135288953781,0.8087804913520813,0.8026065230369568
YGR012W,YLR042C,0,-0.22628705,0.0938207358121872,0.8087804913520813,0.802706778049469
YNL015W,YMR188C,0,-0.22628759,0.09381011873483658,0.8087804913520813,0.8028070330619812
YOR044W,YML051W,0,-0.22631355,0.09379950165748596,0.8087804913520813,0.8029072880744934
YKL054C,YCR077C,0,-0.22643174,0.09378889203071594,0.8087804913520813,0.8030075430870056
YLR016C,YKL062W,0,-0.22643867,0.09377828240394592,0.8087804913520813,0.8031077980995178
YGL190C,YJL012C,0,-0.22644034,0.0937676727771759,0.8087804913520813,0.8032079935073853
YHL027W,YDR248C,0,-0.22655752,0.09375707060098648,0.8087804913520813,0.8033082485198975
YKR002W,YDR096W,0,-0.22668824,0.09374646842479706,0.8087804913520813,0.8034085035324097
YLR452C,YLL029W,0,-0.22709796,0.09373586624860764,0.8087804913520813,0.8035087585449219
YOR242C,YER102W,0,-0.22712816,0.09372527152299881,0.8087804913520813,0.8036090135574341
YPR081C,YDL017W,0,-0.22716421,0.09371467679738998,0.8087804913520813,0.8037092685699463
YKL183W,YLR118C,0,-0.22719851,0.09370408207178116,0.8087804913520813,0.8038095235824585
YJR009C,YLR158C,0,-0.22722611,0.09369348734617233,0.8087804913520813,0.8039097785949707
YNL016W,YGL111W,0,-0.2274343,0.0936829000711441,0.8087804913520813,0.8040100336074829
YOR233W,YER008C,0,-0.22747144,0.09367231279611588,0.8087804913520813,0.8041102886199951
YJL173C,YNL335W,0,-0.22752874,0.09366173297166824,0.8087804913520813,0.8042105436325073
YLL019C,YDR014W,0,-0.22756732,0.09365115314722061,0.8087804913520813,0.8043107986450195
YOR355W,YNL283C,0,-0.22759748,0.09364057332277298,0.8087804913520813,0.8044110536575317
YPL221W,YNL073W,0,-0.22778668,0.09363000094890594,0.8087804913520813,0.8045112490653992
YPL155C,YDR115W,0,-0.22784609,0.09361942112445831,0.8087804913520813,0.8046115040779114
YDL109C,YOR257W,0,-0.22799522,0.09360885620117188,0.8087804913520813,0.8047117590904236
YHR157W,YPR148C,0,-0.22800949,0.09359828382730484,0.8087804913520813,0.8048120141029358
YPR134W,YJR041C,0,-0.22820127,0.0935877189040184,0.8087804913520813,0.804912269115448
YDL229W,YML091C,0,-0.22827426,0.09357715398073196,0.8087804913520813,0.8050125241279602
YKL002W,YDR508C,0,-0.22839707,0.09356658905744553,0.8087804913520813,0.8051127791404724
YGL010W,YLR175W,0,-0.22842264,0.09355603158473969,0.8087804913520813,0.8052130341529846
YJL056C,YOR287C,0,-0.22843564,0.09354547411203384,0.8087804913520813,0.8053132891654968
YOR215C,YDR322W,0,-0.22849375,0.0935349240899086,0.8087804913520813,0.805413544178009
YIL007C,YOR117W,1,-0.22862378,0.09363718330860138,0.8097561001777649,0.805413544178009
YOR002W,YDR424C,0,-0.22865164,0.09362661838531494,0.8097561001777649,0.8055137991905212
YDR367W,YJL026W,0,-0.22865361,0.0936160609126091,0.8097561001777649,0.8056140542030334
YCL069W,YOL010W,0,-0.22888115,0.09360550343990326,0.8097561001777649,0.8057143092155457
YBR028C,YMR009W,0,-0.22901909,0.09359494596719742,0.8097561001777649,0.8058145642280579
YER055C,YDR499W,0,-0.22905457,0.09358439594507217,0.8097561001777649,0.8059147596359253
YPL122C,YER002W,0,-0.22914487,0.09357384592294693,0.8097561001777649,0.8060150146484375
YOR090C,YHR080C,0,-0.22916391,0.09356329590082169,0.8097561001777649,0.8061152696609497
YLL055W,YIL112W,0,-0.22919232,0.09355275332927704,0.8097561001777649,0.8062155246734619
YDR140W,YOL093W,0,-0.22928454,0.0935422033071518,0.8097561001777649,0.8063157796859741
YMR153W,YGL183C,0,-0.22928867,0.09353166818618774,0.8097561001777649,0.8064160346984863
YML109W,YMR210W,0,-0.22930244,0.0935211256146431,0.8097561001777649,0.8065162897109985
YOR294W,YDL084W,0,-0.22942963,0.09351059049367905,0.8097561001777649,0.8066165447235107
YGL025C,YJL081C,0,-0.22946237,0.093500055372715,0.8097561001777649,0.806716799736023
YPL056C,YOL042W,0,-0.22949499,0.09348952770233154,0.8097561001777649,0.8068170547485352
YHR043C,YNL186W,1,-0.22957063,0.09359162300825119,0.8107317090034485,0.8068170547485352
YOL032W,YJR013W,0,-0.22973165,0.09358108043670654,0.8107317090034485,0.8069173097610474
YMR243C,YCR092C,0,-0.22975454,0.09357054531574249,0.8107317090034485,0.8070175647735596
YJL143W,YHL028W,0,-0.22982264,0.09356001019477844,0.8107317090034485,0.8071178197860718
YDR069C,YDR306C,1,-0.23006555,0.09366205334663391,0.8117073178291321,0.8071178197860718
YEL069C,YCR093W,0,-0.2300854,0.09365151077508926,0.8117073178291321,0.807218074798584
YLR343W,YBR230C,0,-0.23023902,0.09364096820354462,0.8117073178291321,0.8073182702064514
YMR119W,YGL058W,1,-0.23033261,0.0937429666519165,0.8126829266548157,0.8073182702064514
YAL043C,YDR440W,0,-0.23038076,0.09373241662979126,0.8126829266548157,0.8074185252189636
YIL159W,YOR001W,0,-0.23046136,0.09372187405824661,0.8126829266548157,0.8075187802314758
YGR155W,YML129C,0,-0.23047459,0.09371133148670197,0.8126829266548157,0.807619035243988
YBL039C,YGR175C,0,-0.23052536,0.09370078891515732,0.8126829266548157,0.8077192902565002
YOL045W,YDL184C,0,-0.23073855,0.09369024634361267,0.8126829266548157,0.8078195452690125
YJR104C,YMR035W,0,-0.23080644,0.09367971122264862,0.8126829266548157,0.8079198002815247
YJL019W,YBL017C,0,-0.2308188,0.09366917610168457,0.8126829266548157,0.8080200552940369
YCR087C-A,YMR109W,0,-0.23086105,0.09365864843130112,0.8126829266548157,0.8081203103065491
YDR082W,YPL252C,0,-0.2308613,0.09364811331033707,0.8126829266548157,0.8082205653190613
YPL122C,YGR162W,0,-0.23097852,0.09363759309053421,0.8126829266548157,0.8083208203315735
YGR211W,YML015C,0,-0.23101692,0.09362706542015076,0.8126829266548157,0.8084210753440857
YMR046C,YMR172W,0,-0.23103715,0.0936165452003479,0.8126829266548157,0.8085213303565979
YFR006W,YNL192W,0,-0.23105101,0.09360602498054504,0.8126829266548157,0.8086215257644653
YLR264W,YPL083C,0,-0.2310606,0.09359550476074219,0.8126829266548157,0.8087217807769775
YHR132C,YFL017W-A,0,-0.23107362,0.09358499199151993,0.8126829266548157,0.8088220357894897
YHR073W,YFR003C,0,-0.23110029,0.09357447922229767,0.8126829266548157,0.808922290802002
YPL160W,YNL130C,0,-0.2311469,0.09356396645307541,0.8126829266548157,0.8090225458145142
YDL008W,YBR290W,1,-0.2313444,0.09366577118635178,0.8136585354804993,0.8090225458145142
YBR296C,YDR369C,0,-0.23138706,0.09365525096654892,0.8136585354804993,0.8091228008270264
YGR285C,YER068W,0,-0.23157239,0.09364473074674606,0.8136585354804993,0.8092230558395386
YMR131C,YMR051C,0,-0.23158228,0.0936342179775238,0.8136585354804993,0.8093233108520508
YPR132W,YJL112W,0,-0.231646,0.09362371265888214,0.8136585354804993,0.809423565864563
YKL129C,YKL017C,0,-0.23168123,0.09361319988965988,0.8136585354804993,0.8095238208770752
YDL128W,YOL140W,0,-0.23175359,0.09360269457101822,0.8136585354804993,0.8096240758895874
YBR040W,YIL144W,0,-0.23177166,0.09359218925237656,0.8136585354804993,0.8097243309020996
YHR092C,YIL093C,0,-0.23195544,0.0935816839337349,0.8136585354804993,0.8098245859146118
YER040W,YDR224C,0,-0.2319789,0.09357118606567383,0.8136585354804993,0.809924840927124
YKL045W,YLL008W,0,-0.2320135,0.09356068819761276,0.8136585354804993,0.8100250363349915
YMR171C,YDL091C,1,-0.23216462,0.09366236627101898,0.8146341443061829,0.8100250363349915
YHR027C,YHR033W,0,-0.2322086,0.09365186095237732,0.8146341443061829,0.8101252913475037
YNL079C,YOR372C,0,-0.23223352,0.09364135563373566,0.8146341443061829,0.8102255463600159
YHR134W,YIR011C,1,-0.23226891,0.0937429890036583,0.8156097531318665,0.8102255463600159
YOR298W,YKL006C-A,0,-0.23239376,0.09373248368501663,0.8156097531318665,0.8103258013725281
YJR073C,YGR169C,0,-0.23246321,0.09372197091579437,0.8156097531318665,0.8104260563850403
YBR158W,YIL145C,0,-0.23248905,0.09371146559715271,0.8156097531318665,0.8105263113975525
YPL167C,YDL220C,0,-0.23254186,0.09370096027851105,0.8156097531318665,0.8106265664100647
YLR167W,YDL031W,0,-0.23271021,0.09369046241044998,0.8156097531318665,0.8107268214225769
YGL107C,YBR131W,0,-0.23277342,0.09367996454238892,0.8156097531318665,0.8108270764350891
YLR167W,YBR185C,0,-0.23282515,0.09366946667432785,0.8156097531318665,0.8109273314476013
YMR220W,YOL100W,0,-0.23288012,0.09365897625684738,0.8156097531318665,0.8110275864601135
YNL059C,YJR040W,0,-0.23288879,0.09364848583936691,0.8156097531318665,0.8111278414726257
YMR075W,YCL068C,0,-0.23296359,0.09363799542188644,0.8156097531318665,0.8112280964851379
YHR175W,YBR118W,0,-0.23307537,0.09362750500440598,0.8156097531318665,0.8113282918930054
YOR270C,YOR046C,0,-0.23332527,0.0936170220375061,0.8156097531318665,0.8114285469055176
YDR359C,YIL079C,0,-0.23349896,0.09360653907060623,0.8156097531318665,0.8115288019180298
YPL259C,YPR196W,0,-0.23365372,0.09359605610370636,0.8156097531318665,0.811629056930542
YBL021C,YDR444W,0,-0.23369168,0.09358558058738708,0.8156097531318665,0.8117293119430542
YBR043C,YPR189W,0,-0.23372278,0.09357510507106781,0.8156097531318665,0.8118295669555664
YMR275C,YOL139C,0,-0.23372859,0.09356463700532913,0.8156097531318665,0.8119298219680786
YGR279C,YHL050C,0,-0.23383759,0.09355416148900986,0.8156097531318665,0.8120300769805908
YDR101C,YMR285C,0,-0.23384607,0.09354369342327118,0.8156097531318665,0.812130331993103
YDR065W,YHR167W,0,-0.23386355,0.0935332253575325,0.8156097531318665,0.8122305870056152
YKR036C,YDR118W,0,-0.23387675,0.09352276474237442,0.8156097531318665,0.8123308420181274
YER142C,YHR005C,0,-0.23397088,0.09351230412721634,0.8156097531318665,0.8124310970306396
YNR026C,YOL013C,1,-0.23400564,0.09361369162797928,0.81658536195755,0.8124310970306396
YDR358W,YDR427W,1,-0.2340124,0.09371504932641983,0.8175609707832336,0.8124310970306396
YLR289W,YKL206C,0,-0.23417965,0.09370457381010056,0.8175609707832336,0.8125313520431519
YDL129W,YDR361C,0,-0.23425528,0.09369409829378128,0.8175609707832336,0.8126316070556641
YDR517W,YIL118W,0,-0.23426245,0.093683622777462,0.8175609707832336,0.8127318024635315
YBR211C,YGR046W,0,-0.23446564,0.09367314726114273,0.8175609707832336,0.8128320574760437
YFL009W,YDR427W,1,-0.23457539,0.0937744528055191,0.8185365796089172,0.8128320574760437
YMR032W,YOR273C,0,-0.23471022,0.09376396983861923,0.8185365796089172,0.8129323124885559
YER087C-A,YML106W,0,-0.23477909,0.09375349432229996,0.8185365796089172,0.8130325675010681
YDR511W,YBR166C,0,-0.23488653,0.09374301880598068,0.8185365796089172,0.8131328225135803
YKL034W,YDR510W,1,-0.23503649,0.09384426474571228,0.8195121884346008,0.8131328225135803
YLR289W,YDR062W,0,-0.2351816,0.09383378177881241,0.8195121884346008,0.8132330775260925
YIL132C,YPL200W,0,-0.23522076,0.09382329881191254,0.8195121884346008,0.8133333325386047
YKL117W,YPR204W,0,-0.2352857,0.09381282329559326,0.8195121884346008,0.8134335875511169
YOR257W,YOR117W,1,-0.23537555,0.09391401708126068,0.8204877972602844,0.8134335875511169
YML115C,YBR020W,0,-0.23537588,0.09390352666378021,0.8204877972602844,0.8135338425636292
YLR185W,YEL048C,0,-0.23546669,0.09389304369688034,0.8204877972602844,0.8136340975761414
YCR057C,YDR197W,0,-0.23550294,0.09388256072998047,0.8204877972602844,0.8137343525886536
YGL183C,YPL206C,0,-0.23552316,0.0938720852136612,0.8204877972602844,0.8138346076011658
YPL131W,YNL102W,0,-0.23562485,0.09386160969734192,0.8204877972602844,0.813934862613678
YFR036W,YGL227W,1,-0.23564547,0.09396272897720337,0.821463406085968,0.813934862613678
YDR380W,YER153C,0,-0.23565243,0.0939522460103035,0.821463406085968,0.8140350580215454
YMR002W,YGR158C,0,-0.23571429,0.09394176304340363,0.821463406085968,0.8141353130340576
YER032W,YGR077C,0,-0.23573293,0.09393128007650375,0.821463406085968,0.8142355680465698
YHR161C,YAR042W,0,-0.23575234,0.09392080456018448,0.821463406085968,0.814335823059082
YKR053C,YGL106W,0,-0.23578775,0.0939103290438652,0.821463406085968,0.8144360780715942
YEL053C,YOR348C,0,-0.2359195,0.09389985352754593,0.821463406085968,0.8145363330841064
YGR083C,YLR129W,0,-0.23598824,0.09388938546180725,0.821463406085968,0.8146365880966187
YKL087C,YGR040W,0,-0.23603666,0.09387891739606857,0.821463406085968,0.8147368431091309
YLR098C,YER081W,0,-0.23607261,0.0938684493303299,0.821463406085968,0.8148370981216431
YLR459W,YDR041W,0,-0.23616356,0.09385798871517181,0.821463406085968,0.8149373531341553
YKL206C,YLR312W-A,0,-0.23643503,0.09384752810001373,0.821463406085968,0.8150376081466675
YBR046C,YKL183W,0,-0.23643976,0.09383706748485565,0.821463406085968,0.8151378631591797
YDR072C,YOR087W,0,-0.23645742,0.09382660686969757,0.821463406085968,0.8152381181716919
YFL044C,YLR323C,0,-0.23664628,0.09381615370512009,0.821463406085968,0.8153383731842041
YJR103W,YER127W,0,-0.23667291,0.0938057005405426,0.821463406085968,0.8154385685920715
YER070W,YFR045W,0,-0.23669037,0.09379525482654572,0.821463406085968,0.8155388236045837
YOL144W,YPL281C,0,-0.23688042,0.09378480911254883,0.821463406085968,0.815639078617096
YDR169C,YGR156W,0,-0.23703022,0.09377436339855194,0.821463406085968,0.8157393336296082
YPR134W,YMR153W,0,-0.23707595,0.09376391768455505,0.821463406085968,0.8158395886421204
YFL048C,YJL170C,0,-0.2371406,0.09375347942113876,0.821463406085968,0.8159398436546326
YMR292W,YKL040C,0,-0.23715658,0.09374304115772247,0.821463406085968,0.8160400986671448
YDL091C,YOR249C,1,-0.23716922,0.09384392946958542,0.8224390149116516,0.8160400986671448
YPR102C,YDR524C,0,-0.23716924,0.09383348375558853,0.8224390149116516,0.816140353679657
YOR054C,YOR131C,0,-0.23719881,0.09382303804159164,0.8224390149116516,0.8162406086921692
YDR285W,YHR118C,0,-0.23722568,0.09381259977817535,0.8224390149116516,0.8163408637046814
YLR186W,YDR398W,0,-0.23732594,0.09380216151475906,0.8224390149116516,0.8164411187171936
YNR027W,YLR038C,0,-0.23734052,0.09379172325134277,0.8224390149116516,0.8165413737297058
YJL008C,YMR229C,0,-0.23740914,0.09378128498792648,0.8224390149116516,0.816641628742218
YOL082W,YHL004W,0,-0.23757917,0.09377085417509079,0.8224390149116516,0.8167418837547302
YHR210C,YML016C,0,-0.23765105,0.0937604308128357,0.8224390149116516,0.8168420791625977
YDR328C,YPR106W,0,-0.23779033,0.09375,0.8224390149116516,0.8169423341751099
YOL005C,YPR010C,0,-0.23815465,0.0937395766377449,0.8224390149116516,0.8170425891876221
YNR003C,YFL038C,0,-0.23837364,0.09372915327548981,0.8224390149116516,0.8171428442001343
YGR104C,YDL055C,0,-0.23847121,0.09371872991323471,0.8224390149116516,0.8172430992126465
YOR242C,YKR061W,0,-0.23850402,0.09370831400156021,0.8224390149116516,0.8173433542251587
YBL076C,YGR292W,0,-0.23855734,0.09369789808988571,0.8224390149116516,0.8174436092376709
YOR034C,YGR246C,0,-0.23863459,0.09368748962879181,0.8224390149116516,0.8175438642501831
YFR037C,YML043C,0,-0.23866715,0.09367707371711731,0.8224390149116516,0.8176441192626953
YOL103W,YDR091C,0,-0.23876928,0.09366666525602341,0.8224390149116516,0.8177443742752075
YMR307W,YGR081C,0,-0.23885219,0.0936562567949295,0.8224390149116516,0.8178446292877197
YJL157C,YNL247W,0,-0.23890829,0.0936458557844162,0.8224390149116516,0.8179448843002319
YKL124W,YIL123W,0,-0.23894088,0.0936354547739029,0.8224390149116516,0.8180451393127441
YLR315W,YPL169C,0,-0.23903063,0.09362505376338959,0.8224390149116516,0.8181453347206116
YLR147C,YNL046W,0,-0.2390662,0.09361466020345688,0.8224390149116516,0.8182455897331238
YGR058W,YMR192W,0,-0.2390674,0.09360426664352417,0.8224390149116516,0.818345844745636
YDR453C,YOL140W,0,-0.23910242,0.09359387308359146,0.8224390149116516,0.8184460997581482
YBR030W,YJR048W,0,-0.2391081,0.09358347952365875,0.8224390149116516,0.8185463547706604
YBR040W,YLR404W,0,-0.23915157,0.09357309341430664,0.8224390149116516,0.8186466097831726
YOL019W,YBR012W-A,0,-0.23915902,0.09356270730495453,0.8224390149116516,0.8187468647956848
YOL071W,YLR295C,0,-0.23929095,0.09355232864618301,0.8224390149116516,0.818847119808197
YPR138C,YMR143W,0,-0.23963161,0.0935419425368309,0.8224390149116516,0.8189473748207092
YNL247W,YDR449C,0,-0.2396434,0.09353156387805939,0.8224390149116516,0.8190476298332214
YGR222W,YPL075W,0,-0.23968233,0.09352119266986847,0.8224390149116516,0.8191478848457336
YDR404C,YCR004C,0,-0.23972656,0.09351081401109695,0.8224390149116516,0.8192481398582458
YDR092W,YMR304W,1,-0.23981243,0.09361135959625244,0.8234146237373352,0.8192481398582458
YDR072C,YPL155C,0,-0.23989776,0.09360097348690033,0.8234146237373352,0.8193483948707581
YDR388W,YDR308C,0,-0.24003638,0.09359059482812881,0.8234146237373352,0.8194486498832703
YOR369C,YOR211C,0,-0.24012315,0.0935802161693573,0.8234146237373352,0.8195488452911377
YPR024W,YNR020C,0,-0.2402058,0.09356984496116638,0.8234146237373352,0.8196491003036499
YGL098W,YML106W,0,-0.24026428,0.09355947375297546,0.8234146237373352,0.8197493553161621
YML092C,YMR171C,1,-0.24031152,0.09365994483232498,0.8243902325630188,0.8197493553161621
YCL034W,YNR031C,0,-0.24033251,0.09364955872297287,0.8243902325630188,0.8198496103286743
YGR032W,YMR311C,0,-0.24033695,0.09363918751478195,0.8243902325630188,0.8199498653411865
YOL038W,YAL059W,0,-0.24039605,0.09362880885601044,0.8243902325630188,0.8200501203536987
YNL261W,YER165W,0,-0.24041817,0.09361843764781952,0.8243902325630188,0.8201503753662109
YPL134C,YCL035C,0,-0.24054715,0.0936080664396286,0.8243902325630188,0.8202506303787231
YNL049C,YDR313C,0,-0.24057846,0.09359769523143768,0.8243902325630188,0.8203508853912354
YER177W,YCR016W,0,-0.24077123,0.09358733147382736,0.8243902325630188,0.8204511404037476
YPR024W,YIL017C,1,-0.24077171,0.09368770569562912,0.8253658413887024,0.8204511404037476
YLR381W,YGR054W,0,-0.24095145,0.0936773344874382,0.8253658413887024,0.8205513954162598
YMR077C,YIL075C,1,-0.2409898,0.09377767890691757,0.826341450214386,0.8205513954162598
YNL219C,YDR004W,0,-0.24124841,0.09376730024814606,0.826341450214386,0.820651650428772
YLR073C,YDR021W,0,-0.24128734,0.09375692158937454,0.826341450214386,0.8207519054412842
YLR048W,YBL037W,0,-0.2413308,0.09374654293060303,0.826341450214386,0.8208521008491516
YIL113W,YJL153C,0,-0.24134366,0.09373616427183151,0.826341450214386,0.8209523558616638
YCR005C,YFR050C,0,-0.24140185,0.0937257930636406,0.826341450214386,0.821052610874176
YJR045C,YJL094C,0,-0.2415235,0.09371542185544968,0.826341450214386,0.8211528658866882
YGL172W,YNR028W,0,-0.24182439,0.09370505809783936,0.826341450214386,0.8212531208992004
YKR062W,YGL127C,0,-0.24188969,0.09369468688964844,0.826341450214386,0.8213533759117126
YJR054W,YMR076C,0,-0.24202488,0.09368433058261871,0.826341450214386,0.8214536309242249
YDR288W,YHR167W,0,-0.24218765,0.09367396682500839,0.826341450214386,0.8215538859367371
YHR058C,YJL180C,0,-0.24244916,0.09366361051797867,0.826341450214386,0.8216541409492493
YER151C,YDR313C,1,-0.24246462,0.0937638208270073,0.8273170590400696,0.8216541409492493
YNL301C,YOR357C,0,-0.24257018,0.09375345706939697,0.8273170590400696,0.8217543959617615
YPL194W,YPL145C,0,-0.24274172,0.09374309331178665,0.8273170590400696,0.8218546509742737
YNL008C,YJR112W,0,-0.2427856,0.09373272955417633,0.8273170590400696,0.8219549059867859
YNL191W,YNL281W,0,-0.24294183,0.0937223732471466,0.8273170590400696,0.8220551609992981
YDL106C,YJR084W,0,-0.24295002,0.09371200948953629,0.8273170590400696,0.8221554160118103
YKR101W,YHL021C,0,-0.24295624,0.09370166063308716,0.8273170590400696,0.8222556114196777
YOL149W,YLR380W,0,-0.2429682,0.09369130432605743,0.8273170590400696,0.8223558664321899
YJL041W,YKR020W,0,-0.24315582,0.0936809554696083,0.8273170590400696,0.8224561214447021
YAL060W,YBL079W,0,-0.24320789,0.09367060661315918,0.8273170590400696,0.8225563764572144
YNL301C,YDR309C,0,-0.24320924,0.09366025775671005,0.8273170590400696,0.8226566314697266
YOR096W,YOR222W,0,-0.24340284,0.09364991635084152,0.8273170590400696,0.8227568864822388
YGL200C,YMR208W,0,-0.2435026,0.09363957494497299,0.8273170590400696,0.822857141494751
YLR200W,YBR158W,0,-0.24361385,0.09362923353910446,0.8273170590400696,0.8229573965072632
YDR545W,YOR288C,0,-0.24376911,0.09361889958381653,0.8273170590400696,0.8230576515197754
YGL120C,YNL137C,0,-0.24378465,0.0936085656285286,0.8273170590400696,0.8231579065322876
YOR089C,YCL059C,0,-0.24395844,0.09359823167324066,0.8273170590400696,0.8232581615447998
YCL034W,YER098W,0,-0.24397424,0.09358790516853333,0.8273170590400696,0.823358416557312
YGR143W,YJL045W,0,-0.24428862,0.09357757866382599,0.8273170590400696,0.8234586715698242
YGR101W,YJL026W,0,-0.24431211,0.09356725215911865,0.8273170590400696,0.8235589265823364
YDL185W,YJR143C,0,-0.24435478,0.09355692565441132,0.8273170590400696,0.8236591219902039
YLR389C,YDR107C,0,-0.24437784,0.09354660660028458,0.8273170590400696,0.8237593770027161
YNL314W,YMR227C,0,-0.24444838,0.09353628754615784,0.8273170590400696,0.8238596320152283
YBR010W,YDL204W,0,-0.24458115,0.0935259759426117,0.8273170590400696,0.8239598870277405
YGR222W,YBL092W,0,-0.24469392,0.09351565688848495,0.8273170590400696,0.8240601420402527
YGL004C,YOR249C,1,-0.2447059,0.09361561387777328,0.8282926678657532,0.8240601420402527
YDL243C,YGL115W,0,-0.24484488,0.09360529482364655,0.8282926678657532,0.8241603970527649
YGL174W,YGR185C,0,-0.2449062,0.0935949757695198,0.8282926678657532,0.8242606520652771
YGL220W,YHR117W,0,-0.2450164,0.09358465671539307,0.8282926678657532,0.8243609070777893
YDL229W,YDL195W,0,-0.24513574,0.09357434511184692,0.8282926678657532,0.8244611620903015
YCL051W,YLR006C,0,-0.24521337,0.09356402605772018,0.8282926678657532,0.8245614171028137
YDR168W,YJL156C,0,-0.24527174,0.09355372190475464,0.8282926678657532,0.8246616721153259
YBR185C,YDR231C,0,-0.24529405,0.0935434103012085,0.8282926678657532,0.8247619271278381
YLR193C,YKL129C,0,-0.24530986,0.09353310614824295,0.8282926678657532,0.8248621821403503
YOR373W,YDR292C,0,-0.24531145,0.0935228019952774,0.8282926678657532,0.8249623775482178
YBR287W,YKR097W,0,-0.24531622,0.09351249784231186,0.8282926678657532,0.82506263256073
YLR024C,YLR224W,1,-0.24545416,0.09361233562231064,0.8292682766914368,0.82506263256073
YMR099C,YMR195W,0,-0.2454575,0.0936020240187645,0.8292682766914368,0.8251628875732422
YPR060C,YHR165C,0,-0.24563088,0.09359171986579895,0.8292682766914368,0.8252631425857544
YLR224W,YJL112W,0,-0.2456512,0.0935814157128334,0.8292682766914368,0.8253633975982666
YER147C,YHL047C,0,-0.24571697,0.09357111155986786,0.8292682766914368,0.8254636526107788
YBR240C,YML092C,0,-0.24576126,0.09356081485748291,0.8292682766914368,0.825563907623291
YOL061W,YOL059W,0,-0.24587706,0.09355051815509796,0.8292682766914368,0.8256641626358032
YJL044C,YDR377W,0,-0.2459468,0.09354022145271301,0.8292682766914368,0.8257644176483154
YHR164C,YHR046C,0,-0.24598381,0.09352993220090866,0.8292682766914368,0.8258646726608276
YMR243C,YCL036W,0,-0.24602877,0.09351963549852371,0.8292682766914368,0.8259649276733398
YBR195C,YDR365C,0,-0.24603412,0.09350935369729996,0.8292682766914368,0.826065182685852
YNL008C,YHR027C,1,-0.24606097,0.09360906481742859,0.8302438855171204,0.826065182685852
YDR457W,YIL030C,1,-0.24606137,0.09370875358581543,0.831219494342804,0.826065182685852
YBR085W,YBL064C,0,-0.24612688,0.09369844943284988,0.831219494342804,0.8261654376983643
YGR036C,YDR306C,0,-0.2462785,0.09368814527988434,0.831219494342804,0.8262656927108765
YKR068C,YER056C-A,0,-0.24635908,0.09367784857749939,0.831219494342804,0.8263658881187439
YGR234W,YDL021W,0,-0.2464475,0.09366754442453384,0.831219494342804,0.8264661431312561
YGL063W,YOR084W,0,-0.24646997,0.0936572477221489,0.831219494342804,0.8265663981437683
YOR011W,YPR137W,0,-0.24665582,0.09364695847034454,0.831219494342804,0.8266666531562805
YEL005C,YML095C,0,-0.24678406,0.0936366617679596,0.831219494342804,0.8267669081687927
YBR145W,YOR018W,0,-0.24690193,0.09362637251615524,0.831219494342804,0.8268671631813049
YGR283C,YML081W,0,-0.24698672,0.09361608326435089,0.831219494342804,0.8269674181938171
YJR153W,YMR016C,0,-0.24700943,0.09360580146312714,0.831219494342804,0.8270676732063293
YER164W,YBR097W,0,-0.2470895,0.09359551966190338,0.831219494342804,0.8271679282188416
YGR225W,YJL013C,0,-0.24712393,0.09358523786067963,0.831219494342804,0.8272681832313538
YPL048W,YDL195W,0,-0.2472273,0.09357495605945587,0.831219494342804,0.827368438243866
YDL097C,YCL063W,0,-0.24737367,0.09356468170881271,0.831219494342804,0.8274686932563782
YGL122C,YDR040C,0,-0.24743703,0.09355440735816956,0.831219494342804,0.8275689482688904
YJR147W,YOR057W,0,-0.2475265,0.093544140458107,0.831219494342804,0.8276691436767578
YBR248C,YHR080C,0,-0.24770415,0.09353386610746384,0.831219494342804,0.82776939868927
YMR063W,YPR174C,0,-0.24772093,0.09352359920740128,0.831219494342804,0.8278696537017822
YOR252W,YKL042W,0,-0.24772927,0.09351333230733871,0.831219494342804,0.8279699087142944
YDR447C,YIL018W,0,-0.24774516,0.09350307285785675,0.831219494342804,0.8280701637268066
YGL027C,YDR003W,0,-0.24784617,0.09349281340837479,0.831219494342804,0.8281704187393188
YMR065W,YMR050C,0,-0.24786855,0.09348255395889282,0.831219494342804,0.828270673751831
YJR153W,YGR178C,0,-0.24797584,0.09347230195999146,0.831219494342804,0.8283709287643433
YKL002W,YJL060W,0,-0.24800499,0.09346204251050949,0.831219494342804,0.8284711837768555
YDL076C,YGR254W,0,-0.24801669,0.09345179051160812,0.831219494342804,0.8285714387893677
YOR316C,YLR047C,0,-0.24802947,0.09344154596328735,0.831219494342804,0.8286716938018799
YGL058W,YPR108W,1,-0.24803934,0.09354095906019211,0.8321951031684875,0.8286716938018799
YJL001W,YFL025C,1,-0.24807703,0.09364034980535507,0.8331707119941711,0.8286716938018799
YBR181C,YDR280W,0,-0.24850073,0.09363008290529251,0.8331707119941711,0.8287719488143921
YER044C-A,YJR089W,0,-0.24854758,0.09361982345581055,0.8331707119941711,0.8288722038269043
YDR032C,YMR051C,0,-0.24868311,0.09360955655574799,0.8331707119941711,0.8289724588394165
YMR163C,YOR103C,0,-0.24869385,0.09359929710626602,0.8331707119941711,0.8290726542472839
YMR237W,YKL032C,0,-0.24870148,0.09358903765678406,0.8331707119941711,0.8291729092597961
YLR287C-A,YHL016C,0,-0.24870326,0.09357878565788269,0.8331707119941711,0.8292731642723083
YGR223C,YIL125W,0,-0.24877474,0.09356853365898132,0.8331707119941711,0.8293734192848206
YEL052W,YDR466W,0,-0.24885479,0.09355828166007996,0.8331707119941711,0.8294736742973328
YOR391C,YBR241C,0,-0.2488599,0.09354803711175919,0.8331707119941711,0.829573929309845
YDR087C,YPR125W,0,-0.24890073,0.09353778511285782,0.8331707119941711,0.8296741843223572
YNL149C,YCR020C,0,-0.24890223,0.09352754056453705,0.8331707119941711,0.8297744393348694
YHR181W,YMR273C,0,-0.2490765,0.09351730346679688,0.8331707119941711,0.8298746943473816
YDR371W,YDR263C,0,-0.24913238,0.0935070589184761,0.8331707119941711,0.8299749493598938
YKL145W,YDL147W,1,-0.24915072,0.09360630810260773,0.8341463208198547,0.8299749493598938
YJL212C,YLR005W,0,-0.24918133,0.09359605610370636,0.8341463208198547,0.830075204372406
YBR091C,YJR097W,0,-0.24928606,0.09358581155538559,0.8341463208198547,0.8301754593849182
YPR168W,YMR063W,0,-0.24930355,0.09357557445764542,0.8341463208198547,0.8302757143974304
YOR279C,YHR005C,0,-0.24942234,0.09356532990932465,0.8341463208198547,0.8303759694099426
YJL048C,YMR223W,1,-0.24945627,0.0936645120382309,0.8351219296455383,0.8303759694099426
YJR049C,YPL082C,0,-0.24960393,0.09365426748991013,0.8351219296455383,0.8304761648178101
YPL127C,YHR167W,0,-0.24981779,0.09364402294158936,0.8351219296455383,0.8305764198303223
YER126C,YKL006W,0,-0.24986053,0.09363377839326859,0.8351219296455383,0.8306766748428345
YDR476C,YLR459W,0,-0.2498701,0.09362353384494781,0.8351219296455383,0.8307769298553467
YPL155C,YOR222W,0,-0.24987943,0.09361329674720764,0.8351219296455383,0.8308771848678589
YJL157C,YEL020W-A,0,-0.2499392,0.09360305964946747,0.8351219296455383,0.8309774398803711
YGR061C,YIL061C,0,-0.250016,0.09359283000230789,0.8351219296455383,0.8310776948928833
YCR046C,YJR135C,0,-0.25006005,0.09358259290456772,0.8351219296455383,0.8311779499053955
YAL062W,YGL039W,0,-0.2501491,0.09357236325740814,0.8351219296455383,0.8312782049179077
YDR139C,YLR102C,1,-0.25019985,0.09367144107818604,0.8360975384712219,0.8312782049179077
YLR266C,YML098W,0,-0.25028956,0.09366120398044586,0.8360975384712219,0.8313784599304199
YKR102W,YMR321C,0,-0.250308,0.09365096688270569,0.8360975384712219,0.8314787149429321
YFR052W,YMR022W,1,-0.25033352,0.09375,0.8370731472969055,0.8314787149429321
YJR108W,YDL148C,0,-0.25041488,0.09373975545167923,0.8370731472969055,0.8315789699554443
YPL215W,YGR086C,0,-0.2504429,0.09372951835393906,0.8370731472969055,0.8316792249679565
YDL100C,YKR034W,0,-0.25060165,0.09371928125619888,0.8370731472969055,0.831779420375824
YKL016C,YBR149W,0,-0.25071463,0.09370904415845871,0.8370731472969055,0.8318796753883362
YGR220C,YNL029C,0,-0.25086808,0.09369880706071854,0.8370731472969055,0.8319799304008484
YGR235C,YDL171C,0,-0.25112194,0.09368857741355896,0.8370731472969055,0.8320801854133606
YOR047C,YLR086W,0,-0.25127342,0.09367834776639938,0.8370731472969055,0.8321804404258728
YLL011W,YHR122W,0,-0.25137347,0.0936681255698204,0.8370731472969055,0.832280695438385
YPR168W,YPR182W,0,-0.2516566,0.09365789592266083,0.8370731472969055,0.8323809504508972
YHR194W,YDR096W,0,-0.2516752,0.09364767372608185,0.8370731472969055,0.8324812054634094
YDR205W,YDR091C,0,-0.25176483,0.09363745152950287,0.8370731472969055,0.8325814604759216
YML060W,YEL056W,0,-0.2518882,0.09362723678350449,0.8370731472969055,0.8326817154884338
YNL147W,YOL052C-A,0,-0.25212058,0.0936170220375061,0.8370731472969055,0.832781970500946
YOL122C,YOR174W,0,-0.2523537,0.09360680729150772,0.8370731472969055,0.8328822255134583
YLL022C,YOR355W,0,-0.2523986,0.09359659999608994,0.8370731472969055,0.8329824805259705
YPR180W,YGL244W,0,-0.25240165,0.09358638525009155,0.8370731472969055,0.8330827355384827
YKL129C,YNL131W,0,-0.25257415,0.09357617795467377,0.8370731472969055,0.8331829309463501
YDR420W,YML071C,0,-0.25276446,0.09356597810983658,0.8370731472969055,0.8332831859588623
YLL012W,YDR444W,0,-0.25277066,0.09355577081441879,0.8370731472969055,0.8333834409713745
YMR171C,YDR328C,1,-0.25280935,0.09365460276603699,0.8380487561225891,0.8333834409713745
YLR050C,YOL065C,0,-0.2528504,0.0936443880200386,0.8380487561225891,0.8334836959838867
YIL128W,YMR046C,0,-0.25287145,0.09363418072462082,0.8380487561225891,0.8335839509963989
YGR191W,YMR303C,0,-0.2529238,0.09362398087978363,0.8380487561225891,0.8336842060089111
YFR004W,YFR005C,1,-0.25305772,0.09372275322675705,0.8390243649482727,0.8336842060089111
YAL003W,YNL111C,0,-0.25306213,0.09371254593133926,0.8390243649482727,0.8337844610214233
YBL092W,YGR099W,0,-0.25313655,0.09370233118534088,0.8390243649482727,0.8338847160339355
YDR255C,YGL048C,1,-0.253331,0.09380106627941132,0.8399999737739563,0.8338847160339355
YGL178W,YOR103C,0,-0.25333396,0.09379085153341293,0.8399999737739563,0.8339849710464478
YOR374W,YNL096C,0,-0.2533398,0.09378063678741455,0.8399999737739563,0.83408522605896
YDR179C,YNL188W,0,-0.25350568,0.09377042204141617,0.8399999737739563,0.8341854810714722
YDL170W,YPR043W,0,-0.25360513,0.09376020729541779,0.8399999737739563,0.8342857360839844
YER143W,YFR010W,1,-0.25369588,0.09385888278484344,0.8409755825996399,0.8342857360839844
YJL065C,YKL006C-A,0,-0.25371408,0.09384866803884506,0.8409755825996399,0.8343859910964966
YGR135W,YDL122W,1,-0.2537445,0.09394731372594833,0.8419511914253235,0.8343859910964966
YML127W,YKL217W,0,-0.253766,0.09393708407878876,0.8419511914253235,0.834486186504364
YGL112C,YIL147C,0,-0.25378355,0.09392686188220978,0.8419511914253235,0.8345864415168762
YHL026C,YKR071C,0,-0.2537942,0.0939166396856308,0.8419511914253235,0.8346866965293884
YOL082W,YBR149W,0,-0.25381783,0.09390641748905182,0.8419511914253235,0.8347869515419006
YLR060W,YLL014W,0,-0.25382218,0.09389620274305344,0.8419511914253235,0.8348872065544128
YML047C,YER093C,0,-0.25385207,0.09388598799705505,0.8419511914253235,0.834987461566925
YMR221C,YKL110C,0,-0.25387478,0.09387577325105667,0.8419511914253235,0.8350877165794373
YML120C,YGR040W,0,-0.2540297,0.09386556595563889,0.8419511914253235,0.8351879715919495
YOR335C,YKR054C,0,-0.25404942,0.0938553586602211,0.8419511914253235,0.8352882266044617
YMR017W,YMR319C,0,-0.25409254,0.09384515136480331,0.8419511914253235,0.8353884816169739
YFR010W,YDL069C,0,-0.2541866,0.09383494406938553,0.8419511914253235,0.8354887366294861
YOR341W,YOL158C,0,-0.25420105,0.09382474422454834,0.8419511914253235,0.8355889916419983
YPL120W,YLL022C,0,-0.25420713,0.09381454437971115,0.8419511914253235,0.8356892466545105
YOL139C,YJR121W,0,-0.25422782,0.09380434453487396,0.8419511914253235,0.8357895016670227
YGL148W,YLR068W,0,-0.2543108,0.09379415214061737,0.8419511914253235,0.8358896970748901
YGR003W,YCR057C,0,-0.2543684,0.09378395974636078,0.8419511914253235,0.8359899520874023
YJL127C,YOR129C,0,-0.25441712,0.09377376735210419,0.8419511914253235,0.8360902070999146
YGR204W,YPR011C,0,-0.25445238,0.09376358240842819,0.8419511914253235,0.8361904621124268
YDR075W,YDR495C,0,-0.2545583,0.0937533974647522,0.8419511914253235,0.836290717124939
YOL023W,YGL103W,0,-0.2546133,0.0937432125210762,0.8419511914253235,0.8363909721374512
YOR011W,YOR195W,0,-0.25463346,0.09373302757740021,0.8419511914253235,0.8364912271499634
YHR133C,YFL011W,0,-0.2547356,0.09372285008430481,0.8419511914253235,0.8365914821624756
YML087C,YIL130W,0,-0.25499064,0.09371267259120941,0.8419511914253235,0.8366917371749878
YBR175W,YLR009W,0,-0.2550092,0.09370249509811401,0.8419511914253235,0.8367919921875
YGR212W,YEL001C,0,-0.25501138,0.09369232505559921,0.8419511914253235,0.8368922472000122
YHR077C,YHR156C,0,-0.25506115,0.09368215501308441,0.8419511914253235,0.8369925022125244
YBR155W,YHR207C,0,-0.25518245,0.09367198497056961,0.8419511914253235,0.8370927572250366
YIL008W,YLR025W,1,-0.25525203,0.0937703475356102,0.8429268002510071,0.8370927572250366
YOR090C,YBR015C,0,-0.25526237,0.0937601700425148,0.8429268002510071,0.8371930122375488
YPL092W,YOR175C,0,-0.25528067,0.09375,0.8429268002510071,0.8372932076454163
YNL246W,YKL154W,0,-0.2553525,0.0937398299574852,0.8429268002510071,0.8373934626579285
YBR181C,YKL021C,0,-0.25538754,0.0937296599149704,0.8429268002510071,0.8374937176704407
YCL055W,YGL139W,0,-0.25541472,0.0937194898724556,0.8429268002510071,0.8375939726829529
YOR215C,YMR109W,0,-0.2554285,0.09370932728052139,0.8429268002510071,0.8376942276954651
YNR052C,YPL059W,0,-0.25562507,0.09369916468858719,0.8429268002510071,0.8377944827079773
YBR048W,YHR170W,0,-0.2556763,0.09368900209665298,0.8429268002510071,0.8378947377204895
YGL178W,YDR410C,0,-0.25570965,0.09367884695529938,0.8429268002510071,0.8379949927330017
YNL238W,YGR167W,0,-0.25585616,0.09366869181394577,0.8429268002510071,0.8380952477455139
YPR096C,YJL054W,0,-0.2560199,0.09365853667259216,0.8429268002510071,0.8381955027580261
YER012W,YER171W,0,-0.2561797,0.09364838153123856,0.8429268002510071,0.8382957577705383
YKR044W,YJL180C,0,-0.25628462,0.09363823384046555,0.8429268002510071,0.8383960127830505
YJR090C,YDL007W,1,-0.25637534,0.09373645484447479,0.8439024686813354,0.8383960127830505
YBL078C,YDR328C,1,-0.25643784,0.09383465349674225,0.844878077507019,0.8383960127830505
YOR241W,YMR101C,0,-0.25649795,0.09382448345422745,0.844878077507019,0.8384962677955627
YGL068W,YER177W,0,-0.25653,0.09381432086229324,0.844878077507019,0.8385964632034302
YLR352W,YNL159C,1,-0.25661448,0.09391247481107712,0.8458536863327026,0.8385964632034302
YCR018C,YDR177W,0,-0.25675786,0.09390230476856232,0.8458536863327026,0.8386967182159424
YBR192W,YMR302C,0,-0.25683933,0.09389213472604752,0.8458536863327026,0.8387969732284546
YKL173W,YNL175C,0,-0.2571284,0.09388197213411331,0.8458536863327026,0.8388972282409668
YBL100W-B,YNL129W,0,-0.2571854,0.09387180954217911,0.8458536863327026,0.838997483253479
YLR059C,YNL247W,0,-0.25724918,0.0938616469502449,0.8458536863327026,0.8390977382659912
YPL215W,YER120W,0,-0.25739408,0.0938514843583107,0.8458536863327026,0.8391979932785034
YIL123W,YNL221C,0,-0.25743514,0.0938413217663765,0.8458536863327026,0.8392982482910156
YER032W,YPL203W,0,-0.25743595,0.09383116662502289,0.8458536863327026,0.8393985033035278
YDR023W,YBR291C,0,-0.2574361,0.09382101148366928,0.8458536863327026,0.83949875831604
YML086C,YAL034W-A,0,-0.25755176,0.09381086379289627,0.8458536863327026,0.8395990133285522
YJL129C,YLL061W,0,-0.25772712,0.09380071610212326,0.8458536863327026,0.8396992683410645
YGL025C,YPR155C,0,-0.25773442,0.09379056841135025,0.8458536863327026,0.8397995233535767
YMR086W,YBR287W,0,-0.2577929,0.09378042072057724,0.8458536863327026,0.8398997783660889
YMR093W,YHR109W,0,-0.25805014,0.09377028048038483,0.8458536863327026,0.8399999737739563
YGL027C,YHR005C-A,0,-0.258086,0.09376014024019241,0.8458536863327026,0.8401002287864685
YLR056W,YPR133C,0,-0.25814658,0.09375,0.8458536863327026,0.8402004837989807
YCR009C,YHR077C,0,-0.2581582,0.09373986721038818,0.8458536863327026,0.8403007388114929
YOR257W,YJL197W,1,-0.25823006,0.09383783489465714,0.8468292951583862,0.8403007388114929
YMR038C,YDR098C,0,-0.2582645,0.09382769465446472,0.8468292951583862,0.8404009938240051
YKL175W,YNL339C,0,-0.25828993,0.09381755441427231,0.8468292951583862,0.8405012488365173
YDR345C,YMR046C,0,-0.25839522,0.0938074141740799,0.8468292951583862,0.8406015038490295
YLR451W,YDL227C,0,-0.25849172,0.09379727393388748,0.8468292951583862,0.8407017588615417
YIL021W,YJL117W,0,-0.25854915,0.09378714114427567,0.8468292951583862,0.840802013874054
YPL105C,YML039W,0,-0.25860733,0.09377700835466385,0.8468292951583862,0.8409022688865662
YHR090C,YPR171W,0,-0.2587304,0.09376687556505203,0.8468292951583862,0.8410025238990784
YJL200C,YOR076C,0,-0.25875017,0.09375675022602081,0.8468292951583862,0.8411027789115906
YOL045W,YIL035C,0,-0.25888115,0.0937466248869896,0.8468292951583862,0.8412030339241028
YOR032C,YOL031C,0,-0.25905102,0.09373649954795837,0.8468292951583862,0.8413032293319702
YGR061C,YDL019C,0,-0.25908437,0.09372638165950775,0.8468292951583862,0.8414034843444824
YJL167W,YPL112C,0,-0.25932154,0.09371625632047653,0.8468292951583862,0.8415037393569946
YKL135C,YMR172W,0,-0.259386,0.0937061458826065,0.8468292951583862,0.8416039943695068
YLR224W,YPR181C,1,-0.25953698,0.09380397200584412,0.8478049039840698,0.8416039943695068
YGL064C,YFL017W-A,0,-0.25953734,0.0937938466668129,0.8478049039840698,0.841704249382019
YDR440W,YIL037C,0,-0.25972483,0.09378372877836227,0.8478049039840698,0.8418045043945312
YLR270W,YOL011W,0,-0.25972906,0.09377360343933105,0.8478049039840698,0.8419047594070435
YGR177C,YMR308C,0,-0.2600329,0.09376348555088043,0.8478049039840698,0.8420050144195557
YDL070W,YLR103C,0,-0.26006663,0.0937533751130104,0.8478049039840698,0.8421052694320679
YHR111W,YMR229C,0,-0.26015654,0.09374325722455978,0.8478049039840698,0.8422055244445801
YDR007W,YDL184C,0,-0.26019108,0.09373314678668976,0.8478049039840698,0.8423057794570923
YFL014W,YER159C,0,-0.26036963,0.09372303634881973,0.8478049039840698,0.8424060344696045
YGL018C,YHR030C,0,-0.26049832,0.0937129333615303,0.8478049039840698,0.8425062894821167
YEL054C,YPL138C,0,-0.2605633,0.09370282292366028,0.8478049039840698,0.8426065444946289
YPR049C,YNR071C,0,-0.26056615,0.09369271993637085,0.8478049039840698,0.8427067399024963
YHR057C,YBR218C,0,-0.26058683,0.09368262439966202,0.8478049039840698,0.8428069949150085
YGR061C,YNR033W,0,-0.2607045,0.09367252141237259,0.8478049039840698,0.8429072499275208
YJL096W,YOR076C,0,-0.26086083,0.09366242587566376,0.8478049039840698,0.843007504940033
YPR097W,YDL184C,0,-0.26098716,0.09365233033895493,0.8478049039840698,0.8431077599525452
YLR029C,YOR076C,0,-0.26109564,0.09364224225282669,0.8478049039840698,0.8432080149650574
YBL067C,YDL007W,1,-0.26110265,0.09373989701271057,0.8487805128097534,0.8432080149650574
YLR244C,YDL007W,0,-0.26122597,0.09372980147600174,0.8487805128097534,0.8433082699775696
YML057W,YGR044C,0,-0.26127204,0.09371970593929291,0.8487805128097534,0.8434085249900818
YLR092W,YKL034W,0,-0.26130438,0.09370961040258408,0.8487805128097534,0.843508780002594
YMR183C,YOR348C,0,-0.26153824,0.09369951486587524,0.8487805128097534,0.8436090350151062
YPL193W,YOR264W,0,-0.26178864,0.09368942677974701,0.8487805128097534,0.8437092900276184
YOL116W,YMR319C,0,-0.26186538,0.09367933869361877,0.8487805128097534,0.8438095450401306
YOL138C,YDR456W,0,-0.26189482,0.09366925060749054,0.8487805128097534,0.8439098000526428
YNL007C,YOR036W,0,-0.26215035,0.0936591699719429,0.8487805128097534,0.8440099954605103
YMR314W,YLR129W,0,-0.26221478,0.09364908188581467,0.8487805128097534,0.8441102504730225
YBR155W,YNL189W,0,-0.26225886,0.09363900870084763,0.8487805128097534,0.8442105054855347
YIL078W,YIL019W,0,-0.2623051,0.09362892806529999,0.8487805128097534,0.8443107604980469
YLR260W,YJR015W,0,-0.26242113,0.09361885488033295,0.8487805128097534,0.8444110155105591
YPL143W,YGL151W,0,-0.26243806,0.0936087816953659,0.8487805128097534,0.8445112705230713
YHR111W,YMR135C,1,-0.26251754,0.09370629489421844,0.849756121635437,0.8445112705230713
YCR014C,YOR349W,0,-0.26276952,0.0936962142586708,0.849756121635437,0.8446115255355835
YKL021C,YBR060C,0,-0.26281548,0.09368613362312317,0.849756121635437,0.8447117805480957
YJR149W,YOR338W,0,-0.2628872,0.09367606043815613,0.849756121635437,0.8448120355606079
YOR116C,YDR393W,0,-0.26309514,0.09366598725318909,0.849756121635437,0.8449122905731201
YIL109C,YDR047W,0,-0.26310733,0.09365591406822205,0.849756121635437,0.8450125455856323
YOL122C,YDR384C,0,-0.26355106,0.093645840883255,0.849756121635437,0.8451128005981445
YDR086C,YKR056W,0,-0.2636373,0.09363577514886856,0.849756121635437,0.8452130556106567
YLR364W,YOR071C,0,-0.26381925,0.09362570941448212,0.849756121635437,0.845313310623169
YDL097C,YMR276W,1,-0.2640152,0.09372313320636749,0.8507317304611206,0.845313310623169
YJR055W,YJR139C,0,-0.26413363,0.09371306002140045,0.8507317304611206,0.8454135060310364
YGL225W,YMR297W,0,-0.26416975,0.09370298683643341,0.8507317304611206,0.8455137610435486
YLR107W,YBL080C,0,-0.26424506,0.09369292110204697,0.8507317304611206,0.8456140160560608
YMR313C,YAL054C,0,-0.2642684,0.09368285536766052,0.8507317304611206,0.845714271068573
YLR061W,YDL097C,0,-0.26440617,0.09367278963327408,0.8507317304611206,0.8458145260810852
YGL085W,YGR244C,0,-0.26456457,0.09366273134946823,0.8507317304611206,0.8459147810935974
YGL103W,YKL110C,0,-0.26469827,0.09365266561508179,0.8507317304611206,0.8460150361061096
YNL258C,YGL171W,0,-0.26477093,0.09364261478185654,0.8507317304611206,0.8461152911186218
YDR168W,YKR058W,0,-0.264785,0.09363255649805069,0.8507317304611206,0.846215546131134
YMR042W,YIL101C,0,-0.26484805,0.09362250566482544,0.8507317304611206,0.8463158011436462
YHR175W,YGR120C,0,-0.26489082,0.09361245483160019,0.8507317304611206,0.8464160561561584
YLR343W,YPR175W,0,-0.26495796,0.09360240399837494,0.8507317304611206,0.8465163111686707
YJL044C,YMR087W,0,-0.2649946,0.09359236061573029,0.8507317304611206,0.8466165661811829
YLR344W,YLR312W-A,0,-0.26519215,0.09358231723308563,0.8507317304611206,0.8467168211936951
YOR158W,YOR347C,0,-0.26519552,0.09357227385044098,0.8507317304611206,0.8468170166015625
YDR377W,YOR209C,0,-0.26540214,0.09356223046779633,0.8507317304611206,0.8469172716140747
YKL054C,YNL064C,1,-0.26545152,0.09365947544574738,0.8517073392868042,0.8469172716140747
YDR283C,YLL045C,0,-0.26561874,0.09364943206310272,0.8517073392868042,0.8470175266265869
YDR050C,YGL003C,0,-0.26567638,0.09363938868045807,0.8517073392868042,0.8471177816390991
YGL016W,YFR025C,0,-0.2657833,0.09362934529781342,0.8517073392868042,0.8472180366516113
YGR175C,YMR087W,0,-0.26586974,0.09361930191516876,0.8517073392868042,0.8473182916641235
YDR358W,YJR048W,0,-0.2658872,0.0936092659831047,0.8517073392868042,0.8474185466766357
YPL218W,YDR012W,0,-0.2658984,0.09359923005104065,0.8517073392868042,0.847518801689148
YDR150W,YDL144C,0,-0.26606327,0.09358919411897659,0.8517073392868042,0.8476190567016602
YDR034C,YNL210W,0,-0.26612234,0.09357915818691254,0.8517073392868042,0.8477193117141724
YJR131W,YMR215W,0,-0.26614818,0.09356912970542908,0.8517073392868042,0.8478195667266846
YGL210W,YMR046C,0,-0.26616696,0.09355910122394562,0.8517073392868042,0.8479198217391968
YOR157C,YPL123C,0,-0.2662211,0.09354908019304276,0.8517073392868042,0.848020076751709
YER056C,YAR007C,0,-0.2664655,0.0935390517115593,0.8517073392868042,0.8481202721595764
YDL190C,YOL013C,1,-0.26648214,0.0936361700296402,0.8526829481124878,0.8481202721595764
YGR078C,YDR381W,0,-0.26653638,0.09362614154815674,0.8526829481124878,0.8482205271720886
YGL003C,YDR466W,0,-0.2666203,0.09361611306667328,0.8526829481124878,0.8483207821846008
YML097C,YMR146C,0,-0.2668481,0.09360608458518982,0.8526829481124878,0.848421037197113
YGR174C,YDR368W,0,-0.2671364,0.09359605610370636,0.8526829481124878,0.8485212922096252
YPR066W,YDR394W,1,-0.26730394,0.09369311481714249,0.8536585569381714,0.8485212922096252
YOR142W,YHR214W,0,-0.26734668,0.09368308633565903,0.8536585569381714,0.8486215472221375
YER143W,YDL007W,1,-0.2674647,0.09378010779619217,0.854634165763855,0.8486215472221375
YCR012W,YOR126C,0,-0.26746914,0.09377007186412811,0.854634165763855,0.8487218022346497
YDR367W,YMR087W,0,-0.26753318,0.09376003593206406,0.854634165763855,0.8488220572471619
YKL061W,YML021C,0,-0.26774597,0.09375,0.854634165763855,0.8489223122596741
YBL076C,YLR007W,0,-0.26796186,0.09373997151851654,0.854634165763855,0.8490225672721863
YMR149W,YDR498C,0,-0.2680081,0.09372993558645248,0.854634165763855,0.8491228222846985
YMR194W,YDR218C,0,-0.26808077,0.09371990710496902,0.854634165763855,0.8492230772972107
YNL007C,YKL089W,0,-0.26824206,0.09370988607406616,0.854634165763855,0.8493233323097229
YDL106C,YDR046C,0,-0.268462,0.0936998575925827,0.854634165763855,0.8494235873222351
YLR145W,YJR135C,0,-0.26847202,0.09368983656167984,0.854634165763855,0.8495237827301025
YGL009C,YNL153C,0,-0.2685098,0.09367982298135757,0.854634165763855,0.8496240377426147
YOL122C,YBR115C,0,-0.26856685,0.09366980195045471,0.854634165763855,0.849724292755127
YER130C,YOR076C,0,-0.26858342,0.09365978837013245,0.854634165763855,0.8498245477676392
YLL022C,YHR116W,0,-0.26870725,0.09364977478981018,0.854634165763855,0.8499248027801514
YMR233W,YFR031C-A,0,-0.26919508,0.09363976120948792,0.854634165763855,0.8500250577926636
YOL117W,YLR164W,0,-0.26921266,0.09362975507974625,0.854634165763855,0.8501253128051758
YHR099W,YJR050W,0,-0.26932228,0.09361974895000458,0.854634165763855,0.850225567817688
YLR127C,YOL018C,0,-0.26937854,0.09360974282026291,0.854634165763855,0.8503258228302002
YBR049C,YCR021C,0,-0.26979876,0.09359974414110184,0.854634165763855,0.8504260778427124
YLR096W,YGL244W,0,-0.26980975,0.09358974546194077,0.854634165763855,0.8505263328552246
YPR198W,YIL125W,0,-0.26994336,0.0935797467827797,0.854634165763855,0.8506265878677368
YIL113W,YNL236W,0,-0.2701935,0.09356974810361862,0.854634165763855,0.850726842880249
YJL212C,YMR292W,0,-0.27026185,0.09355975687503815,0.854634165763855,0.8508270382881165
YNL219C,YLR440C,0,-0.27028906,0.09354976564645767,0.854634165763855,0.8509272933006287
YML096W,YNL066W,0,-0.270604,0.0935397744178772,0.854634165763855,0.8510275483131409
YMR184W,YKR075C,0,-0.2707858,0.09352979063987732,0.854634165763855,0.8511278033256531
YDL243C,YDR229W,0,-0.270804,0.09351980686187744,0.854634165763855,0.8512280583381653
YER038C,YMR188C,0,-0.27084225,0.09350982308387756,0.854634165763855,0.8513283133506775
YMR243C,YHR142W,0,-0.2710017,0.09349983930587769,0.854634165763855,0.8514285683631897
YJL026W,YJL060W,0,-0.27112103,0.0934898629784584,0.854634165763855,0.8515288233757019
YFR037C,YNL066W,0,-0.27119172,0.09347988665103912,0.854634165763855,0.8516290783882141
YKL138C,YMR001C,0,-0.27120778,0.09346991032361984,0.854634165763855,0.8517293334007263
YGR077C,YML102W,0,-0.27122858,0.09345994144678116,0.854634165763855,0.8518295884132385
YFL036W,YDR074W,0,-0.27126193,0.09344996511936188,0.854634165763855,0.8519298434257507
YBR122C,YJR097W,0,-0.27127028,0.09344000369310379,0.854634165763855,0.8520300984382629
YLR074C,YOL051W,0,-0.27135235,0.0934300348162651,0.854634165763855,0.8521303534507751
YDR320C,YGL180W,0,-0.2714149,0.09342007339000702,0.854634165763855,0.8522305488586426
YJR094W-A,YOR249C,0,-0.2714744,0.09341011196374893,0.854634165763855,0.8523308038711548
YMR020W,YLL040C,0,-0.27159694,0.09340015053749084,0.854634165763855,0.852431058883667
YKR006C,YLR448W,0,-0.27172703,0.09339018911123276,0.854634165763855,0.8525313138961792
YMR004W,YOR098C,0,-0.2718097,0.09338023513555527,0.854634165763855,0.8526315689086914
YLR200W,YIL006W,0,-0.27206534,0.09337028115987778,0.854634165763855,0.8527318239212036
YHR120W,YNL233W,0,-0.27206716,0.09336033463478088,0.854634165763855,0.8528320789337158
YDR482C,YML015C,0,-0.27213532,0.0933503806591034,0.854634165763855,0.852932333946228
YDR486C,YNL339C,0,-0.2723452,0.0933404341340065,0.854634165763855,0.8530325889587402
YER021W,YEL019C,1,-0.2723689,0.09343703091144562,0.8556097745895386,0.8530325889587402
YGL104C,YGL240W,0,-0.2725573,0.09342707693576813,0.8556097745895386,0.8531328439712524
YGL253W,YKL095W,0,-0.2726412,0.09341713041067123,0.8556097745895386,0.8532330989837646
YOL076W,YDR448W,0,-0.27266237,0.09340717643499374,0.8556097745895386,0.8533333539962769
YOR355W,YHR020W,0,-0.27268133,0.09339722990989685,0.8556097745895386,0.8534336090087891
YPR066W,YGL004C,1,-0.27268308,0.09349376708269119,0.8565853834152222,0.8534336090087891
YOR065W,YDL069C,0,-0.2728317,0.0934838131070137,0.8565853834152222,0.8535338640213013
YHR004C,YGR143W,0,-0.27288628,0.09347386658191681,0.8565853834152222,0.8536340594291687
YBL022C,YNL131W,0,-0.2729215,0.09346391260623932,0.8565853834152222,0.8537343144416809
YIL076W,YPL274W,0,-0.27293244,0.09345396608114243,0.8565853834152222,0.8538345694541931
YLR039C,YPL189W,0,-0.2730784,0.09344401955604553,0.8565853834152222,0.8539348244667053
YML085C,YLR083C,0,-0.27310097,0.09343407303094864,0.8565853834152222,0.8540350794792175
YMR041C,YBL037W,0,-0.2734174,0.09342413395643234,0.8565853834152222,0.8541353344917297
YHR211W,YKL041W,0,-0.27363053,0.09341419488191605,0.8565853834152222,0.8542355895042419
YKL089W,YLR333C,0,-0.27377036,0.09340425580739975,0.8565853834152222,0.8543358445167542
YJR150C,YGL186C,0,-0.27381992,0.09339431673288345,0.8565853834152222,0.8544360995292664
YOR189W,YGL070C,0,-0.27385587,0.09338438510894775,0.8565853834152222,0.8545363545417786
YBR087W,YDR270W,0,-0.27399203,0.09337445348501205,0.8565853834152222,0.8546366095542908
YHR206W,YDL121C,0,-0.27402312,0.09336452931165695,0.8565853834152222,0.854736864566803
YER129W,YPL091W,0,-0.27414498,0.09335459768772125,0.8565853834152222,0.8548371195793152
YJL034W,YKL034W,1,-0.27448434,0.09345098584890366,0.8575609922409058,0.8548371195793152
YOR327C,YHR013C,0,-0.2745893,0.09344105422496796,0.8575609922409058,0.8549373149871826
YDR234W,YOL102C,0,-0.27463832,0.09343112260103226,0.8575609922409058,0.8550375699996948
YLR181C,YML092C,0,-0.27466267,0.09342119097709656,0.8575609922409058,0.855137825012207
YGL194C,YCR093W,0,-0.27468207,0.09341126680374146,0.8575609922409058,0.8552380800247192
YGL014W,YLR352W,0,-0.2747007,0.09340133517980576,0.8575609922409058,0.8553383350372314
YPL084W,YHR166C,1,-0.27473184,0.09349766373634338,0.8585366010665894,0.8553383350372314
YNR008W,YML028W,0,-0.27486524,0.09348773211240768,0.8585366010665894,0.8554385900497437
YMR137C,YJL079C,0,-0.27486664,0.09347780048847198,0.8585366010665894,0.8555388450622559
YDR490C,YKR034W,0,-0.27486768,0.09346786886453629,0.8585366010665894,0.8556391000747681
YLR360W,YOL082W,1,-0.27491543,0.09356414526700974,0.859512209892273,0.8556391000747681
YOR098C,YPL144W,0,-0.2749645,0.09355421364307404,0.859512209892273,0.8557393550872803
YML082W,YJL117W,0,-0.27507842,0.09354427456855774,0.859512209892273,0.8558396100997925
YLR127C,YOL059W,0,-0.27508283,0.09353434294462204,0.859512209892273,0.8559398651123047
YKL183W,YDR381W,0,-0.27510005,0.09352441877126694,0.859512209892273,0.8560401201248169
YNL062C,YOR267C,0,-0.27512282,0.09351448714733124,0.859512209892273,0.8561403751373291
YOR332W,YJR009C,0,-0.27521285,0.09350456297397614,0.859512209892273,0.8562406301498413
YGL243W,YMR188C,0,-0.27544427,0.09349463880062103,0.859512209892273,0.8563408255577087
YMR006C,YPL138C,0,-0.2754503,0.09348472207784653,0.859512209892273,0.856441080570221
YBR283C,YJL059W,0,-0.27545947,0.09347479790449142,0.859512209892273,0.8565413355827332
YDR030C,YJL096W,0,-0.27547136,0.09346488118171692,0.859512209892273,0.8566415905952454
YHR209W,YEL017C-A,0,-0.27547944,0.09345497190952301,0.859512209892273,0.8567418456077576
YPR100W,YKL080W,0,-0.2755633,0.0934450551867485,0.859512209892273,0.8568421006202698
YMR086W,YLR238W,0,-0.27573192,0.0934351459145546,0.859512209892273,0.856942355632782
YKL145W,YBR059C,0,-0.27591467,0.09342523664236069,0.859512209892273,0.8570426106452942
YGR279C,YLR215C,0,-0.27604714,0.09341533482074738,0.859512209892273,0.8571428656578064
YGR191W,YPL027W,0,-0.27610165,0.09340542554855347,0.859512209892273,0.8572431206703186
YER123W,YML023C,0,-0.27619255,0.09339552372694016,0.859512209892273,0.8573433756828308
YGR162W,YKL026C,0,-0.27637038,0.09338562935590744,0.859512209892273,0.857443630695343
YNL330C,YOR179C,0,-0.27643389,0.09337572753429413,0.859512209892273,0.8575438857078552
YDR064W,YNL308C,0,-0.27655426,0.09336583316326141,0.859512209892273,0.8576440811157227
YOR339C,YJL048C,1,-0.2765993,0.09346190840005875,0.8604878187179565,0.8576440811157227
YHR021C,YOR090C,0,-0.27661973,0.09345199912786484,0.8604878187179565,0.8577443361282349
YDR151C,YIL138C,0,-0.27670014,0.09344210475683212,0.8604878187179565,0.8578445911407471
YER086W,YGR095C,0,-0.27686012,0.09343220293521881,0.8604878187179565,0.8579448461532593
YJL198W,YGR037C,0,-0.27709714,0.0934223085641861,0.8604878187179565,0.8580451011657715
YMR128W,YDR309C,0,-0.2771024,0.09341241419315338,0.8604878187179565,0.8581453561782837
YDR105C,YOR156C,0,-0.27712864,0.09340251982212067,0.8604878187179565,0.8582456111907959
YBR222C,YNL287W,0,-0.27712932,0.09339263290166855,0.8604878187179565,0.8583458662033081
YJR060W,YGL051W,0,-0.27730227,0.09338273853063583,0.8604878187179565,0.8584461212158203
YFL016C,YIL008W,1,-0.27747732,0.093478724360466,0.8614634275436401,0.8584461212158203
YKL039W,YLR212C,0,-0.27762234,0.09346882253885269,0.8614634275436401,0.8585463762283325
YDR415C,YHR209W,0,-0.27766824,0.09345893561840057,0.8614634275436401,0.8586466312408447
YOR084W,YOR346W,0,-0.27775946,0.09344904124736786,0.8614634275436401,0.8587468862533569
YJL035C,YJL189W,0,-0.27779004,0.09343915432691574,0.8614634275436401,0.8588471412658691
YEL027W,YJR065C,0,-0.27779436,0.09342926740646362,0.8614634275436401,0.8589473962783813
YBR038W,YLR037C,0,-0.27790156,0.0934193804860115,0.8614634275436401,0.8590475916862488
YJL200C,YKL154W,0,-0.27803153,0.09340950101613998,0.8614634275436401,0.859147846698761
YLR197W,YIL148W,0,-0.27828795,0.09339962154626846,0.8614634275436401,0.8592481017112732
YDR326C,YOL028C,0,-0.2785161,0.09338974207639694,0.8614634275436401,0.8593483567237854
YDL143W,YFR032C-A,0,-0.2787944,0.09337986260652542,0.8614634275436401,0.8594486117362976
YKL094W,YJL155C,0,-0.27882472,0.0933699905872345,0.8614634275436401,0.8595488667488098
YLR352W,YNR007C,1,-0.27893543,0.09346584975719452,0.8624390363693237,0.8595488667488098
YHR058C,YLL021W,0,-0.2789829,0.093455970287323,0.8624390363693237,0.859649121761322
YHR069C,YLR109W,0,-0.27899167,0.09344609081745148,0.8624390363693237,0.8597493767738342
YPL098C,YNL079C,0,-0.27901468,0.09343621134757996,0.8624390363693237,0.8598496317863464
YDR019C,YGL171W,0,-0.27929312,0.09342633932828903,0.8624390363693237,0.8599498867988586
YML056C,YGR103W,0,-0.27930796,0.09341646730899811,0.8624390363693237,0.8600501418113708
YLR106C,YJR059W,0,-0.27942032,0.09340659528970718,0.8624390363693237,0.8601503968238831
YAL068C,YDR304C,0,-0.27947947,0.09339672327041626,0.8624390363693237,0.8602506518363953
YML036W,YHL003C,0,-0.27948067,0.09338685870170593,0.8624390363693237,0.8603509068489075
YPR118W,YCR039C,0,-0.27951962,0.0933769941329956,0.8624390363693237,0.8604511022567749
YKL182W,YDL021W,0,-0.279693,0.09336712956428528,0.8624390363693237,0.8605513572692871
YIL005W,YLR260W,0,-0.27972752,0.09335727244615555,0.8624390363693237,0.8606516122817993
YIL022W,YOR271C,0,-0.27977657,0.09334741532802582,0.8624390363693237,0.8607518672943115
YGL003C,YGL021W,0,-0.27982724,0.09333755820989609,0.8624390363693237,0.8608521223068237
YCL051W,YNL328C,0,-0.27989456,0.09332770109176636,0.8624390363693237,0.8609523773193359
YML013W,YJL030W,0,-0.2799846,0.09331785142421722,0.8624390363693237,0.8610526323318481
YMR123W,YJR132W,0,-0.28000695,0.09330800175666809,0.8624390363693237,0.8611528873443604
YMR193W,YKL109W,0,-0.28005722,0.09329815208911896,0.8624390363693237,0.8612531423568726
YLR186W,YJR092W,0,-0.2800725,0.09328830987215042,0.8624390363693237,0.8613533973693848
YML128C,YOR036W,0,-0.2801182,0.09327846020460129,0.8624390363693237,0.861453652381897
YFR013W,YOL042W,0,-0.28015816,0.09326862543821335,0.8624390363693237,0.8615539073944092
YLR040C,YHR172W,0,-0.28033388,0.09325878322124481,0.8624390363693237,0.8616541624069214
YOR355W,YMR160W,0,-0.280365,0.09324894845485687,0.8624390363693237,0.8617543578147888
YNL023C,YPR080W,0,-0.28046626,0.09323910623788834,0.8624390363693237,0.861854612827301
YNL258C,YPL189W,0,-0.2805273,0.093229278922081,0.8624390363693237,0.8619548678398132
YMR112C,YGR188C,0,-0.28096825,0.09321944415569305,0.8624390363693237,0.8620551228523254
YDR448W,YGL126W,0,-0.2810794,0.09320961683988571,0.8624390363693237,0.8621553778648376
YNL024C,YKR026C,0,-0.2811753,0.09319978952407837,0.8624390363693237,0.8622556328773499
YKR072C,YAL010C,0,-0.28122538,0.09318996220827103,0.8624390363693237,0.8623558878898621
YBR058C,YDR425W,0,-0.28135043,0.09318014234304428,0.8624390363693237,0.8624561429023743
YML081C-A,YOL080C,0,-0.28152674,0.09317032247781754,0.8624390363693237,0.8625563979148865
YFR019W,YBR037C,0,-0.28156054,0.09316050261259079,0.8624390363693237,0.8626566529273987
YLR370C,YPL206C,0,-0.28157142,0.09315068274736404,0.8624390363693237,0.8627569079399109
YAL060W,YGR156W,0,-0.28185725,0.0931408703327179,0.8624390363693237,0.8628571629524231
YPR049C,YDL179W,0,-0.28190517,0.09313105791807175,0.8624390363693237,0.8629574179649353
YLR019W,YIL115C,0,-0.28203693,0.0931212455034256,0.8624390363693237,0.8630576729774475
YJL174W,YDR381W,0,-0.28204256,0.09311144053936005,0.8624390363693237,0.8631578683853149
YLR291C,YBR172C,0,-0.28211692,0.0931016355752945,0.8624390363693237,0.8632581233978271
YKL061W,YMR205C,0,-0.28215727,0.09309183061122894,0.8624390363693237,0.8633583784103394
YAL016W,YMR043W,0,-0.2821637,0.09308202564716339,0.8624390363693237,0.8634586334228516
YNL188W,YMR229C,0,-0.28226322,0.09307222813367844,0.8624390363693237,0.8635588884353638
YLR378C,YOR117W,1,-0.28239298,0.09316769987344742,0.8634146451950073,0.8635588884353638
YMR292W,YCL024W,0,-0.2824447,0.09315789490938187,0.8634146451950073,0.863659143447876
YMR281W,YIL076W,0,-0.28254586,0.09314808994531631,0.8634146451950073,0.8637593984603882
YKL172W,YBR074W,0,-0.28258747,0.09313828498125076,0.8634146451950073,0.8638596534729004
YKR085C,YDR479C,0,-0.28281423,0.09312848746776581,0.8634146451950073,0.8639599084854126
YHR194W,YIL034C,0,-0.28281826,0.09311868995428085,0.8634146451950073,0.8640601634979248
YJR042W,YDR520C,0,-0.28283393,0.0931088924407959,0.8634146451950073,0.864160418510437
YBR030W,YAL048C,0,-0.28302103,0.09309909492731094,0.8634146451950073,0.8642606735229492
YGR054W,YOL095C,0,-0.28304428,0.09308930486440659,0.8634146451950073,0.8643609285354614
YGR218W,YPL213W,0,-0.28324118,0.09307951480150223,0.8634146451950073,0.8644611239433289
YBR273C,YFL044C,1,-0.28331867,0.09317488968372345,0.8643902540206909,0.8644611239433289
YPL061W,YKL196C,0,-0.28341654,0.0931650921702385,0.8643902540206909,0.8645613789558411
YMR274C,YIR031C,0,-0.28348994,0.09315529465675354,0.8643902540206909,0.8646616339683533
YNL008C,YPL028W,0,-0.2835071,0.09314549714326859,0.8643902540206909,0.8647618889808655
YKL124W,YNL223W,1,-0.28352535,0.09324082732200623,0.8653658628463745,0.8647618889808655
YNL049C,YOR384W,0,-0.28355503,0.09323102980852127,0.8653658628463745,0.8648621439933777
YOL144W,YDR045C,0,-0.28358367,0.09322123229503632,0.8653658628463745,0.8649623990058899
YDR217C,YJR134C,0,-0.2836047,0.09321143478155136,0.8653658628463745,0.8650626540184021
YMR205C,YOL165C,0,-0.28394136,0.0932016372680664,0.8653658628463745,0.8651629090309143
YML127W,YLR120C,0,-0.2842204,0.09319184720516205,0.8653658628463745,0.8652631640434265
YER063W,YGL095C,0,-0.2843747,0.09318205714225769,0.8653658628463745,0.8653634190559387
YBR297W,YPL042C,0,-0.28439116,0.09317226707935333,0.8653658628463745,0.8654636740684509
YHL050C,YLR067C,0,-0.28447375,0.09316248446702957,0.8653658628463745,0.8655639290809631
YHR205W,YDR510W,0,-0.28458673,0.09315270185470581,0.8653658628463745,0.8656641840934753
YGL210W,YIR006C,0,-0.2846884,0.09314291924238205,0.8653658628463745,0.8657644391059875
YDL185W,YJR145C,0,-0.28469187,0.09313313663005829,0.8653658628463745,0.865864634513855
YLR219W,YER027C,0,-0.2847248,0.09312336146831512,0.8653658628463745,0.8659648895263672
YNL110C,YJR133W,0,-0.28473115,0.09311358630657196,0.8653658628463745,0.8660651445388794
YKL192C,YNL055C,0,-0.2847625,0.0931038111448288,0.8653658628463745,0.8661653995513916
YJL001W,YDR047W,0,-0.2848577,0.09309403598308563,0.8653658628463745,0.8662656545639038
YNL145W,YJR126C,0,-0.28490117,0.09308426827192307,0.8653658628463745,0.866365909576416
YEL039C,YIL167W,0,-0.28498888,0.0930745005607605,0.8653658628463745,0.8664661645889282
YCL059C,YPL153C,0,-0.28535903,0.09306473284959793,0.8653658628463745,0.8665664196014404
YDL018C,YGL196W,0,-0.2853747,0.09305497258901596,0.8653658628463745,0.8666666746139526
YOR099W,YAL038W,0,-0.28539932,0.09304521232843399,0.8653658628463745,0.8667669296264648
YAL068C,YER052C,0,-0.28544062,0.09303545206785202,0.8653658628463745,0.866867184638977
YBL013W,YGR167W,0,-0.28552824,0.09302569180727005,0.8653658628463745,0.8669674396514893
YDR454C,YGR165W,0,-0.28557196,0.09301593899726868,0.8653658628463745,0.8670676946640015
YBL051C,YGR255C,0,-0.28561258,0.0930061861872673,0.8653658628463745,0.8671678900718689
YOR252W,YPL138C,0,-0.2856769,0.09299643337726593,0.8653658628463745,0.8672681450843811
YNL064C,YDR002W,1,-0.2857154,0.09309151768684387,0.8663414716720581,0.8672681450843811
YBL014C,YOR357C,0,-0.28574905,0.0930817574262619,0.8663414716720581,0.8673684000968933
YML021C,YMR285C,0,-0.28598613,0.09307200461626053,0.8663414716720581,0.8674686551094055
YIL142W,YDR501W,0,-0.28619802,0.09306225180625916,0.8663414716720581,0.8675689101219177
YLR370C,YKL039W,0,-0.28635234,0.09305249899625778,0.8663414716720581,0.8676691651344299
YER074W,YLR380W,0,-0.28643805,0.09304274618625641,0.8663414716720581,0.8677694201469421
YDL074C,YJL191W,0,-0.28645056,0.09303300082683563,0.8663414716720581,0.8678696751594543
YDR395W,YDR372C,0,-0.2865137,0.09302325546741486,0.8663414716720581,0.8679699301719666
YJR123W,YDR492W,0,-0.28659576,0.09301351010799408,0.8663414716720581,0.8680701851844788
YBR065C,YOL082W,0,-0.28662303,0.0930037721991539,0.8663414716720581,0.868170440196991
YJR065C,YFR024C-A,0,-0.28669685,0.09299403429031372,0.8663414716720581,0.8682706952095032
YPL097W,YFL004W,0,-0.2867185,0.09298429638147354,0.8663414716720581,0.8683709502220154
YBR170C,YDR409W,1,-0.2867213,0.09307926148176193,0.8673170804977417,0.8683709502220154
YKL041W,YLR024C,1,-0.28681237,0.09317420423030853,0.8682926893234253,0.8683709502220154
YLR204W,YJL029C,0,-0.28681323,0.09316445142030716,0.8682926893234253,0.8684712052345276
YFL009W,YBR173C,1,-0.28682056,0.09325936436653137,0.8692682981491089,0.8684712052345276
YDR086C,YMR275C,1,-0.28691205,0.09335426241159439,0.8702439069747925,0.8684712052345276
YNL066W,YLR347C,0,-0.28716952,0.09334449470043182,0.8702439069747925,0.868571400642395
YIL046W,YHL016C,0,-0.28717884,0.09333472698926926,0.8702439069747925,0.8686716556549072
YFR008W,YPR155C,0,-0.28739586,0.09332496672868729,0.8702439069747925,0.8687719106674194
YLR024C,YFL016C,1,-0.28758588,0.09341981261968613,0.8712195158004761,0.8687719106674194
YEL012W,YOL133W,1,-0.28805327,0.09351464360952377,0.8721951246261597,0.8687719106674194
YLR120C,YPL075W,0,-0.28809446,0.09350486099720001,0.8721951246261597,0.8688721656799316
YMR166C,YKR088C,0,-0.28811055,0.09349508583545685,0.8721951246261597,0.8689724206924438
YOL038W,YKL145W,1,-0.28851813,0.09358987957239151,0.8731707334518433,0.8689724206924438
YPL131W,YLR333C,0,-0.2885589,0.09358008950948715,0.8731707334518433,0.869072675704956
YJR094W-A,YIL090W,0,-0.2885911,0.09357030689716339,0.8731707334518433,0.8691729307174683
YLR009W,YGR101W,0,-0.28865084,0.09356052428483963,0.8731707334518433,0.8692731857299805
YGL028C,YOL061W,0,-0.28872174,0.09355074912309647,0.8731707334518433,0.8693734407424927
YDR238C,YNL025C,0,-0.28875569,0.0935409665107727,0.8731707334518433,0.8694736957550049
YML128C,YHR077C,0,-0.28879797,0.09353119134902954,0.8731707334518433,0.8695739507675171
YGR205W,YGL191W,0,-0.28905815,0.09352142363786697,0.8731707334518433,0.8696742057800293
YFR013W,YNR057C,0,-0.28910333,0.09351164847612381,0.8731707334518433,0.8697744607925415
YLL006W,YGL259W,0,-0.28942493,0.09350188076496124,0.8731707334518433,0.8698747158050537
YHL050C,YER168C,0,-0.28949276,0.09349211305379868,0.8731707334518433,0.8699749112129211
YAL008W,YNL056W,0,-0.28953135,0.09348234534263611,0.8731707334518433,0.8700751662254333
YPL202C,YOL002C,0,-0.28959185,0.09347258508205414,0.8731707334518433,0.8701754212379456
YDR065W,YCL069W,0,-0.2897684,0.09346282482147217,0.8731707334518433,0.8702756762504578
YGL030W,YAL029C,0,-0.28977787,0.0934530645608902,0.8731707334518433,0.87037593126297
YLR361C,YNL077W,0,-0.28986615,0.09344330430030823,0.8731707334518433,0.8704761862754822
YJR054W,YDL171C,0,-0.28988457,0.09343355149030685,0.8731707334518433,0.8705764412879944
YBR118W,YDR252W,0,-0.29013413,0.09342379868030548,0.8731707334518433,0.8706766963005066
YDL166C,YMR023C,0,-0.2901451,0.09341404587030411,0.8731707334518433,0.8707769513130188
YPL072W,YMR161W,1,-0.29017588,0.09350866079330444,0.8741463422775269,0.8707769513130188
YHR197W,YGL226W,0,-0.29017967,0.09349890798330307,0.8741463422775269,0.870877206325531
YHR030C,YEL048C,0,-0.29018128,0.0934891477227211,0.8741463422775269,0.8709774613380432
YJL046W,YJL156C,0,-0.29022774,0.09347939491271973,0.8741463422775269,0.8710777163505554
YHR153C,YPR119W,0,-0.29027852,0.09346964210271835,0.8741463422775269,0.8711779713630676
YER171W,YLR367W,0,-0.29028124,0.09345989674329758,0.8741463422775269,0.8712781667709351
YOR109W,YGL021W,0,-0.29030544,0.0934501439332962,0.8741463422775269,0.8713784217834473
YOL141W,YNL250W,0,-0.29038233,0.09344039857387543,0.8741463422775269,0.8714786767959595
YNR035C,YLR025W,0,-0.29046905,0.09343065321445465,0.8741463422775269,0.8715789318084717
YJR031C,YGR199W,0,-0.29049072,0.09342091530561447,0.8741463422775269,0.8716791868209839
YOR224C,YKL175W,0,-0.29058784,0.09341117739677429,0.8741463422775269,0.8717794418334961
YER028C,YJL136C,0,-0.2906112,0.09340143948793411,0.8741463422775269,0.8718796968460083
YJL162C,YDR368W,0,-0.29061142,0.09339170157909393,0.8741463422775269,0.8719799518585205
YMR243C,YNL156C,0,-0.29074723,0.09338197112083435,0.8741463422775269,0.8720802068710327
YBL078C,YKL054C,1,-0.29109392,0.09347645193338394,0.8751219511032104,0.8720802068710327
YLL002W,YMR015C,0,-0.29115635,0.09346670657396317,0.8751219511032104,0.8721804618835449
YLR023C,YJL098W,0,-0.29122502,0.09345696866512299,0.8751219511032104,0.8722807168960571
YDL008W,YER087C-A,1,-0.2912523,0.09355141222476959,0.876097559928894,0.8722807168960571
YLR268W,YOR347C,0,-0.29130682,0.09354166686534882,0.876097559928894,0.8723809719085693
YDR270W,YDR033W,0,-0.2914421,0.09353192150592804,0.876097559928894,0.8724812269210815
YJR057W,YDR439W,0,-0.2916259,0.09352218359708786,0.876097559928894,0.8725814819335938
YEL038W,YGR193C,0,-0.29172066,0.09351244568824768,0.876097559928894,0.8726816773414612
YMR159C,YHL008C,0,-0.29179,0.0935027077794075,0.876097559928894,0.8727819323539734
YOR252W,YIL022W,0,-0.29183766,0.09349296987056732,0.876097559928894,0.8728821873664856
YDR358W,YDL024C,0,-0.29196545,0.09348323941230774,0.876097559928894,0.8729824423789978
YLR182W,YHR158C,0,-0.29202867,0.09347350895404816,0.876097559928894,0.87308269739151
YGL128C,YBR222C,0,-0.2920416,0.09346377849578857,0.876097559928894,0.8731829524040222
YLR370C,YMR257C,0,-0.2920934,0.09345405548810959,0.876097559928894,0.8732832074165344
YPR019W,YEL017C-A,0,-0.2922294,0.0934443324804306,0.876097559928894,0.8733834624290466
YEL030W,YMR006C,0,-0.292355,0.09343460947275162,0.876097559928894,0.8734837174415588
YBR241C,YPR030W,0,-0.29236156,0.09342488646507263,0.876097559928894,0.873583972454071
YKL189W,YIL136W,0,-0.29240984,0.09341516345739365,0.876097559928894,0.8736842274665833
YKR050W,YPR072W,0,-0.29248044,0.09340544790029526,0.876097559928894,0.8737844824790955
YDR217C,YEL056W,0,-0.29253373,0.09339573234319687,0.876097559928894,0.8738847374916077
YDR120C,YBR268W,0,-0.29261112,0.09338602423667908,0.876097559928894,0.8739849328994751
YPL065W,YDL126C,1,-0.29276335,0.09348029643297195,0.8770731687545776,0.8739849328994751
YLR306W,YLR086W,0,-0.29285672,0.09347057342529297,0.8770731687545776,0.8740851879119873
YNR033W,YLR347C,0,-0.29286355,0.09346085786819458,0.8770731687545776,0.8741854429244995
YOR172W,YJL170C,0,-0.2929574,0.09345114231109619,0.8770731687545776,0.8742856979370117
YIL142W,YBR278W,0,-0.29308277,0.0934414267539978,0.8770731687545776,0.8743859529495239
YCR091W,YGR057C,0,-0.2931202,0.09343171864748001,0.8770731687545776,0.8744862079620361
YDL008W,YER012W,1,-0.29325885,0.09352592378854752,0.8780487775802612,0.8744862079620361
YER020W,YPR098C,0,-0.29340568,0.09351620823144913,0.8780487775802612,0.8745864629745483
YPR096C,YDR261C,0,-0.2934633,0.09350649267435074,0.8780487775802612,0.8746867179870605
YDR317W,YOL042W,0,-0.29366684,0.09349677711725235,0.8780487775802612,0.8747869729995728
YNR001C,YOL096C,0,-0.2937555,0.09348706901073456,0.8780487775802612,0.874887228012085
YBR180W,YGR193C,0,-0.29378632,0.09347736090421677,0.8780487775802612,0.8749874830245972
YPR149W,YHR092C,0,-0.29382992,0.09346765279769897,0.8780487775802612,0.8750877380371094
YMR211W,YMR314W,0,-0.2938637,0.09345794469118118,0.8780487775802612,0.8751879930496216
YLR120C,YJL013C,0,-0.29398566,0.09344823658466339,0.8780487775802612,0.8752882480621338
YPL171C,YHR136C,0,-0.29402444,0.0934385359287262,0.8780487775802612,0.8753884434700012
YOL133W,YLR417W,1,-0.29407376,0.09353265166282654,0.8790243864059448,0.8753884434700012
YLR421C,YML092C,1,-0.29447272,0.09362673759460449,0.8799999952316284,0.8753884434700012
YBR072W,YGR086C,0,-0.29453376,0.0936170220375061,0.8799999952316284,0.8754886984825134
YBR121C,YOL093W,0,-0.2945462,0.09360730648040771,0.8799999952316284,0.8755889534950256
YJR098C,YOR087W,0,-0.2945603,0.09359759092330933,0.8799999952316284,0.8756892085075378
YER027C,YDL107W,0,-0.29457477,0.09358788281679153,0.8799999952316284,0.87578946352005
YNL077W,YPR055W,0,-0.29484993,0.09357817471027374,0.8799999952316284,0.8758897185325623
YDR144C,YNL218W,0,-0.2948699,0.09356846660375595,0.8799999952316284,0.8759899735450745
YBL057C,YER087C-A,1,-0.2950495,0.09366248548030853,0.880975604057312,0.8759899735450745
YLR286C,YPL203W,0,-0.2951416,0.09365276992321014,0.880975604057312,0.8760902285575867
YOL045W,YBR115C,0,-0.29532093,0.09364305436611176,0.880975604057312,0.8761904835700989
YLR343W,YDR418W,0,-0.2953265,0.09363334625959396,0.880975604057312,0.8762907385826111
YLR119W,YJL001W,1,-0.29542783,0.09372732043266296,0.8819512128829956,0.8762907385826111
YML013W,YMR276W,1,-0.29572973,0.09382127225399017,0.8829268217086792,0.8762907385826111
YNL121C,YDL180W,0,-0.29597282,0.09381154924631119,0.8829268217086792,0.8763909935951233
YMR171C,YCL044C,1,-0.29599226,0.09390547126531601,0.8839024305343628,0.8763909935951233
YBL088C,YDR011W,0,-0.29601073,0.09389574080705643,0.8839024305343628,0.8764912486076355
YPL258C,YKL217W,0,-0.29606423,0.09388601034879684,0.8839024305343628,0.8765915036201477
YMR049C,YER008C,0,-0.29610592,0.09387627989053726,0.8839024305343628,0.8766917586326599
YMR080C,YPL091W,0,-0.29615328,0.09386655688285828,0.8839024305343628,0.8767919540405273
YBR026C,YOL108C,0,-0.29625326,0.09385683387517929,0.8839024305343628,0.8768922090530396
YHR200W,YLL036C,1,-0.29627764,0.09395069628953934,0.8848780393600464,0.8768922090530396
YKL124W,YOL013C,1,-0.29629672,0.09404453635215759,0.88585364818573,0.8768922090530396
YMR314W,YMR135C,1,-0.2963307,0.09413836151361465,0.8868292570114136,0.8768922090530396
YBL047C,YCR037C,0,-0.296541,0.09412860870361328,0.8868292570114136,0.8769924640655518
YGR116W,YCR026C,0,-0.29656157,0.0941188633441925,0.8868292570114136,0.877092719078064
YDR117C,YDR046C,0,-0.29656863,0.09410911798477173,0.8868292570114136,0.8771929740905762
YOR116C,YJR133W,0,-0.2966737,0.09409938007593155,0.8868292570114136,0.8772932291030884
YCL069W,YMR158W,0,-0.29668343,0.09408964216709137,0.8868292570114136,0.8773934841156006
YJR058C,YMR208W,0,-0.29672158,0.09407990425825119,0.8868292570114136,0.8774937391281128
YKL087C,YCL035C,0,-0.29710728,0.09407016634941101,0.8868292570114136,0.877593994140625
YBR279W,YHR096C,0,-0.2972121,0.09406042844057083,0.8868292570114136,0.8776942491531372
YMR314W,YPL003W,1,-0.29729506,0.09415416419506073,0.8878048658370972,0.8776942491531372
YDR358W,YGR008C,0,-0.29733807,0.09414442628622055,0.8878048658370972,0.8777945041656494
YNR021W,YCL014W,0,-0.29735523,0.09413468837738037,0.8878048658370972,0.8778947591781616
YBL060W,YPR046W,0,-0.2975979,0.09412495046854019,0.8878048658370972,0.8779950141906738
YPL048W,YDR530C,0,-0.29787886,0.09411521255970001,0.8878048658370972,0.8780952095985413
YPR067W,YJL153C,0,-0.29787898,0.09410548210144043,0.8878048658370972,0.8781954646110535
YLR220W,YAL056W,0,-0.29792482,0.09409575164318085,0.8878048658370972,0.8782957196235657
YDL076C,YDR145W,0,-0.29810336,0.09408602118492126,0.8878048658370972,0.8783959746360779
YNL015W,YPL076W,0,-0.29811227,0.09407629817724228,0.8878048658370972,0.8784962296485901
YNL063W,YJR145C,0,-0.2981297,0.0940665677189827,0.8878048658370972,0.8785964846611023
YML029W,YIL007C,1,-0.29813266,0.09416020661592484,0.8887804746627808,0.8785964846611023
YBR020W,YLR432W,0,-0.2981398,0.09415047615766525,0.8887804746627808,0.8786967396736145
YOL064C,YOR372C,0,-0.2985514,0.09414074569940567,0.8887804746627808,0.8787969946861267
YIR037W,YDR018C,0,-0.2985593,0.09413101524114609,0.8887804746627808,0.8788972496986389
YBR028C,YDL192W,0,-0.29859695,0.0941212922334671,0.8887804746627808,0.8789975047111511
YGR134W,YER111C,0,-0.2986325,0.09411156922578812,0.8887804746627808,0.8790977597236633
YPR156C,YOR332W,0,-0.29883796,0.09410184621810913,0.8887804746627808,0.8791980147361755
YCL016C,YLR093C,0,-0.2988586,0.09409213066101074,0.8887804746627808,0.8792982697486877
YJL213W,YKL178C,0,-0.2991019,0.09408241510391235,0.8887804746627808,0.8793985247612
YNL190W,YKL155C,0,-0.2992103,0.09407269954681396,0.8887804746627808,0.8794987201690674
YNR028W,YAL022C,0,-0.2994945,0.09406298398971558,0.8887804746627808,0.8795989751815796
YEL012W,YJL003W,0,-0.29968244,0.09405327588319778,0.8887804746627808,0.8796992301940918
YOL124C,YBR061C,0,-0.2997083,0.0940435603260994,0.8887804746627808,0.879799485206604
YPL046C,YER094C,1,-0.29980165,0.09413708001375198,0.8897560834884644,0.879799485206604
YPL138C,YOR067C,0,-0.29982895,0.0941273644566536,0.8897560834884644,0.8798997402191162
YIL098C,YMR210W,0,-0.29985502,0.0941176488995552,0.8897560834884644,0.8799999952316284
YDL064W,YIR025W,1,-0.29986802,0.09421112388372421,0.890731692314148,0.8799999952316284
YBL038W,YIL043C,0,-0.3000952,0.09420140087604523,0.890731692314148,0.8801002502441406
YNR035C,YIL155C,0,-0.3002479,0.09419168531894684,0.890731692314148,0.8802005052566528
YBR142W,YFR032C-A,0,-0.30028513,0.09418196976184845,0.890731692314148,0.880300760269165
YML098W,YDL171C,0,-0.30034485,0.09417225420475006,0.890731692314148,0.8804010152816772
YOR039W,YPR138C,0,-0.30046344,0.09416253864765167,0.890731692314148,0.8805012702941895
YGL027C,YLR348C,0,-0.30050594,0.09415283054113388,0.890731692314148,0.8806015253067017
YFR037C,YJL072C,0,-0.30053475,0.09414312243461609,0.890731692314148,0.8807017803192139
YOR132W,YEL036C,0,-0.3005759,0.0941334143280983,0.890731692314148,0.8808019757270813
YOR059C,YNL335W,0,-0.3008099,0.0941237136721611,0.890731692314148,0.8809022307395935
YML097C,YDL074C,1,-0.30085382,0.09421709179878235,0.8917073011398315,0.8809022307395935
YGL018C,YLR286C,0,-0.30097777,0.09420737624168396,0.8917073011398315,0.8810024857521057
YOR096W,YPL176C,0,-0.30099684,0.09419766813516617,0.8917073011398315,0.8811027407646179
YER109C,YJR048W,0,-0.3010714,0.09418796002864838,0.8917073011398315,0.8812029957771301
YIR002C,YER015W,0,-0.3012825,0.09417825937271118,0.8917073011398315,0.8813032507896423
YDR033W,YGR174C,0,-0.30132473,0.09416855871677399,0.8917073011398315,0.8814035058021545
YKL069W,YLR433C,0,-0.3013814,0.09415885806083679,0.8917073011398315,0.8815037608146667
YPL046C,YLR378C,1,-0.3017014,0.09425216168165207,0.8926829099655151,0.8815037608146667
YDR523C,YOL126C,0,-0.301775,0.09424245357513428,0.8926829099655151,0.881604015827179
YNL079C,YBR180W,0,-0.30220482,0.09423275291919708,0.8926829099655151,0.8817042708396912
YIL098C,YCL027W,0,-0.30227917,0.09422304481267929,0.8926829099655151,0.8818045258522034
YCR053W,YLR090W,0,-0.30241364,0.0942133441567421,0.8926829099655151,0.8819047808647156
YNL191W,YGL120C,0,-0.3025763,0.0942036435008049,0.8926829099655151,0.8820050358772278
YJL200C,YFL045C,0,-0.30258313,0.0941939502954483,0.8926829099655151,0.88210529088974
YOR085W,YOL012C,0,-0.3028302,0.09418424963951111,0.8926829099655151,0.8822054862976074
YNL055C,YOL066C,0,-0.3028405,0.09417455643415451,0.8926829099655151,0.8823057413101196
YJR147W,YIR004W,0,-0.30284864,0.09416486322879791,0.8926829099655151,0.8824059963226318
YLR055C,YIR006C,0,-0.3029651,0.09415517747402191,0.8926829099655151,0.882506251335144
YHR101C,YLL006W,0,-0.30322877,0.09414549171924591,0.8926829099655151,0.8826065063476562
YIR018W,YAR031W,0,-0.30324745,0.09413580596446991,0.8926829099655151,0.8827067613601685
YOR247W,YML030W,0,-0.303329,0.09412612020969391,0.8926829099655151,0.8828070163726807
YGR235C,YBL057C,0,-0.3033857,0.09411643445491791,0.8926829099655151,0.8829072713851929
YLR260W,YPL061W,0,-0.30358958,0.0941067561507225,0.8926829099655151,0.8830075263977051
YKL126W,YNL044W,0,-0.3037359,0.0940970778465271,0.8926829099655151,0.8831077814102173
YNL128W,YJR006W,0,-0.30379954,0.09408740699291229,0.8926829099655151,0.8832080364227295
YKL009W,YOL155C,0,-0.3039223,0.09407772868871689,0.8926829099655151,0.8833082914352417
YDR528W,YHL031C,0,-0.30392247,0.09406805783510208,0.8926829099655151,0.8834085464477539
YOL020W,YOL121C,0,-0.30428421,0.09405838698148727,0.8926829099655151,0.8835088014602661
YCL034W,YOR074C,0,-0.30435455,0.09404872357845306,0.8926829099655151,0.8836089968681335
YDR169C,YGR218W,0,-0.30451155,0.09403905272483826,0.8926829099655151,0.8837092518806458
YKL181W,YKR026C,0,-0.30471146,0.09402938932180405,0.8926829099655151,0.883809506893158
YGL010W,YIL115C,0,-0.3048661,0.09401972591876984,0.8926829099655151,0.8839097619056702
YPR111W,YHR105W,0,-0.30490956,0.09401006996631622,0.8926829099655151,0.8840100169181824
YBR142W,YDR108W,0,-0.30525127,0.09400041401386261,0.8926829099655151,0.8841102719306946
YDR064W,YMR023C,0,-0.3052705,0.093990758061409,0.8926829099655151,0.8842105269432068
YIR005W,YIL043C,0,-0.30548573,0.09398110210895538,0.8926829099655151,0.884310781955719
YGL063W,YKL060C,0,-0.30550966,0.09397144615650177,0.8926829099655151,0.8844110369682312
YDL059C,YDR405W,0,-0.3056572,0.09396179765462875,0.8926829099655151,0.8845112919807434
YLL004W,YLR347C,0,-0.30567405,0.09395214915275574,0.8926829099655151,0.8846115469932556
YGR094W,YPL240C,0,-0.30619767,0.09394250810146332,0.8926829099655151,0.8847118020057678
YGL016W,YGL115W,0,-0.30626124,0.0939328595995903,0.8926829099655151,0.88481205701828
YER007C-A,YDL084W,0,-0.306356,0.09392321854829788,0.8926829099655151,0.8849122524261475
YLR048W,YBR042C,0,-0.30636382,0.09391357749700546,0.8926829099655151,0.8850125074386597
YML070W,YNR006W,0,-0.306364,0.09390394389629364,0.8926829099655151,0.8851127624511719
YGR268C,YLL029W,0,-0.30647737,0.09389430284500122,0.8926829099655151,0.8852130174636841
YCR105W,YDL225W,0,-0.3064874,0.0938846692442894,0.8926829099655151,0.8853132724761963
YML091C,YIL173W,0,-0.3066664,0.09387503564357758,0.8926829099655151,0.8854135274887085
YPL104W,YCL024W,0,-0.30678484,0.09386540949344635,0.8926829099655151,0.8855137825012207
YIL133C,YER145C,0,-0.30687034,0.09385578334331512,0.8926829099655151,0.8856140375137329
YNL016W,YER103W,0,-0.30709732,0.0938461571931839,0.8926829099655151,0.8857142925262451
YDR253C,YGL256W,0,-0.3071815,0.09383653104305267,0.8926829099655151,0.8858145475387573
YDR105C,YGL112C,0,-0.30735236,0.09382690489292145,0.8926829099655151,0.8859148025512695
YMR281W,YPR127W,0,-0.3074848,0.09381728619337082,0.8926829099655151,0.8860150575637817
YNL049C,YKR055W,0,-0.30754262,0.09380766749382019,0.8926829099655151,0.886115312576294
YCL054W,YHR153C,0,-0.30756712,0.09379804879426956,0.8926829099655151,0.8862155675888062
YER114C,YDR364C,0,-0.30757043,0.09378843754529953,0.8926829099655151,0.8863157629966736
YEL001C,YML100W,0,-0.30778214,0.0937788262963295,0.8926829099655151,0.8864160180091858
YNL306W,YEL016C,0,-0.3078415,0.09376921504735947,0.8926829099655151,0.886516273021698
YNL001W,YPL169C,0,-0.30815554,0.09375960379838943,0.8926829099655151,0.8866165280342102
YGR268C,YDR406W,0,-0.30830076,0.09375,0.8926829099655151,0.8867167830467224
YLR007W,YER110C,0,-0.3083408,0.09374039620161057,0.8926829099655151,0.8868170380592346
YPL011C,YPL058C,0,-0.30843884,0.09373079240322113,0.8926829099655151,0.8869172930717468
YDL180W,YDR298C,0,-0.30849007,0.0937211886048317,0.8926829099655151,0.887017548084259
YDR207C,YMR149W,0,-0.30859113,0.09371159225702286,0.8926829099655151,0.8871178030967712
YDR423C,YOR372C,0,-0.30860713,0.09370199590921402,0.8926829099655151,0.8872180581092834
YPL225W,YGR020C,0,-0.30879405,0.09369239956140518,0.8926829099655151,0.8873183131217957
YER094C,YKL213C,1,-0.30884647,0.09378519654273987,0.8936585187911987,0.8873183131217957
YCL047C,YDR087C,0,-0.3089321,0.09377559274435043,0.8936585187911987,0.8874185681343079
YIR011C,YHR027C,1,-0.30898285,0.09386835992336273,0.8946341276168823,0.8874185681343079
YLR304C,YIL070C,0,-0.30907193,0.0938587486743927,0.8946341276168823,0.8875188231468201
YPL092W,YOR323C,0,-0.30941194,0.09384914487600327,0.8946341276168823,0.8876190185546875
YER117W,YHR041C,0,-0.30950963,0.09383954107761383,0.8946341276168823,0.8877192735671997
YDL247W,YER090W,0,-0.30969673,0.0938299372792244,0.8946341276168823,0.8878195285797119
YPL002C,YFL009W,1,-0.3097602,0.09392265230417252,0.8956097364425659,0.8878195285797119
YPR181C,YMR161W,1,-0.30977827,0.09401534497737885,0.8965853452682495,0.8878195285797119
YBR010W,YLR324W,0,-0.30981424,0.09400572627782822,0.8965853452682495,0.8879197835922241
YCR031C,YFL005W,0,-0.30984706,0.09399611502885818,0.8965853452682495,0.8880200386047363
YLR007W,YER091C,0,-0.30988544,0.09398650377988815,0.8965853452682495,0.8881202936172485
YDR205W,YBL100W-B,0,-0.31002203,0.09397689253091812,0.8965853452682495,0.8882205486297607
YIL107C,YFL021W,0,-0.3100314,0.09396728128194809,0.8965853452682495,0.888320803642273
YIL106W,YFR034C,0,-0.3101824,0.09395767003297806,0.8965853452682495,0.8884210586547852
YKL206C,YNL223W,1,-0.31020126,0.09405029565095901,0.8975609540939331,0.8884210586547852
YLR238W,YMR225C,0,-0.31034032,0.09404068440198898,0.8975609540939331,0.8885213136672974
YPR110C,YCR021C,0,-0.3103963,0.09403107315301895,0.8975609540939331,0.8886215686798096
YGR235C,YGR014W,0,-0.3105169,0.09402146190404892,0.8975609540939331,0.8887218236923218
YPR016C,YDL105W,0,-0.31057963,0.09401185065507889,0.8975609540939331,0.888822078704834
YNL183C,YNL244C,0,-0.3105908,0.09400224685668945,0.8975609540939331,0.8889223337173462
YNL059C,YNL132W,0,-0.3107872,0.09399264305830002,0.8975609540939331,0.8890225291252136
YBR052C,YFR003C,0,-0.31085062,0.09398303925991058,0.8975609540939331,0.8891227841377258
YHL035C,YHL031C,0,-0.3108568,0.09397344291210175,0.8975609540939331,0.889223039150238
YHR043C,YER094C,1,-0.31099126,0.09406597912311554,0.8985365629196167,0.889223039150238
YEL061C,YMR087W,0,-0.31117252,0.0940563753247261,0.8985365629196167,0.8893232941627502
YMR207C,YLR090W,0,-0.31121147,0.09404677152633667,0.8985365629196167,0.8894235491752625
YMR063W,YLR165C,0,-0.3113171,0.09403716772794724,0.8985365629196167,0.8895238041877747
YML005W,YBR172C,0,-0.31134185,0.0940275639295578,0.8985365629196167,0.8896240592002869
YGR156W,YDR174W,0,-0.31139663,0.09401796758174896,0.8985365629196167,0.8897243142127991
YGL158W,YGL191W,0,-0.31147802,0.09400837123394012,0.8985365629196167,0.8898245692253113
YLR128W,YNR007C,1,-0.31170374,0.09410084038972855,0.8995121717453003,0.8898245692253113
YKL006C-A,YJL024C,0,-0.31192023,0.09409123659133911,0.8995121717453003,0.8899248242378235
YPR160W,YLR037C,0,-0.31193742,0.09408163279294968,0.8995121717453003,0.8900250792503357
YBR173C,YER100W,1,-0.31205434,0.09417406469583511,0.9004877805709839,0.8900250792503357
YPR024W,YER151C,1,-0.31208593,0.09426647424697876,0.9014633893966675,0.8900250792503357
YBL058W,YDR086C,1,-0.31224847,0.09435886889696121,0.9024389982223511,0.8900250792503357
YDL046W,YPL169C,0,-0.31225353,0.09434924274682999,0.9024389982223511,0.8901253342628479
YNL023C,YDR021W,0,-0.3122944,0.09433962404727936,0.9024389982223511,0.8902255892753601
YER028C,YJL181W,0,-0.31262606,0.09433000534772873,0.9024389982223511,0.8903258442878723
YFR052W,YDR394W,1,-0.31264502,0.094422347843647,0.9034146070480347,0.8903258442878723
YLL011W,YDR507C,0,-0.3126958,0.09441272169351578,0.9034146070480347,0.8904260396957397
YOR313C,YHR129C,0,-0.3128077,0.09440309554338455,0.9034146070480347,0.890526294708252
YIL068C,YOR084W,0,-0.31286213,0.09439347684383392,0.9034146070480347,0.8906265497207642
YEL054C,YDL134C,0,-0.31304875,0.0943838581442833,0.9034146070480347,0.8907268047332764
YGR118W,YDL003W,0,-0.3130953,0.09437423199415207,0.9034146070480347,0.8908270597457886
YGL229C,YMR043W,0,-0.3134488,0.09436462074518204,0.9034146070480347,0.8909273147583008
YHL027W,YGR120C,0,-0.3134567,0.09435500204563141,0.9034146070480347,0.891027569770813
YHR174W,YBR183W,0,-0.3136603,0.09434539079666138,0.9034146070480347,0.8911278247833252
YOR192C,YGR191W,0,-0.3137025,0.09433577954769135,0.9034146070480347,0.8912280797958374
YJL081C,YPR198W,0,-0.31370977,0.09432616829872131,0.9034146070480347,0.8913283348083496
YMR046C,YLL017W,0,-0.3138741,0.09431656450033188,0.9034146070480347,0.8914285898208618
YNL115C,YNL217W,0,-0.31387517,0.09430695325136185,0.9034146070480347,0.891528844833374
YNL172W,YDR057W,1,-0.3139009,0.09439918398857117,0.9043902158737183,0.891528844833374
YBR035C,YLR348C,0,-0.31398028,0.09438957273960114,0.9043902158737183,0.8916290998458862
YMR153W,YPL018W,0,-0.31414628,0.0943799614906311,0.9043902158737183,0.8917292952537537
YPR100W,YLR109W,0,-0.3141523,0.09437035769224167,0.9043902158737183,0.8918295502662659
YNL330C,YJR119C,0,-0.31420586,0.09436074644327164,0.9043902158737183,0.8919298052787781
YNL029C,YOL147C,0,-0.3143863,0.0943511426448822,0.9043902158737183,0.8920300602912903
YMR032W,YIL119C,0,-0.31439817,0.09434154629707336,0.9043902158737183,0.8921303153038025
YMR318C,YMR223W,0,-0.31440526,0.09433194249868393,0.9043902158737183,0.8922305703163147
YKL170W,YLR301W,0,-0.3148117,0.09432234615087509,0.9043902158737183,0.8923308253288269
YML115C,YLR287C-A,0,-0.3148298,0.09431274980306625,0.9043902158737183,0.8924310803413391
YBR023C,YDL130W,0,-0.31494597,0.09430315345525742,0.9043902158737183,0.8925313353538513
YIR036C,YGR052W,0,-0.3150428,0.09429356455802917,0.9043902158737183,0.8926315903663635
YHR002W,YML016C,0,-0.31521994,0.09428396821022034,0.9043902158737183,0.8927318453788757
YOL045W,YDL154W,0,-0.3152613,0.0942743793129921,0.9043902158737183,0.8928321003913879
YEL013W,YBR286W,0,-0.31527513,0.09426479786634445,0.9043902158737183,0.8929323554039001
YKL034W,YMR105C,0,-0.31531537,0.09425520896911621,0.9043902158737183,0.8930326104164124
YER144C,YFL049W,1,-0.31533277,0.09434729814529419,0.9053658246994019,0.8930326104164124
YDL240W,YIL043C,0,-0.31547153,0.09433770179748535,0.9053658246994019,0.8931328058242798
YLR075W,YKL063C,0,-0.31558037,0.09432811290025711,0.9053658246994019,0.893233060836792
YNL061W,YBR158W,0,-0.31572384,0.09431853145360947,0.9053658246994019,0.8933333158493042
YLR352W,YDL007W,1,-0.31586593,0.09441056847572327,0.9063414931297302,0.8933333158493042
YGR188C,YBR037C,0,-0.3160348,0.09440097212791443,0.9063414931297302,0.8934335708618164
YOR215C,YJL178C,0,-0.31609124,0.09439138323068619,0.9063414931297302,0.8935338258743286
YHR157W,YNL079C,0,-0.31609643,0.09438179433345795,0.9063414931297302,0.8936340808868408
YER023W,YNL046W,0,-0.316108,0.0943722054362297,0.9063414931297302,0.893734335899353
YOR159C,YJR151C,0,-0.31632358,0.09436262398958206,0.9063414931297302,0.8938345909118652
YBL090W,YAL051W,0,-0.31644136,0.09435303509235382,0.9063414931297302,0.8939348459243774
YOR237W,YER120W,0,-0.31656054,0.09434345364570618,0.9063414931297302,0.8940351009368896
YIL064W,YPL027W,0,-0.31661326,0.09433387219905853,0.9063414931297302,0.8941353559494019
YOR182C,YIR012W,0,-0.31672153,0.09432429820299149,0.9063414931297302,0.8942356109619141
YLR056W,YJR097W,0,-0.31674525,0.09431472420692444,0.9063414931297302,0.8943358659744263
YNR016C,YKL017C,0,-0.31706798,0.09430515021085739,0.9063414931297302,0.8944360613822937
YGL210W,YNL135C,0,-0.31746465,0.09429557621479034,0.9063414931297302,0.8945363163948059
YDL122W,YMR067C,1,-0.3175411,0.0943874940276146,0.9073171019554138,0.8945363163948059
YDR424C,YMR312W,0,-0.3175665,0.09437792003154755,0.9073171019554138,0.8946365714073181
YGL223C,YKR014C,0,-0.3175922,0.0943683385848999,0.9073171019554138,0.8947368264198303
YDR134C,YBL098W,0,-0.3176102,0.09435876458883286,0.9073171019554138,0.8948370814323425
YOR244W,YNL112W,0,-0.31766495,0.09434919059276581,0.9073171019554138,0.8949373364448547
YOL076W,YKL154W,0,-0.3177802,0.09433962404727936,0.9073171019554138,0.8950375914573669
YKR099W,YLR107W,0,-0.31779385,0.09433005005121231,0.9073171019554138,0.8951378464698792
YHR179W,YHR096C,0,-0.31791535,0.09432048350572586,0.9073171019554138,0.8952381014823914
YNL048W,YDR110W,0,-0.31793755,0.09431092441082001,0.9073171019554138,0.8953383564949036
YPR017C,YGL173C,0,-0.318133,0.09430135786533356,0.9073171019554138,0.8954386115074158
YOR355W,YNL310C,0,-0.3181518,0.0942917987704277,0.9073171019554138,0.895538866519928
YPL043W,YIL115C,0,-0.31824428,0.09428223967552185,0.9073171019554138,0.8956391215324402
YLR164W,YHL028W,0,-0.31844828,0.094272680580616,0.9073171019554138,0.8957393765449524
YMR208W,YDR368W,0,-0.31845373,0.09426312893629074,0.9073171019554138,0.8958395719528198
YPL131W,YNR055C,0,-0.31845802,0.09425356984138489,0.9073171019554138,0.895939826965332
YJL065C,YMR158W,0,-0.31848225,0.09424401819705963,0.9073171019554138,0.8960400819778442
YAL025C,YMR246W,0,-0.3185162,0.09423447400331497,0.9073171019554138,0.8961403369903564
YDR115W,YGL050W,0,-0.31869456,0.09422492235898972,0.9073171019554138,0.8962405920028687
YIL046W,YGL089C,0,-0.31869966,0.09421537816524506,0.9073171019554138,0.8963408470153809
YPR138C,YPR008W,0,-0.31885296,0.0942058339715004,0.9073171019554138,0.8964411020278931
YKL144C,YDR451C,0,-0.31900042,0.09419628977775574,0.9073171019554138,0.8965413570404053
YJL048C,YKL038W,0,-0.31905925,0.09418675303459167,0.9073171019554138,0.8966416120529175
YDL180W,YNL098C,0,-0.31907654,0.09417721629142761,0.9073171019554138,0.8967418670654297
YIL034C,YNR033W,0,-0.31930184,0.09416767954826355,0.9073171019554138,0.8968421220779419
YNL311C,YKL041W,1,-0.319398,0.09425938874483109,0.9082927107810974,0.8968421220779419
YMR282C,YML061C,0,-0.31942263,0.09424984455108643,0.9082927107810974,0.8969423770904541
YDL019C,YJL173C,0,-0.3194954,0.09424030780792236,0.9082927107810974,0.8970426321029663
YNL180C,YOR001W,0,-0.31969506,0.0942307710647583,0.9082927107810974,0.8971428275108337
YIL080W,YLL050C,0,-0.31973797,0.09422123432159424,0.9082927107810974,0.897243082523346
YOR359W,YLL003W,0,-0.31976512,0.09421169757843018,0.9082927107810974,0.8973433375358582
YDL154W,YGR037C,0,-0.31987458,0.09420216828584671,0.9082927107810974,0.8974435925483704
YML057W,YPR162C,0,-0.31990913,0.09419263154268265,0.9082927107810974,0.8975438475608826
YKL090W,YCL067C,0,-0.31992152,0.09418310225009918,0.9082927107810974,0.8976441025733948
YER177W,YKL181W,0,-0.3200525,0.09417358040809631,0.9082927107810974,0.897744357585907
YLR050C,YER091C,0,-0.32005507,0.09416405111551285,0.9082927107810974,0.8978446125984192
YBR066C,YBR276C,0,-0.32010558,0.09415452927350998,0.9082927107810974,0.8979448676109314
YCR039C,YJR057W,0,-0.3201779,0.09414500743150711,0.9082927107810974,0.8980451226234436
YLR106C,YLR321C,0,-0.32018924,0.09413549304008484,0.9082927107810974,0.8981453776359558
YOR066W,YNL063W,0,-0.32019886,0.09412597119808197,0.9082927107810974,0.898245632648468
YJL125C,YDR328C,0,-0.32021606,0.0941164568066597,0.9082927107810974,0.8983458876609802
YMR023C,YLR259C,0,-0.3202881,0.09410694241523743,0.9082927107810974,0.8984461426734924
YDL128W,YDL139C,0,-0.32036856,0.09409743547439575,0.9082927107810974,0.8985463380813599
YDL017W,YBR180W,0,-0.3205507,0.09408792108297348,0.9082927107810974,0.8986465930938721
YHR027C,YAR035W,0,-0.32068542,0.0940784141421318,0.9082927107810974,0.8987468481063843
YOR380W,YBR016W,0,-0.32069364,0.09406890720129013,0.9082927107810974,0.8988471031188965
YDR040C,YCR092C,0,-0.320785,0.09405940771102905,0.9082927107810974,0.8989473581314087
YPR032W,YGL240W,0,-0.32085344,0.09404990077018738,0.9082927107810974,0.8990476131439209
YBR034C,YOR241W,0,-0.3210333,0.0940404012799263,0.9082927107810974,0.8991478681564331
YML063W,YBR074W,0,-0.32104567,0.09403090924024582,0.9082927107810974,0.8992481231689453
YLR097C,YNL223W,1,-0.3210764,0.09412240236997604,0.909268319606781,0.8992481231689453
YLR295C,YNL001W,0,-0.32111692,0.09411289542913437,0.909268319606781,0.8993483781814575
YPL043W,YGR144W,0,-0.321371,0.09410339593887329,0.909268319606781,0.8994486331939697
YOL142W,YFL041W,0,-0.32170793,0.09409388899803162,0.909268319606781,0.8995488882064819
YOR091W,YOR359W,0,-0.32181746,0.09408439695835114,0.909268319606781,0.8996491432189941
YCR012W,YGR036C,0,-0.32195753,0.09407489746809006,0.909268319606781,0.8997493982315063
YJR101W,YNL137C,0,-0.32205936,0.09406539797782898,0.909268319606781,0.8998496532440186
YDL223C,YBR264C,0,-0.32209265,0.0940559059381485,0.909268319606781,0.899949848651886
YOR219C,YNL092W,0,-0.32217056,0.09404642134904861,0.909268319606781,0.9000501036643982
YBR159W,YOL127W,0,-0.32218224,0.09403692930936813,0.909268319606781,0.9001503586769104
YDL198C,YGL162W,0,-0.3223921,0.09402744472026825,0.909268319606781,0.9002506136894226
YNL070W,YER031C,0,-0.32246062,0.09401795268058777,0.909268319606781,0.9003508687019348
YOL123W,YKL110C,0,-0.3225959,0.09400847554206848,0.909268319606781,0.900451123714447
YDR120C,YLL018C,0,-0.32269368,0.0939989909529686,0.909268319606781,0.9005513787269592
YPR006C,YGR292W,0,-0.32272995,0.09398951381444931,0.909268319606781,0.9006516337394714
YCR107W,YDL144C,0,-0.3227589,0.09398003667593002,0.909268319606781,0.9007518887519836
YKL007W,YCR038C,0,-0.3227898,0.09397055953741074,0.909268319606781,0.9008521437644958
YOR127W,YML045W,0,-0.32282823,0.09396108239889145,0.909268319606781,0.9009523987770081
YLR151C,YBR286W,0,-0.32283014,0.09395161271095276,0.909268319606781,0.9010526537895203
YBR271W,YBL112C,0,-0.32296956,0.09394214302301407,0.909268319606781,0.9011529088020325
YML071C,YLR350W,0,-0.32304537,0.09393267333507538,0.909268319606781,0.9012531042098999
YIL111W,YNL175C,0,-0.323124,0.09392321109771729,0.909268319606781,0.9013533592224121
YLR119W,YBR290W,1,-0.32332286,0.09401451051235199,0.9102439284324646,0.9013533592224121
YCR107W,YPL168W,0,-0.3233297,0.0940050408244133,0.9102439284324646,0.9014536142349243
YGR135W,YCR047C,0,-0.3235163,0.09399556368589401,0.9102439284324646,0.9015538692474365
YKL135C,YKL178C,0,-0.3236317,0.09398610144853592,0.9102439284324646,0.9016541242599487
YHR214W,YDR404C,0,-0.32380497,0.09397663176059723,0.9102439284324646,0.9017543792724609
YPR132W,YHR133C,0,-0.32381088,0.09396716952323914,0.9102439284324646,0.9018546342849731
YKL218C,YLR324W,0,-0.3238468,0.09395770728588104,0.9102439284324646,0.9019548892974854
YOR221C,YEL005C,0,-0.32397956,0.09394824504852295,0.9102439284324646,0.9020551443099976
YDR105C,YDR100W,0,-0.32406917,0.09393878281116486,0.9102439284324646,0.9021553993225098
YIL022W,YMR015C,0,-0.32415554,0.09392932802438736,0.9102439284324646,0.902255654335022
YPR119W,YBL011W,0,-0.32450277,0.09391987323760986,0.9102439284324646,0.9023559093475342
YOR334W,YFL044C,0,-0.32450485,0.09391041845083237,0.9102439284324646,0.9024561643600464
YBR170C,YKL161C,0,-0.32452208,0.09390096366405487,0.9102439284324646,0.9025564193725586
YKR102W,YLR295C,0,-0.32468408,0.09389151632785797,0.9102439284324646,0.902656614780426
YCL035C,YDR512C,0,-0.32474813,0.09388206899166107,0.9102439284324646,0.9027568697929382
YEL062W,YNL052W,0,-0.32478514,0.09387262165546417,0.9102439284324646,0.9028571248054504
YOR063W,YPR141C,0,-0.32495588,0.09386318176984787,0.9102439284324646,0.9029573798179626
YKL194C,YHR009C,0,-0.32498762,0.09385373443365097,0.9102439284324646,0.9030576348304749
YPR159W,YPL206C,0,-0.32513827,0.09384429454803467,0.9102439284324646,0.9031578898429871
YPL160W,YKR072C,0,-0.32515007,0.09383486211299896,0.9102439284324646,0.9032581448554993
YMR039C,YPL213W,0,-0.3252042,0.09382542222738266,0.9102439284324646,0.9033583998680115
YPL106C,YBL054W,0,-0.32544482,0.09381598979234695,0.9102439284324646,0.9034586548805237
YDR227W,YDL145C,0,-0.32562548,0.09380655735731125,0.9102439284324646,0.9035589098930359
YPR066W,YIR011C,1,-0.3257303,0.09389765560626984,0.9112195372581482,0.9035589098930359
YOR283W,YLR129W,0,-0.32623357,0.09388821572065353,0.9112195372581482,0.9036591649055481
YLR097C,YIR011C,1,-0.32642922,0.09397929161787033,0.9121951460838318,0.9036591649055481
YNL149C,YBL052C,0,-0.32643518,0.09396985173225403,0.9121951460838318,0.9037594199180603
YKL014C,YCR057C,0,-0.32649043,0.09396040439605713,0.9121951460838318,0.9038596749305725
YJL144W,YPR155C,0,-0.32655555,0.09395096451044083,0.9121951460838318,0.9039598703384399
YEL054C,YKL141W,0,-0.32663867,0.09394152462482452,0.9121951460838318,0.9040601253509521
YGR159C,YGR056W,0,-0.32674447,0.09393208473920822,0.9121951460838318,0.9041603803634644
YMR184W,YMR210W,0,-0.32675397,0.09392265230417252,0.9121951460838318,0.9042606353759766
YDR375C,YMR285C,0,-0.3270143,0.09391321986913681,0.9121951460838318,0.9043608903884888
YMR313C,YKR100C,0,-0.32710132,0.0939037874341011,0.9121951460838318,0.904461145401001
YOR001W,YPR031W,0,-0.3271155,0.0938943549990654,0.9121951460838318,0.9045614004135132
YJL096W,YLR105C,0,-0.32715648,0.09388493001461029,0.9121951460838318,0.9046616554260254
YKL016C,YJL053W,0,-0.3272074,0.09387550503015518,0.9121951460838318,0.9047619104385376
YGL028C,YDR342C,0,-0.32734743,0.09386608004570007,0.9121951460838318,0.9048621654510498
YHR035W,YER131W,0,-0.327419,0.09385665506124496,0.9121951460838318,0.904962420463562
YGL089C,YAL028W,0,-0.32760632,0.09384723752737045,0.9121951460838318,0.9050626754760742
YGR017W,YIL123W,0,-0.32765794,0.09383781254291534,0.9121951460838318,0.9051629304885864
YML037C,YNL283C,0,-0.3280504,0.09382840245962143,0.9121951460838318,0.9052631855010986
YEL054C,YMR023C,0,-0.32809806,0.09381898492574692,0.9121951460838318,0.9053633809089661
YNL190W,YOL026C,0,-0.3281315,0.093809574842453,0.9121951460838318,0.9054636359214783
YPR008W,YMR009W,0,-0.3281865,0.09380015730857849,0.9121951460838318,0.9055638909339905
YIL033C,YEL041W,0,-0.32821196,0.09379075467586517,0.9121951460838318,0.9056641459465027
YEL054C,YNL098C,0,-0.32856685,0.09378134459257126,0.9121951460838318,0.9057644009590149
YHR001W-A,YNL246W,0,-0.32876113,0.09377194195985794,0.9121951460838318,0.9058646559715271
YJL155C,YJR102C,0,-0.3287867,0.09376253187656403,0.9121951460838318,0.9059649109840393
YNL132W,YMR033W,0,-0.32882488,0.0937531366944313,0.9121951460838318,0.9060651659965515
YER051W,YKL129C,0,-0.3288896,0.09374373406171799,0.9121951460838318,0.9061654210090637
YDR341C,YDR309C,0,-0.32891777,0.09373433887958527,0.9121951460838318,0.9062656760215759
YDR358W,YOR156C,1,-0.32896358,0.09382518380880356,0.9131707549095154,0.9062656760215759
YBR175W,YEL015W,0,-0.3291797,0.09381577372550964,0.9131707549095154,0.9063659310340881
YDL098C,YPL036W,0,-0.32919818,0.09380637109279633,0.9131707549095154,0.9064661860466003
YDL100C,YDR448W,0,-0.3292064,0.0937969759106636,0.9131707549095154,0.9065664410591125
YOR256C,YKL010C,1,-0.32980013,0.09388777613639832,0.914146363735199,0.9065664410591125
YJR131W,YDR030C,0,-0.3298054,0.0938783660531044,0.914146363735199,0.9066666960716248
YER129W,YAL038W,0,-0.32985395,0.09386896342039108,0.914146363735199,0.9067668914794922
YNL129W,YER104W,0,-0.33010983,0.09385956078767776,0.914146363735199,0.9068671464920044
YNR037C,YHR082C,0,-0.3301853,0.09385015815496445,0.914146363735199,0.9069674015045166
YDR435C,YIR038C,0,-0.33024055,0.09384076297283173,0.914146363735199,0.9070676565170288
YDL082W,YJL144W,0,-0.33030578,0.09383136034011841,0.914146363735199,0.907167911529541
YPR149W,YKL192C,0,-0.3303604,0.09382196515798569,0.914146363735199,0.9072681665420532
YMR099C,YBR016W,0,-0.33044183,0.09381257742643356,0.914146363735199,0.9073684215545654
YJR076C,YLR425W,0,-0.33063257,0.09380318224430084,0.914146363735199,0.9074686765670776
YCR072C,YFL036W,0,-0.33068538,0.09379379451274872,0.914146363735199,0.9075689315795898
YJR068W,YKR014C,0,-0.33071056,0.0937844067811966,0.914146363735199,0.907669186592102
YDR469W,YOR148C,0,-0.33074328,0.09377501904964447,0.914146363735199,0.9077694416046143
YDR464W,YDL145C,0,-0.33093673,0.09376563876867294,0.914146363735199,0.9078696966171265
YMR184W,YML029W,1,-0.33111942,0.0938563123345375,0.9151219725608826,0.9078696966171265
YBR283C,YIL037C,0,-0.331387,0.09384692460298538,0.9151219725608826,0.9079699516296387
YMR314W,YDR177W,1,-0.33166716,0.09393757581710815,0.9160975813865662,0.9079699516296387
YDR146C,YJL191W,0,-0.33169127,0.09392818063497543,0.9160975813865662,0.9080701470375061
YLR005W,YLR007W,0,-0.331708,0.09391878545284271,0.9160975813865662,0.9081704020500183
YHR060W,YMR109W,0,-0.33179876,0.09390939027070999,0.9160975813865662,0.9082706570625305
YPL234C,YGR286C,0,-0.33181953,0.09390000253915787,0.9160975813865662,0.9083709120750427
YDR092W,YJL130C,0,-0.33191657,0.09389060735702515,0.9160975813865662,0.9084711670875549
YIR018W,YPR057W,0,-0.331948,0.09388122707605362,0.9160975813865662,0.9085714221000671
YCR009C,YGL253W,0,-0.33203664,0.0938718393445015,0.9160975813865662,0.9086716771125793
YNL271C,YPR111W,0,-0.33207434,0.09386245161294937,0.9160975813865662,0.9087719321250916
YOR025W,YNL213C,0,-0.33224595,0.09385307133197784,0.9160975813865662,0.9088721871376038
YOL124C,YIR004W,0,-0.3324466,0.09384369105100632,0.9160975813865662,0.908972442150116
YGR188C,YBR061C,0,-0.33260506,0.09383431822061539,0.9160975813865662,0.9090726971626282
YDR019C,YGL183C,0,-0.33283547,0.09382493793964386,0.9160975813865662,0.9091729521751404
YGL137W,YGL127C,0,-0.332919,0.09381556510925293,0.9160975813865662,0.9092732071876526
YIL130W,YPR191W,0,-0.33303156,0.093806192278862,0.9160975813865662,0.9093734622001648
YDR164C,YGL195W,0,-0.3330693,0.09379682689905167,0.9160975813865662,0.9094736576080322
YDR069C,YOL013C,1,-0.33316544,0.0938873365521431,0.9170731902122498,0.9094736576080322
YJR058C,YKL038W,0,-0.33321226,0.09387795627117157,0.9170731902122498,0.9095739126205444
YNR003C,YER145C,0,-0.33332336,0.09386858344078064,0.9170731902122498,0.9096741676330566
YKR098C,YKL124W,1,-0.33332962,0.09395906329154968,0.9180487990379333,0.9096741676330566
YNR043W,YHR142W,0,-0.33337092,0.09394968301057816,0.9180487990379333,0.9097744226455688
YMR006C,YPL207W,0,-0.33345705,0.09394030272960663,0.9180487990379333,0.909874677658081
YDR358W,YMR284W,0,-0.33358252,0.0939309224486351,0.9180487990379333,0.9099749326705933
YKR090W,YMR043W,0,-0.33376408,0.09392154961824417,0.9180487990379333,0.9100751876831055
YCL001W,YLR251W,0,-0.33391088,0.09391217678785324,0.9180487990379333,0.9101754426956177
YDR050C,YLL017W,0,-0.3339537,0.09390280395746231,0.9180487990379333,0.9102756977081299
YNL145W,YOR261C,0,-0.33396795,0.09389343112707138,0.9180487990379333,0.9103759527206421
YPR024W,YNL159C,1,-0.3342183,0.09398383647203445,0.9190244078636169,0.9103759527206421
YPL007C,YDL075W,0,-0.3342855,0.09397446364164352,0.9190244078636169,0.9104762077331543
YKL165C,YDR356W,0,-0.3342907,0.0939650908112526,0.9190244078636169,0.9105764627456665
YDR482C,YNR010W,0,-0.33429325,0.09395571798086166,0.9190244078636169,0.9106767177581787
YJR068W,YHR122W,0,-0.3343697,0.09394634515047073,0.9190244078636169,0.9107769131660461
YCR002C,YJL034W,0,-0.3344498,0.0939369797706604,0.9190244078636169,0.9108771681785583
YGL035C,YDL171C,0,-0.33456552,0.09392760694026947,0.9190244078636169,0.9109774231910706
YLR283W,YBR115C,0,-0.3345878,0.09391824156045914,0.9190244078636169,0.9110776782035828
YLR167W,YPL074W,0,-0.3347209,0.0939088836312294,0.9190244078636169,0.911177933216095
YBL030C,YDR510W,0,-0.3347699,0.09389951825141907,0.9190244078636169,0.9112781882286072
YEL024W,YGR009C,0,-0.3347703,0.09389016032218933,0.9190244078636169,0.9113784432411194
YML059C,YDR500C,0,-0.3349139,0.0938808023929596,0.9190244078636169,0.9114786982536316
YOR340C,YHR005C-A,0,-0.3349277,0.09387145191431046,0.9190244078636169,0.9115789532661438
YPR054W,YOR151C,0,-0.33504072,0.09386209398508072,0.9190244078636169,0.911679208278656
YMR205C,YKL016C,0,-0.3352698,0.09385274350643158,0.9190244078636169,0.9117794632911682
YML113W,YGR214W,0,-0.33533978,0.09384339302778244,0.9190244078636169,0.9118797183036804
YOR014W,YNR017W,0,-0.3353668,0.0938340499997139,0.9190244078636169,0.9119799733161926
YOR069W,YDR055W,0,-0.3353746,0.09382469952106476,0.9190244078636169,0.9120802283287048
YFR025C,YDR011W,0,-0.33571863,0.09381535649299622,0.9190244078636169,0.9121804237365723
YLR107W,YMR036C,0,-0.33573684,0.09380601346492767,0.9190244078636169,0.9122806787490845
YKL022C,YOR124C,1,-0.33582088,0.09389624744653702,0.9200000166893005,0.9122806787490845
YDR444W,YPR010C,0,-0.33593693,0.09388689696788788,0.9200000166893005,0.9123809337615967
YGL220W,YDR234W,0,-0.33601752,0.09387755393981934,0.9200000166893005,0.9124811887741089
YLR017W,YNL166C,0,-0.3360762,0.0938682034611702,0.9200000166893005,0.9125814437866211
YDR411C,YBR118W,0,-0.3361285,0.09385886043310165,0.9200000166893005,0.9126816987991333
YCR024C,YGR174C,0,-0.33627287,0.09384952485561371,0.9200000166893005,0.9127819538116455
YPR175W,YGL168W,0,-0.33641982,0.09384018182754517,0.9200000166893005,0.9128822088241577
YJR035W,YOR120W,0,-0.33649066,0.09383084625005722,0.9200000166893005,0.9129824638366699
YCR010C,YMR242C,0,-0.33649924,0.09382151067256927,0.9200000166893005,0.9130827188491821
YDR440W,YHR149C,0,-0.33678684,0.09381217509508133,0.9200000166893005,0.9131829738616943
YER120W,YDR041W,0,-0.33682942,0.09380284696817398,0.9200000166893005,0.9132832288742065
YML096W,YGR009C,0,-0.33709773,0.09379351139068604,0.9200000166893005,0.9133834838867188
YBR080C,YDR151C,0,-0.33738416,0.09378418326377869,0.9200000166893005,0.913483738899231
YLR181C,YHR153C,0,-0.33748618,0.09377486258745193,0.9200000166893005,0.9135839343070984
YBL060W,YNL221C,0,-0.33748686,0.09376553446054459,0.9200000166893005,0.9136841893196106
YJL029C,YGL003C,0,-0.3376057,0.09375621378421783,0.9200000166893005,0.9137844443321228
YOR247W,YNL119W,0,-0.33768272,0.09374689310789108,0.9200000166893005,0.913884699344635
YHR193C,YGL050W,0,-0.3379097,0.09373757243156433,0.9200000166893005,0.9139849543571472
YLR209C,YNR055C,0,-0.33801913,0.09372825920581818,0.9200000166893005,0.9140852093696594
YGR118W,YLR038C,0,-0.3382284,0.09371894598007202,0.9200000166893005,0.9141854643821716
YGL211W,YML060W,0,-0.33832234,0.09370963275432587,0.9200000166893005,0.9142857193946838
YDR242W,YLL038C,0,-0.3383716,0.09370031952857971,0.9200000166893005,0.914385974407196
YHR120W,YER044C-A,0,-0.33843908,0.09369100630283356,0.9200000166893005,0.9144862294197083
YHL004W,YKL117W,0,-0.33845463,0.093681700527668,0.9200000166893005,0.9145864844322205
YNL214W,YPR180W,0,-0.33855933,0.09367239475250244,0.9200000166893005,0.9146867394447327
YDR402C,YGL064C,0,-0.33873588,0.09366308897733688,0.9200000166893005,0.9147869944572449
YKR101W,YPL213W,0,-0.33890647,0.09365379065275192,0.9200000166893005,0.9148871898651123
YPL085W,YOR168W,0,-0.33893576,0.09364448487758636,0.9200000166893005,0.9149874448776245
YLR038C,YLR158C,0,-0.33917844,0.0936351865530014,0.9200000166893005,0.9150876998901367
YGL211W,YDR518W,0,-0.33951214,0.09362589567899704,0.9200000166893005,0.9151879549026489
YDL130W,YER083C,0,-0.33957422,0.09361659735441208,0.9200000166893005,0.9152882099151611
YCR011C,YAL007C,0,-0.3400367,0.09360730648040771,0.9200000166893005,0.9153884649276733
YJR075W,YER017C,0,-0.3400601,0.09359801560640335,0.9200000166893005,0.9154887199401855
YML133C,YHR156C,0,-0.34019178,0.09358872473239899,0.9200000166893005,0.9155889749526978
YKL192C,YNL135C,0,-0.340431,0.09357944130897522,0.9200000166893005,0.91568922996521
YPL046C,YKL002W,1,-0.3404544,0.09366937726736069,0.9209756255149841,0.91568922996521
YEL001C,YLR048W,0,-0.34051576,0.09366008639335632,0.9209756255149841,0.9157894849777222
YIR014W,YPL221W,0,-0.34053147,0.09365079551935196,0.9209756255149841,0.9158897399902344
YNL079C,YGR105W,0,-0.34060043,0.0936415046453476,0.9209756255149841,0.9159899950027466
YLR427W,YGL195W,0,-0.34081355,0.09363221377134323,0.9209756255149841,0.9160902500152588
YBL021C,YOL124C,0,-0.3410552,0.09362293034791946,0.9209756255149841,0.916190505027771
YGR204W,YML051W,0,-0.3412668,0.0936136469244957,0.9209756255149841,0.9162907004356384
YHL026C,YOR322C,0,-0.34143087,0.09360436350107193,0.9209756255149841,0.9163909554481506
YNL301C,YDR036C,0,-0.34167135,0.09359508007764816,0.9209756255149841,0.9164912104606628
YLR074C,YGR124W,0,-0.34203446,0.09358580410480499,0.9209756255149841,0.916591465473175
YOR044W,YPR180W,0,-0.3423069,0.09357652813196182,0.9209756255149841,0.9166917204856873
YPL271W,YGL030W,0,-0.34235987,0.09356725215911865,0.9209756255149841,0.9167919754981995
YOR057W,YBR273C,1,-0.34245098,0.09365708380937576,0.9219512343406677,0.9167919754981995
YJR021C,YOR026W,0,-0.34253165,0.09364780783653259,0.9219512343406677,0.9168922305107117
YNL288W,YPR174C,0,-0.34254146,0.09363852441310883,0.9219512343406677,0.9169924855232239
YOL129W,YJL206C,0,-0.34263796,0.09362924844026566,0.9219512343406677,0.9170927405357361
YBL072C,YBR067C,0,-0.34267613,0.09361997246742249,0.9219512343406677,0.9171929955482483
YDR158W,YKR061W,0,-0.34286618,0.09361069649457932,0.9219512343406677,0.9172932505607605
YIL036W,YKL217W,0,-0.34299284,0.09360142797231674,0.9219512343406677,0.9173935055732727
YGL243W,YML060W,0,-0.3432811,0.09359215945005417,0.9219512343406677,0.9174937605857849
YNL308C,YFR038W,0,-0.34368777,0.0935828909277916,0.9219512343406677,0.9175939559936523
YDL018C,YDR414C,0,-0.34371614,0.09357362240552902,0.9219512343406677,0.9176942110061646
YLR286C,YBL039C,0,-0.34377068,0.09356435388326645,0.9219512343406677,0.9177944660186768
YDL091C,YOR147W,0,-0.3438987,0.09355509281158447,0.9219512343406677,0.917894721031189
YDR170C,YER130C,0,-0.34400678,0.0935458317399025,0.9219512343406677,0.9179949760437012
YLR001C,YIL033C,0,-0.3442467,0.09353657066822052,0.9219512343406677,0.9180952310562134
YBR170C,YER012W,1,-0.3444319,0.09362628310918808,0.9229268431663513,0.9180952310562134
YLR333C,YDR510W,0,-0.3444464,0.0936170220375061,0.9229268431663513,0.9181954860687256
YJR065C,YLL018C,0,-0.344502,0.09360776096582413,0.9229268431663513,0.9182957410812378
YDL074C,YHL047C,0,-0.3445884,0.09359849244356155,0.9229268431663513,0.91839599609375
YBR211C,YGL232W,0,-0.34466848,0.09358923882246017,0.9229268431663513,0.9184962511062622
YLR172C,YKR072C,0,-0.3446757,0.0935799777507782,0.9229268431663513,0.9185965061187744
YLR251W,YHL017W,0,-0.34471938,0.09357072412967682,0.9229268431663513,0.9186967611312866
YLR207W,YJL197W,1,-0.34474778,0.093660369515419,0.9239024519920349,0.9186967611312866
YLR435W,YNL191W,0,-0.34478253,0.09365110844373703,0.9239024519920349,0.9187970161437988
YAL060W,YBL091C,0,-0.34478965,0.09364184737205505,0.9239024519920349,0.918897271156311
YDR545W,YDR239C,0,-0.3450833,0.09363258630037308,0.9239024519920349,0.9189974665641785
YDR328C,YER031C,0,-0.3452668,0.0936233326792717,0.9239024519920349,0.9190977215766907
YDR137W,YDL198C,0,-0.34528673,0.09361407905817032,0.9239024519920349,0.9191979765892029
YHR174W,YLR258W,0,-0.3453347,0.09360482543706894,0.9239024519920349,0.9192982316017151
YGL058W,YIR025W,1,-0.345376,0.09369440376758575,0.9248780608177185,0.9192982316017151
YBR203W,YER100W,1,-0.34550005,0.09378396719694138,0.9258536696434021,0.9192982316017151
YPL160W,YDR118W,0,-0.34553176,0.0937747061252594,0.9258536696434021,0.9193984866142273
YDL076C,YOR363C,0,-0.3456741,0.09376543760299683,0.9258536696434021,0.9194987416267395
YER165W,YGR085C,0,-0.3459625,0.09375617653131485,0.9258536696434021,0.9195989966392517
YDR219C,YGL227W,1,-0.3460104,0.09384569525718689,0.9268292784690857,0.9195989966392517
YPR060C,YGR254W,0,-0.3460108,0.09383642673492432,0.9268292784690857,0.9196992516517639
YPL180W,YGL016W,0,-0.34608847,0.09382715821266174,0.9268292784690857,0.9197995066642761
YPR100W,YNL096C,0,-0.34621888,0.09381789714097977,0.9268292784690857,0.9198997616767883
YOR046C,YBR267W,0,-0.3463484,0.0938086286187172,0.9268292784690857,0.9200000166893005
YBR031W,YNR003C,0,-0.3463555,0.09379936754703522,0.9268292784690857,0.9201002717018127
YIR025W,YLR309C,0,-0.34640443,0.09379010647535324,0.9268292784690857,0.920200526714325
YNL027W,YNL339C,0,-0.34651852,0.09378084540367126,0.9268292784690857,0.9203007221221924
YJR040W,YLR321C,0,-0.34653133,0.09377159178256989,0.9268292784690857,0.9204009771347046
YDL184C,YNL052W,0,-0.34668854,0.0937623381614685,0.9268292784690857,0.9205012321472168
YML077W,YBR074W,0,-0.346719,0.09375308454036713,0.9268292784690857,0.920601487159729
YGL094C,YLR206W,0,-0.34682584,0.09374383091926575,0.9268292784690857,0.9207017421722412
YCR053W,YOL138C,0,-0.34700406,0.09373458474874496,0.9268292784690857,0.9208019971847534
YDR265W,YKL077W,0,-0.34708384,0.09372533857822418,0.9268292784690857,0.9209022521972656
YMR005W,YBR183W,0,-0.34724665,0.0937160924077034,0.9268292784690857,0.9210025072097778
YNL301C,YKL039W,0,-0.34733415,0.09370684623718262,0.9268292784690857,0.92110276222229
YGL186C,YCL048W,0,-0.347367,0.09369760006666183,0.9268292784690857,0.9212030172348022
YHR109W,YOL093W,0,-0.34760135,0.09368836134672165,0.9268292784690857,0.9213032722473145
YPL058C,YNL041C,0,-0.34761748,0.09367912262678146,0.9268292784690857,0.9214035272598267
YGR135W,YDL007W,1,-0.34769845,0.09376848489046097,0.9278048872947693,0.9214035272598267
YNL151C,YML015C,0,-0.34784552,0.09375924617052078,0.9278048872947693,0.9215037822723389
YFL005W,YDL046W,0,-0.3478465,0.09375,0.9278048872947693,0.9216040372848511
YOR369C,YNR053C,0,-0.34786427,0.09374076128005981,0.9278048872947693,0.9217042326927185
YPR149W,YOR014W,0,-0.34789065,0.09373152256011963,0.9278048872947693,0.9218044877052307
YKL040C,YMR039C,0,-0.34811035,0.09372228384017944,0.9278048872947693,0.9219047427177429
YLR421C,YER100W,1,-0.34815624,0.09381158649921417,0.9287804961204529,0.9219047427177429
YDR007W,YJL136C,0,-0.3482411,0.09380234777927399,0.9287804961204529,0.9220049977302551
YNR072W,YOR150W,0,-0.34825248,0.0937931016087532,0.9287804961204529,0.9221052527427673
YBR271W,YOR168W,0,-0.3485557,0.09378386288881302,0.9287804961204529,0.9222055077552795
YHR169W,YHR164C,0,-0.34878653,0.09377462416887283,0.9287804961204529,0.9223057627677917
YLR409C,YNL026W,0,-0.3488813,0.09376539289951324,0.9287804961204529,0.922406017780304
YJR147W,YOR253W,0,-0.34890038,0.09375615417957306,0.9287804961204529,0.9225062727928162
YDL110C,YGL227W,0,-0.34897965,0.09374692291021347,0.9287804961204529,0.9226065278053284
YMR012W,YDR507C,0,-0.34912145,0.09373769164085388,0.9287804961204529,0.9227067828178406
YBR041W,YNL339C,0,-0.34927678,0.0937284603714943,0.9287804961204529,0.9228070378303528
YJL174W,YDR178W,0,-0.34928083,0.0937192365527153,0.9287804961204529,0.922907292842865
YOR287C,YLL003W,0,-0.34928554,0.09371001273393631,0.9287804961204529,0.9230075478553772
YPR149W,YOR081C,0,-0.3498183,0.09370078891515732,0.9287804961204529,0.9231077432632446
YJR010C-A,YMR039C,0,-0.34982,0.09369156509637833,0.9287804961204529,0.9232079982757568
YDR411C,YIL011W,0,-0.3498438,0.09368234872817993,0.9287804961204529,0.923308253288269
YOL104C,YER068W,0,-0.35000464,0.09367312490940094,0.9287804961204529,0.9234085083007812
YER106W,YJR084W,0,-0.350078,0.09366390854120255,0.9287804961204529,0.9235087633132935
YDL195W,YKR061W,0,-0.35065484,0.09365469962358475,0.9287804961204529,0.9236090183258057
YHR058C,YPR144C,0,-0.35111815,0.09364548325538635,0.9287804961204529,0.9237092733383179
YBR196C,YLR043C,0,-0.35116696,0.09363627433776855,0.9287804961204529,0.9238095283508301
YBR188C,YLR160C,0,-0.35123158,0.09362706542015076,0.9287804961204529,0.9239097833633423
YGR032W,YGL027C,0,-0.35127413,0.09361785650253296,0.9287804961204529,0.9240100383758545
YOL124C,YNL309W,0,-0.35130048,0.09360865503549576,0.9287804961204529,0.9241102933883667
YGL139W,YJL090C,0,-0.35133976,0.09359944611787796,0.9287804961204529,0.9242105484008789
YIR002C,YDR398W,0,-0.35152403,0.09359024465084076,0.9287804961204529,0.9243108034133911
YKL051W,YPL280W,0,-0.35152864,0.09358105063438416,0.9287804961204529,0.9244109988212585
YOL155C,YDR056C,0,-0.35159618,0.09357184916734695,0.9287804961204529,0.9245112538337708
YEL038W,YDL095W,0,-0.35164797,0.09356265515089035,0.9287804961204529,0.924611508846283
YDL146W,YBL025W,0,-0.35203868,0.09355346113443375,0.9287804961204529,0.9247117638587952
YIL112W,YJR029W,0,-0.35207438,0.09354426711797714,0.9287804961204529,0.9248120188713074
YKL156W,YPR200C,0,-0.3522737,0.09353507310152054,0.9287804961204529,0.9249122738838196
YCR014C,YGL116W,0,-0.3525648,0.09352588653564453,0.9287804961204529,0.9250125288963318
YNL190W,YOL029C,0,-0.3526988,0.09351669996976852,0.9287804961204529,0.925112783908844
YJL197W,YKL039W,0,-0.35272104,0.09350751340389252,0.9287804961204529,0.9252130389213562
YLR201C,YHR086W,0,-0.35278153,0.09349832683801651,0.9287804961204529,0.9253132939338684
YHR157W,YML048W,0,-0.3527876,0.0934891477227211,0.9287804961204529,0.9254135489463806
YKL080W,YGL019W,0,-0.35303313,0.09347996860742569,0.9287804961204529,0.9255138039588928
YGL196W,YCR037C,0,-0.35307208,0.09347078949213028,0.9287804961204529,0.925614058971405
YDR012W,YGL093W,0,-0.3536118,0.09346161037683487,0.9287804961204529,0.9257143139839172
YER061C,YJR022W,0,-0.3537238,0.09345243871212006,0.9287804961204529,0.9258145093917847
YLR055C,YDR297W,0,-0.35417992,0.09344326704740524,0.9287804961204529,0.9259147644042969
YLR333C,YDR453C,0,-0.35427868,0.09343409538269043,0.9287804961204529,0.9260150194168091
YDR332W,YHR201C,0,-0.35438874,0.09342492371797562,0.9287804961204529,0.9261152744293213
YIL005W,YOL136C,0,-0.35491705,0.0934157595038414,0.9287804961204529,0.9262155294418335
YKL170W,YNR053C,0,-0.3549841,0.09340659528970718,0.9287804961204529,0.9263157844543457
YDR403W,YIL107C,0,-0.35520762,0.09339743107557297,0.9287804961204529,0.9264160394668579
YOR215C,YDL142C,0,-0.35523537,0.09338826686143875,0.9287804961204529,0.9265162944793701
YLR119W,YEL037C,1,-0.35535026,0.09347719699144363,0.9297561049461365,0.9265162944793701
YGR279C,YPR144C,0,-0.35573694,0.09346802532672882,0.9297561049461365,0.9266165494918823
YBR082C,YDL055C,0,-0.35589695,0.0934588611125946,0.9297561049461365,0.9267168045043945
YLR237W,YIL033C,0,-0.35595334,0.09344969689846039,0.9297561049461365,0.9268170595169067
YPL183C,YFR031C,0,-0.35599685,0.09344053268432617,0.9297561049461365,0.926917314529419
YGL223C,YBL064C,0,-0.35609335,0.09343137592077255,0.9297561049461365,0.9270175695419312
YML097C,YAL026C,0,-0.356865,0.09342221170663834,0.9297561049461365,0.9271177649497986
YOR039W,YER109C,0,-0.35690653,0.09341305494308472,0.9297561049461365,0.9272180199623108
YPL225W,YGL139W,0,-0.35693747,0.0934038981795311,0.9297561049461365,0.927318274974823
YNL159C,YMR022W,1,-0.35773867,0.09349274635314941,0.9307317137718201,0.927318274974823
YKL026C,YDR497C,0,-0.3578105,0.0934835895895958,0.9307317137718201,0.9274185299873352
YLR249W,YJL057C,0,-0.35845408,0.09347442537546158,0.9307317137718201,0.9275187849998474
YML107C,YEL044W,0,-0.35845482,0.09346526861190796,0.9307317137718201,0.9276190400123596
YIL033C,YIL170W,0,-0.35846126,0.09345611184835434,0.9307317137718201,0.9277192950248718
YGL028C,YKL178C,0,-0.35850847,0.09344695508480072,0.9307317137718201,0.927819550037384
YNL145W,YML128C,0,-0.35868394,0.0934378057718277,0.9307317137718201,0.9279198050498962
YBL047C,YLR441C,0,-0.35868895,0.09342865645885468,0.9307317137718201,0.9280200600624084
YEL070W,YDL021W,0,-0.3588757,0.09341950714588165,0.9307317137718201,0.9281203150749207
YNL147W,YLL045C,0,-0.3590641,0.09341035783290863,0.9307317137718201,0.9282205700874329
YIL113W,YLL006W,0,-0.3591255,0.0934012159705162,0.9307317137718201,0.9283208250999451
YJL001W,YKR087C,1,-0.35914043,0.09348996728658676,0.9317073225975037,0.9283208250999451
YBR231C,YML023C,0,-0.35919607,0.09348081797361374,0.9317073225975037,0.9284210801124573
YPR132W,YOR351C,0,-0.35921296,0.09347166121006012,0.9317073225975037,0.9285212755203247
YDL235C,YIL095W,0,-0.35929856,0.0934625193476677,0.9317073225975037,0.9286215305328369
YHR021C,YDL111C,0,-0.3594504,0.09345337003469467,0.9317073225975037,0.9287217855453491
YDR468C,YGR056W,0,-0.35945594,0.09344422817230225,0.9317073225975037,0.9288220405578613
YJL005W,YLL019C,0,-0.3595731,0.09343508630990982,0.9317073225975037,0.9289222955703735
YFL039C,YEL053C,0,-0.3597573,0.0934259444475174,0.9317073225975037,0.9290225505828857
YDL100C,YOL003C,0,-0.35978755,0.09341680258512497,0.9317073225975037,0.929122805595398
YJR118C,YDR033W,0,-0.3598599,0.09340766817331314,0.9317073225975037,0.9292230606079102
YLR277C,YNL065W,0,-0.36005732,0.09339853376150131,0.9317073225975037,0.9293233156204224
YFR037C,YDR257C,0,-0.3600984,0.09338939934968948,0.9317073225975037,0.9294235706329346
YHR114W,YPL151C,0,-0.36053562,0.09338026493787766,0.9317073225975037,0.9295238256454468
YDR014W,YDL225W,0,-0.36060318,0.09337113797664642,0.9317073225975037,0.929624080657959
YMR005W,YDL204W,0,-0.36071092,0.09336201101541519,0.9317073225975037,0.9297243356704712
YDR410C,YNL086W,0,-0.36079842,0.09335288405418396,0.9317073225975037,0.9298245906829834
YCL055W,YGL122C,0,-0.3608001,0.09334375709295273,0.9317073225975037,0.9299247860908508
YOR310C,YDR356W,0,-0.36085683,0.0933346375823021,0.9317073225975037,0.930025041103363
YLR075W,YDL175C,0,-0.36109206,0.09332551807165146,0.9317073225975037,0.9301252961158752
YAL023C,YML106W,0,-0.36114174,0.09331639856100082,0.9317073225975037,0.9302255511283875
YDR059C,YGL141W,1,-0.3613698,0.09340498596429825,0.9326829314231873,0.9302255511283875
YDR265W,YDR312W,0,-0.36137974,0.09339585900306702,0.9326829314231873,0.9303258061408997
YFR032C-A,YNL111C,0,-0.36162636,0.09338673204183578,0.9326829314231873,0.9304260611534119
YPL065W,YLR102C,1,-0.3616744,0.09347528964281082,0.9336585402488708,0.9304260611534119
YPL002C,YJL034W,1,-0.36192092,0.09356382489204407,0.9346341490745544,0.9304260611534119
YLR353W,YBR048W,0,-0.36202127,0.09355469048023224,0.9346341490745544,0.9305263161659241
YFL048C,YGR105W,0,-0.36206222,0.09354554861783981,0.9346341490745544,0.9306265711784363
YOR315W,YEL044W,0,-0.36229843,0.09353642165660858,0.9346341490745544,0.9307268261909485
YDR465C,YGR047C,0,-0.36233863,0.09352728724479675,0.9346341490745544,0.9308270812034607
YGR188C,YOL127W,0,-0.36237568,0.09351816028356552,0.9346341490745544,0.9309273362159729
YMR090W,YPL123C,0,-0.36240667,0.09350902587175369,0.9346341490745544,0.9310275912284851
YMR153W,YJL069C,0,-0.36333966,0.09349989891052246,0.9346341490745544,0.9311278462409973
YIL087C,YDL047W,0,-0.36339897,0.09349077939987183,0.9346341490745544,0.9312280416488647
YMR072W,YPL186C,0,-0.3635136,0.0934816524386406,0.9346341490745544,0.931328296661377
YPL048W,YBR251W,0,-0.36385208,0.09347253292798996,0.9346341490745544,0.9314285516738892
YCR098C,YMR270C,0,-0.3640926,0.09346341341733932,0.9346341490745544,0.9315288066864014
YKR027W,YMR043W,0,-0.36413604,0.09345429390668869,0.9346341490745544,0.9316290616989136
YIL098C,YKL003C,0,-0.36469206,0.09344518184661865,0.9346341490745544,0.9317293167114258
YOL144W,YJL008C,0,-0.3649714,0.09343606978654861,0.9346341490745544,0.931829571723938
YGR105W,YHR119W,0,-0.3650862,0.09342695772647858,0.9346341490745544,0.9319298267364502
YBR038W,YDR308C,0,-0.3652932,0.09341784566640854,0.9346341490745544,0.9320300817489624
YOR266W,YPL074W,0,-0.36534864,0.0934087336063385,0.9346341490745544,0.9321303367614746
YLR344W,YOR145C,0,-0.36554885,0.09339962899684906,0.9346341490745544,0.9322305917739868
YPR182W,YGL195W,0,-0.36565527,0.09339052438735962,0.9346341490745544,0.932330846786499
YJL048C,YOL013C,1,-0.3657884,0.09347889572381973,0.935609757900238,0.932330846786499
YLR127C,YGR178C,0,-0.36634433,0.0934697836637497,0.935609757900238,0.9324311017990112
YGR224W,YGL050W,0,-0.3664974,0.09346067905426025,0.935609757900238,0.9325313568115234
YHR135C,YBR264C,0,-0.36678505,0.09345156699419022,0.935609757900238,0.9326315522193909
YHR069C,YGL171W,0,-0.36684614,0.09344246238470078,0.935609757900238,0.9327318072319031
YML063W,YHR085W,0,-0.36688715,0.09343335777521133,0.935609757900238,0.9328320622444153
YPR095C,YJR042W,0,-0.36691102,0.09342426061630249,0.935609757900238,0.9329323172569275
YKL156W,YDR486C,0,-0.36706513,0.09341515600681305,0.935609757900238,0.9330325722694397
YDR457W,YLL042C,1,-0.36724764,0.09350346028804779,0.9365853667259216,0.9330325722694397
YHR129C,YKL154W,0,-0.36730802,0.09349434822797775,0.9365853667259216,0.9331328272819519
YHR194W,YDL124W,0,-0.3673183,0.09348524361848831,0.9365853667259216,0.9332330822944641
YEL012W,YLR097C,1,-0.3678483,0.09357351809740067,0.9375609755516052,0.9332330822944641
YGL211W,YDR091C,0,-0.36830556,0.09356440603733063,0.9375609755516052,0.9333333373069763
YHR046C,YGR017W,0,-0.36835366,0.09355529397726059,0.9375609755516052,0.9334335923194885
YKL002W,YLR208W,1,-0.3685333,0.09364353120326996,0.9385365843772888,0.9334335923194885
YMR128W,YNL280C,0,-0.36911216,0.09363441914319992,0.9385365843772888,0.9335338473320007
YNL231C,YDL003W,0,-0.3692324,0.09362530708312988,0.9385365843772888,0.9336341023445129
YBR130C,YDL091C,0,-0.36929876,0.09361619502305984,0.9385365843772888,0.9337343573570251
YOR242C,YOR172W,0,-0.36933255,0.09360708296298981,0.9385365843772888,0.9338346123695374
YOR317W,YIL101C,0,-0.36951196,0.09359797835350037,0.9385365843772888,0.9339348077774048
YDR399W,YDR268W,0,-0.3697115,0.09358887374401093,0.9385365843772888,0.934035062789917
YNL149C,YGL170C,0,-0.3697127,0.09357976913452148,0.9385365843772888,0.9341353178024292
YLR203C,YJR084W,0,-0.36978137,0.09357066452503204,0.9385365843772888,0.9342355728149414
YOR182C,YMR215W,0,-0.36990625,0.0935615673661232,0.9385365843772888,0.9343358278274536
YDR077W,YNL156C,0,-0.36997658,0.09355246275663376,0.9385365843772888,0.9344360828399658
YML070W,YKR072C,0,-0.37021944,0.09354336559772491,0.9385365843772888,0.934536337852478
YOR020C,YBR022W,0,-0.37027508,0.09353427588939667,0.9385365843772888,0.9346365928649902
YMR004W,YGL031C,0,-0.37033007,0.09352517873048782,0.9385365843772888,0.9347368478775024
YGL098W,YJR119C,0,-0.3703869,0.09351608902215958,0.9385365843772888,0.9348371028900146
YMR115W,YNL186W,1,-0.37042707,0.0936041995882988,0.9395121932029724,0.9348371028900146
YIL064W,YML031W,0,-0.37055728,0.09359510242938995,0.9395121932029724,0.9349373579025269
YGL073W,YOR120W,0,-0.370655,0.09358600527048111,0.9395121932029724,0.9350376129150391
YEL027W,YDR236C,0,-0.37120932,0.09357691556215286,0.9395121932029724,0.9351378679275513
YNR055C,YER031C,0,-0.37162334,0.09356781840324402,0.9395121932029724,0.9352381229400635
YEL065W,YOR378W,0,-0.37197697,0.09355872869491577,0.9395121932029724,0.9353383183479309
YGR253C,YDR002W,1,-0.3720135,0.09364678710699081,0.940487802028656,0.9353383183479309
YOR132W,YPR043W,0,-0.37211332,0.09363768994808197,0.940487802028656,0.9354385733604431
YDL217C,YLR040C,0,-0.37223005,0.09362859278917313,0.940487802028656,0.9355388283729553
YJL052W,YBR022W,0,-0.37252915,0.09361950308084488,0.940487802028656,0.9356390833854675
YDR429C,YDR040C,0,-0.37253392,0.09361041337251663,0.940487802028656,0.9357393383979797
YJR058C,YML051W,0,-0.37277636,0.09360132366418839,0.940487802028656,0.9358395934104919
YOR291W,YBL028C,0,-0.37281036,0.09359223395586014,0.940487802028656,0.9359398484230042
YDR533C,YGR044C,0,-0.37283158,0.09358314424753189,0.940487802028656,0.9360401034355164
YIL005W,YBR169C,0,-0.37355587,0.09357406198978424,0.940487802028656,0.9361403584480286
YHR060W,YIR011C,0,-0.3737232,0.09356497973203659,0.940487802028656,0.9362406134605408
YDR402C,YKL059C,0,-0.3739252,0.09355589747428894,0.940487802028656,0.936340868473053
YPL091W,YML051W,0,-0.3740826,0.09354682266712189,0.940487802028656,0.9364411234855652
YLR023C,YHR023W,0,-0.37432203,0.09353774785995483,0.940487802028656,0.9365413784980774
YML041C,YOL101C,0,-0.37453604,0.09352867305278778,0.940487802028656,0.9366416335105896
YIL002C,YDR512C,0,-0.37456858,0.09351959824562073,0.940487802028656,0.936741828918457
YMR240C,YJR123W,0,-0.3746839,0.09351052343845367,0.940487802028656,0.9368420839309692
YPR041W,YLR186W,0,-0.37476623,0.09350145608186722,0.940487802028656,0.9369423389434814
YPL097W,YMR272C,0,-0.3749199,0.09349238872528076,0.940487802028656,0.9370425939559937
YJR010C-A,YJL143W,0,-0.3752061,0.0934833213686943,0.940487802028656,0.9371428489685059
YJR118C,YJR117W,0,-0.37549216,0.09347425401210785,0.940487802028656,0.9372431039810181
YLL027W,YIL112W,0,-0.37575877,0.09346519410610199,0.940487802028656,0.9373433589935303
YOR027W,YJR046W,0,-0.375801,0.09345613420009613,0.940487802028656,0.9374436140060425
YPL111W,YHR179W,0,-0.3758237,0.09344707429409027,0.940487802028656,0.9375438690185547
YLR220W,YAL023C,0,-0.37607992,0.09343801438808441,0.940487802028656,0.9376441240310669
YGR268C,YOR155C,0,-0.37626338,0.09342896193265915,0.940487802028656,0.9377443790435791
YPL196W,YNL073W,0,-0.37669605,0.09341990202665329,0.940487802028656,0.9378446340560913
YHR058C,YIL144W,0,-0.37742487,0.09341084957122803,0.940487802028656,0.9379448890686035
YCL057W,YPL064C,0,-0.37756813,0.09340180456638336,0.940487802028656,0.938045084476471
YHR158C,YDR056C,0,-0.3776788,0.0933927521109581,0.940487802028656,0.9381453394889832
YFR047C,YHR096C,0,-0.3777517,0.09338370710611343,0.940487802028656,0.9382455945014954
YDR394W,YIL007C,1,-0.37778717,0.09347151964902878,0.9414634108543396,0.9382455945014954
YOR043W,YLR009W,0,-0.37779397,0.09346246719360352,0.9414634108543396,0.9383458495140076
YLR147C,YPL121C,0,-0.37819082,0.09345342218875885,0.9414634108543396,0.9384461045265198
YMR142C,YNL070W,0,-0.3785223,0.09344436973333359,0.9414634108543396,0.938546359539032
YFR004W,YEL019C,1,-0.37862998,0.09353214502334595,0.9424390196800232,0.938546359539032
YDR145W,YOR046C,0,-0.37879738,0.09352309256792068,0.9424390196800232,0.9386466145515442
YMR221C,YHR001W-A,0,-0.37884292,0.09351404011249542,0.9424390196800232,0.9387468695640564
YJL054W,YPR024W,0,-0.3788582,0.09350498765707016,0.9424390196800232,0.9388471245765686
YJL048C,YOR219C,0,-0.37886348,0.0934959352016449,0.9424390196800232,0.9389473795890808
YOR155C,YDR421W,0,-0.37936473,0.09348689019680023,0.9424390196800232,0.939047634601593
YGR161C,YGR181W,0,-0.3798475,0.09347783774137497,0.9424390196800232,0.9391478896141052
YEL037C,YDR409W,1,-0.38003916,0.09356555342674255,0.9434146285057068,0.9391478896141052
YIL036W,YNR018W,0,-0.38016495,0.09355650097131729,0.9434146285057068,0.9392481446266174
YDR211W,YJR140C,0,-0.3802194,0.09354744851589203,0.9434146285057068,0.9393483996391296
YML101C,YLR382C,0,-0.38042173,0.09353840351104736,0.9434146285057068,0.9394485950469971
YGL004C,YKL213C,1,-0.38047862,0.09362607449293137,0.9443902373313904,0.9394485950469971
YMR127C,YDL227C,0,-0.38114268,0.0936170220375061,0.9443902373313904,0.9395488500595093
YER164W,YDR238C,0,-0.38144872,0.09360796958208084,0.9443902373313904,0.9396491050720215
YER007C-A,YBR189W,0,-0.3818276,0.09359891712665558,0.9443902373313904,0.9397493600845337
YPR049C,YDR326C,0,-0.38183594,0.09358986467123032,0.9443902373313904,0.9398496150970459
YGL190C,YKR088C,0,-0.38212544,0.09358081966638565,0.9443902373313904,0.9399498701095581
YKR068C,YJL059W,0,-0.3824749,0.09357177466154099,0.9443902373313904,0.9400501251220703
YER088C,YOL102C,0,-0.38253197,0.09356272965669632,0.9443902373313904,0.9401503801345825
YGR094W,YOR250C,0,-0.38260135,0.09355368465185165,0.9443902373313904,0.9402506351470947
YDR375C,YMR063W,0,-0.3826428,0.09354464709758759,0.9443902373313904,0.9403508901596069
YCL066W,YER045C,0,-0.38269258,0.09353560954332352,0.9443902373313904,0.9404511451721191
YDR019C,YLL022C,0,-0.38277274,0.09352657198905945,0.9443902373313904,0.9405514001846313
YLR060W,YMR302C,0,-0.38278416,0.09351753443479538,0.9443902373313904,0.9406516551971436
YER021W,YER094C,1,-0.38290256,0.09360510110855103,0.945365846157074,0.9406516551971436
YOR253W,YHR059W,0,-0.38320082,0.09359605610370636,0.945365846157074,0.940751850605011
YLR207W,YLR024C,1,-0.3832465,0.09368360042572021,0.9463414549827576,0.940751850605011
YJR021C,YPR055W,0,-0.38347456,0.09367455542087555,0.9463414549827576,0.9408521056175232
YAR035W,YLR259C,0,-0.3835218,0.09366551041603088,0.9463414549827576,0.9409523606300354
YGL220W,YDL018C,0,-0.38356555,0.09365646541118622,0.9463414549827576,0.9410526156425476
YMR049C,YMR225C,0,-0.3837757,0.09364742040634155,0.9463414549827576,0.9411528706550598
YPL202C,YDL095W,0,-0.38422537,0.09363838285207748,0.9463414549827576,0.941253125667572
YGL123W,YER127W,0,-0.38430232,0.09362934529781342,0.9463414549827576,0.9413533806800842
YEL044W,YPR110C,0,-0.3843043,0.09362030774354935,0.9463414549827576,0.9414536356925964
YOR290C,YDR023W,0,-0.3843369,0.09361127018928528,0.9463414549827576,0.9415538907051086
YOL103W,YPL198W,0,-0.38434738,0.0936022400856018,0.9463414549827576,0.9416541457176208
YGR253C,YFL044C,1,-0.38440055,0.0936896950006485,0.9473170638084412,0.9416541457176208
YNL238W,YGR026W,0,-0.38444468,0.09368065744638443,0.9473170638084412,0.9417544007301331
YGR175C,YPL213W,0,-0.38451156,0.09367161989212036,0.9473170638084412,0.9418546557426453
YDR050C,YHR103W,0,-0.384636,0.09366258233785629,0.9473170638084412,0.9419549107551575
YJL001W,YJL133W,0,-0.38486558,0.09365355223417282,0.9473170638084412,0.9420551657676697
YKL063C,YGR020C,0,-0.38501507,0.09364451467990875,0.9473170638084412,0.9421553611755371
YHR172W,YNL080C,0,-0.3854183,0.09363548457622528,0.9473170638084412,0.9422556161880493
YNL217W,YHL021C,0,-0.38547805,0.0936264619231224,0.9473170638084412,0.9423558712005615
YFR001W,YJR108W,0,-0.385632,0.09361743181943893,0.9473170638084412,0.9424561262130737
YNL242W,YNL236W,0,-0.38589716,0.09360840916633606,0.9473170638084412,0.9425563812255859
YDR320C,YKR100C,0,-0.38591897,0.09359938651323318,0.9473170638084412,0.9426566362380981
YBR035C,YDL154W,0,-0.3861484,0.09359036386013031,0.9473170638084412,0.9427568912506104
YDR047W,YDR228C,0,-0.38679472,0.09358134120702744,0.9473170638084412,0.9428571462631226
YNL311C,YDL122W,1,-0.3875272,0.09366869181394577,0.9482926726341248,0.9428571462631226
YPL204W,YOR250C,0,-0.38764572,0.0936596617102623,0.9482926726341248,0.9429574012756348
YCR012W,YDL120W,0,-0.38775653,0.09365063905715942,0.9482926726341248,0.943057656288147
YDR520C,YCL001W,0,-0.38826287,0.09364161640405655,0.9482926726341248,0.9431579113006592
YGL037C,YGR007W,0,-0.38858286,0.09363260120153427,0.9482926726341248,0.9432581663131714
YMR046C,YIL173W,0,-0.38875303,0.0936235785484314,0.9482926726341248,0.9433584213256836
YOL062C,YCL004W,0,-0.38879156,0.09361456334590912,0.9482926726341248,0.9434586763381958
YPL167C,YHR110W,0,-0.38915017,0.09360554814338684,0.9482926726341248,0.9435588717460632
YIL009C-A,YDR148C,0,-0.3893531,0.09359653294086456,0.9482926726341248,0.9436591267585754
YGR161C,YDL106C,0,-0.3896079,0.09358752518892288,0.9482926726341248,0.9437593817710876
YIL034C,YJL057C,0,-0.38961166,0.0935785099864006,0.9482926726341248,0.9438596367835999
YFR049W,YFR052W,0,-0.38963595,0.09356950223445892,0.9482926726341248,0.9439598917961121
YMR233W,YJL191W,0,-0.39002353,0.09356049448251724,0.9482926726341248,0.9440601468086243
YJL208C,YMR224C,0,-0.3903184,0.09355149418115616,0.9482926726341248,0.9441604018211365
YLL045C,YPR141C,0,-0.3905339,0.09354248642921448,0.9482926726341248,0.9442606568336487
YNL331C,YKL029C,0,-0.3908334,0.0935334861278534,0.9482926726341248,0.9443609118461609
YNL238W,YLL033W,0,-0.3910534,0.09352448582649231,0.9482926726341248,0.9444611668586731
YOR247W,YBR192W,0,-0.39107692,0.09351549297571182,0.9482926726341248,0.9445614218711853
YLR249W,YJL162C,0,-0.39169896,0.09350649267435074,0.9482926726341248,0.9446616768836975
YMR203W,YNL166C,0,-0.3917275,0.09349749982357025,0.9482926726341248,0.9447619318962097
YMR186W,YGR254W,0,-0.39173934,0.09348850697278976,0.9482926726341248,0.9448621273040771
YOR215C,YMR315W,0,-0.392071,0.09347951412200928,0.9482926726341248,0.9449623823165894
YKL126W,YJR021C,0,-0.39224738,0.09347052872180939,0.9482926726341248,0.9450626373291016
YDR108W,YNL317W,0,-0.3923807,0.0934615358710289,0.9482926726341248,0.9451628923416138
YDR207C,YOR279C,0,-0.3925569,0.09345255047082901,0.9482926726341248,0.945263147354126
YGL092W,YOL067C,0,-0.39284515,0.09344356507062912,0.9482926726341248,0.9453634023666382
YOR386W,YGR112W,0,-0.39319128,0.09343458712100983,0.9482926726341248,0.9454636573791504
YEL012W,YER098W,1,-0.3931972,0.09352172166109085,0.9492682814598083,0.9454636573791504
YBL041W,YMR022W,1,-0.39335597,0.09360884130001068,0.9502438902854919,0.9454636573791504
YLR080W,YJR029W,0,-0.39345348,0.0935998484492302,0.9502438902854919,0.9455639123916626
YFL048C,YDR454C,0,-0.3936078,0.09359085559844971,0.9502438902854919,0.9456641674041748
YLR204W,YBL024W,0,-0.39372095,0.09358186274766922,0.9502438902854919,0.945764422416687
YBL078C,YBR173C,1,-0.39373896,0.09366893768310547,0.9512194991111755,0.945764422416687
YFR052W,YIL097W,1,-0.3938555,0.09375600516796112,0.9521951079368591,0.945764422416687
YPL096W,YDL097C,1,-0.39396214,0.09384305030107498,0.9531707167625427,0.945764422416687
YBR159W,YMR158W,0,-0.39453343,0.0938340350985527,0.9531707167625427,0.9458646774291992
YDR383C,YDR358W,0,-0.3945532,0.09382502734661102,0.9531707167625427,0.9459649324417114
YGR204W,YLR068W,0,-0.39461818,0.09381601959466934,0.9531707167625427,0.9460651874542236
YGR211W,YHR129C,0,-0.39500964,0.09380701184272766,0.9531707167625427,0.9461654424667358
YOR288C,YBR218C,0,-0.39514697,0.09379800409078598,0.9531707167625427,0.9462656378746033
YDR021W,YKL191W,0,-0.39591056,0.0937889963388443,0.9531707167625427,0.9463658928871155
YGR252W,YGR097W,0,-0.3961941,0.09377999603748322,0.9531707167625427,0.9464661478996277
YEL032W,YLR390W-A,0,-0.39636904,0.09377099573612213,0.9531707167625427,0.9465664029121399
YMR119W,YHR108W,1,-0.3965845,0.09385796636343002,0.9541463255882263,0.9465664029121399
YDR257C,YDR527W,0,-0.39671278,0.09384895861148834,0.9541463255882263,0.9466666579246521
YGR238C,YNL217W,0,-0.39672282,0.09383995085954666,0.9541463255882263,0.9467669129371643
YGL135W,YJL225C,0,-0.3968681,0.09383095055818558,0.9541463255882263,0.9468671679496765
YER023W,YLR367W,0,-0.39697286,0.0938219502568245,0.9541463255882263,0.9469674229621887
YNL311C,YBR173C,1,-0.39709604,0.0939088761806488,0.9551219344139099,0.9469674229621887
YDR178W,YIL126W,0,-0.39724442,0.09389986842870712,0.9551219344139099,0.9470676779747009
YKL054C,YDR146C,0,-0.39748865,0.09389086067676544,0.9551219344139099,0.9471679329872131
YML052W,YNL328C,0,-0.39768448,0.09388185292482376,0.9551219344139099,0.9472681879997253
YOR320C,YGL195W,0,-0.3983297,0.09387285262346268,0.9551219344139099,0.9473684430122375
YBR177C,YGL089C,0,-0.39842153,0.09386385232210159,0.9551219344139099,0.9474686980247498
YPL163C,YBR010W,0,-0.39846694,0.09385485202074051,0.9551219344139099,0.9475688934326172
YFL045C,YGR085C,0,-0.39858776,0.09384585916996002,0.9551219344139099,0.9476691484451294
YDL184C,YPR182W,0,-0.3988272,0.09383686631917953,0.9551219344139099,0.9477694034576416
YOL064C,YLR451W,0,-0.39938256,0.09382787346839905,0.9551219344139099,0.9478696584701538
YMR054W,YDR297W,0,-0.3996305,0.09381888061761856,0.9551219344139099,0.947969913482666
YNL248C,YOR047C,0,-0.39973176,0.09380988776683807,0.9551219344139099,0.9480701684951782
YMR211W,YDR083W,0,-0.40021122,0.09380090236663818,0.9551219344139099,0.9481704235076904
YDL200C,YNL096C,0,-0.40058964,0.0937919169664383,0.9551219344139099,0.9482706785202026
YBR296C,YLR143W,0,-0.40071076,0.0937829315662384,0.9551219344139099,0.9483709335327148
YHR111W,YGR003W,1,-0.4013955,0.09386973083019257,0.9560975432395935,0.9483709335327148
YDL015C,YNL046W,0,-0.40146354,0.09386073797941208,0.9560975432395935,0.948471188545227
YKL145W,YDR120C,0,-0.40202692,0.09385175257921219,0.9560975432395935,0.9485714435577393
YOR290C,YNL133C,0,-0.40204424,0.0938427671790123,0.9560975432395935,0.9486716985702515
YPL090C,YMR198W,0,-0.40222242,0.09383378177881241,0.9560975432395935,0.9487719535827637
YBL026W,YKR095W,0,-0.40224463,0.09382479637861252,0.9560975432395935,0.9488722085952759
YHR088W,YBR189W,0,-0.4031102,0.09381581097841263,0.9560975432395935,0.9489724040031433
YDR177W,YOR117W,1,-0.40346512,0.09390255808830261,0.9570731520652771,0.9489724040031433
YJL052W,YNL010W,0,-0.40365058,0.09389356523752213,0.9570731520652771,0.9490726590156555
YBL085W,YER045C,0,-0.40371177,0.09388457983732224,0.9570731520652771,0.9491729140281677
YGL049C,YHL047C,0,-0.4037282,0.09387559443712234,0.9570731520652771,0.9492731690406799
YGR105W,YGL026C,0,-0.40406555,0.09386661648750305,0.9570731520652771,0.9493734240531921
YLR352W,YOR230W,0,-0.4041372,0.09385763853788376,0.9570731520652771,0.9494736790657043
YJR098C,YGL106W,0,-0.40420684,0.09384865313768387,0.9570731520652771,0.9495739340782166
YPL269W,YHR064C,0,-0.40441796,0.09383967518806458,0.9570731520652771,0.9496741890907288
YCR024C,YGL083W,0,-0.40482306,0.09383070468902588,0.9570731520652771,0.949774444103241
YJL166W,YHR028C,0,-0.40486932,0.09382172673940659,0.9570731520652771,0.9498746991157532
YJR110W,YPL089C,0,-0.40487325,0.09381275624036789,0.9570731520652771,0.9499749541282654
YLR075W,YJR042W,0,-0.40507773,0.0938037857413292,0.9570731520652771,0.9500752091407776
YGR253C,YMR035W,0,-0.40511978,0.0937948152422905,0.9570731520652771,0.9501754641532898
YMR152W,YML028W,0,-0.40512252,0.0937858521938324,0.9570731520652771,0.9502756595611572
YCL043C,YOL086C,0,-0.40527603,0.0937768891453743,0.9570731520652771,0.9503759145736694
YJL190C,YDR246W,0,-0.40533638,0.0937679186463356,0.9570731520652771,0.9504761695861816
YDR531W,YKL043W,0,-0.40534118,0.0937589630484581,0.9570731520652771,0.9505764245986938
YOR247W,YKL108W,0,-0.40546137,0.09375,0.9570731520652771,0.950676679611206
YGR054W,YDR510W,0,-0.4057328,0.0937410444021225,0.9570731520652771,0.9507769346237183
YFL025C,YNL186W,1,-0.40584645,0.09382763504981995,0.9580487608909607,0.9507769346237183
YKL022C,YDL122W,1,-0.40599912,0.0939142033457756,0.9590243697166443,0.9507769346237183
YMR133W,YHR039C-A,0,-0.40601894,0.09390523284673691,0.9590243697166443,0.9508771896362305
YKL069W,YOR098C,0,-0.40618765,0.09389626234769821,0.9590243697166443,0.9509774446487427
YIL088C,YBL034C,0,-0.40620878,0.09388729929924011,0.9590243697166443,0.9510776996612549
YGR253C,YOL082W,1,-0.40635538,0.09397383034229279,0.9599999785423279,0.9510776996612549
YGL139W,YOL123W,0,-0.40642795,0.09396485984325409,0.9599999785423279,0.9511779546737671
YBR081C,YMR051C,0,-0.40643358,0.0939558893442154,0.9599999785423279,0.9512782096862793
YDR528W,YOR039W,0,-0.40646124,0.0939469188451767,0.9599999785423279,0.9513784646987915
YDR255C,YDR069C,1,-0.40651762,0.09403341263532639,0.9609755873680115,0.9513784646987915
YML028W,YBR012W-B,0,-0.40657037,0.09402443468570709,0.9609755873680115,0.9514787197113037
YMR004W,YIL125W,0,-0.40663117,0.0940154641866684,0.9609755873680115,0.9515789747238159
YPL111W,YDL061C,0,-0.4070289,0.0940064862370491,0.9609755873680115,0.9516791701316833
YMR269W,YBL100W-B,0,-0.4071648,0.0939975157380104,0.9609755873680115,0.9517794251441956
YLR441C,YBL082C,0,-0.40724134,0.09398855268955231,0.9609755873680115,0.9518796801567078
YNL026W,YML018C,0,-0.40762413,0.09397958219051361,0.9609755873680115,0.95197993516922
YKL040C,YDR140W,0,-0.40777677,0.09397061914205551,0.9609755873680115,0.9520801901817322
YDL123W,YBL041W,0,-0.4078802,0.09396164864301682,0.9609755873680115,0.9521804451942444
YDR115W,YNL162W,0,-0.40800047,0.09395269304513931,0.9609755873680115,0.9522807002067566
YLR327C,YMR316W,0,-0.40814024,0.09394372999668121,0.9609755873680115,0.9523809552192688
YFL049W,YOR362C,1,-0.4081439,0.09403013437986374,0.9619511961936951,0.9523809552192688
YIR014W,YOL084W,0,-0.40838674,0.09402117133140564,0.9619511961936951,0.952481210231781
YML127W,YOR288C,0,-0.4084474,0.09401220083236694,0.9619511961936951,0.9525814652442932
YMR133W,YGL040C,0,-0.40872404,0.09400323778390884,0.9619511961936951,0.9526817202568054
YOR233W,YOL141W,0,-0.40888605,0.09399428218603134,0.9619511961936951,0.9527819752693176
YHR086W,YJL029C,0,-0.40898925,0.09398531913757324,0.9619511961936951,0.9528822302818298
YJL128C,YML106W,0,-0.40944552,0.09397636353969574,0.9619511961936951,0.952982485294342
YGR177C,YER082C,0,-0.40951508,0.09396740794181824,0.9619511961936951,0.9530826807022095
YIL005W,YNL056W,0,-0.41011286,0.09395845234394073,0.9619511961936951,0.9531829357147217
YBR035C,YBR042C,0,-0.4106008,0.09394949674606323,0.9619511961936951,0.9532831907272339
YDR315C,YKR075C,0,-0.41063178,0.09394054859876633,0.9619511961936951,0.9533834457397461
YBR067C,YDR381W,0,-0.41078418,0.09393160045146942,0.9619511961936951,0.9534837007522583
YLR093C,YML094W,0,-0.41079447,0.09392265230417252,0.9619511961936951,0.9535839557647705
YER112W,YLR208W,0,-0.41090107,0.09391370415687561,0.9619511961936951,0.9536842107772827
YBR094W,YPR046W,0,-0.41099995,0.0939047634601593,0.9619511961936951,0.9537844657897949
YPR163C,YGL198W,0,-0.41111898,0.093895822763443,0.9619511961936951,0.9538847208023071
YNR043W,YBR172C,0,-0.41121933,0.09388688206672668,0.9619511961936951,0.9539849758148193
YLR120C,YDL204W,0,-0.41132647,0.09387794137001038,0.9619511961936951,0.9540852308273315
YMR235C,YBR048W,0,-0.41153252,0.09386900067329407,0.9619511961936951,0.9541854858398438
YGL173C,YHR156C,0,-0.41172647,0.09386006742715836,0.9619511961936951,0.954285740852356
YIL095W,YDR030C,0,-0.4127196,0.09385113418102264,0.9619511961936951,0.9543859362602234
YPL038W,YDL136W,0,-0.41282573,0.09384220093488693,0.9619511961936951,0.9544861912727356
YPL087W,YER139C,0,-0.4132733,0.09383326768875122,0.9619511961936951,0.9545864462852478
YOR256C,YBL084C,1,-0.41344252,0.09391950070858002,0.9629268050193787,0.9545864462852478
YOR227W,YJL191W,0,-0.41350952,0.09391056001186371,0.9629268050193787,0.95468670129776
YLR206W,YBL024W,0,-0.4137435,0.093901626765728,0.9629268050193787,0.9547869563102722
YML029W,YBL041W,1,-0.4138374,0.09398782253265381,0.9639024138450623,0.9547869563102722
YPL063W,YBL013W,0,-0.4143178,0.0939788818359375,0.9639024138450623,0.9548872113227844
YGL104C,YDR378C,0,-0.41438568,0.09396994113922119,0.9639024138450623,0.9549874663352966
YJL174W,YLR259C,0,-0.41442084,0.09396100789308548,0.9639024138450623,0.9550877213478088
YLR096W,YPR095C,0,-0.41451782,0.09395207464694977,0.9639024138450623,0.955187976360321
YKR094C,YDR436W,0,-0.41453603,0.09394314140081406,0.9639024138450623,0.9552882313728333
YGL048C,YDR002W,1,-0.41464967,0.09402928501367569,0.9648780226707458,0.9552882313728333
YIL018W,YPL220W,0,-0.4146814,0.09402034431695938,0.9648780226707458,0.9553884863853455
YDL012C,YJR084W,0,-0.41473043,0.09401140362024307,0.9648780226707458,0.9554887413978577
YGR188C,YOR174W,0,-0.41477233,0.09400247037410736,0.9648780226707458,0.9555889964103699
YBR193C,YJL079C,0,-0.4147998,0.09399353712797165,0.9648780226707458,0.9556892514228821
YJR149W,YMR136W,0,-0.41522378,0.09398460388183594,0.9648780226707458,0.9557894468307495
YDR398W,YIL150C,0,-0.4154616,0.09397567808628082,0.9648780226707458,0.9558897018432617
YHR209W,YLL018C,0,-0.41559166,0.09396674484014511,0.9648780226707458,0.9559899568557739
YGL087C,YGL058W,1,-0.41566333,0.09405282139778137,0.9658536314964294,0.9559899568557739
YCR012W,YPL031C,0,-0.41570398,0.09404388815164566,0.9658536314964294,0.9560902118682861
YLR024C,YJL048C,1,-0.4157099,0.09412994235754013,0.966829240322113,0.9560902118682861
YOR259C,YLL031C,0,-0.4157285,0.09412100166082382,0.966829240322113,0.9561904668807983
YDR358W,YGR253C,1,-0.41639322,0.0942070260643959,0.9678048491477966,0.9561904668807983
YPR073C,YOL031C,0,-0.41658434,0.0941980853676796,0.9678048491477966,0.9562907218933105
YDR511W,YNL079C,0,-0.41661376,0.09418913722038269,0.9678048491477966,0.9563909769058228
YPL126W,YLR083C,0,-0.4169242,0.09418019652366638,0.9678048491477966,0.956491231918335
YPL002C,YJL134W,0,-0.41706982,0.09417125582695007,0.9678048491477966,0.9565914869308472
YEL006W,YEL058W,0,-0.41708744,0.09416231513023376,0.9678048491477966,0.9566917419433594
YNL328C,YGR193C,0,-0.4172637,0.09415338188409805,0.9678048491477966,0.9567919969558716
YBL106C,YOR061W,0,-0.41733417,0.09414444118738174,0.9678048491477966,0.9568922519683838
YNL056W,YOR216C,0,-0.41753435,0.09413550794124603,0.9678048491477966,0.956992506980896
YFR005C,YMR306W,0,-0.41762716,0.09412657469511032,0.9678048491477966,0.9570927023887634
YOL084W,YAR031W,0,-0.41793233,0.0941176488995552,0.9678048491477966,0.9571929574012756
YBR061C,YFR031C-A,0,-0.41802198,0.0941087156534195,0.9678048491477966,0.9572932124137878
YMR105C,YDR224C,0,-0.4186471,0.09409978985786438,0.9678048491477966,0.9573934674263
YCR031C,YJL153C,0,-0.41914684,0.09409086406230927,0.9678048491477966,0.9574937224388123
YHR076W,YDR144C,0,-0.4193877,0.09408194571733475,0.9678048491477966,0.9575939774513245
YLR270W,YOR227W,0,-0.41946828,0.09407301992177963,0.9678048491477966,0.9576942324638367
YDR397C,YPL027W,0,-0.41967696,0.09406410157680511,0.9678048491477966,0.9577944874763489
YML018C,YOL077C,0,-0.41983867,0.0940551832318306,0.9678048491477966,0.9578947424888611
YBR195C,YML023C,0,-0.41989625,0.09404626488685608,0.9678048491477966,0.9579949975013733
YFL017W-A,YFR031C-A,0,-0.4199991,0.09403734654188156,0.9678048491477966,0.9580952525138855
YJL166W,YIL033C,0,-0.42010337,0.09402843564748764,0.9678048491477966,0.9581955075263977
YHR103W,YDR200C,0,-0.42011163,0.09401952475309372,0.9678048491477966,0.9582957625389099
YDL136W,YBL052C,0,-0.42018127,0.0940106138586998,0.9678048491477966,0.9583960175514221
YLR056W,YGL120C,0,-0.4205376,0.09400170296430588,0.9678048491477966,0.9584962129592896
YNR043W,YBR169C,0,-0.42053846,0.09399279952049255,0.9678048491477966,0.9585964679718018
YOR116C,YJL170C,0,-0.42057678,0.09398389607667923,0.9678048491477966,0.958696722984314
YER111C,YDL204W,0,-0.42073023,0.0939749926328659,0.9678048491477966,0.9587969779968262
YFL061W,YER120W,0,-0.42086262,0.09396608918905258,0.9678048491477966,0.9588972330093384
YML027W,YLL045C,0,-0.42091522,0.09395718574523926,0.9678048491477966,0.9589974880218506
YLR208W,YBR267W,0,-0.42150965,0.09394828975200653,0.9678048491477966,0.9590977430343628
YIL130W,YJR102C,0,-0.42184347,0.0939393937587738,0.9678048491477966,0.959197998046875
YNL212W,YOL013C,1,-0.42223024,0.09402518719434738,0.968780517578125,0.959197998046875
YOR016C,YDR384C,0,-0.42245063,0.09401628375053406,0.968780517578125,0.9592982530593872
YLR208W,YFL044C,1,-0.42252377,0.09410205483436584,0.9697561264038086,0.9592982530593872
YPR163C,YGL031C,0,-0.42267713,0.09409314393997192,0.9697561264038086,0.9593985080718994
YDR425W,YMR020W,0,-0.42273676,0.0940842404961586,0.9697561264038086,0.9594987630844116
YGR006W,YFL013C,0,-0.42284408,0.09407533705234528,0.9697561264038086,0.9595990180969238
YBR029C,YBR181C,0,-0.42289674,0.09406643360853195,0.9697561264038086,0.959699273109436
YOR138C,YIR025W,1,-0.42301604,0.09415215998888016,0.9707317352294922,0.959699273109436
YNL084C,YOL010W,0,-0.42362672,0.09414324909448624,0.9707317352294922,0.9597995281219482
YDL132W,YML013W,1,-0.42364264,0.09422895312309265,0.9717073440551758,0.9597995281219482
YDL072C,YLR078C,0,-0.42377007,0.09422003477811813,0.9717073440551758,0.9598997235298157
YDL136W,YKL182W,0,-0.42413235,0.09421112388372421,0.9717073440551758,0.9599999785423279
YKL069W,YML018C,0,-0.4254923,0.09420221298933029,0.9717073440551758,0.9601002335548401
YMR006C,YLL061W,0,-0.42590743,0.09419330209493637,0.9717073440551758,0.9602004885673523
YBR238C,YBL034C,0,-0.42605662,0.09418439865112305,0.9717073440551758,0.9603007435798645
YLR207W,YHR204W,1,-0.42649305,0.09427004307508469,0.9726829528808594,0.9603007435798645
YOR261C,YNL098C,0,-0.42677188,0.09426113218069077,0.9726829528808594,0.9604009985923767
YOR308C,YER168C,0,-0.4269696,0.09425222128629684,0.9726829528808594,0.9605012536048889
YDR100W,YPL160W,0,-0.42790243,0.09424331039190292,0.9726829528808594,0.9606015086174011
YDL145C,YNL251C,0,-0.427956,0.0942344069480896,0.9726829528808594,0.9607017636299133
YBR205W,YLR395C,0,-0.42855528,0.09422549605369568,0.9726829528808594,0.9608020186424255
YML013W,YDR002W,1,-0.4287477,0.09431109577417374,0.973658561706543,0.9608020186424255
YDR074W,YKL150W,0,-0.42875642,0.09430218487977982,0.973658561706543,0.9609022736549377
YNL311C,YDL126C,1,-0.42879027,0.09438775479793549,0.9746341705322266,0.9609022736549377
YPR111W,YMR257C,0,-0.42891282,0.09437883645296097,0.9746341705322266,0.96100252866745
YNL223W,YGL026C,0,-0.4289642,0.09436992555856705,0.9746341705322266,0.9611027836799622
YNL016W,YNL263C,0,-0.42943183,0.09436100721359253,0.9746341705322266,0.9612029790878296
YJL158C,YBL054W,0,-0.4297251,0.09435209631919861,0.9746341705322266,0.9613032341003418
YBR119W,YMR321C,0,-0.43005145,0.09434318542480469,0.9746341705322266,0.961403489112854
YLR017W,YKR085C,0,-0.43048915,0.09433427453041077,0.9746341705322266,0.9615037441253662
YOR355W,YNL290W,0,-0.4307496,0.09432537108659744,0.9746341705322266,0.9616039991378784
YGR214W,YPL196W,0,-0.43081647,0.09431646764278412,0.9746341705322266,0.9617042541503906
YHR077C,YNL129W,0,-0.43100628,0.0943075641989708,0.9746341705322266,0.9618045091629028
YOL126C,YGL127C,0,-0.43104613,0.09429866075515747,0.9746341705322266,0.961904764175415
YDR177W,YGL048C,1,-0.43147492,0.09438414126634598,0.9756097793579102,0.961904764175415
YLL034C,YGR055W,0,-0.4318864,0.09437523782253265,0.9756097793579102,0.9620050191879272
YHR169W,YGR085C,0,-0.43236578,0.09436632692813873,0.9756097793579102,0.9621052742004395
YJL183W,YPL220W,0,-0.43240207,0.09435742348432541,0.9756097793579102,0.9622055292129517
YKR049C,YDR368W,0,-0.43252733,0.09434852004051208,0.9756097793579102,0.9623057842254639
YGL139W,YBR142W,0,-0.43292472,0.09433962404727936,0.9756097793579102,0.9624060392379761
YBL072C,YML018C,0,-0.4329871,0.09433072060346603,0.9756097793579102,0.9625062942504883
YHR142W,YKR048C,0,-0.43374723,0.0943218246102333,0.9756097793579102,0.9626064896583557
YNL049C,YJR049C,0,-0.43407658,0.09431292861700058,0.9756097793579102,0.9627067446708679
YJR104C,YBR160W,0,-0.43433607,0.09430403262376785,0.9756097793579102,0.9628069996833801
YOR222W,YGR123C,0,-0.43486318,0.09429514408111572,0.9756097793579102,0.9629072546958923
YGR159C,YJL025W,0,-0.43522492,0.09428625553846359,0.9756097793579102,0.9630075097084045
YHR150W,YAL015C,0,-0.43546143,0.09427736699581146,0.9756097793579102,0.9631077647209167
YKL217W,YBR022W,0,-0.43555504,0.09426847845315933,0.9756097793579102,0.963208019733429
YNL078W,YNL217W,0,-0.43612063,0.0942595899105072,0.9756097793579102,0.9633082747459412
YLR467W,YLR220W,0,-0.4361511,0.09425070881843567,0.9756097793579102,0.9634085297584534
YBR078W,YLR209C,0,-0.43643132,0.09424182772636414,0.9756097793579102,0.9635087847709656
YJL136C,YLR170C,0,-0.43643242,0.0942329466342926,0.9756097793579102,0.9636090397834778
YKL218C,YKL186C,0,-0.43666247,0.09422406554222107,0.9756097793579102,0.96370929479599
YNL102W,YDR279W,0,-0.4366641,0.09421518445014954,0.9756097793579102,0.9638095498085022
YDR487C,YPL028W,0,-0.4367792,0.0942063108086586,0.9756097793579102,0.9639097452163696
YJL198W,YOL077C,0,-0.43738115,0.09419743716716766,0.9756097793579102,0.9640100002288818
YIL020C,YDR195W,0,-0.43770862,0.09418856352567673,0.9756097793579102,0.964110255241394
YOR043W,YPL061W,0,-0.4379994,0.09417969733476639,0.9756097793579102,0.9642105102539062
YNL301C,YOR236W,0,-0.43824062,0.09417082369327545,0.9756097793579102,0.9643107652664185
YDR371W,YDR262W,0,-0.43826297,0.09416195750236511,0.9756097793579102,0.9644110202789307
YOR004W,YPR187W,0,-0.43859714,0.09415309131145477,0.9756097793579102,0.9645112752914429
YCL066W,YBR222C,0,-0.43867558,0.09414423257112503,0.9756097793579102,0.9646115303039551
YPL248C,YML063W,0,-0.4390646,0.09413536638021469,0.9756097793579102,0.9647117853164673
YNL098C,YLR118C,0,-0.43923312,0.09412650763988495,0.9756097793579102,0.9648120403289795
YMR316W,YHL031C,0,-0.43925604,0.0941176488995552,0.9756097793579102,0.9649122953414917
YKL217W,YLR239C,0,-0.4394771,0.09410879015922546,0.9756097793579102,0.9650125503540039
YDR151C,YEL031W,0,-0.439955,0.09409993141889572,0.9756097793579102,0.9651128053665161
YHR179W,YMR303C,0,-0.44014418,0.09409108012914658,0.9756097793579102,0.9652130603790283
YLR061W,YLR085C,0,-0.44029742,0.09408222883939743,0.9756097793579102,0.9653132557868958
YOR215C,YER020W,0,-0.44040906,0.09407337754964828,0.9756097793579102,0.965413510799408
YNR019W,YFR033C,0,-0.44083884,0.09406452625989914,0.9756097793579102,0.9655137658119202
YNR071C,YHL040C,0,-0.44084325,0.09405568242073059,0.9756097793579102,0.9656140208244324
YAR009C,YER030W,0,-0.44159365,0.09404683858156204,0.9756097793579102,0.9657142758369446
YOR168W,YER025W,0,-0.44168776,0.0940379947423935,0.9756097793579102,0.9658145308494568
YHR021C,YBL041W,0,-0.4423024,0.09402915090322495,0.9756097793579102,0.965914785861969
YLR381W,YDR516C,0,-0.44233906,0.0940203070640564,0.9756097793579102,0.9660150408744812
YOL151W,YLR350W,0,-0.44257396,0.09401147067546844,0.9756097793579102,0.9661152958869934
YGL027C,YMR118C,0,-0.44264865,0.0940026342868805,0.9756097793579102,0.9662155508995056
YFR038W,YNL095C,0,-0.4427554,0.09399379789829254,0.9756097793579102,0.9663158059120178
YDR166C,YIL140W,0,-0.44285953,0.09398496150970459,0.9756097793579102,0.96641606092453
YLR287C-A,YLR033W,0,-0.4431449,0.09397613257169724,0.9756097793579102,0.9665163159370422
YGL111W,YNL065W,0,-0.44344428,0.09396729618310928,0.9756097793579102,0.9666165709495544
YIL074C,YMR019W,0,-0.44344643,0.09395846724510193,0.9756097793579102,0.9667167663574219
YBR294W,YJL189W,0,-0.44345114,0.09394964575767517,0.9756097793579102,0.9668170213699341
YER029C,YHR036W,0,-0.4440475,0.09394081681966782,0.9756097793579102,0.9669172763824463
YLR119W,YNL159C,1,-0.44520265,0.09402592480182648,0.9765853881835938,0.9669172763824463
YHR108W,YDL097C,1,-0.44531566,0.09411101788282394,0.9775609970092773,0.9669172763824463
YGR135W,YLR208W,1,-0.44551253,0.09419609606266022,0.9785366058349609,0.9669172763824463
YAL025C,YDL217C,0,-0.4456129,0.09418724477291107,0.9785366058349609,0.9670175313949585
YPL002C,YIR025W,1,-0.44576877,0.09427230060100555,0.9795122146606445,0.9670175313949585
YPL123C,YDR500C,0,-0.44579786,0.09426344931125641,0.9795122146606445,0.9671177864074707
YOL123W,YKL028W,0,-0.44662106,0.09425459802150726,0.9795122146606445,0.9672180414199829
YPR168W,YOR265W,0,-0.44688278,0.09424575418233871,0.9795122146606445,0.9673182964324951
YJL048C,YML086C,0,-0.44730186,0.09423690289258957,0.9795122146606445,0.9674185514450073
YBR022W,YMR205C,0,-0.44743517,0.09422805905342102,0.9795122146606445,0.9675188064575195
YLR249W,YOR272W,0,-0.44779986,0.09421922266483307,0.9795122146606445,0.9676190614700317
YER072W,YCL043C,0,-0.44818628,0.09421037882566452,0.9795122146606445,0.967719316482544
YDL097C,YPR108W,1,-0.44819054,0.09429536759853363,0.9804878234863281,0.967719316482544
YCR020C,YJR117W,0,-0.4495984,0.09428651630878448,0.9804878234863281,0.9678195714950562
YDR411C,YMR022W,0,-0.44967315,0.09427767246961594,0.9804878234863281,0.9679198265075684
YDR062W,YKL043W,0,-0.44975507,0.09426882863044739,0.9804878234863281,0.9680200219154358
YDR415C,YKL054C,0,-0.45014983,0.09425999224185944,0.9804878234863281,0.968120276927948
YNL066W,YDR384C,0,-0.45065594,0.09425114840269089,0.9804878234863281,0.9682205319404602
YOL082W,YOR215C,0,-0.45068437,0.09424231201410294,0.9804878234863281,0.9683207869529724
YJL080C,YLL035W,0,-0.45165658,0.09423347562551498,0.9804878234863281,0.9684210419654846
YHL027W,YGL096W,0,-0.45206624,0.09422463923692703,0.9804878234863281,0.9685212969779968
YER032W,YDR512C,0,-0.45213017,0.09421580284833908,0.9804878234863281,0.968621551990509
YNL310C,YGR286C,0,-0.45240843,0.09420697391033173,0.9804878234863281,0.9687218070030212
YOR096W,YDR300C,0,-0.4531821,0.09419814497232437,0.9804878234863281,0.9688220620155334
YDR285W,YOR054C,0,-0.45329818,0.09418931603431702,0.9804878234863281,0.9689223170280457
YAL011W,YNL278W,0,-0.4536056,0.09418048709630966,0.9804878234863281,0.9690225720405579
YMR093W,YKL099C,0,-0.4538623,0.0941716656088829,0.9804878234863281,0.9691228270530701
YBL085W,YNR020C,0,-0.4544358,0.09416284412145615,0.9804878234863281,0.9692230820655823
YKL081W,YML034W,0,-0.45451272,0.09415402263402939,0.9804878234863281,0.9693233370780945
YIL138C,YKL063C,0,-0.4547748,0.09414520114660263,0.9804878234863281,0.9694235324859619
YMR072W,YFR031C-A,0,-0.45480737,0.09413637965917587,0.9804878234863281,0.9695237874984741
YOR299W,YDR228C,0,-0.45550096,0.09412756562232971,0.9804878234863281,0.9696240425109863
YKL081W,YOR086C,0,-0.4555699,0.09411875158548355,0.9804878234863281,0.9697242975234985
YDR350C,YBL051C,0,-0.45609808,0.09410993754863739,0.9804878234863281,0.9698245525360107
YER151C,YOR256C,1,-0.45624003,0.09419475495815277,0.9814634323120117,0.9698245525360107
YHR206W,YMR049C,0,-0.45656276,0.09418594092130661,0.9814634323120117,0.969924807548523
YIL124W,YGR281W,0,-0.4569862,0.09417711943387985,0.9814634323120117,0.9700250625610352
YPR066W,YKL124W,1,-0.45822805,0.09426191449165344,0.9824390411376953,0.9700250625610352
YMR037C,YDL106C,0,-0.45838004,0.09425308555364609,0.9824390411376953,0.9701253175735474
YAL026C,YKL178C,0,-0.4584652,0.09424426406621933,0.9824390411376953,0.9702255725860596
YLR128W,YLR097C,1,-0.45899338,0.09432902932167053,0.9834146499633789,0.9702255725860596
YNR040W,YNR008W,0,-0.46022213,0.09432020038366318,0.9834146499633789,0.9703258275985718
YKL203C,YML076C,0,-0.4603693,0.09431137889623642,0.9834146499633789,0.970426082611084
YHR207C,YKL166C,0,-0.46071726,0.09430255740880966,0.9834146499633789,0.9705263376235962
YPR137W,YOR078W,0,-0.46126744,0.0942937359213829,0.9834146499633789,0.9706265926361084
YKL011C,YOR027W,0,-0.46149084,0.09428491443395615,0.9834146499633789,0.9707267880439758
YGL048C,YPL065W,1,-0.46150494,0.09436962008476257,0.9843902587890625,0.9707267880439758
YMR136W,YAL038W,0,-0.46152955,0.09436079859733582,0.9843902587890625,0.970827043056488
YGL191W,YJL029C,0,-0.4618883,0.09435196965932846,0.9843902587890625,0.9709272980690002
YPR068C,YCR004C,0,-0.46229,0.0943431481719017,0.9843902587890625,0.9710275530815125
YIL018W,YBL052C,0,-0.4623115,0.09433433413505554,0.9843902587890625,0.9711278080940247
YLR450W,YJR084W,0,-0.46235234,0.09432551264762878,0.9843902587890625,0.9712280631065369
YPL087W,YBR012W-B,0,-0.4629513,0.09431669116020203,0.9843902587890625,0.9713283181190491
YKR075C,YMR071C,0,-0.46325833,0.09430787712335587,0.9843902587890625,0.9714285731315613
YLR344W,YGR286C,0,-0.46341115,0.0942990630865097,0.9843902587890625,0.9715288281440735
YER185W,YMR105C,0,-0.46390444,0.09429025650024414,0.9843902587890625,0.9716290831565857
YNL189W,YMR015C,0,-0.46393776,0.09428144246339798,0.9843902587890625,0.9717293381690979
YLL034C,YJL129C,0,-0.46419862,0.09427263587713242,0.9843902587890625,0.9718295931816101
YBR022W,YGR174C,0,-0.46423388,0.09426382929086685,0.9843902587890625,0.9719298481941223
YML060W,YLR448W,0,-0.46436512,0.09425502270460129,0.9843902587890625,0.9720301032066345
YMR074C,YKL080W,0,-0.4645412,0.09424621611833572,0.9843902587890625,0.972130298614502
YGL209W,YKL069W,0,-0.46484968,0.09423741698265076,0.9843902587890625,0.9722305536270142
YML092C,YLR102C,1,-0.46529347,0.09432200342416763,0.9853658676147461,0.9722305536270142
YGL232W,YAL062W,0,-0.46537328,0.09431319683790207,0.9853658676147461,0.9723308086395264
YDR127W,YDR028C,0,-0.46542844,0.0943043902516365,0.9853658676147461,0.9724310636520386
YHR148W,YER168C,0,-0.46555573,0.09429558366537094,0.9853658676147461,0.9725313186645508
YFL001W,YIL160C,0,-0.46627295,0.09428678452968597,0.9853658676147461,0.972631573677063
YIL075C,YBR059C,0,-0.46673006,0.09427797794342041,0.9853658676147461,0.9727318286895752
YPR181C,YMR276W,1,-0.4667406,0.0943625196814537,0.9863414764404297,0.9727318286895752
YHR190W,YER056C,0,-0.46710396,0.09435371309518814,0.9863414764404297,0.9728320837020874
YGL227W,YDL008W,1,-0.46723425,0.09443822503089905,0.9873170852661133,0.9728320837020874
YGL136C,YLR312W-A,0,-0.46736273,0.09442941099405289,0.9873170852661133,0.9729323387145996
YGL174W,YGL148W,0,-0.46736765,0.09442060440778732,0.9873170852661133,0.9730325937271118
YBR193C,YBL017C,0,-0.4688576,0.09441179037094116,0.9873170852661133,0.973132848739624
YGL211W,YPL207W,0,-0.4692563,0.0944029837846756,0.9873170852661133,0.9732331037521362
YBR128C,YBL017C,1,-0.46973854,0.09448745101690292,0.9882926940917969,0.9732331037521362
YOL057W,YNL156C,0,-0.4703481,0.09447864443063736,0.9882926940917969,0.9733333587646484
YIL133C,YML113W,0,-0.4705219,0.0944698303937912,0.9882926940917969,0.9734335541725159
YDL075W,YFL017W-A,0,-0.47114974,0.09446102380752563,0.9882926940917969,0.9735338091850281
YDL018C,YOR335C,0,-0.47214925,0.09445221722126007,0.9882926940917969,0.9736340641975403
YBR031W,YNR017W,0,-0.47442588,0.0944434106349945,0.9882926940917969,0.9737343192100525
YER050C,YMR046C,0,-0.47453716,0.09443460404872894,0.9882926940917969,0.9738345742225647
YHR021C,YPR169W,0,-0.47470582,0.09442580491304398,0.9882926940917969,0.9739348292350769
YKR099W,YMR235C,0,-0.47495896,0.09441699832677841,0.9882926940917969,0.9740350842475891
YLR381W,YPL252C,0,-0.47611982,0.09440819919109344,0.9882926940917969,0.9741353392601013
YHR200W,YLR208W,1,-0.47630966,0.0944925919175148,0.9892683029174805,0.9741353392601013
YIL160C,YDR531W,0,-0.47631297,0.09448378533124924,0.9892683029174805,0.9742355942726135
YHR194W,YGR040W,0,-0.47658288,0.09447498619556427,0.9892683029174805,0.9743358492851257
YNR027W,YNR074C,0,-0.47747824,0.0944661796092987,0.9892683029174805,0.9744361042976379
YDR383C,YIL177C,0,-0.47750497,0.09445738047361374,0.9892683029174805,0.9745363593101501
YGL136C,YDR310C,0,-0.47782218,0.09444858133792877,0.9892683029174805,0.9746366143226624
YOL151W,YEL038W,0,-0.47808284,0.0944397896528244,0.9892683029174805,0.9747368693351746
YLL031C,YMR145C,0,-0.47824758,0.09443099051713943,0.9892683029174805,0.974837064743042
YGL067W,YER071C,0,-0.47852904,0.09442219883203506,0.9892683029174805,0.9749373197555542
YER055C,YJR096W,0,-0.4786464,0.0944134071469307,0.9892683029174805,0.9750375747680664
YPL131W,YGL076C,0,-0.47870454,0.09440461546182632,0.9892683029174805,0.9751378297805786
YML029W,YBR280C,1,-0.47882667,0.09448891878128052,0.9902439117431641,0.9751378297805786
YOR008C,YLL018C,0,-0.4789641,0.09448012709617615,0.9902439117431641,0.9752380847930908
YIL047C,YOR241W,0,-0.47906905,0.09447133541107178,0.9902439117431641,0.975338339805603
YNR053C,YER019C-A,0,-0.48013622,0.09446254372596741,0.9902439117431641,0.9754385948181152
YDR248C,YLR448W,0,-0.48072052,0.09445375204086304,0.9902439117431641,0.9755388498306274
YJL025W,YJR112W,0,-0.48101658,0.09444496035575867,0.9902439117431641,0.9756391048431396
YKL069W,YIL039W,0,-0.48126495,0.0944361761212349,0.9902439117431641,0.9757393598556519
YOL129W,YCR044C,0,-0.48207533,0.09442739188671112,0.9902439117431641,0.9758396148681641
YER015W,YHR214C-B,0,-0.48216742,0.09441860765218735,0.9902439117431641,0.9759398698806763
YER114C,YLR047C,0,-0.48247313,0.09440982341766357,0.9902439117431641,0.9760401248931885
YBR238C,YBL028C,0,-0.48248836,0.0944010391831398,0.9902439117431641,0.9761403799057007
YMR150C,YJL189W,0,-0.48264268,0.09439226239919662,0.9902439117431641,0.9762405753135681
YGR283C,YPL064C,0,-0.48271382,0.09438348561525345,0.9902439117431641,0.9763408303260803
YIL078W,YMR285C,0,-0.48343396,0.09437470883131027,0.9902439117431641,0.9764410853385925
YPR134W,YPL019C,0,-0.48456794,0.0943659320473671,0.9902439117431641,0.9765413403511047
YLR345W,YMR004W,0,-0.484741,0.09435716271400452,0.9902439117431641,0.9766415953636169
YGR155W,YMR049C,0,-0.48497313,0.09434839338064194,0.9902439117431641,0.9767418503761292
YHR002W,YDR494W,0,-0.48512897,0.09433962404727936,0.9902439117431641,0.9768421053886414
YOL086C,YNR061C,0,-0.48513535,0.09433085471391678,0.9902439117431641,0.9769423604011536
YLR467W,YLR442C,0,-0.48556575,0.0943220853805542,0.9902439117431641,0.9770426154136658
YLR459W,YHR108W,0,-0.4868153,0.09431332349777222,0.9902439117431641,0.977142870426178
YOR054C,YDR301W,0,-0.48699874,0.09430456161499023,0.9902439117431641,0.9772431254386902
YGL104C,YHR046C,0,-0.4874075,0.09429579973220825,0.9902439117431641,0.9773433804512024
YJL110C,YGR191W,0,-0.48742476,0.09428703784942627,0.9902439117431641,0.9774436354637146
YJR094W-A,YDR507C,0,-0.48797047,0.09427828341722488,0.9902439117431641,0.977543830871582
YDR255C,YFR050C,1,-0.48800355,0.09436240047216415,0.9912195205688477,0.977543830871582
YMR051C,YHR005C,0,-0.48926675,0.09435363858938217,0.9912195205688477,0.9776440858840942
YPL221W,YKR014C,0,-0.48937532,0.09434487670660019,0.9912195205688477,0.9777443408966064
YIL004C,YOR044W,0,-0.4901462,0.0943361222743988,0.9912195205688477,0.9778445959091187
YAL062W,YEL070W,0,-0.49090323,0.09432736039161682,0.9912195205688477,0.9779448509216309
YDL184C,YLL001W,0,-0.49105477,0.09431860595941544,0.9912195205688477,0.9780451059341431
YJL087C,YDR398W,0,-0.4914497,0.09430985152721405,0.9912195205688477,0.9781453609466553
YLR344W,YHR119W,0,-0.4915642,0.09430109709501266,0.9912195205688477,0.9782456159591675
YKL212W,YJL066C,0,-0.49203336,0.09429234266281128,0.9912195205688477,0.9783458709716797
YGL155W,YDR328C,0,-0.49362034,0.09428359568119049,0.9912195205688477,0.9784461259841919
YGR216C,YHL034C,0,-0.49378082,0.0942748412489891,0.9912195205688477,0.9785463809967041
YDR166C,YMR229C,0,-0.49473965,0.09426609426736832,0.9912195205688477,0.9786466360092163
YLR363C,YJR059W,0,-0.4950779,0.09425735473632812,0.9912195205688477,0.9787468910217285
YER112W,YER145C,0,-0.49532756,0.09424860775470734,0.9912195205688477,0.9788471460342407
YMR264W,YOR002W,0,-0.49564296,0.09423986822366714,0.9912195205688477,0.9789473414421082
YDR341C,YKL032C,0,-0.49575895,0.09423112869262695,0.9912195205688477,0.9790475964546204
YGR105W,YER180C,0,-0.49612248,0.09422238916158676,0.9912195205688477,0.9791478514671326
YDL185W,YAL038W,0,-0.49634436,0.09421364963054657,0.9912195205688477,0.9792481064796448
YFL057C,YGR106C,0,-0.49681538,0.09420491755008698,0.9912195205688477,0.979348361492157
YJL196C,YKL006W,0,-0.49788207,0.09419617801904678,0.9912195205688477,0.9794486165046692
YPL002C,YDR394W,1,-0.49824965,0.09428015351295471,0.9921951293945312,0.9794486165046692
YBR074W,YJL096W,0,-0.49916762,0.09427141398191452,0.9921951293945312,0.9795488715171814
YAL003W,YKL196C,0,-0.4993114,0.09426267445087433,0.9921951293945312,0.9796491265296936
YDR173C,YJL141C,0,-0.4998297,0.09425394237041473,0.9921951293945312,0.9797493815422058
YIL022W,YLR390W,0,-0.49987647,0.09424520283937454,0.9921951293945312,0.979849636554718
YPR108W,YNL138W,0,-0.5000573,0.09423647075891495,0.9921951293945312,0.9799498915672302
YJL167W,YER020W,0,-0.5001103,0.09422773867845535,0.9921951293945312,0.9800501465797424
YMR013C,YCR004C,0,-0.50040257,0.09421901404857635,0.9921951293945312,0.9801504015922546
YJR006W,YDR013W,0,-0.50110215,0.09421028196811676,0.9921951293945312,0.9802505970001221
YFR050C,YKL145W,1,-0.5013053,0.09429418295621872,0.9931707382202148,0.9802505970001221
YNR048W,YJL134W,0,-0.5014032,0.09428545087575912,0.9931707382202148,0.9803508520126343
YGL225W,YNL268W,0,-0.5017962,0.09427671879529953,0.9931707382202148,0.9804511070251465
YKL100C,YHR008C,0,-0.50269675,0.09426798671483994,0.9931707382202148,0.9805513620376587
YAL040C,YMR171C,0,-0.5030677,0.09425926208496094,0.9931707382202148,0.9806516170501709
YDL031W,YBR166C,0,-0.50325966,0.09425053000450134,0.9931707382202148,0.9807518720626831
YFL057C,YCL050C,0,-0.5044474,0.09424180537462234,0.9931707382202148,0.9808521270751953
YOR285W,YER148W,0,-0.50461596,0.09423308074474335,0.9931707382202148,0.9809523820877075
YNR040W,YLR432W,0,-0.50598484,0.09422436356544495,0.9931707382202148,0.9810526371002197
YDL133C-A,YOR346W,0,-0.50696707,0.09421563893556595,0.9931707382202148,0.9811528921127319
YLR009W,YJL098W,0,-0.5077878,0.09420692175626755,0.9931707382202148,0.9812531471252441
YDL122W,YNL186W,1,-0.5086317,0.09429074078798294,0.9941463470458984,0.9812531471252441
YMR090W,YML085C,0,-0.51068664,0.09428201615810394,0.9941463470458984,0.9813534021377563
YGR159C,YDR456W,0,-0.5108924,0.09427329152822495,0.9941463470458984,0.9814536571502686
YLR142W,YIL138C,0,-0.51091254,0.09426456689834595,0.9941463470458984,0.9815539121627808
YKL100C,YPR003C,0,-0.511142,0.09425584971904755,0.9941463470458984,0.9816541075706482
YBR162C,YGR103W,0,-0.51122016,0.09424713253974915,0.9941463470458984,0.9817543625831604
YPR024W,YDR531W,0,-0.51203567,0.09423841536045074,0.9941463470458984,0.9818546175956726
YMR316W,YIL160C,0,-0.51208544,0.09422970563173294,0.9941463470458984,0.9819548726081848
YDR371W,YDR359C,0,-0.5121503,0.09422098845243454,0.9941463470458984,0.982055127620697
YOR274W,YLR170C,0,-0.5122577,0.09421227872371674,0.9941463470458984,0.9821553826332092
YJL069C,YKL028W,0,-0.5123185,0.09420356899499893,0.9941463470458984,0.9822556376457214
YEL027W,YNL328C,0,-0.5124168,0.09419485926628113,0.9941463470458984,0.9823558926582336
YOR085W,YHR135C,0,-0.5126221,0.09418615698814392,0.9941463470458984,0.9824561476707458
YFR038W,YHR132C,0,-0.5135381,0.09417744725942612,0.9941463470458984,0.9825564026832581
YNL223W,YOR124C,1,-0.51491094,0.09426116198301315,0.995121955871582,0.9825564026832581
YDR353W,YLR356W,0,-0.5153644,0.09425245225429535,0.995121955871582,0.9826566576957703
YBL028C,YKL110C,0,-0.5171691,0.09424374252557755,0.995121955871582,0.9827569127082825
YDR170C,YML016C,0,-0.51826346,0.09423503279685974,0.995121955871582,0.9828571677207947
YDR353W,YOR233W,0,-0.5185178,0.09422633051872253,0.995121955871582,0.9829574227333069
YGR089W,YJL112W,0,-0.5189503,0.09421762079000473,0.995121955871582,0.9830576181411743
YLR467W,YGL144C,0,-0.51958025,0.09420891851186752,0.995121955871582,0.9831578731536865
YLR206W,YJL110C,0,-0.5197515,0.09420022368431091,0.995121955871582,0.9832581281661987
YPL163C,YNL339C,0,-0.52025336,0.0941915214061737,0.995121955871582,0.9833583831787109
YDR055W,YDL144C,0,-0.5203057,0.0941828265786171,0.995121955871582,0.9834586381912231
YIL030C,YPR119W,0,-0.5204476,0.09417413175106049,0.995121955871582,0.9835588932037354
YHR205W,YPL050C,0,-0.52197325,0.09416543692350388,0.995121955871582,0.9836591482162476
YPL042C,YJL095W,0,-0.5226219,0.09415674209594727,0.995121955871582,0.9837594032287598
YDR353W,YML100W,0,-0.52266735,0.09414805471897125,0.995121955871582,0.983859658241272
YJR036C,YPR003C,0,-0.5239502,0.09413935989141464,0.995121955871582,0.9839599132537842
YNL068C,YMR043W,0,-0.52461714,0.09413067251443863,0.995121955871582,0.9840601682662964
YER019C-A,YML094W,0,-0.52487415,0.09412199258804321,0.995121955871582,0.9841604232788086
YDR312W,YLR432W,0,-0.52547354,0.0941133052110672,0.995121955871582,0.9842606782913208
YBR024W,YIL087C,0,-0.52578837,0.09410462528467178,0.995121955871582,0.9843608736991882
YLR344W,YOR131C,0,-0.5275687,0.09409593790769577,0.995121955871582,0.9844611287117004
YMR080C,YNR053C,0,-0.52897596,0.09408725798130035,0.995121955871582,0.9845613837242126
YKL045W,YJR048W,0,-0.5301805,0.09407858550548553,0.995121955871582,0.9846616387367249
YHL031C,YKL141W,0,-0.5301826,0.09406990557909012,0.995121955871582,0.9847618937492371
YIR032C,YNL244C,0,-0.5304041,0.0940612331032753,0.995121955871582,0.9848621487617493
YCR014C,YML074C,0,-0.53114736,0.09405256062746048,0.995121955871582,0.9849624037742615
YNL066W,YDR507C,0,-0.5316431,0.09404388815164566,0.995121955871582,0.9850626587867737
YFR021W,YKL116C,0,-0.532169,0.09403521567583084,0.995121955871582,0.9851629137992859
YLR383W,YKR057W,0,-0.5324881,0.09402655065059662,0.995121955871582,0.9852631688117981
YGR005C,YLL067C,0,-0.5337112,0.0940178781747818,0.995121955871582,0.9853634238243103
YKL212W,YDR536W,0,-0.5349396,0.09400921314954758,0.995121955871582,0.9854636788368225
YGL123W,YHR118C,0,-0.5350114,0.09400055557489395,0.995121955871582,0.9855639338493347
YBR248C,YPL207W,0,-0.53722817,0.09399189054965973,0.995121955871582,0.9856641888618469
YLR006C,YER185W,0,-0.53727704,0.0939832329750061,0.995121955871582,0.9857643842697144
YBL020W,YKL081W,0,-0.5375029,0.09397456794977188,0.995121955871582,0.9858646392822266
YOR158W,YMR272C,0,-0.53867894,0.09396591782569885,0.995121955871582,0.9859648942947388
YKL021C,YBR093C,0,-0.54190385,0.09395726025104523,0.995121955871582,0.986065149307251
YDR345C,YMR034C,0,-0.54240704,0.0939486026763916,0.995121955871582,0.9861654043197632
YDR322W,YDR276C,0,-0.54241186,0.09393995255231857,0.995121955871582,0.9862656593322754
YJL157C,YOR136W,0,-0.5437494,0.09393130242824554,0.995121955871582,0.9863659143447876
YPL143W,YLR048W,0,-0.54445076,0.09392265230417252,0.995121955871582,0.9864661693572998
YCR012W,YML067C,0,-0.54461956,0.09391400218009949,0.995121955871582,0.986566424369812
YNL186W,YDR002W,1,-0.5458602,0.09399741888046265,0.9960975646972656,0.986566424369812
YKL013C,YER120W,0,-0.54590714,0.09398876875638962,0.9960975646972656,0.9866666793823242
YLR092W,YLR024C,0,-0.5461896,0.09398011863231659,0.9960975646972656,0.9867669343948364
YER027C,YCR021C,0,-0.5462018,0.09397146850824356,0.9960975646972656,0.9868671894073486
YER055C,YDL200C,0,-0.54633284,0.09396281838417053,0.9960975646972656,0.9869674444198608
YML082W,YBL028C,0,-0.5471252,0.0939541757106781,0.9960975646972656,0.9870676398277283
YBL088C,YHR023W,0,-0.547423,0.09394552558660507,0.9960975646972656,0.9871678948402405
YOL030W,YBR196C,0,-0.54757625,0.09393688291311264,0.9960975646972656,0.9872681498527527
YOR386W,YPL148C,0,-0.5475878,0.09392824023962021,0.9960975646972656,0.9873684048652649
YFL048C,YGR253C,0,-0.5476067,0.09391960501670837,0.9960975646972656,0.9874686598777771
YGL092W,YGR116W,0,-0.5500871,0.09391096234321594,0.9960975646972656,0.9875689148902893
YMR136W,YLR248W,0,-0.5501672,0.09390232712030411,0.9960975646972656,0.9876691699028015
YKL129C,YOL051W,0,-0.5501705,0.09389369189739227,0.9960975646972656,0.9877694249153137
YFR006W,YGL189C,0,-0.5505628,0.09388505667448044,0.9960975646972656,0.9878696799278259
YGR245C,YOL093W,0,-0.5516605,0.0938764214515686,0.9960975646972656,0.9879699349403381
YJL062W,YOL026C,0,-0.55371994,0.09386779367923737,0.9960975646972656,0.9880701899528503
YGR133W,YDR510W,1,-0.55417734,0.09395109117031097,0.9970731735229492,0.9880701899528503
YNL194C,YJL034W,0,-0.55436754,0.09394245594739914,0.9970731735229492,0.9881704449653625
YJL127C,YHR023W,0,-0.55484724,0.0939338207244873,0.9970731735229492,0.9882706999778748
YKL061W,YNL181W,0,-0.5553411,0.09392519295215607,0.9970731735229492,0.988370954990387
YML055W,YOL109W,0,-0.5557193,0.09391655772924423,0.9970731735229492,0.9884711503982544
YGR165W,YDR410C,0,-0.55598277,0.093907929956913,0.9970731735229492,0.9885714054107666
YPL193W,YOL145C,0,-0.5575323,0.09389930218458176,0.9970731735229492,0.9886716604232788
YPL155C,YGL126W,0,-0.55873865,0.09389067441225052,0.9970731735229492,0.988771915435791
YMR180C,YBR067C,0,-0.5592493,0.09388204663991928,0.9970731735229492,0.9888721704483032
YAL062W,YGR085C,0,-0.5593794,0.09387342631816864,0.9970731735229492,0.9889724254608154
YJL144W,YNL173C,0,-0.5594704,0.093864805996418,0.9970731735229492,0.9890726804733276
YHR021C,YCL059C,0,-0.56001896,0.09385618567466736,0.9970731735229492,0.9891729354858398
YDL098C,YOR341W,0,-0.5601378,0.09384756535291672,0.9970731735229492,0.989273190498352
YOR324C,YGR009C,0,-0.5602735,0.09383895248174667,0.9970731735229492,0.9893734455108643
YLR221C,YHR209W,0,-0.56335324,0.09383033215999603,0.9970731735229492,0.9894737005233765
YJL166W,YER020W,0,-0.564298,0.09382171928882599,0.9970731735229492,0.9895739555358887
YJL206C,YPR100W,0,-0.5646647,0.09381310641765594,0.9970731735229492,0.9896742105484009
YDR205W,YJL133W,0,-0.564911,0.0938045009970665,0.9970731735229492,0.9897744655609131
YMR183C,YBR202W,0,-0.56657803,0.09379588812589645,0.9970731735229492,0.9898746609687805
YOL125W,YMR228W,0,-0.566584,0.093787282705307,0.9970731735229492,0.9899749159812927
YIR037W,YPL154C,0,-0.5679984,0.09377867728471756,0.9970731735229492,0.9900751709938049
YBR022W,YOR285W,0,-0.5690695,0.09377007186412811,0.9970731735229492,0.9901754260063171
YOR253W,YOR008C,0,-0.5703817,0.09376146644353867,0.9970731735229492,0.9902756810188293
YOR096W,YNL268W,0,-0.5712181,0.09375286847352982,0.9970731735229492,0.9903759360313416
YMR086W,YDR421W,0,-0.571666,0.09374427050352097,0.9970731735229492,0.9904761910438538
YIL090W,YPL139C,0,-0.57352424,0.09373567253351212,0.9970731735229492,0.990576446056366
YOL026C,YIR006C,0,-0.57439846,0.09372707456350327,0.9970731735229492,0.9906767010688782
YER082C,YOR236W,0,-0.57454586,0.09371847659349442,0.9970731735229492,0.9907769560813904
YJR073C,YER125W,0,-0.5762081,0.09370988607406616,0.9970731735229492,0.9908772110939026
YJL001W,YGR253C,1,-0.57677233,0.09379297494888306,0.9980487823486328,0.9908772110939026
YKR057W,YCL014W,0,-0.5796262,0.0937843769788742,0.9980487823486328,0.9909774661064148
YKL014C,YFL023W,0,-0.57979566,0.09377577900886536,0.9980487823486328,0.991077721118927
YGR072W,YMR229C,0,-0.580274,0.0937671884894371,0.9980487823486328,0.9911779165267944
YKL085W,YFR010W,0,-0.5804546,0.09375859051942825,0.9980487823486328,0.9912781715393066
YLL022C,YLL050C,0,-0.58121073,0.09375,0.9980487823486328,0.9913784265518188
YML074C,YJR033C,0,-0.5817556,0.09374140948057175,0.9980487823486328,0.991478681564331
YGR088W,YDR368W,0,-0.58388036,0.0937328189611435,0.9980487823486328,0.9915789365768433
YHR058C,YNR053C,0,-0.5838909,0.09372423589229584,0.9980487823486328,0.9916791915893555
YBR023C,YPL089C,0,-0.586158,0.09371564537286758,0.9980487823486328,0.9917794466018677
YGL070C,YMR267W,0,-0.5876953,0.09370706230401993,0.9980487823486328,0.9918797016143799
YOR299W,YER036C,0,-0.58898354,0.09369847923517227,0.9980487823486328,0.9919799566268921
YBR271W,YEL040W,0,-0.58989,0.09368989616632462,0.9980487823486328,0.9920802116394043
YML070W,YDR148C,0,-0.590895,0.09368132054805756,0.9980487823486328,0.9921804666519165
YIL132C,YBR042C,0,-0.590986,0.0936727374792099,0.9980487823486328,0.9922807216644287
YPR118W,YOL139C,0,-0.59146297,0.09366416186094284,0.9980487823486328,0.9923809766769409
YOR386W,YGL062W,0,-0.5917449,0.09365558624267578,0.9980487823486328,0.9924812316894531
YAL025C,YPR162C,0,-0.5920062,0.09364701807498932,0.9980487823486328,0.9925814270973206
YPR080W,YLR038C,0,-0.59295374,0.09363844245672226,0.9980487823486328,0.9926816821098328
YBR061C,YJL191W,0,-0.59643245,0.0936298742890358,0.9980487823486328,0.992781937122345
YKL026C,YJL178C,0,-0.59876764,0.09362130612134933,0.9980487823486328,0.9928821921348572
YLR304C,YMR022W,0,-0.5991384,0.09361273795366287,0.9980487823486328,0.9929824471473694
YBR120C,YMR023C,0,-0.59920835,0.09360416978597641,0.9980487823486328,0.9930827021598816
YDL093W,YHL050C,0,-0.5992828,0.09359560906887054,0.9980487823486328,0.9931829571723938
YHL024W,YOR241W,0,-0.6006634,0.09358704835176468,0.9980487823486328,0.993283212184906
YGR264C,YMR131C,0,-0.6018882,0.09357848763465881,0.9980487823486328,0.9933834671974182
YGR145W,YLR015W,0,-0.6019022,0.09356992691755295,0.9980487823486328,0.9934837222099304
YNL050C,YDR457W,0,-0.60194534,0.09356136620044708,0.9980487823486328,0.9935839772224426
YOR355W,YER125W,0,-0.6020756,0.09355281293392181,0.9980487823486328,0.9936842322349548
YDR365C,YOL125W,0,-0.60354507,0.09354425966739655,0.9980487823486328,0.993784487247467
YLR201C,YBR286W,0,-0.605212,0.09353570640087128,0.9980487823486328,0.9938846826553345
YGR185C,YPR204W,0,-0.60530657,0.09352715313434601,0.9980487823486328,0.9939849376678467
YBR289W,YIR006C,0,-0.61271024,0.09351859986782074,0.9980487823486328,0.9940851926803589
YNL066W,YLR324W,0,-0.61292994,0.09351005405187607,0.9980487823486328,0.9941854476928711
YKL201C,YMR055C,0,-0.61336654,0.0935015082359314,0.9980487823486328,0.9942857027053833
YGR276C,YDL060W,0,-0.61450046,0.09349296241998672,0.9980487823486328,0.9943859577178955
YPR132W,YAL007C,0,-0.6148136,0.09348441660404205,0.9980487823486328,0.9944862127304077
YDL217C,YGR123C,0,-0.6155492,0.09347587823867798,0.9980487823486328,0.9945864677429199
YPL096W,YPL002C,1,-0.6167066,0.09355869889259338,0.9990243911743164,0.9945864677429199
YPL163C,YLR175W,0,-0.61923623,0.09355015307664871,0.9990243911743164,0.9946867227554321
YAR027W,YHL016C,0,-0.6218001,0.09354160726070404,0.9990243911743164,0.9947869777679443
YJL167W,YJL166W,0,-0.62283325,0.09353306889533997,0.9990243911743164,0.9948872327804565
YPL050C,YMR290C,0,-0.62903744,0.0935245230793953,0.9990243911743164,0.9949874877929688
YBL092W,YIL051C,0,-0.6370465,0.09351598471403122,0.9990243911743164,0.995087742805481
YDR150W,YDL227C,0,-0.6386874,0.09350743889808655,0.9990243911743164,0.9951879978179932
YOR279C,YBR195C,0,-0.6409136,0.09349890798330307,0.9990243911743164,0.9952881932258606
YLR170C,YBL017C,0,-0.64574003,0.093490369617939,0.9990243911743164,0.9953884482383728
YML004C,YGL084C,0,-0.6462214,0.09348183125257492,0.9990243911743164,0.995488703250885
YOL144W,YDR449C,0,-0.6491991,0.09347330033779144,0.9990243911743164,0.9955889582633972
YOR369C,YNL096C,0,-0.65067804,0.09346476942300797,0.9990243911743164,0.9956892132759094
YLR055C,YDR292C,0,-0.6530171,0.09345623850822449,0.9990243911743164,0.9957894682884216
YMR205C,YKL039W,0,-0.6538793,0.09344770759344101,0.9990243911743164,0.9958897233009338
YDR320C,YER038C,0,-0.66467565,0.09343918412923813,0.9990243911743164,0.995989978313446
YJL134W,YNL012W,0,-0.6659664,0.09343065321445465,0.9990243911743164,0.9960902333259583
YCL043C,YMR250W,0,-0.66749835,0.09342212975025177,0.9990243911743164,0.9961904883384705
YLL014W,YLL050C,0,-0.6719152,0.09341361373662949,0.9990243911743164,0.9962907433509827
YIL138C,YOR219C,0,-0.6729436,0.0934050902724266,0.9990243911743164,0.9963909983634949
YHL034C,YLR299W,0,-0.6730515,0.09339657425880432,0.9990243911743164,0.9964912533760071
YJR070C,YGL120C,0,-0.6760318,0.09338805079460144,0.9990243911743164,0.9965915083885193
YKL006W,YLR448W,0,-0.6765708,0.09337953478097916,0.9990243911743164,0.9966917037963867
YDR050C,YBR026C,0,-0.6789989,0.09337101876735687,0.9990243911743164,0.9967919588088989
YOL070C,YDR120C,0,-0.6796696,0.09336251020431519,0.9990243911743164,0.9968922138214111
YHR088W,YER148W,0,-0.6800598,0.0933539941906929,0.9990243911743164,0.9969924688339233
YMR304W,YOR256C,1,-0.68010914,0.09343664348125458,1.0,0.9969924688339233
YOR271C,YBR061C,0,-0.68038505,0.0934281274676323,1.0,0.9970927238464355
YDR299W,YML081W,0,-0.68419635,0.09341961145401001,1.0,0.9971929788589478
YGR286C,YKL141W,0,-0.6871593,0.09341110289096832,1.0,0.99729323387146
YMR118C,YLR212C,0,-0.6948298,0.09340258687734604,1.0,0.9973934888839722
YLR043C,YGL103W,0,-0.7039212,0.09339407831430435,1.0,0.9974937438964844
YLR452C,YOR201C,0,-0.70405585,0.09338556975126266,1.0,0.9975939989089966
YOR292C,YBR169C,0,-0.70785296,0.09337706118822098,1.0,0.9976942539215088
YBR059C,YDL145C,0,-0.7092402,0.09336855262517929,1.0,0.997794508934021
YGL196W,YMR304W,0,-0.70986,0.0933600515127182,1.0,0.9978947639465332
YEL027W,YHR110W,0,-0.71730566,0.09335155040025711,1.0,0.9979949593544006
YMR149W,YDR033W,0,-0.71744853,0.09334304928779602,1.0,0.9980952143669128
YNL248C,YGL139W,0,-0.71881187,0.09333454817533493,1.0,0.998195469379425
YNL046W,YPR113W,0,-0.72422403,0.09332604706287384,1.0,0.9982957243919373
YJR110W,YKL059C,0,-0.7350323,0.09331755340099335,1.0,0.9983959794044495
YML073C,YFR032C-A,0,-0.7496155,0.09330905973911285,1.0,0.9984962344169617
YKL129C,YOR228C,0,-0.7685194,0.09330056607723236,1.0,0.9985964894294739
YGR264C,YBR247C,0,-0.77377117,0.09329207241535187,1.0,0.9986967444419861
YJL148W,YKL166C,0,-0.7760823,0.09328357875347137,1.0,0.9987969994544983
YPL154C,YNL092W,0,-0.80289143,0.09327509254217148,1.0,0.9988972544670105
YPL096W,YOR060C,0,-0.8099929,0.09326660633087158,1.0,0.9989975094795227
YKL143W,YFR001W,0,-0.8120553,0.09325812011957169,1.0,0.9990977644920349
YPL193W,YMR131C,0,-0.81922776,0.09324963390827179,1.0,0.9991980195045471
YGL092W,YDL145C,0,-0.8310956,0.09324115514755249,1.0,0.9992982745170593
YOR347C,YMR315W,0,-0.8424853,0.0932326689362526,1.0,0.9993984699249268
YPR110C,YOL125W,0,-0.8503914,0.0932241901755333,1.0,0.999498724937439
YLR056W,YJR123W,0,-0.856948,0.093215711414814,1.0,0.9995989799499512
YBR196C,YJR001W,0,-0.92407995,0.09320724010467529,1.0,0.9996992349624634
YAR009C,YBL088C,0,-0.9947818,0.093198761343956,1.0,0.9997994899749756
YNL207W,YPL036W,0,-0.99600476,0.09319029003381729,1.0,0.9998997449874878
YOR096W,YKL006W,0,-1.1245614,0.09318181872367859,1.0,1.0
