Gene A,Gene B,Label,Score,Precision,Recall,False Positive Rate
YOR317W,YGL162W,1,-0.19418079,1.0,0.0036231884732842445,0.0
YDR126W,YBL075C,0,-0.25272572,0.5,0.0036231884732842445,0.00036231885314919055
YGR280C,YOR382W,0,-0.3383687,0.3333333432674408,0.0036231884732842445,0.0007246377062983811
YBR072W,YJL034W,0,-0.4394709,0.25,0.0036231884732842445,0.0010869564721360803
YBR066C,YOR025W,0,-0.514329,0.20000000298023224,0.0036231884732842445,0.0014492754125967622
YMR078C,YFL014W,0,-0.51678634,0.1666666716337204,0.0036231884732842445,0.0018115942366421223
YBR118W,YPL196W,0,-0.58368534,0.1428571492433548,0.0036231884732842445,0.0021739129442721605
YML009C,YLR343W,0,-0.59964037,0.125,0.0036231884732842445,0.0025362318847328424
YDR450W,YDR358W,0,-0.61624163,0.1111111119389534,0.0036231884732842445,0.0028985508251935244
YPR065W,YBR158W,0,-0.7178953,0.10000000149011612,0.0036231884732842445,0.0032608695328235626
YGL255W,YNL242W,0,-0.81982285,0.09090909361839294,0.0036231884732842445,0.0036231884732842445
YOR317W,YOR237W,1,-0.89093184,0.1666666716337204,0.007246376946568489,0.0036231884732842445
YLR242C,YMR246W,1,-0.8909371,0.23076923191547394,0.010869565419852734,0.0036231884732842445
YNL274C,YOR293W,0,-0.9148346,0.2142857164144516,0.010869565419852734,0.0039855074137449265
YNL014W,YCL026C-B,0,-0.9170592,0.20000000298023224,0.010869565419852734,0.004347825888544321
YLR348C,YBR142W,0,-0.93159735,0.1875,0.010869565419852734,0.004710144829005003
YDL069C,YBR066C,0,-0.99146307,0.1764705926179886,0.010869565419852734,0.005072463769465685
YNL067W,YDR113C,0,-1.0468681,0.1666666716337204,0.010869565419852734,0.005434782709926367
YLR205C,YHR179W,0,-1.0795848,0.15789473056793213,0.010869565419852734,0.005797101650387049
YDL056W,YLR327C,0,-1.1161804,0.15000000596046448,0.010869565419852734,0.006159420125186443
YPL124W,YPR102C,0,-1.1428658,0.1428571492433548,0.010869565419852734,0.006521739065647125
YOR317W,YLR242C,1,-1.1649144,0.1818181872367859,0.014492753893136978,0.006521739065647125
YDL055C,YKL139W,0,-1.1650751,0.17391304671764374,0.014492753893136978,0.006884058006107807
YJL157C,YIL136W,0,-1.1744525,0.1666666716337204,0.014492753893136978,0.007246376946568489
YNL067W,YLL028W,0,-1.1765099,0.1599999964237213,0.014492753893136978,0.007608695421367884
YLR319C,YGR148C,0,-1.1804192,0.1538461595773697,0.014492753893136978,0.007971014827489853
YGR054W,YMR316W,0,-1.1817601,0.14814814925193787,0.014492753893136978,0.008333333767950535
YCL032W,YPL240C,0,-1.1973866,0.1428571492433548,0.014492753893136978,0.008695651777088642
YPL231W,YIL111W,0,-1.2070711,0.13793103396892548,0.014492753893136978,0.009057970717549324
YNL207W,YER103W,0,-1.2204924,0.13333334028720856,0.014492753893136978,0.009420289658010006
YLR408C,YBL017C,0,-1.2267342,0.12903225421905518,0.014492753893136978,0.009782608598470688
YKL220C,YLR142W,0,-1.2278812,0.125,0.014492753893136978,0.01014492753893137
YPL160W,YPR151C,0,-1.2373099,0.12121212482452393,0.014492753893136978,0.010507246479392052
YIR038C,YER006W,0,-1.2377715,0.11764705926179886,0.014492753893136978,0.010869565419852734
YDR418W,YMR087W,0,-1.2435527,0.11428571492433548,0.014492753893136978,0.011231884360313416
YMR094W,YLR406C,0,-1.2470548,0.1111111119389534,0.014492753893136978,0.011594203300774097
YLR029C,YDL101C,0,-1.2606614,0.10810811072587967,0.014492753893136978,0.011956521309912205
YIL016W,YML131W,0,-1.2782805,0.10526315867900848,0.014492753893136978,0.012318840250372887
YML058W-A,YOL043C,0,-1.2978785,0.10256410390138626,0.014492753893136978,0.012681159190833569
YPL081W,YLL028W,0,-1.3006102,0.10000000149011612,0.014492753893136978,0.01304347813129425
YGL253W,YNL146W,0,-1.3060527,0.09756097197532654,0.014492753893136978,0.013405797071754932
YNL208W,YNR057C,0,-1.3134288,0.095238097012043,0.014492753893136978,0.013768116012215614
YIR038C,YDR450W,0,-1.3134942,0.09302325546741486,0.014492753893136978,0.014130434952676296
YMR043W,YPR184W,0,-1.3220584,0.09090909361839294,0.014492753893136978,0.014492753893136978
YBL113C,YDL194W,0,-1.3234873,0.08888889104127884,0.014492753893136978,0.01485507283359766
YOR095C,YOR374W,0,-1.3235033,0.08695652335882187,0.014492753893136978,0.015217390842735767
YIL170W,YFL045C,0,-1.3243954,0.08510638028383255,0.014492753893136978,0.01557970978319645
YMR189W,YDR410C,0,-1.3268963,0.0833333358168602,0.014492753893136978,0.015942029654979706
YOR202W,YDR146C,0,-1.326948,0.08163265138864517,0.014492753893136978,0.016304347664117813
YHR153C,YJL172W,0,-1.3298537,0.07999999821186066,0.014492753893136978,0.01666666753590107
YBL078C,YER056C-A,0,-1.3418809,0.0784313753247261,0.014492753893136978,0.017028985545039177
YNL225C,YLR142W,0,-1.3448049,0.07692307978868484,0.014492753893136978,0.017391303554177284
YDR348C,YPR118W,0,-1.3535821,0.07547169923782349,0.014492753893136978,0.01775362342596054
YLL029W,YDR134C,0,-1.3574748,0.07407407462596893,0.014492753893136978,0.018115941435098648
YMR280C,YDR447C,0,-1.3581302,0.072727270424366,0.014492753893136978,0.018478261306881905
YLR344W,YNR073C,0,-1.3605399,0.0714285746216774,0.014492753893136978,0.018840579316020012
YKL103C,YOR201C,0,-1.3624098,0.07017543911933899,0.014492753893136978,0.01920289918780327
YER074W,YKL089W,0,-1.369571,0.06896551698446274,0.014492753893136978,0.019565217196941376
YPL060W,YHR094C,0,-1.3809594,0.06779661029577255,0.014492753893136978,0.019927537068724632
YDR402C,YGR184C,0,-1.3836416,0.06666667014360428,0.014492753893136978,0.02028985507786274
YEL047C,YKL163W,0,-1.3866576,0.06557376682758331,0.014492753893136978,0.020652173087000847
YFL014W,YKR026C,0,-1.3898871,0.06451612710952759,0.014492753893136978,0.021014492958784103
YJR009C,YDR283C,0,-1.3910166,0.0634920671582222,0.014492753893136978,0.02137681096792221
YGR067C,YHR004C,0,-1.4018146,0.0625,0.014492753893136978,0.021739130839705467
YKL061W,YIL101C,0,-1.4072564,0.0615384615957737,0.014492753893136978,0.022101448848843575
YML131W,YMR184W,0,-1.4120848,0.06060606241226196,0.014492753893136978,0.02246376872062683
YIL099W,YFL054C,0,-1.4208418,0.05970149114727974,0.014492753893136978,0.02282608672976494
YOR292C,YOR176W,0,-1.4281812,0.05882352963089943,0.014492753893136978,0.023188406601548195
YER131W,YNR072W,0,-1.4358728,0.05797101557254791,0.014492753893136978,0.023550724610686302
YCR102C,YDL208W,0,-1.4364191,0.05714285746216774,0.014492753893136978,0.02391304261982441
YNL244C,YKL071W,0,-1.4392965,0.056338027119636536,0.014492753893136978,0.024275362491607666
YML054C,YBR035C,0,-1.4434111,0.0555555559694767,0.014492753893136978,0.024637680500745773
YJL189W,YGR292W,0,-1.443794,0.054794520139694214,0.014492753893136978,0.02500000037252903
YPR075C,YNL305C,0,-1.4574547,0.054054055362939835,0.014492753893136978,0.025362318381667137
YKL071W,YMR190C,0,-1.4685153,0.0533333346247673,0.014492753893136978,0.025724638253450394
YHL001W,YJR152W,0,-1.4687067,0.05263157933950424,0.014492753893136978,0.0260869562625885
YDR263C,YCL026C-B,0,-1.4778807,0.051948051899671555,0.014492753893136978,0.026449276134371758
YKL188C,YMR246W,1,-1.4799545,0.06410256773233414,0.018115941435098648,0.026449276134371758
YNL274C,YBL002W,0,-1.4884849,0.06329113990068436,0.018115941435098648,0.026811594143509865
YMR163C,YLR327C,0,-1.4984779,0.0625,0.018115941435098648,0.027173912152647972
YOL101C,YIL010W,0,-1.5018685,0.06172839552164078,0.018115941435098648,0.02753623202443123
YJR159W,YDR507C,0,-1.5028923,0.060975611209869385,0.018115941435098648,0.027898550033569336
YJL108C,YER001W,0,-1.5038662,0.0602409653365612,0.018115941435098648,0.028260869905352592
YGR287C,YAL021C,0,-1.5081011,0.0595238097012043,0.018115941435098648,0.0286231879144907
YGL185C,YKL212W,0,-1.5291727,0.05882352963089943,0.018115941435098648,0.028985507786273956
YMR094W,YGL009C,0,-1.5302079,0.058139536529779434,0.018115941435098648,0.029347825795412064
YJR016C,YNL270C,0,-1.5426989,0.05747126415371895,0.018115941435098648,0.02971014566719532
YGL253W,YHR112C,0,-1.5428175,0.05681818351149559,0.018115941435098648,0.030072463676333427
YER130C,YNL110C,0,-1.5562046,0.056179776787757874,0.018115941435098648,0.030434781685471535
YIR014W,YHL033C,0,-1.558749,0.0555555559694767,0.018115941435098648,0.03079710155725479
YCR010C,YGR272C,0,-1.5609446,0.05494505539536476,0.018115941435098648,0.0311594195663929
YPL269W,YCR057C,0,-1.5619249,0.054347824305295944,0.018115941435098648,0.031521737575531006
YNL208W,YEL004W,0,-1.570442,0.05376344174146652,0.018115941435098648,0.03188405930995941
YNL279W,YKL171W,0,-1.5717659,0.05319149047136307,0.018115941435098648,0.03224637731909752
YEL077C,YLR024C,0,-1.5776579,0.05263157933950424,0.018115941435098648,0.032608695328235626
YAR050W,YNL050C,0,-1.5778147,0.0520833320915699,0.018115941435098648,0.032971013337373734
YNL134C,YJR139C,0,-1.5801705,0.05154639109969139,0.018115941435098648,0.03333333507180214
YMR130W,YDR174W,0,-1.5820024,0.051020409911870956,0.018115941435098648,0.03369565308094025
YDL121C,YOR036W,0,-1.5830612,0.05050504952669144,0.018115941435098648,0.034057971090078354
YPL096C-A,YML075C,0,-1.5855446,0.05000000074505806,0.018115941435098648,0.03442028909921646
YLR307W,YOL120C,0,-1.5859851,0.049504950642585754,0.018115941435098648,0.03478260710835457
YGR067C,YKL163W,0,-1.5902003,0.04901960864663124,0.018115941435098648,0.035144928842782974
YAL063C,YNL160W,0,-1.5917287,0.04854368790984154,0.018115941435098648,0.03550724685192108
YPR009W,YAR044W,1,-1.593685,0.057692307978868484,0.021739130839705467,0.03550724685192108
YML115C,YML131W,0,-1.5942862,0.05714285746216774,0.021739130839705467,0.03586956486105919
YDR279W,YKL071W,0,-1.5976545,0.056603774428367615,0.021739130839705467,0.036231882870197296
YGL241W,YJL153C,0,-1.600009,0.05607476457953453,0.021739130839705467,0.0365942046046257
YJL109C,YNL270C,0,-1.6060097,0.0555555559694767,0.021739130839705467,0.03695652261376381
YKR003W,YOR317W,1,-1.6068196,0.06422018259763718,0.025362318381667137,0.03695652261376381
YDR348C,YLR106C,0,-1.610347,0.06363636255264282,0.025362318381667137,0.037318840622901917
YLR237W,YMR087W,0,-1.6104275,0.06306306272745132,0.025362318381667137,0.037681158632040024
YGR088W,YOR338W,0,-1.6114491,0.0625,0.025362318381667137,0.03804347664117813
YJL012C-A,YHR176W,0,-1.6153902,0.06194690242409706,0.025362318381667137,0.03840579837560654
YER184C,YPR160W,0,-1.6195521,0.061403509229421616,0.025362318381667137,0.038768116384744644
YOR283W,YDR329C,0,-1.6297035,0.06086956337094307,0.025362318381667137,0.03913043439388275
YER113C,YNL086W,0,-1.6303321,0.06034482643008232,0.025362318381667137,0.03949275240302086
YML128C,YKR019C,0,-1.6303679,0.05982905998826027,0.025362318381667137,0.039855074137449265
YDR473C,YDL222C,0,-1.6376653,0.05932203307747841,0.025362318381667137,0.04021739214658737
YCL026C-A,YOL077C,0,-1.6393453,0.05882352963089943,0.025362318381667137,0.04057971015572548
YBR139W,YBR297W,0,-1.6425028,0.05833333358168602,0.025362318381667137,0.040942028164863586
YDR134C,YMR190C,0,-1.6464682,0.057851240038871765,0.025362318381667137,0.041304346174001694
YHR174W,YDL109C,0,-1.6503122,0.05737704783678055,0.025362318381667137,0.0416666679084301
YHR216W,YFR008W,0,-1.6506181,0.056910570710897446,0.025362318381667137,0.04202898591756821
YKL064W,YNL115C,0,-1.6512542,0.05645161122083664,0.025362318381667137,0.042391303926706314
YKR062W,YDL114W,0,-1.6562235,0.0560000017285347,0.025362318381667137,0.04275362193584442
YPL108W,YDL174C,0,-1.6572578,0.0555555559694767,0.025362318381667137,0.04311594367027283
YDL039C,YML029W,0,-1.6575842,0.05511811003088951,0.025362318381667137,0.043478261679410934
YKL158W,YLR325C,0,-1.6597278,0.0546875,0.025362318381667137,0.04384057968854904
YGR037C,YOR317W,1,-1.6676162,0.06201550364494324,0.028985507786273956,0.04384057968854904
YBR297W,YML033W,0,-1.6683046,0.0615384615957737,0.028985507786273956,0.04420289769768715
YNR073C,YNL330C,0,-1.6697052,0.06106870248913765,0.028985507786273956,0.044565215706825256
YOR237W,YAR044W,1,-1.6702404,0.06818182021379471,0.032608695328235626,0.044565215706825256
YKL025C,YIL170W,0,-1.6705725,0.06766917556524277,0.032608695328235626,0.04492753744125366
YNL271C,YBL100W-A,0,-1.672904,0.06716418266296387,0.032608695328235626,0.04528985545039177
YJL145W,YAR044W,1,-1.6764672,0.07407407462596893,0.036231882870197296,0.04528985545039177
YGR067C,YBR129C,0,-1.6764882,0.07352941483259201,0.036231882870197296,0.04565217345952988
YBR196C,YJL160C,0,-1.6778162,0.07299269735813141,0.036231882870197296,0.046014491468667984
YCL047C,YGR185C,0,-1.6791492,0.07246376574039459,0.036231882870197296,0.04637681320309639
YPL088W,YOR118W,0,-1.6800876,0.07194244861602783,0.036231882870197296,0.0467391312122345
YOL053C-A,YNL005C,0,-1.6822696,0.0714285746216774,0.036231882870197296,0.047101449221372604
YCL019W,YMR145C,0,-1.6859837,0.07092198729515076,0.036231882870197296,0.04746376723051071
YER101C,YDL025C,0,-1.686307,0.07042253762483597,0.036231882870197296,0.04782608523964882
YJL065C,YIL172C,0,-1.6928251,0.0699300691485405,0.036231882870197296,0.048188406974077225
YER068W,YMR244C-A,0,-1.6936568,0.0694444477558136,0.036231882870197296,0.04855072498321533
YDR266C,YDR147W,0,-1.6938953,0.06896551698446274,0.036231882870197296,0.04891304299235344
YDR065W,YHR004C,0,-1.6978203,0.06849315017461777,0.036231882870197296,0.04927536100149155
YAR044W,YMR246W,1,-1.6984407,0.07482992857694626,0.039855074137449265,0.04927536100149155
YLR157C-B,YBR084C-A,0,-1.6996331,0.07432432472705841,0.039855074137449265,0.04963768273591995
YLR348C,YFR018C,0,-1.7042416,0.07382550090551376,0.039855074137449265,0.05000000074505806
YGL158W,YML075C,0,-1.7046373,0.07333333045244217,0.039855074137449265,0.05036231875419617
YLR414C,YER137C,0,-1.7051125,0.07284767925739288,0.039855074137449265,0.050724636763334274
YPL124W,YKL071W,0,-1.7054615,0.07236842066049576,0.039855074137449265,0.05108695477247238
YPL206C,YDR432W,0,-1.7060055,0.07189542800188065,0.039855074137449265,0.05144927650690079
YPR122W,YCL027C-A,0,-1.7075998,0.0714285746216774,0.039855074137449265,0.051811594516038895
YNR032W,YPR158W-A,0,-1.7084765,0.07096774131059647,0.039855074137449265,0.052173912525177
YPL079W,YDR034C-C,0,-1.7095277,0.07051282376050949,0.039855074137449265,0.05253623053431511
YIL046W,YGR234W,0,-1.7100471,0.07006369531154633,0.039855074137449265,0.052898552268743515
YNR073C,YIL084C,0,-1.7107723,0.06962025165557861,0.039855074137449265,0.05326087027788162
YJL012C-A,YLL011W,0,-1.7121524,0.069182388484478,0.039855074137449265,0.05362318828701973
YNL134C,YPR122W,0,-1.7126265,0.06875000149011612,0.039855074137449265,0.05398550629615784
YOR317W,YNL264C,1,-1.712704,0.07453416287899017,0.043478261679410934,0.05398550629615784
YKR018C,YAR071W,0,-1.7142916,0.07407407462596893,0.043478261679410934,0.054347824305295944
YPR182W,YFL002W-A,0,-1.7149906,0.07361963391304016,0.043478261679410934,0.05471014603972435
YJR094W-A,YOL123W,0,-1.716491,0.0731707289814949,0.043478261679410934,0.05507246404886246
YKR036C,YMR087W,0,-1.7193244,0.072727270424366,0.043478261679410934,0.055434782058000565
YBR048W,YGR038C-B,0,-1.7200408,0.07228915393352509,0.043478261679410934,0.05579710006713867
YPL202C,YGL001C,0,-1.7221973,0.071856290102005,0.043478261679410934,0.05615942180156708
YOR343W-A,YBL068W,0,-1.7266886,0.0714285746216774,0.043478261679410934,0.056521739810705185
YDL130W-A,YGR125W,0,-1.7283518,0.0710059180855751,0.043478261679410934,0.05688405781984329
YKL028W,YDL025C,0,-1.7296216,0.07058823853731155,0.043478261679410934,0.0572463758289814
YJR055W,YDR261C-D,0,-1.732378,0.07017543911933899,0.043478261679410934,0.05760869383811951
YBR216C,YGR027W-B,0,-1.7339551,0.06976744532585144,0.043478261679410934,0.05797101557254791
YBL074C,YGL123W,0,-1.7342656,0.06936416029930115,0.043478261679410934,0.05833333358168602
YDR134C,YER007W,0,-1.7349397,0.06896551698446274,0.043478261679410934,0.05869565159082413
YLR307W,YMR268W-A,0,-1.7355169,0.06857142597436905,0.043478261679410934,0.059057969599962234
YMR233W,YKR099C-A,0,-1.7380168,0.06818182021379471,0.043478261679410934,0.05942029133439064
YOR389W,YAL001C,0,-1.7410431,0.06779661029577255,0.043478261679410934,0.05978260934352875
YBR234C,YLR337W,0,-1.7410517,0.06741572916507721,0.043478261679410934,0.060144927352666855
YHR140W,YNL054W-B,0,-1.7412523,0.0670391097664833,0.043478261679410934,0.06050724536180496
YMR162C,YAR044W,1,-1.7417619,0.07222222536802292,0.047101449221372604,0.06050724536180496
YPR133W-A,YLR224W,0,-1.7419782,0.07182320207357407,0.047101449221372604,0.06086956337094307
YMR143W,YPR196W,0,-1.742322,0.0714285746216774,0.047101449221372604,0.061231885105371475
YDR531W,YDL084W,0,-1.7436857,0.07103825360536575,0.047101449221372604,0.06159420311450958
YBR261C,YDR055W,0,-1.7443452,0.07065217196941376,0.047101449221372604,0.06195652112364769
YPL108W,YDR207C,0,-1.7447733,0.07027027010917664,0.047101449221372604,0.0623188391327858
YPR035W,YPR158W-A,0,-1.7490443,0.06989247351884842,0.047101449221372604,0.0626811608672142
YGL059W,YPR158C-C,0,-1.7492918,0.06951871514320374,0.047101449221372604,0.06304347515106201
YHR081W,YOL103W-B,0,-1.7502502,0.06914893537759781,0.047101449221372604,0.06340579688549042
YNL126W,YFL052W,0,-1.7503606,0.06878306716680527,0.047101449221372604,0.06376811861991882
YOR343W-A,YNL014W,0,-1.7505596,0.06842105090618134,0.047101449221372604,0.06413043290376663
YMR194W,YNL128W,0,-1.7505867,0.06806282699108124,0.047101449221372604,0.06449275463819504
YML040W,YGL031C,0,-1.7509712,0.0677083358168602,0.047101449221372604,0.06485506892204285
YPL257W-B,YNL015W,0,-1.751085,0.06735751032829285,0.047101449221372604,0.06521739065647125
YDR356W,YJL062W-A,0,-1.7515054,0.0670103058218956,0.047101449221372604,0.06557971239089966
YOL053C-A,YHL022C,0,-1.7530563,0.06666667014360428,0.047101449221372604,0.06594202667474747
YDR261C-D,YHR164C,0,-1.7540535,0.06632652878761292,0.047101449221372604,0.06630434840917587
YGL010W,YML071C,0,-1.7555617,0.06598984450101852,0.047101449221372604,0.06666667014360428
YKL097W-A,YDR522C,0,-1.7565544,0.06565656512975693,0.047101449221372604,0.06702898442745209
YMR163C,YOR088W,0,-1.756691,0.06532663106918335,0.047101449221372604,0.0673913061618805
YNL010W,YNL158W,0,-1.7569857,0.06499999761581421,0.047101449221372604,0.0677536204457283
YPR158C-C,YGR275W,0,-1.7577021,0.06467662006616592,0.047101449221372604,0.06811594218015671
YFR006W,YJL051W,0,-1.7581222,0.06435643881559372,0.047101449221372604,0.06847826391458511
YOR192C-B,YMR290C,0,-1.7587533,0.06403940916061401,0.047101449221372604,0.06884057819843292
YKL096W-A,YER137C-A,0,-1.7594337,0.06372549384832382,0.047101449221372604,0.06920289993286133
YDR210C-C,YBR258C,0,-1.7645355,0.06341463327407837,0.047101449221372604,0.06956521421670914
YGL162W,YAR044W,1,-1.7654059,0.06796116381883621,0.050724636763334274,0.06956521421670914
YOR142W-B,YHR117W,0,-1.7667155,0.06763284653425217,0.050724636763334274,0.06992753595113754
YOL092W,YPR194C,0,-1.7682192,0.06730769574642181,0.050724636763334274,0.07028985768556595
YGL003C,YKL199C,0,-1.7683008,0.06698564440011978,0.050724636763334274,0.07065217196941376
YIR013C,YGL099W,0,-1.7701278,0.06666667014360428,0.050724636763334274,0.07101449370384216
YBL028C,YGR133W,0,-1.7701838,0.06635071337223053,0.050724636763334274,0.07137680798768997
YMR099C,YMR270C,0,-1.7704864,0.06603773683309555,0.050724636763334274,0.07173912972211838
YDR210C-C,YHR045W,0,-1.770596,0.06572769582271576,0.050724636763334274,0.07210145145654678
YLR380W,YOR317W,1,-1.7706286,0.07009346038103104,0.054347824305295944,0.07210145145654678
YOR142W-A,YGL172W,0,-1.7710907,0.06976744532585144,0.054347824305295944,0.07246376574039459
YDR316W-A,YHR094C,0,-1.7711835,0.0694444477558136,0.054347824305295944,0.072826087474823
YDR261C-C,YHR203C,0,-1.7714463,0.06912442296743393,0.054347824305295944,0.0731884092092514
YLR103C,YMR122W-A,0,-1.7718344,0.06880734115839005,0.054347824305295944,0.07355072349309921
YJR135W-A,YER160C,0,-1.7726059,0.06849315017461777,0.054347824305295944,0.07391304522752762
YCR004C,YPL108W,0,-1.7730613,0.06818182021379471,0.054347824305295944,0.07427535951137543
YPL150W,YBR297W,0,-1.7732539,0.06787330657243729,0.054347824305295944,0.07463768124580383
YOR240W,YOR233W,0,-1.7735314,0.06756756454706192,0.054347824305295944,0.07500000298023224
YDL115C,YDR385W,0,-1.7741473,0.06726457178592682,0.054347824305295944,0.07536231726408005
YOR339C,YOR192C-A,0,-1.7744999,0.0669642835855484,0.054347824305295944,0.07572463899850845
YOR343W-A,YLR421C,0,-1.7750719,0.06666667014360428,0.054347824305295944,0.07608695328235626
YGR092W,YER087C-A,0,-1.7753794,0.06637167930603027,0.054347824305295944,0.07644927501678467
YMR182C,YOR192C-A,0,-1.7757752,0.06607929617166519,0.054347824305295944,0.07681159675121307
YDL024C,YOR192C-A,0,-1.776324,0.06578947603702545,0.054347824305295944,0.07717391103506088
YHR004C,YDR365W-B,0,-1.7767415,0.06550218164920807,0.054347824305295944,0.07753623276948929
YDR261W-B,YPL032C,0,-1.7772827,0.06521739065647125,0.054347824305295944,0.0778985470533371
YOR393W,YBL017C,0,-1.7773705,0.06493506580591202,0.054347824305295944,0.0782608687877655
YLR242C,YAR044W,1,-1.7780681,0.06896551698446274,0.05797101557254791,0.0782608687877655
YML131W,YDR538W,0,-1.7789521,0.06866952776908875,0.05797101557254791,0.07862319052219391
YCL034W,YJL118W,0,-1.779434,0.0683760717511177,0.05797101557254791,0.07898550480604172
YKL097W-A,YGL150C,0,-1.7795379,0.06808510422706604,0.05797101557254791,0.07934782654047012
YBR118W,YLR213C,0,-1.7805831,0.06779661029577255,0.05797101557254791,0.07971014827489853
YPR201W,YLR283W,0,-1.7809538,0.06751054525375366,0.05797101557254791,0.08007246255874634
YMR164C,YDR261W-A,0,-1.7811863,0.06722689419984818,0.05797101557254791,0.08043478429317474
YOR343W-B,YDR020C,0,-1.7816269,0.06694560497999191,0.05797101557254791,0.08079709857702255
YPL060C-A,YLR304C,0,-1.7824695,0.06666667014360428,0.05797101557254791,0.08115942031145096
YOR240W,YML028W,0,-1.7826998,0.06639004498720169,0.05797101557254791,0.08152174204587936
YOR299W,YMR099C,0,-1.7848842,0.06611569970846176,0.05797101557254791,0.08188405632972717
YGL121C,YNL092W,0,-1.7850363,0.0658436194062233,0.05797101557254791,0.08224637806415558
YMR268W-A,YGR065C,0,-1.7850494,0.06557376682758331,0.05797101557254791,0.08260869234800339
YOR322C,YDR034C-C,0,-1.7853857,0.06530611962080002,0.05797101557254791,0.0829710140824318
YGR037C,YAR044W,1,-1.785916,0.06910569220781326,0.06159420311450958,0.0829710140824318
YMR079W,YAR044W,1,-1.7861974,0.07287449389696121,0.06521739065647125,0.0829710140824318
YDR306C,YCR087C-A,0,-1.7862976,0.07258064299821854,0.06521739065647125,0.0833333358168602
YOR285W,YIL017W,0,-1.7863322,0.07228915393352509,0.06521739065647125,0.08369565010070801
YPL241C,YOR192C-A,0,-1.7866969,0.07199999690055847,0.06521739065647125,0.08405797183513641
YGR192C,YGR031C-A,0,-1.7876798,0.0717131495475769,0.06521739065647125,0.08442029356956482
YDR109C,YCR055C,0,-1.7876952,0.0714285746216774,0.06521739065647125,0.08478260785341263
YHR184W,YHL009W-A,0,-1.7876952,0.07114624232053757,0.06521739065647125,0.08514492958784103
YBL008W-A,YEL038W,0,-1.7876952,0.07086614519357681,0.06521739065647125,0.08550724387168884
YNL024C-A,YER111C,0,-1.7876952,0.07058823853731155,0.06521739065647125,0.08586956560611725
YJL071W,YHL009W-A,0,-1.7876952,0.0703125,0.06521739065647125,0.08623188734054565
YKL018W,YHL009W-A,0,-1.7876952,0.07003890722990036,0.06521739065647125,0.08659420162439346
YLR301W,YDR381C-A,0,-1.7876952,0.06976744532585144,0.06521739065647125,0.08695652335882187
YML045W-A,YNR011C,0,-1.7876952,0.06949806958436966,0.06521739065647125,0.08731883764266968
YOR173W,YOR343C-B,0,-1.7876952,0.06923077255487442,0.06521739065647125,0.08768115937709808
YDR141C,YDR014W-A,0,-1.7876952,0.06896551698446274,0.06521739065647125,0.08804348111152649
YKL011C,YHR214W-G,0,-1.7876952,0.06870228797197342,0.06521739065647125,0.0884057953953743
YPR135W,YDR210W-D,0,-1.7876952,0.06844106316566467,0.06521739065647125,0.0887681171298027
YPL259C,YDR381C-A,0,-1.7876952,0.06818182021379471,0.06521739065647125,0.08913043141365051
YHL001W,YHR214W-G,0,-1.7876952,0.06792452931404114,0.06521739065647125,0.08949275314807892
YBL029C-A,YER074W-A,0,-1.7876952,0.06766917556524277,0.06521739065647125,0.08985507488250732
YJR067C,YDR210W-D,0,-1.7876952,0.06741572916507721,0.06521739065647125,0.09021738916635513
YKL061W,YDR381C-A,0,-1.7876952,0.06716418266296387,0.06521739065647125,0.09057971090078354
YML045W-A,YMR038C,0,-1.7876952,0.06691449880599976,0.06521739065647125,0.09094203263521194
YDL030W,YDR014W-A,0,-1.7876952,0.06666667014360428,0.06521739065647125,0.09130434691905975
YPR020W,YDR210W-D,0,-1.7876952,0.06642066687345505,0.06521739065647125,0.09166666865348816
YDR392W,YGL258W-A,0,-1.7876952,0.06617647409439087,0.06521739065647125,0.09202898293733597
YNL284C-A,YGL156W,0,-1.7876952,0.06593406945466995,0.06521739065647125,0.09239130467176437
YOR212W,YDR210W-D,0,-1.7876952,0.0656934306025505,0.06521739065647125,0.09275362640619278
YHR214W-G,YLR447C,0,-1.7876952,0.06545454263687134,0.06521739065647125,0.09311594069004059
YPR158C-D,YER164W,0,-1.7876952,0.06521739065647125,0.06521739065647125,0.093478262424469
YDR326C,YNL024C-A,0,-1.7876952,0.06498195230960846,0.06521739065647125,0.0938405767083168
YMR029C,YDR014W-A,0,-1.7876952,0.06474819779396057,0.06521739065647125,0.09420289844274521
YDR014W-A,YDR077W,0,-1.7876952,0.06451612710952759,0.06521739065647125,0.09456522017717361
YCL062W,YMR221C,0,-1.7876952,0.06428571790456772,0.06521739065647125,0.09492753446102142
YPL162C,YHL009W-A,0,-1.7876952,0.06405694037675858,0.06521739065647125,0.09528985619544983
YDR524C-B,YHR051W,0,-1.7876952,0.06382978707551956,0.06521739065647125,0.09565217047929764
YFL035C,YOL107W,0,-1.7876952,0.06360424309968948,0.06521739065647125,0.09601449221372604
YMR204C,YDR014W-A,0,-1.7876952,0.06338027864694595,0.06521739065647125,0.09637681394815445
YJR010C-A,YDR210W-D,0,-1.7876952,0.06315789371728897,0.06521739065647125,0.09673912823200226
YHR099W,YDR014W-A,0,-1.7876952,0.06293706595897675,0.06521739065647125,0.09710144996643066
YDR034C-D,YIL159W,0,-1.7876952,0.06271777302026749,0.06521739065647125,0.09746377170085907
YMR306W,YAR070W-A,0,-1.7876952,0.0625,0.06521739065647125,0.09782608598470688
YML045W-A,YMR264W,0,-1.7876952,0.06228373572230339,0.06521739065647125,0.09818840771913528
YNL299W,YDR261W-A,0,-1.7890567,0.062068965286016464,0.06521739065647125,0.0985507220029831
YGR038C-A,YCR042C,0,-1.7903833,0.06185567006468773,0.06521739065647125,0.0989130437374115
YBL006C,YCL060C,0,-1.7906497,0.06164383515715599,0.06521739065647125,0.0992753654718399
YOR389W,YBR199W,0,-1.790834,0.061433445662260056,0.06521739065647125,0.09963767975568771
YML095C,YER159C-A,0,-1.7909341,0.06122449040412903,0.06521739065647125,0.10000000149011612
YMR093W,YGL163C,0,-1.7918857,0.06101695075631142,0.06521739065647125,0.10036231577396393
YNR031C,YDR365W-B,0,-1.7927893,0.06081081181764603,0.06521739065647125,0.10072463750839233
YNL131W,YDR261C-D,0,-1.7935392,0.06060606241226196,0.06521739065647125,0.10108695924282074
YGR001C,YBR136W,0,-1.7942302,0.06040268391370773,0.06521739065647125,0.10144927352666855
YDR096W,YDR210W-A,0,-1.7942504,0.06020066887140274,0.06521739065647125,0.10181159526109695
YEL069C,YBR126C,0,-1.7949598,0.05999999865889549,0.06521739065647125,0.10217390954494476
YGL175C,YBR075W,0,-1.7951212,0.05980066582560539,0.06521739065647125,0.10253623127937317
YCR029C-A,YDR267C,0,-1.7952809,0.05960264801979065,0.06521739065647125,0.10289855301380157
YPL231W,YOR292C,0,-1.795553,0.059405941516160965,0.06521739065647125,0.10326086729764938
YAL012W,YPR201W,0,-1.7959061,0.05921052768826485,0.06521739065647125,0.10362318903207779
YKR003W,YAR044W,1,-1.7962947,0.062295082956552505,0.06884057819843292,0.10362318903207779
YPL257W-B,YOR162C,0,-1.796608,0.06209150329232216,0.06884057819843292,0.1039855107665062
YLR040C,YPL087W,0,-1.7969531,0.061889249831438065,0.06884057819843292,0.104347825050354
YER138C,YNL087W,0,-1.7969558,0.06168831139802933,0.06884057819843292,0.10471014678478241
YAR018C,YER137C-A,0,-1.7969792,0.06148867309093475,0.06884057819843292,0.10507246106863022
YPR204W,YLR291C,0,-1.7972068,0.06129032373428345,0.06884057819843292,0.10543478280305862
YDL130W-A,YCL003W,0,-1.7977798,0.061093248426914215,0.06884057819843292,0.10579710453748703
YDR261C-C,YBR234C,0,-1.7979376,0.06089743599295616,0.06884057819843292,0.10615941882133484
YOR343W-B,YMR135C,0,-1.7981462,0.06070287525653839,0.06884057819843292,0.10652174055576324
YDL038C,YGL030W,0,-1.7983928,0.06050955504179001,0.06884057819843292,0.10688405483961105
YPL283C,YJR159W,0,-1.7985173,0.06031746044754982,0.06884057819843292,0.10724637657403946
YDL066W,YDR210W-A,0,-1.7989736,0.06012658402323723,0.06884057819843292,0.10760869830846786
YCR094W,YAR044W,1,-1.7989864,0.06309147924184799,0.07246376574039459,0.10760869830846786
YNR063W,YBL088C,0,-1.799669,0.0628930851817131,0.07246376574039459,0.10797101259231567
YKL201C,YKL164C,0,-1.8004615,0.0626959279179573,0.07246376574039459,0.10833333432674408
YOR317W,YPR009W,1,-1.801586,0.06562499701976776,0.07608695328235626,0.10833333432674408
YGR161C-C,YDR324C,0,-1.8016326,0.06542056053876877,0.07608695328235626,0.10869564861059189
YJL158C,YBR097W,0,-1.8041794,0.06521739065647125,0.07608695328235626,0.1090579703450203
YNL305C,YDR261C-D,0,-1.8045778,0.06501547992229462,0.07608695328235626,0.1094202920794487
YBR110W,YOR192C-A,0,-1.8050416,0.06481481343507767,0.07608695328235626,0.10978260636329651
YML123C,YJR036C,0,-1.8050859,0.06461538374423981,0.07608695328235626,0.11014492809772491
YCL045C,YKR020W,0,-1.805977,0.06441717594861984,0.07608695328235626,0.11050724983215332
YOR192C-A,YPL266W,0,-1.8067113,0.06422018259763718,0.07608695328235626,0.11086956411600113
YGL046W,YGR085C,0,-1.8068092,0.06402438879013062,0.07608695328235626,0.11123188585042953
YAR018C,YOR343W-B,0,-1.8075463,0.06382978707551956,0.07608695328235626,0.11159420013427734
YDR261C-C,YDR461W,0,-1.808953,0.06363636255264282,0.07608695328235626,0.11195652186870575
YMR283C,YPR151C,0,-1.8092144,0.0634441077709198,0.07608695328235626,0.11231884360313416
YDR210C-C,YDL043C,0,-1.8096796,0.0632530152797699,0.07608695328235626,0.11268115788698196
YDR481C,YOR313C,0,-1.8097073,0.06306306272745132,0.07608695328235626,0.11304347962141037
YPR137C-B,YFL038C,0,-1.8102826,0.06287425011396408,0.07608695328235626,0.11340579390525818
YCR029C-A,YDL133C-A,0,-1.810473,0.06268656998872757,0.07608695328235626,0.11376811563968658
YGL046W,YOR326W,0,-1.8110604,0.0625,0.07608695328235626,0.11413043737411499
YMR305C,YLR139C,0,-1.8118975,0.06231454014778137,0.07608695328235626,0.1144927516579628
YCR029C-A,YKL124W,0,-1.8126876,0.06213017925620079,0.07608695328235626,0.1148550733923912
YBR041W,YOR317W,1,-1.8144279,0.06489675492048264,0.07971014827489853,0.1148550733923912
YBR238C,YDL178W,0,-1.8147933,0.06470588594675064,0.07971014827489853,0.11521738767623901
YDL114W,YPR145W,0,-1.8149288,0.06451612710952759,0.07971014827489853,0.11557970941066742
YPR127W,YDR541C,0,-1.8167646,0.06432748585939407,0.07971014827489853,0.11594203114509583
YMR251W-A,YJR119C,0,-1.817431,0.0641399398446083,0.07971014827489853,0.11630434542894363
YER117W,YGR032W,0,-1.8191746,0.06395348906517029,0.07971014827489853,0.11666666716337204
YGL030W,YCR080W,0,-1.8196232,0.06376811861991882,0.07971014827489853,0.11702898889780045
YFL035C,YMR283C,0,-1.8198996,0.06358381360769272,0.07971014827489853,0.11739130318164825
YJL116C,YMR164C,0,-1.820195,0.06340057402849197,0.07971014827489853,0.11775362491607666
YNL135C,YDR365W-B,0,-1.8214914,0.06321839243173599,0.07971014827489853,0.11811593919992447
YDL038C,YBR185C,0,-1.8229034,0.06303724646568298,0.07971014827489853,0.11847826093435287
YKL200C,YDL058W,0,-1.8230573,0.06285714358091354,0.07971014827489853,0.11884058266878128
YPR066W,YCL057C-A,0,-1.82309,0.06267806142568588,0.07971014827489853,0.11920289695262909
YHR001W,YAR044W,1,-1.824836,0.06534090638160706,0.0833333358168602,0.11920289695262909
YOR155C,YDR210W-A,0,-1.825913,0.06515580415725708,0.0833333358168602,0.1195652186870575
YIL170W,YGR287C,0,-1.8272197,0.06497175246477127,0.0833333358168602,0.1199275329709053
YLR449W,YPL223C,0,-1.8281814,0.06478872895240784,0.0833333358168602,0.12028985470533371
YLR035C-A,YHR023W,0,-1.8286595,0.06460674107074738,0.0833333358168602,0.12065217643976212
YLR410W-A,YPL194W,0,-1.8288505,0.06442577391862869,0.0833333358168602,0.12101449072360992
YFL002W-A,YGR263C,0,-1.8290317,0.0642458125948906,0.0833333358168602,0.12137681245803833
YIL143C,YPL257W-B,0,-1.829036,0.06406684964895248,0.0833333358168602,0.12173912674188614
YDR365W-B,YOR058C,0,-1.8291289,0.06388889253139496,0.0833333358168602,0.12210144847631454
YCR029C-A,YPL139C,0,-1.8292073,0.06371191143989563,0.0833333358168602,0.12246377021074295
YPR122W,YCR023C,0,-1.8297915,0.0635359138250351,0.0833333358168602,0.12282608449459076
YBR215W,YNL086W,0,-1.8306266,0.06336088478565216,0.0833333358168602,0.12318840622901917
YOR378W,YPR052C,0,-1.832107,0.06318681687116623,0.0833333358168602,0.12355072796344757
YLR449W,YFL002W-A,0,-1.8336837,0.06301369518041611,0.0833333358168602,0.12391304224729538
YMR173W,YDR034C-D,0,-1.8342617,0.06284152716398239,0.0833333358168602,0.12427536398172379
YDR099W,YDR316W-A,0,-1.8354676,0.06267029792070389,0.0833333358168602,0.1246376782655716
YCL060C,YLL061W,0,-1.8364489,0.0625,0.0833333358168602,0.125
YHR178W,YBR145W,0,-1.8373507,0.06233062222599983,0.0833333358168602,0.1253623217344284
YCL033C,YDR054C,0,-1.8378289,0.062162160873413086,0.0833333358168602,0.1257246434688568
YAR035W,YLR224W,0,-1.8380375,0.061994608491659164,0.0833333358168602,0.12608695030212402
YIL034C,YOR022C,0,-1.8384337,0.06182795763015747,0.0833333358168602,0.12644927203655243
YNL126W,YGL234W,0,-1.8388224,0.06166219711303711,0.0833333358168602,0.12681159377098083
YLR295C,YCL057C-A,0,-1.8398213,0.06149732694029808,0.0833333358168602,0.12717391550540924
YEL047C,YDR222W,0,-1.8405308,0.06133333221077919,0.0833333358168602,0.12753623723983765
YHL047C,YOL103W-B,0,-1.8416517,0.06117021292448044,0.0833333358168602,0.12789854407310486
YOR168W,YLR306W,0,-1.8419892,0.06100795790553093,0.0833333358168602,0.12826086580753326
YDR338C,YGL130W,0,-1.8430854,0.06084655970335007,0.0833333358168602,0.12862318754196167
YAL033W,YJL012C-A,0,-1.8438781,0.06068601459264755,0.0833333358168602,0.12898550927639008
YNR010W,YLR158C,0,-1.8452845,0.06052631512284279,0.0833333358168602,0.12934783101081848
YCR046C,YPL068C,0,-1.8453835,0.06036745384335518,0.0833333358168602,0.1297101378440857
YHL019C,YJL113W,0,-1.8458968,0.060209423303604126,0.0833333358168602,0.1300724595785141
YDR414C,YJL149W,0,-1.8483648,0.06005221977829933,0.0833333358168602,0.1304347813129425
YDR036C,YJR145C,0,-1.8486208,0.0598958320915699,0.0833333358168602,0.1307971030473709
YLR380W,YAR044W,1,-1.8493153,0.062337663024663925,0.08695652335882187,0.1307971030473709
YIL082W-A,YHR086W,0,-1.8494864,0.062176164239645004,0.08695652335882187,0.13115942478179932
YHR032W,YOR096W,0,-1.8497753,0.06201550364494324,0.08695652335882187,0.13152174651622772
YER171W,YJL046W,0,-1.849899,0.06185567006468773,0.08695652335882187,0.13188405334949493
YFR018C,YJL203W,0,-1.8513668,0.06169665977358818,0.08695652335882187,0.13224637508392334
YGR049W,YLR389C,0,-1.8531814,0.0615384615957737,0.08695652335882187,0.13260869681835175
YML040W,YDL045W-A,0,-1.8533586,0.06138107553124428,0.08695652335882187,0.13297101855278015
YEL017C-A,YPL236C,0,-1.8534125,0.06122449040412903,0.08695652335882187,0.13333334028720856
YPL124W,YPR004C,0,-1.8548992,0.06106870248913765,0.08695652335882187,0.13369564712047577
YMR130W,YLL040C,0,-1.8563145,0.060913704335689545,0.08695652335882187,0.13405796885490417
YJL012C-A,YGL249W,0,-1.856751,0.060759492218494415,0.08695652335882187,0.13442029058933258
YDL019C,YAR044W,1,-1.8573201,0.06313131004571915,0.09057971090078354,0.13442029058933258
YFL002W-B,YCR083W,0,-1.8592455,0.062972292304039,0.09057971090078354,0.134782612323761
YGL256W,YOL058W,0,-1.8593886,0.06281407177448273,0.09057971090078354,0.1351449340581894
YMR273C,YPL150W,0,-1.8612111,0.06265664100646973,0.09057971090078354,0.1355072408914566
YOR337W,YDL156W,0,-1.8623278,0.0625,0.09057971090078354,0.135869562625885
YHR003C,YPR171W,0,-1.8629183,0.06234414130449295,0.09057971090078354,0.13623188436031342
YHR011W,YMR165C,0,-1.8629918,0.06218905374407768,0.09057971090078354,0.13659420609474182
YFL010W-A,YDL201W,0,-1.8631634,0.062034741044044495,0.09057971090078354,0.13695652782917023
YER166W,YAR044W,1,-1.8634595,0.06435643881559372,0.09420289844274521,0.13695652782917023
YPR098C,YER147C,0,-1.8636439,0.06419753283262253,0.09420289844274521,0.13731883466243744
YHR039C-B,YAL031C,0,-1.8658686,0.06403940916061401,0.09420289844274521,0.13768115639686584
YLR224W,YBL082C,0,-1.8689948,0.06388206034898758,0.09420289844274521,0.13804347813129425
YNL208W,YPR119W,0,-1.8696492,0.06372549384832382,0.09420289844274521,0.13840579986572266
YHR016C,YPR060C,0,-1.871996,0.06356967985630035,0.09420289844274521,0.13876812160015106
YKL222C,YDL190C,0,-1.8720978,0.06341463327407837,0.09420289844274521,0.13913042843341827
YDL130W-A,YJL214W,0,-1.8722097,0.06326033920049667,0.09420289844274521,0.13949275016784668
YOR088W,YNL252C,0,-1.8739446,0.06310679763555527,0.09420289844274521,0.13985507190227509
YNL323W,YAR044W,1,-1.8742656,0.06537530571222305,0.09782608598470688,0.13985507190227509
YIL170W,YCL014W,0,-1.876812,0.06521739065647125,0.09782608598470688,0.1402173936367035
YDR489W,YPL281C,0,-1.8775196,0.06506024301052094,0.09782608598470688,0.1405797153711319
YIR014W,YBR227C,0,-1.8778552,0.06490384787321091,0.09782608598470688,0.1409420222043991
YOR287C,YDR358W,0,-1.8781204,0.06474819779396057,0.09782608598470688,0.14130434393882751
YDR522C,YMR038C,0,-1.8782876,0.06459330022335052,0.09782608598470688,0.14166666567325592
YAR044W,YDR093W,1,-1.8791226,0.06682577729225159,0.10144927352666855,0.14166666567325592
YKL097W-A,YCR073C,0,-1.8797503,0.06666667014360428,0.10144927352666855,0.14202898740768433
YAL060W,YPL236C,0,-1.8799359,0.06650831550359726,0.10144927352666855,0.14239130914211273
YHR174W,YLL011W,0,-1.8833228,0.06635071337223053,0.10144927352666855,0.14275361597537994
YKL188C,YAR044W,1,-1.88443,0.06855791807174683,0.10507246106863022,0.14275361597537994
YER012W,YPR196W,0,-1.8846419,0.06839622557163239,0.10507246106863022,0.14311593770980835
YGL035C,YCL074W,0,-1.8866813,0.06823529303073883,0.10507246106863022,0.14347825944423676
YER011W,YNL159C,0,-1.8877368,0.06807512044906616,0.10507246106863022,0.14384058117866516
YMR202W,YMR122W-A,0,-1.8880343,0.06791569292545319,0.10507246106863022,0.14420290291309357
YKL130C,YDR131C,0,-1.8918434,0.0677570104598999,0.10507246106863022,0.14456522464752197
YCR029C-A,YOR339C,0,-1.8924744,0.06759906560182571,0.10507246106863022,0.14492753148078918
YDR312W,YDR055W,0,-1.9015437,0.06744185835123062,0.10507246106863022,0.1452898532152176
YGL224C,YKR045C,0,-1.901704,0.06728538125753403,0.10507246106863022,0.145652174949646
YGR277C,YKL203C,0,-1.9023182,0.06712962687015533,0.10507246106863022,0.1460144966840744
YAR066W,YDL021W,0,-1.9024402,0.06697459518909454,0.10507246106863022,0.1463768184185028
YJR129C,YPL150W,0,-1.9026264,0.06682027876377106,0.10507246106863022,0.14673912525177002
YPR035W,YLR312W-A,0,-1.9031066,0.06666667014360428,0.10507246106863022,0.14710144698619843
YNL279W,YGR071C,0,-1.9045105,0.06651376187801361,0.10507246106863022,0.14746376872062683
YBR041W,YAR044W,1,-1.9053531,0.06864988803863525,0.10869564861059189,0.14746376872062683
YKL021C,YKR019C,0,-1.9057276,0.06849315017461777,0.10869564861059189,0.14782609045505524
YPR096C,YKL042W,0,-1.9063787,0.06833712756633759,0.10869564861059189,0.14818841218948364
YOR098C,YJR107W,0,-1.9077516,0.06818182021379471,0.10869564861059189,0.14855071902275085
YDR498C,YOR088W,0,-1.9083018,0.06802721321582794,0.10869564861059189,0.14891304075717926
YJR034W,YBL005W-A,0,-1.9092482,0.06787330657243729,0.10869564861059189,0.14927536249160767
YOR317W,YMR162C,1,-1.9114431,0.06997742503881454,0.11231884360313416,0.14927536249160767
YAR044W,YPL147W,1,-1.9115012,0.07207207381725311,0.11594203114509583,0.14927536249160767
YIR003W,YLR157C,0,-1.9135795,0.07191011309623718,0.11594203114509583,0.14963768422603607
YMR143W,YML040W,0,-1.914168,0.07174888253211975,0.11594203114509583,0.15000000596046448
YER048W-A,YMR210W,0,-1.9177288,0.07158836722373962,0.11594203114509583,0.1503623127937317
YMR079W,YOR237W,1,-1.9185202,0.0736607164144516,0.1195652186870575,0.1503623127937317
YML018C,YOL089C,0,-1.9195449,0.07349666208028793,0.1195652186870575,0.1507246345281601
YGR225W,YER130C,0,-1.9196182,0.07333333045244217,0.1195652186870575,0.1510869562625885
YPL113C,YHR166C,0,-1.9212623,0.0731707289814949,0.1195652186870575,0.1514492779970169
YGL046W,YPL046C,0,-1.9233696,0.07300885021686554,0.1195652186870575,0.1518115997314453
YCL019W,YOR083W,0,-1.9242175,0.07284767925739288,0.1195652186870575,0.15217390656471252
YBL020W,YLR040C,0,-1.9243091,0.07268722355365753,0.1195652186870575,0.15253622829914093
YLL029W,YGL123W,0,-1.9250613,0.07252747565507889,0.1195652186870575,0.15289855003356934
YPL065W,YKL180W,0,-1.9259579,0.07236842066049576,0.1195652186870575,0.15326087176799774
YDL114W,YBR159W,0,-1.926793,0.07221006602048874,0.1195652186870575,0.15362319350242615
YBR201W,YGL079W,0,-1.9292818,0.07205240428447723,0.1195652186870575,0.15398550033569336
YLR225C,YHR039C-A,0,-1.9293323,0.07189542800188065,0.1195652186870575,0.15434782207012177
YGR222W,YLR064W,0,-1.9299154,0.07173912972211838,0.1195652186870575,0.15471014380455017
YLR040C,YJR002W,0,-1.9305272,0.07158351689577103,0.1195652186870575,0.15507246553897858
YIR036C,YBR235W,0,-1.9313159,0.0714285746216774,0.1195652186870575,0.15543478727340698
YAR044W,YNL231C,1,-1.931733,0.07343412190675735,0.12318840622901917,0.15543478727340698
YPR001W,YJL206C,0,-1.9321218,0.0732758641242981,0.12318840622901917,0.1557970941066742
YHR161C,YOR378W,0,-1.9327328,0.07311827689409256,0.12318840622901917,0.1561594158411026
YKL167C,YDL206W,0,-1.9339373,0.07296137511730194,0.12318840622901917,0.156521737575531
YLR099C,YDR387C,0,-1.93481,0.07280513644218445,0.12318840622901917,0.1568840593099594
YLR035C-A,YGL253W,0,-1.9352454,0.07264957576990128,0.12318840622901917,0.15724638104438782
YDL104C,YLR419W,0,-1.936438,0.07249467074871063,0.12318840622901917,0.15760870277881622
YKR102W,YDR222W,0,-1.936807,0.07234042882919312,0.12318840622901917,0.15797100961208344
YOR022C,YJL154C,0,-1.9373686,0.07218683511018753,0.12318840622901917,0.15833333134651184
YGR277C,YOR307C,0,-1.939223,0.07203389704227448,0.12318840622901917,0.15869565308094025
YOL053C-A,YJR155W,0,-1.9401388,0.07188160717487335,0.12318840622901917,0.15905797481536865
YLR160C,YGR061C,0,-1.9460871,0.07172995805740356,0.12318840622901917,0.15942029654979706
YOR123C,YPL108W,0,-1.9481511,0.07157894968986511,0.12318840622901917,0.15978260338306427
YDL112W,YDR043C,0,-1.9485183,0.0714285746216774,0.12318840622901917,0.16014492511749268
YJL082W,YPR091C,0,-1.94877,0.07127882540225983,0.12318840622901917,0.16050724685192108
YOR056C,YNR049C,0,-1.9488053,0.071129709482193,0.12318840622901917,0.1608695685863495
YER099C,YLR419W,0,-1.9514074,0.0709812119603157,0.12318840622901917,0.1612318903207779
YHR166C,YEL026W,0,-1.9515169,0.07083333283662796,0.12318840622901917,0.1615941971540451
YAL047C,YIL080W,0,-1.9517773,0.07068607211112976,0.12318840622901917,0.1619565188884735
YBL045C,YNL115C,0,-1.9526432,0.07053942233324051,0.12318840622901917,0.16231884062290192
YEL043W,YGL001C,0,-1.9529335,0.07039337605237961,0.12318840622901917,0.16268116235733032
YDR001C,YLR433C,0,-1.9535004,0.07024793326854706,0.12318840622901917,0.16304348409175873
YKL094W,YML033W,0,-1.9547879,0.07010309398174286,0.12318840622901917,0.16340579092502594
YFL037W,YOR215C,0,-1.955019,0.06995885074138641,0.12318840622901917,0.16376811265945435
YAR044W,YNL264C,1,-1.956995,0.07186858355998993,0.12681159377098083,0.16376811265945435
YNL339C,YGL251C,0,-1.9576013,0.07172130793333054,0.12681159377098083,0.16413043439388275
YER070W,YMR121C,0,-1.9601408,0.07157464325428009,0.12681159377098083,0.16449275612831116
YER091C,YLR264W,0,-1.9604361,0.0714285746216774,0.12681159377098083,0.16485507786273956
YDR383C,YMR087W,0,-1.9616802,0.07128309458494186,0.12681159377098083,0.16521738469600677
YGR041W,YMR290C,0,-1.9617991,0.07113821059465408,0.12681159377098083,0.16557970643043518
YDL213C,YLR225C,0,-1.9623871,0.07099391520023346,0.12681159377098083,0.1659420281648636
YGR047C,YNL248C,0,-1.9629996,0.0708502009510994,0.12681159377098083,0.166304349899292
YPR184W,YBR141C,0,-1.9665534,0.07070706784725189,0.12681159377098083,0.1666666716337204
YCR068W,YJR088C,0,-1.9666293,0.07056451588869095,0.12681159377098083,0.1670289784669876
YOR092W,YHL044W,0,-1.9679358,0.07042253762483597,0.12681159377098083,0.16739130020141602
YDL133C-A,YPR124W,0,-1.9697211,0.07028112560510635,0.12681159377098083,0.16775362193584442
YCL043C,YIR007W,0,-1.9698545,0.0701402798295021,0.12681159377098083,0.16811594367027283
YPL231W,YJL155C,0,-1.9700837,0.07000000029802322,0.12681159377098083,0.16847826540470123
YMR295C,YKL096W,0,-1.9701704,0.06986027956008911,0.12681159377098083,0.16884058713912964
YJL060W,YKL172W,0,-1.9709187,0.06972111761569977,0.12681159377098083,0.16920289397239685
YNL282W,YMR086W,0,-1.9744223,0.0695825070142746,0.12681159377098083,0.16956521570682526
YIL177C,YDR527W,0,-1.9753689,0.0694444477558136,0.12681159377098083,0.16992753744125366
YLR408C,YNR056C,0,-1.975556,0.06930693238973618,0.12681159377098083,0.17028985917568207
YGL162W,YMR246W,1,-1.9758096,0.07114624232053757,0.1304347813129425,0.17028985917568207
YCR088W,YLR238W,0,-1.9767318,0.0710059180855751,0.1304347813129425,0.17065218091011047
YJR010W,YPL005W,0,-1.9770124,0.07086614519357681,0.1304347813129425,0.17101448774337769
YPR096C,YML022W,0,-1.9771401,0.0707269161939621,0.1304347813129425,0.1713768094778061
YKR018C,YNL072W,0,-1.9775017,0.07058823853731155,0.1304347813129425,0.1717391312122345
YPR204W,YPL242C,0,-1.9782137,0.07045009732246399,0.1304347813129425,0.1721014529466629
YPL200W,YCL020W,0,-1.9782919,0.0703125,0.1304347813129425,0.1724637746810913
YGR037C,YOR237W,1,-1.9787552,0.07212475687265396,0.13405796885490417,0.1724637746810913
YPR137W,YOR226C,0,-1.9797081,0.0719844326376915,0.13405796885490417,0.17282608151435852
YLR404W,YDL025C,0,-1.9798145,0.0718446597456932,0.13405796885490417,0.17318840324878693
YLR329W,YLR042C,0,-1.9811239,0.0717054232954979,0.13405796885490417,0.17355072498321533
YJL213W,YER174C,0,-1.9817029,0.07156673073768616,0.13405796885490417,0.17391304671764374
YJL071W,YGR118W,0,-1.9825041,0.0714285746216774,0.13405796885490417,0.17427536845207214
YLR312W-A,YCR023C,0,-1.9839449,0.07129094749689102,0.13405796885490417,0.17463767528533936
YNL069C,YHR166C,0,-1.9847379,0.07115384936332703,0.13405796885490417,0.17499999701976776
YCR094W,YOR317W,1,-1.9865744,0.07293666154146194,0.13768115639686584,0.17499999701976776
YER138C,YOR355W,0,-1.9869552,0.07279693335294724,0.13768115639686584,0.17536231875419617
YMR194W,YGL205W,0,-1.9877162,0.0726577416062355,0.13768115639686584,0.17572464048862457
YIL111W,YCR020C,0,-1.9891565,0.07251908630132675,0.13768115639686584,0.17608696222305298
YPR028W,YDR262W,0,-1.9934676,0.07238095253705978,0.13768115639686584,0.1764492690563202
YGR006W,YKL001C,0,-1.9952224,0.0722433477640152,0.13768115639686584,0.1768115907907486
YKR036C,YKL035W,0,-1.9961357,0.0721062645316124,0.13768115639686584,0.177173912525177
YHR134W,YDR541C,0,-1.9974151,0.07196969538927078,0.13768115639686584,0.1775362342596054
YJR015W,YMR067C,0,-1.9981884,0.07183364778757095,0.13768115639686584,0.1778985559940338
YNL146W,YFL036W,0,-1.9989856,0.07169811427593231,0.13768115639686584,0.17826086282730103
YPR122W,YNL014W,0,-2.0003014,0.07156308740377426,0.13768115639686584,0.17862318456172943
YER044C,YLR151C,0,-2.001283,0.0714285746216774,0.13768115639686584,0.17898550629615784
YKL184W,YGR125W,0,-2.0013855,0.07129456102848053,0.13768115639686584,0.17934782803058624
YJL046W,YGR229C,0,-2.002174,0.07116104662418365,0.13768115639686584,0.17971014976501465
YOR317W,YER166W,1,-2.0045059,0.07289719581604004,0.14130434393882751,0.17971014976501465
YMR276W,YBR238C,0,-2.0059948,0.07276119291782379,0.14130434393882751,0.18007245659828186
YGR251W,YOR368W,0,-2.0064676,0.07262569665908813,0.14130434393882751,0.18043477833271027
YNL070W,YPL108W,0,-2.00742,0.07249070703983307,0.14130434393882751,0.18079710006713867
YKR018C,YDR266C,0,-2.007586,0.072356216609478,0.14130434393882751,0.18115942180156708
YNL248C,YKR098C,0,-2.008841,0.07222222536802292,0.14130434393882751,0.18152174353599548
YML058W-A,YCR068W,0,-2.009843,0.07208872586488724,0.14130434393882751,0.1818840652704239
YNR050C,YOR298W,0,-2.010674,0.07195571810007095,0.14130434393882751,0.1822463721036911
YLR446W,YOR261C,0,-2.011223,0.07182320207357407,0.14130434393882751,0.1826086938381195
YLR214W,YEL043W,0,-2.0125082,0.07169117778539658,0.14130434393882751,0.1829710155725479
YDR532C,YJR107W,0,-2.013485,0.07155963033437729,0.14130434393882751,0.18333333730697632
YER150W,YNL007C,0,-2.0135472,0.0714285746216774,0.14130434393882751,0.18369565904140472
YLR043C,YLR057W,0,-2.01394,0.07129798829555511,0.14130434393882751,0.18405796587467194
YJL024C,YHR215W,0,-2.0144625,0.07116788625717163,0.14130434393882751,0.18442028760910034
YLR240W,YOR228C,0,-2.0164804,0.07103825360536575,0.14130434393882751,0.18478260934352875
YBR243C,YJR088C,0,-2.020123,0.07090909034013748,0.14130434393882751,0.18514493107795715
YHR089C,YJR149W,0,-2.0205042,0.07078039646148682,0.14130434393882751,0.18550725281238556
YFL021W,YKR009C,0,-2.021816,0.07065217196941376,0.14130434393882751,0.18586955964565277
YLR408C,YKL172W,0,-2.0229378,0.07052440941333771,0.14130434393882751,0.18623188138008118
YMR038C,YOR228C,0,-2.0247405,0.07039710879325867,0.14130434393882751,0.18659420311450958
YPL066W,YLR383W,0,-2.025082,0.07027027010917664,0.14130434393882751,0.186956524848938
YKL218C,YLR186W,0,-2.026383,0.07014388591051102,0.14130434393882751,0.1873188465833664
YJR129C,YNR069C,0,-2.027782,0.07001795619726181,0.14130434393882751,0.1876811534166336
YCR037C,YER140W,0,-2.0281377,0.06989247351884842,0.14130434393882751,0.188043475151062
YGL166W,YJL046W,0,-2.031533,0.06976744532585144,0.14130434393882751,0.18840579688549042
YER175C,YJL046W,0,-2.031688,0.06964285671710968,0.14130434393882751,0.18876811861991882
YOR292C,YMR323W,0,-2.034429,0.06951871514320374,0.14130434393882751,0.18913044035434723
YLR160C,YLR289W,0,-2.035021,0.0693950206041336,0.14130434393882751,0.18949274718761444
YAL012W,YKL174C,0,-2.0407221,0.0692717581987381,0.14130434393882751,0.18985506892204285
YOR022C,YPL086C,0,-2.041881,0.06914893537759781,0.14130434393882751,0.19021739065647125
YOR237W,YMR246W,1,-2.0420177,0.07079645991325378,0.14492753148078918,0.19021739065647125
YCL034W,YPL131W,0,-2.0440967,0.07067137956619263,0.14492753148078918,0.19057971239089966
YEL077C,YEL040W,0,-2.0448427,0.07054673880338669,0.14492753148078918,0.19094203412532806
YPL174C,YNL209W,0,-2.0462756,0.07042253762483597,0.14492753148078918,0.19130434095859528
YOL165C,YIL091C,0,-2.0474896,0.07029876857995987,0.14492753148078918,0.19166666269302368
YDR214W,YMR159C,0,-2.0492914,0.07017543911933899,0.14492753148078918,0.1920289844274521
YOR317W,YAR044W,1,-2.0494928,0.07180385291576385,0.14855071902275085,0.1920289844274521
YPR196W,YMR300C,0,-2.049902,0.07167831808328629,0.14855071902275085,0.1923913061618805
YLR003C,YHR045W,0,-2.0503335,0.07155323028564453,0.14855071902275085,0.1927536278963089
YAR035W,YAL012W,0,-2.05148,0.0714285746216774,0.14855071902275085,0.1931159347295761
YPL132W,YBR040W,0,-2.0572758,0.07130435109138489,0.14855071902275085,0.19347825646400452
YCR034W,YJR066W,0,-2.0576258,0.0711805522441864,0.14855071902275085,0.19384057819843292
YOR295W,YJR159W,0,-2.0594285,0.07105719298124313,0.14855071902275085,0.19420289993286133
YKL107W,YCR024C-A,0,-2.0595193,0.07093425840139389,0.14855071902275085,0.19456522166728973
YGR054W,YMR179W,0,-2.0600507,0.07081174105405807,0.14855071902275085,0.19492754340171814
YJR159W,YDR376W,0,-2.0602427,0.07068965584039688,0.14855071902275085,0.19528985023498535
YDR026C,YBL105C,0,-2.0622005,0.07056798785924911,0.14855071902275085,0.19565217196941376
YMR190C,YFR006W,0,-2.062391,0.07044673711061478,0.14855071902275085,0.19601449370384216
YLR312C-B,YFL037W,0,-2.0636678,0.07032590359449387,0.14855071902275085,0.19637681543827057
YPR182W,YDR387C,0,-2.0648642,0.07020547986030579,0.14855071902275085,0.19673913717269897
YOR329C,YGR059W,0,-2.0655777,0.07008547335863113,0.14855071902275085,0.1971014440059662
YGR222W,YML030W,0,-2.068101,0.06996586918830872,0.14855071902275085,0.1974637657403946
YDR383C,YKL027W,0,-2.0681565,0.06984667479991913,0.14855071902275085,0.197826087474823
YKR055W,YGR203W,0,-2.073465,0.06972789019346237,0.14855071902275085,0.1981884092092514
YPL189C-A,YML094W,0,-2.0775836,0.06960950791835785,0.14855071902275085,0.1985507309436798
YDR123C,YKR057W,0,-2.077986,0.06949152797460556,0.14855071902275085,0.19891303777694702
YKR008W,YPL068C,0,-2.0799942,0.06937394291162491,0.14855071902275085,0.19927535951137543
YPR119W,YJL097W,0,-2.0827923,0.06925676017999649,0.14855071902275085,0.19963768124580383
YNL115C,YKL004W,0,-2.0830975,0.06913996487855911,0.14855071902275085,0.20000000298023224
YGL160W,YER161C,0,-2.0847466,0.06902357190847397,0.14855071902275085,0.20036232471466064
YGL003C,YOR131C,0,-2.086686,0.06890756636857986,0.14855071902275085,0.20072463154792786
YKL100C,YDL036C,0,-2.0881271,0.0687919482588768,0.14855071902275085,0.20108695328235626
YHL016C,YPR063C,0,-2.0885167,0.06867671757936478,0.14855071902275085,0.20144927501678467
YNL229C,YJL206C,0,-2.08984,0.06856187433004379,0.14855071902275085,0.20181159675121307
YOR057W,YIL133C,0,-2.0901146,0.06844741106033325,0.14855071902275085,0.20217391848564148
YNL095C,YML066C,0,-2.091749,0.06833333522081375,0.14855071902275085,0.2025362253189087
YNL146W,YPL144W,0,-2.0924134,0.0682196319103241,0.14855071902275085,0.2028985470533371
YOR291W,YMR071C,0,-2.0936198,0.06810630857944489,0.14855071902275085,0.2032608687877655
YGR159C,YPR183W,0,-2.0957894,0.06799336522817612,0.14855071902275085,0.2036231905221939
YMR304W,YDL214C,0,-2.0985148,0.0678807944059372,0.14855071902275085,0.20398551225662231
YER126C,YMR166C,0,-2.098719,0.06776859611272812,0.14855071902275085,0.20434781908988953
YNR067C,YHR066W,0,-2.0997603,0.06765676289796829,0.14855071902275085,0.20471014082431793
YGR067C,YHR062C,0,-2.1025338,0.06754530221223831,0.14855071902275085,0.20507246255874634
YGL250W,YBR204C,0,-2.1025393,0.06743421405553818,0.14855071902275085,0.20543478429317474
YFL066C,YGR104C,0,-2.103319,0.0673234835267067,0.14855071902275085,0.20579710602760315
YMR113W,YFL066C,0,-2.1074266,0.06721311807632446,0.14855071902275085,0.20615941286087036
YPL273W,YKL107W,0,-2.1076813,0.06710311025381088,0.14855071902275085,0.20652173459529877
YHL008C,YDR353W,0,-2.108122,0.06699346750974655,0.14855071902275085,0.20688405632972717
YML037C,YMR270C,0,-2.1089683,0.06688417494297028,0.14855071902275085,0.20724637806415558
YDR454C,YEL077C,0,-2.1137302,0.06677524745464325,0.14855071902275085,0.20760869979858398
YJL144W,YLR410W,0,-2.1168947,0.06666667014360428,0.14855071902275085,0.2079710215330124
YDR297W,YML087C,0,-2.1185434,0.06655844300985336,0.14855071902275085,0.2083333283662796
YHL016C,YML093W,0,-2.119407,0.0664505660533905,0.14855071902275085,0.208695650100708
YEL004W,YDL136W,0,-2.1200752,0.0663430392742157,0.14855071902275085,0.2090579718351364
YNL166C,YER103W,0,-2.1201663,0.06623586267232895,0.14855071902275085,0.20942029356956482
YPL164C,YNR004W,0,-2.1205862,0.06612902879714966,0.14855071902275085,0.20978261530399323
YPL148C,YOR356W,0,-2.1223147,0.06602254509925842,0.14855071902275085,0.21014492213726044
YKL172W,YGL257C,0,-2.1233315,0.06591639667749405,0.14855071902275085,0.21050724387168884
YLL052C,YJL102W,0,-2.1234908,0.06581059098243713,0.14855071902275085,0.21086956560611725
YNL290W,YNL112W,0,-2.124269,0.06570512801408768,0.14855071902275085,0.21123188734054565
YAR066W,YGL003C,0,-2.1244118,0.06560000032186508,0.14855071902275085,0.21159420907497406
YFR029W,YOR378W,0,-2.1249514,0.06549520790576935,0.14855071902275085,0.21195651590824127
YHR076W,YIL083C,0,-2.125858,0.06539075076580048,0.14855071902275085,0.21231883764266968
YJR094W-A,YGR179C,0,-2.1262496,0.06528662145137787,0.14855071902275085,0.21268115937709808
YBR041W,YOR237W,1,-2.13048,0.06677265465259552,0.15217390656471252,0.21268115937709808
YDL170W,YJL206C,0,-2.1307294,0.06666667014360428,0.15217390656471252,0.2130434811115265
YNR060W,YKL028W,0,-2.1333566,0.0665610134601593,0.15217390656471252,0.2134058028459549
YOR202W,YIL110W,0,-2.1377337,0.06645569950342178,0.15217390656471252,0.2137681096792221
YKR013W,YLR213C,0,-2.1387868,0.06635071337223053,0.15217390656471252,0.2141304314136505
YIL172C,YDR046C,0,-2.1407094,0.06624605506658554,0.15217390656471252,0.21449275314807892
YMR321C,YPL068C,0,-2.1417828,0.06614173203706741,0.15217390656471252,0.21485507488250732
YOR237W,YER166W,1,-2.1420777,0.06761006265878677,0.1557970941066742,0.21485507488250732
YLR441C,YDR533C,0,-2.1428666,0.067503921687603,0.1557970941066742,0.21521739661693573
YJR029W,YDR084C,0,-2.1436696,0.06739811599254608,0.1557970941066742,0.21557970345020294
YKL222C,YDR143C,0,-2.1466212,0.06729264557361603,0.1557970941066742,0.21594202518463135
YBL074C,YJL136C,0,-2.1470723,0.06718750298023224,0.1557970941066742,0.21630434691905975
YDR348C,YPR187W,0,-2.147303,0.06708268076181412,0.1557970941066742,0.21666666865348816
YHR084W,YIL111W,0,-2.1486602,0.06697819381952286,0.1557970941066742,0.21702899038791656
YKR039W,YBL112C,0,-2.1509225,0.06687402725219727,0.1557970941066742,0.21739129722118378
YOL053C-A,YPL223C,0,-2.1517007,0.06677018851041794,0.1557970941066742,0.21775361895561218
YDR421W,YOR215C,0,-2.1529484,0.06666667014360428,0.1557970941066742,0.2181159406900406
YDR082W,YAL003W,0,-2.153318,0.06656346470117569,0.1557970941066742,0.218478262424469
YNL159C,YMR034C,0,-2.1545584,0.06646058708429337,0.1557970941066742,0.2188405841588974
YMR221C,YBR258C,0,-2.1546311,0.06635802239179611,0.1557970941066742,0.2192029058933258
YGR052W,YJL102W,0,-2.155564,0.06625577807426453,0.1557970941066742,0.21956521272659302
YNL182C,YJL225C,0,-2.1562011,0.06615384668111801,0.1557970941066742,0.21992753446102142
YGL168W,YML018C,0,-2.1568642,0.06605222821235657,0.1557970941066742,0.22028985619544983
YOR074C,YER087W,0,-2.157124,0.0659509226679802,0.1557970941066742,0.22065217792987823
YHR117W,YDR248C,0,-2.1628125,0.0658499225974083,0.1557970941066742,0.22101449966430664
YPL127C,YER140W,0,-2.1646626,0.06574923545122147,0.1557970941066742,0.22137680649757385
YER160C,YKL116C,0,-2.1686473,0.06564885377883911,0.1557970941066742,0.22173912823200226
YDR117C,YGL123W,0,-2.1689634,0.06554877758026123,0.1557970941066742,0.22210144996643066
YKL188C,YGL162W,1,-2.169682,0.0669710785150528,0.15942029654979706,0.22210144996643066
YCL027W,YJL109C,0,-2.171771,0.06686930358409882,0.15942029654979706,0.22246377170085907
YJR149W,YPR041W,0,-2.1737337,0.06676782667636871,0.15942029654979706,0.22282609343528748
YER087W,YIR032C,0,-2.1738153,0.06666667014360428,0.15942029654979706,0.2231884002685547
YBL005W-A,YDR018C,0,-2.175721,0.06656581163406372,0.15942029654979706,0.2235507220029831
YPL162C,YDR147W,0,-2.1769724,0.06646525859832764,0.15942029654979706,0.2239130437374115
YBL002W,YNR074C,0,-2.178329,0.06636501103639603,0.15942029654979706,0.2242753654718399
YJL116C,YIR028W,0,-2.178716,0.0662650614976883,0.15942029654979706,0.2246376872062683
YJR019C,YGL178W,0,-2.1789017,0.06616540998220444,0.15942029654979706,0.22499999403953552
YDL121C,YMR319C,0,-2.180459,0.06606606394052505,0.15942029654979706,0.22536231577396393
YDR523C,YPL068C,0,-2.1814032,0.06596701592206955,0.15942029654979706,0.22572463750839233
YBR118W,YBR216C,0,-2.1828525,0.06586826592683792,0.15942029654979706,0.22608695924282074
YMR045C,YDR017C,0,-2.1837895,0.06576980650424957,0.15942029654979706,0.22644928097724915
YFR055W,YJR137C,0,-2.1855843,0.0656716451048851,0.15942029654979706,0.22681158781051636
YMR046C,YGR035C,0,-2.1867473,0.06557376682758331,0.15942029654979706,0.22717390954494476
YPR063C,YGR029W,0,-2.187685,0.065476194024086,0.15942029654979706,0.22753623127937317
YLL055W,YLL034C,0,-2.1883945,0.06537889689207077,0.15942029654979706,0.22789855301380157
YGL033W,YLR205C,0,-2.1914144,0.06528189778327942,0.15942029654979706,0.22826087474822998
YNL134C,YOR283W,0,-2.1954613,0.06518518179655075,0.15942029654979706,0.2286231815814972
YNL135C,YCL075W,0,-2.1966097,0.06508875638246536,0.15942029654979706,0.2289855033159256
YPL134C,YPL158C,0,-2.1979299,0.06499261409044266,0.15942029654979706,0.229347825050354
YNL330C,YMR099C,0,-2.198503,0.06489675492048264,0.15942029654979706,0.2297101467847824
YPL096C-A,YDL190C,0,-2.1985285,0.0648011788725853,0.15942029654979706,0.23007246851921082
YMR116C,YMR115W,0,-2.1995807,0.06470588594675064,0.15942029654979706,0.23043477535247803
YOL019W,YNR054C,0,-2.2017756,0.06461086869239807,0.15942029654979706,0.23079709708690643
YDR523C,YML124C,0,-2.2025738,0.06451612710952759,0.15942029654979706,0.23115941882133484
YOR125C,YIR007W,0,-2.2047627,0.06442166864871979,0.15942029654979706,0.23152174055576324
YHR109W,YOL107W,0,-2.205927,0.06432748585939407,0.15942029654979706,0.23188406229019165
YBR056W,YKL092C,0,-2.206273,0.06423357874155045,0.15942029654979706,0.23224638402462006
YOL075C,YDL077C,0,-2.2065287,0.0641399398446083,0.15942029654979706,0.23260869085788727
YER006W,YKL096W,0,-2.2079816,0.06404657661914825,0.15942029654979706,0.23297101259231567
YER025W,YGR096W,0,-2.2082279,0.06395348906517029,0.15942029654979706,0.23333333432674408
YDR109C,YHL007C,0,-2.2084517,0.06386066973209381,0.15942029654979706,0.23369565606117249
YKL103C,YOL086C,0,-2.209367,0.06376811861991882,0.15942029654979706,0.2340579777956009
YPL027W,YML039W,0,-2.211649,0.06367583572864532,0.15942029654979706,0.2344202846288681
YPR030W,YNL016W,0,-2.2126045,0.06358381360769272,0.15942029654979706,0.2347826063632965
YJR082C,YCL074W,0,-2.2131746,0.0634920671582222,0.15942029654979706,0.23514492809772491
YFR045W,YLR086W,0,-2.2150822,0.06340057402849197,0.15942029654979706,0.23550724983215332
YNL306W,YDR018C,0,-2.216048,0.06330934911966324,0.15942029654979706,0.23586957156658173
YOL045W,YIL170W,0,-2.2163787,0.06321839243173599,0.15942029654979706,0.23623187839984894
YLR164W,YOR058C,0,-2.2163987,0.06312768906354904,0.15942029654979706,0.23659420013427734
YMR121C,YNL006W,0,-2.216903,0.06303724646568298,0.15942029654979706,0.23695652186870575
YPL162C,YBR230C,0,-2.2172866,0.06294706463813782,0.15942029654979706,0.23731884360313416
YOR348C,YFL029C,0,-2.2174845,0.06285714358091354,0.15942029654979706,0.23768116533756256
YOR208W,YLR064W,0,-2.2183115,0.06276747584342957,0.15942029654979706,0.23804347217082977
YGR054W,YDR050C,0,-2.2202382,0.06267806142568588,0.15942029654979706,0.23840579390525818
YKR003W,YOR237W,1,-2.2216206,0.06401138007640839,0.16304348409175873,0.23840579390525818
YDR352W,YOR212W,0,-2.2222018,0.06392045319080353,0.16304348409175873,0.23876811563968658
YAL042W,YFL053W,0,-2.2225137,0.06382978707551956,0.16304348409175873,0.239130437374115
YLR431C,YJR026W,0,-2.22365,0.06373937427997589,0.16304348409175873,0.2394927591085434
YIL067C,YER185W,0,-2.2247467,0.06364922225475311,0.16304348409175873,0.2398550659418106
YGR203W,YFL033C,0,-2.225209,0.06355932354927063,0.16304348409175873,0.240217387676239
YKL188C,YOR317W,1,-2.2254004,0.06488011032342911,0.1666666716337204,0.240217387676239
YMR296C,YOL165C,0,-2.2256055,0.06478872895240784,0.1666666716337204,0.24057970941066742
YHL004W,YDR214W,0,-2.2257583,0.06469760835170746,0.1666666716337204,0.24094203114509583
YJL160C,YNL053W,0,-2.225947,0.06460674107074738,0.1666666716337204,0.24130435287952423
YNL323W,YOR317W,1,-2.2259636,0.06591865420341492,0.17028985917568207,0.24130435287952423
YOR317W,YJL145W,1,-2.2276454,0.06722689419984818,0.17391304671764374,0.24130435287952423
YNL154C,YGL079W,0,-2.2283857,0.067132867872715,0.17391304671764374,0.24166665971279144
YOL075C,YBR244W,0,-2.2294288,0.0670391097664833,0.17391304671764374,0.24202898144721985
YIL099W,YOR353C,0,-2.231508,0.06694560497999191,0.17391304671764374,0.24239130318164825
YCR088W,YMR160W,0,-2.232214,0.06685236841440201,0.17391304671764374,0.24275362491607666
YFL024C,YKL038W,0,-2.2344494,0.0667593851685524,0.17391304671764374,0.24311594665050507
YJL114W,YGR215W,0,-2.235145,0.06666667014360428,0.17391304671764374,0.24347825348377228
YDR410C,YGR125W,0,-2.236165,0.06657420098781586,0.17391304671764374,0.24384057521820068
YOR098C,YJR025C,0,-2.237035,0.06648199260234833,0.17391304671764374,0.2442028969526291
YHL047C,YML052W,0,-2.2370715,0.06639004498720169,0.17391304671764374,0.2445652186870575
YBL005W-A,YMR277W,0,-2.237134,0.06629834324121475,0.17391304671764374,0.2449275404214859
YML123C,YCL020W,0,-2.2374067,0.06620689481496811,0.17391304671764374,0.2452898621559143
YNL202W,YBR156C,0,-2.2395601,0.06611569970846176,0.17391304671764374,0.24565216898918152
YLR408C,YJR092W,0,-2.2396564,0.06602475792169571,0.17391304671764374,0.24601449072360992
YOR057W,YER160C,0,-2.2397366,0.06593406945466995,0.17391304671764374,0.24637681245803833
YOR237W,YNL231C,1,-2.2404218,0.06721536070108414,0.1775362342596054,0.24637681245803833
YGL077C,YEL003W,0,-2.2406454,0.06712328642606735,0.1775362342596054,0.24673913419246674
YPL283C,YFL033C,0,-2.2416618,0.06703146547079086,0.1775362342596054,0.24710145592689514
YHL040C,YPL266W,0,-2.2446346,0.06693989038467407,0.1775362342596054,0.24746376276016235
YOR313C,YKL088W,0,-2.246622,0.06684856861829758,0.1775362342596054,0.24782608449459076
YMR315W,YHR143W-A,0,-2.2488801,0.06675749272108078,0.1775362342596054,0.24818840622901917
YPL255W,YNL209W,0,-2.2491763,0.06666667014360428,0.1775362342596054,0.24855072796344757
YDR239C,YNL093W,0,-2.2500687,0.06657608598470688,0.1775362342596054,0.24891304969787598
YLR449W,YJR138W,0,-2.2510302,0.06648575514554977,0.1775362342596054,0.2492753565311432
YOR317W,YDR093W,1,-2.2518215,0.06775067746639252,0.18115942180156708,0.2492753565311432
YNR012W,YDL227C,0,-2.2552013,0.06765899807214737,0.18115942180156708,0.2496376782655716
YOL092W,YMR208W,0,-2.2566724,0.06756756454706192,0.18115942180156708,0.25
YBR161W,YPR160W,0,-2.2571936,0.06747638434171677,0.18115942180156708,0.2503623068332672
YPL113C,YNL330C,0,-2.2583888,0.06738544255495071,0.18115942180156708,0.2507246434688568
YNL046W,YOR076C,0,-2.259171,0.06729475408792496,0.18115942180156708,0.251086950302124
YHR216W,YCR068W,0,-2.2606764,0.0672043040394783,0.18115942180156708,0.2514492869377136
YCL038C,YLR449W,0,-2.2610676,0.06711409240961075,0.18115942180156708,0.25181159377098083
YCR094W,YOR237W,1,-2.261213,0.06836461275815964,0.18478260934352875,0.25181159377098083
YGR289C,YBL098W,0,-2.2614398,0.06827308982610703,0.18478260934352875,0.25217390060424805
YPR004C,YJR161C,0,-2.2622938,0.06818182021379471,0.18478260934352875,0.25253623723983765
YEL021W,YJR107W,0,-2.2625172,0.06809078902006149,0.18478260934352875,0.25289854407310486
YJR063W,YOR396W,0,-2.2641594,0.06800000369548798,0.18478260934352875,0.25326088070869446
YDL035C,YNR004W,0,-2.2661622,0.06790945678949356,0.18478260934352875,0.25362318754196167
YOR077W,YBR199W,0,-2.267284,0.06781914830207825,0.18478260934352875,0.2539854943752289
YPL249C-A,YBR160W,0,-2.2700973,0.06772908568382263,0.18478260934352875,0.2543478310108185
YHR214C-B,YCR028C,0,-2.2706797,0.06763925403356552,0.18478260934352875,0.2547101378440857
YBR175W,YGR012W,0,-2.2708225,0.06754966825246811,0.18478260934352875,0.2550724744796753
YKL188C,YOR237W,1,-2.272234,0.06878306716680527,0.18840579688549042,0.2550724744796753
YBL006C,YPL017C,0,-2.2725952,0.06869220733642578,0.18840579688549042,0.2554347813129425
YGL059W,YLR073C,0,-2.2727253,0.0686015859246254,0.18840579688549042,0.2557970881462097
YLR446W,YJL219W,0,-2.273314,0.06851119548082352,0.18840579688549042,0.2561594247817993
YAL025C,YML042W,0,-2.2734675,0.06842105090618134,0.18840579688549042,0.25652173161506653
YEL015W,YBR204C,0,-2.2740064,0.06833114475011826,0.18840579688549042,0.25688406825065613
YPR096C,YHR066W,0,-2.2747135,0.06824146956205368,0.18840579688549042,0.25724637508392334
YLR225C,YLL013C,0,-2.2769566,0.0681520327925682,0.18840579688549042,0.25760868191719055
YHR214C-B,YBR145W,0,-2.277439,0.06806282699108124,0.18840579688549042,0.25797101855278015
YGL253W,YER065C,0,-2.2774835,0.06797385960817337,0.18840579688549042,0.25833332538604736
YPL249C-A,YBL022C,0,-2.2789042,0.06788511574268341,0.18840579688549042,0.25869566202163696
YML018C,YAL009W,0,-2.279654,0.06779661029577255,0.18840579688549042,0.2590579688549042
YML063W,YNL152W,0,-2.2803078,0.0677083358168602,0.18840579688549042,0.2594202756881714
YPL167C,YOL152W,0,-2.2803316,0.06762028485536575,0.18840579688549042,0.259782612323761
YJR029W,YMR032W,0,-2.282195,0.06753246486186981,0.18840579688549042,0.2601449191570282
YIR038C,YDR498C,0,-2.2836795,0.06744487583637238,0.18840579688549042,0.2605072557926178
YDR447C,YDR137W,0,-2.2857463,0.06735751032829285,0.18840579688549042,0.260869562625885
YIL158W,YHR187W,0,-2.2885513,0.06727037578821182,0.18840579688549042,0.2612318694591522
YOR167C,YCL036W,0,-2.2886958,0.0671834647655487,0.18840579688549042,0.2615942060947418
YPL170W,YDR131C,0,-2.2890737,0.0670967772603035,0.18840579688549042,0.26195651292800903
YBL098W,YOR133W,0,-2.289328,0.0670103058218956,0.18840579688549042,0.26231884956359863
YGR035C,YER055C,0,-2.2897267,0.0669240653514862,0.18840579688549042,0.26268115639686584
YCL004W,YHR025W,0,-2.2899048,0.06683804839849472,0.18840579688549042,0.26304349303245544
YPL066W,YDL222C,0,-2.2931776,0.06675224751234055,0.18840579688549042,0.26340579986572266
YKL096W,YNL087W,0,-2.299142,0.06666667014360428,0.18840579688549042,0.26376810669898987
YLR178C,YDR444W,0,-2.3003573,0.06658130884170532,0.18840579688549042,0.26413044333457947
YHL033C,YBR126C,0,-2.3005664,0.06649616360664368,0.18840579688549042,0.2644927501678467
YPR163C,YPL134C,0,-2.304557,0.06641124188899994,0.18840579688549042,0.2648550868034363
YMR079W,YOR317W,1,-2.3048372,0.06760203838348389,0.1920289844274521,0.2648550868034363
YJL063C,YAR010C,0,-2.304903,0.06751592457294464,0.1920289844274521,0.2652173936367035
YER130C,YGR101W,0,-2.3064737,0.0674300268292427,0.1920289844274521,0.2655797004699707
YIL170W,YOR073W,0,-2.306974,0.06734434515237808,0.1920289844274521,0.2659420371055603
YLR394W,YOR348C,0,-2.3132935,0.06725887954235077,0.1920289844274521,0.2663043439388275
YBR129C,YJL149W,0,-2.3156257,0.06717363744974136,0.1920289844274521,0.2666666805744171
YGL175C,YDL213C,0,-2.3165517,0.06708860397338867,0.1920289844274521,0.2670289874076843
YCL008C,YCR040W,0,-2.316899,0.06700379401445389,0.1920289844274521,0.26739129424095154
YIR035C,YIL039W,0,-2.3186047,0.06691919267177582,0.1920289844274521,0.26775363087654114
YGL236C,YPR192W,0,-2.3186703,0.06683480739593506,0.1920289844274521,0.26811593770980835
YLR050C,YCL008C,0,-2.3199258,0.06675063073635101,0.1920289844274521,0.26847827434539795
YPL003W,YBR021W,0,-2.3201208,0.06666667014360428,0.1920289844274521,0.26884058117866516
YGR077C,YIL158W,0,-2.3219192,0.06658291816711426,0.1920289844274521,0.2692028880119324
YOR237W,YJL145W,1,-2.322157,0.06775407493114471,0.19565217196941376,0.2692028880119324
YMR312W,YCR043C,0,-2.3221684,0.06766917556524277,0.19565217196941376,0.269565224647522
YBL010C,YDR291W,0,-2.3232746,0.06758447736501694,0.19565217196941376,0.2699275314807892
YDR104C,YDL061C,0,-2.3251126,0.06750000268220901,0.19565217196941376,0.2702898681163788
YHR003C,YLR126C,0,-2.3254523,0.06741572916507721,0.19565217196941376,0.270652174949646
YDR419W,YNR075W,0,-2.3258872,0.06733167171478271,0.19565217196941376,0.2710144817829132
YGR185C,YMR067C,0,-2.3260071,0.06724782288074493,0.19565217196941376,0.2713768184185028
YMR051C,YOR245C,0,-2.326784,0.06716418266296387,0.19565217196941376,0.27173912525177
YJL050W,YGR209C,0,-2.3279672,0.06708074361085892,0.19565217196941376,0.2721014618873596
YCL030C,YPL269W,0,-2.3297968,0.06699752062559128,0.19565217196941376,0.27246376872062683
YDR341C,YMR190C,0,-2.3298962,0.06691449880599976,0.19565217196941376,0.27282607555389404
YDR026C,YHR067W,0,-2.3304765,0.06683168560266495,0.19565217196941376,0.27318841218948364
YLR164W,YLR310C,0,-2.333171,0.06674907356500626,0.19565217196941376,0.27355071902275085
YLR141W,YHR092C,0,-2.3332477,0.06666667014360428,0.19565217196941376,0.27391305565834045
YGR159C,YLR270W,0,-2.333433,0.06658446043729782,0.19565217196941376,0.27427536249160767
YMR285C,YDL222C,0,-2.33429,0.06650245934724808,0.19565217196941376,0.2746376693248749
YGR192C,YJR089W,0,-2.3347006,0.06642066687345505,0.19565217196941376,0.2750000059604645
YPL096C-A,YGL120C,0,-2.3355856,0.06633906811475754,0.19565217196941376,0.2753623127937317
YPL050C,YJR107W,0,-2.336187,0.06625767052173615,0.19565217196941376,0.2757246494293213
YGL256W,YBL054W,0,-2.3380446,0.06617647409439087,0.19565217196941376,0.2760869562625885
YPR189W,YIL066C,0,-2.3410177,0.06609547138214111,0.19565217196941376,0.2764492630958557
YLR035C,YOR202W,0,-2.3415637,0.06601466983556747,0.19565217196941376,0.2768115997314453
YHR178W,YDR138W,0,-2.343823,0.06593406945466995,0.19565217196941376,0.2771739065647125
YCL026C-A,YBR235W,0,-2.3443897,0.06585365533828735,0.19565217196941376,0.2775362432003021
YML060W,YDR314C,0,-2.344757,0.06577344983816147,0.19565217196941376,0.27789855003356934
YGL017W,YML040W,0,-2.3455417,0.0656934306025505,0.19565217196941376,0.27826085686683655
YNL035C,YLR079W,0,-2.347309,0.06561360508203506,0.19565217196941376,0.27862319350242615
YLR452C,YGL158W,0,-2.3476639,0.06553398072719574,0.19565217196941376,0.27898550033569336
YER172C,YPR185W,0,-2.3479755,0.06545454263687134,0.19565217196941376,0.27934783697128296
YNR007C,YPL249C-A,0,-2.3496394,0.06537530571222305,0.19565217196941376,0.27971014380455017
YCL027W,YGL019W,0,-2.3496704,0.06529625505208969,0.19565217196941376,0.2800724506378174
YHR079C-A,YNR051C,0,-2.3499231,0.06521739065647125,0.19565217196941376,0.280434787273407
YMR051C,YDL141W,0,-2.3509507,0.06513871997594833,0.19565217196941376,0.2807970941066742
YFL066C,YDL052C,0,-2.3520513,0.06506024301052094,0.19565217196941376,0.2811594307422638
YDR449C,YEL020C,0,-2.3565204,0.06498195230960846,0.19565217196941376,0.281521737575531
YIR033W,YDR012W,0,-2.3577704,0.06490384787321091,0.19565217196941376,0.2818840444087982
YHR174W,YJL103C,0,-2.3602133,0.06482592970132828,0.19565217196941376,0.2822463810443878
YOR317W,YNL231C,1,-2.3619304,0.06594724208116531,0.19927535951137543,0.2822463810443878
YOR237W,YPL147W,1,-2.3630934,0.06706586480140686,0.2028985470533371,0.2822463810443878
YDR233C,YMR323W,0,-2.3632717,0.06698564440011978,0.2028985470533371,0.28260868787765503
YNL088W,YKR069W,0,-2.3640566,0.06690561771392822,0.2028985470533371,0.28297102451324463
YOR215C,YBR036C,0,-2.36477,0.06682577729225159,0.2028985470533371,0.28333333134651184
YDR044W,YKL092C,0,-2.3670697,0.06674612313508987,0.2028985470533371,0.28369563817977905
YHL016C,YPR079W,0,-2.3688164,0.06666667014360428,0.2028985470533371,0.28405797481536865
YLR050C,YPR052C,0,-2.3692427,0.06658739596605301,0.2028985470533371,0.28442028164863586
YNL050C,YKL190W,0,-2.3717449,0.06650831550359726,0.2028985470533371,0.28478261828422546
YBR238C,YLR080W,0,-2.3718631,0.06642942130565643,0.2028985470533371,0.2851449251174927
YHR152W,YER175C,0,-2.3725364,0.06635071337223053,0.2028985470533371,0.2855072319507599
YBR296C,YDR055W,0,-2.373331,0.06627219170331955,0.2028985470533371,0.2858695685863495
YNR010W,YPL066W,0,-2.3740919,0.06619385629892349,0.2028985470533371,0.2862318754196167
YAR014C,YJR158W,0,-2.3744621,0.06611569970846176,0.2028985470533371,0.2865942120552063
YBL097W,YOR025W,0,-2.3761055,0.06603773683309555,0.2028985470533371,0.2869565188884735
YJR009C,YHR062C,0,-2.3779452,0.06595995277166367,0.2028985470533371,0.2873188257217407
YIL090W,YBL005W-A,0,-2.380771,0.0658823549747467,0.2028985470533371,0.2876811623573303
YLR381W,YIL158W,0,-2.3881872,0.06580493599176407,0.2028985470533371,0.28804346919059753
YLR224W,YJR095W,0,-2.390139,0.06572769582271576,0.2028985470533371,0.28840580582618713
YGR088W,YHR013C,0,-2.3926144,0.06565064191818237,0.2028985470533371,0.28876811265945435
YGR287C,YDR233C,0,-2.39357,0.06557376682758331,0.2028985470533371,0.28913044929504395
YMR061W,YGL249W,0,-2.3944144,0.06549707800149918,0.2028985470533371,0.28949275612831116
YGR001C,YPL227C,0,-2.3975499,0.06542056053876877,0.2028985470533371,0.28985506296157837
YGR058W,YKL088W,0,-2.3999925,0.06534422188997269,0.2028985470533371,0.29021739959716797
YIL171W,YIL145C,0,-2.4009032,0.06526806205511093,0.2028985470533371,0.2905797064304352
YJL122W,YNL218W,0,-2.4025276,0.0651920810341835,0.2028985470533371,0.2909420430660248
YPL283C,YGL224C,0,-2.4033375,0.0651162788271904,0.2028985470533371,0.291304349899292
YKR057W,YBR217W,0,-2.4070418,0.06504064798355103,0.2028985470533371,0.2916666567325592
YMR152W,YLL032C,0,-2.4081032,0.06496519595384598,0.2028985470533371,0.2920289933681488
YNL146W,YLR306W,0,-2.4082565,0.06488991528749466,0.2028985470533371,0.292391300201416
YJL116C,YMR236W,0,-2.4087396,0.06481481343507767,0.2028985470533371,0.2927536368370056
YEL047C,YDL109C,0,-2.4128108,0.0647398829460144,0.2028985470533371,0.2931159436702728
YFR032C-A,YGL095C,0,-2.414888,0.06466512382030487,0.2028985470533371,0.29347825050354004
YPL030W,YAL034W-A,0,-2.4158773,0.06459054350852966,0.2028985470533371,0.29384058713912964
YGL019W,YNR040W,0,-2.4162269,0.06451612710952759,0.2028985470533371,0.29420289397239685
YCL030C,YDL246C,0,-2.4169388,0.06444188952445984,0.2028985470533371,0.29456523060798645
YJL158C,YNL102W,0,-2.4187572,0.06436781585216522,0.2028985470533371,0.29492753744125366
YKL217W,YPR035W,0,-2.422579,0.06429391354322433,0.2028985470533371,0.2952898442745209
YOR285W,YBL041W,0,-2.4248767,0.06422018259763718,0.2028985470533371,0.2956521809101105
YPR127W,YMR119W,0,-2.4251316,0.06414662301540375,0.2028985470533371,0.2960144877433777
YOR008C,YPL121C,0,-2.4259806,0.06407322734594345,0.2028985470533371,0.2963768243789673
YNL113W,YNL086W,0,-2.4265072,0.06400000303983688,0.2028985470533371,0.2967391312122345
YGR249W,YLR449W,0,-2.4271638,0.06392694264650345,0.2028985470533371,0.2971014380455017
YLR278C,YBR123C,0,-2.428683,0.06385404616594315,0.2028985470533371,0.2974637746810913
YDR352W,YGR271C-A,0,-2.4293394,0.06378132104873657,0.2028985470533371,0.2978260815143585
YNL274C,YGR221C,0,-2.431221,0.06370875984430313,0.2028985470533371,0.2981884181499481
YLR319C,YNL138W-A,0,-2.431929,0.06363636255264282,0.2028985470533371,0.29855072498321533
YOL151W,YOR243C,0,-2.4371288,0.06356412917375565,0.2028985470533371,0.29891303181648254
YKL009W,YOR321W,0,-2.43818,0.0634920671582222,0.2028985470533371,0.29927536845207214
YNR057C,YKR056W,0,-2.4397712,0.06342016160488129,0.2028985470533371,0.29963767528533936
YOR237W,YDL019C,1,-2.4416451,0.06447964161634445,0.20652173459529877,0.29963767528533936
YIL134W,YBL071W-A,0,-2.44326,0.06440678238868713,0.20652173459529877,0.30000001192092896
YHR084W,YGR054W,0,-2.4450452,0.06433408707380295,0.20652173459529877,0.30036231875419617
YBR145W,YKR045C,0,-2.4451027,0.0642615556716919,0.20652173459529877,0.3007246255874634
YBL020W,YPR026W,0,-2.4486682,0.06418918818235397,0.20652173459529877,0.301086962223053
YLR164W,YLR385C,0,-2.449782,0.06411698460578918,0.20652173459529877,0.3014492690563202
YHR112C,YOR122C,0,-2.4498088,0.06404494494199753,0.20652173459529877,0.3018116056919098
YOR328W,YBL019W,0,-2.4502025,0.06397306174039841,0.20652173459529877,0.302173912525177
YOL008W,YPR041W,0,-2.4512734,0.06390134245157242,0.20652173459529877,0.3025362193584442
YML095C,YAL040C,0,-2.451954,0.06382978707551956,0.20652173459529877,0.3028985559940338
YAR019C,YPR145W,0,-2.4529498,0.06375838816165924,0.20652173459529877,0.303260862827301
YEL052W,YCR040W,0,-2.4542484,0.06368715316057205,0.20652173459529877,0.3036231994628906
YKL181W,YDR253C,0,-2.454626,0.0636160746216774,0.20652173459529877,0.30398550629615784
YKL096W,YLR238W,0,-2.454835,0.06354515254497528,0.20652173459529877,0.30434781312942505
YMR246W,YNL264C,1,-2.4551597,0.06458797305822372,0.21014492213726044,0.30434781312942505
YMR246W,YPL147W,1,-2.4551864,0.06562847644090652,0.2137681096792221,0.30434781312942505
YPL059W,YMR136W,0,-2.4556932,0.06555555760860443,0.2137681096792221,0.30471014976501465
YGR285C,YFR003C,0,-2.4585555,0.06548279523849487,0.2137681096792221,0.30507245659828186
YNL224C,YGR175C,0,-2.4595902,0.06541019678115845,0.2137681096792221,0.30543479323387146
YPL189C-A,YJR086W,0,-2.4595985,0.06533776223659515,0.2137681096792221,0.30579710006713867
YJL145W,YMR246W,1,-2.4604273,0.06637167930603027,0.21739129722118378,0.30579710006713867
YOR354C,YBR241C,0,-2.4625678,0.06629834324121475,0.21739129722118378,0.3061594069004059
YPL186C,YDL109C,0,-2.4628751,0.06622516363859177,0.21739129722118378,0.3065217435359955
YOR303W,YOR381W,0,-2.463026,0.06615214794874191,0.21739129722118378,0.3068840503692627
YFL004W,YDR030C,0,-2.4630785,0.06607929617166519,0.21739129722118378,0.3072463870048523
YDR171W,YMR300C,0,-2.463323,0.066006600856781,0.21739129722118378,0.3076086938381195
YMR236W,YDL110C,0,-2.464722,0.06593406945466995,0.21739129722118378,0.3079710006713867
YDR146C,YDR043C,0,-2.4649487,0.06586168706417084,0.21739129722118378,0.3083333373069763
YMR097C,YNL248C,0,-2.4660344,0.06578947603702545,0.21739129722118378,0.30869564414024353
YGL122C,YOR005C,0,-2.4663737,0.065717414021492,0.21739129722118378,0.30905798077583313
YMR223W,YHR161C,0,-2.4663842,0.06564551591873169,0.21739129722118378,0.30942028760910034
YOR317W,YMR246W,1,-2.4687886,0.06666667014360428,0.22101449966430664,0.30942028760910034
YMR239C,YDR487C,0,-2.4705243,0.06659388542175293,0.22101449966430664,0.30978259444236755
YDR449C,YPL134C,0,-2.4709039,0.06652126461267471,0.22101449966430664,0.31014493107795715
YER014C-A,YHR147C,0,-2.47294,0.06644880026578903,0.22101449966430664,0.31050723791122437
YJL200C,YBR241C,0,-2.475154,0.06637649983167648,0.22101449966430664,0.31086957454681396
YMR060C,YMR160W,0,-2.478593,0.06630434840917587,0.22101449966430664,0.3112318813800812
YBR041W,YMR246W,1,-2.4787557,0.0673181340098381,0.2246376872062683,0.3112318813800812
YOR202W,YMR188C,0,-2.4791222,0.06724511831998825,0.2246376872062683,0.3115941882133484
YDR222W,YHR164C,0,-2.4820433,0.06717226654291153,0.2246376872062683,0.311956524848938
YBR096W,YDR383C,0,-2.4823458,0.06709956377744675,0.2246376872062683,0.3123188316822052
YMR162C,YMR246W,1,-2.4826965,0.06810811161994934,0.22826087474822998,0.3123188316822052
YMR239C,YNL314W,0,-2.4834156,0.06803455948829651,0.22826087474822998,0.3126811683177948
YML008C,YGR092W,0,-2.4840035,0.06796116381883621,0.22826087474822998,0.313043475151062
YHR216W,YBR258C,0,-2.4846704,0.06788793206214905,0.22826087474822998,0.3134058117866516
YGR049W,YIL039W,0,-2.4858923,0.06781485676765442,0.22826087474822998,0.3137681186199188
YLR207W,YLR359W,0,-2.4866126,0.06774193793535233,0.22826087474822998,0.31413042545318604
YIR038C,YAR015W,0,-2.4877563,0.06766917556524277,0.22826087474822998,0.31449276208877563
YDL054C,YAL038W,0,-2.489036,0.06759656965732574,0.22826087474822998,0.31485506892204285
YLR341W,YHR041C,0,-2.4891915,0.06752411276102066,0.22826087474822998,0.31521740555763245
YBL060W,YER175C,0,-2.489873,0.06745181977748871,0.22826087474822998,0.31557971239089966
YFL057C,YPR052C,0,-2.4898777,0.0673796758055687,0.22826087474822998,0.31594201922416687
YGR285C,YKL108W,0,-2.491027,0.06730769574642181,0.22826087474822998,0.31630435585975647
YPL283C,YOR092W,0,-2.4936256,0.06723585724830627,0.22826087474822998,0.3166666626930237
YER190W,YDR283C,0,-2.4938905,0.06716418266296387,0.22826087474822998,0.3170289993286133
YMR086W,YKL093W,0,-2.4957757,0.0670926496386528,0.22826087474822998,0.3173913061618805
YGL162W,YNL231C,1,-2.4993196,0.06808510422706604,0.23188406229019165,0.3173913061618805
YLR099C,YFL053W,0,-2.5013618,0.06801275163888931,0.23188406229019165,0.3177536129951477
YNL191W,YDR107C,0,-2.5030963,0.06794055551290512,0.23188406229019165,0.3181159496307373
YMR250W,YNL073W,0,-2.50382,0.06786850839853287,0.23188406229019165,0.3184782564640045
YGR041W,YBR058C-A,0,-2.503873,0.06779661029577255,0.23188406229019165,0.3188405930995941
YML012W,YOL041C,0,-2.504629,0.06772486865520477,0.23188406229019165,0.31920289993286133
YHR152W,YOR182C,0,-2.5083907,0.06765327602624893,0.23188406229019165,0.31956520676612854
YGL039W,YOR257W,0,-2.5093498,0.06758183985948563,0.23188406229019165,0.31992754340171814
YNL115C,YGR157W,0,-2.5093637,0.06751054525375366,0.23188406229019165,0.32028985023498535
YJL191W,YDR329C,0,-2.510511,0.06743940711021423,0.23188406229019165,0.32065218687057495
YOL092W,YJR006W,0,-2.5105586,0.06736841797828674,0.23188406229019165,0.32101449370384216
YPL187W,YNR013C,0,-2.511615,0.06729757785797119,0.23188406229019165,0.3213768005371094
YDR164C,YBR238C,0,-2.5118675,0.06722689419984818,0.23188406229019165,0.321739137172699
YKR066C,YNR061C,0,-2.5130382,0.0671563446521759,0.23188406229019165,0.3221014440059662
YMR210W,YGR256W,0,-2.5137382,0.06708595156669617,0.23188406229019165,0.3224637806415558
YGR054W,YJR058C,0,-2.5168965,0.06701570749282837,0.23188406229019165,0.322826087474823
YPL155C,YLR283W,0,-2.5179968,0.06694560497999191,0.23188406229019165,0.3231883943080902
YPR005C,YBR243C,0,-2.5217824,0.0668756514787674,0.23188406229019165,0.3235507309436798
YHR072W-A,YBR150C,0,-2.521995,0.06680584698915482,0.23188406229019165,0.323913037776947
YML029W,YDL060W,0,-2.5220454,0.06673618406057358,0.23188406229019165,0.3242753744125366
YLR225C,YOR265W,0,-2.5221035,0.06666667014360428,0.23188406229019165,0.32463768124580383
YJR091C,YPR192W,0,-2.5233133,0.06659729778766632,0.23188406229019165,0.32499998807907104
YNL012W,YLR142W,0,-2.5265784,0.0665280669927597,0.23188406229019165,0.32536232471466064
YBR115C,YER117W,0,-2.5297139,0.06645898520946503,0.23188406229019165,0.32572463154792786
YNR040W,YOR297C,0,-2.5358481,0.06639004498720169,0.23188406229019165,0.32608696818351746
YOL045W,YLL008W,0,-2.5365412,0.0663212463259697,0.23188406229019165,0.32644927501678467
YGL014W,YLR029C,0,-2.5403008,0.06625258922576904,0.23188406229019165,0.3268115818500519
YBR203W,YHR211W,0,-2.5437984,0.06618407368659973,0.23188406229019165,0.3271739184856415
YJL095W,YLL012W,0,-2.5452638,0.06611569970846176,0.23188406229019165,0.3275362253189087
YER118C,YHR104W,0,-2.548252,0.06604747474193573,0.23188406229019165,0.3278985619544983
YGL183C,YJR134C,0,-2.5486124,0.06597938388586044,0.23188406229019165,0.3282608687877655
YDR522C,YER026C,0,-2.549016,0.0659114345908165,0.23188406229019165,0.3286231756210327
YIL127C,YBL018C,0,-2.550813,0.0658436194062233,0.23188406229019165,0.3289855122566223
YIL031W,YOR133W,0,-2.550968,0.06577595323324203,0.23188406229019165,0.3293478190898895
YBL054W,YNL064C,0,-2.5512195,0.06570842117071152,0.23188406229019165,0.3297101557254791
YNR041C,YCR040W,0,-2.551875,0.06564102321863174,0.23188406229019165,0.33007246255874634
YBR033W,YOR251C,0,-2.553417,0.06557376682758331,0.23188406229019165,0.33043476939201355
YEL043W,YMR290C,0,-2.55379,0.06550665199756622,0.23188406229019165,0.33079710602760315
YDR465C,YGR218W,0,-2.5546904,0.06543967127799988,0.23188406229019165,0.33115941286087036
YGL162W,YPL147W,1,-2.5549302,0.06639427691698074,0.23550724983215332,0.33115941286087036
YEL052W,YGR292W,0,-2.5558047,0.06632652878761292,0.23550724983215332,0.33152174949645996
YGL121C,YGR179C,0,-2.5564961,0.06625892221927643,0.23550724983215332,0.3318840563297272
YOL155C,YDL051W,0,-2.5571191,0.06619144231081009,0.23550724983215332,0.3322463631629944
YDR382W,YBR223C,0,-2.558974,0.06612411141395569,0.23550724983215332,0.332608699798584
YCL030C,YNL312W,0,-2.55971,0.06605690717697144,0.23550724983215332,0.3329710066318512
YBR111W-A,YKL203C,0,-2.5597517,0.06598984450101852,0.23550724983215332,0.3333333432674408
YMR241W,YDR090C,0,-2.5613668,0.06592292338609695,0.23550724983215332,0.333695650100708
YIL076W,YDR307W,0,-2.5642262,0.06585612893104553,0.23550724983215332,0.3340579569339752
YOR222W,YOR187W,0,-2.5647922,0.06578947603702545,0.23550724983215332,0.3344202935695648
YHL036W,YFL008W,0,-2.5684457,0.06572294980287552,0.23550724983215332,0.33478260040283203
YGR271C-A,YJL143W,0,-2.5699275,0.06565656512975693,0.23550724983215332,0.33514493703842163
YGL001C,YDR067C,0,-2.5732157,0.06559031456708908,0.23550724983215332,0.33550724387168884
YOR126C,YMR210W,0,-2.5741959,0.06552419066429138,0.23550724983215332,0.33586955070495605
YLR372W,YLR135W,0,-2.5758216,0.06545820832252502,0.23550724983215332,0.33623188734054565
YLL019C,YOR010C,0,-2.575932,0.06539235264062881,0.23550724983215332,0.33659419417381287
YMR223W,YIL097W,0,-2.5834455,0.06532663106918335,0.23550724983215332,0.33695653080940247
YOR317W,YPL147W,1,-2.584062,0.0662650614976883,0.239130437374115,0.33695653080940247
YBL113C,YHR200W,0,-2.5841584,0.06619859486818314,0.239130437374115,0.3373188376426697
YJR094W-A,YJR103W,0,-2.585038,0.06613226234912872,0.239130437374115,0.3376811742782593
YJR112W,YMR314W,0,-2.5863612,0.06606606394052505,0.239130437374115,0.3380434811115265
YBR044C,YOR173W,0,-2.5896301,0.06599999964237213,0.239130437374115,0.3384057879447937
YGR013W,YPR047W,0,-2.5924864,0.06593406945466995,0.239130437374115,0.3387681245803833
YGR268C,YCR097W,0,-2.5931177,0.06586826592683792,0.239130437374115,0.3391304314136505
YKL061W,YPL096W,0,-2.5956204,0.06580258905887604,0.239130437374115,0.3394927680492401
YKL188C,YJL145W,1,-2.5966513,0.06673306971788406,0.24275362491607666,0.3394927680492401
YOR182C,YNR051C,0,-2.596962,0.06666667014360428,0.24275362491607666,0.3398550748825073
YKR013W,YDL144C,0,-2.5984626,0.06660039722919464,0.24275362491607666,0.34021738171577454
YGL178W,YDR541C,0,-2.6013951,0.06653425842523575,0.24275362491607666,0.34057971835136414
YDR056C,YBR006W,0,-2.604744,0.0664682537317276,0.24275362491607666,0.34094202518463135
YGL017W,YIR017C,0,-2.6057744,0.0664023756980896,0.24275362491607666,0.34130436182022095
YGL180W,YDL208W,0,-2.6073933,0.06633663177490234,0.24275362491607666,0.34166666865348816
YLR433C,YDR270W,0,-2.6091495,0.06627102196216583,0.24275362491607666,0.34202897548675537
YMR173W,YDR055W,0,-2.6101623,0.06620553135871887,0.24275362491607666,0.34239131212234497
YOR346W,YHL009C,0,-2.611618,0.06614017486572266,0.24275362491607666,0.3427536189556122
YGL013C,YBL074C,0,-2.6120713,0.06607495248317719,0.24275362491607666,0.3431159555912018
YNR067C,YJL136C,0,-2.6120758,0.06600984930992126,0.24275362491607666,0.343478262424469
YKL084W,YLR301W,0,-2.613079,0.06594488024711609,0.24275362491607666,0.3438405692577362
YAR003W,YNL046W,0,-2.613328,0.06588003784418106,0.24275362491607666,0.3442029058933258
YHR089C,YJR009C,0,-2.6141803,0.06581532210111618,0.24275362491607666,0.344565212726593
YML126C,YNL207W,0,-2.6153984,0.06575073301792145,0.24275362491607666,0.3449275493621826
YJL101C,YLL010C,0,-2.6174123,0.06568627804517746,0.24275362491607666,0.34528985619544983
YOR303W,YER162C,0,-2.6178465,0.06562194228172302,0.24275362491607666,0.34565216302871704
YOR274W,YPL031C,0,-2.6179056,0.06555773317813873,0.24275362491607666,0.34601449966430664
YMR162C,YGL162W,1,-2.620038,0.066471166908741,0.24637681245803833,0.34601449966430664
YPL231W,YMR172W,0,-2.6213028,0.06640625,0.24637681245803833,0.34637680649757385
YDR488C,YGL224C,0,-2.6227727,0.06634145975112915,0.24637681245803833,0.34673914313316345
YDR115W,YHR121W,0,-2.6262214,0.06627680361270905,0.24637681245803833,0.34710144996643066
YPL186C,YDR113C,0,-2.6268613,0.06621226668357849,0.24637681245803833,0.3474637567996979
YIL125W,YJR028W,0,-2.6281996,0.06614785641431808,0.24637681245803833,0.3478260934352875
YNL158W,YML042W,0,-2.6285245,0.06608357280492783,0.24637681245803833,0.3481884002685547
YDR076W,YKL127W,0,-2.6305344,0.06601941585540771,0.24637681245803833,0.3485507369041443
YER056C-A,YJL029C,0,-2.6340206,0.06595538556575775,0.24637681245803833,0.3489130437374115
YNL178W,YMR054W,0,-2.634089,0.06589147448539734,0.24637681245803833,0.3492753505706787
YPL208W,YPR081C,0,-2.6345217,0.06582769006490707,0.24637681245803833,0.3496376872062683
YGR179C,YBR286W,0,-2.6376915,0.06576402485370636,0.24637681245803833,0.3499999940395355
YMR307W,YJR055W,0,-2.6392136,0.0657004863023758,0.24637681245803833,0.3503623306751251
YML027W,YDR409W,0,-2.6395109,0.06563706696033478,0.24637681245803833,0.35072463750839233
YLR164W,YOL080C,0,-2.6407402,0.06557376682758331,0.24637681245803833,0.35108694434165955
YOR237W,YLR242C,1,-2.6495543,0.06647399067878723,0.25,0.35108694434165955
YOR324C,YMR099C,0,-2.65209,0.06641001254320145,0.25,0.35144928097724915
YJR149W,YNL188W,0,-2.653767,0.06634615361690521,0.25,0.35181158781051636
YOR194C,YPR201W,0,-2.6544282,0.06628242135047913,0.25,0.35217392444610596
YJR056C,YDR339C,0,-2.6556108,0.06621880829334259,0.25,0.35253623127937317
YJL207C,YPR190C,0,-2.6564846,0.0661553218960762,0.25,0.3528985381126404
YOR237W,YHR001W,1,-2.6602829,0.06704980880022049,0.25362318754196167,0.3528985381126404
YGL226C-A,YPR144C,0,-2.6608396,0.06698564440011978,0.25362318754196167,0.35326087474823
YHR001W,YGL162W,1,-2.661623,0.0678776279091835,0.25724637508392334,0.35326087474823
YGL237C,YBR156C,0,-2.6639252,0.06781280040740967,0.25724637508392334,0.3536231815814972
YDL104C,YGL201C,0,-2.6645074,0.06774809211492538,0.25724637508392334,0.3539855182170868
YNL202W,YOR226C,0,-2.6683931,0.06768351048231125,0.25724637508392334,0.354347825050354
YGL236C,YGL225W,0,-2.6764205,0.06761904805898666,0.25724637508392334,0.3547101318836212
YMR128W,YGR175C,0,-2.6791549,0.06755471229553223,0.25724637508392334,0.3550724685192108
YLR128W,YDR382W,0,-2.6792064,0.06749049574136734,0.25724637508392334,0.355434775352478
YFL037W,YDR210W,0,-2.6807466,0.067426398396492,0.25724637508392334,0.3557971119880676
YGL211W,YAL061W,0,-2.681435,0.06736242771148682,0.25724637508392334,0.35615941882133484
YLR385C,YOR375C,0,-2.6819606,0.06729857623577118,0.25724637508392334,0.35652172565460205
YBR280C,YMR277W,0,-2.6828084,0.06723485141992569,0.25724637508392334,0.35688406229019165
YDR037W,YPR152C,0,-2.6853838,0.06717123836278915,0.25724637508392334,0.35724636912345886
YMR202W,YJR025C,0,-2.6878192,0.06710775196552277,0.25724637508392334,0.35760870575904846
YPL017C,YOR298W,0,-2.687864,0.06704438477754593,0.25724637508392334,0.3579710125923157
YFR055W,YMR080C,0,-2.6886542,0.06698112934827805,0.25724637508392334,0.3583333194255829
YLR321C,YJR137C,0,-2.689849,0.06691800057888031,0.25724637508392334,0.3586956560611725
YLR201C,YKL053C-A,0,-2.690647,0.06685499101877213,0.25724637508392334,0.3590579628944397
YLR307W,YDR166C,0,-2.691454,0.06679210066795349,0.25724637508392334,0.3594202995300293
YNL323W,YGL162W,1,-2.6932054,0.06766917556524277,0.260869562625885,0.3594202995300293
YBR041W,YGL162W,1,-2.693357,0.06854460388422012,0.2644927501678467,0.3594202995300293
YGL162W,YDR093W,1,-2.698937,0.06941838562488556,0.26811593770980835,0.3594202995300293
YNL279W,YDR454C,0,-2.6990767,0.06935332715511322,0.26811593770980835,0.3597826063632965
YGR013W,YPL082C,0,-2.7015018,0.06928838789463043,0.26811593770980835,0.3601449131965637
YOL007C,YKL178C,0,-2.7060606,0.06922357529401779,0.26811593770980835,0.3605072498321533
YPL163C,YGR184C,0,-2.7062097,0.0691588819026947,0.26811593770980835,0.36086955666542053
YKL009W,YOL111C,0,-2.7070794,0.06909430772066116,0.26811593770980835,0.36123189330101013
YMR305C,YKL017C,0,-2.709909,0.06902985274791718,0.26811593770980835,0.36159420013427734
YHR099W,YBR247C,0,-2.7110147,0.06896551698446274,0.26811593770980835,0.36195650696754456
YNL323W,YOR237W,1,-2.7133377,0.06983239948749542,0.27173912525177,0.36195650696754456
YGR108W,YOR075W,0,-2.7203064,0.06976744532585144,0.27173912525177,0.36231884360313416
YMR165C,YDR405W,0,-2.7208858,0.06970260292291641,0.27173912525177,0.36268115043640137
YOR205C,YCL038C,0,-2.721514,0.06963787972927094,0.27173912525177,0.36304348707199097
YNL231C,YPL147W,1,-2.7227414,0.0705009251832962,0.2753623127937317,0.36304348707199097
YBR041W,YPL147W,1,-2.7258995,0.07136237621307373,0.27898550033569336,0.36304348707199097
YEL069C,YJL093C,0,-2.7262268,0.07129629701375961,0.27898550033569336,0.3634057939052582
YLR207W,YDR030C,0,-2.7264698,0.07123034447431564,0.27898550033569336,0.3637681305408478
YHR003C,YBR167C,0,-2.7272239,0.07116451114416122,0.27898550033569336,0.364130437374115
YDL054C,YDL179W,0,-2.7277048,0.07109879702329636,0.27898550033569336,0.3644927442073822
YLR393W,YGR184C,0,-2.7277136,0.07103320956230164,0.27898550033569336,0.3648550808429718
YHR026W,YKR019C,0,-2.7302103,0.07096774131059647,0.27898550033569336,0.365217387676239
YER036C,YBL061C,0,-2.7308226,0.07090239226818085,0.27898550033569336,0.3655797243118286
YBR273C,YCL066W,0,-2.733498,0.07083716988563538,0.27898550033569336,0.3659420311450958
YJL138C,YOL065C,0,-2.7343352,0.07077205926179886,0.27898550033569336,0.36630433797836304
YGL097W,YGR089W,0,-2.7351089,0.07070706784725189,0.27898550033569336,0.36666667461395264
YLR016C,YBR096W,0,-2.735341,0.07064220309257507,0.27898550033569336,0.36702898144721985
YPL122C,YMR173W,0,-2.7359085,0.07057745009660721,0.27898550033569336,0.36739131808280945
YBR299W,YBR057C,0,-2.7376127,0.07051282376050949,0.27898550033569336,0.36775362491607666
YNL300W,YML111W,0,-2.7378457,0.07044830918312073,0.27898550033569336,0.36811593174934387
YLR117C,YDR156W,0,-2.7378953,0.07038391381502151,0.27898550033569336,0.36847826838493347
YGR054W,YMR088C,0,-2.737924,0.07031963765621185,0.27898550033569336,0.3688405752182007
YPL220W,YJL005W,0,-2.7391064,0.07025547325611115,0.27898550033569336,0.3692029118537903
YKL188C,YLR242C,1,-2.7395663,0.07110300660133362,0.28260868787765503,0.3692029118537903
YLL042C,YDR245W,0,-2.7439718,0.07103825360536575,0.28260868787765503,0.3695652186870575
YLR051C,YKR013W,0,-2.7468326,0.07097361236810684,0.28260868787765503,0.3699275255203247
YDR497C,YHR060W,0,-2.7476091,0.07090909034013748,0.28260868787765503,0.3702898621559143
YCR098C,YOL148C,0,-2.7485118,0.07084468752145767,0.28260868787765503,0.3706521689891815
YCR066W,YKL212W,0,-2.7489133,0.07078039646148682,0.28260868787765503,0.3710145056247711
YDL144C,YAL020C,0,-2.750206,0.07071623206138611,0.28260868787765503,0.37137681245803833
YHR214C-B,YFL062W,0,-2.7508864,0.07065217196941376,0.28260868787765503,0.37173911929130554
YNL030W,YIL095W,0,-2.7521923,0.07058823853731155,0.28260868787765503,0.37210145592689514
YER088C,YPL026C,0,-2.7529626,0.07052440941333771,0.28260868787765503,0.37246376276016235
YPL065W,YGL099W,0,-2.7553186,0.07046070694923401,0.28260868787765503,0.37282609939575195
YGL183C,YJL044C,0,-2.7562225,0.07039710879325867,0.28260868787765503,0.37318840622901917
YKL148C,YGL021W,0,-2.756631,0.07033363729715347,0.28260868787765503,0.3735507130622864
YLR098C,YEL063C,0,-2.7577305,0.07027027010917664,0.28260868787765503,0.373913049697876
YJL213W,YLR401C,0,-2.7601402,0.07020702213048935,0.28260868787765503,0.3742753565311432
YDR101C,YBL021C,0,-2.763008,0.07014388591051102,0.28260868787765503,0.3746376931667328
YLR356W,YKR046C,0,-2.764021,0.07008086144924164,0.28260868787765503,0.375
YGL212W,YNL302C,0,-2.7643929,0.07001795619726181,0.28260868787765503,0.3753623068332672
YDL060W,YHR172W,0,-2.7645383,0.06995515525341034,0.28260868787765503,0.3757246434688568
YNR047W,YDL130W,0,-2.766964,0.06989247351884842,0.28260868787765503,0.376086950302124
YJR040W,YJR010W,0,-2.7701373,0.06982990354299545,0.28260868787765503,0.3764492869377136
YNL304W,YMR266W,0,-2.771227,0.06976744532585144,0.28260868787765503,0.37681159377098083
YDL107W,YNL053W,0,-2.772003,0.06970509141683578,0.28260868787765503,0.37717390060424805
YER019W,YML005W,0,-2.7723475,0.06964285671710968,0.28260868787765503,0.37753623723983765
YGR215W,YMR217W,0,-2.7723715,0.06958073377609253,0.28260868787765503,0.37789854407310486
YDR034C,YIL155C,0,-2.775076,0.06951871514320374,0.28260868787765503,0.37826088070869446
YJL191W,YGR262C,0,-2.7756486,0.06945681571960449,0.28260868787765503,0.37862318754196167
YJR097W,YLR084C,0,-2.778574,0.0693950206041336,0.28260868787765503,0.3789854943752289
YLR086W,YPL026C,0,-2.7787719,0.06933332979679108,0.28260868787765503,0.3793478310108185
YCR094W,YMR246W,1,-2.7864964,0.07015985995531082,0.2862318754196167,0.3793478310108185
YER012W,YKL172W,0,-2.7867436,0.07009760290384293,0.2862318754196167,0.3797101378440857
YDR411C,YHR025W,0,-2.78757,0.07003545761108398,0.2862318754196167,0.3800724744796753
YJR078W,YBL034C,0,-2.7878952,0.0699734315276146,0.2862318754196167,0.3804347813129425
YPL268W,YIL136W,0,-2.7883887,0.06991150230169296,0.2862318754196167,0.3807970881462097
YLR029C,YBR050C,0,-2.789939,0.06984969228506088,0.2862318754196167,0.3811594247817993
YLR117C,YLR287C-A,0,-2.7906842,0.06978798657655716,0.2862318754196167,0.38152173161506653
YBR155W,YKL127W,0,-2.7950356,0.06972639262676239,0.2862318754196167,0.38188406825065613
YJL024C,YML118W,0,-2.7966175,0.06966490298509598,0.2862318754196167,0.38224637508392334
YEL077C,YER004W,0,-2.7977023,0.06960352510213852,0.2862318754196167,0.38260868191719055
YOL147C,YDL213C,0,-2.7980704,0.06954225152730942,0.2862318754196167,0.38297101855278015
YLR388W,YPL172C,0,-2.7996025,0.06948108971118927,0.2862318754196167,0.38333332538604736
YJL116C,YLR368W,0,-2.8000457,0.06942003220319748,0.2862318754196167,0.38369566202163696
YMR150C,YOR246C,0,-2.8019524,0.06935908645391464,0.2862318754196167,0.3840579688549042
YOR237W,YMR162C,1,-2.8024955,0.07017543911933899,0.28985506296157837,0.3840579688549042
YOL010W,YJR112W,0,-2.8032084,0.07011393457651138,0.28985506296157837,0.3844202756881714
YGL210W,YBR158W,0,-2.8055186,0.07005254179239273,0.28985506296157837,0.384782612323761
YBR044C,YOL120C,0,-2.8067567,0.06999125331640244,0.28985506296157837,0.3851449191570282
YIR008C,YOR374W,0,-2.808667,0.0699300691485405,0.28985506296157837,0.3855072557926178
YLR051C,YOL031C,0,-2.8142,0.06986899673938751,0.28985506296157837,0.385869562625885
YLR305C,YJL141C,0,-2.8168573,0.06980802863836288,0.28985506296157837,0.3862318694591522
YER104W,YFL045C,0,-2.8170345,0.06974716484546661,0.28985506296157837,0.3865942060947418
YML088W,YBR006W,0,-2.8194659,0.0696864128112793,0.28985506296157837,0.38695651292800903
YBR159W,YIL070C,0,-2.8208613,0.06962576508522034,0.28985506296157837,0.38731884956359863
YEL069C,YPL026C,0,-2.821076,0.06956521421670914,0.28985506296157837,0.38768115639686584
YGR001C,YNL027W,0,-2.8220093,0.06950477510690689,0.28985506296157837,0.38804349303245544
YMR070W,YKR081C,0,-2.822535,0.0694444477558136,0.28985506296157837,0.38840579986572266
YDR033W,YDR312W,0,-2.8243258,0.06938421726226807,0.28985506296157837,0.38876810669898987
YGR118W,YOR147W,0,-2.8243275,0.06932409107685089,0.28985506296157837,0.38913044333457947
YPR005C,YJL116C,0,-2.8247375,0.06926406919956207,0.28985506296157837,0.3894927501678467
YDR225W,YLR032W,0,-2.8298848,0.06920415163040161,0.28985506296157837,0.3898550868034363
YLR151C,YNL316C,0,-2.8301635,0.0691443383693695,0.28985506296157837,0.3902173936367035
YGR070W,YLL022C,0,-2.8307934,0.06908462941646576,0.28985506296157837,0.3905797004699707
YKL125W,YLR228C,0,-2.8324203,0.06902502477169037,0.28985506296157837,0.3909420371055603
YBR058C-A,YIL047C,0,-2.83289,0.06896551698446274,0.28985506296157837,0.3913043439388275
YAL038W,YKR008W,0,-2.8348713,0.06890611350536346,0.28985506296157837,0.3916666805744171
YPL167C,YLL052C,0,-2.835571,0.06884681433439255,0.28985506296157837,0.3920289874076843
YBR175W,YLL061W,0,-2.8378134,0.06878761947154999,0.28985506296157837,0.39239129424095154
YPL160W,YJR083C,0,-2.8391986,0.06872852146625519,0.28985506296157837,0.39275363087654114
YGR155W,YBR195C,0,-2.8394594,0.06866952776908875,0.28985506296157837,0.39311593770980835
YPL064C,YJL148W,0,-2.8438582,0.06861063092947006,0.28985506296157837,0.39347827434539795
YLL029W,YHR077C,0,-2.8450813,0.06855184584856033,0.28985506296157837,0.39384058117866516
YER011W,YDR318W,0,-2.8476372,0.06849315017461777,0.28985506296157837,0.3942028880119324
YHR072W-A,YLR265C,0,-2.8476877,0.06843455880880356,0.28985506296157837,0.394565224647522
YGL180W,YBR093C,0,-2.8521776,0.0683760717511177,0.28985506296157837,0.3949275314807892
YIL122W,YPL092W,0,-2.853116,0.06831767410039902,0.28985506296157837,0.3952898681163788
YCL066W,YML074C,0,-2.8533468,0.06825938820838928,0.28985506296157837,0.395652174949646
YLL027W,YJR161C,0,-2.856253,0.06820119172334671,0.28985506296157837,0.3960144817829132
YBL002W,YOR025W,0,-2.856495,0.0681430995464325,0.28985506296157837,0.3963768184185028
YER170W,YMR128W,0,-2.8568175,0.06808510422706604,0.28985506296157837,0.39673912525177
YDL059C,YLR439W,0,-2.857042,0.06802721321582794,0.28985506296157837,0.3971014618873596
YKL092C,YGR295C,0,-2.8570912,0.067969411611557,0.28985506296157837,0.39746376872062683
YOR298W,YIL105C,0,-2.85783,0.06791171431541443,0.28985506296157837,0.39782607555389404
YOR283W,YOR340C,0,-2.8603017,0.06785411387681961,0.28985506296157837,0.39818841218948364
YGR037C,YMR246W,1,-2.866547,0.06864406913518906,0.29347825050354004,0.39818841218948364
YFR031C,YJL097W,0,-2.8676944,0.06858594715595245,0.29347825050354004,0.39855071902275085
YGR047C,YOR293W,0,-2.8691783,0.06852792203426361,0.29347825050354004,0.39891305565834045
YDL155W,YHR052W,0,-2.8695228,0.06846999377012253,0.29347825050354004,0.39927536249160767
YMR058W,YDR536W,0,-2.8696287,0.0684121623635292,0.29347825050354004,0.3996376693248749
YJL080C,YKL205W,0,-2.8699424,0.06835442781448364,0.29347825050354004,0.4000000059604645
YCR072C,YGL100W,0,-2.8704953,0.06829679757356644,0.29347825050354004,0.4003623127937317
YPR121W,YDL132W,0,-2.8714228,0.0682392567396164,0.29347825050354004,0.4007246494293213
YJR125C,YGL209W,0,-2.872635,0.06818182021379471,0.29347825050354004,0.4010869562625885
YPL187W,YMR297W,0,-2.8727171,0.06812447309494019,0.29347825050354004,0.4014492630958557
YNR017W,YGR271W,0,-2.875185,0.06806723028421402,0.29347825050354004,0.4018115997314453
YPL214C,YMR250W,0,-2.8774416,0.06801007688045502,0.29347825050354004,0.4021739065647125
YKR003W,YMR246W,1,-2.877839,0.0687919482588768,0.2971014380455017,0.4021739065647125
YHR044C,YHR036W,0,-2.878603,0.06873428076505661,0.2971014380455017,0.4025362432003021
YOR237W,YPR009W,1,-2.8791804,0.06951423734426498,0.3007246255874634,0.4025362432003021
YDR191W,YOR251C,0,-2.8806224,0.0694560706615448,0.3007246255874634,0.40289855003356934
YHR032W,YGL095C,0,-2.8809662,0.06939799338579178,0.3007246255874634,0.40326085686683655
YPL202C,YNR056C,0,-2.8828077,0.06934002041816711,0.3007246255874634,0.40362319350242615
YJR113C,YPL242C,0,-2.8858476,0.06928213685750961,0.3007246255874634,0.40398550033569336
YKR035W-A,YOL058W,0,-2.886191,0.06922435015439987,0.3007246255874634,0.40434783697128296
YBR104W,YPL008W,0,-2.8862357,0.06916666775941849,0.3007246255874634,0.40471014380455017
YIL006W,YOR242C,0,-2.8863335,0.06910907477140427,0.3007246255874634,0.4050724506378174
YOL068C,YBR031W,0,-2.8875806,0.0690515786409378,0.3007246255874634,0.405434787273407
YML012W,YCL008C,0,-2.8894153,0.0689941793680191,0.3007246255874634,0.4057970941066742
YMR223W,YOR131C,0,-2.8945174,0.06893687695264816,0.3007246255874634,0.4061594307422638
YIL002C,YNL070W,0,-2.8948894,0.06887967139482498,0.3007246255874634,0.406521737575531
YGR034W,YOL033W,0,-2.8971095,0.06882255524396896,0.3007246255874634,0.4068840444087982
YOL041C,YOR208W,0,-2.8975093,0.0687655359506607,0.3007246255874634,0.4072463810443878
YPR119W,YLR233C,0,-2.8981133,0.06870860606431961,0.3007246255874634,0.40760868787765503
YMR301C,YER055C,0,-2.898484,0.06865178048610687,0.3007246255874634,0.40797102451324463
YKL179C,YPR081C,0,-2.8986351,0.0685950443148613,0.3007246255874634,0.40833333134651184
YBR161W,YPL024W,0,-2.9002495,0.06853839755058289,0.3007246255874634,0.40869563817977905
YPR183W,YJL079C,0,-2.9003067,0.06848184764385223,0.3007246255874634,0.40905797481536865
YKL218C,YGR286C,0,-2.9008818,0.06842539459466934,0.3007246255874634,0.40942028164863586
YDR466W,YDR253C,0,-2.9014072,0.06836903095245361,0.3007246255874634,0.40978261828422546
YOL111C,YMR227C,0,-2.9026651,0.06831275671720505,0.3007246255874634,0.4101449251174927
YPR026W,YPL009C,0,-2.90306,0.06825657933950424,0.3007246255874634,0.4105072319507599
YLR182W,YKL084W,0,-2.9034503,0.0682004913687706,0.3007246255874634,0.4108695685863495
YMR251W-A,YLR406C,0,-2.903753,0.06814450025558472,0.3007246255874634,0.4112318754196167
YKR028W,YPR030W,0,-2.905007,0.068088598549366,0.3007246255874634,0.4115942120552063
YNL083W,YDR226W,0,-2.9051185,0.06803278625011444,0.3007246255874634,0.4119565188884735
YIL101C,YKL101W,0,-2.9053907,0.06797707080841064,0.3007246255874634,0.4123188257217407
YOR077W,YLL015W,0,-2.9109058,0.06792143732309341,0.3007246255874634,0.4126811623573303
YDR424C,YLR155C,0,-2.9117012,0.06786590069532394,0.3007246255874634,0.41304346919059753
YPR016C,YOR190W,0,-2.9128733,0.06781046092510223,0.3007246255874634,0.41340580582618713
YNR069C,YJL123C,0,-2.9138892,0.06775510311126709,0.3007246255874634,0.41376811265945435
YAR050W,YIR038C,0,-2.9144309,0.06769983470439911,0.3007246255874634,0.41413044929504395
YPL157W,YDR043C,0,-2.9144988,0.06764466315507889,0.3007246255874634,0.41449275612831116
YGR216C,YDR363W-A,0,-2.9159393,0.06758957356214523,0.3007246255874634,0.41485506296157837
YML070W,YML080W,0,-2.9171681,0.06753458082675934,0.3007246255874634,0.41521739959716797
YJL219W,YDR368W,0,-2.9195907,0.0674796774983406,0.3007246255874634,0.4155797064304352
YBL071W-A,YJR095W,0,-2.920463,0.06742485612630844,0.3007246255874634,0.4159420430660248
YLL036C,YDR146C,0,-2.9210405,0.06737013161182404,0.3007246255874634,0.416304349899292
YAL005C,YBR123C,0,-2.9212785,0.0673154890537262,0.3007246255874634,0.4166666567325592
YLR121C,YOR308C,0,-2.9249759,0.06726094335317612,0.3007246255874634,0.4170289933681488
YOR237W,YDR093W,1,-2.9267707,0.06801619380712509,0.30434781312942505,0.4170289933681488
YIL066C,YKL209C,0,-2.9277327,0.06796116381883621,0.30434781312942505,0.417391300201416
YDR324C,YKL210W,0,-2.9281898,0.0679062232375145,0.30434781312942505,0.4177536368370056
YMR304W,YMR049C,0,-2.9321501,0.06785137206315994,0.30434781312942505,0.4181159436702728
YCR020W-B,YGL133W,0,-2.9327679,0.06779661029577255,0.30434781312942505,0.41847825050354004
YDR424C,YKL178C,0,-2.9353807,0.06774193793535233,0.30434781312942505,0.41884058713912964
YLR089C,YGL209W,0,-2.9357824,0.06768734753131866,0.30434781312942505,0.41920289397239685
YGR108W,YOR061W,0,-2.9366102,0.06763284653425217,0.30434781312942505,0.41956523060798645
YMR165C,YOL142W,0,-2.9397492,0.06757844239473343,0.30434781312942505,0.41992753744125366
YDL138W,YOR124C,0,-2.9465828,0.06752411276102066,0.30434781312942505,0.4202898442745209
YLR186W,YEL029C,0,-2.9472933,0.06746987998485565,0.30434781312942505,0.4206521809101105
YGR214W,YGL094C,0,-2.947322,0.06741572916507721,0.30434781312942505,0.4210144877433777
YKL084W,YNL188W,0,-2.9487655,0.06736166775226593,0.30434781312942505,0.4213768243789673
YOR057W,YLR448W,0,-2.9491382,0.06730769574642181,0.30434781312942505,0.4217391312122345
YBL097W,YDL067C,0,-2.9506154,0.06725380569696426,0.30434781312942505,0.4221014380455017
YLL010C,YPR198W,0,-2.950917,0.06719999760389328,0.30434781312942505,0.4224637746810913
YGR158C,YGR256W,0,-2.9510012,0.06714628636837006,0.30434781312942505,0.4228260815143585
YBR289W,YER069W,0,-2.951091,0.0670926496386528,0.30434781312942505,0.4231884181499481
YNL007C,YBR122C,0,-2.9546041,0.0670391097664833,0.30434781312942505,0.42355072498321533
YGR188C,YAR002C-A,0,-2.9577212,0.06698564440011978,0.30434781312942505,0.42391303181648254
YKL183W,YNL112W,0,-2.9582167,0.06693226844072342,0.30434781312942505,0.42427536845207214
YMR136W,YBL050W,0,-2.9600024,0.06687898188829422,0.30434781312942505,0.42463767528533936
YGR037C,YGL162W,1,-2.9614398,0.06762132048606873,0.3079710006713867,0.42463767528533936
YER022W,YIL155C,0,-2.9623668,0.06756756454706192,0.3079710006713867,0.42500001192092896
YMR236W,YNL093W,0,-2.9632678,0.06751389801502228,0.3079710006713867,0.42536231875419617
YPL147W,YDR093W,1,-2.9635022,0.06825397163629532,0.3115941882133484,0.42536231875419617
YPL112C,YDR074W,0,-2.9673054,0.06819984316825867,0.3115941882133484,0.4257246255874634
YOL045W,YBR040W,0,-2.972396,0.06814579665660858,0.3115941882133484,0.426086962223053
YHR001W,YMR246W,1,-2.9741402,0.06888361275196075,0.31521740555763245,0.426086962223053
YMR170C,YIL145C,0,-2.9744675,0.06882911175489426,0.31521740555763245,0.4264492690563202
YJR097W,YBR135W,0,-2.976344,0.06877470016479492,0.31521740555763245,0.4268116056919098
YLR242C,YMR162C,1,-2.9819453,0.06951026618480682,0.3188405930995941,0.4268116056919098
YOR120W,YOR371C,0,-2.9830484,0.06945540755987167,0.3188405930995941,0.427173912525177
YMR145C,YPR094W,0,-2.9839568,0.06940063089132309,0.3188405930995941,0.4275362193584442
YKL059C,YPL200W,0,-2.9844813,0.06934594362974167,0.3188405930995941,0.4278985559940338
YFR036W,YDL084W,0,-2.9863253,0.06929133832454681,0.3188405930995941,0.428260862827301
YKL067W,YOR127W,0,-2.9884288,0.06923682242631912,0.3188405930995941,0.4286231994628906
YPR001W,YDR520C,0,-2.9891586,0.069182388484478,0.3188405930995941,0.42898550629615784
YJL200C,YIL138C,0,-2.9902864,0.06912804394960403,0.3188405930995941,0.42934781312942505
YLR013W,YDR043C,0,-2.995008,0.06907378137111664,0.3188405930995941,0.42971014976501465
YJL155C,YNR041C,0,-2.996011,0.0690196081995964,0.3188405930995941,0.43007245659828186
YKR103W,YDR198C,0,-3.003579,0.06896551698446274,0.3188405930995941,0.43043479323387146
YJL071W,YBR009C,0,-3.0036607,0.06891150772571564,0.3188405930995941,0.43079710006713867
YNL163C,YOR122C,0,-3.003879,0.0688575878739357,0.3188405930995941,0.4311594069004059
YJL063C,YGR008C,0,-3.0045507,0.06880374997854233,0.3188405930995941,0.4315217435359955
YKR028W,YLR134W,0,-3.005066,0.06875000149011612,0.3188405930995941,0.4318840503692627
YLR441C,YMR238W,0,-3.0061538,0.06869632750749588,0.3188405930995941,0.4322463870048523
YIR028W,YGR209C,0,-3.0062547,0.0686427429318428,0.3188405930995941,0.4326086938381195
YJL109C,YOR261C,0,-3.0065222,0.0685892403125763,0.3188405930995941,0.4329710006713867
YGL030W,YKL113C,0,-3.007041,0.06853582710027695,0.3188405930995941,0.4333333373069763
YCL069W,YJR001W,0,-3.007628,0.06848248839378357,0.3188405930995941,0.43369564414024353
YML063W,YHR030C,0,-3.0130582,0.06842923909425735,0.3188405930995941,0.43405798077583313
YJR155W,YHR016C,0,-3.013793,0.0683760717511177,0.3188405930995941,0.43442028760910034
YMR116C,YPL213W,0,-3.0162096,0.06832297891378403,0.3188405930995941,0.43478259444236755
YFL021W,YBR205W,0,-3.0173802,0.06826997548341751,0.3188405930995941,0.43514493107795715
YKR105C,YER154W,0,-3.0190802,0.06821705400943756,0.3188405930995941,0.43550723791122437
YGL113W,YBR040W,0,-3.0228302,0.06816421449184418,0.3188405930995941,0.43586957454681396
YBL057C,YBL071W-A,0,-3.0230834,0.06811145693063736,0.3188405930995941,0.4362318813800812
YHR215W,YHR030C,0,-3.0231924,0.06805878132581711,0.3188405930995941,0.4365941882133484
YDL019C,YGL162W,1,-3.0259266,0.06877897679805756,0.3224637806415558,0.4365941882133484
YDR163W,YLL034C,0,-3.026322,0.06872586905956268,0.3224637806415558,0.436956524848938
YLL055W,YJR006W,0,-3.0284057,0.06867283582687378,0.3224637806415558,0.4373188316822052
YOR337W,YDL217C,0,-3.0300128,0.06861989200115204,0.3224637806415558,0.4376811683177948
YIL085C,YMR006C,0,-3.0315204,0.06856702268123627,0.3224637806415558,0.438043475151062
YDR253C,YGR081C,0,-3.032573,0.06851424276828766,0.3224637806415558,0.4384058117866516
YDR297W,YNL127W,0,-3.0326276,0.06846153736114502,0.3224637806415558,0.4387681186199188
YNL027W,YER055C,0,-3.0353274,0.06840891391038895,0.3224637806415558,0.43913042545318604
YDR137W,YKL086W,0,-3.038828,0.06835637241601944,0.3224637806415558,0.43949276208877563
YMR032W,YHR043C,0,-3.038947,0.0683039128780365,0.3224637806415558,0.43985506892204285
YLR138W,YDR252W,0,-3.0411658,0.06825153529644012,0.3224637806415558,0.44021740555763245
YOR317W,YHR001W,1,-3.0422716,0.06896551698446274,0.32608696818351746,0.44021740555763245
YBR222C,YGR090W,0,-3.0429168,0.06891270726919174,0.32608696818351746,0.44057971239089966
YOR125C,YBR133C,0,-3.0434356,0.06885998696088791,0.32608696818351746,0.44094201922416687
YLR380W,YPL147W,1,-3.0442293,0.06957186758518219,0.3297101557254791,0.44094201922416687
YCR026C,YIL129C,0,-3.045816,0.06951871514320374,0.3297101557254791,0.44130435585975647
YBR280C,YNL139C,0,-3.0466266,0.06946565210819244,0.3297101557254791,0.4416666626930237
YJR091C,YKR020W,0,-3.0467432,0.06941266357898712,0.3297101557254791,0.4420289993286133
YKL113C,YLR013W,0,-3.0485306,0.06935975700616837,0.3297101557254791,0.4423913061618805
YLR151C,YGL169W,0,-3.0520594,0.06930693238973618,0.3297101557254791,0.4427536129951477
YPL227C,YKL084W,0,-3.054337,0.06925418227910995,0.3297101557254791,0.4431159496307373
YKL094W,YAR071W,0,-3.0565495,0.0692015215754509,0.3297101557254791,0.4434782564640045
YCL043C,YBR170C,0,-3.0567093,0.06914893537759781,0.3297101557254791,0.4438405930995941
YLL039C,YDR315C,0,-3.0587268,0.06909643113613129,0.3297101557254791,0.44420289993286133
YER025W,YBR126C,0,-3.0600023,0.06904400885105133,0.3297101557254791,0.44456520676612854
YKL212W,YKR081C,0,-3.0617418,0.06899166107177734,0.3297101557254791,0.44492754340171814
YBR156C,YPL119C,0,-3.0632968,0.06893939524888992,0.3297101557254791,0.44528985023498535
YGR179C,YLL013C,0,-3.063504,0.06888720393180847,0.3297101557254791,0.44565218687057495
YKL181W,YOR058C,0,-3.0635052,0.06883510202169418,0.3297101557254791,0.44601449370384216
YER110C,YJL047C,0,-3.0653818,0.06878306716680527,0.3297101557254791,0.4463768005371094
YLR308W,YBR036C,0,-3.067103,0.06873111426830292,0.3297101557254791,0.446739137172699
YCR011C,YGR200C,0,-3.067483,0.06867924332618713,0.3297101557254791,0.4471014440059662
YGR169C,YNR075W,0,-3.0675423,0.06862745434045792,0.3297101557254791,0.4474637806415558
YNL182C,YMR208W,0,-3.0687356,0.06857573240995407,0.3297101557254791,0.447826087474823
YGL090W,YOR204W,0,-3.069215,0.06852409988641739,0.3297101557254791,0.4481883943080902
YHR001W,YPL147W,1,-3.0707831,0.06922498345375061,0.3333333432674408,0.4481883943080902
YDL051W,YJL085W,0,-3.071087,0.0691729336977005,0.3333333432674408,0.4485507309436798
YCR098C,YOL138C,0,-3.0721254,0.06912095844745636,0.3333333432674408,0.448913037776947
YNL323W,YJL145W,1,-3.074141,0.06981982290744781,0.33695653080940247,0.448913037776947
YGR032W,YOL142W,0,-3.0743327,0.06976744532585144,0.33695653080940247,0.4492753744125366
YNL231C,YMR246W,1,-3.0748968,0.07046476751565933,0.34057971835136414,0.4492753744125366
YNL026W,YJR031C,0,-3.075037,0.07041198760271072,0.34057971835136414,0.44963768124580383
YNL289W,YBR126C,0,-3.0753255,0.07035928219556808,0.34057971835136414,0.44999998807907104
YIL117C,YHR041C,0,-3.0762048,0.07030665874481201,0.34057971835136414,0.45036232471466064
YMR079W,YJL145W,1,-3.0767486,0.07100149244070053,0.3442029058933258,0.45036232471466064
YGR152C,YOR175C,0,-3.0768251,0.07094846665859222,0.3442029058933258,0.45072463154792786
YOL149W,YDR432W,0,-3.0773907,0.07089552283287048,0.3442029058933258,0.45108696818351746
YBR133C,YNL030W,0,-3.0802207,0.07084265351295471,0.3442029058933258,0.45144927501678467
YLR431C,YPL212C,0,-3.0811536,0.0707898661494255,0.3442029058933258,0.4518115818500519
YGL059W,YJL170C,0,-3.0818071,0.07073715329170227,0.3442029058933258,0.4521739184856415
YOR347C,YPR094W,0,-3.082362,0.0706845223903656,0.3442029058933258,0.4525362253189087
YBL071W-A,YMR180C,0,-3.0849934,0.0706319734454155,0.3442029058933258,0.4528985619544983
YDL161W,YGR194C,0,-3.0856285,0.07057949155569077,0.3442029058933258,0.4532608687877655
YJL052W,YLL041C,0,-3.0857854,0.0705270990729332,0.3442029058933258,0.4536231756210327
YKR058W,YGL062W,0,-3.0860758,0.0704747810959816,0.3442029058933258,0.4539855122566223
YJL051W,YHR172W,0,-3.0873146,0.07042253762483597,0.3442029058933258,0.4543478190898895
YMR032W,YLR389C,0,-3.0878925,0.07037036865949631,0.3442029058933258,0.4547101557254791
YCR020W-B,YBR020W,0,-3.0899568,0.07031828165054321,0.3442029058933258,0.45507246255874634
YJL145W,YNL231C,1,-3.0900526,0.0710059180855751,0.3478260934352875,0.45507246255874634
YNL163C,YBR170C,0,-3.0902839,0.07095343619585037,0.3478260934352875,0.45543476939201355
YGL256W,YPL087W,0,-3.0903385,0.07090103626251221,0.3478260934352875,0.45579710602760315
YGL014W,YPR054W,0,-3.091764,0.07084871083498001,0.3478260934352875,0.45615941286087036
YJL145W,YMR162C,1,-3.092728,0.0715339258313179,0.35144928097724915,0.45615941286087036
YGL170C,YKR097W,0,-3.092752,0.07148120552301407,0.35144928097724915,0.45652174949645996
YBR041W,YJL145W,1,-3.0949388,0.07216494530439377,0.3550724685192108,0.45652174949645996
YGR191W,YML104C,0,-3.0954514,0.07211184501647949,0.3550724685192108,0.4568840563297272
YBL009W,YDL215C,0,-3.096303,0.07205882668495178,0.3550724685192108,0.4572463631629944
YLR090W,YGR218W,0,-3.0971951,0.07200587540864944,0.3550724685192108,0.457608699798584
YDL132W,YDR130C,0,-3.0972738,0.07195301353931427,0.3550724685192108,0.4579710066318512
YOR222W,YPR107C,0,-3.1005478,0.07190021872520447,0.3550724685192108,0.4583333432674408
YGR037C,YMR162C,1,-3.101081,0.07258064299821854,0.3586956560611725,0.4583333432674408
YML066C,YIR034C,0,-3.101508,0.07252747565507889,0.3586956560611725,0.458695650100708
YGR249W,YJL008C,0,-3.1033685,0.07247437536716461,0.3586956560611725,0.4590579569339752
YLR256W,YNR070W,0,-3.1052759,0.0724213570356369,0.3586956560611725,0.4594202935695648
YBR084C-A,YDR206W,0,-3.1057713,0.07236842066049576,0.3586956560611725,0.45978260040283203
YDR225W,YJL129C,0,-3.1072888,0.07231555879116058,0.3586956560611725,0.46014493703842163
YDR540C,YBR080C,0,-3.1077118,0.07226277142763138,0.3586956560611725,0.46050724387168884
YER166W,YMR246W,1,-3.10818,0.07293946295976639,0.36231884360313416,0.46050724387168884
YFL045C,YGL095C,0,-3.1092215,0.07288629561662674,0.36231884360313416,0.46086955070495605
YMR289W,YDR408C,0,-3.1095963,0.07283321022987366,0.36231884360313416,0.46123188734054565
YPL094C,YDR202C,0,-3.1101408,0.07278020679950714,0.36231884360313416,0.46159419417381287
YNL279W,YBR036C,0,-3.110506,0.072727270424366,0.36231884360313416,0.46195653080940247
YDL159W,YPL170W,0,-3.1111116,0.07267441600561142,0.36231884360313416,0.4623188376426697
YPR009W,YMR246W,1,-3.11378,0.07334785908460617,0.3659420311450958,0.4623188376426697
YKL003C,YIL066C,0,-3.1138358,0.07329463213682175,0.3659420311450958,0.4626811742782593
YJR140C,YOL017W,0,-3.115581,0.07324147969484329,0.3659420311450958,0.4630434811115265
YNR020C,YOR336W,0,-3.1159415,0.0731884092092514,0.3659420311450958,0.4634057879447937
YOL093W,YGR255C,0,-3.1164784,0.07313540577888489,0.3659420311450958,0.4637681245803833
YIL136W,YLR425W,0,-3.1166418,0.07308249175548553,0.3659420311450958,0.4641304314136505
YGR192C,YPL087W,0,-3.1177025,0.07302964478731155,0.3659420311450958,0.4644927680492401
YLR318W,YLR350W,0,-3.1178732,0.07297687977552414,0.3659420311450958,0.4648550748825073
YLR009W,YIL105C,0,-3.1183734,0.0729241892695427,0.3659420311450958,0.46521738171577454
YPR107C,YGR014W,0,-3.1191342,0.07287157326936722,0.3659420311450958,0.46557971835136414
YER166W,YPL147W,1,-3.1205997,0.07354001700878143,0.3695652186870575,0.46557971835136414
YKR056W,YLR120C,0,-3.1210887,0.07348702847957611,0.3695652186870575,0.46594202518463135
YBL054W,YGR104C,0,-3.1224794,0.07343412190675735,0.3695652186870575,0.46630436182022095
YLR016C,YGL103W,0,-3.1232271,0.07338129729032516,0.3695652186870575,0.46666666865348816
YDR294C,YPL017C,0,-3.1238737,0.07332853972911835,0.3695652186870575,0.46702897548675537
YNL323W,YMR246W,1,-3.125217,0.07399425655603409,0.37318840622901917,0.46702897548675537
YMR079W,YGL162W,1,-3.1256943,0.07465901225805283,0.37681159377098083,0.46702897548675537
YGR013W,YPR041W,0,-3.1292124,0.07460545003414154,0.37681159377098083,0.46739131212234497
YNL078W,YDR313C,0,-3.1293097,0.07455196976661682,0.37681159377098083,0.4677536189556122
YHL032C,YPR043W,0,-3.1295972,0.07449856400489807,0.37681159377098083,0.4681159555912018
YHR081W,YPR021C,0,-3.1300492,0.07444524019956589,0.37681159377098083,0.468478262424469
YKL125W,YGR218W,0,-3.1301804,0.07439199090003967,0.37681159377098083,0.4688405692577362
YHL020C,YBR298C,0,-3.130382,0.07433881610631943,0.37681159377098083,0.4692029058933258
YBR297W,YLR080W,0,-3.1312704,0.07428571581840515,0.37681159377098083,0.469565212726593
YIL097W,YDL143W,0,-3.1324785,0.07423269003629684,0.37681159377098083,0.4699275493621826
YLR141W,YLR425W,0,-3.1324902,0.0741797462105751,0.37681159377098083,0.47028985619544983
YDL019C,YMR246W,1,-3.1325002,0.07483962923288345,0.3804347813129425,0.47028985619544983
YOR317W,YDL019C,1,-3.1327283,0.07549857348203659,0.3840579688549042,0.47028985619544983
YLR242C,YJL145W,1,-3.134903,0.07615658640861511,0.38768115639686584,0.47028985619544983
YER045C,YJL134W,0,-3.1352134,0.07610242068767548,0.38768115639686584,0.47065216302871704
YNL232W,YDR074W,0,-3.136803,0.07604832947254181,0.38768115639686584,0.47101449966430664
YBR050C,YOR375C,0,-3.1371531,0.07599432021379471,0.38768115639686584,0.47137680649757385
YKL188C,YLR380W,1,-3.138782,0.07665010541677475,0.3913043439388275,0.47137680649757385
YOL113W,YGL032C,0,-3.1388688,0.0765957459807396,0.3913043439388275,0.47173914313316345
YKL184W,YDL022W,0,-3.1417625,0.0765414610505104,0.3913043439388275,0.47210144996643066
YOR237W,YGL162W,1,-3.1421623,0.07719546556472778,0.3949275314807892,0.47210144996643066
YBR244W,YGR171C,0,-3.1439834,0.07714083790779114,0.3949275314807892,0.4724637567996979
YJL166W,YIR017C,0,-3.1441865,0.07708627730607986,0.3949275314807892,0.4728260934352875
YEL031W,YJL087C,0,-3.1450634,0.07703179866075516,0.3949275314807892,0.4731884002685547
YDR283C,YBL041W,0,-3.145923,0.07697740197181702,0.3949275314807892,0.4735507369041443
YLR166C,YJL151C,0,-3.1465569,0.07692307978868484,0.3949275314807892,0.4739130437374115
YOL104C,YMR068W,0,-3.147599,0.07686883211135864,0.3949275314807892,0.4742753505706787
YAL039C,YHR164C,0,-3.1497688,0.07681465893983841,0.3949275314807892,0.4746376872062683
YGR059W,YDR082W,0,-3.1498508,0.07676056027412415,0.3949275314807892,0.4749999940395355
YPR191W,YOR231W,0,-3.1532645,0.07670654356479645,0.3949275314807892,0.4753623306751251
YJL145W,YPL147W,1,-3.1544628,0.07735583931207657,0.39855071902275085,0.4753623306751251
YML066C,YDR334W,0,-3.1550453,0.07730147242546082,0.39855071902275085,0.47572463750839233
YGR238C,YHR136C,0,-3.1554556,0.07724718749523163,0.39855071902275085,0.47608694434165955
YEL029C,YLR116W,0,-3.1584036,0.07719298452138901,0.39855071902275085,0.47644928097724915
YIL122W,YHR070W,0,-3.1604886,0.07713884860277176,0.39855071902275085,0.47681158781051636
YOL010W,YKL025C,0,-3.160657,0.07708479464054108,0.39855071902275085,0.47717392444610596
YNL236W,YDL153C,0,-3.1661694,0.07703081518411636,0.39855071902275085,0.47753623127937317
YNR022C,YCR088W,0,-3.1669884,0.07697691023349762,0.39855071902275085,0.4778985381126404
YGR063C,YDL213C,0,-3.1704044,0.07692307978868484,0.39855071902275085,0.47826087474823
YPL015C,YLR136C,0,-3.1711633,0.07686932384967804,0.39855071902275085,0.4786231815814972
YEL021W,YGR171C,0,-3.1713107,0.0768156424164772,0.39855071902275085,0.4789855182170868
YMR283C,YGR118W,0,-3.1744015,0.07676203548908234,0.39855071902275085,0.479347825050354
YOR301W,YNL241C,0,-3.1775565,0.07670851051807404,0.39855071902275085,0.4797101318836212
YJR143C,YIL084C,0,-3.1799693,0.07665505260229111,0.39855071902275085,0.4800724685192108
YCL010C,YCR024C-A,0,-3.1805878,0.07660166919231415,0.39855071902275085,0.480434775352478
YNL116W,YDR050C,0,-3.181869,0.07654836773872375,0.39855071902275085,0.4807971119880676
YDR169C,YML027W,0,-3.1823964,0.07649513334035873,0.39855071902275085,0.48115941882133484
YMR214W,YDR299W,0,-3.1855595,0.07644197344779968,0.39855071902275085,0.48152172565460205
YGR246C,YAL047C,0,-3.187221,0.0763888880610466,0.39855071902275085,0.48188406229019165
YDR182W,YLR340W,0,-3.1872528,0.07633587718009949,0.39855071902275085,0.48224636912345886
YLR121C,YJR095W,0,-3.1928525,0.07628294080495834,0.39855071902275085,0.48260870575904846
YOL041C,YNL125C,0,-3.1939511,0.07623007893562317,0.39855071902275085,0.4829710125923157
YJL145W,YDR093W,1,-3.195826,0.07686980813741684,0.4021739065647125,0.4829710125923157
YDL045C,YDL184C,0,-3.1961615,0.0768166109919548,0.4021739065647125,0.4833333194255829
YOR099W,YLR002C,0,-3.197659,0.07676348835229874,0.4021739065647125,0.4836956560611725
YPR049C,YMR012W,0,-3.1980598,0.07671043276786804,0.4021739065647125,0.4840579628944397
YJL014W,YIL159W,0,-3.1995864,0.07665745913982391,0.4021739065647125,0.4844202995300293
YBR092C,YOR327C,0,-3.200841,0.07660455256700516,0.4021739065647125,0.4847826063632965
YPR191W,YDR012W,0,-3.2012982,0.07655172049999237,0.4021739065647125,0.4851449131965637
YGR037C,YPR009W,1,-3.2027934,0.0771881490945816,0.4057970941066742,0.4851449131965637
YDR425W,YDL064W,0,-3.2033727,0.07713498920202255,0.4057970941066742,0.4855072498321533
YKL082C,YLR128W,0,-3.2043254,0.07708189636468887,0.4057970941066742,0.48586955666542053
YCR020C,YDR288W,0,-3.2046747,0.07702888548374176,0.4057970941066742,0.48623189330101013
YDR371W,YGR282C,0,-3.2069035,0.07697594165802002,0.4057970941066742,0.48659420013427734
YKL001C,YGL125W,0,-3.2069225,0.07692307978868484,0.4057970941066742,0.48695650696754456
YKL152C,YHR065C,0,-3.2069626,0.07687028497457504,0.4057970941066742,0.48731884360313416
YLR430W,YPR186C,0,-3.210896,0.07681755721569061,0.4057970941066742,0.48768115043640137
YLR319C,YGR268C,0,-3.2110004,0.07676490396261215,0.4057970941066742,0.48804348707199097
YDR346C,YMR137C,0,-3.211491,0.07671232521533966,0.4057970941066742,0.4884057939052582
YKL125W,YIL145C,0,-3.215458,0.07665982097387314,0.4057970941066742,0.4887681305408478
YLR182W,YNR060W,0,-3.2162971,0.07660738378763199,0.4057970941066742,0.489130437374115
YBR009C,YBR129C,0,-3.2211576,0.07655502110719681,0.4057970941066742,0.4894927442073822
YDR208W,YBR240C,0,-3.2217724,0.0765027329325676,0.4057970941066742,0.4898550808429718
YMR079W,YMR162C,1,-3.2224603,0.07713310420513153,0.40942028164863586,0.4898550808429718
YNL113W,YJL155C,0,-3.2259846,0.07708048820495605,0.40942028164863586,0.490217387676239
YMR229C,YBR202W,0,-3.2284555,0.07702794671058655,0.40942028164863586,0.4905797243118286
YBR155W,YMR071C,0,-3.228509,0.07697547972202301,0.40942028164863586,0.4909420311450958
YER117W,YPL270W,0,-3.232041,0.07692307978868484,0.40942028164863586,0.49130433797836304
YGL090W,YOR349W,0,-3.236528,0.07687074691057205,0.40942028164863586,0.49166667461395264
YML029W,YER006W,0,-3.236789,0.07681848853826523,0.40942028164863586,0.49202898144721985
YHL020C,YDR368W,0,-3.2372923,0.07676630467176437,0.40942028164863586,0.49239131808280945
YMR016C,YLR264W,0,-3.239706,0.07671418786048889,0.40942028164863586,0.49275362491607666
YOR237W,YNL264C,1,-3.243415,0.07734057307243347,0.41304346919059753,0.49275362491607666
YDR392W,YLR304C,0,-3.2437692,0.07728813588619232,0.41304346919059753,0.49311593174934387
YML065W,YKR097W,0,-3.2469044,0.07723577320575714,0.41304346919059753,0.49347826838493347
YDL029W,YIR012W,0,-3.2498744,0.07718347758054733,0.41304346919059753,0.4938405752182007
YJR025C,YNL006W,0,-3.251418,0.0771312564611435,0.41304346919059753,0.4942029118537903
YFR009W,YOR044W,0,-3.2528517,0.07707910984754562,0.41304346919059753,0.4945652186870575
YNL270C,YLR028C,0,-3.2533593,0.07702703028917313,0.41304346919059753,0.4949275255203247
YDR488C,YCR008W,0,-3.2535973,0.076975017786026,0.41304346919059753,0.4952898621559143
YPL152W,YDR487C,0,-3.2543712,0.07692307978868484,0.41304346919059753,0.4956521689891815
YLR003C,YOR181W,0,-3.2595863,0.07687120884656906,0.41304346919059753,0.4960145056247711
YML125C,YNR011C,0,-3.2608657,0.07681940495967865,0.41304346919059753,0.49637681245803833
YKL198C,YDL170W,0,-3.260879,0.07676767557859421,0.41304346919059753,0.49673911929130554
YMR049C,YGR086C,0,-3.2621334,0.07671601325273514,0.41304346919059753,0.49710145592689514
YHL013C,YGL234W,0,-3.2631586,0.07666442543268204,0.41304346919059753,0.49746376276016235
YDL099W,YFL062W,0,-3.2656913,0.07661290466785431,0.41304346919059753,0.49782609939575195
YML085C,YPR006C,0,-3.2657816,0.07656145095825195,0.41304346919059753,0.49818840622901917
YOL068C,YPL093W,0,-3.2683225,0.07651006430387497,0.41304346919059753,0.4985507130622864
YGR105W,YNL191W,0,-3.2691965,0.07645875215530396,0.41304346919059753,0.498913049697876
YKL078W,YHR019C,0,-3.2693667,0.07640750706195831,0.41304346919059753,0.4992753565311432
YHR062C,YNL321W,0,-3.2696404,0.07635632902383804,0.41304346919059753,0.4996376931667328
YDR522C,YNL191W,0,-3.2710552,0.07630521804094315,0.41304346919059753,0.5
YIL034C,YMR044W,0,-3.271328,0.07625418156385422,0.41304346919059753,0.5003623366355896
YCL010C,YOL064C,0,-3.2728324,0.07620321214199066,0.41304346919059753,0.5007246136665344
YJL145W,YHR001W,1,-3.2733245,0.07682030647993088,0.4166666567325592,0.5007246136665344
YJR119C,YPR079W,0,-3.2742343,0.07676902413368225,0.4166666567325592,0.501086950302124
YDR258C,YNL335W,0,-3.27529,0.076717808842659,0.4166666567325592,0.5014492869377136
YPL237W,YJL020C,0,-3.2791526,0.07666666805744171,0.4166666567325592,0.5018116235733032
YDR419W,YBL045C,0,-3.2796447,0.0766155868768692,0.4166666567325592,0.502173900604248
YCR068W,YLR344W,0,-3.280102,0.07656458020210266,0.4166666567325592,0.5025362372398376
YML049C,YEL004W,0,-3.280922,0.07651364058256149,0.4166666567325592,0.5028985738754272
YIL093C,YJL033W,0,-3.2816975,0.0764627680182457,0.4166666567325592,0.5032608509063721
YKL188C,YMR079W,1,-3.2820206,0.07707641273736954,0.4202898442745209,0.5032608509063721
YGL161C,YLL005C,0,-3.2835326,0.07702523469924927,0.4202898442745209,0.5036231875419617
YGL174W,YDL179W,0,-3.2841434,0.07697412371635437,0.4202898442745209,0.5039855241775513
YGL086W,YPR145W,0,-3.285406,0.07692307978868484,0.4202898442745209,0.5043478012084961
YML072C,YGR128C,0,-3.2861164,0.07687210291624069,0.4202898442745209,0.5047101378440857
YEL016C,YDR411C,0,-3.28867,0.07682119309902191,0.4202898442745209,0.5050724744796753
YMR079W,YNL231C,1,-3.2909446,0.07743216305971146,0.42391303181648254,0.5050724744796753
YNL012W,YPL110C,0,-3.293613,0.0773809552192688,0.42391303181648254,0.5054348111152649
YER044C,YOR106W,0,-3.2937026,0.07732980698347092,0.42391303181648254,0.5057970881462097
YDL168W,YNL021W,0,-3.294392,0.077278733253479,0.42391303181648254,0.5061594247817993
YLL033W,YOR233W,0,-3.2956572,0.07722771912813187,0.42391303181648254,0.5065217614173889
YKL020C,YGR052W,0,-3.2962646,0.0771767795085907,0.42391303181648254,0.5068840384483337
YDR380W,YGL037C,0,-3.2963428,0.0771259069442749,0.42391303181648254,0.5072463750839233
YKR035W-A,YPR163C,0,-3.2977448,0.07707510143518448,0.42391303181648254,0.5076087117195129
YMR026C,YLR344W,0,-3.2982173,0.07702435553073883,0.42391303181648254,0.5079709887504578
YPR107C,YGR068C,0,-3.3003032,0.07697368413209915,0.42391303181648254,0.5083333253860474
YFL055W,YMR277W,0,-3.3007762,0.07692307978868484,0.42391303181648254,0.508695662021637
YNR020C,YFL033C,0,-3.300829,0.07687253504991531,0.42391303181648254,0.5090579986572266
YGL047W,YDR285W,0,-3.3036742,0.07682206481695175,0.42391303181648254,0.5094202756881714
YOR230W,YPL029W,0,-3.30575,0.07677165418863297,0.42391303181648254,0.509782612323761
YJR110W,YKL125W,0,-3.30715,0.07672131061553955,0.42391303181648254,0.5101449489593506
YMR109W,YOR294W,0,-3.3082485,0.07667103409767151,0.42391303181648254,0.5105072259902954
YPR201W,YDR530C,0,-3.3087366,0.07662082463502884,0.42391303181648254,0.510869562625885
YML132W,YLR342W,0,-3.3109827,0.07657068222761154,0.42391303181648254,0.5112318992614746
YML065W,YOR328W,0,-3.3119159,0.07652059942483902,0.42391303181648254,0.5115941762924194
YHR061C,YLR071C,0,-3.312354,0.07647059112787247,0.42391303181648254,0.511956512928009
YGL014W,YDL126C,0,-3.3124828,0.07642064243555069,0.42391303181648254,0.5123188495635986
YDR151C,YOR100C,0,-3.313033,0.07637076079845428,0.42391303181648254,0.5126811861991882
YDL082W,YGL174W,0,-3.3134823,0.07632093876600266,0.42391303181648254,0.5130434632301331
YFR036W,YIR037W,0,-3.313652,0.0762711837887764,0.42391303181648254,0.5134057998657227
YER088C,YML009C,0,-3.3137107,0.07622149586677551,0.42391303181648254,0.5137681365013123
YGR281W,YJL050W,0,-3.3148603,0.076171875,0.42391303181648254,0.5141304135322571
YDR451C,YDR364C,0,-3.3151386,0.07612231373786926,0.42391303181648254,0.5144927501678467
YPL089C,YCL010C,0,-3.316687,0.0760728195309639,0.42391303181648254,0.5148550868034363
YCL010C,YPR020W,0,-3.3167882,0.0760233923792839,0.42391303181648254,0.5152173638343811
YMR280C,YBR229C,0,-3.3178098,0.07597402483224869,0.42391303181648254,0.5155797004699707
YMR199W,YOL129W,0,-3.3191419,0.07592472434043884,0.42391303181648254,0.5159420371055603
YKR003W,YLR242C,1,-3.3203273,0.07652399688959122,0.4275362193584442,0.5159420371055603
YBR205W,YKL049C,0,-3.3206995,0.0764743983745575,0.4275362193584442,0.5163043737411499
YDR416W,YGR157W,0,-3.322012,0.07642486691474915,0.4275362193584442,0.5166666507720947
YDR472W,YPR168W,0,-3.3251977,0.07637540251016617,0.4275362193584442,0.5170289874076843
YNL329C,YBR006W,0,-3.3254654,0.07632600516080856,0.4275362193584442,0.5173913240432739
YJR143C,YCR067C,0,-3.3307166,0.07627666741609573,0.4275362193584442,0.5177536010742188
YFR036W,YKL139W,0,-3.3325038,0.07622738927602768,0.4275362193584442,0.5181159377098083
YKR003W,YGL162W,1,-3.3361673,0.07682375609874725,0.4311594069004059,0.5181159377098083
YBL060W,YCR089W,0,-3.3383327,0.07677419483661652,0.4311594069004059,0.518478274345398
YBR231C,YOL077W-A,0,-3.3393772,0.07672469317913055,0.4311594069004059,0.5188405513763428
YGR058W,YKR058W,0,-3.340167,0.07667525857686996,0.4311594069004059,0.5192028880119324
YOR307C,YDR059C,0,-3.342851,0.07662588357925415,0.4311594069004059,0.519565224647522
YKL095W,YDR519W,0,-3.3455524,0.07657657563686371,0.4311594069004059,0.5199275612831116
YJR094W-A,YMR229C,0,-3.3456783,0.07652733474969864,0.4311594069004059,0.5202898383140564
YDL245C,YFL062W,0,-3.348351,0.07647814601659775,0.4311594069004059,0.520652174949646
YGL012W,YDL166C,0,-3.3502803,0.07642903178930283,0.4311594069004059,0.5210145115852356
YHR050W,YOR133W,0,-3.3509622,0.07637997716665268,0.4311594069004059,0.5213767886161804
YBL098W,YIL088C,0,-3.3516874,0.07633098214864731,0.4311594069004059,0.52173912525177
YDR182W,YOR056C,0,-3.3521905,0.07628205418586731,0.4311594069004059,0.5221014618873596
YGL226C-A,YBR128C,0,-3.3527772,0.07623318582773209,0.4311594069004059,0.5224637389183044
YPL252C,YDR031W,0,-3.353848,0.07618437707424164,0.4311594069004059,0.522826075553894
YLR348C,YNL101W,0,-3.3543768,0.07613563537597656,0.4311594069004059,0.5231884121894836
YJR110W,YBR186W,0,-3.3546658,0.07608695328235626,0.4311594069004059,0.5235507488250732
YDR219C,YBR192W,0,-3.3594444,0.07603833824396133,0.4311594069004059,0.5239130258560181
YIL009C-A,YBR170C,0,-3.3609037,0.07598978281021118,0.4311594069004059,0.5242753624916077
YCL069W,YKL073W,0,-3.362194,0.0759412869811058,0.4311594069004059,0.5246376991271973
YIL046W,YJL073W,0,-3.3626783,0.0758928582072258,0.4311594069004059,0.5249999761581421
YDL039C,YFL002C,0,-3.3627245,0.07584448903799057,0.4311594069004059,0.5253623127937317
YGR133W,YDR245W,0,-3.363252,0.07579617947340012,0.4311594069004059,0.5257246494293213
YBR006W,YBL079W,0,-3.3641696,0.07574792951345444,0.4311594069004059,0.5260869860649109
YIL034C,YMR194W,0,-3.3643966,0.07569974660873413,0.4311594069004059,0.5264492630958557
YCR098C,YNL073W,0,-3.3645334,0.0756516233086586,0.4311594069004059,0.5268115997314453
YHR050W,YJL033W,0,-3.365542,0.07560355961322784,0.4311594069004059,0.5271739363670349
YPR103W,YLR116W,0,-3.3658884,0.07555555552244186,0.4311594069004059,0.5275362133979797
YNL271C,YEL029C,0,-3.3670425,0.07550761103630066,0.4311594069004059,0.5278985500335693
YBL017C,YPR041W,0,-3.3675272,0.07545973360538483,0.4311594069004059,0.5282608866691589
YLL011W,YOR244W,0,-3.3677864,0.07541191577911377,0.4311594069004059,0.5286231637001038
YOR171C,YER098W,0,-3.368557,0.07536415755748749,0.4311594069004059,0.5289855003356934
YGL181W,YGL211W,0,-3.3691635,0.07531645894050598,0.4311594069004059,0.529347836971283
YBR084C-A,YOR231W,0,-3.3692982,0.07526881992816925,0.4311594069004059,0.5297101736068726
YKR103W,YKR056W,0,-3.3693533,0.0752212405204773,0.4311594069004059,0.5300724506378174
YNR016C,YPL181W,0,-3.3698134,0.07517372071743011,0.4311594069004059,0.530434787273407
YBL084C,YDR197W,0,-3.370662,0.07512626051902771,0.4311594069004059,0.5307971239089966
YDR085C,YOL065C,0,-3.3716192,0.07507886737585068,0.4311594069004059,0.5311594009399414
YJL170C,YDR405W,0,-3.3738792,0.07503152638673782,0.4311594069004059,0.531521737575531
YJL005W,YPL237W,0,-3.374268,0.07498424500226974,0.4311594069004059,0.5318840742111206
YML081C-A,YML066C,0,-3.375874,0.07493703067302704,0.4311594069004059,0.5322463512420654
YPR066W,YKL086W,0,-3.3779402,0.07488986849784851,0.4311594069004059,0.532608687877655
YLL050C,YJR036C,0,-3.3788486,0.07484276592731476,0.4311594069004059,0.5329710245132446
YFR042W,YBL091C-A,0,-3.3833008,0.07479572296142578,0.4311594069004059,0.5333333611488342
YLR138W,YDR046C,0,-3.383463,0.07474874705076218,0.4311594069004059,0.533695638179779
YDR440W,YOR288C,0,-3.3852396,0.07470182329416275,0.4311594069004059,0.5340579748153687
YMR100W,YKL084W,0,-3.3856788,0.0746549591422081,0.4311594069004059,0.5344203114509583
YOR303W,YLR153C,0,-3.386116,0.07460814714431763,0.4311594069004059,0.5347825884819031
YER117W,YFL048C,0,-3.3866434,0.07456140220165253,0.4311594069004059,0.5351449251174927
YDL142C,YLR130C,0,-3.386718,0.0745147168636322,0.4311594069004059,0.5355072617530823
YHR102W,YLR389C,0,-3.3882523,0.07446808367967606,0.4311594069004059,0.5358695387840271
YLR242C,YDL019C,1,-3.3886256,0.07504690438508987,0.43478259444236755,0.5358695387840271
YBR236C,YKL109W,0,-3.3893745,0.07500000298023224,0.43478259444236755,0.5362318754196167
YNL192W,YKL010C,0,-3.3893893,0.07495315372943878,0.43478259444236755,0.5365942120552063
YKR013W,YDL178W,0,-3.390882,0.0749063640832901,0.43478259444236755,0.5369565486907959
YJL157C,YLR084C,0,-3.3927956,0.07485964149236679,0.43478259444236755,0.5373188257217407
YKL007W,YMR145C,0,-3.3939314,0.07481297105550766,0.43478259444236755,0.5376811623573303
YGL175C,YBL057C,0,-3.394485,0.07476635277271271,0.43478259444236755,0.5380434989929199
YJL155C,YJR092W,0,-3.3956084,0.07471980154514313,0.43478259444236755,0.5384057760238647
YBR030W,YHR152W,0,-3.398017,0.07467330247163773,0.43478259444236755,0.5387681126594543
YEL059C-A,YHR117W,0,-3.3995004,0.0746268630027771,0.43478259444236755,0.539130449295044
YGR234W,YGR104C,0,-3.3997636,0.07458048313856125,0.43478259444236755,0.5394927263259888
YKR030W,YML052W,0,-3.4028091,0.07453416287899017,0.43478259444236755,0.5398550629615784
YKL064W,YOL041C,0,-3.4031868,0.07448789477348328,0.43478259444236755,0.540217399597168
YBR088C,YDR294C,0,-3.403711,0.07444168627262115,0.43478259444236755,0.5405797362327576
YDL146W,YML104C,0,-3.405015,0.07439553737640381,0.43478259444236755,0.5409420132637024
YGR163W,YJL080C,0,-3.4076424,0.07434944063425064,0.43478259444236755,0.541304349899292
YOL120C,YMR109W,0,-3.4083295,0.07430340349674225,0.43478259444236755,0.5416666865348816
YNL262W,YKL173W,0,-3.4097757,0.07425742596387863,0.43478259444236755,0.5420289635658264
YDL007W,YPL042C,0,-3.4119067,0.0742115005850792,0.43478259444236755,0.542391300201416
YDR211W,YER111C,0,-3.4127784,0.07416563481092453,0.43478259444236755,0.5427536368370056
YOR315W,YCR042C,0,-3.4128304,0.07411982864141464,0.43478259444236755,0.5431159138679504
YOR075W,YPL086C,0,-3.4158242,0.07407407462596893,0.43478259444236755,0.54347825050354
YHR134W,YNL192W,0,-3.41781,0.074028380215168,0.43478259444236755,0.5438405871391296
YJL050W,YMR054W,0,-3.4187202,0.07398273795843124,0.43478259444236755,0.5442029237747192
YJR063W,YNL107W,0,-3.4191375,0.07393715530633926,0.43478259444236755,0.5445652008056641
YNL185C,YGR087C,0,-3.4201517,0.07389162480831146,0.43478259444236755,0.5449275374412537
YML008C,YLR066W,0,-3.420784,0.07384615391492844,0.43478259444236755,0.5452898740768433
YIL065C,YER089C,0,-3.4214346,0.07380073517560959,0.43478259444236755,0.5456521511077881
YPL154C,YML036W,0,-3.4225736,0.07375537604093552,0.43478259444236755,0.5460144877433777
YJL177W,YBR145W,0,-3.4231572,0.07371007651090622,0.43478259444236755,0.5463768243789673
YIR037W,YLR264W,0,-3.4231575,0.0736648216843605,0.43478259444236755,0.5467391014099121
YGL122C,YIL150C,0,-3.4256928,0.07361963391304016,0.43478259444236755,0.5471014380455017
YPL124W,YDR170C,0,-3.4262464,0.0735744908452034,0.43478259444236755,0.5474637746810913
YPR030W,YLR174W,0,-3.4264932,0.07352941483259201,0.43478259444236755,0.5478261113166809
YBR088C,YPL226W,0,-3.4272313,0.0734843835234642,0.43478259444236755,0.5481883883476257
YKR067W,YBR258C,0,-3.4280615,0.07343941181898117,0.43478259444236755,0.5485507249832153
YDR532C,YOL123W,0,-3.4318633,0.07339449226856232,0.43478259444236755,0.5489130616188049
YNL323W,YPL147W,1,-3.4331226,0.07396087795495987,0.4384058117866516,0.5489130616188049
YPR156C,YMR142C,0,-3.4331913,0.07391569763422012,0.4384058117866516,0.5492753386497498
YKL092C,YKR019C,0,-3.4344828,0.07387057691812515,0.4384058117866516,0.5496376752853394
YGR037C,YPL147W,1,-3.4345698,0.07443562895059586,0.4420289993286133,0.5496376752853394
YOR010C,YGL207W,0,-3.4345973,0.07439024746417999,0.4420289993286133,0.550000011920929
YJL145W,YGL162W,1,-3.4386103,0.07495429366827011,0.44565218687057495,0.550000011920929
YDR194C,YER162C,0,-3.4398022,0.07490865141153336,0.44565218687057495,0.5503623485565186
YDL161W,YDR324C,0,-3.4401941,0.07486305385828018,0.44565218687057495,0.5507246255874634
YGL224C,YOL146W,0,-3.4414456,0.07481751590967178,0.44565218687057495,0.551086962223053
YOL004W,YMR184W,0,-3.4446423,0.07477203756570816,0.44565218687057495,0.5514492988586426
YDR184C,YGL245W,0,-3.4453633,0.07472661137580872,0.44565218687057495,0.5518115758895874
YLR144C,YGL249W,0,-3.4482207,0.07468123733997345,0.44565218687057495,0.552173912525177
YPL134C,YMR052W,0,-3.4492004,0.07463592290878296,0.44565218687057495,0.5525362491607666
YIL046W,YER045C,0,-3.449656,0.07459066063165665,0.44565218687057495,0.5528985261917114
YLR380W,YOR237W,1,-3.451717,0.07515151798725128,0.4492753744125366,0.5528985261917114
YER165W,YGL125W,0,-3.45323,0.07510599493980408,0.4492753744125366,0.553260862827301
YOR303W,YDL245C,0,-3.4541626,0.07506053149700165,0.4492753744125366,0.5536231994628906
YKR024C,YPL143W,0,-3.4550958,0.075015127658844,0.4492753744125366,0.5539855360984802
YPL249C-A,YGL191W,0,-3.4557846,0.07496976852416992,0.4492753744125366,0.554347813129425
YER125W,YEL026W,0,-3.4603136,0.07492446899414062,0.4492753744125366,0.5547101497650146
YGL181W,YML028W,0,-3.4618745,0.0748792290687561,0.4492753744125366,0.5550724864006042
YLR287C-A,YKL190W,0,-3.4619465,0.07483403384685516,0.4492753744125366,0.5554347634315491
YDR369C,YHL034C,0,-3.4640064,0.0747889056801796,0.4492753744125366,0.5557971000671387
YML015C,YDR059C,0,-3.464058,0.07474382221698761,0.4492753744125366,0.5561594367027283
YJR113C,YOR116C,0,-3.4689991,0.0746987983584404,0.4492753744125366,0.5565217137336731
YJR135W-A,YGR286C,0,-3.4702802,0.07465382665395737,0.4492753744125366,0.5568840503692627
YBR041W,YPR009W,1,-3.4734497,0.0752105861902237,0.4528985619544983,0.5568840503692627
YCR012W,YIR018W,0,-3.4737191,0.07516536116600037,0.4528985619544983,0.5572463870048523
YIR036C,YDR314C,0,-3.4745808,0.07512019574642181,0.4528985619544983,0.5576087236404419
YIL046W,YDL110C,0,-3.4750261,0.07507507503032684,0.4528985619544983,0.5579710006713867
YBR006W,YGL044C,0,-3.477889,0.07503001391887665,0.4528985619544983,0.5583333373069763
YPL268W,YPL082C,0,-3.4789045,0.07498500496149063,0.4528985619544983,0.5586956739425659
YNL257C,YIL066C,0,-3.4793553,0.07494004815816879,0.4528985619544983,0.5590579509735107
YHR058C,YDR524C,0,-3.480505,0.07489514350891113,0.4528985619544983,0.5594202876091003
YBR087W,YDR418W,0,-3.4821362,0.07485029846429825,0.4528985619544983,0.5597826242446899
YDL108W,YJL100W,0,-3.4852638,0.07480550557374954,0.4528985619544983,0.5601449012756348
YDL007W,YIL159W,0,-3.486247,0.07476076483726501,0.4528985619544983,0.5605072379112244
YER169W,YOR116C,0,-3.4868894,0.07471607625484467,0.4528985619544983,0.560869574546814
YBR009C,YPR190C,0,-3.4871342,0.07467144727706909,0.4528985619544983,0.5612319111824036
YPL167C,YLL009C,0,-3.4878712,0.0746268630027771,0.4528985619544983,0.5615941882133484
YEL059C-A,YJL033W,0,-3.4895287,0.07458233833312988,0.4528985619544983,0.561956524848938
YOR388C,YDL030W,0,-3.4897883,0.07453786581754684,0.4528985619544983,0.5623188614845276
YLR079W,YHR187W,0,-3.490443,0.07449344545602798,0.4528985619544983,0.5626811385154724
YER083C,YMR217W,0,-3.4926035,0.0744490772485733,0.4528985619544983,0.563043475151062
YGR152C,YGR257C,0,-3.4941716,0.0744047611951828,0.4528985619544983,0.5634058117866516
YGL227W,YER054C,0,-3.5030541,0.07436049729585648,0.4528985619544983,0.5637680888175964
YOR003W,YDR339C,0,-3.5034235,0.07431629300117493,0.4528985619544983,0.564130425453186
YLR404W,YOL080C,0,-3.504005,0.07427213340997696,0.4528985619544983,0.5644927620887756
YJL145W,YPR009W,1,-3.5064945,0.0748218521475792,0.45652174949645996,0.5644927620887756
YOL041C,YBL102W,0,-3.50851,0.07477744668722153,0.45652174949645996,0.5648550987243652
YJR007W,YNL077W,0,-3.509224,0.07473309338092804,0.45652174949645996,0.5652173757553101
YKL012W,YDR147W,0,-3.5099692,0.07468879967927933,0.45652174949645996,0.5655797123908997
YOL010W,YLR191W,0,-3.5108523,0.0746445506811142,0.45652174949645996,0.5659420490264893
YBR243C,YGR189C,0,-3.5112064,0.07460035383701324,0.45652174949645996,0.5663043260574341
YGL253W,YLR332W,0,-3.5118818,0.07455621659755707,0.45652174949645996,0.5666666626930237
YMR300C,YPL029W,0,-3.515223,0.07451212406158447,0.45652174949645996,0.5670289993286133
YPL124W,YML066C,0,-3.5154843,0.07446808367967606,0.45652174949645996,0.5673912763595581
YGL035C,YPR165W,0,-3.5166335,0.07442410290241241,0.45652174949645996,0.5677536129951477
YGL186C,YOR327C,0,-3.5171456,0.07438016682863235,0.45652174949645996,0.5681159496307373
YJL024C,YER052C,0,-3.518992,0.07433628290891647,0.45652174949645996,0.5684782862663269
YMR005W,YER001W,0,-3.5199895,0.07429245114326477,0.45652174949645996,0.5688405632972717
YCL052C,YNL259C,0,-3.5200095,0.07424867153167725,0.45652174949645996,0.5692028999328613
YPL181W,YLL012W,0,-3.5202432,0.0742049440741539,0.45652174949645996,0.5695652365684509
YIR036C,YBL026W,0,-3.5205495,0.07416126877069473,0.45652174949645996,0.5699275135993958
YLR242C,YHR001W,1,-3.5205884,0.07470588386058807,0.46014493703842163,0.5699275135993958
YCR094W,YJL145W,1,-3.5214849,0.07524985074996948,0.4637681245803833,0.5699275135993958
YEL059C-A,YJR045C,0,-3.521661,0.07520563900470734,0.4637681245803833,0.5702898502349854
YPL072W,YBR171W,0,-3.522172,0.07516147941350937,0.4637681245803833,0.570652186870575
YLR242C,YPL147W,1,-3.5234246,0.07570422440767288,0.46739131212234497,0.570652186870575
YDR231C,YDR351W,0,-3.5237627,0.07565982639789581,0.46739131212234497,0.5710144639015198
YHL002W,YMR038C,0,-3.5241559,0.07561547309160233,0.46739131212234497,0.5713768005371094
YCL069W,YJR066W,0,-3.5255873,0.07557117938995361,0.46739131212234497,0.571739137172699
YKL213C,YIR018W,0,-3.526331,0.07552693039178848,0.46739131212234497,0.5721014738082886
YEL011W,YLR097C,0,-3.527833,0.07548274099826813,0.46739131212234497,0.5724637508392334
YDR346C,YHR086W,0,-3.5285249,0.07543859630823135,0.46739131212234497,0.572826087474823
YPR167C,YBR004C,0,-3.5308907,0.07539450377225876,0.46739131212234497,0.5731884241104126
YJL082W,YNL258C,0,-3.5340886,0.07535047084093094,0.46739131212234497,0.5735507011413574
YDL010W,YJL221C,0,-3.536013,0.0753064826130867,0.46739131212234497,0.573913037776947
YKL009W,YBL030C,0,-3.536499,0.07526254653930664,0.46739131212234497,0.5742753744125366
YNL186W,YKL154W,0,-3.538392,0.07521865516901016,0.46739131212234497,0.5746376514434814
YDR236C,YGR113W,0,-3.5400796,0.07517482340335846,0.46739131212234497,0.574999988079071
YDR436W,YMR024W,0,-3.5410805,0.07513104379177094,0.46739131212234497,0.5753623247146606
YBL082C,YBR129C,0,-3.5431013,0.07508730888366699,0.46739131212234497,0.5757246613502502
YGR249W,YEL052W,0,-3.5439918,0.07504363358020782,0.46739131212234497,0.5760869383811951
YLR066W,YDR113C,0,-3.5442548,0.07500000298023224,0.46739131212234497,0.5764492750167847
YMR214W,YDR363W-A,0,-3.5460076,0.07495641708374023,0.46739131212234497,0.5768116116523743
YHR065C,YOL004W,0,-3.546377,0.074912890791893,0.46739131212234497,0.5771738886833191
YNR044W,YER090W,0,-3.548895,0.07486941665410995,0.46739131212234497,0.5775362253189087
YIL072W,YDR363W-A,0,-3.5490222,0.07482598721981049,0.46739131212234497,0.5778985619544983
YGR106C,YDR195W,0,-3.551128,0.0747826099395752,0.46739131212234497,0.5782608985900879
YJL044C,YBR296C,0,-3.553582,0.07473928481340408,0.46739131212234497,0.5786231756210327
YHR018C,YML038C,0,-3.554789,0.07469600439071655,0.46739131212234497,0.5789855122566223
YDR519W,YBR132C,0,-3.5553794,0.0746527761220932,0.46739131212234497,0.5793478488922119
YDR443C,YLR221C,0,-3.5559952,0.07460960000753403,0.46739131212234497,0.5797101259231567
YGL249W,YOL067C,0,-3.5563788,0.07456647604703903,0.46739131212234497,0.5800724625587463
YOR047C,YDR173C,0,-3.5572686,0.07452339679002762,0.46739131212234497,0.5804347991943359
YKL221W,YML111W,0,-3.5628352,0.07448036968708038,0.46739131212234497,0.5807970762252808
YNL124W,YDL084W,0,-3.563166,0.07443739473819733,0.46739131212234497,0.5811594128608704
YGR084C,YOR312C,0,-3.565093,0.07439446449279785,0.46739131212234497,0.58152174949646
YOR381W,YLR389C,0,-3.5663571,0.07435158640146255,0.46739131212234497,0.5818840861320496
YMR079W,YMR246W,1,-3.5664918,0.074884794652462,0.47101449966430664,0.5818840861320496
YKR065C,YDR383C,0,-3.5676901,0.07484167814254761,0.47101449966430664,0.5822463631629944
YHR056C,YER055C,0,-3.5689306,0.07479862123727798,0.47101449966430664,0.582608699798584
YPR103W,YHR211W,0,-3.5708714,0.07475560903549194,0.47101449966430664,0.5829710364341736
YPL256C,YPL096W,0,-3.5717633,0.07471264153718948,0.47101449966430664,0.5833333134651184
YHR063C,YPL181W,0,-3.5743136,0.0746697336435318,0.47101449966430664,0.583695650100708
YLR206W,YDR449C,0,-3.5753117,0.0746268630027771,0.47101449966430664,0.5840579867362976
YKL119C,YNR012W,0,-3.5756729,0.07458405196666718,0.47101449966430664,0.5844202637672424
YBL022C,YFR008W,0,-3.576317,0.07454128563404083,0.47101449966430664,0.584782600402832
YLR372W,YGR231C,0,-3.5777864,0.07449856400489807,0.47101449966430664,0.5851449370384216
YNL071W,YBR297W,0,-3.5786266,0.07445590198040009,0.47101449966430664,0.5855072736740112
YOR384W,YDR453C,0,-3.5850573,0.07441327720880508,0.47101449966430664,0.585869550704956
YKL127W,YBR058C,0,-3.5861518,0.07437071204185486,0.47101449966430664,0.5862318873405457
YLR121C,YPL194W,0,-3.5869353,0.07432818412780762,0.47101449966430664,0.5865942239761353
YNL230C,YDR205W,0,-3.5881667,0.07428571581840515,0.47101449966430664,0.5869565010070801
YPL195W,YIL110W,0,-3.592334,0.07424329221248627,0.47101449966430664,0.5873188376426697
YIL009C-A,YKR071C,0,-3.5924656,0.07420091331005096,0.47101449966430664,0.5876811742782593
YDR267C,YKL086W,0,-3.5948405,0.07415858656167984,0.47101449966430664,0.5880434513092041
YGR284C,YBR296C,0,-3.5951385,0.0741163045167923,0.47101449966430664,0.5884057879447937
YGL113W,YBR158W,0,-3.5957327,0.07407407462596893,0.47101449966430664,0.5887681245803833
YKR013W,YIL049W,0,-3.5981581,0.07403188943862915,0.47101449966430664,0.5891304612159729
YLR089C,YHR187W,0,-3.5992568,0.07398975640535355,0.47101449966430664,0.5894927382469177
YBL105C,YPR124W,0,-3.6000242,0.07394766807556152,0.47101449966430664,0.5898550748825073
YDR191W,YGL136C,0,-3.6007812,0.07390563189983368,0.47101449966430664,0.5902174115180969
YOL068C,YNR011C,0,-3.6024435,0.07386363297700882,0.47101449966430664,0.5905796885490417
YGR034W,YDR400W,0,-3.603301,0.07382169365882874,0.47101449966430664,0.5909420251846313
YLR275W,YFR037C,0,-3.6036727,0.07377979904413223,0.47101449966430664,0.591304361820221
YGR089W,YBR133C,0,-3.6040163,0.07373794913291931,0.47101449966430664,0.5916666388511658
YOR288C,YPR094W,0,-3.6046748,0.07369614392518997,0.47101449966430664,0.5920289754867554
YER035W,YDL141W,0,-3.6050725,0.07365439087152481,0.47101449966430664,0.592391312122345
YMR014W,YPR118W,0,-3.610342,0.07361268252134323,0.47101449966430664,0.5927536487579346
YGR092W,YNL206C,0,-3.612843,0.07357102632522583,0.47101449966430664,0.5931159257888794
YER145C,YLR449W,0,-3.6143441,0.07352941483259201,0.47101449966430664,0.593478262424469
YBR041W,YMR162C,1,-3.6170568,0.07405313849449158,0.4746376872062683,0.593478262424469
YGL162W,YER166W,1,-3.6174328,0.07457627356052399,0.47826087474823,0.593478262424469
YKL217W,YDR267C,0,-3.6177483,0.07453416287899017,0.47826087474823,0.5938405990600586
YGL249W,YER039C,0,-3.6192942,0.07449209690093994,0.47826087474823,0.5942028760910034
YIL047C,YKL021C,0,-3.619333,0.07445008307695389,0.47826087474823,0.594565212726593
YHL032C,YKL008C,0,-3.6195288,0.07440811395645142,0.47826087474823,0.5949275493621826
YMR306W,YPR048W,0,-3.6206071,0.07436619699001312,0.47826087474823,0.5952898263931274
YLR286C,YCL043C,0,-3.621368,0.07432432472705841,0.47826087474823,0.595652163028717
YLR138W,YGL225W,0,-3.621904,0.07428249716758728,0.47826087474823,0.5960144996643066
YJL115W,YML116W,0,-3.623046,0.07424072176218033,0.47826087474823,0.5963768362998962
YHR135C,YPL265W,0,-3.6244755,0.07419899106025696,0.47826087474823,0.5967391133308411
YER172C,YPL228W,0,-3.6249762,0.07415730506181717,0.47826087474823,0.5971014499664307
YMR168C,YHR119W,0,-3.6267467,0.07411566376686096,0.47826087474823,0.5974637866020203
YCL010C,YHR186C,0,-3.6275153,0.07407407462596893,0.47826087474823,0.5978260636329651
YLL029W,YLR174W,0,-3.6280298,0.07403253018856049,0.47826087474823,0.5981884002685547
YOR303W,YDR392W,0,-3.6281228,0.07399103045463562,0.47826087474823,0.5985507369041443
YOL005C,YDR228C,0,-3.6288497,0.07394958287477493,0.47826087474823,0.5989130139350891
YLR242C,YPR009W,1,-3.630555,0.07446808367967606,0.48188406229019165,0.5989130139350891
YBR115C,YMR139W,0,-3.632009,0.07442641258239746,0.48188406229019165,0.5992753505706787
YDL112W,YDL080C,0,-3.634713,0.07438478618860245,0.48188406229019165,0.5996376872062683
YGR154C,YOR354C,0,-3.6349611,0.07434321194887161,0.48188406229019165,0.6000000238418579
YKL038W,YHR168W,0,-3.6356544,0.07430167496204376,0.48188406229019165,0.6003623008728027
YKL148C,YER018C,0,-3.636258,0.07426019012928009,0.48188406229019165,0.6007246375083923
YML099C,YNL075W,0,-3.6371405,0.07421875,0.48188406229019165,0.6010869741439819
YDR099W,YNR072W,0,-3.6372762,0.07417735457420349,0.48188406229019165,0.6014492511749268
YOL068C,YLR043C,0,-3.6377497,0.07413601130247116,0.48188406229019165,0.6018115878105164
YGR037C,YNL323W,1,-3.6383464,0.0746518075466156,0.4855072498321533,0.6018115878105164
YOL108C,YOR361C,0,-3.6390643,0.07461024820804596,0.4855072498321533,0.602173924446106
YLR154C,YBR280C,0,-3.6391509,0.0745687261223793,0.4855072498321533,0.6025362610816956
YLL038C,YKL117W,0,-3.642841,0.07452725619077682,0.4855072498321533,0.6028985381126404
YCL010C,YML009C,0,-3.6432424,0.07448582351207733,0.4855072498321533,0.60326087474823
YMR292W,YKL101W,0,-3.6463857,0.07444444298744202,0.4855072498321533,0.6036232113838196
YML006C,YDR086C,0,-3.6482692,0.07440310716629028,0.4855072498321533,0.6039854884147644
YLR183C,YDR228C,0,-3.650103,0.07436182349920273,0.4855072498321533,0.604347825050354
YMR306W,YJR160C,0,-3.650402,0.07432057708501816,0.4855072498321533,0.6047101616859436
YOR381W,YDL188C,0,-3.650611,0.07427938282489777,0.4855072498321533,0.6050724387168884
YDR242W,YML007W,0,-3.6513166,0.07423822581768036,0.4855072498321533,0.605434775352478
YPL211W,YNL220W,0,-3.652114,0.07419712096452713,0.4855072498321533,0.6057971119880676
YKL188C,YDR093W,1,-3.6534867,0.0747094601392746,0.489130437374115,0.6057971119880676
YGR155W,YGL131C,0,-3.6546965,0.07466813921928406,0.489130437374115,0.6061594486236572
YGR135W,YIL136W,0,-3.6556892,0.0746268630027771,0.489130437374115,0.606521725654602
YGL013C,YNL147W,0,-3.655877,0.07458563894033432,0.489130437374115,0.6068840622901917
YGR188C,YGR075C,0,-3.6560712,0.07454445213079453,0.489130437374115,0.6072463989257812
YJL014W,YCR073C,0,-3.6570868,0.07450331002473831,0.489130437374115,0.6076086759567261
YGR162W,YMR197C,0,-3.6572185,0.07446222007274628,0.489130437374115,0.6079710125923157
YOR150W,YHR172W,0,-3.6583142,0.07442116737365723,0.489130437374115,0.6083333492279053
YCR094W,YKL188C,1,-3.658381,0.07493112981319427,0.49275362491607666,0.6083333492279053
YGL253W,YML036W,0,-3.6608686,0.07488986849784851,0.49275362491607666,0.6086956262588501
YPL252C,YIL049W,0,-3.6609569,0.07484865188598633,0.49275362491607666,0.6090579628944397
YOR202W,YGL065C,0,-3.6632075,0.07480747997760773,0.49275362491607666,0.6094202995300293
YJR095W,YJR006W,0,-3.6639876,0.07476635277271271,0.49275362491607666,0.6097826361656189
YGR123C,YOR043W,0,-3.6647224,0.07472527772188187,0.49275362491607666,0.6101449131965637
YLL029W,YCR028C,0,-3.665256,0.07468423992395401,0.49275362491607666,0.6105072498321533
YPR144C,YKR008W,0,-3.6683164,0.07464324682950974,0.49275362491607666,0.6108695864677429
YMR208W,YDR356W,0,-3.668443,0.07460230588912964,0.49275362491607666,0.6112318634986877
YDR322W,YFL055W,0,-3.6707928,0.07456140220165253,0.49275362491607666,0.6115942001342773
YML069W,YLR157C,0,-3.671851,0.0745205506682396,0.49275362491607666,0.6119565367698669
YGR029W,YLR406C,0,-3.672942,0.07447973638772964,0.49275362491607666,0.6123188138008118
YOR221C,YCR083W,0,-3.6730812,0.07443897426128387,0.49275362491607666,0.6126811504364014
YKR098C,YHR168W,0,-3.6735172,0.07439824938774109,0.49275362491607666,0.613043487071991
YEL059C-A,YER112W,0,-3.6761568,0.07435756921768188,0.49275362491607666,0.6134058237075806
YHR028C,YOR084W,0,-3.676942,0.07431694120168686,0.49275362491607666,0.6137681007385254
YNL254C,YGR090W,0,-3.6778278,0.07427635043859482,0.49275362491607666,0.614130437374115
YGR070W,YPL129W,0,-3.6787517,0.07423580437898636,0.49275362491607666,0.6144927740097046
YGR246C,YKR036C,0,-3.6813762,0.07419531047344208,0.49275362491607666,0.6148550510406494
YMR079W,YPL147W,1,-3.6835444,0.07470010966062546,0.49637681245803833,0.6148550510406494
YCL030C,YHR030C,0,-3.6837249,0.07465939968824387,0.49637681245803833,0.615217387676239
YBR004C,YOR084W,0,-3.6895306,0.07461873441934586,0.49637681245803833,0.6155797243118286
YJL092W,YOR074C,0,-3.690865,0.07457811385393143,0.49637681245803833,0.6159420013427734
YOR155C,YDR311W,0,-3.690971,0.07453753799200058,0.49637681245803833,0.616304337978363
YNL202W,YDR117C,0,-3.6916304,0.07449700683355331,0.49637681245803833,0.6166666746139526
YDR324C,YMR024W,0,-3.6940484,0.07445652037858963,0.49637681245803833,0.6170290112495422
YPR183W,YDR354W,0,-3.6950755,0.07441607862710953,0.49637681245803833,0.6173912882804871
YDR014W,YCR004C,0,-3.699272,0.074375681579113,0.49637681245803833,0.6177536249160767
YGR037C,YKL188C,1,-3.699345,0.07487791776657104,0.5,0.6177536249160767
YDL010W,YDR113C,0,-3.6996448,0.07483731210231781,0.5,0.6181159615516663
YGL166W,YMR117C,0,-3.7009828,0.07479675114154816,0.5,0.6184782385826111
YDR270W,YLR034C,0,-3.7035863,0.07475622743368149,0.5,0.6188405752182007
YNL229C,YMR135C,0,-3.7040164,0.074715755879879,0.5,0.6192029118537903
YJL159W,YPR163C,0,-3.704565,0.07467532157897949,0.5,0.6195651888847351
YLR028C,YNL242W,0,-3.7052689,0.07463493943214417,0.5,0.6199275255203247
YDR324C,YDR298C,0,-3.7053661,0.07459459453821182,0.5,0.6202898621559143
YDL103C,YBR118W,0,-3.7075691,0.07455429434776306,0.5,0.6206521987915039
YOL125W,YPR152C,0,-3.7092535,0.07451403886079788,0.5,0.6210144758224487
YJR040W,YGL236C,0,-3.709285,0.07447382807731628,0.5,0.6213768124580383
YBR006W,YNL219C,0,-3.7100325,0.07443365454673767,0.5,0.6217391490936279
YLR380W,YJL145W,1,-3.7102013,0.07493261247873306,0.5036231875419617,0.6217391490936279
YPR073C,YOL130W,0,-3.71035,0.07489223778247833,0.5036231875419617,0.6221014261245728
YGL004C,YDR171W,0,-3.7104807,0.07485191524028778,0.5036231875419617,0.6224637627601624
YOL016C,YOR080W,0,-3.711053,0.07481162250041962,0.5036231875419617,0.622826099395752
YGL131C,YNL275W,0,-3.7116654,0.07477138191461563,0.5036231875419617,0.6231883764266968
YDL019C,YJL145W,1,-3.712241,0.07526881992816925,0.5072463750839233,0.6231883764266968
YBR106W,YLR165C,0,-3.7127767,0.07522837072610855,0.5072463750839233,0.6235507130622864
YKL154W,YBL034C,0,-3.7144625,0.07518796622753143,0.5072463750839233,0.623913049697876
YML129C,YER054C,0,-3.7147794,0.0751476138830185,0.5072463750839233,0.6242753863334656
YLR242C,YDR093W,1,-3.715256,0.07564377784729004,0.510869562625885,0.6242753863334656
YMR238W,YHR002W,0,-3.7153697,0.07560321688652039,0.510869562625885,0.6246376633644104
YDR477W,YGR128C,0,-3.71641,0.07556270062923431,0.510869562625885,0.625
YPR133W-A,YER089C,0,-3.716496,0.07552222907543182,0.510869562625885,0.6253623366355896
YKL028W,YKL084W,0,-3.7167406,0.07548180222511292,0.510869562625885,0.6257246136665344
YJL145W,YER166W,1,-3.7186766,0.07597646117210388,0.5144927501678467,0.6257246136665344
YLR453C,YJL164C,0,-3.7188816,0.07593582570552826,0.5144927501678467,0.626086950302124
YNL315C,YNL301C,0,-3.718988,0.07589524239301682,0.5144927501678467,0.6264492869377136
YML125C,YDR205W,0,-3.7199283,0.07585470378398895,0.5144927501678467,0.6268116235733032
YNL264C,YPL147W,1,-3.7204561,0.07634810358285904,0.5181159377098083,0.6268116235733032
YDL107W,YBR040W,0,-3.7264538,0.07630736380815506,0.5181159377098083,0.627173900604248
YKL188C,YNL264C,1,-3.727703,0.07680000364780426,0.52173912525177,0.627173900604248
YMR306W,YGL150C,0,-3.7277536,0.07675906270742416,0.52173912525177,0.6275362372398376
YBR009C,YJR002W,0,-3.7299623,0.07671816647052765,0.52173912525177,0.6278985738754272
YEL034W,YLR439W,0,-3.732237,0.07667731493711472,0.52173912525177,0.6282608509063721
YOR233W,YDR405W,0,-3.7323582,0.07663650810718536,0.52173912525177,0.6286231875419617
YBR004C,YGL051W,0,-3.733321,0.0765957459807396,0.52173912525177,0.6289855241775513
YDR219C,YKL174C,0,-3.7336247,0.07655502110719681,0.52173912525177,0.6293478012084961
YML115C,YPR186C,0,-3.7353046,0.0765143483877182,0.52173912525177,0.6297101378440857
YDL246C,YER113C,0,-3.7381306,0.07647371292114258,0.52173912525177,0.6300724744796753
YER086W,YDR530C,0,-3.739186,0.07643312215805054,0.52173912525177,0.6304348111152649
YDL045W-A,YCR024C-A,0,-3.739438,0.07639257609844208,0.52173912525177,0.6307970881462097
YLR022C,YLR120C,0,-3.7429438,0.0763520672917366,0.52173912525177,0.6311594247817993
YHL004W,YLL003W,0,-3.7436428,0.07631160318851471,0.52173912525177,0.6315217614173889
YER119C,YMR071C,0,-3.743812,0.0762711837887764,0.52173912525177,0.6318840384483337
YFL016C,YNL073W,0,-3.7458005,0.07623080909252167,0.52173912525177,0.6322463750839233
YOR130C,YJR121W,0,-3.7464724,0.07619047909975052,0.52173912525177,0.6326087117195129
YNL212W,YMR218C,0,-3.7468054,0.07615018635988235,0.52173912525177,0.6329709887504578
YJL145W,YNL264C,1,-3.7478156,0.07663847506046295,0.5253623127937317,0.6329709887504578
YDR206W,YDL214C,0,-3.7488384,0.07659799605607986,0.5253623127937317,0.6333333253860474
YJL062W,YOL067C,0,-3.749281,0.07655754685401917,0.5253623127937317,0.633695662021637
YNR046W,YLR206W,0,-3.7509565,0.07651714980602264,0.5253623127937317,0.6340579986572266
YGR246C,YDL141W,0,-3.7518888,0.07647679001092911,0.5253623127937317,0.6344202756881714
YPR137W,YGR014W,0,-3.7524166,0.07643648236989975,0.5253623127937317,0.634782612323761
YOL056W,YLR448W,0,-3.7541976,0.07639620453119278,0.5253623127937317,0.6351449489593506
YOR375C,YLR403W,0,-3.7544346,0.07635597884654999,0.5253623127937317,0.6355072259902954
YCL032W,YKL008C,0,-3.755648,0.07631579041481018,0.5253623127937317,0.635869562625885
YKL021C,YGR028W,0,-3.7560494,0.07627564668655396,0.5253623127937317,0.6362318992614746
YIL090W,YFL045C,0,-3.7572336,0.07623554021120071,0.5253623127937317,0.6365941762924194
YMR079W,YLR242C,1,-3.7575083,0.07672096788883209,0.5289855003356934,0.6365941762924194
YKL154W,YFL045C,0,-3.7602677,0.07668067514896393,0.5289855003356934,0.636956512928009
YGR169C,YGL033W,0,-3.7608905,0.07664041966199875,0.5289855003356934,0.6373188495635986
YJR125C,YDR460W,0,-3.7609792,0.07660020887851715,0.5289855003356934,0.6376811861991882
YJL006C,YGL065C,0,-3.7617269,0.07656004279851913,0.5289855003356934,0.6380434632301331
YGL113W,YPL252C,0,-3.7627628,0.0765199139714241,0.5289855003356934,0.6384057998657227
YCR094W,YGL162W,1,-3.7652206,0.07700366526842117,0.532608687877655,0.6384057998657227
YNR026C,YNL072W,0,-3.7660463,0.07696335017681122,0.532608687877655,0.6387681365013123
YCR047C,YKL175W,0,-3.770978,0.07692307978868484,0.532608687877655,0.6391304135322571
YLL010C,YCL050C,0,-3.7712376,0.07688284665346146,0.532608687877655,0.6394927501678467
YGL095C,YKL209C,0,-3.7731318,0.07684265822172165,0.532608687877655,0.6398550868034363
YLR452C,YKR037C,0,-3.7732015,0.07680250704288483,0.532608687877655,0.6402173638343811
YMR289W,YGL237C,0,-3.7753716,0.07676240056753159,0.532608687877655,0.6405797004699707
YMR033W,YLR176C,0,-3.7768764,0.07672233879566193,0.532608687877655,0.6409420371055603
YDR031W,YOR288C,0,-3.779409,0.07668231427669525,0.532608687877655,0.6413043737411499
YIL040W,YNR011C,0,-3.782585,0.07664233446121216,0.532608687877655,0.6416666507720947
YJR103W,YJR060W,0,-3.7843523,0.07660239934921265,0.532608687877655,0.6420289874076843
YNL212W,YIR021W,0,-3.7852788,0.07656250149011612,0.532608687877655,0.6423913240432739
YEL013W,YDR240C,0,-3.786028,0.07652264088392258,0.532608687877655,0.6427536010742188
YLR242C,YGL162W,1,-3.7867188,0.0770031213760376,0.5362318754196167,0.6427536010742188
YJL103C,YLL051C,0,-3.7876844,0.07696308195590973,0.5362318754196167,0.6431159377098083
YPR066W,YPL053C,0,-3.787725,0.07692307978868484,0.5362318754196167,0.643478274345398
YGR037C,YLR380W,1,-3.7895107,0.07740259915590286,0.5398550629615784,0.643478274345398
YGR295C,YHR083W,0,-3.7897174,0.07736241072416306,0.5398550629615784,0.6438405513763428
YLR097C,YJR031C,0,-3.789789,0.07732225954532623,0.5398550629615784,0.6442028880119324
YHR085W,YLR359W,0,-3.7902021,0.07728216052055359,0.5398550629615784,0.644565224647522
YOR307C,YBL101C,0,-3.7902513,0.07724209129810333,0.5398550629615784,0.6449275612831116
YGR295C,YPL129W,0,-3.790917,0.07720207422971725,0.5398550629615784,0.6452898383140564
YNL125C,YOR355W,0,-3.7914314,0.07716209441423416,0.5398550629615784,0.645652174949646
YLR394W,YER087C-B,0,-3.7931213,0.07712215185165405,0.5398550629615784,0.6460145115852356
YDR242W,YKL173W,0,-3.7933087,0.07708225399255753,0.5398550629615784,0.6463767886161804
YPR009W,YHR001W,1,-3.793326,0.0775594636797905,0.54347825050354,0.6463767886161804
YKL188C,YNL231C,1,-3.7956228,0.07803617417812347,0.5471014380455017,0.6463767886161804
YLR380W,YMR246W,1,-3.7960067,0.07851240038871765,0.5507246255874634,0.6463767886161804
YML065W,YPL078C,0,-3.7962859,0.07847186177968979,0.5507246255874634,0.64673912525177
YLR186W,YDR310C,0,-3.797967,0.0784313753247261,0.5507246255874634,0.6471014618873596
YKL183W,YGL161C,0,-3.8006306,0.0783909261226654,0.5507246255874634,0.6474637389183044
YFL017W-A,YOL151W,0,-3.8027115,0.07835051417350769,0.5507246255874634,0.647826075553894
YDR033W,YDR128W,0,-3.8032043,0.07831014692783356,0.5507246255874634,0.6481884121894836
YBR152W,YBL055C,0,-3.8051288,0.078269824385643,0.5507246255874634,0.6485507488250732
YMR056C,YMR316W,0,-3.8052483,0.07822953909635544,0.5507246255874634,0.6489130258560181
YGR104C,YFL055W,0,-3.8094976,0.07818929851055145,0.5507246255874634,0.6492753624916077
YOR123C,YPL183W-A,0,-3.8102884,0.07814910262823105,0.5507246255874634,0.6496376991271973
YBR205W,YDR130C,0,-3.812373,0.07810894399881363,0.5507246255874634,0.6499999761581421
YDR353W,YIR009W,0,-3.8130608,0.0780688226222992,0.5507246255874634,0.6503623127937317
YPR073C,YJL100W,0,-3.8132029,0.07802874594926834,0.5507246255874634,0.6507246494293213
YNL223W,YMR006C,0,-3.8132715,0.07798871397972107,0.5507246255874634,0.6510869860649109
YNL267W,YLR291C,0,-3.813332,0.07794871926307678,0.5507246255874634,0.6514492630958557
YJR094W-A,YMR272C,0,-3.813784,0.07790876179933548,0.5507246255874634,0.6518115997314453
YJL164C,YFL038C,0,-3.8140554,0.07786884903907776,0.5507246255874634,0.6521739363670349
YEL065W,YDR073W,0,-3.8154204,0.07782898098230362,0.5507246255874634,0.6525362133979797
YFR044C,YJL034W,0,-3.8157978,0.07778915017843246,0.5507246255874634,0.6528985500335693
YKR060W,YPL218W,0,-3.816924,0.07774936407804489,0.5507246255874634,0.6532608866691589
YGL201C,YOL030W,0,-3.8194957,0.0777096077799797,0.5507246255874634,0.6536231637001038
YKL218C,YDR519W,0,-3.8196588,0.0776699036359787,0.5507246255874634,0.6539855003356934
YMR211W,YPL213W,0,-3.8201804,0.07763023674488068,0.5507246255874634,0.654347836971283
YNL222W,YBR237W,0,-3.8207657,0.07759060710668564,0.5507246255874634,0.6547101736068726
YIL150C,YKR066C,0,-3.8225985,0.07755102217197418,0.5507246255874634,0.6550724506378174
YBL085W,YPR018W,0,-3.8229756,0.07751147449016571,0.5507246255874634,0.655434787273407
YGL094C,YMR277W,0,-3.824194,0.07747196406126022,0.5507246255874634,0.6557971239089966
YEL034W,YBR287W,0,-3.824935,0.07743249833583832,0.5507246255874634,0.6561594009399414
YKR097W,YIL105C,0,-3.8273945,0.0773930773139,0.5507246255874634,0.656521737575531
YFL008W,YDR037W,0,-3.8280416,0.07735368609428406,0.5507246255874634,0.6568840742111206
YJR014W,YPL119C,0,-3.8284528,0.0773143470287323,0.5507246255874634,0.6572463512420654
YLR380W,YNL231C,1,-3.8284626,0.07778342813253403,0.554347813129425,0.6572463512420654
YJR004C,YLL010C,0,-3.8297741,0.07774390280246735,0.554347813129425,0.657608687877655
YKL179C,YHR136C,0,-3.8303566,0.07770442217588425,0.554347813129425,0.6579710245132446
YBR274W,YLR318W,0,-3.8364363,0.07766497135162354,0.554347813129425,0.6583333611488342
YGL043W,YLR342W,0,-3.8373961,0.077625572681427,0.554347813129425,0.658695638179779
YOR180C,YBR001C,0,-3.8397563,0.07758620381355286,0.554347813129425,0.6590579748153687
YKR030W,YER118C,0,-3.8403323,0.07754687964916229,0.554347813129425,0.6594203114509583
YNL148C,YOR106W,0,-3.8426151,0.07750760018825531,0.554347813129425,0.6597825884819031
YGR246C,YCR069W,0,-3.843711,0.07746835798025131,0.554347813129425,0.6601449251174927
YHR066W,YLR330W,0,-3.8448336,0.0774291530251503,0.554347813129425,0.6605072617530823
YLR090W,YNR049C,0,-3.8455396,0.07738998532295227,0.554347813129425,0.6608695387840271
YBR106W,YGL250W,0,-3.8466642,0.07735086232423782,0.554347813129425,0.6612318754196167
YMR201C,YBR128C,0,-3.8492742,0.07731177657842636,0.554347813129425,0.6615942120552063
YPL271W,YDR408C,0,-3.8515105,0.07727272808551788,0.554347813129425,0.6619565486907959
YER068W,YOR188W,0,-3.8516076,0.07723371684551239,0.554347813129425,0.6623188257217407
YIL050W,YOL021C,0,-3.8555336,0.07719475030899048,0.554347813129425,0.6626811623573303
YOL070C,YML118W,0,-3.85989,0.07715582102537155,0.554347813129425,0.6630434989929199
YFR019W,YLR423C,0,-3.8621511,0.0771169364452362,0.554347813129425,0.6634057760238647
YDL143W,YIL095W,0,-3.8622828,0.07707808911800385,0.554347813129425,0.6637681126594543
YML113W,YIR009W,0,-3.8653536,0.07703927159309387,0.554347813129425,0.664130449295044
YPL190C,YDR503C,0,-3.8667302,0.07700050622224808,0.554347813129425,0.6644927263259888
YLR433C,YGL133W,0,-3.8673882,0.07696177065372467,0.554347813129425,0.6648550629615784
YMR078C,YPL128C,0,-3.867691,0.07692307978868484,0.554347813129425,0.665217399597168
YBL068W,YBR291C,0,-3.872209,0.07688441872596741,0.554347813129425,0.6655797362327576
YOL139C,YOR307C,0,-3.8724694,0.07684580981731415,0.554347813129425,0.6659420132637024
YHR207C,YBR125C,0,-3.8732872,0.07680723071098328,0.554347813129425,0.666304349899292
YJR044C,YLR383W,0,-3.8737385,0.07676868885755539,0.554347813129425,0.6666666865348816
YLR242C,YER166W,1,-3.875009,0.07723169773817062,0.5579710006713867,0.6666666865348816
YLR383W,YGL250W,0,-3.8751235,0.07719298452138901,0.5579710006713867,0.6670289635658264
YPL195W,YGR157W,0,-3.877073,0.07715430855751038,0.5579710006713867,0.667391300201416
YAL020C,YOL064C,0,-3.8778248,0.07711566984653473,0.5579710006713867,0.6677536368370056
YKR105C,YAL020C,0,-3.879394,0.07707707583904266,0.5579710006713867,0.6681159138679504
YNL127W,YMR068W,0,-3.8795009,0.07703851908445358,0.5579710006713867,0.66847825050354
YNR046W,YGL103W,0,-3.8821125,0.07699999958276749,0.5579710006713867,0.6688405871391296
YJL093C,YCR027C,0,-3.8823721,0.07696151733398438,0.5579710006713867,0.6692029237747192
YLR226W,YLR310C,0,-3.8839371,0.07692307978868484,0.5579710006713867,0.6695652008056641
YGL106W,YLR453C,0,-3.8840103,0.0768846720457077,0.5579710006713867,0.6699275374412537
YER069W,YGR124W,0,-3.8842015,0.07684630900621414,0.5579710006713867,0.6702898740768433
YNL015W,YNL007C,0,-3.8854532,0.07680798321962357,0.5579710006713867,0.6706521511077881
YMR246W,YDR093W,1,-3.886057,0.07726819813251495,0.5615941882133484,0.6706521511077881
YLR151C,YLR431C,0,-3.8878448,0.07722969353199005,0.5615941882133484,0.6710144877433777
YJR133W,YCR012W,0,-3.887879,0.07719123363494873,0.5615941882133484,0.6713768243789673
YBR176W,YNL236W,0,-3.89013,0.0771528109908104,0.5615941882133484,0.6717391014099121
YGL090W,YDR405W,0,-3.890204,0.07711442559957504,0.5615941882133484,0.6721014380455017
YER022W,YKL024C,0,-3.890359,0.07707608491182327,0.5615941882133484,0.6724637746810913
YKL186C,YNL309W,0,-3.8928533,0.07703777402639389,0.5615941882133484,0.6728261113166809
YML070W,YJR043C,0,-3.8929589,0.07699950039386749,0.5615941882133484,0.6731883883476257
YPR118W,YOR058C,0,-3.8943632,0.07696127146482468,0.5615941882133484,0.6735507249832153
YML010W,YKR039W,0,-3.8953836,0.07692307978868484,0.5615941882133484,0.6739130616188049
YMR198W,YLR020C,0,-3.8980007,0.0768849179148674,0.5615941882133484,0.6742753386497498
YCR094W,YPL147W,1,-3.8988986,0.07734258472919464,0.5652173757553101,0.6742753386497498
YMR162C,YNL264C,1,-3.8989546,0.07779980450868607,0.5688405632972717,0.6742753386497498
YEL052W,YPL187W,0,-3.899982,0.07776127010583878,0.5688405632972717,0.6746376752853394
YFL037W,YAL031C,0,-3.9017649,0.07772277295589447,0.5688405632972717,0.675000011920929
YGR037C,YLR242C,1,-3.9031107,0.07817912101745605,0.5724637508392334,0.675000011920929
YJL056C,YIL049W,0,-3.9066138,0.07814045250415802,0.5724637508392334,0.6753623485565186
YOL094C,YMR088C,0,-3.9077678,0.07810182869434357,0.5724637508392334,0.6757246255874634
YNL231C,YDR093W,1,-3.9084377,0.07855731248855591,0.5760869383811951,0.6757246255874634
YDR081C,YDR368W,0,-3.9094038,0.07851851731538773,0.5760869383811951,0.676086962223053
YPL270W,YBR126C,0,-3.909635,0.07847975939512253,0.5760869383811951,0.6764492988586426
YBL060W,YOR084W,0,-3.9108753,0.07844104617834091,0.5760869383811951,0.6768115758895874
YMR038C,YER061C,0,-3.914402,0.07840237021446228,0.5760869383811951,0.677173912525177
YMR162C,YNL231C,1,-3.9163268,0.07885657995939255,0.5797101259231567,0.677173912525177
YPL149W,YOR167C,0,-3.91989,0.07881773263216019,0.5797101259231567,0.6775362491607666
YDR421W,YKR001C,0,-3.9204383,0.07877893000841141,0.5797101259231567,0.6778985261917114
YGR037C,YDR093W,1,-3.9213061,0.07923228293657303,0.5833333134651184,0.6778985261917114
YMR266W,YER001W,0,-3.9228222,0.07919330894947052,0.5833333134651184,0.678260862827301
YKL188C,YNL323W,1,-3.9256687,0.0796460211277008,0.5869565010070801,0.678260862827301
YML012W,YOR133W,0,-3.9271083,0.07960688322782516,0.5869565010070801,0.6786231994628906
YDR495C,YER083C,0,-3.9271798,0.07956778258085251,0.5869565010070801,0.6789855360984802
YJR051W,YKR101W,0,-3.9285493,0.07952871918678284,0.5869565010070801,0.679347813129425
YCR094W,YMR162C,1,-3.928559,0.07998037338256836,0.5905796885490417,0.679347813129425
YGL191W,YLR130C,0,-3.9297523,0.07994114607572556,0.5905796885490417,0.6797101497650146
YER133W,YGL120C,0,-3.9306834,0.07990196347236633,0.5905796885490417,0.6800724864006042
YDR211W,YER058W,0,-3.9314733,0.0798628106713295,0.5905796885490417,0.6804347634315491
YBR234C,YDL166C,0,-3.934321,0.07982370257377625,0.5905796885490417,0.6807971000671387
YOL052C,YCR030C,0,-3.9356868,0.07978463172912598,0.5905796885490417,0.6811594367027283
YML085C,YPL087W,0,-3.9358826,0.07974559813737869,0.5905796885490417,0.6815217137336731
YKR003W,YPL147W,1,-3.9372463,0.0801955983042717,0.5942028760910034,0.6815217137336731
YLR380W,YMR162C,1,-3.9397328,0.08064515888690948,0.5978260636329651,0.6815217137336731
YMR079W,YNL323W,1,-3.9398587,0.08109428733587265,0.6014492511749268,0.6815217137336731
YML078W,YER074W-A,0,-3.9420552,0.0810546875,0.6014492511749268,0.6818840503692627
YLL040C,YPL213W,0,-3.944426,0.08101513236761093,0.6014492511749268,0.6822463870048523
YGR008C,YDL190C,0,-3.946941,0.08097560703754425,0.6014492511749268,0.6826087236404419
YJR101W,YJR002W,0,-3.948121,0.08093612641096115,0.6014492511749268,0.6829710006713867
YLR141W,YER030W,0,-3.9517577,0.08089668303728104,0.6014492511749268,0.6833333373069763
YKL103C,YFR003C,0,-3.9532413,0.0808572843670845,0.6014492511749268,0.6836956739425659
YDR003W,YHR041C,0,-3.953437,0.08081791549921036,0.6014492511749268,0.6840579509735107
YJL071W,YNL290W,0,-3.9541688,0.0807785913348198,0.6014492511749268,0.6844202876091003
YIL063C,YIL133C,0,-3.9546793,0.08073929697275162,0.6014492511749268,0.6847826242446899
YCR033W,YPR162C,0,-3.9551694,0.08070004731416702,0.6014492511749268,0.6851449012756348
YKR067W,YCR002C,0,-3.9551964,0.08066083490848541,0.6014492511749268,0.6855072379112244
YNL172W,YJR013W,0,-3.955963,0.08062165975570679,0.6014492511749268,0.685869574546814
YDR310C,YGL251C,0,-3.957347,0.08058252185583115,0.6014492511749268,0.6862319111824036
YHL002W,YDR341C,0,-3.9579127,0.08054342865943909,0.6014492511749268,0.6865941882133484
YCR068W,YDL143W,0,-3.9580503,0.08050436526536942,0.6014492511749268,0.686956524848938
YOR326W,YDL101C,0,-3.9581075,0.08046533912420273,0.6014492511749268,0.6873188614845276
YGL161C,YLR127C,0,-3.962398,0.08042635768651962,0.6014492511749268,0.6876811385154724
YBR059C,YHR211W,0,-3.9650488,0.0803874060511589,0.6014492511749268,0.688043475151062
YPR009W,YDR093W,1,-3.966406,0.08083252608776093,0.6050724387168884,0.688043475151062
YGR257C,YDR423C,0,-3.967958,0.08079341799020767,0.6050724387168884,0.6884058117866516
YPL060W,YOL064C,0,-3.9687803,0.080754354596138,0.6050724387168884,0.6887680888175964
YEL017C-A,YOR124C,0,-3.970736,0.08071532100439072,0.6050724387168884,0.689130425453186
YLR015W,YKL042W,0,-3.9709322,0.08067633211612701,0.6050724387168884,0.6894927620887756
YGR037C,YNL231C,1,-3.9721384,0.08112023025751114,0.6086956262588501,0.6894927620887756
YPL091W,YCL032W,0,-3.9730752,0.0810810774564743,0.6086956262588501,0.6898550987243652
YLR138W,YDR101C,0,-3.9741075,0.08104196935892105,0.6086956262588501,0.6902173757553101
YNL308C,YOR216C,0,-3.974714,0.08100289106369019,0.6086956262588501,0.6905797123908997
YLR270W,YPL053C,0,-3.9774714,0.0809638574719429,0.6086956262588501,0.6909420490264893
YLR390W,YOR321W,0,-3.9775496,0.080924853682518,0.6086956262588501,0.6913043260574341
YPL155C,YMR089C,0,-3.9802032,0.08088589459657669,0.6086956262588501,0.6916666626930237
YNL232W,YLR389C,0,-3.980956,0.08084696531295776,0.6086956262588501,0.6920289993286133
YHR124W,YGR112W,0,-3.9817882,0.08080808073282242,0.6086956262588501,0.6923912763595581
YNL297C,YGR023W,0,-3.9822948,0.08076923340559006,0.6086956262588501,0.6927536129951477
YDL077C,YJR138W,0,-3.9830518,0.08073041588068008,0.6086956262588501,0.6931159496307373
YDR113C,YIL140W,0,-3.9844077,0.08069164305925369,0.6086956262588501,0.6934782862663269
YKL119C,YMR173W,0,-3.9856849,0.08065290749073029,0.6086956262588501,0.6938405632972717
YNL323W,YNL264C,1,-3.987368,0.08109404891729355,0.6123188138008118,0.6938405632972717
YPL048W,YDR486C,0,-3.9897397,0.0810551568865776,0.6123188138008118,0.6942028999328613
YHR174W,YBR115C,0,-3.9901724,0.08101630210876465,0.6123188138008118,0.6945652365684509
YER074W-A,YPL053C,0,-3.990343,0.08097747713327408,0.6123188138008118,0.6949275135993958
YOR123C,YJR001W,0,-3.9935255,0.08093869686126709,0.6123188138008118,0.6952898502349854
YGR113W,YOL149W,0,-3.9935408,0.08089995384216309,0.6123188138008118,0.695652186870575
YDL185W,YKR010C,0,-3.9949894,0.08086124062538147,0.6123188138008118,0.6960144639015198
YDR225W,YBR275C,0,-3.9963307,0.08082257211208344,0.6123188138008118,0.6963768005371094
YNL254C,YOL043C,0,-4.0017414,0.08078394085168839,0.6123188138008118,0.696739137172699
YOR148C,YKL074C,0,-4.001955,0.08074533939361572,0.6123188138008118,0.6971014738082886
YBR125C,YIL095W,0,-4.003528,0.08070678263902664,0.6123188138008118,0.6974637508392334
YGL100W,YOR124C,0,-4.004945,0.08066825568675995,0.6123188138008118,0.697826087474823
YPL190C,YIL047C,0,-4.010942,0.08062977343797684,0.6123188138008118,0.6981884241104126
YDR216W,YIL002C,0,-4.011485,0.08059132099151611,0.6123188138008118,0.6985507011413574
YJL093C,YAL039C,0,-4.013569,0.08055290579795837,0.6123188138008118,0.698913037776947
YGR285C,YKR024C,0,-4.01833,0.08051452785730362,0.6123188138008118,0.6992753744125366
YDR532C,YKR105C,0,-4.0206494,0.08047618716955185,0.6123188138008118,0.6996376514434814
YIR008C,YKL184W,0,-4.020923,0.08043788373470306,0.6123188138008118,0.699999988079071
YMR182C,YER065C,0,-4.021101,0.08039961755275726,0.6123188138008118,0.7003623247146606
YNL099C,YJR112W,0,-4.022184,0.08036138862371445,0.6123188138008118,0.7007246613502502
YDR481C,YGL133W,0,-4.02261,0.08032319694757462,0.6123188138008118,0.7010869383811951
YGL178W,YOR270C,0,-4.0261216,0.08028503507375717,0.6123188138008118,0.7014492750167847
YMR075W,YBR227C,0,-4.0261602,0.08024691045284271,0.6123188138008118,0.7018116116523743
YPL202C,YOL148C,0,-4.0269003,0.08020883053541183,0.6123188138008118,0.7021738886833191
YOR148C,YGR091W,0,-4.030157,0.08017078042030334,0.6123188138008118,0.7025362253189087
YBR289W,YOL030W,0,-4.0313816,0.08013276755809784,0.6123188138008118,0.7028985619544983
YNL323W,YMR162C,1,-4.03215,0.08056872338056564,0.6159420013427734,0.7028985619544983
YGL226C-A,YIL070C,0,-4.032523,0.0805305540561676,0.6159420013427734,0.7032608985900879
YDR224C,YPR029C,0,-4.034501,0.08049242198467255,0.6159420013427734,0.7036231756210327
YLR154C,YOR099W,0,-4.03532,0.08045432716608047,0.6159420013427734,0.7039855122566223
YHL009C,YBR052C,0,-4.036856,0.08041626960039139,0.6159420013427734,0.7043478488922119
YLR088W,YOR204W,0,-4.037444,0.08037824928760529,0.6159420013427734,0.7047101259231567
YGR070W,YGR076C,0,-4.0390687,0.08034026622772217,0.6159420013427734,0.7050724625587463
YFR032C-A,YPR163C,0,-4.039392,0.08030231297016144,0.6159420013427734,0.7054347991943359
YDL067C,YDL042C,0,-4.0406046,0.08026439696550369,0.6159420013427734,0.7057970762252808
YKR103W,YEL062W,0,-4.041205,0.08022652566432953,0.6159420013427734,0.7061594128608704
YIL073C,YMR042W,0,-4.0461397,0.08018867671489716,0.6159420013427734,0.70652174949646
YCL024W,YOL149W,0,-4.0469756,0.08015087246894836,0.6159420013427734,0.7068840861320496
YKR003W,YNL323W,1,-4.0482435,0.08058435469865799,0.6195651888847351,0.7068840861320496
YGL255W,YDR044W,0,-4.0500245,0.08054639399051666,0.6195651888847351,0.7072463631629944
YOL056W,YDR522C,0,-4.051161,0.08050847798585892,0.6195651888847351,0.707608699798584
YOR150W,YER049W,0,-4.053805,0.08047059178352356,0.6195651888847351,0.7079710364341736
YMR208W,YMR235C,0,-4.054237,0.08043273538351059,0.6195651888847351,0.7083333134651184
YDR242W,YLR027C,0,-4.0543776,0.0803949236869812,0.6195651888847351,0.708695650100708
YLR401C,YLR192C,0,-4.054446,0.0803571417927742,0.6195651888847351,0.7090579867362976
YOR371C,YKL125W,0,-4.055528,0.08031939715147018,0.6195651888847351,0.7094202637672424
YER145C,YGL083W,0,-4.0561132,0.08028168976306915,0.6195651888847351,0.709782600402832
YAL042W,YLR373C,0,-4.0570164,0.0802440196275711,0.6195651888847351,0.7101449370384216
YLL010C,YOR083W,0,-4.0582466,0.08020637929439545,0.6195651888847351,0.7105072736740112
YEL031W,YNL259C,0,-4.059064,0.08016877621412277,0.6195651888847351,0.710869550704956
YDR371W,YKL065C,0,-4.059069,0.08013121038675308,0.6195651888847351,0.7112318873405457
YFL047W,YPR021C,0,-4.059537,0.08009367436170578,0.6195651888847351,0.7115942239761353
YAL047C,YPL190C,0,-4.059679,0.08005618304014206,0.6195651888847351,0.7119565010070801
YML049C,YDL015C,0,-4.0633755,0.08001872152090073,0.6195651888847351,0.7123188376426697
YPL204W,YGL120C,0,-4.06475,0.07998128980398178,0.6195651888847351,0.7126811742782593
YEL013W,YJL125C,0,-4.064782,0.07994389533996582,0.6195651888847351,0.7130434513092041
YGR010W,YHL007C,0,-4.0654936,0.07990654557943344,0.6195651888847351,0.7134057879447937
YOR233W,YOL026C,0,-4.0660353,0.07986921817064285,0.6195651888847351,0.7137681245803833
YKR038C,YPR122W,0,-4.0689745,0.07983193546533585,0.6195651888847351,0.7141304612159729
YMR231W,YAR007C,0,-4.0711102,0.07979468256235123,0.6195651888847351,0.7144927382469177
YPR036W,YPL096W,0,-4.0720487,0.079757459461689,0.6195651888847351,0.7148550748825073
YJR058C,YLR389C,0,-4.0723405,0.07972028106451035,0.6195651888847351,0.7152174115180969
YBR125C,YNL220W,0,-4.075354,0.07968313246965408,0.6195651888847351,0.7155796885490417
YGR282C,YHR147C,0,-4.079508,0.0796460211277008,0.6195651888847351,0.7159420251846313
YGR037C,YJL145W,1,-4.082548,0.0800744891166687,0.6231883764266968,0.7159420251846313
YMR162C,YDR093W,1,-4.087134,0.08050256222486496,0.6268116235733032,0.7159420251846313
YOR017W,YAR007C,0,-4.0875406,0.08046511560678482,0.6268116235733032,0.716304361820221
YLR191W,YLR350W,0,-4.0879917,0.08042770624160767,0.6268116235733032,0.7166666388511658
YHR042W,YOR299W,0,-4.0890183,0.0803903341293335,0.6268116235733032,0.7170289754867554
YOR168W,YPL002C,0,-4.0893397,0.08035299926996231,0.6268116235733032,0.717391312122345
YGL162W,YNL264C,1,-4.091107,0.08077994734048843,0.6304348111152649,0.717391312122345
YLR376C,YHR107C,0,-4.092598,0.08074245601892471,0.6304348111152649,0.7177536487579346
YAL043C,YDR013W,0,-4.0929494,0.08070500940084457,0.6304348111152649,0.7181159257888794
YNL323W,YLR242C,1,-4.0933385,0.08113119751214981,0.6340579986572266,0.7181159257888794
YMR043W,YBL066C,0,-4.0941377,0.08109360188245773,0.6340579986572266,0.718478262424469
YNL272C,YNL241C,0,-4.0967383,0.08105604350566864,0.6340579986572266,0.7188405990600586
YOR347C,YDR121W,0,-4.097066,0.08101851493120193,0.6340579986572266,0.7192028760910034
YKL094W,YDR364C,0,-4.098246,0.08098102360963821,0.6340579986572266,0.719565212726593
YDR052C,YPL057C,0,-4.098585,0.08094356954097748,0.6340579986572266,0.7199275493621826
YPR186C,YNL131W,0,-4.0991263,0.08090614527463913,0.6340579986572266,0.7202898263931274
YPL244C,YCR057C,0,-4.1054754,0.08086875826120377,0.6340579986572266,0.720652163028717
YAL039C,YDR440W,0,-4.1068583,0.08083140850067139,0.6340579986572266,0.7210144996643066
YER007W,YEL058W,0,-4.1069365,0.0807940885424614,0.6340579986572266,0.7213768362998962
YDR142C,YIL109C,0,-4.1086683,0.08075680583715439,0.6340579986572266,0.7217391133308411
YOR175C,YPR168W,0,-4.1115847,0.08071956038475037,0.6340579986572266,0.7221014499664307
YCR033W,YDR079C-A,0,-4.1119075,0.08068234473466873,0.6340579986572266,0.7224637866020203
YOL008W,YIR011C,0,-4.1130643,0.08064515888690948,0.6340579986572266,0.7228260636329651
YLR210W,YBR036C,0,-4.1144085,0.08060801774263382,0.6340579986572266,0.7231884002685547
YKR102W,YOR089C,0,-4.1151495,0.08057089895009995,0.6340579986572266,0.7235507369041443
YLR025W,YJR002W,0,-4.117259,0.08053382486104965,0.6340579986572266,0.7239130139350891
YJR034W,YKL093W,0,-4.1173778,0.08049678057432175,0.6340579986572266,0.7242753505706787
YMR289W,YNL021W,0,-4.1189585,0.08045977354049683,0.6340579986572266,0.7246376872062683
YNR017W,YMR022W,0,-4.119553,0.0804227963089943,0.6340579986572266,0.7250000238418579
YNL015W,YMR312W,0,-4.1200204,0.08038584887981415,0.6340579986572266,0.7253623008728027
YLR380W,YLR242C,1,-4.120359,0.08080808073282242,0.6376811861991882,0.7253623008728027
YOL115W,YDL185W,0,-4.121638,0.08077099919319153,0.6376811861991882,0.7257246375083923
YHR036W,YCR071C,0,-4.124717,0.08073394745588303,0.6376811861991882,0.7260869741439819
YGL084C,YMR269W,0,-4.124829,0.08069692552089691,0.6376811861991882,0.7264492511749268
YPL228W,YPR190C,0,-4.125034,0.08065994828939438,0.6376811861991882,0.7268115878105164
YBR039W,YGR221C,0,-4.13005,0.08062299340963364,0.6376811861991882,0.727173924446106
YCR079W,YDR448W,0,-4.130373,0.08058608323335648,0.6376811861991882,0.7275362610816956
YJL141C,YIL020C,0,-4.1317773,0.0805491954088211,0.6376811861991882,0.7278985381126404
YKR042W,YFL062W,0,-4.1319757,0.08051235228776932,0.6376811861991882,0.72826087474823
YHR061C,YBR036C,0,-4.1366615,0.08047553896903992,0.6376811861991882,0.7286232113838196
YMR152W,YOR257W,0,-4.1375422,0.0804387554526329,0.6376811861991882,0.7289854884147644
YNL323W,YNL231C,1,-4.140198,0.08085884153842926,0.6413043737411499,0.7289854884147644
YDL019C,YPL147W,1,-4.1476965,0.08127854019403458,0.6449275612831116,0.7289854884147644
YDR014W,YMR080C,0,-4.148481,0.08124144375324249,0.6449275612831116,0.729347825050354
YIL115C,YDL191W,0,-4.149834,0.0812043771147728,0.6449275612831116,0.7297101616859436
YPL188W,YOL133W,0,-4.150312,0.08116734772920609,0.6449275612831116,0.7300724387168884
YPR191W,YGR028W,0,-4.1505756,0.08113035559654236,0.6449275612831116,0.730434775352478
YOR066W,YGR172C,0,-4.154658,0.08109339326620102,0.6449275612831116,0.7307971119880676
YDR346C,YDL080C,0,-4.155028,0.08105646818876266,0.6449275612831116,0.7311594486236572
YMR292W,YPL266W,0,-4.1551375,0.0810195729136467,0.6449275612831116,0.731521725654602
YFL009W,YPR006C,0,-4.1587214,0.08098271489143372,0.6449275612831116,0.7318840622901917
YPR171W,YBR050C,0,-4.1598,0.08094588667154312,0.6449275612831116,0.7322463989257812
YNL323W,YPR009W,1,-4.1599727,0.08136363327503204,0.6485507488250732,0.7322463989257812
YMR197C,YLR010C,0,-4.1603756,0.0813266709446907,0.6485507488250732,0.7326086759567261
YGR032W,YER083C,0,-4.161348,0.08128973841667175,0.6485507488250732,0.7329710125923157
YPR009W,YPL147W,1,-4.164532,0.08170676231384277,0.6521739363670349,0.7329710125923157
YLR380W,YGL162W,1,-4.165726,0.08212341368198395,0.6557971239089966,0.7329710125923157
YAR002C-A,YOR270C,0,-4.166347,0.08208616822957993,0.6557971239089966,0.7333333492279053
YKR002W,YER042W,0,-4.166827,0.08204896003007889,0.6557971239089966,0.7336956262588501
YNR001C,YPR006C,0,-4.1671944,0.08201178163290024,0.6557971239089966,0.7340579628944397
YML014W,YCR048W,0,-4.1695447,0.08197464048862457,0.6557971239089966,0.7344202995300293
YPL033C,YDR088C,0,-4.1709504,0.0819375291466713,0.6557971239089966,0.7347826361656189
YDL097C,YGR166W,0,-4.171372,0.081900455057621,0.6557971239089966,0.7351449131965637
YOR256C,YPR028W,0,-4.171615,0.0818634107708931,0.6557971239089966,0.7355072498321533
YHL004W,YOL064C,0,-4.173268,0.08182640373706818,0.6557971239089966,0.7358695864677429
YKL020C,YDR084C,0,-4.173523,0.08178942650556564,0.6557971239089966,0.7362318634986877
YKL188C,YPL147W,1,-4.1736903,0.08220415562391281,0.6594203114509583,0.7362318634986877
YMR127C,YJR013W,0,-4.174846,0.08216704428195953,0.6594203114509583,0.7365942001342773
YBL069W,YAL034W-A,0,-4.175163,0.08212996274232864,0.6594203114509583,0.7369565367698669
YDR389W,YML077W,0,-4.1771326,0.08209291845560074,0.6594203114509583,0.7373188138008118
YML006C,YNL021W,0,-4.17841,0.08205590397119522,0.6594203114509583,0.7376811504364014
YMR224C,YGR198W,0,-4.1786304,0.08201892673969269,0.6594203114509583,0.738043487071991
YBR070C,YDR409W,0,-4.179811,0.08198197931051254,0.6594203114509583,0.7384058237075806
YHL032C,YKL013C,0,-4.181158,0.08194506913423538,0.6594203114509583,0.7387681007385254
YJL044C,YER168C,0,-4.1856513,0.08190818876028061,0.6594203114509583,0.739130437374115
YLR098C,YJR089W,0,-4.187056,0.08187134563922882,0.6594203114509583,0.7394927740097046
YLR256W,YDR069C,0,-4.1878324,0.08183453232049942,0.6594203114509583,0.7398550510406494
YER114C,YNL241C,0,-4.1889615,0.081797756254673,0.6594203114509583,0.740217387676239
YML009C,YKL056C,0,-4.1896567,0.08176100999116898,0.6594203114509583,0.7405797243118286
YPL005W,YIL121W,0,-4.19035,0.08172429352998734,0.6594203114509583,0.7409420013427734
YLL004W,YDL040C,0,-4.1936193,0.08168761432170868,0.6594203114509583,0.741304337978363
YBR104W,YKR081C,0,-4.196172,0.08165096491575241,0.6594203114509583,0.7416666746139526
YDR416W,YFR041C,0,-4.1977496,0.08161435276269913,0.6594203114509583,0.7420290112495422
YLL029W,YPL139C,0,-4.2005324,0.08157777041196823,0.6594203114509583,0.7423912882804871
YCR094W,YMR079W,1,-4.201182,0.08198924362659454,0.6630434989929199,0.7423912882804871
YGL179C,YER068W,0,-4.2091107,0.0819525271654129,0.6630434989929199,0.7427536249160767
YHR001W,YMR162C,1,-4.2092834,0.08236347138881683,0.6666666865348816,0.7427536249160767
YOR057W,YNL106C,0,-4.2096667,0.08232662081718445,0.6666666865348816,0.7431159615516663
YPR009W,YNL231C,1,-4.209849,0.0827370285987854,0.6702898740768433,0.7431159615516663
YNL009W,YBR210W,0,-4.2102537,0.08270004391670227,0.6702898740768433,0.7434782385826111
YGR037C,YCR094W,1,-4.210545,0.08310992270708084,0.6739130616188049,0.7434782385826111
YLL029W,YDR470C,0,-4.2121496,0.08307280391454697,0.6739130616188049,0.7438405752182007
YLR088W,YFL002C,0,-4.215222,0.08303571492433548,0.6739130616188049,0.7442029118537903
YGR221C,YDR443C,0,-4.216788,0.08299866318702698,0.6739130616188049,0.7445651888847351
YDL029W,YDR499W,0,-4.2173777,0.08296164125204086,0.6739130616188049,0.7449275255203247
YHR200W,YHR119W,0,-4.218027,0.08292465656995773,0.6739130616188049,0.7452898621559143
YDR532C,YNL282W,0,-4.2187243,0.08288770169019699,0.6739130616188049,0.7456521987915039
YKL188C,YER166W,1,-4.2194715,0.08329621702432632,0.6775362491607666,0.7456521987915039
YOR308C,YJL166W,0,-4.219787,0.08325912803411484,0.6775362491607666,0.7460144758224487
YDL030W,YBR236C,0,-4.2198157,0.08322207629680634,0.6775362491607666,0.7463768124580383
YPL008W,YDR322C-A,0,-4.221854,0.08318505436182022,0.6775362491607666,0.7467391490936279
YKR003W,YMR162C,1,-4.222827,0.08359270542860031,0.6811594367027283,0.7467391490936279
YOR123C,YDR385W,0,-4.223323,0.08355555683374405,0.6811594367027283,0.7471014261245728
YNL192W,YGL119W,0,-4.225332,0.08351843804121017,0.6811594367027283,0.7474637627601624
YGL233W,YMR171C,0,-4.226313,0.08348134905099869,0.6811594367027283,0.747826099395752
YAR018C,YMR154C,0,-4.2269073,0.08344429731369019,0.6811594367027283,0.7481883764266968
YPL057C,YER051W,0,-4.2281795,0.08340727537870407,0.6811594367027283,0.7485507130622864
YGR238C,YML070W,0,-4.2299504,0.08337029069662094,0.6811594367027283,0.748913049697876
YHR124W,YER058W,0,-4.2310996,0.0833333358168602,0.6811594367027283,0.7492753863334656
YMR039C,YBR281C,0,-4.2335377,0.08329641073942184,0.6811594367027283,0.7496376633644104
YLR431C,YIR011C,0,-4.23412,0.08325952291488647,0.6811594367027283,0.75
YKL082C,YBR179C,0,-4.2346625,0.08322266489267349,0.6811594367027283,0.7503623366355896
YER086W,YGR087C,0,-4.2356925,0.0831858441233635,0.6811594367027283,0.7507246136665344
YMR005W,YHR105W,0,-4.2358136,0.08314904570579529,0.6811594367027283,0.751086950302124
YOR144C,YOL088C,0,-4.236545,0.08311229199171066,0.6811594367027283,0.7514492869377136
YGR063C,YER051W,0,-4.2367764,0.08307556062936783,0.6811594367027283,0.7518116235733032
YDL099W,YDR264C,0,-4.2378488,0.08303886651992798,0.6811594367027283,0.752173900604248
YGL112C,YML028W,0,-4.244204,0.08300220966339111,0.6811594367027283,0.7525362372398376
YLR206W,YLR423C,0,-4.2444882,0.08296557515859604,0.6811594367027283,0.7528985738754272
YGL201C,YNR043W,0,-4.2445235,0.08292897790670395,0.6811594367027283,0.7532608509063721
YKL144C,YPL129W,0,-4.245974,0.08289241790771484,0.6811594367027283,0.7536231875419617
YLR295C,YIL042C,0,-4.246619,0.08285588026046753,0.6811594367027283,0.7539855241775513
YJR105W,YPR072W,0,-4.2481785,0.0828193798661232,0.6811594367027283,0.7543478012084961
YOR336W,YBR006W,0,-4.248249,0.08278291672468185,0.6811594367027283,0.7547101378440857
YOR030W,YOR239W,0,-4.2499814,0.0827464759349823,0.6811594367027283,0.7550724744796753
YKL137W,YBR010W,0,-4.2505465,0.08271007239818573,0.6811594367027283,0.7554348111152649
YBL057C,YGR096W,0,-4.2514358,0.08267370611429214,0.6811594367027283,0.7557970881462097
YDR346C,YCR079W,0,-4.2516093,0.08263736218214035,0.6811594367027283,0.7561594247817993
YLR226W,YNL322C,0,-4.252366,0.08260105550289154,0.6811594367027283,0.7565217614173889
YCR079W,YDL132W,0,-4.254629,0.08256477862596512,0.6811594367027283,0.7568840384483337
YMR079W,YDL019C,1,-4.255386,0.08296751230955124,0.6847826242446899,0.7568840384483337
YPL101W,YLR079W,0,-4.2563405,0.08293110877275467,0.6847826242446899,0.7572463750839233
YHR077C,YHL020C,0,-4.2588973,0.08289473503828049,0.6847826242446899,0.7576087117195129
YJL071W,YIL093C,0,-4.2607684,0.08285839855670929,0.6847826242446899,0.7579709887504578
YEL046C,YDR031W,0,-4.261045,0.08282208442687988,0.6847826242446899,0.7583333253860474
YNL230C,YPL159C,0,-4.2624087,0.08278580754995346,0.6847826242446899,0.758695662021637
YJL065C,YOL138C,0,-4.2628384,0.08274956047534943,0.6847826242446899,0.7590579986572266
YLR038C,YAL053W,0,-4.264589,0.08271335065364838,0.6847826242446899,0.7594202756881714
YPR140W,YER112W,0,-4.267653,0.08267716318368912,0.6847826242446899,0.759782612323761
YBL058W,YDR103W,0,-4.270185,0.08264101296663284,0.6847826242446899,0.7601449489593506
YDR479C,YLR135W,0,-4.2708097,0.08260489255189896,0.6847826242446899,0.7605072259902954
YDR420W,YOL030W,0,-4.2723775,0.08256880939006805,0.6847826242446899,0.760869562625885
YNL121C,YLR287C-A,0,-4.2727385,0.08253274857997894,0.6847826242446899,0.7612318992614746
YAL032C,YDL005C,0,-4.2728486,0.08249672502279282,0.6847826242446899,0.7615941762924194
YIR008C,YML009C,0,-4.272866,0.08246073126792908,0.6847826242446899,0.761956512928009
YKL188C,YPR009W,1,-4.273349,0.08286087960004807,0.6884058117866516,0.761956512928009
YBR289W,YFL004W,0,-4.275206,0.08282475918531418,0.6884058117866516,0.7623188495635986
YDR341C,YDR072C,0,-4.275767,0.08278866857290268,0.6884058117866516,0.7626811861991882
YLR183C,YHL034C,0,-4.2787333,0.08275261521339417,0.6884058117866516,0.7630434632301331
YJR126C,YOR064C,0,-4.278999,0.08271658420562744,0.6884058117866516,0.7634057998657227
YML070W,YDR221W,0,-4.2791495,0.0826805904507637,0.6884058117866516,0.7637681365013123
YOR085W,YBL037W,0,-4.2792363,0.08264462649822235,0.6884058117866516,0.7641304135322571
YBR210W,YGL205W,0,-4.2796464,0.08260869234800339,0.6884058117866516,0.7644927501678467
YLR319C,YGR229C,0,-4.282881,0.08257279545068741,0.6884058117866516,0.7648550868034363
YBL060W,YBR033W,0,-4.283274,0.08253692090511322,0.6884058117866516,0.7652173638343811
YPL181W,YDR497C,0,-4.2835593,0.08250108361244202,0.6884058117866516,0.7655797004699707
YKR061W,YLL005C,0,-4.284085,0.0824652761220932,0.6884058117866516,0.7659420371055603
YIL050W,YMR047C,0,-4.285341,0.08242949843406677,0.6884058117866516,0.7663043737411499
YGL175C,YPR083W,0,-4.285833,0.08239375799894333,0.6884058117866516,0.7666666507720947
YDR478W,YHR074W,0,-4.286629,0.08235803991556168,0.6884058117866516,0.7670289874076843
YLR204W,YCL061C,0,-4.2934012,0.08232235908508301,0.6884058117866516,0.7673913240432739
YNL126W,YLR005W,0,-4.294934,0.08228670060634613,0.6884058117866516,0.7677536010742188
YKR055W,YBR297W,0,-4.297843,0.08225107938051224,0.6884058117866516,0.7681159377098083
YPL078C,YPR025C,0,-4.2985983,0.08221548795700073,0.6884058117866516,0.768478274345398
YLR242C,YNL231C,1,-4.3005857,0.08261245489120483,0.6920289993286133,0.768478274345398
YIL111W,YOL082W,0,-4.3010626,0.08257673680782318,0.6920289993286133,0.7688405513763428
YML097C,YIR018W,0,-4.301268,0.08254105597734451,0.6920289993286133,0.7692028880119324
YKR003W,YKL188C,1,-4.3020144,0.08293736726045609,0.695652186870575,0.7692028880119324
YMR224C,YGL124C,0,-4.302199,0.08290155231952667,0.695652186870575,0.769565224647522
YGL190C,YER020W,0,-4.3070807,0.08286577463150024,0.695652186870575,0.7699275612831116
YAR015W,YKL175W,0,-4.3079667,0.0828300267457962,0.695652186870575,0.7702898383140564
YLR380W,YDL019C,1,-4.3091307,0.08322552591562271,0.6992753744125366,0.7702898383140564
YPL024W,YLR275W,0,-4.309219,0.08318965882062912,0.6992753744125366,0.770652174949646
YCR094W,YLR380W,1,-4.3152227,0.08358465880155563,0.7028985619544983,0.770652174949646
YPL273W,YKL064W,0,-4.3160524,0.0835486650466919,0.7028985619544983,0.7710145115852356
YBR110W,YBR024W,0,-4.316624,0.08351270109415054,0.7028985619544983,0.7713767886161804
YBR170C,YIL039W,0,-4.317387,0.08347676694393158,0.7028985619544983,0.77173912525177
YEL009C,YJR161C,0,-4.3183722,0.083440862596035,0.7028985619544983,0.7721014618873596
YAL062W,YLR024C,0,-4.319205,0.08340498805046082,0.7028985619544983,0.7724637389183044
YLR095C,YPR162C,0,-4.319514,0.08336914330720901,0.7028985619544983,0.772826075553894
YBR196C,YPL177C,0,-4.320379,0.0833333358168602,0.7028985619544983,0.7731884121894836
YJL024C,YGR246C,0,-4.3213344,0.08329755067825317,0.7028985619544983,0.7735507488250732
YKL181W,YOR375C,0,-4.3214345,0.08326180279254913,0.7028985619544983,0.7739130258560181
YOL112W,YPL005W,0,-4.3221073,0.08322608470916748,0.7028985619544983,0.7742753624916077
YLL027W,YPR112C,0,-4.3221536,0.08319039642810822,0.7028985619544983,0.7746376991271973
YPR167C,YBR290W,0,-4.323055,0.08315473794937134,0.7028985619544983,0.7749999761581421
YOL045W,YCL032W,0,-4.324348,0.08311910927295685,0.7028985619544983,0.7753623127937317
YJR093C,YDR393W,0,-4.3245306,0.08308351039886475,0.7028985619544983,0.7757246494293213
YLR121C,YGL119W,0,-4.3245883,0.08304794877767563,0.7028985619544983,0.7760869860649109
YPR178W,YBR132C,0,-4.3252378,0.0830124095082283,0.7028985619544983,0.7764492630958557
YDL170W,YOR307C,0,-4.327908,0.08297690004110336,0.7028985619544983,0.7768115997314453
YDL161W,YPR006C,0,-4.3281183,0.08294142782688141,0.7028985619544983,0.7771739363670349
YLR390W,YLR120C,0,-4.3307033,0.08290598541498184,0.7028985619544983,0.7775362133979797
YKL008C,YPL143W,0,-4.3309846,0.08287056535482407,0.7028985619544983,0.7778985500335693
YGL173C,YPL269W,0,-4.3321886,0.08283518254756927,0.7028985619544983,0.7782608866691589
YER016W,YOR311C,0,-4.3334846,0.08279982954263687,0.7028985619544983,0.7786231637001038
YLL013C,YGR104C,0,-4.334084,0.08276450634002686,0.7028985619544983,0.7789855003356934
YGR037C,YNL264C,1,-4.3341584,0.08315564692020416,0.70652174949646,0.7789855003356934
YPL149W,YMR173W,0,-4.335583,0.0831202045083046,0.70652174949646,0.779347836971283
YGL020C,YDR143C,0,-4.3362184,0.08308479189872742,0.70652174949646,0.7797101736068726
YBR161W,YPR122W,0,-4.3370175,0.08304940164089203,0.70652174949646,0.7800724506378174
YFL009W,YDR411C,0,-4.3377156,0.08301404863595963,0.70652174949646,0.780434787273407
YNL049C,YGR271W,0,-4.338221,0.08297872543334961,0.70652174949646,0.7807971239089966
YCL061C,YNL252C,0,-4.3388853,0.08294343203306198,0.70652174949646,0.7811594009399414
YGL200C,YER157W,0,-4.340502,0.08290816098451614,0.70652174949646,0.781521737575531
YDL095W,YMR077C,0,-4.3422065,0.08287292718887329,0.70652174949646,0.7818840742111206
YLR035C,YOL138C,0,-4.3472414,0.08283772319555283,0.70652174949646,0.7822463512420654
YMR288W,YNL071W,0,-4.3474126,0.08280254900455475,0.70652174949646,0.782608687877655
YDL197C,YIL002C,0,-4.347635,0.08276740461587906,0.70652174949646,0.7829710245132446
YDR388W,YOL071W,0,-4.3477826,0.08273229002952576,0.70652174949646,0.7833333611488342
YNL242W,YBR170C,0,-4.3478303,0.08269719779491425,0.70652174949646,0.783695638179779
YBR104W,YPL119C,0,-4.3487415,0.08266214281320572,0.70652174949646,0.7840579748153687
YBL076C,YCR046C,0,-4.35145,0.08262711763381958,0.70652174949646,0.7844203114509583
YDR086C,YDL174C,0,-4.353433,0.08259212225675583,0.70652174949646,0.7847825884819031
YGL137W,YOL089C,0,-4.355456,0.08255715668201447,0.70652174949646,0.7851449251174927
YJR126C,YPR178W,0,-4.3561325,0.08252222090959549,0.70652174949646,0.7855072617530823
YLR212C,YBL011W,0,-4.3602386,0.0824873074889183,0.70652174949646,0.7858695387840271
YCL014W,YDL024C,0,-4.3615007,0.0824524313211441,0.70652174949646,0.7862318754196167
YER115C,YNL079C,0,-4.36211,0.08241758495569229,0.70652174949646,0.7865942120552063
YLR336C,YGL153W,0,-4.3627715,0.08238276094198227,0.70652174949646,0.7869565486907959
YKL064W,YPL017C,0,-4.3645954,0.08234797418117523,0.70652174949646,0.7873188257217407
YOL013C,YJR036C,0,-4.3665557,0.08231320977210999,0.70652174949646,0.7876811623573303
YOR070C,YER151C,0,-4.366917,0.08227848261594772,0.70652174949646,0.7880434989929199
YDR138W,YOR141C,0,-4.367447,0.08224377781152725,0.70652174949646,0.7884057760238647
YCR094W,YLR242C,1,-4.3678975,0.0826306939125061,0.7101449370384216,0.7884057760238647
YBR260C,YPR082C,0,-4.368897,0.08259586989879608,0.7101449370384216,0.7887681126594543
YOR175C,YGR104C,0,-4.369107,0.08256107568740845,0.7101449370384216,0.789130449295044
YDL019C,YNL264C,1,-4.369631,0.08294736593961716,0.7137681245803833,0.789130449295044
YKL041W,YAL035W,0,-4.372029,0.08291245996952057,0.7137681245803833,0.7894927263259888
YER166W,YNL264C,1,-4.372214,0.08329827338457108,0.717391312122345,0.7894927263259888
YAL047C,YDR052C,0,-4.3743873,0.08326324820518494,0.717391312122345,0.7898550629615784
YOR197W,YJR010C-A,0,-4.375073,0.08322824537754059,0.717391312122345,0.790217399597168
YOL133W,YLR127C,0,-4.376181,0.08319327980279922,0.717391312122345,0.7905797362327576
YMR079W,YDR093W,1,-4.3766217,0.08357832580804825,0.7210144996643066,0.7905797362327576
YBR161W,YDR139C,0,-4.3766418,0.08354324102401733,0.7210144996643066,0.7909420132637024
YBR008C,YML038C,0,-4.3776217,0.08350818604230881,0.7210144996643066,0.791304349899292
YOL049W,YIL132C,0,-4.3789625,0.08347315341234207,0.7210144996643066,0.7916666865348816
YBR171W,YMR088C,0,-4.383639,0.08343815803527832,0.7210144996643066,0.7920289635658264
YMR311C,YHR074W,0,-4.384478,0.08340318500995636,0.7210144996643066,0.792391300201416
YAL010C,YDR320C,0,-4.3847146,0.08336824178695679,0.7210144996643066,0.7927536368370056
YBR041W,YNL231C,1,-4.384767,0.0837520956993103,0.7246376872062683,0.7927536368370056
YMR026C,YJL209W,0,-4.385348,0.08371703326702118,0.7246376872062683,0.7931159138679504
YJL124C,YNL312W,0,-4.387462,0.08368200808763504,0.7246376872062683,0.79347825050354
YBR205W,YPL268W,0,-4.388681,0.08364701271057129,0.7246376872062683,0.7938405871391296
YBR073W,YPL020C,0,-4.3902707,0.08361203968524933,0.7246376872062683,0.7942029237747192
YIL041W,YJL047C,0,-4.3916793,0.08357709646224976,0.7246376872062683,0.7945652008056641
YPL153C,YKL140W,0,-4.392124,0.08354219049215317,0.7246376872062683,0.7949275374412537
YDL161W,YOR144C,0,-4.3928733,0.08350730687379837,0.7246376872062683,0.7952898740768433
YOR212W,YAL020C,0,-4.3929152,0.08347245305776596,0.7246376872062683,0.7956521511077881
YBR192W,YJL178C,0,-4.393393,0.08343762904405594,0.7246376872062683,0.7960144877433777
YLR431C,YBR122C,0,-4.393645,0.0834028348326683,0.7246376872062683,0.7963768243789673
YGR002C,YBL074C,0,-4.395326,0.08336807042360306,0.7246376872062683,0.7967391014099121
YHR017W,YDR107C,0,-4.397175,0.0833333358168602,0.7246376872062683,0.7971014380455017
YNL227C,YNL267W,0,-4.3983107,0.08329862356185913,0.7246376872062683,0.7974637746810913
YLR316C,YBR167C,0,-4.398383,0.08326394855976105,0.7246376872062683,0.7978261113166809
YJL140W,YDR414C,0,-4.4006295,0.08322929590940475,0.7246376872062683,0.7981883883476257
YLR207W,YDL115C,0,-4.4007154,0.08319467306137085,0.7246376872062683,0.7985507249832153
YLR394W,YPL269W,0,-4.400808,0.08316008001565933,0.7246376872062683,0.7989130616188049
YLR226W,YEL037C,0,-4.407036,0.0831255167722702,0.7246376872062683,0.7992753386497498
YML019W,YBL034C,0,-4.407623,0.08309098333120346,0.7246376872062683,0.7996376752853394
YDR037W,YER089C,0,-4.408364,0.0830564796924591,0.7246376872062683,0.800000011920929
YDR331W,YNR013C,0,-4.409246,0.08302199840545654,0.7246376872062683,0.8003623485565186
YDR003W,YLR440C,0,-4.4100227,0.08298755437135696,0.7246376872062683,0.8007246255874634
YDR081C,YGL145W,0,-4.4115114,0.08295313268899918,0.7246376872062683,0.801086962223053
YDR184C,YGR029W,0,-4.411569,0.08291874080896378,0.7246376872062683,0.8014492988586426
YBR035C,YGL134W,0,-4.4139543,0.08288437873125076,0.7246376872062683,0.8018115758895874
YOL070C,YER025W,0,-4.4140325,0.08285003900527954,0.7246376872062683,0.802173912525177
YNR017W,YGL103W,0,-4.414232,0.0828157365322113,0.7246376872062683,0.8025362491607666
YOL005C,YJR001W,0,-4.4186873,0.08278145641088486,0.7246376872062683,0.8028985261917114
YOR084W,YML058W,0,-4.4224515,0.0827472060918808,0.7246376872062683,0.803260862827301
YGL038C,YMR199W,0,-4.4246593,0.08271298557519913,0.7246376872062683,0.8036231994628906
YDR540C,YHR061C,0,-4.4261665,0.08267879486083984,0.7246376872062683,0.8039855360984802
YKR003W,YLR380W,1,-4.4262843,0.08305785059928894,0.72826087474823,0.8039855360984802
YGR106C,YOR231W,0,-4.4274497,0.0830235406756401,0.72826087474823,0.804347813129425
YHR001W,YNL231C,1,-4.427748,0.08340214937925339,0.7318840622901917,0.804347813129425
YIL111W,YDR231C,0,-4.4279847,0.0833677276968956,0.7318840622901917,0.8047101497650146
YPL118W,YEL063C,0,-4.432205,0.0833333358168602,0.7318840622901917,0.8050724864006042
YPR073C,YML036W,0,-4.4326015,0.08329896628856659,0.7318840622901917,0.8054347634315491
YDR164C,YMR184W,0,-4.433379,0.08326463401317596,0.7318840622901917,0.8057971000671387
YNR041C,YBR073W,0,-4.4338193,0.08323032408952713,0.7318840622901917,0.8061594367027283
YDL225W,YIL110W,0,-4.4342785,0.08319604396820068,0.7318840622901917,0.8065217137336731
YKL009W,YMR235C,0,-4.4400077,0.08316179364919662,0.7318840622901917,0.8068840503692627
YNR045W,YJL014W,0,-4.4423203,0.08312757313251495,0.7318840622901917,0.8072463870048523
YDR071C,YIL042C,0,-4.4444776,0.08309337496757507,0.7318840622901917,0.8076087236404419
YGR084C,YDL190C,0,-4.4465613,0.08305921405553818,0.7318840622901917,0.8079710006713867
YDR167W,YGR092W,0,-4.4486322,0.08302507549524307,0.7318840622901917,0.8083333373069763
YCR094W,YNL231C,1,-4.450312,0.08340180665254593,0.7355072498321533,0.8083333373069763
YKR003W,YNL231C,1,-4.451981,0.08377823233604431,0.739130437374115,0.8083333373069763
YJL053W,YGR145W,0,-4.4532647,0.08374384045600891,0.739130437374115,0.8086956739425659
YHR051W,YIL093C,0,-4.4554462,0.0837094783782959,0.739130437374115,0.8090579509735107
YMR088C,YPL020C,0,-4.4571795,0.08367514610290527,0.739130437374115,0.8094202876091003
YLR089C,YOR128C,0,-4.463986,0.08364083617925644,0.739130437374115,0.8097826242446899
YMR033W,YCL032W,0,-4.464818,0.08360655605792999,0.739130437374115,0.8101449012756348
YKL112W,YDR163W,0,-4.4665356,0.08357230573892593,0.739130437374115,0.8105072379112244
YMR043W,YML028W,0,-4.468936,0.08353808522224426,0.739130437374115,0.810869574546814
YCR004C,YMR269W,0,-4.474752,0.08350388705730438,0.739130437374115,0.8112319111824036
YKR003W,YMR079W,1,-4.4751296,0.08387888967990875,0.7427536249160767,0.8112319111824036
YKR094C,YNL016W,0,-4.4797606,0.08384457975625992,0.7427536249160767,0.8115941882133484
YLR221C,YLR264W,0,-4.4801917,0.08381029963493347,0.7427536249160767,0.811956524848938
YOR126C,YMR268C,0,-4.48217,0.08377604931592941,0.7427536249160767,0.8123188614845276
YGL155W,YDR530C,0,-4.48311,0.08374182879924774,0.7427536249160767,0.8126811385154724
YJL063C,YLR103C,0,-4.483357,0.08370763808488846,0.7427536249160767,0.813043475151062
YOR386W,YJR034W,0,-4.4842296,0.08367346972227097,0.7427536249160767,0.8134058117866516
YLR380W,YER166W,1,-4.484606,0.08404732495546341,0.7463768124580383,0.8134058117866516
YKR003W,YJL145W,1,-4.486988,0.08442088216543198,0.75,0.8134058117866516
YMR214W,YKR013W,0,-4.487764,0.08438646793365479,0.75,0.8137680888175964
YOR066W,YDR390C,0,-4.4886026,0.08435207605361938,0.75,0.814130425453186
YOR046C,YKL117W,0,-4.4887967,0.08431772142648697,0.75,0.8144927620887756
YLR256W,YGL174W,0,-4.4890733,0.08428338915109634,0.75,0.8148550987243652
YFR019W,YCL014W,0,-4.489112,0.0842490866780281,0.75,0.8152173757553101
YGL011C,YER069W,0,-4.49157,0.08421480655670166,0.75,0.8155797123908997
YBR041W,YKL188C,1,-4.492291,0.0845872312784195,0.7536231875419617,0.8155797123908997
YDL226C,YML052W,0,-4.4941335,0.08455284684896469,0.7536231875419617,0.8159420490264893
YNL222W,YMR080C,0,-4.494733,0.08451848477125168,0.7536231875419617,0.8163043260574341
YNL101W,YBR082C,0,-4.4959826,0.08448415994644165,0.7536231875419617,0.8166666626930237
YIL090W,YLR353W,0,-4.499107,0.08444985747337341,0.7536231875419617,0.8170289993286133
YNL091W,YGR249W,0,-4.5002646,0.08441558480262756,0.7536231875419617,0.8173912763595581
YDR218C,YGL095C,0,-4.5017743,0.0843813419342041,0.7536231875419617,0.8177536129951477
YGL047W,YCR079W,0,-4.5058184,0.08434712141752243,0.7536231875419617,0.8181159496307373
YNL127W,YJL165C,0,-4.507335,0.08431293070316315,0.7536231875419617,0.8184782862663269
YNL136W,YGL203C,0,-4.507429,0.08427876979112625,0.7536231875419617,0.8188405632972717
YBR195C,YFR029W,0,-4.5160203,0.08424463123083115,0.7536231875419617,0.8192028999328613
YDR479C,YER030W,0,-4.518662,0.08421052992343903,0.7536231875419617,0.8195652365684509
YBL085W,YPR192W,0,-4.51992,0.0841764435172081,0.7536231875419617,0.8199275135993958
YNR044W,YPL226W,0,-4.5205398,0.08414239436388016,0.7536231875419617,0.8202898502349854
YLR238W,YDR527W,0,-4.5231347,0.084108367562294,0.7536231875419617,0.820652186870575
YFR029W,YPL032C,0,-4.526008,0.08407437056303024,0.7536231875419617,0.8210144639015198
YPR009W,YER166W,1,-4.5272965,0.08444444090127945,0.7572463750839233,0.8210144639015198
YJL044C,YDR320C,0,-4.5321465,0.08441033959388733,0.7572463750839233,0.8213768005371094
YMR150C,YPL020C,0,-4.5330873,0.084376260638237,0.7572463750839233,0.821739137172699
YFL008W,YLL004W,0,-4.5346212,0.08434221148490906,0.7572463750839233,0.8221014738082886
YEL064C,YCR030C,0,-4.534675,0.0843081921339035,0.7572463750839233,0.8224637508392334
YPR075C,YKL113C,0,-4.5385933,0.08427419513463974,0.7572463750839233,0.822826087474823
YCR060W,YER144C,0,-4.540874,0.08424022793769836,0.7572463750839233,0.8231884241104126
YGR002C,YHR002W,0,-4.5408883,0.08420628309249878,0.7572463750839233,0.8235507011413574
YER029C,YDL045W-A,0,-4.543438,0.08417237550020218,0.7572463750839233,0.823913037776947
YNL258C,YGR089W,0,-4.5449033,0.08413848280906677,0.7572463750839233,0.8242753744125366
YNR026C,YEL017C-A,0,-4.547056,0.08410462737083435,0.7572463750839233,0.8246376514434814
YLL002W,YOL146W,0,-4.548657,0.08407079428434372,0.7572463750839233,0.824999988079071
YPR009W,YNL264C,1,-4.5489435,0.08443908393383026,0.760869562625885,0.824999988079071
YGR155W,YDL061C,0,-4.5502377,0.08440514653921127,0.760869562625885,0.8253623247146606
YMR292W,YDR036C,0,-4.550504,0.08437123149633408,0.760869562625885,0.8257246613502502
YMR171C,YDR499W,0,-4.551518,0.08433734625577927,0.760869562625885,0.8260869383811951
YGL131C,YNL097C,0,-4.555056,0.08430349081754684,0.760869562625885,0.8264492750167847
YLR380W,YHR001W,1,-4.556002,0.08467094600200653,0.7644927501678467,0.8264492750167847
YMR079W,YPR009W,1,-4.5605016,0.08503810316324234,0.7681159377098083,0.8264492750167847
YMR162C,YPL147W,1,-4.560679,0.08540496975183487,0.77173912525177,0.8264492750167847
YIL034C,YHR056C,0,-4.5617747,0.0853707417845726,0.77173912525177,0.8268116116523743
YMR306W,YHR083W,0,-4.5620008,0.08533653616905212,0.77173912525177,0.8271738886833191
YBL088C,YOL004W,0,-4.564675,0.08530236035585403,0.77173912525177,0.8275362253189087
YMR100W,YOR181W,0,-4.5657873,0.08526821434497833,0.77173912525177,0.8278985619544983
YER039C,YOR275C,0,-4.5660954,0.08523409068584442,0.77173912525177,0.8282608985900879
YDR014W,YDL065C,0,-4.57014,0.0851999968290329,0.77173912525177,0.8286231756210327
YBR287W,YGR198W,0,-4.5711555,0.08516593277454376,0.77173912525177,0.8289855122566223
YBR044C,YIR032C,0,-4.572579,0.08513189107179642,0.77173912525177,0.8293478488922119
YJR051W,YPL031C,0,-4.573184,0.08509787917137146,0.77173912525177,0.8297101259231567
YMR309C,YBR106W,0,-4.5786786,0.08506389707326889,0.77173912525177,0.8300724625587463
YKL172W,YER117W,0,-4.579781,0.08502993732690811,0.77173912525177,0.8304347991943359
YOR069W,YDL168W,0,-4.579783,0.08499600738286972,0.77173912525177,0.8307970762252808
YOL056W,YCL018W,0,-4.580548,0.08496210724115372,0.77173912525177,0.8311594128608704
YNL323W,YHR001W,1,-4.582178,0.08532695472240448,0.7753623127937317,0.8311594128608704
YDR400W,YGR215W,0,-4.5881653,0.08529294282197952,0.7753623127937317,0.83152174949646
YHR079C,YLR378C,0,-4.589,0.08525896072387695,0.7753623127937317,0.8318840861320496
YBR041W,YNL264C,1,-4.5904737,0.08562325686216354,0.7789855003356934,0.8318840861320496
YDL103C,YIL145C,0,-4.5935917,0.08558917045593262,0.7789855003356934,0.8322463631629944
YCR094W,YPR009W,1,-4.5978894,0.08595304191112518,0.782608687877655,0.8322463631629944
YOR142W,YHR047C,0,-4.5981727,0.0859188511967659,0.782608687877655,0.832608699798584
YIL063C,YER126C,0,-4.5996623,0.085884690284729,0.782608687877655,0.8329710364341736
YPR166C,YLR016C,0,-4.599821,0.0858505591750145,0.782608687877655,0.8333333134651184
YLR394W,YGL155W,0,-4.601002,0.08581645041704178,0.782608687877655,0.833695650100708
YLL036C,YDR487C,0,-4.6054845,0.08578236401081085,0.782608687877655,0.8340579867362976
YPR103W,YDR139C,0,-4.60696,0.08574831485748291,0.782608687877655,0.8344202637672424
YBR041W,YLR380W,1,-4.6070127,0.08611111342906952,0.7862318754196167,0.8344202637672424
YMR311C,YKL095W,0,-4.609714,0.08607695251703262,0.7862318754196167,0.834782600402832
YJL192C,YIR018W,0,-4.609883,0.08604282140731812,0.7862318754196167,0.8351449370384216
YOL149W,YER104W,0,-4.6104674,0.086008720099926,0.7862318754196167,0.8355072736740112
YKL213C,YKL010C,0,-4.6108317,0.08597464114427567,0.7862318754196167,0.835869550704956
YNL264C,YDR093W,1,-4.6109166,0.0863366350531578,0.7898550629615784,0.835869550704956
YGL174W,YFL045C,0,-4.6176596,0.08630245178937912,0.7898550629615784,0.8362318873405457
YJL042W,YOR311C,0,-4.620692,0.08626830577850342,0.7898550629615784,0.8365942239761353
YKR003W,YPR009W,1,-4.6233163,0.08662974834442139,0.79347825050354,0.8365942239761353
YGR062C,YHR135C,0,-4.6235476,0.08659549057483673,0.79347825050354,0.8369565010070801
YJL090C,YER168C,0,-4.625884,0.08656126260757446,0.79347825050354,0.8373188376426697
YLR201C,YDR206W,0,-4.6300864,0.08652706444263458,0.79347825050354,0.8376811742782593
YDR104C,YMR047C,0,-4.6317163,0.08649288862943649,0.79347825050354,0.8380434513092041
YPL091W,YDR237W,0,-4.6325545,0.08645874261856079,0.79347825050354,0.8384057879447937
YNL270C,YMR159C,0,-4.6346583,0.08642462641000748,0.79347825050354,0.8387681245803833
YDL019C,YNL231C,1,-4.6351285,0.08678501099348068,0.7971014380455017,0.8387681245803833
YLR295C,YBL023C,0,-4.6382184,0.08675079047679901,0.7971014380455017,0.8391304612159729
YGR286C,YDL092W,0,-4.6387334,0.08671659231185913,0.7971014380455017,0.8394927382469177
YPL099C,YDR059C,0,-4.6406574,0.08668242394924164,0.7971014380455017,0.8398550748825073
YIL027C,YKL135C,0,-4.6417837,0.08664828538894653,0.7971014380455017,0.8402174115180969
YBR041W,YNL323W,1,-4.64208,0.08700787276029587,0.8007246255874634,0.8402174115180969
YDR211W,YLR077W,0,-4.642096,0.0869736298918724,0.8007246255874634,0.8405796885490417
YML114C,YLR071C,0,-4.6421247,0.08693941682577133,0.8007246255874634,0.8409420251846313
YOR361C,YBR106W,0,-4.645062,0.08690523356199265,0.8007246255874634,0.841304361820221
YPR183W,YOR067C,0,-4.645864,0.08687107264995575,0.8007246255874634,0.8416666388511658
YER148W,YGL031C,0,-4.6468353,0.08683693408966064,0.8007246255874634,0.8420289754867554
YHR188C,YMR037C,0,-4.652861,0.08680282533168793,0.8007246255874634,0.842391312122345
YMR079W,YHR001W,1,-4.6551423,0.08716136962175369,0.804347813129425,0.842391312122345
YBR041W,YLR242C,1,-4.656306,0.08751962333917618,0.8079710006713867,0.842391312122345
YDR394W,YCL034W,0,-4.6586623,0.08748529106378555,0.8079710006713867,0.8427536487579346
YKL208W,YBR293W,0,-4.659541,0.08745098114013672,0.8079710006713867,0.8431159257888794
YIL047C,YAL029C,0,-4.66048,0.08741670101881027,0.8079710006713867,0.843478262424469
YBR041W,YCR094W,1,-4.6625524,0.08777429163455963,0.8115941882133484,0.843478262424469
YGR240C,YHR136C,0,-4.6691957,0.08773991465568542,0.8115941882133484,0.8438405990600586
YOR057W,YCR053W,0,-4.6726823,0.08770556002855301,0.8115941882133484,0.8442028760910034
YPL122C,YGL048C,0,-4.6740093,0.08767123520374298,0.8115941882133484,0.844565212726593
YBR154C,YPR056W,0,-4.6757264,0.08763693273067474,0.8115941882133484,0.8449275493621826
YKR090W,YDR530C,0,-4.6759076,0.0876026600599289,0.8115941882133484,0.8452898263931274
YGL077C,YMR083W,0,-4.678649,0.08756840974092484,0.8115941882133484,0.845652163028717
YDR034C,YOR118W,0,-4.680652,0.08753419667482376,0.8115941882133484,0.8460144996643066
YGL023C,YPL177C,0,-4.6826997,0.08749999850988388,0.8115941882133484,0.8463768362998962
YDR538W,YNL309W,0,-4.6883883,0.08746583014726639,0.8115941882133484,0.8467391133308411
YIR010W,YMR161W,0,-4.6897674,0.08743169158697128,0.8115941882133484,0.8471014499664307
YGR037C,YHR001W,1,-4.6930175,0.08778774738311768,0.8152173757553101,0.8471014499664307
YDR368W,YLR404W,0,-4.696807,0.08775351196527481,0.8152173757553101,0.8474637866020203
YDL042C,YNL238W,0,-4.7004676,0.08771929889917374,0.8152173757553101,0.8478260636329651
YBR176W,YBR302C,0,-4.702814,0.08768511563539505,0.8152173757553101,0.8481884002685547
YPR080W,YGR148C,0,-4.7042127,0.08765095472335815,0.8152173757553101,0.8485507369041443
YMR106C,YOR354C,0,-4.708692,0.08761682361364365,0.8152173757553101,0.8489130139350891
YBR236C,YDR221W,0,-4.709131,0.08758271485567093,0.8152173757553101,0.8492753505706787
YNR028W,YKL065C,0,-4.7092094,0.0875486359000206,0.8152173757553101,0.8496376872062683
YGL254W,YLR396C,0,-4.710366,0.08751458674669266,0.8152173757553101,0.8500000238418579
YML025C,YFL029C,0,-4.711182,0.0874805599451065,0.8152173757553101,0.8503623008728027
YDL074C,YGR038W,0,-4.712847,0.08744656294584274,0.8152173757553101,0.8507246375083923
YDR369C,YNL099C,0,-4.713777,0.08741258829832077,0.8152173757553101,0.8510869741439819
YPR028W,YKL167C,0,-4.7141128,0.08737864345312119,0.8152173757553101,0.8514492511749268
YIL157C,YLL061W,0,-4.7160616,0.08734472095966339,0.8152173757553101,0.8518115878105164
YMR171C,YIL162W,0,-4.721461,0.08731082826852798,0.8152173757553101,0.852173924446106
YGR134W,YOR159C,0,-4.722914,0.08727695792913437,0.8152173757553101,0.8525362610816956
YNL248C,YNL124W,0,-4.723316,0.08724311739206314,0.8152173757553101,0.8528985381126404
YGR058W,YCR060W,0,-4.7249846,0.0872092992067337,0.8152173757553101,0.85326087474823
YOL006C,YKR057W,0,-4.726212,0.08717551082372665,0.8152173757553101,0.8536232113838196
YJL143W,YGL244W,0,-4.726505,0.08714175224304199,0.8152173757553101,0.8539854884147644
YOL094C,YHR153C,0,-4.7273054,0.08710801601409912,0.8152173757553101,0.854347825050354
YHR017W,YJR086W,0,-4.729534,0.08707430213689804,0.8152173757553101,0.8547101616859436
YNL219C,YNL309W,0,-4.7308235,0.08704061806201935,0.8152173757553101,0.8550724387168884
YOR388C,YKL198C,0,-4.733213,0.08700696378946304,0.8152173757553101,0.855434775352478
YOL056W,YKL190W,0,-4.7356677,0.08697333186864853,0.8152173757553101,0.8557971119880676
YGL008C,YJL002C,0,-4.736893,0.0869397222995758,0.8152173757553101,0.8561594486236572
YPR009W,YGL162W,1,-4.738824,0.0872923880815506,0.8188405632972717,0.8561594486236572
YLR238W,YGL044C,0,-4.741672,0.08725868910551071,0.8188405632972717,0.856521725654602
YLR204W,YDR238C,0,-4.7433147,0.08722501248121262,0.8188405632972717,0.8568840622901917
YGL190C,YKL055C,0,-4.745401,0.08719135820865631,0.8188405632972717,0.8572463989257812
YML010W,YDR529C,0,-4.746552,0.0871577337384224,0.8188405632972717,0.8576086759567261
YOL070C,YLL005C,0,-4.7504163,0.08712413161993027,0.8188405632972717,0.8579710125923157
YLR390W,YMR241W,0,-4.751225,0.08709055930376053,0.8188405632972717,0.8583333492279053
YDR169C,YDR462W,0,-4.7519298,0.08705700933933258,0.8188405632972717,0.8586956262588501
YNL085W,YBL066C,0,-4.7592278,0.08702348917722702,0.8188405632972717,0.8590579628944397
YER166W,YNL231C,1,-4.75944,0.08737490326166153,0.8224637508392334,0.8590579628944397
YGL122C,YHR065C,0,-4.760056,0.08734128624200821,0.8224637508392334,0.8594202995300293
YBR164C,YKR066C,0,-4.7621207,0.08730769157409668,0.8224637508392334,0.8597826361656189
YDL226C,YER018C,0,-4.7631507,0.08727412670850754,0.8224637508392334,0.8601449131965637
YIL051C,YOL148C,0,-4.763511,0.08724058419466019,0.8224637508392334,0.8605072498321533
YDR236C,YKL184W,0,-4.7644873,0.08720707148313522,0.8224637508392334,0.8608695864677429
YDR423C,YPR104C,0,-4.764544,0.08717358112335205,0.8224637508392334,0.8612318634986877
YDR353W,YGR116W,0,-4.7673106,0.08714011311531067,0.8224637508392334,0.8615942001342773
YPR066W,YNL330C,0,-4.769479,0.08710667490959167,0.8224637508392334,0.8619565367698669
YDL067C,YDR392W,0,-4.770616,0.08707326650619507,0.8224637508392334,0.8623188138008118
YDR443C,YHR026W,0,-4.773334,0.08703988045454025,0.8224637508392334,0.8626811504364014
YNR046W,YKR071C,0,-4.7736278,0.08700651675462723,0.8224637508392334,0.863043487071991
YPR108W,YGL257C,0,-4.7743173,0.08697318285703659,0.8224637508392334,0.8634058237075806
YER046W,YLR309C,0,-4.7764096,0.08693987131118774,0.8224637508392334,0.8637681007385254
YOR361C,YMR312W,0,-4.7804227,0.08690658211708069,0.8224637508392334,0.864130437374115
YOR278W,YGL134W,0,-4.782596,0.08687332272529602,0.8224637508392334,0.8644927740097046
YPL037C,YOR153W,0,-4.784372,0.08684009313583374,0.8224637508392334,0.8648550510406494
YMR109W,YIL026C,0,-4.7862725,0.08680688589811325,0.8224637508392334,0.865217387676239
YOR181W,YDR330W,0,-4.789739,0.08677370101213455,0.8224637508392334,0.8655797243118286
YBR106W,YHR121W,0,-4.791966,0.08674054592847824,0.8224637508392334,0.8659420013427734
YHR102W,YPL016W,0,-4.793463,0.08670741319656372,0.8224637508392334,0.866304337978363
YDL143W,YLR048W,0,-4.793882,0.08667430281639099,0.8224637508392334,0.8666666746139526
YBR041W,YHR001W,1,-4.7945848,0.08702290058135986,0.8260869383811951,0.8666666746139526
YHR191C,YJL087C,0,-4.7988772,0.08698970079421997,0.8260869383811951,0.8670290112495422
YBR030W,YLR078C,0,-4.799384,0.08695652335882187,0.8260869383811951,0.8673912882804871
YJR004C,YNL315C,0,-4.8059306,0.08692336827516556,0.8260869383811951,0.8677536249160767
YKL041W,YPL159C,0,-4.80905,0.08689024299383163,0.8260869383811951,0.8681159615516663
YIL074C,YLR130C,0,-4.8105273,0.0868571400642395,0.8260869383811951,0.8684782385826111
YPR070W,YMR139W,0,-4.8138685,0.08682406693696976,0.8260869383811951,0.8688405752182007
YML078W,YKR028W,0,-4.81419,0.0867910161614418,0.8260869383811951,0.8692029118537903
YDL067C,YPL228W,0,-4.8158746,0.08675798773765564,0.8260869383811951,0.8695651888847351
YOR332W,YDR182W,0,-4.8184967,0.08672498911619186,0.8260869383811951,0.8699275255203247
YOL145C,YMR024W,0,-4.8219733,0.08669201284646988,0.8260869383811951,0.8702898621559143
YDR466W,YPL104W,0,-4.8242564,0.08665906637907028,0.8260869383811951,0.8706521987915039
YDL194W,YJL004C,0,-4.8247366,0.08662614226341248,0.8260869383811951,0.8710144758224487
YMR061W,YBL093C,0,-4.826298,0.08659324049949646,0.8260869383811951,0.8713768124580383
YKR090W,YOL138C,0,-4.8269434,0.08656036108732224,0.8260869383811951,0.8717391490936279
YNL231C,YNL264C,1,-4.8307366,0.08690702170133591,0.8297101259231567,0.8717391490936279
YML046W,YOR368W,0,-4.834175,0.08687405288219452,0.8297101259231567,0.8721014261245728
YBL102W,YLR034C,0,-4.835652,0.08684110641479492,0.8297101259231567,0.8724637627601624
YLR135W,YML077W,0,-4.8408036,0.08680818974971771,0.8297101259231567,0.872826099395752
YJL093C,YLR396C,0,-4.8413925,0.0867752954363823,0.8297101259231567,0.8731883764266968
YDL155W,YGR220C,0,-4.842002,0.08674242347478867,0.8297101259231567,0.8735507130622864
YCL061C,YOL027C,0,-4.843046,0.08670958131551743,0.8297101259231567,0.873913049697876
YPL007C,YDL099W,0,-4.8449707,0.08667676150798798,0.8297101259231567,0.8742753863334656
YMR004W,YDR031W,0,-4.8489614,0.08664396405220032,0.8297101259231567,0.8746376633644104
YPR043W,YHR041C,0,-4.850059,0.08661119639873505,0.8297101259231567,0.875
YJR140C,YDR383C,0,-4.850068,0.08657845109701157,0.8297101259231567,0.8753623366355896
YCR094W,YNL323W,1,-4.8516755,0.08692365884780884,0.8333333134651184,0.8753623366355896
YOL105C,YIL050W,0,-4.8523545,0.0868908166885376,0.8333333134651184,0.8757246136665344
YMR304W,YMR030W,0,-4.8583264,0.08685800433158875,0.8333333134651184,0.876086950302124
YFL047W,YHL034C,0,-4.8596454,0.08682521432638168,0.8333333134651184,0.8764492869377136
YGR143W,YBR202W,0,-4.86083,0.08679245412349701,0.8333333134651184,0.8768116235733032
YNL080C,YBL067C,0,-4.8626127,0.08675971627235413,0.8333333134651184,0.877173900604248
YLR166C,YKL168C,0,-4.8638425,0.08672700077295303,0.8333333134651184,0.8775362372398376
YHR050W,YDR443C,0,-4.863857,0.08669430762529373,0.8333333134651184,0.8778985738754272
YBR035C,YPR198W,0,-4.8652716,0.08666164427995682,0.8333333134651184,0.8782608509063721
YLR033W,YDR312W,0,-4.86807,0.0866290032863617,0.8333333134651184,0.8786231875419617
YDL226C,YBR166C,0,-4.8683333,0.08659638464450836,0.8333333134651184,0.8789855241775513
YLR242C,YNL264C,1,-4.8687496,0.08694015443325043,0.8369565010070801,0.8789855241775513
YKL188C,YHR001W,1,-4.86881,0.0872836709022522,0.8405796885490417,0.8789855241775513
YOR371C,YPL055C,0,-4.872869,0.08725084364414215,0.8405796885490417,0.8793478012084961
YKR062W,YCL061C,0,-4.877193,0.08721804618835449,0.8405796885490417,0.8797101378440857
YDR238C,YDR050C,0,-4.8772287,0.08718527108430862,0.8405796885490417,0.8800724744796753
YML048W,YBR253W,0,-4.8784556,0.08715251833200455,0.8405796885490417,0.8804348111152649
YML015C,YNL281W,0,-4.8788657,0.08711978793144226,0.8405796885490417,0.8807970881462097
YFL037W,YFL022C,0,-4.883125,0.08708708733320236,0.8405796885490417,0.8811594247817993
YPL154C,YIL145C,0,-4.884208,0.08705440908670425,0.8405796885490417,0.8815217614173889
YKL126W,YGL174W,0,-4.889317,0.08702175319194794,0.8405796885490417,0.8818840384483337
YOR125C,YLR440C,0,-4.88977,0.08698912709951401,0.8405796885490417,0.8822463750839233
YPL268W,YOR061W,0,-4.8920546,0.08695652335882187,0.8405796885490417,0.8826087117195129
YJR005W,YAL014C,0,-4.892957,0.08692394196987152,0.8405796885490417,0.8829709887504578
YHR063C,YDR264C,0,-4.905698,0.08689138293266296,0.8405796885490417,0.8833333253860474
YLR219W,YML104C,0,-4.906075,0.0868588536977768,0.8405796885490417,0.883695662021637
YIL145C,YCL011C,0,-4.9062343,0.08682634681463242,0.8405796885490417,0.8840579986572266
YMR282C,YCR017C,0,-4.906547,0.08679386228322983,0.8405796885490417,0.8844202756881714
YMR100W,YIL017C,0,-4.9072375,0.08676140755414963,0.8405796885490417,0.884782612323761
YJL139C,YKL135C,0,-4.910608,0.08672897517681122,0.8405796885490417,0.8851449489593506
YBR022W,YGL011C,0,-4.911078,0.0866965651512146,0.8405796885490417,0.8855072259902954
YDR454C,YEL038W,0,-4.912149,0.08666417747735977,0.8405796885490417,0.885869562625885
YBR205W,YCR052W,0,-4.9131036,0.08663181215524673,0.8405796885490417,0.8862318992614746
YHR029C,YMR297W,0,-4.9133615,0.08659947663545609,0.8405796885490417,0.8865941762924194
YBR251W,YJL129C,0,-4.915554,0.08656716346740723,0.8405796885490417,0.886956512928009
YNR054C,YEL026W,0,-4.915725,0.08653487265110016,0.8405796885490417,0.8873188495635986
YHR077C,YDR079W,0,-4.9162455,0.08650261163711548,0.8405796885490417,0.8876811861991882
YNR008W,YER104W,0,-4.9186687,0.08647036552429199,0.8405796885490417,0.8880434632301331
YPL096W,YDR368W,0,-4.918697,0.0864381492137909,0.8405796885490417,0.8884057998657227
YNR036C,YBR171W,0,-4.919133,0.08640596270561218,0.8405796885490417,0.8887681365013123
YBR044C,YMR172W,0,-4.9209414,0.08637379109859467,0.8405796885490417,0.8891304135322571
YPL268W,YCR030C,0,-4.921315,0.08634164184331894,0.8405796885490417,0.8894927501678467
YNL239W,YNL052W,0,-4.921586,0.0863095223903656,0.8405796885490417,0.8898550868034363
YEL015W,YFR046C,0,-4.922807,0.08627742528915405,0.8405796885490417,0.8902173638343811
YOR233W,YLR403W,0,-4.922963,0.0862453505396843,0.8405796885490417,0.8905797004699707
YDL143W,YJL122W,0,-4.9236145,0.08621330559253693,0.8405796885490417,0.8909420371055603
YBR125C,YLR095C,0,-4.9244766,0.08618127554655075,0.8405796885490417,0.8913043737411499
YOL112W,YNL085W,0,-4.9253516,0.08614927530288696,0.8405796885490417,0.8916666507720947
YKR003W,YDR093W,1,-4.925862,0.08648849278688431,0.8442028760910034,0.8916666507720947
YDR400W,YBL006C,0,-4.931104,0.08645640313625336,0.8442028760910034,0.8920289874076843
YHR001W,YNL264C,1,-4.9323173,0.08679525554180145,0.8478260636329651,0.8920289874076843
YLR028C,YDR376W,0,-4.932492,0.08676306903362274,0.8478260636329651,0.8923913240432739
YMR044W,YOR290C,0,-4.933601,0.08673091232776642,0.8478260636329651,0.8927536010742188
YJR110W,YGL044C,0,-4.9339585,0.08669877797365189,0.8478260636329651,0.8931159377098083
YBL088C,YJR034W,0,-4.951275,0.08666666597127914,0.8478260636329651,0.893478274345398
YDR211W,YPR113W,0,-4.9539466,0.0866345763206482,0.8478260636329651,0.8938405513763428
YMR079W,YER166W,1,-4.957086,0.08697260916233063,0.8514492511749268,0.8938405513763428
YOR304W,YOR044W,0,-4.960898,0.08694043755531311,0.8514492511749268,0.8942028880119324
YNL323W,YDR093W,1,-4.9625163,0.0872781053185463,0.8550724387168884,0.8942028880119324
YER007W,YJR006W,0,-4.9627833,0.08724584430456161,0.8550724387168884,0.894565224647522
YKR003W,YNL264C,1,-4.9632335,0.08758314698934555,0.8586956262588501,0.894565224647522
YBR155W,YER082C,0,-4.9655094,0.08755079656839371,0.8586956262588501,0.8949275612831116
YLR380W,YNL323W,1,-4.967713,0.08788774162530899,0.8623188138008118,0.8949275612831116
YCR094W,YDR093W,1,-4.967961,0.08822443336248398,0.8659420013427734,0.8949275612831116
YOR197W,YDL092W,0,-4.9691763,0.08819188177585602,0.8659420013427734,0.8952898383140564
YGR116W,YMR314W,0,-4.976541,0.08815935254096985,0.8659420013427734,0.895652174949646
YHL019C,YBR001C,0,-4.9825053,0.08812684565782547,0.8659420013427734,0.8960145115852356
YGR215W,YER075C,0,-4.990682,0.08809436112642288,0.8659420013427734,0.8963767886161804
YKL046C,YOR355W,0,-4.9927344,0.08806189894676208,0.8659420013427734,0.89673912525177
YMR033W,YDL008W,0,-4.994283,0.08802946656942368,0.8659420013427734,0.8971014618873596
YBR041W,YMR079W,1,-4.998192,0.08836524188518524,0.8695651888847351,0.8971014618873596
YDR279W,YGR038W,0,-4.999747,0.08833272010087967,0.8695651888847351,0.8974637389183044
YML081C-A,YMR150C,0,-5.005429,0.08830022066831589,0.8695651888847351,0.897826075553894
YPL072W,YDR362C,0,-5.007734,0.0882677435874939,0.8695651888847351,0.8981884121894836
YBL076C,YGL054C,0,-5.0098033,0.0882352963089943,0.8695651888847351,0.8985507488250732
YHR019C,YOR145C,0,-5.012815,0.08820286393165588,0.8695651888847351,0.8989130258560181
YMR098C,YFR042W,0,-5.014112,0.08817046135663986,0.8695651888847351,0.8992753624916077
YBR251W,YML036W,0,-5.0148306,0.08813808113336563,0.8695651888847351,0.8996376991271973
YDR498C,YIL084C,0,-5.0149574,0.08810572326183319,0.8695651888847351,0.8999999761581421
YCR046C,YIL076W,0,-5.0213847,0.08807339519262314,0.8695651888847351,0.9003623127937317
YIL090W,YDR498C,0,-5.0220494,0.08804108947515488,0.8695651888847351,0.9007246494293213
YOR179C,YPL172C,0,-5.0321918,0.08800879865884781,0.8695651888847351,0.9010869860649109
YNL323W,YER166W,1,-5.0403585,0.08834310621023178,0.8731883764266968,0.9010869860649109
YPL154C,YKL146W,0,-5.0413404,0.08831073343753815,0.8731883764266968,0.9014492630958557
YDL207W,YKL108W,0,-5.0422087,0.0882783904671669,0.8731883764266968,0.9018115997314453
YDL067C,YBR291C,0,-5.0428605,0.08824606239795685,0.8731883764266968,0.9021739363670349
YDR140W,YNL049C,0,-5.043714,0.08821376413106918,0.8731883764266968,0.9025362133979797
YGL208W,YDR411C,0,-5.0498075,0.08818148821592331,0.8731883764266968,0.9028985500335693
YOL125W,YEL059C-A,0,-5.05088,0.08814923465251923,0.8731883764266968,0.9032608866691589
YGR010W,YGR116W,0,-5.052982,0.08811700344085693,0.8731883764266968,0.9036231637001038
YGR037C,YMR079W,1,-5.0583353,0.08845029026269913,0.8768116235733032,0.9036231637001038
YLR119W,YER083C,0,-5.058354,0.08841797709465027,0.8768116235733032,0.9039855003356934
YER012W,YOR014W,0,-5.0602922,0.0883856862783432,0.8768116235733032,0.904347836971283
YER095W,YGL250W,0,-5.066023,0.08835341036319733,0.8768116235733032,0.9047101736068726
YPR023C,YLR107W,0,-5.07495,0.08832116425037384,0.8768116235733032,0.9050724506378174
YLR016C,YDL194W,0,-5.0751586,0.08828894793987274,0.8768116235733032,0.905434787273407
YNR022C,YKL007W,0,-5.075599,0.08825674653053284,0.8768116235733032,0.9057971239089966
YMR043W,YDR454C,0,-5.0774364,0.08822457492351532,0.8768116235733032,0.9061594009399414
YMR070W,YGL044C,0,-5.086109,0.088192418217659,0.8768116235733032,0.906521737575531
YJL203W,YGL130W,0,-5.087673,0.08816029131412506,0.8768116235733032,0.9068840742111206
YDR389W,YDR310C,0,-5.0910764,0.08812818676233292,0.8768116235733032,0.9072463512420654
YLR380W,YPR009W,1,-5.097966,0.08846013993024826,0.8804348111152649,0.9072463512420654
YKL015W,YGR195W,0,-5.100318,0.08842794597148895,0.8804348111152649,0.907608687877655
YBR164C,YNL272C,0,-5.109387,0.08839578181505203,0.8804348111152649,0.9079710245132446
YLR390W,YGL090W,0,-5.111646,0.0883636400103569,0.8804348111152649,0.9083333611488342
YDR421W,YIR008C,0,-5.1137557,0.08833151310682297,0.8804348111152649,0.908695638179779
YPR200C,YDL045W-A,0,-5.115463,0.08829941600561142,0.8804348111152649,0.9090579748153687
YLR362W,YOR149C,0,-5.1160703,0.08826734125614166,0.8804348111152649,0.9094203114509583
YGR154C,YFR004W,0,-5.119552,0.0882352963089943,0.8804348111152649,0.9097825884819031
YDR086C,YCR039C,0,-5.1229434,0.08820326626300812,0.8804348111152649,0.9101449251174927
YNL323W,YDL019C,1,-5.126284,0.08853410929441452,0.8840579986572266,0.9101449251174927
YOR035C,YHR002W,0,-5.1283364,0.08850199729204178,0.8840579986572266,0.9105072617530823
YER120W,YIL048W,0,-5.129849,0.08846990764141083,0.8840579986572266,0.9108695387840271
YKR003W,YCR094W,1,-5.1330895,0.08880028873682022,0.8876811861991882,0.9108695387840271
YPR183W,YDL192W,0,-5.134578,0.0887681171298027,0.8876811861991882,0.9112318754196167
YKL188C,YMR162C,1,-5.134716,0.08909815549850464,0.8913043737411499,0.9112318754196167
YKL170W,YPL020C,0,-5.1387324,0.08906589448451996,0.8913043737411499,0.9115942120552063
YBL092W,YDR170C,0,-5.1427193,0.08903365582227707,0.8913043737411499,0.9119565486907959
YBR265W,YNL256W,0,-5.144836,0.08900144696235657,0.8913043737411499,0.9123188257217407
YLR380W,YNL264C,1,-5.1465955,0.08933091908693314,0.8949275612831116,0.9123188257217407
YDR062W,YLR448W,0,-5.1559854,0.08929862827062607,0.8949275612831116,0.9126811623573303
YNL169C,YOR141C,0,-5.159407,0.0892663523554802,0.8949275612831116,0.9130434989929199
YIL131C,YNL166C,0,-5.160296,0.08923410624265671,0.8949275612831116,0.9134057760238647
YHR013C,YDL201W,0,-5.1603255,0.08920187503099442,0.8949275612831116,0.9137681126594543
YMR161W,YIL076W,0,-5.160533,0.08916967362165451,0.8949275612831116,0.914130449295044
YLR429W,YPL002C,0,-5.164127,0.0891374945640564,0.8949275612831116,0.9144927263259888
YOL068C,YIL039W,0,-5.1659427,0.08910533785820007,0.8949275612831116,0.9148550629615784
YGR076C,YOR322C,0,-5.1750407,0.08907320350408554,0.8949275612831116,0.915217399597168
YFR031C,YDR480W,0,-5.179048,0.0890410989522934,0.8949275612831116,0.9155797362327576
YMR023C,YDR137W,0,-5.1834555,0.08900900930166245,0.8949275612831116,0.9159420132637024
YMR182C,YLR410W,0,-5.18767,0.08897694200277328,0.8949275612831116,0.916304349899292
YER029C,YEL003W,0,-5.193768,0.08894490450620651,0.8949275612831116,0.9166666865348816
YBR221C,YNR050C,0,-5.1977057,0.08891288936138153,0.8949275612831116,0.9170289635658264
YGR175C,YML126C,0,-5.199242,0.08888088911771774,0.8949275612831116,0.917391300201416
YKL074C,YKL175W,0,-5.199926,0.08884891867637634,0.8949275612831116,0.9177536368370056
YGR037C,YDL019C,1,-5.2014804,0.08917655795812607,0.8985507488250732,0.9177536368370056
YDL019C,YPR009W,1,-5.2060866,0.0895039513707161,0.9021739363670349,0.9177536368370056
YOR205C,YKR092C,0,-5.208884,0.08947179466485977,0.9021739363670349,0.9181159138679504
YOL102C,YNL110C,0,-5.2162714,0.08943965286016464,0.9021739363670349,0.91847825050354
YOR038C,YDR058C,0,-5.2172236,0.0894075408577919,0.9021739363670349,0.9188405871391296
YPR073C,YFR052W,0,-5.221543,0.08937545120716095,0.9021739363670349,0.9192029237747192
YGL097W,YJL134W,0,-5.2220364,0.08934337645769119,0.9021739363670349,0.9195652008056641
YBR200W,YGL020C,0,-5.2231216,0.08931133151054382,0.9021739363670349,0.9199275374412537
YIL126W,YDR162C,0,-5.229296,0.08927930891513824,0.9021739363670349,0.9202898740768433
YNR047W,YBR234C,0,-5.2363086,0.08924730867147446,0.9021739363670349,0.9206521511077881
YPR125W,YJL134W,0,-5.237957,0.08921533823013306,0.9021739363670349,0.9210144877433777
YPL174C,YDR332W,0,-5.238157,0.08918338268995285,0.9021739363670349,0.9213768243789673
YIL124W,YLR097C,0,-5.2477093,0.08915144950151443,0.9021739363670349,0.9217391014099121
YJL129C,YJR112W,0,-5.25094,0.08911953866481781,0.9021739363670349,0.9221014380455017
YFR013W,YCR027C,0,-5.25116,0.08908765763044357,0.9021739363670349,0.9224637746810913
YCR094W,YNL264C,1,-5.2558136,0.08941344916820526,0.9057971239089966,0.9224637746810913
YBR055C,YFL018C,0,-5.262031,0.08938147872686386,0.9057971239089966,0.9228261113166809
YPL208W,YLR298C,0,-5.26289,0.08934953808784485,0.9057971239089966,0.9231883883476257
YHR121W,YDL198C,0,-5.263759,0.08931761234998703,0.9057971239089966,0.9235507249832153
YNL281W,YCL011C,0,-5.2644644,0.0892857164144516,0.9057971239089966,0.9239130616188049
YCR048W,YDR362C,0,-5.2717304,0.08925383538007736,0.9057971239089966,0.9242753386497498
YMR054W,YGR261C,0,-5.2728677,0.08922198414802551,0.9057971239089966,0.9246376752853394
YLR380W,YDR093W,1,-5.277862,0.08954691141843796,0.9094203114509583,0.9246376752853394
YHR004C,YJL029C,0,-5.2799816,0.08951497822999954,0.9094203114509583,0.925000011920929
YER161C,YER173W,0,-5.2822948,0.08948306739330292,0.9094203114509583,0.9253623485565186
YMR161W,YDL007W,0,-5.2825933,0.08945117890834808,0.9094203114509583,0.9257246255874634
YGL201C,YCR077C,0,-5.283382,0.08941930532455444,0.9094203114509583,0.926086962223053
YJL066C,YKR068C,0,-5.287543,0.08938746154308319,0.9094203114509583,0.9264492988586426
YNR006W,YBR125C,0,-5.2894397,0.08935564011335373,0.9094203114509583,0.9268115758895874
YKR062W,YBR042C,0,-5.291699,0.08932384103536606,0.9094203114509583,0.927173912525177
YDL078C,YGL001C,0,-5.2943807,0.08929206430912018,0.9094203114509583,0.9275362491607666
YIL133C,YGL009C,0,-5.296025,0.08926030993461609,0.9094203114509583,0.9278985261917114
YMR161W,YIL027C,0,-5.297815,0.08922857791185379,0.9094203114509583,0.928260862827301
YJR007W,YIL094C,0,-5.298332,0.08919687569141388,0.9094203114509583,0.9286231994628906
YBR288C,YDR341C,0,-5.2986455,0.08916518837213516,0.9094203114509583,0.9289855360984802
YDR316W,YDL033C,0,-5.3018956,0.08913352340459824,0.9094203114509583,0.929347813129425
YDR225W,YHR010W,0,-5.3053308,0.0891018807888031,0.9094203114509583,0.9297101497650146
YDL155W,YGR262C,0,-5.3149676,0.08907026052474976,0.9094203114509583,0.9300724864006042
YBR215W,YGR195W,0,-5.3203597,0.0890386626124382,0.9094203114509583,0.9304347634315491
YOR362C,YJR075W,0,-5.32037,0.08900709450244904,0.9094203114509583,0.9307971000671387
YKL186C,YKL101W,0,-5.321444,0.08897554129362106,0.9094203114509583,0.9311594367027283
YNR006W,YLR148W,0,-5.3227754,0.08894401043653488,0.9094203114509583,0.9315217137336731
YHL034C,YGL210W,0,-5.3297067,0.08891250193119049,0.9094203114509583,0.9318840503692627
YOR206W,YLR186W,0,-5.3326097,0.08888102322816849,0.9094203114509583,0.9322463870048523
YMR036C,YHL009C,0,-5.3339677,0.08884955942630768,0.9094203114509583,0.9326087236404419
YNL290W,YDR291W,0,-5.3351235,0.08881811797618866,0.9094203114509583,0.9329710006713867
YJL011C,YIL044C,0,-5.3371854,0.08878669887781143,0.9094203114509583,0.9333333373069763
YEL031W,YGR261C,0,-5.3386188,0.088755302131176,0.9094203114509583,0.9336956739425659
YER008C,YBR290W,0,-5.339078,0.08872392773628235,0.9094203114509583,0.9340579509735107
YMR079W,YNL264C,1,-5.341148,0.0890459343791008,0.9130434989929199,0.9340579509735107
YJR093C,YOL003C,0,-5.342111,0.08901448547840118,0.9130434989929199,0.9344202876091003
YKR003W,YHR001W,1,-5.347034,0.08933615684509277,0.9166666865348816,0.9344202876091003
YOR176W,YDR477W,0,-5.350982,0.08930462598800659,0.9166666865348816,0.9347826242446899
YOL148C,YDL045W-A,0,-5.357883,0.0892731100320816,0.9166666865348816,0.9351449012756348
YEL064C,YLR032W,0,-5.3579535,0.089241623878479,0.9166666865348816,0.9355072379112244
YDL061C,YCR012W,0,-5.367859,0.0892101526260376,0.9166666865348816,0.935869574546814
YOR149C,YJL104W,0,-5.3763413,0.08917871117591858,0.9166666865348816,0.9362319111824036
YNL197C,YJL165C,0,-5.382788,0.08914728462696075,0.9166666865348816,0.9365941882133484
YDL074C,YDR086C,0,-5.3856835,0.08911588788032532,0.9166666865348816,0.936956524848938
YNL047C,YIL042C,0,-5.3875513,0.08908450603485107,0.9166666865348816,0.9373188614845276
YKR006C,YOL066C,0,-5.387751,0.08905315399169922,0.9166666865348816,0.9376811385154724
YCL043C,YLR268W,0,-5.39041,0.08902181684970856,0.9166666865348816,0.938043475151062
YPR019W,YGL174W,0,-5.3915668,0.08899050205945969,0.9166666865348816,0.9384058117866516
YLR214W,YPR124W,0,-5.3998523,0.0889592096209526,0.9166666865348816,0.9387680888175964
YBR002C,YLR078C,0,-5.4004903,0.08892794698476791,0.9166666865348816,0.939130425453186
YOR232W,YOL127W,0,-5.4028573,0.08889669924974442,0.9166666865348816,0.9394927620887756
YBL058W,YLR395C,0,-5.4033217,0.08886547386646271,0.9166666865348816,0.9398550987243652
YEL059C-A,YIL157C,0,-5.4143577,0.08883427083492279,0.9166666865348816,0.9402173757553101
YHR001W,YDR093W,1,-5.416122,0.08915408700704575,0.9202898740768433,0.9402173757553101
YIL049W,YKL175W,0,-5.416461,0.08912280946969986,0.9202898740768433,0.9405797123908997
YGR013W,YOR368W,0,-5.4172664,0.08909154683351517,0.9202898740768433,0.9409420490264893
YCR094W,YDL019C,1,-5.419598,0.0894109383225441,0.9239130616188049,0.9409420490264893
YMR019W,YGL174W,0,-5.4226365,0.08937960118055344,0.9239130616188049,0.9413043260574341
YNL212W,YJR043C,0,-5.429332,0.08934828639030457,0.9239130616188049,0.9416666626930237
YGL257C,YDR054C,0,-5.431868,0.08931698650121689,0.9239130616188049,0.9420289993286133
YJL008C,YDR174W,0,-5.4415965,0.0892857164144516,0.9239130616188049,0.9423912763595581
YEL003W,YIL159W,0,-5.4433317,0.0892544612288475,0.9239130616188049,0.9427536129951477
YJL014W,YJL010C,0,-5.4516597,0.0892232358455658,0.9239130616188049,0.9431159496307373
YER022W,YLR033W,0,-5.452273,0.08919202536344528,0.9239130616188049,0.9434782862663269
YOL146W,YLR033W,0,-5.457187,0.08916083723306656,0.9239130616188049,0.9438405632972717
YMR162C,YER166W,1,-5.461831,0.08947920054197311,0.9275362491607666,0.9438405632972717
YJR010C-A,YLR078C,0,-5.4635816,0.08944793790578842,0.9275362491607666,0.9442028999328613
YOL010W,YDR211W,0,-5.4679146,0.08941669762134552,0.9275362491607666,0.9445652365684509
YJR014W,YDR155C,0,-5.4693284,0.08938547223806381,0.9275362491607666,0.9449275135993958
YML112W,YLR421C,0,-5.473517,0.08935427665710449,0.9275362491607666,0.9452898502349854
YLR113W,YPL206C,0,-5.4804707,0.08932309597730637,0.9275362491607666,0.945652186870575
YER008C,YDR229W,0,-5.481602,0.08929194509983063,0.9275362491607666,0.9460144639015198
YDR140W,YIL145C,0,-5.482592,0.08926080912351608,0.9275362491607666,0.9463768005371094
YGL225W,YMR235C,0,-5.483868,0.08922969549894333,0.9275362491607666,0.946739137172699
YNL265C,YDR304C,0,-5.485523,0.08919860422611237,0.9275362491607666,0.9471014738082886
YCR079W,YMR020W,0,-5.4894004,0.0891675353050232,0.9275362491607666,0.9474637508392334
YPL122C,YKL175W,0,-5.4924035,0.08913648873567581,0.9275362491607666,0.947826087474823
YDR264C,YGR186W,0,-5.492957,0.08910546451807022,0.9275362491607666,0.9481884241104126
YDR389W,YER021W,0,-5.4962707,0.08907446265220642,0.9275362491607666,0.9485507011413574
YJL063C,YAL039C,0,-5.4990487,0.08904347568750381,0.9275362491607666,0.948913037776947
YOL001W,YPL180W,0,-5.5079055,0.0890125185251236,0.9275362491607666,0.9492753744125366
YCR094W,YER166W,1,-5.5128164,0.08932916074991226,0.9311594367027283,0.9492753744125366
YJR058C,YPL259C,0,-5.5145016,0.08929812163114548,0.9311594367027283,0.9496376514434814
YBR127C,YDL055C,0,-5.5293813,0.08926710486412048,0.9311594367027283,0.949999988079071
YHR141C,YPR187W,0,-5.5297523,0.08923611044883728,0.9311594367027283,0.9503623247146606
YDL019C,YDR093W,1,-5.533281,0.08955223858356476,0.9347826242446899,0.9503623247146606
YBR070C,YGR262C,0,-5.535137,0.08952116221189499,0.9347826242446899,0.9507246613502502
YOL103W,YOR043W,0,-5.5389624,0.08949011564254761,0.9347826242446899,0.9510869383811951
YIL050W,YDR162C,0,-5.5389657,0.08945908397436142,0.9347826242446899,0.9514492750167847
YGL145W,YML009C,0,-5.5466948,0.08942807465791702,0.9347826242446899,0.9518116116523743
YKR003W,YER166W,1,-5.554011,0.08974359184503555,0.9384058117866516,0.9518116116523743
YML038C,YML110C,0,-5.5603414,0.08971250802278519,0.9384058117866516,0.9521738886833191
YDR086C,YGL103W,0,-5.5605993,0.08968143910169601,0.9384058117866516,0.9525362253189087
YGR037C,YER166W,1,-5.563248,0.08999653905630112,0.9420289993286133,0.9525362253189087
YDL143W,YIL110W,0,-5.5642896,0.08996539562940598,0.9420289993286133,0.9528985619544983
YGL051W,YBR077C,0,-5.5661592,0.08993428200483322,0.9420289993286133,0.9532608985900879
YGL172W,YOR008C,0,-5.566768,0.08990318328142166,0.9420289993286133,0.9536231756210327
YOR239W,YLR027C,0,-5.5732675,0.08987210690975189,0.9420289993286133,0.9539855122566223
YJL065C,YPL083C,0,-5.580158,0.08984105288982391,0.9420289993286133,0.9543478488922119
YGR199W,YFL044C,0,-5.5847015,0.08981001377105713,0.9420289993286133,0.9547101259231567
YGR134W,YDR337W,0,-5.5862746,0.08977900445461273,0.9420289993286133,0.9550724625587463
YGR221C,YBL018C,0,-5.591063,0.08974801748991013,0.9420289993286133,0.9554347991943359
YGR132C,YDR288W,0,-5.5979214,0.08971704542636871,0.9420289993286133,0.9557970762252808
YBL090W,YFL047W,0,-5.601545,0.08968609571456909,0.9420289993286133,0.9561594128608704
YDR169C,YBR223C,0,-5.6056743,0.08965517580509186,0.9420289993286133,0.95652174949646
YBR041W,YDL019C,1,-5.631953,0.0899689793586731,0.945652186870575,0.95652174949646
YPR009W,YMR162C,1,-5.639042,0.09028256684541702,0.9492753744125366,0.95652174949646
YMR079W,YLR380W,1,-5.639364,0.09059593826532364,0.9528985619544983,0.95652174949646
YKR003W,YBR041W,1,-5.6399083,0.09090909361839294,0.95652174949646,0.95652174949646
YIL124W,YGL191W,0,-5.643233,0.09087779372930527,0.95652174949646,0.9568840861320496
YHR132C,YDR390C,0,-5.6505237,0.09084652364253998,0.95652174949646,0.9572463631629944
YOL045W,YGL130W,0,-5.651978,0.09081527590751648,0.95652174949646,0.957608699798584
YHR064C,YLR078C,0,-5.6534295,0.09078404307365417,0.95652174949646,0.9579710364341736
YOR336W,YOR261C,0,-5.6580815,0.09075283259153366,0.95652174949646,0.9583333134651184
YDR267C,YOL064C,0,-5.6584764,0.09072165191173553,0.95652174949646,0.958695650100708
YCR094W,YHR001W,1,-5.665294,0.09103401005268097,0.9601449370384216,0.958695650100708
YGL136C,YBL057C,0,-5.6677756,0.09100274741649628,0.9601449370384216,0.9590579867362976
YDL007W,YDR477W,0,-5.6678767,0.09097150713205338,0.9601449370384216,0.9594202637672424
YOR118W,YOL136C,0,-5.6770644,0.09094028919935226,0.9601449370384216,0.959782600402832
YOR175C,YKL190W,0,-5.6790504,0.09090909361839294,0.9601449370384216,0.9601449370384216
YDL002C,YLR032W,0,-5.6817007,0.09087791293859482,0.9601449370384216,0.9605072736740112
YIL114C,YBR145W,0,-5.6820893,0.09084676206111908,0.9601449370384216,0.960869550704956
YDL019C,YHR001W,1,-5.685943,0.09115833044052124,0.9637681245803833,0.960869550704956
YER125W,YOR362C,0,-5.6892867,0.09112709760665894,0.9637681245803833,0.9612318873405457
YDR128W,YBR122C,0,-5.6949353,0.09109588712453842,0.9637681245803833,0.9615942239761353
YML115C,YGL068W,0,-5.6995425,0.0910647064447403,0.9637681245803833,0.9619565010070801
YFL039C,YDR086C,0,-5.7004695,0.09103354066610336,0.9637681245803833,0.9623188376426697
YBR216C,YPR083W,0,-5.700584,0.09100239723920822,0.9637681245803833,0.9626811742782593
YBR106W,YLR378C,0,-5.7088504,0.09097126871347427,0.9637681245803833,0.9630434513092041
YAL053W,YMR071C,0,-5.715098,0.09094016999006271,0.9637681245803833,0.9634057879447937
YPL129W,YCR009C,0,-5.7232833,0.09090909361839294,0.9637681245803833,0.9637681245803833
YNL015W,YBR024W,0,-5.729237,0.09087803214788437,0.9637681245803833,0.9641304612159729
YDR082W,YGL145W,0,-5.734302,0.09084699302911758,0.9637681245803833,0.9644927382469177
YJL155C,YPL164C,0,-5.7349887,0.09081597626209259,0.9637681245803833,0.9648550748825073
YBR267W,YKR092C,0,-5.7387652,0.09078498184680939,0.9637681245803833,0.9652174115180969
YGL173C,YGL083W,0,-5.7396326,0.09075400978326797,0.9637681245803833,0.9655796885490417
YIL048W,YJL128C,0,-5.7402487,0.09072305262088776,0.9637681245803833,0.9659420251846313
YOR089C,YPL270W,0,-5.7403045,0.09069212526082993,0.9637681245803833,0.966304361820221
YPL045W,YPL053C,0,-5.751067,0.09066121280193329,0.9637681245803833,0.9666666388511658
YHR174W,YNL209W,0,-5.7520366,0.09063032269477844,0.9637681245803833,0.9670289754867554
YJL006C,YER115C,0,-5.7533507,0.09059945493936539,0.9637681245803833,0.967391312122345
YDR311W,YBR265W,0,-5.75985,0.09056860953569412,0.9637681245803833,0.9677536487579346
YNL149C,YBR264C,0,-5.7672687,0.09053777903318405,0.9637681245803833,0.9681159257888794
YDR518W,YNL079C,0,-5.7696004,0.09050697833299637,0.9637681245803833,0.968478262424469
YBR070C,YLR395C,0,-5.77733,0.09047619253396988,0.9637681245803833,0.9688405990600586
YDR498C,YDR362C,0,-5.781364,0.09044542908668518,0.9637681245803833,0.9692028760910034
YBR041W,YER166W,1,-5.7834063,0.09075459092855453,0.967391312122345,0.9692028760910034
YDL019C,YER166W,1,-5.7888055,0.09106354415416718,0.9710144996643066,0.9692028760910034
YDL079C,YDR291W,0,-5.809727,0.09103260934352875,0.9710144996643066,0.969565212726593
YEL038W,YGR261C,0,-5.82167,0.09100169688463211,0.9710144996643066,0.9699275493621826
YGR047C,YMR024W,0,-5.830362,0.09097080677747726,0.9710144996643066,0.9702898263931274
YLL050C,YGL040C,0,-5.839976,0.09093993902206421,0.9710144996643066,0.970652163028717
YDR051C,YNL071W,0,-5.842563,0.09090909361839294,0.9710144996643066,0.9710144996643066
YDL019C,YMR162C,1,-5.844591,0.09121736139059067,0.9746376872062683,0.9710144996643066
YJL008C,YLR429W,0,-5.862455,0.09118644148111343,0.9746376872062683,0.9713768362998962
YLL036C,YDR341C,0,-5.86338,0.09115554392337799,0.9746376872062683,0.9717391133308411
YLR163C,YPL119C,0,-5.8636613,0.09112466126680374,0.9746376872062683,0.9721014499664307
YJL111W,YNL316C,0,-5.8689685,0.09109380096197128,0.9746376872062683,0.9724637866020203
YML106W,YCR034W,0,-5.8731174,0.09106296300888062,0.9746376872062683,0.9728260636329651
YGR081C,YNL252C,0,-5.8798747,0.09103214740753174,0.9746376872062683,0.9731884002685547
YGL043W,YER083C,0,-5.879984,0.09100135415792465,0.9746376872062683,0.9735507369041443
YDL067C,YCR046C,0,-5.8836455,0.09097057580947876,0.9746376872062683,0.9739130139350891
YGR276C,YAL035W,0,-5.897626,0.09093982726335526,0.9746376872062683,0.9742753505706787
YDR389W,YOR229W,0,-5.9053984,0.09090909361839294,0.9746376872062683,0.9746376872062683
YDR084C,YDL128W,0,-5.9064646,0.09087837487459183,0.9746376872062683,0.9750000238418579
YPR036W,YOR323C,0,-5.9150095,0.0908476859331131,0.9746376872062683,0.9753623008728027
YLR314C,YGL173C,0,-5.9204936,0.09081701189279556,0.9746376872062683,0.9757246375083923
YKR006C,YNL272C,0,-5.9309587,0.09078636765480042,0.9746376872062683,0.9760869741439819
YER150W,YLR327C,0,-5.938137,0.09075573831796646,0.9746376872062683,0.9764492511749268
YOL151W,YBR201W,0,-5.962381,0.0907251238822937,0.9746376872062683,0.9768115878105164
YNL015W,YGR029W,0,-5.967832,0.09069453924894333,0.9746376872062683,0.977173924446106
YAL062W,YOR149C,0,-5.9726067,0.09066396951675415,0.9746376872062683,0.9775362610816956
YMR043W,YMR005W,0,-5.975946,0.09063342213630676,0.9746376872062683,0.9778985381126404
YKL176C,YBL020W,0,-5.982758,0.09060289710760117,0.9746376872062683,0.97826087474823
YJR068W,YAL042W,0,-5.988914,0.09057238698005676,0.9746376872062683,0.9786232113838196
YDR419W,YGL003C,0,-5.9976087,0.09054190665483475,0.9746376872062683,0.9789854884147644
YOL149W,YOR039W,0,-6.00569,0.09051144123077393,0.9746376872062683,0.979347825050354
YGR037C,YBR041W,1,-6.006017,0.09081735461950302,0.97826087474823,0.979347825050354
YER125W,YGL038C,0,-6.0073886,0.09078682214021683,0.97826087474823,0.9797101616859436
YGR033C,YHR091C,0,-6.0199347,0.09075630456209183,0.97826087474823,0.9800724387168884
YOL056W,YLR219W,0,-6.0290627,0.09072580933570862,0.97826087474823,0.980434775352478
YGR163W,YDR510W,0,-6.032821,0.0906953290104866,0.97826087474823,0.9807971119880676
YOR038C,YER075C,0,-6.0427,0.09066487848758698,0.97826087474823,0.9811594486236572
YLL036C,YIL050W,0,-6.0455127,0.09063444286584854,0.97826087474823,0.981521725654602
YBR041W,YDR093W,1,-6.0575047,0.09093959629535675,0.9818840622901917,0.981521725654602
YLL050C,YMR314W,0,-6.0684533,0.09090909361839294,0.9818840622901917,0.9818840622901917
YCR046C,YDL120W,0,-6.0843854,0.09087860584259033,0.9818840622901917,0.9822463989257812
YOR067C,YDR169C,0,-6.085481,0.09084814041852951,0.9818840622901917,0.9826086759567261
YAL025C,YKL143W,0,-6.0906405,0.09081769734621048,0.9818840622901917,0.9829710125923157
YDR466W,YDR477W,0,-6.1164517,0.09078726917505264,0.9818840622901917,0.9833333492279053
YER126C,YDL060W,0,-6.1200566,0.0907568633556366,0.9818840622901917,0.9836956262588501
YLR051C,YER082C,0,-6.1405597,0.09072647988796234,0.9818840622901917,0.9840579628944397
YHR001W,YER166W,1,-6.146442,0.0910307914018631,0.9855072498321533,0.9840579628944397
YGL166W,YBL105C,0,-6.1547203,0.09100033342838287,0.9855072498321533,0.9844202995300293
YAL047C,YGL174W,0,-6.1582704,0.09096989780664444,0.9855072498321533,0.9847826361656189
YHR084W,YJL041W,0,-6.158438,0.0909394845366478,0.9855072498321533,0.9851449131965637
YNL290W,YFR037C,0,-6.1674967,0.09090909361839294,0.9855072498321533,0.9855072498321533
YKL188C,YDL019C,1,-6.1703897,0.09121283143758774,0.989130437374115,0.9855072498321533
YNL099C,YPR032W,0,-6.180211,0.09118236601352692,0.989130437374115,0.9858695864677429
YOR149C,YNL273W,0,-6.1876254,0.09115192294120789,0.989130437374115,0.9862318634986877
YOR224C,YHR013C,0,-6.190803,0.09112149477005005,0.989130437374115,0.9865942001342773
YBR247C,YJL148W,0,-6.205624,0.091091088950634,0.989130437374115,0.9869565367698669
YDL197C,YGL163C,0,-6.211426,0.09106070548295975,0.989130437374115,0.9873188138008118
YDR167W,YDR466W,0,-6.217687,0.09103034436702728,0.989130437374115,0.9876811504364014
YDL137W,YDL029W,0,-6.2520328,0.09099999815225601,0.989130437374115,0.988043487071991
YGR074W,YIL044C,0,-6.2561936,0.09096967428922653,0.989130437374115,0.9884058237075806
YCR033W,YDR255C,0,-6.261625,0.09093937277793884,0.989130437374115,0.9887681007385254
YGR037C,YKR003W,1,-6.28611,0.09124208986759186,0.9927536249160767,0.9887681007385254
YNL291C,YMR054W,0,-6.328383,0.0912117213010788,0.9927536249160767,0.989130437374115
YBL102W,YNL079C,0,-6.341063,0.09118136763572693,0.9927536249160767,0.9894927740097046
YIL090W,YKL074C,0,-6.374938,0.09115102887153625,0.9927536249160767,0.9898550510406494
YPL037C,YGL147C,0,-6.376108,0.09112071990966797,0.9927536249160767,0.990217387676239
YCR060W,YDR079W,0,-6.404947,0.09109042584896088,0.9927536249160767,0.9905797243118286
YNL154C,YCL011C,0,-6.4189715,0.09106015413999557,0.9927536249160767,0.9909420013427734
YDR151C,YKL175W,0,-6.4227643,0.09102989733219147,0.9927536249160767,0.991304337978363
YPR023C,YLR027C,0,-6.4896703,0.09099967032670975,0.9927536249160767,0.9916666746139526
YER166W,YDR093W,1,-6.4964223,0.09130146354436874,0.9963768124580383,0.9916666746139526
YNL039W,YNL271C,0,-6.5291924,0.09127116203308105,0.9963768124580383,0.9920290112495422
YIL063C,YKR030W,0,-6.5323205,0.09124087542295456,0.9963768124580383,0.9923912882804871
YER114C,YGL003C,0,-6.560058,0.09121061116456985,0.9963768124580383,0.9927536249160767
YBR290W,YBR170C,0,-6.609426,0.09118036925792694,0.9963768124580383,0.9931159615516663
YMR112C,YJR058C,0,-6.6172605,0.09115014970302582,0.9963768124580383,0.9934782385826111
YDL115C,YBR201W,0,-6.6203094,0.09111994504928589,0.9963768124580383,0.9938405752182007
YBR127C,YGR279C,0,-6.6333804,0.09108976274728775,0.9963768124580383,0.9942029118537903
YDR299W,YPL012W,0,-6.6902013,0.0910596027970314,0.9963768124580383,0.9945651888847351
YDR299W,YJR002W,0,-6.703253,0.09102945774793625,0.9963768124580383,0.9949275255203247
YKL160W,YDR466W,0,-6.716039,0.09099933505058289,0.9963768124580383,0.9952898621559143
YIL065C,YOR036W,0,-6.7431817,0.09096923470497131,0.9963768124580383,0.9956521987915039
YPR080W,YOR133W,0,-6.774548,0.09093915671110153,0.9963768124580383,0.9960144758224487
YGR002C,YDR228C,0,-6.8126283,0.09090909361839294,0.9963768124580383,0.9963768124580383
YJR058C,YDR462W,0,-6.82905,0.09087904542684555,0.9963768124580383,0.9967391490936279
YDR164C,YDR477W,0,-6.8413587,0.09084902703762054,0.9963768124580383,0.9971014261245728
YIL063C,YAL029C,0,-6.867084,0.09081902354955673,0.9963768124580383,0.9974637627601624
YKR003W,YDL019C,1,-6.987536,0.0911191776394844,1.0,0.9974637627601624
YMR197C,YOL054W,0,-7.0086064,0.09108910709619522,1.0,0.997826099395752
YOR332W,YOR122C,0,-7.0634685,0.09105905890464783,1.0,0.9981883764266968
YLR051C,YNL002C,0,-7.1047797,0.09102902561426163,1.0,0.9985507130622864
YPR108W,YER094C,0,-7.3288856,0.09099900722503662,1.0,0.998913049697876
YDR447C,YDR385W,0,-7.7650647,0.090969018638134,1.0,0.9992753863334656
YBR036C,YNL219C,0,-7.939002,0.09093904495239258,1.0,0.9996376633644104
YHL033C,YJL136C,0,-9.312493,0.09090909361839294,1.0,1.0
