Gene A,Gene B,Label,Score,Precision,Recall,False Positive Rate
YIL005W,YER130C,0,-0.8216036,0.0,0.0,0.00021505376207642257
YLR425W,YNL272C,1,-0.91356826,0.5,0.0021505376789718866,0.00021505376207642257
YGL167C,YPL103C,0,-0.93583643,0.3333333432674408,0.0021505376789718866,0.00043010752415284514
YHR020W,YLR442C,0,-1.016531,0.25,0.0021505376789718866,0.0006451613153330982
YLR371W,YBR131W,1,-1.0275204,0.4000000059604645,0.004301075357943773,0.0006451613153330982
YMR286W,YBR278W,0,-1.046315,0.3333333432674408,0.004301075357943773,0.0008602150483056903
YKL020C,YKR055W,0,-1.0535963,0.2857142984867096,0.004301075357943773,0.0010752688394859433
YLL016W,YER155C,1,-1.0817952,0.375,0.006451612804085016,0.0010752688394859433
YPL011C,YDR025W,0,-1.0877588,0.3333333432674408,0.006451612804085016,0.0012903226306661963
YDR253C,YJL013C,0,-1.095031,0.30000001192092896,0.006451612804085016,0.0015053763054311275
YGR129W,YOR172W,0,-1.1025817,0.27272728085517883,0.006451612804085016,0.0017204300966113806
YOR192C,YMR221C,0,-1.1067152,0.25,0.006451612804085016,0.0019354838877916336
YDR211W,YLR425W,1,-1.1072757,0.3076923191547394,0.008602150715887547,0.0019354838877916336
YDR211W,YGR070W,1,-1.1105773,0.3571428656578064,0.01075268816202879,0.0019354838877916336
YPL133C,YLR283W,0,-1.113327,0.3333333432674408,0.01075268816202879,0.0021505376789718866
YJR027W,YGL119W,0,-1.1135786,0.3125,0.01075268816202879,0.0023655914701521397
YOR138C,YBR146W,0,-1.1143782,0.29411765933036804,0.01075268816202879,0.0025806452613323927
YLR105C,YMR192W,0,-1.1157951,0.2777777910232544,0.01075268816202879,0.002795698819682002
YIL018W,YKL205W,0,-1.1190383,0.2631579041481018,0.01075268816202879,0.003010752610862255
YNL039W,YLR143W,0,-1.1196921,0.25,0.01075268816202879,0.003225806402042508
YNL246W,YML081W,0,-1.1232357,0.2380952388048172,0.01075268816202879,0.003440860193222761
YJR135W-A,YIL143C,0,-1.1245458,0.22727273404598236,0.01075268816202879,0.003655913984403014
YKL132C,YKL114C,0,-1.1274958,0.21739129722118378,0.01075268816202879,0.003870967775583267
YDR520C,YNL137C,0,-1.1305189,0.2083333283662796,0.01075268816202879,0.004086021333932877
YOR090C,YDR422C,0,-1.1357639,0.20000000298023224,0.01075268816202879,0.004301075357943773
YKL129C,YIL080W,0,-1.153322,0.19230769574642181,0.01075268816202879,0.004516128916293383
YOR275C,YJR082C,0,-1.1589513,0.18518517911434174,0.01075268816202879,0.004731182940304279
YLL016W,YBR042C,0,-1.1616037,0.1785714328289032,0.01075268816202879,0.004946236498653889
YBR156C,YDR510W,0,-1.1617367,0.17241379618644714,0.01075268816202879,0.005161290522664785
YER093C,YPR017C,1,-1.1692958,0.20000000298023224,0.012903225608170033,0.005161290522664785
YPR095C,YBR131W,1,-1.1694522,0.22580644488334656,0.015053763054311275,0.005161290522664785
YNL213C,YCR038C,0,-1.1708012,0.21875,0.015053763054311275,0.005376344081014395
YML021C,YNL020C,0,-1.1745467,0.21212121844291687,0.015053763054311275,0.005591397639364004
YNL223W,YER007W,0,-1.17502,0.20588235557079315,0.015053763054311275,0.005806451663374901
YNL159C,YEL019C,0,-1.1763575,0.20000000298023224,0.015053763054311275,0.00602150522172451
YOR357C,YJR131W,0,-1.1782892,0.1944444477558136,0.015053763054311275,0.006236559245735407
YIL014W,YHL040C,0,-1.1788676,0.18918919563293457,0.015053763054311275,0.006451612804085016
YDR351W,YOR084W,0,-1.1796126,0.18421052396297455,0.015053763054311275,0.006666666828095913
YJL078C,YML047C,0,-1.1803317,0.1794871836900711,0.015053763054311275,0.006881720386445522
YLR310C,YAL041W,1,-1.181648,0.20000000298023224,0.017204301431775093,0.006881720386445522
YJR028W,YPL119C,0,-1.1833158,0.19512194395065308,0.017204301431775093,0.007096774410456419
YER167W,YBL035C,0,-1.1864645,0.190476194024086,0.017204301431775093,0.007311827968806028
YBL055C,YGL035C,0,-1.1868153,0.1860465109348297,0.017204301431775093,0.007526881527155638
YJL196C,YPL100W,0,-1.190803,0.1818181872367859,0.017204301431775093,0.007741935551166534
YDR437W,YHR165C,0,-1.1928339,0.17777778208255768,0.017204301431775093,0.007956989109516144
YMR237W,YDL065C,0,-1.1939666,0.17391304671764374,0.017204301431775093,0.008172042667865753
YGL163C,YIL108W,0,-1.1953864,0.1702127605676651,0.017204301431775093,0.008387097157537937
YGR112W,YKL088W,0,-1.1966169,0.1666666716337204,0.017204301431775093,0.008602150715887547
YDL189W,YKL006C-A,0,-1.1996281,0.16326530277729034,0.017204301431775093,0.008817204274237156
YLR310C,YLL017W,1,-1.2010417,0.18000000715255737,0.019354838877916336,0.008817204274237156
YGR062C,YMR100W,0,-1.2037764,0.1764705926179886,0.019354838877916336,0.009032257832586765
YOR204W,YLR427W,0,-1.2057388,0.17307692766189575,0.019354838877916336,0.009247311390936375
YBR097W,YDR296W,0,-1.2066808,0.16981132328510284,0.019354838877916336,0.009462365880608559
YHR011W,YEL016C,0,-1.2070024,0.1666666716337204,0.019354838877916336,0.009677419438958168
YHR164C,YGR244C,0,-1.2074335,0.16363635659217834,0.019354838877916336,0.009892472997307777
YJR028W,YLR276C,0,-1.2080634,0.1607142835855484,0.019354838877916336,0.010107526555657387
YDL175C,YOR211C,0,-1.2080817,0.15789473056793213,0.019354838877916336,0.01032258104532957
YPL210C,YOR127W,0,-1.2085657,0.1551724076271057,0.019354838877916336,0.01053763460367918
YOL043C,YNL123W,0,-1.210017,0.1525423675775528,0.019354838877916336,0.01075268816202879
YBL055C,YCL050C,0,-1.2136762,0.15000000596046448,0.019354838877916336,0.010967741720378399
YOR244W,YNL294C,0,-1.2137043,0.14754098653793335,0.019354838877916336,0.011182795278728008
YLR278C,YOR181W,0,-1.2151341,0.14516128599643707,0.019354838877916336,0.011397849768400192
YGL097W,YAL041W,1,-1.2168925,0.1587301641702652,0.02150537632405758,0.011397849768400192
YGL243W,YPR096C,0,-1.2169626,0.15625,0.02150537632405758,0.011612903326749802
YJL149W,YKR027W,0,-1.2190099,0.1538461595773697,0.02150537632405758,0.011827956885099411
YER015W,YPL202C,0,-1.2190602,0.1515151560306549,0.02150537632405758,0.01204301044344902
YBL005W,YEL015W,0,-1.2196217,0.1492537260055542,0.02150537632405758,0.012258064933121204
YER125W,YOR279C,0,-1.2240951,0.14705882966518402,0.02150537632405758,0.012473118491470814
YBL106C,YJR045C,0,-1.2270787,0.14492753148078918,0.02150537632405758,0.012688172049820423
YDR322W,YDR495C,0,-1.2283132,0.1428571492433548,0.02150537632405758,0.012903225608170033
YPR032W,YJR005W,0,-1.2288475,0.14084507524967194,0.02150537632405758,0.013118279166519642
YML027W,YNL137C,0,-1.2299454,0.1388888955116272,0.02150537632405758,0.013333333656191826
YPL168W,YMR270C,0,-1.2299497,0.13698630034923553,0.02150537632405758,0.013548387214541435
YPR095C,YLL017W,1,-1.2310948,0.14864864945411682,0.023655913770198822,0.013548387214541435
YLL016W,YGR083C,1,-1.2313488,0.1599999964237213,0.025806451216340065,0.013548387214541435
YEL043W,YGL045W,0,-1.2336204,0.15789473056793213,0.025806451216340065,0.013763440772891045
YMR225C,YAL020C,0,-1.2348328,0.15584415197372437,0.025806451216340065,0.013978494331240654
YER113C,YGR040W,0,-1.2349601,0.1538461595773697,0.025806451216340065,0.014193548820912838
YDL175C,YFL036W,0,-1.2374012,0.15189872682094574,0.025806451216340065,0.014408602379262447
YKL028W,YOR089C,0,-1.238092,0.15000000596046448,0.025806451216340065,0.014623655937612057
YLL017W,YER155C,1,-1.2386706,0.16049382090568542,0.027956988662481308,0.014623655937612057
YLR433C,YJR092W,0,-1.2390175,0.15853658318519592,0.027956988662481308,0.014838709495961666
YOR221C,YJL046W,0,-1.2402008,0.15662650763988495,0.027956988662481308,0.015053763054311275
YML005W,YIL070C,0,-1.242178,0.1547619104385376,0.027956988662481308,0.01526881754398346
YPR043W,YJR021C,0,-1.2461829,0.15294118225574493,0.027956988662481308,0.015483871102333069
YNL181W,YCR107W,0,-1.2463067,0.151162788271904,0.027956988662481308,0.015698924660682678
YOL100W,YAL041W,0,-1.2465703,0.14942528307437897,0.027956988662481308,0.015913978219032288
YLL067C,YOR267C,0,-1.2499318,0.14772726595401764,0.027956988662481308,0.016129031777381897
YDR038C,YBR081C,0,-1.2519233,0.14606741070747375,0.027956988662481308,0.016344085335731506
YFL045C,YGR260W,0,-1.2522268,0.14444445073604584,0.027956988662481308,0.016559138894081116
YCR038C,YBR131W,1,-1.2530546,0.1538461595773697,0.03010752610862255,0.016559138894081116
YNL107W,YPL177C,0,-1.2547219,0.15217390656471252,0.03010752610862255,0.016774194315075874
YCL039W,YHL003C,0,-1.2563012,0.1505376398563385,0.03010752610862255,0.016989247873425484
YOR288C,YOR106W,0,-1.2596407,0.1489361673593521,0.03010752610862255,0.017204301431775093
YJR028W,YGL211W,0,-1.2601278,0.1473684161901474,0.03010752610862255,0.017419354990124702
YDR041W,YOR322C,0,-1.2601488,0.1458333283662796,0.03010752610862255,0.017634408548474312
YDR019C,YDL109C,0,-1.2611959,0.14432989060878754,0.03010752610862255,0.01784946210682392
YGR165W,YML006C,0,-1.2616801,0.1428571492433548,0.03010752610862255,0.01806451566517353
YNL272C,YBR131W,1,-1.2625389,0.1515151560306549,0.032258063554763794,0.01806451566517353
YEL058W,YPL096W,0,-1.2629032,0.15000000596046448,0.032258063554763794,0.01827956922352314
YGR017W,YLR048W,0,-1.2631879,0.14851485192775726,0.032258063554763794,0.01849462278187275
YMR100W,YNL213C,0,-1.2634296,0.14705882966518402,0.032258063554763794,0.018709678202867508
YLL003W,YOR316C,0,-1.2650127,0.1456310749053955,0.032258063554763794,0.018924731761217117
YNL221C,YMR194W,0,-1.2661948,0.14423076808452606,0.032258063554763794,0.019139785319566727
YPL131W,YGR104C,0,-1.2694366,0.1428571492433548,0.032258063554763794,0.019354838877916336
YDR126W,YOL066C,0,-1.2696064,0.14150942862033844,0.032258063554763794,0.019569892436265945
YLR033W,YOR278W,0,-1.2707019,0.14018692076206207,0.032258063554763794,0.019784945994615555
YJL141C,YPL049C,0,-1.2707644,0.1388888955116272,0.032258063554763794,0.019999999552965164
YJL181W,YNL251C,0,-1.2717235,0.1376146823167801,0.032258063554763794,0.020215053111314774
YMR109W,YOR067C,0,-1.2718399,0.13636364042758942,0.032258063554763794,0.020430106669664383
YER025W,YJL162C,0,-1.2738307,0.13513512909412384,0.032258063554763794,0.02064516209065914
YNR015W,YGR170W,0,-1.2760179,0.1339285671710968,0.032258063554763794,0.02086021564900875
YOR060C,YBL007C,0,-1.2760265,0.13274335861206055,0.032258063554763794,0.02107526920735836
YNR028W,YLR098C,0,-1.2762368,0.1315789520740509,0.032258063554763794,0.02129032276570797
YLR092W,YGR063C,0,-1.2765431,0.1304347813129425,0.032258063554763794,0.02150537632405758
YPR095C,YAL041W,1,-1.2779737,0.13793103396892548,0.034408602863550186,0.02150537632405758
YFR031C,YDL216C,0,-1.2790198,0.1367521435022354,0.034408602863550186,0.02172042988240719
YMR025W,YMR100W,0,-1.2791755,0.1355932205915451,0.034408602863550186,0.021935483440756798
YHL011C,YLR208W,0,-1.279527,0.13445378839969635,0.034408602863550186,0.022150536999106407
YLR039C,YGR070W,1,-1.2796004,0.14166666567325592,0.03655913844704628,0.022150536999106407
YER101C,YPR111W,0,-1.2843127,0.14049586653709412,0.03655913844704628,0.022365590557456017
YDL134C,YBR042C,0,-1.2848101,0.13934426009655,0.03655913844704628,0.022580645978450775
YLL016W,YPR095C,1,-1.2848139,0.1463414579629898,0.03870967775583267,0.022580645978450775
YPL204W,YDR004W,0,-1.2849307,0.14516128599643707,0.03870967775583267,0.022795699536800385
YPL274W,YDR025W,0,-1.2856774,0.14399999380111694,0.03870967775583267,0.023010753095149994
YNL121C,YMR005W,0,-1.2879121,0.1428571492433548,0.03870967775583267,0.023225806653499603
YNL046W,YKR053C,0,-1.2882984,0.14173229038715363,0.03870967775583267,0.023440860211849213
YDR026C,YDR318W,0,-1.2883339,0.140625,0.03870967775583267,0.023655913770198822
YLR052W,YHR051W,0,-1.2907903,0.13953489065170288,0.03870967775583267,0.02387096732854843
YJR051W,YFR037C,0,-1.2923732,0.13846154510974884,0.03870967775583267,0.02408602088689804
YBR231C,YDR406W,0,-1.2926822,0.13740457594394684,0.03870967775583267,0.02430107444524765
YFL048C,YMR300C,0,-1.2928019,0.13636364042758942,0.03870967775583267,0.02451612986624241
YMR098C,YJR060W,0,-1.2932436,0.13533835113048553,0.03870967775583267,0.024731183424592018
YHR057C,YKL059C,0,-1.2949934,0.13432836532592773,0.03870967775583267,0.024946236982941628
YKR034W,YDL217C,0,-1.2952869,0.13333334028720856,0.03870967775583267,0.025161290541291237
YKL045W,YDR028C,0,-1.297008,0.13235294818878174,0.03870967775583267,0.025376344099640846
YLR328W,YDR151C,0,-1.2971175,0.131386861205101,0.03870967775583267,0.025591397657990456
YFR038W,YDR383C,0,-1.2983322,0.1304347813129425,0.03870967775583267,0.025806451216340065
YER087C-A,YGR260W,0,-1.2996619,0.12949639558792114,0.03870967775583267,0.026021504774689674
YDR494W,YJR082C,0,-1.3018091,0.12857143580913544,0.03870967775583267,0.026236558333039284
YOR179C,YLR223C,0,-1.3024051,0.12765957415103912,0.03870967775583267,0.026451613754034042
YIR032C,YLR315W,0,-1.3026419,0.1267605572938919,0.03870967775583267,0.02666666731238365
YNL107W,YPR055W,0,-1.3028686,0.1258741319179535,0.03870967775583267,0.02688172087073326
YOR260W,YLR039C,1,-1.3031507,0.1319444477558136,0.040860213339328766,0.02688172087073326
YDL093W,YNL129W,0,-1.3047464,0.1310344785451889,0.040860213339328766,0.02709677442908287
YOR322C,YNL301C,0,-1.3049691,0.13013698160648346,0.040860213339328766,0.02731182798743248
YGR062C,YLR207W,0,-1.3063164,0.12925170361995697,0.040860213339328766,0.02752688154578209
YLR425W,YBR131W,1,-1.3071232,0.13513512909412384,0.04301075264811516,0.02752688154578209
YML047C,YJR010W,0,-1.3074715,0.1342281848192215,0.04301075264811516,0.0277419351041317
YJR051W,YKL005C,0,-1.3075016,0.13333334028720856,0.04301075264811516,0.027956988662481308
YOR291W,YGL019W,0,-1.3093681,0.13245032727718353,0.04301075264811516,0.028172042220830917
YLR337C,YLL031C,0,-1.3098414,0.1315789520740509,0.04301075264811516,0.028387097641825676
YIL120W,YMR074C,0,-1.3103199,0.13071896135807037,0.04301075264811516,0.028602151200175285
YDL060W,YDR127W,0,-1.3104663,0.12987013161182404,0.04301075264811516,0.028817204758524895
YLR113W,YDR472W,0,-1.311717,0.12903225421905518,0.04301075264811516,0.029032258316874504
YOL078W,YBR218C,0,-1.3128893,0.12820513546466827,0.04301075264811516,0.029247311875224113
YAL028W,YFL041W,0,-1.3142152,0.12738853693008423,0.04301075264811516,0.029462365433573723
YHR079C,YMR065W,0,-1.3146036,0.1265822798013687,0.04301075264811516,0.029677418991923332
YPR095C,YPR017C,1,-1.3158484,0.1320754736661911,0.04516129195690155,0.029677418991923332
YDR240C,YNL325C,0,-1.3163545,0.13124999403953552,0.04516129195690155,0.02989247255027294
YBR160W,YDR197W,0,-1.3192582,0.1304347813129425,0.04516129195690155,0.03010752610862255
YBR245C,YOR101W,0,-1.3198283,0.12962962687015533,0.04516129195690155,0.03032258152961731
YKL126W,YPL209C,0,-1.3208156,0.12883435189723969,0.04516129195690155,0.03053763508796692
YOR216C,YDL077C,0,-1.3209333,0.12804877758026123,0.04516129195690155,0.03075268864631653
YOL112W,YOR304W,0,-1.3216729,0.12727272510528564,0.04516129195690155,0.030967742204666138
YLR010C,YAL020C,0,-1.3228316,0.1265060305595398,0.04516129195690155,0.031182795763015747
YDR362C,YBL022C,0,-1.3228741,0.12574850022792816,0.04516129195690155,0.031397849321365356
YMR232W,YMR035W,0,-1.3238807,0.125,0.04516129195690155,0.031612902879714966
YJR054W,YOL082W,0,-1.3256712,0.12426035851240158,0.04516129195690155,0.031827956438064575
YGR216C,YBR233W-A,0,-1.3257139,0.12352941185235977,0.04516129195690155,0.032043009996414185
YDR501W,YIL048W,0,-1.3260446,0.12280701845884323,0.04516129195690155,0.032258063554763794
YGR246C,YMR086W,0,-1.3273993,0.12209302186965942,0.04516129195690155,0.0324731171131134
YBR274W,YML120C,0,-1.3275073,0.12138728052377701,0.04516129195690155,0.03268817067146301
YJR055W,YBL113C,0,-1.3295059,0.12068965286016464,0.04516129195690155,0.03290322422981262
YJR028W,YJR032W,0,-1.3301287,0.11999999731779099,0.04516129195690155,0.03311827778816223
YLR343W,YPL063W,0,-1.3315167,0.11931817978620529,0.04516129195690155,0.03333333507180214
YNL206C,YDL206W,0,-1.3318443,0.11864406615495682,0.04516129195690155,0.03354838863015175
YNL272C,YLR291C,1,-1.3340943,0.12359550595283508,0.047311827540397644,0.03354838863015175
YDR251W,YBR006W,0,-1.3343654,0.12290503084659576,0.047311827540397644,0.03376344218850136
YKL032C,YDR312W,0,-1.3345017,0.12222222238779068,0.047311827540397644,0.03397849574685097
YOL012C,YJR092W,0,-1.3347974,0.12154696136713028,0.047311827540397644,0.03419354930520058
YDR228C,YPL121C,0,-1.3363125,0.12087912112474442,0.047311827540397644,0.034408602863550186
YMR043W,YER096W,0,-1.3370466,0.12021858245134354,0.047311827540397644,0.034623656421899796
YMR213W,YDL210W,0,-1.3383772,0.1195652186870575,0.047311827540397644,0.034838709980249405
YCL061C,YML107C,0,-1.3385015,0.11891891807317734,0.047311827540397644,0.035053763538599014
YJR022W,YDR205W,0,-1.3397517,0.11827956885099411,0.047311827540397644,0.035268817096948624
YKR101W,YJL013C,0,-1.3407202,0.11764705926179886,0.047311827540397644,0.03548387065529823
YLR291C,YDR150W,0,-1.3423426,0.11702127754688263,0.047311827540397644,0.03569892421364784
YLR001C,YOL158C,0,-1.3434775,0.11640211939811707,0.047311827540397644,0.03591397777199745
YKL117W,YIR015W,0,-1.3438008,0.11578947305679321,0.047311827540397644,0.03612903133034706
YLR425W,YNR026C,1,-1.3440399,0.12041884660720825,0.049462366849184036,0.03612903133034706
YBR257W,YML127W,0,-1.3450887,0.1197916641831398,0.049462366849184036,0.03634408488869667
YLL016W,YDL100C,1,-1.3451014,0.12435232847929001,0.05161290243268013,0.03634408488869667
YEL058W,YER101C,0,-1.3461616,0.12371134012937546,0.05161290243268013,0.03655913844704628
YJL168C,YEL016C,0,-1.3463161,0.1230769231915474,0.05161290243268013,0.03677419200539589
YDR323C,YHL035C,0,-1.3464189,0.12244898080825806,0.05161290243268013,0.0369892455637455
YNL284C,YIL030C,0,-1.3473344,0.12182740867137909,0.05161290243268013,0.037204302847385406
YMR015C,YJR082C,0,-1.3478935,0.12121212482452393,0.05161290243268013,0.037419356405735016
YMR078C,YLR382C,0,-1.3483391,0.12060301750898361,0.05161290243268013,0.037634409964084625
YJL054W,YLL016W,0,-1.3483641,0.11999999731779099,0.05161290243268013,0.037849463522434235
YPR007C,YPL058C,0,-1.3484967,0.11940298229455948,0.05161290243268013,0.038064517080783844
YMR089C,YGL241W,0,-1.354769,0.11881188303232193,0.05161290243268013,0.03827957063913345
YDR317W,YLR118C,0,-1.3553236,0.11822660267353058,0.05161290243268013,0.03849462419748306
YBR002C,YIL172C,0,-1.35625,0.11764705926179886,0.05161290243268013,0.03870967775583267
YOR319W,YOL023W,0,-1.3567932,0.1170731708407402,0.05161290243268013,0.03892473131418228
YDR515W,YDR131C,0,-1.3569946,0.11650485545396805,0.05161290243268013,0.03913978487253189
YMR286W,YKR050W,0,-1.3576319,0.11594203114509583,0.05161290243268013,0.0393548384308815
YMR076C,YER041W,0,-1.3576765,0.11538461595773697,0.05161290243268013,0.03956989198923111
YNL272C,YLR310C,1,-1.3577714,0.11961722373962402,0.05376344174146652,0.03956989198923111
YIL118W,YLR127C,0,-1.3581965,0.1190476194024086,0.05376344174146652,0.03978494554758072
YOR278W,YNL314W,0,-1.3583109,0.11848340928554535,0.05376344174146652,0.03999999910593033
YJR084W,YDR212W,0,-1.3592961,0.1179245263338089,0.05376344174146652,0.04021505266427994
YGL097W,YLR039C,1,-1.3594601,0.12206573039293289,0.055913977324962616,0.04021505266427994
YOR355W,YEL029C,0,-1.3597233,0.1214953288435936,0.055913977324962616,0.04043010622262955
YLR394W,YBR095C,0,-1.3600008,0.12093023210763931,0.055913977324962616,0.040645159780979156
YNL178W,YGL137W,0,-1.3603053,0.12037037312984467,0.055913977324962616,0.040860213339328766
YLR266C,YDR081C,0,-1.3613617,0.11981566995382309,0.055913977324962616,0.041075270622968674
YLR425W,YKR026C,1,-1.3625429,0.12385321408510208,0.05806451663374901,0.041075270622968674
YMR004W,YCL004W,0,-1.3649738,0.12328767031431198,0.05806451663374901,0.04129032418131828
YER161C,YKR058W,0,-1.3649738,0.12272727489471436,0.05806451663374901,0.04150537773966789
YNL286W,YLR019W,0,-1.3650918,0.12217194586992264,0.05806451663374901,0.0417204312980175
YOL104C,YDL099W,0,-1.3655596,0.12162162363529205,0.05806451663374901,0.04193548485636711
YDR226W,YOR278W,0,-1.3657086,0.12107623368501663,0.05806451663374901,0.04215053841471672
YDR238C,YBR115C,0,-1.3675728,0.1205357164144516,0.05806451663374901,0.04236559197306633
YER138C,YBL047C,0,-1.3676653,0.11999999731779099,0.05806451663374901,0.04258064553141594
YHL006C,YNL301C,0,-1.3691514,0.11946902424097061,0.05806451663374901,0.04279569908976555
YHL031C,YKR044W,0,-1.3695316,0.1189427301287651,0.05806451663374901,0.04301075264811516
YJL181W,YJL004C,0,-1.3699338,0.1184210553765297,0.05806451663374901,0.04322580620646477
YMR224C,YGL158W,0,-1.3715899,0.117903932929039,0.05806451663374901,0.04344085976481438
YBR264C,YHR147C,0,-1.3716161,0.11739130318164825,0.05806451663374901,0.043655913323163986
YMR065W,YEL037C,0,-1.371625,0.11688311398029327,0.05806451663374901,0.043870966881513596
YLR389C,YMR262W,0,-1.3724806,0.11637931317090988,0.05806451663374901,0.044086020439863205
YLR228C,YOR346W,0,-1.3726816,0.11587982624769211,0.05806451663374901,0.044301073998212814
YNL293W,YBR086C,0,-1.3729253,0.11538461595773697,0.05806451663374901,0.044516127556562424
YIL075C,YDR217C,0,-1.3740396,0.11489361524581909,0.05806451663374901,0.04473118111491203
YER093C,YBR131W,1,-1.374316,0.11864406615495682,0.0602150522172451,0.04473118111491203
YJL110C,YER087W,0,-1.3752499,0.1181434616446495,0.0602150522172451,0.04494623839855194
YDR523C,YDR435C,0,-1.3782651,0.11764705926179886,0.0602150522172451,0.04516129195690155
YLR310C,YPR017C,1,-1.3795512,0.12133891135454178,0.062365591526031494,0.04516129195690155
YOR349W,YAL020C,0,-1.379602,0.12083332985639572,0.062365591526031494,0.04537634551525116
YOL062C,YDR280W,0,-1.3799367,0.12033195048570633,0.062365591526031494,0.04559139907360077
YDL091C,YMR026C,0,-1.3803172,0.11983471363782883,0.062365591526031494,0.04580645263195038
YGR188C,YDR347W,0,-1.381511,0.11934156715869904,0.062365591526031494,0.04602150619029999
YJR083C,YCR065W,0,-1.3823509,0.11885245889425278,0.062365591526031494,0.0462365597486496
YGL198W,YDR429C,0,-1.3829224,0.11836734414100647,0.062365591526031494,0.04645161330699921
YPR144C,YLR360W,0,-1.3833148,0.11788617819547653,0.062365591526031494,0.046666666865348816
YDR054C,YOR038C,0,-1.3849046,0.11740890890359879,0.062365591526031494,0.046881720423698425
YML092C,YIL095W,0,-1.3855596,0.11693548411130905,0.062365591526031494,0.047096773982048035
YGL203C,YOR207C,0,-1.385716,0.11646586656570435,0.062365591526031494,0.047311827540397644
YLL016W,YDR137W,1,-1.3864691,0.11999999731779099,0.06451612710952759,0.047311827540397644
YCR038C,YEL022W,1,-1.3867743,0.12350597977638245,0.06666667014360428,0.047311827540397644
YER031C,YBL060W,0,-1.3868277,0.1230158731341362,0.06666667014360428,0.04752688109874725
YMR226C,YGR262C,0,-1.3887794,0.12252964079380035,0.06666667014360428,0.04774193465709686
YJR031C,YLL016W,1,-1.3888118,0.12598425149917603,0.06881720572710037,0.04774193465709686
YPR024W,YKL135C,0,-1.3889806,0.125490203499794,0.06881720572710037,0.04795698821544647
YNL190W,YDR276C,0,-1.3893285,0.125,0.06881720572710037,0.04817204177379608
YBR052C,YNL147W,0,-1.3897822,0.12451361864805222,0.06881720572710037,0.04838709533214569
YNL217W,YKL014C,0,-1.389857,0.12403100728988647,0.06881720572710037,0.0486021488904953
YEL022W,YLR291C,1,-1.3903904,0.12741312384605408,0.07096774131059647,0.0486021488904953
YLR425W,YGR083C,1,-1.3904817,0.13076923787593842,0.07311827689409256,0.0486021488904953
YPL155C,YHR202W,0,-1.3905952,0.13026820123195648,0.07311827689409256,0.04881720244884491
YER089C,YJL045W,0,-1.3912594,0.12977099418640137,0.07311827689409256,0.04903225973248482
YGL058W,YKL013C,0,-1.3915658,0.1292775720357895,0.07311827689409256,0.04924731329083443
YOL111C,YJR135C,0,-1.3923557,0.12878787517547607,0.07311827689409256,0.049462366849184036
YIL074C,YER044C,0,-1.3935218,0.12830188870429993,0.07311827689409256,0.049677420407533646
YJR035W,YKL024C,0,-1.3935995,0.12781955301761627,0.07311827689409256,0.049892473965883255
YNL136W,YJL045W,0,-1.3936996,0.12734082341194153,0.07311827689409256,0.050107527524232864
YGL139W,YAL023C,0,-1.3943083,0.1268656700849533,0.07311827689409256,0.050322581082582474
YCL044C,YPL234C,0,-1.3943543,0.12639404833316803,0.07311827689409256,0.05053763464093208
YNL297C,YGR070W,1,-1.394942,0.12962962687015533,0.07526881992816925,0.05053763464093208
YER155C,YLR291C,1,-1.3970606,0.1328413337469101,0.07741935551166534,0.05053763464093208
YGL127C,YPL103C,0,-1.3971114,0.13235294818878174,0.07741935551166534,0.05075268819928169
YBR065C,YPL074W,0,-1.3974864,0.1318681389093399,0.07741935551166534,0.0509677417576313
YMR035W,YIL172C,0,-1.3975437,0.131386861205101,0.07741935551166534,0.05118279531598091
YKR053C,YBR054W,0,-1.3984213,0.13090908527374268,0.07741935551166534,0.05139784887433052
YHL012W,YLR248W,0,-1.3984661,0.1304347813129425,0.07741935551166534,0.05161290243268013
YLR361C,YKL059C,0,-1.399025,0.12996390461921692,0.07741935551166534,0.05182795599102974
YKL015W,YPR054W,0,-1.3990319,0.12949639558792114,0.07741935551166534,0.05204300954937935
YML099C,YGR024C,0,-1.3990479,0.12903225421905518,0.07741935551166534,0.05225806310772896
YJL083W,YIL030C,0,-1.3990576,0.12857143580913544,0.07741935551166534,0.05247311666607857
YOR304C-A,YNL094W,0,-1.3995371,0.12811388075351715,0.07741935551166534,0.05268817022442818
YJR004C,YOR278W,0,-1.4000161,0.12765957415103912,0.07741935551166534,0.052903227508068085
YJR016C,YHL004W,0,-1.4005947,0.12720848619937897,0.07741935551166534,0.053118281066417694
YNL117W,YJR013W,0,-1.4007709,0.1267605572938919,0.07741935551166534,0.0533333346247673
YCL029C,YJL219W,0,-1.4009345,0.12631578743457794,0.07741935551166534,0.05354838818311691
YKR053C,YGL141W,0,-1.401232,0.1258741319179535,0.07741935551166534,0.05376344174146652
YDR386W,YOR131C,0,-1.4019825,0.12543554604053497,0.07741935551166534,0.05397849529981613
YOR288C,YDR468C,0,-1.4021049,0.125,0.07741935551166534,0.05419354885816574
YIR011C,YNR028W,0,-1.4025505,0.12456747144460678,0.07741935551166534,0.05440860241651535
YER143W,YCR096C,0,-1.4027445,0.12413793057203293,0.07741935551166534,0.05462365597486496
YDR470C,YGR134W,0,-1.4032564,0.12371134012937546,0.07741935551166534,0.05483870953321457
YGL097W,YPR095C,1,-1.4039907,0.12671232223510742,0.07956989109516144,0.05483870953321457
YDR041W,YJR130C,0,-1.4040525,0.12627986073493958,0.07956989109516144,0.05505376309156418
YGR221C,YBL037W,0,-1.4045389,0.12585033476352692,0.07956989109516144,0.05526881664991379
YJL087C,YPL007C,0,-1.4057002,0.12542372941970825,0.07956989109516144,0.0554838702082634
YDL209C,YJL005W,0,-1.407517,0.125,0.07956989109516144,0.05569892376661301
YPL040C,YJR013W,0,-1.4084613,0.12457912415266037,0.07956989109516144,0.055913977324962616
YFL033C,YBR291C,0,-1.4085357,0.12416107207536697,0.07956989109516144,0.056129030883312225
YDR211W,YNL297C,1,-1.4087479,0.12709030508995056,0.08172042667865753,0.056129030883312225
YOR195W,YDR434W,0,-1.4090598,0.12666666507720947,0.08172042667865753,0.056344084441661835
YMR183C,YGL058W,0,-1.410871,0.12624584138393402,0.08172042667865753,0.056559138000011444
YPL036W,YGL233W,0,-1.4122484,0.125827819108963,0.08172042667865753,0.05677419528365135
YDL119C,YOR236W,0,-1.4131169,0.12541253864765167,0.08172042667865753,0.05698924884200096
YER093C,YDR137W,1,-1.4140127,0.12828947603702545,0.08387096971273422,0.05698924884200096
YLR310C,YGR083C,1,-1.4140184,0.13114753365516663,0.08602150529623032,0.05698924884200096
YBL093C,YDR393W,0,-1.4142468,0.13071896135807037,0.08602150529623032,0.05720430240035057
YLR219W,YNL024C,0,-1.416147,0.13029316067695618,0.08602150529623032,0.05741935595870018
YEL022W,YML097C,1,-1.416585,0.13311688601970673,0.08817204087972641,0.05741935595870018
YDR367W,YGL129C,0,-1.4170382,0.1326860785484314,0.08817204087972641,0.05763440951704979
YML016C,YBR146W,0,-1.4170384,0.13225805759429932,0.08817204087972641,0.0578494630753994
YKR052C,YPR055W,0,-1.4173286,0.1318327933549881,0.08817204087972641,0.05806451663374901
YDR325W,YGL060W,0,-1.4176738,0.13141025602817535,0.08817204087972641,0.05827957019209862
YLR310C,YBR131W,1,-1.4179187,0.1341852992773056,0.0903225839138031,0.05827957019209862
YBR086C,YBL054W,0,-1.418901,0.13375796377658844,0.0903225839138031,0.05849462375044823
YGL076C,YFL039C,0,-1.4192717,0.13333334028720856,0.0903225839138031,0.058709677308797836
YHL036W,YJR135C,0,-1.4195666,0.13291139900684357,0.0903225839138031,0.058924730867147446
YLL016W,YBR131W,1,-1.41957,0.13564668595790863,0.0924731194972992,0.058924730867147446
YAL056W,YDR439W,0,-1.420671,0.13522012531757355,0.0924731194972992,0.059139784425497055
YOL117W,YAL043C,0,-1.4217627,0.13479623198509216,0.0924731194972992,0.059354837983846664
YLR452C,YBR233W-A,0,-1.4217637,0.13437500596046448,0.0924731194972992,0.059569891542196274
YBR043C,YOR271C,0,-1.4219203,0.13395638763904572,0.0924731194972992,0.05978494510054588
YPR036W,YBR033W,0,-1.4227395,0.13354037702083588,0.0924731194972992,0.05999999865889549
YKR088C,YNL188W,0,-1.4228163,0.13312692940235138,0.0924731194972992,0.0602150522172451
YAL013W,YGR101W,0,-1.4234717,0.13271604478359222,0.0924731194972992,0.06043010577559471
YBR131W,YER155C,1,-1.4235713,0.13538461923599243,0.09462365508079529,0.06043010577559471
YOR242C,YAL012W,0,-1.4236083,0.1349693238735199,0.09462365508079529,0.06064516305923462
YDR086C,YDR476C,0,-1.4239414,0.1345565766096115,0.09462365508079529,0.06086021661758423
YDR134C,YMR312W,0,-1.4240911,0.13414634764194489,0.09462365508079529,0.06107527017593384
YLR385C,YDL056W,0,-1.4242609,0.13373860716819763,0.09462365508079529,0.06129032373428345
YDR239C,YKL011C,0,-1.4242752,0.13333334028720856,0.09462365508079529,0.06150537729263306
YPR036W,YNL306W,0,-1.4243066,0.13293051719665527,0.09462365508079529,0.061720430850982666
YPL122C,YIL138C,0,-1.4243071,0.1325301229953766,0.09462365508079529,0.061935484409332275
YGR076C,YBL061C,0,-1.424581,0.1321321278810501,0.09462365508079529,0.062150537967681885
YFR014C,YLR032W,0,-1.4247375,0.13173653185367584,0.09462365508079529,0.062365591526031494
YLL033W,YLR411W,0,-1.4258287,0.1313432902097702,0.09462365508079529,0.0625806450843811
YGR058W,YNR004W,0,-1.4263709,0.130952388048172,0.09462365508079529,0.06279569864273071
YCL061C,YGR253C,0,-1.4269629,0.13056379556655884,0.09462365508079529,0.06301075220108032
YGL097W,YLL016W,1,-1.4272664,0.1331360936164856,0.09677419066429138,0.06301075220108032
YKR075C,YOL007C,0,-1.4274333,0.13274335861206055,0.09677419066429138,0.06322580575942993
YLR139C,YCR026C,0,-1.4283671,0.13235294818878174,0.09677419066429138,0.06344085931777954
YER155C,YML097C,1,-1.428577,0.1348973661661148,0.09892473369836807,0.06344085931777954
YGL141W,YGR002C,0,-1.4291258,0.13450291752815247,0.09892473369836807,0.06365591287612915
YPR095C,YDL100C,1,-1.4293759,0.13702623546123505,0.10107526928186417,0.06365591287612915
YOR260W,YLR371W,1,-1.4294219,0.13953489065170288,0.10322580486536026,0.06365591287612915
YLR396C,YJR135W-A,0,-1.4295645,0.13913042843341827,0.10322580486536026,0.06387096643447876
YNL117W,YJL072C,0,-1.4298832,0.1387283205986023,0.10322580486536026,0.06408601999282837
YGR004W,YCR053W,0,-1.4304457,0.13832853734493256,0.10322580486536026,0.06430107355117798
YER151C,YDL084W,0,-1.4306669,0.13793103396892548,0.10322580486536026,0.06451612710952759
YAR002C-A,YNL236W,0,-1.4314823,0.13753581047058105,0.10322580486536026,0.0647311806678772
YPL100W,YDR240C,0,-1.431514,0.1371428519487381,0.10322580486536026,0.0649462342262268
YPR017C,YGR070W,1,-1.4316785,0.13960114121437073,0.10537634044885635,0.0649462342262268
YGL213C,YPL139C,0,-1.4328165,0.13920454680919647,0.10537634044885635,0.06516128778457642
YJL183W,YIL115C,0,-1.4330854,0.1388102024793625,0.10537634044885635,0.06537634134292603
YOR227W,YHR061C,0,-1.4332588,0.1384180784225464,0.10537634044885635,0.06559139490127563
YLL003W,YIR026C,0,-1.4332876,0.13802817463874817,0.10537634044885635,0.06580644845962524
YGR083C,YER155C,1,-1.4345462,0.1404494345188141,0.10752688348293304,0.06580644845962524
YAL043C,YGR104C,0,-1.4349444,0.14005602896213531,0.10752688348293304,0.06602150201797485
YNL297C,YLR291C,1,-1.4365025,0.14245809614658356,0.10967741906642914,0.06602150201797485
YNL027W,YPR125W,0,-1.436641,0.1420612782239914,0.10967741906642914,0.06623655557632446
YER036C,YER063W,0,-1.4379039,0.14166666567325592,0.10967741906642914,0.06645161658525467
YER101C,YIR015W,0,-1.4400806,0.14127424359321594,0.10967741906642914,0.06666667014360428
YPL269W,YMR055C,0,-1.4407744,0.14088398218154907,0.10967741906642914,0.06688172370195389
YLR310C,YDL100C,1,-1.4414022,0.14325068891048431,0.11182795464992523,0.06688172370195389
YEL022W,YBR131W,1,-1.4425972,0.14560440182685852,0.11397849768400192,0.06688172370195389
YDL145C,YOR123C,0,-1.4427507,0.14520548284053802,0.11397849768400192,0.0670967772603035
YDR069C,YGL183C,0,-1.4427845,0.14480873942375183,0.11397849768400192,0.0673118308186531
YOR179C,YPL100W,0,-1.442858,0.14441417157649994,0.11397849768400192,0.06752688437700272
YJR108W,YDR456W,0,-1.44297,0.14402173459529877,0.11397849768400192,0.06774193793535233
YGL097W,YBR131W,1,-1.4429946,0.1463414579629898,0.11612903326749802,0.06774193793535233
YNL036W,YBR233W-A,0,-1.4435139,0.1459459513425827,0.11612903326749802,0.06795699149370193
YHR194W,YMR292W,0,-1.4442968,0.14555256068706512,0.11612903326749802,0.06817204505205154
YGL112C,YNR037C,0,-1.4452112,0.14516128599643707,0.11612903326749802,0.06838709861040115
YGR208W,YKL119C,0,-1.4453266,0.14477211236953735,0.11612903326749802,0.06860215216875076
YDR128W,YDL091C,0,-1.4455531,0.14438502490520477,0.11612903326749802,0.06881720572710037
YNR040W,YGR024C,0,-1.4456253,0.14399999380111694,0.11612903326749802,0.06903225928544998
YMR172W,YOR382W,0,-1.445703,0.14361701905727386,0.11612903326749802,0.06924731284379959
YPL085W,YBR016W,0,-1.4461088,0.14323607087135315,0.11612903326749802,0.0694623664021492
YCR026C,YDL245C,0,-1.4461277,0.1428571492433548,0.11612903326749802,0.06967741996049881
YLR268W,YDR473C,0,-1.4461584,0.14248020946979523,0.11612903326749802,0.06989247351884842
YBR081C,YLR040C,0,-1.4463084,0.14210526645183563,0.11612903326749802,0.07010752707719803
YOR254C,YNR022C,0,-1.4469354,0.14173229038715363,0.11612903326749802,0.07032258063554764
YGR058W,YGR024C,0,-1.4469631,0.14136125147342682,0.11612903326749802,0.07053763419389725
YOL136C,YDR065W,0,-1.4470968,0.1409921646118164,0.11612903326749802,0.07075268775224686
YMR282C,YBL014C,0,-1.447566,0.140625,0.11612903326749802,0.07096774131059647
YER151C,YGL237C,0,-1.4476376,0.1402597427368164,0.11612903326749802,0.07118279486894608
YJL008C,YLR100W,0,-1.4478776,0.13989637792110443,0.11612903326749802,0.07139784842729568
YCR038C,YPR095C,1,-1.4490726,0.14211885631084442,0.11827956885099411,0.07139784842729568
YDR169C,YKR035W-A,0,-1.449178,0.14175257086753845,0.11827956885099411,0.0716129019856453
YGL162W,YKL040C,0,-1.4494815,0.1413881778717041,0.11827956885099411,0.0718279555439949
YMR172W,YMR230W,0,-1.4498258,0.14102564752101898,0.11827956885099411,0.07204300910234451
YDL195W,YCR107W,0,-1.4499106,0.1406649649143219,0.11827956885099411,0.07225806266069412
YFL033C,YKR044W,0,-1.4502249,0.14030611515045166,0.11827956885099411,0.07247311621904373
YAL029C,YOR054C,0,-1.4514809,0.13994911313056946,0.11827956885099411,0.07268816977739334
YER093C,YAL041W,1,-1.4521666,0.1421319842338562,0.1204301044344902,0.07268816977739334
YKL186C,YGR193C,0,-1.4527271,0.14177215099334717,0.1204301044344902,0.07290322333574295
YLR425W,YGR070W,1,-1.4528892,0.14393939077854156,0.1225806474685669,0.07290322333574295
YDL110C,YCR040W,0,-1.453119,0.14357683062553406,0.1225806474685669,0.07311827689409256
YDR246W,YPL179W,0,-1.4541638,0.143216073513031,0.1225806474685669,0.07333333045244217
YOR334W,YOR189W,0,-1.4542949,0.1428571492433548,0.1225806474685669,0.07354838401079178
YNR006W,YER033C,0,-1.4544508,0.14249999821186066,0.1225806474685669,0.07376343756914139
YOR297C,YCR037C,0,-1.4544985,0.14214463531970978,0.1225806474685669,0.073978491127491
YKL172W,YBL112C,0,-1.4554529,0.14179104566574097,0.1225806474685669,0.0741935446858406
YOR327C,YML040W,0,-1.4556069,0.14143919944763184,0.1225806474685669,0.07440860569477081
YBR251W,YDR135C,0,-1.455899,0.14108911156654358,0.1225806474685669,0.07462365925312042
YLR234W,YOR191W,0,-1.4559982,0.14074073731899261,0.1225806474685669,0.07483871281147003
YHR052W,YBL007C,0,-1.458508,0.14039409160614014,0.1225806474685669,0.07505376636981964
YDR373W,YOR232W,0,-1.4585645,0.14004914462566376,0.1225806474685669,0.07526881992816925
YOR158W,YMR046C,0,-1.4587884,0.13970588147640228,0.1225806474685669,0.07548387348651886
YPL271W,YOR174W,0,-1.4590054,0.1393643021583557,0.1225806474685669,0.07569892704486847
YOR269W,YER007W,0,-1.4594936,0.13902439177036285,0.1225806474685669,0.07591398060321808
YDL093W,YOR246C,0,-1.4597073,0.1386861354112625,0.1225806474685669,0.07612903416156769
YLR446W,YPR073C,0,-1.4604757,0.1383495181798935,0.1225806474685669,0.0763440877199173
YAL043C,YGL095C,0,-1.4605925,0.1380145251750946,0.1225806474685669,0.0765591412782669
YMR128W,YDR387C,0,-1.4606769,0.13768115639686584,0.1225806474685669,0.07677419483661652
YGR159C,YOR123C,0,-1.4609563,0.13734939694404602,0.1225806474685669,0.07698924839496613
YLR215C,YDL015C,0,-1.4624927,0.13701923191547394,0.1225806474685669,0.07720430195331573
YDR375C,YOR322C,0,-1.4630718,0.1366906464099884,0.1225806474685669,0.07741935551166534
YGR123C,YDR263C,0,-1.4632943,0.13636364042758942,0.1225806474685669,0.07763440907001495
YLR310C,YGR070W,1,-1.4634945,0.138424813747406,0.12473118305206299,0.07763440907001495
YDR326C,YDL179W,0,-1.4638064,0.13809524476528168,0.12473118305206299,0.07784946262836456
YBR202W,YIL074C,0,-1.46381,0.1377672255039215,0.12473118305206299,0.07806451618671417
YLR025W,YDR381W,0,-1.4638603,0.1374407559633255,0.12473118305206299,0.07827956974506378
YML099C,YGR178C,0,-1.4646609,0.13711583614349365,0.12473118305206299,0.07849462330341339
YHR214C-B,YDR060W,0,-1.4650521,0.13679245114326477,0.12473118305206299,0.078709676861763
YGL135W,YDR325W,0,-1.465174,0.13647058606147766,0.12473118305206299,0.07892473042011261
YLR098C,YHR001W-A,0,-1.4667592,0.13615024089813232,0.12473118305206299,0.07913978397846222
YEL015W,YOR306C,0,-1.46732,0.13583138585090637,0.12473118305206299,0.07935483753681183
YOL103W,YDR444W,0,-1.4679801,0.1355140209197998,0.12473118305206299,0.07956989109516144
YIL170W,YIL070C,0,-1.4680347,0.13519813120365143,0.12473118305206299,0.07978494465351105
YJR083C,YPL101W,0,-1.4681611,0.13488371670246124,0.12473118305206299,0.07999999821186066
YPL083C,YNR015W,0,-1.4687023,0.13457076251506805,0.12473118305206299,0.08021505177021027
YNL189W,YMR313C,0,-1.4689631,0.13425925374031067,0.12473118305206299,0.08043010532855988
YCR038C,YAL024C,1,-1.4692686,0.13625866174697876,0.12688171863555908,0.08043010532855988
YOR332W,YNL059C,0,-1.4694617,0.1359446942806244,0.12688171863555908,0.08064515888690948
YDR482C,YOR194C,0,-1.469881,0.13563218712806702,0.12688171863555908,0.0808602124452591
YPL098C,YGR178C,0,-1.4699259,0.13532109558582306,0.12688171863555908,0.0810752660036087
YNL246W,YOR179C,0,-1.4701896,0.1350114345550537,0.12688171863555908,0.08129031956195831
YDR437W,YKL185W,0,-1.4702237,0.13470318913459778,0.12688171863555908,0.08150537312030792
YER115C,YJL090C,0,-1.4703374,0.13439635932445526,0.12688171863555908,0.08172042667865753
YBL005W,YNL161W,0,-1.4706423,0.13409091532230377,0.12688171863555908,0.08193548023700714
YGR058W,YER060W-A,0,-1.4707332,0.13378684222698212,0.12688171863555908,0.08215054124593735
YDR499W,YGR266W,0,-1.4708652,0.13348416984081268,0.12688171863555908,0.08236559480428696
YMR228W,YNL288W,0,-1.4712882,0.1331828385591507,0.12688171863555908,0.08258064836263657
YIL027C,YDR479C,0,-1.4716346,0.13288287818431854,0.12688171863555908,0.08279570192098618
YEL022W,YAL041W,1,-1.4717228,0.13483145833015442,0.12903225421905518,0.08279570192098618
YPR019W,YJR103W,0,-1.4731951,0.13452914357185364,0.12903225421905518,0.08301075547933578
YMR070W,YKL196C,0,-1.473527,0.1342281848192215,0.12903225421905518,0.0832258090376854
YDR002W,YPR031W,0,-1.4736345,0.1339285671710968,0.12903225421905518,0.083440862596035
YOR047C,YNL243W,0,-1.4736385,0.13363029062747955,0.12903225421905518,0.08365591615438461
YOR260W,YDR137W,1,-1.4744365,0.13555555045604706,0.13118278980255127,0.08365591615438461
YJL073W,YDR416W,0,-1.4748106,0.13525499403476715,0.13118278980255127,0.08387096971273422
YOR124C,YML080W,0,-1.4750166,0.1349557489156723,0.13118278980255127,0.08408602327108383
YOR269W,YDL021W,0,-1.4761198,0.1346578299999237,0.13118278980255127,0.08430107682943344
YEL058W,YDR169C,0,-1.4762495,0.13436123728752136,0.13118278980255127,0.08451613038778305
YOR071C,YDR392W,0,-1.4765646,0.13406594097614288,0.13118278980255127,0.08473118394613266
YDR211W,YLL016W,1,-1.477046,0.13596491515636444,0.13333334028720856,0.08473118394613266
YLR466W,YPL198W,0,-1.477596,0.13566739857196808,0.13333334028720856,0.08494623750448227
YHR011W,YOR290C,0,-1.4782834,0.13537117838859558,0.13333334028720856,0.08516129106283188
YJL219W,YMR037C,0,-1.4783175,0.13507625460624695,0.13333334028720856,0.08537634462118149
YPR017C,YER155C,1,-1.4786904,0.13695652782917023,0.13548387587070465,0.08537634462118149
YMR038C,YKL014C,0,-1.4789157,0.1366594433784485,0.13548387587070465,0.0855913981795311
YER174C,YAR031W,0,-1.4790168,0.13636364042758942,0.13548387587070465,0.0858064517378807
YOL105C,YDL108W,0,-1.4793725,0.13606911897659302,0.13548387587070465,0.08602150529623032
YER060W-A,YOL155C,0,-1.4793744,0.1357758641242981,0.13548387587070465,0.08623655885457993
YPL160W,YIL177C,0,-1.4795678,0.13548387587070465,0.13548387587070465,0.08645161241292953
YJL044C,YDR004W,0,-1.4796827,0.1351931393146515,0.13548387587070465,0.08666666597127914
YBR122C,YAL020C,0,-1.4797108,0.13490363955497742,0.13548387587070465,0.08688171952962875
YPL001W,YLR224W,0,-1.4804676,0.13461539149284363,0.13548387587070465,0.08709677308797836
YOR244W,YDL098C,0,-1.4804797,0.13432836532592773,0.13548387587070465,0.08731182664632797
YJR031C,YML097C,1,-1.4806552,0.13617020845413208,0.13763441145420074,0.08731182664632797
YDR381C-A,YHR092C,0,-1.4809155,0.13588111102581024,0.13763441145420074,0.08752688020467758
YNL272C,YER155C,1,-1.4809589,0.13771186769008636,0.13978494703769684,0.08752688020467758
YOR363C,YMR026C,0,-1.4817185,0.13742071390151978,0.13978494703769684,0.08774193376302719
YLR096W,YDL019C,0,-1.4824245,0.13713079690933228,0.13978494703769684,0.0879569873213768
YOR244W,YHR010W,0,-1.4826348,0.13684210181236267,0.13978494703769684,0.08817204087972641
YDR126W,YKR026C,0,-1.4829876,0.13655462861061096,0.13978494703769684,0.08838709443807602
YDR364C,YMR224C,0,-1.4830875,0.13626834750175476,0.13978494703769684,0.08860214799642563
YER087W,YJR132W,0,-1.48313,0.13598325848579407,0.13978494703769684,0.08881720155477524
YLR278C,YPR080W,0,-1.48347,0.13569937646389008,0.13978494703769684,0.08903225511312485
YMR241W,YHR150W,0,-1.4835763,0.1354166716337204,0.13978494703769684,0.08924730867147446
YLR039C,YKR026C,1,-1.483814,0.13721413910388947,0.14193548262119293,0.08924730867147446
YKR055W,YNL079C,0,-1.4840448,0.1369294673204422,0.14193548262119293,0.08946236222982407
YGR063C,YDR253C,0,-1.484673,0.13664595782756805,0.14193548262119293,0.08967741578817368
YCL008C,YHL047C,0,-1.484812,0.13636364042758942,0.14193548262119293,0.08989247679710388
YDR002W,YOR378W,0,-1.48488,0.1360824704170227,0.14193548262119293,0.09010753035545349
YKL022C,YDL017W,0,-1.4849818,0.1358024626970291,0.14193548262119293,0.0903225839138031
YNL213C,YPR031W,0,-1.4850185,0.13552361726760864,0.14193548262119293,0.09053763747215271
YKL129C,YGL243W,0,-1.4861104,0.1352459043264389,0.14193548262119293,0.09075269103050232
YDR205W,YNR061C,0,-1.4861522,0.1349693238735199,0.14193548262119293,0.09096774458885193
YLR200W,YBR128C,0,-1.4872587,0.13469387590885162,0.14193548262119293,0.09118279814720154
YEL013W,YKL154W,0,-1.4883091,0.1344195455312729,0.14193548262119293,0.09139785170555115
YER093C,YGR083C,1,-1.4884219,0.1361788660287857,0.14408601820468903,0.09139785170555115
YDL107W,YGL144C,0,-1.4886785,0.13590264320373535,0.14408601820468903,0.09161290526390076
YGL097W,YML097C,1,-1.4887311,0.13765181601047516,0.14623655378818512,0.09161290526390076
YNL304W,YGL144C,0,-1.4892154,0.13737373054027557,0.14623655378818512,0.09182795882225037
YDL100C,YPR017C,1,-1.4892766,0.1391129046678543,0.1483870893716812,0.09182795882225037
YPR005C,YLR014C,0,-1.4899261,0.13883300125598907,0.1483870893716812,0.09204301238059998
YMR156C,YGR056W,0,-1.4900777,0.13855421543121338,0.1483870893716812,0.09225806593894958
YOR216C,YLR007W,0,-1.4902825,0.13827654719352722,0.1483870893716812,0.0924731194972992
YNL008C,YOL116W,0,-1.4903026,0.1379999965429306,0.1483870893716812,0.0926881730556488
YPL225W,YMR186W,0,-1.4904163,0.13772454857826233,0.1483870893716812,0.09290322661399841
YLR058C,YIL170W,0,-1.490459,0.1374502032995224,0.1483870893716812,0.09311828017234802
YBR274W,YLR360W,0,-1.4919996,0.13717694580554962,0.1483870893716812,0.09333333373069763
YLR165C,YMR080C,0,-1.4921458,0.1369047611951828,0.1483870893716812,0.09354838728904724
YLR190W,YOR252W,0,-1.4921801,0.13663366436958313,0.1483870893716812,0.09376344084739685
YFR024C-A,YDL231C,0,-1.4923794,0.13636364042758942,0.1483870893716812,0.09397849440574646
YBL047C,YLR411W,0,-1.4929426,0.13609467446804047,0.1483870893716812,0.09419354796409607
YJL180C,YIL061C,0,-1.4935148,0.13582676649093628,0.1483870893716812,0.09440860152244568
YPL110C,YOL076W,0,-1.4944654,0.13555991649627686,0.1483870893716812,0.09462365508079529
YLR371W,YPR017C,1,-1.4945753,0.13725490868091583,0.1505376398563385,0.09462365508079529
YAL011W,YDL007W,0,-1.4949651,0.13698630034923553,0.1505376398563385,0.0948387086391449
YJL196C,YBR095C,0,-1.4956944,0.13671875,0.1505376398563385,0.0950537621974945
YNL207W,YOL003C,0,-1.4957516,0.13645224273204803,0.1505376398563385,0.09526881575584412
YKL165C,YNL149C,0,-1.4963467,0.13618676364421844,0.1505376398563385,0.09548386931419373
YDL110C,YGL158W,0,-1.4970217,0.13592232763767242,0.1505376398563385,0.09569892287254333
YCL024W,YLR088W,0,-1.4975779,0.13565891981124878,0.1505376398563385,0.09591397643089294
YDR079W,YJR041C,0,-1.4984381,0.13539652526378632,0.1505376398563385,0.09612902998924255
YHR118C,YNL010W,0,-1.4985881,0.13513512909412384,0.1505376398563385,0.09634408354759216
YER041W,YER180C,0,-1.4993174,0.13487476110458374,0.1505376398563385,0.09655913710594177
YOR046C,YOR044W,0,-1.5002093,0.13461539149284363,0.1505376398563385,0.09677419066429138
YBR040W,YNL133C,0,-1.5004447,0.1343570053577423,0.1505376398563385,0.09698924422264099
YPL253C,YNL056W,0,-1.5005252,0.13409961760044098,0.1505376398563385,0.0972042977809906
YPL194W,YER104W,0,-1.5017464,0.13384321331977844,0.1505376398563385,0.09741935133934021
YNL267W,YDR135C,0,-1.5022628,0.1335877925157547,0.1505376398563385,0.09763440489768982
YDL012C,YIR023W,0,-1.5024438,0.13333334028720856,0.1505376398563385,0.09784946590662003
YOR057W,YJR103W,0,-1.5024614,0.13307984173297882,0.1505376398563385,0.09806451946496964
YLR363C,YOL152W,0,-1.5031328,0.13282732665538788,0.1505376398563385,0.09827957302331924
YDR211W,YER155C,1,-1.5031707,0.13446970283985138,0.1526881754398346,0.09827957302331924
YLR246W,YOR287C,0,-1.5034621,0.13421550393104553,0.1526881754398346,0.09849462658166885
YNL167C,YGL171W,0,-1.503638,0.1339622586965561,0.1526881754398346,0.09870968014001846
YDR019C,YPL153C,0,-1.5038817,0.13370998203754425,0.1526881754398346,0.09892473369836807
YLR466W,YNL190W,0,-1.5041268,0.13345864415168762,0.1526881754398346,0.09913978725671768
YNL085W,YLR401C,0,-1.504214,0.1332082599401474,0.1526881754398346,0.09935484081506729
YOL117W,YKL021C,0,-1.5043879,0.1329587996006012,0.1526881754398346,0.0995698943734169
YDR524C,YMR035W,0,-1.5045741,0.1327102780342102,0.1526881754398346,0.09978494793176651
YLR313C,YGR222W,0,-1.5046701,0.13246268033981323,0.1526881754398346,0.10000000149011612
YJR134C,YEL070W,0,-1.5047421,0.13221602141857147,0.1526881754398346,0.10021505504846573
YNL218W,YDR139C,0,-1.5049284,0.13197025656700134,0.1526881754398346,0.10043010860681534
YEL015W,YPL240C,0,-1.5050497,0.13172541558742523,0.1526881754398346,0.10064516216516495
YNL272C,YDL100C,1,-1.505199,0.13333334028720856,0.1548387110233307,0.10064516216516495
YNL281W,YNR013C,0,-1.5053585,0.13308687508106232,0.1548387110233307,0.10086021572351456
YBR156C,YHR051W,0,-1.505475,0.1328413337469101,0.1548387110233307,0.10107526928186417
YEL013W,YMR235C,0,-1.505537,0.1325966864824295,0.1548387110233307,0.10129032284021378
YGR012W,YNL012W,0,-1.5056555,0.13235294818878174,0.1548387110233307,0.10150537639856339
YLR039C,YNL297C,1,-1.5061793,0.13394495844841003,0.15698924660682678,0.10150537639856339
YCR092C,YPL063W,0,-1.5063279,0.13369964063167572,0.15698924660682678,0.101720429956913
YJL045W,YJR046W,0,-1.5063918,0.13345521688461304,0.15698924660682678,0.1019354835152626
YHR110W,YCR040W,0,-1.5065918,0.1332116723060608,0.15698924660682678,0.10215053707361221
YOL043C,YHR059W,0,-1.5069935,0.13296903669834137,0.15698924660682678,0.10236559063196182
YDR071C,YNL086W,0,-1.5071154,0.1327272653579712,0.15698924660682678,0.10258064419031143
YLR213C,YBR240C,0,-1.507158,0.13248638808727264,0.15698924660682678,0.10279569774866104
YBL106C,YNL026W,0,-1.5078309,0.13224637508392334,0.15698924660682678,0.10301075130701065
YLR390W,YDR273W,0,-1.5079627,0.13200722634792328,0.15698924660682678,0.10322580486536026
YMR225C,YOR294W,0,-1.5083323,0.13176895678043365,0.15698924660682678,0.10344085842370987
YJL058C,YPL178W,0,-1.5090413,0.13153153657913208,0.15698924660682678,0.10365591198205948
YDR369C,YNL158W,0,-1.5093818,0.13129496574401855,0.15698924660682678,0.10387096554040909
YDL097C,YOR267C,0,-1.5099051,0.13105924427509308,0.15698924660682678,0.1040860190987587
YBR260C,YOR264W,0,-1.5108051,0.13082437217235565,0.15698924660682678,0.1043010726571083
YNL310C,YDL067C,0,-1.5109198,0.13059033453464508,0.15698924660682678,0.10451612621545792
YJL171C,YNL188W,0,-1.5109646,0.13035714626312256,0.15698924660682678,0.10473117977380753
YNL102W,YIL006W,0,-1.5112531,0.1301247775554657,0.15698924660682678,0.10494623333215714
YJL062W-A,YLR383W,0,-1.5115676,0.1298932433128357,0.15698924660682678,0.10516128689050674
YGL051W,YDL008W,0,-1.5117519,0.12966252863407135,0.15698924660682678,0.10537634044885635
YKR083C,YKL010C,0,-1.512876,0.12943261861801147,0.15698924660682678,0.10559140145778656
YBR193C,YDL215C,0,-1.5129077,0.12920354306697845,0.15698924660682678,0.10580645501613617
YCL055W,YLR237W,0,-1.5130181,0.1289752721786499,0.15698924660682678,0.10602150857448578
YJR155W,YPL173W,0,-1.5134318,0.12874779105186462,0.15698924660682678,0.10623656213283539
YDR067C,YHR119W,0,-1.5139151,0.128521129488945,0.15698924660682678,0.106451615691185
YPR073C,YDR487C,0,-1.5143874,0.12829525768756866,0.15698924660682678,0.1066666692495346
YLR157C,YKR103W,0,-1.5144374,0.1280701756477356,0.15698924660682678,0.10688172280788422
YLR323C,YPL063W,0,-1.5144796,0.1278458833694458,0.15698924660682678,0.10709677636623383
YGR129W,YDR383C,0,-1.5147336,0.12762238085269928,0.15698924660682678,0.10731182992458344
YNL130C,YLR395C,0,-1.5149782,0.12739965319633484,0.15698924660682678,0.10752688348293304
YJL109C,YIL147C,0,-1.5155592,0.12717770040035248,0.15698924660682678,0.10774193704128265
YBL088C,YLL062C,0,-1.5156579,0.1269565224647522,0.15698924660682678,0.10795699059963226
YOR262W,YDL195W,0,-1.516298,0.1267361044883728,0.15698924660682678,0.10817204415798187
YNL181W,YBR273C,0,-1.5167334,0.1265164613723755,0.15698924660682678,0.10838709771633148
YGL113W,YAL020C,0,-1.5168426,0.12629757821559906,0.15698924660682678,0.10860215127468109
YJL196C,YDR472W,0,-1.5174222,0.12607944011688232,0.15698924660682678,0.1088172048330307
YDL231C,YJL053W,0,-1.5175524,0.12586206197738647,0.15698924660682678,0.10903225839138031
YLL017W,YBR131W,1,-1.5176895,0.12736660242080688,0.15913978219032288,0.10903225839138031
YLL053C,YGL051W,0,-1.5177281,0.12714776396751404,0.15913978219032288,0.10924731194972992
YGR170W,YPL058C,0,-1.5179074,0.12692967057228088,0.15913978219032288,0.10946236550807953
YOR260W,YER155C,1,-1.5179136,0.12842465937137604,0.16129031777381897,0.10946236550807953
YJR015W,YML005W,0,-1.5182078,0.12820513546466827,0.16129031777381897,0.10967741906642914
YDL012C,YJR092W,0,-1.5184886,0.127986341714859,0.16129031777381897,0.10989247262477875
YPR035W,YER068W,0,-1.5188973,0.12776830792427063,0.16129031777381897,0.11010752618312836
YDR009W,YKR038C,0,-1.5191367,0.12755101919174194,0.16129031777381897,0.11032257974147797
YNR055C,YDR310C,0,-1.519311,0.12733446061611176,0.16129031777381897,0.11053763329982758
YJR031C,YGR070W,1,-1.5194666,0.12881356477737427,0.16344085335731506,0.11053763329982758
YMR166C,YOR380W,0,-1.5196154,0.12859560549259186,0.16344085335731506,0.11075268685817719
YBR045C,YOR358W,0,-1.5199783,0.12837837636470795,0.16344085335731506,0.1109677404165268
YGL112C,YLR249W,0,-1.5201206,0.12816189229488373,0.16344085335731506,0.1111827939748764
YDL229W,YGR184C,0,-1.5213201,0.12794612348079681,0.16344085335731506,0.11139784753322601
YOL151W,YLR078C,0,-1.5215244,0.1277310997247696,0.16344085335731506,0.11161290109157562
YDR466W,YLR411W,0,-1.5223644,0.12751677632331848,0.16344085335731506,0.11182795464992523
YER008C,YDR531W,0,-1.5224938,0.12730318307876587,0.16344085335731506,0.11204300820827484
YCL032W,YDR126W,0,-1.5231719,0.12709030508995056,0.16344085335731506,0.11225806176662445
YDR211W,YNL272C,1,-1.5234976,0.1285475790500641,0.16559140384197235,0.11225806176662445
YJR104C,YNL076W,0,-1.5238562,0.12833333015441895,0.16559140384197235,0.11247311532497406
YLR363C,YMR188C,0,-1.5240631,0.1281197965145111,0.16559140384197235,0.11268816888332367
YCR106W,YDR088C,0,-1.5243227,0.12790697813034058,0.16559140384197235,0.11290322244167328
YDR364C,YBR260C,0,-1.5245979,0.12769486010074615,0.16559140384197235,0.11311827600002289
YDL246C,YDR531W,0,-1.5246911,0.12748344242572784,0.16559140384197235,0.1133333370089531
YBR294W,YDL211C,0,-1.5249953,0.12727272510528564,0.16559140384197235,0.1135483905673027
YER022W,YLR324W,0,-1.5253885,0.12706270813941956,0.16559140384197235,0.11376344412565231
YHR206W,YBL037W,0,-1.5261302,0.12685337662696838,0.16559140384197235,0.11397849768400192
YKR096W,YNL188W,0,-1.5270305,0.12664473056793213,0.16559140384197235,0.11419355124235153
YFR008W,YKL170W,0,-1.5272768,0.12643678486347198,0.16559140384197235,0.11440860480070114
YBR001C,YNL238W,0,-1.5276153,0.12622950971126556,0.16559140384197235,0.11462365835905075
YLR039C,YPR017C,1,-1.5279901,0.12765957415103912,0.16774193942546844,0.11462365835905075
YKL197C,YGL219C,0,-1.5280066,0.12745098769664764,0.16774193942546844,0.11483871191740036
YNR041C,YDR028C,0,-1.5280979,0.1272430717945099,0.16774193942546844,0.11505376547574997
YGR070W,YER155C,1,-1.528441,0.12866449356079102,0.16989247500896454,0.11505376547574997
YLR426W,YOL045W,0,-1.5284548,0.1284552812576294,0.16989247500896454,0.11526881903409958
YDR351W,YPL147W,0,-1.5285273,0.1282467544078827,0.16989247500896454,0.11548387259244919
YOR291W,YGL212W,0,-1.5287063,0.1280388981103897,0.16989247500896454,0.1156989261507988
YLL034C,YJL127C,0,-1.5290425,0.12783171236515045,0.16989247500896454,0.11591397970914841
YIL147C,YBR159W,0,-1.5297632,0.12762519717216492,0.16989247500896454,0.11612903326749802
YOL092W,YOL020W,0,-1.5300794,0.1274193525314331,0.16989247500896454,0.11634408682584763
YER048W-A,YNL102W,0,-1.5303159,0.12721416354179382,0.16989247500896454,0.11655914038419724
YJL090C,YLL043W,0,-1.5304904,0.12700964510440826,0.16989247500896454,0.11677419394254684
YGL256W,YKR102W,0,-1.5308864,0.12680578231811523,0.16989247500896454,0.11698924750089645
YDL111C,YOR275C,0,-1.5313869,0.12660256028175354,0.16989247500896454,0.11720430105924606
YOL057W,YKL138C,0,-1.5316718,0.12639999389648438,0.16989247500896454,0.11741935461759567
YNL050C,YOL127W,0,-1.5318248,0.12619808316230774,0.16989247500896454,0.11763440817594528
YNL213C,YNL151C,0,-1.5322361,0.12599681317806244,0.16989247500896454,0.11784946173429489
YHL016C,YBR121C,0,-1.5322809,0.12579618394374847,0.16989247500896454,0.1180645152926445
YLL016W,YAL041W,1,-1.5325129,0.12718601524829865,0.17204301059246063,0.1180645152926445
YGL097W,YER155C,1,-1.5326054,0.12857143580913544,0.17419354617595673,0.1180645152926445
YNR021W,YGR224W,0,-1.5328069,0.12836767733097076,0.17419354617595673,0.11827956885099411
YLR352W,YOL003C,0,-1.5331633,0.12816455960273743,0.17419354617595673,0.11849462240934372
YIL155C,YLR288C,0,-1.5339916,0.12796208262443542,0.17419354617595673,0.11870967596769333
YNL272C,YCR038C,1,-1.5340507,0.12933753430843353,0.17634408175945282,0.11870967596769333
YLR142W,YDR434W,0,-1.5342469,0.12913386523723602,0.17634408175945282,0.11892472952604294
YPR005C,YDR121W,0,-1.5345478,0.12893082201480865,0.17634408175945282,0.11913978308439255
YBL091C-A,YLR158C,0,-1.5348096,0.12872841954231262,0.17634408175945282,0.11935483664274216
YNL029C,YEL056W,0,-1.5348439,0.12852664291858673,0.17634408175945282,0.11956989020109177
YLR043C,YBL029C-A,0,-1.5348616,0.12832550704479218,0.17634408175945282,0.11978494375944138
YLR425W,YLR039C,1,-1.5351577,0.12968750298023224,0.1784946173429489,0.11978494375944138
YFR031C,YGL178W,0,-1.5361013,0.12948517501354218,0.1784946173429489,0.11999999731779099
YKR088C,YER038C,0,-1.5361161,0.12928348779678345,0.1784946173429489,0.1202150508761406
YOL030W,YEL029C,0,-1.5361452,0.12908242642879486,0.1784946173429489,0.1204301044344902
YBL106C,YER098W,0,-1.5363677,0.12888199090957642,0.1784946173429489,0.12064515799283981
YGR104C,YIR004W,0,-1.5369475,0.12868216633796692,0.1784946173429489,0.12086021155118942
YDR397C,YDR081C,0,-1.5371325,0.12848296761512756,0.1784946173429489,0.12107526510953903
YGR058W,YNL247W,0,-1.5373178,0.12828439474105835,0.1784946173429489,0.12129032611846924
YOR317W,YDR473C,0,-1.5379381,0.1280864179134369,0.1784946173429489,0.12150537967681885
YGL233W,YJL106W,0,-1.5385616,0.12788906693458557,0.1784946173429489,0.12172043323516846
YGR189C,YPL065W,0,-1.538656,0.127692312002182,0.1784946173429489,0.12193548679351807
YGR071C,YBR159W,0,-1.5390155,0.1274961531162262,0.1784946173429489,0.12215054035186768
YJL024C,YPL271W,0,-1.5393236,0.12730062007904053,0.1784946173429489,0.12236559391021729
YPL155C,YJL106W,0,-1.5396473,0.12710566818714142,0.1784946173429489,0.1225806474685669
YDR174W,YGL094C,0,-1.5397339,0.12691131234169006,0.1784946173429489,0.1227957010269165
YPR083W,YIL144W,0,-1.5397744,0.12671755254268646,0.1784946173429489,0.12301075458526611
YBR030W,YBR222C,0,-1.5398223,0.12652438879013062,0.1784946173429489,0.12322580814361572
YLL016W,YEL022W,1,-1.5398319,0.1278538852930069,0.1806451678276062,0.12322580814361572
YAL041W,YER155C,1,-1.539849,0.12917932868003845,0.1827957034111023,0.12322580814361572
YOR086C,YJR068W,0,-1.5399239,0.1289833039045334,0.1827957034111023,0.12344086170196533
YLL018C,YOR099W,0,-1.5404305,0.12878787517547607,0.1827957034111023,0.12365591526031494
YJL156C,YDL035C,0,-1.5406005,0.12859304249286652,0.1827957034111023,0.12387096881866455
YOR266W,YHL012W,0,-1.5406272,0.12839879095554352,0.1827957034111023,0.12408602237701416
YDR423C,YHR211W,0,-1.5415251,0.12820513546466827,0.1827957034111023,0.12430107593536377
YDR252W,YJL060W,0,-1.5416429,0.1280120462179184,0.1827957034111023,0.12451612949371338
YOR074C,YGL104C,0,-1.5419276,0.12781955301761627,0.1827957034111023,0.12473118305206299
YDR166C,YDR226W,0,-1.5420816,0.12762762606143951,0.1827957034111023,0.1249462366104126
YDR115W,YEL069C,0,-1.5423205,0.12743628025054932,0.1827957034111023,0.1251612901687622
YNL049C,YLR403W,0,-1.5423746,0.12724551558494568,0.1827957034111023,0.12537634372711182
YBR279W,YNL188W,0,-1.5429127,0.1270553022623062,0.1827957034111023,0.12559139728546143
YEL022W,YPR017C,1,-1.5430903,0.12835821509361267,0.1849462389945984,0.12559139728546143
YFL048C,YGR239C,0,-1.5433493,0.12816691398620605,0.1849462389945984,0.12580645084381104
YGR253C,YNL147W,0,-1.5434258,0.127976194024086,0.1849462389945984,0.12602150440216064
YPL149W,YJR046W,0,-1.5439389,0.12778602540493011,0.1849462389945984,0.12623655796051025
YLL043W,YDR323C,0,-1.5440407,0.1275964379310608,0.1849462389945984,0.12645161151885986
YOR174W,YML113W,0,-1.5440979,0.12740740180015564,0.1849462389945984,0.12666666507720947
YMR036C,YDR419W,0,-1.5441544,0.12721893191337585,0.1849462389945984,0.12688171863555908
YER106W,YOR243C,0,-1.5444946,0.12703101336956024,0.1849462389945984,0.1270967721939087
YNR026C,YLL017W,1,-1.5446961,0.12831857800483704,0.18709677457809448,0.1270967721939087
YBR041W,YPR054W,0,-1.5449786,0.12812960147857666,0.18709677457809448,0.1273118257522583
YBR131W,YDR137W,1,-1.5454371,0.12941177189350128,0.18924731016159058,0.1273118257522583
YGR218W,YJL172W,0,-1.5455918,0.12922173738479614,0.18924731016159058,0.1275268793106079
YER063W,YEL036C,0,-1.5456023,0.12903225421905518,0.18924731016159058,0.12774193286895752
YPR003C,YNL286W,0,-1.5456948,0.12884333729743958,0.18924731016159058,0.12795698642730713
YER113C,YOL023W,0,-1.5463321,0.12865497171878815,0.18924731016159058,0.12817203998565674
YGL097W,YEL022W,1,-1.546361,0.12992700934410095,0.19139784574508667,0.12817203998565674
YMR307W,YGR282C,0,-1.5463722,0.12973761558532715,0.19139784574508667,0.12838709354400635
YLL048C,YGR224W,0,-1.5468211,0.12954875826835632,0.19139784574508667,0.12860214710235596
YGR191W,YOL061W,0,-1.5472105,0.12936046719551086,0.19139784574508667,0.12881720066070557
YPL096W,YGR185C,0,-1.5472572,0.12917271256446838,0.19139784574508667,0.12903225421905518
YOR386W,YOL142W,0,-1.5473602,0.12898550927639008,0.19139784574508667,0.12924730777740479
YNL282W,YBR115C,0,-1.5473847,0.12879884243011475,0.19139784574508667,0.1294623613357544
YGL092W,YBR040W,0,-1.5478156,0.1286127120256424,0.19139784574508667,0.129677414894104
YOR039W,YJL095W,0,-1.5478313,0.12842713296413422,0.19139784574508667,0.1298924684524536
YJL124C,YNL236W,0,-1.5478499,0.12824207544326782,0.19139784574508667,0.13010752201080322
YKR053C,YML027W,0,-1.5483737,0.1280575543642044,0.19139784574508667,0.13032257556915283
YJR109C,YBL035C,0,-1.5485568,0.12787356972694397,0.19139784574508667,0.13053762912750244
YLR425W,YPR017C,1,-1.5485892,0.12912482023239136,0.19354838132858276,0.13053762912750244
YLL017W,YAL041W,1,-1.5486355,0.13037249445915222,0.19569893181324005,0.13053762912750244
YMR172W,YDL065C,0,-1.5494275,0.13018597662448883,0.19569893181324005,0.13075268268585205
YLL017W,YGR070W,1,-1.549525,0.1314285695552826,0.19784946739673615,0.13075268268585205
YPL031C,YHR036W,0,-1.5497949,0.1312410831451416,0.19784946739673615,0.13096773624420166
YOL026C,YBR188C,0,-1.549917,0.1310541331768036,0.19784946739673615,0.13118278980255127
YOR066W,YLR026C,0,-1.550919,0.13086770474910736,0.19784946739673615,0.13139784336090088
YML124C,YPR189W,0,-1.5509238,0.1306818127632141,0.19784946739673615,0.1316128969192505
YLR381W,YLR067C,0,-1.5510375,0.13049645721912384,0.19784946739673615,0.1318279504776001
YDR387C,YIL173W,0,-1.5510702,0.13031160831451416,0.19784946739673615,0.1320430040359497
YJR155W,YGR060W,0,-1.5512586,0.13012729585170746,0.19784946739673615,0.13225805759429932
YJL149W,YJL162C,0,-1.551377,0.12994350492954254,0.19784946739673615,0.13247311115264893
YNR028W,YOR060C,0,-1.5514822,0.12976022064685822,0.19784946739673615,0.13268816471099854
YBL022C,YOL007C,0,-1.5519705,0.12957745790481567,0.19784946739673615,0.13290323317050934
YLR278C,YJL096W,0,-1.5520175,0.12939521670341492,0.19784946739673615,0.13311828672885895
YLR039C,YJR031C,1,-1.5520649,0.13061797618865967,0.20000000298023224,0.13311828672885895
YER060W-A,YMR037C,0,-1.5521817,0.1304347813129425,0.20000000298023224,0.13333334028720856
YCR039C,YDR483W,0,-1.5522895,0.13025210797786713,0.20000000298023224,0.13354839384555817
YLR038C,YER027C,0,-1.5523851,0.13006992638111115,0.20000000298023224,0.13376344740390778
YCR018C,YOR358W,0,-1.55264,0.12988826632499695,0.20000000298023224,0.13397850096225739
YDL100C,YGR070W,1,-1.5526462,0.1311018168926239,0.20215053856372833,0.13397850096225739
YHR028C,YLR015W,0,-1.5534453,0.1309192180633545,0.20215053856372833,0.134193554520607
YNL085W,YAL048C,0,-1.5536976,0.13073714077472687,0.20215053856372833,0.1344086080789566
YOR304W,YLR244C,0,-1.5546548,0.13055555522441864,0.20215053856372833,0.1346236616373062
YNL048W,YBL029C-A,0,-1.5546694,0.130374476313591,0.20215053856372833,0.13483871519565582
YJL085W,YLR440C,0,-1.5548651,0.13019390404224396,0.20215053856372833,0.13505376875400543
YNL039W,YPR011C,0,-1.5553324,0.1300138384103775,0.20215053856372833,0.13526882231235504
YDR283C,YFR013W,0,-1.555568,0.12983424961566925,0.20215053856372833,0.13548387587070465
YJL110C,YER081W,0,-1.5562062,0.1296551674604416,0.20215053856372833,0.13569892942905426
YIR011C,YBL091C,0,-1.5562532,0.12947657704353333,0.20215053856372833,0.13591398298740387
YGL151W,YAR007C,0,-1.5565879,0.12929849326610565,0.20215053856372833,0.13612903654575348
YDR494W,YCL004W,0,-1.556804,0.12912088632583618,0.20215053856372833,0.1363440901041031
YHR113W,YPL139C,0,-1.5571144,0.12894375622272491,0.20215053856372833,0.1365591436624527
YMR285C,YBR287W,0,-1.5577524,0.12876711785793304,0.20215053856372833,0.1367741972208023
YLR191W,YKR088C,0,-1.558356,0.12859097123146057,0.20215053856372833,0.13698925077915192
YDR211W,YLR310C,1,-1.5583625,0.12978142499923706,0.20430107414722443,0.13698925077915192
YDR026C,YDR030C,0,-1.5590615,0.12960436940193176,0.20430107414722443,0.13720430433750153
YOL142W,YOR036W,0,-1.5594571,0.12942779064178467,0.20430107414722443,0.13741935789585114
YDR512C,YNL032W,0,-1.559957,0.12925170361995697,0.20430107414722443,0.13763441145420074
YGL097W,YCR038C,1,-1.5599926,0.1304347813129425,0.20645160973072052,0.13763441145420074
YLR126C,YKL006C-A,0,-1.5605111,0.13025780022144318,0.20645160973072052,0.13784946501255035
YDR211W,YLR039C,1,-1.5605628,0.1314363181591034,0.2086021453142166,0.13784946501255035
YIL106W,YPR047W,0,-1.5605986,0.13125845789909363,0.2086021453142166,0.13806451857089996
YLR425W,YDR137W,1,-1.5610411,0.13243243098258972,0.2107526808977127,0.13806451857089996
YCL014W,YMR152W,0,-1.5612242,0.1322537064552307,0.2107526808977127,0.13827957212924957
YML071C,YJR016C,0,-1.5614853,0.1320754736661911,0.2107526808977127,0.13849462568759918
YMR090W,YBL010C,0,-1.5618553,0.1318977177143097,0.2107526808977127,0.1387096792459488
YNL272C,YLR371W,1,-1.562093,0.13306452333927155,0.21290323138237,0.1387096792459488
YNR020C,YDR105C,0,-1.5623286,0.1328859031200409,0.21290323138237,0.1389247328042984
YKR037C,YCR105W,0,-1.5623703,0.13270777463912964,0.21290323138237,0.139139786362648
YLR310C,YLL016W,1,-1.5623779,0.13386881351470947,0.2150537669658661,0.139139786362648
YNL240C,YPL150W,0,-1.5629675,0.13368983566761017,0.2150537669658661,0.13935483992099762
YDR002W,YOR388C,0,-1.5630467,0.13351134955883026,0.2150537669658661,0.13956989347934723
YKL108W,YER032W,0,-1.5635695,0.13333334028720856,0.2150537669658661,0.13978494703769684
YGR135W,YIL112W,0,-1.5638998,0.13315579295158386,0.2150537669658661,0.14000000059604645
YDR211W,YCR038C,1,-1.5640702,0.13430851697921753,0.21720430254936218,0.14000000059604645
YML102W,YMR235C,0,-1.5641372,0.13413015007972717,0.21720430254936218,0.14021505415439606
YER179W,YPR122W,0,-1.5643423,0.13395226001739502,0.21720430254936218,0.14043010771274567
YPL252C,YNL068C,0,-1.5643477,0.13377483189105988,0.21720430254936218,0.14064516127109528
YJR078W,YDR422C,0,-1.5649049,0.13359788060188293,0.21720430254936218,0.14086021482944489
YJR031C,YLL017W,1,-1.565429,0.13474240899085999,0.21935483813285828,0.14086021482944489
YJR078W,YOR076C,0,-1.5655882,0.13456463813781738,0.21935483813285828,0.1410752683877945
YHR206W,YHR037W,0,-1.5656872,0.13438735902309418,0.21935483813285828,0.1412903219461441
YLR371W,YOR380W,0,-1.5660172,0.1342105269432068,0.21935483813285828,0.1415053755044937
YOR251C,YFL044C,0,-1.5664146,0.1340341717004776,0.21935483813285828,0.14172042906284332
YPL064C,YFL036W,0,-1.5667601,0.13385826349258423,0.21935483813285828,0.14193548262119293
YPL163C,YMR247C,0,-1.56727,0.13368283212184906,0.21935483813285828,0.14215053617954254
YDL180W,YLR090W,0,-1.5673089,0.1335078477859497,0.21935483813285828,0.14236558973789215
YGR094W,YOR126C,0,-1.5681322,0.13333334028720856,0.21935483813285828,0.14258064329624176
YER162C,YNL259C,0,-1.5681326,0.13315926492214203,0.21935483813285828,0.14279569685459137
YLR260W,YNR011C,0,-1.5687602,0.1329856514930725,0.21935483813285828,0.14301075041294098
YDR129C,YNR061C,0,-1.5688753,0.1328125,0.21935483813285828,0.1432258039712906
YBL013W,YJR076C,0,-1.5689101,0.1326397955417633,0.21935483813285828,0.1434408575296402
YNL310C,YER090W,0,-1.5691233,0.13246753811836243,0.21935483813285828,0.1436559110879898
YBR172C,YDR261C,0,-1.5691571,0.13229571282863617,0.21935483813285828,0.14387096464633942
YCL032W,YDR273W,0,-1.5693057,0.13212434947490692,0.21935483813285828,0.14408601820468903
YGL097W,YAL024C,1,-1.5693426,0.13324709236621857,0.22150537371635437,0.14408601820468903
YJR025C,YHL025W,0,-1.5693676,0.13307493925094604,0.22150537371635437,0.14430107176303864
YPR138C,YBL037W,0,-1.5697939,0.13290323317050934,0.22150537371635437,0.14451612532138824
YOR260W,YLR425W,1,-1.5698938,0.1340206116437912,0.22365590929985046,0.14451612532138824
YOL038W,YMR207C,0,-1.5704305,0.1338481307029724,0.22365590929985046,0.14473117887973785
YGR142W,YDR139C,0,-1.5705571,0.13367609679698944,0.22365590929985046,0.14494623243808746
YLR306W,YBL034C,0,-1.5706701,0.1335044950246811,0.22365590929985046,0.14516128599643707
YML077W,YFL061W,0,-1.5711353,0.13333334028720856,0.22365590929985046,0.14537633955478668
YLL016W,YGR070W,1,-1.5713053,0.1344430148601532,0.22580644488334656,0.14537633955478668
YDR430C,YHR035W,0,-1.5716383,0.13427110016345978,0.22580644488334656,0.1455913931131363
YGL087C,YFL057C,0,-1.5723083,0.13409961760044098,0.22580644488334656,0.1458064466714859
YGR083C,YLL017W,1,-1.5723193,0.13520407676696777,0.22795699536800385,0.1458064466714859
YJR083C,YCL047C,0,-1.5729363,0.13503184914588928,0.22795699536800385,0.1460215002298355
YBR231C,YOR020C,0,-1.5730217,0.1348600536584854,0.22795699536800385,0.14623655378818512
YLR299W,YDR227W,0,-1.5736539,0.13468869030475616,0.22795699536800385,0.14645160734653473
YOR067C,YFR007W,0,-1.5739081,0.13451775908470154,0.22795699536800385,0.14666666090488434
YMR221C,YHL025W,0,-1.5739117,0.13434727489948273,0.22795699536800385,0.14688171446323395
YLR157C,YKL034W,0,-1.5740044,0.13417720794677734,0.22795699536800385,0.14709676802158356
YML047C,YJR119C,0,-1.5740244,0.13400758802890778,0.22795699536800385,0.14731182157993317
YIL134W,YAL043C,0,-1.5750854,0.13383838534355164,0.22795699536800385,0.14752687513828278
YGR083C,YPR095C,1,-1.5750866,0.13493064045906067,0.23010753095149994,0.14752687513828278
YLR039C,YLL016W,1,-1.5752182,0.13602015376091003,0.23225806653499603,0.14752687513828278
YOR193W,YGL231C,0,-1.5754423,0.13584905862808228,0.23225806653499603,0.14774192869663239
YNL307C,YLR356W,0,-1.5756774,0.13567839562892914,0.23225806653499603,0.147956982254982
YJR118C,YNL023C,0,-1.5757883,0.13550814986228943,0.23225806653499603,0.1481720358133316
YBL063W,YDR071C,0,-1.5764382,0.13533835113048553,0.23225806653499603,0.1483870893716812
YPR200C,YDR376W,0,-1.5766089,0.13516895473003387,0.23225806653499603,0.14860215783119202
YOR330C,YPR041W,0,-1.576791,0.13500000536441803,0.23225806653499603,0.14881721138954163
YIL093C,YKR064W,0,-1.5769687,0.13483145833015442,0.23225806653499603,0.14903226494789124
YGL186C,YGR075C,0,-1.5770676,0.13466334342956543,0.23225806653499603,0.14924731850624084
YEL013W,YOR168W,0,-1.5774431,0.13449564576148987,0.23225806653499603,0.14946237206459045
YHR194W,YFR038W,0,-1.5778544,0.13432836532592773,0.23225806653499603,0.14967742562294006
YLR100W,YER056C,0,-1.5793786,0.13416148722171783,0.23225806653499603,0.14989247918128967
YLR206W,YIL106W,0,-1.579567,0.13399504125118256,0.23225806653499603,0.15010753273963928
YGL097W,YNL297C,1,-1.5796156,0.1350681483745575,0.23440860211849213,0.15010753273963928
YER029C,YIL022W,0,-1.5798318,0.1349009871482849,0.23440860211849213,0.1503225862979889
YDR107C,YML023C,0,-1.5799799,0.13473424315452576,0.23440860211849213,0.1505376398563385
YOL107W,YEL018W,0,-1.5809877,0.13456790149211884,0.23440860211849213,0.1507526934146881
YDR524C,YDL205C,0,-1.5810413,0.13440197706222534,0.23440860211849213,0.15096774697303772
YDR364C,YBR060C,0,-1.5811508,0.13423645496368408,0.23440860211849213,0.15118280053138733
YMR230W,YDR046C,0,-1.5813615,0.13407133519649506,0.23440860211849213,0.15139785408973694
YLR016C,YDL080C,0,-1.5817039,0.13390663266181946,0.23440860211849213,0.15161290764808655
YLR043C,YKR072C,0,-1.5818975,0.1337423324584961,0.23440860211849213,0.15182796120643616
YBR211C,YOR201C,0,-1.5824926,0.13357843458652496,0.23440860211849213,0.15204301476478577
YOL038W,YIL126W,0,-1.582711,0.13341493904590607,0.23440860211849213,0.15225806832313538
YBR177C,YJR046W,0,-1.5828092,0.1332518309354782,0.23440860211849213,0.15247312188148499
YMR166C,YLR263W,0,-1.5829616,0.13308914005756378,0.23440860211849213,0.1526881754398346
YNL331C,YMR314W,0,-1.5830362,0.1329268366098404,0.23440860211849213,0.1529032289981842
YPL177C,YPR133W-A,0,-1.5830524,0.13276492059230804,0.23440860211849213,0.1531182825565338
YDL204W,YOL018C,0,-1.583087,0.13260340690612793,0.23440860211849213,0.15333333611488342
YBR058C,YMR091C,0,-1.5836792,0.13244228065013885,0.23440860211849213,0.15354838967323303
YLR096W,YDR379W,0,-1.5837214,0.13228155672550201,0.23440860211849213,0.15376344323158264
YBR043C,YDR197W,0,-1.5844538,0.13212120532989502,0.23440860211849213,0.15397849678993225
YLR055C,YOR215C,0,-1.5847526,0.13196125626564026,0.23440860211849213,0.15419355034828186
YJL058C,YJL186W,0,-1.5852618,0.13180169463157654,0.23440860211849213,0.15440860390663147
YLR277C,YPL096W,0,-1.5855787,0.13164250552654266,0.23440860211849213,0.15462365746498108
YJL164C,YLR054C,0,-1.5856915,0.13148371875286102,0.23440860211849213,0.1548387110233307
YPL177C,YKR100C,0,-1.5864918,0.13132530450820923,0.23440860211849213,0.1550537645816803
YLR425W,YDL100C,1,-1.587079,0.13237063586711884,0.23655913770198822,0.1550537645816803
YBR031W,YIL115C,0,-1.5880561,0.13221153616905212,0.23655913770198822,0.1552688181400299
YPR001W,YMR201C,0,-1.5881743,0.13205282390117645,0.23655913770198822,0.15548387169837952
YNL026W,YOL098C,0,-1.5882301,0.13189448416233063,0.23655913770198822,0.15569892525672913
YHR037W,YPR054W,0,-1.58827,0.13173653185367584,0.23655913770198822,0.15591397881507874
YNL048W,YHR172W,0,-1.5885255,0.1315789520740509,0.23655913770198822,0.15612903237342834
YNL079C,YIL130W,0,-1.588913,0.1314217448234558,0.23655913770198822,0.15634408593177795
YGR113W,YDL030W,0,-1.5893464,0.13126491010189056,0.23655913770198822,0.15655913949012756
YLL002W,YNL311C,0,-1.5894353,0.13110846281051636,0.23655913770198822,0.15677419304847717
YIR011C,YER129W,0,-1.5897198,0.130952388048172,0.23655913770198822,0.15698924660682678
YDR079W,YBR233W-A,0,-1.5901303,0.1307966709136963,0.23655913770198822,0.1572043001651764
YJL062W-A,YJL191W,0,-1.5902212,0.13064132630825043,0.23655913770198822,0.157419353723526
YNR002C,YKR027W,0,-1.5904093,0.1304863542318344,0.23655913770198822,0.1576344072818756
YDR057W,YER123W,0,-1.5904431,0.13033175468444824,0.23655913770198822,0.15784946084022522
YOR119C,YDR111C,0,-1.5908601,0.13017751276493073,0.23655913770198822,0.15806451439857483
YOR096W,YDR318W,0,-1.5909405,0.13002364337444305,0.23655913770198822,0.15827956795692444
YBR031W,YGR224W,0,-1.5910728,0.12987013161182404,0.23655913770198822,0.15849462151527405
YDL067C,YNL328C,0,-1.5911403,0.12971697747707367,0.23655913770198822,0.15870967507362366
YLR417W,YPL262W,0,-1.5915875,0.12956419587135315,0.23655913770198822,0.15892472863197327
YDL247W,YDR148C,0,-1.5915885,0.12941177189350128,0.23655913770198822,0.15913978219032288
YDL076C,YKR026C,0,-1.5916474,0.12925969064235687,0.23655913770198822,0.15935483574867249
YML102W,YML097C,0,-1.5918038,0.1291079819202423,0.23655913770198822,0.1595698893070221
YOL069W,YBL093C,0,-1.5920639,0.1289566308259964,0.23655913770198822,0.1597849428653717
YDL112W,YAR002C-A,0,-1.5921297,0.12880562245845795,0.23655913770198822,0.1599999964237213
YCR038C,YJR031C,1,-1.5932465,0.12982456386089325,0.23870967328548431,0.1599999964237213
YER155C,YOR004W,0,-1.5933871,0.12967289984226227,0.23870967328548431,0.16021504998207092
YCL067C,YDR217C,0,-1.5936525,0.12952159345149994,0.23870967328548431,0.16043010354042053
YNL158W,YGR271W,0,-1.5940168,0.12937062978744507,0.23870967328548431,0.16064515709877014
YDR076W,YDR479C,0,-1.5944703,0.12922002375125885,0.23870967328548431,0.16086021065711975
YDR501W,YGR188C,0,-1.5946162,0.1290697604417801,0.23870967328548431,0.16107526421546936
YDR211W,YPR095C,1,-1.5949116,0.13008129596710205,0.2408602088689804,0.16107526421546936
YNL272C,YKR026C,1,-1.5949824,0.13109049201011658,0.2430107593536377,0.16107526421546936
YPR046W,YMR274C,0,-1.5951645,0.1309385895729065,0.2430107593536377,0.16129031777381897
YPR017C,YDR137W,1,-1.5955935,0.1319444477558136,0.2451612949371338,0.16129031777381897
YPL043W,YLR100W,0,-1.5956142,0.13179190456867218,0.2451612949371338,0.16150537133216858
YDR383C,YPL224C,0,-1.5961571,0.13163971900939941,0.2451612949371338,0.1617204248905182
YJR104C,YDL059C,0,-1.5970469,0.1314878910779953,0.2451612949371338,0.1619354784488678
YOR150W,YBR096W,0,-1.5973685,0.13133640587329865,0.2451612949371338,0.1621505320072174
YJR108W,YGR177C,0,-1.5975242,0.13118526339530945,0.2451612949371338,0.16236558556556702
YLR010C,YBL014C,0,-1.5975766,0.1310344785451889,0.2451612949371338,0.16258063912391663
YDR309C,YDL128W,0,-1.5976002,0.13088403642177582,0.2451612949371338,0.16279569268226624
YEL048C,YDR022C,0,-1.5977325,0.13073395192623138,0.2451612949371338,0.16301074624061584
YER023W,YGL136C,0,-1.5978198,0.13058419525623322,0.2451612949371338,0.16322579979896545
YNL054W,YOR044W,0,-1.5983875,0.1304347813129425,0.2451612949371338,0.16344085335731506
YDR254W,YLL006W,0,-1.5992925,0.13028571009635925,0.2451612949371338,0.16365590691566467
YNL317W,YJL133W,0,-1.5993369,0.13013698160648346,0.2451612949371338,0.16387096047401428
YMR176W,YOL020W,0,-1.5993519,0.12998859584331512,0.2451612949371338,0.16408602893352509
YCL061C,YNL230C,0,-1.5994174,0.12984055280685425,0.2451612949371338,0.1643010824918747
YGR083C,YDL100C,1,-1.5998216,0.13083049654960632,0.24731183052062988,0.1643010824918747
YHR205W,YAL058W,0,-1.5999532,0.1306818127632141,0.24731183052062988,0.1645161360502243
YDR009W,YGR095C,0,-1.6004095,0.13053348660469055,0.24731183052062988,0.1647311896085739
YKL183W,YGL137W,0,-1.6009326,0.13038548827171326,0.24731183052062988,0.16494624316692352
YKL168C,YLR143W,0,-1.6011951,0.13023783266544342,0.24731183052062988,0.16516129672527313
YLL016W,YPR017C,1,-1.6012025,0.1312217265367508,0.24946236610412598,0.16516129672527313
YPR019W,YER048W-A,0,-1.6015139,0.13107344508171082,0.24946236610412598,0.16537635028362274
YDR322W,YPL240C,0,-1.6017482,0.1309255063533783,0.24946236610412598,0.16559140384197235
YCL063W,YMR139W,0,-1.6018293,0.13077791035175323,0.24946236610412598,0.16580645740032196
YGL122C,YOR322C,0,-1.6018333,0.13063062727451324,0.24946236610412598,0.16602151095867157
YHL016C,YDR075W,0,-1.6020637,0.1304836869239807,0.24946236610412598,0.16623656451702118
YMR061W,YNL027W,0,-1.6021316,0.13033707439899445,0.24946236610412598,0.1664516180753708
YBL106C,YFR006W,0,-1.6021793,0.13019078969955444,0.24946236610412598,0.1666666716337204
YDL192W,YIL022W,0,-1.6024928,0.1300448477268219,0.24946236610412598,0.16688172519207
YOR036W,YPL101W,0,-1.6026733,0.12989921867847443,0.24946236610412598,0.16709677875041962
YDL111C,YPL178W,0,-1.6027579,0.12975391745567322,0.24946236610412598,0.16731183230876923
YMR182C,YBR035C,0,-1.6031778,0.12960894405841827,0.24946236610412598,0.16752688586711884
YOR192C,YML059C,0,-1.6032059,0.1294642835855484,0.24946236610412598,0.16774193942546844
YOR175C,YKL089W,0,-1.6032646,0.1293199509382248,0.24946236610412598,0.16795699298381805
YIL014W,YDR240C,0,-1.6034808,0.12917594611644745,0.24946236610412598,0.16817204654216766
YHR039C-A,YFL033C,0,-1.6036336,0.12903225421905518,0.24946236610412598,0.16838710010051727
YJR084W,YMR150C,0,-1.6040113,0.12888889014720917,0.24946236610412598,0.16860215365886688
YHR013C,YLR033W,0,-1.604356,0.12874583899974823,0.24946236610412598,0.1688172072172165
YCL026C-B,YHR059W,0,-1.605344,0.12860310077667236,0.24946236610412598,0.1690322607755661
YHR214C-B,YMR070W,0,-1.6056302,0.12846069037914276,0.24946236610412598,0.1692473143339157
YNL212W,YMR301C,0,-1.605788,0.12831857800483704,0.24946236610412598,0.16946236789226532
YGL229C,YJL083W,0,-1.6059463,0.12817679345607758,0.24946236610412598,0.16967742145061493
YFR031C,YDR536W,0,-1.6059763,0.12803532183170319,0.24946236610412598,0.16989247500896454
YLR039C,YDL100C,1,-1.6060641,0.12899668514728546,0.25161290168762207,0.16989247500896454
YKL064W,YDR148C,0,-1.6062896,0.1288546323776245,0.25161290168762207,0.17010752856731415
YLR277C,YNR003C,0,-1.6062913,0.12871287763118744,0.25161290168762207,0.17032258212566376
YNR026C,YLR371W,1,-1.6064208,0.12967033684253693,0.25376343727111816,0.17032258212566376
YDR297W,YDR110W,0,-1.6065087,0.1295279860496521,0.25376343727111816,0.17053763568401337
YOR175C,YLR433C,0,-1.6065307,0.12938596308231354,0.25376343727111816,0.17075268924236298
YAR033W,YGR046W,0,-1.6065898,0.12924425303936005,0.25376343727111816,0.17096774280071259
YJR066W,YML081C-A,0,-1.6066539,0.12910284101963043,0.25376343727111816,0.1711827963590622
YMR034C,YMR053C,0,-1.6067393,0.1289617419242859,0.25376343727111816,0.1713978499174118
YER129W,YGR179C,0,-1.6070673,0.12882095575332642,0.25376343727111816,0.1716129034757614
YER062C,YKL024C,0,-1.6072242,0.12868048250675201,0.25376343727111816,0.17182795703411102
YDR473C,YGL173C,0,-1.6075449,0.1285403072834015,0.25376343727111816,0.17204301059246063
YLR100W,YJR021C,0,-1.607647,0.12840043008327484,0.25376343727111816,0.17225806415081024
YLR096W,YOR273C,0,-1.6076913,0.12826086580753326,0.25376343727111816,0.17247311770915985
YGL112C,YHL050C,0,-1.6078682,0.12812159955501556,0.25376343727111816,0.17268817126750946
YLR019W,YML063W,0,-1.6079919,0.12798264622688293,0.25376343727111816,0.17290322482585907
YOR182C,YDL080C,0,-1.6081319,0.12784399092197418,0.25376343727111816,0.17311827838420868
YDR528W,YDR318W,0,-1.6081417,0.1277056336402893,0.25376343727111816,0.1733333319425583
YBL091C-A,YPL149W,0,-1.6082637,0.1275675743818283,0.25376343727111816,0.1735483855009079
YNL307C,YPR180W,0,-1.6083825,0.12742979824543,0.25376343727111816,0.1737634390592575
YBR125C,YNR047W,0,-1.608603,0.12729233503341675,0.25376343727111816,0.17397849261760712
YNL297C,YCL068C,1,-1.6086783,0.12823276221752167,0.25591397285461426,0.17397849261760712
YGR271W,YJR060W,0,-1.609061,0.12809473276138306,0.25591397285461426,0.17419354617595673
YLR016C,YOL065C,0,-1.6093094,0.12795698642730713,0.25591397285461426,0.17440859973430634
YNL054W,YNR055C,0,-1.6098108,0.12781955301761627,0.25591397285461426,0.17462365329265594
YGR167W,YBR109C,0,-1.61009,0.1276824027299881,0.25591397285461426,0.17483870685100555
YCL014W,YIL150C,0,-1.6103735,0.1275455504655838,0.25591397285461426,0.17505376040935516
YBL020W,YPL119C,0,-1.6108441,0.12740899622440338,0.25591397285461426,0.17526881396770477
YLR237W,YJR060W,0,-1.6109746,0.12727272510528564,0.25591397285461426,0.17548386752605438
YNR061C,YPR198W,0,-1.611105,0.12713675200939178,0.25591397285461426,0.175698921084404
YHR106W,YNL103W,0,-1.6112392,0.1270010620355606,0.25591397285461426,0.1759139746427536
YDR313C,YLR010C,0,-1.6116047,0.1268656700849533,0.25591397285461426,0.1761290282011032
YBR177C,YPL151C,0,-1.6116314,0.1267305612564087,0.25591397285461426,0.17634408175945282
YCR026C,YJL170C,0,-1.6117115,0.12659575045108795,0.25591397285461426,0.17655913531780243
YJR031C,YPR017C,1,-1.6122539,0.12752391397953033,0.25806450843811035,0.17655913531780243
YNL051W,YBR049C,0,-1.6122859,0.12738853693008423,0.25806450843811035,0.17677418887615204
YPL204W,YMR005W,0,-1.612772,0.1272534430027008,0.25806450843811035,0.17698924243450165
YML047C,YDL019C,0,-1.612932,0.12711864709854126,0.25806450843811035,0.17720429599285126
YHR020W,YNL123W,0,-1.6131151,0.1269841343164444,0.25806450843811035,0.17741934955120087
YJL198W,YDR164C,0,-1.613282,0.12684988975524902,0.25806450843811035,0.17763440310955048
YOR206W,YDR381C-A,0,-1.6133337,0.12671594321727753,0.25806450843811035,0.17784945666790009
YIL155C,YCL048W,0,-1.6136236,0.1265822798013687,0.25806450843811035,0.1780645102262497
YER081W,YGR055W,0,-1.613791,0.12644889950752258,0.25806450843811035,0.1782795637845993
YDR047W,YNL335W,0,-1.6139073,0.12631578743457794,0.25806450843811035,0.1784946173429489
YOR071C,YIL160C,0,-1.6143095,0.12618295848369598,0.25806450843811035,0.17870967090129852
YNL076W,YER110C,0,-1.6147764,0.1260504275560379,0.25806450843811035,0.17892472445964813
YNL041C,YJR010W,0,-1.6151524,0.12591814994812012,0.25806450843811035,0.17913977801799774
YJR076C,YPL011C,0,-1.6152508,0.1257861703634262,0.25806450843811035,0.17935483157634735
YLR006C,YML129C,0,-1.615279,0.1256544440984726,0.25806450843811035,0.17956988513469696
YCL026C-B,YGL103W,0,-1.6153774,0.12552301585674286,0.25806450843811035,0.17978495359420776
YMR282C,YKR104W,0,-1.6154184,0.1253918558359146,0.25806450843811035,0.18000000715255737
YKR054C,YLR224W,0,-1.6157212,0.12526096403598785,0.25806450843811035,0.18021506071090698
YOR260W,YAL041W,1,-1.6165614,0.12617309391498566,0.26021504402160645,0.18021506071090698
YML051W,YBR153W,0,-1.6166475,0.12604166567325592,0.26021504402160645,0.1804301142692566
YOR349W,YDR378C,0,-1.6168334,0.12591050565242767,0.26021504402160645,0.1806451678276062
YDR496C,YAL013W,0,-1.6169548,0.1257796287536621,0.26021504402160645,0.1808602213859558
YDR014W,YPL198W,0,-1.6172755,0.12564902007579803,0.26021504402160645,0.18107527494430542
YAL041W,YDR137W,1,-1.6172838,0.12655602395534515,0.26236557960510254,0.18107527494430542
YPR067W,YDL099W,0,-1.6174617,0.1264248639345169,0.26236557960510254,0.18129032850265503
YDR512C,YJR153W,0,-1.6177099,0.12629400193691254,0.26236557960510254,0.18150538206100464
YJR027W,YIL177C,0,-1.618357,0.12616339325904846,0.26236557960510254,0.18172043561935425
YPL048W,YIL033C,0,-1.6191227,0.12603305280208588,0.26236557960510254,0.18193548917770386
YLR141W,YER161C,0,-1.6193018,0.12590299546718597,0.26236557960510254,0.18215054273605347
YGR216C,YFR050C,0,-1.6194229,0.12577319145202637,0.26236557960510254,0.18236559629440308
YPL233W,YJL102W,0,-1.6194656,0.12564367055892944,0.26236557960510254,0.18258064985275269
YMR013C,YMR300C,0,-1.6196806,0.12551440298557281,0.26236557960510254,0.1827957034111023
YBR082C,YNL251C,0,-1.6197231,0.12538540363311768,0.26236557960510254,0.1830107569694519
YDR195W,YJL155C,0,-1.6198659,0.12525667250156403,0.26236557960510254,0.1832258105278015
YLR352W,YOL054W,0,-1.6206329,0.12512820959091187,0.26236557960510254,0.18344086408615112
YBL008W,YDR140W,0,-1.6212547,0.125,0.26236557960510254,0.18365591764450073
YLL040C,YBR118W,0,-1.6213336,0.12487205862998962,0.26236557960510254,0.18387097120285034
YAR033W,YAL058W,0,-1.6214151,0.12474437803030014,0.26236557960510254,0.18408602476119995
YNR041C,YGL095C,0,-1.6214881,0.12461695820093155,0.26236557960510254,0.18430107831954956
YDR523C,YHR028C,0,-1.6215506,0.12448979914188385,0.26236557960510254,0.18451613187789917
YCR077C,YML099C,0,-1.6218174,0.12436289340257645,0.26236557960510254,0.18473118543624878
YBR207W,YLR306W,0,-1.6220024,0.12423625588417053,0.26236557960510254,0.1849462389945984
YMR035W,YPL116W,0,-1.6222856,0.12410986423492432,0.26236557960510254,0.185161292552948
YJL087C,YKL134C,0,-1.6222978,0.12398374080657959,0.26236557960510254,0.1853763461112976
YKL190W,YBL005W-B,0,-1.6225662,0.12385787069797516,0.26236557960510254,0.18559139966964722
YMR075W,YGL049C,0,-1.6229062,0.12373225390911102,0.26236557960510254,0.18580645322799683
YFR036W,YOL030W,0,-1.6230001,0.12360689043998718,0.26236557960510254,0.18602150678634644
YDR528W,YGL049C,0,-1.6230533,0.12348178029060364,0.26236557960510254,0.18623656034469604
YER153C,YCR081W,0,-1.6231272,0.12335692346096039,0.26236557960510254,0.18645161390304565
YOR260W,YNL272C,1,-1.6231675,0.12424242496490479,0.26451611518859863,0.18645161390304565
YCR038C,YGR083C,1,-1.6232493,0.12512613832950592,0.2666666805744171,0.18645161390304565
YNL297C,YDR137W,1,-1.6235178,0.1260080635547638,0.2688172161579132,0.18645161390304565
YLR157C,YNR035C,0,-1.6235268,0.125881165266037,0.2688172161579132,0.18666666746139526
YMR158W,YNR030W,0,-1.6236427,0.12575452029705048,0.2688172161579132,0.18688172101974487
YJR051W,YGR056W,0,-1.6236763,0.12562814354896545,0.2688172161579132,0.18709677457809448
YKL140W,YDR128W,0,-1.6238174,0.12550200521945953,0.2688172161579132,0.1873118281364441
YLR425W,YCR038C,1,-1.6238909,0.126379132270813,0.2709677517414093,0.1873118281364441
YGL135W,YAL020C,0,-1.6246319,0.12625250220298767,0.2709677517414093,0.1875268816947937
YBR247C,YMR207C,0,-1.6247509,0.12612612545490265,0.2709677517414093,0.1877419352531433
YGL172W,YDL206W,0,-1.6255312,0.12600000202655792,0.2709677517414093,0.18795698881149292
YJR135C,YBL041W,0,-1.6258936,0.1258741319179535,0.2709677517414093,0.18817204236984253
YNL272C,YNR026C,1,-1.6261137,0.1267465054988861,0.2731182873249054,0.18817204236984253
YAL039C,YOR060C,0,-1.6263225,0.12662014365196228,0.2731182873249054,0.18838709592819214
YER093C,YKR026C,1,-1.6266997,0.12749004364013672,0.2752688229084015,0.18838709592819214
YFR045W,YPL155C,0,-1.6268661,0.1273631900548935,0.2752688229084015,0.18860214948654175
YKR078W,YAL041W,0,-1.6271691,0.12723657488822937,0.2752688229084015,0.18881720304489136
YNL311C,YPL208W,0,-1.6272628,0.12711022794246674,0.2752688229084015,0.18903225660324097
YBR279W,YNR010W,0,-1.6274018,0.1269841343164444,0.2752688229084015,0.18924731016159058
YLR115W,YLL004W,0,-1.6274884,0.12685827910900116,0.2752688229084015,0.18946236371994019
YNL095C,YOL108C,0,-1.6286294,0.12673267722129822,0.2752688229084015,0.1896774172782898
YNL272C,YCL068C,1,-1.6287968,0.1275964379310608,0.2774193584918976,0.1896774172782898
YCL066W,YIL021W,0,-1.6288908,0.12747035920619965,0.2774193584918976,0.1898924708366394
YOR075W,YGL226W,0,-1.6292107,0.1273445188999176,0.2774193584918976,0.190107524394989
YLR213C,YNL180C,0,-1.6292477,0.12721893191337585,0.2774193584918976,0.19032257795333862
YGR083C,YDR137W,1,-1.6299784,0.12807881832122803,0.2795698940753937,0.19032257795333862
YLR085C,YGL129C,0,-1.6303556,0.12795275449752808,0.2795698940753937,0.19053763151168823
YNR007C,YLR067C,0,-1.6303594,0.12782694399356842,0.2795698940753937,0.19075268507003784
YCR038C,YER155C,1,-1.6306789,0.1286836862564087,0.28172042965888977,0.19075268507003784
YBR131W,YNL297C,1,-1.6307845,0.12953875958919525,0.28387096524238586,0.19075268507003784
YCR028C,YMR074C,0,-1.6314893,0.12941177189350128,0.28387096524238586,0.19096773862838745
YPL171C,YGL137W,0,-1.631494,0.12928500771522522,0.28387096524238586,0.19118279218673706
YLR337C,YPL153C,0,-1.6315134,0.12915851175785065,0.28387096524238586,0.19139784574508667
YDL113C,YPR046W,0,-1.6327121,0.12903225421905518,0.28387096524238586,0.19161289930343628
YKR020W,YMR002W,0,-1.6327178,0.12890625,0.28387096524238586,0.1918279528617859
YNL191W,YLL004W,0,-1.6328998,0.12878048419952393,0.28387096524238586,0.1920430064201355
YKR096W,YDL129W,0,-1.6329856,0.12865497171878815,0.28387096524238586,0.1922580599784851
YDR056C,YML067C,0,-1.6332624,0.12852969765663147,0.28387096524238586,0.19247311353683472
YLL050C,YFR021W,0,-1.6341903,0.1284046620130539,0.28387096524238586,0.19268816709518433
YGR044C,YEL053C,0,-1.6342859,0.1282798796892166,0.28387096524238586,0.19290322065353394
YGL169W,YER114C,0,-1.6345177,0.12815533578395844,0.28387096524238586,0.19311827421188354
YJL181W,YPR096C,0,-1.6347287,0.12803104519844055,0.28387096524238586,0.19333332777023315
YML091C,YJL165C,0,-1.6351621,0.12790697813034058,0.28387096524238586,0.19354838132858276
YDR231C,YGR184C,0,-1.6352351,0.1277831494808197,0.28387096524238586,0.19376343488693237
YJL214W,YLR163C,0,-1.63567,0.12765957415103912,0.28387096524238586,0.19397848844528198
YCR038C,YKR026C,1,-1.6358173,0.12850241363048553,0.28602150082588196,0.19397848844528198
YIL051C,YIL021W,0,-1.6359708,0.12837837636470795,0.28602150082588196,0.1941935420036316
YLL033W,YMR318C,0,-1.6362607,0.12825457751750946,0.28602150082588196,0.1944085955619812
YPR095C,YDR137W,1,-1.6365733,0.12909440696239471,0.28817203640937805,0.1944085955619812
YPR098C,YOR251C,0,-1.6369474,0.1289701610803604,0.28817203640937805,0.1946236491203308
YJL054W,YLL031C,0,-1.6370938,0.1288461536169052,0.28817203640937805,0.19483870267868042
YIL051C,YDR476C,0,-1.6376615,0.1287223845720291,0.28817203640937805,0.19505375623703003
YFR006W,YMR137C,0,-1.637666,0.12859885394573212,0.28817203640937805,0.19526880979537964
YER014W,YDL077C,0,-1.6382558,0.12847554683685303,0.28817203640937805,0.19548387825489044
YCR028C,YMR048W,0,-1.6396201,0.12835249304771423,0.28817203640937805,0.19569893181324005
YOR326W,YHR027C,0,-1.6396902,0.12822966277599335,0.28817203640937805,0.19591398537158966
YGL068W,YMR298W,0,-1.6401889,0.12810707092285156,0.28817203640937805,0.19612903892993927
YHR077C,YLR100W,0,-1.6412663,0.12798471748828888,0.28817203640937805,0.19634409248828888
YNL061W,YOR069W,0,-1.6413207,0.1278626024723053,0.28817203640937805,0.1965591460466385
YMR303C,YLR045C,0,-1.6415577,0.12774071097373962,0.28817203640937805,0.1967741996049881
YMR193W,YJL065C,0,-1.6419582,0.12761904299259186,0.28817203640937805,0.1969892531633377
YLR093C,YLR451W,0,-1.642102,0.1274976283311844,0.28817203640937805,0.19720430672168732
YBR095C,YGR143W,0,-1.6423225,0.12737642228603363,0.28817203640937805,0.19741936028003693
YFL025C,YBR005W,0,-1.6424794,0.12725545465946198,0.28817203640937805,0.19763441383838654
YDR211W,YLR371W,1,-1.6426105,0.1280834972858429,0.29032257199287415,0.19763441383838654
YNR026C,YPR017C,1,-1.6426322,0.12890994548797607,0.29247310757637024,0.19763441383838654
YBR198C,YNL073W,0,-1.6427195,0.12878787517547607,0.29247310757637024,0.19784946739673615
YMR297W,YLR183C,0,-1.6427975,0.12866604328155518,0.29247310757637024,0.19806452095508575
YGL097W,YLR425W,1,-1.6428659,0.12948960065841675,0.29462364315986633,0.19806452095508575
YDR188W,YIL006W,0,-1.6432633,0.12936732172966003,0.29462364315986633,0.19827957451343536
YIR009W,YJR033C,0,-1.6436677,0.12924528121948242,0.29462364315986633,0.19849462807178497
YIL115C,YPL209C,0,-1.6436772,0.12912346422672272,0.29462364315986633,0.19870968163013458
YNL078W,YMR198W,0,-1.6441517,0.12900188565254211,0.29462364315986633,0.1989247351884842
YNL214W,YPL151C,0,-1.6447573,0.12888053059577942,0.29462364315986633,0.1991397887468338
YJR151C,YDR200C,0,-1.6447649,0.12875939905643463,0.29462364315986633,0.1993548423051834
YDL006W,YLR347C,0,-1.6451831,0.12863849103450775,0.29462364315986633,0.19956989586353302
YDR137W,YML097C,1,-1.6453571,0.12945590913295746,0.2967741787433624,0.19956989586353302
YHR044C,YIL021W,0,-1.6457963,0.12933458387851715,0.2967741787433624,0.19978494942188263
YGL073W,YER015W,0,-1.6458852,0.12921348214149475,0.2967741787433624,0.20000000298023224
YNL243W,YPL214C,0,-1.6460495,0.12909260392189026,0.2967741787433624,0.20021505653858185
YMR088C,YDR087C,0,-1.646518,0.12897196412086487,0.2967741787433624,0.20043011009693146
YOR241W,YJR036C,0,-1.6468914,0.12885154783725739,0.2967741787433624,0.20064516365528107
YDR383C,YBR095C,0,-1.6472743,0.12873134016990662,0.2967741787433624,0.20086021721363068
YDL195W,YKL078W,0,-1.647294,0.12861137092113495,0.2967741787433624,0.20107527077198029
YLR004C,YKL210W,0,-1.6478336,0.1284916251897812,0.2967741787433624,0.2012903243303299
YPL163C,YJR060W,0,-1.6479094,0.12837208807468414,0.2967741787433624,0.2015053778886795
YDR252W,YLR435W,0,-1.6480544,0.1282527893781662,0.2967741787433624,0.2017204314470291
YDL100C,YER155C,1,-1.6481209,0.1290622055530548,0.2989247441291809,0.2017204314470291
YDR378C,YMR037C,0,-1.6484225,0.12894248962402344,0.2989247441291809,0.20193548500537872
YJL029C,YDL083C,0,-1.6485262,0.12882298231124878,0.2989247441291809,0.20215053856372833
YLR213C,YDR145W,0,-1.6489367,0.12870369851589203,0.2989247441291809,0.20236559212207794
YNL308C,YGL190C,0,-1.6489816,0.12858463823795319,0.2989247441291809,0.20258064568042755
YEL022W,YJL170C,0,-1.6493695,0.12846580147743225,0.2989247441291809,0.20279569923877716
YBR026C,YML092C,0,-1.6495275,0.12834718823432922,0.2989247441291809,0.20301075279712677
YKL078W,YPL103C,0,-1.649667,0.1282287836074829,0.2989247441291809,0.20322580635547638
YDR372C,YBR023C,0,-1.6497891,0.1281106024980545,0.2989247441291809,0.203440859913826
YLR425W,YLL017W,1,-1.6499355,0.12891344726085663,0.301075279712677,0.203440859913826
YAL041W,YNL297C,1,-1.6499751,0.12971481680870056,0.3032258152961731,0.203440859913826
YDR072C,YOR294W,0,-1.6501358,0.1295955926179886,0.3032258152961731,0.2036559134721756
YDR028C,YDR303C,0,-1.6501803,0.12947657704353333,0.3032258152961731,0.2038709670305252
YKL166C,YKL195W,0,-1.6502047,0.12935779988765717,0.3032258152961731,0.20408602058887482
YDR028C,YJL005W,0,-1.6507604,0.12923923134803772,0.3032258152961731,0.20430107414722443
YBL098W,YKL089W,0,-1.651001,0.12912088632583618,0.3032258152961731,0.20451612770557404
YLR337C,YNL335W,0,-1.6513083,0.12900274991989136,0.3032258152961731,0.20473118126392365
YBL013W,YOL120C,0,-1.6514077,0.12888482213020325,0.3032258152961731,0.20494623482227325
YOR249C,YDR238C,0,-1.6514354,0.12876711785793304,0.3032258152961731,0.20516128838062286
YER093C,YER155C,1,-1.6522763,0.12956205010414124,0.3053763508796692,0.20516128838062286
YHR074W,YNL007C,0,-1.6530104,0.1294439435005188,0.3053763508796692,0.20537634193897247
YDR483W,YHR109W,0,-1.6532037,0.12932604551315308,0.3053763508796692,0.20559139549732208
YMR285C,YNL288W,0,-1.6533191,0.12920837104320526,0.3053763508796692,0.2058064490556717
YLR039C,YER155C,1,-1.6533515,0.12999999523162842,0.3075268864631653,0.2058064490556717
YNL272C,YAL041W,1,-1.6535494,0.13079018890857697,0.3096774220466614,0.2058064490556717
YLL016W,YNL297C,1,-1.6538138,0.1315789520740509,0.31182795763015747,0.2058064490556717
YLR004C,YDR513W,0,-1.6539567,0.13145965337753296,0.31182795763015747,0.2060215026140213
YBR049C,YAL012W,0,-1.6540899,0.13134057819843292,0.31182795763015747,0.2062365561723709
YML124C,YNR020C,0,-1.6542423,0.1312217265367508,0.31182795763015747,0.20645160973072052
YLR083C,YML081W,0,-1.6542852,0.13110306859016418,0.31182795763015747,0.20666666328907013
YOR259C,YOR069W,0,-1.6552417,0.13098464906215668,0.31182795763015747,0.20688171684741974
YBR015C,YOR211C,0,-1.6554568,0.1308664232492447,0.31182795763015747,0.20709677040576935
YDL160C,YOR388C,0,-1.6557484,0.1307484209537506,0.31182795763015747,0.20731182396411896
YPR105C,YOL051W,0,-1.6560211,0.13063062727451324,0.31182795763015747,0.20752687752246857
YJL140W,YFR050C,0,-1.6560404,0.1305130571126938,0.31182795763015747,0.20774193108081818
YEL001C,YBR282W,0,-1.6561148,0.13039568066596985,0.31182795763015747,0.20795698463916779
YDR303C,YJR010W,0,-1.6564982,0.13027852773666382,0.31182795763015747,0.2081720381975174
YAL041W,YDL100C,1,-1.6565807,0.13105924427509308,0.31397849321365356,0.2081720381975174
YKL132C,YPL105C,0,-1.6570013,0.130941703915596,0.31397849321365356,0.208387091755867
YJR010W,YNL251C,0,-1.6570444,0.13082437217235565,0.31397849321365356,0.2086021453142166
YOR262W,YGL129C,0,-1.6575365,0.130707249045372,0.31397849321365356,0.20881719887256622
YLR425W,YNL328C,0,-1.657644,0.13059033453464508,0.31397849321365356,0.20903225243091583
YLR291C,YBR245C,0,-1.6578429,0.13047364354133606,0.31397849321365356,0.20924730598926544
YGR181W,YNR024W,0,-1.6584415,0.13035714626312256,0.31397849321365356,0.20946235954761505
YAL041W,YBR131W,1,-1.6584599,0.13113291561603546,0.31612902879714966,0.20946235954761505
YDR325W,YAL007C,0,-1.6586914,0.13101604580879211,0.31612902879714966,0.20967741310596466
YIR015W,YPL019C,0,-1.6587069,0.1308993697166443,0.31612902879714966,0.20989246666431427
YML045W,YPR036W,0,-1.6588452,0.13078291714191437,0.31612902879714966,0.21010752022266388
YLR209C,YER015W,0,-1.6588755,0.13066667318344116,0.31612902879714966,0.2103225737810135
YIL076W,YJL101C,0,-1.6589785,0.13055062294006348,0.31612902879714966,0.2105376273393631
YDR328C,YPR068C,0,-1.6590066,0.1304347813129425,0.31612902879714966,0.2107526808977127
YGR218W,YBL082C,0,-1.6590257,0.13031914830207825,0.31612902879714966,0.2109677493572235
YJR117W,YNL213C,0,-1.659054,0.1302037239074707,0.31612902879714966,0.21118280291557312
YML011C,YDR334W,0,-1.6591356,0.13008849322795868,0.31612902879714966,0.21139785647392273
YNL026W,YDR129C,0,-1.6592469,0.12997347116470337,0.31612902879714966,0.21161291003227234
YJR054W,YDR148C,0,-1.6593063,0.12985865771770477,0.31612902879714966,0.21182796359062195
YOL076W,YLR247C,0,-1.6593382,0.1297440379858017,0.31612902879714966,0.21204301714897156
YNL128W,YDR483W,0,-1.6594703,0.12962962687015533,0.31612902879714966,0.21225807070732117
YLR019W,YMR306W,0,-1.6596472,0.12951542437076569,0.31612902879714966,0.21247312426567078
YML129C,YNL298W,0,-1.6597021,0.12940141558647156,0.31612902879714966,0.21268817782402039
YNR006W,YCL039W,0,-1.6598022,0.12928760051727295,0.31612902879714966,0.21290323138237
YLR425W,YLL016W,1,-1.6598165,0.13005273044109344,0.31827956438064575,0.21290323138237
YDR247W,YCR081W,0,-1.660229,0.129938542842865,0.31827956438064575,0.2131182849407196
YDR212W,YNL267W,0,-1.6604531,0.12982456386089325,0.31827956438064575,0.2133333384990692
YLR288C,YLR427W,0,-1.6604948,0.12971077859401703,0.31827956438064575,0.21354839205741882
YOR251C,YDL080C,0,-1.6607375,0.12959720194339752,0.31827956438064575,0.21376344561576843
YPR108W,YOR089C,0,-1.6608145,0.12948381900787354,0.31827956438064575,0.21397849917411804
YDR251W,YNL137C,0,-1.6608765,0.12937062978744507,0.31827956438064575,0.21419355273246765
YDR496C,YIR015W,0,-1.6612525,0.12925764918327332,0.31827956438064575,0.21440860629081726
YCR038C,YAL041W,1,-1.6612666,0.1300174593925476,0.32043009996414185,0.21440860629081726
YGL141W,YAL062W,0,-1.661346,0.12990409135818481,0.32043009996414185,0.21462365984916687
YDL106C,YER176W,0,-1.661392,0.12979094684123993,0.32043009996414185,0.21483871340751648
YNL318C,YOR060C,0,-1.6617882,0.12967798113822937,0.32043009996414185,0.2150537669658661
YAL024C,YPR017C,1,-1.6618724,0.1304347813129425,0.32258063554763794,0.2150537669658661
YKR078W,YJR084W,0,-1.662127,0.1303214579820633,0.32258063554763794,0.2152688205242157
YOR338W,YGL083W,0,-1.6631107,0.1302083283662796,0.32258063554763794,0.2154838740825653
YLR287C-A,YOR212W,0,-1.6633961,0.13009540736675262,0.32258063554763794,0.21569892764091492
YOR320C,YOL152W,0,-1.6634316,0.12998266518115997,0.32258063554763794,0.21591398119926453
YLR248W,YMR274C,0,-1.6637113,0.12987013161182404,0.32258063554763794,0.21612903475761414
YOL104C,YNL268W,0,-1.6641886,0.12975779175758362,0.32258063554763794,0.21634408831596375
YOR239W,YDR482C,0,-1.6642244,0.12964563071727753,0.32258063554763794,0.21655914187431335
YIL084C,YNR024W,0,-1.6643963,0.12953367829322815,0.32258063554763794,0.21677419543266296
YDR379W,YDR424C,0,-1.66446,0.1294219195842743,0.32258063554763794,0.21698924899101257
YIL019W,YKR020W,0,-1.6644719,0.12931033968925476,0.32258063554763794,0.21720430254936218
YMR207C,YNL032W,0,-1.6646352,0.12919896841049194,0.32258063554763794,0.2174193561077118
YLR170C,YMR257C,0,-1.6651073,0.12908777594566345,0.32258063554763794,0.2176344096660614
YDL205C,YOL026C,0,-1.6651087,0.12897677719593048,0.32258063554763794,0.217849463224411
YLR314C,YPL193W,0,-1.6662188,0.12886597216129303,0.32258063554763794,0.21806451678276062
YMR223W,YLR324W,0,-1.6664078,0.1287553608417511,0.32258063554763794,0.21827957034111023
YGL031C,YDR437W,0,-1.6666579,0.1286449432373047,0.32258063554763794,0.21849462389945984
YER014C-A,YKL006C-A,0,-1.6668236,0.1285347044467926,0.32258063554763794,0.21870967745780945
YNR026C,YGR070W,1,-1.6672516,0.12928082048892975,0.32473117113113403,0.21870967745780945
YER093C,YNR026C,1,-1.6676519,0.13002566993236542,0.3268817067146301,0.21870967745780945
YGR208W,YNL304W,0,-1.6676648,0.1299145370721817,0.3268817067146301,0.21892473101615906
YER123W,YOR106W,0,-1.6677449,0.1298035830259323,0.3268817067146301,0.21913978457450867
YPL127C,YOR301W,0,-1.6677794,0.12969283759593964,0.3268817067146301,0.21935483813285828
YCL067C,YNL282W,0,-1.6679316,0.1295822709798813,0.3268817067146301,0.21956989169120789
YML124C,YOR063W,0,-1.6679399,0.12947189807891846,0.3268817067146301,0.2197849452495575
YIR009W,YFR029W,0,-1.6680663,0.12936170399188995,0.3268817067146301,0.2199999988079071
YDR137W,YER155C,1,-1.6680958,0.1301020383834839,0.3290322721004486,0.2199999988079071
YNL271C,YML113W,0,-1.6681888,0.12999150156974792,0.3290322721004486,0.2202150523662567
YCR011C,YJR160C,0,-1.6685591,0.12988115847110748,0.3290322721004486,0.22043010592460632
YAL013W,YBR048W,0,-1.6688583,0.12977099418640137,0.3290322721004486,0.22064515948295593
YNL297C,YML097C,1,-1.6689868,0.13050846755504608,0.3311828076839447,0.22064515948295593
YPR021C,YNL024C,0,-1.6691613,0.1303979605436325,0.3311828076839447,0.22086021304130554
YBR121C,YDL141W,0,-1.6693265,0.13028764724731445,0.3311828076839447,0.22107526659965515
YJR101W,YGL240W,0,-1.669364,0.13017751276493073,0.3311828076839447,0.22129032015800476
YGL196W,YKR104W,0,-1.6700397,0.13006757199764252,0.3311828076839447,0.22150537371635437
YOR002W,YER045C,0,-1.6700976,0.12995781004428864,0.3311828076839447,0.22172042727470398
YJL087C,YJR139C,0,-1.6703129,0.12984822690486908,0.3311828076839447,0.2219354808330536
YCL044C,YER033C,0,-1.6703739,0.12973883748054504,0.3311828076839447,0.2221505343914032
YMR045C,YPL082C,0,-1.6703861,0.12962962687015533,0.3311828076839447,0.2223655879497528
YBR131W,YLR291C,1,-1.6707284,0.1303616464138031,0.3333333432674408,0.2223655879497528
YPL168W,YLR389C,0,-1.6708632,0.13025210797786713,0.3333333432674408,0.22258064150810242
YNL219C,YMR049C,0,-1.670886,0.13014273345470428,0.3333333432674408,0.22279569506645203
YER031C,YLR283W,0,-1.6709516,0.13003355264663696,0.3333333432674408,0.22301074862480164
YGL093W,YIR004W,0,-1.6713357,0.12992456555366516,0.3333333432674408,0.22322580218315125
YHL017W,YNL250W,0,-1.6713567,0.1298157423734665,0.3333333432674408,0.22344085574150085
YBR180W,YER056C-A,0,-1.6717706,0.12970711290836334,0.3333333432674408,0.22365590929985046
YMR241W,YMR289W,0,-1.6719539,0.12959866225719452,0.3333333432674408,0.22387096285820007
YML113W,YBL014C,0,-1.6719899,0.12949039041996002,0.3333333432674408,0.22408601641654968
YCL001W,YOR162C,0,-1.6720634,0.12938229739665985,0.3333333432674408,0.2243010699748993
YGL028C,YJR158W,0,-1.6722286,0.1292743980884552,0.3333333432674408,0.2245161235332489
YJL098W,YAL020C,0,-1.6724224,0.12916666269302368,0.3333333432674408,0.2247311770915985
YLR418C,YJR010W,0,-1.672446,0.12905912101268768,0.3333333432674408,0.22494623064994812
YOR106W,YML067C,0,-1.6728199,0.12895174324512482,0.3333333432674408,0.22516128420829773
YNL151C,YHR109W,0,-1.6728714,0.12884455919265747,0.3333333432674408,0.22537633776664734
YHR165C,YNL244C,0,-1.6729081,0.12873753905296326,0.3333333432674408,0.22559139132499695
YCR040W,YML101C,0,-1.6729934,0.12863071262836456,0.3333333432674408,0.22580644488334656
YNL287W,YGR095C,0,-1.6730835,0.128524050116539,0.3333333432674408,0.22602149844169617
YBL072C,YCR052W,0,-1.6732311,0.12841756641864777,0.3333333432674408,0.22623655200004578
YKL182W,YHR167W,0,-1.67324,0.12831126153469086,0.3333333432674408,0.22645160555839539
YLR042C,YOR232W,0,-1.6735737,0.12820513546466827,0.3333333432674408,0.2266666740179062
YKL116C,YOR099W,0,-1.6741648,0.12809917330741882,0.3333333432674408,0.2268817275762558
YDR093W,YPL063W,0,-1.6743684,0.1279933899641037,0.3333333432674408,0.2270967811346054
YGR252W,YER126C,0,-1.6745794,0.1278877854347229,0.3333333432674408,0.22731183469295502
YDR103W,YNL020C,0,-1.6756814,0.12778235971927643,0.3333333432674408,0.22752688825130463
YOR335C,YIR002C,0,-1.6758585,0.1276770979166031,0.3333333432674408,0.22774194180965424
YFR036W,YDL100C,0,-1.676508,0.12757201492786407,0.3333333432674408,0.22795699536800385
YOL108C,YOR119C,0,-1.6768026,0.1274671107530594,0.3333333432674408,0.22817204892635345
YLR052W,YDR536W,0,-1.6768343,0.12736237049102783,0.3333333432674408,0.22838710248470306
YOR138C,YNL210W,0,-1.6769421,0.1272577941417694,0.3333333432674408,0.22860215604305267
YDR495C,YMR099C,0,-1.6769526,0.1271534115076065,0.3333333432674408,0.22881720960140228
YNL095C,YKR069W,0,-1.6773736,0.12704917788505554,0.3333333432674408,0.2290322631597519
YJR035W,YGR106C,0,-1.6774046,0.1269451230764389,0.3333333432674408,0.2292473167181015
YJR078W,YKR056W,0,-1.6775367,0.1268412470817566,0.3333333432674408,0.2294623702764511
YDR483W,YNL325C,0,-1.677578,0.1267375349998474,0.3333333432674408,0.22967742383480072
YER171W,YDL135C,0,-1.6778011,0.12663398683071136,0.3333333432674408,0.22989247739315033
YAL030W,YAR018C,0,-1.6778638,0.12653061747550964,0.3333333432674408,0.23010753095149994
YHR140W,YDR065W,0,-1.6781149,0.12642741203308105,0.3333333432674408,0.23032258450984955
YOR158W,YER022W,0,-1.6782446,0.1263243705034256,0.3333333432674408,0.23053763806819916
YBR009C,YNL027W,0,-1.6784256,0.12622149288654327,0.3333333432674408,0.23075269162654877
YNL029C,YML076C,0,-1.6791539,0.12611879408359528,0.3333333432674408,0.23096774518489838
YBL079W,YBL082C,0,-1.6792817,0.1260162591934204,0.3333333432674408,0.23118279874324799
YHR105W,YJL006C,0,-1.6794846,0.12591388821601868,0.3333333432674408,0.2313978523015976
YEL038W,YIL039W,0,-1.6797402,0.12581168115139008,0.3333333432674408,0.2316129058599472
YCR038C,YDL100C,1,-1.679945,0.12652067840099335,0.3354838788509369,0.2316129058599472
YJL045W,YDR030C,0,-1.6802301,0.12641815841197968,0.3354838788509369,0.23182795941829681
YOR257W,YBL092W,0,-1.6803207,0.12631578743457794,0.3354838788509369,0.23204301297664642
YDR313C,YBL091C-A,0,-1.6803455,0.12621359527111053,0.3354838788509369,0.23225806653499603
YLL017W,YPR017C,1,-1.680428,0.1269199699163437,0.337634414434433,0.23225806653499603
YLR212C,YDR356W,0,-1.6804576,0.12681744992733002,0.337634414434433,0.23247312009334564
YDR363W-A,YDR534C,0,-1.6814339,0.12671509385108948,0.337634414434433,0.23268817365169525
YER093C,YGR070W,1,-1.6814551,0.1274193525314331,0.3397849500179291,0.23268817365169525
YJL025W,YNL328C,0,-1.6816208,0.1273166835308075,0.3397849500179291,0.23290322721004486
YCR038C,YGR070W,1,-1.6817005,0.128019317984581,0.34193548560142517,0.23290322721004486
YNL272C,YDR137W,1,-1.6817408,0.12872083485126495,0.34408602118492126,0.23290322721004486
YNR026C,YLR310C,1,-1.6818016,0.12942121922969818,0.34623655676841736,0.23290322721004486
YML027W,YNL056W,0,-1.6818826,0.1293172687292099,0.34623655676841736,0.23311828076839447
YDR351W,YDL033C,0,-1.6820109,0.12921348214149475,0.34623655676841736,0.23333333432674408
YPR113W,YPL104W,0,-1.6823921,0.12910985946655273,0.34623655676841736,0.2335483878850937
YKL210W,YPL017C,0,-1.6824756,0.12900641560554504,0.34623655676841736,0.2337634414434433
YML043C,YDR381C-A,0,-1.6826985,0.1289031207561493,0.34623655676841736,0.2339784950017929
YER031C,YKL197C,0,-1.6827962,0.12880000472068787,0.34623655676841736,0.23419354856014252
YNL293W,YOR304W,0,-1.6828074,0.12869703769683838,0.34623655676841736,0.23440860211849213
YER062C,YCL063W,0,-1.6832285,0.12859424948692322,0.34623655676841736,0.23462365567684174
YPR190C,YDR251W,0,-1.6833425,0.1284916251897812,0.34623655676841736,0.23483870923519135
YBR091C,YFR013W,0,-1.6833625,0.1283891499042511,0.34623655676841736,0.23505376279354095
YLR182W,YPL240C,0,-1.6835527,0.12828685343265533,0.34623655676841736,0.23526881635189056
YHR028C,YDL108W,0,-1.6836815,0.1281847059726715,0.34623655676841736,0.23548386991024017
YIR011C,YGR229C,0,-1.6837311,0.128082737326622,0.34623655676841736,0.23569892346858978
YGR199W,YMR156C,0,-1.6837773,0.12798091769218445,0.34623655676841736,0.2359139770269394
YPL174C,YLR014C,0,-1.6839118,0.12787926197052002,0.34623655676841736,0.236129030585289
YML048W,YGR024C,0,-1.6839211,0.12777778506278992,0.34623655676841736,0.2363440841436386
YNL278W,YJL191W,0,-1.6842787,0.12767644226551056,0.34623655676841736,0.23655913770198822
YAR015W,YOR046C,0,-1.6845095,0.12757527828216553,0.34623655676841736,0.23677419126033783
YOR109W,YPR097W,0,-1.6847026,0.12747426331043243,0.34623655676841736,0.23698924481868744
YER093C,YDL100C,1,-1.6849077,0.12816455960273743,0.34838709235191345,0.23698924481868744
YER168C,YOR381W,0,-1.6851556,0.12806324660778046,0.34838709235191345,0.23720429837703705
YMR101C,YPL235W,0,-1.6854405,0.12796208262443542,0.34838709235191345,0.23741935193538666
YLR404W,YNL278W,0,-1.6857553,0.12786108255386353,0.34838709235191345,0.23763440549373627
YOL005C,YLR059C,0,-1.6857986,0.12776024639606476,0.34838709235191345,0.23784945905208588
YBR231C,YIL069C,0,-1.6858673,0.12765957415103912,0.34838709235191345,0.23806451261043549
YGR174C,YLR191W,0,-1.6862006,0.12755905091762543,0.34838709235191345,0.2382795661687851
YNL135C,YCR047C,0,-1.6862245,0.12745869159698486,0.34838709235191345,0.2384946197271347
YNL101W,YDR121W,0,-1.6863773,0.12735849618911743,0.34838709235191345,0.23870967328548431
YBL068W,YDR218C,0,-1.686398,0.12725844979286194,0.34838709235191345,0.23892472684383392
YDR500C,YHR079C,0,-1.6864061,0.12715855240821838,0.34838709235191345,0.23913978040218353
YDL100C,YNL297C,1,-1.6864266,0.12784314155578613,0.35053762793540955,0.23913978040218353
YML099C,YDR130C,0,-1.6864946,0.1277429461479187,0.35053762793540955,0.23935483396053314
YGL090W,YJR048W,0,-1.6866243,0.1276429146528244,0.35053762793540955,0.23956988751888275
YAL040C,YER020W,0,-1.686914,0.12754303216934204,0.35053762793540955,0.23978494107723236
YBR091C,YKR064W,0,-1.686939,0.1274433135986328,0.35053762793540955,0.23999999463558197
YML106W,YBL011W,0,-1.687211,0.12734374403953552,0.35053762793540955,0.24021504819393158
YHL012W,YHR010W,0,-1.6872435,0.12724433839321136,0.35053762793540955,0.2404301017522812
YGL220W,YBR146W,0,-1.6874137,0.12714508175849915,0.35053762793540955,0.2406451553106308
YMR322C,YGR036C,0,-1.6875341,0.12704598903656006,0.35053762793540955,0.2408602088689804
YKL052C,YOL018C,0,-1.6877651,0.1269470453262329,0.35053762793540955,0.24107526242733002
YOR071C,YBR196C,0,-1.6878495,0.1268482506275177,0.35053762793540955,0.24129031598567963
YLL017W,YNL297C,1,-1.6885283,0.12752722203731537,0.35268816351890564,0.24129031598567963
YGL251C,YDR545W,0,-1.6888521,0.12742812931537628,0.35268816351890564,0.24150536954402924
YKL130C,YKR079C,0,-1.6888599,0.12732918560504913,0.35268816351890564,0.24172042310237885
YHR206W,YMR118C,0,-1.6889138,0.12723040580749512,0.35268816351890564,0.24193547666072845
YER019C-A,YGR271W,0,-1.6890502,0.12713178992271423,0.35268816351890564,0.24215053021907806
YLR268W,YDR040C,0,-1.6890712,0.1270333081483841,0.35268816351890564,0.24236559867858887
YDR211W,YLR291C,1,-1.6891935,0.12770897150039673,0.35483869910240173,0.24236559867858887
YMR016C,YJL128C,0,-1.6892705,0.1276102066040039,0.35483869910240173,0.24258065223693848
YMR172W,YHR041C,0,-1.689709,0.12751159071922302,0.35483869910240173,0.24279570579528809
YML057W,YAR007C,0,-1.6899757,0.12741312384605408,0.35483869910240173,0.2430107593536377
YJL143W,YNL045W,0,-1.6904225,0.12731482088565826,0.35483869910240173,0.2432258129119873
YFR013W,YKL205W,0,-1.6905639,0.1272166520357132,0.35483869910240173,0.24344086647033691
YOR215C,YJR103W,0,-1.6907341,0.12711864709854126,0.35483869910240173,0.24365592002868652
YDR299W,YML088W,0,-1.6909919,0.12702079117298126,0.35483869910240173,0.24387097358703613
YNR055C,YJR158W,0,-1.6909947,0.1269230842590332,0.35483869910240173,0.24408602714538574
YPL259C,YOR069W,0,-1.691045,0.1268255114555359,0.35483869910240173,0.24430108070373535
YNL048W,YLR359W,0,-1.6910655,0.1267281174659729,0.35483869910240173,0.24451613426208496
YKL093W,YMR130W,0,-1.6911895,0.12663085758686066,0.35483869910240173,0.24473118782043457
YFR031C,YLR183C,0,-1.6915736,0.12653374671936035,0.35483869910240173,0.24494624137878418
YER048W-A,YDL087C,0,-1.6916344,0.12643678486347198,0.35483869910240173,0.2451612949371338
YGR156W,YJR036C,0,-1.6916819,0.12633997201919556,0.35483869910240173,0.2453763484954834
YLR425W,YLR291C,1,-1.6921871,0.12700842320919037,0.3569892346858978,0.2453763484954834
YDR289C,YDR310C,0,-1.6925619,0.12691131234169006,0.3569892346858978,0.245591402053833
YPR144C,YIL177C,0,-1.6929898,0.1268143653869629,0.3569892346858978,0.24580645561218262
YER014C-A,YCR009C,0,-1.6932473,0.12671755254268646,0.3569892346858978,0.24602150917053223
YDR103W,YER056C,0,-1.6934912,0.12662090361118317,0.3569892346858978,0.24623656272888184
YDR470C,YJR016C,0,-1.6941056,0.12652438879013062,0.3569892346858978,0.24645161628723145
YNR055C,YJL165C,0,-1.6941452,0.12642802298069,0.3569892346858978,0.24666666984558105
YER007W,YER038C,0,-1.6942718,0.12633180618286133,0.3569892346858978,0.24688172340393066
YDR242W,YPL273W,0,-1.6942792,0.1262357383966446,0.3569892346858978,0.24709677696228027
YDR496C,YKL063C,0,-1.6942942,0.1261398196220398,0.3569892346858978,0.24731183052062988
YBR287W,YBR125C,0,-1.6943481,0.12604403495788574,0.3569892346858978,0.2475268840789795
YEL013W,YMR125W,0,-1.6943817,0.12594839930534363,0.3569892346858978,0.2477419376373291
YOR269W,YEL037C,0,-1.6949117,0.12585291266441345,0.3569892346858978,0.2479569911956787
YHR079C,YCR093W,0,-1.6949506,0.12575757503509521,0.3569892346858978,0.24817204475402832
YIL083C,YLR145W,0,-1.695287,0.12566237151622772,0.3569892346858978,0.24838709831237793
YKL041W,YJL003W,0,-1.6953883,0.12556731700897217,0.3569892346858978,0.24860215187072754
YER164W,YJR001W,0,-1.6954682,0.12547241151332855,0.3569892346858978,0.24881720542907715
YLR103C,YGL142C,0,-1.6955907,0.12537764012813568,0.3569892346858978,0.24903225898742676
YFR038W,YDR100W,0,-1.6958001,0.12528301775455475,0.3569892346858978,0.24924731254577637
YDR071C,YGL119W,0,-1.69614,0.12518854439258575,0.3569892346858978,0.24946236610412598
YLR361C,YCR052W,0,-1.6961937,0.1250941902399063,0.3569892346858978,0.24967741966247559
YGR004W,YPL078C,0,-1.6962225,0.125,0.3569892346858978,0.2498924732208252
YLR141W,YGL225W,0,-1.6964564,0.12490594387054443,0.3569892346858978,0.2501075267791748
YPR035W,YLR266C,0,-1.6965442,0.12481202930212021,0.3569892346858978,0.2503225803375244
YPR131C,YMR262W,0,-1.6967714,0.12471825629472733,0.3569892346858978,0.250537633895874
YLR165C,YKL053C-A,0,-1.6969881,0.12462462484836578,0.3569892346858978,0.25075268745422363
YML106W,YNR030W,0,-1.6970084,0.12453113496303558,0.3569892346858978,0.25096774101257324
YGL157W,YDL134C,0,-1.6971028,0.12443777918815613,0.3569892346858978,0.25118279457092285
YJR028W,YPL100W,0,-1.6975212,0.12434457242488861,0.3569892346858978,0.25139784812927246
YJR046W,YHR067W,0,-1.6979251,0.12425149977207184,0.3569892346858978,0.25161290168762207
YKR037C,YGR286C,0,-1.697962,0.12415856122970581,0.3569892346858978,0.2518279552459717
YDR284C,YDL017W,0,-1.6981878,0.12406577169895172,0.3569892346858978,0.2520430088043213
YMR087W,YDL008W,0,-1.6990075,0.12397311627864838,0.3569892346858978,0.2522580623626709
YBR016W,YGR271W,0,-1.6990373,0.12388059496879578,0.3569892346858978,0.2524731159210205
YOR378W,YKR026C,0,-1.6991477,0.12378821521997452,0.3569892346858978,0.2526881694793701
YCL044C,YKR027W,0,-1.6992404,0.1236959770321846,0.3569892346858978,0.2529032230377197
YGL223C,YKL024C,0,-1.6993353,0.12360387295484543,0.3569892346858978,0.25311827659606934
YGL226W,YFL026W,0,-1.6993647,0.123511902987957,0.3569892346858978,0.25333333015441895
YKL166C,YML129C,0,-1.6995361,0.12342007458209991,0.3569892346858978,0.25354838371276855
YJL178C,YDR177W,0,-1.699935,0.12332838028669357,0.3569892346858978,0.25376343727111816
YHR132C,YGR177C,0,-1.7000349,0.12323682010173798,0.3569892346858978,0.2539784908294678
YNL272C,YML097C,1,-1.700243,0.12388724088668823,0.3591397702693939,0.2539784908294678
YCR038C,YLR291C,1,-1.7003188,0.12453669309616089,0.3612903356552124,0.2539784908294678
YDR317W,YDL206W,0,-1.7009575,0.12444444745779037,0.3612903356552124,0.2541935443878174
YML071C,YLR295C,0,-1.7012069,0.12435232847929001,0.3612903356552124,0.254408597946167
YDR297W,YNL298W,0,-1.7013655,0.12426035851240158,0.3612903356552124,0.2546236515045166
YJL130C,YAL016W,0,-1.7021265,0.1241685152053833,0.3612903356552124,0.2548387050628662
YIL106W,YOL028C,0,-1.7022014,0.12407680600881577,0.3612903356552124,0.2550537586212158
YIL043C,YDR476C,0,-1.7023642,0.12398523837327957,0.3612903356552124,0.25526881217956543
YPR067W,YOR089C,0,-1.7024493,0.12389380484819412,0.3612903356552124,0.25548386573791504
YOL092W,YHR215W,0,-1.7028756,0.12380250543355942,0.3612903356552124,0.25569891929626465
YGR184C,YJL192C,0,-1.7034228,0.12371134012937546,0.3612903356552124,0.25591397285461426
YDR211W,YML097C,1,-1.7034469,0.12435614317655563,0.3634408712387085,0.25591397285461426
YHL011C,YML023C,0,-1.7035706,0.12426470220088959,0.3634408712387085,0.25612902641296387
YOR061W,YPL280W,0,-1.7043636,0.12417340278625488,0.3634408712387085,0.2563440799713135
YDR222W,YIR031C,0,-1.7043664,0.12408223003149033,0.3634408712387085,0.2565591335296631
YDL209C,YMR017W,0,-1.7044005,0.12399119883775711,0.3634408712387085,0.2567741870880127
YNL231C,YFL011W,0,-1.7045789,0.12390029430389404,0.3634408712387085,0.2569892406463623
YMR176W,YMR123W,0,-1.7053473,0.12380952388048172,0.3634408712387085,0.2572042942047119
YBR131W,YML097C,1,-1.7054012,0.12445095181465149,0.3655914068222046,0.2572042942047119
YOR355W,YIL037C,0,-1.7056952,0.12435991317033768,0.3655914068222046,0.2574193477630615
YGR217W,YOR283W,0,-1.7062144,0.12426900863647461,0.3655914068222046,0.25763440132141113
YMR109W,YNL242W,0,-1.7064543,0.12417823076248169,0.3655914068222046,0.25784945487976074
YDR019C,YCL063W,0,-1.7064838,0.12408759444952011,0.3655914068222046,0.25806450843811035
YOR079C,YKL003C,0,-1.7065442,0.12399708479642868,0.3655914068222046,0.25827956199645996
YLR371W,YDR137W,1,-1.7068219,0.12463556975126266,0.3677419424057007,0.25827956199645996
YPR133C,YGR047C,0,-1.7068822,0.12454479187726974,0.3677419424057007,0.25849461555480957
YHR122W,YMR281W,0,-1.7068849,0.12445414811372757,0.3677419424057007,0.2587096691131592
YJL129C,YNL339C,0,-1.7071998,0.12436363846063614,0.3677419424057007,0.2589247226715088
YOL043C,YHL003C,0,-1.7073486,0.12427325546741486,0.3677419424057007,0.2591397762298584
YJR031C,YDL100C,1,-1.707473,0.12490922212600708,0.3698924779891968,0.2591397762298584
YLR466W,YGR245C,0,-1.7076359,0.1248185783624649,0.3698924779891968,0.259354829788208
YIL144W,YDR172W,0,-1.7077231,0.12472806125879288,0.3698924779891968,0.2595698833465576
YLR450W,YPL018W,0,-1.7078362,0.1246376782655716,0.3698924779891968,0.2597849369049072
YNL025C,YDR472W,0,-1.7081888,0.12454742938280106,0.3698924779891968,0.25999999046325684
YJR104C,YKR026C,0,-1.7082651,0.12445730715990067,0.3698924779891968,0.26021504402160645
YEL006W,YLR068W,0,-1.708314,0.12436731904745102,0.3698924779891968,0.26043009757995605
YLR310C,YER155C,1,-1.7084796,0.125,0.37204301357269287,0.26043009757995605
YML086C,YBR114W,0,-1.7093351,0.12490974366664886,0.37204301357269287,0.26064515113830566
YOR046C,YLR183C,0,-1.7098668,0.12481962144374847,0.37204301357269287,0.2608602046966553
YFR031C,YGR097W,0,-1.7099023,0.12472963333129883,0.37204301357269287,0.2610752582550049
YCL036W,YPL141C,0,-1.7101524,0.12463977187871933,0.37204301357269287,0.2612903118133545
YGR216C,YGR212W,0,-1.7104445,0.12455003708600998,0.37204301357269287,0.2615053653717041
YFL025C,YDR052C,0,-1.710587,0.12446042895317078,0.37204301357269287,0.2617204189300537
YEL050C,YDR239C,0,-1.7108088,0.12437095493078232,0.37204301357269287,0.2619354724884033
YFR010W,YBR254C,0,-1.7109768,0.12428160756826401,0.37204301357269287,0.26215052604675293
YLR310C,YML097C,1,-1.7112541,0.12491026520729065,0.37419354915618896,0.26215052604675293
YNL272C,YLL016W,1,-1.7117634,0.12553802132606506,0.37634408473968506,0.26215052604675293
YFR031C-A,YNL213C,0,-1.7118158,0.12544803321361542,0.37634408473968506,0.26236557960510254
YJL219W,YDR138W,0,-1.7119994,0.12535816431045532,0.37634408473968506,0.26258063316345215
YBR231C,YHL040C,0,-1.712163,0.12526842951774597,0.37634408473968506,0.26279568672180176
YDR168W,YPL167C,0,-1.7121851,0.12517882883548737,0.37634408473968506,0.26301074028015137
YAL024C,YML097C,1,-1.712189,0.125804141163826,0.37849462032318115,0.26301074028015137
YMR088C,YDL154W,0,-1.712244,0.1257142871618271,0.37849462032318115,0.263225793838501
YGL186C,YGR286C,0,-1.7123892,0.12562455236911774,0.37849462032318115,0.2634408473968506
YLR142W,YJL165C,0,-1.7126772,0.12553495168685913,0.37849462032318115,0.2636559009552002
YHR206W,YNL027W,0,-1.7130418,0.12544547021389008,0.37849462032318115,0.2638709545135498
YER007W,YFL023W,0,-1.7133646,0.12535612285137177,0.37849462032318115,0.2640860080718994
YGL253W,YER050C,0,-1.7138288,0.1252669095993042,0.37849462032318115,0.264301061630249
YLR043C,YMR005W,0,-1.7138519,0.12517781555652618,0.37849462032318115,0.26451611518859863
YBR271W,YHR012W,0,-1.714251,0.12508884072303772,0.37849462032318115,0.26473116874694824
YPL134C,YKR093W,0,-1.7143183,0.125,0.37849462032318115,0.26494622230529785
YKL143W,YOR099W,0,-1.7145019,0.12491128593683243,0.37849462032318115,0.26516127586364746
YLR448W,YDR056C,0,-1.7145548,0.124822698533535,0.37849462032318115,0.26537632942199707
YMR238W,YBR286W,0,-1.7151139,0.12473423033952713,0.37849462032318115,0.2655913829803467
YML071C,YLR419W,0,-1.7160072,0.1246458888053894,0.37849462032318115,0.2658064663410187
YML061C,YBL074C,0,-1.716325,0.12455768138170242,0.37849462032318115,0.2660215198993683
YNL272C,YLR039C,1,-1.716413,0.125176802277565,0.38064515590667725,0.2660215198993683
YNL280C,YDR320C,0,-1.7166703,0.12508833408355713,0.38064515590667725,0.2662365734577179
YBL093C,YGR060W,0,-1.7168148,0.125,0.38064515590667725,0.2664516270160675
YCR038C,YPR017C,1,-1.7168379,0.12561750411987305,0.38279569149017334,0.2664516270160675
YPR021C,YGL027C,0,-1.716953,0.12552891671657562,0.38279569149017334,0.2666666805744171
YNR026C,YAL003W,1,-1.7170489,0.1261451691389084,0.38494622707366943,0.2666666805744171
YNR026C,YLR039C,1,-1.7170951,0.1267605572938919,0.3870967626571655,0.2666666805744171
YGL103W,YGL240W,0,-1.7171082,0.12667135894298553,0.3870967626571655,0.2668817341327667
YHR024C,YDR081C,0,-1.7172053,0.1265822798013687,0.3870967626571655,0.26709678769111633
YGR056W,YGL004C,0,-1.7172093,0.12649331986904144,0.3870967626571655,0.26731184124946594
YNL050C,YMR314W,0,-1.7172434,0.12640449404716492,0.3870967626571655,0.26752689480781555
YGL062W,YBR286W,0,-1.7172606,0.12631578743457794,0.3870967626571655,0.26774194836616516
YOR324C,YDL245C,0,-1.7174206,0.1262272149324417,0.3870967626571655,0.26795700192451477
YHR174W,YKR071C,0,-1.7174716,0.12613874673843384,0.3870967626571655,0.2681720554828644
YPL140C,YDL006W,0,-1.7174747,0.1260504275560379,0.3870967626571655,0.268387109041214
YLL057C,YDR500C,0,-1.7177563,0.12596221268177032,0.3870967626571655,0.2686021625995636
YGR060W,YBR092C,0,-1.7181017,0.1258741319179535,0.3870967626571655,0.2688172161579132
YJL212C,YOR091W,0,-1.7182894,0.1257861703634262,0.3870967626571655,0.2690322697162628
YNR026C,YLL016W,1,-1.7183626,0.12639664113521576,0.3892472982406616,0.2690322697162628
YIL014W,YKR036C,0,-1.7184968,0.12630844116210938,0.3892472982406616,0.2692473232746124
YHR076W,YBR173C,0,-1.7185643,0.12622036039829254,0.3892472982406616,0.26946237683296204
YJL112W,YER090W,0,-1.7187371,0.12613239884376526,0.3892472982406616,0.26967743039131165
YIL013C,YER015W,0,-1.7188647,0.12604457139968872,0.3892472982406616,0.26989248394966125
YJR098C,YDR387C,0,-1.7190607,0.12595684826374054,0.3892472982406616,0.27010753750801086
YBR029C,YIL048W,0,-1.7192831,0.1258692592382431,0.3892472982406616,0.2703225910663605
YOL072W,YKR020W,0,-1.7193995,0.12578178942203522,0.3892472982406616,0.2705376446247101
YNR060W,YML113W,0,-1.7195833,0.12569443881511688,0.3892472982406616,0.2707526981830597
YML039W,YDR419W,0,-1.7198646,0.1256072223186493,0.3892472982406616,0.2709677517414093
YHL016C,YOL156W,0,-1.7198937,0.12552011013031006,0.3892472982406616,0.2711828052997589
YCL055W,YOR036W,0,-1.7200029,0.12543313205242157,0.3892472982406616,0.2713978588581085
YML047C,YCR054C,0,-1.7200606,0.12534625828266144,0.3892472982406616,0.27161291241645813
YDR476C,YHR092C,0,-1.7202499,0.12525951862335205,0.3892472982406616,0.27182796597480774
YNL273W,YEL001C,0,-1.7202799,0.12517289817333221,0.3892472982406616,0.27204301953315735
YEL065W,YNR045W,0,-1.7205083,0.12508638203144073,0.3892472982406616,0.27225807309150696
YMR208W,YJR097W,0,-1.7206228,0.125,0.3892472982406616,0.27247312664985657
YIL156W,YNR072W,0,-1.7207015,0.12491373717784882,0.3892472982406616,0.2726881802082062
YDL166C,YPL259C,0,-1.7207978,0.12482758611440659,0.3892472982406616,0.2729032337665558
YLR316C,YKL016C,0,-1.7210419,0.1247415542602539,0.3892472982406616,0.2731182873249054
YOR285W,YPR095C,0,-1.7211571,0.12465564906597137,0.3892472982406616,0.273333340883255
YBR067C,YDL080C,0,-1.7211595,0.1245698556303978,0.3892472982406616,0.2735483944416046
YMR020W,YMR179W,0,-1.7214339,0.12448418140411377,0.3892472982406616,0.2737634479999542
YDR320C-A,YBR010W,0,-1.7216125,0.1243986263871193,0.3892472982406616,0.27397850155830383
YMR207C,YDR239C,0,-1.7216637,0.12431318312883377,0.3892472982406616,0.27419355511665344
YGL237C,YPR032W,0,-1.7217875,0.1242278665304184,0.3892472982406616,0.27440860867500305
YBR041W,YOR078W,0,-1.7218039,0.12414266169071198,0.3892472982406616,0.27462366223335266
YHR013C,YGR076C,0,-1.7224762,0.1240575760602951,0.3892472982406616,0.27483871579170227
YKL124W,YKL048C,0,-1.7225735,0.12397260218858719,0.3892472982406616,0.2750537693500519
YEL022W,YPR095C,1,-1.7227075,0.12457221001386642,0.3913978636264801,0.2750537693500519
YER014C-A,YLL050C,0,-1.722851,0.12448700517416,0.3913978636264801,0.2752688229084015
YNL008C,YDR031W,0,-1.723027,0.12440191209316254,0.3913978636264801,0.2754838764667511
YBR271W,YDR200C,0,-1.7231545,0.12431693822145462,0.3913978636264801,0.2756989300251007
YPL200W,YLR187W,0,-1.7236907,0.12423208355903625,0.3913978636264801,0.2759139835834503
YJL206C,YDR158W,0,-1.7243412,0.12414734065532684,0.3913978636264801,0.2761290371417999
YMR215W,YER060W-A,0,-1.7246664,0.12406270951032639,0.3913978636264801,0.27634409070014954
YJL140W,YDL019C,0,-1.7246966,0.12397820502519608,0.3913978636264801,0.27655914425849915
YGR208W,YJL181W,0,-1.7247448,0.12389380484819412,0.3913978636264801,0.27677419781684875
YLR039C,YLR291C,1,-1.7247465,0.12448979914188385,0.3935483992099762,0.27677419781684875
YPL083C,YLR176C,0,-1.7254353,0.12440516799688339,0.3935483992099762,0.27698925137519836
YPR010C,YDR201W,0,-1.7255402,0.12432064861059189,0.3935483992099762,0.277204304933548
YBR050C,YNL065W,0,-1.7259216,0.12423625588417053,0.3935483992099762,0.2774193584918976
YML096W,YMR322C,0,-1.7264721,0.12415196746587753,0.3935483992099762,0.2776344120502472
YGL206C,YHR118C,0,-1.7264738,0.12406779825687408,0.3935483992099762,0.2778494656085968
YAL040C,YIL018W,0,-1.7265759,0.12398374080657959,0.3935483992099762,0.2780645191669464
YDR189W,YDL045W-A,0,-1.7266421,0.12389979511499405,0.3935483992099762,0.278279572725296
YMR078C,YLR247C,0,-1.7269452,0.12381596863269806,0.3935483992099762,0.27849462628364563
YIL111W,YOL051W,0,-1.7269661,0.12373225390911102,0.3935483992099762,0.27870967984199524
YPR122W,YLR059C,0,-1.7271111,0.12364865094423294,0.3935483992099762,0.27892473340034485
YBR131W,YLR451W,0,-1.7271168,0.12356515973806381,0.3935483992099762,0.27913978695869446
YDR377W,YOR320C,0,-1.7271652,0.12348178029060364,0.3935483992099762,0.27935484051704407
YDR211W,YAL041W,1,-1.7273128,0.12407282739877701,0.3956989347934723,0.27935484051704407
YKL203C,YDR257C,0,-1.7273793,0.12398921698331833,0.3956989347934723,0.2795698940753937
YMR227C,YOR319W,0,-1.7275882,0.1239057257771492,0.3956989347934723,0.2797849476337433
YHL036W,YPR086W,0,-1.7278883,0.12382233887910843,0.3956989347934723,0.2800000011920929
YLR466W,YPL007C,0,-1.72803,0.12373907119035721,0.3956989347934723,0.2802150547504425
YKL198C,YPL058C,0,-1.7281187,0.12365591526031494,0.3956989347934723,0.2804301083087921
YCR038C,YML097C,1,-1.7282398,0.12424445897340775,0.3978494703769684,0.2804301083087921
YML040W,YMR180C,0,-1.7284496,0.12416107207536697,0.3978494703769684,0.2806451618671417
YMR036C,YDR451C,0,-1.7290399,0.12407779693603516,0.3978494703769684,0.28086021542549133
YDR343C,YCR098C,0,-1.7292612,0.12399464100599289,0.3978494703769684,0.28107526898384094
YLL003W,YCL063W,0,-1.7293265,0.12391158938407898,0.3978494703769684,0.28129032254219055
YNR006W,YBR213W,0,-1.7293813,0.12382864952087402,0.3978494703769684,0.28150537610054016
YMR020W,YNL294C,0,-1.7293937,0.12374582141637802,0.3978494703769684,0.28172042965888977
YER036C,YNL219C,0,-1.7294621,0.12366310507059097,0.3978494703769684,0.2819354832172394
YDR299W,YNL230C,0,-1.7297783,0.12358049303293228,0.3978494703769684,0.282150536775589
YGL098W,YPR110C,0,-1.7298286,0.12349800020456314,0.3978494703769684,0.2823655903339386
YGR080W,YLR017W,0,-1.7298288,0.12341561168432236,0.3978494703769684,0.2825806438922882
YGL210W,YLR353W,0,-1.7298634,0.12333333492279053,0.3978494703769684,0.2827956974506378
YNL059C,YKL156W,0,-1.7299018,0.12325116246938705,0.3978494703769684,0.2830107510089874
YGR062C,YOL155C,0,-1.7299762,0.12316910922527313,0.3978494703769684,0.28322580456733704
YIL026C,YDR329C,0,-1.7301276,0.12308716028928757,0.3978494703769684,0.28344085812568665
YBR012W-B,YJR139C,0,-1.7301581,0.12300531566143036,0.3978494703769684,0.28365591168403625
YDL166C,YEL013W,0,-1.7303798,0.1229235902428627,0.3978494703769684,0.28387096524238586
YDL095W,YOR014W,0,-1.7305458,0.1228419691324234,0.3978494703769684,0.2840860188007355
YPR048W,YPL258C,0,-1.7307072,0.12276045233011246,0.3978494703769684,0.2843010723590851
YER093C,YLL016W,1,-1.7308908,0.12334217876195908,0.4000000059604645,0.2843010723590851
YIL126W,YML059C,0,-1.7309482,0.12326043844223022,0.4000000059604645,0.2845161259174347
YJL117W,YKR020W,0,-1.7310305,0.12317880988121033,0.4000000059604645,0.2847311794757843
YGR199W,YNL291C,0,-1.731168,0.12309728562831879,0.4000000059604645,0.2849462330341339
YCL066W,YFR050C,0,-1.731333,0.1230158731341362,0.4000000059604645,0.2851612865924835
YMR094W,YOR116C,0,-1.7321749,0.12293456494808197,0.4000000059604645,0.28537634015083313
YDR054C,YMR093W,0,-1.7322595,0.1228533685207367,0.4000000059604645,0.28559139370918274
YHL016C,YPL059W,0,-1.7325573,0.12277227640151978,0.4000000059604645,0.28580644726753235
YMR163C,YDL087C,0,-1.7328105,0.12269129604101181,0.4000000059604645,0.28602150082588196
YMR042W,YML040W,0,-1.7328455,0.1226104125380516,0.4000000059604645,0.28623655438423157
YDL112W,YDR400W,0,-1.7329633,0.12252964079380035,0.4000000059604645,0.2864516079425812
YFR031C-A,YBL025W,0,-1.7331622,0.12244898080825806,0.4000000059604645,0.2866666615009308
YOR075W,YDR419W,0,-1.7333565,0.12236841768026352,0.4000000059604645,0.2868817150592804
YHR120W,YJR112W,0,-1.7335718,0.12228796631097794,0.4000000059604645,0.28709676861763
YDL076C,YOR089C,0,-1.7336128,0.12220761924982071,0.4000000059604645,0.2873118221759796
YMR193W,YGL063W,0,-1.7339287,0.12212737649679184,0.4000000059604645,0.2875268757343292
YDR495C,YLR208W,0,-1.734112,0.12204724550247192,0.4000000059604645,0.28774192929267883
YOR043W,YOR110W,0,-1.7341437,0.12196721136569977,0.4000000059604645,0.28795698285102844
YPR095C,YGR081C,0,-1.734364,0.12188728898763657,0.4000000059604645,0.28817203640937805
YMR241W,YIL115C,0,-1.734437,0.12180746346712112,0.4000000059604645,0.28838708996772766
YDL106C,YBR301W,0,-1.7346272,0.12172774970531464,0.4000000059604645,0.28860214352607727
YER023W,YHR039C-A,0,-1.734652,0.12164813280105591,0.4000000059604645,0.2888171970844269
YFR036W,YDR434W,0,-1.7351887,0.12156862765550613,0.4000000059604645,0.2890322506427765
YER048W-A,YJR025C,0,-1.7352092,0.12148921936750412,0.4000000059604645,0.2892473042011261
YAL011W,YOL152W,0,-1.7358665,0.12140992283821106,0.4000000059604645,0.2894623577594757
YPL083C,YDR513W,0,-1.7360892,0.12133072316646576,0.4000000059604645,0.2896774113178253
YAL024C,YGR070W,1,-1.7360914,0.12190352380275726,0.40215054154396057,0.2896774113178253
YKL041W,YDR351W,0,-1.7362025,0.12182410061359406,0.40215054154396057,0.2898924648761749
YDL140C,YJR089W,0,-1.7364724,0.1217447891831398,0.40215054154396057,0.29010751843452454
YHR190W,YJL174W,0,-1.7365596,0.1216655820608139,0.40215054154396057,0.29032257199287415
YMR223W,YNL056W,0,-1.736634,0.12158647924661636,0.40215054154396057,0.29053762555122375
YDR047W,YLL067C,0,-1.7367227,0.12150747328996658,0.40215054154396057,0.29075267910957336
YEL038W,YHR081W,0,-1.7371225,0.12142857164144516,0.40215054154396057,0.290967732667923
YER055C,YFL033C,0,-1.7372105,0.1213497743010521,0.40215054154396057,0.2911827862262726
YNL055C,YJR153W,0,-1.7372591,0.12127107381820679,0.40215054154396057,0.2913978397846222
YMR316W,YMR053C,0,-1.7375185,0.12119248509407043,0.40215054154396057,0.2916128933429718
YKR053C,YLR276C,0,-1.7375388,0.12111399322748184,0.40215054154396057,0.2918279469013214
YOR216C,YML098W,0,-1.737725,0.12103559821844101,0.40215054154396057,0.292043000459671
YNL283C,YDL137W,0,-1.7378614,0.12095730751752853,0.40215054154396057,0.29225805401802063
YDR137W,YCL068C,1,-1.7380035,0.12152553349733353,0.40430107712745667,0.29225805401802063
YDL142C,YBR155W,0,-1.7382998,0.12144702672958374,0.40430107712745667,0.29247310757637024
YAL068C,YOL082W,0,-1.7385192,0.12136862426996231,0.40430107712745667,0.29268816113471985
YDR312W,YLR295C,0,-1.7385352,0.12129032611846924,0.40430107712745667,0.29290321469306946
YIR005W,YDL164C,0,-1.7385571,0.12121212482452393,0.40430107712745667,0.29311826825141907
YPL010W,YLR324W,0,-1.7386322,0.12113402038812637,0.40430107712745667,0.2933333218097687
YDR306C,YNL135C,0,-1.7387395,0.12105602025985718,0.40430107712745667,0.2935483753681183
YDR168W,YGL251C,0,-1.7387538,0.12097812443971634,0.40430107712745667,0.2937634289264679
YMR166C,YJL143W,0,-1.7394714,0.12090031802654266,0.40430107712745667,0.2939784824848175
YER068W,YHR117W,0,-1.7398007,0.12082262337207794,0.40430107712745667,0.2941935360431671
YPL083C,YCL068C,0,-1.7399766,0.12074502557516098,0.40430107712745667,0.2944085896015167
YJL114W,YLR288C,0,-1.7400644,0.12066752463579178,0.40430107712745667,0.29462364315986633
YEL058W,YNL077W,0,-1.7403154,0.12059012055397034,0.40430107712745667,0.29483869671821594
YNL066W,YGL174W,0,-1.7408607,0.12051282078027725,0.40430107712745667,0.29505375027656555
YLR425W,YAL024C,1,-1.741276,0.12107623368501663,0.40645161271095276,0.29505375027656555
YNL133C,YBR268W,0,-1.7414145,0.12099871784448624,0.40645161271095276,0.29526880383491516
YOR251C,YLR154C,0,-1.7415237,0.1209213063120842,0.40645161271095276,0.29548385739326477
YER093C,YNL297C,1,-1.7415867,0.12148337811231613,0.40860214829444885,0.29548385739326477
YLL001W,YMR125W,0,-1.7419064,0.12140575051307678,0.40860214829444885,0.2956989109516144
YMR270C,YDR158W,0,-1.7429695,0.12132822722196579,0.40860214829444885,0.295913964509964
YPR200C,YLR260W,0,-1.7429953,0.12125080078840256,0.40860214829444885,0.2961290180683136
YCL024W,YBR035C,0,-1.7432733,0.12117347121238708,0.40860214829444885,0.2963440716266632
YDR072C,YDL139C,0,-1.7435513,0.12109623849391937,0.40860214829444885,0.2965591251850128
YNL135C,YJR053W,0,-1.7437663,0.12101911008358002,0.40860214829444885,0.2967741787433624
YMR302C,YOR074C,0,-1.7439187,0.12094207853078842,0.40860214829444885,0.2969892621040344
YBR086C,YMR153W,0,-1.7439582,0.12086513638496399,0.40860214829444885,0.29720431566238403
YCL066W,YDR173C,0,-1.7441127,0.12078830599784851,0.40860214829444885,0.29741936922073364
YGL090W,YOL061W,0,-1.7441392,0.1207115650177002,0.40860214829444885,0.29763442277908325
YPL161C,YKR062W,0,-1.7441556,0.12063492089509964,0.40860214829444885,0.29784947633743286
YOR142W-B,YLR442C,0,-1.7441652,0.12055837363004684,0.40860214829444885,0.29806452989578247
YDR320C-A,YIL147C,0,-1.744169,0.1204819306731224,0.40860214829444885,0.2982795834541321
YBL061C,YJR058C,0,-1.7442646,0.12040557712316513,0.40860214829444885,0.2984946370124817
YNL318C,YDL179W,0,-1.7443895,0.12032932043075562,0.40860214829444885,0.2987096905708313
YPR113W,YPR133W-A,0,-1.7444212,0.12025316804647446,0.40860214829444885,0.2989247441291809
YIL111W,YEL022W,0,-1.7446616,0.12017710506916046,0.40860214829444885,0.2991397976875305
YIR009W,YNL025C,0,-1.7447255,0.12010113894939423,0.40860214829444885,0.2993548512458801
YDR211W,YER093C,1,-1.7448187,0.12065698206424713,0.41075268387794495,0.2993548512458801
YAL041W,YGR070W,1,-1.745151,0.12121212482452393,0.41290321946144104,0.2993548512458801
YIL034C,YMR240C,0,-1.7454307,0.1211356446146965,0.41290321946144104,0.29956990480422974
YGL078C,YGL219C,0,-1.745431,0.12105926871299744,0.41290321946144104,0.29978495836257935
YMR040W,YDR128W,0,-1.7456505,0.12098298966884613,0.41290321946144104,0.30000001192092896
YPR083W,YOR061W,0,-1.7457776,0.12090680003166199,0.41290321946144104,0.30021506547927856
YDR072C,YHR080C,0,-1.745801,0.1208307147026062,0.41290321946144104,0.3004301190376282
YFL025C,YDR130C,0,-1.7463036,0.12075471878051758,0.41290321946144104,0.3006451725959778
YER052C,YKR031C,0,-1.7465632,0.12067881971597672,0.41290321946144104,0.3008602261543274
YLR207W,YNL020C,0,-1.7466681,0.12060301750898361,0.41290321946144104,0.301075279712677
YNR026C,YER155C,1,-1.746932,0.12115505337715149,0.41505375504493713,0.301075279712677
YER155C,YOR383C,0,-1.7470152,0.12107905000448227,0.41505375504493713,0.3012903332710266
YOR359W,YLR324W,0,-1.7474678,0.12100313603878021,0.41505375504493713,0.3015053868293762
YGR083C,YGR070W,1,-1.7479641,0.12155388295650482,0.4172042906284332,0.3015053868293762
YCL050C,YCR020C,0,-1.7480867,0.12147776782512665,0.4172042906284332,0.30172044038772583
YDR091C,YDR210C-D,0,-1.7481673,0.12140174955129623,0.4172042906284332,0.30193549394607544
YDR211W,YKR095W,0,-1.7485428,0.12132582813501358,0.4172042906284332,0.30215054750442505
YBR094W,YLR025W,0,-1.7485948,0.12125000357627869,0.4172042906284332,0.30236560106277466
YLR145W,YPR114W,0,-1.748683,0.12117426842451096,0.4172042906284332,0.30258065462112427
YIL144W,YCL016C,0,-1.7488539,0.12109863013029099,0.4172042906284332,0.3027957081794739
YLL018C,YER178W,0,-1.7493169,0.12102308124303818,0.4172042906284332,0.3030107617378235
YGL167C,YDR341C,0,-1.7499232,0.12094762921333313,0.4172042906284332,0.3032258152961731
YGR161W-A,YDL130W,0,-1.7501755,0.12087227404117584,0.4172042906284332,0.3034408688545227
YLR130C,YLR410W-B,0,-1.7505708,0.12079700827598572,0.4172042906284332,0.3036559224128723
YKL183W,YGL123W,0,-1.7509427,0.12072183936834335,0.4172042906284332,0.3038709759712219
YJR041C,YPL145C,0,-1.7510471,0.12064676731824875,0.4172042906284332,0.30408602952957153
YGL172W,YER044C,0,-1.7511668,0.12057178467512131,0.4172042906284332,0.30430108308792114
YGL097W,YCL068C,1,-1.7515242,0.12111800909042358,0.4193548262119293,0.30430108308792114
YGL113W,YMR292W,0,-1.7519884,0.12104283273220062,0.4193548262119293,0.30451613664627075
YLR409C,YGR055W,0,-1.7521081,0.12096773833036423,0.4193548262119293,0.30473119020462036
YPL254W,YAL015C,0,-1.7521651,0.12089274823665619,0.4193548262119293,0.30494624376296997
YLR131C,YEL021W,0,-1.7526026,0.12081784754991531,0.4193548262119293,0.3051612973213196
YLR425W,YML097C,1,-1.7527456,0.12136223167181015,0.4215053617954254,0.3051612973213196
YDR308C,YGR138C,0,-1.7527897,0.12128712981939316,0.4215053617954254,0.3053763508796692
YNL294C,YOR301W,0,-1.7531161,0.12121212482452393,0.4215053617954254,0.3055914044380188
YNL242W,YNL282W,0,-1.7534308,0.12113720923662186,0.4215053617954254,0.3058064579963684
YPR071W,YPR086W,0,-1.7534745,0.12106238305568695,0.4215053617954254,0.306021511554718
YBR295W,YDR288W,0,-1.7537415,0.1209876537322998,0.4215053617954254,0.3062365651130676
YER115C,YMR184W,0,-1.7541237,0.12091301381587982,0.4215053617954254,0.30645161867141724
YHR172W,YHR186C,0,-1.7542491,0.1208384707570076,0.4215053617954254,0.30666667222976685
YBL085W,YGL186C,0,-1.754281,0.12076401710510254,0.4215053617954254,0.30688172578811646
YDR177W,YJL012C,0,-1.7543609,0.12068965286016464,0.4215053617954254,0.30709677934646606
YBR180W,YML109W,0,-1.7543681,0.1206153854727745,0.4215053617954254,0.3073118329048157
YGL158W,YJR103W,0,-1.7546558,0.12054120749235153,0.4215053617954254,0.3075268864631653
YDR057W,YJL006C,0,-1.7547672,0.12046711891889572,0.4215053617954254,0.3077419400215149
YDL100C,YGL104C,0,-1.7550807,0.12039311975240707,0.4215053617954254,0.3079569935798645
YPL174C,YDR079W,0,-1.7554488,0.12031921744346619,0.4215053617954254,0.3081720471382141
YJL180C,YDR387C,0,-1.7555025,0.12024539709091187,0.4215053617954254,0.3083871006965637
YFL056C,YPL262W,0,-1.755728,0.1201716735959053,0.4215053617954254,0.30860215425491333
YAL010C,YBR297W,0,-1.7558689,0.1200980395078659,0.4215053617954254,0.30881720781326294
YDR041W,YDR218C,0,-1.7558911,0.12002449482679367,0.4215053617954254,0.30903226137161255
YPR189W,YDL144C,0,-1.7559907,0.1199510395526886,0.4215053617954254,0.30924731492996216
YBL088C,YDR435C,0,-1.7561238,0.11987767368555069,0.4215053617954254,0.30946236848831177
YLR197W,YGL173C,0,-1.756134,0.11980440467596054,0.4215053617954254,0.3096774220466614
YGL129C,YPL221W,0,-1.7564776,0.11973121762275696,0.4215053617954254,0.309892475605011
YJL034W,YLR016C,0,-1.7565734,0.11965811997652054,0.4215053617954254,0.3101075291633606
YLR039C,YPR095C,1,-1.7568998,0.12019523978233337,0.4236559271812439,0.3101075291633606
YHR132C,YLR059C,0,-1.7570992,0.12012194842100143,0.4236559271812439,0.3103225827217102
YBR233W-A,YAL048C,0,-1.7572789,0.12004875391721725,0.4236559271812439,0.3105376362800598
YDR359C,YOL002C,0,-1.7573111,0.11997564136981964,0.4236559271812439,0.3107526898384094
YPL076W,YGL026C,0,-1.7574346,0.11990261822938919,0.4236559271812439,0.31096774339675903
YIL056W,YLR208W,0,-1.7574906,0.1198296844959259,0.4236559271812439,0.31118279695510864
YHR111W,YBR058C-A,0,-1.7577915,0.11975684016942978,0.4236559271812439,0.31139785051345825
YPR095C,YLR291C,1,-1.757796,0.12029161304235458,0.42580646276474,0.31139785051345825
YGR200C,YHR041C,0,-1.7579095,0.12021858245134354,0.42580646276474,0.31161290407180786
YFL038C,YKR093W,0,-1.7580252,0.12014563381671906,0.42580646276474,0.31182795763015747
YNL280C,YDR238C,0,-1.7581682,0.12007277458906174,0.42580646276474,0.3120430111885071
YPL189W,YHR029C,0,-1.7583251,0.11999999731779099,0.42580646276474,0.3122580647468567
YBR026C,YOR181W,0,-1.7584631,0.119927316904068,0.42580646276474,0.3124731183052063
YLL053C,YCL055W,0,-1.7585282,0.11985471844673157,0.42580646276474,0.3126881718635559
YNL059C,YPL144W,0,-1.7585666,0.1197822168469429,0.42580646276474,0.3129032254219055
YDR317W,YPR073C,0,-1.7586148,0.1197097972035408,0.42580646276474,0.3131182789802551
YBR002C,YDR243C,0,-1.7589862,0.11963745951652527,0.42580646276474,0.31333333253860474
YJR052W,YML077W,0,-1.7589991,0.1195652186870575,0.42580646276474,0.31354838609695435
YGL092W,YGR109W-B,0,-1.7590744,0.11949305981397629,0.42580646276474,0.31376343965530396
YGL211W,YPL202C,0,-1.7592859,0.11942099034786224,0.42580646276474,0.31397849321365356
YDL060W,YJL197W,0,-1.7594705,0.11934900283813477,0.42580646276474,0.3141935467720032
YAR009C,YDL175C,0,-1.7595816,0.11927710473537445,0.42580646276474,0.3144086003303528
YLR442C,YGR262C,0,-1.7595863,0.1192052960395813,0.42580646276474,0.3146236538887024
YGL019W,YIL108W,0,-1.7596312,0.11913357675075531,0.42580646276474,0.314838707447052
YBR107C,YML042W,0,-1.7598562,0.11906193941831589,0.42580646276474,0.3150537610054016
YMR316W,YGR029W,0,-1.7599318,0.11899038404226303,0.42580646276474,0.3152688145637512
YHR148W,YGR024C,0,-1.7602215,0.11891891807317734,0.42580646276474,0.31548386812210083
YGR171C,YOR206W,0,-1.7602546,0.11884754151105881,0.42580646276474,0.31569892168045044
YDR211W,YCL068C,1,-1.7605815,0.11937612295150757,0.4279569983482361,0.31569892168045044
YNL272C,YLL017W,1,-1.7606361,0.11990407854318619,0.4301075339317322,0.31569892168045044
YER093C,YAL024C,1,-1.7607358,0.12043139338493347,0.43225806951522827,0.31569892168045044
YDL227C,YOL140W,0,-1.7608917,0.12035927921533585,0.43225806951522827,0.31591397523880005
YAL030W,YNR011C,0,-1.7609825,0.12028725445270538,0.43225806951522827,0.31612902879714966
YPR095C,YGR070W,1,-1.761821,0.12081339955329895,0.43440860509872437,0.31612902879714966
YLR330W,YNL136W,0,-1.7622304,0.12074118107557297,0.43440860509872437,0.31634408235549927
YDR090C,YIL090W,0,-1.7622621,0.12066905945539474,0.43440860509872437,0.3165591359138489
YLR204W,YJL108C,0,-1.7624049,0.12059701234102249,0.43440860509872437,0.3167741894721985
YJR034W,YDL145C,0,-1.762434,0.120525062084198,0.43440860509872437,0.3169892430305481
YPR073C,YER161C,0,-1.7624798,0.12045319378376007,0.43440860509872437,0.3172042965888977
YNL054W,YGR129W,0,-1.7625489,0.12038140743970871,0.43440860509872437,0.3174193501472473
YOL019W,YJL180C,0,-1.7626808,0.12030971050262451,0.43440860509872437,0.3176344037055969
YBL047C,YKL205W,0,-1.7628863,0.12023809552192688,0.43440860509872437,0.31784945726394653
YCR107W,YIL046W,0,-1.763186,0.12016656994819641,0.43440860509872437,0.31806451082229614
YLR352W,YMR034C,0,-1.763308,0.12009512633085251,0.43440860509872437,0.31827956438064575
YBR257W,YJL094C,0,-1.7633991,0.12002376466989517,0.43440860509872437,0.31849461793899536
YJL178C,YNL132W,0,-1.7635076,0.119952492415905,0.43440860509872437,0.31870967149734497
YKL093W,YMR172W,0,-1.763799,0.11988130211830139,0.43440860509872437,0.3189247250556946
YDR041W,YBR153W,0,-1.7641714,0.11981020122766495,0.43440860509872437,0.3191397786140442
YLR055C,YOR109W,0,-1.7643442,0.11973918229341507,0.43440860509872437,0.3193548321723938
YEL022W,YLL017W,1,-1.7644098,0.12026066333055496,0.43655914068222046,0.3193548321723938
YFR027W,YJL124C,0,-1.764446,0.12018945813179016,0.43655914068222046,0.3195698857307434
YJR033C,YDL082W,0,-1.7644813,0.12011834233999252,0.43655914068222046,0.319784939289093
YPL183C,YNL025C,0,-1.7644975,0.12004730850458145,0.43655914068222046,0.3199999928474426
YBL063W,YDR189W,0,-1.7645257,0.11997635662555695,0.43655914068222046,0.32021504640579224
YMR089C,YPL058C,0,-1.764647,0.1199054941534996,0.43655914068222046,0.32043009996414185
YLR324W,YMR282C,0,-1.7648382,0.11983471363782883,0.43655914068222046,0.32064515352249146
YGL021W,YPL011C,0,-1.764935,0.11976401507854462,0.43655914068222046,0.32086020708084106
YER063W,YPL150W,0,-1.7651277,0.11969339847564697,0.43655914068222046,0.3210752606391907
YHR179W,YMR053C,0,-1.7655413,0.1196228638291359,0.43655914068222046,0.3212903141975403
YER014C-A,YDR389W,0,-1.7661648,0.11955241113901138,0.43655914068222046,0.3215053677558899
YJR092W,YJR097W,0,-1.7662001,0.11948204785585403,0.43655914068222046,0.3217204213142395
YIL147C,YDL015C,0,-1.7663858,0.11941176652908325,0.43655914068222046,0.3219354748725891
YER123W,YOR211C,0,-1.7664173,0.11934156715869904,0.43655914068222046,0.3221505284309387
YOR001W,YMR077C,0,-1.7667513,0.11927144229412079,0.43655914068222046,0.32236558198928833
YLL016W,YOR204W,0,-1.7667589,0.1192014068365097,0.43655914068222046,0.32258063554763794
YNL050C,YDL130W,0,-1.7670527,0.11913145333528519,0.43655914068222046,0.32279568910598755
YLR074C,YGL222C,0,-1.767154,0.11906158179044724,0.43655914068222046,0.32301074266433716
YEL065W,YGR060W,0,-1.7673345,0.11899179220199585,0.43655914068222046,0.32322579622268677
YAL003W,YBR131W,1,-1.7674456,0.11950790882110596,0.43870967626571655,0.32322579622268677
YPL226W,YER125W,0,-1.7674716,0.11943794041872025,0.43870967626571655,0.3234408497810364
YKL164C,YDR288W,0,-1.7677441,0.1193680539727211,0.43870967626571655,0.323655903339386
YDR040C,YCR092C,0,-1.7679598,0.11929824203252792,0.43870967626571655,0.3238709568977356
YER055C,YBL037W,0,-1.7681375,0.11922851949930191,0.43870967626571655,0.3240860104560852
YKL041W,YLR395C,0,-1.7683198,0.11915887892246246,0.43870967626571655,0.3243010640144348
YER060W,YLR459W,0,-1.7686832,0.11908932030200958,0.43870967626571655,0.3245161175727844
YML054C,YIR004W,0,-1.7687168,0.11901983618736267,0.43870967626571655,0.32473117113113403
YLR389C,YNL084C,0,-1.7690661,0.11895043402910233,0.43870967626571655,0.32494622468948364
YKL089W,YOR230W,0,-1.7692242,0.11888112127780914,0.43870967626571655,0.32516127824783325
YGL238W,YDR098C-B,0,-1.7697387,0.11881188303232193,0.43870967626571655,0.32537633180618286
YEL022W,YAL003W,1,-1.769747,0.11932479590177536,0.44086021184921265,0.32537633180618286
YDR211W,YGL097W,1,-1.7698648,0.11983711272478104,0.44301074743270874,0.32537633180618286
YJR031C,YLR291C,1,-1.7699251,0.12034883350133896,0.44516128301620483,0.32537633180618286
YBR082C,YEL022W,0,-1.7699826,0.12027890980243683,0.44516128301620483,0.32559138536453247
YDL141W,YLR223C,0,-1.7700832,0.12020906060934067,0.44516128301620483,0.3258064389228821
YDR177W,YER100W,0,-1.770258,0.12013929337263107,0.44516128301620483,0.3260214924812317
YLR310C,YDR137W,1,-1.7706172,0.12064965069293976,0.4473118185997009,0.3260214924812317
YER139C,YKL021C,0,-1.7706349,0.12057971209287643,0.4473118185997009,0.3262365460395813
YLR425W,YAL041W,1,-1.7708285,0.12108922004699707,0.449462354183197,0.3262365460395813
YMR194W,YER159C-A,0,-1.7711365,0.12101911008358002,0.449462354183197,0.3264515995979309
YMR182C,YPR032W,0,-1.771467,0.12094907462596893,0.449462354183197,0.3266666531562805
YBR002C,YJL124C,0,-1.7714891,0.12087912112474442,0.449462354183197,0.3268817067146301
YDR322W,YGL050W,0,-1.7719352,0.12080924957990646,0.449462354183197,0.32709676027297974
YKL194C,YGL049C,0,-1.772021,0.12073945999145508,0.449462354183197,0.32731181383132935
YBR241C,YKL130C,0,-1.7721865,0.12066974490880966,0.449462354183197,0.32752686738967896
YFL048C,YGL136C,0,-1.7724137,0.12060011178255081,0.449462354183197,0.32774192094802856
YPL130W,YMR183C,0,-1.77243,0.12053056806325912,0.449462354183197,0.3279569745063782
YNL298W,YPL221W,0,-1.7724433,0.12046109139919281,0.449462354183197,0.32817205786705017
YHR205W,YDR034C-C,0,-1.772644,0.12039170414209366,0.449462354183197,0.3283871114253998
YCR052W,YOR232W,0,-1.7727323,0.12032239139080048,0.449462354183197,0.3286021649837494
YLR446W,YAL048C,0,-1.7729418,0.12025316804647446,0.449462354183197,0.328817218542099
YDR415C,YHR161C,0,-1.7730956,0.12018401175737381,0.449462354183197,0.3290322721004486
YGR109W-B,YDL235C,0,-1.7733803,0.12011494487524033,0.449462354183197,0.3292473256587982
YMR156C,YCR018C,0,-1.7734592,0.12004595249891281,0.449462354183197,0.3294623792171478
YIL008W,YMR087W,0,-1.773469,0.11997703462839127,0.449462354183197,0.32967743277549744
YJR109C,YDL141W,0,-1.7735043,0.11990820616483688,0.449462354183197,0.32989248633384705
YPL120W,YDR422C,0,-1.7736213,0.11983945220708847,0.449462354183197,0.33010753989219666
YLR371W,YGR070W,1,-1.7741957,0.12034384161233902,0.4516128897666931,0.33010753989219666
YNL272C,YGR070W,1,-1.7745697,0.12084764987230301,0.4537634551525116,0.33010753989219666
YOR076C,YER020W,0,-1.7754524,0.12077847868204117,0.4537634551525116,0.33032259345054626
YGL096W,YOR002W,0,-1.7755511,0.1207093819975853,0.4537634551525116,0.3305376470088959
YKR026C,YER155C,1,-1.7760923,0.12121212482452393,0.4559139907360077,0.3305376470088959
YER093C,YGL097W,1,-1.7762179,0.121714286506176,0.4580645263195038,0.3305376470088959
YLR163C,YNL044W,0,-1.7762907,0.1216447725892067,0.4580645263195038,0.3307527005672455
YLR385C,YLR260W,0,-1.7764556,0.12157534062862396,0.4580645263195038,0.3309677541255951
YLR038C,YLR223C,0,-1.7765088,0.1215059906244278,0.4580645263195038,0.3311828076839447
YDL148C,YEL053C,0,-1.7767622,0.1214367151260376,0.4580645263195038,0.3313978612422943
YCL066W,YOR251C,0,-1.7768435,0.12136752158403397,0.4580645263195038,0.3316129148006439
YOR032C,YDR098C-A,0,-1.7769294,0.1212984025478363,0.4580645263195038,0.33182796835899353
YDL098C,YIR023W,0,-1.776953,0.12122936546802521,0.4580645263195038,0.33204302191734314
YNR026C,YEL022W,1,-1.7770472,0.12172923982143402,0.4602150619029999,0.33204302191734314
YGR083C,YCL068C,1,-1.7780907,0.12222854048013687,0.46236559748649597,0.33204302191734314
YKR083C,YFR030W,0,-1.7781587,0.12215909361839294,0.46236559748649597,0.33225807547569275
YJR034W,YER068W,0,-1.7785566,0.12208972126245499,0.46236559748649597,0.33247312903404236
YPR161C,YER125W,0,-1.7785652,0.1220204308629036,0.46236559748649597,0.33268818259239197
YGR113W,YDL216C,0,-1.7787809,0.12195122241973877,0.46236559748649597,0.3329032361507416
YER125W,YNL328C,0,-1.7788277,0.12188208848237991,0.46236559748649597,0.3331182897090912
YLR151C,YJL170C,0,-1.7789354,0.12181302905082703,0.46236559748649597,0.3333333432674408
YGR035C,YPR068C,0,-1.778997,0.1217440515756607,0.46236559748649597,0.3335483968257904
YLR096W,YNL281W,0,-1.7789986,0.12167515605688095,0.46236559748649597,0.33376345038414
YOR262W,YLR429W,0,-1.7791953,0.12160633504390717,0.46236559748649597,0.3339785039424896
YHL031C,YJL056C,0,-1.7793272,0.12153758853673935,0.46236559748649597,0.33419355750083923
YDR211W,YAL024C,1,-1.7793574,0.12203390151262283,0.46451613306999207,0.33419355750083923
YJL196C,YNL306W,0,-1.7794223,0.12196499109268188,0.46451613306999207,0.33440861105918884
YKR055W,YKL198C,0,-1.7798178,0.1218961626291275,0.46451613306999207,0.33462366461753845
YHL031C,YPR148C,0,-1.7798569,0.12182740867137909,0.46451613306999207,0.33483871817588806
YDR088C,YLR017W,0,-1.7803903,0.12175873667001724,0.46451613306999207,0.33505377173423767
YNL041C,YOR099W,0,-1.7803969,0.12169013917446136,0.46451613306999207,0.3352688252925873
YMR311C,YNL110C,0,-1.7805617,0.12162162363529205,0.46451613306999207,0.3354838788509369
YDL060W,YBL091C-A,0,-1.7807932,0.12155318260192871,0.46451613306999207,0.3356989324092865
YKR096W,YER110C,0,-1.7808971,0.12148481607437134,0.46451613306999207,0.3359139859676361
YER098W,YDR210C-D,0,-1.781018,0.12141652405261993,0.46451613306999207,0.3361290395259857
YDR481C,YMR137C,0,-1.7811236,0.1213483139872551,0.46451613306999207,0.3363440930843353
YKL182W,YNL062C,0,-1.7813361,0.12128017842769623,0.46451613306999207,0.33655914664268494
YLR209C,YNL008C,0,-1.7814169,0.12121212482452393,0.46451613306999207,0.33677420020103455
YMR285C,YGR211W,0,-1.7815571,0.121144138276577,0.46451613306999207,0.33698925375938416
YKL110C,YGR281W,0,-1.7816694,0.12107623368501663,0.46451613306999207,0.33720430731773376
YOR355W,YPL138C,0,-1.7816956,0.12100840359926224,0.46451613306999207,0.3374193608760834
YBR172C,YLR093C,0,-1.7819257,0.12094064801931381,0.46451613306999207,0.337634414434433
YGL096W,YIL080W,0,-1.7821758,0.12087297439575195,0.46451613306999207,0.3378494679927826
YJR140C,YPR095C,0,-1.7823477,0.12080536782741547,0.46451613306999207,0.3380645215511322
YOR343W-B,YPL206C,0,-1.7826087,0.12073784321546555,0.46451613306999207,0.3382795751094818
YDL085W,YJR001W,0,-1.7827563,0.1206703931093216,0.46451613306999207,0.3384946286678314
YHR158C,YPR190C,0,-1.7828016,0.12060301750898361,0.46451613306999207,0.33870968222618103
YHR118C,YGR056W,0,-1.782891,0.1205357164144516,0.46451613306999207,0.33892473578453064
YPR073C,YNL025C,0,-1.7830162,0.12046848982572556,0.46451613306999207,0.33913978934288025
YEL002C,YIL126W,0,-1.7833076,0.12040133774280548,0.46451613306999207,0.33935484290122986
YDL106C,YML092C,0,-1.7834752,0.12033426016569138,0.46451613306999207,0.33956989645957947
YPL155C,YDR054C,0,-1.7836146,0.12026725709438324,0.46451613306999207,0.3397849500179291
YJR051W,YMR048W,0,-1.7839015,0.12020033597946167,0.46451613306999207,0.3400000035762787
YGL061C,YMR033W,0,-1.784226,0.12013348191976547,0.46451613306999207,0.3402150571346283
YOR001W,YOR193W,0,-1.7845759,0.12006670236587524,0.46451613306999207,0.3404301106929779
YNL092W,YCL064C,0,-1.7847447,0.11999999731779099,0.46451613306999207,0.3406451642513275
YCR026C,YDR139C,0,-1.7849796,0.1199333667755127,0.46451613306999207,0.3408602178096771
YBR193C,YAR007C,0,-1.7850051,0.11986681818962097,0.46451613306999207,0.34107527136802673
YER137C-A,YDR279W,0,-1.7851198,0.11980032920837402,0.46451613306999207,0.34129032492637634
YHR133C,YGR234W,0,-1.7851484,0.11973392218351364,0.46451613306999207,0.34150537848472595
YOL111C,YGR037C,0,-1.785172,0.11966758966445923,0.46451613306999207,0.34172043204307556
YCR038C,YNL297C,1,-1.785192,0.12015503644943237,0.46666666865348816,0.34172043204307556
YMR038C,YGL019W,0,-1.7852063,0.12008854746818542,0.46666666865348816,0.34193548560142517
YCR020C,YJR042W,0,-1.7852228,0.12002212554216385,0.46666666865348816,0.3421505391597748
YGL026C,YJR139C,0,-1.7853329,0.11995577812194824,0.46666666865348816,0.3423655927181244
YAR027W,YML112W,0,-1.785476,0.1198895052075386,0.46666666865348816,0.342580646276474
YOR119C,YGR109W-A,0,-1.7855296,0.11982329934835434,0.46666666865348816,0.3427956998348236
YML102W,YLR429W,0,-1.7857378,0.11975717544555664,0.46666666865348816,0.3430107533931732
YOR269W,YPL149W,0,-1.7857609,0.11969111859798431,0.46666666865348816,0.3432258069515228
YKR054C,YFL061W,0,-1.7857766,0.11962513625621796,0.46666666865348816,0.34344086050987244
YDL136W,YLR005W,0,-1.7859797,0.11955922842025757,0.46666666865348816,0.34365591406822205
YLL003W,YLR019W,0,-1.78613,0.11949339509010315,0.46666666865348816,0.34387096762657166
YDR261C-D,YDR120C,0,-1.7861676,0.1194276288151741,0.46666666865348816,0.34408602118492126
YJR031C,YPL273W,0,-1.7862225,0.11936193704605103,0.46666666865348816,0.3443010747432709
YDR236C,YIL098C,0,-1.7862623,0.11929631978273392,0.46666666865348816,0.3445161283016205
YML097C,YLR291C,1,-1.7863712,0.11978022009134293,0.46881720423698425,0.3445161283016205
YLR390W,YPR200C,0,-1.7864165,0.11971443891525269,0.46881720423698425,0.3447311818599701
YDL097C,YKL088W,0,-1.7865181,0.11964873969554901,0.46881720423698425,0.3449462354183197
YIL106W,YDR530C,0,-1.7865705,0.11958310753107071,0.46881720423698425,0.3451612889766693
YNL156C,YJL052W,0,-1.7866015,0.11951754242181778,0.46881720423698425,0.3453763425350189
YLL017W,YPL033C,0,-1.7867806,0.11945205181837082,0.46881720423698425,0.34559139609336853
YHR154W,YBR240C,0,-1.7869127,0.11938663572072983,0.46881720423698425,0.34580644965171814
YDR170W-A,YDR453C,0,-1.7871318,0.1193212941288948,0.46881720423698425,0.34602150321006775
YIL051C,YBR122C,0,-1.7872832,0.11925601959228516,0.46881720423698425,0.34623655676841736
YHR082C,YDL084W,0,-1.787296,0.11919081211090088,0.46881720423698425,0.34645161032676697
YOR066W,YOR070C,0,-1.7876036,0.11912568658590317,0.46881720423698425,0.3466666638851166
YER184C,YFL023W,0,-1.7878437,0.11906062066555023,0.46881720423698425,0.3468817174434662
YJR010W,YKL059C,0,-1.7879319,0.11899563670158386,0.46881720423698425,0.3470967710018158
YDR137W,YLR291C,1,-1.7883289,0.11947626620531082,0.47096773982048035,0.3470967710018158
YLR227W-B,YLR200W,0,-1.7883584,0.11941112577915192,0.47096773982048035,0.3473118245601654
YNL288W,YOR142W-B,0,-1.7884314,0.11934605240821838,0.47096773982048035,0.347526878118515
YJL178C,YPR106W,0,-1.7887955,0.11928104609251022,0.47096773982048035,0.3477419316768646
YGR161W-A,YHR023W,0,-1.7888153,0.11921611428260803,0.47096773982048035,0.34795698523521423
YLL002W,YLL040C,0,-1.7888491,0.11915124952793121,0.47096773982048035,0.34817203879356384
YML088W,YPL235W,0,-1.7888985,0.11908645927906036,0.47096773982048035,0.34838709235191345
YDR121W,YNR037C,0,-1.7891831,0.11902173608541489,0.47096773982048035,0.34860214591026306
YGR027W-B,YPR189W,0,-1.7894032,0.11895708739757538,0.47096773982048035,0.34881719946861267
YDL100C,YML097C,1,-1.7895885,0.1194353997707367,0.47311827540397644,0.34881719946861267
YCR091W,YFR034C,0,-1.7898486,0.11937059462070465,0.47311827540397644,0.3490322530269623
YLR371W,YER155C,1,-1.789947,0.11984815448522568,0.47526881098747253,0.3490322530269623
YER051W,YGR082W,0,-1.7900243,0.1197832003235817,0.47526881098747253,0.3492473065853119
YIL156W,YOR168W,0,-1.7900925,0.11971831321716309,0.47526881098747253,0.3494623601436615
YOR124C,YKR036C,0,-1.7901943,0.11965349316596985,0.47526881098747253,0.3496774137020111
YLR175W,YGR012W,0,-1.7902405,0.11958874762058258,0.47526881098747253,0.3498924672603607
YBL090W,YER115C,0,-1.7907846,0.11952406913042068,0.47526881098747253,0.3501075208187103
YDR350C,YKR064W,0,-1.7908871,0.11945945769548416,0.47526881098747253,0.35032257437705994
YNR060W,YDR463W,0,-1.7911036,0.11939492076635361,0.47526881098747253,0.35053762793540955
YFL013C,YNL162W,0,-1.7914281,0.11933045089244843,0.47526881098747253,0.35075268149375916
YDR427W,YDR329C,0,-1.791501,0.11926605552434921,0.47526881098747253,0.35096773505210876
YER093C,YLR291C,1,-1.7915406,0.11974109709262848,0.47741934657096863,0.35096773505210876
YPL022W,YIL177C,0,-1.7915452,0.11967655271291733,0.47741934657096863,0.3511827886104584
YMR048W,YGL018C,0,-1.7916367,0.11961206793785095,0.47741934657096863,0.351397842168808
YMR043W,YJL153C,0,-1.7917533,0.11954765766859055,0.47741934657096863,0.3516128957271576
YOR086C,YLL066C,0,-1.7918284,0.11948331445455551,0.47741934657096863,0.3518279492855072
YOL112W,YJR048W,0,-1.7918646,0.11941904574632645,0.47741934657096863,0.3520430028438568
YOL086C,YPL215W,0,-1.792309,0.11935483664274216,0.47741934657096863,0.3522580564022064
YGR188C,YOR285W,0,-1.7923503,0.11929070204496384,0.47741934657096863,0.35247310996055603
YOR386W,YNL314W,0,-1.7925606,0.11922663450241089,0.47741934657096863,0.35268816351890564
YHR172W,YDR217C,0,-1.7926455,0.11916264146566391,0.47741934657096863,0.35290321707725525
YML115C,YKL059C,0,-1.7927544,0.1190987154841423,0.47741934657096863,0.35311827063560486
YFL021W,YDR400W,0,-1.7928836,0.11903484910726547,0.47741934657096863,0.35333332419395447
YGL259W,YNL214W,0,-1.7929828,0.11897106468677521,0.47741934657096863,0.3535483777523041
YOR383C,YHR037W,0,-1.7931798,0.11890733987092972,0.47741934657096863,0.3537634313106537
YBR120C,YGL071W,0,-1.7932069,0.1188436821103096,0.47741934657096863,0.3539784848690033
YJL030W,YJR032W,0,-1.7936602,0.11878009885549545,0.47741934657096863,0.3541935384273529
YLR414C,YAL033W,0,-1.7938673,0.11871657520532608,0.47741934657096863,0.3544085919857025
YOR047C,YNL306W,0,-1.7939749,0.11865312606096268,0.47741934657096863,0.3546236455440521
YJL141C,YLR427W,0,-1.7942126,0.11858974397182465,0.47741934657096863,0.35483869910240173
YDR059C,YOR172W,0,-1.7948356,0.11852642893791199,0.47741934657096863,0.35505375266075134
YOR260W,YPR095C,1,-1.7955208,0.11899679899215698,0.4795698821544647,0.35505375266075134
YER093C,YML097C,1,-1.7957575,0.11946666985750198,0.4817204177379608,0.35505375266075134
YMR223W,YLR321C,0,-1.7957575,0.11940298229455948,0.4817204177379608,0.35526880621910095
YBR193C,YOR269W,0,-1.795794,0.11933936923742294,0.4817204177379608,0.35548385977745056
YPR017C,YML097C,1,-1.7959363,0.11980830878019333,0.4838709533214569,0.35548385977745056
YPR138C,YHR006W,0,-1.7962,0.11974454671144485,0.4838709533214569,0.35569891333580017
YCR038C,YDR137W,1,-1.7963328,0.12021276354789734,0.4860215187072754,0.35569891333580017
YDL120W,YER071C,0,-1.7964478,0.12014885991811752,0.4860215187072754,0.3559139668941498
YLR390W-A,YDR418W,0,-1.7965086,0.12008501589298248,0.4860215187072754,0.3561290204524994
YJL044C,YGR262C,0,-1.7967501,0.12002124637365341,0.4860215187072754,0.356344074010849
YAL040C,YJR041C,0,-1.7972398,0.11995753645896912,0.4860215187072754,0.3565591275691986
YLR206W,YDR226W,0,-1.7973793,0.11989390105009079,0.4860215187072754,0.3567741811275482
YKR059W,YEL018W,0,-1.7974427,0.11983032524585724,0.4860215187072754,0.3569892346858978
YBR254C,YER027C,0,-1.7975206,0.11976682394742966,0.4860215187072754,0.35720428824424744
YNL039W,YMR049C,0,-1.797684,0.11970338970422745,0.4860215187072754,0.35741934180259705
YGR239C,YIL124W,0,-1.7977219,0.11964002251625061,0.4860215187072754,0.35763439536094666
YMR276W,YMR250W,0,-1.7977931,0.11957672238349915,0.4860215187072754,0.35784944891929626
YNL331C,YLR410W-B,0,-1.7978528,0.11951348185539246,0.4860215187072754,0.3580645024776459
YOR159C,YGR274C,0,-1.7981856,0.11945031583309174,0.4860215187072754,0.3582795560359955
YLR448W,YCL051W,0,-1.7982354,0.11938721686601639,0.4860215187072754,0.3584946095943451
YMR217W,YNR030W,0,-1.7983739,0.11932418495416641,0.4860215187072754,0.3587096631526947
YOL080C,YHL009W-B,0,-1.798459,0.11926121264696121,0.4860215187072754,0.3589247167110443
YLR343W,YDR297W,0,-1.7985632,0.11919831484556198,0.4860215187072754,0.3591397702693939
YJL058C,YPR162C,0,-1.7988768,0.11913547664880753,0.4860215187072754,0.35935482382774353
YFR052W,YIL005W,0,-1.7989483,0.11907270550727844,0.4860215187072754,0.3595699071884155
YDL229W,YMR179W,0,-1.7990131,0.11901000887155533,0.4860215187072754,0.35978496074676514
YPR132W,YDR005C,0,-1.7993526,0.11894737184047699,0.4860215187072754,0.36000001430511475
YGR138C,YOR236W,0,-1.7997932,0.11888479441404343,0.4860215187072754,0.36021506786346436
YMR172W,YML088W,0,-1.7998588,0.11882229149341583,0.4860215187072754,0.36043012142181396
YAL024C,YDL100C,1,-1.7999642,0.11928533762693405,0.4881720542907715,0.36043012142181396
YML067C,YDR373W,0,-1.799968,0.11922268569469452,0.4881720542907715,0.3606451749801636
YKR096W,YDR218C,0,-1.8000724,0.11916010826826096,0.4881720542907715,0.3608602285385132
YNL085W,YGL192W,0,-1.8001587,0.11909758299589157,0.4881720542907715,0.3610752820968628
YGR109W-B,YDL204W,0,-1.8004136,0.11903513222932816,0.4881720542907715,0.3612903356552124
YBR207W,YML034W,0,-1.8005695,0.11897274851799011,0.4881720542907715,0.361505389213562
YPR057W,YGL167C,0,-1.8007627,0.11891042441129684,0.4881720542907715,0.3617204427719116
YEL022W,YER155C,1,-1.8010278,0.11937172710895538,0.4903225898742676,0.3617204427719116
YIL053W,YDR429C,0,-1.8018074,0.11930926144123077,0.4903225898742676,0.36193549633026123
YNL284C-B,YER164W,0,-1.8020968,0.11924686282873154,0.4903225898742676,0.36215054988861084
YDL180W,YOR020C,0,-1.802206,0.11918452382087708,0.4903225898742676,0.36236560344696045
YOR075W,YKL194C,0,-1.8022563,0.11912225931882858,0.4903225898742676,0.36258065700531006
YJR065C,YDR151C,0,-1.8023396,0.11906005442142487,0.4903225898742676,0.36279571056365967
YEL022W,YGR070W,1,-1.802376,0.11951982975006104,0.49247312545776367,0.36279571056365967
YGR007W,YPR002W,0,-1.8024709,0.11945748329162598,0.49247312545776367,0.3630107641220093
YCR065W,YBR268W,0,-1.8025935,0.11939520388841629,0.49247312545776367,0.3632258176803589
YMR100W,YDR172W,0,-1.8026545,0.11933298408985138,0.49247312545776367,0.3634408712387085
YBR187W,YGR154C,0,-1.8028126,0.11927083134651184,0.49247312545776367,0.3636559247970581
YLR371W,YLR291C,1,-1.8029428,0.11972931027412415,0.49462366104125977,0.3636559247970581
YLR460C,YPR135W,0,-1.8030283,0.11966701596975327,0.49462366104125977,0.3638709783554077
YLR447C,YAL039C,0,-1.8031638,0.11960478127002716,0.49462366104125977,0.3640860319137573
YLR165C,YPL163C,0,-1.803273,0.11954262107610703,0.49462366104125977,0.36430108547210693
YNR074C,YDR210W-B,0,-1.8036118,0.11948052048683167,0.49462366104125977,0.36451613903045654
YLR259C,YKL110C,0,-1.8037951,0.11941848695278168,0.49462366104125977,0.36473119258880615
YGR078C,YGR178C,0,-1.8038118,0.11935651302337646,0.49462366104125977,0.36494624614715576
YOR018W,YOR069W,0,-1.8040993,0.11929460614919662,0.49462366104125977,0.36516129970550537
YMR115W,YDR235W,0,-1.8041496,0.11923276633024216,0.49462366104125977,0.365376353263855
YDR210C-C,YNL216W,0,-1.8042393,0.11917098611593246,0.49462366104125977,0.3655914068222046
YIL109C,YMR250W,0,-1.8042958,0.11910927295684814,0.49462366104125977,0.3658064603805542
YOR172W,YNL251C,0,-1.8043861,0.1190476194024086,0.49462366104125977,0.3660215139389038
YGR288W,YOR158W,0,-1.8043959,0.11898603290319443,0.49462366104125977,0.3662365674972534
YDR188W,YMR300C,0,-1.8044646,0.11892450600862503,0.49462366104125977,0.366451621055603
YKR053C,YNL233W,0,-1.8049171,0.118863046169281,0.49462366104125977,0.36666667461395264
YOR272W,YDL179W,0,-1.8052192,0.11880165338516235,0.49462366104125977,0.36688172817230225
YDL204W,YJL219W,0,-1.8053031,0.11874032020568848,0.49462366104125977,0.36709678173065186
YPR200C,YDR093W,0,-1.8053515,0.11867905408143997,0.49462366104125977,0.36731183528900146
YLR377C,YNR044W,0,-1.8056786,0.11861784756183624,0.49462366104125977,0.3675268888473511
YOR357C,YNL232W,0,-1.8059473,0.11855670064687729,0.49462366104125977,0.3677419424057007
YPL010W,YJL073W,0,-1.8060284,0.11849562078714371,0.49462366104125977,0.3679569959640503
YIL139C,YJL035C,0,-1.8061512,0.1184346005320549,0.49462366104125977,0.3681720495223999
YML086C,YJL087C,0,-1.8063285,0.11837364733219147,0.49462366104125977,0.3683871030807495
YKL179C,YDR253C,0,-1.806539,0.11831275373697281,0.49462366104125977,0.3686021566390991
YOR193W,YLR025W,0,-1.8065445,0.11825192719697952,0.49462366104125977,0.36881721019744873
YHR132C,YNL080C,0,-1.806648,0.11819116026163101,0.49462366104125977,0.36903226375579834
YMR228W,YEL016C,0,-1.8071854,0.11813046038150787,0.49462366104125977,0.36924731731414795
YBR091C,YNL094W,0,-1.8071997,0.11806981265544891,0.49462366104125977,0.36946237087249756
YAL029C,YGR083C,0,-1.8072133,0.11800923198461533,0.49462366104125977,0.36967742443084717
YBR191W,YGR224W,0,-1.8073666,0.11794871836900711,0.49462366104125977,0.3698924779891968
YOR269W,YOR299W,0,-1.8075056,0.11788826435804367,0.49462366104125977,0.3701075315475464
YLR386W,YPL178W,0,-1.8075719,0.117827869951725,0.49462366104125977,0.370322585105896
YCR028C,YHR211W,0,-1.807656,0.11776753515005112,0.49462366104125977,0.3705376386642456
YER180C,YMR318C,0,-1.8076768,0.1177072674036026,0.49462366104125977,0.3707526922225952
YJL206C,YDR130C,0,-1.8078098,0.11764705926179886,0.49462366104125977,0.3709677457809448
YOR127W,YPL150W,0,-1.8080292,0.11758691072463989,0.49462366104125977,0.37118279933929443
YBL112C,YER102W,0,-1.808034,0.1175268292427063,0.49462366104125977,0.37139785289764404
YOR002W,YHL024W,0,-1.8080649,0.11746679991483688,0.49462366104125977,0.37161290645599365
YPL076W,YOR085W,0,-1.8081722,0.11740683764219284,0.49462366104125977,0.37182796001434326
YML100W,YLR163C,0,-1.8082311,0.11734694242477417,0.49462366104125977,0.37204301357269287
YJR140C,YPL258C,0,-1.8083003,0.11728709936141968,0.49462366104125977,0.3722580671310425
YPR137C-B,YNL076W,0,-1.8083818,0.11722731590270996,0.49462366104125977,0.3724731206893921
YLR448W,YIL094C,0,-1.8084188,0.11716759949922562,0.49462366104125977,0.3726881742477417
YKL093W,YDR028C,0,-1.8086681,0.11710794270038605,0.49462366104125977,0.3729032278060913
YKL103C,YDR383C,0,-1.808696,0.11704834550619125,0.49462366104125977,0.3731182813644409
YOL108C,YGL244W,0,-1.808886,0.11698880791664124,0.49462366104125977,0.3733333349227905
YDR138W,YER081W,0,-1.8090158,0.11692933738231659,0.49462366104125977,0.37354838848114014
YNL308C,YFL002W-B,0,-1.8092339,0.11686991900205612,0.49462366104125977,0.37376344203948975
YMR303C,YDR383C,0,-1.8092787,0.11681056022644043,0.49462366104125977,0.37397849559783936
YEL058W,YLR203C,0,-1.809375,0.11675126850605011,0.49462366104125977,0.37419354915618896
YLL053C,YMR165C,0,-1.809721,0.11669203639030457,0.49462366104125977,0.3744086027145386
YPR016C,YML127W,0,-1.8100433,0.1166328564286232,0.49462366104125977,0.3746236562728882
YBR095C,YLR227W-A,0,-1.8101792,0.1165737435221672,0.49462366104125977,0.3748387098312378
YPR047W,YMR220W,0,-1.8106844,0.11651469022035599,0.49462366104125977,0.3750537633895874
YIL112W,YHR138C,0,-1.810982,0.11645569652318954,0.49462366104125977,0.375268816947937
YNL054W,YDR476C,0,-1.8110373,0.11639676243066788,0.49462366104125977,0.3754838705062866
YNL272C,YEL022W,1,-1.8113666,0.11684370040893555,0.49677419662475586,0.3754838705062866
YML124C,YDR098C-B,0,-1.8117094,0.11678463220596313,0.49677419662475586,0.37569892406463623
YGR193C,YLR187W,0,-1.8119252,0.1167256161570549,0.49677419662475586,0.37591397762298584
YKR064W,YNR010W,0,-1.8119738,0.11666666716337204,0.49677419662475586,0.37612903118133545
YML060W,YLR224W,0,-1.8121326,0.11660777032375336,0.49677419662475586,0.37634408473968506
YPL172C,YGR129W,0,-1.8123939,0.11654894053936005,0.49677419662475586,0.37655913829803467
YER093C,YNL272C,1,-1.8127332,0.1169944554567337,0.49892473220825195,0.37655913829803467
YJR078W,YER178W,0,-1.8130796,0.11693548411130905,0.49892473220825195,0.3767741918563843
YML124C,YDR403W,0,-1.813113,0.11687657237052917,0.49892473220825195,0.3769892454147339
YDR316W-A,YOR332W,0,-1.8134229,0.11681772768497467,0.49892473220825195,0.3772042989730835
YDL084W,YER045C,0,-1.8135831,0.11675893515348434,0.49892473220825195,0.3774193525314331
YLR337C,YPR067W,0,-1.8136966,0.1167002022266388,0.49892473220825195,0.3776344060897827
YGR142W,YJL110C,0,-1.813801,0.11664152890443802,0.49892473220825195,0.3778494596481323
YGR165W,YPL050C,0,-1.813848,0.11658291518688202,0.49892473220825195,0.37806451320648193
YEL022W,YBL023C,0,-1.814055,0.1165243610739708,0.49892473220825195,0.37827956676483154
YOR127W,YOR228C,0,-1.8143771,0.11646586656570435,0.49892473220825195,0.37849462032318115
YMR256C,YPL161C,0,-1.8155262,0.11640742421150208,0.49892473220825195,0.37870967388153076
YDR226W,YLR014C,0,-1.8158691,0.11634904891252518,0.49892473220825195,0.37892472743988037
YLR310C,YLR291C,1,-1.8159332,0.1167919784784317,0.501075267791748,0.37892472743988037
YLR227W-B,YDR317W,0,-1.8161271,0.11673346906900406,0.501075267791748,0.37913978099823
YPL051W,YHR013C,0,-1.816361,0.1166750118136406,0.501075267791748,0.3793548345565796
YHR136C,YDR371W,0,-1.8168297,0.1166166141629219,0.501075267791748,0.3795698881149292
YNR038W,YPR021C,0,-1.8169756,0.11655827611684799,0.501075267791748,0.3797849416732788
YOR265W,YHR033W,0,-1.8175058,0.11649999767541885,0.501075267791748,0.3799999952316284
YDR499W,YGR276C,0,-1.8175538,0.11644177883863449,0.501075267791748,0.380215048789978
YDR011W,YGL050W,0,-1.8178651,0.1163836196064949,0.501075267791748,0.38043010234832764
YJL176C,YJL186W,0,-1.8178768,0.1163255125284195,0.501075267791748,0.38064515590667725
YBL091C-A,YDR130C,0,-1.8178928,0.11626746505498886,0.501075267791748,0.38086020946502686
YOL107W,YOR380W,0,-1.8180575,0.116209477186203,0.501075267791748,0.38107526302337646
YCR038C,YLL017W,1,-1.818136,0.1166500523686409,0.5032258033752441,0.38107526302337646
YLR039C,YEL022W,1,-1.8182838,0.11709018796682358,0.5053763389587402,0.38107526302337646
YJL168C,YOR353C,0,-1.8184059,0.11703187227249146,0.5053763389587402,0.3812903165817261
YDR316W-B,YKL039W,0,-1.8196545,0.11697361618280411,0.5053763389587402,0.3815053701400757
YGR017W,YOR080W,0,-1.8199413,0.11691541969776154,0.5053763389587402,0.3817204236984253
YMR287C,YDR341C,0,-1.8203115,0.11685728281736374,0.5053763389587402,0.3819354772567749
YCR024C,YML016C,0,-1.8203769,0.11679920554161072,0.5053763389587402,0.3821505308151245
YHR210C,YPL157W,0,-1.8204427,0.11674118041992188,0.5053763389587402,0.3823655843734741
YPL281C,YLR176C,0,-1.8207233,0.11668321490287781,0.5053763389587402,0.38258063793182373
YOL066C,YOR301W,0,-1.8208644,0.11662530899047852,0.5053763389587402,0.38279569149017334
YER140W,YJL060W,0,-1.8210895,0.116567462682724,0.5053763389587402,0.38301074504852295
YGR155W,YDR441C,0,-1.8212142,0.11650966852903366,0.5053763389587402,0.38322579860687256
YNL054W-B,YLR097C,0,-1.8213313,0.1164519339799881,0.5053763389587402,0.38344085216522217
YNR026C,YPR095C,1,-1.8213699,0.11688955128192902,0.5075268745422363,0.38344085216522217
YDR365W-A,YHR037W,0,-1.8213747,0.11683168262243271,0.5075268745422363,0.3836559057235718
YIL006W,YDR098C-A,0,-1.8217301,0.11677387356758118,0.5075268745422363,0.3838709592819214
YDL003W,YDR179C,0,-1.8217971,0.11671612411737442,0.5075268745422363,0.384086012840271
YHR108W,YER151C,0,-1.8218958,0.11665842682123184,0.5075268745422363,0.3843010663986206
YMR307W,YML067C,0,-1.8222291,0.11660078912973404,0.5075268745422363,0.3845161199569702
YKL038W,YGL026C,0,-1.8223028,0.11654321104288101,0.5075268745422363,0.3847311735153198
YLL016W,YLR291C,1,-1.8224409,0.11697927117347717,0.5096774101257324,0.3847311735153198
YMR131C,YPL204W,0,-1.8225832,0.1169215589761734,0.5096774101257324,0.38494622707366943
YLR265C,YEL015W,0,-1.8226936,0.1168639063835144,0.5096774101257324,0.38516128063201904
YER139C,YOR391C,0,-1.8228416,0.11680630594491959,0.5096774101257324,0.38537633419036865
YOL104C,YOL103W-B,0,-1.8228917,0.11674876511096954,0.5096774101257324,0.38559138774871826
YLR105C,YLR204W,0,-1.8228939,0.11669128388166428,0.5096774101257324,0.38580644130706787
YOR177C,YBR155W,0,-1.8229804,0.11663385480642319,0.5096774101257324,0.3860214948654175
YPL021W,YGL212W,0,-1.8233101,0.11657648533582687,0.5096774101257324,0.3862365484237671
YPL028W,YGL053W,0,-1.8233204,0.11651917546987534,0.5096774101257324,0.3864516019821167
YBL008W,YDR088C,0,-1.8234477,0.11646191775798798,0.5096774101257324,0.3866666555404663
YOR335C,YBL051C,0,-1.8237503,0.1164047122001648,0.5096774101257324,0.3868817090988159
YPR026W,YGL049C,0,-1.8238251,0.11634756624698639,0.5096774101257324,0.3870967626571655
YLR310C,YNL297C,1,-1.8238463,0.11678116023540497,0.5118279457092285,0.3870967626571655
YKR006C,YOL007C,0,-1.8239264,0.11672388762235641,0.5118279457092285,0.38731181621551514
YJL041W,YIL064W,0,-1.8244834,0.11666666716337204,0.5118279457092285,0.38752686977386475
YDR110W,YMR298W,0,-1.824604,0.11660950630903244,0.5118279457092285,0.38774192333221436
YIR025W,YOL092W,0,-1.8249168,0.11655239760875702,0.5118279457092285,0.38795697689056396
YGR017W,YDL035C,0,-1.8250246,0.11649534851312637,0.5118279457092285,0.3881720304489136
YFR010W,YOR126C,0,-1.8251805,0.1164383590221405,0.5118279457092285,0.3883870840072632
YMR198W,YLL051C,0,-1.8252344,0.11638142168521881,0.5118279457092285,0.3886021375656128
YMR051C,YKL074C,0,-1.8252914,0.1163245365023613,0.5118279457092285,0.3888171911239624
YER052C,YLR410W-B,0,-1.8254366,0.11626771092414856,0.5118279457092285,0.389032244682312
YDR131C,YBR046C,0,-1.8255215,0.1162109375,0.5118279457092285,0.3892472982406616
YOR347C,YMR059W,0,-1.8258255,0.11615422368049622,0.5118279457092285,0.38946235179901123
YPL028W,YDR261C-D,0,-1.8259592,0.11609756201505661,0.5118279457092285,0.38967740535736084
YER093C,YLL017W,1,-1.8263259,0.11652852594852448,0.5139784812927246,0.38967740535736084
YDR200C,YHR201C,0,-1.8263853,0.11647173762321472,0.5139784812927246,0.38989245891571045
YGR070W,YDR137W,1,-1.8265443,0.11690209805965424,0.5161290168762207,0.38989245891571045
YPL096W,YKR068C,0,-1.8266189,0.11684518307447433,0.5161290168762207,0.39010751247406006
YNL010W,YML052W,0,-1.8266373,0.11678832024335861,0.5161290168762207,0.39032256603240967
YJL183W,YJL127C,0,-1.8267293,0.11673151701688766,0.5161290168762207,0.3905376195907593
YOL078W,YLR185W,0,-1.8271401,0.1166747659444809,0.5161290168762207,0.3907527029514313
YHR142W,YDR033W,0,-1.8273473,0.1166180744767189,0.5161290168762207,0.3909677565097809
YDR210W-B,YPR054W,0,-1.8273537,0.11656143516302109,0.5161290168762207,0.3911828100681305
YNL138W,YIL124W,0,-1.8275363,0.11650485545396805,0.5161290168762207,0.3913978636264801
YPR095C,YER155C,1,-1.8276381,0.11693352460861206,0.5182795524597168,0.3913978636264801
YML081W,YHL040C,0,-1.8277814,0.11687681823968887,0.5182795524597168,0.3916129171848297
YER015W,YGL231C,0,-1.828244,0.11682016402482986,0.5182795524597168,0.3918279707431793
YNL293W,YLL008W,0,-1.8282549,0.11676356941461563,0.5182795524597168,0.39204302430152893
YEL002C,YJR054W,0,-1.828448,0.11670701950788498,0.5182795524597168,0.39225807785987854
YEL022W,YLR371W,1,-1.8285644,0.11713455617427826,0.5204300880432129,0.39225807785987854
YNR050C,YNL284C-A,0,-1.82862,0.11707788705825806,0.5204300880432129,0.39247313141822815
YOL012C,YHR215W,0,-1.8287313,0.11702127754688263,0.5204300880432129,0.39268818497657776
YML106W,YJL156C,0,-1.828892,0.11696472018957138,0.5204300880432129,0.39290323853492737
YMR041C,YML015C,0,-1.8289461,0.11690821498632431,0.5204300880432129,0.393118292093277
YPL189W,YMR100W,0,-1.8291576,0.11685176193714142,0.5204300880432129,0.3933333456516266
YOR068C,YPR042C,0,-1.8292644,0.1167953684926033,0.5204300880432129,0.3935483992099762
YGL196W,YDR469W,0,-1.8293912,0.11673902720212936,0.5204300880432129,0.3937634527683258
YML127W,YBR023C,0,-1.8295875,0.1166827380657196,0.5204300880432129,0.3939785063266754
YPL058C,YJR132W,0,-1.8297155,0.11662650853395462,0.5204300880432129,0.394193559885025
YDR365C,YNL251C,0,-1.8297367,0.11657033115625381,0.5204300880432129,0.39440861344337463
YPR110C,YPR137C-B,0,-1.8297436,0.11651420593261719,0.5204300880432129,0.39462366700172424
YMR094W,YDR261W-A,0,-1.8302274,0.11645813286304474,0.5204300880432129,0.39483872056007385
YCR040W,YDR395W,0,-1.8302565,0.11640211939811707,0.5204300880432129,0.39505377411842346
YLR058C,YLR102C,0,-1.830486,0.11634615063667297,0.5204300880432129,0.39526882767677307
YBR291C,YGR060W,0,-1.8305719,0.11629024147987366,0.5204300880432129,0.3954838812351227
YHR133C,YJL021C,0,-1.8308914,0.11623439192771912,0.5204300880432129,0.3956989347934723
YLR363C,YBL093C,0,-1.8309052,0.11617858707904816,0.5204300880432129,0.3959139883518219
YGR272C,YDR528W,0,-1.8309345,0.11612284183502197,0.5204300880432129,0.3961290419101715
YPR095C,YAL003W,1,-1.8311028,0.11654676496982574,0.522580623626709,0.3961290419101715
YJR147W,YMR308C,0,-1.8311715,0.11649089306592941,0.522580623626709,0.3963440954685211
YOR106W,YJR013W,0,-1.8312685,0.11643507331609726,0.522580623626709,0.3965591490268707
YML102W,YLR190W,0,-1.8314881,0.11637931317090988,0.522580623626709,0.39677420258522034
YPL050C,YLR389C,0,-1.831543,0.11632359772920609,0.522580623626709,0.39698925614356995
YMR261C,YGR109W-A,0,-1.8316388,0.11626794189214706,0.522580623626709,0.39720430970191956
YDL133C-A,YOL103W-B,0,-1.831738,0.11621233820915222,0.522580623626709,0.39741936326026917
YOR207C,YOL065C,0,-1.8321977,0.11615678668022156,0.522580623626709,0.3976344168186188
YGL097W,YLR310C,1,-1.8322268,0.116579070687294,0.5247311592102051,0.3976344168186188
YEL006W,YHR002W,0,-1.8323779,0.11652339994907379,0.5247311592102051,0.3978494703769684
YDR337W,YKL134C,0,-1.8325145,0.11646778136491776,0.5247311592102051,0.398064523935318
YNR071C,YEL070W,0,-1.8325968,0.1164122149348259,0.5247311592102051,0.3982795774936676
YCL051W,YML067C,0,-1.8326724,0.11635670065879822,0.5247311592102051,0.3984946310520172
YNL284C-A,YLR185W,0,-1.8327043,0.11630123853683472,0.5247311592102051,0.3987096846103668
YGR027W-B,YOL124C,0,-1.8329098,0.1162458285689354,0.5247311592102051,0.39892473816871643
YPL111W,YOR353C,0,-1.8330388,0.11619047820568085,0.5247311592102051,0.39913979172706604
YBR118W,YGL040C,0,-1.8331532,0.11613517254590988,0.5247311592102051,0.39935484528541565
YER093C,YJR031C,1,-1.8335433,0.11655566096305847,0.5268816947937012,0.39935484528541565
YLR020C,YFR024C,0,-1.833952,0.11650023609399796,0.5268816947937012,0.39956989884376526
YLR265C,YDR034C-C,0,-1.8340151,0.11644486337900162,0.5268816947937012,0.39978495240211487
YKR053C,YBL061C,0,-1.834121,0.11638955026865005,0.5268816947937012,0.4000000059604645
YDR086C,YJL073W,0,-1.8341558,0.11633428186178207,0.5268816947937012,0.4002150595188141
YKL085W,YOL103W-B,0,-1.8343308,0.11627907305955887,0.5268816947937012,0.4004301130771637
YML015C,YKL007W,0,-1.8344107,0.11622390896081924,0.5268816947937012,0.4006451666355133
YGL105W,YOL029C,0,-1.8344681,0.1161687970161438,0.5268816947937012,0.4008602201938629
YNL131W,YLR286C,0,-1.834471,0.11611374467611313,0.5268816947937012,0.4010752737522125
YBL037W,YDL019C,0,-1.834527,0.11605873703956604,0.5268816947937012,0.40129032731056213
YOL126C,YJL019W,0,-1.8347778,0.11600378900766373,0.5268816947937012,0.40150538086891174
YPR156C,YOL003C,0,-1.8349006,0.115948885679245,0.5268816947937012,0.40172043442726135
YER044C-A,YKL143W,0,-1.8352439,0.11589404195547104,0.5268816947937012,0.40193548798561096
YGL210W,YPL234C,0,-1.8352444,0.11583924293518066,0.5268816947937012,0.40215054154396057
YBR289W,YLL043W,0,-1.8354406,0.11578449606895447,0.5268816947937012,0.4023655951023102
YOL093W,YEL062W,0,-1.8356152,0.11572980880737305,0.5268816947937012,0.4025806486606598
YOR219C,YNL298W,0,-1.8357894,0.11567516624927521,0.5268816947937012,0.4027957022190094
YLR268W,YLR078C,0,-1.8358126,0.11562057584524155,0.5268816947937012,0.403010755777359
YDR211W,YLL017W,1,-1.8358757,0.11603773385286331,0.5290322303771973,0.403010755777359
YER040W,YCR037C,0,-1.8359814,0.1159830242395401,0.5290322303771973,0.4032258093357086
YAR044W,YIL006W,0,-1.836138,0.11592836678028107,0.5290322303771973,0.4034408628940582
YDR270W,YLR190W,0,-1.8361652,0.11587376147508621,0.5290322303771973,0.40365591645240784
YGL045W,YDL021W,0,-1.8362951,0.11581920832395554,0.5290322303771973,0.40387097001075745
YPR135W,YCL001W,0,-1.836698,0.11576470732688904,0.5290322303771973,0.40408602356910706
YCL054W,YNL135C,0,-1.8367534,0.11571025103330612,0.5290322303771973,0.40430107712745667
YLR287C-A,YDL105W,0,-1.8368654,0.11565585434436798,0.5290322303771973,0.4045161306858063
YMR163C,YMR316W,0,-1.8369296,0.11560150235891342,0.5290322303771973,0.4047311842441559
YNL145W,YPR133W-A,0,-1.837091,0.11554720252752304,0.5290322303771973,0.4049462378025055
YBL101W-B,YEL069C,0,-1.8371224,0.11549295485019684,0.5290322303771973,0.4051612913608551
YKL039W,YLR433C,0,-1.8371232,0.11543875932693481,0.5290322303771973,0.4053763449192047
YKL074C,YNL020C,0,-1.8373077,0.11538461595773697,0.5290322303771973,0.4055913984775543
YOL111C,YDR516C,0,-1.8373656,0.1153305172920227,0.5290322303771973,0.40580645203590393
YBR065C,YFR052W,0,-1.8375118,0.11527647823095322,0.5290322303771973,0.40602150559425354
YCL003W,YOL092W,0,-1.837625,0.11522248387336731,0.5290322303771973,0.40623655915260315
YDR144C,YPL063W,0,-1.8376815,0.11516854166984558,0.5290322303771973,0.40645161271095276
YDR411C,YER082C,0,-1.8378677,0.11511464416980743,0.5290322303771973,0.40666666626930237
YBL063W,YPL043W,0,-1.8379889,0.11506080627441406,0.5290322303771973,0.406881719827652
YDR251W,YKL059C,0,-1.8382933,0.11500701308250427,0.5290322303771973,0.4070967733860016
YKL141W,YHR119W,0,-1.8382971,0.11495327204465866,0.5290322303771973,0.4073118269443512
YOR327C,YGL240W,0,-1.8385794,0.11489958316087723,0.5290322303771973,0.4075268805027008
YBL051C,YHR099W,0,-1.8386767,0.11484593898057938,0.5290322303771973,0.4077419340610504
YCL074W,YGL162W,0,-1.8387458,0.1147923469543457,0.5290322303771973,0.4079569876194
YPL276W,YDR421W,0,-1.8387747,0.11473880708217621,0.5290322303771973,0.40817204117774963
YER022W,YMR070W,0,-1.8388093,0.1146853119134903,0.5290322303771973,0.40838709473609924
YMR023C,YKL097W-A,0,-1.8389411,0.11463187634944916,0.5290322303771973,0.40860214829444885
YJL149W,YJL103C,0,-1.8389652,0.114578478038311,0.5290322303771973,0.40881720185279846
YML034W,YPR158C-C,0,-1.8390889,0.11452513933181763,0.5290322303771973,0.40903225541114807
YGL093W,YMR313C,0,-1.8391871,0.11447184532880783,0.5290322303771973,0.4092473089694977
YPR041W,YGL136C,0,-1.8392596,0.11441860347986221,0.5290322303771973,0.4094623625278473
YBR059C,YNR013C,0,-1.839431,0.11436541378498077,0.5290322303771973,0.4096774160861969
YDL130W-A,YPL121C,0,-1.8397818,0.11431226879358292,0.5290322303771973,0.4098924696445465
YGL067W,YLR054C,0,-1.8398967,0.11425917595624924,0.5290322303771973,0.4101075232028961
YDR167W,YLR228C,0,-1.8400285,0.11420612782239914,0.5290322303771973,0.4103225767612457
YDR281C,YOR103C,0,-1.8400946,0.11415313184261322,0.5290322303771973,0.41053763031959534
YGR185C,YJR138W,0,-1.8401406,0.11410018801689148,0.5290322303771973,0.41075268387794495
YNL059C,YDR318W,0,-1.8403859,0.11404728889465332,0.5290322303771973,0.41096773743629456
YIR009W,YJL141C,0,-1.8409448,0.11399444192647934,0.5290322303771973,0.41118279099464417
YCR105W,YLL062C,0,-1.8413944,0.11394163966178894,0.5290322303771973,0.4113978445529938
YNR026C,YDR137W,1,-1.8414006,0.11435185372829437,0.5311827659606934,0.4113978445529938
YFR031C-A,YDL145C,0,-1.8414526,0.11429893225431442,0.5311827659606934,0.4116128981113434
YFL033C,YDR261W-B,0,-1.8416381,0.11424607038497925,0.5311827659606934,0.411827951669693
YOR262W,YPR105C,0,-1.8420663,0.11419325321912766,0.5311827659606934,0.4120430052280426
YOR323C,YER140W,0,-1.8423331,0.11414048075675964,0.5311827659606934,0.4122580587863922
YGL046W,YGR224W,0,-1.8423431,0.11408776044845581,0.5311827659606934,0.4124731123447418
YML109W,YGR253C,0,-1.8424432,0.11403508484363556,0.5311827659606934,0.41268816590309143
YMR172W,YDL109C,0,-1.842583,0.11398246139287949,0.5311827659606934,0.41290321946144104
YFL054C,YDR107C,0,-1.8427191,0.11392989009618759,0.5311827659606934,0.41311827301979065
YDR251W,YMR180C,0,-1.8427815,0.11387736350297928,0.5311827659606934,0.41333332657814026
YGR279C,YDR098C-A,0,-1.8429163,0.11382488161325455,0.5311827659606934,0.41354838013648987
YGL185C,YHR028C,0,-1.8434882,0.113772451877594,0.5311827659606934,0.4137634336948395
YCR004C,YMR054W,0,-1.843497,0.11372007429599762,0.5311827659606934,0.4139784872531891
YPR132W,YFL039C,0,-1.8437934,0.11366774141788483,0.5311827659606934,0.4141935408115387
YKR026C,YLL017W,1,-1.8438809,0.1140754371881485,0.5333333611488342,0.4141935408115387
YOR020C,YER007C-A,0,-1.8439431,0.11402298510074615,0.5333333611488342,0.4144085943698883
YCL003W,YML101C,0,-1.8439496,0.11397058516740799,0.5333333611488342,0.4146236479282379
YBR084W,YPL151C,0,-1.8439941,0.113918237388134,0.5333333611488342,0.4148387014865875
YOL140W,YJR001W,0,-1.8442519,0.1138659343123436,0.5333333611488342,0.41505375504493713
YLR324W,YLR068W,0,-1.8446374,0.11381367594003677,0.5333333611488342,0.41526880860328674
YLR292C,YDR078C,0,-1.8446519,0.11376146972179413,0.5333333611488342,0.41548386216163635
YGR272C,YML132W,0,-1.8449354,0.11370930820703506,0.5333333611488342,0.41569891571998596
YMR048W,YKL014C,0,-1.8450403,0.11365719884634018,0.5333333611488342,0.41591396927833557
YOR241W,YHR150W,0,-1.8451111,0.11360513418912888,0.5333333611488342,0.4161290228366852
YDR108W,YMR186W,0,-1.845535,0.11355311423540115,0.5333333611488342,0.4163440763950348
YJL106W,YDL036C,0,-1.8456547,0.11350114643573761,0.5333333611488342,0.4165591299533844
YKL170W,YNL263C,0,-1.8457813,0.11344922333955765,0.5333333611488342,0.416774183511734
YDR242W,YEL043W,0,-1.8462543,0.11339734494686127,0.5333333611488342,0.4169892370700836
YLR103C,YKL173W,0,-1.846271,0.11334551870822906,0.5333333611488342,0.4172042906284332
YML049C,YDL046W,0,-1.8464592,0.11329374462366104,0.5333333611488342,0.41741934418678284
YLR017W,YNL262W,0,-1.846668,0.113242007791996,0.5333333611488342,0.41763439774513245
YKL199C,YDL143W,0,-1.8469176,0.11319032311439514,0.5333333611488342,0.41784945130348206
YDL140C,YKR105C,0,-1.8470726,0.11313868314027786,0.5333333611488342,0.41806450486183167
YMR115W,YDR261W-B,0,-1.8471913,0.11308709532022476,0.5333333611488342,0.4182795584201813
YNL061W,YPL095C,0,-1.8472421,0.11303555220365524,0.5333333611488342,0.4184946119785309
YLR425W,YLR310C,1,-1.8473897,0.1134396344423294,0.5354838967323303,0.4184946119785309
YNL081C,YGL093W,0,-1.84744,0.11338797956705093,0.5354838967323303,0.4187096655368805
YML021C,YNR059W,0,-1.8476951,0.11333636939525604,0.5354838967323303,0.4189247190952301
YNL180C,YER017C,0,-1.8478882,0.11328480392694473,0.5354838967323303,0.4191397726535797
YKR007W,YJL089W,0,-1.8480406,0.1132332906126976,0.5354838967323303,0.4193548262119293
YHR079C-B,YPL134C,0,-1.8480892,0.11318181455135345,0.5354838967323303,0.41956987977027893
YMR001C,YLR293C,0,-1.8482006,0.11313039809465408,0.5354838967323303,0.41978493332862854
YEL021W,YLR160C,0,-1.8482566,0.1130790188908577,0.5354838967323303,0.41999998688697815
YNL024C,YER045C,0,-1.8483856,0.11302769184112549,0.5354838967323303,0.42021504044532776
YCR038C,YLL016W,1,-1.8484864,0.11343012750148773,0.5376344323158264,0.42021504044532776
YGL135W,YGR143W,0,-1.848629,0.11337868124246597,0.5376344323158264,0.42043009400367737
YBR131W,YCL068C,1,-1.8487117,0.11378059536218643,0.5397849678993225,0.42043009400367737
YPL225W,YHL044W,0,-1.848819,0.11372904479503632,0.5397849678993225,0.420645147562027
YOR244W,YIL039W,0,-1.8488507,0.11367753893136978,0.5397849678993225,0.4208602011203766
YDR487C,YDL112W,0,-1.8490596,0.11362607777118683,0.5397849678993225,0.4210752546787262
YPR158C-D,YGL168W,0,-1.8493454,0.11357466131448746,0.5397849678993225,0.4212903082370758
YDR309C,YIL046W,0,-1.8501389,0.11352328956127167,0.5397849678993225,0.4215053617954254
YBR291C,YML132W,0,-1.8502576,0.11347196996212006,0.5397849678993225,0.421720415353775
YBR172C,YGR161W-B,0,-1.8504875,0.11342069506645203,0.5397849678993225,0.421935498714447
YPL210C,YDR098C-A,0,-1.8505528,0.11336946487426758,0.5397849678993225,0.42215055227279663
YDL043C,YLR315W,0,-1.8507974,0.11331828683614731,0.5397849678993225,0.42236560583114624
YNR026C,YNL297C,1,-1.8508646,0.1137184128165245,0.5419355034828186,0.42236560583114624
YPR049C,YKL196C,0,-1.8509729,0.11366711556911469,0.5419355034828186,0.42258065938949585
YMR075W,YOR226C,0,-1.8511009,0.11361587047576904,0.5419355034828186,0.42279571294784546
YJR031C,YAL003W,1,-1.8514879,0.11401532590389252,0.5440860390663147,0.42279571294784546
YOR335C,YAL022C,0,-1.8515387,0.11396396160125732,0.5440860390663147,0.42301076650619507
YBR112C,YGR154C,0,-1.8516257,0.11391264945268631,0.5440860390663147,0.4232258200645447
YOR251C,YDR424C,0,-1.8516519,0.11386138945817947,0.5440860390663147,0.4234408736228943
YKL183W,YKR058W,0,-1.8519101,0.11381016671657562,0.5440860390663147,0.4236559271812439
YAL054C,YCR018C,0,-1.8519938,0.11375899612903595,0.5440860390663147,0.4238709807395935
YLR227W-B,YER155C,0,-1.8520675,0.11370786279439926,0.5440860390663147,0.4240860342979431
YDL128W,YPL202C,0,-1.8521655,0.11365678161382675,0.5440860390663147,0.4243010878562927
YDR211W,YGR083C,1,-1.8522177,0.11405478417873383,0.5462365746498108,0.4243010878562927
YKL021C,YGR253C,0,-1.8525095,0.11400359123945236,0.5462365746498108,0.42451614141464233
YLR410W-A,YKR093W,0,-1.8525252,0.11395244300365448,0.5462365746498108,0.42473119497299194
YKR103W,YPR028W,0,-1.852807,0.11390134692192078,0.5462365746498108,0.42494624853134155
YHR088W,YPL145C,0,-1.8528461,0.11385028809309006,0.5462365746498108,0.42516130208969116
YCL051W,YPL098C,0,-1.853277,0.11379928141832352,0.5462365746498108,0.42537635564804077
YDR322W,YGR286C,0,-1.8534727,0.11374831944704056,0.5462365746498108,0.4255914092063904
YMR112C,YCL044C,0,-1.8535879,0.11369740217924118,0.5462365746498108,0.42580646276474
YMR022W,YKL199C,0,-1.8539569,0.11364652961492538,0.5462365746498108,0.4260215163230896
YGR191W,YGR071C,0,-1.8543315,0.11359570920467377,0.5462365746498108,0.4262365698814392
YAL041W,YLR371W,1,-1.854388,0.11399195343255997,0.5483871102333069,0.4262365698814392
YER049W,YLR093C,0,-1.8544667,0.1139410212635994,0.5483871102333069,0.4264516234397888
YLR191W,YJR042W,0,-1.8547156,0.11389012634754181,0.5483871102333069,0.4266666769981384
YJL079C,YGR214W,0,-1.8547575,0.1138392835855484,0.5483871102333069,0.42688173055648804
YAL024C,YNR026C,1,-1.8548121,0.11423471570014954,0.550537645816803,0.42688173055648804
YGL103W,YPL076W,0,-1.8549485,0.11418376117944717,0.550537645816803,0.42709678411483765
YPL001W,YLR097C,0,-1.8555722,0.11413285881280899,0.550537645816803,0.42731183767318726
YPL281C,YIL173W,0,-1.8562641,0.11408199369907379,0.550537645816803,0.42752689123153687
YBR276C,YJL133W,0,-1.856401,0.11403118073940277,0.550537645816803,0.4277419447898865
YFL038C,YLL055W,0,-1.8564098,0.11398041248321533,0.550537645816803,0.4279569983482361
YGR223C,YCR097WB,0,-1.856951,0.11392968147993088,0.550537645816803,0.4281720519065857
YDR499W,YJR121W,0,-1.8575642,0.1138790026307106,0.550537645816803,0.4283871054649353
YOL165C,YGR204W,0,-1.8575778,0.11382836848497391,0.550537645816803,0.4286021590232849
YMR087W,YAR044W,0,-1.8577316,0.1137777790427208,0.550537645816803,0.4288172125816345
YOL117W,YLR100W,0,-1.857871,0.11372723430395126,0.550537645816803,0.42903226613998413
YLR214W,YEL037C,0,-1.8582304,0.11367673426866531,0.550537645816803,0.42924731969833374
YIR018W,YEL020W-A,0,-1.8584013,0.11362627893686295,0.550537645816803,0.42946237325668335
YJL121C,YDR236C,0,-1.8584259,0.11357586830854416,0.550537645816803,0.42967742681503296
YER137C-A,YFR036W,0,-1.8585374,0.11352550238370895,0.550537645816803,0.42989248037338257
YJL176C,YEL051W,0,-1.8590078,0.11347517371177673,0.550537645816803,0.4301075339317322
YKL186C,YOR069W,0,-1.8590312,0.11342489719390869,0.550537645816803,0.4303225874900818
YNR071C,YLR227W-A,0,-1.8590593,0.11337466537952423,0.550537645816803,0.4305376410484314
YOL117W,YFR021W,0,-1.8591077,0.11332447826862335,0.550537645816803,0.430752694606781
YDR273W,YCR107W,0,-1.8591809,0.11327433586120605,0.550537645816803,0.4309677481651306
YJL173C,YPL157W,0,-1.8592818,0.11322423815727234,0.550537645816803,0.4311828017234802
YDL208W,YBR023C,0,-1.8593347,0.1131741851568222,0.550537645816803,0.43139785528182983
YOL102C,YKL158W,0,-1.8593898,0.11312416940927505,0.550537645816803,0.43161290884017944
YHR033W,YIL035C,0,-1.8594255,0.11307420581579208,0.550537645816803,0.43182796239852905
YLR039C,YDR137W,1,-1.8594294,0.11346578598022461,0.5526881814002991,0.43182796239852905
YGR184C,YBL089W,0,-1.8599241,0.11341571062803268,0.5526881814002991,0.43204301595687866
YER162C,YCL001W,0,-1.8600304,0.11336567997932434,0.5526881814002991,0.43225806951522827
YKR102W,YDR146C,0,-1.8600423,0.11331569403409958,0.5526881814002991,0.4324731230735779
YKL140W,YOR211C,0,-1.860095,0.1132657527923584,0.5526881814002991,0.4326881766319275
YMR012W,YAL023C,0,-1.8601098,0.1132158562541008,0.5526881814002991,0.4329032301902771
YIL136W,YNL230C,0,-1.8601344,0.11316600441932678,0.5526881814002991,0.4331182837486267
YJL141C,YJL069C,0,-1.8602221,0.11311619728803635,0.5526881814002991,0.4333333373069763
YNL175C,YOR143C,0,-1.8602691,0.11306643486022949,0.5526881814002991,0.4335483908653259
YDR117C,YDR441C,0,-1.8603246,0.11301670968532562,0.5526881814002991,0.43376344442367554
YNL322C,YPL126W,0,-1.8605685,0.11296703666448593,0.5526881814002991,0.43397849798202515
YDR427W,YEL038W,0,-1.8607638,0.11291740089654922,0.5526881814002991,0.43419355154037476
YDL139C,YLR009W,0,-1.8607891,0.1128678098320961,0.5526881814002991,0.43440860509872437
YMR005W,YPL091W,0,-1.8608096,0.11281826347112656,0.5526881814002991,0.434623658657074
YOR310C,YIL026C,0,-1.861218,0.1127687618136406,0.5526881814002991,0.4348387122154236
YJR108W,YDL003W,0,-1.8616974,0.11271929740905762,0.5526881814002991,0.4350537657737732
YAR033W,YER151C,0,-1.8619533,0.11266988515853882,0.5526881814002991,0.4352688193321228
YLR390W,YEL030W,0,-1.8621061,0.112620510160923,0.5526881814002991,0.4354838728904724
YOR299W,YGR279C,0,-1.8621581,0.11257117986679077,0.5526881814002991,0.435698926448822
YCL057C-A,YDR376W,0,-1.8622499,0.11252189427614212,0.5526881814002991,0.43591398000717163
YER063W,YPL180W,0,-1.8623092,0.11247264593839645,0.5526881814002991,0.43612903356552124
YGR124W,YOR382W,0,-1.8623378,0.11242344975471497,0.5526881814002991,0.43634408712387085
YOR048C,YOR027W,0,-1.8624041,0.11237429082393646,0.5526881814002991,0.43655914068222046
YOL111C,YMR158W,0,-1.8624375,0.11232517659664154,0.5526881814002991,0.43677419424057007
YPR096C,YNL147W,0,-1.8626812,0.1122760996222496,0.5526881814002991,0.4369892477989197
YGL206C,YLR377C,0,-1.8629632,0.11222707480192184,0.5526881814002991,0.4372043013572693
YJR127C,YNL073W,0,-1.8630807,0.11217808723449707,0.5526881814002991,0.4374193549156189
YBL047C,YGR084C,0,-1.8631079,0.11212914437055588,0.5526881814002991,0.4376344084739685
YJL008C,YML081C-A,0,-1.8635347,0.11208024621009827,0.5526881814002991,0.4378494620323181
YGR083C,YDR224C,0,-1.8640842,0.11203138530254364,0.5526881814002991,0.4380645155906677
YGL256W,YKL206C,0,-1.864389,0.1119825690984726,0.5526881814002991,0.43827956914901733
YHR120W,YAR031W,0,-1.8645203,0.11193379759788513,0.5526881814002991,0.43849462270736694
YMR315W,YOR132W,0,-1.8645947,0.11188507080078125,0.5526881814002991,0.43870967626571655
YHR207C,YER102W,0,-1.8649528,0.11183638125658035,0.5526881814002991,0.43892472982406616
YDR461W,YKR027W,0,-1.8649757,0.11178773641586304,0.5526881814002991,0.43913978338241577
YGR216C,YDR034C-C,0,-1.8651958,0.1117391288280487,0.5526881814002991,0.4393548369407654
YLL017W,YLR371W,1,-1.8653309,0.11212516576051712,0.5548387169837952,0.4393548369407654
YDR091C,YML006C,0,-1.8656135,0.11207645386457443,0.5548387169837952,0.439569890499115
YLR170C,YKL097W-A,0,-1.8659143,0.11202778667211533,0.5548387169837952,0.4397849440574646
YNL280C,YNL227C,0,-1.8660026,0.1119791641831398,0.5548387169837952,0.4399999976158142
YLR142W,YOR174W,0,-1.8660226,0.11193058639764786,0.5548387169837952,0.4402150511741638
YOL138C,YBL030C,0,-1.8661907,0.1118820458650589,0.5548387169837952,0.4404301047325134
YML096W,YLR350W,0,-1.8662593,0.11183355003595352,0.5548387169837952,0.44064515829086304
YPL146C,YOR099W,0,-1.8664641,0.11178509891033173,0.5548387169837952,0.44086021184921265
YOR084W,YGR211W,0,-1.8667793,0.11173668503761292,0.5548387169837952,0.44107526540756226
YBL113C,YOL010W,0,-1.8667793,0.11168830841779709,0.5548387169837952,0.44129031896591187
YLR019W,YGL136C,0,-1.8668134,0.11163998395204544,0.5548387169837952,0.4415053725242615
YOR142W-B,YHR066W,0,-1.8671882,0.11159169673919678,0.5548387169837952,0.4417204260826111
YEL022W,YGR083C,1,-1.8672428,0.1119757890701294,0.5569892525672913,0.4417204260826111
YFL013C,YLR391W,0,-1.8672974,0.11192739754915237,0.5569892525672913,0.4419354796409607
YOR131C,YBL075C,0,-1.867342,0.11187905073165894,0.5569892525672913,0.4421505331993103
YBR187W,YKL198C,0,-1.8675232,0.11183074116706848,0.5569892525672913,0.4423655867576599
YIL155C,YPL026C,0,-1.867666,0.11178247630596161,0.5569892525672913,0.4425806403160095
YAL013W,YMR318C,0,-1.8678706,0.11173425614833832,0.5569892525672913,0.44279569387435913
YCL012W,YCR037C,0,-1.8680079,0.11168607324361801,0.5569892525672913,0.44301074743270874
YPR031W,YMR264W,0,-1.8680272,0.11163792759180069,0.5569892525672913,0.44322580099105835
YCR055C,YFR003C,0,-1.8680634,0.11158983409404755,0.5569892525672913,0.44344085454940796
YOL145C,YJL013C,0,-1.868084,0.11154177784919739,0.5569892525672913,0.44365590810775757
YPR184W,YKL006C-A,0,-1.8683138,0.11149375885725021,0.5569892525672913,0.4438709616661072
YDR122W,YKR088C,0,-1.8685613,0.11144578456878662,0.5569892525672913,0.4440860152244568
YNL207W,YJL021C,0,-1.8686702,0.11139784753322601,0.5569892525672913,0.4443010687828064
YLR425W,YJR031C,1,-1.8686831,0.11177987605333328,0.5591397881507874,0.4443010687828064
YCL075W,YHR067W,0,-1.8690331,0.11173184216022491,0.5591397881507874,0.444516122341156
YGL192W,YDR492W,0,-1.8690383,0.11168384552001953,0.5591397881507874,0.4447311758995056
YCL060C,YGL060W,0,-1.8690925,0.11163589358329773,0.5591397881507874,0.4449462294578552
YKL058W,YDR511W,0,-1.8694143,0.11158798635005951,0.5591397881507874,0.44516128301620483
YER032W,YMR080C,0,-1.8695309,0.11154010891914368,0.5591397881507874,0.44537633657455444
YLR121C,YMR297W,0,-1.8696611,0.11149228364229202,0.5591397881507874,0.44559139013290405
YPR095C,YCL068C,1,-1.8700233,0.11187312752008438,0.5612903237342834,0.44559139013290405
YJL194W,YBL017C,0,-1.8700511,0.11182519048452377,0.5612903237342834,0.44580644369125366
YMR172W,YOR126C,0,-1.8701189,0.11177730560302734,0.5612903237342834,0.44602149724960327
YLR337W,YGR055W,0,-1.8701811,0.1117294505238533,0.5612903237342834,0.4462365508079529
YDR211W,YJR031C,1,-1.8701994,0.11210954189300537,0.5634408593177795,0.4462365508079529
YLR256W-A,YBR049C,0,-1.8703372,0.11206158995628357,0.5634408593177795,0.4464516043663025
YOL093W,YDR464W,0,-1.870359,0.11201368272304535,0.5634408593177795,0.4466666579246521
YML051W,YDR120C,0,-1.8708253,0.11196581274271011,0.5634408593177795,0.4468817114830017
YCR097WB,YNL274C,0,-1.8708856,0.11191798746585846,0.5634408593177795,0.4470967650413513
YKL179C,YAL002W,0,-1.870966,0.11187019944190979,0.5634408593177795,0.4473118185997009
YBR243C,YJR102C,0,-1.87098,0.1118224486708641,0.5634408593177795,0.44752687215805054
YIL075C,YHR179W,0,-1.8709888,0.111774742603302,0.5634408593177795,0.44774192571640015
YLL002W,YOR382W,0,-1.8710563,0.11172708123922348,0.5634408593177795,0.44795697927474976
YDR211W,YDL100C,1,-1.8710744,0.11210571229457855,0.5655913949012756,0.44795697927474976
YDL225W,YNR015W,0,-1.8712478,0.11205794662237167,0.5655913949012756,0.44817203283309937
YBR295W,YPL138C,0,-1.8715258,0.11201021820306778,0.5655913949012756,0.448387086391449
YER137C-A,YEL032W,0,-1.8716671,0.11196253448724747,0.5655913949012756,0.4486021399497986
YLR227W-B,YBR121C,0,-1.8718467,0.11191489547491074,0.5655913949012756,0.4488171935081482
YAL041W,YGR078C,0,-1.8719413,0.11186729371547699,0.5655913949012756,0.4490322470664978
YNL272C,YNL297C,1,-1.8724403,0.11224489659070969,0.5677419304847717,0.4490322470664978
YFL066C,YFL002W-B,0,-1.8728473,0.11219719797372818,0.5677419304847717,0.4492473006248474
YER088C,YDR403W,0,-1.8728497,0.11214952915906906,0.5677419304847717,0.449462354183197
YJL098W,YDL223C,0,-1.8729441,0.11210191249847412,0.5677419304847717,0.44967740774154663
YDR226W,YDR285W,0,-1.8730834,0.11205433309078217,0.5677419304847717,0.44989246129989624
YOR180C,YPR135W,0,-1.8734295,0.1120067909359932,0.5677419304847717,0.45010751485824585
YGL127C,YPL173W,0,-1.8734777,0.11195928603410721,0.5677419304847717,0.45032256841659546
YOR254C,YDR080W,0,-1.8741229,0.1119118258357048,0.5677419304847717,0.45053762197494507
YPR095C,YNL297C,1,-1.8741956,0.11228813230991364,0.5698924660682678,0.45053762197494507
YPR161C,YGL123W,0,-1.8743992,0.11224057525396347,0.5698924660682678,0.4507526755332947
YML056C,YPL017C,0,-1.8744864,0.11219305545091629,0.5698924660682678,0.4509677290916443
YGR003W,YCL043C,0,-1.8745048,0.11214558035135269,0.5698924660682678,0.4511827826499939
YPR063C,YGR020C,0,-1.8745415,0.11209813505411148,0.5698924660682678,0.4513978362083435
YPL240C,YBR243C,0,-1.8745418,0.11205074191093445,0.5698924660682678,0.4516128897666931
YBL061C,YGR212W,0,-1.874552,0.1120033785700798,0.5698924660682678,0.4518279433250427
YDL137W,YPR168W,0,-1.8746989,0.11195605993270874,0.5698924660682678,0.45204299688339233
YDR270W,YOR127W,0,-1.8748746,0.11190878599882126,0.5698924660682678,0.45225805044174194
YOL054W,YBR035C,0,-1.8750141,0.11186154186725616,0.5698924660682678,0.45247310400009155
YBR087W,YCR080W,0,-1.8751807,0.11181434243917465,0.5698924660682678,0.45268815755844116
YMR091C,YNL054W-B,0,-1.8754394,0.11176718771457672,0.5698924660682678,0.45290321111679077
YJR133W,YOL030W,0,-1.8755381,0.11172007024288177,0.5698924660682678,0.4531182646751404
YDR012W,YPR011C,0,-1.8757117,0.11167299002408981,0.5698924660682678,0.4533333480358124
YPL121C,YOL011W,0,-1.8757613,0.11162594705820084,0.5698924660682678,0.453548401594162
YLR337W,YML071C,0,-1.875951,0.11157894879579544,0.5698924660682678,0.4537634551525116
YNR011C,YLR383W,0,-1.8761103,0.11153198778629303,0.5698924660682678,0.4539785087108612
YOL069W,YJR070C,0,-1.8762174,0.1114850640296936,0.5698924660682678,0.4541935622692108
YGR161W-A,YMR099C,0,-1.8762956,0.11143818497657776,0.5698924660682678,0.4544086158275604
YCL052C,YBR090C-A,0,-1.8763199,0.1113913431763649,0.5698924660682678,0.45462366938591003
YPR108W,YLL031C,0,-1.8763809,0.11134453862905502,0.5698924660682678,0.45483872294425964
YDR303C,YBR075W,0,-1.8765979,0.11129777133464813,0.5698924660682678,0.45505377650260925
YLR029C,YDR239C,0,-1.8770652,0.11125104874372482,0.5698924660682678,0.45526883006095886
YCL027W,YGR214W,0,-1.8771565,0.1112043634057045,0.5698924660682678,0.45548388361930847
YML102W,YLR060W,0,-1.877178,0.11115771532058716,0.5698924660682678,0.4556989371776581
YBR181C,YKR095W,0,-1.877325,0.1111111119389534,0.5698924660682678,0.4559139907360077
YBR093C,YJR119C,0,-1.8775525,0.11106454581022263,0.5698924660682678,0.4561290442943573
YPR190C,YNR011C,0,-1.8775964,0.11101801693439484,0.5698924660682678,0.4563440978527069
YAL003W,YDL100C,1,-1.8776631,0.11139028519392014,0.5720430016517639,0.4563440978527069
YOR150W,YLR426W,0,-1.8776846,0.11134365946054459,0.5720430016517639,0.4565591514110565
YBR111W-A,YBL022C,0,-1.8779337,0.11129707098007202,0.5720430016517639,0.45677420496940613
YDR296W,YDR014W-A,0,-1.8779337,0.11125051975250244,0.5720430016517639,0.45698925852775574
YLR389C,YOR343C-A,0,-1.8779337,0.11120401322841644,0.5720430016517639,0.45720431208610535
YFL054C,YKL138C-A,0,-1.8779337,0.11115754395723343,0.5720430016517639,0.45741936564445496
YGR076C,YHR214W-G,0,-1.8779337,0.1111111119389534,0.5720430016517639,0.45763441920280457
YHR214W-G,YKL003C,0,-1.8779337,0.11106471717357635,0.5720430016517639,0.4578494727611542
YJL133C-A,YFR003C,0,-1.8779337,0.11101836711168289,0.5720430016517639,0.4580645263195038
YCL008C,YGR031C-A,0,-1.8779337,0.11097204685211182,0.5720430016517639,0.4582795798778534
YKL191W,YOR396W,0,-1.8779337,0.11092577129602432,0.5720430016517639,0.458494633436203
YNL181W,YDL134C-A,0,-1.8779337,0.11087953299283981,0.5720430016517639,0.4587096869945526
YJR070C,YHR214W-G,0,-1.8779337,0.11083333194255829,0.5720430016517639,0.4589247405529022
YER053C-A,YDR081C,0,-1.8779337,0.11078717559576035,0.5720430016517639,0.45913979411125183
YDR060W,YBR111W-A,0,-1.8779337,0.11074104905128479,0.5720430016517639,0.45935484766960144
YBR111W-A,YDR520C,0,-1.8779337,0.11069496721029282,0.5720430016517639,0.45956990122795105
YFL018W-A,YNL110C,0,-1.8779337,0.11064891517162323,0.5720430016517639,0.45978495478630066
YAR070W-A,YLR078C,0,-1.8779337,0.11060290783643723,0.5720430016517639,0.46000000834465027
YPR006C,YLR154W-A,0,-1.8779337,0.1105569377541542,0.5720430016517639,0.4602150619029999
YAR070W-A,YKL074C,0,-1.8779337,0.11051101237535477,0.5720430016517639,0.4604301154613495
YFL018W-A,YIL034C,0,-1.8779337,0.11046511679887772,0.5720430016517639,0.4606451690196991
YNL181W,YNL138W-A,0,-1.8779337,0.11041925847530365,0.5720430016517639,0.4608602225780487
YER053C-A,YGR047C,0,-1.8779337,0.11037344485521317,0.5720430016517639,0.4610752761363983
YBR149W,YBR200W-A,0,-1.8779337,0.11032766848802567,0.5720430016517639,0.4612903296947479
YOR074C,YJL012C-A,0,-1.8779337,0.11028192192316055,0.5720430016517639,0.46150538325309753
YDR253C,YPL189C-A,0,-1.8779337,0.11023622006177902,0.5720430016517639,0.46172043681144714
YPL111W,YJL012C-A,0,-1.8779337,0.11019055545330048,0.5720430016517639,0.46193549036979675
YNL207W,YCL048W-A,0,-1.8779337,0.11014492809772491,0.5720430016517639,0.46215054392814636
YJL012C-A,YJR097W,0,-1.8779337,0.11009933799505234,0.5720430016517639,0.46236559748649597
YLR312C-B,YIL147C,0,-1.8779337,0.11005378514528275,0.5720430016517639,0.4625806510448456
YOR155C,YOL086W-A,0,-1.8779337,0.11000826954841614,0.5720430016517639,0.4627957046031952
YAR070W-A,YJR055W,0,-1.8779337,0.10996279120445251,0.5720430016517639,0.4630107581615448
YER159C,YBR200W-A,0,-1.8779337,0.10991735756397247,0.5720430016517639,0.4632258117198944
YBL064C,YHR214W-G,0,-1.8779337,0.10987195372581482,0.5720430016517639,0.463440865278244
YOR396W,YGR262C,0,-1.8779337,0.10982658714056015,0.5720430016517639,0.46365591883659363
YDL038C,YPL050C,0,-1.8779337,0.10978126525878906,0.5720430016517639,0.46387097239494324
YNL138W-A,YOR119C,0,-1.8779337,0.10973597317934036,0.5720430016517639,0.46408602595329285
YOR396W,YKL196C,0,-1.8779337,0.10969071835279465,0.5720430016517639,0.46430107951164246
YHR002W,YKR095W-A,0,-1.8779337,0.10964550822973251,0.5720430016517639,0.46451613306999207
YCR097WB,YLR438C-A,0,-1.8779337,0.10960032790899277,0.5720430016517639,0.4647311866283417
YDL134C-A,YDR323C,0,-1.8779337,0.1095551922917366,0.5720430016517639,0.4649462401866913
YMR268W-A,YGL040C,0,-1.8779337,0.10951008647680283,0.5720430016517639,0.4651612937450409
YML087C,YLR391W-A,0,-1.8779337,0.10946501791477203,0.5720430016517639,0.4653763473033905
YGR185C,YGR031C-A,0,-1.8779337,0.10941999405622482,0.5720430016517639,0.4655914008617401
YML095C,YDL038C,0,-1.8779337,0.109375,0.5720430016517639,0.4658064544200897
YFL018W-A,YOR148C,0,-1.8779337,0.10933004319667816,0.5720430016517639,0.46602150797843933
YFL035C-B,YMR115W,0,-1.8779337,0.10928512364625931,0.5720430016517639,0.46623656153678894
YJR149W,YBR111W-A,0,-1.8779337,0.10924024879932404,0.5720430016517639,0.46645161509513855
YGL148W,YHR214W-G,0,-1.8779337,0.10919540375471115,0.5720430016517639,0.46666666865348816
YER053C-A,YML027W,0,-1.8779337,0.10915059596300125,0.5720430016517639,0.46688172221183777
YFR033C,YLR391W-A,0,-1.8779337,0.10910582542419434,0.5720430016517639,0.4670967757701874
YML095C,YJL012C-A,0,-1.8779337,0.1090610921382904,0.5720430016517639,0.467311829328537
YKL155C,YPL189C-A,0,-1.8779337,0.10901639610528946,0.5720430016517639,0.4675268828868866
YDR412W,YDL134C-A,0,-1.8779337,0.1089717298746109,0.5720430016517639,0.4677419364452362
YLL003W,YOR396W,0,-1.8779337,0.10892710834741592,0.5720430016517639,0.4679569900035858
YJR145C,YPL096C-A,0,-1.8779337,0.10888252407312393,0.5720430016517639,0.4681720435619354
YOR338W,YFL035C-A,0,-1.8779337,0.10883796960115433,0.5720430016517639,0.46838709712028503
YBR205W,YOL053C-A,0,-1.8779337,0.10879345238208771,0.5720430016517639,0.46860215067863464
YHL016C,YFL035C-B,0,-1.8779337,0.10874897986650467,0.5720430016517639,0.46881720423698425
YOL132W,YMR268W-A,0,-1.8779337,0.10870453715324402,0.5720430016517639,0.46903225779533386
YBR111W-A,YPL058C,0,-1.8779337,0.10866013169288635,0.5720430016517639,0.46924731135368347
YAR070W-A,YGL147C,0,-1.8779337,0.10861576348543167,0.5720430016517639,0.4694623649120331
YLR154W-C,YDR298C,0,-1.8779337,0.10857142508029938,0.5720430016517639,0.4696774184703827
YGR191W,YBR200W-A,0,-1.8779337,0.10852713137865067,0.5720430016517639,0.4698924720287323
YML012W,YGL258W-A,0,-1.8779337,0.10848286747932434,0.5720430016517639,0.4701075255870819
YAL068C,YLR312C-B,0,-1.8779337,0.1084386482834816,0.5720430016517639,0.4703225791454315
YDR014W-A,YBR160W,0,-1.8779337,0.10839445888996124,0.5720430016517639,0.47053763270378113
YPR154W,YKR095W-A,0,-1.8779337,0.10835030674934387,0.5720430016517639,0.47075268626213074
YFL035C-B,YNL094W,0,-1.8779337,0.10830619186162949,0.5720430016517639,0.47096773982048035
YJR121W,YJL012C-A,0,-1.8779337,0.10826210677623749,0.5720430016517639,0.47118279337882996
YHR129C,YGL258W-A,0,-1.8779337,0.10821806639432907,0.5720430016517639,0.47139784693717957
YOR304W,YFL035C-A,0,-1.8779337,0.10817405581474304,0.5720430016517639,0.4716129004955292
YBL090W,YCL048W-A,0,-1.8779337,0.10813008248806,0.5720430016517639,0.4718279540538788
YNL138W-A,YGR085C,0,-1.8779337,0.10808614641427994,0.5720430016517639,0.4720430076122284
YDL045W-A,YDR014W-A,0,-1.8779337,0.10804224014282227,0.5720430016517639,0.472258061170578
YBL055C,YDL038C,0,-1.8779337,0.10799837857484818,0.5720430016517639,0.4724731147289276
YMR230W,YBL101W-A,0,-1.8779337,0.10795454680919647,0.5720430016517639,0.4726881682872772
YBL005W-B,YDR381C-A,0,-1.8779337,0.10791075229644775,0.5720430016517639,0.47290322184562683
YLR356W,YMR268W-A,0,-1.8779337,0.10786698758602142,0.5720430016517639,0.47311827540397644
YER103W,YAR070W-A,0,-1.8779337,0.10782326757907867,0.5720430016517639,0.47333332896232605
YPL068C,YLR154W-A,0,-1.8779337,0.10777957737445831,0.5720430016517639,0.47354838252067566
YDL038C,YJR060W,0,-1.8779337,0.10773592442274094,0.5720430016517639,0.47376343607902527
YLR337C,YFL035C-B,0,-1.8779337,0.10769230872392654,0.5720430016517639,0.4739784896373749
YFR045W,YGL258W-A,0,-1.8779337,0.10764872282743454,0.5720430016517639,0.4741935431957245
YLR154W-C,YDL036C,0,-1.8779337,0.10760518163442612,0.5720430016517639,0.4744085967540741
YFL018W-A,YPL180W,0,-1.8779337,0.10756166279315948,0.5720430016517639,0.4746236503124237
YLR154W-C,YMR049C,0,-1.8779337,0.10751818865537643,0.5720430016517639,0.4748387038707733
YKL182W,YJL012C-A,0,-1.8779337,0.10747474431991577,0.5720430016517639,0.4750537574291229
YLR312C-B,YGL225W,0,-1.8779337,0.1074313372373581,0.5720430016517639,0.47526881098747253
YHR214W-G,YBR092C,0,-1.8779337,0.1073879674077034,0.5720430016517639,0.47548386454582214
YNL115C,YFL035C-B,0,-1.8779337,0.10734463483095169,0.5720430016517639,0.47569891810417175
YFL011W-A,YOR271C,0,-1.8779337,0.10730133205652237,0.5720430016517639,0.47591397166252136
YBR060C,YLR391W-A,0,-1.8779337,0.10725806653499603,0.5720430016517639,0.47612902522087097
YJL012C-A,YMR075W,0,-1.8779337,0.10721483081579208,0.5720430016517639,0.4763440787792206
YNL068C,YJL012C-A,0,-1.8779337,0.10717163234949112,0.5720430016517639,0.4765591323375702
YLR154W-C,YJR103W,0,-1.8779337,0.10712847113609314,0.5720430016517639,0.4767741858959198
YIL004C,YBR200W-A,0,-1.8779337,0.10708534717559814,0.5720430016517639,0.4769892394542694
YOR216C,YCR029C-A,0,-1.8779337,0.10704225301742554,0.5720430016517639,0.477204293012619
YCL034W,YJR134C,0,-1.8780081,0.10699919611215591,0.5720430016517639,0.47741934657096863
YNR057C,YPL141C,0,-1.8780401,0.10695616900920868,0.5720430016517639,0.47763440012931824
YDR317W,YNL322C,0,-1.8781102,0.10691318660974503,0.5720430016517639,0.47784945368766785
YER025W,YLR256W-A,0,-1.8783603,0.10687022656202316,0.5720430016517639,0.47806450724601746
YMR146C,YKL042W,0,-1.8784115,0.10682731121778488,0.5720430016517639,0.47827956080436707
YDL211C,YKR097W,0,-1.8785214,0.10678442567586899,0.5720430016517639,0.4784946143627167
YFR041C,YBR090C-A,0,-1.8787034,0.10674156993627548,0.5720430016517639,0.4787096679210663
YCL057C-A,YJR127C,0,-1.8787143,0.10669875890016556,0.5720430016517639,0.4789247214794159
YHL004W,YNL284C-A,0,-1.8788888,0.10665597766637802,0.5720430016517639,0.4791397750377655
YLR371W,YCL068C,1,-1.8789034,0.10701403021812439,0.57419353723526,0.4791397750377655
YHL017W,YBR112C,0,-1.8792231,0.10697115212678909,0.57419353723526,0.4793548285961151
YGL210W,YNL062C,0,-1.8792624,0.10692831128835678,0.57419353723526,0.4795698821544647
YLR163C,YGL010W,0,-1.879487,0.10688550770282745,0.57419353723526,0.47978493571281433
YCL024W,YAR044W,0,-1.8797419,0.10684273391962051,0.57419353723526,0.47999998927116394
YBR294W,YJL081C,0,-1.8798032,0.10679999738931656,0.57419353723526,0.48021504282951355
YHR031C,YDR071C,0,-1.8802078,0.10675729811191559,0.57419353723526,0.48043009638786316
YOR155C,YIL138C,0,-1.8806677,0.106714628636837,0.57419353723526,0.48064514994621277
YCR055C,YDR531W,0,-1.8809514,0.10667199641466141,0.57419353723526,0.4808602035045624
YKR019C,YDR465C,0,-1.8810792,0.1066293939948082,0.57419353723526,0.481075257062912
YLR145W,YOL042W,0,-1.8810992,0.10658682882785797,0.57419353723526,0.4812903106212616
YCR038C,YLR371W,1,-1.8811839,0.10694333910942078,0.5763440728187561,0.4812903106212616
YHR033W,YER091C,0,-1.8812752,0.10690067708492279,0.5763440728187561,0.4815053641796112
YMR109W,YBL064C,0,-1.881283,0.10685805231332779,0.5763440728187561,0.4817204177379608
YIL119C,YBR100W,0,-1.8816814,0.10681546479463577,0.5763440728187561,0.4819354712963104
YDL160C,YGL136C,0,-1.8817017,0.10677290707826614,0.5763440728187561,0.48215052485466003
YER185W,YPR097W,0,-1.8817089,0.1067303866147995,0.5763440728187561,0.48236557841300964
YNL281W,YML101C,0,-1.8817902,0.10668789595365524,0.5763440728187561,0.48258063197135925
YOR119C,YAR044W,0,-1.8818333,0.10664544254541397,0.5763440728187561,0.48279568552970886
YKR007W,YBR155W,0,-1.8819854,0.10660302639007568,0.5763440728187561,0.48301073908805847
YKL039W,YLR097C,0,-1.8822227,0.10656063258647919,0.5763440728187561,0.4832257926464081
YAL024C,YNL297C,1,-1.882535,0.10691574215888977,0.5784946084022522,0.4832257926464081
YCR097WB,YLR220W,0,-1.8825619,0.10687325894832611,0.5784946084022522,0.4834408462047577
YER137C-A,YPL200W,0,-1.8825767,0.10683082044124603,0.5784946084022522,0.4836558997631073
YGL229C,YOL105C,0,-1.882652,0.10678841173648834,0.5784946084022522,0.4838709533214569
YNL243W,YKL009W,0,-1.8826675,0.10674603283405304,0.5784946084022522,0.4840860068798065
YDL166C,YBR168W,0,-1.8826687,0.10670369118452072,0.5784946084022522,0.48430106043815613
YOR343W-B,YHR088W,0,-1.8826747,0.10666137933731079,0.5784946084022522,0.4845161437988281
YER036C,YLR337W,0,-1.8827112,0.10661910474300385,0.5784946084022522,0.48473119735717773
YBL013W,YDL082W,0,-1.8827517,0.10657685995101929,0.5784946084022522,0.48494625091552734
YGR083C,YDL247W,0,-1.882786,0.10653465241193771,0.5784946084022522,0.48516130447387695
YKL198C,YMR211W,0,-1.8830011,0.10649247467517853,0.5784946084022522,0.48537635803222656
YCR097WB,YPR002W,0,-1.8830113,0.10645033419132233,0.5784946084022522,0.48559141159057617
YCR035C,YEL017C-A,0,-1.8830957,0.10640823096036911,0.5784946084022522,0.4858064651489258
YNL216W,YDR158W,0,-1.8835347,0.10636615008115768,0.5784946084022522,0.4860215187072754
YNL098C,YDR212W,0,-1.8835602,0.10632411390542984,0.5784946084022522,0.486236572265625
YDL087C,YLR263W,0,-1.8835928,0.10628210008144379,0.5784946084022522,0.4864516258239746
YIL093C,YBR075W,0,-1.8841524,0.10624012351036072,0.5784946084022522,0.4866666793823242
YDR316W-B,YDR427W,0,-1.8842015,0.10619818419218063,0.5784946084022522,0.48688173294067383
YEL032W,YDR448W,0,-1.8842916,0.10615627467632294,0.5784946084022522,0.48709678649902344
YOR117W,YMR142C,0,-1.8844342,0.10611439496278763,0.5784946084022522,0.48731184005737305
YLL016W,YML097C,1,-1.8847146,0.1064668744802475,0.5806451439857483,0.48731184005737305
YLR115W,YCL068C,0,-1.8847301,0.10642491281032562,0.5806451439857483,0.48752689361572266
YOR299W,YGR077C,0,-1.884891,0.10638298094272614,0.5806451439857483,0.48774194717407227
YML129C,YNL239W,0,-1.8849969,0.10634107887744904,0.5806451439857483,0.4879570007324219
YFL002W-A,YOR247W,0,-1.8852723,0.10629921406507492,0.5806451439857483,0.4881720542907715
YOR359W,YCL043C,0,-1.8854997,0.1062573790550232,0.5806451439857483,0.4883871078491211
YOR059C,YDL045C,0,-1.8855369,0.10621558129787445,0.5806451439857483,0.4886021614074707
YJR027W,YER040W,0,-1.8856301,0.1061738133430481,0.5806451439857483,0.4888172149658203
YJL121C,YGR258C,0,-1.885746,0.10613207519054413,0.5806451439857483,0.4890322685241699
YOR369C,YGL126W,0,-1.8858352,0.10609037429094315,0.5806451439857483,0.48924732208251953
YBR264C,YDR414C,0,-1.8858502,0.10604870319366455,0.5806451439857483,0.48946237564086914
YOR308C,YDL069C,0,-1.885932,0.10600706934928894,0.5806451439857483,0.48967742919921875
YJL025W,YJL140W,0,-1.8860877,0.10596546530723572,0.5806451439857483,0.48989248275756836
YMR090W,YCL060C,0,-1.8861475,0.10592389106750488,0.5806451439857483,0.49010753631591797
YGL026C,YMR086W,0,-1.8861687,0.10588235408067703,0.5806451439857483,0.4903225898742676
YCR097WB,YIL133C,0,-1.8863518,0.10584084689617157,0.5806451439857483,0.4905376434326172
YMR218C,YHR008C,0,-1.8863556,0.1057993695139885,0.5806451439857483,0.4907526969909668
YLR215C,YLR404W,0,-1.8864114,0.1057579293847084,0.5806451439857483,0.4909677505493164
YKL039W,YNL251C,0,-1.8866494,0.1057165265083313,0.5806451439857483,0.491182804107666
YMR051C,YDR424C,0,-1.8866832,0.10567514598369598,0.5806451439857483,0.4913978576660156
YKL199C,YDL170W,0,-1.8868079,0.10563380271196365,0.5806451439857483,0.49161291122436523
YLR447C,YER103W,0,-1.8869677,0.10559248924255371,0.5806451439857483,0.49182796478271484
YCR106W,YDR011W,0,-1.8871632,0.10555121302604675,0.5806451439857483,0.49204301834106445
YOR241W,YMR200W,0,-1.8876617,0.10550996661186218,0.5806451439857483,0.49225807189941406
YBR211C,YLR348C,0,-1.8876991,0.10546875,0.5806451439857483,0.49247312545776367
YOL135C,YPL091W,0,-1.8877811,0.1054275706410408,0.5806451439857483,0.4926881790161133
YDR414C,YBR158W,0,-1.8881292,0.1053864136338234,0.5806451439857483,0.4929032325744629
YDL100C,YLR291C,1,-1.888469,0.10573546588420868,0.5827956795692444,0.4929032325744629
YNL243W,YPR137C-A,0,-1.8885348,0.1056942269206047,0.5827956795692444,0.4931182861328125
YJR127C,YHR206W,0,-1.888557,0.10565301775932312,0.5827956795692444,0.4933333396911621
YMR006C,YBL037W,0,-1.8886085,0.10561184585094452,0.5827956795692444,0.4935483932495117
YKR105C,YAL003W,0,-1.8886781,0.1055707037448883,0.5827956795692444,0.49376344680786133
YGR063C,YKR090W,0,-1.8889172,0.10552959144115448,0.5827956795692444,0.49397850036621094
YDR315C,YBR045C,0,-1.8889868,0.10548851639032364,0.5827956795692444,0.49419355392456055
YGL097W,YGR083C,1,-1.8891256,0.10583657771348953,0.5849462151527405,0.49419355392456055
YOR207C,YGR014W,0,-1.8892455,0.10579541325569153,0.5849462151527405,0.49440860748291016
YAL056W,YGR097W,0,-1.8893812,0.10575427860021591,0.5849462151527405,0.49462366104125977
YNR004W,YLL062C,0,-1.8894618,0.10571317374706268,0.5849462151527405,0.4948387145996094
YGL186C,YBR033W,0,-1.889806,0.10567210614681244,0.5849462151527405,0.495053768157959
YNL133C,YHR086W,0,-1.8898568,0.10563106834888458,0.5849462151527405,0.4952688217163086
YDR038C,YLR306W,0,-1.8899806,0.10559006035327911,0.5849462151527405,0.4954838752746582
YFL035C,YIR015W,0,-1.8900154,0.10554908961057663,0.5849462151527405,0.4956989288330078
YLR056W,YJR134C,0,-1.890111,0.10550814867019653,0.5849462151527405,0.4959139823913574
YCR024C,YML018C,0,-1.8905127,0.10546723753213882,0.5849462151527405,0.49612903594970703
YCR053W,YMR267W,0,-1.8905818,0.1054263561964035,0.5849462151527405,0.49634408950805664
YPR188C,YJL110C,0,-1.8906105,0.10538551211357117,0.5849462151527405,0.49655914306640625
YDR210C-C,YOL064C,0,-1.8906834,0.10534469038248062,0.5849462151527405,0.49677419662475586
YBL074C,YPR158C-C,0,-1.8908241,0.10530391335487366,0.5849462151527405,0.49698925018310547
YOR323C,YOL103W-A,0,-1.891042,0.10526315867900848,0.5849462151527405,0.4972043037414551
YGR101W,YNR018W,0,-1.8916528,0.1052224338054657,0.5849462151527405,0.4974193572998047
YOR119C,YGR084C,0,-1.8919904,0.1051817461848259,0.5849462151527405,0.4976344108581543
YPL133C,YCR060W,0,-1.892184,0.10514108836650848,0.5849462151527405,0.4978494644165039
YJL030W,YKR079C,0,-1.8923783,0.10510046035051346,0.5849462151527405,0.4980645179748535
YPL028W,YEL037C,0,-1.8924048,0.10505986958742142,0.5849462151527405,0.4982795715332031
YLR141W,YNL238W,0,-1.8925083,0.10501930862665176,0.5849462151527405,0.49849462509155273
YGL097W,YGR070W,1,-1.8926084,0.10536472499370575,0.5870967507362366,0.49849462509155273
YJR015W,YJL021C,0,-1.8927288,0.10532407462596893,0.5870967507362366,0.49870967864990234
YEL027W,YNL062C,0,-1.8927877,0.1052834540605545,0.5870967507362366,0.49892473220825195
YGR083C,YML097C,1,-1.8928859,0.1056283712387085,0.5892472863197327,0.49892473220825195
YBR009C,YDR150W,0,-1.8935356,0.1055876687169075,0.5892472863197327,0.49913978576660156
YKR036C,YNL073W,0,-1.8935788,0.1055469959974289,0.5892472863197327,0.49935483932495117
YLR410W-A,YOL142W,0,-1.8939354,0.10550635308027267,0.5892472863197327,0.4995698928833008
YFL041W,YNL151C,0,-1.894038,0.10546573996543884,0.5892472863197327,0.4997849464416504
YJL003W,YNL138W,0,-1.894306,0.105425164103508,0.5892472863197327,0.5
YNR043W,YHR020W,0,-1.894726,0.10538461804389954,0.5892472863197327,0.5002150535583496
YLR151C,YHR047C,0,-1.8947468,0.10534410178661346,0.5892472863197327,0.5004301071166992
YIL109C,YER040W,0,-1.8947494,0.10530361533164978,0.5892472863197327,0.5006451606750488
YLR085C,YNL301C,0,-1.8948255,0.10526315867900848,0.5892472863197327,0.5008602142333984
YDR268W,YJL128C,0,-1.8948369,0.10522273182868958,0.5892472863197327,0.501075267791748
YGL089C,YLR410W-B,0,-1.8949671,0.10518234223127365,0.5892472863197327,0.5012903213500977
YNR026C,YDL100C,1,-1.8950424,0.10552570968866348,0.5913978219032288,0.5012903213500977
YFL056C,YJR045C,0,-1.895607,0.1054852306842804,0.5913978219032288,0.5015053749084473
YKL110C,YDR098C-A,0,-1.8957016,0.10544478893280029,0.5913978219032288,0.5017204284667969
YPL001W,YPR128C,0,-1.8958514,0.10540436953306198,0.5913978219032288,0.5019354820251465
YPL092W,YBR297W,0,-1.8959367,0.10536398738622665,0.5913978219032288,0.5021505355834961
YOR240W,YOR340C,0,-1.8961594,0.10532362759113312,0.5913978219032288,0.5023655891418457
YLR039C,YBR131W,1,-1.896178,0.1056661531329155,0.5935483574867249,0.5023655891418457
YNL181W,YOR049C,0,-1.8961992,0.10562571883201599,0.5935483574867249,0.5025806427001953
YPR095C,YML097C,1,-1.896307,0.10596786439418793,0.5956989526748657,0.5025806427001953
YOL116W,YJL216C,0,-1.896491,0.10592734068632126,0.5956989526748657,0.5027956962585449
YKL164C,YPL094C,0,-1.8967676,0.10588684678077698,0.5956989526748657,0.5030107498168945
YKR095W,YJL124C,0,-1.89681,0.10584639012813568,0.5956989526748657,0.5032258033752441
YJR107W,YNL054W-A,0,-1.8970087,0.10580595582723618,0.5956989526748657,0.5034408569335938
YOR330C,YPR155C,0,-1.8971195,0.10576555877923965,0.5956989526748657,0.5036559104919434
YKL119C,YMR235C,0,-1.8972819,0.10572519153356552,0.5956989526748657,0.503870964050293
YGR165W,YJL013C,0,-1.8975031,0.10568485409021378,0.5956989526748657,0.5040860176086426
YDR231C,YLR337W,0,-1.8976817,0.10564454644918442,0.5956989526748657,0.5043010711669922
YLR356W,YMR168C,0,-1.8976889,0.10560426861047745,0.5956989526748657,0.5045161247253418
YBL085W,YKR002W,0,-1.8982613,0.10556402802467346,0.5956989526748657,0.5047311782836914
YJL214W,YDR034C-C,0,-1.8984008,0.10552380979061127,0.5956989526748657,0.504946231842041
YGL229C,YHR201C,0,-1.8984382,0.10548362880945206,0.5956989526748657,0.5051612854003906
YIL128W,YPR118W,0,-1.8984604,0.10544347018003464,0.5956989526748657,0.5053763389587402
YIL009W,YOR243C,0,-1.8988268,0.1054033488035202,0.5956989526748657,0.5055913925170898
YDL179W,YER045C,0,-1.8992028,0.10536325722932816,0.5956989526748657,0.5058064460754395
YCR020C,YOL002C,0,-1.89921,0.1053231954574585,0.5956989526748657,0.5060214996337891
YMR241W,YLR237W,0,-1.9002383,0.10528316348791122,0.5956989526748657,0.5062365531921387
YGR070W,YML097C,1,-1.9005027,0.10562310367822647,0.5978494882583618,0.5062365531921387
YOL138C,YGL021W,0,-1.9005189,0.10558298230171204,0.5978494882583618,0.5064516067504883
YHR073W,YMR136W,0,-1.9010174,0.10554289817810059,0.5978494882583618,0.5066666603088379
YJL006C,YBR150C,0,-1.9010737,0.10550284385681152,0.5978494882583618,0.5068817138671875
YMR004W,YGL205W,0,-1.9012952,0.10546281933784485,0.5978494882583618,0.5070967674255371
YBR175W,YFL002W-B,0,-1.90134,0.10542283207178116,0.5978494882583618,0.5073118209838867
YIL038C,YGL025C,0,-1.9015906,0.10538286715745926,0.5978494882583618,0.5075268745422363
YKL017C,YDR378C,0,-1.9015925,0.10534293204545975,0.5978494882583618,0.5077419281005859
YIR011C,YMR213W,0,-1.9018083,0.10530302673578262,0.5978494882583618,0.5079569816589355
YDL100C,YDR137W,1,-1.9020066,0.10564180463552475,0.6000000238418579,0.5079569816589355
YOL145C,YNL301C,0,-1.9020104,0.10560181736946106,0.6000000238418579,0.5081720352172852
YER093C,YOR260W,1,-1.902374,0.10594022274017334,0.602150559425354,0.5081720352172852
YGL106W,YJL155C,0,-1.9028318,0.10590015351772308,0.602150559425354,0.5083870887756348
YCL050C,YDR005C,0,-1.9031639,0.10586011409759521,0.602150559425354,0.5086021423339844
YDR086C,YML011C,0,-1.9035504,0.10582010447978973,0.602150559425354,0.508817195892334
YER190W,YJR158W,0,-1.9035778,0.10578013211488724,0.602150559425354,0.5090322494506836
YMR100W,YGR283C,0,-1.904011,0.10574018210172653,0.602150559425354,0.5092473030090332
YOL086C,YLR145W,0,-1.9040747,0.10570026189088821,0.602150559425354,0.5094623565673828
YMR308C,YMR008C,0,-1.9043136,0.10566037893295288,0.602150559425354,0.5096774101257324
YPL131W,YGR061C,0,-1.9044354,0.10562051832675934,0.602150559425354,0.509892463684082
YGR295C,YER040W,0,-1.9045544,0.10558069497346878,0.602150559425354,0.5101075172424316
YIL144W,YJL102W,0,-1.9045854,0.10554089397192001,0.602150559425354,0.5103225708007812
YDR292C,YDR508C,0,-1.9045968,0.10550113022327423,0.602150559425354,0.5105376243591309
YJL101C,YML032C,0,-1.9052923,0.10546139627695084,0.602150559425354,0.5107526779174805
YAL019W,YOR389W,0,-1.9053483,0.10542168468236923,0.602150559425354,0.5109677314758301
YNR061C,YLR017W,0,-1.905458,0.10538201034069061,0.602150559425354,0.5111827850341797
YDR238C,YMR204C,0,-1.9055262,0.10534236580133438,0.602150559425354,0.5113978385925293
YCR012W,YCL016C,0,-1.9057736,0.10530274361371994,0.602150559425354,0.5116128921508789
YDR481C,YKL194C,0,-1.9058571,0.10526315867900848,0.602150559425354,0.5118279457092285
YHR211W,YJR010W,0,-1.9058676,0.10522360354661942,0.602150559425354,0.5120429992675781
YPR072W,YDR060W,0,-1.9060729,0.10518407076597214,0.602150559425354,0.5122580528259277
YEL065W,YJL114W,0,-1.9063339,0.10514457523822784,0.602150559425354,0.5124731063842773
YJR149W,YER102W,0,-1.9066601,0.10510510206222534,0.602150559425354,0.512688159942627
YDR038C,YPL121C,0,-1.9067147,0.10506566613912582,0.602150559425354,0.5129032135009766
YIL004C,YPL018W,0,-1.9067523,0.1050262600183487,0.602150559425354,0.5131182670593262
YPL225W,YLR348C,0,-1.9069386,0.10498687624931335,0.602150559425354,0.5133333206176758
YJL006C,YKR083C,0,-1.9070895,0.104947529733181,0.602150559425354,0.5135483741760254
YIL107C,YDR052C,0,-1.9071026,0.10490820556879044,0.602150559425354,0.513763427734375
YNL280C,YIL125W,0,-1.9071069,0.10486891120672226,0.602150559425354,0.5139784812927246
YCL031C,YHR146W,0,-1.907109,0.10482965409755707,0.602150559425354,0.5141935348510742
YNL178W,YLR107W,0,-1.9071903,0.10479041934013367,0.602150559425354,0.5144085884094238
YLL033W,YJR058C,0,-1.907594,0.10475121438503265,0.602150559425354,0.5146236419677734
YPR162C,YDR128W,0,-1.9076757,0.10471203923225403,0.602150559425354,0.514838695526123
YGR080W,YEL022W,0,-1.9077692,0.10467289388179779,0.602150559425354,0.5150537490844727
YDR177W,YGL073W,0,-1.9081352,0.10463377833366394,0.602150559425354,0.5152688026428223
YPL010W,YMR008C,0,-1.9081964,0.10459469258785248,0.602150559425354,0.5154838562011719
YCL047C,YGL136C,0,-1.9086704,0.1045556366443634,0.602150559425354,0.5156989097595215
YGL194C,YPL105C,0,-1.9087222,0.10451661050319672,0.602150559425354,0.5159139633178711
YLR324W,YPR198W,0,-1.9093156,0.10447761416435242,0.602150559425354,0.5161290168762207
YLR264W,YPR171W,0,-1.9093516,0.10443864017724991,0.602150559425354,0.5163440704345703
YCL075W,YMR065W,0,-1.9096026,0.10439970344305038,0.602150559425354,0.5165591239929199
YGL229C,YJL012C,0,-1.9096625,0.10436078906059265,0.602150559425354,0.5167741775512695
YBR058C,YMR074C,0,-1.9097872,0.1043219044804573,0.602150559425354,0.5169892311096191
YOR138C,YIL070C,0,-1.9099295,0.10428305715322495,0.602150559425354,0.5172042846679688
YGR285C,YJL206C,0,-1.91014,0.10424423217773438,0.602150559425354,0.5174193382263184
YDR404C,YNL166C,0,-1.9102571,0.10420543700456619,0.602150559425354,0.517634391784668
YNL130C,YHL038C,0,-1.9103751,0.1041666641831398,0.602150559425354,0.5178494453430176
YER108C,YMR077C,0,-1.9105825,0.1041279286146164,0.602150559425354,0.5180644989013672
YNL223W,YIR015W,0,-1.9107032,0.10408922284841537,0.602150559425354,0.5182795524597168
YNL039W,YMR250W,0,-1.9109759,0.10405053943395615,0.602150559425354,0.5184946060180664
YAL024C,YDR137W,1,-1.9111226,0.10438335686922073,0.6043010950088501,0.5184946060180664
YLL043W,YGL113W,0,-1.9119716,0.10434459894895554,0.6043010950088501,0.518709659576416
YDL100C,YDL091C,0,-1.9124234,0.10430586338043213,0.6043010950088501,0.5189247131347656
YBR096W,YPL206C,0,-1.9124246,0.1042671650648117,0.6043010950088501,0.5191397666931152
YCR036W,YDR545W,0,-1.9125416,0.10422848910093307,0.6043010950088501,0.5193548202514648
YDR011W,YKL179C,0,-1.9130123,0.10418984293937683,0.6043010950088501,0.5195698738098145
YKL009W,YJR082C,0,-1.9131448,0.10415122658014297,0.6043010950088501,0.5197849273681641
YFR005C,YGR143W,0,-1.9133904,0.10411263257265091,0.6043010950088501,0.5199999809265137
YPL060W,YCL004W,0,-1.913516,0.10407407581806183,0.6043010950088501,0.5202150344848633
YHR108W,YIL006W,0,-1.9135294,0.10403554141521454,0.6043010950088501,0.5204300880432129
YBR058C,YPR030W,0,-1.9138305,0.10399703681468964,0.6043010950088501,0.5206451416015625
YDR109C,YNL268W,0,-1.9144561,0.10395856201648712,0.6043010950088501,0.5208601951599121
YIL004C,YGR239C,0,-1.9146194,0.103920117020607,0.6043010950088501,0.5210752487182617
YOR251C,YFR050C,0,-1.9148142,0.10388170182704926,0.6043010950088501,0.5212903022766113
YDR437W,YBL035C,0,-1.9148178,0.1038433089852333,0.6043010950088501,0.5215053558349609
YMR040W,YKL135C,0,-1.9148216,0.10380495339632034,0.6043010950088501,0.5217204093933105
YJL101C,YMR188C,0,-1.9149132,0.10376662015914917,0.6043010950088501,0.5219354629516602
YJL081C,YDR415C,0,-1.9149768,0.10372831672430038,0.6043010950088501,0.5221505165100098
YDR021W,YIL098C,0,-1.9152703,0.10369003564119339,0.6043010950088501,0.5223655700683594
YER140W,YLR357W,0,-1.9155631,0.10365179181098938,0.6043010950088501,0.522580623626709
YNR045W,YDL015C,0,-1.9159305,0.10361357033252716,0.6043010950088501,0.5227956771850586
YOR206W,YPR081C,0,-1.916379,0.10357537865638733,0.6043010950088501,0.5230107307434082
YGL092W,YLL024C,0,-1.916786,0.10353721678256989,0.6043010950088501,0.5232257843017578
YAL031C,YKL218C,0,-1.9169378,0.10349907726049423,0.6043010950088501,0.5234408378601074
YGL200C,YOR304C-A,0,-1.9172451,0.10346097499132156,0.6043010950088501,0.523655891418457
YGL185C,YGL162W,0,-1.917319,0.10342289507389069,0.6043010950088501,0.5238709449768066
YOL112W,YAL041W,0,-1.9174278,0.1033848449587822,0.6043010950088501,0.5240859985351562
YCL068C,YLL048C,0,-1.9175558,0.1033468171954155,0.6043010950088501,0.5243010520935059
YOR143C,YDR309C,0,-1.9175558,0.10330882668495178,0.6043010950088501,0.5245161056518555
YOR079C,YBL112C,0,-1.918134,0.10327085852622986,0.6043010950088501,0.5247311592102051
YHR029C,YPL120W,0,-1.9182258,0.10323292016983032,0.6043010950088501,0.5249462127685547
YJL176C,YJR054W,0,-1.9183056,0.10319500416517258,0.6043010950088501,0.5251612663269043
YKR059W,YJR119C,0,-1.918509,0.10315712541341782,0.6043010950088501,0.5253763198852539
YFR018C,YML058W-A,0,-1.9185259,0.10311926901340485,0.6043010950088501,0.5255913734436035
YJR009C,YOR322C,0,-1.9185338,0.10308143496513367,0.6043010950088501,0.5258064270019531
YLL067C,YDR164C,0,-1.918541,0.10304363816976547,0.6043010950088501,0.5260214805603027
YGR135W,YER100W,0,-1.9186888,0.10300586372613907,0.6043010950088501,0.5262365341186523
YDR247W,YIL147C,0,-1.9190793,0.10296811908483505,0.6043010950088501,0.526451587677002
YLL016W,YLR371W,1,-1.9191763,0.10329670459032059,0.6064516305923462,0.526451587677002
YER185W,YBL014C,0,-1.9193759,0.10325887799263,0.6064516305923462,0.5266666412353516
YLR090W,YMR077C,0,-1.9195368,0.10322108119726181,0.6064516305923462,0.5268816947937012
YLL018C,YML129C,0,-1.9199421,0.103183314204216,0.6064516305923462,0.5270967483520508
YLR227W-A,YLR059C,0,-1.9199789,0.10314557701349258,0.6064516305923462,0.5273118019104004
YDR508C,YJR068W,0,-1.9199829,0.10310786217451096,0.6064516305923462,0.52752685546875
YNL130C,YHR167W,0,-1.9203515,0.10307017713785172,0.6064516305923462,0.5277419090270996
YGR104C,YIL030C,0,-1.9204507,0.10303251445293427,0.6064516305923462,0.5279569625854492
YKR027W,YNL115C,0,-1.9206674,0.1029948890209198,0.6064516305923462,0.5281720161437988
YLR285W,YDR079W,0,-1.9207625,0.10295728594064713,0.6064516305923462,0.5283870697021484
YPR158C-D,YPL193W,0,-1.9208548,0.10291970521211624,0.6064516305923462,0.528602123260498
YLR460C,YBR223C,0,-1.9208679,0.10288216173648834,0.6064516305923462,0.5288171768188477
YDL091C,YDR398W,0,-1.9209211,0.10284464061260223,0.6064516305923462,0.5290322303771973
YCR038C,YLR310C,1,-1.9209423,0.103171706199646,0.6086021661758423,0.5290322303771973
YHR111W,YNL178W,0,-1.9210796,0.10313411056995392,0.6086021661758423,0.5292472839355469
YFR021W,YOR358W,0,-1.9211068,0.10309653729200363,0.6086021661758423,0.5294623374938965
YER072W,YJL021C,0,-1.9211447,0.10305899381637573,0.6086021661758423,0.5296773910522461
YOR120W,YNR013C,0,-1.9216616,0.10302148014307022,0.6086021661758423,0.5298924446105957
YDR086C,YPL121C,0,-1.9217403,0.1029839888215065,0.6086021661758423,0.5301074981689453
YPR187W,YMR292W,0,-1.9218776,0.10294652730226517,0.6086021661758423,0.5303225517272949
YJR031C,YER155C,1,-1.9219213,0.10327272862195969,0.6107527017593384,0.5303225517272949
YOR071C,YKR088C,0,-1.9223859,0.10323518514633179,0.6107527017593384,0.5305376052856445
YLL066C,YER050C,0,-1.9224021,0.10319767147302628,0.6107527017593384,0.5307526588439941
YDR527W,YGR169C,0,-1.9224656,0.10316018760204315,0.6107527017593384,0.5309677124023438
YPR068C,YDL022W,0,-1.9224999,0.10312273353338242,0.6107527017593384,0.5311827659606934
YLR237W,YOR224C,0,-1.9226077,0.10308530181646347,0.6107527017593384,0.5313978791236877
YEL012W,YNL156C,0,-1.922663,0.10304789245128632,0.6107527017593384,0.5316129326820374
YLL043W,YAL035W,0,-1.9228563,0.10301052033901215,0.6107527017593384,0.531827986240387
YFR034C,YJL103C,0,-1.9231324,0.10297317057847977,0.6107527017593384,0.5320430397987366
YKL140W,YMR297W,0,-1.9234343,0.10293584316968918,0.6107527017593384,0.5322580933570862
YLR234W,YDR164C,0,-1.9234924,0.10289855301380157,0.6107527017593384,0.5324731469154358
YIL042C,YDL008W,0,-1.9235084,0.10286128520965576,0.6107527017593384,0.5326882004737854
YAL035W,YER087C-B,0,-1.9235339,0.10282403975725174,0.6107527017593384,0.532903254032135
YBR034C,YLR246W,0,-1.9238019,0.1027868241071701,0.6107527017593384,0.5331183075904846
YJR135C,YHR039C-B,0,-1.9238102,0.10274963825941086,0.6107527017593384,0.5333333611488342
YDR261W-A,YBR006W,0,-1.9240823,0.1027124747633934,0.6107527017593384,0.5335484147071838
YOR343W-A,YPL105C,0,-1.9240887,0.10267534106969833,0.6107527017593384,0.5337634682655334
YML101C,YBR100W,0,-1.9251077,0.10263823717832565,0.6107527017593384,0.5339785218238831
YNL039W,YIL111W,0,-1.9252889,0.10260115563869476,0.6107527017593384,0.5341935753822327
YMR043W,YBR222C,0,-1.9256573,0.10256410390138626,0.6107527017593384,0.5344086289405823
YDL133C-A,YGL095C,0,-1.9257088,0.10252707451581955,0.6107527017593384,0.5346236824989319
YKL126W,YPL173W,0,-1.9261305,0.10249007493257523,0.6107527017593384,0.5348387360572815
YNL261W,YDL109C,0,-1.9262805,0.10245310515165329,0.6107527017593384,0.5350537896156311
YIL087C,YDR473C,0,-1.9265373,0.10241615772247314,0.6107527017593384,0.5352688431739807
YOL107W,YOR269W,0,-1.9267199,0.10237923264503479,0.6107527017593384,0.5354838967323303
YER002W,YJL165C,0,-1.9269764,0.10234234482049942,0.6107527017593384,0.5356989502906799
YIL132C,YLR417W,0,-1.9270158,0.10230547189712524,0.6107527017593384,0.5359140038490295
YMR274C,YDR025W,0,-1.9274688,0.10226863622665405,0.6107527017593384,0.5361290574073792
YLL002W,YGR047C,0,-1.927959,0.10223182290792465,0.6107527017593384,0.5363441109657288
YIL008W,YNL027W,0,-1.9280746,0.10219503194093704,0.6107527017593384,0.5365591645240784
YBR075W,YJR045C,0,-1.9281058,0.10215827077627182,0.6107527017593384,0.536774218082428
YAL024C,YBR131W,1,-1.9281075,0.10248111933469772,0.6129032373428345,0.536774218082428
YJR155W,YGR241C,0,-1.9281771,0.10244428366422653,0.6129032373428345,0.5369892716407776
YOR285W,YOR181W,0,-1.9282708,0.10240747034549713,0.6129032373428345,0.5372043251991272
YOR127W,YDR200C,0,-1.9283531,0.10237068682909012,0.6129032373428345,0.5374193787574768
YBR231C,YPR127W,0,-1.9285364,0.1023339331150055,0.6129032373428345,0.5376344323158264
YKR035W-A,YGR162W,0,-1.9288981,0.10229720175266266,0.6129032373428345,0.537849485874176
YHR148W,YPR137C-A,0,-1.9293559,0.10226049274206161,0.6129032373428345,0.5380645394325256
YFR008W,YDR251W,0,-1.9294186,0.10222381353378296,0.6129032373428345,0.5382795929908752
YDL047W,YGR241C,0,-1.9299808,0.10218716412782669,0.6129032373428345,0.5384946465492249
YMR088C,YOR313C,0,-1.9300947,0.10215053707361221,0.6129032373428345,0.5387097001075745
YGR008C,YGL019W,0,-1.9304538,0.10211393982172012,0.6129032373428345,0.5389247536659241
YCL044C,YMR078C,0,-1.9304636,0.10207736492156982,0.6129032373428345,0.5391398072242737
YMR004W,YOL098C,0,-1.930804,0.10204081982374191,0.6129032373428345,0.5393548607826233
YOR258W,YGL219C,0,-1.9310055,0.10200429707765579,0.6129032373428345,0.5395699143409729
YNL272C,YGR083C,1,-1.9311271,0.10232558101415634,0.6150537729263306,0.5395699143409729
YCR087C-A,YDL216C,0,-1.9311991,0.10228898376226425,0.6150537729263306,0.5397849678993225
YBR168W,YHL038C,0,-1.9312112,0.10225241631269455,0.6150537729263306,0.5400000214576721
YER022W,YPL061W,0,-1.9312546,0.10221587121486664,0.6150537729263306,0.5402150750160217
YDR325W,YLR288C,0,-1.9314358,0.10217934846878052,0.6150537729263306,0.5404301285743713
YDR248C,YOL116W,0,-1.9314373,0.10214285552501678,0.6150537729263306,0.540645182132721
YML099C,YDR159W,0,-1.9314389,0.10210639238357544,0.6150537729263306,0.5408602356910706
YFR041C,YER044C,0,-1.931463,0.10206995159387589,0.6150537729263306,0.5410752892494202
YPL010W,YOL124C,0,-1.9315753,0.10203353315591812,0.6150537729263306,0.5412903428077698
YBR065C,YOR020C,0,-1.9317496,0.10199714452028275,0.6150537729263306,0.5415053963661194
YBL069W,YNL188W,0,-1.9317882,0.10196078568696976,0.6150537729263306,0.541720449924469
YKR050W,YGL222C,0,-1.9318216,0.10192444920539856,0.6150537729263306,0.5419355034828186
YOR393W,YGL111W,0,-1.9321363,0.10188813507556915,0.6150537729263306,0.5421505570411682
YDL200C,YML101C,0,-1.9321692,0.10185185074806213,0.6150537729263306,0.5423656105995178
YDL134C,YIL160C,0,-1.9324474,0.1018155962228775,0.6150537729263306,0.5425806641578674
YFR037C,YGR118W,0,-1.932684,0.10177935659885406,0.6150537729263306,0.542795717716217
YDL208W,YOR270C,0,-1.9327564,0.10174315422773361,0.6150537729263306,0.5430107712745667
YGR027W-B,YPL183W-A,0,-1.9330242,0.10170696675777435,0.6150537729263306,0.5432258248329163
YBR241C,YBR015C,0,-1.933634,0.10167081654071808,0.6150537729263306,0.5434408783912659
YKL088W,YKR038C,0,-1.9336398,0.101634681224823,0.6150537729263306,0.5436559319496155
YOR259C,YBR003W,0,-1.9337144,0.1015985757112503,0.6150537729263306,0.5438709855079651
YDR248C,YHR074W,0,-1.9337194,0.1015625,0.6150537729263306,0.5440860390663147
YJR150C,YMR226C,0,-1.933732,0.10152644664049149,0.6150537729263306,0.5443010926246643
YLR032W,YNL322C,0,-1.9337745,0.10149041563272476,0.6150537729263306,0.5445161461830139
YPR005C,YOR388C,0,-1.9338205,0.10145441442728043,0.6150537729263306,0.5447311997413635
YML120C,YDR439W,0,-1.9338427,0.10141844302415848,0.6150537729263306,0.5449462532997131
YDR117C,YFR016C,0,-1.9340541,0.10138248652219772,0.6150537729263306,0.5451613068580627
YHR106W,YPR055W,0,-1.9341948,0.10134655982255936,0.6150537729263306,0.5453763604164124
YDR337W,YDR378C,0,-1.934802,0.10131066292524338,0.6150537729263306,0.545591413974762
YLR391W,YPL173W,0,-1.9355938,0.10127478837966919,0.6150537729263306,0.5458064675331116
YKL200C,YPR149W,0,-1.9358168,0.10123893618583679,0.6150537729263306,0.5460215210914612
YIL096C,YHR067W,0,-1.936132,0.10120311379432678,0.6150537729263306,0.5462365746498108
YKL119C,YDR204W,0,-1.9367573,0.10116731375455856,0.6150537729263306,0.5464516282081604
YCL044C,YHR165C,0,-1.9367824,0.10113154351711273,0.6150537729263306,0.54666668176651
YJR149W,YGL185C,0,-1.936805,0.10109579563140869,0.6150537729263306,0.5468817353248596
YER093C,YCR038C,1,-1.9368064,0.10141342878341675,0.6172043085098267,0.5468817353248596
YCL064C,YMR195W,0,-1.9368255,0.10137760639190674,0.6172043085098267,0.5470967888832092
YPR067W,YGR170W,0,-1.9368925,0.10134180635213852,0.6172043085098267,0.5473118424415588
YOR306C,YIL113W,0,-1.9369519,0.10130603611469269,0.6172043085098267,0.5475268959999084
YKL051W,YLR075W,0,-1.9369621,0.10127028822898865,0.6172043085098267,0.5477419495582581
YGR029W,YAL038W,0,-1.9373946,0.101234570145607,0.6172043085098267,0.5479570031166077
YGL103W,YBR223C,0,-1.9375362,0.10119887441396713,0.6172043085098267,0.5481720566749573
YIL062C,YPL087W,0,-1.9379044,0.10116320103406906,0.6172043085098267,0.5483871102333069
YLR016C,YDR240C,0,-1.9381042,0.10112755745649338,0.6172043085098267,0.5486021637916565
YKL161C,YBR033W,0,-1.938663,0.10109193623065948,0.6172043085098267,0.5488172173500061
YGL191W,YBR278W,0,-1.9387052,0.10105633735656738,0.6172043085098267,0.5490322709083557
YAL040C,YFR027W,0,-1.938827,0.10102076828479767,0.6172043085098267,0.5492473244667053
YLR426W,YLL014W,0,-1.9389381,0.10098522156476974,0.6172043085098267,0.5494623780250549
YGL259W,YDR176W,0,-1.9390559,0.10094970464706421,0.6172043085098267,0.5496774315834045
YML133C,YER159C-A,0,-1.9392188,0.10091420263051987,0.6172043085098267,0.5498924851417542
YJR131W,YCR038C,0,-1.9392593,0.10087873786687851,0.6172043085098267,0.5501075387001038
YNL242W,YLL014W,0,-1.9395905,0.10084328800439835,0.6172043085098267,0.5503225922584534
YLR467W,YJR121W,0,-1.9396098,0.10080786794424057,0.6172043085098267,0.550537645816803
YGR174C,YOR048C,0,-1.9396176,0.10077247023582458,0.6172043085098267,0.5507526993751526
YPR017C,YNL297C,1,-1.939713,0.10108809918165207,0.6193548440933228,0.5507526993751526
YAL054C,YCL069W,0,-1.939822,0.10105263441801071,0.6193548440933228,0.5509677529335022
YNL111C,YKR075C,0,-1.9400268,0.10101718455553055,0.6193548440933228,0.5511828064918518
YPL274W,YPL115C,0,-1.9400833,0.10098176449537277,0.6193548440933228,0.5513978600502014
YLR310C,YEL022W,1,-1.9401445,0.10129687935113907,0.6215053796768188,0.5513978600502014
YLL017W,YMR153W,0,-1.9405212,0.10126138478517532,0.6215053796768188,0.551612913608551
YHR140W,YDR276C,0,-1.9405303,0.10122592002153397,0.6215053796768188,0.5518279671669006
YPR120C,YKR104W,0,-1.94136,0.1011904776096344,0.6215053796768188,0.5520430207252502
YER123W,YMR188C,0,-1.941397,0.10115505754947662,0.6215053796768188,0.5522580742835999
YML087C,YJL083W,0,-1.9414477,0.10111966729164124,0.6215053796768188,0.5524731278419495
YOR265W,YMR063W,0,-1.9414558,0.10108429193496704,0.6215053796768188,0.5526881814002991
YER133W,YPR019W,0,-1.9416597,0.10104895383119583,0.6215053796768188,0.5529032349586487
YDL166C,YPR134W,0,-1.9417918,0.10101363062858582,0.6215053796768188,0.5531182885169983
YDR353W,YHR138C,0,-1.9419546,0.10097833722829819,0.6215053796768188,0.5533333420753479
YLL017W,YLR291C,1,-1.9420109,0.10129234939813614,0.6236559152603149,0.5533333420753479
YBR107C,YNL284C-A,0,-1.9421785,0.10125698149204254,0.6236559152603149,0.5535483956336975
YLR201C,YGL126W,0,-1.9421885,0.10122164338827133,0.6236559152603149,0.5537634491920471
YMR204C,YER091C,0,-1.9423952,0.10118632018566132,0.6236559152603149,0.5539785027503967
YBR093C,YNL268W,0,-1.942682,0.10115102678537369,0.6236559152603149,0.5541935563087463
YOR193W,YOR156C,0,-1.9427245,0.10111576318740845,0.6236559152603149,0.554408609867096
YPR098C,YML011C,0,-1.942786,0.1010805144906044,0.6236559152603149,0.5546236634254456
YOR260W,YBR131W,1,-1.9428196,0.10139372944831848,0.625806450843811,0.5546236634254456
YAL024C,YGR083C,1,-1.9428525,0.10170672088861465,0.6279569864273071,0.5546236634254456
YJL097W,YLR328W,0,-1.9429042,0.10167130827903748,0.6279569864273071,0.5548387169837952
YDR317W,YGR004W,0,-1.9433613,0.10163591802120209,0.6279569864273071,0.5550537705421448
YGL098W,YHR057C,0,-1.9434872,0.10160055756568909,0.6279569864273071,0.5552688241004944
YDR499W,YOR393W,0,-1.9435563,0.10156521946191788,0.6279569864273071,0.555483877658844
YPL257W-A,YHR086W,0,-1.9439328,0.10152990370988846,0.6279569864273071,0.5556989312171936
YGR103W,YKL158W,0,-1.9440496,0.10149461030960083,0.6279569864273071,0.5559139847755432
YDR513W,YBL005W-B,0,-1.9440963,0.10145934671163559,0.6279569864273071,0.5561290383338928
YDR498C,YLR068W,0,-1.9441094,0.10142410546541214,0.6279569864273071,0.5563440918922424
YBR085W,YJL066C,0,-1.9443738,0.10138888657093048,0.6279569864273071,0.556559145450592
YLR285W,YNL206C,0,-1.944385,0.10135369747877121,0.6279569864273071,0.5567741990089417
YKR036C,YGR212W,0,-1.9445894,0.10131853073835373,0.6279569864273071,0.5569892525672913
YNL239W,YFL011W,0,-1.9446166,0.10128338634967804,0.6279569864273071,0.5572043061256409
YER030W,YPL002C,0,-1.9446554,0.10124826431274414,0.6279569864273071,0.5574193596839905
YNL056W,YPL235W,0,-1.9446809,0.10121317207813263,0.6279569864273071,0.5576344132423401
YIL136W,YJL090C,0,-1.9449813,0.10117810219526291,0.6279569864273071,0.5578494668006897
YER088C,YOL007C,0,-1.9451149,0.10114305466413498,0.6279569864273071,0.5580645203590393
YCR105W,YBL038W,0,-1.9451749,0.10110803693532944,0.6279569864273071,0.5582795739173889
YJR021C,YPL019C,0,-1.9452417,0.10107303410768509,0.6279569864273071,0.5584946274757385
YNL190W,YGR214W,0,-1.9452794,0.10103806108236313,0.6279569864273071,0.5587096810340881
YBR185C,YML012W,0,-1.9455769,0.10100311040878296,0.6279569864273071,0.5589247345924377
YIL140W,YOL149W,0,-1.9456444,0.10096818953752518,0.6279569864273071,0.5591397881507874
YDR038C,YOR291W,0,-1.945945,0.10093328356742859,0.6279569864273071,0.559354841709137
YOR194C,YMR053C,0,-1.9459894,0.10089840739965439,0.6279569864273071,0.5595698952674866
YMR221C,YER164W,0,-1.9460714,0.10086356103420258,0.6279569864273071,0.5597849488258362
YOR143C,YOR177C,0,-1.946075,0.10082872956991196,0.6279569864273071,0.5600000023841858
YER099C,YDR435C,0,-1.9462335,0.10079392790794373,0.6279569864273071,0.5602150559425354
YGR222W,YJL012C,0,-1.9465392,0.10075914114713669,0.6279569864273071,0.560430109500885
YIL051C,YER159C,0,-1.946614,0.10072438418865204,0.6279569864273071,0.5606451630592346
YBR245C,YOR027W,0,-1.9470026,0.10068965703248978,0.6279569864273071,0.5608602166175842
YPR095C,YKR026C,1,-1.9470491,0.10099965333938599,0.6301075220108032,0.5608602166175842
YML043C,YER087C-B,0,-1.9470592,0.10096485167741776,0.6301075220108032,0.5610752701759338
YNR003C,YDR495C,0,-1.9471009,0.10093007236719131,0.6301075220108032,0.5612903237342834
YPL140C,YOL124C,0,-1.9476585,0.10089531540870667,0.6301075220108032,0.5615053772926331
YDR078C,YJL112W,0,-1.9477897,0.1008605882525444,0.6301075220108032,0.5617204308509827
YOR251C,YFR019W,0,-1.9479926,0.10082587599754333,0.6301075220108032,0.5619354844093323
YIR005W,YNL310C,0,-1.9481351,0.10079119354486465,0.6301075220108032,0.5621505379676819
YGL194C,YER087W,0,-1.9482427,0.10075653344392776,0.6301075220108032,0.5623655915260315
YAL031C,YPR119W,0,-1.9483817,0.10072189569473267,0.6301075220108032,0.5625806450843811
YBR185C,YOR233W,0,-1.9484537,0.10068728774785995,0.6301075220108032,0.5627956986427307
YCR038C,YNR026C,1,-1.948467,0.1009962186217308,0.6322580575942993,0.5627956986427307
YHR079C-B,YER171W,0,-1.9485137,0.10096153616905212,0.6322580575942993,0.5630107522010803
YNL135C,YER102W,0,-1.9491534,0.10092687606811523,0.6322580575942993,0.5632258057594299
YLR165C,YLR460C,0,-1.9491577,0.10089224576950073,0.6322580575942993,0.5634408593177795
YJR034W,YLR187W,0,-1.9495871,0.10085763037204742,0.6322580575942993,0.5636559128761292
YMR112C,YDL030W,0,-1.949666,0.1008230447769165,0.6322580575942993,0.5638709664344788
YBL068W,YNL006W,0,-1.9499233,0.10078848153352737,0.6322580575942993,0.5640860199928284
YGL097W,YNR026C,1,-1.9502802,0.10109664499759674,0.6344085931777954,0.5640860199928284
YOR120W,YPL058C,0,-1.9506857,0.10106200724840164,0.6344085931777954,0.564301073551178
YLR385C,YHR009C,0,-1.9507184,0.10102739930152893,0.6344085931777954,0.5645161271095276
YLR371W,YNL297C,1,-1.9508524,0.10133516043424606,0.6365591287612915,0.5645161271095276
YKR103W,YBR028C,0,-1.9508598,0.10130047798156738,0.6365591287612915,0.5647311806678772
YDR304C,YCL060C,0,-1.9509325,0.10126582533121109,0.6365591287612915,0.5649462342262268
YBR222C,YDR164C,0,-1.9511712,0.10123118758201599,0.6365591287612915,0.5651612877845764
YOR046C,YDL245C,0,-1.951592,0.10119657963514328,0.6365591287612915,0.565376341342926
YLL016W,YLL017W,1,-1.9517508,0.10150375962257385,0.6387096643447876,0.565376341342926
YGL092W,YKL004W,0,-1.951793,0.10146908462047577,0.6387096643447876,0.5655913949012756
YPL193W,YBL023C,0,-1.9521985,0.10143442451953888,0.6387096643447876,0.5658064484596252
YML031W,YOL165C,0,-1.9522235,0.10139979422092438,0.6387096643447876,0.5660215020179749
YMR227C,YDR204W,0,-1.9526463,0.10136518627405167,0.6387096643447876,0.5662365555763245
YLR103C,YJL094C,0,-1.9529424,0.10133060067892075,0.6387096643447876,0.5664516091346741
YDL047W,YHR142W,0,-1.9533911,0.10129604488611221,0.6387096643447876,0.5666666626930237
YMR241W,YKR044W,0,-1.9535842,0.10126150399446487,0.6387096643447876,0.5668817162513733
YBR097W,YNL306W,0,-1.95366,0.10122699290513992,0.6387096643447876,0.5670967698097229
YGR070W,YCL068C,1,-1.9537916,0.10153321921825409,0.6408601999282837,0.5670967698097229
YAL030W,YLR172C,0,-1.9538572,0.10149864107370377,0.6408601999282837,0.5673118233680725
YHL028W,YLL017W,0,-1.9555252,0.10146407783031464,0.6408601999282837,0.5675268769264221
YLR343W,YIL113W,0,-1.9557064,0.1014295443892479,0.6408601999282837,0.5677419304847717
YBR066C,YJR098C,0,-1.9558747,0.10139503329992294,0.6408601999282837,0.5679569840431213
YPR047W,YPR118W,0,-1.9560077,0.10136054456233978,0.6408601999282837,0.568172037601471
YAL003W,YER155C,1,-1.956358,0.10166610032320023,0.6430107355117798,0.568172037601471
YDR069C,YBL056W,0,-1.9567506,0.1016315445303917,0.6430107355117798,0.5683870911598206
YOR260W,YCR038C,1,-1.9568894,0.10193680226802826,0.6451612710952759,0.5683870911598206
YJL095W,YJL124C,0,-1.9570789,0.10190217196941376,0.6451612710952759,0.5686021447181702
YMR041C,YHR186C,0,-1.9575927,0.10186757147312164,0.6451612710952759,0.5688171982765198
YPL127C,YMR230W,0,-1.9577818,0.10183299332857132,0.6451612710952759,0.5690322518348694
YER117W,YPR096C,0,-1.9578009,0.10179843753576279,0.6451612710952759,0.569247305393219
YGL096W,YCL069W,0,-1.9584031,0.10176390409469604,0.6451612710952759,0.5694623589515686
YNL268W,YOL065C,0,-1.9584134,0.10172940045595169,0.6451612710952759,0.5696774125099182
YPL113C,YKL119C,0,-1.9585502,0.10169491171836853,0.6451612710952759,0.5698924660682678
YHL019C,YGR282C,0,-1.9586077,0.10166045278310776,0.6451612710952759,0.5701075196266174
YGR070W,YLR291C,1,-1.9586985,0.10196477174758911,0.647311806678772,0.5701075196266174
YOR157C,YEL030W,0,-1.9592721,0.10193023830652237,0.647311806678772,0.570322573184967
YPL259C,YPR158C-C,0,-1.959471,0.10189573466777802,0.647311806678772,0.5705376267433167
YDR047W,YPL019C,0,-1.9595566,0.10186125338077545,0.647311806678772,0.5707526803016663
YKR037C,YLR194C,0,-1.9596112,0.10182679444551468,0.647311806678772,0.5709677338600159
YGR088W,YCL057W,0,-1.9597173,0.1017923578619957,0.647311806678772,0.5711827874183655
YOR260W,YGR070W,1,-1.9597499,0.10209601372480392,0.6494623422622681,0.5711827874183655
YNL061W,YJL189W,0,-1.959863,0.10206151008605957,0.6494623422622681,0.5713978409767151
YGL027C,YHL047C,0,-1.9602776,0.102027028799057,0.6494623422622681,0.5716128945350647
YBR048W,YOR358W,0,-1.9604325,0.10199256986379623,0.6494623422622681,0.5718279480934143
YHR031C,YNL185C,0,-1.9605262,0.10195813328027725,0.6494623422622681,0.5720430016517639
YKR085C,YHL012W,0,-1.960654,0.10192372649908066,0.6494623422622681,0.5722580552101135
YER020W,YOL007C,0,-1.9608061,0.10188934206962585,0.6494623422622681,0.5724731087684631
YDR361C,YJL013C,0,-1.9608355,0.10185497254133224,0.6494623422622681,0.5726881623268127
YML051W,YIL119C,0,-1.9609468,0.10182063281536102,0.6494623422622681,0.5729032158851624
YGL097W,YLR291C,1,-1.9610841,0.10212335735559464,0.6516128778457642,0.5729032158851624
YJL035C,YDR511W,0,-1.9611809,0.10208895057439804,0.6516128778457642,0.573118269443512
YEL065W,YDL179W,0,-1.9612577,0.10205456614494324,0.6516128778457642,0.5733333230018616
YNL231C,YDL051W,0,-1.9613044,0.10202020406723022,0.6516128778457642,0.5735483765602112
YML013W,YJL033W,0,-1.9614742,0.101985864341259,0.6516128778457642,0.5737634301185608
YPR072W,YMR070W,0,-1.9615576,0.10195154696702957,0.6516128778457642,0.5739784836769104
YNL292W,YNL307C,0,-1.9620414,0.10191725194454193,0.6516128778457642,0.57419353723526
YNL161W,YMR127C,0,-1.9620781,0.10188298672437668,0.6516128778457642,0.5744085907936096
YDR402C,YPL141C,0,-1.9621594,0.10184873640537262,0.6516128778457642,0.5746236443519592
YBR169C,YCR038C,0,-1.9622521,0.10181451588869095,0.6516128778457642,0.5748386979103088
YKL001C,YDL247W,0,-1.9623096,0.10178031772375107,0.6516128778457642,0.5750537514686584
YLR042C,YHR012W,0,-1.9627852,0.10174614191055298,0.6516128778457642,0.5752688050270081
YHR064C,YDR103W,0,-1.9627879,0.10171198099851608,0.6516128778457642,0.5754838585853577
YPL281C,YLR017W,0,-1.9628801,0.10167784988880157,0.6516128778457642,0.5756989121437073
YMR274C,YOL140W,0,-1.9630547,0.10164374113082886,0.6516128778457642,0.5759139657020569
YDR229W,YDL113C,0,-1.9633584,0.10160965472459793,0.6516128778457642,0.5761290192604065
YKL028W,YJL172W,0,-1.9633827,0.10157559812068939,0.6516128778457642,0.5763440728187561
YFL054C,YFL023W,0,-1.9634078,0.10154155641794205,0.6516128778457642,0.5765591263771057
YMR109W,YBL007C,0,-1.9634693,0.10150753706693649,0.6516128778457642,0.5767741799354553
YDR284C,YLR328W,0,-1.9636977,0.10147354006767273,0.6516128778457642,0.5769892334938049
YNL306W,YDR389W,0,-1.9638581,0.10143957287073135,0.6516128778457642,0.5772042870521545
YMR035W,YGR029W,0,-1.9639759,0.10140562057495117,0.6516128778457642,0.5774193406105042
YPR158C-D,YBR109C,0,-1.9640515,0.10137169808149338,0.6516128778457642,0.5776343941688538
YMR303C,YER149C,0,-1.9642115,0.10133779048919678,0.6516128778457642,0.5778494477272034
YDR236C,YBR060C,0,-1.964355,0.10130391269922256,0.6516128778457642,0.578064501285553
YJL171C,YBR112C,0,-1.9643755,0.10127004981040955,0.6516128778457642,0.5782795548439026
YAL043C,YGL198W,0,-1.9644535,0.10123621672391891,0.6516128778457642,0.5784946084022522
YJR031C,YEL022W,1,-1.9644661,0.10153640806674957,0.6537634134292603,0.5784946084022522
YOR054C,YAL012W,0,-1.9649234,0.10150250047445297,0.6537634134292603,0.5787096619606018
YMR094W,YOR261C,0,-1.9649551,0.10146862268447876,0.6537634134292603,0.5789247155189514
YBL068W,YBR130C,0,-1.9650879,0.10143476724624634,0.6537634134292603,0.579139769077301
YMR043W,YML016C,0,-1.9653194,0.1014009341597557,0.6537634134292603,0.5793548226356506
YLL017W,YDL100C,1,-1.9653976,0.1017005667090416,0.6559139490127563,0.5793548226356506
YGL016W,YLR432W,0,-1.9656961,0.10166666656732559,0.6559139490127563,0.5795698761940002
YGL206C,YEL020W-A,0,-1.9667044,0.10163278877735138,0.6559139490127563,0.5797849297523499
YDR499W,YLR390W,0,-1.9667277,0.10159893333911896,0.6559139490127563,0.5799999833106995
YER108C,YNR067C,0,-1.9667482,0.10156510025262833,0.6559139490127563,0.5802150368690491
YML013W,YKL002W,0,-1.9669094,0.10153128951787949,0.6559139490127563,0.5804300904273987
YHR143W,YML101C,0,-1.967052,0.10149750113487244,0.6559139490127563,0.5806451439857483
YNR026C,YML097C,1,-1.9672456,0.10179640352725983,0.6580645442008972,0.5806451439857483
YLR023C,YEL040W,0,-1.9675276,0.101762555539608,0.6580645442008972,0.5808601975440979
YDR320C,YGL194C,0,-1.9675765,0.10172872245311737,0.6580645442008972,0.5810752511024475
YAL041W,YAL003W,1,-1.968077,0.10202725231647491,0.6602150797843933,0.5810752511024475
YEL022W,YCL068C,1,-1.9683611,0.10232558101415634,0.6623656153678894,0.5810752511024475
YJL212C,YLR032W,0,-1.9683778,0.10229159891605377,0.6623656153678894,0.5812903046607971
YBR131W,YGR070W,1,-1.9686639,0.10258964449167252,0.6645161509513855,0.5812903046607971
YNR020C,YOL010W,0,-1.9688871,0.10255559533834457,0.6645161509513855,0.5815053582191467
YLR200W,YGL151W,0,-1.9692645,0.10252156853675842,0.6645161509513855,0.5817204117774963
YGR062C,YOR297C,0,-1.9693592,0.10248756408691406,0.6645161509513855,0.581935465335846
YOR116C,YML012W,0,-1.969373,0.10245358198881149,0.6645161509513855,0.5821505188941956
YAL041W,YML097C,1,-1.9694214,0.10275107622146606,0.6666666865348816,0.5821505188941956
YER117W,YDL129W,0,-1.9694946,0.10271703451871872,0.6666666865348816,0.5823655724525452
YPL163C,YLR001C,0,-1.969662,0.10268300771713257,0.6666666865348816,0.5825806260108948
YGL014W,YNR016C,0,-1.9697528,0.10264900326728821,0.6666666865348816,0.5827956795692444
YNL250W,YNL054W-B,0,-1.9698837,0.10261502861976624,0.6666666865348816,0.583010733127594
YNL130C,YNL335W,0,-1.9704762,0.10258106887340546,0.6666666865348816,0.5832257866859436
YKL079W,YLR130C,0,-1.9705179,0.10254713892936707,0.6666666865348816,0.5834408402442932
YPL189W,YDR402C,0,-1.9709473,0.10251322388648987,0.6666666865348816,0.5836558938026428
YKL042W,YIL090W,0,-1.9709535,0.10247933864593506,0.6666666865348816,0.5838709473609924
YNL180C,YNL127W,0,-1.9712458,0.10244547575712204,0.6666666865348816,0.584086000919342
YLR106C,YLR176C,0,-1.9712524,0.10241162776947021,0.6666666865348816,0.5843010544776917
YFR029W,YGL139W,0,-1.9713011,0.10237780958414078,0.6666666865348816,0.5845161080360413
YIL120W,YPL031C,0,-1.9713664,0.10234400629997253,0.6666666865348816,0.5847311615943909
YGR216C,YGR120C,0,-1.9714127,0.10231023281812668,0.6666666865348816,0.5849462151527405
YGL070C,YGR075C,0,-1.9715502,0.10227647423744202,0.6666666865348816,0.5851612687110901
YDR022C,YLR129W,0,-1.9716835,0.10224274545907974,0.6666666865348816,0.5853763222694397
YDR170W-A,YPR110C,0,-1.9720187,0.10220903158187866,0.6666666865348816,0.5855913758277893
YJL156C,YLR086W,0,-1.9720721,0.10217534750699997,0.6666666865348816,0.5858064293861389
YDR273W,YMR043W,0,-1.972122,0.10214167833328247,0.6666666865348816,0.5860214829444885
YDR103W,YKL175W,0,-1.9721243,0.10210803896188736,0.6666666865348816,0.5862365365028381
YKL032C,YIL126W,0,-1.9722722,0.10207441449165344,0.6666666865348816,0.5864515900611877
YIR017C,YDL154W,0,-1.9723582,0.10204081982374191,0.6666666865348816,0.5866666436195374
YLR107W,YML059C,0,-1.9724267,0.10200724005699158,0.6666666865348816,0.586881697177887
YOR279C,YDR013W,0,-1.9728446,0.10197368264198303,0.6666666865348816,0.5870967507362366
YPR131C,YEL030W,0,-1.9729869,0.10194014757871628,0.6666666865348816,0.5873118042945862
YGR165W,YLL035W,0,-1.9729888,0.10190664231777191,0.6666666865348816,0.5875268578529358
YOR272W,YDL017W,0,-1.9731278,0.10187315195798874,0.6666666865348816,0.5877419114112854
YDR170W-A,YHR117W,0,-1.9732254,0.10183968394994736,0.6666666865348816,0.587956964969635
YLR460C,YCR081W,0,-1.9732544,0.10180623829364777,0.6666666865348816,0.5881720185279846
YJR021C,YGR169C,0,-1.9732645,0.10177281498908997,0.6666666865348816,0.5883870720863342
YNL262W,YBR033W,0,-1.9737413,0.10173941403627396,0.6666666865348816,0.5886021256446838
YBR085W,YJR098C,0,-1.9737551,0.10170603543519974,0.6666666865348816,0.5888171792030334
YJR031C,YGR083C,1,-1.9739661,0.1020006537437439,0.6688172221183777,0.5888171792030334
YGL058W,YGR106C,0,-1.9743357,0.1019672155380249,0.6688172221183777,0.5890322327613831
YBR231C,YOR219C,0,-1.9746509,0.1019337922334671,0.6688172221183777,0.5892472863197327
YHL038C,YPL159C,0,-1.9746549,0.10190039128065109,0.6688172221183777,0.5894623398780823
YKL041W,YML040W,0,-1.9749064,0.10186701267957687,0.6688172221183777,0.5896773934364319
YLR251W,YPR137C-B,0,-1.9749422,0.10183366388082504,0.6688172221183777,0.5898924469947815
YBR205W,YOL124C,0,-1.9754863,0.1018003299832344,0.6688172221183777,0.5901075005531311
YJL197W,YDR197W,0,-1.9756374,0.10176701843738556,0.6688172221183777,0.5903225541114807
YOR382W,YDR276C,0,-1.9760325,0.1017337292432785,0.6688172221183777,0.5905376076698303
YNR031C,YLR301W,0,-1.9760609,0.10170045495033264,0.6688172221183777,0.5907526612281799
YLR096W,YHR089C,0,-1.9763427,0.10166721045970917,0.6688172221183777,0.5909677147865295
YOR351C,YOR267C,0,-1.9770706,0.10163398832082748,0.6688172221183777,0.5911827683448792
YLR127C,YBR060C,0,-1.9771807,0.101600781083107,0.6688172221183777,0.5913978219032288
YBR036C,YMR105C,0,-1.9772685,0.10156760364770889,0.6688172221183777,0.5916128754615784
YIL094C,YBR142W,0,-1.9773102,0.10153444111347198,0.6688172221183777,0.591827929019928
YEL022W,YDL100C,1,-1.9774077,0.10182767361402512,0.6709677577018738,0.591827929019928
YNL050C,YJR059W,0,-1.9775455,0.10179445147514343,0.6709677577018738,0.5920429825782776
YLR318W,YPL175W,0,-1.977623,0.10176125168800354,0.6709677577018738,0.5922580361366272
YPL131W,YOR008C,0,-1.9778967,0.10172807425260544,0.6709677577018738,0.5924730896949768
YBR289W,YOL129W,0,-1.9779623,0.10169491171836853,0.6709677577018738,0.5926881432533264
YLR390W-A,YHR035W,0,-1.9786079,0.10166177898645401,0.6709677577018738,0.592903196811676
YNL292W,YDR494W,0,-1.9788136,0.10162866115570068,0.6709677577018738,0.5931182503700256
YGR145W,YOR193W,0,-1.978827,0.10159557312726974,0.6709677577018738,0.5933333039283752
YAL024C,YER155C,1,-1.9788966,0.1018880233168602,0.6731182932853699,0.5933333039283752
YMR050C,YBL091C,0,-1.9789331,0.10185486823320389,0.6731182932853699,0.5935483574867249
YNR071C,YJL124C,0,-1.9791288,0.10182172805070877,0.6731182932853699,0.5937634706497192
YGR274C,YNR070W,0,-1.9792559,0.10178861767053604,0.6731182932853699,0.5939785242080688
YPR096C,YDL154W,0,-1.9796157,0.1017555296421051,0.6731182932853699,0.5941935777664185
YLR020C,YDR120C,0,-1.9798348,0.10172245651483536,0.6731182932853699,0.5944086313247681
YJR031C,YPR095C,1,-1.979995,0.10201429575681686,0.675268828868866,0.5944086313247681
YBR176W,YDR350C,0,-1.9802566,0.10198116302490234,0.675268828868866,0.5946236848831177
YOL043C,YGL205W,0,-1.9802759,0.10194805264472961,0.675268828868866,0.5948387384414673
YDR322W,YIR019C,0,-1.9814637,0.10191496461629868,0.675268828868866,0.5950537919998169
YAL024C,YCL068C,1,-1.9822819,0.10220635682344437,0.6774193644523621,0.5950537919998169
YPR041W,YEL041W,0,-1.9825871,0.10217320919036865,0.6774193644523621,0.5952688455581665
YGR144W,YBR125C,0,-1.982882,0.10214007645845413,0.6774193644523621,0.5954838991165161
YBR162C,YOL154W,0,-1.9830472,0.1021069660782814,0.6774193644523621,0.5956989526748657
YDR392W,YKL205W,0,-1.9832067,0.10207388550043106,0.6774193644523621,0.5959140062332153
YOR193W,YPL103C,0,-1.9833407,0.10204081982374191,0.6774193644523621,0.5961290597915649
YNL272C,YJR031C,1,-1.9833522,0.10233160853385925,0.6795699000358582,0.5961290597915649
YMR075W,YER126C,0,-1.9835181,0.10229847580194473,0.6795699000358582,0.5963441133499146
YLR371W,YLR364W,0,-1.9836898,0.1022653728723526,0.6795699000358582,0.5965591669082642
YFL056C,YBR162C,0,-1.9839003,0.10223228484392166,0.6795699000358582,0.5967742204666138
YOL152W,YDL130W,0,-1.9844344,0.10219922661781311,0.6795699000358582,0.5969892740249634
YJR147W,YLR028C,0,-1.9850554,0.10216618329286575,0.6795699000358582,0.597204327583313
YMR032W,YNL202W,0,-1.9856565,0.10213316231966019,0.6795699000358582,0.5974193811416626
YGR178C,YKL196C,0,-1.9859018,0.10210016369819641,0.6795699000358582,0.5976344347000122
YDR137W,YAR007C,0,-1.9859867,0.10206717997789383,0.6795699000358582,0.5978494882583618
YDL030W,YOR247W,0,-1.9863734,0.10203422605991364,0.6795699000358582,0.5980645418167114
YNR045W,YNL101W,0,-1.9869013,0.10200129449367523,0.6795699000358582,0.598279595375061
YLR343W,YMR179W,0,-1.9872117,0.10196837782859802,0.6795699000358582,0.5984946489334106
YLR426W,YNL032W,0,-1.9873452,0.1019354835152626,0.6795699000358582,0.5987097024917603
YGR072W,YLR247C,0,-1.987607,0.10190261155366898,0.6795699000358582,0.5989247560501099
YPR160W,YDR482C,0,-1.9882789,0.10186976194381714,0.6795699000358582,0.5991398096084595
YCL050C,YDR347W,0,-1.989141,0.10183693468570709,0.6795699000358582,0.5993548631668091
YBR182C,YDL100C,0,-1.9892058,0.10180412232875824,0.6795699000358582,0.5995699167251587
YBR267W,YOR384W,0,-1.9892571,0.10177133977413177,0.6795699000358582,0.5997849702835083
YPL204W,YOR384W,0,-1.9894779,0.1017385721206665,0.6795699000358582,0.6000000238418579
YNL092W,YGL243W,0,-1.9897735,0.10170582681894302,0.6795699000358582,0.6002150774002075
YGR037C,YDR044W,0,-1.9898813,0.10167310386896133,0.6795699000358582,0.6004301309585571
YLR056W,YKR031C,0,-1.9902928,0.10164039582014084,0.6795699000358582,0.6006451845169067
YGL189C,YHR080C,0,-1.9904299,0.10160771757364273,0.6795699000358582,0.6008602380752563
YEL022W,YNL328C,0,-1.9905844,0.10157505422830582,0.6795699000358582,0.601075291633606
YGR235C,YKL028W,0,-1.9913025,0.1015424132347107,0.6795699000358582,0.6012903451919556
YPL226W,YKL189W,0,-1.9913058,0.10150979459285736,0.6795699000358582,0.6015053987503052
YER072W,YMR153W,0,-1.9914911,0.10147719830274582,0.6795699000358582,0.6017204523086548
YER137C,YNL280C,0,-1.9916961,0.10144462436437607,0.6795699000358582,0.6019355058670044
YBR164C,YNL020C,0,-1.9918158,0.10141206532716751,0.6795699000358582,0.602150559425354
YHL031C,YMR215W,0,-1.9919343,0.10137952864170074,0.6795699000358582,0.6023656129837036
YDR369C,YAL008W,0,-1.9919975,0.10134701430797577,0.6795699000358582,0.6025806665420532
YPL105C,YLR099C,0,-1.9925289,0.10131452232599258,0.6795699000358582,0.6027957201004028
YNR050C,YCR020C,0,-1.992537,0.10128205269575119,0.6795699000358582,0.6030107736587524
YGR083C,YLR093C,0,-1.9926982,0.10124959796667099,0.6795699000358582,0.603225827217102
YMR171C,YDR159W,0,-1.9928267,0.10121716558933258,0.6795699000358582,0.6034408807754517
YHR148W,YPL010W,0,-1.993159,0.10118475556373596,0.6795699000358582,0.6036559343338013
YNL079C,YOL018C,0,-1.9932249,0.10115236788988113,0.6795699000358582,0.6038709878921509
YBR041W,YPR174C,0,-1.9932292,0.1011200025677681,0.6795699000358582,0.6040860414505005
YDR072C,YDL135C,0,-1.9933836,0.10108765214681625,0.6795699000358582,0.6043010950088501
YDR315C,YIL140W,0,-1.993845,0.1010553240776062,0.6795699000358582,0.6045161485671997
YNL246W,YBR089C-A,0,-1.9942241,0.10102301836013794,0.6795699000358582,0.6047312021255493
YPL038W,YNL084C,0,-1.994662,0.10099073499441147,0.6795699000358582,0.6049462556838989
YOR145C,YKL028W,0,-1.994715,0.10095846652984619,0.6795699000358582,0.6051613092422485
YPL036W,YDR146C,0,-1.994803,0.1009262204170227,0.6795699000358582,0.6053763628005981
YPL183C,YBL072C,0,-1.9950376,0.10089399665594101,0.6795699000358582,0.6055914163589478
YPL274W,YIL095W,0,-1.9950614,0.1008617952466011,0.6795699000358582,0.6058064699172974
YGR271W,YPL033C,0,-1.9953301,0.1008296087384224,0.6795699000358582,0.606021523475647
YGL259W,YLL050C,0,-1.9954634,0.10079744458198547,0.6795699000358582,0.6062365770339966
YPR105C,YDL243C,0,-1.9964116,0.10076530277729034,0.6795699000358582,0.6064516305923462
YFL025C,YJL130C,0,-1.9965358,0.100733183324337,0.6795699000358582,0.6066666841506958
YDR211W,YDR137W,1,-1.9966357,0.10101975500583649,0.6817204356193542,0.6066666841506958
YAL053W,YJL035C,0,-1.996732,0.10098757594823837,0.6817204356193542,0.6068817377090454
YLR019W,YBL022C,0,-1.9969273,0.10095541179180145,0.6817204356193542,0.607096791267395
YFR038W,YKL026C,0,-1.9969888,0.10092326998710632,0.6817204356193542,0.6073118448257446
YNL286W,YGR205W,0,-1.9973578,0.10089115053415298,0.6817204356193542,0.6075268983840942
YMR230W,YNR010W,0,-1.9974179,0.10085905343294144,0.6817204356193542,0.6077419519424438
YBL091C-A,YOL139C,0,-1.9976091,0.10082697123289108,0.6817204356193542,0.6079570055007935
YAL056W,YGR044C,0,-1.9977837,0.10079491138458252,0.6817204356193542,0.6081720590591431
YGL092W,YOL030W,0,-1.9982376,0.10076287388801575,0.6817204356193542,0.6083871126174927
YNL015W,YJL110C,0,-1.9984093,0.10073085129261017,0.6817204356193542,0.6086021661758423
YBR034C,YDR086C,0,-1.9984579,0.10069885849952698,0.6817204356193542,0.6088172197341919
YMR015C,YLL050C,0,-1.9987977,0.10066688060760498,0.6817204356193542,0.6090322732925415
YOR249C,YNR055C,0,-1.9993434,0.10063491761684418,0.6817204356193542,0.6092473268508911
YBL051C,YDL061C,0,-1.9994485,0.10060298442840576,0.6817204356193542,0.6094623804092407
YDR044W,YHR207C,0,-1.9996798,0.10057106614112854,0.6817204356193542,0.6096774339675903
YGR122W,YOR131C,0,-1.99986,0.10053917020559311,0.6817204356193542,0.6098924875259399
YAL003W,YNL297C,1,-1.9999051,0.10082434862852097,0.6838709712028503,0.6098924875259399
YMR038C,YHL044W,0,-2.000064,0.10079239308834076,0.6838709712028503,0.6101075410842896
YDR211W,YPR017C,1,-2.0001285,0.10107731074094772,0.6860215067863464,0.6101075410842896
YDL082W,YGR081C,0,-2.0004852,0.10104529559612274,0.6860215067863464,0.6103225946426392
YLR175W,YDR002W,0,-2.0006695,0.10101330280303955,0.6860215067863464,0.6105376482009888
YLR024C,YMR145C,0,-2.0009089,0.10098132491111755,0.6860215067863464,0.6107527017593384
YDR023W,YKR071C,0,-2.000995,0.10094936937093735,0.6860215067863464,0.610967755317688
YBR254C,YDR486C,0,-2.0012016,0.10091742873191833,0.6860215067863464,0.6111828088760376
YPL204W,YPR060C,0,-2.0012639,0.10088551789522171,0.6860215067863464,0.6113978624343872
YCL069W,YPR188C,0,-2.001449,0.10085362195968628,0.6860215067863464,0.6116129159927368
YGL236C,YJL035C,0,-2.0015616,0.10082174092531204,0.6860215067863464,0.6118279695510864
YOR219C,YPL135W,0,-2.0018423,0.10078988969326019,0.6860215067863464,0.612043023109436
YNL024C,YLR193C,0,-2.0018857,0.10075805336236954,0.6860215067863464,0.6122580766677856
YGR184C,YJR103W,0,-2.0022,0.10072623938322067,0.6860215067863464,0.6124731302261353
YOR260W,YNL297C,1,-2.0027847,0.10101009905338287,0.6881720423698425,0.6124731302261353
YJL148W,YNL263C,0,-2.0028064,0.10097822546958923,0.6881720423698425,0.6126881837844849
YLR343W,YHR109W,0,-2.002904,0.10094637423753738,0.6881720423698425,0.6129032373428345
YML098W,YOR243C,0,-2.0034368,0.10091453790664673,0.6881720423698425,0.6131182909011841
YIL156W,YJL200C,0,-2.003763,0.10088272392749786,0.6881720423698425,0.6133333444595337
YEL048C,YOR320C,0,-2.0040302,0.10085093230009079,0.6881720423698425,0.6135483980178833
YER104W,YBR291C,0,-2.0040483,0.10081915557384491,0.6881720423698425,0.6137634515762329
YHR108W,YCL003W,0,-2.00409,0.10078740119934082,0.6881720423698425,0.6139785051345825
YHL028W,YLR300W,0,-2.0041246,0.10075566917657852,0.6881720423698425,0.6141935586929321
YLL016W,YCL068C,1,-2.0049527,0.10103871673345566,0.6903225779533386,0.6141935586929321
YLR039C,YGR083C,1,-2.0054445,0.10132158547639847,0.6924731135368347,0.6141935586929321
YOR113W,YNL065W,0,-2.005595,0.10128971189260483,0.6924731135368347,0.6144086122512817
YGR078C,YPL103C,0,-2.0057023,0.10125786066055298,0.6924731135368347,0.6146236658096313
YFL021W,YGL237C,0,-2.0059965,0.10122603178024292,0.6924731135368347,0.614838719367981
YIL083C,YMR118C,0,-2.0063596,0.10119421780109406,0.6924731135368347,0.6150537729263306
YBR276C,YLR419W,0,-2.0065036,0.10116242617368698,0.6924731135368347,0.6152688264846802
YML099C,YLL038C,0,-2.0067692,0.1011306568980217,0.6924731135368347,0.6154838800430298
YMR091C,YNL274C,0,-2.006891,0.10109890252351761,0.6924731135368347,0.6156989336013794
YIL156W,YGL198W,0,-2.006982,0.10106717050075531,0.6924731135368347,0.615913987159729
YNL272C,YAL003W,1,-2.0071187,0.10134923458099365,0.6946236491203308,0.615913987159729
YMR145C,YNL290W,0,-2.00723,0.10131744295358658,0.6946236491203308,0.6161290407180786
YPR026W,YLL061W,0,-2.0078673,0.1012856662273407,0.6946236491203308,0.6163440942764282
YGR199W,YOR357C,0,-2.0080554,0.1012539193034172,0.6946236491203308,0.6165591478347778
YDR012W,YPL111W,0,-2.0081606,0.10122218728065491,0.6946236491203308,0.6167742013931274
YIL156W,YPR047W,0,-2.0082397,0.1011904776096344,0.6946236491203308,0.616989254951477
YBL100W-B,YDR523C,0,-2.008246,0.10115878283977509,0.6946236491203308,0.6172043085098267
YJR160C,YOR291W,0,-2.0082936,0.10112711042165756,0.6946236491203308,0.6174193620681763
YDR253C,YCR053W,0,-2.0086627,0.10109546035528183,0.6946236491203308,0.6176344156265259
YLR004C,YLR096W,0,-2.0089748,0.10106383264064789,0.6946236491203308,0.6178494691848755
YMR307W,YKR069W,0,-2.0091047,0.10103221982717514,0.6946236491203308,0.6180645227432251
YDR087C,YMR026C,0,-2.0092127,0.10100062191486359,0.6946236491203308,0.6182795763015747
YJR015W,YNL248C,0,-2.0092564,0.10096905380487442,0.6946236491203308,0.6184946298599243
YLR010C,YIL042C,0,-2.0099792,0.10093750059604645,0.6946236491203308,0.6187096834182739
YJL171C,YIL047C,0,-2.0101717,0.10090596973896027,0.6946236491203308,0.6189247369766235
YBR034C,YJL143W,0,-2.0106606,0.10087445378303528,0.6946236491203308,0.6191397905349731
YNL054W,YBL041W,0,-2.0106614,0.10084296017885208,0.6946236491203308,0.6193548440933228
YPL186C,YJL005W,0,-2.010845,0.10081148892641068,0.6946236491203308,0.6195698976516724
YOL142W,YDL141W,0,-2.0109394,0.10078003257513046,0.6946236491203308,0.619784951210022
YML028W,YER071C,0,-2.0110476,0.10074859857559204,0.6946236491203308,0.6200000047683716
YMR285C,YDL006W,0,-2.0111873,0.10071717947721481,0.6946236491203308,0.6202150583267212
YDL100C,YBR131W,1,-2.0114489,0.10099750757217407,0.6967741847038269,0.6202150583267212
YMR056C,YML088W,0,-2.0115623,0.10096603631973267,0.6967741847038269,0.6204301118850708
YBR015C,YLR194C,0,-2.0119545,0.10093457996845245,0.6967741847038269,0.6206451654434204
YDR012W,YJL095W,0,-2.01199,0.10090314596891403,0.6967741847038269,0.62086021900177
YEL043W,YPL090C,0,-2.012082,0.1008717343211174,0.6967741847038269,0.6210752725601196
YLL009C,YHR132C,0,-2.0122921,0.10084033757448196,0.6967741847038269,0.6212903261184692
YGR010W,YHR052W,0,-2.0125377,0.10080896317958832,0.6967741847038269,0.6215053796768188
YBR058C-A,YLR067C,0,-2.0127954,0.10077760368585587,0.6967741847038269,0.6217204332351685
YFL033C,YOR085W,0,-2.0132291,0.1007462665438652,0.6967741847038269,0.6219354867935181
YDR179C,YNL016W,0,-2.0135503,0.10071495175361633,0.6967741847038269,0.6221505403518677
YLR460C,YML128C,0,-2.0136032,0.10068365186452866,0.6967741847038269,0.6223655939102173
YMR200W,YGL251C,0,-2.0137908,0.10065237432718277,0.6967741847038269,0.6225806474685669
YLR277C,YLR039C,0,-2.0138369,0.10062111914157867,0.6967741847038269,0.6227957010269165
YLR008C,YGL233W,0,-2.0144207,0.10058987885713577,0.6967741847038269,0.6230107545852661
YOR222W,YFL061W,0,-2.0145068,0.10055866092443466,0.6967741847038269,0.6232258081436157
YLR276C,YPR017C,0,-2.0150678,0.10052745789289474,0.6967741847038269,0.6234408617019653
YHR169W,YDL040C,0,-2.0154004,0.10049627721309662,0.6967741847038269,0.6236559152603149
YIL136W,YIL095W,0,-2.015782,0.10046511888504028,0.6967741847038269,0.6238709688186646
YGL097W,YLL017W,1,-2.0158556,0.10074395686388016,0.698924720287323,0.6238709688186646
YHR014W,YGR274C,0,-2.015956,0.10071273893117905,0.698924720287323,0.6240860223770142
YGR027W-B,YDR243C,0,-2.0161862,0.10068153589963913,0.698924720287323,0.6243010759353638
YGL070C,YJL004C,0,-2.0163395,0.100650355219841,0.698924720287323,0.6245161294937134
YOR037W,YOL142W,0,-2.0163472,0.10061919689178467,0.698924720287323,0.624731183052063
YER086W,YPL026C,0,-2.017231,0.10058805346488953,0.698924720287323,0.6249462366104126
YBL005W,YDR345C,0,-2.0173569,0.10055693238973618,0.698924720287323,0.6251612901687622
YOR332W,YGL061C,0,-2.0174072,0.10052582621574402,0.698924720287323,0.6253763437271118
YDR227W,YGR272C,0,-2.0178106,0.10049474239349365,0.698924720287323,0.6255913972854614
YNR067C,YBR033W,0,-2.0180318,0.10046368092298508,0.698924720287323,0.625806450843811
YMR213W,YMR272C,0,-2.0186172,0.1004326343536377,0.698924720287323,0.6260215044021606
YLR285W,YDL035C,0,-2.0187087,0.1004016101360321,0.698924720287323,0.6262365579605103
YAL016W,YPL019C,0,-2.0191972,0.10037060081958771,0.698924720287323,0.6264516115188599
YOL138C,YKL007W,0,-2.0195153,0.1003396138548851,0.698924720287323,0.6266666650772095
YNL289W,YPL026C,0,-2.0195837,0.10030864179134369,0.698924720287323,0.6268817186355591
YGR083C,YAL003W,1,-2.0197778,0.10058623552322388,0.7010752558708191,0.6268817186355591
YBR261C,YNL049C,0,-2.0198789,0.10055521130561829,0.7010752558708191,0.6270967721939087
YNR032C-A,YEL053C,0,-2.0200102,0.10052420943975449,0.7010752558708191,0.6273118257522583
YHR147C,YDR110W,0,-2.020404,0.10049321502447128,0.7010752558708191,0.6275268793106079
YLR209C,YML005W,0,-2.020607,0.10046225041151047,0.7010752558708191,0.6277419328689575
YAL024C,YEL022W,1,-2.020914,0.10073937475681305,0.7032257914543152,0.6277419328689575
YPL060W,YGL019W,0,-2.0212412,0.10070834308862686,0.7032257914543152,0.6279569864273071
YOR377W,YDL055C,0,-2.021488,0.10067734122276306,0.7032257914543152,0.6281720399856567
YDR513W,YOR142W-A,0,-2.0215209,0.10064635425806046,0.7032257914543152,0.6283870935440063
YOR216C,YGL171W,0,-2.0215228,0.10061538219451904,0.7032257914543152,0.628602147102356
YDR074W,YPL145C,0,-2.0219636,0.10058443248271942,0.7032257914543152,0.6288172006607056
YLR291C,YMR218C,0,-2.0220616,0.10055350512266159,0.7032257914543152,0.6290322542190552
YBR207W,YNL230C,0,-2.0220697,0.10052259266376495,0.7032257914543152,0.6292473077774048
YLR107W,YKL011C,0,-2.022143,0.10049170255661011,0.7032257914543152,0.6294623613357544
YBR114W,YNR010W,0,-2.0225067,0.10046082735061646,0.7032257914543152,0.629677414894104
YHL012W,YPR060C,0,-2.0227182,0.1004299744963646,0.7032257914543152,0.6298924684524536
YDR414C,YER095W,0,-2.022751,0.10039914399385452,0.7032257914543152,0.6301075220108032
YJR027W,YBR050C,0,-2.0231886,0.10036832094192505,0.7032257914543152,0.6303225755691528
YNL107W,YGR020C,0,-2.0236704,0.10033752769231796,0.7032257914543152,0.6305376291275024
YOR101W,YDR362C,0,-2.0237968,0.10030674934387207,0.7032257914543152,0.630752682685852
YHR120W,YKL171W,0,-2.0240548,0.10027598589658737,0.7032257914543152,0.6309677362442017
YLR329W,YNL189W,0,-2.0241363,0.10024524480104446,0.7032257914543152,0.6311827898025513
YLR039C,YAL003W,1,-2.0241966,0.10052099078893661,0.7053763270378113,0.6311827898025513
YDR369C,YDR139C,0,-2.0243022,0.10049019753932953,0.7053763270378113,0.6313978433609009
YER020W,YBL089W,0,-2.0243363,0.10045941919088364,0.7053763270378113,0.6316128969192505
YML099C,YPL148C,0,-2.0243418,0.10042865574359894,0.7053763270378113,0.6318279504776001
YCR052W,YFL049W,0,-2.02444,0.10039792209863663,0.7053763270378113,0.6320430040359497
YCL059C,YLR359W,0,-2.0245068,0.10036719590425491,0.7053763270378113,0.6322580575942993
YLR182W,YJR139C,0,-2.0246189,0.10033649206161499,0.7053763270378113,0.6324731111526489
YGL172W,YLR429W,0,-2.0246303,0.10030581057071686,0.7053763270378113,0.6326881647109985
YLR390W-A,YEL070W,0,-2.0246549,0.10027514398097992,0.7053763270378113,0.6329032182693481
YEL015W,YFL049W,0,-2.0247552,0.10024449974298477,0.7053763270378113,0.6331182718276978
YPR106W,YBR129C,0,-2.0247564,0.10021387040615082,0.7053763270378113,0.6333333253860474
YLR413W,YLR032W,0,-2.024908,0.10018326342105865,0.7053763270378113,0.633548378944397
YOL032W,YHR041C,0,-2.0250692,0.10015267133712769,0.7053763270378113,0.6337634325027466
YLR347C,YPR122W,0,-2.0251753,0.10012210160493851,0.7053763270378113,0.6339784860610962
YNR071C,YML101C,0,-2.0252907,0.10009154677391052,0.7053763270378113,0.6341935396194458
YKR009C,YHL040C,0,-2.0253062,0.10006101429462433,0.7053763270378113,0.6344085931777954
YEL022W,YDR137W,1,-2.025506,0.10033547133207321,0.7075268626213074,0.6344085931777954
YLR425W,YER155C,1,-2.0256348,0.10060975700616837,0.7096773982048035,0.6344085931777954
YGR238C,YGL018C,0,-2.0259192,0.10057909041643143,0.7096773982048035,0.634623646736145
YML067C,YCL043C,0,-2.0260682,0.10054844617843628,0.7096773982048035,0.6348387002944946
YLR039C,YLL017W,1,-2.0261576,0.10082241892814636,0.7118279337882996,0.6348387002944946
YBR289W,YNR059W,0,-2.02761,0.10079171508550644,0.7118279337882996,0.6350537538528442
YNL084C,YDL069C,0,-2.0277874,0.1007610335946083,0.7118279337882996,0.6352688074111938
YLR310C,YCL068C,1,-2.0279074,0.10103469341993332,0.7139784693717957,0.6352688074111938
YGL058W,YMR195W,0,-2.0280688,0.10100395232439041,0.7139784693717957,0.6354838609695435
YER062C,YOL067C,0,-2.0285196,0.1009732335805893,0.7139784693717957,0.6356989145278931
YDL102W,YOR070C,0,-2.0287771,0.10094253718852997,0.7139784693717957,0.6359139680862427
YIR025W,YMR201C,0,-2.0289276,0.10091185569763184,0.7139784693717957,0.6361290216445923
YLR265C,YGR143W,0,-2.0289545,0.1008811891078949,0.7139784693717957,0.6363440752029419
YDR046C,YLR293C,0,-2.0289783,0.10085054486989975,0.7139784693717957,0.6365591287612915
YLR310C,YAL003W,1,-2.029363,0.10112359374761581,0.7161290049552917,0.6365591287612915
YNL202W,YMR226C,0,-2.0295231,0.10109289735555649,0.7161290049552917,0.6367741823196411
YML095C,YML067C,0,-2.029754,0.10106221586465836,0.7161290049552917,0.6369892358779907
YPL254W,YPL225W,0,-2.0298762,0.10103155672550201,0.7161290049552917,0.6372042894363403
YLR197W,YHR114W,0,-2.029925,0.10100091248750687,0.7161290049552917,0.6374193429946899
YNR060W,YHR008C,0,-2.0299618,0.10097028315067291,0.7161290049552917,0.6376343965530396
YBR112C,YGL246C,0,-2.030621,0.10093967616558075,0.7161290049552917,0.6378494501113892
YBR231C,YER091C,0,-2.0310366,0.10090909153223038,0.7161290049552917,0.6380645036697388
YLR182W,YBR121C,0,-2.031045,0.1008785218000412,0.7161290049552917,0.6382795572280884
YGL169W,YJL006C,0,-2.0310516,0.10084797441959381,0.7161290049552917,0.638494610786438
YGR276C,YML115C,0,-2.0312743,0.10081744194030762,0.7161290049552917,0.6387096643447876
YOR241W,YHR037W,0,-2.0316477,0.10078692436218262,0.7161290049552917,0.6389247179031372
YOR067C,YDR342C,0,-2.0316703,0.10075642913579941,0.7161290049552917,0.6391397714614868
YNL092W,YDR447C,0,-2.0323591,0.10072595626115799,0.7161290049552917,0.6393548250198364
YJR006W,YKL100C,0,-2.0327113,0.10069549083709717,0.7161290049552917,0.639569878578186
YNL297C,YER155C,1,-2.0332034,0.10096735507249832,0.7182795405387878,0.639569878578186
YLR074C,YJL085W,0,-2.033345,0.10093683749437332,0.7182795405387878,0.6397849321365356
YLR425W,YLR371W,1,-2.0333753,0.10120845586061478,0.7204301357269287,0.6397849321365356
YGR208W,YKL043W,0,-2.0336123,0.1011778935790062,0.7204301357269287,0.6399999856948853
YDR226W,YDR251W,0,-2.0337694,0.10114734619855881,0.7204301357269287,0.6402150392532349
YGL097W,YJR031C,1,-2.0337763,0.10141865164041519,0.7225806713104248,0.6402150392532349
YGL078C,YIL009C-A,0,-2.0339332,0.10138805210590363,0.7225806713104248,0.6404300928115845
YOL124C,YML041C,0,-2.034138,0.10135746747255325,0.7225806713104248,0.6406451463699341
YOR260W,YML097C,1,-2.0344589,0.10162846744060516,0.7247312068939209,0.6406451463699341
YIL112W,YPR184W,0,-2.0348728,0.10159783065319061,0.7247312068939209,0.6408601999282837
YPL151C,YKR099W,0,-2.034901,0.10156720876693726,0.7247312068939209,0.6410752534866333
YER013W,YDR190C,0,-2.0356162,0.10153660923242569,0.7247312068939209,0.6412903070449829
YLR058C,YDR285W,0,-2.0356407,0.10150602459907532,0.7247312068939209,0.6415053606033325
YJL178C,YGL186C,0,-2.0358584,0.10147546231746674,0.7247312068939209,0.6417204141616821
YNL026W,YIR039C,0,-2.036347,0.10144491493701935,0.7247312068939209,0.6419354677200317
YLR134W,YIL170W,0,-2.0364158,0.10141438245773315,0.7247312068939209,0.6421505212783813
YMR150C,YNR007C,0,-2.0366297,0.10138387233018875,0.7247312068939209,0.642365574836731
YIL159W,YPR127W,0,-2.0369875,0.10135338455438614,0.7247312068939209,0.6425806283950806
YDR298C,YBR010W,0,-2.0372643,0.10132291167974472,0.7247312068939209,0.6427956819534302
YAR019C,YIL009C-A,0,-2.037269,0.1012924537062645,0.7247312068939209,0.6430107355117798
YLR014C,YLR079W,0,-2.037344,0.10126201808452606,0.7247312068939209,0.6432257890701294
YOR377W,YOR014W,0,-2.0375762,0.10123159736394882,0.7247312068939209,0.643440842628479
YCR038C,YLR039C,1,-2.0376933,0.10150150209665298,0.726881742477417,0.643440842628479
YPL133C,YOL012C,0,-2.037746,0.10147102922201157,0.726881742477417,0.6436558961868286
YMR023C,YIL096C,0,-2.0378852,0.10144057869911194,0.726881742477417,0.6438709497451782
YNR008W,YBL091C,0,-2.0385535,0.1014101430773735,0.726881742477417,0.6440860033035278
YMR296C,YPL273W,0,-2.0391896,0.10137972235679626,0.726881742477417,0.6443010568618774
YJL214W,YLR385C,0,-2.0397093,0.10134932398796082,0.726881742477417,0.644516110420227
YHR211W,YLR459W,0,-2.039731,0.10131894797086716,0.726881742477417,0.6447311639785767
YLR312W-A,YDR383C,0,-2.0397944,0.1012885794043541,0.726881742477417,0.6449462175369263
YDR515W,YOL042W,0,-2.0400205,0.10125824064016342,0.726881742477417,0.6451612710952759
YOR081C,YDR087C,0,-2.0401697,0.10122790932655334,0.726881742477417,0.6453763246536255
YBR120C,YJL214W,0,-2.0406618,0.10119760781526566,0.726881742477417,0.6455913782119751
YPL131W,YOR242C,0,-2.0407321,0.10116731375455856,0.726881742477417,0.6458064317703247
YBL112C,YGL084C,0,-2.0407746,0.10113704204559326,0.726881742477417,0.6460214853286743
YOR054C,YAR015W,0,-2.0409393,0.10110679268836975,0.726881742477417,0.6462365388870239
YAL024C,YMR173W,0,-2.0410054,0.10107655823230743,0.726881742477417,0.6464515924453735
YKL038W,YBL100W-B,0,-2.0410194,0.10104633867740631,0.726881742477417,0.6466666460037231
YDR105C,YOL151W,0,-2.0411475,0.10101614147424698,0.726881742477417,0.6468816995620728
YEL022W,YNL297C,1,-2.0412385,0.10128473490476608,0.7290322780609131,0.6468816995620728
YDL243C,YDL084W,0,-2.0414898,0.10125447809696198,0.7290322780609131,0.6470967531204224
YLR039C,YAL041W,1,-2.041906,0.10152284055948257,0.7311828136444092,0.6470967531204224
YGR169C,YCL004W,0,-2.0427344,0.10149253904819489,0.7311828136444092,0.647311806678772
YMR087W,YDR361C,0,-2.0429976,0.10146225243806839,0.7311828136444092,0.6475268602371216
YDR211W,YBR131W,1,-2.0433476,0.10173030942678452,0.7333333492279053,0.6475268602371216
YPL010W,YKL129C,0,-2.0434844,0.10169997066259384,0.7333333492279053,0.6477419137954712
YIL039W,YPR118W,0,-2.043614,0.10166964679956436,0.7333333492279053,0.6479569673538208
YIL156W,YLR238W,0,-2.0440078,0.10163934528827667,0.7333333492279053,0.6481720209121704
YNL318C,YDL216C,0,-2.0441217,0.10160905867815018,0.7333333492279053,0.64838707447052
YDR280W,YNR070W,0,-2.0441468,0.10157878696918488,0.7333333492279053,0.6486021280288696
YLR289W,YOR099W,0,-2.04431,0.10154853761196136,0.7333333492279053,0.6488171815872192
YOL042W,YBR297W,0,-2.0446787,0.10151831060647964,0.7333333492279053,0.6490322351455688
YLR176C,YNL258C,0,-2.044904,0.10148809850215912,0.7333333492279053,0.6492472887039185
YER044C-A,YMR312W,0,-2.0449655,0.10145790129899979,0.7333333492279053,0.6494623422622681
YPR017C,YLR291C,1,-2.0451849,0.10172516107559204,0.7354838848114014,0.6494623422622681
YJR031C,YNL297C,1,-2.0452006,0.10199227184057236,0.7376344203948975,0.6494623422622681
YPL177C,YPL153C,0,-2.045297,0.10196194797754288,0.7376344203948975,0.6496773958206177
YER113C,YDR407C,0,-2.0455139,0.10193164646625519,0.7376344203948975,0.6498924493789673
YPR049C,YGR116W,0,-2.0456412,0.10190136730670929,0.7376344203948975,0.6501075029373169
YKR026C,YGR070W,1,-2.0458853,0.10216810554265976,0.7397849559783936,0.6501075029373169
YER093C,YLR371W,1,-2.0460155,0.1024346798658371,0.7419354915618896,0.6501075029373169
YIL013C,YLR295C,0,-2.046192,0.10240427404642105,0.7419354915618896,0.6503225564956665
YDL190C,YPL273W,0,-2.0462627,0.1023738905787468,0.7419354915618896,0.6505376100540161
YDR287W,YOR142W,0,-2.0465138,0.10234351456165314,0.7419354915618896,0.6507526636123657
YGL068W,YMR270C,0,-2.0465553,0.10231316834688187,0.7419354915618896,0.6509677171707153
YIL170W,YMR114C,0,-2.0469468,0.10228283703327179,0.7419354915618896,0.6511827707290649
YKL029C,YLR328W,0,-2.047369,0.1022525206208229,0.7419354915618896,0.6513978242874146
YLR310C,YKR026C,1,-2.0476294,0.10251852124929428,0.7440860271453857,0.6513978242874146
YBR005W,YBR086C,0,-2.0476642,0.10248815268278122,0.7440860271453857,0.6516128778457642
YER174C,YNL189W,0,-2.0477126,0.10245780646800995,0.7440860271453857,0.6518279314041138
YOR340C,YFR049W,0,-2.047835,0.10242747515439987,0.7440860271453857,0.6520429849624634
YLR467W,YBR198C,0,-2.0486825,0.10239715874195099,0.7440860271453857,0.652258038520813
YNL242W,YDR121W,0,-2.0489154,0.1023668646812439,0.7440860271453857,0.6524730920791626
YML129C,YGR169C,0,-2.0494323,0.102336585521698,0.7440860271453857,0.6526881456375122
YOL154W,YOR116C,0,-2.0494676,0.10230632871389389,0.7440860271453857,0.6529031991958618
YLL008W,YNL127W,0,-2.0494695,0.10227608680725098,0.7440860271453857,0.6531182527542114
YLL017W,YCL068C,1,-2.0495448,0.10254137217998505,0.7462365627288818,0.6531182527542114
YPL240C,YDL070W,0,-2.050674,0.10251107811927795,0.7462365627288818,0.653333306312561
YGL089C,YHR010W,0,-2.0511017,0.10248080641031265,0.7462365627288818,0.6535483598709106
YGL085W,YNL173C,0,-2.0514967,0.10245054960250854,0.7462365627288818,0.6537634134292603
YPL058C,YCL035C,0,-2.0515585,0.10242030769586563,0.7462365627288818,0.6539784669876099
YOR260W,YPR017C,1,-2.0519125,0.10268516093492508,0.7483870983123779,0.6539784669876099
YJL081C,YFR018C,0,-2.0522587,0.10265486687421799,0.7483870983123779,0.6541935205459595
YGL107C,YCR030C,0,-2.052618,0.10262459516525269,0.7483870983123779,0.6544085741043091
YHR143W,YDR107C,0,-2.0528312,0.10259433835744858,0.7483870983123779,0.6546236276626587
YKL206C,YKL024C,0,-2.054014,0.10256410390138626,0.7483870983123779,0.6548386812210083
YKL067W,YOR253W,0,-2.0541608,0.10253388434648514,0.7483870983123779,0.6550537347793579
YBR022W,YOR044W,0,-2.0552263,0.10250367969274521,0.7483870983123779,0.6552687883377075
YBR257W,YBR238C,0,-2.055365,0.10247349739074707,0.7483870983123779,0.6554838418960571
YGR138C,YMR127C,0,-2.0553982,0.10244332998991013,0.7483870983123779,0.6556988954544067
YER168C,YBR145W,0,-2.0556502,0.10241318494081497,0.7483870983123779,0.6559139490127563
YKR026C,YML097C,1,-2.0559146,0.10267725586891174,0.750537633895874,0.6559139490127563
YML096W,YNL076W,0,-2.056245,0.10264705866575241,0.750537633895874,0.656129002571106
YBR069C,YPL150W,0,-2.0564857,0.10261687636375427,0.750537633895874,0.6563441157341003
YML101C,YDL065C,0,-2.0565248,0.10258671641349792,0.750537633895874,0.65655916929245
YNL210W,YGL027C,0,-2.0570524,0.10255657136440277,0.750537633895874,0.6567742228507996
YCL029C,YIL009W,0,-2.0570576,0.10252644121646881,0.750537633895874,0.6569892764091492
YEL020W-A,YGL019W,0,-2.057165,0.10249632596969604,0.750537633895874,0.6572043299674988
YGL142C,YOR187W,0,-2.057315,0.10246623307466507,0.750537633895874,0.6574193835258484
YDR245W,YNR020C,0,-2.0574589,0.10243616253137589,0.750537633895874,0.657634437084198
YOR216C,YDR026C,0,-2.0575254,0.1024061068892479,0.750537633895874,0.6578494906425476
YCL069W,YBR125C,0,-2.0581036,0.1023760661482811,0.750537633895874,0.6580645442008972
YHR120W,YJR049C,0,-2.0582814,0.1023460403084755,0.750537633895874,0.6582795977592468
YAL059W,YDL006W,0,-2.0586958,0.10231603682041168,0.750537633895874,0.6584946513175964
YER060W,YGR175C,0,-2.0587687,0.10228604823350906,0.750537633895874,0.658709704875946
YOR269W,YOL007C,0,-2.0590959,0.10225608199834824,0.750537633895874,0.6589247584342957
YFL014W,YDR071C,0,-2.059165,0.1022261306643486,0.750537633895874,0.6591398119926453
YMR094W,YOR388C,0,-2.0593555,0.10219619423151016,0.750537633895874,0.6593548655509949
YOL042W,YCL014W,0,-2.0594044,0.10216627269983292,0.750537633895874,0.6595699191093445
YLR056W,YJL219W,0,-2.0594802,0.10213637351989746,0.750537633895874,0.6597849726676941
YNR006W,YMR075W,0,-2.0595403,0.1021064966917038,0.750537633895874,0.6600000262260437
YPR072W,YEL018W,0,-2.05983,0.10207662731409073,0.750537633895874,0.6602150797843933
YDR248C,YDL205C,0,-2.059936,0.10204678028821945,0.750537633895874,0.6604301333427429
YMR241W,YNL164C,0,-2.060543,0.10201695561408997,0.750537633895874,0.6606451869010925
YLR356W,YLR318W,0,-2.0609982,0.10198713839054108,0.750537633895874,0.6608602404594421
YDL180W,YDL101C,0,-2.060999,0.10195735096931458,0.750537633895874,0.6610752940177917
YDL019C,YMR235C,0,-2.0613716,0.10192757099866867,0.750537633895874,0.6612903475761414
YBR183W,YOR304C-A,0,-2.06179,0.10189781337976456,0.750537633895874,0.661505401134491
YNL146W,YPL026C,0,-2.0620444,0.10186807066202164,0.750537633895874,0.6617204546928406
YJR004C,YMR318C,0,-2.062227,0.10183834284543991,0.750537633895874,0.6619355082511902
YLR093C,YNL178W,0,-2.062638,0.10180863738059998,0.750537633895874,0.6621505618095398
YOR260W,YCL068C,1,-2.062993,0.10207057744264603,0.7526881694793701,0.6621505618095398
YJL156C,YHR132C,0,-2.0633411,0.10204081982374191,0.7526881694793701,0.6623656153678894
YIL118W,YIL079C,0,-2.063862,0.10201107710599899,0.7526881694793701,0.662580668926239
YPR186C,YNR019W,0,-2.0639775,0.10198134928941727,0.7526881694793701,0.6627957224845886
YGR199W,YER151C,0,-2.0641007,0.10195164382457733,0.7526881694793701,0.6630107760429382
YOR148C,YGL220W,0,-2.0645971,0.10192195326089859,0.7526881694793701,0.6632258296012878
YKR026C,YAL041W,1,-2.064602,0.10218340903520584,0.7548387050628662,0.6632258296012878
YPR154W,YMR110C,0,-2.0646362,0.10215366631746292,0.7548387050628662,0.6634408831596375
YKL015W,YBR158W,0,-2.0647151,0.10212394595146179,0.7548387050628662,0.6636559367179871
YJR107W,YPR194C,0,-2.0649235,0.10209424048662186,0.7548387050628662,0.6638709902763367
YGR211W,YGL071W,0,-2.0650065,0.10206455737352371,0.7548387050628662,0.6640860438346863
YAR033W,YHR020W,0,-2.0652158,0.10203488171100616,0.7548387050628662,0.6643010973930359
YPL196W,YGL167C,0,-2.0652533,0.10200522840023041,0.7548387050628662,0.6645161509513855
YNR011C,YIL090W,0,-2.0653536,0.10197559744119644,0.7548387050628662,0.6647312045097351
YNL221C,YJR058C,0,-2.0654414,0.10194597393274307,0.7548387050628662,0.6649462580680847
YAL040C,YBR172C,0,-2.0660908,0.1019163727760315,0.7548387050628662,0.6651613116264343
YDR002W,YBL054W,0,-2.0664043,0.1018867939710617,0.7548387050628662,0.6653763651847839
YKR026C,YBR131W,1,-2.0664873,0.1021474152803421,0.7569892406463623,0.6653763651847839
YBR295W,YLR391W,0,-2.06691,0.10211778432130814,0.7569892406463623,0.6655914187431335
YGL092W,YMR267W,0,-2.0670092,0.10208816826343536,0.7569892406463623,0.6658064723014832
YDR261C,YMR269W,0,-2.0671976,0.10205856710672379,0.7569892406463623,0.6660215258598328
YOR227W,YGL139W,0,-2.0672836,0.102028988301754,0.7569892406463623,0.6662365794181824
YLR067C,YMR118C,0,-2.0674744,0.10199941694736481,0.7569892406463623,0.666451632976532
YKR026C,YPR017C,1,-2.068416,0.102259561419487,0.7591397762298584,0.666451632976532
YMR289W,YGL225W,0,-2.068438,0.10222994536161423,0.7591397762298584,0.6666666865348816
YKR059W,YDL227C,0,-2.068648,0.10220034420490265,0.7591397762298584,0.6668817400932312
YDL085W,YOR147W,0,-2.0688968,0.10217076539993286,0.7591397762298584,0.6670967936515808
YLR384C,YKL090W,0,-2.0691383,0.10214120149612427,0.7591397762298584,0.6673118472099304
YHR029C,YLR040C,0,-2.0692568,0.10211165994405746,0.7591397762298584,0.66752690076828
YPR003C,YHR111W,0,-2.0696537,0.10208212584257126,0.7591397762298584,0.6677419543266296
YKR026C,YLR371W,1,-2.0698974,0.10234171897172928,0.7612903118133545,0.6677419543266296
YGR285C,YBR002C,0,-2.070122,0.10231214016675949,0.7612903118133545,0.6679570078849792
YIL134W,YJL134W,0,-2.0702255,0.1022825762629509,0.7612903118133545,0.6681720614433289
YFR041C,YOR252W,0,-2.070385,0.1022530347108841,0.7612903118133545,0.6683871150016785
YCL068C,YML097C,1,-2.070516,0.10251227021217346,0.7634408473968506,0.6683871150016785
YGL087C,YJR016C,0,-2.070526,0.10248267650604248,0.7634408473968506,0.6686021685600281
YKR026C,YNL297C,1,-2.0705504,0.10274170339107513,0.7655913829803467,0.6686021685600281
YDR412W,YOR306C,0,-2.0708642,0.10271205753087997,0.7655913829803467,0.6688172221183777
YGR223C,YLR025W,0,-2.0712543,0.1026824340224266,0.7655913829803467,0.6690322756767273
YKL117W,YKL191W,0,-2.0712647,0.10265282541513443,0.7655913829803467,0.6692473292350769
YBL034C,YHR099W,0,-2.0713964,0.10262323170900345,0.7655913829803467,0.6694623827934265
YOR136W,YJL170C,0,-2.071828,0.10259366035461426,0.7655913829803467,0.6696774363517761
YER044C,YMR026C,0,-2.0718935,0.10256410390138626,0.7655913829803467,0.6698924899101257
YIR004W,YMR274C,0,-2.0719533,0.10253456234931946,0.7655913829803467,0.6701075434684753
YBL013W,YLR383W,0,-2.0723479,0.10250503569841385,0.7655913829803467,0.670322597026825
YLR312W-A,YCR063W,0,-2.0724182,0.10247553139925003,0.7655913829803467,0.6705376505851746
YEL013W,YKL022C,0,-2.0730488,0.1024460420012474,0.7655913829803467,0.6707527041435242
YAL041W,YLR291C,1,-2.073064,0.102704256772995,0.7677419185638428,0.6707527041435242
YBR196C,YDR464W,0,-2.0737448,0.10267472267150879,0.7677419185638428,0.6709677577018738
YMR022W,YHL025W,0,-2.0740275,0.10264519602060318,0.7677419185638428,0.6711828112602234
YDL111C,YJL033W,0,-2.0741138,0.10261569172143936,0.7677419185638428,0.671397864818573
YJR031C,YDR137W,1,-2.0742147,0.10287356376647949,0.7698924541473389,0.671397864818573
YFR040W,YCR065W,0,-2.0742192,0.1028440073132515,0.7698924541473389,0.6716129183769226
YJR109C,YPL019C,0,-2.0742562,0.10281447321176529,0.7698924541473389,0.6718279719352722
YKR101W,YBL022C,0,-2.0742981,0.10278495401144028,0.7698924541473389,0.6720430254936218
YLR350W,YER090W,0,-2.0746205,0.10275545716285706,0.7698924541473389,0.6722580790519714
YEL051W,YPL231W,0,-2.0753324,0.10272596776485443,0.7698924541473389,0.672473132610321
YGL170C,YDR545W,0,-2.0758836,0.1026965007185936,0.7698924541473389,0.6726881861686707
YPL196W,YLR450W,0,-2.076288,0.10266704857349396,0.7698924541473389,0.6729032397270203
YOL057W,YER091C,0,-2.0764673,0.10263761132955551,0.7698924541473389,0.6731182932853699
YNR074C,YLR008C,0,-2.077037,0.10260819643735886,0.7698924541473389,0.6733333468437195
YGR083C,YNL297C,1,-2.077081,0.10286533087491989,0.772042989730835,0.6733333468437195
YLR103C,YBL031W,0,-2.0773432,0.10283586382865906,0.772042989730835,0.6735484004020691
YDR172W,YDR003W,0,-2.0773637,0.10280641168355942,0.772042989730835,0.6737634539604187
YMR056C,YGL183C,0,-2.078127,0.10277698189020157,0.772042989730835,0.6739785075187683
YGR268C,YLR185W,0,-2.0782068,0.10274756699800491,0.772042989730835,0.6741935610771179
YBR281C,YJL174W,0,-2.0782554,0.10271816700696945,0.772042989730835,0.6744086146354675
YPL174C,YDR444W,0,-2.0783112,0.10268878936767578,0.772042989730835,0.6746236681938171
YGR083C,YBR131W,1,-2.0786107,0.10294537991285324,0.774193525314331,0.6746236681938171
YNL272C,YPR095C,1,-2.0786479,0.10320182889699936,0.7763440608978271,0.6746236681938171
YNL066W,YML027W,0,-2.0788152,0.10317233204841614,0.7763440608978271,0.6748387217521667
YNL131W,YGR281W,0,-2.078853,0.10314285755157471,0.7763440608978271,0.6750537753105164
YCR026C,YDR301W,0,-2.0794337,0.10311339795589447,0.7763440608978271,0.675268828868866
YBR257W,YER148W,0,-2.0794938,0.10308395326137543,0.7763440608978271,0.6754838824272156
YOR383C,YLR459W,0,-2.0797114,0.10305452346801758,0.7763440608978271,0.6756989359855652
YMR243C,YKL168C,0,-2.0798008,0.10302511602640152,0.7763440608978271,0.6759139895439148
YAL041W,YPR017C,1,-2.0800567,0.10328102856874466,0.7784945964813232,0.6759139895439148
YNR011C,YOL071W,0,-2.0803545,0.10325156897306442,0.7784945964813232,0.6761290431022644
YDR259C,YBR029C,0,-2.0804386,0.10322212427854538,0.7784945964813232,0.676344096660614
YKL172W,YGR061C,0,-2.081191,0.10319270193576813,0.7784945964813232,0.6765591502189636
YJL030W,YLR102C,0,-2.081858,0.10316329449415207,0.7784945964813232,0.6767742037773132
YDR315C,YGR026W,0,-2.0819972,0.1031339019536972,0.7784945964813232,0.6769892573356628
YOR045W,YGR177C,0,-2.0820696,0.10310453176498413,0.7784945964813232,0.6772043108940125
YMR035W,YHR085W,0,-2.0824256,0.10307516902685165,0.7784945964813232,0.6774193644523621
YNR043W,YJL174W,0,-2.0824578,0.10304582864046097,0.7784945964813232,0.6776344180107117
YOL030W,YHR170W,0,-2.0824885,0.10301650315523148,0.7784945964813232,0.6778494715690613
YHR001W-A,YER142C,0,-2.0832694,0.10298720002174377,0.7784945964813232,0.6780645251274109
YKL056C,YLR433C,0,-2.0835574,0.10295790433883667,0.7784945964813232,0.6782795786857605
YHL021C,YPL244C,0,-2.083565,0.10292863100767136,0.7784945964813232,0.6784946322441101
YBR271W,YGL163C,0,-2.083745,0.10289937257766724,0.7784945964813232,0.6787096858024597
YHR046C,YPR178W,0,-2.0840142,0.10287013649940491,0.7784945964813232,0.6789247393608093
YLL008W,YNL185C,0,-2.0840576,0.10284090787172318,0.7784945964813232,0.6791397929191589
YLR299W,YOR132W,0,-2.08411,0.10281170159578323,0.7784945964813232,0.6793548464775085
YDR101C,YKL017C,0,-2.0841255,0.10278251022100449,0.7784945964813232,0.6795699000358582
YER093C,YCL068C,1,-2.084163,0.10303718596696854,0.7806451320648193,0.6795699000358582
YJL109C,YJL112W,0,-2.0844936,0.10300794243812561,0.7806451320648193,0.6797849535942078
YDR242W,YER087C-B,0,-2.0848925,0.10297872126102448,0.7806451320648193,0.6800000071525574
YDL184C,YLL038C,0,-2.085228,0.10294951498508453,0.7806451320648193,0.680215060710907
YNL272C,YPR017C,1,-2.0858576,0.10320385545492172,0.7827957272529602,0.680215060710907
YBL047C,YJL005W,0,-2.0858848,0.1031746044754982,0.7827957272529602,0.6804301142692566
YDL030W,YPR184W,0,-2.0858982,0.10314536839723587,0.7827957272529602,0.6806451678276062
YHR111W,YLR145W,0,-2.0859835,0.10311614722013474,0.7827957272529602,0.6808602213859558
YPL043W,YJR054W,0,-2.0862944,0.1030869409441948,0.7827957272529602,0.6810752749443054
YMR270C,YHR146W,0,-2.0865743,0.10305775701999664,0.7827957272529602,0.681290328502655
YER125W,YHR057C,0,-2.0867593,0.10302858799695969,0.7827957272529602,0.6815053820610046
YER020W,YMR194W,0,-2.0868518,0.10299943387508392,0.7827957272529602,0.6817204356193542
YPL154C,YPL036W,0,-2.0868528,0.10297029465436935,0.7827957272529602,0.6819354891777039
YPL171C,YGR144W,0,-2.0869718,0.10294117778539658,0.7827957272529602,0.6821505427360535
YIR011C,YPL206C,0,-2.0870907,0.10291207581758499,0.7827957272529602,0.6823655962944031
YOR393W,YDR019C,0,-2.0872588,0.102882981300354,0.7827957272529602,0.6825806498527527
YOR009W,YKL156W,0,-2.0874445,0.1028539165854454,0.7827957272529602,0.6827957034111023
YLR039C,YCL068C,1,-2.0874476,0.10310734808444977,0.7849462628364563,0.6827957034111023
YLR390W,YNL248C,0,-2.0874596,0.10307822376489639,0.7849462628364563,0.6830107569694519
YML107C,YKR056W,0,-2.0875814,0.10304912179708481,0.7849462628364563,0.6832258105278015
YGL045W,YMR177W,0,-2.0877879,0.10302004218101501,0.7849462628364563,0.6834408640861511
YDR067C,YGR211W,0,-2.0887687,0.10299097001552582,0.7849462628364563,0.6836559176445007
YHR210C,YLR377C,0,-2.0888164,0.10296192020177841,0.7849462628364563,0.6838709712028503
YNL115C,YDR545W,0,-2.0888193,0.1029328852891922,0.7849462628364563,0.6840860247612
YDR109C,YJL190C,0,-2.089342,0.10290386527776718,0.7849462628364563,0.6843010783195496
YGR144W,YGR055W,0,-2.0893853,0.10287486016750336,0.7849462628364563,0.6845161318778992
YGL087C,YOR313C,0,-2.0895464,0.10284586995840073,0.7849462628364563,0.6847311854362488
YGL142C,YDR064W,0,-2.0896235,0.10281690210103989,0.7849462628364563,0.6849462389945984
YLR277C,YPL143W,0,-2.089947,0.10278794914484024,0.7849462628364563,0.685161292552948
YJL041W,YNR032C-A,0,-2.0901444,0.10275901108980179,0.7849462628364563,0.6853763461112976
YBR089C-A,YNL052W,0,-2.0903716,0.10273008793592453,0.7849462628364563,0.6855913996696472
YGL136C,YCL017C,0,-2.090514,0.10270117968320847,0.7849462628364563,0.6858064532279968
YMR205C,YJR094W-A,0,-2.0905893,0.10267229378223419,0.7849462628364563,0.6860215067863464
YOL054W,YMR213W,0,-2.0906744,0.10264342278242111,0.7849462628364563,0.686236560344696
YGR156W,YOR290C,0,-2.0907223,0.10261455923318863,0.7849462628364563,0.6864516139030457
YDL070W,YDR122W,0,-2.091671,0.10258572548627853,0.7849462628364563,0.6866666674613953
YOL098C,YOR252W,0,-2.0920136,0.10255689918994904,0.7849462628364563,0.6868817210197449
YGR029W,YMR298W,0,-2.092215,0.10252808779478073,0.7849462628364563,0.6870967745780945
YJR139C,YLR093C,0,-2.092356,0.10249929875135422,0.7849462628364563,0.6873118281364441
YNL098C,YBL054W,0,-2.0924432,0.1024705246090889,0.7849462628364563,0.6875268816947937
YML052W,YOL140W,0,-2.0924537,0.10244176536798477,0.7849462628364563,0.6877419352531433
YOR019W,YER007C-A,0,-2.0925362,0.10241302102804184,0.7849462628364563,0.6879569888114929
YDL039C,YCL061C,0,-2.0925665,0.1023842915892601,0.7849462628364563,0.6881720423698425
YIL159W,YMR298W,0,-2.0928032,0.10235557705163956,0.7849462628364563,0.6883870959281921
YOL095C,YLR118C,0,-2.0930192,0.1023268848657608,0.7849462628364563,0.6886021494865417
YER014W,YGL212W,0,-2.0931418,0.10229820758104324,0.7849462628364563,0.6888172030448914
YNL290W,YPL058C,0,-2.0933216,0.10226954519748688,0.7849462628364563,0.689032256603241
YBR214W,YNR047W,0,-2.093736,0.1022408977150917,0.7849462628364563,0.6892473101615906
YCR044C,YKR093W,0,-2.093789,0.10221226513385773,0.7849462628364563,0.6894623637199402
YOR002W,YLR459W,0,-2.0943987,0.10218364745378494,0.7849462628364563,0.6896774172782898
YOL112W,YKR097W,0,-2.0944426,0.10215505212545395,0.7849462628364563,0.6898924708366394
YNL078W,YOR269W,0,-2.0945098,0.10212647169828415,0.7849462628364563,0.690107524394989
YHR147C,YGL028C,0,-2.0946343,0.10209789872169495,0.7849462628364563,0.6903225779533386
YOR241W,YOR076C,0,-2.0948205,0.10206934809684753,0.7849462628364563,0.6905376315116882
YNL153C,YCL048W,0,-2.0951302,0.10204081982374191,0.7849462628364563,0.6907526850700378
YKL060C,YJR059W,0,-2.095328,0.10201229900121689,0.7849462628364563,0.6909677386283875
YOR386W,YJL183W,0,-2.095705,0.10198379307985306,0.7849462628364563,0.6911827921867371
YLL017W,YDR137W,1,-2.0957644,0.10223463922739029,0.7870967984199524,0.6911827921867371
YBL008W,YIL090W,0,-2.0960958,0.10220608860254288,0.7870967984199524,0.6913978457450867
YNL181W,YBL025W,0,-2.0962105,0.10217755287885666,0.7870967984199524,0.6916128993034363
YFL045C,YDL085W,0,-2.0963762,0.10214903950691223,0.7870967984199524,0.6918279528617859
YHR205W,YMR159C,0,-2.096463,0.1021205335855484,0.7870967984199524,0.6920430064201355
YLR039C,YLR371W,1,-2.0968761,0.10237099230289459,0.7892473340034485,0.6920430064201355
YCL025C,YOR226C,0,-2.097192,0.10234244167804718,0.7892473340034485,0.6922580599784851
YLR190W,YNL330C,0,-2.0979242,0.10231391340494156,0.7892473340034485,0.6924731135368347
YHR190W,YKL013C,0,-2.0982723,0.10228539258241653,0.7892473340034485,0.6926881670951843
YNL267W,YMR173W,0,-2.098294,0.1022568941116333,0.7892473340034485,0.6929032206535339
YKR085C,YMR306W,0,-2.098994,0.10222841054201126,0.7892473340034485,0.6931182742118835
YDL205C,YBR036C,0,-2.0996244,0.10219994187355042,0.7892473340034485,0.6933333277702332
YHR039C-A,YOR251C,0,-2.099939,0.10217149555683136,0.7892473340034485,0.6935483813285828
YDR217C,YNL091W,0,-2.1001747,0.1021430566906929,0.7892473340034485,0.6937634348869324
YDR427W,YNL055C,0,-2.1005123,0.10211463272571564,0.7892473340034485,0.693978488445282
YDR497C,YOL136C,0,-2.1007507,0.10208623111248016,0.7892473340034485,0.6941935420036316
YPL207W,YER106W,0,-2.1007838,0.10205784440040588,0.7892473340034485,0.6944085955619812
YIL107C,YER045C,0,-2.1009963,0.1020294725894928,0.7892473340034485,0.6946236491203308
YKL041W,YBR066C,0,-2.1011188,0.10200110822916031,0.7892473340034485,0.6948387026786804
YMR308C,YHR010W,0,-2.1012547,0.10197277367115021,0.7892473340034485,0.69505375623703
YPL010W,YIL042C,0,-2.101341,0.1019444465637207,0.7892473340034485,0.6952688097953796
YML011C,YPL280W,0,-2.101415,0.10191613435745239,0.7892473340034485,0.6954838633537292
YPR011C,YOR357C,0,-2.1017723,0.10188783705234528,0.7892473340034485,0.6956989169120789
YNR074C,YHR169W,0,-2.101969,0.10185956209897995,0.7892473340034485,0.6959139704704285
YML085C,YDR019C,0,-2.10241,0.10183130204677582,0.7892473340034485,0.6961290240287781
YOR260W,YLR310C,1,-2.1024485,0.10208044201135635,0.7913978695869446,0.6961290240287781
YER177W,YER127W,0,-2.1025505,0.10205213725566864,0.7913978695869446,0.6963440775871277
YKR071C,YDR038C,0,-2.1028168,0.10202383995056152,0.7913978695869446,0.6965591311454773
YAL024C,YPR095C,1,-2.103002,0.10227272659540176,0.7935484051704407,0.6965591311454773
YOL102C,YDR263C,0,-2.1030715,0.10224439203739166,0.7935484051704407,0.6967741847038269
YJR031C,YCL018W,0,-2.1032286,0.10221606492996216,0.7935484051704407,0.6969892382621765
YPR113W,YPL056C,0,-2.1037416,0.10218776017427444,0.7935484051704407,0.6972042918205261
YNL189W,YGR253C,0,-2.1043022,0.10215947031974792,0.7935484051704407,0.6974193453788757
YDR145W,YPR143W,0,-2.1044242,0.1021311953663826,0.7935484051704407,0.6976343989372253
YHR169W,YMR001C,0,-2.1047232,0.10210293531417847,0.7935484051704407,0.697849452495575
YDR226W,YHL011C,0,-2.104935,0.10207469016313553,0.7935484051704407,0.6980645060539246
YER159C,YMR136W,0,-2.1054165,0.10204645991325378,0.7935484051704407,0.6982795596122742
YPR134W,YCR044C,0,-2.1054485,0.10201824456453323,0.7935484051704407,0.6984946131706238
YDL136W,YHR149C,0,-2.1059115,0.10199005156755447,0.7935484051704407,0.6987096667289734
YDL211C,YEL032W,0,-2.106199,0.10196186602115631,0.7935484051704407,0.698924720287323
YGR145W,YMR210W,0,-2.1063318,0.10193370282649994,0.7935484051704407,0.6991397738456726
YPL224C,YIL125W,0,-2.1063774,0.10190555453300476,0.7935484051704407,0.6993548274040222
YGR286C,YNR045W,0,-2.1063812,0.10187741369009018,0.7935484051704407,0.6995698809623718
YOR175C,YBR067C,0,-2.1064792,0.10184929519891739,0.7935484051704407,0.6997849345207214
YMR172W,YBR260C,0,-2.106536,0.10182119160890579,0.7935484051704407,0.699999988079071
YDR245W,YGR234W,0,-2.1067028,0.10179310292005539,0.7935484051704407,0.7002150416374207
YMR005W,YOR353C,0,-2.1067483,0.10176502913236618,0.7935484051704407,0.7004300951957703
YPR041W,YMR267W,0,-2.1068425,0.10173697024583817,0.7935484051704407,0.7006451487541199
YEL013W,YNL306W,0,-2.1068823,0.10170893371105194,0.7935484051704407,0.7008602023124695
YLR039C,YBL025W,0,-2.107248,0.10168090462684631,0.7935484051704407,0.7010752558708191
YBL085W,YDL036C,0,-2.1074324,0.10165289044380188,0.7935484051704407,0.7012903094291687
YJR126C,YEL070W,0,-2.1074831,0.10162489861249924,0.7935484051704407,0.7015053629875183
YKL040C,YGL219C,0,-2.1075695,0.10159691423177719,0.7935484051704407,0.7017204165458679
YDR498C,YJL221C,0,-2.1079268,0.10156895220279694,0.7935484051704407,0.7019354701042175
YJL059W,YMR115W,0,-2.1081295,0.10154100507497787,0.7935484051704407,0.7021505236625671
YBR212W,YDR495C,0,-2.1082554,0.10151306539773941,0.7935484051704407,0.7023655772209167
YNR017W,YER012W,0,-2.1083813,0.10148514807224274,0.7935484051704407,0.7025806307792664
YOR356W,YPL099C,0,-2.108568,0.10145724564790726,0.7935484051704407,0.702795684337616
YLL013C,YIL006W,0,-2.1085804,0.10142935812473297,0.7935484051704407,0.7030107378959656
YPL177C,YNR010W,0,-2.1089637,0.10140148550271988,0.7935484051704407,0.7032257914543152
YEL069C,YPL017C,0,-2.1093385,0.10137362778186798,0.7935484051704407,0.7034408450126648
YOL127W,YKL094W,0,-2.1097116,0.10134578496217728,0.7935484051704407,0.7036558985710144
YIL142W,YOR383C,0,-2.1104023,0.10131795704364777,0.7935484051704407,0.703870952129364
YGL004C,YDR276C,0,-2.1106877,0.10129014402627945,0.7935484051704407,0.7040860056877136
YIL068C,YPL141C,0,-2.1107647,0.10126234591007233,0.7935484051704407,0.7043010592460632
YBL100W-B,YER087W,0,-2.1110713,0.101234570145607,0.7935484051704407,0.7045161128044128
YBR193C,YPR199C,0,-2.1111062,0.10120680183172226,0.7935484051704407,0.7047311663627625
YJR029W,YGR155W,0,-2.1111758,0.10117904841899872,0.7935484051704407,0.7049462199211121
YDR002W,YNL194C,0,-2.1116545,0.10115131735801697,0.7935484051704407,0.7051612734794617
YKL103C,YOL156W,0,-2.1117482,0.10112359374761581,0.7935484051704407,0.7053763270378113
YFR045W,YDL130W-A,0,-2.1118279,0.10109589248895645,0.7935484051704407,0.7055913805961609
YDR460W,YDR090C,0,-2.1118548,0.10106819868087769,0.7935484051704407,0.7058064341545105
YCR105W,YLR244C,0,-2.11195,0.10104052722454071,0.7935484051704407,0.7060214877128601
YGL097W,YNL272C,1,-2.1122735,0.10128661245107651,0.7956989407539368,0.7060214877128601
YLR310C,YLR371W,1,-2.112429,0.10153256356716156,0.7978494763374329,0.7060214877128601
YIL069C,YIR036C,0,-2.1124544,0.10150478780269623,0.7978494763374329,0.7062365412712097
YFR010W,YMR177W,0,-2.112625,0.10147702693939209,0.7978494763374329,0.7064515948295593
YKL040C,YJL052W,0,-2.1127641,0.10144927352666855,0.7978494763374329,0.7066666483879089
YBR164C,YMR081C,0,-2.1129775,0.1014215424656868,0.7978494763374329,0.7068817019462585
YIL155C,YNL258C,0,-2.1130354,0.10139382630586624,0.7978494763374329,0.7070967555046082
YDR080W,YFR019W,0,-2.1130664,0.10136611759662628,0.7978494763374329,0.7073118090629578
YIL136W,YBR166C,0,-2.113073,0.10133843123912811,0.7978494763374329,0.7075268626213074
YGR234W,YEL062W,0,-2.113445,0.10131075978279114,0.7978494763374329,0.707741916179657
YIL132C,YGR144W,0,-2.1136873,0.10128310322761536,0.7978494763374329,0.7079569697380066
YMR056C,YDR201W,0,-2.1137333,0.10125546157360077,0.7978494763374329,0.7081720232963562
YDR371W,YMR037C,0,-2.113932,0.10122782737016678,0.7978494763374329,0.7083870768547058
YMR287C,YJL134W,0,-2.1139815,0.10120021551847458,0.7978494763374329,0.7086021304130554
YPL269W,YHR020W,0,-2.1149297,0.10117261856794357,0.7978494763374329,0.708817183971405
YDR246W,YJL206C,0,-2.1153176,0.10114503651857376,0.7978494763374329,0.7090322375297546
YML109W,YLR459W,0,-2.1155956,0.10111746937036514,0.7978494763374329,0.7092472910881042
YDR090C,YDR217C,0,-2.1160953,0.10108991712331772,0.7978494763374329,0.7094623446464539
YGR007W,YOL071W,0,-2.1164684,0.10106237977743149,0.7978494763374329,0.7096773982048035
YIL043C,YMR220W,0,-2.1166542,0.10103485733270645,0.7978494763374329,0.7098924517631531
YNL127W,YPL179W,0,-2.1169527,0.10100734978914261,0.7978494763374329,0.7101075053215027
YNL231C,YGL148W,0,-2.1170027,0.10097985714673996,0.7978494763374329,0.7103225588798523
YGR056W,YGR006W,0,-2.117389,0.1009523794054985,0.7978494763374329,0.7105376124382019
YLL018C-A,YDL067C,0,-2.117531,0.10092491656541824,0.7978494763374329,0.7107526659965515
YLR287C-A,YGL128C,0,-2.1177948,0.10089746862649918,0.7978494763374329,0.7109677195549011
YKL005C,YBR067C,0,-2.1179585,0.1008700355887413,0.7978494763374329,0.7111827731132507
YJL035C,YLR068W,0,-2.1185708,0.10084261745214462,0.7978494763374329,0.7113978266716003
YLR310C,YLR039C,1,-2.1185894,0.10108695924282074,0.800000011920929,0.7113978266716003
YER030W,YJL186W,0,-2.1186974,0.10105949640274048,0.800000011920929,0.71161288022995
YBR050C,YJL098W,0,-2.1189194,0.10103204846382141,0.800000011920929,0.7118279337882996
YAR015W,YHL019C,0,-2.1191447,0.10100461542606354,0.800000011920929,0.7120429873466492
YIL167W,YGR003W,0,-2.1197197,0.10097719728946686,0.800000011920929,0.7122580409049988
YJR035W,YHR035W,0,-2.1201384,0.10094979405403137,0.800000011920929,0.7124730944633484
YPL144W,YOR340C,0,-2.1208198,0.10092240571975708,0.800000011920929,0.712688148021698
YLR370C,YOR092W,0,-2.1209629,0.10089503973722458,0.800000011920929,0.7129032015800476
YJR083C,YPL223C,0,-2.1209722,0.10086768120527267,0.800000011920929,0.7131182551383972
YDL133C-A,YDR435C,0,-2.1213624,0.10084033757448196,0.800000011920929,0.7133333086967468
YBR145W,YOR168W,0,-2.1214697,0.10081300884485245,0.800000011920929,0.7135483622550964
YOL165C,YGR001C,0,-2.1216362,0.10078569501638412,0.800000011920929,0.713763415813446
YOL077C,YLR459W,0,-2.1218727,0.100758396089077,0.800000011920929,0.7139784693717957
YOR101W,YBL041W,0,-2.1219225,0.10073111206293106,0.800000011920929,0.7141935229301453
YGR083C,YLR371W,1,-2.1219296,0.10097455233335495,0.802150547504425,0.7141935229301453
YCL008C,YOR388C,0,-2.122875,0.10094722360372543,0.802150547504425,0.7144085764884949
YGR199W,YOR209C,0,-2.1228936,0.10091990977525711,0.802150547504425,0.7146236300468445
YBR251W,YDR045C,0,-2.1233182,0.10089261829853058,0.802150547504425,0.7148386836051941
YDR423C,YMR290C,0,-2.1234012,0.10086533427238464,0.802150547504425,0.7150537371635437
YOR016C,YCR075C,0,-2.123644,0.1008380651473999,0.802150547504425,0.7152687907218933
YNL055C,YFL025C,0,-2.1240659,0.10081081092357635,0.802150547504425,0.7154838442802429
YCL018W,YMR300C,0,-2.1243124,0.100783571600914,0.802150547504425,0.7156988978385925
YLR330W,YDR498C,0,-2.1251452,0.10075634717941284,0.802150547504425,0.7159139513969421
YMR156C,YDR074W,0,-2.125512,0.10072913765907288,0.802150547504425,0.7161290049552917
YLR023C,YGL222C,0,-2.1255286,0.1007019430398941,0.802150547504425,0.7163440585136414
YDR297W,YDL160C,0,-2.1260889,0.10067476332187653,0.802150547504425,0.716559112071991
YOL129W,YDR435C,0,-2.1261702,0.10064759850502014,0.802150547504425,0.7167741656303406
YLR292C,YLR286C,0,-2.1264536,0.10062044858932495,0.802150547504425,0.7169892191886902
YMR296C,YOR297C,0,-2.1272092,0.10059331357479095,0.802150547504425,0.7172042727470398
YDL166C,YAR035W,0,-2.127248,0.10056619346141815,0.802150547504425,0.7174193263053894
YOL012C,YML100W,0,-2.1272633,0.10053908079862595,0.802150547504425,0.717634379863739
YEL015W,YKR052C,0,-2.1276596,0.10051199048757553,0.802150547504425,0.7178494334220886
YCR016W,YCR053W,0,-2.12831,0.10048491507768631,0.802150547504425,0.7180644869804382
YCL069W,YDR262W,0,-2.1283681,0.10045784711837769,0.802150547504425,0.7182795405387878
YEL048C,YEL027W,0,-2.1287785,0.10043080151081085,0.802150547504425,0.7184945940971375
YBR120C,YPL273W,0,-2.1288118,0.10040377080440521,0.802150547504425,0.7187096476554871
YAL003W,YML097C,1,-2.128982,0.10064585506916046,0.8043010830879211,0.7187096476554871
YIL019W,YER090W,0,-2.1294615,0.10061877965927124,0.8043010830879211,0.7189247608184814
YIL148W,YOR009W,0,-2.1297243,0.10059171915054321,0.8043010830879211,0.719139814376831
YLL029W,YJL170C,0,-2.1298294,0.10056466609239578,0.8043010830879211,0.7193548679351807
YMR051C,YPR125W,0,-2.1300504,0.10053763538599014,0.8043010830879211,0.7195699214935303
YOR008C,YNR019W,0,-2.1300797,0.1005106121301651,0.8043010830879211,0.7197849750518799
YML116W,YOR271C,0,-2.130263,0.10048361122608185,0.8043010830879211,0.7200000286102295
YNL207W,YDL164C,0,-2.1309302,0.1004566177725792,0.8043010830879211,0.7202150821685791
YBR072W,YPL120W,0,-2.1316626,0.10042964667081833,0.8043010830879211,0.7204301357269287
YJR140C,YLR032W,0,-2.1316788,0.10040268301963806,0.8043010830879211,0.7206451892852783
YMR186W,YDR200C,0,-2.132282,0.10037574172019958,0.8043010830879211,0.7208602428436279
YBR192W,YGL231C,0,-2.1324759,0.1003488078713417,0.8043010830879211,0.7210752964019775
YDR497C,YFR032C-A,0,-2.1326053,0.10032188892364502,0.8043010830879211,0.7212903499603271
YDL033C,YPL130W,0,-2.1329637,0.10029498487710953,0.8043010830879211,0.7215054035186768
YIL132C,YCR046C,0,-2.1336744,0.10026809573173523,0.8043010830879211,0.7217204570770264
YPL075W,YCR060W,0,-2.1338537,0.10024122148752213,0.8043010830879211,0.721935510635376
YLR039C,YML097C,1,-2.1343148,0.10048231482505798,0.8064516186714172,0.721935510635376
YLL024C,YHL047C,0,-2.1343226,0.1004553958773613,0.8064516186714172,0.7221505641937256
YKL164C,YPR070W,0,-2.1343887,0.1004284918308258,0.8064516186714172,0.7223656177520752
YDL019C,YKL061W,0,-2.13459,0.1004016101360321,0.8064516186714172,0.7225806713104248
YLR130C,YGL040C,0,-2.1346614,0.100374735891819,0.8064516186714172,0.7227957248687744
YPR049C,YDR379W,0,-2.1347115,0.10034786909818649,0.8064516186714172,0.723010778427124
YER093C,YLR425W,1,-2.135339,0.10058855265378952,0.8086021542549133,0.723010778427124
YGR054W,YGL178W,0,-2.1355903,0.10056164860725403,0.8086021542549133,0.7232258319854736
YNL051W,YJL065C,0,-2.1357517,0.10053475946187973,0.8086021542549133,0.7234408855438232
YML085C,YPR148C,0,-2.135771,0.10050788521766663,0.8086021542549133,0.7236559391021729
YKL166C,YOR353C,0,-2.135778,0.10048102587461472,0.8086021542549133,0.7238709926605225
YBR093C,YGR003W,0,-2.13598,0.100454181432724,0.8086021542549133,0.7240860462188721
YBR168W,YMR076C,0,-2.136229,0.10042735189199448,0.8086021542549133,0.7243010997772217
YER048W-A,YHR099W,0,-2.1366222,0.10040053725242615,0.8086021542549133,0.7245161533355713
YHR158C,YPR036W,0,-2.136948,0.10037373006343842,0.8086021542549133,0.7247312068939209
YIL142W,YOR386W,0,-2.1371002,0.10034694522619247,0.8086021542549133,0.7249462604522705
YPL163C,YCR040W,0,-2.1372635,0.10032016783952713,0.8086021542549133,0.7251613140106201
YMR193W,YPR001W,0,-2.137441,0.10029341280460358,0.8086021542549133,0.7253763675689697
YGR027C,YPR096C,0,-2.1374433,0.10026666522026062,0.8086021542549133,0.7255914211273193
YLR343W,YFR031C,0,-2.1374729,0.10023993253707886,0.8086021542549133,0.725806474685669
YLR126C,YNL339C,0,-2.1375296,0.10021322220563889,0.8086021542549133,0.7260215282440186
YBR177C,YKR097W,0,-2.1376064,0.10018651932477951,0.8086021542549133,0.7262365818023682
YDL015C,YHR052W,0,-2.1378686,0.10015983134508133,0.8086021542549133,0.7264516353607178
YMR176W,YJR021C,0,-2.1382778,0.10013315826654434,0.8086021542549133,0.7266666889190674
YBL035C,YOR089C,0,-2.138446,0.10010649263858795,0.8086021542549133,0.726881742477417
YPL038W,YBR001C,0,-2.1388285,0.10007984936237335,0.8086021542549133,0.7270967960357666
YLR188W,YMR321C,0,-2.1388478,0.10005322098731995,0.8086021542549133,0.7273118495941162
YBR187W,YKL015W,0,-2.1389704,0.10002660006284714,0.8086021542549133,0.7275269031524658
YGL174W,YCR014C,0,-2.1391814,0.10000000149011612,0.8086021542549133,0.7277419567108154
YNL223W,YMR025W,0,-2.13928,0.0999734103679657,0.8086021542549133,0.727957010269165
YHL021C,YMR042W,0,-2.1399758,0.09994683414697647,0.8086021542549133,0.7281720638275146
YDR242W,YDR076W,0,-2.1408665,0.09992027282714844,0.8086021542549133,0.7283871173858643
YDL111C,YHR052W,0,-2.1416872,0.0998937264084816,0.8086021542549133,0.7286021709442139
YOR155C,YLR194C,0,-2.141824,0.09986719489097595,0.8086021542549133,0.7288172245025635
YBR058C,YKR095W,0,-2.1418405,0.0998406782746315,0.8086021542549133,0.7290322780609131
YBR299W,YDR240C,0,-2.142124,0.09981417655944824,0.8086021542549133,0.7292473316192627
YGL256W,YLR061W,0,-2.1425483,0.09978768229484558,0.8086021542549133,0.7294623851776123
YOR315W,YGR004W,0,-2.1427145,0.09976121038198471,0.8086021542549133,0.7296774387359619
YMR077C,YGR143W,0,-2.142726,0.09973474591970444,0.8086021542549133,0.7298924922943115
YKL056C,YGR061C,0,-2.1428435,0.09970830380916595,0.8086021542549133,0.7301075458526611
YOR043W,YDR440W,0,-2.1432934,0.09968186914920807,0.8086021542549133,0.7303225994110107
YAL024C,YKR026C,1,-2.1433678,0.09992048889398575,0.8107526898384094,0.7303225994110107
YOL061W,YNR035C,0,-2.1434014,0.09989400953054428,0.8107526898384094,0.7305376529693604
YGR046W,YJL128C,0,-2.1444027,0.0998675525188446,0.8107526898384094,0.73075270652771
YOL062C,YHR020W,0,-2.1444123,0.09984110295772552,0.8107526898384094,0.7309677600860596
YJL102W,YGL040C,0,-2.144589,0.09981466829776764,0.8107526898384094,0.7311828136444092
YOR237W,YDR148C,0,-2.1445904,0.09978824853897095,0.8107526898384094,0.7313978672027588
YEL022W,YKR026C,1,-2.144745,0.1000264585018158,0.8129032254219055,0.7313978672027588
YER093C,YLR310C,1,-2.145129,0.1002645492553711,0.8150537610054016,0.7313978672027588
YIL154C,YEL029C,0,-2.145203,0.10023803263902664,0.8150537610054016,0.7316129207611084
YIL043C,YPL149W,0,-2.145294,0.10021153092384338,0.8150537610054016,0.731827974319458
YLR390W-A,YNL066W,0,-2.145607,0.10018503665924072,0.8150537610054016,0.7320430278778076
YDR213W,YLR164W,0,-2.1465795,0.10015856474637985,0.8150537610054016,0.7322580814361572
YHR031C,YJL157C,0,-2.14664,0.10013210028409958,0.8150537610054016,0.7324731349945068
YLR343W,YEL059C-A,0,-2.14697,0.1001056507229805,0.8150537610054016,0.7326881885528564
YBL103C,YKR102W,0,-2.1471941,0.10007921606302261,0.8150537610054016,0.732903242111206
YER029C,YGL050W,0,-2.1472325,0.10005279630422592,0.8150537610054016,0.7331182956695557
YOR071C,YGR097W,0,-2.1480396,0.10002639144659042,0.8150537610054016,0.7333333492279053
YNL199C,YAL008W,0,-2.1484206,0.10000000149011612,0.8150537610054016,0.7335484027862549
YPL058C,YCR044C,0,-2.1485355,0.09997361898422241,0.8150537610054016,0.7337634563446045
YBR050C,YGL059W,0,-2.148647,0.0999472588300705,0.8150537610054016,0.7339785099029541
YML028W,YOR158W,0,-2.1486592,0.09992090612649918,0.8150537610054016,0.7341935634613037
YNL308C,YJL057C,0,-2.1491292,0.09989456832408905,0.8150537610054016,0.7344086170196533
YLR448W,YBR081C,0,-2.1491673,0.09986824542284012,0.8150537610054016,0.7346236705780029
YPL010W,YDL195W,0,-2.1494477,0.09984193742275238,0.8150537610054016,0.7348387241363525
YER114C,YIR037W,0,-2.1496937,0.09981564432382584,0.8150537610054016,0.7350537776947021
YBR149W,YEL038W,0,-2.1498191,0.09978936612606049,0.8150537610054016,0.7352688312530518
YLR143W,YHR096C,0,-2.1499903,0.09976309537887573,0.8150537610054016,0.7354838848114014
YMR221C,YMR005W,0,-2.1502278,0.09973683953285217,0.8150537610054016,0.735698938369751
YOR393W,YDL031W,0,-2.1503081,0.0997106060385704,0.8150537610054016,0.7359139919281006
YGL014W,YLR383W,0,-2.1503427,0.09968437999486923,0.8150537610054016,0.7361290454864502
YPL231W,YOR222W,0,-2.1506617,0.09965816140174866,0.8150537610054016,0.7363440990447998
YCL024W,YOR232W,0,-2.1509097,0.09963196516036987,0.8150537610054016,0.7365591526031494
YPR105C,YJR082C,0,-2.151057,0.09960578382015228,0.8150537610054016,0.736774206161499
YOR260W,YGR083C,1,-2.1511815,0.09984235465526581,0.8172042965888977,0.736774206161499
YDR449C,YIL009C-A,0,-2.1513565,0.09981612861156464,0.8172042965888977,0.7369892597198486
YLL003W,YIL052C,0,-2.151807,0.09978991746902466,0.8172042965888977,0.7372043132781982
YGR086C,YMR118C,0,-2.1518514,0.09976372122764587,0.8172042965888977,0.7374193668365479
YIL148W,YNL261W,0,-2.1521916,0.09973753243684769,0.8172042965888977,0.7376344203948975
YDR483W,YPL061W,0,-2.1522577,0.0997113585472107,0.8172042965888977,0.7378494739532471
YGR083C,YPR017C,1,-2.1525674,0.09994753450155258,0.8193548321723938,0.7378494739532471
YOR090C,YBL030C,0,-2.1532404,0.0999213233590126,0.8193548321723938,0.7380645275115967
YGR241C,YPR159W,0,-2.1535323,0.09989511966705322,0.8193548321723938,0.7382795810699463
YJR102C,YPR196W,0,-2.153609,0.09986893832683563,0.8193548321723938,0.7384946346282959
YEL036C,YLR429W,0,-2.1536582,0.09984276443719864,0.8193548321723938,0.7387096881866455
YLR312W-A,YIL115C,0,-2.1537058,0.09981661289930344,0.8193548321723938,0.7389247417449951
YIL083C,YDL081C,0,-2.1540525,0.09979046881198883,0.8193548321723938,0.7391397953033447
YDR326C,YMR017W,0,-2.1541464,0.09976433962583542,0.8193548321723938,0.7393548488616943
YDR399W,YMR037C,0,-2.1541865,0.0997382178902626,0.8193548321723938,0.739569902420044
YKL141W,YDR456W,0,-2.154218,0.09971211850643158,0.8193548321723938,0.7397849559783936
YGL200C,YMR017W,0,-2.1548946,0.09968602657318115,0.8193548321723938,0.7400000095367432
YAL030W,YPR162C,0,-2.1554883,0.09965994954109192,0.8193548321723938,0.7402150630950928
YDR300C,YCR014C,0,-2.1555583,0.09963389486074448,0.8193548321723938,0.7404301166534424
YFR029W,YKR030W,0,-2.1557486,0.09960784018039703,0.8193548321723938,0.740645170211792
YDR299W,YBR045C,0,-2.1565418,0.09958180785179138,0.8193548321723938,0.7408602237701416
YGL051W,YHR060W,0,-2.156542,0.09955579042434692,0.8193548321723938,0.7410752773284912
YLL017W,YAL003W,1,-2.1565557,0.0997910127043724,0.8215053677558899,0.7410752773284912
YNL330C,YEL039C,0,-2.156668,0.09976495057344437,0.8215053677558899,0.7412903308868408
YIL068C,YPR008W,0,-2.1570055,0.09973890334367752,0.8215053677558899,0.7415053844451904
YDR062W,YDR212W,0,-2.1573842,0.09971287101507187,0.8215053677558899,0.74172043800354
YPL204W,YEL041W,0,-2.1575778,0.09968684613704681,0.8215053677558899,0.7419354915618896
YOR389W,YGR214W,0,-2.1576614,0.09966084361076355,0.8215053677558899,0.7421505451202393
YKL174C,YIL019W,0,-2.1579945,0.09963484853506088,0.8215053677558899,0.7423655986785889
YDR351W,YDR398W,0,-2.1581213,0.09960886836051941,0.8215053677558899,0.7425806522369385
YER179W,YHR193C,0,-2.1584651,0.09958289563655853,0.8215053677558899,0.7427957057952881
YOR098C,YNL194C,0,-2.158744,0.09955694526433945,0.8215053677558899,0.7430107593536377
YPR026W,YBR283C,0,-2.1589267,0.09953100234270096,0.8215053677558899,0.7432258129119873
YLR460C,YML016C,0,-2.1590889,0.09950508177280426,0.8215053677558899,0.7434408664703369
YIL120W,YHR025W,0,-2.159108,0.09947916865348816,0.8215053677558899,0.7436559200286865
YOL104C,YMR316W,0,-2.1593492,0.09945327043533325,0.8215053677558899,0.7438709735870361
YFL017W-A,YGR202C,0,-2.159453,0.09942737966775894,0.8215053677558899,0.7440860271453857
YOR237W,YGL019W,0,-2.1594784,0.09940151125192642,0.8215053677558899,0.7443010807037354
YMR250W,YDR122W,0,-2.1595237,0.0993756502866745,0.8215053677558899,0.744516134262085
YDR273W,YDR064W,0,-2.1597688,0.09934980422258377,0.8215053677558899,0.7447311878204346
YJR127C,YDR120C,0,-2.1599603,0.09932397305965424,0.8215053677558899,0.7449462413787842
YLL016W,YKR026C,1,-2.1600187,0.09955810010433197,0.823655903339386,0.7449462413787842
YHR140W,YKR020W,0,-2.1602085,0.09953222423791885,0.823655903339386,0.7451612949371338
YOR355W,YDL035C,0,-2.1603644,0.09950636327266693,0.823655903339386,0.7453763484954834
YGL097W,YPR017C,1,-2.1604357,0.09974025934934616,0.8258064389228821,0.7453763484954834
YNL175C,YJR004C,0,-2.1606712,0.09971436113119125,0.8258064389228821,0.745591402053833
YPR048W,YDR031W,0,-2.1609461,0.09968847036361694,0.8258064389228821,0.7458064556121826
YDR087C,YFR049W,0,-2.1612842,0.09966260194778442,0.8258064389228821,0.7460215091705322
YNL250W,YOR221C,0,-2.1615877,0.0996367409825325,0.8258064389228821,0.7462365627288818
YBR058C,YGR061C,0,-2.1616504,0.09961089491844177,0.8258064389228821,0.7464516162872314
YKR014C,YKL203C,0,-2.1621168,0.09958506375551224,0.8258064389228821,0.746666669845581
YML099C,YPR096C,0,-2.1623433,0.0995592400431633,0.8258064389228821,0.7468817234039307
YDL223C,YJL198W,0,-2.1624222,0.09953343868255615,0.8258064389228821,0.7470967769622803
YDL142C,YJL098W,0,-2.1625717,0.0995076447725296,0.8258064389228821,0.7473118305206299
YOR359W,YAL058W,0,-2.1626775,0.09948186576366425,0.8258064389228821,0.7475268840789795
YDR211W,YEL022W,1,-2.163259,0.09971509873867035,0.8279569745063782,0.7475268840789795
YKR026C,YDR137W,1,-2.1640525,0.0999482125043869,0.8301075100898743,0.7475268840789795
YGR083C,YLR291C,1,-2.16445,0.1001812070608139,0.8322580456733704,0.7475268840789795
YNL130C,YLL027W,0,-2.1645753,0.10015527904033661,0.8322580456733704,0.7477419376373291
YNL122C,YDR353W,0,-2.1650112,0.10012936592102051,0.8322580456733704,0.7479569911956787
YMR221C,YDR139C,0,-2.1650527,0.1001034677028656,0.8322580456733704,0.7481720447540283
YMR091C,YMR093W,0,-2.165468,0.10007757693529129,0.8322580456733704,0.7483870983123779
YOR086C,YOL072W,0,-2.1655047,0.10005170851945877,0.8322580456733704,0.7486021518707275
YDR375C,YER091C,0,-2.1655781,0.10002584755420685,0.8322580456733704,0.7488172054290771
YMR091C,YMR002W,0,-2.1671264,0.10000000149011612,0.8322580456733704,0.7490322589874268
YBR142W,YDR197W,0,-2.1673586,0.09997417032718658,0.8322580456733704,0.7492473125457764
YJL001W,YPR171W,0,-2.1679547,0.09994834661483765,0.8322580456733704,0.749462366104126
YNL233W,YIL126W,0,-2.1680567,0.0999225378036499,0.8322580456733704,0.7496774196624756
YPL252C,YOR299W,0,-2.1683037,0.09989674389362335,0.8322580456733704,0.7498924732208252
YCL068C,YLR291C,1,-2.1685631,0.10012903064489365,0.8344085812568665,0.7498924732208252
YBR180W,YPL112C,0,-2.1689014,0.10010319948196411,0.8344085812568665,0.7501075267791748
YLR409C,YBR043C,0,-2.1690261,0.10007737576961517,0.8344085812568665,0.7503225803375244
YNL050C,YJR130C,0,-2.1691287,0.10005157440900803,0.8344085812568665,0.750537633895874
YDL114W,YJR042W,0,-2.1694257,0.10002578049898148,0.8344085812568665,0.7507526874542236
YBR121C,YDR440W,0,-2.1700494,0.10000000149011612,0.8344085812568665,0.7509677410125732
YLR441C,YPL022W,0,-2.170173,0.09997422993183136,0.8344085812568665,0.7511827945709229
YLR425W,YNL297C,1,-2.170458,0.10020607709884644,0.8365591168403625,0.7511827945709229
YOR090C,YJR150C,0,-2.1704834,0.10018027573823929,0.8365591168403625,0.7513978481292725
YGR246C,YGR123C,0,-2.17058,0.10015448182821274,0.8365591168403625,0.7516129016876221
YLR170C,YML100W,0,-2.1709778,0.10012870281934738,0.8365591168403625,0.7518279552459717
YPL119C,YPL221W,0,-2.171237,0.10010293126106262,0.8365591168403625,0.7520430088043213
YPL225W,YNL081C,0,-2.1712663,0.10007718205451965,0.8365591168403625,0.7522580623626709
YLR142W,YNL259C,0,-2.1717055,0.10005144029855728,0.8365591168403625,0.7524731159210205
YNR024W,YPL248C,0,-2.1718924,0.1000257134437561,0.8365591168403625,0.7526881694793701
YOL111C,YJL062W,0,-2.172064,0.10000000149011612,0.8365591168403625,0.7529032230377197
YIL043C,YLR017W,0,-2.1721382,0.09997429698705673,0.8365591168403625,0.7531182765960693
YKL026C,YGL107C,0,-2.1722107,0.09994861483573914,0.8365591168403625,0.753333330154419
YOR145C,YNL001W,0,-2.1723588,0.09992294013500214,0.8365591168403625,0.7535483837127686
YEL002C,YOR002W,0,-2.1727014,0.09989728033542633,0.8365591168403625,0.7537634372711182
YLR425W,YPR095C,1,-2.1730196,0.10012836754322052,0.8387096524238586,0.7537634372711182
YKR097W,YBR286W,0,-2.1736157,0.10010267049074173,0.8387096524238586,0.7539784908294678
YMR041C,YFL039C,0,-2.1742404,0.10007698088884354,0.8387096524238586,0.7541935443878174
YIL109C,YLR194C,0,-2.1747944,0.10005130618810654,0.8387096524238586,0.754408597946167
YDL190C,YDR212W,0,-2.1749651,0.10002564638853073,0.8387096524238586,0.7546236515045166
YML032C,YHR165C,0,-2.175461,0.10000000149011612,0.8387096524238586,0.7548387050628662
YDL111C,YLR160C,0,-2.175481,0.0999743640422821,0.8387096524238586,0.7550537586212158
YIL020C,YJL073W,0,-2.1755552,0.09994874149560928,0.8387096524238586,0.7552688121795654
YKL212W,YJL164C,0,-2.1756732,0.09992313385009766,0.8387096524238586,0.755483865737915
YOL092W,YCR044C,0,-2.1773436,0.09989754110574722,0.8387096524238586,0.7556989192962646
YPL051W,YBL061C,0,-2.1774979,0.09987195581197739,0.8387096524238586,0.7559139728546143
YER012W,YLR295C,0,-2.178096,0.09984639286994934,0.8387096524238586,0.7561290264129639
YKL185W,YPL137C,0,-2.1782591,0.09982083737850189,0.8387096524238586,0.7563440799713135
YMR233W,YDR088C,0,-2.1785054,0.09979528933763504,0.8387096524238586,0.7565591335296631
YBR078W,YJL112W,0,-2.1785648,0.09976976364850998,0.8387096524238586,0.7567741870880127
YDR292C,YAL024C,0,-2.1787708,0.09974424540996552,0.8387096524238586,0.7569892406463623
YIL080W,YGR097W,0,-2.1789339,0.09971874207258224,0.8387096524238586,0.7572042942047119
YJL153C,YOR301W,0,-2.1790793,0.09969325363636017,0.8387096524238586,0.7574193477630615
YKL172W,YDR358W,0,-2.1791437,0.09966777265071869,0.8387096524238586,0.7576344013214111
YPL240C,YNL328C,0,-2.1793654,0.0996423065662384,0.8387096524238586,0.7578494548797607
YJR065C,YOL101C,0,-2.179734,0.09961685538291931,0.8387096524238586,0.7580645084381104
YLR004C,YOL101C,0,-2.1797736,0.09959141910076141,0.8387096524238586,0.75827956199646
YPL131W,YNL130C,0,-2.1805105,0.09956599771976471,0.8387096524238586,0.7584946155548096
YMR304W,YPL280W,0,-2.1806989,0.0995405837893486,0.8387096524238586,0.7587096691131592
YPR049C,YHL012W,0,-2.1809223,0.09951518476009369,0.8387096524238586,0.7589247226715088
YGL226W,YNR035C,0,-2.1809938,0.09948979318141937,0.8387096524238586,0.7591397762298584
YDL141W,YGL244W,0,-2.182145,0.09946442395448685,0.8387096524238586,0.759354829788208
YML052W,YIL173W,0,-2.1822479,0.09943906217813492,0.8387096524238586,0.7595698833465576
YKL168C,YOL122C,0,-2.1822705,0.09941371530294418,0.8387096524238586,0.7597849369049072
YGL226W,YLR295C,0,-2.1825988,0.09938837587833405,0.8387096524238586,0.7599999904632568
YLR191W,YMR097C,0,-2.1826355,0.0993630588054657,0.8387096524238586,0.7602150440216064
YKL198C,YOR132W,0,-2.1827583,0.09933774918317795,0.8387096524238586,0.760430097579956
YML116W,YNL328C,0,-2.1832993,0.09931245446205139,0.8387096524238586,0.7606451511383057
YGR134W,YKL173W,0,-2.1834738,0.09928716719150543,0.8387096524238586,0.7608602046966553
YOR241W,YER093C,0,-2.1835048,0.09926190227270126,0.8387096524238586,0.7610752582550049
YBR150C,YDR176W,0,-2.1835442,0.09923664480447769,0.8387096524238586,0.7612903118133545
YDR313C,YBR037C,0,-2.1836576,0.09921139478683472,0.8387096524238586,0.7615053653717041
YML115C,YER087W,0,-2.1838243,0.09918616712093353,0.8387096524238586,0.7617204189300537
YFL005W,YNL217W,0,-2.1840281,0.09916094690561295,0.8387096524238586,0.7619354724884033
YPR204W,YHR185C,0,-2.1840441,0.09913574159145355,0.8387096524238586,0.7621505260467529
YPL258C,YKR104W,0,-2.184168,0.09911054372787476,0.8387096524238586,0.7623655796051025
YOR079C,YNL189W,0,-2.1852777,0.09908536821603775,0.8387096524238586,0.7625806331634521
YOR254C,YIL138C,0,-2.186158,0.09906020015478134,0.8387096524238586,0.7627956867218018
YDR019C,YIL137C,0,-2.1862516,0.09903503954410553,0.8387096524238586,0.7630107402801514
YOR227W,YPR159W,0,-2.1862972,0.09900990128517151,0.8387096524238586,0.763225793838501
YDR246W,YDR003W,0,-2.1868947,0.09898477047681808,0.8387096524238586,0.7634408473968506
YDR096W,YKL034W,0,-2.187761,0.09895965456962585,0.8387096524238586,0.7636559009552002
YDL145C,YLR304C,0,-2.1884463,0.09893455356359482,0.8387096524238586,0.7638709545135498
YFL013C,YDL099W,0,-2.188737,0.09890946000814438,0.8387096524238586,0.7640860080718994
YLR058C,YDR309C,0,-2.1888742,0.09888438135385513,0.8387096524238586,0.764301061630249
YKL041W,YDR350C,0,-2.1890576,0.09885931760072708,0.8387096524238586,0.7645161151885986
YNL065W,YNL079C,0,-2.1892965,0.09883426129817963,0.8387096524238586,0.7647311687469482
YOR319W,YJL060W,0,-2.1893485,0.09880921989679337,0.8387096524238586,0.7649462223052979
YLR249W,YOR230W,0,-2.189556,0.0987841933965683,0.8387096524238586,0.7651612758636475
YGR246C,YNL283C,0,-2.1900148,0.09875918179750443,0.8387096524238586,0.7653763294219971
YNL112W,YDL130W,0,-2.1902578,0.09873417764902115,0.8387096524238586,0.7655913829803467
YBR022W,YNR007C,0,-2.190725,0.09870918840169907,0.8387096524238586,0.7658064365386963
YER142C,YPL099C,0,-2.1908934,0.09868421405553818,0.8387096524238586,0.7660214900970459
YBR254C,YLR223C,0,-2.1912417,0.09865924715995789,0.8387096524238586,0.7662365436553955
YBR175W,YIL124W,0,-2.191949,0.09863429516553879,0.8387096524238586,0.7664515972137451
YDL076C,YFL057C,0,-2.1925972,0.09860935807228088,0.8387096524238586,0.7666666507720947
YLR042C,YLR299W,0,-2.192691,0.09858442842960358,0.8387096524238586,0.7668817043304443
YJL179W,YHR086W,0,-2.1928055,0.09855951368808746,0.8387096524238586,0.767096757888794
YNR026C,YAL041W,1,-2.192825,0.09878726303577423,0.8408601880073547,0.767096757888794
YOR001W,YNL263C,0,-2.192963,0.09876231104135513,0.8408601880073547,0.7673118114471436
YJR107W,YAL023C,0,-2.1932654,0.09873737394809723,0.8408601880073547,0.7675268650054932
YJL103C,YLR060W,0,-2.1946557,0.09871244430541992,0.8408601880073547,0.7677419185638428
YGR009C,YKL189W,0,-2.194722,0.09868752956390381,0.8408601880073547,0.7679569721221924
YLR363C,YDR117C,0,-2.1949105,0.09866262972354889,0.8408601880073547,0.768172025680542
YNL054W,YMR037C,0,-2.1949954,0.09863773733377457,0.8408601880073547,0.7683870792388916
YDL098C,YJL133W,0,-2.1953034,0.09861285984516144,0.8408601880073547,0.7686021327972412
YOR155C,YOR340C,0,-2.1955802,0.0985879972577095,0.8408601880073547,0.7688171863555908
YJL124C,YMR274C,0,-2.1956606,0.09856314957141876,0.8408601880073547,0.7690322399139404
YMR009W,YHR058C,0,-2.1964214,0.09853830933570862,0.8408601880073547,0.76924729347229
YLR141W,YNR059W,0,-2.196714,0.09851347655057907,0.8408601880073547,0.7694623470306396
YPL163C,YNL065W,0,-2.1970034,0.09848866611719131,0.8408601880073547,0.7696774005889893
YCL014W,YLR427W,0,-2.1975703,0.09846386313438416,0.8408601880073547,0.7698924541473389
YAR027W,YFR003C,0,-2.1978614,0.09843907505273819,0.8408601880073547,0.7701075077056885
YGL063W,YDR449C,0,-2.1984713,0.09841429442167282,0.8408601880073547,0.7703225612640381
YJR042W,YPL049C,0,-2.198718,0.09838952869176865,0.8408601880073547,0.7705376148223877
YGR251W,YHR067W,0,-2.1987975,0.09836477786302567,0.8408601880073547,0.7707526683807373
YML133C,YDL019C,0,-2.199671,0.09834004193544388,0.8408601880073547,0.7709677219390869
YLR452C,YMR188C,0,-2.1996825,0.09831531345844269,0.8408601880073547,0.7711827754974365
YGR174C,YMR262W,0,-2.200126,0.09829059988260269,0.8408601880073547,0.7713978290557861
YDL171C,YMR053C,0,-2.200957,0.09826589375734329,0.8408601880073547,0.7716128826141357
YBR182C,YIL108W,0,-2.2012548,0.09824120253324509,0.8408601880073547,0.7718279361724854
YGR135W,YLR288C,0,-2.2017186,0.09821652621030807,0.8408601880073547,0.772042989730835
YDR369C,YJL143W,0,-2.2017431,0.09819186478853226,0.8408601880073547,0.7722580432891846
YLR142W,YGL161C,0,-2.2023828,0.09816721081733704,0.8408601880073547,0.7724730968475342
YOL086C,YMR300C,0,-2.202494,0.09814257174730301,0.8408601880073547,0.7726881504058838
YJL194W,YDR256C,0,-2.2025568,0.09811794012784958,0.8408601880073547,0.7729032039642334
YOR217W,YIL172C,0,-2.2025785,0.09809332340955734,0.8408601880073547,0.773118257522583
YPR152C,YGL027C,0,-2.2028058,0.0980687215924263,0.8408601880073547,0.7733333110809326
YOL107W,YJL062W,0,-2.2038934,0.09804413467645645,0.8408601880073547,0.7735483646392822
YDL119C,YML129C,0,-2.2042935,0.0980195552110672,0.8408601880073547,0.7737634181976318
YDL208W,YLR314C,0,-2.2044663,0.09799499064683914,0.8408601880073547,0.7739784717559814
YKL198C,YDR135C,0,-2.2045743,0.09797043353319168,0.8408601880073547,0.774193525314331
YJR009C,YDR196C,0,-2.204935,0.09794589132070541,0.8408601880073547,0.7744085788726807
YOR195W,YOL132W,0,-2.2052386,0.09792136400938034,0.8408601880073547,0.7746236324310303
YOR310C,YDL129W,0,-2.205694,0.09789684414863586,0.8408601880073547,0.7748386859893799
YKR075C,YMR284W,0,-2.2057433,0.09787233918905258,0.8408601880073547,0.7750537395477295
YGL180W,YPR046W,0,-2.2058816,0.0978478491306305,0.8408601880073547,0.7752687931060791
YMR203W,YBR205W,0,-2.2067204,0.097823366522789,0.8408601880073547,0.7754838466644287
YKL015W,YHR005C-A,0,-2.2068121,0.0977988988161087,0.8408601880073547,0.7756989002227783
YPL059W,YOR346W,0,-2.207179,0.0977744460105896,0.8408601880073547,0.7759139537811279
YKL180W,YMR054W,0,-2.2073033,0.09775000065565109,0.8408601880073547,0.7761290073394775
YNL247W,YER102W,0,-2.2073467,0.09772557020187378,0.8408601880073547,0.7763440608978271
YPR204W,YBL005W-B,0,-2.2075074,0.09770114719867706,0.8408601880073547,0.7765591144561768
YGR295C,YGL211W,0,-2.2075593,0.09767673909664154,0.8408601880073547,0.7767741680145264
YGR279C,YAL017W,0,-2.2080214,0.09765234589576721,0.8408601880073547,0.776989221572876
YDR177W,YLR270W,0,-2.2081017,0.09762796759605408,0.8408601880073547,0.7772042751312256
YPL240C,YPL098C,0,-2.2081633,0.09760359674692154,0.8408601880073547,0.7774193286895752
YDL031W,YMR125W,0,-2.208224,0.0975792333483696,0.8408601880073547,0.7776343822479248
YMR061W,YDR145W,0,-2.2084417,0.09755489230155945,0.8408601880073547,0.7778494358062744
YLR425W,YCL068C,1,-2.208464,0.09777999669313431,0.8430107235908508,0.7778494358062744
YHR056C,YER056C,0,-2.208849,0.09775561094284058,0.8430107235908508,0.778064489364624
YIL148W,YDR283C,0,-2.2091532,0.09773124009370804,0.8430107235908508,0.7782795429229736
YFL014W,YGL106W,0,-2.2097971,0.0977068766951561,0.8430107235908508,0.7784945964813232
YPL154C,YPL139C,0,-2.2099435,0.09768252819776535,0.8430107235908508,0.7787096500396729
YBR065C,YCR054C,0,-2.210109,0.0976581946015358,0.8430107235908508,0.7789247035980225
YNL268W,YGL190C,0,-2.210488,0.09763387590646744,0.8430107235908508,0.7791397571563721
YDL133C-A,YFL017W-A,0,-2.2105503,0.09760956466197968,0.8430107235908508,0.7793548107147217
YMR281W,YLR220W,0,-2.210847,0.09758526086807251,0.8430107235908508,0.7795698642730713
YDL074C,YOR236W,0,-2.2110214,0.09756097197532654,0.8430107235908508,0.7797849178314209
YGL097W,YDR137W,1,-2.2110822,0.09778551757335663,0.8451613187789917,0.7797849178314209
YML133C,YEL044W,0,-2.211151,0.09776119142770767,0.8451613187789917,0.7799999713897705
YER093C,YLR039C,1,-2.2111595,0.09798557311296463,0.8473118543624878,0.7799999713897705
YER060W,YMR195W,0,-2.211353,0.09796120971441269,0.8473118543624878,0.7802150249481201
YLR292C,YDR092W,0,-2.2113569,0.09793686121702194,0.8473118543624878,0.7804300785064697
YHR158C,YDR337W,0,-2.211396,0.09791252762079239,0.8473118543624878,0.7806451320648193
YDR054C,YGL094C,0,-2.2115917,0.09788820147514343,0.8473118543624878,0.780860185623169
YOR150W,YJR049C,0,-2.2119856,0.09786388278007507,0.8473118543624878,0.7810752391815186
YNL185C,YBL092W,0,-2.212146,0.0978395864367485,0.8473118543624878,0.7812903523445129
YIL042C,YFL036W,0,-2.212402,0.09781529009342194,0.8473118543624878,0.7815054059028625
YHR136C,YAR031W,0,-2.2125366,0.09779101610183716,0.8473118543624878,0.7817204594612122
YNL213C,YJL059W,0,-2.2136037,0.09776674956083298,0.8473118543624878,0.7819355130195618
YJL125C,YOR215C,0,-2.2137191,0.09774249792098999,0.8473118543624878,0.7821505665779114
YBR142W,YGR106C,0,-2.2139337,0.0977182537317276,0.8473118543624878,0.782365620136261
YHR101C,YOR209C,0,-2.2139719,0.0976940244436264,0.8473118543624878,0.7825806736946106
YEL040W,YMR006C,0,-2.2139904,0.0976698100566864,0.8473118543624878,0.7827957272529602
YJL164C,YMR298W,0,-2.2142382,0.097645603120327,0.8473118543624878,0.7830107808113098
YIL083C,YKR009C,0,-2.2144024,0.09762140363454819,0.8473118543624878,0.7832258343696594
YGR052W,YIL079C,0,-2.2146626,0.09759722650051117,0.8473118543624878,0.783440887928009
YCL057C-A,YOR071C,0,-2.2148452,0.09757305681705475,0.8473118543624878,0.7836559414863586
YDL115C,YLR360W,0,-2.2153747,0.09754889458417892,0.8473118543624878,0.7838709950447083
YCR087C-A,YEL027W,0,-2.215474,0.09752475470304489,0.8473118543624878,0.7840860486030579
YMR232W,YJR158W,0,-2.2154877,0.09750062227249146,0.8473118543624878,0.7843011021614075
YJL153C,YGR245C,0,-2.21654,0.09747649729251862,0.8473118543624878,0.7845161557197571
YDR461W,YPL214C,0,-2.2165806,0.09745238721370697,0.8473118543624878,0.7847312092781067
YDR211W,YAL003W,1,-2.217107,0.09767556935548782,0.8494623899459839,0.7847312092781067
YOL061W,YJR059W,0,-2.2172635,0.0976514220237732,0.8494623899459839,0.7849462628364563
YDR313C,YOR025W,0,-2.2172768,0.09762728959321976,0.8494623899459839,0.7851613163948059
YOL052C-A,YNL282W,0,-2.2173882,0.09760316461324692,0.8494623899459839,0.7853763699531555
YLR189C,YGR170W,0,-2.2177956,0.09757905453443527,0.8494623899459839,0.7855914235115051
YBR214W,YOL149W,0,-2.2179825,0.09755495190620422,0.8494623899459839,0.7858064770698547
YNL272C,YAL024C,1,-2.218512,0.09777777642011642,0.85161292552948,0.7858064770698547
YGL135W,YMR009W,0,-2.2186615,0.09775364398956299,0.85161292552948,0.7860215306282043
YKL130C,YBR095C,0,-2.218707,0.09772951900959015,0.85161292552948,0.786236584186554
YGR024C,YPR196W,0,-2.2187464,0.0977054014801979,0.85161292552948,0.7864516377449036
YJR084W,YKL191W,0,-2.218897,0.09768129885196686,0.85161292552948,0.7866666913032532
YLR139C,YCR075C,0,-2.2189584,0.097657211124897,0.85161292552948,0.7868817448616028
YMR051C,YAR035W,0,-2.2191982,0.09763313829898834,0.85161292552948,0.7870967984199524
YPR049C,YMR276W,0,-2.2193644,0.09760907292366028,0.85161292552948,0.787311851978302
YDR040C,YOL082W,0,-2.2195709,0.09758501499891281,0.85161292552948,0.7875269055366516
YLR024C,YDR523C,0,-2.2198565,0.09756097197532654,0.85161292552948,0.7877419590950012
YDR040C,YLR194C,0,-2.2203746,0.09753694385290146,0.85161292552948,0.7879570126533508
YJR108W,YHR008C,0,-2.2205415,0.09751293063163757,0.85161292552948,0.7881720662117004
YML056C,YAL023C,0,-2.2206686,0.09748892486095428,0.85161292552948,0.78838711977005
YGL244W,YOR391C,0,-2.221198,0.09746492654085159,0.85161292552948,0.7886021733283997
YLR413W,YJL033W,0,-2.2213986,0.0974409431219101,0.85161292552948,0.7888172268867493
YNL027W,YER087C-B,0,-2.221711,0.09741697460412979,0.85161292552948,0.7890322804450989
YIL171W,YLR208W,0,-2.2220826,0.09739301353693008,0.85161292552948,0.7892473340034485
YMR150C,YMR059W,0,-2.2223876,0.09736906737089157,0.85161292552948,0.7894623875617981
YIL052C,YDR453C,0,-2.222676,0.09734513610601425,0.85161292552948,0.7896774411201477
YCR030C,YER127W,0,-2.2226846,0.09732121229171753,0.85161292552948,0.7898924946784973
YNL036W,YMR142C,0,-2.2230515,0.0972972959280014,0.85161292552948,0.7901075482368469
YOR260W,YDL100C,1,-2.2233427,0.09751904010772705,0.8537634611129761,0.7901075482368469
YER072W,YGR169C,0,-2.2234068,0.09749508649110794,0.8537634611129761,0.7903226017951965
YLR289W,YGL103W,0,-2.2236533,0.09747114777565002,0.8537634611129761,0.7905376553535461
YNL159C,YDR165W,0,-2.2237308,0.0974472239613533,0.8537634611129761,0.7907527089118958
YPL218W,YBL010C,0,-2.2238917,0.09742331504821777,0.8537634611129761,0.7909677624702454
YGL237C,YBR159W,0,-2.2241435,0.09739941358566284,0.8537634611129761,0.791182816028595
YJL085W,YKL135C,0,-2.2243624,0.09737551957368851,0.8537634611129761,0.7913978695869446
YOR026W,YHR099W,0,-2.2251017,0.09735164046287537,0.8537634611129761,0.7916129231452942
YDR087C,YLL016W,0,-2.2253187,0.09732777625322342,0.8537634611129761,0.7918279767036438
YLR190W,YNR071C,0,-2.225536,0.09730391949415207,0.8537634611129761,0.7920430302619934
YAL003W,YPR017C,1,-2.2257912,0.09752511978149414,0.8559139966964722,0.7920430302619934
YMR023C,YMR217W,0,-2.2261546,0.0975012257695198,0.8559139966964722,0.792258083820343
YML098W,YPL151C,0,-2.2261672,0.09747734665870667,0.8559139966964722,0.7924731373786926
YLR176C,YHR082C,0,-2.2264278,0.09745347499847412,0.8559139966964722,0.7926881909370422
YDR023W,YBL054W,0,-2.2264886,0.09742961823940277,0.8559139966964722,0.7929032444953918
YLR460C,YMR262W,0,-2.227517,0.09740577638149261,0.8559139966964722,0.7931182980537415
YBR278W,YDR418W,0,-2.227727,0.09738194197416306,0.8559139966964722,0.7933333516120911
YER147C,YBR254C,0,-2.2277405,0.09735812246799469,0.8559139966964722,0.7935484051704407
YER137C,YML074C,0,-2.2279031,0.09733431041240692,0.8559139966964722,0.7937634587287903
YAL040C,YDR023W,0,-2.2279465,0.09731051325798035,0.8559139966964722,0.7939785122871399
YBR130C,YDL164C,0,-2.2284179,0.09728672355413437,0.8559139966964722,0.7941935658454895
YGR071C,YIL095W,0,-2.2284276,0.09726294875144958,0.8559139966964722,0.7944086194038391
YJL214W,YGR178C,0,-2.2290015,0.097239188849926,0.8559139966964722,0.7946236729621887
YMR032W,YJL072C,0,-2.2294252,0.097215436398983,0.8559139966964722,0.7948387265205383
YMR303C,YOR020C,0,-2.2296798,0.0971916988492012,0.8559139966964722,0.7950537800788879
YKR026C,YDL100C,1,-2.2301085,0.097412109375,0.8580645322799683,0.7950537800788879
YCL057W,YJR094W-A,0,-2.2303517,0.09738833457231522,0.8580645322799683,0.7952688336372375
YER007W,YPL213W,0,-2.2304893,0.09736456722021103,0.8580645322799683,0.7954838871955872
YFL021W,YJR153W,0,-2.2308352,0.09734081476926804,0.8580645322799683,0.7956989407539368
YOL092W,YML101C,0,-2.2308748,0.09731706976890564,0.8580645322799683,0.7959139943122864
YBR145W,YDR159W,0,-2.2308886,0.09729333966970444,0.8580645322799683,0.796129047870636
YOR239W,YPR143W,0,-2.2309859,0.09726962447166443,0.8580645322799683,0.7963441014289856
YCR005C,YDR146C,0,-2.2311199,0.09724591672420502,0.8580645322799683,0.7965591549873352
YOR260W,YLL017W,1,-2.231156,0.0974658876657486,0.8602150678634644,0.7965591549873352
YAL024C,YLR039C,1,-2.2312734,0.09768574684858322,0.8623656034469604,0.7965591549873352
YDR211W,YHR001W-A,0,-2.2316763,0.09766195714473724,0.8623656034469604,0.7967742085456848
YCR047C,YER142C,0,-2.2318976,0.09763818234205246,0.8623656034469604,0.7969892621040344
YLR371W,YDL100C,1,-2.2322338,0.09785784035921097,0.8645161390304565,0.7969892621040344
YGR218W,YGL151W,0,-2.2322586,0.0978340208530426,0.8645161390304565,0.797204315662384
YGR279C,YHR170W,0,-2.232793,0.09781021624803543,0.8645161390304565,0.7974193692207336
YGL185C,YHR002W,0,-2.232909,0.09778642654418945,0.8645161390304565,0.7976344227790833
YJL109C,YLR259C,0,-2.2336872,0.09776264429092407,0.8645161390304565,0.7978494763374329
YLR197W,YGL183C,0,-2.2336962,0.09773887693881989,0.8645161390304565,0.7980645298957825
YNR072W,YOR167C,0,-2.2337062,0.0977151170372963,0.8645161390304565,0.7982795834541321
YMR017W,YOR206W,0,-2.233714,0.0976913720369339,0.8645161390304565,0.7984946370124817
YGR296W,YLR249W,0,-2.233741,0.0976676419377327,0.8645161390304565,0.7987096905708313
YMR049C,YMR246W,0,-2.2347434,0.0976439118385315,0.8645161390304565,0.7989247441291809
YLR278C,YGR175C,0,-2.2348707,0.09762020409107208,0.8645161390304565,0.7991397976875305
YMR319C,YNL289W,0,-2.2349823,0.09759650379419327,0.8645161390304565,0.7993548512458801
YGR089W,YLL011W,0,-2.2350523,0.09757281839847565,0.8645161390304565,0.7995699048042297
YIR005W,YLR364W,0,-2.2350829,0.09754914045333862,0.8645161390304565,0.7997849583625793
YGL151W,YLR367W,0,-2.2356815,0.0975254699587822,0.8645161390304565,0.800000011920929
YPL075W,YHR029C,0,-2.2358968,0.09750182181596756,0.8645161390304565,0.8002150654792786
YHL034C,YPR031W,0,-2.2368248,0.09747817367315292,0.8645161390304565,0.8004301190376282
YDR304C,YJL155C,0,-2.2372897,0.09745454788208008,0.8645161390304565,0.8006451725959778
YFL039C,YDR190C,0,-2.2373674,0.09743092954158783,0.8645161390304565,0.8008602261543274
YIL051C,YDR328C,0,-2.2375505,0.09740731865167618,0.8645161390304565,0.801075279712677
YLR452C,YKR009C,0,-2.2376807,0.09738372266292572,0.8645161390304565,0.8012903332710266
YAL019W,YOL002C,0,-2.237717,0.09736013412475586,0.8645161390304565,0.8015053868293762
YPL161C,YOL031C,0,-2.237838,0.09733656048774719,0.8645161390304565,0.8017204403877258
YNL046W,YJL082W,0,-2.2381787,0.09731300175189972,0.8645161390304565,0.8019354939460754
YCR093W,YOR014W,0,-2.2382758,0.09728945046663284,0.8645161390304565,0.802150547504425
YOR308C,YOL080C,0,-2.2385213,0.09726590663194656,0.8645161390304565,0.8023656010627747
YBR273C,YLR324W,0,-2.2386363,0.09724237769842148,0.8645161390304565,0.8025806546211243
YNL118C,YGR060W,0,-2.2386997,0.09721886366605759,0.8645161390304565,0.8027957081794739
YMR284W,YMR002W,0,-2.2392812,0.09719535708427429,0.8645161390304565,0.8030107617378235
YER038C,YLR185W,0,-2.2392986,0.09717186540365219,0.8645161390304565,0.8032258152961731
YER033C,YGL237C,0,-2.239326,0.09714838117361069,0.8645161390304565,0.8034408688545227
YMR276W,YOR279C,0,-2.239463,0.09712491184473038,0.8645161390304565,0.8036559224128723
YOR265W,YPL056C,0,-2.2395833,0.09710144996643066,0.8645161390304565,0.8038709759712219
YNR041C,YOL109W,0,-2.2397408,0.09707800298929214,0.8645161390304565,0.8040860295295715
YKR066C,YER130C,0,-2.239803,0.09705456346273422,0.8645161390304565,0.8043010830879211
YDR040C,YPL090C,0,-2.2399704,0.0970311388373375,0.8645161390304565,0.8045161366462708
YPL001W,YIR017C,0,-2.240677,0.09700772166252136,0.8645161390304565,0.8047311902046204
YML042W,YAR018C,0,-2.2407084,0.09698431938886642,0.8645161390304565,0.80494624376297
YDR435C,YPL116W,0,-2.2413952,0.09696092456579208,0.8645161390304565,0.8051612973213196
YLR285W,YGR077C,0,-2.2416303,0.09693754464387894,0.8645161390304565,0.8053763508796692
YHR013C,YAL043C,0,-2.2421055,0.09691417217254639,0.8645161390304565,0.8055914044380188
YOR158W,YAL012W,0,-2.2421877,0.09689081460237503,0.8645161390304565,0.8058064579963684
YJR053W,YOR074C,0,-2.2424262,0.09686747193336487,0.8645161390304565,0.806021511554718
YPR003C,YLR115W,0,-2.2425988,0.0968441367149353,0.8645161390304565,0.8062365651130676
YBR276C,YFL014W,0,-2.242726,0.09682080894708633,0.8645161390304565,0.8064516186714172
YDR120C,YMR264W,0,-2.2428448,0.09679749608039856,0.8645161390304565,0.8066666722297668
YDR500C,YDR486C,0,-2.2431953,0.09677419066429138,0.8645161390304565,0.8068817257881165
YFL002W-A,YOR074C,0,-2.243717,0.0967509001493454,0.8645161390304565,0.8070967793464661
YBR164C,YPR017C,0,-2.2438293,0.09672762453556061,0.8645161390304565,0.8073118329048157
YOR337W,YOR167C,0,-2.244018,0.09670435637235641,0.8645161390304565,0.8075268864631653
YDR337W,YHR197W,0,-2.244042,0.09668109565973282,0.8645161390304565,0.8077419400215149
YNL138W,YHR164C,0,-2.2441356,0.09665784984827042,0.8645161390304565,0.8079569935798645
YBR012W-A,YPR143W,0,-2.244824,0.09663461893796921,0.8645161390304565,0.8081720471382141
YOR244W,YJR025C,0,-2.2454479,0.096611388027668,0.8645161390304565,0.8083871006965637
YBR212W,YOL109W,0,-2.2459219,0.09658817946910858,0.8645161390304565,0.8086021542549133
YDL012C,YDL043C,0,-2.2472513,0.09656497836112976,0.8645161390304565,0.8088172078132629
YMR173W,YPL208W,0,-2.2478356,0.09654178470373154,0.8645161390304565,0.8090322613716125
YPL074W,YNL182C,0,-2.2484753,0.0965186059474945,0.8645161390304565,0.8092473149299622
YBR187W,YLR385C,0,-2.2496908,0.09649544209241867,0.8645161390304565,0.8094623684883118
YMR223W,YNL248C,0,-2.249938,0.09647228568792343,0.8645161390304565,0.8096774220466614
YJR112W,YMR125W,0,-2.2500572,0.09644913673400879,0.8645161390304565,0.809892475605011
YLR357W,YKR100C,0,-2.2500715,0.09642600268125534,0.8645161390304565,0.8101075291633606
YBR121C,YGR106C,0,-2.2502017,0.09640287607908249,0.8645161390304565,0.8103225827217102
YNL221C,YHR136C,0,-2.2503967,0.09637976437807083,0.8645161390304565,0.8105376362800598
YAL015C,YGR162W,0,-2.2507489,0.09635666012763977,0.8645161390304565,0.8107526898384094
YHR108W,YOL127W,0,-2.2507613,0.0963335707783699,0.8645161390304565,0.810967743396759
YMR017W,YDR424C,0,-2.2507842,0.09631049633026123,0.8645161390304565,0.8111827969551086
YNL059C,YGR158C,0,-2.2509131,0.09628742188215256,0.8645161390304565,0.8113978505134583
YER029C,YOR087W,0,-2.2509234,0.09626436978578568,0.8645161390304565,0.8116129040718079
YGR189C,YKR058W,0,-2.2511086,0.09624132513999939,0.8645161390304565,0.8118279576301575
YFR018C,YBR223C,0,-2.2512586,0.0962182879447937,0.8645161390304565,0.8120430111885071
YHR175W,YEL018W,0,-2.2514346,0.0961952656507492,0.8645161390304565,0.8122580647468567
YAL024C,YJR031C,1,-2.2519643,0.09641148149967194,0.8666666746139526,0.8122580647468567
YLR055C,YLR244C,0,-2.2522376,0.09638842195272446,0.8666666746139526,0.8124731183052063
YBR087W,YGR178C,0,-2.252693,0.09636537730693817,0.8666666746139526,0.8126881718635559
YLR310C,YJR031C,1,-2.2527,0.09658139944076538,0.8688172101974487,0.8126881718635559
YFL026W,YML081W,0,-2.2530484,0.09655831754207611,0.8688172101974487,0.8129032254219055
YFL021W,YIR017C,0,-2.2532208,0.09653524309396744,0.8688172101974487,0.8131182789802551
YDL227C,YPL048W,0,-2.2534764,0.09651218354701996,0.8688172101974487,0.8133333325386047
YDR257C,YIL046W,0,-2.2544148,0.09648913145065308,0.8688172101974487,0.8135483860969543
YNR026C,YJR031C,1,-2.2545707,0.0967048704624176,0.8709677457809448,0.8135483860969543
YNL135C,YCR036W,0,-2.2546148,0.09668178856372833,0.8709677457809448,0.813763439655304
YJL171C,YLL013C,0,-2.2557893,0.09665871411561966,0.8709677457809448,0.8139784932136536
YJR158W,YCR057C,0,-2.2559626,0.09663564711809158,0.8709677457809448,0.8141935467720032
YBR243C,YDR200C,0,-2.2562459,0.0966125950217247,0.8709677457809448,0.8144086003303528
YLR323C,YNL190W,0,-2.2566772,0.09658955037593842,0.8709677457809448,0.8146236538887024
YER155C,YCL068C,1,-2.256825,0.09680496156215668,0.8731182813644409,0.8146236538887024
YHR190W,YLR134W,0,-2.2573807,0.09678187966346741,0.8731182813644409,0.814838707447052
YER167W,YGL025C,0,-2.257476,0.09675882011651993,0.8731182813644409,0.8150537610054016
YKL190W,YKR083C,0,-2.2576916,0.09673576056957245,0.8731182813644409,0.8152688145637512
YOR019W,YPL259C,0,-2.2581317,0.09671272337436676,0.8731182813644409,0.8154838681221008
YFL045C,YKR026C,0,-2.2581558,0.09668968617916107,0.8731182813644409,0.8156989216804504
YDR306C,YNR002C,0,-2.2583969,0.09666666388511658,0.8731182813644409,0.8159139752388
YPR190C,YOL151W,0,-2.2587087,0.09664365649223328,0.8731182813644409,0.8161290287971497
YLR239C,YGR254W,0,-2.2589517,0.09662065654993057,0.8731182813644409,0.8163440823554993
YLR050C,YDL223C,0,-2.2595003,0.09659767150878906,0.8731182813644409,0.8165591359138489
YER115C,YDR424C,0,-2.259703,0.09657469391822815,0.8731182813644409,0.8167741894721985
YML034W,YDR204W,0,-2.2597485,0.09655172377824783,0.8731182813644409,0.8169892430305481
YLR270W,YGL010W,0,-2.2598498,0.09652876853942871,0.8731182813644409,0.8172042965888977
YJR108W,YGL209W,0,-2.260124,0.09650582075119019,0.8731182813644409,0.8174193501472473
YDR055W,YGR194C,0,-2.2608166,0.09648288786411285,0.8731182813644409,0.8176344037055969
YHR006W,YHR001W-A,0,-2.2616239,0.09645996987819672,0.8731182813644409,0.8178494572639465
YNL273W,YPR155C,0,-2.2620902,0.09643705189228058,0.8731182813644409,0.8180645108222961
YLR212C,YMR105C,0,-2.2624712,0.09641415625810623,0.8731182813644409,0.8182795643806458
YNR050C,YDR044W,0,-2.262655,0.09639126062393188,0.8731182813644409,0.8184946179389954
YML030W,YBR010W,0,-2.2628582,0.09636837989091873,0.8731182813644409,0.818709671497345
YPL274W,YOR119C,0,-2.2630668,0.09634551405906677,0.8731182813644409,0.8189247250556946
YHL034C,YDR235W,0,-2.263106,0.09632265567779541,0.8731182813644409,0.8191397786140442
YML080W,YKR104W,0,-2.263455,0.09629981219768524,0.8731182813644409,0.8193548321723938
YBR283C,YPR002W,0,-2.2641025,0.09627697616815567,0.8731182813644409,0.8195698857307434
YDR007W,YML132W,0,-2.2645307,0.0962541475892067,0.8731182813644409,0.819784939289093
YCL044C,YDL024C,0,-2.2646677,0.09623133391141891,0.8731182813644409,0.8199999928474426
YOR260W,YAL024C,1,-2.265531,0.09644550085067749,0.875268816947937,0.8199999928474426
YEL044W,YPR120C,0,-2.2656064,0.09642264991998672,0.875268816947937,0.8202150464057922
YIL134W,YBR003W,0,-2.2661529,0.09639981389045715,0.875268816947937,0.8204300999641418
YOR177C,YLR121C,0,-2.2664378,0.09637698531150818,0.875268816947937,0.8206451535224915
YOR096W,YCR030C,0,-2.2667165,0.0963541641831398,0.875268816947937,0.8208602070808411
YBR169C,YFL057C,0,-2.2672207,0.09633135795593262,0.875268816947937,0.8210752606391907
YMR194W,YBR281C,0,-2.2674043,0.09630856662988663,0.875268816947937,0.8212903141975403
YPR048W,YEL016C,0,-2.2675068,0.09628578275442123,0.875268816947937,0.8215053677558899
YLR414C,YCR057C,0,-2.2682936,0.09626300632953644,0.875268816947937,0.8217204213142395
YCL068C,YPR149W,0,-2.2688658,0.09624024480581284,0.875268816947937,0.8219354748725891
YHR209W,YOR222W,0,-2.2690852,0.09621749073266983,0.875268816947937,0.8221505284309387
YGR255C,YMR114C,0,-2.2695682,0.09619475156068802,0.875268816947937,0.8223655819892883
YOL132W,YLR107W,0,-2.2697706,0.0961720198392868,0.875268816947937,0.8225806355476379
YOR175C,YGL031C,0,-2.270081,0.09614930301904678,0.875268816947937,0.8227956891059875
YER190W,YMR262W,0,-2.2704482,0.09612659364938736,0.875268816947937,0.8230107426643372
YMR090W,YPL022W,0,-2.2709079,0.09610389918088913,0.875268816947937,0.8232257962226868
YDR054C,YJR042W,0,-2.2714646,0.0960812121629715,0.875268816947937,0.8234408497810364
YNL221C,YDR096W,0,-2.271499,0.09605853259563446,0.875268816947937,0.823655903339386
YOL152W,YAL035W,0,-2.271499,0.09603586792945862,0.875268816947937,0.8238709568977356
YMR143W,YDR298C,0,-2.2723317,0.09601321071386337,0.875268816947937,0.8240860104560852
YLL055W,YLR442C,0,-2.2726934,0.09599056839942932,0.875268816947937,0.8243010640144348
YGL021W,YGR175C,0,-2.2731533,0.09596793353557587,0.875268816947937,0.8245161175727844
YPL058C,YPL116W,0,-2.273163,0.09594530612230301,0.875268816947937,0.824731171131134
YLR246W,YKL141W,0,-2.2731645,0.09592269361019135,0.875268816947937,0.8249462246894836
YDR534C,YPL259C,0,-2.2732031,0.09590009599924088,0.875268816947937,0.8251612782478333
YOR150W,YLR061W,0,-2.273289,0.095877505838871,0.875268816947937,0.8253763318061829
YMR243C,YBR040W,0,-2.2735527,0.09585492312908173,0.875268816947937,0.8255913853645325
YJL080C,YBL092W,0,-2.2736843,0.09583235532045364,0.875268816947937,0.8258064389228821
YER061C,YDR513W,0,-2.274024,0.09580979496240616,0.875268816947937,0.8260214924812317
YNL308C,YJL213W,0,-2.274041,0.09578724205493927,0.875268816947937,0.8262365460395813
YPR072W,YDR407C,0,-2.2741606,0.09576470404863358,0.875268816947937,0.8264515995979309
YDR009W,YPR080W,0,-2.274454,0.09574218094348907,0.875268816947937,0.8266666531562805
YGL097W,YAL003W,1,-2.2750933,0.09595484286546707,0.8774193525314331,0.8266666531562805
YIL136W,YDL076C,0,-2.275343,0.09593228250741959,0.8774193525314331,0.8268817067146301
YJL044C,YMR055C,0,-2.275615,0.0959097295999527,0.8774193525314331,0.8270967602729797
YCR087C-A,YGL162W,0,-2.2758577,0.095887191593647,0.8774193525314331,0.8273118138313293
YML051W,YHR005C-A,0,-2.2763746,0.0958646610379219,0.8774193525314331,0.827526867389679
YDR064W,YPL173W,0,-2.2766922,0.095842145383358,0.8774193525314331,0.8277419209480286
YJR031C,YLR371W,1,-2.2767308,0.09605448693037033,0.8795698881149292,0.8277419209480286
YML043C,YDR397C,0,-2.2769074,0.09603193402290344,0.8795698881149292,0.8279569745063782
YBR109C,YNL188W,0,-2.2769673,0.09600938856601715,0.8795698881149292,0.8281720280647278
YHR116W,YJR120W,0,-2.2771807,0.09598685801029205,0.8795698881149292,0.8283870816230774
YMR176W,YMR250W,0,-2.2774525,0.09596433490514755,0.8795698881149292,0.828602135181427
YNL175C,YGL128C,0,-2.277613,0.09594182670116425,0.8795698881149292,0.8288171887397766
YDR386W,YBR240C,0,-2.2785513,0.09591932594776154,0.8795698881149292,0.8290322422981262
YOR241W,YHR135C,0,-2.278965,0.09589683264493942,0.8795698881149292,0.8292472958564758
YNL217W,YLR142W,0,-2.2790992,0.0958743542432785,0.8795698881149292,0.8294623494148254
YDR478W,YGR046W,0,-2.2795465,0.09585188329219818,0.8795698881149292,0.829677402973175
YBR091C,YJL189W,0,-2.2799547,0.09582942724227905,0.8795698881149292,0.8298924565315247
YCR060W,YDR393W,0,-2.2803686,0.09580697864294052,0.8795698881149292,0.8301075100898743
YLR390W-A,YJL141C,0,-2.2805874,0.09578454494476318,0.8795698881149292,0.8303225636482239
YJR031C,YAL041W,1,-2.280734,0.09599625319242477,0.8817204236984253,0.8303225636482239
YDL107W,YMR250W,0,-2.2809246,0.09597378224134445,0.8817204236984253,0.8305376172065735
YMR049C,YDR368W,0,-2.2810524,0.09595131874084473,0.8817204236984253,0.8307526707649231
YGL035C,YMR169C,0,-2.281381,0.0959288701415062,0.8817204236984253,0.8309677243232727
YLR007W,YAL029C,0,-2.2816913,0.09590643644332886,0.8817204236984253,0.8311827778816223
YLR292C,YJL190C,0,-2.2817564,0.09588400274515152,0.8817204236984253,0.8313978314399719
YDR211W,YNR026C,1,-2.282049,0.09609539061784744,0.8838709592819214,0.8313978314399719
YAL034W-A,YPL104W,0,-2.2821743,0.09607293456792831,0.8838709592819214,0.8316128849983215
YBR009C,YDR236C,0,-2.2822971,0.09605047851800919,0.8838709592819214,0.8318279385566711
YNL010W,YOR320C,0,-2.2824047,0.09602803736925125,0.8838709592819214,0.8320429921150208
YMR056C,YHR012W,0,-2.2825263,0.09600560367107391,0.8838709592819214,0.8322580456733704
YEL027W,YER083C,0,-2.2827656,0.09598318487405777,0.8838709592819214,0.83247309923172
YOR290C,YOR373W,0,-2.2829764,0.09596077352762222,0.8838709592819214,0.8326881527900696
YGR083C,YAL041W,1,-2.283262,0.0961718037724495,0.8860214948654175,0.8326881527900696
YMR311C,YNL081C,0,-2.283294,0.09614935517311096,0.8860214948654175,0.8329032063484192
YKL164C,YAR002C-A,0,-2.2832944,0.09612692147493362,0.8860214948654175,0.8331182599067688
YJR031C,YKR026C,1,-2.2835639,0.09633776545524597,0.8881720304489136,0.8331182599067688
YDR518W,YLR295C,0,-2.2837315,0.09631530195474625,0.8881720304489136,0.8333333134651184
YLR090W,YHR201C,0,-2.2848623,0.09629283845424652,0.8881720304489136,0.833548367023468
YGL259W,YOR177C,0,-2.285191,0.09627039730548859,0.8881720304489136,0.8337634205818176
YNL149C,YJL133W,0,-2.285311,0.09624796360731125,0.8881720304489136,0.8339784741401672
YNR001C,YBR031W,0,-2.2857754,0.09622553735971451,0.8881720304489136,0.8341935276985168
YPR156C,YHR027C,0,-2.285925,0.09620311856269836,0.8881720304489136,0.8344085812568665
YDR296W,YKL145W,0,-2.28618,0.09618071466684341,0.8881720304489136,0.8346236348152161
YMR182C,YGL111W,0,-2.2868135,0.09615832567214966,0.8881720304489136,0.8348386883735657
YJL024C,YOL109W,0,-2.2873657,0.0961359441280365,0.8881720304489136,0.8350537419319153
YEL041W,YHR037W,0,-2.2879114,0.09611357003450394,0.8881720304489136,0.8352687954902649
YJL098W,YDR511W,0,-2.2882164,0.09609120339155197,0.8881720304489136,0.8354838490486145
YMR211W,YKR026C,0,-2.2884412,0.0960688516497612,0.8881720304489136,0.8356989026069641
YDR226W,YDR449C,0,-2.2889206,0.09604651480913162,0.8881720304489136,0.8359139561653137
YDR169C,YGL037C,0,-2.289242,0.09602417796850204,0.8881720304489136,0.8361290097236633
YER062C,YMR077C,0,-2.2895122,0.09600185602903366,0.8881720304489136,0.8363440632820129
YGR165W,YDR454C,0,-2.2898886,0.09597954899072647,0.8881720304489136,0.8365591168403625
YNL070W,YLR367W,0,-2.2903612,0.09595724940299988,0.8881720304489136,0.8367741703987122
YBR214W,YHR179W,0,-2.2905896,0.09593495726585388,0.8881720304489136,0.8369892239570618
YPL068C,YPR110C,0,-2.290642,0.09591268002986908,0.8881720304489136,0.8372042775154114
YPL093W,YOR267C,0,-2.290908,0.09589041024446487,0.8881720304489136,0.837419331073761
YGR054W,YGR234W,0,-2.2910795,0.09586815536022186,0.8881720304489136,0.8376343846321106
YDR018C,YHR067W,0,-2.2914045,0.09584590047597885,0.8881720304489136,0.8378494381904602
YIL144W,YGL251C,0,-2.2914548,0.09582366794347763,0.8881720304489136,0.8380644917488098
YPR154W,YOR176W,0,-2.2915258,0.09580143541097641,0.8881720304489136,0.8382795453071594
YPR043W,YPR155C,0,-2.2919216,0.09577921777963638,0.8881720304489136,0.838494598865509
YKR066C,YKL191W,0,-2.2919357,0.09575701504945755,0.8881720304489136,0.8387096524238586
YKR026C,YCL068C,1,-2.2927828,0.09596662223339081,0.8903225660324097,0.8387096524238586
YJR006W,YBR115C,0,-2.2928207,0.09594438225030899,0.8903225660324097,0.8389247059822083
YDL200C,YGR144W,0,-2.2931144,0.09592214971780777,0.8903225660324097,0.8391397595405579
YER165W,YEL016C,0,-2.2934515,0.09589993208646774,0.8903225660324097,0.8393548130989075
YNL213C,YJL048C,0,-2.2936256,0.09587772190570831,0.8903225660324097,0.8395698666572571
YJL134W,YIL078W,0,-2.2939355,0.09585551917552948,0.8903225660324097,0.8397849202156067
YEL058W,YBR287W,0,-2.2940202,0.09583333134651184,0.8903225660324097,0.8399999737739563
YMR078C,YBR029C,0,-2.2947404,0.0958111584186554,0.8903225660324097,0.8402150273323059
YOL120C,YLR099C,0,-2.2956798,0.09578898549079895,0.8903225660324097,0.8404300808906555
YOL142W,YCL031C,0,-2.2958477,0.0957668274641037,0.8903225660324097,0.8406451344490051
YPR028W,YNR011C,0,-2.2961109,0.09574468433856964,0.8903225660324097,0.8408601880073547
YDR365C,YAL003W,0,-2.2963114,0.09572254121303558,0.8903225660324097,0.8410752415657043
YGR285C,YDL124W,0,-2.2972324,0.09570041298866272,0.8903225660324097,0.841290295124054
YPR152C,YLR382C,0,-2.2978451,0.09567829966545105,0.8903225660324097,0.8415053486824036
YBR142W,YDR536W,0,-2.2983754,0.09565619379281998,0.8903225660324097,0.8417204022407532
YBR145W,YOR032C,0,-2.298609,0.0956340953707695,0.8903225660324097,0.8419354557991028
YGL096W,YIR037W,0,-2.298734,0.09561201184988022,0.8903225660324097,0.8421505093574524
YDR205W,YLR196W,0,-2.2998624,0.09558993577957153,0.8903225660324097,0.842365562915802
YOR298W,YGR251W,0,-2.299867,0.09556786715984344,0.8903225660324097,0.8425806164741516
YKL195W,YMR169C,0,-2.3002105,0.09554581344127655,0.8903225660324097,0.8427956700325012
YNL112W,YGL129C,0,-2.3003058,0.09552376717329025,0.8903225660324097,0.8430107235908508
YCR011C,YKL129C,0,-2.3013012,0.09550172835588455,0.8903225660324097,0.8432257771492004
YMR001C,YJL005W,0,-2.3021748,0.09547970443964005,0.8903225660324097,0.84344083070755
YOR261C,YIL018W,0,-2.3030014,0.09545768797397614,0.8903225660324097,0.8436558842658997
YJR054W,YNL049C,0,-2.3033216,0.09543568640947342,0.8903225660324097,0.843870997428894
YKL117W,YPL103C,0,-2.3035662,0.0954136922955513,0.8903225660324097,0.8440860509872437
YKL026C,YOR123C,0,-2.3035965,0.09539170563220978,0.8903225660324097,0.8443011045455933
YNL180C,YIL113W,0,-2.3037403,0.09536973387002945,0.8903225660324097,0.8445161581039429
YHR169W,YDR528W,0,-2.3038251,0.09534776955842972,0.8903225660324097,0.8447312116622925
YGL189C,YPR119W,0,-2.3050022,0.09532581269741058,0.8903225660324097,0.8449462652206421
YKL129C,YER055C,0,-2.3062894,0.09530387073755264,0.8903225660324097,0.8451613187789917
YPL038W,YDR190C,0,-2.3063345,0.0952819362282753,0.8903225660324097,0.8453763723373413
YJR121W,YNL006W,0,-2.3066213,0.09526000916957855,0.8903225660324097,0.8455914258956909
YLR295C,YOR038C,0,-2.3071516,0.095238097012043,0.8903225660324097,0.8458064794540405
YKR049C,YAR007C,0,-2.307544,0.09521619230508804,0.8903225660324097,0.8460215330123901
YMR091C,YLR360W,0,-2.3077958,0.09519429504871368,0.8903225660324097,0.8462365865707397
YNL111C,YJL069C,0,-2.3099685,0.09517241269350052,0.8903225660324097,0.8464516401290894
YOL098C,YOR224C,0,-2.3101366,0.09515053778886795,0.8903225660324097,0.846666693687439
YBL052C,YBR175W,0,-2.3101466,0.09512867778539658,0.8903225660324097,0.8468817472457886
YMR192W,YOL029C,0,-2.3102171,0.0951068252325058,0.8903225660324097,0.8470968008041382
YOR080W,YBR191W,0,-2.3108463,0.09508498013019562,0.8903225660324097,0.8473118543624878
YDR109C,YNL101W,0,-2.311151,0.09506314247846603,0.8903225660324097,0.8475269079208374
YPR144C,YMR149W,0,-2.311652,0.09504131972789764,0.8903225660324097,0.847741961479187
YOR175C,YGL135W,0,-2.3118637,0.09501951187849045,0.8903225660324097,0.8479570150375366
YGR056W,YBR173C,0,-2.312183,0.09499770402908325,0.8903225660324097,0.8481720685958862
YDR367W,YBR024W,0,-2.313376,0.09497591108083725,0.8903225660324097,0.8483871221542358
YNL159C,YOR032C,0,-2.3134015,0.09495412558317184,0.8903225660324097,0.8486021757125854
YDR309C,YKL195W,0,-2.3146183,0.09493235498666763,0.8903225660324097,0.8488172292709351
YPR191W,YBR005W,0,-2.3146327,0.09491059184074402,0.8903225660324097,0.8490322828292847
YDR356W,YMR307W,0,-2.315151,0.094888836145401,0.8903225660324097,0.8492473363876343
YLR413W,YGR225W,0,-2.3155577,0.09486709535121918,0.8903225660324097,0.8494623899459839
YNL274C,YFL011W,0,-2.3158698,0.09484536200761795,0.8903225660324097,0.8496774435043335
YMR223W,YNL298W,0,-2.3159013,0.09482363611459732,0.8903225660324097,0.8498924970626831
YER106W,YCR054C,0,-2.316292,0.09480192512273788,0.8903225660324097,0.8501075506210327
YPR175W,YJL094C,0,-2.3167202,0.09478022158145905,0.8903225660324097,0.8503226041793823
YAR010C,YMR022W,0,-2.316963,0.0947585254907608,0.8903225660324097,0.8505376577377319
YOR009W,YDR387C,0,-2.3170178,0.09473684430122375,0.8903225660324097,0.8507527112960815
YBL106C,YNL102W,0,-2.3172233,0.0947151705622673,0.8903225660324097,0.8509677648544312
YPR154W,YGL049C,0,-2.3172343,0.09469350427389145,0.8903225660324097,0.8511828184127808
YML087C,YPR011C,0,-2.3181798,0.09467185288667679,0.8903225660324097,0.8513978719711304
YHR160C,YPL099C,0,-2.3187435,0.09465020895004272,0.8903225660324097,0.85161292552948
YGL097W,YDL100C,1,-2.3187685,0.09485714137554169,0.8924731016159058,0.85161292552948
YGR263C,YPL033C,0,-2.3191905,0.09483546763658524,0.8924731016159058,0.8518279790878296
YDR361C,YLR143W,0,-2.3194149,0.09481380134820938,0.8924731016159058,0.8520430326461792
YPL147W,YNR007C,0,-2.3195355,0.09479214251041412,0.8924731016159058,0.8522580862045288
YOL101C,YHR061C,0,-2.319659,0.09477049857378006,0.8924731016159058,0.8524731397628784
YPL189W,YHR142W,0,-2.3196702,0.09474886208772659,0.8924731016159058,0.852688193321228
YNL274C,YKR036C,0,-2.3197486,0.09472723305225372,0.8924731016159058,0.8529032468795776
YOR260W,YNR026C,1,-2.320142,0.09493382275104523,0.8946236371994019,0.8529032468795776
YMR049C,YNL311C,0,-2.320316,0.09491216391324997,0.8946236371994019,0.8531183004379272
YBR093C,YCR081W,0,-2.3205311,0.09489051252603531,0.8946236371994019,0.8533333539962769
YFL021W,YDR201W,0,-2.3206708,0.09486886858940125,0.8946236371994019,0.8535484075546265
YER093C,YAL003W,1,-2.3209245,0.09507524222135544,0.896774172782898,0.8535484075546265
YPR035W,YBR037C,0,-2.3216755,0.09505356848239899,0.896774172782898,0.8537634611129761
YIL155C,YBR033W,0,-2.3222964,0.09503190219402313,0.896774172782898,0.8539785146713257
YER175C,YBR049C,0,-2.3228927,0.09501025080680847,0.896774172782898,0.8541935682296753
YGL096W,YJR032W,0,-2.3232896,0.09498860687017441,0.896774172782898,0.8544086217880249
YJR134C,YPL176C,0,-2.3237913,0.09496697783470154,0.896774172782898,0.8546236753463745
YKL080W,YOR174W,0,-2.3240528,0.09494535624980927,0.896774172782898,0.8548387289047241
YHR031C,YHR149C,0,-2.3240764,0.09492374211549759,0.896774172782898,0.8550537824630737
YGL220W,YLR088W,0,-2.3242095,0.0949021428823471,0.896774172782898,0.8552688360214233
YMR136W,YOL151W,0,-2.3245943,0.09488054364919662,0.896774172782898,0.855483889579773
YHR207C,YNL258C,0,-2.3261814,0.09485895931720734,0.896774172782898,0.8556989431381226
YER012W,YPL202C,0,-2.3266685,0.09483738988637924,0.896774172782898,0.8559139966964722
YNL307C,YGR258C,0,-2.3270543,0.09481582790613174,0.896774172782898,0.8561290502548218
YJR031C,YBR131W,1,-2.3281426,0.09502159804105759,0.898924708366394,0.8561290502548218
YJL208C,YHR010W,0,-2.3282168,0.0949999988079071,0.898924708366394,0.8563441038131714
YPR026W,YDR361C,0,-2.3306642,0.09497841447591782,0.898924708366394,0.856559157371521
YPR204W,YMR156C,0,-2.3310149,0.09495683759450912,0.898924708366394,0.8567742109298706
YLR249W,YGL183C,0,-2.3312638,0.09493526816368103,0.898924708366394,0.8569892644882202
YDR213W,YGL139W,0,-2.331524,0.09491371363401413,0.898924708366394,0.8572043180465698
YKL168C,YIL123W,0,-2.331652,0.09489216655492783,0.898924708366394,0.8574193716049194
YER030W,YCL014W,0,-2.3317018,0.09487063437700272,0.898924708366394,0.857634425163269
YML042W,YER111C,0,-2.332908,0.0948491021990776,0.898924708366394,0.8578494787216187
YER093C,YEL022W,1,-2.3334372,0.09505444765090942,0.9010752439498901,0.8578494787216187
YBR168W,YBR016W,0,-2.3341255,0.09503288567066193,0.9010752439498901,0.8580645322799683
YKR034W,YDR074W,0,-2.3347633,0.09501133859157562,0.9010752439498901,0.8582795858383179
YMR188C,YGL004C,0,-2.3349507,0.09498979896306992,0.9010752439498901,0.8584946393966675
YHL031C,YJL125C,0,-2.3377807,0.0949682667851448,0.9010752439498901,0.8587096929550171
YDR411C,YGR144W,0,-2.3380399,0.09494674950838089,0.9010752439498901,0.8589247465133667
YMR321C,YJR040W,0,-2.3380878,0.09492523968219757,0.9010752439498901,0.8591398000717163
YEL012W,YGL010W,0,-2.3384423,0.09490373730659485,0.9010752439498901,0.8593548536300659
YHR080C,YKL198C,0,-2.3390558,0.09488224983215332,0.9010752439498901,0.8595699071884155
YDR226W,YGR220C,0,-2.3391225,0.09486076235771179,0.9010752439498901,0.8597849607467651
YCR038C,YAL003W,1,-2.339729,0.095065638422966,0.9032257795333862,0.8597849607467651
YFL044C,YPR188C,0,-2.3402863,0.09504412859678268,0.9032257795333862,0.8600000143051147
YDR256C,YGL237C,0,-2.3416154,0.09502262622117996,0.9032257795333862,0.8602150678634644
YFR001W,YJL134W,0,-2.3417554,0.09500113129615784,0.9032257795333862,0.860430121421814
YPL167C,YMR322C,0,-2.3423092,0.09497964382171631,0.9032257795333862,0.8606451749801636
YDR530C,YJL144W,0,-2.3423584,0.09495817124843597,0.9032257795333862,0.8608602285385132
YPL171C,YJR096W,0,-2.3424292,0.09493670612573624,0.9032257795333862,0.8610752820968628
YOR260W,YJR031C,1,-2.3426163,0.09514123946428299,0.9053763151168823,0.8610752820968628
YML063W,YOR267C,0,-2.3428204,0.09511974453926086,0.9053763151168823,0.8612903356552124
YLR058C,YER029C,0,-2.3438723,0.09509825706481934,0.9053763151168823,0.861505389213562
YDL133C-A,YNL173C,0,-2.3443084,0.095076784491539,0.9053763151168823,0.8617204427719116
YPL127C,YLR350W,0,-2.3446925,0.09505531936883926,0.9053763151168823,0.8619354963302612
YDR507C,YBR082C,0,-2.3454306,0.09503386169672012,0.9053763151168823,0.8621505498886108
YDL205C,YOR069W,0,-2.346373,0.09501241147518158,0.9053763151168823,0.8623656034469604
YNL112W,YDR517W,0,-2.3466501,0.09499097615480423,0.9053763151168823,0.8625806570053101
YLR385C,YIL079C,0,-2.3466787,0.09496954828500748,0.9053763151168823,0.8627957105636597
YJL057C,YDR239C,0,-2.3471267,0.09494812786579132,0.9053763151168823,0.8630107641220093
YKL006W,YDR165W,0,-2.3474162,0.09492672234773636,0.9053763151168823,0.8632258176803589
YIL136W,YPR008W,0,-2.3474796,0.0949053168296814,0.9053763151168823,0.8634408712387085
YMR208W,YGR020C,0,-2.3475027,0.09488393366336823,0.9053763151168823,0.8636559247970581
YPR156C,YLR359W,0,-2.3475163,0.09486255049705505,0.9053763151168823,0.8638709783554077
YLL016W,YAL003W,1,-2.3479908,0.09506645798683167,0.9075269103050232,0.8638709783554077
YCL017C,YGL058W,0,-2.3481858,0.0950450450181961,0.9075269103050232,0.8640860319137573
YPL244C,YDL247W,0,-2.348443,0.09502364695072174,0.9075269103050232,0.8643010854721069
YDR055W,YHR158C,0,-2.3485029,0.09500224888324738,0.9075269103050232,0.8645161390304565
YPL240C,YGL083W,0,-2.3508432,0.0949808657169342,0.9075269103050232,0.8647311925888062
YJL191W,YOR287C,0,-2.3510206,0.09495949745178223,0.9075269103050232,0.8649462461471558
YOR279C,YDR160W,0,-2.351254,0.09493812918663025,0.9075269103050232,0.8651612997055054
YLR264W,YLR088W,0,-2.3513002,0.09491677582263947,0.9075269103050232,0.865376353263855
YGL139W,YIL033C,0,-2.35202,0.09489543735980988,0.9075269103050232,0.8655914068222046
YKL212W,YOR348C,0,-2.352073,0.09487409889698029,0.9075269103050232,0.8658064603805542
YJR009C,YJL006C,0,-2.3534696,0.09485277533531189,0.9075269103050232,0.8660215139389038
YLR305C,YHR025W,0,-2.3536851,0.09483145922422409,0.9075269103050232,0.8662365674972534
YNL149C,YLR224W,0,-2.3540752,0.09481015801429749,0.9075269103050232,0.866451621055603
YJL125C,YOR308C,0,-2.3542085,0.09478885680437088,0.9075269103050232,0.8666666746139526
YMR285C,YLL009C,0,-2.3550918,0.09476757049560547,0.9075269103050232,0.8668817281723022
YMR272C,YDR096W,0,-2.355364,0.09474629908800125,0.9075269103050232,0.8670967817306519
YOR261C,YDR150W,0,-2.355751,0.09472502768039703,0.9075269103050232,0.8673118352890015
YGR174C,YCR053W,0,-2.3559253,0.09470377117395401,0.9075269103050232,0.8675268888473511
YKL007W,YDR025W,0,-2.356777,0.09468252211809158,0.9075269103050232,0.8677419424057007
YJR092W,YNL236W,0,-2.3572986,0.09466128051280975,0.9075269103050232,0.8679569959640503
YNL023C,YDL130W,0,-2.357463,0.09464005380868912,0.9075269103050232,0.8681720495223999
YNL062C,YOR036W,0,-2.3580205,0.09461883455514908,0.9075269103050232,0.8683871030807495
YMR074C,YJL162C,0,-2.3583114,0.09459762275218964,0.9075269103050232,0.8686021566390991
YER139C,YDL154W,0,-2.359319,0.09457642585039139,0.9075269103050232,0.8688172101974487
YPL110C,YBL092W,0,-2.3597817,0.09455522894859314,0.9075269103050232,0.8690322637557983
YIL108W,YHR096C,0,-2.360079,0.09453404694795609,0.9075269103050232,0.869247317314148
YDR261C,YKL087C,0,-2.3614364,0.09451287984848022,0.9075269103050232,0.8694623708724976
YBR072W,YKL042W,0,-2.3616345,0.09449171274900436,0.9075269103050232,0.8696774244308472
YDR337W,YIL006W,0,-2.3620617,0.0944705605506897,0.9075269103050232,0.8698924779891968
YPR149W,YMR168C,0,-2.363687,0.09444941580295563,0.9075269103050232,0.8701075315475464
YPL204W,YOL002C,0,-2.363809,0.09442828595638275,0.9075269103050232,0.870322585105896
YJL183W,YDR373W,0,-2.3645208,0.09440715610980988,0.9075269103050232,0.8705376386642456
YOR219C,YGR241C,0,-2.3650088,0.0943860411643982,0.9075269103050232,0.8707526922225952
YGL037C,YGL205W,0,-2.3654346,0.09436493366956711,0.9075269103050232,0.8709677457809448
YOR143C,YBR069C,0,-2.365767,0.09434384107589722,0.9075269103050232,0.8711827993392944
YKL181W,YLR220W,0,-2.3658128,0.09432275593280792,0.9075269103050232,0.871397852897644
YHR160C,YBR045C,0,-2.3658638,0.09430167824029922,0.9075269103050232,0.8716129064559937
YGR086C,YGL222C,0,-2.365977,0.09428060799837112,0.9075269103050232,0.8718279600143433
YJL079C,YKR072C,0,-2.3664272,0.09425954520702362,0.9075269103050232,0.8720430135726929
YPR017C,YBR131W,1,-2.3667881,0.09446181356906891,0.9096774458885193,0.8720430135726929
YNR008W,YOR306C,0,-2.368142,0.09444072097539902,0.9096774458885193,0.8722580671310425
YGL189C,YPR010C,0,-2.3687584,0.09441964328289032,0.9096774458885193,0.8724731206893921
YAL024C,YLR371W,1,-2.368776,0.09462173283100128,0.9118279814720154,0.8724731206893921
YOL028C,YNL031C,0,-2.3687994,0.0946006253361702,0.9118279814720154,0.8726881742477417
YJL059W,YKL063C,0,-2.3696332,0.09457952529191971,0.9118279814720154,0.8729032278060913
YOR260W,YLR291C,1,-2.370104,0.09478144347667694,0.9139785170555115,0.8729032278060913
YDR323C,YDR032C,0,-2.3709424,0.09476031363010406,0.9139785170555115,0.8731182813644409
YPR166C,YOL004W,0,-2.3710227,0.09473919123411179,0.9139785170555115,0.8733333349227905
YGL198W,YJL005W,0,-2.3712037,0.0947180762887001,0.9139785170555115,0.8735483884811401
YJR123W,YGL227W,0,-2.3712947,0.09469696879386902,0.9139785170555115,0.8737634420394897
YER070W,YGR175C,0,-2.3713694,0.09467587620019913,0.9139785170555115,0.8739784955978394
YBR243C,YDR545W,0,-2.3720257,0.09465479105710983,0.9139785170555115,0.874193549156189
YMR098C,YBR067C,0,-2.3720791,0.09463371336460114,0.9139785170555115,0.8744086027145386
YPR200C,YOR172W,0,-2.3722727,0.09461264312267303,0.9139785170555115,0.8746236562728882
YER148W,YMR039C,0,-2.3722758,0.09459158778190613,0.9139785170555115,0.8748387098312378
YPR091C,YMR194W,0,-2.372439,0.09457053989171982,0.9139785170555115,0.8750537633895874
YNL121C,YHR174W,0,-2.3726869,0.0945494994521141,0.9139785170555115,0.875268816947937
YLR212C,YGL222C,0,-2.3731153,0.09452846646308899,0.9139785170555115,0.8754838705062866
YER176W,YMR242C,0,-2.3735209,0.09450744837522507,0.9139785170555115,0.8756989240646362
YHR143W,YPL195W,0,-2.3740914,0.09448643773794174,0.9139785170555115,0.8759139776229858
YGR057C,YHL021C,0,-2.3744998,0.09446543455123901,0.9139785170555115,0.8761290311813354
YKL079W,YMR150C,0,-2.3745167,0.09444444626569748,0.9139785170555115,0.8763440847396851
YBR182C,YOL065C,0,-2.3745983,0.09442345798015594,0.9139785170555115,0.8765591382980347
YOL052C-A,YKL164C,0,-2.3746374,0.0944024845957756,0.9139785170555115,0.8767741918563843
YML107C,YMR211W,0,-2.374982,0.09438152611255646,0.9139785170555115,0.8769892454147339
YGL107C,YPR028W,0,-2.375479,0.09436056762933731,0.9139785170555115,0.8772042989730835
YDR529C,YOR124C,0,-2.3761346,0.09433962404727936,0.9139785170555115,0.8774193525314331
YDR508C,YER103W,0,-2.3762538,0.094318687915802,0.9139785170555115,0.8776344060897827
YLR239C,YML063W,0,-2.3765714,0.09429775923490524,0.9139785170555115,0.8778494596481323
YOR177C,YMR045C,0,-2.3766177,0.09427683800458908,0.9139785170555115,0.8780645132064819
YDR086C,YBL087C,0,-2.377323,0.09425593167543411,0.9139785170555115,0.8782795667648315
YFR032C-A,YOL007C,0,-2.3784096,0.09423503279685974,0.9139785170555115,0.8784946203231812
YBR024W,YHR119W,0,-2.3787282,0.09421414136886597,0.9139785170555115,0.8787096738815308
YLR327C,YJL221C,0,-2.3787317,0.09419326484203339,0.9139785170555115,0.8789247274398804
YEL002C,YMR022W,0,-2.3797503,0.0941723883152008,0.9139785170555115,0.87913978099823
YGR027W-B,YBL005W-B,0,-2.3805008,0.09415152668952942,0.9139785170555115,0.8793548345565796
YOR182C,YMR042W,0,-2.3805208,0.09413067251443863,0.9139785170555115,0.8795698881149292
YGR003W,YGR177C,0,-2.3813443,0.09410983324050903,0.9139785170555115,0.8797849416732788
YBR052C,YNL306W,0,-2.3816962,0.09408899396657944,0.9139785170555115,0.8799999952316284
YJR127C,YKL063C,0,-2.3830092,0.09406816959381104,0.9139785170555115,0.880215048789978
YIL155C,YIL111W,0,-2.3836668,0.09404735267162323,0.9139785170555115,0.8804301023483276
YPL252C,YPL078C,0,-2.3836687,0.09402655065059662,0.9139785170555115,0.8806451559066772
YDL166C,YML015C,0,-2.3849785,0.09400574862957001,0.9139785170555115,0.8808602094650269
YHR171W,YNL178W,0,-2.385732,0.09398496150970459,0.9139785170555115,0.8810752630233765
YDR003W,YMR246W,0,-2.387341,0.09396418184041977,0.9139785170555115,0.8812903165817261
YJL168C,YDR397C,0,-2.3877146,0.09394340962171555,0.9139785170555115,0.8815053701400757
YDR234W,YER145C,0,-2.3880844,0.09392265230417252,0.9139785170555115,0.8817204236984253
YJR123W,YMR289W,0,-2.38811,0.09390190243721008,0.9139785170555115,0.8819354772567749
YLR277C,YKL186C,0,-2.3890026,0.09388116002082825,0.9139785170555115,0.8821505308151245
YAL025C,YNR037C,0,-2.3909998,0.09386042505502701,0.9139785170555115,0.8823655843734741
YER072W,YOL007C,0,-2.391268,0.09383969753980637,0.9139785170555115,0.8825806379318237
YLR287C-A,YDR254W,0,-2.3917565,0.09381898492574692,0.9139785170555115,0.8827956914901733
YPR125W,YDR435C,0,-2.3928697,0.09379827976226807,0.9139785170555115,0.883010745048523
YGL050W,YJR094W-A,0,-2.3936937,0.09377758204936981,0.9139785170555115,0.8832257986068726
YMR090W,YDR062W,0,-2.3937104,0.09375689178705215,0.9139785170555115,0.8834408521652222
YLR276C,YKL061W,0,-2.3941176,0.09373621642589569,0.9139785170555115,0.8836559057235718
YBL041W,YPL007C,0,-2.3947895,0.09371554851531982,0.9139785170555115,0.8838709592819214
YBR066C,YHR010W,0,-2.395026,0.09369488805532455,0.9139785170555115,0.884086012840271
YBR287W,YER120W,0,-2.3950741,0.09367423504590988,0.9139785170555115,0.8843010663986206
YHR013C,YKL004W,0,-2.3953588,0.0936535894870758,0.9139785170555115,0.8845161199569702
YLR312W-A,YKL007W,0,-2.3956466,0.09363295882940292,0.9139785170555115,0.8847311735153198
YIL167W,YHL021C,0,-2.396327,0.09361233562231064,0.9139785170555115,0.8849462270736694
YLR206W,YHR136C,0,-2.3964763,0.09359171986579895,0.9139785170555115,0.885161280632019
YJL034W,YPL240C,0,-2.3966587,0.09357111155986786,0.9139785170555115,0.8853763341903687
YDR404C,YMR203W,0,-2.3966994,0.09355051815509796,0.9139785170555115,0.8855913877487183
YEL065W,YER110C,0,-2.3970032,0.09352993220090866,0.9139785170555115,0.8858064413070679
YLR050C,YDL179W,0,-2.3988073,0.09350935369729996,0.9139785170555115,0.8860214948654175
YKL114C,YIR031C,0,-2.3990648,0.09348878264427185,0.9139785170555115,0.8862365484237671
YJR160C,YKR056W,0,-2.3994548,0.09346821904182434,0.9139785170555115,0.8864516019821167
YGR007W,YGR162W,0,-2.4000568,0.09344767034053802,0.9139785170555115,0.8866666555404663
YJL087C,YHR070W,0,-2.401271,0.0934271290898323,0.9139785170555115,0.8868817090988159
YDR299W,YMR008C,0,-2.401796,0.09340659528970718,0.9139785170555115,0.8870967626571655
YBR271W,YCR094W,0,-2.4018683,0.09338606894016266,0.9139785170555115,0.8873118162155151
YJR145C,YKR077W,0,-2.402373,0.09336555004119873,0.9139785170555115,0.8875268697738647
YMR131C,YIL069C,0,-2.4025073,0.093345046043396,0.9139785170555115,0.8877419233322144
YKL032C,YEL040W,0,-2.4030263,0.09332454949617386,0.9139785170555115,0.887956976890564
YGR189C,YIL113W,0,-2.4036355,0.09330406039953232,0.9139785170555115,0.8881720304489136
YDL097C,YHR139C,0,-2.4036472,0.09328357875347137,0.9139785170555115,0.8883870840072632
YOL120C,YBL028C,0,-2.403828,0.09326311200857162,0.9139785170555115,0.8886021375656128
YBR028C,YNR070W,0,-2.4040198,0.09324265271425247,0.9139785170555115,0.8888171911239624
YHR020W,YDL240W,0,-2.404549,0.09322220087051392,0.9139785170555115,0.889032244682312
YIL047C,YGL053W,0,-2.4058151,0.09320175647735596,0.9139785170555115,0.8892472982406616
YDR289C,YGR005C,0,-2.4070876,0.0931813195347786,0.9139785170555115,0.8894623517990112
YPR169W,YDR090C,0,-2.407437,0.09316089749336243,0.9139785170555115,0.8896774053573608
YMR237W,YLR270W,0,-2.4081147,0.09314047545194626,0.9139785170555115,0.8898924589157104
YBR040W,YGL120C,0,-2.4096549,0.09312006831169128,0.9139785170555115,0.8901075124740601
YLR310C,YPR095C,1,-2.4100368,0.09331873059272766,0.9161290526390076,0.8901075124740601
YGL097W,YKR026C,1,-2.4103222,0.09351730346679688,0.9182795882225037,0.8901075124740601
YDR019C,YLR172C,0,-2.4108882,0.09349682182073593,0.9182795882225037,0.8903225660324097
YJL208C,YOR337W,0,-2.4112172,0.09347635507583618,0.9182795882225037,0.8905376195907593
YOL108C,YPR187W,0,-2.4129047,0.09345589578151703,0.9182795882225037,0.8907526731491089
YDL124W,YLR389C,0,-2.4136317,0.09343545138835907,0.9182795882225037,0.8909677267074585
YFR010W,YBR188C,0,-2.4140146,0.09341500699520111,0.9182795882225037,0.8911827802658081
YJR160C,YNL025C,0,-2.4143467,0.09339457750320435,0.9182795882225037,0.8913978338241577
YBR015C,YBL030C,0,-2.4144351,0.09337415546178818,0.9182795882225037,0.8916128873825073
YJR031C,YCL068C,1,-2.414689,0.09357236325740814,0.9204301238059998,0.8916128873825073
YBR034C,YBR030W,0,-2.4150221,0.09355191141366959,0.9204301238059998,0.8918279409408569
YMR131C,YGR274C,0,-2.415196,0.09353146702051163,0.9204301238059998,0.8920429944992065
YNR026C,YCL068C,1,-2.4154131,0.09372951835393906,0.9225806593894958,0.8920429944992065
YAL003W,YCL068C,1,-2.4158292,0.09392748028039932,0.9247311949729919,0.8920429944992065
YJL125C,YLR224W,0,-2.4160578,0.09390696883201599,0.9247311949729919,0.8922580480575562
YKL103C,YKR094C,0,-2.4180667,0.09388646483421326,0.9247311949729919,0.8924731016159058
YMR289W,YDR031W,0,-2.4182804,0.09386596828699112,0.9247311949729919,0.8926881551742554
YGR083C,YKR026C,1,-2.4185293,0.09406372904777527,0.926881730556488,0.8926881551742554
YKL138C,YOR275C,0,-2.4187148,0.09404320269823074,0.926881730556488,0.892903208732605
YLR348C,YBR012W-B,0,-2.4187753,0.09402269124984741,0.926881730556488,0.8931182622909546
YDR103W,YLR430W,0,-2.4193516,0.09400217980146408,0.926881730556488,0.8933333158493042
YFL066C,YGL037C,0,-2.4193904,0.09398168325424194,0.926881730556488,0.8935483694076538
YJL057C,YBR188C,0,-2.419493,0.0939611941576004,0.926881730556488,0.8937634229660034
YDR464W,YBL023C,0,-2.4198313,0.09394071251153946,0.926881730556488,0.893978476524353
YFR025C,YIL064W,0,-2.420185,0.09392024576663971,0.926881730556488,0.8941935300827026
YAL024C,YAL041W,1,-2.4222796,0.0941176488995552,0.9290322661399841,0.8941935300827026
YKL100C,YHR017W,0,-2.4229028,0.09409714490175247,0.9290322661399841,0.8944085836410522
YGR142W,YNR030W,0,-2.4237084,0.09407665580511093,0.9290322661399841,0.8946236371994019
YBR237W,YFL017W-A,0,-2.4239933,0.09405617415904999,0.9290322661399841,0.8948386907577515
YLR204W,YGR171C,0,-2.424463,0.09403569996356964,0.9290322661399841,0.8950537443161011
YGL097W,YLR371W,1,-2.4246683,0.09423286467790604,0.9311828017234802,0.8950537443161011
YDL133C-A,YOL122C,0,-2.4247806,0.0942123606801033,0.9311828017234802,0.8952687978744507
YMR150C,YBR006W,0,-2.4264827,0.09419186413288116,0.9311828017234802,0.8954838514328003
YOR193W,YNL007C,0,-2.42741,0.09417138248682022,0.9311828017234802,0.8956989049911499
YIL019W,YDR511W,0,-2.4281404,0.09415090084075928,0.9311828017234802,0.8959139585494995
YNR026C,YGR083C,1,-2.4289153,0.09434782713651657,0.9333333373069763,0.8959139585494995
YAL041W,YCL068C,1,-2.429176,0.0945446640253067,0.9354838728904724,0.8959139585494995
YHL044W,YBR297W,0,-2.42932,0.09452412277460098,0.9354838728904724,0.8961290121078491
YBR279W,YGL062W,0,-2.4294128,0.09450358152389526,0.9354838728904724,0.8963440656661987
YDR322W,YGL014W,0,-2.4298582,0.09448305517435074,0.9354838728904724,0.8965591192245483
YPL154C,YBL058W,0,-2.4300349,0.09446254372596741,0.9354838728904724,0.896774172782898
YCR105W,YPL043W,0,-2.4313219,0.09444203227758408,0.9354838728904724,0.8969892263412476
YDR449C,YOR232W,0,-2.431546,0.09442153573036194,0.9354838728904724,0.8972042798995972
YBL076C,YDR122W,0,-2.4319081,0.0944010391831398,0.9354838728904724,0.8974193334579468
YJL079C,YJR160C,0,-2.431929,0.09438055753707886,0.9354838728904724,0.8976343870162964
YHR085W,YDR107C,0,-2.4338353,0.09436008334159851,0.9354838728904724,0.897849440574646
YIR002C,YLR092W,0,-2.4340196,0.09433962404727936,0.9354838728904724,0.8980644941329956
YCR028C,YOR036W,0,-2.4340532,0.0943191647529602,0.9354838728904724,0.8982795476913452
YMR156C,YER056C,0,-2.4344332,0.09429872035980225,0.9354838728904724,0.8984946012496948
YOR086C,YBR177C,0,-2.435441,0.09427828341722488,0.9354838728904724,0.8987096548080444
YPR182W,YPR035W,0,-2.4359424,0.09425785392522812,0.9354838728904724,0.898924708366394
YDL148C,YLL019C,0,-2.4360893,0.09423743188381195,0.9354838728904724,0.8991397619247437
YNL268W,YER142C,0,-2.4361894,0.09421702474355698,0.9354838728904724,0.8993548154830933
YOL052C,YDR268W,0,-2.4364393,0.0941966250538826,0.9354838728904724,0.8995698690414429
YIL135C,YGR251W,0,-2.4367907,0.09417622536420822,0.9354838728904724,0.8997849225997925
YDR356W,YCL061C,0,-2.4371693,0.09415584057569504,0.9354838728904724,0.8999999761581421
YJR034W,YDR226W,0,-2.4383514,0.09413547068834305,0.9354838728904724,0.9002150297164917
YLR048W,YOR037W,0,-2.4385502,0.09411510080099106,0.9354838728904724,0.9004300832748413
YDL055C,YLR367W,0,-2.4397082,0.09409474581480026,0.9354838728904724,0.9006451368331909
YKL060C,YFL029C,0,-2.4406374,0.09407439082860947,0.9354838728904724,0.9008601903915405
YPL143W,YDL007W,0,-2.4412482,0.09405405074357986,0.9354838728904724,0.9010752439498901
YAL019W,YGR161C,0,-2.4414105,0.09403372555971146,0.9354838728904724,0.9012902975082397
YDL101C,YIL113W,0,-2.4415286,0.09401340037584305,0.9354838728904724,0.9015053510665894
YER056C,YLR394W,0,-2.4427366,0.09399308264255524,0.9354838728904724,0.901720404624939
YDR270W,YMR322C,0,-2.4431465,0.09397277981042862,0.9354838728904724,0.9019354581832886
YPL060W,YOR228C,0,-2.4431705,0.0939524844288826,0.9354838728904724,0.9021505117416382
YLR201C,YPL087W,0,-2.4442093,0.09393219649791718,0.9354838728904724,0.9023655652999878
YPL207W,YLR009W,0,-2.4446523,0.09391191601753235,0.9354838728904724,0.9025806188583374
YEL054C,YJL180C,0,-2.4446847,0.09389165043830872,0.9354838728904724,0.902795672416687
YGL050W,YJL048C,0,-2.4448407,0.09387138485908508,0.9354838728904724,0.9030107259750366
YPL189W,YDR460W,0,-2.4460332,0.09385113418102264,0.9354838728904724,0.9032257795333862
YPL274W,YML042W,0,-2.4463558,0.0938308909535408,0.9354838728904724,0.9034408330917358
YER161C,YBR159W,0,-2.4464657,0.09381065517663956,0.9354838728904724,0.9036558866500854
YCL034W,YEL002C,0,-2.4472501,0.09379042685031891,0.9354838728904724,0.9038709402084351
YNL302C,YMR215W,0,-2.448068,0.09377020597457886,0.9354838728904724,0.9040859937667847
YDR165W,YOR391C,0,-2.4482374,0.09375,0.9354838728904724,0.9043010473251343
YPR190C,YLR439W,0,-2.4499857,0.09372980147600174,0.9354838728904724,0.9045161008834839
YMR311C,YPR159W,0,-2.4500754,0.09370961040258408,0.9354838728904724,0.9047311544418335
YOR359W,YLR129W,0,-2.451114,0.09368942677974701,0.9354838728904724,0.9049462080001831
YML021C,YOR045W,0,-2.4519286,0.09366925060749054,0.9354838728904724,0.9051612615585327
YGL200C,YIL159W,0,-2.4521887,0.09364908188581467,0.9354838728904724,0.9053763151168823
YIL160C,YMR205C,0,-2.4524457,0.09362892806529999,0.9354838728904724,0.9055913686752319
YDL184C,YCR065W,0,-2.4535573,0.0936087816953659,0.9354838728904724,0.9058064222335815
YGR202C,YPR178W,0,-2.4542665,0.09358864277601242,0.9354838728904724,0.9060214757919312
YOR288C,YMR152W,0,-2.454267,0.09356851130723953,0.9354838728904724,0.9062365293502808
YNR026C,YLR291C,1,-2.4554884,0.09376344084739685,0.9376344084739685,0.9062365293502808
YDR211W,YKR026C,1,-2.4555829,0.0939582884311676,0.9397849440574646,0.9062365293502808
YGR034W,YHR110W,0,-2.4559414,0.09393808990716934,0.9397849440574646,0.9064516425132751
YKR007W,YJL191W,0,-2.4560149,0.09391789883375168,0.9397849440574646,0.9066666960716248
YOR145C,YFL044C,0,-2.4563239,0.09389772266149521,0.9397849440574646,0.9068817496299744
YLR377C,YMR281W,0,-2.4566615,0.09387755393981934,0.9397849440574646,0.907096803188324
YLR299W,YMR133W,0,-2.4578717,0.09385738521814346,0.9397849440574646,0.9073118567466736
YHR111W,YPR048W,0,-2.458316,0.09383723139762878,0.9397849440574646,0.9075269103050232
YHR085W,YDL022W,0,-2.4589565,0.0938170924782753,0.9397849440574646,0.9077419638633728
YBR261C,YNR053C,0,-2.4593663,0.09379695355892181,0.9397849440574646,0.9079570174217224
YML129C,YML054C,0,-2.459674,0.09377682209014893,0.9397849440574646,0.908172070980072
YJL208C,YLR357W,0,-2.460148,0.09375670552253723,0.9397849440574646,0.9083871245384216
YKL061W,YCR052W,0,-2.4603004,0.09373659640550613,0.9397849440574646,0.9086021780967712
YBR289W,YMR165C,0,-2.4609149,0.09371649473905563,0.9397849440574646,0.9088172316551208
YNL317W,YKL109W,0,-2.4620697,0.09369640052318573,0.9397849440574646,0.9090322852134705
YLR329W,YJR140C,0,-2.4621062,0.09367631375789642,0.9397849440574646,0.9092473387718201
YNL156C,YDL144C,0,-2.4626462,0.09365623444318771,0.9397849440574646,0.9094623923301697
YDL040C,YEL032W,0,-2.4636505,0.0936361700296402,0.9397849440574646,0.9096774458885193
YJL054W,YBR052C,0,-2.464103,0.09361611306667328,0.9397849440574646,0.9098924994468689
YJR134C,YJR042W,0,-2.4647484,0.09359605610370636,0.9397849440574646,0.9101075530052185
YGL213C,YMR008C,0,-2.4651363,0.09357601404190063,0.9397849440574646,0.9103226065635681
YLR441C,YLR008C,0,-2.4653986,0.0935559868812561,0.9397849440574646,0.9105376601219177
YKL051W,YNR022C,0,-2.4654,0.09353595972061157,0.9397849440574646,0.9107527136802673
YLR371W,YML097C,1,-2.4656122,0.09372993558645248,0.9419354796409607,0.9107527136802673
YBR058C,YLR151C,0,-2.465623,0.09370988607406616,0.9419354796409607,0.9109677672386169
YJL079C,YNL023C,0,-2.4662611,0.09368983656167984,0.9419354796409607,0.9111828207969666
YML106W,YGL010W,0,-2.466428,0.09366980195045471,0.9419354796409607,0.9113978743553162
YOL102C,YJL006C,0,-2.4667637,0.09364977478981018,0.9419354796409607,0.9116129279136658
YLR305C,YDR093W,0,-2.4667914,0.09362975507974625,0.9419354796409607,0.9118279814720154
YKL081W,YNL230C,0,-2.4674013,0.09360974282026291,0.9419354796409607,0.912043035030365
YCR010C,YCR087C-A,0,-2.467645,0.09358974546194077,0.9419354796409607,0.9122580885887146
YER036C,YLR196W,0,-2.4678729,0.09356974810361862,0.9419354796409607,0.9124731421470642
YKR083C,YNL185C,0,-2.4680007,0.09354976564645767,0.9419354796409607,0.9126881957054138
YPL183C,YNL194C,0,-2.4680378,0.09352979063987732,0.9419354796409607,0.9129032492637634
YPR095C,YLR371W,1,-2.4684515,0.09372331202030182,0.9440860152244568,0.9129032492637634
YBR038W,YLR093C,0,-2.4700093,0.09370330721139908,0.9440860152244568,0.913118302822113
YDR039C,YDR353W,0,-2.470515,0.09368330985307693,0.9440860152244568,0.9133333563804626
YDL142C,YEL027W,0,-2.4708803,0.09366332739591599,0.9440860152244568,0.9135484099388123
YJR121W,YBR287W,0,-2.4708936,0.09364334493875504,0.9440860152244568,0.9137634634971619
YGR052W,YDL185W,0,-2.4709136,0.09362337738275528,0.9440860152244568,0.9139785170555115
YOR386W,YPL271W,0,-2.4720306,0.09360340982675552,0.9440860152244568,0.9141935706138611
YER153C,YDL036C,0,-2.4726708,0.09358345717191696,0.9440860152244568,0.9144086241722107
YJR108W,YJR021C,0,-2.4734702,0.093563511967659,0.9440860152244568,0.9146236777305603
YOL093W,YPL112C,0,-2.4738576,0.09354357421398163,0.9440860152244568,0.9148387312889099
YCL059C,YAL038W,0,-2.4740415,0.09352364391088486,0.9440860152244568,0.9150537848472595
YPR159W,YDR179C,0,-2.4741333,0.09350372850894928,0.9440860152244568,0.9152688384056091
YMR229C,YGR251W,0,-2.4762506,0.0934838131070137,0.9440860152244568,0.9154838919639587
YFR015C,YGR211W,0,-2.4773173,0.09346391260623932,0.9440860152244568,0.9156989455223083
YLR251W,YNL207W,0,-2.478543,0.09344401955604553,0.9440860152244568,0.915913999080658
YHR148W,YLR080W,0,-2.4786236,0.09342413395643234,0.9440860152244568,0.9161290526390076
YOR260W,YEL022W,1,-2.4793625,0.0936170220375061,0.9462365508079529,0.9161290526390076
YFR008W,YNR002C,0,-2.4793646,0.09359710663557053,0.9462365508079529,0.9163441061973572
YER072W,YDR288W,0,-2.480315,0.09357719868421555,0.9462365508079529,0.9165591597557068
YPR169W,YDR497C,0,-2.4804022,0.09355730563402176,0.9462365508079529,0.9167742133140564
YGR234W,YFR030W,0,-2.4810185,0.09353741258382797,0.9462365508079529,0.916989266872406
YKL064W,YCR005C,0,-2.483444,0.09351753443479538,0.9462365508079529,0.9172043204307556
YLL008W,YAL038W,0,-2.4860184,0.09349766373634338,0.9462365508079529,0.9174193739891052
YPR191W,YAL011W,0,-2.486431,0.09347780048847198,0.9462365508079529,0.9176344275474548
YBR145W,YAL044C,0,-2.4878833,0.09345794469118118,0.9462365508079529,0.9178494811058044
YIL148W,YNL008C,0,-2.4884057,0.09343809634447098,0.9462365508079529,0.918064534664154
YIL142W,YNL036W,0,-2.4884107,0.09341825544834137,0.9462365508079529,0.9182795882225037
YNL027W,YPL150W,0,-2.4884183,0.09339842945337296,0.9462365508079529,0.9184946417808533
YER159C,YMR046C,0,-2.488629,0.09337861090898514,0.9462365508079529,0.9187096953392029
YNL012W,YDL245C,0,-2.4898837,0.09335879236459732,0.9462365508079529,0.9189247488975525
YDR046C,YNL322C,0,-2.4924405,0.0933389887213707,0.9462365508079529,0.9191398024559021
YGR142W,YJR150C,0,-2.4933398,0.09331919252872467,0.9462365508079529,0.9193548560142517
YBR296C,YKR102W,0,-2.494387,0.09329940378665924,0.9462365508079529,0.9195699095726013
YER015W,YHR170W,0,-2.4947178,0.093279629945755,0.9462365508079529,0.9197849631309509
YOL032W,YGL136C,0,-2.4965105,0.09325985610485077,0.9462365508079529,0.9200000166893005
YOL102C,YGR161C,0,-2.497053,0.09324008971452713,0.9462365508079529,0.9202150702476501
YOL092W,YNL282W,0,-2.4971144,0.09322033822536469,0.9462365508079529,0.9204301238059998
YOR310C,YMR257C,0,-2.497294,0.09320059418678284,0.9462365508079529,0.9206451773643494
YOL064C,YDR251W,0,-2.4980829,0.09318085759878159,0.9462365508079529,0.920860230922699
YBR283C,YDL017W,0,-2.4986823,0.09316112846136093,0.9462365508079529,0.9210752844810486
YPL113C,YMR297W,0,-2.5001533,0.09314140677452087,0.9462365508079529,0.9212903380393982
YLR105C,YOR382W,0,-2.5013072,0.09312169253826141,0.9462365508079529,0.9215053915977478
YNL121C,YER012W,0,-2.501342,0.09310198575258255,0.9462365508079529,0.9217204451560974
YGR156W,YGL016W,0,-2.5016153,0.09308229386806488,0.9462365508079529,0.921935498714447
YLR083C,YLR384C,0,-2.5023968,0.09306260943412781,0.9462365508079529,0.9221505522727966
YNL159C,YLR325C,0,-2.5035377,0.09304292500019073,0.9462365508079529,0.9223656058311462
YJL180C,YJL094C,0,-2.5045588,0.09302325546741486,0.9462365508079529,0.9225806593894958
YIL154C,YMR247C,0,-2.5056193,0.09300359338521957,0.9462365508079529,0.9227957129478455
YFL011W,YPL116W,0,-2.5058105,0.09298393875360489,0.9462365508079529,0.9230107665061951
YNL164C,YBR238C,0,-2.5066233,0.0929642915725708,0.9462365508079529,0.9232258200645447
YBL061C,YDR111C,0,-2.5070937,0.0929446592926979,0.9462365508079529,0.9234408736228943
YDR425W,YPL160W,0,-2.5074623,0.09292502701282501,0.9462365508079529,0.9236559271812439
YKL141W,YNR007C,0,-2.5086076,0.09290540218353271,0.9462365508079529,0.9238709807395935
YNL055C,YCL051W,0,-2.5094144,0.09288579225540161,0.9462365508079529,0.9240860342979431
YLR192C,YKL143W,0,-2.5102541,0.0928661897778511,0.9462365508079529,0.9243010878562927
YKL212W,YDR074W,0,-2.5106213,0.0928465947508812,0.9462365508079529,0.9245161414146423
YGR255C,YAL059W,0,-2.5117867,0.09282700717449188,0.9462365508079529,0.9247311949729919
YDR343C,YGL019W,0,-2.5119605,0.09280742704868317,0.9462365508079529,0.9249462485313416
YPL050C,YCR016W,0,-2.5128524,0.09278785437345505,0.9462365508079529,0.9251613020896912
YJR133W,YNL182C,0,-2.5131338,0.09276828914880753,0.9462365508079529,0.9253763556480408
YGR229C,YDR276C,0,-2.5134716,0.0927487388253212,0.9462365508079529,0.9255914092063904
YMR203W,YAL048C,0,-2.5136056,0.09272918850183487,0.9462365508079529,0.92580646276474
YCR004C,YER095W,0,-2.5152926,0.09270965307950974,0.9462365508079529,0.9260215163230896
YDR127W,YDR201W,0,-2.5174975,0.0926901176571846,0.9462365508079529,0.9262365698814392
YLR270W,YGR134W,0,-2.5179343,0.09267059713602066,0.9462365508079529,0.9264516234397888
YPR119W,YBR115C,0,-2.5180686,0.09265108406543732,0.9462365508079529,0.9266666769981384
YER046W,YIL009W,0,-2.5187528,0.09263157844543457,0.9462365508079529,0.926881730556488
YJL158C,YPR143W,0,-2.5193675,0.09261208027601242,0.9462365508079529,0.9270967841148376
YMR094W,YPR168W,0,-2.5196316,0.09259258955717087,0.9462365508079529,0.9273118376731873
YIL068C,YHR096C,0,-2.5201056,0.09257311373949051,0.9462365508079529,0.9275268912315369
YDR368W,YLR099C,0,-2.5207381,0.09255363792181015,0.9462365508079529,0.9277419447898865
YKR026C,YLR291C,1,-2.5209868,0.09274447709321976,0.948387086391449,0.9277419447898865
YLR312W-A,YHR161C,0,-2.5216951,0.09272497892379761,0.948387086391449,0.9279569983482361
YOR039W,YEL024W,0,-2.522963,0.09270548820495605,0.948387086391449,0.9281720519065857
YKR094C,YBR205W,0,-2.5231702,0.0926860049366951,0.948387086391449,0.9283871054649353
YGR184C,YIR017C,0,-2.5242112,0.09266652911901474,0.948387086391449,0.9286021590232849
YPL143W,YNL251C,0,-2.5254977,0.09264706075191498,0.948387086391449,0.9288172125816345
YLR390W-A,YBL075C,0,-2.528321,0.09262759983539581,0.948387086391449,0.9290322661399841
YER162C,YKR014C,0,-2.5293581,0.09260814636945724,0.948387086391449,0.9292473196983337
YDL110C,YJL208C,0,-2.5303416,0.09258870780467987,0.948387086391449,0.9294623732566833
YBR069C,YHR132C,0,-2.531634,0.0925692692399025,0.948387086391449,0.929677426815033
YDR078C,YDL223C,0,-2.5323908,0.09254984557628632,0.948387086391449,0.9298924803733826
YMR131C,YNR003C,0,-2.534015,0.09253042191267014,0.948387086391449,0.9301075339317322
YBR271W,YHR080C,0,-2.5342567,0.09251101315021515,0.948387086391449,0.9303225874900818
YKL064W,YKL067W,0,-2.5354888,0.09249161183834076,0.948387086391449,0.9305376410484314
YHR013C,YER002W,0,-2.5388396,0.09247221797704697,0.948387086391449,0.930752694606781
YOR259C,YNL010W,0,-2.539033,0.09245283156633377,0.948387086391449,0.9309677481651306
YBR009C,YDR513W,0,-2.5391088,0.09243345260620117,0.948387086391449,0.9311828017234802
YJL171C,YMR065W,0,-2.54054,0.09241408109664917,0.948387086391449,0.9313978552818298
YKL064W,YMR284W,0,-2.5416377,0.09239471703767776,0.948387086391449,0.9316129088401794
YDR516C,YHR036W,0,-2.5418065,0.09237536787986755,0.948387086391449,0.931827962398529
YML032C,YDR120C,0,-2.541842,0.09235601872205734,0.948387086391449,0.9320430159568787
YMR313C,YJR050W,0,-2.5426207,0.09233668446540833,0.948387086391449,0.9322580695152283
YBR085W,YKL040C,0,-2.5427368,0.0923173576593399,0.948387086391449,0.9324731230735779
YPR028W,YLR151C,0,-2.543415,0.09229803085327148,0.948387086391449,0.9326881766319275
YOR272W,YDR280W,0,-2.5438497,0.09227871894836426,0.948387086391449,0.9329032301902771
YLR425W,YEL022W,1,-2.5441911,0.09246861934661865,0.9505376219749451,0.9329032301902771
YBL055C,YLL024C,0,-2.544358,0.09244927763938904,0.9505376219749451,0.9331182837486267
YBR072W,YIR014W,0,-2.5464451,0.09242994338274002,0.9505376219749451,0.9333333373069763
YGR008C,YMR136W,0,-2.5466626,0.0924106240272522,0.9505376219749451,0.9335483908653259
YGR032W,YCR054C,0,-2.5470052,0.09239130467176437,0.9505376219749451,0.9337634444236755
YJR053W,YBR078W,0,-2.5479302,0.09237199276685715,0.9505376219749451,0.9339784979820251
YGR032W,YDL076C,0,-2.5483296,0.09235269576311111,0.9505376219749451,0.9341935515403748
YPR132W,YJL149W,0,-2.5487592,0.09233340620994568,0.9505376219749451,0.9344086050987244
YDL230W,YOR315W,0,-2.5493786,0.09231411665678024,0.9505376219749451,0.934623658657074
YKL041W,YLL029W,0,-2.5504646,0.092294842004776,0.9505376219749451,0.9348387122154236
YNL132W,YDR121W,0,-2.5525904,0.09227557480335236,0.9505376219749451,0.9350537657737732
YDL100C,YCL068C,1,-2.5526557,0.09246503561735153,0.9526881575584412,0.9350537657737732
YPL231W,YGR044C,0,-2.554053,0.0924457460641861,0.9526881575584412,0.9352688193321228
YDR222W,YGR003W,0,-2.5546834,0.09242645651102066,0.9526881575584412,0.9354838728904724
YIR017C,YPL099C,0,-2.5549865,0.09240717440843582,0.9526881575584412,0.935698926448822
YNL233W,YKL205W,0,-2.5550768,0.09238790720701218,0.9526881575584412,0.9359139800071716
YML018C,YDR165W,0,-2.5559034,0.09236864000558853,0.9526881575584412,0.9361290335655212
YDR378C,YDR276C,0,-2.556934,0.09234938770532608,0.9526881575584412,0.9363440871238708
YIR011C,YPR138C,0,-2.5571797,0.09233013540506363,0.9526881575584412,0.9365591406822205
YNR026C,YKR026C,1,-2.558006,0.09251927584409714,0.9548386931419373,0.9365591406822205
YER184C,YOR036W,0,-2.5604522,0.0925000011920929,0.9548386931419373,0.9367741942405701
YIL148W,YBR024W,0,-2.5609157,0.09248073399066925,0.9548386931419373,0.9369892477989197
YHL015W,YPL042C,0,-2.560953,0.0924614742398262,0.9548386931419373,0.9372043013572693
YFR052W,YJR094W-A,0,-2.5613062,0.09244222193956375,0.9548386931419373,0.9374193549156189
YHR011W,YIL136W,0,-2.5619476,0.0924229845404625,0.9548386931419373,0.9376344084739685
YPR113W,YLR264W,0,-2.5631578,0.09240374714136124,0.9548386931419373,0.9378494620323181
YGR081C,YPR137W,0,-2.5636692,0.09238451719284058,0.9548386931419373,0.9380645155906677
YDR046C,YDR460W,0,-2.5637767,0.09236530214548111,0.9548386931419373,0.9382795691490173
YML043C,YJL079C,0,-2.565045,0.09234608709812164,0.9548386931419373,0.9384946227073669
YDR145W,YOR224C,0,-2.565652,0.09232688695192337,0.9548386931419373,0.9387096762657166
YCL029C,YBR271W,0,-2.566396,0.0923076942563057,0.9548386931419373,0.9389247298240662
YBR093C,YHR111W,0,-2.5679574,0.09228850901126862,0.9548386931419373,0.9391397833824158
YNL118C,YDR077W,0,-2.5681427,0.09226932376623154,0.9548386931419373,0.9393548369407654
YGL123W,YDR449C,0,-2.5686495,0.09225015342235565,0.9548386931419373,0.939569890499115
YOR096W,YOL129W,0,-2.5690515,0.09223099052906036,0.9548386931419373,0.9397849440574646
YOR260W,YLL016W,1,-2.5712788,0.09241952002048492,0.9569892287254333,0.9397849440574646
YNR038W,YGL225W,0,-2.571712,0.09240033477544785,0.9569892287254333,0.9399999976158142
YMR046C,YPL144W,0,-2.5720675,0.09238114953041077,0.9569892287254333,0.9402150511741638
YER150W,YHR135C,0,-2.5721867,0.09236197918653488,0.9569892287254333,0.9404301047325134
YJL136C,YGL231C,0,-2.5728352,0.092342808842659,0.9569892287254333,0.940645158290863
YNL048W,YDR350C,0,-2.5734823,0.0923236533999443,0.9569892287254333,0.9408602118492126
YPL186C,YCR063W,0,-2.5762618,0.09230449795722961,0.9569892287254333,0.9410752654075623
YAL003W,YLR291C,1,-2.5769937,0.09249274432659149,0.9591397643089294,0.9410752654075623
YBR183W,YER013W,0,-2.5779808,0.09247356653213501,0.9591397643089294,0.9412903189659119
YNL112W,YIL033C,0,-2.5783188,0.09245439618825912,0.9591397643089294,0.9415053725242615
YPR199C,YHR061C,0,-2.5786407,0.09243523329496384,0.9591397643089294,0.9417204260826111
YAR009C,YDL240W,0,-2.5793238,0.09241607785224915,0.9591397643089294,0.9419354796409607
YPL171C,YER096W,0,-2.5812273,0.09239693731069565,0.9591397643089294,0.9421505331993103
YJL178C,YHR179W,0,-2.5822184,0.09237779676914215,0.9591397643089294,0.9423655867576599
YJR052W,YJR097W,0,-2.5824912,0.09235866367816925,0.9591397643089294,0.9425806403160095
YPR096C,YGR185C,0,-2.5825737,0.09233954548835754,0.9591397643089294,0.9427956938743591
YOR019W,YLR276C,0,-2.5829442,0.09232042729854584,0.9591397643089294,0.9430107474327087
YPL262W,YOR267C,0,-2.584977,0.09230132400989532,0.9591397643089294,0.9432258009910583
YML120C,YOR204W,0,-2.5854585,0.09228222817182541,0.9591397643089294,0.943440854549408
YAL053W,YIL079C,0,-2.5875974,0.09226313978433609,0.9591397643089294,0.9436559081077576
YDL007W,YOR182C,0,-2.5882444,0.09224405139684677,0.9591397643089294,0.9438709616661072
YNR026C,YBR131W,1,-2.588532,0.09243176132440567,0.9612902998924255,0.9438709616661072
YDR219C,YKL029C,0,-2.5889304,0.09241265058517456,0.9612902998924255,0.9440860152244568
YOR359W,YER082C,0,-2.5891826,0.09239355474710464,0.9612902998924255,0.9443010687828064
YDR322W,YOL120C,0,-2.5913022,0.09237445890903473,0.9612902998924255,0.944516122341156
YEL013W,YPR028W,0,-2.5913084,0.09235537052154541,0.9612902998924255,0.9447311758995056
YKL062W,YGR118W,0,-2.5919597,0.09233629703521729,0.9612902998924255,0.9449462294578552
YFL026W,YPL147W,0,-2.5921216,0.09231722354888916,0.9612902998924255,0.9451612830162048
YMR200W,YHL004W,0,-2.5922287,0.09229816496372223,0.9612902998924255,0.9453763365745544
YGL237C,YOR008C,0,-2.5925677,0.0922791063785553,0.9612902998924255,0.945591390132904
YOR260W,YAL003W,1,-2.5925748,0.09246645867824554,0.9634408354759216,0.945591390132904
YEL041W,YKL195W,0,-2.596816,0.09244737774133682,0.9634408354759216,0.9458064436912537
YGR282C,YPR149W,0,-2.6011052,0.0924283042550087,0.9634408354759216,0.9460214972496033
YGL189C,YMR250W,0,-2.6015692,0.09240923821926117,0.9634408354759216,0.9462365508079529
YKR085C,YGR112W,0,-2.6016872,0.09239018708467484,0.9634408354759216,0.9464516043663025
YPL064C,YGL233W,0,-2.6028855,0.0923711359500885,0.9634408354759216,0.9466666579246521
YER093C,YPR095C,1,-2.6034086,0.09255823493003845,0.9655913710594177,0.9466666579246521
YNL309W,YPR137W,0,-2.603934,0.09253916144371033,0.9655913710594177,0.9468817114830017
YGL031C,YMR319C,0,-2.604344,0.0925200879573822,0.9655913710594177,0.9470967650413513
YJL174W,YKR099W,0,-2.604716,0.09250102937221527,0.9655913710594177,0.9473118185997009
YBR038W,YBR278W,0,-2.605769,0.09248197823762894,0.9655913710594177,0.9475268721580505
YFR029W,YLR129W,0,-2.6080434,0.0924629345536232,0.9655913710594177,0.9477419257164001
YOR359W,YAL008W,0,-2.610238,0.09244389832019806,0.9655913710594177,0.9479569792747498
YCR038C,YCL068C,1,-2.6103046,0.09263071417808533,0.9677419066429138,0.9479569792747498
YJR059W,YMR195W,0,-2.611114,0.0926116481423378,0.9677419066429138,0.9481720328330994
YJR070C,YBR003W,0,-2.612623,0.09259258955717087,0.9677419066429138,0.948387086391449
YMR215W,YDL083C,0,-2.6149738,0.09257354587316513,0.9677419066429138,0.9486021399497986
YLR151C,YJR048W,0,-2.6186996,0.0925545021891594,0.9677419066429138,0.9488171935081482
YBR145W,YDL078C,0,-2.6192753,0.09253547340631485,0.9677419066429138,0.9490322470664978
YKR026C,YAL003W,1,-2.622175,0.09272203594446182,0.9698925018310547,0.9490322470664978
YBR031W,YKL195W,0,-2.6240234,0.09270297735929489,0.9698925018310547,0.9492473006248474
YNL242W,YNL031C,0,-2.6245646,0.09268392622470856,0.9698925018310547,0.949462354183197
YAL010C,YNL232W,0,-2.626449,0.09266488254070282,0.9698925018310547,0.9496774077415466
YBL052C,YNL282W,0,-2.6264772,0.09264585375785828,0.9698925018310547,0.9498924612998962
YDL209C,YLR181C,0,-2.6274436,0.09262682497501373,0.9698925018310547,0.9501075148582458
YOL125W,YBL014C,0,-2.628337,0.09260780364274979,0.9698925018310547,0.9503225684165955
YCR093W,YNL025C,0,-2.628945,0.09258878976106644,0.9698925018310547,0.9505376219749451
YBL047C,YPR036W,0,-2.6305723,0.09256978332996368,0.9698925018310547,0.9507526755332947
YPL004C,YDL121C,0,-2.6318672,0.09255079180002213,0.9698925018310547,0.9509677290916443
YOR310C,YFR003C,0,-2.6320388,0.09253180027008057,0.9698925018310547,0.9511827826499939
YDR317W,YMR017W,0,-2.6343472,0.0925128236413002,0.9698925018310547,0.9513978362083435
YOR174W,YKR089C,0,-2.639555,0.09249384701251984,0.9698925018310547,0.9516128897666931
YBR105C,YOR119C,0,-2.6412225,0.09247488528490067,0.9698925018310547,0.9518279433250427
YLR025W,YNR059W,0,-2.6422691,0.0924559235572815,0.9698925018310547,0.9520429968833923
YAL062W,YPL198W,0,-2.642351,0.09243697673082352,0.9698925018310547,0.9522580504417419
YCR035C,YDR416W,0,-2.6440916,0.09241802990436554,0.9698925018310547,0.9524731040000916
YLL017W,YML097C,1,-2.645418,0.09260397404432297,0.9720430374145508,0.9524731040000916
YBR061C,YMR179W,0,-2.6481907,0.0925850048661232,0.9720430374145508,0.9526881575584412
YGL097W,YOR260W,1,-2.648645,0.09277083724737167,0.9741935729980469,0.9526881575584412
YBL041W,YML059C,0,-2.6511908,0.09275184571743011,0.9741935729980469,0.9529032111167908
YML028W,YDL190C,0,-2.6522791,0.09273285418748856,0.9741935729980469,0.9531182646751404
YGR062C,YBR048W,0,-2.653124,0.09271387755870819,0.9741935729980469,0.95333331823349
YBR031W,YHL032C,0,-2.65401,0.09269490838050842,0.9741935729980469,0.9535483717918396
YGL142C,YOR167C,0,-2.6565049,0.09267593920230865,0.9741935729980469,0.9537634253501892
YBR078W,YMR175W,0,-2.6567712,0.09265698492527008,0.9741935729980469,0.9539784789085388
YNL173C,YOR228C,0,-2.6576004,0.0926380380988121,0.9741935729980469,0.9541935324668884
YLR248W,YER126C,0,-2.6581542,0.09261909872293472,0.9741935729980469,0.954408586025238
YOR206W,YKR049C,0,-2.6604917,0.09260016679763794,0.9741935729980469,0.9546236395835876
YPR036W,YPR042C,0,-2.6612518,0.09258123487234116,0.9741935729980469,0.9548386931419373
YAL003W,YDR137W,1,-2.6617749,0.0927666500210762,0.976344108581543,0.9548386931419373
YML080W,YLR264W,0,-2.6628358,0.09274770319461823,0.976344108581543,0.9550537467002869
YPL111W,YJL101C,0,-2.6630685,0.09272875636816025,0.976344108581543,0.9552688002586365
YER002W,YPL206C,0,-2.6638525,0.09270982444286346,0.976344108581543,0.9554838538169861
YNL240C,YGR239C,0,-2.6660903,0.09269089251756668,0.976344108581543,0.9556989073753357
YAL024C,YLR291C,1,-2.6703627,0.09287609905004501,0.9784946441650391,0.9556989073753357
YBR267W,YML018C,0,-2.6723244,0.09285714477300644,0.9784946441650391,0.9559139609336853
YER165W,YHL024W,0,-2.6764505,0.09283819794654846,0.9784946441650391,0.9561290144920349
YHR013C,YDR011W,0,-2.6779935,0.09281925857067108,0.9784946441650391,0.9563440680503845
YCR031C,YDL019C,0,-2.6794095,0.0928003266453743,0.9784946441650391,0.9565591216087341
YER173W,YIL115C,0,-2.6797898,0.09278140217065811,0.9784946441650391,0.9567741751670837
YBR052C,YLL034C,0,-2.6815217,0.09276248514652252,0.9784946441650391,0.9569892287254333
YBR169C,YJR073C,0,-2.6815257,0.09274357557296753,0.9784946441650391,0.957204282283783
YDR234W,YDR300C,0,-2.6832008,0.09272468090057373,0.9784946441650391,0.9574193358421326
YJR045C,YJR010W,0,-2.6833062,0.09270578622817993,0.9784946441650391,0.9576343894004822
YHR175W,YGL212W,0,-2.683307,0.09268689900636673,0.9784946441650391,0.9578494429588318
YPL097W,YLR220W,0,-2.6861262,0.09266802668571472,0.9784946441650391,0.9580644965171814
YJL057C,YLR314C,0,-2.686962,0.09264915436506271,0.9784946441650391,0.958279550075531
YGR296W,YNL119W,0,-2.6887689,0.0926302894949913,0.9784946441650391,0.9584946036338806
YHL034C,YDL015C,0,-2.68925,0.09261143952608109,0.9784946441650391,0.9587096571922302
YLR186W,YDL081C,0,-2.6894505,0.09259258955717087,0.9784946441650391,0.9589247107505798
YDR365C,YDL143W,0,-2.6902134,0.09257375448942184,0.9784946441650391,0.9591397643089294
YMR298W,YBR092C,0,-2.6911438,0.09255491942167282,0.9784946441650391,0.959354817867279
YDR115W,YNL178W,0,-2.6915326,0.09253609925508499,0.9784946441650391,0.9595698714256287
YOL121C,YLR080W,0,-2.6940062,0.09251728653907776,0.9784946441650391,0.9597849249839783
YIL133C,YNL173C,0,-2.6950529,0.09249847382307053,0.9784946441650391,0.9599999785423279
YOR113W,YML052W,0,-2.696857,0.09247967600822449,0.9784946441650391,0.9602150321006775
YOL112W,YOR221C,0,-2.6978815,0.09246088564395905,0.9784946441650391,0.9604300856590271
YPR049C,YLR040C,0,-2.7009823,0.0924420952796936,0.9784946441650391,0.9606451392173767
YPR002W,YDR397C,0,-2.7022915,0.09242331981658936,0.9784946441650391,0.9608601927757263
YML048W,YLR209C,0,-2.7024243,0.0924045518040657,0.9784946441650391,0.9610752463340759
YLR390W,YPL220W,0,-2.7050393,0.09238578379154205,0.9784946441650391,0.9612902998924255
YPL231W,YNL185C,0,-2.70696,0.0923670306801796,0.9784946441650391,0.9615053534507751
YDR513W,YBR006W,0,-2.7080376,0.09234828501939774,0.9784946441650391,0.9617204070091248
YMR221C,YBR072W,0,-2.7084894,0.09232954680919647,0.9784946441650391,0.9619354605674744
YLL019C,YLR185W,0,-2.7115347,0.0923108160495758,0.9784946441650391,0.962150514125824
YGL062W,YOR215C,0,-2.7130644,0.09229209274053574,0.9784946441650391,0.9623655676841736
YDL121C,YJL143W,0,-2.714144,0.09227336943149567,0.9784946441650391,0.9625806212425232
YMR158W,YGL192W,0,-2.7141893,0.09225466102361679,0.9784946441650391,0.9627956748008728
YMR302C,YLR350W,0,-2.7183,0.09223596006631851,0.9784946441650391,0.9630107283592224
YCR072C,YDR453C,0,-2.7200687,0.09221726655960083,0.9784946441650391,0.963225781917572
YMR022W,YNL178W,0,-2.7204697,0.09219858050346375,0.9784946441650391,0.9634408354759216
YER103W,YNL274C,0,-2.7210345,0.09217990189790726,0.9784946441650391,0.9636558890342712
YDR079W,YPR189W,0,-2.721166,0.09216123074293137,0.9784946441650391,0.9638709425926208
YNL149C,YJL166W,0,-2.7228997,0.09214256703853607,0.9784946441650391,0.9640859961509705
YHR020W,YPL220W,0,-2.723057,0.09212391078472137,0.9784946441650391,0.9643010497093201
YJR070C,YJR073C,0,-2.7241821,0.09210526198148727,0.9784946441650391,0.9645161032676697
YDR047W,YPL223C,0,-2.724695,0.09208662062883377,0.9784946441650391,0.9647311568260193
YMR020W,YGR214W,0,-2.7266982,0.09206798672676086,0.9784946441650391,0.9649462103843689
YIL160C,YLR061W,0,-2.73202,0.09204936027526855,0.9784946441650391,0.9651612639427185
YCR039C,YDR012W,0,-2.732468,0.09203074127435684,0.9784946441650391,0.9653763175010681
YDR031W,YBR089C-A,0,-2.732648,0.09201213717460632,0.9784946441650391,0.9655913710594177
YDL075W,YLR129W,0,-2.7329085,0.0919935330748558,0.9784946441650391,0.9658064246177673
YNL284C,YBR006W,0,-2.7345362,0.09197493642568588,0.9784946441650391,0.9660214781761169
YAL024C,YLR310C,1,-2.737069,0.09215844422578812,0.9806451797485352,0.9660214781761169
YAL003W,YLR295C,0,-2.7409036,0.0921398252248764,0.9806451797485352,0.9662365317344666
YBR271W,YOR016C,0,-2.7423422,0.09212121367454529,0.9806451797485352,0.9664515852928162
YAL003W,YGR070W,1,-2.742428,0.09230458736419678,0.9827957153320312,0.9664515852928162
YLR200W,YEL062W,0,-2.7431672,0.09228594601154327,0.9827957153320312,0.9666666388511658
YLR175W,YLR185W,0,-2.74482,0.09226731210947037,0.9827957153320312,0.9668816924095154
YLR440C,YDR077W,0,-2.7455256,0.09224868565797806,0.9827957153320312,0.967096745967865
YML120C,YDR115W,0,-2.7455745,0.09223007410764694,0.9827957153320312,0.9673117995262146
YKL181W,YNR015W,0,-2.7461336,0.09221146255731583,0.9827957153320312,0.9675268530845642
YDL123W,YLR295C,0,-2.748453,0.09219285845756531,0.9827957153320312,0.9677419066429138
YJL179W,YBL028C,0,-2.7513602,0.09217426180839539,0.9827957153320312,0.9679569602012634
YDL171C,YDL022W,0,-2.7549644,0.09215568006038666,0.9827957153320312,0.968172013759613
YLR345W,YDR287W,0,-2.756602,0.09213709831237793,0.9827957153320312,0.9683870673179626
YNL111C,YDL216C,0,-2.7601027,0.0921185240149498,0.9827957153320312,0.9686021208763123
YGR254W,YER050C,0,-2.7615068,0.09209995716810226,0.9827957153320312,0.9688172340393066
YLR333C,YPL221W,0,-2.7619915,0.09208140522241592,0.9827957153320312,0.9690322875976562
YBR214W,YOR070C,0,-2.7620895,0.09206285327672958,0.9827957153320312,0.9692473411560059
YLR348C,YJL066C,0,-2.76216,0.09204430878162384,0.9827957153320312,0.9694623947143555
YOR257W,YNL238W,0,-2.7645934,0.0920257717370987,0.9827957153320312,0.9696774482727051
YOR317W,YPL021W,0,-2.7671342,0.09200724959373474,0.9827957153320312,0.9698925018310547
YMR221C,YDR140W,0,-2.7672036,0.09198872745037079,0.9827957153320312,0.9701075553894043
YEL012W,YLR083C,0,-2.7677133,0.09197021275758743,0.9827957153320312,0.9703226089477539
YBR177C,YDR384C,0,-2.7716436,0.09195171296596527,0.9827957153320312,0.9705376625061035
YDR116C,YGR082W,0,-2.7729213,0.09193321317434311,0.9827957153320312,0.9707527160644531
YCL059C,YDL055C,0,-2.7753832,0.09191472083330154,0.9827957153320312,0.9709677696228027
YGR103W,YPL220W,0,-2.7760987,0.09189624339342117,0.9827957153320312,0.9711828231811523
YKL004W,YLL019C,0,-2.778137,0.0918777659535408,0.9827957153320312,0.971397876739502
YHR113W,YOR384W,0,-2.7797668,0.09185929596424103,0.9827957153320312,0.9716129302978516
YFL045C,YBR177C,0,-2.780063,0.09184083342552185,0.9827957153320312,0.9718279838562012
YOL052C-A,YPL068C,0,-2.780111,0.09182238578796387,0.9827957153320312,0.9720430374145508
YIL046W,YBR155W,0,-2.780133,0.09180393815040588,0.9827957153320312,0.9722580909729004
YJL033W,YPL223C,0,-2.7820415,0.0917854979634285,0.9827957153320312,0.97247314453125
YMR228W,YJR059W,0,-2.7876866,0.09176706522703171,0.9827957153320312,0.9726881980895996
YNL121C,YBR183W,0,-2.7889717,0.09174864739179611,0.9827957153320312,0.9729032516479492
YDR464W,YNL172W,0,-2.7898498,0.09173022955656052,0.9827957153320312,0.9731183052062988
YIL101C,YDL081C,0,-2.790322,0.09171181917190552,0.9827957153320312,0.9733333587646484
YHR085W,YIL119C,0,-2.7918482,0.09169341623783112,0.9827957153320312,0.973548412322998
YNL274C,YMR002W,0,-2.7937233,0.09167502820491791,0.9827957153320312,0.9737634658813477
YBR093C,YMR193W,0,-2.7949758,0.0916566401720047,0.9827957153320312,0.9739785194396973
YBR214W,YOL064C,0,-2.7954724,0.09163825958967209,0.9827957153320312,0.9741935729980469
YAL024C,YLL017W,1,-2.796081,0.0918203666806221,0.9849462509155273,0.9741935729980469
YDL146W,YIL119C,0,-2.7979898,0.0918019637465477,0.9849462509155273,0.9744086265563965
YOR285W,YDR050C,0,-2.7981415,0.0917835682630539,0.9849462509155273,0.9746236801147461
YLR098C,YHR138C,0,-2.8012626,0.09176518023014069,0.9849462509155273,0.9748387336730957
YGL037C,YBL091C-A,0,-2.8026695,0.09174679219722748,0.9849462509155273,0.9750537872314453
YLR300W,YEL024W,0,-2.8046114,0.09172841906547546,0.9849462509155273,0.9752688407897949
YGL189C,YLR367W,0,-2.805806,0.09171005338430405,0.9849462509155273,0.9754838943481445
YLR074C,YDR441C,0,-2.8062024,0.09169169515371323,0.9849462509155273,0.9756989479064941
YER044C,YPR155C,0,-2.8070037,0.0916733369231224,0.9849462509155273,0.9759140014648438
YGR088W,YDR494W,0,-2.8122444,0.09165499359369278,0.9849462509155273,0.9761290550231934
YER131W,YHR059W,0,-2.8123107,0.09163665771484375,0.9849462509155273,0.976344108581543
YMR128W,YKL099C,0,-2.8135157,0.09161832183599472,0.9849462509155273,0.9765591621398926
YGL190C,YOR341W,0,-2.8142796,0.09160000085830688,0.9849462509155273,0.9767742156982422
YDL019C,YDR436W,0,-2.816539,0.09158168733119965,0.9849462509155273,0.9769892692565918
YOL093W,YDL022W,0,-2.8168187,0.09156337380409241,0.9849462509155273,0.9772043228149414
YOL096C,YDR033W,0,-2.8202422,0.09154507517814636,0.9849462509155273,0.977419376373291
YPL106C,YIL043C,0,-2.827759,0.09152677655220032,0.9849462509155273,0.9776344299316406
YGR027C,YIL113W,0,-2.82842,0.09150849282741547,0.9849462509155273,0.9778494834899902
YMR090W,YNR067C,0,-2.831203,0.09149020910263062,0.9849462509155273,0.9780645370483398
YHR051W,YFR053C,0,-2.8316963,0.09147194027900696,0.9849462509155273,0.9782795906066895
YPR017C,YCL068C,1,-2.8426707,0.09165335446596146,0.9870967864990234,0.9782795906066895
YNL274C,YHR021C,0,-2.8427165,0.09163505584001541,0.9870967864990234,0.9784946441650391
YDR513W,YLR009W,0,-2.8435657,0.09161676466464996,0.9870967864990234,0.9787096977233887
YER074W,YCL035C,0,-2.8444288,0.09159848093986511,0.9870967864990234,0.9789247512817383
YDR358W,YBR052C,0,-2.8459973,0.09158020466566086,0.9870967864990234,0.9791398048400879
YMR173W,YIL124W,0,-2.854371,0.0915619358420372,0.9870967864990234,0.9793548583984375
YPR138C,YOL030W,0,-2.857746,0.09154367446899414,0.9870967864990234,0.9795699119567871
YOR227W,YBR294W,0,-2.8605795,0.09152542054653168,0.9870967864990234,0.9797849655151367
YAL003W,YLR371W,1,-2.862375,0.0917065367102623,0.9892473220825195,0.9797849655151367
YLR425W,YAL003W,1,-2.863755,0.09188758581876755,0.9913978576660156,0.9797849655151367
YPR137W,YOL071W,0,-2.8644881,0.09186927229166031,0.9913978576660156,0.9800000190734863
YOL120C,YDR077W,0,-2.8649476,0.09185096621513367,0.9913978576660156,0.9802150726318359
YNR001C,YPL090C,0,-2.8683014,0.09183266758918762,0.9913978576660156,0.9804301261901855
YDR412W,YKL081W,0,-2.869183,0.09181437641382217,0.9913978576660156,0.9806451797485352
YFR031C-A,YBR091C,0,-2.8747551,0.09179610013961792,0.9913978576660156,0.9808602333068848
YPR030W,YOL127W,0,-2.8759332,0.09177782386541367,0.9913978576660156,0.9810752868652344
YDL180W,YJL200C,0,-2.8770473,0.09175955504179001,0.9913978576660156,0.981290340423584
YOL129W,YDL075W,0,-2.8772686,0.09174129366874695,0.9913978576660156,0.9815053939819336
YKL189W,YCL025C,0,-2.8777635,0.09172303974628448,0.9913978576660156,0.9817204475402832
YPR182W,YMR282C,0,-2.8778365,0.09170479327440262,0.9913978576660156,0.9819355010986328
YKL004W,YKR089C,0,-2.8808105,0.09168655425310135,0.9913978576660156,0.9821505546569824
YLR249W,YJL189W,0,-2.8824244,0.09166832268238068,0.9913978576660156,0.982365608215332
YCR087C-A,YHR021C,0,-2.8829486,0.0916500985622406,0.9913978576660156,0.9825806617736816
YCL057W,YNL244C,0,-2.8968093,0.09163188189268112,0.9913978576660156,0.9827957153320312
YLR074C,YEL024W,0,-2.8994436,0.09161367267370224,0.9913978576660156,0.9830107688903809
YLR299W,YCL025C,0,-2.9054608,0.09159547090530396,0.9913978576660156,0.9832258224487305
YJL057C,YBR035C,0,-2.9108906,0.09157727658748627,0.9913978576660156,0.9834408760070801
YDR057W,YDR533C,0,-2.9116051,0.09155908972024918,0.9913978576660156,0.9836559295654297
YLR370C,YHR096C,0,-2.9130905,0.09154090285301208,0.9913978576660156,0.9838709831237793
YDR083W,YKL067W,0,-2.9268086,0.09152273088693619,0.9913978576660156,0.9840860366821289
YDR064W,YKL103C,0,-2.9276276,0.09150456637144089,0.9913978576660156,0.9843010902404785
YKR094C,YPR006C,0,-2.9278228,0.09148640930652618,0.9913978576660156,0.9845161437988281
YPR149W,YOL124C,0,-2.9331977,0.09146825224161148,0.9913978576660156,0.9847311973571777
YAL024C,YAL003W,1,-2.9391737,0.09164848178625107,0.9935483932495117,0.9847311973571777
YJL143W,YJR052W,0,-2.944793,0.09163030236959457,0.9935483932495117,0.9849462509155273
YEL012W,YJL102W,0,-2.9502623,0.09161213785409927,0.9935483932495117,0.985161304473877
YER074W,YJL048C,0,-2.9550526,0.09159397333860397,0.9935483932495117,0.9853763580322266
YKL064W,YEL054C,0,-2.9614308,0.09157581627368927,0.9935483932495117,0.9855914115905762
YNL092W,YGR032W,0,-2.9651763,0.09155766665935516,0.9935483932495117,0.9858064651489258
YPR133C,YDR533C,0,-2.9668078,0.09153953194618225,0.9935483932495117,0.9860215187072754
YBR034C,YHR170W,0,-2.9681833,0.09152139723300934,0.9935483932495117,0.986236572265625
YNL015W,YEL041W,0,-2.979987,0.09150326997041702,0.9935483932495117,0.9864516258239746
YDR211W,YOR260W,1,-2.9828203,0.09168317168951035,0.9956989288330078,0.9864516258239746
YLR409C,YIR026C,0,-2.9835343,0.09166501462459564,0.9956989288330078,0.9866666793823242
YBR009C,YDR201W,0,-2.987602,0.09164687246084213,0.9956989288330078,0.9868817329406738
YAL062W,YPR002W,0,-2.9930599,0.09162873774766922,0.9956989288330078,0.9870967864990234
YOL052C-A,YLR367W,0,-2.99907,0.09161060303449631,0.9956989288330078,0.987311840057373
YJL200C,YDR126W,0,-3.0023491,0.09159248322248459,0.9956989288330078,0.9875268936157227
YJL098W,YOR207C,0,-3.0076826,0.09157436341047287,0.9956989288330078,0.9877419471740723
YLR413W,YOR222W,0,-3.0157807,0.09155625849962234,0.9956989288330078,0.9879570007324219
YBR120C,YLR249W,0,-3.024436,0.09153816103935242,0.9956989288330078,0.9881720542907715
YPR163C,YIR039C,0,-3.02911,0.09152006357908249,0.9956989288330078,0.9883871078491211
YJL196C,YOR136W,0,-3.0307422,0.09150197356939316,0.9956989288330078,0.9886021614074707
YBR193C,YDR384C,0,-3.037608,0.09148389846086502,0.9956989288330078,0.9888172149658203
YBR034C,YBR172C,0,-3.0496671,0.09146582335233688,0.9956989288330078,0.9890322685241699
YGR080W,YJL158C,0,-3.059996,0.09144775569438934,0.9956989288330078,0.9892473220825195
YDL024C,YDR091C,0,-3.0645678,0.091429702937603,0.9956989288330078,0.9894623756408691
YMR128W,YHR088W,0,-3.0911934,0.09141165018081665,0.9956989288330078,0.9896774291992188
YGL076C,YKR094C,0,-3.096183,0.0913936048746109,0.9956989288330078,0.9898924827575684
YOR260W,YKR026C,1,-3.0995905,0.09157292544841766,0.9978494644165039,0.9898924827575684
YLL041C,YGL232W,0,-3.106884,0.09155485033988953,0.9978494644165039,0.990107536315918
YGR145W,YAL059W,0,-3.1211421,0.09153679013252258,0.9978494644165039,0.9903225898742676
YPR102C,YNL183C,0,-3.1306908,0.09151873737573624,0.9978494644165039,0.9905376434326172
YKL172W,YML060W,0,-3.1358533,0.09150069206953049,0.9978494644165039,0.9907526969909668
YDL112W,YBR238C,0,-3.1368806,0.09148264676332474,0.9978494644165039,0.9909677505493164
YNL015W,YHL011C,0,-3.1378396,0.09146461635828018,0.9978494644165039,0.991182804107666
YLR219W,YOR228C,0,-3.1384969,0.09144659340381622,0.9978494644165039,0.9913978576660156
YBR187W,YGR052W,0,-3.1402981,0.09142857044935226,0.9978494644165039,0.9916129112243652
YLR203C,YPR100W,0,-3.150669,0.0914105623960495,0.9978494644165039,0.9918279647827148
YLR129W,YGL010W,0,-3.1690733,0.09139255434274673,0.9978494644165039,0.9920430183410645
YKL067W,YGL147C,0,-3.1998575,0.09137455374002457,0.9978494644165039,0.9922580718994141
YPL154C,YDL051W,0,-3.2135913,0.09135656803846359,0.9978494644165039,0.9924731254577637
YLR075W,YEL039C,0,-3.2153938,0.09133858233690262,0.9978494644165039,0.9926881790161133
YNL112W,YNL151C,0,-3.227654,0.09132060408592224,0.9978494644165039,0.9929032325744629
YJL125C,YDR533C,0,-3.22768,0.09130263328552246,0.9978494644165039,0.9931182861328125
YDR534C,YFR025C,0,-3.2286408,0.09128467738628387,0.9978494644165039,0.9933333396911621
YIL111W,YGL078C,0,-3.2380662,0.09126672148704529,0.9978494644165039,0.9935483932495117
YLL008W,YOL010W,0,-3.2476044,0.0912487730383873,0.9978494644165039,0.9937634468078613
YER053C,YOR243C,0,-3.249088,0.0912308320403099,0.9978494644165039,0.9939785003662109
YMR158W,YDR500C,0,-3.3010755,0.09121289849281311,0.9978494644165039,0.9941935539245605
YJL171C,YMR040W,0,-3.3025234,0.09119496494531631,0.9978494644165039,0.9944086074829102
YJL125C,YDR343C,0,-3.3071554,0.09117704629898071,0.9978494644165039,0.9946236610412598
YPL110C,YGL161C,0,-3.3100517,0.09115913510322571,0.9978494644165039,0.9948387145996094
YJR070C,YGL061C,0,-3.333196,0.0911412313580513,0.9978494644165039,0.995053768157959
YML120C,YDR165W,0,-3.3420656,0.09112332761287689,0.9978494644165039,0.9952688217163086
YER017C,YAL023C,0,-3.3535595,0.09110543876886368,0.9978494644165039,0.9954838752746582
YGL073W,YGR161C,0,-3.3557007,0.09108755737543106,0.9978494644165039,0.9956989288330078
YLR409C,YNL248C,0,-3.3615263,0.09106967598199844,0.9978494644165039,0.9959139823913574
YMR217W,YKL156W,0,-3.4064662,0.09105180203914642,0.9978494644165039,0.996129035949707
YCR016W,YMR239C,0,-3.4116917,0.0910339429974556,0.9978494644165039,0.9963440895080566
YBR183W,YLL008W,0,-3.4225805,0.09101608395576477,0.9978494644165039,0.9965591430664062
YGR088W,YLR029C,0,-3.4384649,0.09099823236465454,0.9978494644165039,0.9967741966247559
YNL112W,YLR009W,0,-3.4575646,0.0909803956747055,0.9978494644165039,0.9969892501831055
YLR327C,YKL143W,0,-3.53111,0.09096255898475647,0.9978494644165039,0.9972043037414551
YLR167W,YBL075C,0,-3.5464556,0.09094472974538803,0.9978494644165039,0.9974193572998047
YER053C,YGR245C,0,-3.620085,0.09092690795660019,0.9978494644165039,0.9976344108581543
YDR074W,YPR137W,0,-3.620674,0.09090909361839294,0.9978494644165039,0.9978494644165039
YNL121C,YNL016W,0,-3.6594532,0.0908912867307663,0.9978494644165039,0.9980645179748535
YGL103W,YLL050C,0,-3.7009559,0.09087347984313965,0.9978494644165039,0.9982795715332031
YGL068W,YDR337W,0,-3.7211053,0.0908556878566742,0.9978494644165039,0.9984946250915527
YAL024C,YLL016W,1,-3.7291183,0.09103367477655411,1.0,0.9984946250915527
YDR418W,YGR214W,0,-3.743618,0.09101585298776627,1.0,0.9987096786499023
YGR112W,YDR511W,0,-3.8227022,0.09099804610013962,1.0,0.998924732208252
YOR182C,YPL220W,0,-3.9925964,0.09098023921251297,1.0,0.9991397857666016
YIL052C,YMR133W,0,-4.1276746,0.09096243977546692,1.0,0.9993548393249512
YPR102C,YJL190C,0,-4.312222,0.09094464778900146,1.0,0.9995698928833008
YAL030W,YMR033W,0,-4.8269053,0.0909268707036972,1.0,0.9997849464416504
YML077W,YNL244C,0,-7.376001,0.09090909361839294,1.0,1.0
