Gene A,Gene B,Label,Score,Precision,Recall,False Positive Rate
YDR189W,YOL129W,1,5.499874,1.0,0.0009832842042669654,0.0
YOL129W,YER122C,1,5.303518,1.0,0.0019665684085339308,0.0
YGR284C,YDR323C,1,5.261961,1.0,0.0029498524963855743,0.0
YNR006W,YPL218W,1,5.18794,1.0,0.0039331368170678616,0.0
YLR417W,YGR284C,1,5.106438,1.0,0.0049164206720888615,0.0
YNL286W,YNL045W,0,5.0693855,0.8333333134651184,0.0049164206720888615,0.00010017029126174748
YOR069W,YGL200C,1,5.0454636,0.8571428656578064,0.005899704992771149,0.00010017029126174748
YLR170C,YIL137C,0,4.9934716,0.75,0.005899704992771149,0.00020034058252349496
YIL109C,YPL002C,1,4.9113507,0.7777777910232544,0.006882989313453436,0.00020034058252349496
YKL196C,YDR100W,1,4.859719,0.800000011920929,0.007866273634135723,0.00020034058252349496
YDL185W,YNL081C,0,4.7994566,0.7272727489471436,0.007866273634135723,0.00030051087378524244
YDR390C,YHR142W,0,4.715302,0.6666666865348816,0.007866273634135723,0.0004006811650469899
YJL053W,YMR237W,1,4.714733,0.692307710647583,0.008849557489156723,0.0004006811650469899
YPL246C,YKL135C,1,4.617982,0.7142857313156128,0.009832841344177723,0.0004006811650469899
YJL204C,YOL062C,1,4.560111,0.7333333492279053,0.010816126130521297,0.0004006811650469899
YDR202C,YDR189W,1,4.5493064,0.75,0.011799409985542297,0.0004006811650469899
YNL229C,YDL095W,0,4.5383124,0.7058823704719543,0.011799409985542297,0.0005008514272049069
YBR279W,YPL145C,0,4.5238442,0.6666666865348816,0.011799409985542297,0.0006010217475704849
YJR134C,YBL007C,1,4.4757514,0.6842105388641357,0.012782693840563297,0.0006010217475704849
YNL263C,YPR145W,0,4.4641595,0.6499999761581421,0.012782693840563297,0.0007011920097284019
YIL109C,YHL002W,1,4.4599705,0.6666666865348816,0.013765978626906872,0.0007011920097284019
YGL157W,YNL091W,0,4.4597545,0.6363636255264282,0.013765978626906872,0.0008013623300939798
YOR249C,YOR090C,0,4.445814,0.6086956262588501,0.013765978626906872,0.0009015325922518969
YJR102C,YPL084W,1,4.4453444,0.625,0.014749262481927872,0.0009015325922518969
YPL010W,YOR132W,1,4.423431,0.6399999856948853,0.015732547268271446,0.0009015325922518969
YIL010W,YBR288C,0,4.4197974,0.6153846383094788,0.015732547268271446,0.0010017028544098139
YBL078C,YNL044W,1,4.4030437,0.6296296119689941,0.01671583019196987,0.0010017028544098139
YOR357C,YCL008C,1,4.4029717,0.6428571343421936,0.017699114978313446,0.0010017028544098139
YOR018W,YNL264C,0,4.39989,0.6206896305084229,0.017699114978313446,0.0011018732329830527
YOR076C,YBL064C,0,4.391948,0.6000000238418579,0.017699114978313446,0.0012020434951409698
YPR141C,YGL084C,0,4.3875976,0.5806451439857483,0.017699114978313446,0.0013022137572988868
YLR240W,YPL218W,1,4.382309,0.59375,0.01868239976465702,0.0013022137572988868
YDR368W,YIR002C,0,4.3817487,0.5757575631141663,0.01868239976465702,0.0014023840194568038
YMR060C,YAL041W,0,4.374704,0.5588235259056091,0.01868239976465702,0.0015025543980300426
YNL076W,YNL156C,0,4.3655057,0.5428571701049805,0.01868239976465702,0.0016027246601879597
YLR027C,YNL020C,0,4.3639407,0.5277777910232544,0.01868239976465702,0.0017028949223458767
YNL263C,YDR393W,0,4.355474,0.5135135054588318,0.01868239976465702,0.0018030651845037937
YDR284C,YLR207W,0,4.3551774,0.5,0.01868239976465702,0.0019032354466617107
YIL109C,YJL099W,1,4.349943,0.5128205418586731,0.019665682688355446,0.0019032354466617107
YHR003C,YIL036W,0,4.329327,0.5,0.019665682688355446,0.0020034057088196278
YDR100W,YKL079W,0,4.316487,0.4878048896789551,0.019665682688355446,0.002103575970977545
YOL116W,YIL034C,0,4.315968,0.4761904776096344,0.019665682688355446,0.0022037464659661055
YDR098C,YGL085W,0,4.310739,0.4651162922382355,0.019665682688355446,0.0023039167281240225
YIL109C,YDR486C,1,4.2763004,0.47727271914482117,0.02064896747469902,0.0023039167281240225
YLR085C,YMR152W,0,4.2741284,0.46666666865348816,0.02064896747469902,0.0024040869902819395
YGL151W,YMR289W,0,4.273742,0.45652174949645996,0.02064896747469902,0.0025042572524398565
YGR261C,YNL287W,1,4.2714877,0.4680851101875305,0.021632252261042595,0.0025042572524398565
YIL109C,YOR357C,1,4.270248,0.4791666567325592,0.02261553518474102,0.0025042572524398565
YHR101C,YDR388W,0,4.261354,0.4693877696990967,0.02261553518474102,0.0026044275145977736
YDR484W,YDL132W,0,4.25361,0.46000000834465027,0.02261553518474102,0.0027045977767556906
YGL128C,YGL157W,0,4.253487,0.45098039507865906,0.02261553518474102,0.0028047680389136076
YJR131W,YBR054W,0,4.251428,0.4423076808452606,0.02261553518474102,0.0029049383010715246
YOR132W,YPR145W,0,4.233152,0.43396225571632385,0.02261553518474102,0.0030051087960600853
YNL263C,YPL084W,1,4.2304187,0.4444444477558136,0.023598819971084595,0.0030051087960600853
YBR288C,YOR132W,1,4.215586,0.4545454680919647,0.02458210475742817,0.0030051087960600853
YMR060C,YGL137W,0,4.2037444,0.4464285671710968,0.02458210475742817,0.0031052790582180023
YLR144C,YGL001C,0,4.202437,0.4385964870452881,0.02458210475742817,0.0032054493203759193
YJL154C,YDL137W,1,4.2013097,0.4482758641242981,0.025565387681126595,0.0032054493203759193
YOR036W,YJR040W,1,4.199823,0.4576271176338196,0.02654867246747017,0.0032054493203759193
YLR025W,YOL129W,1,4.1972194,0.46666666865348816,0.027531957253813744,0.0032054493203759193
YDR189W,YJL151C,1,4.197208,0.4754098355770111,0.02851524017751217,0.0032054493203759193
YPR165W,YDR153C,1,4.1877265,0.4838709533214569,0.029498524963855743,0.0032054493203759193
YNL076W,YNL330C,0,4.166347,0.4761904776096344,0.029498524963855743,0.0033056195825338364
YDR128W,YBL056W,0,4.1662235,0.46875,0.029498524963855743,0.0034057898446917534
YBR235W,YDR388W,0,4.164435,0.4615384638309479,0.029498524963855743,0.0035059601068496704
YJL154C,YLR181C,1,4.1611147,0.469696968793869,0.030481809750199318,0.0035059601068496704
YBR229C,YOR019W,0,4.151751,0.46268656849861145,0.030481809750199318,0.0036061303690075874
YOR014W,YJL052W,0,4.1481104,0.45588234066963196,0.030481809750199318,0.0037063006311655045
YFR051C,YKL135C,1,4.1476645,0.4637681245803833,0.03146509453654289,0.0037063006311655045
YNL286W,YOR259C,0,4.1471553,0.4571428596973419,0.03146509453654289,0.0038064708933234215
YLR034C,YPR148C,0,4.144165,0.4507042169570923,0.03146509453654289,0.0039066411554813385
YBL010C,YNL084C,1,4.1365285,0.4583333432674408,0.03244837746024132,0.0039066411554813385
YDR264C,YNL181W,0,4.134303,0.45205479860305786,0.03244837746024132,0.0040068114176392555
YOR149C,YBR130C,0,4.133726,0.44594594836235046,0.03244837746024132,0.0041069816797971725
YIL044C,YML086C,0,4.133038,0.4399999976158142,0.03244837746024132,0.00420715194195509
YKL012W,YKL146W,0,4.1323133,0.43421053886413574,0.03244837746024132,0.004307322669774294
YDR368W,YNL326C,0,4.1305604,0.4285714328289032,0.03244837746024132,0.004407492931932211
YOL129W,YGL210W,1,4.127362,0.43589743971824646,0.03343166038393974,0.004407492931932211
YML012W,YLR181C,1,4.124108,0.4430379867553711,0.03441494703292847,0.004407492931932211
YNL082W,YDR372C,0,4.1154437,0.4375,0.03441494703292847,0.004507663194090128
YLR208W,YHL002W,1,4.105969,0.4444444477558136,0.03539822995662689,0.004507663194090128
YML057W,YDL193W,0,4.1025,0.4390243887901306,0.03539822995662689,0.004607833456248045
YPR183W,YFL029C,0,4.096062,0.4337349534034729,0.03539822995662689,0.004708003718405962
YLR240W,YGL051W,1,4.0931697,0.4404761791229248,0.03638151288032532,0.004708003718405962
YDL147W,YDR270W,0,4.092828,0.43529412150382996,0.03638151288032532,0.004808173980563879
YML012W,YPR181C,1,4.0861106,0.44186046719551086,0.03736479952931404,0.004808173980563879
YHL017W,YJR005W,1,4.077683,0.4482758641242981,0.038348082453012466,0.004808173980563879
YDR103W,YDR221W,0,4.0773444,0.4431818127632141,0.038348082453012466,0.004908344242721796
YPL149W,YOR321W,0,4.0759435,0.43820226192474365,0.038348082453012466,0.005008514504879713
YDR456W,YPL195W,1,4.0759277,0.4444444477558136,0.03933136537671089,0.005008514504879713
YGR261C,YIL044C,1,4.075748,0.450549453496933,0.040314652025699615,0.005008514504879713
YBL105C,YOR079C,0,4.0661507,0.44565218687057495,0.040314652025699615,0.00510868476703763
YOR362C,YOR357C,0,4.065391,0.44086021184921265,0.040314652025699615,0.005208855029195547
YOR069W,YOR132W,1,4.0618896,0.44680851697921753,0.04129793494939804,0.005208855029195547
YOR329C,YNL286W,0,4.0617595,0.4421052634716034,0.04129793494939804,0.005309025291353464
YKL073W,YGR253C,0,4.0589733,0.4375,0.04129793494939804,0.005409195553511381
YGL100W,YDR352W,0,4.049211,0.4329896867275238,0.04129793494939804,0.005509365815669298
YNL134C,YOR357C,0,4.0323896,0.4285714328289032,0.04129793494939804,0.005609536077827215
YDR400W,YHR001W,0,4.0267315,0.42424243688583374,0.04129793494939804,0.005709706339985132
YPL204W,YAR007C,0,4.0206847,0.41999998688697815,0.04129793494939804,0.005809876602143049
YMR048W,YGL223C,0,4.0144644,0.41584157943725586,0.04129793494939804,0.005910046864300966
YPL058C,YDR270W,0,4.0120444,0.4117647111415863,0.04129793494939804,0.006010217592120171
YER004W,YMR161W,0,4.010097,0.40776699781417847,0.04129793494939804,0.006110387854278088
YML012W,YKL039W,1,4.0081105,0.4134615361690521,0.042281217873096466,0.006110387854278088
YPR108W,YER014W,0,4.0066786,0.4095238149166107,0.042281217873096466,0.006210558116436005
YGR184C,YDL178W,0,3.997994,0.40566039085388184,0.042281217873096466,0.006310728378593922
YJR102C,YPR181C,1,3.9961343,0.4112149477005005,0.04326450452208519,0.006310728378593922
YER094C,YGR204W,0,3.9877431,0.40740740299224854,0.04326450452208519,0.006410898640751839
YLR115W,YDL126C,0,3.9856386,0.40366971492767334,0.04326450452208519,0.006511068902909756
YDR350C,YGR262C,0,3.9752676,0.4000000059604645,0.04326450452208519,0.006611239165067673
YOR320C,YLR398C,0,3.9738436,0.3963963985443115,0.04326450452208519,0.00671140942722559
YLR248W,YPL249C,0,3.9737022,0.3928571343421936,0.04326450452208519,0.006811579689383507
YAL030W,YBL036C,0,3.973469,0.389380544424057,0.04326450452208519,0.006911749951541424
YCR068W,YPR029C,1,3.9725227,0.3947368562221527,0.044247787445783615,0.006911749951541424
YML038C,YHR181W,1,3.971066,0.4000000059604645,0.04523107036948204,0.006911749951541424
YMR244C-A,YMR247C,0,3.9703157,0.3965517282485962,0.04523107036948204,0.007011920213699341
YDR456W,YOR357C,1,3.9700522,0.4017094075679779,0.046214357018470764,0.007011920213699341
YJL154C,YGR172C,1,3.963533,0.4067796468734741,0.04719763994216919,0.007011920213699341
YNL006W,YMR237W,1,3.9606771,0.4117647111415863,0.048180922865867615,0.007011920213699341
YBR110W,YDR422C,0,3.9590871,0.40833333134651184,0.048180922865867615,0.007112090475857258
YOR171C,YNL265C,1,3.9578152,0.41322314739227295,0.04916420951485634,0.007112090475857258
YBR290W,YJL154C,0,3.9551826,0.4098360538482666,0.04916420951485634,0.007212260738015175
YOR028C,YLR039C,0,3.9488573,0.4065040647983551,0.04916420951485634,0.007312431000173092
YIL118W,YIL033C,0,3.9479468,0.4032258093357086,0.04916420951485634,0.007412601262331009
YPR165W,YDR264C,1,3.9475431,0.40799999237060547,0.050147492438554764,0.007412601262331009
YOL129W,YGR206W,1,3.946299,0.4126984179019928,0.05113077536225319,0.007412601262331009
YKL079W,YML012W,0,3.9448385,0.4094488322734833,0.05113077536225319,0.007512771524488926
YML057W,YGR007W,0,3.9440527,0.40625,0.05113077536225319,0.007612941786646843
YGL124C,YNL044W,1,3.9425979,0.41085270047187805,0.05211406201124191,0.007612941786646843
YMR192W,YNL263C,1,3.935808,0.4153846204280853,0.05309734493494034,0.007612941786646843
YDR495C,YFL048C,1,3.9352987,0.4198473393917084,0.05408062785863876,0.007612941786646843
YKL039W,YNL287W,1,3.9318786,0.42424243688583374,0.05506391450762749,0.007612941786646843
YAL014C,YLR330W,1,3.9293005,0.4285714328289032,0.05604719743132591,0.007612941786646843
YDR320C,YOR173W,0,3.9284534,0.4253731369972229,0.05604719743132591,0.007713112514466047
YOR150W,YDR452W,0,3.927294,0.42222222685813904,0.05604719743132591,0.007813282310962677
YGR235C,YHL017W,0,3.9267628,0.41911765933036804,0.05604719743132591,0.007913452573120594
YER122C,YJL151C,1,3.9248238,0.42335766553878784,0.05703048035502434,0.007913452573120594
YGL039W,YMR149W,0,3.919468,0.4202898442745209,0.05703048035502434,0.008013622835278511
YDR189W,YCR009C,0,3.917789,0.41726619005203247,0.05703048035502434,0.008113793097436428
YPL259C,YMR071C,1,3.900894,0.4214285612106323,0.05801376700401306,0.008113793097436428
YEL038W,YDR210W,0,3.8973696,0.41843971610069275,0.05801376700401306,0.008213963359594345
YDR484W,YDR468C,1,3.8913233,0.4225352108478546,0.05899704992771149,0.008213963359594345
YHR106W,YOR357C,0,3.890491,0.4195804297924042,0.05899704992771149,0.008314133621752262
YDR202C,YAL014C,1,3.8892264,0.4236111044883728,0.05998033285140991,0.008314133621752262
YDR456W,YDL193W,0,3.8884635,0.4206896424293518,0.05998033285140991,0.00841430388391018
YOR069W,YPL059W,0,3.8880434,0.4178082048892975,0.05998033285140991,0.008514474146068096
YJL154C,YJR125C,1,3.8852654,0.4217686951160431,0.060963619500398636,0.008514474146068096
YFR021W,YGR167W,1,3.8851671,0.4256756901741028,0.06194690242409706,0.008514474146068096
YOL129W,YNL084C,1,3.8805246,0.42953020334243774,0.06293018907308578,0.008514474146068096
YKL089W,YOR197W,0,3.871893,0.4266666769981384,0.06293018907308578,0.008614645339548588
YGR284C,YJL036W,1,3.8709204,0.430463582277298,0.06391347199678421,0.008614645339548588
YBR264C,YLR459W,0,3.8665843,0.42763158679008484,0.06391347199678421,0.008714815601706505
YNL310C,YPL020C,0,3.864102,0.4248366057872772,0.06391347199678421,0.008814985863864422
YBR102C,YPL002C,1,3.8633249,0.4285714328289032,0.06489675492048264,0.008814985863864422
YKR027W,YHR108W,1,3.858857,0.43225806951522827,0.06588003784418106,0.008814985863864422
YPR029C,YLR360W,1,3.8586974,0.43589743971824646,0.06686332076787949,0.008814985863864422
YJR102C,YJL154C,1,3.8553956,0.4394904375076294,0.06784661114215851,0.008814985863864422
YNL049C,YPR178W,0,3.8545988,0.43670886754989624,0.06784661114215851,0.008915156126022339
YML092C,YKL154W,0,3.8544688,0.43396225571632385,0.06784661114215851,0.009015326388180256
YMR022W,YDL006W,0,3.849381,0.4312500059604645,0.06784661114215851,0.009115496650338173
YPL195W,YPL065W,1,3.8491406,0.43478259444236755,0.06882989406585693,0.009115496650338173
YJL210W,YOR059C,0,3.8460002,0.43209877610206604,0.06882989406585693,0.00921566691249609
YNL161W,YER161C,0,3.841168,0.42944785952568054,0.06882989406585693,0.009315837174654007
YFR050C,YGL096W,0,3.8405685,0.4268292784690857,0.06882989406585693,0.009416007436811924
YNL286W,YBR015C,0,3.8405604,0.42424243688583374,0.06882989406585693,0.009516177698969841
YFL005W,YGL100W,0,3.840373,0.42168673872947693,0.06882989406585693,0.009616347961127758
YDR517W,YGR167W,1,3.840098,0.42514970898628235,0.06981317698955536,0.009616347961127758
YLR117C,YGL167C,0,3.839375,0.4226190447807312,0.06981317698955536,0.009716518223285675
YER058W,YFL037W,0,3.8377597,0.4201183319091797,0.06981317698955536,0.009816688485443592
YAR033W,YDR153C,1,3.836601,0.42352941632270813,0.07079645991325378,0.009816688485443592
YDR407C,YLR093C,0,3.8334525,0.42105263471603394,0.07079645991325378,0.009916858747601509
YHR112C,YGL065C,0,3.830959,0.41860464215278625,0.07079645991325378,0.010017029009759426
YML055W,YDR204W,0,3.830394,0.4161849617958069,0.07079645991325378,0.010117199271917343
YNL039W,YBR227C,0,3.827949,0.4137931168079376,0.07079645991325378,0.01021736953407526
YJL044C,YMR077C,1,3.8222952,0.4171428680419922,0.07177974283695221,0.01021736953407526
YGL027C,YKR030W,0,3.81863,0.41477271914482117,0.07177974283695221,0.010317539796233177
YPL010W,YJL036W,1,3.8145847,0.41807910799980164,0.07276302576065063,0.010317539796233177
YKR020W,YGL200C,1,3.8130825,0.42134830355644226,0.07374631613492966,0.010317539796233177
YHR034C,YFL041W,0,3.8076673,0.4189944267272949,0.07374631613492966,0.010417710058391094
YER100W,YMR022W,0,3.8053167,0.4166666567325592,0.07374631613492966,0.010517880320549011
YDR100W,YPL195W,1,3.8029506,0.41988950967788696,0.07472959905862808,0.010517880320549011
YGR215W,YPR036W,0,3.7991254,0.4175824224948883,0.07472959905862808,0.010618050582706928
YPL206C,YML077W,0,3.7984853,0.41530054807662964,0.07472959905862808,0.010718220844864845
YLR178C,YBR229C,0,3.79843,0.41304346919059753,0.07472959905862808,0.010818391107022762
YBL007C,YPL218W,1,3.7974963,0.4162162244319916,0.07571288198232651,0.010818391107022762
YDR468C,YGL013C,0,3.7932763,0.4139784872531891,0.07571288198232651,0.01091856136918068
YJR134C,YNL044W,1,3.7914615,0.4171122908592224,0.07669616490602493,0.01091856136918068
YDR541C,YPL020C,0,3.791448,0.41489362716674805,0.07669616490602493,0.011018731631338596
YIL125W,YPR073C,0,3.7880473,0.4126984179019928,0.07669616490602493,0.011118901893496513
YGL151W,YHR123W,0,3.7868772,0.410526305437088,0.07669616490602493,0.01121907215565443
YGL023C,YCR075C,1,3.7867868,0.41361257433891296,0.07767944782972336,0.01121907215565443
YOR122C,YPL049C,0,3.7858262,0.4114583432674408,0.07767944782972336,0.011319242417812347
YJR134C,YPL065W,1,3.7780776,0.41450777649879456,0.07866273075342178,0.011319242417812347
YGR037C,YLR045C,0,3.7774367,0.41237112879753113,0.07866273075342178,0.011419412679970264
YDL137W,YHL009C,0,3.7758546,0.41025641560554504,0.07866273075342178,0.011519582942128181
YPL232W,YCR023C,0,3.7753463,0.40816327929496765,0.07866273075342178,0.011619753204286098
YML038C,YNL272C,1,3.774044,0.4111675024032593,0.0796460211277008,0.011619753204286098
YDR071C,YBR288C,0,3.7724972,0.40909090638160706,0.0796460211277008,0.011719923466444016
YNL288W,YER167W,0,3.7646346,0.4070351719856262,0.0796460211277008,0.011820093728601933
YGL073W,YLR283W,0,3.7636166,0.4050000011920929,0.0796460211277008,0.01192026399075985
YDR155C,YNL224C,0,3.7601128,0.4029850661754608,0.0796460211277008,0.012020435184240341
YDR080W,YJR125C,1,3.7572916,0.40594059228897095,0.08062930405139923,0.012020435184240341
YDR005C,YGL173C,0,3.7554715,0.403940886259079,0.08062930405139923,0.012120605446398258
YGL105W,YLR045C,0,3.7539105,0.4019607901573181,0.08062930405139923,0.012220775708556175
YOR198C,YGL195W,0,3.75285,0.4000000059604645,0.08062930405139923,0.012320945970714092
YIL041W,YOR018W,0,3.7519867,0.3980582654476166,0.08062930405139923,0.01242111623287201
YNL265C,YGL200C,1,3.7512286,0.40096619725227356,0.08161258697509766,0.01242111623287201
YPR028W,YLR086W,0,3.7498,0.3990384638309479,0.08161258697509766,0.012521286495029926
YDL099W,YHR037W,0,3.7486644,0.3971291780471802,0.08161258697509766,0.012621456757187843
YOR357C,YBR077C,1,3.7445388,0.4000000059604645,0.08259586989879608,0.012621456757187843
YDR051C,YER012W,0,3.744422,0.3981042802333832,0.08259586989879608,0.01272162701934576
YLR144C,YBL010C,0,3.74434,0.3962264060974121,0.08259586989879608,0.012821797281503677
YDR334W,YOR128C,0,3.741478,0.39436620473861694,0.08259586989879608,0.012921967543661594
YEL020C,YGL084C,0,3.7311902,0.3925233781337738,0.08259586989879608,0.013022137805819511
YBL010C,YGL020C,0,3.7299852,0.3906976878643036,0.08259586989879608,0.013122308067977428
YNL088W,YEL058W,0,3.7267604,0.3888888955116272,0.08259586989879608,0.013222478330135345
YJR046W,YBR068C,0,3.7256546,0.3870967626571655,0.08259586989879608,0.013322648592293262
YOR149C,YOL051W,0,3.7253785,0.38532111048698425,0.08259586989879608,0.01342281885445118
YOR244W,YGR284C,0,3.723444,0.3835616409778595,0.08259586989879608,0.013522989116609097
YOR090C,YDR084C,0,3.7230406,0.38181817531585693,0.08259586989879608,0.013623159378767014
YKL052C,YNL294C,0,3.7212458,0.38009050488471985,0.08259586989879608,0.01372332964092493
YDR486C,YAR002C-A,1,3.7199118,0.38288289308547974,0.0835791528224945,0.01372332964092493
YGR029W,YDR517W,0,3.718542,0.38116592168807983,0.0835791528224945,0.013823499903082848
YBR054W,YLR238W,0,3.7180092,0.3794642984867096,0.0835791528224945,0.013923670165240765
YOR136W,YNL130C,0,3.7178938,0.3777777850627899,0.0835791528224945,0.014023840427398682
YNL287W,YMR278W,0,3.7169816,0.3761062026023865,0.0835791528224945,0.014124010689556599
YDR329C,YDL190C,0,3.7161565,0.37444934248924255,0.0835791528224945,0.014224180951714516
YOR329C,YPL059W,0,3.7149205,0.37280702590942383,0.0835791528224945,0.014324351213872433
YMR214W,YDR202C,0,3.7147062,0.3711790442466736,0.0835791528224945,0.01442452147603035
YPL066W,YER178W,0,3.7133875,0.3695652186870575,0.0835791528224945,0.014524691738188267
YDR407C,YOR090C,0,3.7132812,0.36796537041664124,0.0835791528224945,0.014624862000346184
YER048C,YNL029C,0,3.7124662,0.3663793206214905,0.0835791528224945,0.0147250322625041
YDL098C,YGR263C,0,3.712119,0.3648068606853485,0.0835791528224945,0.014825202524662018
YDR016C,YOR069W,0,3.7113008,0.3632478713989258,0.0835791528224945,0.014925372786819935
YNL039W,YOR321W,0,3.7111347,0.3617021143436432,0.0835791528224945,0.015025543048977852
YOR320C,YJL154C,0,3.710754,0.36016950011253357,0.0835791528224945,0.015125713311135769
YDR387C,YNL020C,0,3.7094007,0.3586497902870178,0.0835791528224945,0.015225883573293686
YMR071C,YNL287W,1,3.7091525,0.3613445460796356,0.08456243574619293,0.015225883573293686
YDR325W,YBR231C,0,3.7089405,0.35983264446258545,0.08456243574619293,0.015326053835451603
YDR495C,YNL006W,1,3.7087588,0.36250001192092896,0.08554572612047195,0.015326053835451603
YDR387C,YDR303C,0,3.7021406,0.3609958589076996,0.08554572612047195,0.015426225028932095
YDR452W,YPL047W,0,3.7001474,0.3595041334629059,0.08554572612047195,0.015526395291090012
YJL154C,YBL078C,1,3.6991796,0.36213991045951843,0.08652900904417038,0.015526395291090012
YMR092C,YGR037C,0,3.6973758,0.3606557250022888,0.08652900904417038,0.015626564621925354
YGL048C,YDR214W,0,3.6963603,0.359183669090271,0.08652900904417038,0.015726735815405846
YGL124C,YML012W,1,3.696124,0.36178863048553467,0.0875122919678688,0.015726735815405846
YJR044C,YKL135C,1,3.6910005,0.36437246203422546,0.08849557489156723,0.015726735815405846
YPL178W,YPL084W,0,3.6905046,0.3629032373428345,0.08849557489156723,0.015826905146241188
YKL039W,YBR058C,0,3.6901984,0.3614457845687866,0.08849557489156723,0.01592707633972168
YOR156C,YLR292C,0,3.6850216,0.36000001430511475,0.08849557489156723,0.016027245670557022
YHR106W,YPR025C,0,3.6850066,0.3585657477378845,0.08849557489156723,0.016127416864037514
YBL010C,YHR181W,1,3.6805606,0.3611111044883728,0.08947885781526566,0.016127416864037514
YLR417W,YDR153C,1,3.6803708,0.3636363744735718,0.09046214073896408,0.016127416864037514
YFR051C,YDL091C,0,3.679948,0.36220473051071167,0.09046214073896408,0.016227586194872856
YKL063C,YER088C,0,3.676586,0.3607843220233917,0.09046214073896408,0.016327757388353348
YBR205W,YKR022C,0,3.6706676,0.359375,0.09046214073896408,0.01642792671918869
YML012W,YHR098C,1,3.6701455,0.3618676960468292,0.0914454311132431,0.01642792671918869
YDL103C,YER119C,0,3.6686854,0.3604651093482971,0.0914454311132431,0.016528097912669182
YOL032W,YGL012W,0,3.6676042,0.35907337069511414,0.0914454311132431,0.016628267243504524
YHR006W,YJR125C,0,3.6636996,0.35769230127334595,0.0914454311132431,0.016728438436985016
YLR378C,YNL214W,0,3.6624017,0.3563218414783478,0.0914454311132431,0.01682860776782036
YLR427W,YOR002W,0,3.657876,0.3549618422985077,0.0914454311132431,0.01692877896130085
YNL130C,YGL020C,0,3.657452,0.35361215472221375,0.0914454311132431,0.017028948292136192
YHR098C,YFR047C,0,3.65668,0.35227271914482117,0.0914454311132431,0.017129119485616684
YIL051C,YNR048W,0,3.6565182,0.350943386554718,0.0914454311132431,0.017229290679097176
YHR098C,YAR002C-A,1,3.6547656,0.35338345170021057,0.09242871403694153,0.017229290679097176
YGR231C,YDL190C,0,3.6547127,0.352059930562973,0.09242871403694153,0.017329460009932518
YKL196C,YDR069C,1,3.6491094,0.3544776141643524,0.09341199696063995,0.017329460009932518
YLR368W,YNL076W,0,3.648588,0.3531598448753357,0.09341199696063995,0.01742963120341301
YPR029C,YKR029C,0,3.6477954,0.35185185074806213,0.09341199696063995,0.017529800534248352
YNL229C,YDL100C,0,3.6468754,0.3505535125732422,0.09341199696063995,0.017629971727728844
YLR292C,YNL322C,0,3.6459184,0.3492647111415863,0.09341199696063995,0.017730141058564186
YKL196C,YNR006W,1,3.6375093,0.35164836049079895,0.09439527988433838,0.017730141058564186
YJR161C,YBL105C,0,3.6331897,0.35036495327949524,0.09439527988433838,0.017830312252044678
YBL050W,YOR241W,0,3.6294904,0.34909090399742126,0.09439527988433838,0.01793048158288002
YDL137W,YPL120W,1,3.6282096,0.35144928097724915,0.0953785628080368,0.01793048158288002
YCR066W,YGL002W,0,3.628087,0.3501805067062378,0.0953785628080368,0.018030652776360512
YKR014C,YBR058C,0,3.625876,0.3489208519458771,0.0953785628080368,0.018130822107195854
YDR288W,YPL059W,0,3.6232476,0.3476702570915222,0.0953785628080368,0.018230993300676346
YML021C,YPL005W,0,3.6215277,0.3464285731315613,0.0953785628080368,0.018331162631511688
YDR270W,YKL135C,1,3.6194854,0.3487544357776642,0.09636184573173523,0.018331162631511688
YGL175C,YGL011C,0,3.617038,0.347517728805542,0.09636184573173523,0.01843133382499218
YNL049C,YJR058C,1,3.6167781,0.34982332587242126,0.09734513610601425,0.01843133382499218
YPL149W,YML059C,0,3.6110253,0.34859153628349304,0.09734513610601425,0.018531503155827522
YKL039W,YKL127W,0,3.6096556,0.34736841917037964,0.09734513610601425,0.018631674349308014
YMR214W,YGR284C,0,3.6088514,0.3461538553237915,0.09734513610601425,0.018731843680143356
YDR084C,YDR069C,0,3.6077082,0.3449477255344391,0.09734513610601425,0.018832014873623848
YMR004W,YDR105C,0,3.606207,0.34375,0.09734513610601425,0.01893218420445919
YKR086W,YPR003C,0,3.605923,0.3425605595111847,0.09734513610601425,0.019032355397939682
YOL031C,YLR398C,0,3.605633,0.341379314661026,0.09734513610601425,0.019132524728775024
YER133W,YOR128C,0,3.6025014,0.34020617604255676,0.09734513610601425,0.019232695922255516
YHR080C,YPL138C,0,3.599111,0.3390410840511322,0.09734513610601425,0.01933286525309086
YMR060C,YHR181W,0,3.5975125,0.33788394927978516,0.09734513610601425,0.01943303644657135
YNR049C,YHL031C,0,3.5971692,0.33673468232154846,0.09734513610601425,0.019533205777406693
YDL195W,YBL007C,1,3.5970495,0.33898305892944336,0.09832841902971268,0.019533205777406693
YOR249C,YER113C,0,3.5959725,0.3378378450870514,0.09832841902971268,0.019633376970887184
YNR049C,YPR073C,0,3.5954232,0.33670035004615784,0.09832841902971268,0.019733546301722527
YDR100W,YDL137W,1,3.5936322,0.33892616629600525,0.0993117019534111,0.019733546301722527
YDR452W,YDR098C,0,3.5928516,0.33779263496398926,0.0993117019534111,0.019833717495203018
YLR170C,YNL264C,0,3.5916197,0.33666667342185974,0.0993117019534111,0.01993388682603836
YIL111W,YGR135W,0,3.5906575,0.33554816246032715,0.0993117019534111,0.020034058019518852
YBL007C,YHL002W,1,3.5879517,0.33774834871292114,0.10029498487710953,0.020034058019518852
YNL047C,YKL046C,0,3.586554,0.3366336524486542,0.10029498487710953,0.020134227350354195
YDL147W,YKR098C,0,3.5859537,0.33552631735801697,0.10029498487710953,0.020234398543834686
YDR533C,YGR092W,0,3.583829,0.33442622423171997,0.10029498487710953,0.02033456787467003
YKL010C,YNL136W,0,3.5831358,0.3333333432674408,0.10029498487710953,0.02043473906815052
YDR456W,YDR238C,1,3.5815172,0.3355048894882202,0.10127826780080795,0.02043473906815052
YKL051W,YDR141C,0,3.581134,0.33441558480262756,0.10127826780080795,0.020534910261631012
YMR214W,YPR134W,0,3.580779,0.3333333432674408,0.10127826780080795,0.020635079592466354
YPL202C,YOR034C,0,3.5800557,0.33225807547569275,0.10127826780080795,0.020735250785946846
YDR307W,YPL116W,0,3.5792253,0.33118972182273865,0.10127826780080795,0.02083542011678219
YLR360W,YBL005W-A,0,3.5760777,0.33012819290161133,0.10127826780080795,0.02093559131026268
YIR036C,YDR463W,0,3.5744543,0.3290734887123108,0.10127826780080795,0.021035760641098022
YPL023C,YHR181W,0,3.5742154,0.3280254900455475,0.10127826780080795,0.021135931834578514
YGR223C,YJL207C,1,3.5736432,0.3301587402820587,0.10226155072450638,0.021135931834578514
YCR054C,YNL130C,0,3.5727916,0.3291139304637909,0.10226155072450638,0.021236101165413857
YGL238W,YJR058C,0,3.5711143,0.32807570695877075,0.10226155072450638,0.021336272358894348
YOR307C,YPR081C,0,3.5704606,0.3270440399646759,0.10226155072450638,0.02143644168972969
YJR044C,YKL061W,1,3.5702577,0.3291535973548889,0.1032448410987854,0.02143644168972969
YOR198C,YDR130C,0,3.568365,0.328125,0.1032448410987854,0.021536612883210182
YOR136W,YPR141C,0,3.5668015,0.32710281014442444,0.1032448410987854,0.021636782214045525
YJR058C,YGR284C,1,3.5666063,0.32919254899024963,0.10422812402248383,0.021636782214045525
YML038C,YDL195W,1,3.5658052,0.33126935362815857,0.10521140694618225,0.021636782214045525
YDR323C,YPR079W,1,3.5607934,0.3333333432674408,0.10619468986988068,0.021636782214045525
YDR189W,YDR069C,1,3.5586157,0.3353846073150635,0.1071779727935791,0.021636782214045525
YCL038C,YAL005C,0,3.5552144,0.33435583114624023,0.1071779727935791,0.021736953407526016
YJL044C,YPR165W,1,3.5551758,0.3363914489746094,0.10816125571727753,0.021736953407526016
YMR152W,YNL076W,0,3.554339,0.3353658616542816,0.10816125571727753,0.02183712273836136
YFL039C,YMR237W,0,3.552896,0.3343465030193329,0.10816125571727753,0.02193729393184185
YPR173C,YGL051W,1,3.5506809,0.33636364340782166,0.10914454609155655,0.02193729393184185
YKL017C,YBL010C,0,3.5481389,0.335347443819046,0.10914454609155655,0.022037463262677193
YFL039C,YGR026W,0,3.5477076,0.33433735370635986,0.10914454609155655,0.022137634456157684
YBR046C,YNL130C,0,3.547008,0.3333333432674408,0.10914454609155655,0.022237803786993027
YER016W,YNL130C,0,3.546796,0.33233532309532166,0.10914454609155655,0.02233797498047352
YPL215W,YBR289W,0,3.545622,0.33134329319000244,0.10914454609155655,0.02243814431130886
YGR038W,YDL135C,0,3.5445685,0.3303571343421936,0.10914454609155655,0.022538315504789352
YCR024C,YHR181W,0,3.5444756,0.32937684655189514,0.10914454609155655,0.022638484835624695
YOL129W,YDR264C,1,3.5427923,0.33136093616485596,0.11012782901525497,0.022638484835624695
YHR016C,YBR054W,0,3.5427864,0.3303834795951843,0.11012782901525497,0.022738656029105186
YKL179C,YML078W,0,3.5417395,0.3294117748737335,0.11012782901525497,0.02283882535994053
YOR336W,YER063W,0,3.541504,0.32844576239585876,0.11012782901525497,0.02293899655342102
YCR004C,YDR266C,0,3.540935,0.3274853825569153,0.11012782901525497,0.023039165884256363
YER094C,YEL063C,0,3.5402532,0.3265306055545807,0.11012782901525497,0.023139337077736855
YDR080W,YJL204C,1,3.5376241,0.32848837971687317,0.1111111119389534,0.023139337077736855
YPR029C,YIL105C,0,3.536622,0.3275362253189087,0.1111111119389534,0.023239506408572197
YPR173C,YOR132W,1,3.5336657,0.32947975397109985,0.11209439486265182,0.023239506408572197
YJL062W,YER112W,0,3.5316172,0.3285302519798279,0.11209439486265182,0.02333967760205269
YDR170C,YPR079W,1,3.5278125,0.3304597735404968,0.11307767778635025,0.02333967760205269
YFR044C,YPR057W,0,3.527667,0.32951289415359497,0.11307767778635025,0.02343984693288803
YER078C,YLR176C,0,3.5259938,0.3285714387893677,0.11307767778635025,0.023540018126368523
YKL027W,YOR270C,0,3.521012,0.3276353180408478,0.11307767778635025,0.023640187457203865
YHL019C,YPR181C,1,3.519997,0.3295454680919647,0.11406096071004868,0.023640187457203865
YDR258C,YLR378C,0,3.5185428,0.32861191034317017,0.11406096071004868,0.023740358650684357
YPR141C,YJR118C,0,3.5177665,0.32768362760543823,0.11406096071004868,0.0238405279815197
YDR231C,YDL235C,0,3.5158484,0.32676056027412415,0.11406096071004868,0.02394069917500019
YPL206C,YGL127C,0,3.5153103,0.3258427083492279,0.11406096071004868,0.024040870368480682
YOL158C,YGR172C,1,3.5153,0.32773110270500183,0.1150442510843277,0.024040870368480682
YKL087C,YAL009W,0,3.5149183,0.3268156349658966,0.1150442510843277,0.024141039699316025
YJR001W,YDR047W,0,3.513464,0.32590529322624207,0.1150442510843277,0.024241210892796516
YDL064W,YER021W,0,3.5134463,0.32499998807907104,0.1150442510843277,0.02434138022363186
YKR029C,YMR009W,0,3.5124009,0.32409971952438354,0.1150442510843277,0.02444155141711235
YHR027C,YDL080C,0,3.511729,0.3232044279575348,0.1150442510843277,0.024541720747947693
YER111C,YDR265W,0,3.5080209,0.32231405377388,0.1150442510843277,0.024641891941428185
YKL196C,YBR077C,1,3.5077376,0.3241758346557617,0.11602753400802612,0.024641891941428185
YKL195W,YCL047C,0,3.5055852,0.3232876658439636,0.11602753400802612,0.024742061272263527
YIL109C,YOR132W,1,3.5043924,0.32513660192489624,0.11701081693172455,0.024742061272263527
YMR048W,YDR393W,0,3.5034335,0.3242506682872772,0.11701081693172455,0.02484223246574402
YAR033W,YML067C,1,3.5007734,0.32608696818351746,0.11799409985542297,0.02484223246574402
YBL010C,YOR357C,1,3.5006666,0.3279132843017578,0.1189773827791214,0.02484223246574402
YPL010W,YPR079W,1,3.5004234,0.32972973585128784,0.11996066570281982,0.02484223246574402
YDR358W,YOR109W,0,3.4981294,0.328840970993042,0.11996066570281982,0.02494240179657936
YOR073W,YBR234C,0,3.497157,0.3279569745063782,0.11996066570281982,0.025042572990059853
YGL210W,YDL135C,0,3.496505,0.3270777463912964,0.11996066570281982,0.025142742320895195
YDL137W,YMR237W,1,3.4950843,0.3288770020008087,0.12094395607709885,0.025142742320895195
YNL167C,YEL044W,0,3.4946127,0.328000009059906,0.12094395607709885,0.025242913514375687
YPL022W,YMR058W,0,3.493054,0.3271276652812958,0.12094395607709885,0.02534308284521103
YJR013W,YDR341C,0,3.489768,0.32625994086265564,0.12094395607709885,0.02544325403869152
YHR178W,YBL005W,0,3.488645,0.3253968358039856,0.12094395607709885,0.025543423369526863
YBR036C,YGR002C,0,3.487585,0.3245382606983185,0.12094395607709885,0.025643594563007355
YBR102C,YAR033W,1,3.487167,0.3263157904148102,0.12192723900079727,0.025643594563007355
YPR181C,YHR108W,1,3.4862714,0.32808399200439453,0.1229105219244957,0.025643594563007355
YDR517W,YNR007C,0,3.4858184,0.32722511887550354,0.1229105219244957,0.025743763893842697
YBR005W,YER048C,0,3.485129,0.3263707458972931,0.1229105219244957,0.02584393508732319
YML012W,YHR105W,1,3.4829645,0.328125,0.12389380484819412,0.02584393508732319
YCR102C,YJR118C,0,3.482607,0.3272727131843567,0.12389380484819412,0.02594410441815853
YOR081C,YDR425W,0,3.482061,0.32642486691474915,0.12389380484819412,0.026044275611639023
YDR486C,YAR042W,1,3.4811945,0.3281653821468353,0.12487708777189255,0.026044275611639023
YLR089C,YIL010W,0,3.4811366,0.32731959223747253,0.12487708777189255,0.026144444942474365
YPR067W,YDL143W,0,3.4800246,0.32647815346717834,0.12487708777189255,0.026244616135954857
YER062C,YKL222C,0,3.479835,0.32564103603363037,0.12487708777189255,0.0263447854667902
YJR056C,YOR117W,0,3.477958,0.32480818033218384,0.12487708777189255,0.02644495666027069
YKL089W,YML074C,0,3.477376,0.32397958636283875,0.12487708777189255,0.026545125991106033
YDR221W,YOR269W,0,3.4759898,0.3231552243232727,0.12487708777189255,0.026645297184586525
YMR076C,YNL051W,0,3.475219,0.32233503460884094,0.12487708777189255,0.026745466515421867
YHL017W,YGL051W,1,3.4741616,0.324050635099411,0.12586037814617157,0.026745466515421867
YJL159W,YMR113W,0,3.4734504,0.3232323229312897,0.12586037814617157,0.02684563770890236
YNL039W,YPL120W,0,3.47192,0.32241812348365784,0.12586037814617157,0.0269458070397377
YJL091C,YER003C,0,3.4718385,0.3216080367565155,0.12586037814617157,0.027045978233218193
YJR076C,YIL074C,0,3.4707036,0.3208020031452179,0.12586037814617157,0.027146147564053535
YBR070C,YKL193C,0,3.4697337,0.3199999928474426,0.12586037814617157,0.027246318757534027
YJR005W,YMR197C,1,3.4678085,0.3216957747936249,0.12684366106987,0.027246318757534027
YFR021W,YNL287W,1,3.4673305,0.323383092880249,0.12782694399356842,0.027246318757534027
YOR080W,YBR245C,0,3.46708,0.32258063554763794,0.12782694399356842,0.02734648995101452
YLR396C,YDR264C,1,3.4656541,0.32425743341445923,0.12881022691726685,0.02734648995101452
YDR501W,YDR057W,0,3.4637172,0.3234567940235138,0.12881022691726685,0.02744665928184986
YNL049C,YBR288C,1,3.4574242,0.3251231610774994,0.12979350984096527,0.02744665928184986
YFR051C,YKR020W,1,3.4572518,0.32678133249282837,0.1307767927646637,0.02744665928184986
YLR085C,YNR011C,0,3.4559898,0.32598039507865906,0.1307767927646637,0.027546830475330353
YDR268W,YPR073C,0,3.4550924,0.32518336176872253,0.1307767927646637,0.027646999806165695
YGR218W,YLR064W,0,3.4522593,0.3243902325630188,0.1307767927646637,0.027747170999646187
YGL048C,YOR307C,0,3.4520578,0.32360097765922546,0.1307767927646637,0.02784734033048153
YLR240W,YJL036W,1,3.451255,0.3252427279949188,0.13176007568836212,0.02784734033048153
YGR198W,YDR189W,1,3.4510412,0.32687652111053467,0.13274335861206055,0.02784734033048153
YPR097W,YBL022C,0,3.4506218,0.32608696818351746,0.13274335861206055,0.02794751152396202
YOL129W,YLR170C,1,3.450559,0.3277108371257782,0.13372664153575897,0.02794751152396202
YJR076C,YNL241C,0,3.4491496,0.32692307233810425,0.13372664153575897,0.028047680854797363
YDR541C,YOR059C,0,3.4484932,0.32613909244537354,0.13372664153575897,0.028147852048277855
YIL044C,YJL178C,1,3.44634,0.32775118947029114,0.1347099244594574,0.028147852048277855
YOL158C,YKR014C,1,3.4462233,0.3293555974960327,0.13569322228431702,0.028147852048277855
YPL204W,YJR065C,0,3.4454641,0.3285714387893677,0.13569322228431702,0.028248021379113197
YDR323C,YJL151C,1,3.4444814,0.3301662802696228,0.13667650520801544,0.028248021379113197
YJL047C,YDR298C,0,3.4425228,0.32938387989997864,0.13667650520801544,0.02834819257259369
YHR108W,YNL252C,0,3.440775,0.32860520482063293,0.13667650520801544,0.02844836190342903
YOR288C,YJL099W,0,3.4405036,0.3278301954269409,0.13667650520801544,0.028548533096909523
YDR051C,YFR007W,0,3.4398513,0.3270588219165802,0.13667650520801544,0.028648702427744865
YNL263C,YGR075C,0,3.438872,0.3262910842895508,0.13667650520801544,0.028748873621225357
YMR076C,YOR039W,0,3.4372883,0.3255269229412079,0.13667650520801544,0.0288490429520607
YLR078C,YPL224C,0,3.436648,0.3247663676738739,0.13667650520801544,0.02894921414554119
YLR259C,YGL085W,0,3.4358845,0.32400932908058167,0.13667650520801544,0.029049383476376534
YMR076C,YLR288C,0,3.4358046,0.3232558071613312,0.13667650520801544,0.029149554669857025
YHR201C,YPL137C,0,3.435206,0.32250580191612244,0.13667650520801544,0.029249724000692368
YLR330W,YDR238C,1,3.4345932,0.32407405972480774,0.13765978813171387,0.029249724000692368
YDR214W,YLR181C,0,3.432525,0.32332563400268555,0.13765978813171387,0.02934989519417286
YNL181W,YOL122C,0,3.4318078,0.32258063554763794,0.13765978813171387,0.0294500645250082
YPL010W,YGL210W,1,3.429157,0.32413792610168457,0.1386430710554123,0.0294500645250082
YDR302W,YLR467W,0,3.4278963,0.3233945071697235,0.1386430710554123,0.029550235718488693
YBL105C,YML111W,0,3.426074,0.32265445590019226,0.1386430710554123,0.029650405049324036
YIL121W,YPL049C,0,3.4235866,0.3219178020954132,0.1386430710554123,0.029750576242804527
YKL196C,YPL259C,1,3.4218836,0.32346242666244507,0.13962635397911072,0.029750576242804527
YML038C,YDR376W,0,3.4210362,0.3227272629737854,0.13962635397911072,0.02985074557363987
YDR100W,YLR396C,1,3.4203186,0.3242630362510681,0.14060963690280914,0.02985074557363987
YOR327C,YLR240W,1,3.4195075,0.3257918655872345,0.14159291982650757,0.02985074557363987
YER078C,YGL001C,0,3.4153106,0.32505643367767334,0.14159291982650757,0.02995091676712036
YEL019C,YEL002C,0,3.4138677,0.3243243098258972,0.14159291982650757,0.030051086097955704
YLR417W,YJL178C,1,3.413608,0.3258427083492279,0.142576202750206,0.030051086097955704
YCL017C,YMR274C,0,3.4135342,0.32511210441589355,0.142576202750206,0.030151257291436195
YJR050W,YMR041C,0,3.4103494,0.32438477873802185,0.142576202750206,0.030251426622271538
YCL029C,YPL154C,0,3.4101744,0.3236607015132904,0.142576202750206,0.03035159781575203
YOR035C,YER177W,0,3.410009,0.3229398727416992,0.142576202750206,0.030451767146587372
YPR165W,YML060W,0,3.4098363,0.3222222328186035,0.142576202750206,0.030551938340067863
YLR039C,YER026C,0,3.4094908,0.3215077519416809,0.142576202750206,0.030652107670903206
YBR014C,YGR262C,0,3.4094882,0.3207964599132538,0.142576202750206,0.030752278864383698
YMR293C,YCR067C,0,3.4094307,0.32008829712867737,0.142576202750206,0.03085245005786419
YBR110W,YOR259C,0,3.409406,0.31938326358795166,0.142576202750206,0.03095261938869953
YNL263C,YNL044W,1,3.4086094,0.32087913155555725,0.14355948567390442,0.03095261938869953
YGR004W,YMR074C,0,3.407968,0.320175439119339,0.14355948567390442,0.031052790582180023
YLR433C,YOR117W,0,3.407666,0.31947484612464905,0.14355948567390442,0.031152959913015366
YPL100W,YML121W,1,3.407103,0.3209607005119324,0.14454276859760284,0.031152959913015366
YML129C,YPR103W,0,3.4066641,0.3202614486217499,0.14454276859760284,0.03125312924385071
YOR156C,YGR240C,0,3.406195,0.31956520676612854,0.14454276859760284,0.03135330229997635
YPL168W,YGR263C,0,3.4054987,0.31887200474739075,0.14454276859760284,0.03145347163081169
YPL195W,YKL041W,1,3.405367,0.32034632563591003,0.14552605152130127,0.03145347163081169
YER014W,YJR090C,0,3.4052918,0.3196544349193573,0.14552605152130127,0.031553640961647034
YKL112W,YDR117C,0,3.404716,0.31896552443504333,0.14552605152130127,0.031653810292482376
YPL204W,YHL036W,0,3.403151,0.31827956438064575,0.14552605152130127,0.03175398334860802
YDL103C,YLR095C,0,3.402244,0.31759655475616455,0.14552605152130127,0.03185415267944336
YEL050C,YNL056W,0,3.4013758,0.31691649556159973,0.14552605152130127,0.0319543220102787
YDR100W,YNL272C,1,3.3990452,0.3183760643005371,0.1465093344449997,0.0319543220102787
YML067C,YJR066W,1,3.3989258,0.31982943415641785,0.14749263226985931,0.0319543220102787
YNL227C,YJL173C,0,3.3981805,0.3191489279270172,0.14749263226985931,0.032054491341114044
YPL095C,YLL067C,0,3.3973668,0.31847134232521057,0.14749263226985931,0.032154664397239685
YPR165W,YJR040W,1,3.3970685,0.3199152648448944,0.14847591519355774,0.032154664397239685
YOR150W,YHR184W,0,3.3967648,0.31923890113830566,0.14847591519355774,0.03225483372807503
YGR247W,YNL287W,1,3.3958707,0.3206751048564911,0.14945919811725616,0.03225483372807503
YBR205W,YBR236C,0,3.3951178,0.3199999928474426,0.14945919811725616,0.03235500305891037
YPL120W,YGR076C,0,3.3934681,0.3193277418613434,0.14945919811725616,0.03245517238974571
YOR244W,YDL145C,0,3.3927696,0.3186582922935486,0.14945919811725616,0.03255534544587135
YNL191W,YGR172C,0,3.3917098,0.3179916441440582,0.14945919811725616,0.032655514776706696
YDR379W,YBL064C,0,3.3887925,0.3173277676105499,0.14945919811725616,0.03275568410754204
YNL006W,YGL200C,1,3.386609,0.3187499940395355,0.1504424810409546,0.03275568410754204
YDR284C,YBL022C,0,3.3860893,0.31808730959892273,0.1504424810409546,0.03285585343837738
YDR326C,YPL053C,0,3.3859196,0.317427396774292,0.1504424810409546,0.03295602649450302
YGR284C,YKR077W,0,3.3847475,0.31677019596099854,0.1504424810409546,0.033056195825338364
YMR163C,YDR051C,0,3.3843508,0.31611570715904236,0.1504424810409546,0.033156365156173706
YLR370C,YER155C,0,3.3799279,0.31546393036842346,0.1504424810409546,0.03325653448700905
YDR400W,YGL227W,0,3.379333,0.31481480598449707,0.1504424810409546,0.03335670754313469
YDL164C,YAL009W,0,3.3781447,0.31416836380958557,0.1504424810409546,0.03345687687397003
YDR513W,YPR173C,0,3.3762636,0.31352460384368896,0.1504424810409546,0.033557046204805374
YPR108W,YML107C,0,3.3748817,0.3128834366798401,0.1504424810409546,0.03365721553564072
YKR007W,YML012W,1,3.3740199,0.3142857253551483,0.15142576396465302,0.03365721553564072
YJR125C,YML121W,1,3.3723545,0.3156822919845581,0.15240904688835144,0.03365721553564072
YKL196C,YMR077C,1,3.3700051,0.31707316637039185,0.15339232981204987,0.03365721553564072
YNL006W,YPL120W,1,3.3699772,0.3184584081172943,0.1543756127357483,0.03365721553564072
YOL158C,YGR142W,1,3.3699305,0.3198380470275879,0.15535889565944672,0.03365721553564072
YKL077W,YGR205W,0,3.3694859,0.31919193267822266,0.15535889565944672,0.03375738859176636
YDL200C,YHR067W,0,3.3692079,0.31854838132858276,0.15535889565944672,0.0338575579226017
YNL221C,YKR077W,0,3.3686054,0.317907452583313,0.15535889565944672,0.03395772725343704
YPR067W,YKL184W,0,3.3681564,0.31726908683776855,0.15535889565944672,0.034057896584272385
YLR433C,YPL048W,0,3.366906,0.3166332542896271,0.15535889565944672,0.034158069640398026
YGL121C,YLR220W,0,3.3649383,0.3160000145435333,0.15535889565944672,0.03425823897123337
YDL193W,YGL096W,0,3.3633757,0.31536924839019775,0.15535889565944672,0.03435840830206871
YLR275W,YKL065C,0,3.3633232,0.3147410452365875,0.15535889565944672,0.03445858135819435
YGR261C,YPL218W,1,3.36309,0.31610336899757385,0.15634217858314514,0.03445858135819435
YOR334W,YDL007W,0,3.3624942,0.3154761791229248,0.15634217858314514,0.034558750689029694
YBL007C,YAR042W,1,3.3618042,0.31683167815208435,0.15732546150684357,0.034558750689029694
YGL137W,YPR181C,1,3.3604841,0.3181818127632141,0.158308744430542,0.034558750689029694
YJR066W,YDR510W,0,3.3603702,0.317554235458374,0.158308744430542,0.034658920019865036
YJL063C,YDL193W,0,3.3598676,0.3169291317462921,0.158308744430542,0.03475908935070038
YPR134W,YGR161C,0,3.3572671,0.316306471824646,0.158308744430542,0.03485926240682602
YML023C,YOR151C,0,3.356257,0.31568628549575806,0.158308744430542,0.03495943173766136
YJR058C,YNL044W,1,3.3557992,0.31702545285224915,0.1592920422554016,0.03495943173766136
YOL031C,YML060W,0,3.3550167,0.31640625,0.1592920422554016,0.035059601068496704
YHR098C,YDR264C,1,3.3549638,0.317738801240921,0.16027532517910004,0.035059601068496704
YPR037C,YPL270W,0,3.3531477,0.31712061166763306,0.16027532517910004,0.035159770399332047
YJL154C,YGL210W,1,3.3523674,0.3184466063976288,0.16125860810279846,0.035159770399332047
YER014W,YPR032W,0,3.352299,0.3178294599056244,0.16125860810279846,0.03525994345545769
YLR025W,YOR132W,1,3.3501906,0.3191489279270172,0.1622418910264969,0.03525994345545769
YHR098C,YGL054C,1,3.3501687,0.3204633295536041,0.1632251739501953,0.03525994345545769
YGR063C,YDR341C,0,3.3495257,0.31984585523605347,0.1632251739501953,0.03536011278629303
YAL007C,YMR159C,1,3.3494086,0.321153849363327,0.16420845687389374,0.03536011278629303
YKL196C,YFR019W,1,3.347612,0.32245680689811707,0.16519173979759216,0.03536011278629303
YBR176W,YDR052C,0,3.347094,0.3218390941619873,0.16519173979759216,0.03546028211712837
YKL134C,YPR019W,0,3.3455732,0.3212237060070038,0.16519173979759216,0.035560451447963715
YHR005C,YKL196C,1,3.3448534,0.32251909375190735,0.1661750227212906,0.035560451447963715
YNL103W,YHR121W,0,3.3439445,0.3219047486782074,0.1661750227212906,0.035660624504089355
YPR184W,YDR246W,0,3.343822,0.32129278779029846,0.1661750227212906,0.0357607938349247
YAR033W,YOL018C,1,3.343367,0.32258063554763794,0.167158305644989,0.0357607938349247
YJR064W,YDR037W,0,3.3432014,0.3219696879386902,0.167158305644989,0.03586096316576004
YPL140C,YIL117C,0,3.3404307,0.32136106491088867,0.167158305644989,0.03596113249659538
YPL053C,YNL263C,0,3.3403912,0.3207547068595886,0.167158305644989,0.036061305552721024
YGR163W,YDL019C,0,3.3393707,0.3201506733894348,0.167158305644989,0.036161474883556366
YDR168W,YBL005W,0,3.3393226,0.3195488750934601,0.167158305644989,0.03626164421439171
YPR028W,YBL017C,0,3.338982,0.3189493417739868,0.167158305644989,0.03636181354522705
YJR058C,YML067C,1,3.3387916,0.32022473216056824,0.16814158856868744,0.03636181354522705
YNL245C,YMR297W,0,3.3365238,0.31962618231773376,0.16814158856868744,0.03646198660135269
YGL027C,YLR258W,0,3.3362384,0.319029837846756,0.16814158856868744,0.036562155932188034
YDR326C,YOR109W,0,3.3358264,0.31843575835227966,0.16814158856868744,0.036662325263023376
YDL105W,YHR101C,0,3.3348496,0.31784385442733765,0.16814158856868744,0.03676249459385872
YLL028W,YDR032C,0,3.332968,0.3172541856765747,0.16814158856868744,0.03686266764998436
YLR414C,YGR284C,0,3.332562,0.3166666626930237,0.16814158856868744,0.0369628369808197
YGR284C,YPL084W,1,3.3319685,0.31792977452278137,0.16912487149238586,0.0369628369808197
YPR173C,YMR071C,1,3.3314853,0.3191881775856018,0.1701081544160843,0.0369628369808197
YOR192C,YKL077W,0,3.3292954,0.3186003565788269,0.1701081544160843,0.037063006311655045
YOL009C,YPR161C,0,3.328793,0.3180147111415863,0.1701081544160843,0.03716317564249039
YMR125W,YFR042W,0,3.3281627,0.31743118166923523,0.1701081544160843,0.03726334869861603
YMR074C,YLR459W,0,3.3277035,0.31684982776641846,0.1701081544160843,0.03736351802945137
YGL234W,YNL130C,0,3.3238792,0.3162705600261688,0.1701081544160843,0.03746368736028671
YKL167C,YPR068C,0,3.3231263,0.3156934380531311,0.1701081544160843,0.037563860416412354
YNR047W,YBR029C,0,3.3219674,0.3151184022426605,0.1701081544160843,0.037664029747247696
YNL265C,YDL137W,1,3.3216853,0.3163636326789856,0.1710914522409439,0.037664029747247696
YGR178C,YPL020C,0,3.3215008,0.31578946113586426,0.1710914522409439,0.03776419907808304
YPR057W,YJL099W,0,3.3214548,0.31521740555763245,0.1710914522409439,0.03786436840891838
YOR157C,YOR048C,0,3.3209453,0.314647376537323,0.1710914522409439,0.03796454146504402
YAL026C,YKR086W,0,3.3203704,0.3140794336795807,0.1710914522409439,0.038064710795879364
YDR013W,YOL076W,0,3.3189325,0.31351351737976074,0.1710914522409439,0.038164880126714706
YKL039W,YGL085W,0,3.3183122,0.31294962763786316,0.1710914522409439,0.03826504945755005
YNL331C,YKR003W,0,3.3173845,0.3123877942562103,0.1710914522409439,0.03836522251367569
YHR098C,YCR096C,0,3.3172424,0.31182795763015747,0.1710914522409439,0.03846539184451103
YBR014C,YKL048C,0,3.3172245,0.3112701177597046,0.1710914522409439,0.038565561175346375
YEL005C,YPR029C,1,3.3148746,0.3125,0.17207473516464233,0.038565561175346375
YNL071W,YJL123C,0,3.3138564,0.3119429647922516,0.17207473516464233,0.03866573050618172
YMR153W,YJL099W,0,3.312345,0.31138789653778076,0.17207473516464233,0.03876590356230736
YBR044C,YKR078W,0,3.3115005,0.3108348250389099,0.17207473516464233,0.0388660728931427
YLL010C,YNL118C,0,3.3114138,0.31028369069099426,0.17207473516464233,0.03896624222397804
YDL144C,YER133W,0,3.311393,0.3097345232963562,0.17207473516464233,0.039066411554813385
YJR084W,YKR067W,0,3.308629,0.30918729305267334,0.17207473516464233,0.039166584610939026
YOR133W,YNL272C,0,3.3083067,0.3086419701576233,0.17207473516464233,0.03926675394177437
YER027C,YML038C,0,3.307742,0.30809858441352844,0.17207473516464233,0.03936692327260971
YJR102C,YNL297C,1,3.3073359,0.3093145787715912,0.17305801808834076,0.03936692327260971
YLR132C,YBR015C,0,3.306419,0.30877193808555603,0.17305801808834076,0.03946709260344505
YMR251W-A,YHR073W,0,3.3044164,0.3082311749458313,0.17305801808834076,0.039567265659570694
YOR334W,YKL152C,0,3.2965589,0.3076923191547394,0.17305801808834076,0.039667434990406036
YLR408C,YPR029C,1,3.2945905,0.30890053510665894,0.17404130101203918,0.039667434990406036
YGR167W,YML067C,1,3.2927542,0.31010451912879944,0.1750245839357376,0.039667434990406036
YNL263C,YJL151C,1,3.2926679,0.31130436062812805,0.17600786685943604,0.039667434990406036
YNR030W,YPR154W,0,3.292456,0.3107638955116272,0.17600786685943604,0.03976760432124138
YKL196C,YBR097W,1,3.2922335,0.3119584023952484,0.17699114978313446,0.03976760432124138
YLR170C,YOR256C,0,3.2913647,0.31141868233680725,0.17699114978313446,0.03986777365207672
YDR307W,YML074C,0,3.2903776,0.3108808398246765,0.17699114978313446,0.03996794670820236
YBR164C,YML100W,0,3.2902813,0.3103448152542114,0.17699114978313446,0.040068116039037704
YDR141C,YBR035C,0,3.2883599,0.30981066823005676,0.17699114978313446,0.04016828536987305
YPR107C,YGL063W,0,3.2883325,0.30927833914756775,0.17699114978313446,0.04026845470070839
YDR270W,YPL084W,1,3.2867134,0.3104631304740906,0.17797443270683289,0.04026845470070839
YGL195W,YDR092W,0,3.2864728,0.30993151664733887,0.17797443270683289,0.04036862775683403
YDR139C,YGR262C,0,3.2857966,0.3094017207622528,0.17797443270683289,0.04046879708766937
YFR051C,YLR240W,1,3.2849898,0.31058019399642944,0.1789577156305313,0.04046879708766937
YER048C,YDR204W,0,3.2848687,0.3100511133670807,0.1789577156305313,0.040568966418504715
YDL226C,YDR100W,1,3.2840476,0.31122449040412903,0.17994099855422974,0.040568966418504715
YFL039C,YJL046W,0,3.2825913,0.3106960952281952,0.17994099855422974,0.04066913574934006
YKL211C,YDR372C,0,3.2822483,0.3101694881916046,0.17994099855422974,0.0407693088054657
YJL044C,YER112W,0,3.280905,0.3096446692943573,0.17994099855422974,0.04086947813630104
YPR055W,YCR071C,0,3.2806125,0.30912160873413086,0.17994099855422974,0.04096964746713638
YDR092W,YBR149W,0,3.2790773,0.3086003363132477,0.17994099855422974,0.041069820523262024
YDL018C,YNL191W,0,3.2784057,0.3080808222293854,0.17994099855422974,0.041169989854097366
YNL063W,YGR029W,0,3.2775848,0.30756303668022156,0.17994099855422974,0.04127015918493271
YER035W,YKR090W,0,3.276105,0.3070469796657562,0.17994099855422974,0.04137032851576805
YPR056W,YER088C,0,3.2734952,0.3065326511859894,0.17994099855422974,0.04147050157189369
YOL009C,YPL085W,0,3.2726357,0.3060200810432434,0.17994099855422974,0.041570670902729034
YBR102C,YDR468C,1,3.2722883,0.3071786165237427,0.18092428147792816,0.041570670902729034
YER133W,YDR356W,0,3.271235,0.30666667222976685,0.18092428147792816,0.04167084023356438
YLR019W,YML096W,0,3.270672,0.3061563968658447,0.18092428147792816,0.04177100956439972
YAL015C,YAL005C,0,3.270598,0.3056478500366211,0.18092428147792816,0.04187118262052536
YOR171C,YNL272C,1,3.2667837,0.3067993223667145,0.1819075644016266,0.04187118262052536
YDR100W,YPL002C,1,3.2660043,0.3079470098018646,0.1828908622264862,0.04187118262052536
YJR102C,YEL016C,0,3.2650266,0.3074380159378052,0.1828908622264862,0.0419713519513607
YDR016C,YIL105C,0,3.263004,0.30693069100379944,0.1828908622264862,0.042071521282196045
YJL137C,YKL017C,0,3.2629342,0.3064250349998474,0.1828908622264862,0.04217169061303139
YGR247W,YFL005W,1,3.2625294,0.3075657784938812,0.18387414515018463,0.04217169061303139
YIL056W,YML095C,0,3.2622888,0.30706074833869934,0.18387414515018463,0.04227186366915703
YDR221W,YPR019W,0,3.2615697,0.30655738711357117,0.18387414515018463,0.04237203299999237
YKL041W,YPL218W,1,3.2603002,0.3076923191547394,0.18485742807388306,0.04237203299999237
YDR468C,YJR125C,1,3.2601895,0.30882352590560913,0.18584071099758148,0.04237203299999237
YPL140C,YLR450W,0,3.258606,0.30831974744796753,0.18584071099758148,0.04247220233082771
YER113C,YGL054C,1,3.2581,0.3094462454319,0.1868239939212799,0.04247220233082771
YJL044C,YLR133W,0,3.256885,0.30894309282302856,0.1868239939212799,0.042572371661663055
YDL008W,YMR110C,0,3.2567515,0.30844154953956604,0.1868239939212799,0.042672544717788696
YMR109W,YER081W,0,3.2563276,0.30794164538383484,0.1868239939212799,0.04277271404862404
YLR382C,YIR034C,0,3.2537596,0.30744338035583496,0.1868239939212799,0.04287288337945938
YHR017W,YOR265W,0,3.2531004,0.30694669485092163,0.1868239939212799,0.042973052710294724
YDR253C,YIL105C,0,3.2527332,0.30645161867141724,0.1868239939212799,0.043073225766420364
YJR134C,YML121W,1,3.2505734,0.30756843090057373,0.18780727684497833,0.043073225766420364
YDR386W,YGR135W,0,3.247932,0.3070739507675171,0.18780727684497833,0.04317339509725571
YNL154C,YDL076C,0,3.2444277,0.306581050157547,0.18780727684497833,0.04327356442809105
YJL181W,YDR259C,0,3.2438521,0.30608972907066345,0.18780727684497833,0.04337373375892639
YJL204C,YBR234C,0,3.243236,0.30559998750686646,0.18780727684497833,0.04347390681505203
YBR176W,YML069W,0,3.242385,0.305111825466156,0.18780727684497833,0.043574076145887375
YKL010C,YJL035C,0,3.240428,0.3046252131462097,0.18780727684497833,0.04367424547672272
YHR123W,YDL052C,0,3.239582,0.3041401207447052,0.18780727684497833,0.04377441480755806
YPL227C,YNL125C,0,3.239571,0.30365660786628723,0.18780727684497833,0.0438745878636837
YDR142C,YJR139C,0,3.2374272,0.30317461490631104,0.18780727684497833,0.04397475719451904
YKR013W,YER146W,0,3.2369125,0.3026941418647766,0.18780727684497833,0.044074926525354385
YJR093C,YBL038W,0,3.2366998,0.30221518874168396,0.18780727684497833,0.04417509585618973
YNL055C,YPR173C,0,3.2357998,0.3017377555370331,0.18780727684497833,0.04427526891231537
YGL192W,YKR075C,0,3.23477,0.301261842250824,0.18780727684497833,0.04437543824315071
YGR198W,YFR021W,1,3.2336235,0.30236220359802246,0.18879055976867676,0.04437543824315071
YNL272C,YGL225W,1,3.2323096,0.303459107875824,0.18977384269237518,0.04437543824315071
YBR207W,YPR133C,0,3.2316737,0.30298271775245667,0.18977384269237518,0.04447560757398605
YHR012W,YPL246C,1,3.2288861,0.3040752410888672,0.1907571256160736,0.04447560757398605
YOL088C,YDR264C,0,3.227779,0.30359938740730286,0.1907571256160736,0.044575780630111694
YDR202C,YFL005W,1,3.224163,0.3046875,0.19174040853977203,0.044575780630111694
YGR284C,YOL137W,1,3.223568,0.30577224493026733,0.19272369146347046,0.044575780630111694
YLL050C,YDR323C,0,3.2232747,0.3052959442138672,0.19272369146347046,0.04467594996094704
YDR484W,YDR153C,1,3.2229774,0.3063763678073883,0.19370697438716888,0.04467594996094704
YLR119W,YHR161C,0,3.2200375,0.3059006333351135,0.19370697438716888,0.04477611929178238
YPL048W,YML064C,0,3.219808,0.30542635917663574,0.19370697438716888,0.04487628862261772
YPL023C,YPL172C,0,3.2196789,0.30495357513427734,0.19370697438716888,0.04497646167874336
YLR025W,YDR069C,1,3.2182264,0.3060278296470642,0.1946902722120285,0.04497646167874336
YLR176C,YNR007C,0,3.2164915,0.3055555522441864,0.1946902722120285,0.045076631009578705
YJL044C,YHR028C,0,3.2163064,0.3050847351551056,0.1946902722120285,0.04517680034041405
YAL021C,YOL064C,0,3.2158687,0.3046153783798218,0.1946902722120285,0.04527696967124939
YGL195W,YAR007C,0,3.2158256,0.3041474521160126,0.1946902722120285,0.04537714272737503
YDL137W,YNL084C,1,3.21541,0.3052147328853607,0.19567355513572693,0.04537714272737503
YNL044W,YJR066W,1,3.213049,0.30627870559692383,0.19665683805942535,0.04537714272737503
YOL032W,YML092C,0,3.2129898,0.3058103919029236,0.19665683805942535,0.04547731205821037
YDR359C,YIL040W,0,3.212892,0.30534350872039795,0.19665683805942535,0.045577481389045715
YPL069C,YGL104C,0,3.2108274,0.3048780560493469,0.19665683805942535,0.04567765071988106
YLR408C,YBR288C,1,3.2091863,0.3059360682964325,0.19764012098312378,0.04567765071988106
YDR495C,YBR102C,1,3.2091265,0.3069908916950226,0.1986234039068222,0.04567765071988106
YOL133W,YGR028W,0,3.2069995,0.3065250515937805,0.1986234039068222,0.0457778237760067
YHR019C,YLR066W,0,3.2067797,0.3060606122016907,0.1986234039068222,0.04587799310684204
YDR178W,YGL145W,0,3.2054763,0.30559757351875305,0.1986234039068222,0.04597816243767738
YKL125W,YJR013W,0,3.205361,0.30513596534729004,0.1986234039068222,0.046078331768512726
YMR271C,YPR055W,0,3.205138,0.30467572808265686,0.1986234039068222,0.04617850482463837
YJL123C,YCR094W,1,3.2024398,0.3057228922843933,0.19960668683052063,0.04617850482463837
YOR003W,YBR086C,0,3.200976,0.3052631616592407,0.19960668683052063,0.04627867415547371
YGR223C,YFR025C,0,3.1998818,0.30480480194091797,0.19960668683052063,0.04637884348630905
YNL310C,YLR166C,0,3.1997495,0.30434781312942505,0.19960668683052063,0.046479012817144394
YGL093W,YPR032W,0,3.1989858,0.30389222502708435,0.19960668683052063,0.046579185873270035
YDL139C,YKL196C,0,3.1988163,0.3034379780292511,0.19960668683052063,0.04667935520410538
YDL192W,YJL099W,1,3.198793,0.30447760224342346,0.20058996975421906,0.04667935520410538
YKL041W,YPR029C,1,3.1983685,0.3055141568183899,0.20157325267791748,0.04667935520410538
YJR046W,YMR313C,0,3.1982825,0.3050595223903656,0.20157325267791748,0.04677952453494072
YPR108W,YLR439W,0,3.19822,0.30460622906684875,0.20157325267791748,0.04687969386577606
YDR468C,YFL041W,0,3.1978054,0.30415430665016174,0.20157325267791748,0.0469798669219017
YEL064C,YHR073W,0,3.197559,0.3037036955356598,0.20157325267791748,0.047080036252737045
YHR190W,YNL003C,0,3.197103,0.3032544255256653,0.20157325267791748,0.04718020558357239
YJL153C,YER061C,0,3.1964684,0.3028064966201782,0.20157325267791748,0.04728037491440773
YNL047C,YDR517W,0,3.196354,0.3023598790168762,0.20157325267791748,0.04738054797053337
YGR065C,YDR189W,0,3.1928189,0.3019145727157593,0.20157325267791748,0.04748071730136871
YPL232W,YIL051C,0,3.1915944,0.3014705777168274,0.20157325267791748,0.047580886632204056
YJR044C,YLR417W,1,3.189037,0.3024963140487671,0.2025565356016159,0.047580886632204056
YOR036W,YHR108W,1,3.1880622,0.303519070148468,0.20353981852531433,0.047580886632204056
YLR410W,YLR292C,0,3.1880245,0.3030746579170227,0.20353981852531433,0.0476810559630394
YIL085C,YGR189C,0,3.1867337,0.30263158679008484,0.20353981852531433,0.04778122901916504
YML042W,YER012W,0,3.1864276,0.30218976736068726,0.20353981852531433,0.04788139835000038
YPR071W,YLR408C,0,3.1864152,0.30174925923347473,0.20353981852531433,0.047981567680835724
YCL001W,YDR323C,1,3.186103,0.3027656376361847,0.20452310144901276,0.047981567680835724
YKR027W,YNL044W,1,3.1858764,0.30377906560897827,0.20550638437271118,0.047981567680835724
YPL072W,YHR123W,0,3.185638,0.3033381700515747,0.20550638437271118,0.048081740736961365
YIL038C,YER120W,0,3.1854382,0.3028985559940338,0.20550638437271118,0.04818191006779671
YPR107C,YKL149C,0,3.182167,0.3024601936340332,0.20550638437271118,0.04828207939863205
YDL145C,YOR036W,1,3.181634,0.3034681975841522,0.2064896821975708,0.04828207939863205
YPL010W,YMR076C,0,3.18052,0.3030303120613098,0.2064896821975708,0.04838224872946739
YOR157C,YPL234C,0,3.1802344,0.3025936484336853,0.2064896821975708,0.04848242178559303
YBL105C,YML121W,0,3.1799703,0.30215826630592346,0.2064896821975708,0.048582591116428375
YBR123C,YML054C,0,3.179961,0.3017241358757019,0.2064896821975708,0.04868276044726372
YDL161W,YMR285C,0,3.1799488,0.30129125714302063,0.2064896821975708,0.04878292977809906
YKL196C,YBR131W,1,3.179111,0.30229225754737854,0.20747296512126923,0.04878292977809906
YNL287W,YDL149W,1,3.1766627,0.3032904267311096,0.20845624804496765,0.04878292977809906
YBR234C,YLR100W,0,3.176619,0.3028571307659149,0.20845624804496765,0.0488831028342247
YAL030W,YNR006W,1,3.176569,0.3038516342639923,0.20943953096866608,0.0488831028342247
YPL085W,YPL120W,1,3.1759496,0.30484330654144287,0.2104228138923645,0.0488831028342247
YGR142W,YNL287W,1,3.175944,0.3058321475982666,0.21140609681606293,0.0488831028342247
YMR139W,YOR321W,0,3.173786,0.30539771914482117,0.21140609681606293,0.04898327216506004
YDR320C,YGL157W,0,3.173024,0.304964542388916,0.21140609681606293,0.049083441495895386
YPR071W,YGL013C,0,3.1722436,0.30453258752822876,0.21140609681606293,0.04918361082673073
YNL220W,YPR004C,0,3.1717913,0.304101824760437,0.21140609681606293,0.04928378388285637
YML016C,YLR136C,0,3.1715178,0.30367231369018555,0.21140609681606293,0.04938395321369171
YKL127W,YPR081C,0,3.1708016,0.3032439947128296,0.21140609681606293,0.049484122544527054
YGR284C,YPR061C,0,3.1703613,0.30281689763069153,0.21140609681606293,0.049584291875362396
YOL129W,YJR005W,1,3.1678326,0.3037974536418915,0.21238937973976135,0.049584291875362396
YOR028C,YPL145C,0,3.1677372,0.30337077379226685,0.21238937973976135,0.04968446493148804
YLR417W,YLR025W,1,3.1660736,0.30434781312942505,0.21337266266345978,0.04968446493148804
YNL173C,YOR069W,0,3.165184,0.30392158031463623,0.21337266266345978,0.04978463426232338
YJR013W,YPL181W,0,3.164551,0.30349650979042053,0.21337266266345978,0.04988480359315872
YER179W,YOR115C,0,3.1639736,0.30307263135910034,0.21337266266345978,0.049984972923994064
YMR197C,YHR108W,1,3.163433,0.304044634103775,0.2143559455871582,0.049984972923994064
YHR006W,YIL030C,0,3.1627612,0.30362117290496826,0.2143559455871582,0.050085145980119705
YBR023C,YFL039C,0,3.16269,0.3031988739967346,0.2143559455871582,0.05018531531095505
YLR396C,YCR003W,0,3.1626606,0.3027777671813965,0.2143559455871582,0.05028548464179039
YLR044C,YMR297W,0,3.162502,0.30235782265663147,0.2143559455871582,0.05038565397262573
YNL154C,YMR311C,0,3.1623864,0.30193907022476196,0.2143559455871582,0.05048582702875137
YPL206C,YDR253C,0,3.161735,0.3015214502811432,0.2143559455871582,0.050585996359586716
YDL072C,YJL186W,0,3.1617022,0.30110496282577515,0.2143559455871582,0.05068616569042206
YNL221C,YGR192C,0,3.1609035,0.3006896674633026,0.2143559455871582,0.0507863350212574
YDR388W,YNL272C,0,3.160769,0.3002754747867584,0.2143559455871582,0.05088650807738304
YDL185W,YBR205W,0,3.1599932,0.29986244440078735,0.2143559455871582,0.050986677408218384
YPL132W,YNL288W,0,3.1588955,0.299450546503067,0.2143559455871582,0.051086846739053726
YHL032C,YJR050W,0,3.1587143,0.2990397810935974,0.2143559455871582,0.05118701606988907
YDR386W,YGR157W,0,3.1573138,0.29863014817237854,0.2143559455871582,0.05128718912601471
YBL007C,YGR038W,0,3.156353,0.298221617937088,0.2143559455871582,0.05138735845685005
YDR202C,YOL129W,1,3.155543,0.2991803288459778,0.21533922851085663,0.05138735845685005
YDL161W,YGR091W,0,3.1553757,0.2987721562385559,0.21533922851085663,0.051487527787685394
YDL124W,YBR058C,0,3.155025,0.29836511611938477,0.21533922851085663,0.051587700843811035
YMR237W,YCR094W,1,3.154402,0.29931971430778503,0.21632251143455505,0.051587700843811035
YGR241C,YHR050W,0,3.1520228,0.29891303181648254,0.21632251143455505,0.05168787017464638
YAL058W,YIL106W,0,3.1505246,0.2985074520111084,0.21632251143455505,0.05178803950548172
YDR425W,YPR181C,1,3.1502423,0.29945799708366394,0.21730579435825348,0.05178803950548172
YOR103C,YDR117C,0,3.1486468,0.29905277490615845,0.21730579435825348,0.05188820883631706
YOR360C,YDL046W,0,3.1474779,0.2986486554145813,0.21730579435825348,0.0519883818924427
YNL049C,YDR456W,1,3.1453087,0.2995951473712921,0.2182890921831131,0.0519883818924427
YAL007C,YGL130W,0,3.1450615,0.2991913855075836,0.2182890921831131,0.052088551223278046
YDR265W,YPL225W,0,3.1408572,0.2987886965274811,0.2182890921831131,0.05218872055411339
YDR100W,YML131W,0,3.1407273,0.2983871102333069,0.2182890921831131,0.05228888988494873
YPR004C,YBL020W,0,3.140326,0.29798656702041626,0.2182890921831131,0.05238906294107437
YPL215W,YOL147C,0,3.1392725,0.297587126493454,0.2182890921831131,0.052489232271909714
YLR240W,YMR054W,1,3.1391602,0.29852744936943054,0.21927237510681152,0.052489232271909714
YPL123C,YGR188C,0,3.13898,0.2981283366680145,0.21927237510681152,0.052589401602745056
YPL022W,YGR189C,0,3.138886,0.29773029685020447,0.21927237510681152,0.0526895709335804
YEL005C,YDL195W,1,3.1371875,0.29866665601730347,0.22025565803050995,0.0526895709335804
YKR046C,YDL192W,0,3.1363254,0.29826897382736206,0.22025565803050995,0.05278974398970604
YNR006W,YLR417W,1,3.135527,0.2992021143436432,0.22123894095420837,0.05278974398970604
YJL091C,YBR043C,0,3.132846,0.29880478978157043,0.22123894095420837,0.05288991332054138
YDR468C,YOR132W,1,3.132657,0.2997347414493561,0.2222222238779068,0.05288991332054138
YGR057C,YER174C,0,3.1325772,0.2993377447128296,0.2222222238779068,0.052990082651376724
YLR148W,YPL158C,0,3.131688,0.29894179105758667,0.2222222238779068,0.05309025198221207
YNL312W,YDR425W,0,3.130218,0.2985469102859497,0.2222222238779068,0.05319042503833771
YLR298C,YHR026W,0,3.128357,0.2981530427932739,0.2222222238779068,0.05329059436917305
YDR439W,YGR253C,0,3.128098,0.2977602183818817,0.2222222238779068,0.05339076370000839
YBR102C,YJR058C,1,3.1280494,0.2986842095851898,0.22320550680160522,0.05339076370000839
YER031C,YMR054W,1,3.1278853,0.2996057868003845,0.22418878972530365,0.05339076370000839
YML131W,YAR003W,0,3.1271377,0.29921260476112366,0.22418878972530365,0.053490933030843735
YJR050W,YJL159W,0,3.127083,0.298820436000824,0.22418878972530365,0.053591106086969376
YDL134C,YBR086C,0,3.1270454,0.29842931032180786,0.22418878972530365,0.05369127541780472
YPR148C,YGR096W,0,3.1267157,0.2980392277240753,0.22418878972530365,0.05379144474864006
YIL118W,YCR042C,0,3.1266727,0.29765012860298157,0.22418878972530365,0.0538916140794754
YMR192W,YOR357C,1,3.1259277,0.2985658347606659,0.22517207264900208,0.0538916140794754
YJL102W,YBL056W,0,3.12586,0.2981770932674408,0.22517207264900208,0.053991787135601044
YJL196C,YKR090W,0,3.1254177,0.2977893352508545,0.22517207264900208,0.054091956466436386
YOL109W,YDR214W,0,3.125299,0.29740259051322937,0.22517207264900208,0.05419212579727173
YIL044C,YMR071C,1,3.1252909,0.2983138859272003,0.2261553555727005,0.05419212579727173
YLR132C,YBR029C,0,3.1248078,0.29792746901512146,0.2261553555727005,0.05429229512810707
YGR038W,YBR289W,0,3.124467,0.2975420355796814,0.2261553555727005,0.05439246818423271
YKR088C,YAL051W,0,3.1230073,0.2971576154232025,0.2261553555727005,0.054492637515068054
YGR257C,YKL152C,0,3.1228197,0.2967741787433624,0.2261553555727005,0.0545928068459034
YKR025W,YDR483W,0,3.1224422,0.2963917553424835,0.2261553555727005,0.05469297990202904
YDR270W,YPL065W,1,3.122302,0.29729729890823364,0.22713863849639893,0.05469297990202904
YKL129C,YMR004W,0,3.1211388,0.2969151735305786,0.22713863849639893,0.05479314923286438
YLR390W-A,YGL085W,0,3.1210747,0.2965340316295624,0.22713863849639893,0.05489331856369972
YNL039W,YAR018C,0,3.1209402,0.29615384340286255,0.22713863849639893,0.054993487894535065
YDR047W,YMR271C,0,3.1208186,0.2957746386528015,0.22713863849639893,0.055093660950660706
YIR009W,YLR277C,0,3.120805,0.2953964173793793,0.22713863849639893,0.05519383028149605
YDR288W,YOR270C,0,3.11945,0.29501914978027344,0.22713863849639893,0.05529399961233139
YLR345W,YLR034C,0,3.118185,0.2946428656578064,0.22713863849639893,0.05539416894316673
YBR049C,YGR120C,0,3.117756,0.2942675054073334,0.22713863849639893,0.055494341999292374
YGL124C,YLR408C,1,3.1142688,0.29516538977622986,0.22812192142009735,0.055494341999292374
YER033C,YLR023C,0,3.114181,0.2947903573513031,0.22812192142009735,0.055594511330127716
YGR231C,YBR237W,0,3.1138046,0.29441624879837036,0.22812192142009735,0.05569468066096306
YNL025C,YLR059C,0,3.1115541,0.29404309391975403,0.22812192142009735,0.0557948499917984
YBR131W,YKR001C,0,3.110488,0.2936708927154541,0.22812192142009735,0.05589502304792404
YNL191W,YCL050C,0,3.1102462,0.2932996153831482,0.22812192142009735,0.055995192378759384
YNL321W,YOR036W,0,3.1102235,0.2929292917251587,0.22812192142009735,0.05609536170959473
YOR076C,YOR090C,0,3.1093528,0.2925598919391632,0.22812192142009735,0.05619553104043007
YCR067C,YJR110W,0,3.1068716,0.29219144582748413,0.22812192142009735,0.05629570409655571
YJL044C,YFR051C,1,3.1067457,0.29308176040649414,0.22910520434379578,0.05629570409655571
YBL037W,YGL059W,0,3.1062908,0.29271358251571655,0.22910520434379578,0.05639587342739105
YGL098W,YOL098C,0,3.1061249,0.2923462986946106,0.22910520434379578,0.056496042758226395
YOL107W,YKR007W,1,3.1060567,0.29323309659957886,0.2300885021686554,0.056496042758226395
YLR127C,YDL010W,0,3.1050003,0.2928660809993744,0.2300885021686554,0.05659621208906174
YOR258W,YKL077W,0,3.1040726,0.29249998927116394,0.2300885021686554,0.05669638514518738
YGR277C,YLR102C,0,3.1026874,0.2921348214149475,0.2300885021686554,0.05679655447602272
YDL010W,YOL009C,0,3.1025982,0.2917705774307251,0.2300885021686554,0.05689672380685806
YPR184W,YJR110W,0,3.1025417,0.2914072275161743,0.2300885021686554,0.056996893137693405
YLR181C,YGR029W,0,3.1019344,0.29104477167129517,0.2300885021686554,0.057097066193819046
YDR047W,YDL135C,0,3.0999315,0.29068323969841003,0.2300885021686554,0.05719723552465439
YBL063W,YOR150W,0,3.0996637,0.29032257199287415,0.2300885021686554,0.05729740485548973
YEL047C,YFL022C,0,3.099577,0.2899628281593323,0.2300885021686554,0.05739757418632507
YKR020W,YFR019W,1,3.098497,0.29084157943725586,0.23107178509235382,0.05739757418632507
YER062C,YHR194W,0,3.09786,0.2904820740222931,0.23107178509235382,0.057497747242450714
YDR142C,YGR220C,0,3.0971565,0.29012346267700195,0.23107178509235382,0.057597916573286057
YDR202C,YGR142W,1,3.0968652,0.29099875688552856,0.23205506801605225,0.057597916573286057
YDR212W,YLR204W,0,3.095563,0.29064038395881653,0.23205506801605225,0.0576980859041214
YDL093W,YIL062C,0,3.0940835,0.2902829051017761,0.23205506801605225,0.05779825523495674
YKL048C,YPR094W,0,3.0918112,0.28992629051208496,0.23205506801605225,0.05789842829108238
YLR225C,YLL001W,0,3.091589,0.28957054018974304,0.23205506801605225,0.057998597621917725
YGR058W,YBL090W,0,3.0912137,0.28921568393707275,0.23205506801605225,0.05809876695275307
YMR125W,YIL156W,0,3.0911422,0.2888616919517517,0.23205506801605225,0.05819894000887871
YBR207W,YKR061W,0,3.0910504,0.2885085642337799,0.23205506801605225,0.05829910933971405
YMR119W,YDR214W,0,3.090799,0.28815630078315735,0.23205506801605225,0.05839927867054939
YMR231W,YPL002C,1,3.0905178,0.28902438282966614,0.23303835093975067,0.05839927867054939
YER155C,YGR135W,0,3.0905135,0.2886723577976227,0.23303835093975067,0.058499448001384735
YML072C,YPL084W,0,3.0895329,0.2883211672306061,0.23303835093975067,0.058599621057510376
YDR118W,YIR003W,0,3.0890725,0.2879708409309387,0.23303835093975067,0.05869979038834572
YCR009C,YDL119C,0,3.0887907,0.2876213490962982,0.23303835093975067,0.05879995971918106
YAL014C,YLL023C,0,3.0883656,0.28727272152900696,0.23303835093975067,0.0589001290500164
YJR058C,YMR054W,1,3.0878797,0.2881355881690979,0.2340216338634491,0.0589001290500164
YER075C,YBL075C,0,3.0865495,0.28778716921806335,0.2340216338634491,0.059000302106142044
YGR001C,YMR047C,0,3.0845199,0.28743961453437805,0.2340216338634491,0.059100471436977386
YDR235W,YDR388W,0,3.083066,0.2870928943157196,0.2340216338634491,0.05920064076781273
YDR093W,YJL020C,0,3.0827444,0.2867469787597656,0.2340216338634491,0.05930081009864807
YKL002W,YGL104C,0,3.0821347,0.2864019274711609,0.2340216338634491,0.05940098315477371
YMR262W,YJL094C,0,3.0808644,0.2860576808452606,0.2340216338634491,0.059501152485609055
YHL047C,YJL204C,1,3.0799177,0.28691476583480835,0.23500491678714752,0.059501152485609055
YBR265W,YLR256W,0,3.0791798,0.2865707576274872,0.23500491678714752,0.0596013218164444
YDR235W,YKL016C,0,3.0781364,0.2862275540828705,0.23500491678714752,0.05970149114727974
YAL001C,YOR257W,0,3.078024,0.28588515520095825,0.23500491678714752,0.05980166420340538
YNL257C,YKL196C,0,3.0771515,0.28554362058639526,0.23500491678714752,0.05990183353424072
YNR006W,YNL049C,1,3.0768244,0.28639617562294006,0.23598819971084595,0.05990183353424072
YHR012W,YPL195W,1,3.076099,0.2872467339038849,0.23697148263454437,0.05990183353424072
YDR349C,YGL043W,0,3.0759711,0.2869047522544861,0.23697148263454437,0.060002002865076065
YCR009C,YGL153W,0,3.0754063,0.28656360507011414,0.23697148263454437,0.06010217219591141
YDL185W,YOR228C,0,3.0753474,0.28622329235076904,0.23697148263454437,0.06020234525203705
YKL216W,YBR109C,0,3.0746517,0.28588375449180603,0.23697148263454437,0.06030251458287239
YMR070W,YOR334W,0,3.072915,0.2855450212955475,0.23697148263454437,0.06040268391370773
YGR065C,YMR286W,0,3.071878,0.2852070927619934,0.23697148263454437,0.060502853244543076
YOR113W,YJR126C,0,3.0713809,0.2848699688911438,0.23697148263454437,0.060603026300668716
YAL007C,YER113C,1,3.0709887,0.2857142984867096,0.2379547655582428,0.060603026300668716
YOL135C,YBR070C,0,3.0706196,0.2853773534297943,0.2379547655582428,0.06070319563150406
YDR513W,YPL232W,0,3.070362,0.2850412130355835,0.2379547655582428,0.0608033649623394
YLR370C,YKR090W,0,3.0700917,0.28470587730407715,0.2379547655582428,0.060903534293174744
YAL032C,YMR092C,0,3.0699668,0.2843713164329529,0.2379547655582428,0.061003707349300385
YNL136W,YDR303C,0,3.0698943,0.2840375602245331,0.2379547655582428,0.06110387668013573
YLR117C,YPL004C,0,3.0696337,0.28370457887649536,0.2379547655582428,0.06120404601097107
YML012W,YCR094W,1,3.065362,0.28454333543777466,0.23893804848194122,0.06120404601097107
YDR421W,YBR054W,0,3.0650272,0.28421053290367126,0.23893804848194122,0.06130421534180641
YPR005C,YEL064C,0,3.063879,0.28387850522994995,0.23893804848194122,0.06140438839793205
YAL023C,YDR056C,0,3.063503,0.2835472524166107,0.23893804848194122,0.061504557728767395
YER088C,YGL156W,0,3.0632982,0.28321677446365356,0.23893804848194122,0.06160472705960274
YER093C,YEL064C,0,3.0631316,0.2828870713710785,0.23893804848194122,0.06170490011572838
YPR082C,YKL152C,0,3.062892,0.2825581431388855,0.23893804848194122,0.06180506944656372
YDR288W,YPL270W,0,3.0624332,0.2822299599647522,0.23893804848194122,0.06190523877739906
YHR143W,YBL069W,0,3.0622633,0.281902551651001,0.23893804848194122,0.062005408108234406
YJL123C,YHR091C,0,3.0620093,0.28157588839530945,0.23893804848194122,0.062105581164360046
YGR172C,YNL044W,1,3.0618844,0.28240740299224854,0.23992133140563965,0.062105581164360046
YGL087C,YGR074W,0,3.0616066,0.28208091855049133,0.23992133140563965,0.06220575049519539
YMR054W,YOR357C,1,3.0608141,0.28290992975234985,0.24090461432933807,0.06220575049519539
YLR117C,YOR189W,0,3.0607579,0.282583624124527,0.24090461432933807,0.06230591982603073
YLL040C,YJL178C,1,3.060729,0.28341013193130493,0.2418879121541977,0.06230591982603073
YLR117C,YPL135W,0,3.0602481,0.2830840051174164,0.2418879121541977,0.062406089156866074
YPR108W,YLR110C,0,3.0599937,0.2827586233615875,0.2418879121541977,0.06250625848770142
YMR002W,YLR212C,0,3.0588622,0.28243398666381836,0.2418879121541977,0.06260643154382706
YBR171W,YML129C,0,3.0586038,0.2821100950241089,0.2418879121541977,0.0627066045999527
YDR313C,YDR270W,1,3.0576172,0.28293243050575256,0.24287119507789612,0.0627066045999527
YFR021W,YNL297C,1,3.0572262,0.2837528586387634,0.24385447800159454,0.0627066045999527
YPR185W,YNL272C,0,3.0564504,0.2834285795688629,0.24385447800159454,0.06280677020549774
YJR059W,YGR017W,0,3.054651,0.2831050157546997,0.24385447800159454,0.06290694326162338
YDR189W,YDL113C,1,3.0540633,0.2839224636554718,0.24483776092529297,0.06290694326162338
YDR236C,YDR482C,0,3.0540574,0.2835990786552429,0.24483776092529297,0.06300710886716843
YML072C,YJL139C,0,3.053565,0.28327643871307373,0.24483776092529297,0.06310728192329407
YDR129C,YFL041W,0,3.0535066,0.28295454382896423,0.24483776092529297,0.06320745497941971
YDR150W,YBL025W,0,3.0530653,0.28263336420059204,0.24483776092529297,0.06330762058496475
YDR135C,YGR013W,0,3.0529575,0.28231292963027954,0.24483776092529297,0.0634077936410904
YIL074C,YGL189C,0,3.0524755,0.28199321031570435,0.24483776092529297,0.06350796669721603
YJR035W,YGR075C,0,3.0524704,0.28167420625686646,0.24483776092529297,0.06360813230276108
YOL011W,YIL112W,0,3.0524435,0.28135591745376587,0.24483776092529297,0.06370830535888672
YMR030W,YDL180W,0,3.0521522,0.281038373708725,0.24483776092529297,0.06380847096443176
YLR071C,YNL056W,0,3.051374,0.2807215452194214,0.24483776092529297,0.0639086440205574
YPL218W,YDR264C,1,3.0498888,0.28153154253959656,0.2458210438489914,0.0639086440205574
YJR076C,YGR124W,0,3.0477116,0.2812148332595825,0.2458210438489914,0.06400881707668304
YNL288W,YIL115C,0,3.0470264,0.2808988690376282,0.2458210438489914,0.06410898268222809
YLL010C,YNL207W,0,3.0469847,0.28058362007141113,0.2458210438489914,0.06420915573835373
YDL192W,YPL194W,0,3.0467882,0.280269056558609,0.2458210438489914,0.06430932879447937
YKR048C,YGR253C,0,3.0460126,0.2799552083015442,0.2458210438489914,0.06440949440002441
YLR408C,YML012W,1,3.0450034,0.28076061606407166,0.24680432677268982,0.06440949440002441
YMR068W,YLR362W,0,3.0448632,0.2804469168186188,0.24680432677268982,0.06450966745615005
YKL002W,YOL133W,0,3.043899,0.2801339328289032,0.24680432677268982,0.0646098330616951
YGL179C,YHR009C,0,3.0438473,0.27982163429260254,0.24680432677268982,0.06471000611782074
YBR283C,YIL036W,0,3.043635,0.2795100212097168,0.24680432677268982,0.06481017917394638
YIL065C,YPR114W,0,3.0434995,0.27919912338256836,0.24680432677268982,0.06491034477949142
YDR100W,YIL044C,1,3.0432673,0.2800000011920929,0.24778760969638824,0.06491034477949142
YPL164C,YHR121W,0,3.0428698,0.279689222574234,0.24778760969638824,0.06501051783561707
YMR125W,YKL145W,0,3.042223,0.2793791592121124,0.24778760969638824,0.0651106908917427
YGR247W,YJR044C,1,3.0415184,0.28017717599868774,0.24877089262008667,0.0651106908917427
YGR189C,YDR050C,0,3.0414743,0.2798672616481781,0.24877089262008667,0.06521085649728775
YFL005W,YAR033W,1,3.0409307,0.28066298365592957,0.2497541755437851,0.06521085649728775
YBR087W,YGR207C,0,3.0397067,0.2803531885147095,0.2497541755437851,0.06531102955341339
YOR069W,YLR396C,1,3.0391068,0.2811466455459595,0.2507374584674835,0.06531102955341339
YER062C,YKR067W,0,3.0383773,0.2808369994163513,0.2507374584674835,0.06541120260953903
YPR178W,YLR193C,0,3.0378263,0.2805280387401581,0.2507374584674835,0.06551136821508408
YJR029W,YPR107C,0,3.0377355,0.28021979331970215,0.2507374584674835,0.06561154127120972
YDR100W,YKR031C,1,3.0377297,0.28100988268852234,0.25172075629234314,0.06561154127120972
YJL044C,YBR214W,0,3.0375607,0.28070175647735596,0.25172075629234314,0.06571170687675476
YPL265W,YDR135C,0,3.0367413,0.2803943157196045,0.25172075629234314,0.0658118799328804
YPR095C,YIL022W,0,3.036501,0.28008753061294556,0.25172075629234314,0.06591205298900604
YDL243C,YGL224C,0,3.035927,0.27978143095970154,0.25172075629234314,0.06601221859455109
YCR005C,YIL101C,0,3.035084,0.27947598695755005,0.25172075629234314,0.06611239165067673
YDR302W,YOR231W,0,3.0345192,0.2791711986064911,0.25172075629234314,0.06621256470680237
YDL195W,YML121W,1,3.0340464,0.2799564301967621,0.25270402431488037,0.06621256470680237
YER141W,YJR066W,0,3.033967,0.27965179085731506,0.25270402431488037,0.06631273031234741
YOR150W,YOR259C,0,3.033964,0.27934783697128296,0.25270402431488037,0.06641290336847305
YLR337C,YGL124C,0,3.0337296,0.279044508934021,0.25270402431488037,0.0665130689740181
YCR044C,YBL031W,0,3.0331666,0.27874186635017395,0.25270402431488037,0.06661324203014374
YKR067W,YGR295C,0,3.0326865,0.27843987941741943,0.25270402431488037,0.06671341508626938
YIR009W,YGL198W,0,3.0326328,0.27813851833343506,0.25270402431488037,0.06681358069181442
YJR161C,YOR196C,0,3.0323706,0.2778378427028656,0.25270402431488037,0.06691375374794006
YEL020C,YDR099W,0,3.0318098,0.2775377929210663,0.25270402431488037,0.0670139268040657
YGR266W,YKL167C,0,3.0315127,0.2772383987903595,0.25270402431488037,0.06711409240961075
YNR049C,YNL305C,0,3.0314636,0.27693966031074524,0.25270402431488037,0.06721426546573639
YCL027W,YML023C,0,3.031306,0.2766415476799011,0.25270402431488037,0.06731443107128143
YIL038C,YGL150C,0,3.0301032,0.27634409070014954,0.25270402431488037,0.06741460412740707
YPL270W,YDR084C,0,3.0296607,0.2760472595691681,0.25270402431488037,0.06751477718353271
YBL040C,YHR005C,0,3.0279777,0.2757510840892792,0.25270402431488037,0.06761494278907776
YCR017C,YOL013C,0,3.0266309,0.2754555344581604,0.25270402431488037,0.0677151158452034
YKL063C,YER155C,0,3.0262284,0.27516061067581177,0.25270402431488037,0.06781528890132904
YER096W,YOR250C,0,3.0241392,0.2748663127422333,0.25270402431488037,0.06791545450687408
YDR323C,YPL120W,1,3.023962,0.2756410241127014,0.25368732213974,0.06791545450687408
YHL002W,YKL039W,1,3.0234876,0.27641409635543823,0.2546705901622772,0.06791545450687408
YKL152C,YBR288C,0,3.0233598,0.2761194109916687,0.2546705901622772,0.06801562756299973
YPR181C,YJL178C,1,3.0229774,0.2768903076648712,0.25565388798713684,0.06801562756299973
YJL013C,YLR110C,0,3.0227726,0.27659574151039124,0.25565388798713684,0.06811579316854477
YDR188W,YCR009C,0,3.0223677,0.2763018012046814,0.25565388798713684,0.06821596622467041
YOR080W,YDR129C,0,3.0219214,0.2760084867477417,0.25565388798713684,0.06831613928079605
YNL020C,YGL231C,0,3.021316,0.27571579813957214,0.25565388798713684,0.0684163048863411
YFR025C,YLR345W,0,3.020711,0.27542373538017273,0.25565388798713684,0.06851647794246674
YOR079C,YGL013C,0,3.0205517,0.27513226866722107,0.25565388798713684,0.06861665099859238
YDR495C,YJR125C,1,3.0195842,0.2758985161781311,0.2566371560096741,0.06861665099859238
YOR257W,YML115C,0,3.0192802,0.275607168674469,0.2566371560096741,0.06871681660413742
YIL064W,YPL214C,0,3.0184934,0.275316447019577,0.2566371560096741,0.06881698966026306
YDL109C,YIL062C,0,3.0171103,0.2750263512134552,0.2566371560096741,0.0689171627163887
YLR148W,YAL042W,1,3.0170279,0.2757894694805145,0.2576204538345337,0.0689171627163887
YPL202C,YPL154C,0,3.0169077,0.27549946308135986,0.2576204538345337,0.06901732832193375
YMR009W,YJR013W,0,3.016478,0.27521008253097534,0.2576204538345337,0.06911750137805939
YBL078C,YDR238C,1,3.0161934,0.27597060799598694,0.2586037218570709,0.06911750137805939
YNL009W,YGL017W,0,3.0157173,0.27568134665489197,0.2586037218570709,0.06921766698360443
YDR074W,YER027C,0,3.015471,0.27539268136024475,0.2586037218570709,0.06931784003973007
YPL023C,YGL003C,0,3.0149703,0.2751046121120453,0.2586037218570709,0.06941801309585571
YNL225C,YHR183W,0,3.01287,0.2748171389102936,0.2586037218570709,0.06951817870140076
YJL165C,YNL045W,0,3.0125651,0.2745302617549896,0.2586037218570709,0.0696183517575264
YGR186W,YPR141C,0,3.0117402,0.2742440104484558,0.2586037218570709,0.06971852481365204
YCL055W,YPL137C,0,3.0091753,0.27395832538604736,0.2586037218570709,0.06981869041919708
YER078C,YOR316C,0,3.0090315,0.27367326617240906,0.2586037218570709,0.06991886347532272
YLR044C,YNL051W,0,3.0090199,0.2733887732028961,0.2586037218570709,0.07001902908086777
YLR417W,YKR014C,1,3.0088775,0.2741433084011078,0.25958701968193054,0.07001902908086777
YDL113C,YLR066W,0,3.007082,0.2738589346408844,0.25958701968193054,0.07011920213699341
YLR220W,YGR170W,0,3.004545,0.2735751271247864,0.25958701968193054,0.07021937519311905
YGR218W,YNL272C,0,3.002964,0.2732919156551361,0.25958701968193054,0.07031954079866409
YHR073W,YML074C,0,3.0026708,0.2730093002319336,0.25958701968193054,0.07041971385478973
YDL161W,YJR068W,0,3.0019298,0.27272728085517883,0.25958701968193054,0.07051988691091537
YNL152W,YLL054C,0,3.0014718,0.27244582772254944,0.25958701968193054,0.07062005251646042
YBR288C,YBL010C,1,3.0012593,0.27319586277008057,0.26057031750679016,0.07062005251646042
YDR054C,YNR007C,0,3.0010986,0.2729145288467407,0.26057031750679016,0.07072022557258606
YPR103W,YLR398C,0,3.0009203,0.27263373136520386,0.26057031750679016,0.0708203911781311
YKR007W,YBR288C,1,3.0007365,0.2733812928199768,0.2615535855293274,0.0708203911781311
YDL149W,YDR425W,1,3.0006306,0.2741273045539856,0.262536883354187,0.0708203911781311
YMR139W,YMR263W,0,3.0004187,0.2738461494445801,0.262536883354187,0.07092056423425674
YDR517W,YAR033W,1,2.9994879,0.2745901644229889,0.26352015137672424,0.07092056423425674
YBL102W,YLL023C,0,2.998792,0.27430909872055054,0.26352015137672424,0.07102073729038239
YDR430C,YGR247W,0,2.998206,0.27402862906455994,0.26352015137672424,0.07112090289592743
YDR387C,YBR204C,0,2.9979916,0.2737487256526947,0.26352015137672424,0.07122107595205307
YHL040C,YJR044C,1,2.9970882,0.27448979020118713,0.26450344920158386,0.07122107595205307
YPR165W,YCR031C,0,2.9968815,0.27420997619628906,0.26450344920158386,0.07132124900817871
YPR071W,YER112W,0,2.9962184,0.27393075823783875,0.26450344920158386,0.07142141461372375
YER176W,YOR039W,0,2.9947832,0.2736520767211914,0.26450344920158386,0.0715215876698494
YDR379W,YHR181W,0,2.9946861,0.2733739912509918,0.26450344920158386,0.07162175327539444
YMR298W,YFR040W,0,2.9946766,0.2730964422225952,0.26450344920158386,0.07172192633152008
YHL020C,YOR380W,0,2.993869,0.272819459438324,0.26450344920158386,0.07182209938764572
YNL272C,YDL192W,1,2.991355,0.2735562324523926,0.2654867172241211,0.07182209938764572
YGL087C,YMR314W,0,2.9904878,0.2732793390750885,0.2654867172241211,0.07192226499319077
YPL124W,YLR089C,0,2.9902067,0.2730030417442322,0.2654867172241211,0.0720224380493164
YNL149C,YEL013W,0,2.989974,0.27272728085517883,0.2654867172241211,0.07212261110544205
YJR013W,YBR185C,0,2.9896457,0.27245205640792847,0.2654867172241211,0.07222277671098709
YGR277C,YIL063C,0,2.988742,0.27217742800712585,0.2654867172241211,0.07232294976711273
YER053C,YGR263C,0,2.98771,0.2719033360481262,0.2654867172241211,0.07242312282323837
YPL022W,YOR208W,0,2.9875033,0.27162978053092957,0.2654867172241211,0.07252328842878342
YBR207W,YMR264W,0,2.9874187,0.2713567912578583,0.2654867172241211,0.07262346148490906
YOR244W,YDL180W,0,2.9872944,0.27108433842658997,0.2654867172241211,0.0727236270904541
YGR241C,YEL020C,0,2.9872472,0.270812451839447,0.2654867172241211,0.07282380014657974
YHR024C,YPL232W,0,2.987195,0.27054107189178467,0.2654867172241211,0.07292397320270538
YHL019C,YGL206C,1,2.9868486,0.2712712585926056,0.2664700150489807,0.07292397320270538
YMR162C,YNL265C,1,2.9856412,0.2720000147819519,0.26745328307151794,0.07292397320270538
YLR109W,YDL100C,0,2.9855237,0.2717282772064209,0.26745328307151794,0.07302413880825043
YBR056W,YKR027W,0,2.985075,0.27145707607269287,0.26745328307151794,0.07312431186437607
YML055W,YDR041W,0,2.9840732,0.2711864411830902,0.26745328307151794,0.07322448492050171
YNR026C,YOR334W,0,2.9840627,0.2709163427352905,0.26745328307151794,0.07332465052604675
YER087C-A,YMR208W,0,2.9832444,0.2706467807292938,0.26745328307151794,0.0734248235821724
YOR381W,YER026C,0,2.9826608,0.2703777253627777,0.26745328307151794,0.07352498918771744
YKL212W,YKL197C,0,2.9826083,0.27010923624038696,0.26745328307151794,0.07362516224384308
YDR362C,YBR101C,0,2.982533,0.2698412835597992,0.26745328307151794,0.07372533529996872
YDL235C,YLR288C,0,2.9821177,0.269573837518692,0.26745328307151794,0.07382550090551376
YLR080W,YJL204C,1,2.9821105,0.27029702067375183,0.26843658089637756,0.07382550090551376
YDR099W,YMR264W,0,2.9815266,0.2700296640396118,0.26843658089637756,0.0739256739616394
YER042W,YCR063W,0,2.979277,0.2697628438472748,0.26843658089637756,0.07402584701776505
YFR004W,YGL142C,0,2.9792233,0.26949653029441833,0.26843658089637756,0.07412601262331009
YMR022W,YDR348C,0,2.9769988,0.26923078298568726,0.26843658089637756,0.07422618567943573
YDL178W,YML067C,0,2.9767213,0.2689655125141144,0.26843658089637756,0.07432635128498077
YDR069C,YDR303C,0,2.9759486,0.2687007784843445,0.26843658089637756,0.07442652434110641
YIL007C,YMR052W,0,2.975907,0.26843658089637756,0.26843658089637756,0.07452669739723206
YOR034C,YOR326W,0,2.9750352,0.26817288994789124,0.26843658089637756,0.0746268630027771
YFL009W,YHL017W,0,2.9749641,0.2679097056388855,0.26843658089637756,0.07472703605890274
YAL042W,YNL181W,0,2.974436,0.26764705777168274,0.26843658089637756,0.07482720911502838
YGL157W,YBL020W,0,2.9744058,0.26738491654396057,0.26843658089637756,0.07492737472057343
YDL103C,YDR201W,0,2.9742708,0.267123281955719,0.26843658089637756,0.07502754777669907
YDR533C,YBR102C,0,2.9736886,0.2668621838092804,0.26843658089637756,0.07512772083282471
YLR148W,YOL062C,1,2.9735637,0.267578125,0.2694198489189148,0.07512772083282471
YNL329C,YLR371W,0,2.973279,0.2673170864582062,0.2694198489189148,0.07522788643836975
YNL312W,YBR245C,0,2.9722443,0.26705652475357056,0.2694198489189148,0.07532805949449539
YOR018W,YBR169C,0,2.971321,0.2667964994907379,0.2694198489189148,0.07542822510004044
YGL231C,YJR099W,0,2.9691527,0.2665369510650635,0.2694198489189148,0.07552839815616608
YBR014C,YEL064C,0,2.969124,0.266277939081192,0.2694198489189148,0.07562857121229172
YDR005C,YPL059W,0,2.9685745,0.26601940393447876,0.2694198489189148,0.07572873681783676
YDR191W,YJL129C,0,2.968449,0.2657614052295685,0.2694198489189148,0.0758289098739624
YGR138C,YKL134C,0,2.9682283,0.2655038833618164,0.2694198489189148,0.07592908293008804
YLR248W,YCR024C-A,0,2.968164,0.2652468681335449,0.2694198489189148,0.07602924853563309
YLR450W,YLR373C,0,2.967846,0.26499032974243164,0.2694198489189148,0.07612942159175873
YOR249C,YPR141C,0,2.966302,0.26473429799079895,0.2694198489189148,0.07622958719730377
YDR071C,YML067C,0,2.966142,0.26447877287864685,0.2694198489189148,0.07632976025342941
YMR052W,YDR050C,0,2.9657168,0.26422372460365295,0.2694198489189148,0.07642993330955505
YPL022W,YOR128C,0,2.9654644,0.26396918296813965,0.2694198489189148,0.0765300989151001
YGR211W,YNL272C,0,2.9650698,0.26371511816978455,0.2694198489189148,0.07663027197122574
YAR033W,YNL297C,1,2.9649127,0.26442307233810425,0.2704031467437744,0.07663027197122574
YLR380W,YOL062C,1,2.9642806,0.2651296854019165,0.27138644456863403,0.07663027197122574
YNL297C,YHR108W,1,2.9640002,0.2658349275588989,0.27236971259117126,0.07663027197122574
YGL100W,YGR188C,0,2.9634326,0.26558005809783936,0.27236971259117126,0.07673044502735138
YGR284C,YGL079W,1,2.962852,0.2662835121154785,0.2733530104160309,0.07673044502735138
YDL200C,YKR067W,0,2.9625525,0.2660287022590637,0.2733530104160309,0.07683061063289642
YKL212W,YCL030C,0,2.9622808,0.26577436923980713,0.2733530104160309,0.07693078368902206
YGR009C,YAL051W,0,2.9614682,0.26552054286003113,0.2733530104160309,0.07703094929456711
YJL154C,YAR002C-A,1,2.960862,0.26622137427330017,0.2743362784385681,0.07703094929456711
YNL136W,YKL194C,0,2.9593349,0.26596757769584656,0.2743362784385681,0.07713112235069275
YPR165W,YLR396C,1,2.9591012,0.2666666805744171,0.27531957626342773,0.07713112235069275
YLR396C,YDL178W,0,2.9590144,0.2664129436016083,0.27531957626342773,0.07723129540681839
YHL036W,YGR037C,0,2.9588873,0.26615968346595764,0.27531957626342773,0.07733146101236343
YNL180C,YLL036C,0,2.9569213,0.2659069299697876,0.27531957626342773,0.07743163406848907
YGR108W,YPR065W,0,2.955752,0.26565465331077576,0.27531957626342773,0.07753180712461472
YDR212W,YML008C,0,2.9540482,0.2654028534889221,0.27531957626342773,0.07763197273015976
YGR167W,YDR238C,1,2.9538155,0.2660984992980957,0.27630284428596497,0.07763197273015976
YDR080W,YBL037W,1,2.95361,0.26679280400276184,0.2772861421108246,0.07763197273015976
YNL220W,YOR265W,0,2.9529395,0.26654064655303955,0.2772861421108246,0.0777321457862854
YDR246W,YOR110W,0,2.9523282,0.26628896594047546,0.2772861421108246,0.07783231139183044
YFR049W,YNR049C,0,2.9521534,0.2660377323627472,0.2772861421108246,0.07793248444795609
YDR350C,YBR289W,0,2.9518483,0.2657870054244995,0.2772861421108246,0.07803265750408173
YOR003W,YBR068C,0,2.9515228,0.26553672552108765,0.2772861421108246,0.07813282310962677
YPL195W,YBR251W,0,2.9512825,0.265286922454834,0.2772861421108246,0.07823299616575241
YKL017C,YKL096W,0,2.9508095,0.2650375962257385,0.2772861421108246,0.07833316922187805
YJL054W,YMR237W,0,2.9502459,0.26478874683380127,0.2772861421108246,0.0784333348274231
YHR106W,YCR066W,0,2.9500527,0.26454034447669983,0.2772861421108246,0.07853350788354874
YGR163W,YIL173W,1,2.949977,0.26522961258888245,0.2782694101333618,0.07853350788354874
YJL151C,YCL044C,0,2.949925,0.2649812698364258,0.2782694101333618,0.07863368093967438
YHR098C,YFR055W,0,2.9494221,0.2647334039211273,0.2782694101333618,0.07873384654521942
YGL181W,YHR073W,0,2.9491987,0.2644859850406647,0.2782694101333618,0.07883401960134506
YBR217W,YMR293C,0,2.9486976,0.26423904299736023,0.2782694101333618,0.0789341852068901
YGL124C,YJR134C,1,2.9482307,0.26492536067962646,0.27925270795822144,0.0789341852068901
YNL220W,YPL085W,0,2.9473364,0.2646784782409668,0.27925270795822144,0.07903435826301575
YPR173C,YHL002W,1,2.9446604,0.2653631269931793,0.28023597598075867,0.07903435826301575
YKL092C,YKR027W,0,2.944129,0.26511627435684204,0.28023597598075867,0.07913453131914139
YNL275W,YAL053W,0,2.9434612,0.26486989855766296,0.28023597598075867,0.07923469692468643
YPL170W,YJL123C,1,2.9433672,0.26555246114730835,0.2812192738056183,0.07923469692468643
YOR036W,YNL006W,1,2.9432845,0.26623377203941345,0.2822025418281555,0.07923469692468643
YDL072C,YLR393W,0,2.9431517,0.2659870386123657,0.2822025418281555,0.07933486998081207
YGR163W,YML067C,1,2.942568,0.2666666805744171,0.28318583965301514,0.07933486998081207
YPL100W,YOL062C,1,2.9424698,0.26734504103660583,0.28416913747787476,0.07933486998081207
YMR054W,YNL287W,1,2.9424565,0.26802217960357666,0.285152405500412,0.07933486998081207
YIL106W,YGL087C,0,2.9422925,0.26777470111846924,0.285152405500412,0.07943504303693771
YLL006W,YPL105C,0,2.9420779,0.26752766966819763,0.285152405500412,0.07953520864248276
YJL057C,YER139C,0,2.942036,0.26728111505508423,0.285152405500412,0.0796353816986084
YOR336W,YPR065W,0,2.9416525,0.26703497767448425,0.285152405500412,0.07973554730415344
YDL226C,YMR192W,1,2.9407752,0.26770928502082825,0.2861357033252716,0.07973554730415344
YDR324C,YBR008C,0,2.9407377,0.26746323704719543,0.2861357033252716,0.07983572036027908
YHR108W,YJR066W,1,2.940136,0.2681359052658081,0.28711897134780884,0.07983572036027908
YLR466W,YBR008C,0,2.9397328,0.26788991689682007,0.28711897134780884,0.07993589341640472
YGR122W,YGR157W,0,2.9395866,0.26764437556266785,0.28711897134780884,0.08003605902194977
YER100W,YPL246C,0,2.939406,0.26739928126335144,0.28711897134780884,0.08013623207807541
YAR033W,YMR077C,1,2.9388876,0.2680695354938507,0.28810226917266846,0.08013623207807541
YDL226C,YHR098C,1,2.93829,0.2687385678291321,0.2890855371952057,0.08013623207807541
YGR223C,YNL094W,0,2.9378564,0.2684931457042694,0.2890855371952057,0.08023640513420105
YBL008W,YPR017C,0,2.9373538,0.26824817061424255,0.2890855371952057,0.0803365707397461
YGL023C,YDR328C,0,2.9372091,0.2680036425590515,0.2890855371952057,0.08043674379587173
YJR155W,YIL049W,0,2.9369397,0.2677595615386963,0.2890855371952057,0.08053690940141678
YHR190W,YGL064C,0,2.9359307,0.2675159275531769,0.2890855371952057,0.08063708245754242
YML007W,YPR055W,0,2.9350386,0.2672727406024933,0.2890855371952057,0.08073725551366806
YDR320C,YFR041C,0,2.9344976,0.2670299708843231,0.2890855371952057,0.0808374211192131
YOR027W,YCL055W,0,2.934193,0.26678764820098877,0.2890855371952057,0.08093759417533875
YDL017W,YNL286W,0,2.9328723,0.26654577255249023,0.2890855371952057,0.08103776723146439
YBR077C,YKL028W,0,2.9324234,0.2663043439388275,0.2890855371952057,0.08113793283700943
YLR363C,YGR266W,0,2.931777,0.2660633623600006,0.2890855371952057,0.08123810589313507
YGL027C,YOL064C,0,2.9305267,0.26582279801368713,0.2890855371952057,0.08133827149868011
YPL091W,YDL164C,0,2.9293485,0.2655826508998871,0.2890855371952057,0.08143844455480576
YNL325C,YBR008C,0,2.9293313,0.26534295082092285,0.2890855371952057,0.0815386176109314
YMR192W,YER113C,1,2.9292605,0.26600539684295654,0.2900688350200653,0.0815386176109314
YIL044C,YKR031C,1,2.9284644,0.2666666805744171,0.29105210304260254,0.0815386176109314
YGR206W,YGR223C,1,2.9281173,0.2673267424106598,0.29203540086746216,0.0815386176109314
YOR157C,YGL017W,0,2.9276333,0.26708632707595825,0.29203540086746216,0.08163878321647644
YDR486C,YGL210W,1,2.9269757,0.26774483919143677,0.2930186688899994,0.08163878321647644
YML091C,YDL076C,0,2.925209,0.26750448346138,0.2930186688899994,0.08173895627260208
YOL133W,YJR033C,0,2.9250553,0.26726457476615906,0.2930186688899994,0.08183912932872772
YBR227C,YCR075C,0,2.924708,0.26702508330345154,0.2930186688899994,0.08193929493427277
YLL009C,YDL095W,0,2.924537,0.26678603887557983,0.2930186688899994,0.08203946799039841
YGR240C,YOR329C,0,2.924378,0.26654741168022156,0.2930186688899994,0.08213964104652405
YLR181C,YGL150C,0,2.923932,0.2663092017173767,0.2930186688899994,0.08223980665206909
YDR108W,YDL232W,0,2.923417,0.2660714387893677,0.2930186688899994,0.08233997970819473
YNL252C,YOR117W,0,2.9227064,0.2658340632915497,0.2930186688899994,0.08244014531373978
YCR028C,YGR135W,0,2.9224806,0.2655971348285675,0.2930186688899994,0.08254031836986542
YDR038C,YHR019C,0,2.9224775,0.26536065340042114,0.2930186688899994,0.08264049142599106
YML012W,YDL113C,1,2.9218862,0.2660142481327057,0.294001966714859,0.08264049142599106
YOR290C,YML008C,0,2.9217095,0.2657777667045593,0.294001966714859,0.0827406570315361
YDR158W,YGL175C,0,2.9214659,0.2655417323112488,0.294001966714859,0.08284083008766174
YOL049W,YOR267C,0,2.9212537,0.26530611515045166,0.294001966714859,0.08294100314378738
YBL016W,YJR096W,0,2.9210951,0.26507091522216797,0.294001966714859,0.08304116874933243
YDR326C,YPR188C,0,2.9202704,0.2648361325263977,0.294001966714859,0.08314134180545807
YOR227W,YFL062W,0,2.9201202,0.26460176706314087,0.294001966714859,0.08324150741100311
YBR214W,YCR017C,0,2.9200525,0.26436781883239746,0.294001966714859,0.08334168046712875
YGR098C,YMR311C,0,2.9199588,0.2641342878341675,0.294001966714859,0.0834418535232544
YKR014C,YFR019W,1,2.918966,0.2647837698459625,0.29498526453971863,0.0834418535232544
YDR517W,YKR020W,1,2.9177403,0.26543208956718445,0.29596853256225586,0.0834418535232544
YKR007W,YMR162C,1,2.9175825,0.266079306602478,0.2969518303871155,0.0834418535232544
YGR163W,YDL195W,1,2.9170725,0.2667253613471985,0.2979350984096527,0.0834418535232544
YOR201C,YNL055C,0,2.9169378,0.26649075746536255,0.2979350984096527,0.08354201912879944
YPR095C,YKL077W,0,2.9165454,0.2662566006183624,0.2979350984096527,0.08364219218492508
YGR009C,YNL037C,0,2.915214,0.26602283120155334,0.2979350984096527,0.08374236524105072
YDL103C,YLR035C,0,2.914319,0.2657894790172577,0.2979350984096527,0.08384253084659576
YNL106C,YNL037C,0,2.9140003,0.26555654406547546,0.2979350984096527,0.0839427039027214
YGR167W,YJR066W,1,2.9130976,0.26619964838027954,0.29891839623451233,0.0839427039027214
YMR048W,YPR133C,0,2.9127946,0.2659667432308197,0.29891839623451233,0.08404286950826645
YNL329C,YBR264C,0,2.912321,0.2657342553138733,0.29891839623451233,0.08414304256439209
YCR033W,YDL004W,0,2.9115326,0.2655021846294403,0.29891839623451233,0.08424321562051773
YPR140W,YDR261C,0,2.9114976,0.26527050137519836,0.29891839623451233,0.08434338122606277
YGL231C,YOR036W,0,2.9105258,0.26503923535346985,0.29891839623451233,0.08444355428218842
YJR007W,YPR057W,0,2.9101722,0.2648083567619324,0.29891839623451233,0.08454372733831406
YGR004W,YDR258C,0,2.9101293,0.2645778954029083,0.29891839623451233,0.0846438929438591
YML057W,YBL037W,0,2.910027,0.2643478214740753,0.29891839623451233,0.08474406599998474
YGR284C,YER045C,0,2.9098866,0.26411816477775574,0.29891839623451233,0.08484423160552979
YJR010C-A,YLR176C,0,2.9097633,0.2638888955116272,0.29891839623451233,0.08494440466165543
YGR284C,YDR069C,1,2.909535,0.2645273208618164,0.29990166425704956,0.08494440466165543
YPL103C,YGL115W,0,2.9088824,0.26429808139801025,0.29990166425704956,0.08504457771778107
YPR173C,YPL259C,1,2.9087873,0.26493507623672485,0.3008849620819092,0.08504457771778107
YPR185W,YEL004W,0,2.9081545,0.2647058963775635,0.3008849620819092,0.08514474332332611
YKL054C,YBR008C,0,2.9074402,0.26447710394859314,0.3008849620819092,0.08524491637945175
YLR376C,YKR093W,0,2.906539,0.26424869894981384,0.3008849620819092,0.08534508943557739
YOR073W,YER031C,0,2.9058034,0.264020711183548,0.3008849620819092,0.08544525504112244
YBR109C,YBR198C,0,2.90539,0.26379311084747314,0.3008849620819092,0.08554542809724808
YER129W,YDR051C,0,2.904717,0.26356589794158936,0.3008849620819092,0.08564560115337372
YNR027W,YFL025C,0,2.904299,0.2633390724658966,0.3008849620819092,0.08574576675891876
YML011C,YHR013C,0,2.9020324,0.2631126344203949,0.3008849620819092,0.0858459398150444
YPL246C,YMR197C,1,2.901616,0.2637456953525543,0.3018682301044464,0.0858459398150444
YBR131W,YBR119W,0,2.9013245,0.2635193169116974,0.3018682301044464,0.08594610542058945
YPL168W,YNL158W,0,2.9011216,0.2632932960987091,0.3018682301044464,0.08604627847671509
YGL127C,YOR179C,0,2.9005704,0.26306769251823425,0.3018682301044464,0.08614645153284073
YMR257C,YDR368W,0,2.900342,0.26284247636795044,0.3018682301044464,0.08624661713838577
YLR417W,YCR094W,1,2.899775,0.2634730637073517,0.30285152792930603,0.08624661713838577
YNL180C,YMR302C,0,2.8994412,0.26324787735939026,0.30285152792930603,0.08634679019451141
YGR163W,YGL200C,1,2.8989396,0.2638770341873169,0.30383479595184326,0.08634679019451141
YGR123C,YDR348C,0,2.8984346,0.26365187764167786,0.30383479595184326,0.08644696325063705
YPR184W,YDR329C,0,2.8975983,0.26342710852622986,0.30383479595184326,0.0865471288561821
YDR246W,YNR048W,0,2.8974712,0.2632027268409729,0.30383479595184326,0.08664730191230774
YGL059W,YMR162C,0,2.8972976,0.262978732585907,0.30383479595184326,0.08674746751785278
YGR003W,YIL107C,0,2.896265,0.2627550959587097,0.30383479595184326,0.08684764057397842
YPR082C,YMR053C,0,2.8956976,0.2625318467617035,0.30383479595184326,0.08694781363010406
YKR048C,YOL013C,0,2.895357,0.2623089849948883,0.30383479595184326,0.08704797923564911
YLR417W,YBR161W,0,2.8952298,0.26208651065826416,0.30383479595184326,0.08714815229177475
YPL195W,YCL047C,0,2.8950124,0.26186439394950867,0.30383479595184326,0.08724832534790039
YJL062W,YDR032C,0,2.8948894,0.2616426646709442,0.30383479595184326,0.08734849095344543
YPL178W,YLL053C,0,2.8945155,0.2614213228225708,0.30383479595184326,0.08744866400957108
YFL005W,YBR097W,1,2.893819,0.26204565167427063,0.3048180937767029,0.08744866400957108
YHR042W,YGR262C,0,2.8917713,0.2618243098258972,0.3048180937767029,0.08754882961511612
YGL128C,YPL085W,0,2.8912601,0.26160338521003723,0.3048180937767029,0.08764900267124176
YLR378C,YGL020C,0,2.8910418,0.2613827884197235,0.3048180937767029,0.0877491757273674
YIR008C,YPL005W,0,2.8907616,0.2611626088619232,0.3048180937767029,0.08784934133291245
YER093C,YDR039C,0,2.8903043,0.2609427571296692,0.3048180937767029,0.08794951438903809
YGR142W,YDR484W,1,2.8901384,0.26156434416770935,0.3058013617992401,0.08794951438903809
YGR261C,YNL125C,0,2.8899055,0.2613445520401001,0.3058013617992401,0.08804968744516373
YFL047W,YPL106C,0,2.8877215,0.2611251175403595,0.3058013617992401,0.08814985305070877
YDL178W,YEL047C,0,2.8876104,0.26090604066848755,0.3058013617992401,0.08825002610683441
YGR215W,YDR393W,0,2.887435,0.26068735122680664,0.3058013617992401,0.08835019171237946
YLR136C,YCR067C,0,2.8869612,0.2604690194129944,0.3058013617992401,0.0884503647685051
YDR484W,YPL120W,1,2.885479,0.2610878646373749,0.30678465962409973,0.0884503647685051
YMR109W,YBL025W,0,2.8854022,0.260869562625885,0.30678465962409973,0.08855053782463074
YLR208W,YML121W,1,2.8852673,0.26148703694343567,0.30776795744895935,0.08855053782463074
YJL154C,YBR210W,1,2.8850565,0.26210349798202515,0.3087512254714966,0.08855053782463074
YKL073W,YGL153W,0,2.8845358,0.2618848979473114,0.3087512254714966,0.08865070343017578
YDR379W,YAL055W,0,2.8843756,0.2616666555404663,0.3087512254714966,0.08875087648630142
YPR183W,YOR334W,0,2.8840861,0.26144880056381226,0.3087512254714966,0.08885104954242706
YOR002W,YDL155W,0,2.8833795,0.26123127341270447,0.3087512254714966,0.0889512151479721
YHR027C,YIL087C,0,2.8832328,0.2610141336917877,0.3087512254714966,0.08905138820409775
YOR332W,YDR489W,0,2.8831909,0.2607973515987396,0.3087512254714966,0.08915156126022339
YOR192C,YEL064C,0,2.8831334,0.2605809271335602,0.3087512254714966,0.08925172686576843
YBR289W,YGL210W,0,2.8830507,0.260364830493927,0.3087512254714966,0.08935189992189407
YEL038W,YGR040W,0,2.8829331,0.26014912128448486,0.3087512254714966,0.08945206552743912
YOR270C,YMR261C,0,2.8825855,0.2599337697029114,0.3087512254714966,0.08955223858356476
YGL136C,YDR503C,0,2.8819838,0.25971877574920654,0.3087512254714966,0.0896524116396904
YER005W,YNL049C,1,2.8818703,0.26033058762550354,0.3097345232963562,0.0896524116396904
YER173W,YBR077C,0,2.8817143,0.2601155936717987,0.3097345232963562,0.08975257724523544
YKL179C,YOL016C,0,2.8810122,0.2599009871482849,0.3097345232963562,0.08985275030136108
YAL030W,YKL079W,0,2.8802547,0.25968673825263977,0.3097345232963562,0.08995292335748672
YAR033W,YLR208W,1,2.8794184,0.2602965533733368,0.31071779131889343,0.08995292335748672
YJL096W,YDR071C,0,2.8788216,0.26008230447769165,0.31071779131889343,0.09005308896303177
YOR322C,YOR043W,0,2.8787284,0.25986841320991516,0.31071779131889343,0.09015326201915741
YBR279W,YNL243W,0,2.8783307,0.2596548795700073,0.31071779131889343,0.09025342762470245
YNL286W,YDR517W,0,2.8775,0.25944170355796814,0.31071779131889343,0.0903536006808281
YNR049C,YBL030C,0,2.877184,0.2592288851737976,0.31071779131889343,0.09045377373695374
YHL040C,YGR223C,1,2.8766718,0.2598360776901245,0.31170108914375305,0.09045377373695374
YPR121W,YGL161C,0,2.8766387,0.259623259305954,0.31170108914375305,0.09055393934249878
YOR244W,YKL046C,0,2.8765721,0.2594107985496521,0.31170108914375305,0.09065411239862442
YNL310C,YNL206C,0,2.8755574,0.25919869542121887,0.31170108914375305,0.09075428545475006
YNL058C,YPL183C,0,2.8751578,0.2589869201183319,0.31170108914375305,0.0908544510602951
YGL006W,YBR091C,0,2.874422,0.2587755024433136,0.31170108914375305,0.09095462411642075
YBR083W,YIL062C,0,2.8741932,0.25856444239616394,0.31170108914375305,0.09105478972196579
YDR224C,YKL179C,0,2.8740265,0.25835371017456055,0.31170108914375305,0.09115496277809143
YFR004W,YBL017C,0,2.8733077,0.2581433355808258,0.31170108914375305,0.09125513583421707
YMR036C,YDR001C,0,2.8729644,0.25793328881263733,0.31170108914375305,0.09135530143976212
YOR060C,YAL002W,0,2.8727016,0.2577235698699951,0.31170108914375305,0.09145547449588776
YNL288W,YNL029C,0,2.8725657,0.25751420855522156,0.31170108914375305,0.0915556475520134
YER030W,YDR236C,0,2.871572,0.25730520486831665,0.31170108914375305,0.09165581315755844
YJL196C,YDR080W,0,2.8689787,0.2570964992046356,0.31170108914375305,0.09175598621368408
YEL065W,YJL154C,1,2.8685446,0.25769853591918945,0.3126843571662903,0.09175598621368408
YER113C,YMR231W,1,2.8685188,0.2582995891571045,0.3136676549911499,0.09175598621368408
YBR107C,YOR322C,0,2.8684077,0.258090615272522,0.3136676549911499,0.09185615181922913
YLR194C,YOR003W,0,2.8680522,0.2578819692134857,0.3136676549911499,0.09195632487535477
YDR313C,YER122C,1,2.8673825,0.2584814131259918,0.31465092301368713,0.09195632487535477
YIL010W,YLR079W,0,2.8671622,0.25827279686927795,0.31465092301368713,0.09205649793148041
YMR192W,YKL176C,1,2.866745,0.2588709592819214,0.31563422083854675,0.09205649793148041
YGL047W,YBR229C,0,2.8661854,0.2586623728275299,0.31563422083854675,0.09215666353702545
YDR168W,YMR183C,0,2.8659515,0.2584541141986847,0.31563422083854675,0.09225683659315109
YPR185W,YMR058W,0,2.8656087,0.25824618339538574,0.31563422083854675,0.09235700964927673
YHR027C,YML016C,0,2.8654313,0.25803858041763306,0.31563422083854675,0.09245717525482178
YGL137W,YNL287W,1,2.8650637,0.2586345374584198,0.316617488861084,0.09245717525482178
YLR330W,YMR237W,1,2.864447,0.25922954082489014,0.3176007866859436,0.09245717525482178
YDR381W,YDR011W,0,2.8635187,0.2590216398239136,0.3176007866859436,0.09255734831094742
YGL185C,YGR074W,0,2.863198,0.25881409645080566,0.3176007866859436,0.09265752136707306
YLR324W,YJL168C,0,2.8629813,0.258606880903244,0.3176007866859436,0.0927576869726181
YJL173C,YGL160W,0,2.8626394,0.25839999318122864,0.3176007866859436,0.09285786002874374
YER178W,YDL154W,0,2.8622537,0.2581934332847595,0.3176007866859436,0.09295802563428879
YJR096W,YOR181W,0,2.8614497,0.25798723101615906,0.3176007866859436,0.09305819869041443
YLR272C,YLL066C,0,2.8611407,0.25778132677078247,0.3176007866859436,0.09315837174654007
YIL167W,YMR029C,0,2.8603015,0.25757575035095215,0.3176007866859436,0.09325853735208511
YER063W,YLR071C,0,2.8568149,0.2573705315589905,0.3176007866859436,0.09335871040821075
YKL069W,YBL022C,0,2.8549957,0.2571656107902527,0.3176007866859436,0.0934588834643364
YDR129C,YJL139C,0,2.8549185,0.25696101784706116,0.3176007866859436,0.09355904906988144
YPR181C,YML086C,0,2.8548293,0.2567567527294159,0.3176007866859436,0.09365922212600708
YMR287C,YGL012W,0,2.8547263,0.2565528154373169,0.3176007866859436,0.09375938773155212
YBR131W,YKL176C,1,2.8547153,0.2571428716182709,0.3185840845108032,0.09375938773155212
YNL263C,YAL002W,1,2.854501,0.25773194432258606,0.31956735253334045,0.09375938773155212
YDR313C,YPL084W,1,2.8539033,0.2583201229572296,0.3205506503582001,0.09375938773155212
YML025C,YPR019W,0,2.8536124,0.25811558961868286,0.3205506503582001,0.09385956078767776
YKL051W,YDR058C,0,2.8527403,0.2579113841056824,0.3205506503582001,0.0939597338438034
YKR097W,YIL112W,0,2.8521745,0.25770750641822815,0.3205506503582001,0.09405989944934845
YPL005W,YER063W,0,2.8521643,0.2575039565563202,0.3205506503582001,0.09416007250547409
YKL145W,YMR098C,0,2.8519378,0.2573007047176361,0.3205506503582001,0.09426024556159973
YDR425W,YBL010C,1,2.8516114,0.25788643956184387,0.3215339183807373,0.09426024556159973
YPR134W,YJL156C,0,2.850954,0.2576832175254822,0.3215339183807373,0.09436041116714478
YNL250W,YGR086C,0,2.8493872,0.25748032331466675,0.3215339183807373,0.09446058422327042
YPL161C,YBR022W,0,2.8489861,0.2572777271270752,0.3215339183807373,0.09456074982881546
YGL067W,YAL041W,0,2.848358,0.2570754587650299,0.3215339183807373,0.0946609228849411
YDL106C,YDL095W,0,2.8479714,0.2568735182285309,0.3215339183807373,0.09476109594106674
YKL054C,YBR175W,0,2.8473296,0.2566719055175781,0.3215339183807373,0.09486126154661179
YBR201W,YOR113W,0,2.8468103,0.25647059082984924,0.3215339183807373,0.09496143460273743
YJR131W,YIR037W,0,2.8466887,0.2562696039676666,0.3215339183807373,0.09506160765886307
YJL097W,YER021W,0,2.8466134,0.2560689151287079,0.3215339183807373,0.09516177326440811
YIL033C,YNL176C,0,2.8457913,0.2558685541152954,0.3215339183807373,0.09526194632053375
YLR417W,YLL054C,0,2.8456464,0.2556684911251068,0.3215339183807373,0.0953621119260788
YEL001C,YCR003W,0,2.8453417,0.2554687559604645,0.3215339183807373,0.09546228498220444
YLR242C,YFR007W,0,2.8451161,0.255269318819046,0.3215339183807373,0.09556245803833008
YHR167W,YGL104C,0,2.8439984,0.25507020950317383,0.3215339183807373,0.09566262364387512
YJR134C,YPL170W,1,2.843227,0.2556508183479309,0.3225172162055969,0.09566262364387512
YGR172C,YOL018C,1,2.842268,0.25623053312301636,0.32350048422813416,0.09566262364387512
YPL123C,YHL002W,0,2.8421364,0.2560311257839203,0.32350048422813416,0.09576279670000076
YLR332W,YML064C,0,2.8421168,0.2558320462703705,0.32350048422813416,0.0958629697561264
YNR030W,YJL183W,0,2.8420544,0.25563326478004456,0.32350048422813416,0.09596313536167145
YGL137W,YPL002C,1,2.84204,0.25621119141578674,0.3244837820529938,0.09596313536167145
YJR005W,YHR005C,1,2.8416438,0.2567881941795349,0.325467050075531,0.09596313536167145
YER166W,YFR030W,0,2.841477,0.2565891444683075,0.325467050075531,0.09606330841779709
YBR077C,YDR171W,0,2.841228,0.25639039278030396,0.325467050075531,0.09616348147392273
YLR408C,YDL195W,1,2.8409977,0.2569659352302551,0.3264503479003906,0.09616348147392273
YIL160C,YMR149W,0,2.8400707,0.256767213344574,0.3264503479003906,0.09626364707946777
YOR198C,YGR109C,0,2.8399727,0.2565687894821167,0.3264503479003906,0.09636382013559341
YDR122W,YPL105C,0,2.839881,0.2563706636428833,0.3264503479003906,0.09646398574113846
YBL091C,YGR080W,0,2.8395417,0.2561728358268738,0.3264503479003906,0.0965641587972641
YDL052C,YJR134C,0,2.8386896,0.2559753358364105,0.3264503479003906,0.09666433185338974
YDL243C,YGR263C,0,2.836419,0.25577813386917114,0.3264503479003906,0.09676449745893478
YOL033W,YDL231C,0,2.8358274,0.25558122992515564,0.3264503479003906,0.09686467051506042
YJR102C,YJL178C,1,2.8356462,0.2561538517475128,0.32743361592292786,0.09686467051506042
YDR100W,YGR206W,1,2.8353367,0.25672560930252075,0.3284169137477875,0.09686467051506042
YDR479C,YCR066W,0,2.8347492,0.25652840733528137,0.3284169137477875,0.09696484357118607
YNR039C,YER014W,0,2.834469,0.25633153319358826,0.3284169137477875,0.09706500917673111
YOR299W,YOR089C,1,2.834035,0.2569018304347992,0.3294001817703247,0.09706500917673111
YPR004C,YDL174C,0,2.8317354,0.25670498609542847,0.3294001817703247,0.09716518223285675
YDL192W,YNL287W,1,2.8312078,0.2572741210460663,0.3303834795951843,0.09716518223285675
YHL017W,YML121W,1,2.830853,0.25784239172935486,0.33136677742004395,0.09716518223285675
YBR279W,YFR024C-A,0,2.8308017,0.25764524936676025,0.33136677742004395,0.0972653478384018
YDR531W,YPR165W,0,2.8304362,0.2574484348297119,0.33136677742004395,0.09736552089452744
YGR247W,YMR162C,1,2.830051,0.2580152750015259,0.3323500454425812,0.09736552089452744
YKL184W,YJR134C,0,2.8298252,0.25781846046447754,0.3323500454425812,0.09746569395065308
YOR373W,YJL046W,0,2.8296254,0.2576219439506531,0.3323500454425812,0.09756585955619812
YKL002W,YNR052C,0,2.8296049,0.2574257552623749,0.3323500454425812,0.09766603261232376
YIL117C,YJR135C,0,2.8289597,0.25722983479499817,0.3323500454425812,0.0977662056684494
YLR382C,YPL022W,0,2.8282294,0.25703421235084534,0.3323500454425812,0.09786637127399445
YDL095W,YNL156C,0,2.8281217,0.25683891773223877,0.3323500454425812,0.09796654433012009
YLL001W,YDL126C,0,2.8277662,0.2566438913345337,0.3323500454425812,0.09806670993566513
YBR023C,YGR198W,1,2.8261914,0.2572079002857208,0.3333333432674408,0.09806670993566513
YGR007W,YOR202W,0,2.8251543,0.25701287388801575,0.3333333432674408,0.09816688299179077
YHR018C,YPL059W,0,2.8235817,0.25681817531585693,0.3333333432674408,0.09826705604791641
YKL152C,YOL009C,0,2.8233545,0.256623774766922,0.3333333432674408,0.09836722165346146
YBR258C,YIR037W,0,2.8229508,0.25642964243888855,0.3333333432674408,0.0984673947095871
YGR044C,YPR103W,0,2.8215961,0.25623583793640137,0.3333333432674408,0.09856756776571274
YGR091W,YLR262C,0,2.8212457,0.2560423016548157,0.3333333432674408,0.09866773337125778
YJR017C,YDR348C,0,2.8211713,0.25584906339645386,0.3333333432674408,0.09876790642738342
YMR214W,YDL193W,0,2.8207984,0.2556561231613159,0.3333333432674408,0.09886807203292847
YBR210W,YDR264C,1,2.8198855,0.25621703267097473,0.334316611289978,0.09886807203292847
YDR069C,YBR097W,1,2.8198237,0.2567771077156067,0.33529990911483765,0.09886807203292847
YHR043C,YDR054C,0,2.8186424,0.25658389925956726,0.33529990911483765,0.09896824508905411
YOR322C,YFL005W,1,2.8171592,0.2571428716182709,0.3362831771373749,0.09896824508905411
YKL100C,YOR227W,0,2.8169882,0.25694966316223145,0.3362831771373749,0.09906841814517975
YBR102C,YKR020W,1,2.8165898,0.2575075030326843,0.3372664749622345,0.09906841814517975
YHL017W,YBR077C,1,2.8163114,0.25806450843811035,0.33824974298477173,0.09906841814517975
YGR009C,YGR165W,0,2.816246,0.2578710615634918,0.33824974298477173,0.09916858375072479
YDL185W,YLR376C,0,2.8160222,0.25767791271209717,0.33824974298477173,0.09926875680685043
YJL062W,YNR054C,0,2.815513,0.257485032081604,0.33824974298477173,0.09936892986297607
YJR139C,YOR179C,0,2.814959,0.2572924494743347,0.33824974298477173,0.09946909546852112
YDR212W,YJR089W,0,2.8136077,0.2571001350879669,0.33824974298477173,0.09956926852464676
YPR065W,YGR083C,0,2.8135579,0.2569081485271454,0.33824974298477173,0.0996694415807724
YIL010W,YNL023C,0,2.8121834,0.25671643018722534,0.33824974298477173,0.09976960718631744
YML093W,YBR083W,0,2.812101,0.2565249800682068,0.33824974298477173,0.09986978024244308
YKL208W,YBR008C,0,2.8117554,0.2563338279724121,0.33824974298477173,0.09996994584798813
YKL195W,YGR253C,0,2.8115575,0.2561429738998413,0.33824974298477173,0.10007011890411377
YOL117W,YGL027C,0,2.8113546,0.255952388048172,0.33824974298477173,0.10017029196023941
YMR214W,YHR193C,0,2.8109653,0.2557620704174042,0.33824974298477173,0.10027045756578445
YNL091W,YLR424W,0,2.8106918,0.25557205080986023,0.33824974298477173,0.1003706306219101
YIR036C,YEL039C,0,2.8100548,0.25538232922554016,0.33824974298477173,0.10047080367803574
YBR102C,YMR077C,1,2.809918,0.2559347152709961,0.33923304080963135,0.10047080367803574
YPR173C,YHL019C,1,2.8090072,0.25648629665374756,0.3402163088321686,0.10047080367803574
YFR003C,YOR257W,0,2.8074474,0.256296306848526,0.3402163088321686,0.10057096928358078
YLR286C,YER007W,0,2.8074298,0.25610658526420593,0.3402163088321686,0.10067114233970642
YLL032C,YDL007W,0,2.8073592,0.25591716170310974,0.3402163088321686,0.10077130794525146
YOR003W,YFL018C,0,2.8071127,0.25572800636291504,0.3402163088321686,0.1008714810013771
YOL044W,YER087C-A,0,2.8069832,0.2555391490459442,0.3402163088321686,0.10097165405750275
YGL016W,YJL052W,0,2.80317,0.2553505599498749,0.3402163088321686,0.10107181966304779
YPL028W,YLR276C,0,2.8024821,0.25516223907470703,0.3402163088321686,0.10117199271917343
YJL099W,YHR108W,1,2.8020406,0.2557111382484436,0.3411996066570282,0.10117199271917343
YOL017W,YMR225C,0,2.8019352,0.25552281737327576,0.3411996066570282,0.10127216577529907
YKL195W,YHR063C,0,2.8011572,0.2553347945213318,0.3411996066570282,0.10137233138084412
YIL004C,YJL053W,1,2.8011103,0.2558823525905609,0.3421829044818878,0.10137233138084412
YJL058C,YHR114W,0,2.8003438,0.25569432973861694,0.3421829044818878,0.10147250443696976
YCR092C,YJL196C,0,2.8003259,0.25550660490989685,0.3421829044818878,0.1015726700425148
YHL003C,YLR109W,0,2.7999802,0.25531914830207825,0.3421829044818878,0.10167284309864044
YNL097C,YLR381W,0,2.7998724,0.25513195991516113,0.3421829044818878,0.10177301615476608
YCR088W,YDL137W,0,2.7996051,0.2549450695514679,0.3421829044818878,0.10187318176031113
YPL206C,YDL209C,0,2.7994318,0.25475841760635376,0.3421829044818878,0.10197335481643677
YLR396C,YAR002C-A,1,2.7970772,0.25530359148979187,0.34316617250442505,0.10197335481643677
YDL185W,YPL029W,0,2.7970514,0.2551169693470001,0.34316617250442505,0.10207352787256241
YNL257C,YBR235W,0,2.7963557,0.25493061542510986,0.34316617250442505,0.10217369347810745
YGL124C,YOR299W,1,2.7952313,0.2554744482040405,0.34414947032928467,0.10217369347810745
YNL063W,YDR086C,0,2.795121,0.25528812408447266,0.34414947032928467,0.1022738665342331
YKR013W,YLR396C,0,2.7945557,0.2551020383834839,0.34414947032928467,0.10237403213977814
YDR313C,YGL022W,0,2.7944264,0.254916250705719,0.34414947032928467,0.10247420519590378
YJR009C,YCR024C,0,2.7942023,0.2547307014465332,0.34414947032928467,0.10257437825202942
YDL087C,YHL050C,0,2.7939177,0.2545454502105713,0.34414947032928467,0.10267454385757446
YBR268W,YBR264C,0,2.793863,0.25436046719551086,0.34414947032928467,0.1027747169137001
YNL272C,YLR181C,1,2.7934966,0.2549019753932953,0.3451327383518219,0.1027747169137001
YPR155C,YKL059C,0,2.7931805,0.25471699237823486,0.3451327383518219,0.10287488996982574
YDR490C,YKL010C,0,2.7928925,0.2545322775840759,0.3451327383518219,0.10297505557537079
YLR192C,YOR326W,0,2.792288,0.2543478310108185,0.3451327383518219,0.10307522863149643
YJL154C,YDL192W,1,2.7919536,0.25488775968551636,0.3461160361766815,0.10307522863149643
YJR076C,YNL129W,0,2.7918038,0.2547033429145813,0.3461160361766815,0.10317540168762207
YGR142W,YMR071C,1,2.79104,0.2552422285079956,0.34709930419921875,0.10317540168762207
YOR118W,YHR176W,0,2.7906528,0.25505781173706055,0.34709930419921875,0.10327556729316711
YBR102C,YNL084C,1,2.7903643,0.2555956542491913,0.34808260202407837,0.10327556729316711
YPR174C,YER179W,0,2.7900076,0.2554112672805786,0.34808260202407837,0.10337574034929276
YGR261C,YPL097W,0,2.7896218,0.25522711873054504,0.34808260202407837,0.1034759059548378
YER161C,YER004W,0,2.7880056,0.25504323840141296,0.34808260202407837,0.10357607901096344
YOR336W,YDR032C,0,2.7872517,0.25485959649086,0.34808260202407837,0.10367625206708908
YLR298C,YPL176C,0,2.7856493,0.2546762526035309,0.34808260202407837,0.10377641767263412
YLR066W,YLL066C,0,2.7855973,0.25449317693710327,0.34808260202407837,0.10387659072875977
YHL009C,YAR007C,0,2.7854288,0.25431033968925476,0.34808260202407837,0.1039767637848854
YGR166W,YDL168W,0,2.785408,0.25412777066230774,0.34808260202407837,0.10407692939043045
YJR096W,YNR055C,0,2.785158,0.2539454698562622,0.34808260202407837,0.10417710244655609
YHR003C,YJL073W,0,2.7847195,0.25376343727111816,0.34808260202407837,0.10427726805210114
YJL044C,YBR102C,1,2.784686,0.25429800152778625,0.3490658700466156,0.10427726805210114
YDL104C,YKL145W,0,2.784299,0.2541159689426422,0.3490658700466156,0.10437744110822678
YDR503C,YJL101C,0,2.784245,0.25393420457839966,0.3490658700466156,0.10447761416435242
YLR035C,YNL003C,0,2.783986,0.2537526786327362,0.3490658700466156,0.10457777976989746
YDL161W,YBR158W,0,2.7837267,0.25357142090797424,0.3490658700466156,0.1046779528260231
YPR079W,YOR179C,0,2.7831006,0.25339043140411377,0.3490658700466156,0.10477812588214874
YOL158C,YKR007W,1,2.7817001,0.2539229691028595,0.3500491678714752,0.10477812588214874
YLR176C,YMR275C,0,2.7799613,0.253741979598999,0.3500491678714752,0.10487829148769379
YAL047C,YIR022W,0,2.7798364,0.25356125831604004,0.3500491678714752,0.10497846454381943
YDR313C,YHR098C,1,2.7798133,0.2540925145149231,0.35103243589401245,0.10497846454381943
YJL044C,YEL065W,1,2.7776058,0.25462305545806885,0.35201573371887207,0.10497846454381943
YHR178W,YIL038C,0,2.7768617,0.2544420659542084,0.35201573371887207,0.10507863014936447
YNL312W,YLR003C,0,2.7766213,0.2542613744735718,0.35201573371887207,0.10517880320549011
YCR020C,YOR140W,0,2.7760477,0.2540809214115143,0.35201573371887207,0.10527897626161575
YBR289W,YLR332W,0,2.7748532,0.2539007067680359,0.35201573371887207,0.1053791418671608
YPL100W,YGR206W,1,2.7746387,0.25442948937416077,0.3529990315437317,0.1053791418671608
YNL263C,YML067C,1,2.774105,0.25495749711990356,0.3539822995662689,0.1053791418671608
YIR034C,YOR175C,0,2.7736502,0.25477707386016846,0.3539822995662689,0.10547931492328644
YPL254W,YLR277C,0,2.771302,0.25459688901901245,0.3539822995662689,0.10557948797941208
YER005W,YLR080W,1,2.7707028,0.25512367486953735,0.35496559739112854,0.10557948797941208
YFR053C,YGR120C,0,2.7706459,0.25494349002838135,0.35496559739112854,0.10567965358495712
YER164W,YKL087C,0,2.770126,0.25476357340812683,0.35496559739112854,0.10577982664108276
YGR142W,YBR097W,1,2.770125,0.25528913736343384,0.35594886541366577,0.10577982664108276
YBR273C,YPL031C,0,2.769781,0.2551092207431793,0.35594886541366577,0.1058799996972084
YLR259C,YML086C,0,2.7697344,0.2549295723438263,0.35594886541366577,0.10598016530275345
YHL002W,YJL024C,1,2.7695003,0.2554539144039154,0.3569321632385254,0.10598016530275345
YMR231W,YGR172C,1,2.768073,0.25597748160362244,0.3579154312610626,0.10598016530275345
YBR272C,YMR285C,0,2.7672715,0.2557976245880127,0.3579154312610626,0.10608033835887909
YNL212W,YER155C,0,2.7660317,0.25561797618865967,0.3579154312610626,0.10618050396442413
YLR363C,YNL136W,0,2.7659268,0.25543859601020813,0.3579154312610626,0.10628067702054977
YGL092W,YPR165W,0,2.7657795,0.2552594542503357,0.3579154312610626,0.10638085007667542
YPL271W,YGL223C,0,2.7655756,0.25508058071136475,0.3579154312610626,0.10648101568222046
YPL242C,YPL256C,0,2.765517,0.2549019753932953,0.3579154312610626,0.1065811887383461
YOR171C,YLR380W,1,2.7651768,0.255423367023468,0.35889872908592224,0.1065811887383461
YMR262W,YOL020W,0,2.764871,0.25524476170539856,0.35889872908592224,0.10668136179447174
YGR057C,YML058W,0,2.7647014,0.2550663948059082,0.35889872908592224,0.10678152740001678
YBL025W,YFR014C,0,2.7637885,0.25488826632499695,0.35889872908592224,0.10688170045614243
YKL173W,YHR042W,0,2.7636228,0.2547104060649872,0.35889872908592224,0.10698186606168747
YNL152W,YOR316C,0,2.763347,0.2545327842235565,0.35889872908592224,0.10708203911781311
YLL001W,YKL046C,0,2.7633095,0.25435540080070496,0.35889872908592224,0.10718221217393875
YJL053W,YDL149W,1,2.7629237,0.25487464666366577,0.3598819971084595,0.10718221217393875
YJL057C,YPL145C,0,2.762571,0.2546972930431366,0.3598819971084595,0.1072823777794838
YBL060W,YLR352W,0,2.7616453,0.2545201778411865,0.3598819971084595,0.10738255083560944
YGR009C,YOR245C,0,2.7614625,0.25434330105781555,0.3598819971084595,0.10748272389173508
YHR024C,YPR063C,0,2.7612777,0.2541666626930237,0.3598819971084595,0.10758288949728012
YBR131W,YJR066W,1,2.760863,0.2546842396259308,0.3608652949333191,0.10758288949728012
YLL010C,YLR089C,0,2.7601829,0.2545076310634613,0.3608652949333191,0.10768306255340576
YOR299W,YPL002C,1,2.7599266,0.255024254322052,0.3618485629558563,0.10768306255340576
YLR060W,YOR189W,0,2.7589295,0.2548476457595825,0.3618485629558563,0.1077832281589508
YHL008C,YLR352W,0,2.7581356,0.25467127561569214,0.3618485629558563,0.10788340121507645
YAL015C,YGL013C,0,2.757132,0.25449517369270325,0.3618485629558563,0.10798357427120209
YPR094W,YGL053W,0,2.756751,0.25431928038597107,0.3618485629558563,0.10808373987674713
YNL063W,YDL017W,0,2.7562976,0.2541436553001404,0.3618485629558563,0.10818391293287277
YPL258C,YLR075W,0,2.7561936,0.2539682686328888,0.3618485629558563,0.10828408598899841
YNR026C,YKR061W,0,2.7558804,0.2537930905818939,0.3618485629558563,0.10838425159454346
YLR148W,YMR054W,1,2.7555518,0.254307359457016,0.36283186078071594,0.10838425159454346
YHR115C,YKL040C,0,2.754716,0.2541322410106659,0.36283186078071594,0.1084844246506691
YJL207C,YNL084C,1,2.754692,0.25464555621147156,0.3638151288032532,0.1084844246506691
YDR328C,YGL141W,0,2.7542255,0.25447043776512146,0.3638151288032532,0.10858459025621414
YBL031W,YOR141C,0,2.7541537,0.2542955279350281,0.3638151288032532,0.10868476331233978
YGR046W,YDL134C,0,2.7538524,0.2541208863258362,0.3638151288032532,0.10878493636846542
YMR055C,YBL055C,0,2.7536254,0.253946453332901,0.3638151288032532,0.10888510197401047
YDL115C,YKL211C,0,2.7534788,0.2537722885608673,0.3638151288032532,0.10898527503013611
YLR127C,YAR007C,0,2.7523901,0.2535983622074127,0.3638151288032532,0.10908544808626175
YDR016C,YGR278W,0,2.7521634,0.25342464447021484,0.3638151288032532,0.1091856136918068
YDL161W,YAR042W,0,2.75134,0.25325119495391846,0.3638151288032532,0.10928578674793243
YLR417W,YPL195W,1,2.7509413,0.25376197695732117,0.3647984266281128,0.10928578674793243
YFR042W,YGR204W,0,2.7504177,0.2535885274410248,0.3647984266281128,0.10938595980405807
YDR468C,YDL149W,1,2.7502384,0.2540983557701111,0.3657817244529724,0.10938595980405807
YMR192W,YDR255C,0,2.749985,0.2539249062538147,0.3657817244529724,0.10948612540960312
YKL045W,YJR132W,0,2.7499256,0.2537516951560974,0.3657817244529724,0.10958629846572876
YKL176C,YKL046C,0,2.7493577,0.25357872247695923,0.3657817244529724,0.1096864640712738
YMR262W,YGL223C,0,2.7482214,0.25340598821640015,0.3657817244529724,0.10978663712739944
YNR049C,YHR050W,0,2.7480757,0.25323349237442017,0.3657817244529724,0.10988681018352509
YBR114W,YDL019C,0,2.7471406,0.2530612349510193,0.3657817244529724,0.10998697578907013
YFR016C,YHR034C,0,2.7464688,0.2528891861438751,0.3657817244529724,0.11008714884519577
YLR396C,YHR005C,1,2.7463012,0.25339674949645996,0.36676499247550964,0.11008714884519577
YHR073W,YPL060W,0,2.7461696,0.2532247006893158,0.36676499247550964,0.11018732190132141
YCL069W,YMR029C,0,2.7460327,0.2530529201030731,0.36676499247550964,0.11028748750686646
YGR071C,YLR067C,0,2.745936,0.25288134813308716,0.36676499247550964,0.1103876605629921
YGR261C,YER125W,1,2.744752,0.25338754057884216,0.36774829030036926,0.1103876605629921
YDL092W,YDR143C,0,2.7442389,0.2532159686088562,0.36774829030036926,0.11048782616853714
YKR001C,YDL143W,0,2.7441502,0.25304466485977173,0.36774829030036926,0.11058799922466278
YJR076C,YDL145C,0,2.7429724,0.25287356972694397,0.36774829030036926,0.11068817228078842
YBL063W,YHR110W,0,2.7429037,0.2527027130126953,0.36774829030036926,0.11078833788633347
YJR044C,YLR148W,1,2.7427754,0.2532072961330414,0.3687315583229065,0.11078833788633347
YPL069C,YML038C,0,2.7426195,0.2530364394187927,0.3687315583229065,0.1108885109424591
YOL044W,YBR241C,0,2.74186,0.25286582112312317,0.3687315583229065,0.11098868399858475
YBR188C,YDR126W,0,2.741114,0.2526954114437103,0.3687315583229065,0.11108884960412979
YMR207C,YBR056W,0,2.7407806,0.2525252401828766,0.3687315583229065,0.11118902266025543
YCL017C,YMR189W,0,2.740594,0.25235530734062195,0.3687315583229065,0.11128918826580048
YBR159W,YJL072C,0,2.74026,0.2521856129169464,0.3687315583229065,0.11138936132192612
YGR106C,YOL089C,0,2.74017,0.2520161271095276,0.3687315583229065,0.11148953437805176
YMR077C,YIL004C,1,2.7396913,0.2525184750556946,0.3697148561477661,0.11148953437805176
YOR171C,YMR054W,1,2.7396336,0.25302013754844666,0.37069812417030334,0.11148953437805176
YPL228W,YOR265W,0,2.7395325,0.2528504431247711,0.37069812417030334,0.1115896999835968
YKR088C,YNL191W,0,2.737828,0.2526809573173523,0.37069812417030334,0.11168987303972244
YER122C,YAR002C-A,1,2.7376995,0.253181517124176,0.37168142199516296,0.11168987303972244
YBR014C,YJL183W,0,2.7368984,0.2530120611190796,0.37168142199516296,0.11179004609584808
YGL137W,YLR181C,1,2.736877,0.2535116970539093,0.3726646900177002,0.11179004609584808
YLR327C,YJL174W,0,2.7365074,0.25334224104881287,0.3726646900177002,0.11189021170139313
YNR046W,YHR188C,0,2.7361,0.25317302346229553,0.3726646900177002,0.11199038475751877
YPL053C,YCR017C,0,2.735951,0.2530040144920349,0.3726646900177002,0.11209055036306381
YKL173W,YMR237W,0,2.7354116,0.252835214138031,0.3726646900177002,0.11219072341918945
YKR020W,YMR054W,1,2.7348762,0.25333333015441895,0.3736479878425598,0.11219072341918945
YGL083W,YKL135C,1,2.7338414,0.25383079051971436,0.37463125586509705,0.11219072341918945
YOR250C,YNL291C,0,2.7338119,0.25366178154945374,0.37463125586509705,0.1122908964753151
YDR313C,YJR134C,1,2.7334306,0.2541583478450775,0.37561455368995667,0.1122908964753151
YHL021C,YIR034C,0,2.7331285,0.2539893686771393,0.37561455368995667,0.11239106208086014
YNL076W,YER167W,0,2.7327535,0.25382059812545776,0.37561455368995667,0.11249123513698578
YEL006W,YLR120C,0,2.732526,0.25365206599235535,0.37561455368995667,0.11259140819311142
YDR078C,YNL048W,0,2.7320657,0.25348374247550964,0.37561455368995667,0.11269157379865646
YDR093W,YMR244C-A,0,2.7314143,0.25331565737724304,0.37561455368995667,0.1127917468547821
YPL220W,YLL066C,0,2.7310047,0.25314778089523315,0.37561455368995667,0.11289191991090775
YCR066W,YMR052W,0,2.7307794,0.25298014283180237,0.37561455368995667,0.11299208551645279
YPR008W,YIL125W,0,2.7300525,0.2528127133846283,0.37561455368995667,0.11309225857257843
YCL017C,YCR035C,0,2.7299852,0.25264549255371094,0.37561455368995667,0.11319242417812347
YPL140C,YJR058C,0,2.729466,0.2524785101413727,0.37561455368995667,0.11329259723424911
YFL005W,YIL038C,0,2.728839,0.2523117661476135,0.37561455368995667,0.11339277029037476
YKR014C,YDR027C,1,2.7285342,0.25280529260635376,0.3765978515148163,0.11339277029037476
YDR334W,YOL009C,0,2.7282565,0.2526385188102722,0.3765978515148163,0.1134929358959198
YNL263C,YDR045C,0,2.7270613,0.2524719834327698,0.3765978515148163,0.11359310895204544
YLR095C,YKR001C,0,2.7269838,0.25230565667152405,0.3765978515148163,0.11369328200817108
YMR311C,YGR075C,0,2.7262354,0.2521395683288574,0.3765978515148163,0.11379344761371613
YKL041W,YKL039W,1,2.72566,0.2526315748691559,0.3775811195373535,0.11379344761371613
YOR374W,YHR202W,0,2.7255425,0.25246548652648926,0.3775811195373535,0.11389362066984177
YKL209C,YCR096C,0,2.7252707,0.25229960680007935,0.3775811195373535,0.11399378627538681
YPR065W,YOR227W,0,2.7249072,0.25213393568992615,0.3775811195373535,0.11409395933151245
YLL032C,YOR284W,0,2.724303,0.25196850299835205,0.3775811195373535,0.11419413238763809
YDR160W,YIL138C,0,2.724283,0.25180327892303467,0.3775811195373535,0.11429429799318314
YBR168W,YKL016C,0,2.723915,0.251638263463974,0.3775811195373535,0.11439447104930878
YMR070W,YKR065C,0,2.723792,0.25147348642349243,0.3775811195373535,0.11449464410543442
YBR176W,YBR198C,0,2.7235608,0.2513088881969452,0.3775811195373535,0.11459480971097946
YLR025W,YGL083W,1,2.722888,0.2517985701560974,0.37856441736221313,0.11459480971097946
YML038C,YMR197C,1,2.7224686,0.2522875964641571,0.37954768538475037,0.11459480971097946
YCR005C,YGL084C,0,2.722053,0.25212278962135315,0.37954768538475037,0.1146949827671051
YGL098W,YPL270W,0,2.7214708,0.2519582211971283,0.37954768538475037,0.11479514837265015
YJL091C,YPL097W,0,2.7211878,0.25179386138916016,0.37954768538475037,0.11489532142877579
YNR039C,YOR079C,0,2.7206051,0.2516297399997711,0.37954768538475037,0.11499549448490143
YDR100W,YAL055W,0,2.7199502,0.2514657974243164,0.37954768538475037,0.11509566009044647
YLR418C,YGR088W,0,2.7199154,0.2513020932674408,0.37954768538475037,0.11519583314657211
YOR086C,YDR363W,0,2.7197928,0.2511385679244995,0.37954768538475037,0.11529600620269775
YHL021C,YDR028C,0,2.7196662,0.25097528100013733,0.37954768538475037,0.1153961718082428
YDR289C,YOR174W,0,2.7196317,0.25081220269203186,0.37954768538475037,0.11549634486436844
YJR040W,YBR097W,1,2.719457,0.2512986958026886,0.38053098320961,0.11549634486436844
YBR248C,YPL058C,0,2.7186098,0.25113561749458313,0.38053098320961,0.11559651046991348
YLR098C,YER113C,0,2.717427,0.2509727478027344,0.38053098320961,0.11569668352603912
YGL137W,YJR043C,0,2.7173886,0.2508101165294647,0.38053098320961,0.11579685658216476
YPR032W,YOR332W,0,2.716925,0.2506476640701294,0.38053098320961,0.11589702218770981
YDL113C,YJL154C,1,2.716885,0.25113269686698914,0.3815142512321472,0.11589702218770981
YJL024C,YPL249C,1,2.7166998,0.25161707401275635,0.38249754905700684,0.11589702218770981
YHR154W,YPL001W,0,2.7160745,0.2514544427394867,0.38249754905700684,0.11599719524383545
YLR417W,YCL008C,1,2.7160194,0.25193798542022705,0.38348081707954407,0.11599719524383545
YJL029C,YHR181W,1,2.7158327,0.25242090225219727,0.3844641149044037,0.11599719524383545
YPR181C,YHL047C,1,2.7156518,0.2529032230377197,0.3854473829269409,0.11599719524383545
YPR061C,YDR169C,0,2.715581,0.25274017453193665,0.3854473829269409,0.11609736829996109
YPL270W,YIL126W,0,2.715349,0.2525773048400879,0.3854473829269409,0.11619753390550613
YDR279W,YDR394W,0,2.7149875,0.25241467356681824,0.3854473829269409,0.11629770696163177
YGR124W,YML129C,0,2.7137282,0.2522522509098053,0.3854473829269409,0.11639788001775742
YNL293W,YDR127W,0,2.713404,0.2520900368690491,0.3854473829269409,0.11649804562330246
YJR086W,YLR238W,0,2.7129946,0.25192803144454956,0.3854473829269409,0.1165982186794281
YOL049W,YFL036W,0,2.712925,0.2517662048339844,0.3854473829269409,0.11669838428497314
YOR017W,YDR531W,0,2.7122765,0.2516046166419983,0.3854473829269409,0.11679855734109879
YPL169C,YAL042W,0,2.7118146,0.2514432370662689,0.3854473829269409,0.11689873039722443
YPL236C,YHR123W,0,2.7108505,0.25128206610679626,0.3854473829269409,0.11699889600276947
YLR324W,YGL043W,0,2.710205,0.25112107396125793,0.3854473829269409,0.11709906905889511
YNL094W,YAL005C,0,2.706715,0.2509603202342987,0.3854473829269409,0.11719924211502075
YPR108W,YKL033W,0,2.706521,0.2507997453212738,0.3854473829269409,0.1172994077205658
YPL028W,YMR298W,0,2.7057505,0.2506393790245056,0.3854473829269409,0.11739958077669144
YGR209C,YLR085C,0,2.7057414,0.25047922134399414,0.3854473829269409,0.11749974638223648
YEL050C,YPL049C,0,2.705709,0.2503192722797394,0.3854473829269409,0.11759991943836212
YBR073W,YNR040W,0,2.705697,0.25015953183174133,0.3854473829269409,0.11770009249448776
YJR013W,YBR039W,0,2.7047915,0.25,0.3854473829269409,0.1178002581000328
YGL087C,YLR212C,0,2.7039418,0.2498406618833542,0.3854473829269409,0.11790043115615845
YDR441C,YNR061C,0,2.7035336,0.2496815323829651,0.3854473829269409,0.11800060421228409
YPL256C,YOL031C,0,2.703071,0.2495225965976715,0.3854473829269409,0.11810076981782913
YOR171C,YPL249C,1,2.7029219,0.25,0.38643068075180054,0.11810076981782913
YOR077W,YPL221W,0,2.7020195,0.24984106421470642,0.38643068075180054,0.11820094287395477
YCR023C,YOR256C,0,2.701851,0.24968233704566956,0.38643068075180054,0.11830110847949982
YBR121C,YNL129W,0,2.70163,0.2495238035917282,0.38643068075180054,0.11840128153562546
YPL118W,YDR266C,0,2.701301,0.24936547875404358,0.38643068075180054,0.1185014545917511
YHL017W,YDR100W,1,2.701104,0.24984146654605865,0.38741394877433777,0.1185014545917511
YEL055C,YLR066W,0,2.6997862,0.24968314170837402,0.38741394877433777,0.11860162019729614
YDR349C,YAL042W,0,2.699705,0.2495250105857849,0.38741394877433777,0.11870179325342178
YNR039C,YOR344C,0,2.6991723,0.24936708807945251,0.38741394877433777,0.11880196630954742
YDR202C,YGL124C,1,2.6989484,0.2498418688774109,0.3883972465991974,0.11880196630954742
YOL049W,YHL018W,0,2.6972666,0.2496839463710785,0.3883972465991974,0.11890213191509247
YAL042W,YJR031C,1,2.6969879,0.2501579225063324,0.389380544424057,0.11890213191509247
YHL040C,YGR193C,0,2.696488,0.25,0.389380544424057,0.11900230497121811
YMR060C,YMR035W,0,2.6952057,0.24984227120876312,0.389380544424057,0.11910247057676315
YKL008C,YMR048W,0,2.6951914,0.24968473613262177,0.389380544424057,0.1192026436328888
YKR014C,YHR098C,1,2.6941948,0.25015753507614136,0.39036381244659424,0.1192026436328888
YDR381W,YHL044W,0,2.6937685,0.25,0.39036381244659424,0.11930281668901443
YLR208W,YJL178C,1,2.6936417,0.2504720091819763,0.39134711027145386,0.11930281668901443
YER029C,YPR165W,0,2.6935678,0.25031447410583496,0.39134711027145386,0.11940298229455948
YOR003W,YDR427W,0,2.6930819,0.2501571476459503,0.39134711027145386,0.11950315535068512
YLR070C,YLR214W,0,2.6924686,0.25,0.39134711027145386,0.11960332840681076
YKL024C,YOR334W,0,2.6919365,0.2498430609703064,0.39134711027145386,0.1197034940123558
YGR101W,YOR326W,0,2.6916366,0.2496863305568695,0.39134711027145386,0.11980366706848145
YMR070W,YLR263W,0,2.691506,0.24952977895736694,0.39134711027145386,0.11990384012460709
YPR029C,YJR066W,1,2.6911762,0.25,0.3923303782939911,0.11990384012460709
YOR299W,YER039C,1,2.6904035,0.2504696249961853,0.3933136761188507,0.11990384012460709
YIL041W,YCL011C,0,2.6901605,0.2503128945827484,0.3933136761188507,0.12000400573015213
YIR006C,YJR102C,1,2.6896412,0.25078174471855164,0.39429694414138794,0.12000400573015213
YGL083W,YDR264C,1,2.6886144,0.2512499988079071,0.39528024196624756,0.12000400573015213
YKL192C,YDL195W,0,2.68742,0.2510930597782135,0.39528024196624756,0.12010417878627777
YPL270W,YMR022W,0,2.68718,0.2509363293647766,0.39528024196624756,0.12020434439182281
YMR068W,YDR153C,0,2.6867402,0.25077977776527405,0.39528024196624756,0.12030451744794846
YBR023C,YOR136W,0,2.6862268,0.2506234347820282,0.39528024196624756,0.1204046905040741
YBR253W,YIL030C,0,2.685692,0.25046730041503906,0.39528024196624756,0.12050485610961914
YLR361C,YKR098C,0,2.685464,0.25031134486198425,0.39528024196624756,0.12060502916574478
YOL019W,YFR014C,0,2.6853504,0.25015556812286377,0.39528024196624756,0.12070520222187042
YLR208W,YIL044C,1,2.683777,0.25062188506126404,0.3962635099887848,0.12070520222187042
YDR331W,YML001W,0,2.683774,0.25046613812446594,0.3962635099887848,0.12080536782741547
YPL179W,YFR041C,0,2.6837528,0.2503105700016022,0.3962635099887848,0.12090554088354111
YGR206W,YIL010W,0,2.6834133,0.25015518069267273,0.3962635099887848,0.12100570648908615
YDR212W,YOL029C,0,2.6832361,0.25,0.3962635099887848,0.12110587954521179
YLL040C,YBR077C,1,2.6829581,0.2504649758338928,0.3972468078136444,0.12110587954521179
YLL040C,YPL100W,1,2.6828346,0.2509293556213379,0.39823007583618164,0.12110587954521179
YJR059W,YGL098W,0,2.6826694,0.25077399611473083,0.39823007583618164,0.12120605260133743
YJR014W,YMR024W,0,2.6825838,0.2506188154220581,0.39823007583618164,0.12130621820688248
YNL029C,YKL077W,0,2.6823812,0.2504638135433197,0.39823007583618164,0.12140639126300812
YMR163C,YGR057C,0,2.6818554,0.250309020280838,0.39823007583618164,0.12150656431913376
YER048C,YKL054C,0,2.6817417,0.25015440583229065,0.39823007583618164,0.1216067299246788
YOR363C,YGL048C,0,2.6813715,0.25,0.39823007583618164,0.12170690298080444
YOR249C,YKL079W,0,2.6810703,0.24984577298164368,0.39823007583618164,0.12180706858634949
YMR224C,YOR267C,0,2.680876,0.24969173967838287,0.39823007583618164,0.12190724164247513
YLR240W,YBL037W,1,2.68084,0.250154048204422,0.39921337366104126,0.12190724164247513
YDR147W,YFR030W,0,2.680718,0.25,0.39921337366104126,0.12200741469860077
YOR360C,YAL005C,0,2.6805248,0.24984616041183472,0.39921337366104126,0.12210758030414581
YDR041W,YOR014W,0,2.6800857,0.24969249963760376,0.39921337366104126,0.12220775336027145
YOR081C,YNL331C,0,2.6795292,0.24953903257846832,0.39921337366104126,0.1223079264163971
YOL137W,YOL062C,1,2.679285,0.25,0.4001966714859009,0.1223079264163971
YKL179C,YIL157C,0,2.6788738,0.24984653294086456,0.4001966714859009,0.12240809202194214
YDR350C,YNL224C,0,2.6787791,0.24969324469566345,0.4001966714859009,0.12250826507806778
YDR202C,YPL138C,0,2.6787214,0.24954016506671906,0.4001966714859009,0.12260843068361282
YGR172C,YKR035W-A,1,2.6783433,0.25,0.4011799395084381,0.12260843068361282
YMR274C,YDL007W,0,2.6771479,0.2498469054698944,0.4011799395084381,0.12270860373973846
YNL213C,YPL137C,0,2.6767402,0.24969400465488434,0.4011799395084381,0.1228087767958641
YKL002W,YPR079W,1,2.6766694,0.25015291571617126,0.40216323733329773,0.1228087767958641
YOR037W,YBR058C,0,2.6759892,0.25,0.40216323733329773,0.12290894240140915
YAL012W,YDL126C,0,2.675908,0.24984727799892426,0.40216323733329773,0.12300911545753479
YFL008W,YPL256C,0,2.6753778,0.24969474971294403,0.40216323733329773,0.12310928851366043
YBR210W,YPR120C,0,2.6750348,0.24954240024089813,0.40216323733329773,0.12320945411920547
YPL085W,YPR079W,1,2.6742554,0.25,0.40314650535583496,0.12320945411920547
YPL218W,YHR105W,1,2.6742542,0.2504570484161377,0.4041298031806946,0.12320945411920547
YNL233W,YLR147C,0,2.6730459,0.25030452013015747,0.4041298031806946,0.12330962717533112
YDR129C,YGL043W,0,2.6722999,0.2501521706581116,0.4041298031806946,0.12340980023145676
YDR122W,YOR367W,0,2.6719007,0.25,0.4041298031806946,0.1235099658370018
YBL007C,YDR257C,0,2.6717641,0.24984802305698395,0.4041298031806946,0.12361013889312744
YLR025W,YNL192W,1,2.6713138,0.2503037750720978,0.4051130712032318,0.12361013889312744
YKR031C,YDR244W,0,2.6712494,0.25015178322792053,0.4051130712032318,0.12371030449867249
YJR096W,YGR075C,0,2.671187,0.25,0.4051130712032318,0.12381047755479813
YJR005W,YNL044W,1,2.670454,0.2504548132419586,0.40609636902809143,0.12381047755479813
YPL076W,YDL154W,0,2.670147,0.2503030300140381,0.40609636902809143,0.12391065061092377
YDL124W,YML096W,0,2.6701467,0.2501514256000519,0.40609636902809143,0.12401081621646881
YOR156C,YIL124W,0,2.6699739,0.25,0.40609636902809143,0.12411098927259445
YLR446W,YGL001C,0,2.6689954,0.24984875321388245,0.40609636902809143,0.12421116232872009
YKL179C,YDR080W,0,2.6686702,0.2496977001428604,0.40609636902809143,0.12431132793426514
YHR191C,YGR094W,0,2.667788,0.2495468258857727,0.40609636902809143,0.12441150099039078
YLR069C,YLR371W,0,2.6675158,0.24939613044261932,0.40609636902809143,0.12451166659593582
YHL040C,YKR020W,1,2.6670654,0.2498491257429123,0.40707963705062866,0.12451166659593582
YDR462W,YLR260W,0,2.666658,0.2496984302997589,0.40707963705062866,0.12461183965206146
YOL076W,YLR188W,0,2.666358,0.24954791367053986,0.40707963705062866,0.1247120127081871
YPL204W,YLR421C,0,2.666325,0.24939759075641632,0.40707963705062866,0.12481217831373215
YNL009W,YLR246W,0,2.66557,0.2492474466562271,0.40707963705062866,0.12491235136985779
YJR135C,YPL003W,0,2.6653514,0.24909746646881104,0.40707963705062866,0.12501251697540283
YNL181W,YDR202C,0,2.6645274,0.24894767999649048,0.40707963705062866,0.12511269748210907
YFL005W,YLR038C,0,2.6642919,0.24879807233810425,0.40707963705062866,0.1252128630876541
YER023W,YKL018W,0,2.6640763,0.24864864349365234,0.40707963705062866,0.12531302869319916
YMR083W,YDR267C,0,2.6640055,0.24849939346313477,0.40707963705062866,0.1254132091999054
YOR360C,YJR131W,0,2.6638403,0.2483503371477127,0.40707963705062866,0.12551337480545044
YGL227W,YLR238W,0,2.6631374,0.24820144474506378,0.40707963705062866,0.12561354041099548
YGR065C,YHL035C,0,2.662009,0.24805273115634918,0.40707963705062866,0.12571370601654053
YKL114C,YLR277C,0,2.6617765,0.2479041963815689,0.40707963705062866,0.12581388652324677
YML114C,YDR019C,0,2.6611404,0.24775584042072296,0.40707963705062866,0.1259140521287918
YNL287W,YOR266W,0,2.6606975,0.24760764837265015,0.40707963705062866,0.12601421773433685
YJR040W,YOL018C,1,2.6606789,0.24805738031864166,0.4080629348754883,0.12601421773433685
YDR088C,YKR096W,0,2.6599038,0.24790920317173004,0.4080629348754883,0.1261143982410431
YDR308C,YDR058C,0,2.659468,0.24776118993759155,0.4080629348754883,0.12621456384658813
YOR357C,YAR002C-A,1,2.659439,0.24821002781391144,0.4090462028980255,0.12621456384658813
YNL005C,YDR099W,0,2.6593447,0.24806201457977295,0.4090462028980255,0.12631472945213318
YIR006C,YHR181W,1,2.6592867,0.24851013720035553,0.41002950072288513,0.12631472945213318
YDR202C,YJL207C,1,2.6590521,0.24895770847797394,0.41101276874542236,0.12631472945213318
YEL058W,YLR075W,0,2.658865,0.24880951642990112,0.41101276874542236,0.12641490995883942
YKL017C,YPL095C,0,2.658366,0.24866151809692383,0.41101276874542236,0.12651507556438446
YBR273C,YLR229C,0,2.6581433,0.24851366877555847,0.41101276874542236,0.1266152411699295
YNL015W,YJR056C,0,2.6580164,0.24836601316928864,0.41101276874542236,0.12671542167663574
YFR021W,YAL014C,1,2.65794,0.24881234765052795,0.411996066570282,0.12671542167663574
YHR089C,YOL008W,0,2.6563878,0.24866469204425812,0.411996066570282,0.1268155872821808
YLR011W,YKL096W,0,2.6549203,0.2485172003507614,0.411996066570282,0.12691575288772583
YBR057C,YKR052C,0,2.6540642,0.24836988747119904,0.411996066570282,0.12701593339443207
YLR248W,YNL012W,0,2.6536834,0.24822275340557098,0.411996066570282,0.1271160989999771
YGR075C,YOR256C,0,2.6534965,0.24807578325271606,0.411996066570282,0.12721626460552216
YKL112W,YGR088W,0,2.6533434,0.24792899191379547,0.411996066570282,0.1273164451122284
YGL124C,YML038C,1,2.6529095,0.24837374687194824,0.4129793643951416,0.1273164451122284
YBL105C,YDR265W,0,2.6529026,0.24822695553302765,0.4129793643951416,0.12741661071777344
YGR198W,YMR197C,1,2.6526475,0.24867099523544312,0.41396263241767883,0.12741661071777344
YOL113W,YBR122C,0,2.6519265,0.24852420389652252,0.41396263241767883,0.12751677632331848
YGR005C,YER005W,0,2.6517246,0.24837757647037506,0.41396263241767883,0.12761694192886353
YPR141C,YER063W,0,2.65102,0.24823112785816193,0.41396263241767883,0.12771712243556976
YAR042W,YKL091C,0,2.6501763,0.24808485805988312,0.41396263241767883,0.1278172880411148
YPL089C,YJR066W,0,2.6501179,0.24793875217437744,0.41396263241767883,0.12791745364665985
YER040W,YML001W,0,2.6490679,0.2477928251028061,0.41396263241767883,0.1280176341533661
YOL094C,YLR352W,0,2.6483154,0.24764706194400787,0.41396263241767883,0.12811779975891113
YBR162W-A,YPR141C,0,2.6477616,0.2475014626979828,0.41396263241767883,0.12821796536445618
YBL019W,YNL190W,0,2.6473222,0.24735605716705322,0.41396263241767883,0.12831814587116241
YNR008W,YGR116W,0,2.6472554,0.2472108006477356,0.41396263241767883,0.12841831147670746
YOR018W,YOR362C,0,2.6472301,0.2470657229423523,0.41396263241767883,0.1285184770822525
YIL039W,YGR033C,0,2.6467566,0.24692082405090332,0.41396263241767883,0.12861865758895874
YLR431C,YHR094C,0,2.6467457,0.24677608907222748,0.41396263241767883,0.12871882319450378
YGL194C,YDL134C,0,2.646516,0.24663151800632477,0.41396263241767883,0.12881898880004883
YGL196W,YGL011C,0,2.646196,0.24648712575435638,0.41396263241767883,0.12891916930675507
YCL017C,YLR210W,0,2.6456938,0.24634289741516113,0.41396263241767883,0.1290193349123001
YDR248C,YGL115W,0,2.6454241,0.246198832988739,0.41396263241767883,0.12911950051784515
YGL001C,YPR180W,0,2.6451573,0.24605493247509003,0.41396263241767883,0.1292196661233902
YPL236C,YHL019C,0,2.6447349,0.24591121077537537,0.41396263241767883,0.12931984663009644
YHL047C,YLR277C,0,2.6444604,0.24576765298843384,0.41396263241767883,0.12942001223564148
YPL262W,YBL023C,0,2.644303,0.24562427401542664,0.41396263241767883,0.12952017784118652
YGL098W,YLR342W,0,2.6440482,0.24548104405403137,0.41396263241767883,0.12962035834789276
YAL030W,YPL259C,1,2.6438794,0.24592074751853943,0.41494593024253845,0.12962035834789276
YNR061C,YLR442C,0,2.6434317,0.24577751755714417,0.41494593024253845,0.1297205239534378
YER111C,YIR003W,0,2.6426425,0.24563445150852203,0.41494593024253845,0.12982068955898285
YDR313C,YJL204C,1,2.6422486,0.24607330560684204,0.4159291982650757,0.12982068955898285
YNR019W,YLR116W,0,2.641758,0.2459302395582199,0.4159291982650757,0.1299208700656891
YGR142W,YJR066W,1,2.6413727,0.2463683933019638,0.4169124960899353,0.1299208700656891
YPR178W,YER023W,0,2.6412585,0.24622531235218048,0.4169124960899353,0.13002103567123413
YOR328W,YKL092C,0,2.6411111,0.24608241021633148,0.4169124960899353,0.13012120127677917
YGL185C,YNL161W,0,2.6410937,0.24593967199325562,0.4169124960899353,0.1302213817834854
YPL090C,YAL043C,0,2.6405058,0.24579709768295288,0.4169124960899353,0.13032154738903046
YIL113W,YDR338C,0,2.6398647,0.24565468728542328,0.4169124960899353,0.1304217129945755
YDR153C,YGL079W,1,2.6396255,0.24609148502349854,0.41789576411247253,0.1304217129945755
YMR079W,YLR138W,0,2.6393857,0.24594907462596893,0.41789576411247253,0.13052189350128174
YJL001W,YNL322C,0,2.6392264,0.24580682814121246,0.41789576411247253,0.13062205910682678
YDL236W,YDR052C,0,2.6390386,0.24566474556922913,0.41789576411247253,0.13072222471237183
YHR202W,YJR121W,0,2.637814,0.24552281200885773,0.41789576411247253,0.13082240521907806
YNL197C,YDR080W,0,2.6376677,0.24538105726242065,0.41789576411247253,0.1309225708246231
YOL122C,YGR026W,0,2.637658,0.2452394664287567,0.41789576411247253,0.13102273643016815
YHR178W,YMR314W,0,2.6366863,0.2450980395078659,0.41789576411247253,0.1311229020357132
YEL002C,YMR311C,0,2.636475,0.24495677649974823,0.41789576411247253,0.13122308254241943
YGR261C,YEL016C,0,2.6355858,0.2448156625032425,0.41789576411247253,0.13132324814796448
YNL263C,YDL195W,1,2.634461,0.24525043368339539,0.41887906193733215,0.13132324814796448
YDR425W,YPL063W,0,2.633521,0.24510931968688965,0.41887906193733215,0.13142341375350952
YLL022C,YPL009C,0,2.6330788,0.24496836960315704,0.41887906193733215,0.13152359426021576
YLR376C,YER020W,0,2.6320753,0.24482758343219757,0.41887906193733215,0.1316237598657608
YER119C,YDL155W,0,2.631507,0.24468696117401123,0.41887906193733215,0.13172392547130585
YHR110W,YOR316C,0,2.6304536,0.24454650282859802,0.41887906193733215,0.13182410597801208
YML058W,YNL023C,0,2.6296296,0.24440619349479675,0.41887906193733215,0.13192427158355713
YMR119W,YCR009C,0,2.6295571,0.24426604807376862,0.41887906193733215,0.13202443718910217
YGL196W,YOL068C,0,2.629205,0.2441260814666748,0.41887906193733215,0.1321246176958084
YLR426W,YGL195W,0,2.6288989,0.24398624897003174,0.41887906193733215,0.13222478330135345
YGL179C,YBR167C,0,2.628039,0.243846595287323,0.41887906193733215,0.1323249489068985
YLL010C,YEL013W,0,2.627655,0.2437070906162262,0.41887906193733215,0.13242512941360474
YMR314W,YIL103W,0,2.627361,0.24356774985790253,0.41887906193733215,0.13252529501914978
YKL008C,YLR421C,0,2.6271183,0.243428573012352,0.41887906193733215,0.13262546062469482
YBL047C,YIR004W,0,2.6270375,0.2432895451784134,0.41887906193733215,0.13272562623023987
YNL136W,YJL013C,0,2.6267684,0.24315068125724792,0.41887906193733215,0.1328258067369461
YDR251W,YER180C,0,2.626636,0.2430119812488556,0.41887906193733215,0.13292597234249115
YDR219C,YKR087C,0,2.625856,0.2428734302520752,0.41887906193733215,0.1330261379480362
YER058W,YKL108W,0,2.6254323,0.24273504316806793,0.41887906193733215,0.13312631845474243
YJR134C,YER122C,1,2.6239018,0.24316628277301788,0.4198623299598694,0.13312631845474243
YCL047C,YFL025C,0,2.6237292,0.24302789568901062,0.4198623299598694,0.13322648406028748
YOR322C,YHR108W,1,2.6232224,0.24345847964286804,0.420845627784729,0.13322648406028748
YFR049W,YBR207W,0,2.6225739,0.2433200627565384,0.420845627784729,0.13332664966583252
YOR327C,YAR002C-A,1,2.6221313,0.24375000596046448,0.42182889580726624,0.13332664966583252
YIL038C,YDR380W,0,2.6220608,0.24361158907413483,0.42182889580726624,0.13342683017253876
YDR308C,YOL098C,0,2.6218567,0.24347332119941711,0.42182889580726624,0.1335269957780838
YLR240W,YPL249C,1,2.62093,0.24390244483947754,0.42281219363212585,0.1335269957780838
YOR086C,YFR042W,0,2.6205285,0.24376417696475983,0.42281219363212585,0.13362716138362885
YPR155C,YBR068C,0,2.620182,0.24362605810165405,0.42281219363212585,0.13372734189033508
YOR171C,YNL297C,1,2.6201525,0.24405436217784882,0.4237954914569855,0.13372734189033508
YDR339C,YDR456W,0,2.6200838,0.24391624331474304,0.4237954914569855,0.13382750749588013
YJR058C,YJL036W,1,2.6198967,0.24434389173984528,0.4247787594795227,0.13382750749588013
YOR014W,YER167W,0,2.6193466,0.2442057728767395,0.4247787594795227,0.13392767310142517
YDR456W,YEL051W,0,2.618392,0.24406780302524567,0.4247787594795227,0.1340278536081314
YDL087C,YOR344C,0,2.6183476,0.24392998218536377,0.4247787594795227,0.13412801921367645
YDL161W,YOL089C,0,2.6183372,0.243792325258255,0.4247787594795227,0.1342281848192215
YNL166C,YMR022W,0,2.6181781,0.24365481734275818,0.4247787594795227,0.13432836532592773
YPL028W,YPR008W,0,2.617892,0.24351747334003448,0.4247787594795227,0.13442853093147278
YDR438W,YGL211W,0,2.617628,0.24338027834892273,0.4247787594795227,0.13452869653701782
YNL330C,YIR022W,0,2.6176133,0.2432432472705841,0.4247787594795227,0.13462886214256287
YDL087C,YHR154W,0,2.6173208,0.24310636520385742,0.4247787594795227,0.1347290426492691
YMR125W,YDR175C,0,2.616994,0.24296963214874268,0.4247787594795227,0.13482920825481415
YNL247W,YPL174C,0,2.6153998,0.24283304810523987,0.4247787594795227,0.1349293738603592
YPL003W,YPR073C,0,2.6152143,0.2426966279745102,0.4247787594795227,0.13502955436706543
YHR105W,YDR071C,0,2.615046,0.24256035685539246,0.4247787594795227,0.13512971997261047
YCR020C,YMR171C,0,2.6150253,0.24242424964904785,0.4247787594795227,0.13522988557815552
YMR043W,YDL081C,0,2.6133125,0.242288276553154,0.4247787594795227,0.13533006608486176
YFL005W,YPL100W,1,2.6130133,0.24271300435066223,0.4257620573043823,0.13533006608486176
YGR206W,YDL113C,1,2.6127925,0.24313725531101227,0.42674532532691956,0.13533006608486176
YDL106C,YGL053W,0,2.6125004,0.24300111830234528,0.42674532532691956,0.1354302316904068
YOL032W,YOR007C,0,2.6124372,0.24286513030529022,0.42674532532691956,0.13553039729595184
YKL079W,YMR242C,0,2.6121573,0.2427293062210083,0.42674532532691956,0.13563057780265808
YEL032W,YLL024C,0,2.6117115,0.24259363114833832,0.42674532532691956,0.13573074340820312
YER016W,YHL040C,0,2.611433,0.24245810508728027,0.42674532532691956,0.13583090901374817
YGR254W,YDR293C,0,2.6110904,0.24232272803783417,0.42674532532691956,0.1359310895204544
YKL192C,YOR334W,0,2.6105785,0.2421875,0.42674532532691956,0.13603125512599945
YBR077C,YHR181W,1,2.6097746,0.2426101565361023,0.4277286231517792,0.13603125512599945
YJL044C,YER005W,1,2.6089816,0.2430323362350464,0.4287118911743164,0.13603125512599945
YOL138C,YPL137C,0,2.608534,0.2428969293832779,0.4287118911743164,0.1361314207315445
YPL195W,YJL099W,1,2.6085258,0.24331848323345184,0.429695188999176,0.1361314207315445
YHL017W,YKL041W,1,2.6080914,0.2437395602464676,0.43067845702171326,0.1361314207315445
YDR302W,YLR066W,0,2.6080186,0.24360400438308716,0.43067845702171326,0.13623158633708954
YNL129W,YOL018C,0,2.6070082,0.24346859753131866,0.43067845702171326,0.13633176684379578
YDR005C,YDR036C,0,2.606421,0.2433333396911621,0.43067845702171326,0.13643193244934082
YGL065C,YJR073C,0,2.6062908,0.2431982159614563,0.43067845702171326,0.13653209805488586
YOL065C,YOR059C,0,2.604855,0.24306325614452362,0.43067845702171326,0.1366322785615921
YGR124W,YER021W,0,2.6043062,0.24292844533920288,0.43067845702171326,0.13673244416713715
YAL030W,YNL056W,0,2.6042233,0.24279379844665527,0.43067845702171326,0.1368326097726822
YML085C,YDR309C,0,2.6035547,0.2426592856645584,0.43067845702171326,0.13693279027938843
YLR408C,YPL116W,0,2.6032095,0.2425249218940735,0.43067845702171326,0.13703295588493347
YJR075W,YKL091C,0,2.6014347,0.2423907071352005,0.43067845702171326,0.13713312149047852
YJL091C,YER073W,0,2.600334,0.24225664138793945,0.43067845702171326,0.13723330199718475
YMR220W,YML029W,0,2.5995367,0.24212272465229034,0.43067845702171326,0.1373334676027298
YPR156C,YMR074C,0,2.5991058,0.24198895692825317,0.43067845702171326,0.13743363320827484
YOR201C,YPL075W,0,2.598728,0.24185532331466675,0.43067845702171326,0.13753381371498108
YFL036W,YPR180W,0,2.597918,0.24172185361385345,0.43067845702171326,0.13763397932052612
YDR331W,YDR284C,0,2.5976944,0.2415885329246521,0.43067845702171326,0.13773414492607117
YDR326C,YPL085W,0,2.596635,0.2414553463459015,0.43067845702171326,0.1378343254327774
YGR017W,YDR198C,0,2.5964184,0.24132230877876282,0.43067845702171326,0.13793449103832245
YNR061C,YGR040W,0,2.5958228,0.24118942022323608,0.43067845702171326,0.1380346566438675
YDL132W,YMR177W,0,2.5955582,0.2410566806793213,0.43067845702171326,0.13813482224941254
YGL039W,YBR121C,0,2.5953465,0.24092409014701843,0.43067845702171326,0.13823500275611877
YAR042W,YCR097W,0,2.5953248,0.24079164862632751,0.43067845702171326,0.13833516836166382
YBL061C,YPR058W,0,2.5950246,0.24065934121608734,0.43067845702171326,0.13843533396720886
YPL198W,YLR424W,0,2.5949416,0.2405271828174591,0.43067845702171326,0.1385355144739151
YDL112W,YLR328W,0,2.5941021,0.2403951734304428,0.43067845702171326,0.13863568007946014
YGR080W,YKR022C,0,2.5940979,0.24026329815387726,0.43067845702171326,0.1387358456850052
YGL128C,YKL079W,0,2.5940065,0.24013157188892365,0.43067845702171326,0.13883602619171143
YBR023C,YJR052W,0,2.5937738,0.23999999463558197,0.43067845702171326,0.13893619179725647
YJR060W,YJL099W,0,2.592341,0.23986856639385223,0.43067845702171326,0.1390363574028015
YOR039W,YPR073C,0,2.592241,0.23973727226257324,0.43067845702171326,0.13913653790950775
YML055W,YPL183C,0,2.5917659,0.2396061271429062,0.43067845702171326,0.1392367035150528
YDL144C,YDR188W,0,2.591175,0.23947511613368988,0.43067845702171326,0.13933686912059784
YEL064C,YDR316W,0,2.5910187,0.2393442690372467,0.43067845702171326,0.13943704962730408
YDR013W,YPR019W,0,2.5901775,0.23921354115009308,0.43067845702171326,0.13953721523284912
YMR282C,YLR466W,0,2.5896268,0.2390829622745514,0.43067845702171326,0.13963738083839417
YOR057W,YLR193C,0,2.5893621,0.23895253241062164,0.43067845702171326,0.1397375464439392
YGL084C,YOL029C,0,2.5892153,0.23882225155830383,0.43067845702171326,0.13983772695064545
YBL091C,YNL058C,0,2.588664,0.23869210481643677,0.43067845702171326,0.1399378925561905
YDR469W,YIR003W,0,2.5872524,0.23856209218502045,0.43067845702171326,0.14003805816173553
YDR469W,YJL174W,0,2.587153,0.23843222856521606,0.43067845702171326,0.14013823866844177
YBR121C,YPR036W,0,2.5870624,0.23830249905586243,0.43067845702171326,0.14023840427398682
YOR193W,YNL130C,0,2.586933,0.23817291855812073,0.43067845702171326,0.14033856987953186
YLR148W,YGL051W,1,2.586679,0.23858696222305298,0.4316617548465729,0.14033856987953186
YDR041W,YGL133W,0,2.5859272,0.23845736682415009,0.4316617548465729,0.1404387503862381
YPL149W,YOR278W,0,2.585861,0.23832790553569794,0.4316617548465729,0.14053891599178314
YPR047W,YMR285C,0,2.5854673,0.23819859325885773,0.4316617548465729,0.14063908159732819
YLR057W,YNL136W,0,2.585413,0.23806941509246826,0.4316617548465729,0.14073926210403442
YML012W,YDL189W,0,2.58516,0.23794038593769073,0.4316617548465729,0.14083942770957947
YIL117C,YPL138C,0,2.584526,0.23781149089336395,0.4316617548465729,0.1409395933151245
YDL124W,YLR100W,0,2.5844126,0.23768272995948792,0.4316617548465729,0.14103977382183075
YNL076W,YNL286W,0,2.5839944,0.23755411803722382,0.4316617548465729,0.1411399394273758
YBL072C,YPL048W,0,2.5838633,0.23742564022541046,0.4316617548465729,0.14124010503292084
YMR289W,YKR096W,0,2.583696,0.23729729652404785,0.4316617548465729,0.14134028553962708
YHR123W,YGL032C,0,2.5825803,0.23716910183429718,0.4316617548465729,0.14144045114517212
YJL102W,YPR037C,0,2.5815802,0.23704104125499725,0.4316617548465729,0.14154061675071716
YFL024C,YOR250C,0,2.581286,0.23691311478614807,0.4316617548465729,0.1416407823562622
YGL097W,YJL118W,0,2.5811634,0.23678532242774963,0.4316617548465729,0.14174096286296844
YGR024C,YPL202C,0,2.58059,0.23665767908096313,0.4316617548465729,0.1418411284685135
YJL170C,YJR073C,0,2.5805387,0.23653016984462738,0.4316617548465729,0.14194129407405853
YKR007W,YER031C,1,2.5800009,0.23694130778312683,0.4326450228691101,0.14194129407405853
YJR054W,YKR027W,0,2.5799801,0.23681378364562988,0.4326450228691101,0.14204147458076477
YLR193C,YLR034C,0,2.5798855,0.23668639361858368,0.4326450228691101,0.14214164018630981
YJR089W,YOL122C,0,2.5798736,0.23655913770198822,0.4326450228691101,0.14224180579185486
YOR358W,YAL062W,0,2.579792,0.2364320307970047,0.4326450228691101,0.1423419862985611
YER113C,YER122C,1,2.5797315,0.2368421107530594,0.4336283206939697,0.1423419862985611
YNL317W,YFL018C,0,2.5794673,0.23671497404575348,0.4336283206939697,0.14244215190410614
YPR100W,YCR027C,0,2.5782292,0.2365879863500595,0.4336283206939697,0.14254231750965118
YBR005W,YHR103W,0,2.5780365,0.23646113276481628,0.4336283206939697,0.14264249801635742
YDR113C,YDL126C,0,2.577937,0.2363343983888626,0.4336283206939697,0.14274266362190247
YDL004W,YHR165C,0,2.577547,0.23620781302452087,0.4336283206939697,0.1428428292274475
YER099C,YPR107C,0,2.5775046,0.23608137667179108,0.4336283206939697,0.14294300973415375
YPL132W,YIL114C,0,2.5773592,0.23595505952835083,0.4336283206939697,0.1430431753396988
YKL069W,YLR154C,0,2.5769083,0.23582887649536133,0.4336283206939697,0.14314334094524384
YDR300C,YHR039C,0,2.5768745,0.23570282757282257,0.4336283206939697,0.14324350655078888
YGR097W,YNL263C,0,2.5755765,0.23557692766189575,0.4336283206939697,0.14334368705749512
YDR239C,YNL272C,0,2.5751576,0.23545114696025848,0.4336283206939697,0.14344385266304016
YCL040W,YGL155W,0,2.574304,0.23532550036907196,0.4336283206939697,0.1435440182685852
YKL135C,YML121W,1,2.5740604,0.23573333024978638,0.43461158871650696,0.1435440182685852
YDL005C,YJR073C,0,2.5740461,0.23560766875743866,0.43461158871650696,0.14364419877529144
YIL044C,YJL029C,1,2.5737631,0.23601491749286652,0.4355948865413666,0.14364419877529144
YKL139W,YGR189C,0,2.5733101,0.2358892410993576,0.4355948865413666,0.1437443643808365
YER169W,YOR191W,0,2.573136,0.23576369881629944,0.4355948865413666,0.14384452998638153
YPL117C,YKL134C,0,2.5726595,0.23563829064369202,0.4355948865413666,0.14394471049308777
YNL030W,YDL137W,0,2.5718398,0.23551303148269653,0.4355948865413666,0.1440448760986328
YAR033W,YBL057C,0,2.5714793,0.2353878915309906,0.4355948865413666,0.14414504170417786
YDR235W,YJR088C,0,2.5712986,0.2352628856897354,0.4355948865413666,0.1442452222108841
YKL025C,YGR086C,0,2.5712028,0.23513799905776978,0.4355948865413666,0.14434538781642914
YDR478W,YOL147C,0,2.5708096,0.23501326143741608,0.4355948865413666,0.14444555342197418
YNL001W,YKL059C,0,2.5704045,0.23488865792751312,0.4355948865413666,0.14454573392868042
YBR131W,YDR235W,0,2.5700812,0.23476417362689972,0.4355948865413666,0.14464589953422546
YKL160W,YHR207C,0,2.569837,0.23463982343673706,0.4355948865413666,0.1447460651397705
YMR153W,YDR510W,0,2.5697956,0.23451562225818634,0.4355948865413666,0.14484624564647675
YAR033W,YGL083W,1,2.5694928,0.23492063581943512,0.4365781843662262,0.14484624564647675
YBR131W,YPL259C,1,2.5693212,0.23532523214817047,0.4375614523887634,0.14484624564647675
YBR029C,YDR318W,0,2.5688288,0.23520085215568542,0.4375614523887634,0.1449464112520218
YGL023C,YBR097W,1,2.568327,0.23560486733913422,0.43854475021362305,0.1449464112520218
YHR107C,YDR127W,0,2.5682435,0.23548045754432678,0.43854475021362305,0.14504657685756683
YDR202C,YIR006C,1,2.56818,0.2358839064836502,0.4395280182361603,0.14504657685756683
YBR162W-A,YLR378C,0,2.5677228,0.23575949668884277,0.4395280182361603,0.14514674246311188
YMR139W,YMR283C,0,2.5676334,0.2356352061033249,0.4395280182361603,0.14524692296981812
YDR524C,YJR104C,0,2.5675094,0.23551106452941895,0.4395280182361603,0.14534708857536316
YLR200W,YEL006W,0,2.567109,0.23538704216480255,0.4395280182361603,0.1454472541809082
YNL265C,YGR261C,1,2.5668628,0.2357894778251648,0.4405113160610199,0.1454472541809082
YPL170W,YLR417W,1,2.5666158,0.23619148135185242,0.44149458408355713,0.1454472541809082
YDL145C,YPL065W,1,2.5656211,0.23659305274486542,0.44247788190841675,0.1454472541809082
YOR070C,YIL129C,0,2.5654871,0.23646873235702515,0.44247788190841675,0.14554743468761444
YGL058W,YER003C,0,2.5651665,0.23634453117847443,0.44247788190841675,0.14564760029315948
YMR183C,YDL007W,0,2.5650644,0.23622047901153564,0.44247788190841675,0.14574776589870453
YPL215W,YMR067C,0,2.5649521,0.23609653115272522,0.44247788190841675,0.14584794640541077
YLR370C,YMR237W,0,2.5649478,0.23597273230552673,0.44247788190841675,0.1459481120109558
YOR278W,YCR097W,0,2.5649145,0.2358490526676178,0.44247788190841675,0.14604827761650085
YGR142W,YDR342C,0,2.564754,0.2357255071401596,0.44247788190841675,0.1461484581232071
YKR018C,YKL055C,0,2.5638769,0.23560209572315216,0.44247788190841675,0.14624862372875214
YHR067W,YKL138C,0,2.5630696,0.23547880351543427,0.44247788190841675,0.14634878933429718
YOR080W,YBL099W,0,2.5627928,0.23535564541816711,0.44247788190841675,0.14644896984100342
YBR023C,YIL044C,1,2.5619073,0.23575535416603088,0.443461149930954,0.14644896984100342
YNL152W,YLR116W,0,2.5617175,0.23563218116760254,0.443461149930954,0.14654913544654846
YGL160W,YGR002C,0,2.56158,0.23550914227962494,0.443461149930954,0.1466493010520935
YML072C,YAL056W,0,2.5605469,0.2353862226009369,0.443461149930954,0.14674946665763855
YCR069W,YDL154W,0,2.560503,0.23526343703269958,0.443461149930954,0.1468496471643448
YJL110C,YER155C,0,2.560491,0.23514077067375183,0.443461149930954,0.14694981276988983
YBR105C,YDR292C,0,2.5582194,0.23501823842525482,0.443461149930954,0.14704997837543488
YNL213C,YJR009C,0,2.5579333,0.23489584028720856,0.443461149930954,0.1471501588821411
YCL035C,YDL126C,0,2.5565054,0.23477356135845184,0.443461149930954,0.14725032448768616
YNL047C,YGL035C,0,2.5564733,0.23465140163898468,0.443461149930954,0.1473504900932312
YNL152W,YJL110C,0,2.5555751,0.23452937602996826,0.443461149930954,0.14745067059993744
YBR023C,YLR098C,0,2.5554106,0.2344074845314026,0.443461149930954,0.14755083620548248
YGR231C,YDR097C,0,2.5552413,0.23428571224212646,0.443461149930954,0.14765100181102753
YJR134C,YIL076W,1,2.5550942,0.23468327522277832,0.4444444477558136,0.14765100181102753
YBR001C,YDR359C,0,2.5547018,0.234561488032341,0.4444444477558136,0.14775118231773376
YMR214W,YOR241W,0,2.5540829,0.23443983495235443,0.4444444477558136,0.1478513479232788
YOL017W,YGR163W,0,2.55399,0.2343183010816574,0.4444444477558136,0.14795151352882385
YKL018W,YCL039W,0,2.553987,0.23419688642024994,0.4444444477558136,0.1480516940355301
YBR022W,YNL135C,0,2.5533588,0.2340756058692932,0.4444444477558136,0.14815185964107513
YDR368W,YGR026W,0,2.5533452,0.23395444452762604,0.4444444477558136,0.14825202524662018
YNL257C,YDR516C,0,2.5522718,0.2338334172964096,0.4444444477558136,0.14835220575332642
YFL034C-B,YMR104C,0,2.5516596,0.23371250927448273,0.4444444477558136,0.14845237135887146
YMR121C,YOR208W,0,2.550915,0.2335917353630066,0.4444444477558136,0.1485525369644165
YPR183W,YDR235W,0,2.550637,0.23347108066082,0.4444444477558136,0.14865270256996155
YOL117W,YDL155W,0,2.550477,0.23335054516792297,0.4444444477558136,0.14875288307666779
YIL106W,YGL141W,0,2.550277,0.2332301288843155,0.4444444477558136,0.14885304868221283
YOR193W,YOL119C,0,2.549732,0.23310984671115875,0.4444444477558136,0.14895321428775787
YJL080C,YMR044W,0,2.5493608,0.23298968374729156,0.4444444477558136,0.1490533947944641
YGR142W,YLR025W,1,2.5489166,0.2333848476409912,0.44542771577835083,0.1490533947944641
YER053C,YDR065W,0,2.5487075,0.23326466977596283,0.44542771577835083,0.14915356040000916
YJL044C,YDR484W,1,2.5485182,0.2336592823266983,0.44641101360321045,0.14915356040000916
YMR287C,YPR148C,0,2.5482872,0.23353908956050873,0.44641101360321045,0.1492537260055542
YCR024C,YGL085W,0,2.5482626,0.2334190160036087,0.44641101360321045,0.14935390651226044
YDR394W,YJR099W,0,2.5479338,0.23329907655715942,0.44641101360321045,0.14945407211780548
YDR377W,YGL150C,0,2.546789,0.2331792563199997,0.44641101360321045,0.14955423772335052
YHR098C,YDL189W,0,2.5466208,0.23305955529212952,0.44641101360321045,0.14965441823005676
YNL006W,YAR002C-A,1,2.5464365,0.23345305025577545,0.44739431142807007,0.14965441823005676
YOR327C,YJR102C,1,2.5464246,0.23384615778923035,0.4483775794506073,0.14965441823005676
YHR016C,YIL044C,0,2.5457299,0.23372629284858704,0.4483775794506073,0.1497545838356018
YKL163W,YOR197W,0,2.545518,0.23360656201839447,0.4483775794506073,0.14985474944114685
YCL045C,YJL156C,0,2.5454493,0.23348695039749146,0.4483775794506073,0.1499549299478531
YDR270W,YMR237W,1,2.5450149,0.2338792234659195,0.4493608772754669,0.1499549299478531
YNL006W,YOL018C,1,2.544964,0.2342710942029953,0.45034414529800415,0.1499549299478531
YMR298W,YOR158W,0,2.5447779,0.23415133357048035,0.45034414529800415,0.15005509555339813
YJR134C,YER039C,1,2.5442152,0.23454266786575317,0.45132744312286377,0.15005509555339813
YDR122W,YPR003C,0,2.544125,0.23442287743091583,0.45132744312286377,0.15015526115894318
YDR012W,YNL326C,0,2.5440707,0.23430322110652924,0.45132744312286377,0.15025544166564941
YCR067C,YAR003W,0,2.5433495,0.234183669090271,0.45132744312286377,0.15035560727119446
YIL065C,YDR113C,0,2.542696,0.2340642511844635,0.45132744312286377,0.1504557728767395
YNL005C,YGR041W,0,2.5425973,0.23394495248794556,0.45132744312286377,0.15055593848228455
YJR098C,YIR033W,0,2.5424955,0.23382577300071716,0.45132744312286377,0.15065611898899078
YDL137W,YOR067C,0,2.5423064,0.23370672762393951,0.45132744312286377,0.15075628459453583
YHR016C,YEL058W,0,2.5419602,0.23358778655529022,0.45132744312286377,0.15085645020008087
YIR003W,YNL224C,0,2.5412014,0.23346897959709167,0.45132744312286377,0.1509566307067871
YFL026W,YBR234C,0,2.5410452,0.23335027694702148,0.45132744312286377,0.15105679631233215
YJR060W,YHR158C,0,2.5407963,0.23323170840740204,0.45132744312286377,0.1511569619178772
YAL001C,YPR025C,0,2.5401187,0.23311325907707214,0.45132744312286377,0.15125714242458344
YBR193C,YNL177C,0,2.5399642,0.2329949289560318,0.45132744312286377,0.15135730803012848
YPR156C,YOR322C,0,2.5399106,0.232876718044281,0.45132744312286377,0.15145747363567352
YDR202C,YCL008C,1,2.5393193,0.2332657128572464,0.452310711145401,0.15145747363567352
YLR080W,YAL002W,1,2.5392826,0.23365433514118195,0.4532940089702606,0.15145747363567352
YPL175W,YGL192W,0,2.538958,0.23353596031665802,0.4532940089702606,0.15155765414237976
YGR198W,YJR066W,1,2.538941,0.2339240461587906,0.45427727699279785,0.15155765414237976
YCR036W,YDR071C,0,2.537693,0.23380567133426666,0.45427727699279785,0.1516578197479248
YEL005C,YJL204C,1,2.5375462,0.23419322073459625,0.45526057481765747,0.1516578197479248
YGL208W,YFL062W,0,2.5373592,0.23407481610774994,0.45526057481765747,0.15175798535346985
YHR012W,YJR044C,1,2.5370054,0.23446184396743774,0.4562438428401947,0.15175798535346985
YFR037C,YOR115C,0,2.5358572,0.23434343934059143,0.4562438428401947,0.1518581658601761
YHR027C,YDR338C,0,2.5357306,0.23422513902187347,0.4562438428401947,0.15195833146572113
YDR051C,YLR155C,0,2.5350227,0.23410695791244507,0.4562438428401947,0.15205849707126617
YPL179W,YOR080W,0,2.5333505,0.2339889109134674,0.4562438428401947,0.15215866267681122
YNL115C,YGR207C,0,2.5328786,0.2338709682226181,0.4562438428401947,0.15225884318351746
YGR071C,YPR068C,0,2.5318916,0.23375314474105835,0.4562438428401947,0.1523590087890625
YBR045C,YKL011C,0,2.5316794,0.23363545536994934,0.4562438428401947,0.15245917439460754
YJL099W,YDL149W,1,2.5314975,0.2340211421251297,0.4572271406650543,0.15245917439460754
YMR068W,YLR292C,0,2.5312066,0.2339034229516983,0.4572271406650543,0.15255935490131378
YOR358W,YMR235C,0,2.5311978,0.23378582298755646,0.4572271406650543,0.15265952050685883
YHL019C,YLR181C,1,2.5310485,0.2341708540916443,0.45821040868759155,0.15265952050685883
YNL167C,YDR381W,0,2.5295265,0.23405323922634125,0.45821040868759155,0.15275968611240387
YGR057C,YDR443C,0,2.5291743,0.23393574357032776,0.45821040868759155,0.1528598666191101
YBR123C,YOR320C,0,2.5288453,0.23381836712360382,0.45821040868759155,0.15296003222465515
YML019W,YOR322C,0,2.52858,0.23370110988616943,0.45821040868759155,0.1530601978302002
YKR020W,YGR223C,1,2.526854,0.23408521711826324,0.45919370651245117,0.1530601978302002
YMR021C,YGR278W,0,2.5267744,0.23396793007850647,0.45919370651245117,0.15316037833690643
YJL044C,YDL113C,1,2.5266109,0.2343515306711197,0.4601770043373108,0.15316037833690643
YKR027W,YJL099W,1,2.5264554,0.23473472893238068,0.461160272359848,0.15316037833690643
YFR025C,YMR225C,0,2.5264263,0.23461730778217316,0.461160272359848,0.15326054394245148
YDR294C,YOR367W,0,2.5255508,0.2345000058412552,0.461160272359848,0.15336070954799652
YKR027W,YDR170C,1,2.525204,0.23488256335258484,0.46214357018470764,0.15336070954799652
YPL088W,YGL184C,0,2.5251637,0.23476523160934448,0.46214357018470764,0.15346089005470276
YKR027W,YLR181C,1,2.5241818,0.23514728248119354,0.4631268382072449,0.15346089005470276
YDL192W,YPL246C,1,2.5239043,0.23552894592285156,0.4641101360321045,0.15346089005470276
YPR178W,YLR423C,0,2.5238838,0.23541146516799927,0.4641101360321045,0.1535610556602478
YNR039C,YNL003C,0,2.5238113,0.23529411852359772,0.4641101360321045,0.15366122126579285
YGR184C,YIL053W,0,2.5232406,0.23517687618732452,0.4641101360321045,0.15376140177249908
YDL226C,YML067C,1,2.522505,0.23555776476860046,0.4650934040546417,0.15376140177249908
YLR260W,YFL018C,0,2.5219831,0.23544052243232727,0.4650934040546417,0.15386156737804413
YMR189W,YML012W,0,2.521873,0.23532338440418243,0.4650934040546417,0.15396173298358917
YBL051C,YGL025C,0,2.5216546,0.23520636558532715,0.4650934040546417,0.15406189858913422
YPR108W,YDR510W,0,2.521609,0.2350894659757614,0.4650934040546417,0.15416207909584045
YOR321W,YNR045W,0,2.5213737,0.23497267067432404,0.4650934040546417,0.1542622447013855
YDR092W,YEL060C,0,2.5209656,0.2348560094833374,0.4650934040546417,0.15436241030693054
YEL058W,YNL083W,0,2.5208025,0.23473945260047913,0.4650934040546417,0.15446259081363678
YNL247W,YLR460C,0,2.5200777,0.2346230149269104,0.4650934040546417,0.15456275641918182
YGR026W,YDR001C,0,2.5195994,0.23450669646263123,0.4650934040546417,0.15466292202472687
YBR023C,YPR037C,0,2.5188346,0.2343904823064804,0.4650934040546417,0.1547631025314331
YMR236W,YEL064C,0,2.5187492,0.23427438735961914,0.4650934040546417,0.15486326813697815
YLR006C,YDR486C,0,2.518582,0.23415841162204742,0.4650934040546417,0.1549634337425232
YGL038C,YIL157C,0,2.5179443,0.23404255509376526,0.4650934040546417,0.15506361424922943
YDR311W,YGL013C,0,2.51794,0.23392680287361145,0.4650934040546417,0.15516377985477448
YDR320C,YJL042W,0,2.5175595,0.2338111698627472,0.4650934040546417,0.15526394546031952
YJL207C,YKR003W,0,2.517302,0.23369565606117249,0.4650934040546417,0.15536412596702576
YJL216C,YOR173W,0,2.5171084,0.23358024656772614,0.4650934040546417,0.1554642915725708
YBR215W,YIL129C,0,2.516765,0.23346495628356934,0.4650934040546417,0.15556445717811584
YHR149C,YPL236C,0,2.5156832,0.2333497852087021,0.4650934040546417,0.1556646227836609
YML011C,YDR440W,0,2.5132241,0.2332347184419632,0.4650934040546417,0.15576480329036713
YPR037C,YIL155C,0,2.513194,0.23311975598335266,0.4650934040546417,0.15586496889591217
YJL089W,YBR112C,0,2.512669,0.23300492763519287,0.4650934040546417,0.15596513450145721
YOL130W,YBR112C,0,2.512391,0.23289020359516144,0.4650934040546417,0.15606531500816345
YML024W,YBR289W,0,2.5123906,0.23277558386325836,0.4650934040546417,0.1561654806137085
YDL195W,YGL210W,1,2.5105808,0.23315297067165375,0.46607670187950134,0.1561654806137085
YAL014C,YDR108W,0,2.510456,0.23303835093975067,0.46607670187950134,0.15626564621925354
YER122C,YGL079W,1,2.5097783,0.23341523110866547,0.4670599699020386,0.15626564621925354
YOR132W,YKL002W,1,2.509457,0.2337917536497116,0.4680432677268982,0.15626564621925354
YGR029W,YEL060C,0,2.5086384,0.2336769700050354,0.4680432677268982,0.15636582672595978
YFL047W,YOL147C,0,2.508617,0.23356232047080994,0.4680432677268982,0.15646599233150482
YAR015W,YML067C,0,2.5070558,0.23344777524471283,0.4680432677268982,0.15656615793704987
YJL044C,YKR027W,1,2.5070205,0.2338235229253769,0.4690265357494354,0.15656615793704987
YGL099W,YDR284C,0,2.5065174,0.2337089627981186,0.4690265357494354,0.1566663384437561
YAL058W,YPL095C,0,2.5064406,0.23359452188014984,0.4690265357494354,0.15676650404930115
YDR031W,YLR373C,0,2.505804,0.23348017036914825,0.4690265357494354,0.1568666696548462
YGL206C,YHR098C,1,2.505323,0.23385518789291382,0.47000983357429504,0.1568666696548462
YBL056W,YAL048C,0,2.5051866,0.23374083638191223,0.47000983357429504,0.15696685016155243
YNL049C,YAL026C,0,2.504722,0.233626589179039,0.47000983357429504,0.15706701576709747
YAL007C,YMR054W,1,2.5045638,0.23400098085403442,0.47099313139915466,0.15706701576709747
YDR517W,YJL099W,1,2.5045214,0.234375,0.4719763994216919,0.15706701576709747
YLL028W,YFL056C,0,2.504086,0.23426061868667603,0.4719763994216919,0.15716718137264252
YDR268W,YDL137W,0,2.5038087,0.2341463416814804,0.4719763994216919,0.15726736187934875
YNL083W,YHR191C,0,2.503051,0.23403218388557434,0.4719763994216919,0.1573675274848938
YGL054C,YOR151C,0,2.5024767,0.23391813039779663,0.4719763994216919,0.15746769309043884
YOR069W,YJL207C,1,2.5011811,0.23429128527641296,0.4729596972465515,0.15746769309043884
YGL073W,YOR330C,0,2.5010154,0.23417721688747406,0.4729596972465515,0.1575678586959839
YOR182C,YPL020C,0,2.5009723,0.2340632677078247,0.4729596972465515,0.15766803920269012
YLR148W,YML067C,1,2.5008402,0.2344357967376709,0.47394296526908875,0.15766803920269012
YDR160W,YMR063W,0,2.500761,0.23432183265686035,0.47394296526908875,0.15776820480823517
YBR167C,YKL137W,0,2.5005052,0.23420797288417816,0.47394296526908875,0.1578683704137802
YML021C,YDR437W,0,2.5002127,0.23409421741962433,0.47394296526908875,0.15796855092048645
YDL020C,YLR155C,0,2.4998312,0.23398058116436005,0.47394296526908875,0.1580687165260315
YER012W,YKR061W,0,2.4997463,0.23386704921722412,0.47394296526908875,0.15816888213157654
YBR201W,YOR332W,0,2.4995694,0.23375363647937775,0.47394296526908875,0.15826906263828278
YPR048W,YKL196C,0,2.4988742,0.23364032804965973,0.47394296526908875,0.15836922824382782
YDR129C,YDR434W,0,2.4986877,0.23352713882923126,0.47394296526908875,0.15846939384937286
YNL097C,YOL140W,0,2.4986587,0.23341403901576996,0.47394296526908875,0.1585695743560791
YCL044C,YPL148C,0,2.4985073,0.2333010584115982,0.47394296526908875,0.15866973996162415
YGR172C,YOR079C,0,2.4984698,0.233188197016716,0.47394296526908875,0.1587699055671692
YPL120W,YDR037W,0,2.4977036,0.23307543992996216,0.47394296526908875,0.15887008607387543
YCR005C,YER033C,0,2.4970121,0.23296278715133667,0.47394296526908875,0.15897025167942047
YDR541C,YLR077W,0,2.4964676,0.23285023868083954,0.47394296526908875,0.15907041728496552
YPL066W,YMR026C,0,2.4957519,0.23273780941963196,0.47394296526908875,0.15917058289051056
YPR178W,YJL003W,0,2.4953213,0.23262548446655273,0.47394296526908875,0.1592707633972168
YPL120W,YCR005C,0,2.495109,0.23251326382160187,0.47394296526908875,0.15937092900276184
YHR017W,YJR135C,0,2.4949841,0.23240116238594055,0.47394296526908875,0.15947109460830688
YGL185C,YGR106C,0,2.4947972,0.2322891503572464,0.47394296526908875,0.15957127511501312
YJL074C,YPR134W,0,2.4935162,0.2321772575378418,0.47394296526908875,0.15967144072055817
YDL149W,YLR170C,1,2.492654,0.23254694044589996,0.47492626309394836,0.15967144072055817
YBL090W,YJR052W,0,2.492073,0.23243503272533417,0.47492626309394836,0.1597716063261032
YPL100W,YPL195W,1,2.4914176,0.23280423879623413,0.4759095311164856,0.1597716063261032
YPL072W,YBR133C,0,2.49139,0.23269230127334595,0.4759095311164856,0.15987178683280945
YBR221C,YFR006W,0,2.4913888,0.23258048295974731,0.4759095311164856,0.1599719524383545
YER086W,YAL056W,0,2.4912543,0.23246878385543823,0.4759095311164856,0.16007211804389954
YKL033W,YER094C,0,2.4909184,0.2323571741580963,0.4759095311164856,0.16017229855060577
YGL207W,YOR026W,0,2.49085,0.23224568367004395,0.4759095311164856,0.16027246415615082
YLL015W,YEL064C,0,2.4906812,0.23213429749011993,0.4759095311164856,0.16037262976169586
YHL021C,YPR057W,0,2.4902387,0.23202301561832428,0.4759095311164856,0.1604728102684021
YKR087C,YNL099C,0,2.4899378,0.23191183805465698,0.4759095311164856,0.16057297587394714
YPL085W,YKL065C,0,2.489864,0.23180076479911804,0.4759095311164856,0.1606731414794922
YPL178W,YGR062C,0,2.4894524,0.23168981075286865,0.4759095311164856,0.16077332198619843
YLR027C,YDR176W,0,2.4891658,0.23157894611358643,0.4759095311164856,0.16087348759174347
YDR511W,YDR481C,0,2.488989,0.23146820068359375,0.4759095311164856,0.1609736531972885
YGR254W,YJR058C,0,2.4888916,0.23135755956172943,0.4759095311164856,0.16107381880283356
YJL160C,YOR189W,0,2.4887226,0.23124700784683228,0.4759095311164856,0.1611739993095398
YBR109C,YCR097W,0,2.488072,0.23113657534122467,0.4759095311164856,0.16127416491508484
YBL064C,YDR128W,0,2.4880211,0.23102624714374542,0.4759095311164856,0.16137433052062988
YOR016C,YCR071C,0,2.487894,0.23091602325439453,0.4759095311164856,0.16147451102733612
YNL031C,YDR506C,0,2.4878054,0.2308059185743332,0.4759095311164856,0.16157467663288116
YHL003C,YIL099W,0,2.4873524,0.230695903301239,0.4759095311164856,0.1616748422384262
YGL223C,YNR056C,0,2.4872487,0.2305859923362732,0.4759095311164856,0.16177502274513245
YKL149C,YJL167W,0,2.4871397,0.23047618567943573,0.4759095311164856,0.1618751883506775
YDR480W,YPL046C,0,2.4870622,0.23036649823188782,0.4759095311164856,0.16197535395622253
YNL209W,YNL264C,0,2.486782,0.23025690019130707,0.4759095311164856,0.16207553446292877
YGR240C,YKL138C,0,2.4866912,0.23014740645885468,0.4759095311164856,0.16217570006847382
YGR005C,YBR133C,0,2.4849222,0.23003801703453064,0.4759095311164856,0.16227586567401886
YLR208W,YDR468C,1,2.4846067,0.23040379583835602,0.4768928289413452,0.16227586567401886
YPR156C,YOR321W,0,2.4842417,0.2302943915128708,0.4768928289413452,0.1623760461807251
YDL100C,YDR338C,0,2.483623,0.23018509149551392,0.4768928289413452,0.16247621178627014
YPR165W,YBR112C,0,2.4801764,0.2300758957862854,0.4768928289413452,0.16257637739181519
YDL134C,YGR188C,0,2.4799755,0.22996680438518524,0.4768928289413452,0.16267654299736023
YDR276C,YKL077W,0,2.479694,0.22985781729221344,0.4768928289413452,0.16277672350406647
YNL054W,YGR037C,0,2.4792786,0.22974893450737,0.4768928289413452,0.1628768891096115
YBR227C,YML013W,0,2.4786596,0.2296401560306549,0.4768928289413452,0.16297705471515656
YJL127C,YJL052W,0,2.4784112,0.22953146696090698,0.4768928289413452,0.1630772352218628
YML058W,YNL159C,0,2.4779892,0.2294228971004486,0.4768928289413452,0.16317740082740784
YIL084C,YAL023C,0,2.4777703,0.2293144166469574,0.4768928289413452,0.16327756643295288
YHR044C,YBR244W,0,2.4774356,0.22920605540275574,0.4768928289413452,0.16337774693965912
YOR361C,YGL022W,0,2.477384,0.22909778356552124,0.4768928289413452,0.16347791254520416
YPL015C,YJL091C,0,2.4770339,0.2289896160364151,0.4768928289413452,0.1635780781507492
YMR091C,YPL194W,0,2.4764407,0.22888155281543732,0.4768928289413452,0.16367825865745544
YDR334W,YBR008C,0,2.4761786,0.2287735790014267,0.4768928289413452,0.1637784242630005
YOR368W,YGR204W,0,2.475622,0.22866572439670563,0.4768928289413452,0.16387858986854553
YOL088C,YBR248C,0,2.4755945,0.22855795919895172,0.4768928289413452,0.16397877037525177
YMR037C,YER039C,0,2.4755785,0.22845031321048737,0.4768928289413452,0.16407893598079681
YOR374W,YHR201C,0,2.4753778,0.22834275662899017,0.4768928289413452,0.16417910158634186
YMR070W,YMR052W,0,2.4748545,0.22823528945446014,0.4768928289413452,0.1642792820930481
YNL213C,YNL243W,0,2.4744642,0.22812794148921967,0.4768928289413452,0.16437944769859314
YBR279W,YOR070C,0,2.4742258,0.22802068293094635,0.4768928289413452,0.16447961330413818
YDL193W,YGL227W,0,2.4738436,0.2279135286808014,0.4768928289413452,0.16457977890968323
YBR201W,YIL062C,0,2.4736643,0.2278064787387848,0.4768928289413452,0.16467995941638947
YNL167C,YPL160W,0,2.4736407,0.22769953310489655,0.4768928289413452,0.1647801250219345
YOR076C,YKL088W,0,2.4734094,0.22759267687797546,0.4768928289413452,0.16488029062747955
YPR140W,YML029W,0,2.473406,0.22748592495918274,0.4768928289413452,0.1649804711341858
YPL161C,YBR221C,0,2.4733946,0.22737927734851837,0.4768928289413452,0.16508063673973083
YGL229C,YCR027C,0,2.472458,0.22727273404598236,0.4768928289413452,0.16518080234527588
YBR102C,YCR094W,1,2.4719238,0.22763465344905853,0.47787609696388245,0.16518080234527588
YKR085C,YDL134C,0,2.471237,0.22752809524536133,0.47787609696388245,0.16528098285198212
YDL008W,YNL037C,0,2.4709496,0.2274216264486313,0.47787609696388245,0.16538114845752716
YDR468C,YBL066C,0,2.4708493,0.2273152470588684,0.47787609696388245,0.1654813140630722
YKL101W,YHR165C,0,2.4705977,0.2272089719772339,0.47787609696388245,0.16558149456977844
YCR102C,YOR236W,0,2.4704757,0.22710280120372772,0.47787609696388245,0.1656816601753235
YER164W,YOR265W,0,2.470388,0.22699673473834991,0.47787609696388245,0.16578182578086853
YHR161C,YNL268W,0,2.4693117,0.22689075767993927,0.47787609696388245,0.16588200628757477
YGL167C,YGR076C,0,2.468944,0.22678488492965698,0.47787609696388245,0.1659821718931198
YNL321W,YPL228W,0,2.4688623,0.22667910158634186,0.47787609696388245,0.16608233749866486
YHL019C,YIL109C,1,2.4676104,0.2270396202802658,0.47885939478874207,0.16608233749866486
YHR107C,YIL056W,0,2.4670923,0.22693383693695068,0.47885939478874207,0.1661825031042099
YPR032W,YGL141W,0,2.4670644,0.22682812809944153,0.47885939478874207,0.16628268361091614
YJR098C,YDR214W,0,2.4667659,0.22672253847122192,0.47885939478874207,0.16638284921646118
YDR162C,YGR098C,0,2.4665194,0.22661703824996948,0.47885939478874207,0.16648301482200623
YHL017W,YLR360W,1,2.4664207,0.22697673738002777,0.4798426628112793,0.16648301482200623
YNL240C,YKL077W,0,2.466166,0.22687122225761414,0.4798426628112793,0.16658319532871246
YMR021C,YDR424C,0,2.46561,0.22676579654216766,0.4798426628112793,0.1666833609342575
YPL246C,YDR170C,1,2.4654796,0.22712494432926178,0.4808259606361389,0.1666833609342575
YGL038C,YBR213W,0,2.464625,0.2270195037126541,0.4808259606361389,0.16678352653980255
YDL192W,YHR181W,1,2.4644485,0.22737818956375122,0.48180922865867615,0.16678352653980255
YDR294C,YDR500C,0,2.4629464,0.22727273404598236,0.48180922865867615,0.1668837070465088
YCL001W,YPL195W,1,2.462286,0.22763097286224365,0.48279252648353577,0.1668837070465088
YGR163W,YJL204C,1,2.4620137,0.22798888385295868,0.4837758243083954,0.1668837070465088
YOR193W,YBR244W,0,2.4618506,0.22788327932357788,0.4837758243083954,0.16698387265205383
YDL235C,YBR041W,0,2.461827,0.22777777910232544,0.4837758243083954,0.16708403825759888
YMR287C,YAL042W,0,2.46151,0.22767236828804016,0.4837758243083954,0.16718421876430511
YGL048C,YAL042W,0,2.4608724,0.22756706178188324,0.4837758243083954,0.16728438436985016
YJR102C,YCR094W,1,2.4605033,0.227924183011055,0.4847590923309326,0.16728438436985016
YPR183W,YBL023C,0,2.4598079,0.22781884670257568,0.4847590923309326,0.1673845499753952
YLR403W,YOR017W,0,2.4591732,0.22771362960338593,0.4847590923309326,0.16748473048210144
YJR022W,YDR235W,0,2.4587817,0.22760850191116333,0.4847590923309326,0.16758489608764648
YDR484W,YJR005W,1,2.4580836,0.22796492278575897,0.48574239015579224,0.16758489608764648
YPL137C,YDL058W,0,2.457637,0.22785978019237518,0.48574239015579224,0.16768506169319153
YPL045W,YPR181C,1,2.4568655,0.2282157689332962,0.48672565817832947,0.16768506169319153
YCL001W,YDR264C,1,2.4565501,0.22857142984867096,0.4877089560031891,0.16768506169319153
YKL060C,YAR014C,0,2.456463,0.22846613824367523,0.4877089560031891,0.16778524219989777
YER075C,YGL198W,0,2.456377,0.22836095094680786,0.4877089560031891,0.1678854078054428
YBR268W,YDL100C,0,2.4559479,0.22825586795806885,0.4877089560031891,0.16798557341098785
YOR362C,YIL040W,0,2.4557347,0.228150874376297,0.4877089560031891,0.1680857390165329
YIR009W,YHR094C,0,2.4556487,0.2280459702014923,0.4877089560031891,0.16818591952323914
YNR055C,YDR316W,0,2.4556382,0.22794117033481598,0.4877089560031891,0.16828608512878418
YOR037W,YIL063C,0,2.4553704,0.227836474776268,0.4877089560031891,0.16838625073432922
YBR176W,YOL126C,0,2.4549599,0.2277318686246872,0.4877089560031891,0.16848643124103546
YIL118W,YBL091C,0,2.4548674,0.22762735188007355,0.4877089560031891,0.1685865968465805
YMR298W,YDR097C,0,2.4543958,0.22752293944358826,0.4877089560031891,0.16868676245212555
YDR261C,YDL155W,0,2.454165,0.22741861641407013,0.4877089560031891,0.1687869429588318
YGR223C,YGL047W,0,2.453733,0.22731439769268036,0.4877089560031891,0.16888710856437683
YDR394W,YCL020W,0,2.453648,0.22721026837825775,0.4877089560031891,0.16898727416992188
YGR203W,YJL154C,0,2.4517841,0.2271062284708023,0.4877089560031891,0.1690874546766281
YER155C,YPR166C,0,2.4517121,0.22700229287147522,0.4877089560031891,0.16918762028217316
YJL173C,YML106W,0,2.4513078,0.2268984466791153,0.4877089560031891,0.1692877858877182
YLL042C,YJR091C,0,2.4503002,0.22679468989372253,0.4877089560031891,0.16938796639442444
YDR468C,YAR014C,0,2.4502017,0.22669103741645813,0.4877089560031891,0.16948813199996948
YPL190C,YBL005W,0,2.449973,0.22658748924732208,0.4877089560031891,0.16958829760551453
YBR297W,YDL066W,0,2.4498796,0.226484015583992,0.4877089560031891,0.16968846321105957
YGR007W,YGL104C,0,2.449253,0.22638064622879028,0.4877089560031891,0.1697886437177658
YIL065C,YOL013C,0,2.4481215,0.22627736628055573,0.4877089560031891,0.16988880932331085
YIL065C,YOR231W,0,2.4480658,0.22617419064044952,0.4877089560031891,0.1699889749288559
YDR202C,YAR002C-A,1,2.447564,0.2265268862247467,0.4886922240257263,0.1699889749288559
YOR033C,YIL033C,0,2.4472651,0.2264236956834793,0.4886922240257263,0.17008915543556213
YIL117C,YNL103W,0,2.4465818,0.22632057964801788,0.4886922240257263,0.17018932104110718
YML062C,YKR050W,0,2.4461665,0.22621756792068481,0.4886922240257263,0.17028948664665222
YJR099W,YJR125C,0,2.4455948,0.2261146456003189,0.4886922240257263,0.17038966715335846
YHR003C,YGR161C,0,2.4452186,0.22601182758808136,0.4886922240257263,0.1704898327589035
YEL005C,YPL084W,1,2.4451663,0.2263636291027069,0.48967552185058594,0.1704898327589035
YML016C,YJL143W,0,2.4451597,0.22626079618930817,0.48967552185058594,0.17058999836444855
YML129C,YLR352W,0,2.4450097,0.2261580377817154,0.48967552185058594,0.17069017887115479
YIL009W,YBL069W,0,2.444963,0.22605538368225098,0.48967552185058594,0.17079034447669983
YHL019C,YJR102C,1,2.4446995,0.226406529545784,0.49065878987312317,0.17079034447669983
YMR077C,YAL042W,1,2.4441862,0.22675736248493195,0.4916420876979828,0.17079034447669983
YFR014C,YMR167W,0,2.4440916,0.22665457427501678,0.4916420876979828,0.17089051008224487
YOR242C,YDL052C,0,2.4438922,0.2265518754720688,0.4916420876979828,0.1709906905889511
YLR128W,YGR075C,0,2.4437723,0.22644928097724915,0.4916420876979828,0.17109085619449615
YFR021W,YJL207C,1,2.443397,0.22679945826530457,0.49262535572052,0.17109085619449615
YBR070C,YEL039C,0,2.4429746,0.22669683396816254,0.49262535572052,0.1711910218000412
YOL017W,YLR200W,0,2.4429429,0.22659429907798767,0.49262535572052,0.17129120230674744
YDR243C,YOL013C,0,2.442276,0.22649186849594116,0.49262535572052,0.17139136791229248
YDR379W,YJL186W,0,2.4422748,0.22638951241970062,0.49262535572052,0.17149153351783752
YPL045W,YJR125C,1,2.4421494,0.22673892974853516,0.49360865354537964,0.17149153351783752
YML064C,YCR003W,0,2.4420986,0.22663657367229462,0.49360865354537964,0.17159169912338257
YDR471W,YLR342W,0,2.4420004,0.22653429210186005,0.49360865354537964,0.1716918796300888
YIR015W,YBR035C,0,2.441831,0.22643211483955383,0.49360865354537964,0.17179204523563385
YMR291W,YKL146W,0,2.4411373,0.22633002698421478,0.49360865354537964,0.1718922108411789
YCR102C,YKR046C,0,2.4407415,0.2262280285358429,0.49360865354537964,0.17199239134788513
YER110C,YPL246C,0,2.439788,0.22612611949443817,0.49360865354537964,0.17209255695343018
YDR343C,YPL170W,0,2.439641,0.2260243147611618,0.49360865354537964,0.17219272255897522
YLR265C,YKR067W,0,2.4392452,0.2259225994348526,0.49360865354537964,0.17229290306568146
YDR078C,YER075C,0,2.4391947,0.22582095861434937,0.49360865354537964,0.1723930686712265
YGL003C,YIL050W,0,2.4387515,0.2257194221019745,0.49360865354537964,0.17249323427677155
YIL050W,YGL150C,0,2.4381044,0.22561797499656677,0.49360865354537964,0.17259341478347778
YOR150W,YLR362W,0,2.4379587,0.22551661729812622,0.49360865354537964,0.17269358038902283
YHR105W,YML121W,1,2.437732,0.22586439549922943,0.49459195137023926,0.17269358038902283
YGL065C,YML023C,0,2.4369822,0.22576302289962769,0.49459195137023926,0.17279374599456787
YLR260W,YOL103W,0,2.4369278,0.2256617248058319,0.49459195137023926,0.1728939265012741
YER056C-A,YHL017W,0,2.4369013,0.2255605310201645,0.49459195137023926,0.17299409210681915
YNR026C,YBR048W,0,2.436623,0.22545944154262543,0.49459195137023926,0.1730942577123642
YER099C,YDR400W,0,2.4363708,0.22535842657089233,0.49459195137023926,0.17319442331790924
YDR204W,YIL036W,0,2.4351,0.2252575010061264,0.49459195137023926,0.17329460382461548
YNL031C,YDR099W,0,2.4345474,0.22515666484832764,0.49459195137023926,0.17339476943016052
YOR018W,YNL164C,0,2.434525,0.22505593299865723,0.49459195137023926,0.17349493503570557
YJL076W,YNR052C,0,2.4344056,0.22495527565479279,0.49459195137023926,0.1735951155424118
YGR096W,YMR261C,0,2.4344041,0.2248547226190567,0.49459195137023926,0.17369528114795685
YDL132W,YMR263W,0,2.4343567,0.2247542440891266,0.49459195137023926,0.1737954467535019
YEL044W,YNL206C,0,2.434133,0.22465386986732483,0.49459195137023926,0.17389562726020813
YLL006W,YLR423C,0,2.433756,0.22455357015132904,0.49459195137023926,0.17399579286575317
YER174C,YIL138C,0,2.4335203,0.2244533747434616,0.49459195137023926,0.17409595847129822
YER093C,YOR269W,0,2.4330463,0.22435325384140015,0.49459195137023926,0.17419613897800446
YMR264W,YBR244W,0,2.4327364,0.22425323724746704,0.49459195137023926,0.1742963045835495
YLL010C,YHL038C,0,2.4326792,0.2241532951593399,0.49459195137023926,0.17439647018909454
YPR183W,YAL009W,0,2.4324474,0.22405345737934113,0.49459195137023926,0.17449665069580078
YDR468C,YGL210W,1,2.4323745,0.2243989259004593,0.4955752193927765,0.17449665069580078
YDL109C,YAL023C,0,2.4323165,0.22429905831813812,0.4955752193927765,0.17459681630134583
YLR337C,YKR052C,0,2.4323053,0.2241992950439453,0.4955752193927765,0.17469698190689087
YMR312W,YOR019W,0,2.4321587,0.22409960627555847,0.4955752193927765,0.1747971624135971
YNL151C,YBR008C,0,2.4315372,0.2240000069141388,0.4955752193927765,0.17489732801914215
YMR237W,YMR071C,1,2.4313931,0.22434473037719727,0.4965585172176361,0.17489732801914215
YDR362C,YHR140W,0,2.430694,0.2242451161146164,0.4965585172176361,0.1749974936246872
YAL030W,YKL061W,1,2.4306474,0.22458943724632263,0.49754178524017334,0.1749974936246872
YJL137C,YJR027W,0,2.4300365,0.22448979318141937,0.49754178524017334,0.17509765923023224
YIL004C,YJR125C,1,2.4300323,0.22483369708061218,0.49852508306503296,0.17509765923023224
YHR103W,YBL045C,0,2.4293237,0.22473403811454773,0.49852508306503296,0.17519783973693848
YGR247W,YDR517W,1,2.4292974,0.2250775396823883,0.4995083510875702,0.17519783973693848
YPL031C,YNL268W,0,2.4292212,0.22497785091400146,0.4995083510875702,0.17529800534248352
YKL124W,YKL039W,1,2.429197,0.2253209352493286,0.5004916191101074,0.17529800534248352
YOR018W,YKL087C,0,2.4290977,0.22522123157978058,0.5004916191101074,0.17539817094802856
YOL149W,YIL109C,0,2.4289813,0.2251216322183609,0.5004916191101074,0.1754983514547348
YDR407C,YIR015W,0,2.4289393,0.2250221073627472,0.5004916191101074,0.17559851706027985
YER089C,YDL003W,0,2.4289153,0.22492267191410065,0.5004916191101074,0.1756986826658249
YNR008W,YBR211C,0,2.428752,0.22482332587242126,0.5004916191101074,0.17579886317253113
YML041C,YNL023C,0,2.4283495,0.22472406923770905,0.5004916191101074,0.17589902877807617
YOR034C,YER031C,0,2.428029,0.2246248871088028,0.5004916191101074,0.17599919438362122
YHR026W,YBR015C,0,2.4279115,0.2245258092880249,0.5004916191101074,0.17609937489032745
YER184C,YER003C,0,2.4278748,0.22442680597305298,0.5004916191101074,0.1761995404958725
YJR046W,YBL101C,0,2.4269876,0.22432789206504822,0.5004916191101074,0.17629970610141754
YOL129W,YJL036W,1,2.4263842,0.22466960549354553,0.501474916934967,0.17629970610141754
YDR386W,YBR228W,0,2.4263387,0.22457067668437958,0.501474916934967,0.17639988660812378
YJL001W,YHR184W,0,2.426198,0.2244718372821808,0.501474916934967,0.17650005221366882
YBR023C,YHR010W,0,2.4261353,0.22437307238578796,0.501474916934967,0.17660021781921387
YPR199C,YBR227C,0,2.425756,0.2242744117975235,0.501474916934967,0.1767003834247589
YPL161C,YDR069C,0,2.4257298,0.224175825715065,0.501474916934967,0.17680056393146515
YDL178W,YGL134W,0,2.4255507,0.22407732903957367,0.501474916934967,0.1769007295370102
YBR253W,YLR193C,0,2.4254746,0.2239789217710495,0.501474916934967,0.17700089514255524
YPR100W,YHL016C,0,2.4243224,0.2238806039094925,0.501474916934967,0.17710107564926147
YNL077W,YDL012C,0,2.4243002,0.22378236055374146,0.501474916934967,0.17720124125480652
YGR142W,YDR238C,1,2.4242198,0.2241228073835373,0.5024582147598267,0.17720124125480652
YKL213C,YNL330C,0,2.4238744,0.22402454912662506,0.5024582147598267,0.17730140686035156
YNL212W,YDR104C,0,2.4236305,0.22392638027668,0.5024582147598267,0.1774015873670578
YER048W-A,YBR210W,0,2.423306,0.2238283008337021,0.5024582147598267,0.17750175297260284
YLR142W,YGL038C,0,2.4226484,0.22373029589653015,0.5024582147598267,0.1776019185781479
YOR357C,YBR218C,0,2.422543,0.22363238036632538,0.5024582147598267,0.17770209908485413
YGR057C,YDR270W,1,2.422364,0.22397200763225555,0.5034415125846863,0.17770209908485413
YFR021W,YGR223C,1,2.4220853,0.22431132197380066,0.5044247508049011,0.17770209908485413
YDR027C,YOR357C,1,2.4219942,0.22465035319328308,0.5054080486297607,0.17770209908485413
YGL206C,YIR022W,0,2.4211154,0.2245521992444992,0.5054080486297607,0.17780226469039917
YMR192W,YNL224C,0,2.4207494,0.2244541496038437,0.5054080486297607,0.1779024302959442
YOL107W,YLR208W,1,2.4206018,0.22479267418384552,0.5063913464546204,0.1779024302959442
YMR192W,YDR160W,0,2.420467,0.22469459474086761,0.5063913464546204,0.17800261080265045
YJL204C,YKR052C,0,2.419603,0.22459660470485687,0.5063913464546204,0.1781027764081955
YBR227C,YBR175W,0,2.419205,0.2244986891746521,0.5063913464546204,0.17820294201374054
YER123W,YDR248C,0,2.4191508,0.22440087795257568,0.5063913464546204,0.17830312252044678
YIR006C,YBR077C,1,2.418972,0.22473867237567902,0.50737464427948,0.17830312252044678
YMR086W,YOR198C,0,2.4189668,0.2246408313512802,0.50737464427948,0.17840328812599182
YLR248W,YHR183W,0,2.4189463,0.22454307973384857,0.50737464427948,0.17850345373153687
YJL151C,YBR244W,0,2.4185743,0.2244454175233841,0.50737464427948,0.1786036193370819
YDR456W,YMR190C,0,2.4185658,0.22434782981872559,0.50737464427948,0.17870379984378815
YJR064W,YKR090W,0,2.4183517,0.22425033152103424,0.50737464427948,0.1788039654493332
YOR037W,YMR162C,0,2.4176576,0.22415290772914886,0.50737464427948,0.17890413105487823
YPL123C,YBR244W,0,2.4174502,0.22405557334423065,0.50737464427948,0.17900431156158447
YPL259C,YHR005C,1,2.4163847,0.2243923544883728,0.5083579421043396,0.17900431156158447
YKL149C,YNL056W,0,2.4163313,0.2242950052022934,0.5083579421043396,0.17910447716712952
YJL062W,YDR435C,0,2.4162064,0.22419774532318115,0.5083579421043396,0.17920464277267456
YNL125C,YEL004W,0,2.4161494,0.22410055994987488,0.5083579421043396,0.1793048232793808
YPL103C,YBR218C,0,2.415358,0.22400346398353577,0.5083579421043396,0.17940498888492584
YBR109C,YJR110W,0,2.4145885,0.22390645742416382,0.5083579421043396,0.1795051544904709
YNL056W,YPL249C,0,2.4145448,0.22380952537059784,0.5083579421043396,0.17960533499717712
YOR133W,YNR052C,0,2.413899,0.22371268272399902,0.5083579421043396,0.17970550060272217
YHR018C,YMR158W,0,2.4136925,0.22361591458320618,0.5083579421043396,0.1798056662082672
YHR020W,YPR073C,0,2.4127054,0.2235192358493805,0.5083579421043396,0.17990584671497345
YOL044W,YER184C,0,2.4122653,0.22342264652252197,0.5083579421043396,0.1800060123205185
YDL092W,YDR528W,0,2.4121628,0.22332613170146942,0.5083579421043396,0.18010617792606354
YGR261C,YNL086W,1,2.412036,0.22366148233413696,0.5093411803245544,0.18010617792606354
YOR210W,YNL091W,0,2.4119644,0.22356495261192322,0.5093411803245544,0.18020634353160858
YLR265C,YML125C,0,2.4118266,0.22346851229667664,0.5093411803245544,0.18030652403831482
YER035W,YGL013C,0,2.4111004,0.22337214648723602,0.5093411803245544,0.18040668964385986
YMR192W,YJR031C,1,2.410551,0.2237069010734558,0.5103244781494141,0.18040668964385986
YBR001C,YDR279W,0,2.4104562,0.2236105054616928,0.5103244781494141,0.1805068552494049
YML058W,YJR002W,0,2.4103694,0.22351421415805817,0.5103244781494141,0.18060703575611115
YLR381W,YGR037C,0,2.410226,0.2234179973602295,0.5103244781494141,0.1807072013616562
YOL107W,YGL210W,1,2.410184,0.22375215590000153,0.5113077759742737,0.1807072013616562
YMR135C,YIL156W,0,2.4095418,0.22365590929985046,0.5113077759742737,0.18080736696720123
YLL010C,YHR084W,0,2.4088113,0.22355975210666656,0.5113077759742737,0.18090754747390747
YHR123W,YDL143W,0,2.4086328,0.22346368432044983,0.5113077759742737,0.18100771307945251
YIR008C,YCR094W,0,2.4085538,0.22336769104003906,0.5113077759742737,0.18110787868499756
YJL013C,YKL059C,0,2.408252,0.22327178716659546,0.5113077759742737,0.1812080591917038
YGL161C,YIR034C,0,2.408008,0.22317597270011902,0.5113077759742737,0.18130822479724884
YBR094W,YML092C,0,2.4076078,0.22308021783828735,0.5113077759742737,0.18140839040279388
YHR200W,YGL251C,0,2.4073083,0.22298456728458405,0.5113077759742737,0.18150857090950012
YGR063C,YDR145W,0,2.4067683,0.2228889912366867,0.5113077759742737,0.18160873651504517
YDR012W,YBR068C,0,2.4066281,0.22279348969459534,0.5113077759742737,0.1817089021205902
YJL102W,YLR237W,0,2.406311,0.22269807755947113,0.5113077759742737,0.18180908262729645
YKL152C,YAL010C,0,2.4061098,0.2226027399301529,0.5113077759742737,0.1819092482328415
YMR205C,YHL033C,0,2.405922,0.22250749170780182,0.5113077759742737,0.18200941383838654
YLR008C,YBR211C,0,2.4049373,0.2224123179912567,0.5113077759742737,0.18210957944393158
YER042W,YPR184W,0,2.4049287,0.22231723368167877,0.5113077759742737,0.18220975995063782
YBL036C,YJL101C,0,2.4048638,0.2222222238779068,0.5113077759742737,0.18230992555618286
YNL090W,YLR368W,0,2.4037333,0.2221272885799408,0.5113077759742737,0.1824100911617279
YMR134W,YCR097W,0,2.4035654,0.22203245759010315,0.5113077759742737,0.18251027166843414
YAR033W,YHR108W,1,2.4014707,0.22236448526382446,0.5122910737991333,0.18251027166843414
YDR043C,YDR135C,0,2.4012065,0.22226962447166443,0.5122910737991333,0.1826104372739792
YDL230W,YPL046C,0,2.4009128,0.22217483818531036,0.5122910737991333,0.18271060287952423
YMR226C,YDL093W,0,2.3999248,0.22208014130592346,0.5122910737991333,0.18281078338623047
YDR301W,YBL051C,0,2.3997867,0.22198551893234253,0.5122910737991333,0.1829109489917755
YLL022C,YER014W,0,2.3997445,0.22189097106456757,0.5122910737991333,0.18301111459732056
YOR171C,YPR173C,1,2.398582,0.2222222238779068,0.5132743120193481,0.18301111459732056
YGR247W,YGR261C,1,2.3985224,0.22255319356918335,0.5142576098442078,0.18301111459732056
YNL047C,YIL147C,0,2.3980098,0.22245852649211884,0.5142576098442078,0.1831112951040268
YER143W,YPR180W,0,2.3979654,0.22236394882202148,0.5142576098442078,0.18321146070957184
YCL001W,YML012W,1,2.3979135,0.22269442677497864,0.5152409076690674,0.18321146070957184
YOR002W,YMR266W,0,2.3974857,0.2225998342037201,0.5152409076690674,0.18331162631511688
YPL100W,YAR042W,1,2.396926,0.2229299396276474,0.516224205493927,0.18331162631511688
YGR122W,YBR272C,0,2.3964183,0.22283531725406647,0.516224205493927,0.18341180682182312
YKL048C,YGL048C,0,2.395876,0.2227407693862915,0.516224205493927,0.18351197242736816
YMR216C,YCR017C,0,2.3953962,0.2226463109254837,0.516224205493927,0.1836121380329132
YPL061W,YHR121W,0,2.3952546,0.22255192697048187,0.516224205493927,0.18371230363845825
YDR317W,YIL016W,0,2.3952134,0.2224576324224472,0.516224205493927,0.1838124841451645
YDR430C,YMR105C,0,2.3949668,0.2223634123802185,0.516224205493927,0.18391264975070953
YLR229C,YHR091C,0,2.394826,0.22226926684379578,0.516224205493927,0.18401281535625458
YLR297W,YGL115W,0,2.3947647,0.22217519581317902,0.516224205493927,0.18411299586296082
YHR190W,YBR107C,0,2.3944256,0.22208121418952942,0.516224205493927,0.18421316146850586
YKR098C,YMR215W,0,2.3938081,0.22198732197284698,0.516224205493927,0.1843133270740509
YBR166C,YML054C,0,2.393507,0.22189348936080933,0.516224205493927,0.18441350758075714
YHL047C,YPL246C,1,2.3925939,0.2222222238779068,0.5172074437141418,0.18441350758075714
YJL093C,YDL110C,0,2.392411,0.22212837636470795,0.5172074437141418,0.18451367318630219
YDR524C,YMR283C,0,2.392334,0.22203461825847626,0.5172074437141418,0.18461383879184723
YHL019C,YCL008C,1,2.3921034,0.22236287593841553,0.5181907415390015,0.18461383879184723
YER174C,YDR001C,0,2.3920727,0.22226908802986145,0.5181907415390015,0.18471401929855347
YPL179W,YML095C,0,2.3919358,0.22217537462711334,0.5181907415390015,0.1848141849040985
YKL051W,YHR020W,0,2.3918328,0.2220817506313324,0.5181907415390015,0.18491435050964355
YER070W,YNL145W,0,2.3914227,0.22198820114135742,0.5181907415390015,0.1850145310163498
YOR017W,YGR247W,0,2.3905916,0.2218947410583496,0.5181907415390015,0.18511469662189484
YDL117W,YFL009W,0,2.3900986,0.22180134057998657,0.5181907415390015,0.18521486222743988
YNL116W,YMR283C,0,2.3900118,0.2217080295085907,0.5181907415390015,0.18531504273414612
YNL129W,YOR197W,0,2.3899598,0.221614807844162,0.5181907415390015,0.18541520833969116
YHR018C,YGL006W,0,2.3895373,0.22152164578437805,0.5181907415390015,0.1855153739452362
YML131W,YKL146W,0,2.3893902,0.22142857313156128,0.5181907415390015,0.18561553955078125
YOR245C,YML013W,0,2.3893213,0.22133557498455048,0.5181907415390015,0.1857157200574875
YLR189C,YGR074W,0,2.388977,0.22124265134334564,0.5181907415390015,0.18581588566303253
YKL112W,YHR042W,0,2.388843,0.22114981710910797,0.5181907415390015,0.18591605126857758
YJL164C,YPL153C,0,2.3882594,0.22105704247951508,0.5181907415390015,0.1860162317752838
YJR054W,YMR244C-A,0,2.387902,0.22096435725688934,0.5181907415390015,0.18611639738082886
YDL092W,YPR173C,0,2.3875017,0.22087174654006958,0.5181907415390015,0.1862165629863739
YKL079W,YCL020W,0,2.387422,0.22077922523021698,0.5181907415390015,0.18631674349308014
YHL035C,YNL176C,0,2.387389,0.22068676352500916,0.5181907415390015,0.18641690909862518
YAL032C,YKL152C,0,2.3864884,0.2205943912267685,0.5181907415390015,0.18651707470417023
YDR057W,YMR190C,0,2.3864086,0.2205020934343338,0.5181907415390015,0.18661725521087646
YLR200W,YPR098C,0,2.3860774,0.22040987014770508,0.5181907415390015,0.1867174208164215
YGL023C,YDR425W,1,2.3860292,0.22073578834533691,0.5191740393638611,0.1867174208164215
YDR108W,YOL084W,0,2.385706,0.220643550157547,0.5191740393638611,0.18681758642196655
YOR389W,YDL200C,0,2.384472,0.22055137157440186,0.5191740393638611,0.1869177669286728
YPL192C,YLR085C,0,2.3831086,0.22045929729938507,0.5191740393638611,0.18701793253421783
YIR017C,YMR314W,0,2.3830159,0.22036728262901306,0.5191740393638611,0.18711809813976288
YIL085C,YJL121C,0,2.382944,0.22027534246444702,0.5191740393638611,0.18721826374530792
YGL124C,YMR231W,1,2.38265,0.22060050070285797,0.5201573371887207,0.18721826374530792
YFR010W,YGR157W,0,2.3823657,0.22050854563713074,0.5201573371887207,0.18731844425201416
YOL117W,YPL145C,0,2.3823652,0.22041666507720947,0.5201573371887207,0.1874186098575592
YPL241C,YAL010C,0,2.3809628,0.22032485902309418,0.5201573371887207,0.18751877546310425
YPR181C,YNL192W,1,2.3809538,0.22064946591854095,0.5211406350135803,0.18751877546310425
YER053C,YJL073W,0,2.3808956,0.22055763006210327,0.5211406350135803,0.18761895596981049
YHR021C,YCL051W,0,2.3807917,0.22046588361263275,0.5211406350135803,0.18771912157535553
YBR014C,YMR256C,0,2.3803043,0.2203742265701294,0.5211406350135803,0.18781928718090057
YJL019W,YAL047C,0,2.3798165,0.2202826291322708,0.5211406350135803,0.1879194676876068
YJR118C,YLR193C,0,2.379148,0.2201911062002182,0.5211406350135803,0.18801963329315186
YDR134C,YFR044C,0,2.3788133,0.22009967267513275,0.5211406350135803,0.1881197988986969
YOR336W,YHR045W,0,2.3785458,0.22000829875469208,0.5211406350135803,0.18821997940540314
YNL199C,YOR383C,0,2.3784642,0.21991701424121857,0.5211406350135803,0.18832014501094818
YIL068C,YOR037W,0,2.3782644,0.21982580423355103,0.5211406350135803,0.18842031061649323
YNL025C,YGR029W,0,2.3782258,0.21973465383052826,0.5211406350135803,0.18852049112319946
YHR138C,YDR400W,0,2.3782177,0.21964359283447266,0.5211406350135803,0.1886206567287445
YDL147W,YBR244W,0,2.3781028,0.21955260634422302,0.5211406350135803,0.18872082233428955
YPL085W,YKL062W,0,2.3773513,0.21946169435977936,0.5211406350135803,0.1888210028409958
YAR033W,YNL006W,1,2.3773186,0.21978476643562317,0.5221238732337952,0.1888210028409958
YDR078C,YBR102C,0,2.3763204,0.2196938395500183,0.5221238732337952,0.18892116844654083
YGL092W,YDR487C,0,2.375906,0.21960297226905823,0.5221238732337952,0.18902133405208588
YGR240C,YGL098W,0,2.3758771,0.2195121943950653,0.5221238732337952,0.18912149965763092
YBR077C,YGR097W,0,2.3756382,0.21942149102687836,0.5221238732337952,0.18922168016433716
YOR244W,YJL065C,0,2.375173,0.21933086216449738,0.5221238732337952,0.1893218457698822
YDR122W,YLL057C,0,2.375173,0.21924029290676117,0.5221238732337952,0.18942201137542725
YJL101C,YMR056C,0,2.374907,0.21914981305599213,0.5221238732337952,0.18952219188213348
YHR186C,YEL034W,0,2.3747435,0.21905940771102905,0.5221238732337952,0.18962235748767853
YNL183C,YPL227C,0,2.3743591,0.21896907687187195,0.5221238732337952,0.18972252309322357
YML038C,YBL101C,0,2.3736234,0.21887880563735962,0.5221238732337952,0.1898227035999298
YBL016W,YLR078C,0,2.3732781,0.21878862380981445,0.5221238732337952,0.18992286920547485
YER030W,YBR301W,0,2.3732376,0.21869851648807526,0.5221238732337952,0.1900230348110199
YPL006W,YOR130C,0,2.3727884,0.21860848367214203,0.5221238732337952,0.19012321531772614
YMR192W,YDL122W,0,2.3724172,0.21851852536201477,0.5221238732337952,0.19022338092327118
YLR119W,YKL100C,0,2.3723314,0.2184286266565323,0.5221238732337952,0.19032354652881622
YGL250W,YDL139C,0,2.372046,0.21833881735801697,0.5221238732337952,0.19042372703552246
YCL039W,YGR013W,0,2.3717241,0.21824908256530762,0.5221238732337952,0.1905238926410675
YOR257W,YIL117C,0,2.3708508,0.21815940737724304,0.5221238732337952,0.19062405824661255
YML021C,YHR120W,0,2.3707252,0.21806982159614563,0.5221238732337952,0.1907242238521576
YLR234W,YML008C,0,2.3699484,0.217980295419693,0.5221238732337952,0.19082440435886383
YHR031C,YDR044W,0,2.3688743,0.21789084374904633,0.5221238732337952,0.19092456996440887
YER169W,YDL193W,0,2.3686464,0.21780148148536682,0.5221238732337952,0.19102473556995392
YML054C,YOR241W,0,2.36811,0.2177121788263321,0.5221238732337952,0.19112491607666016
YML088W,YMR274C,0,2.3680248,0.21762295067310333,0.5221238732337952,0.1912250816822052
YHL040C,YJL073W,0,2.3674433,0.21753379702568054,0.5221238732337952,0.19132524728775024
YNL176C,YDL119C,0,2.3674393,0.21744471788406372,0.5221238732337952,0.19142542779445648
YDR108W,YBR089C-A,0,2.3673928,0.21735571324825287,0.5221238732337952,0.19152559340000153
YBL007C,YKR049C,0,2.366797,0.21726678311824799,0.5221238732337952,0.19162575900554657
YOR100C,YOL042W,0,2.366697,0.21717791259288788,0.5221238732337952,0.1917259395122528
YNR001C,YER021W,0,2.366691,0.21708913147449493,0.5221238732337952,0.19182610511779785
YFR019W,YHR108W,1,2.3665109,0.21740907430648804,0.5231071710586548,0.19182610511779785
YOR278W,YOL071W,0,2.3659081,0.2173202633857727,0.5231071710586548,0.1919262707233429
YHL031C,YPL148C,0,2.365421,0.21723152697086334,0.5231071710586548,0.19202645123004913
YMR256C,YHR110W,0,2.3647013,0.21714285016059875,0.5231071710586548,0.19212661683559418
YDR208W,YGL141W,0,2.364575,0.21705426275730133,0.5231071710586548,0.19222678244113922
YKL194C,YKL152C,0,2.363612,0.21696573495864868,0.5231071710586548,0.19232696294784546
YIL065C,YDR501W,0,2.3633907,0.2168772965669632,0.5231071710586548,0.1924271285533905
YOL058W,YDL240W,0,2.3632145,0.21678891777992249,0.5231071710586548,0.19252729415893555
YKR020W,YIL044C,1,2.3629055,0.21710793673992157,0.5240904688835144,0.19252729415893555
YDR047W,YCL051W,0,2.3627381,0.21701954305171967,0.5240904688835144,0.1926274597644806
YMR235C,YER063W,0,2.3619907,0.21693122386932373,0.5240904688835144,0.19272764027118683
YDL087C,YGR106C,0,2.3619733,0.21684296429157257,0.5240904688835144,0.19282780587673187
YGL232W,YBR229C,0,2.3618035,0.21675477921962738,0.5240904688835144,0.19292797148227692
YKL160W,YJR010C-A,0,2.361762,0.21666666865348816,0.5240904688835144,0.19302815198898315
YCR036W,YBR122C,0,2.3614078,0.2165786325931549,0.5240904688835144,0.1931283175945282
YLR086W,YPL057C,0,2.360865,0.21649065613746643,0.5240904688835144,0.19322848320007324
YPL069C,YGL206C,0,2.3607633,0.21640275418758392,0.5240904688835144,0.19332866370677948
YAR018C,YGL054C,0,2.3604107,0.21631494164466858,0.5240904688835144,0.19342882931232452
YJR040W,YJL151C,1,2.3599916,0.21663285791873932,0.525073766708374,0.19342882931232452
YHR201C,YDR201W,0,2.359591,0.2165450155735016,0.525073766708374,0.19352899491786957
YBR003W,YGL011C,0,2.3592896,0.21645723283290863,0.525073766708374,0.1936291754245758
YLR115W,YKL208W,0,2.358769,0.21636952459812164,0.525073766708374,0.19372934103012085
YKL041W,YNL297C,1,2.358511,0.2166869193315506,0.5260570049285889,0.19372934103012085
YPR108W,YFL050C,0,2.358121,0.21659919619560242,0.5260570049285889,0.1938295066356659
YML038C,YLR380W,1,2.357997,0.21691623330116272,0.5270403027534485,0.1938295066356659
YDR266C,YPL116W,0,2.3578744,0.21682848036289215,0.5270403027534485,0.19392968714237213
YOL020W,YJR089W,0,2.3577213,0.21674080193042755,0.5270403027534485,0.19402985274791718
YGR163W,YMR054W,1,2.3575726,0.21705739200115204,0.5280236005783081,0.19402985274791718
YML059C,YLR364W,0,2.3573122,0.21696969866752625,0.5280236005783081,0.19413001835346222
YGL219C,YKR097W,0,2.3571758,0.21688206493854523,0.5280236005783081,0.19423018395900726
YJL173C,YGR092W,0,2.3567142,0.21679450571537018,0.5280236005783081,0.1943303644657135
YOR308C,YDL180W,0,2.3563542,0.2167070209980011,0.5280236005783081,0.19443053007125854
YGR181W,YMR106C,0,2.3560543,0.216619610786438,0.5280236005783081,0.1945306956768036
YNL001W,YJL097W,0,2.355948,0.21653226017951965,0.5280236005783081,0.19463087618350983
YJL044C,YHR036W,0,2.3557947,0.2164449840784073,0.5280236005783081,0.19473104178905487
YDR186C,YJR121W,0,2.3557725,0.2163577824831009,0.5280236005783081,0.19483120739459991
YMR067C,YGR001C,0,2.3555322,0.21627064049243927,0.5280236005783081,0.19493138790130615
YDR270W,YKR035W-A,1,2.3553603,0.2165861576795578,0.5290068984031677,0.19493138790130615
YDR288W,YJL083W,0,2.355187,0.21649900078773499,0.5290068984031677,0.1950315535068512
YGR198W,YBR097W,1,2.354827,0.21681416034698486,0.5299901962280273,0.1950315535068512
YDR148C,YGR189C,0,2.3546147,0.21672697365283966,0.5299901962280273,0.19513171911239624
YDR100W,YLR380W,1,2.3545933,0.21704180538654327,0.5309734344482422,0.19513171911239624
YPL045W,YJR044C,1,2.3543417,0.2173563688993454,0.5319567322731018,0.19513171911239624
YOL032W,YPL085W,0,2.3543248,0.21726907789707184,0.5319567322731018,0.19523189961910248
YHL035C,YGR295C,0,2.353892,0.21718186140060425,0.5319567322731018,0.19533206522464752
YML012W,YGL051W,1,2.3535795,0.21749599277973175,0.5329400300979614,0.19533206522464752
YKL002W,YKL039W,1,2.3530009,0.21780987083911896,0.533923327922821,0.19533206522464752
YOR124C,YKL146W,0,2.3528323,0.21772253513336182,0.533923327922821,0.19543223083019257
YDL017W,YER096W,0,2.3524306,0.21763527393341064,0.533923327922821,0.1955324113368988
YNL093W,YJL024C,1,2.3517423,0.21794871985912323,0.5349065661430359,0.1955324113368988
YNL056W,YBR087W,0,2.3502464,0.21786142885684967,0.5349065661430359,0.19563257694244385
YKL069W,YLL024C,0,2.3496912,0.21777421236038208,0.5349065661430359,0.1957327425479889
YLR085C,YPL140C,0,2.3491297,0.21768707036972046,0.5349065661430359,0.19583292305469513
YKR018C,YNL300W,0,2.3487973,0.2176000028848648,0.5349065661430359,0.19593308866024017
YDR439W,YDR238C,0,2.3487968,0.21751299500465393,0.5349065661430359,0.19603325426578522
YNL015W,YBR168W,0,2.3485732,0.21742606163024902,0.5349065661430359,0.19613341987133026
YNL167C,YIR034C,0,2.3474019,0.2173391878604889,0.5349065661430359,0.1962336003780365
YLR328W,YOR110W,0,2.3472555,0.21725240349769592,0.5349065661430359,0.19633376598358154
YDR484W,YBR288C,1,2.3472369,0.21756486594676971,0.5358898639678955,0.19633376598358154
YOR236W,YPL115C,0,2.3471985,0.21747805178165436,0.5358898639678955,0.1964339315891266
YLR396C,YJL204C,1,2.3468952,0.21779018640518188,0.5368731617927551,0.1964339315891266
YDR139C,YER109C,0,2.346743,0.21770334243774414,0.5368731617927551,0.19653411209583282
YLR299W,YBL031W,0,2.3462496,0.21761657297611237,0.5368731617927551,0.19663427770137787
YNL152W,YGL047W,0,2.3461323,0.21752987802028656,0.5368731617927551,0.1967344433069229
YEL047C,YAL002W,0,2.3441734,0.21744324266910553,0.5368731617927551,0.19683462381362915
YFR055W,YGR207C,0,2.3433714,0.21735668182373047,0.5368731617927551,0.1969347894191742
YLR345W,YGL127C,0,2.3433542,0.21727019548416138,0.5368731617927551,0.19703495502471924
YMR289W,YJL035C,0,2.3431473,0.21718376874923706,0.5368731617927551,0.19713513553142548
YOR362C,YBL023C,0,2.3427315,0.2170974165201187,0.5368731617927551,0.19723530113697052
YGL099W,YLR011W,0,2.3423624,0.21701112389564514,0.5368731617927551,0.19733546674251556
YGR261C,YJL221C,0,2.3419833,0.21692490577697754,0.5368731617927551,0.1974356472492218
YHL017W,YJL036W,1,2.3419538,0.21723590791225433,0.5378564596176147,0.1974356472492218
YER122C,YMR159C,1,2.3418984,0.21754664182662964,0.5388396978378296,0.1974356472492218
YPR048W,YHL003C,0,2.3417597,0.21746031939983368,0.5388396978378296,0.19753581285476685
YAL044C,YHR028C,0,2.340892,0.2173740565776825,0.5388396978378296,0.1976359784603119
YIL048W,YDL137W,1,2.340653,0.21768437325954437,0.5398229956626892,0.1976359784603119
YER029C,YJR017C,0,2.340396,0.217598095536232,0.5398229956626892,0.19773614406585693
YLR421C,YPL181W,0,2.3397675,0.21751189231872559,0.5398229956626892,0.19783632457256317
YOL018C,YGL027C,0,2.3391106,0.21742574870586395,0.5398229956626892,0.19793649017810822
YBR082C,YKL096W,0,2.338885,0.2173396646976471,0.5398229956626892,0.19803665578365326
YKR067W,YML015C,0,2.3386197,0.2172536551952362,0.5398229956626892,0.1981368362903595
YMR165C,YOR356W,0,2.338568,0.2171677201986313,0.5398229956626892,0.19823700189590454
YML055W,YBL021C,0,2.3380513,0.21708184480667114,0.5398229956626892,0.19833716750144958
YDR362C,YNR045W,0,2.3380125,0.21699604392051697,0.5398229956626892,0.19843734800815582
YOR339C,YAR007C,0,2.3379407,0.21691031754016876,0.5398229956626892,0.19853751361370087
YDR228C,YER040W,0,2.3374214,0.21682465076446533,0.5398229956626892,0.1986376792192459
YDR046C,YDR377W,0,2.3373907,0.21673904359340668,0.5398229956626892,0.19873785972595215
YPR068C,YIR007W,0,2.3373842,0.216653510928154,0.5398229956626892,0.1988380253314972
YGR234W,YPL003W,0,2.3373535,0.21656805276870728,0.5398229956626892,0.19893819093704224
YIR035C,YKR039W,0,2.3372676,0.21648265421390533,0.5398229956626892,0.19903837144374847
YGL238W,YNR022C,0,2.3372452,0.21639731526374817,0.5398229956626892,0.19913853704929352
YCL017C,YER170W,0,2.3372161,0.21631205081939697,0.5398229956626892,0.19923870265483856
YLR119W,YGR067C,0,2.3366103,0.21622686088085175,0.5398229956626892,0.1993388831615448
YGR063C,YJL129C,0,2.336513,0.2161417305469513,0.5398229956626892,0.19943904876708984
YGL064C,YPL085W,0,2.33644,0.2160566747188568,0.5398229956626892,0.1995392143726349
YKL211C,YDR086C,0,2.3358343,0.2159716784954071,0.5398229956626892,0.19963937997817993
YGL225W,YPL085W,1,2.3355553,0.2162799835205078,0.5408062934875488,0.19963937997817993
YBR159W,YDR259C,0,2.3354807,0.2161949723958969,0.5408062934875488,0.19973956048488617
YLL022C,YKL011C,0,2.335303,0.2161100208759308,0.5408062934875488,0.1998397260904312
YBR201W,YLR136C,0,2.3352952,0.21602514386177063,0.5408062934875488,0.19993989169597626
YLR170C,YLR212C,0,2.3350294,0.21594032645225525,0.5408062934875488,0.2000400722026825
YKL149C,YKL188C,0,2.3348887,0.21585556864738464,0.5408062934875488,0.20014023780822754
YEL020C,YDR105C,0,2.3348265,0.21577088534832,0.5408062934875488,0.20024040341377258
YOL011W,YDR227W,0,2.3345902,0.21568627655506134,0.5408062934875488,0.20034058392047882
YNL229C,YLR292C,0,2.3327262,0.21560172736644745,0.5408062934875488,0.20044074952602386
YHR045W,YML008C,0,2.3326495,0.21551723778247833,0.5408062934875488,0.2005409151315689
YDL025C,YPL176C,0,2.3325567,0.21543282270431519,0.5408062934875488,0.20064109563827515
YDR013W,YDR037W,0,2.332524,0.21534846723079681,0.5408062934875488,0.2007412612438202
YGL059W,YDR117C,0,2.3322318,0.2152641862630844,0.5408062934875488,0.20084142684936523
YDR325W,YER083C,0,2.331739,0.21517996490001678,0.5408062934875488,0.20094160735607147
YDR501W,YHR037W,0,2.330605,0.21509581804275513,0.5408062934875488,0.20104177296161652
YBR023C,YLR417W,1,2.3305373,0.21540266275405884,0.5417895913124084,0.20104177296161652
YNL055C,YBR028C,0,2.3305254,0.2153184860944748,0.5417895913124084,0.20114193856716156
YIR006C,YDR456W,1,2.3301167,0.21562500298023224,0.5427728891372681,0.20114193856716156
YGL084C,YNL166C,0,2.3300123,0.215540811419487,0.5427728891372681,0.2012421041727066
YGL049C,YCR024C,0,2.3295631,0.21545667946338654,0.5427728891372681,0.20134228467941284
YFL034C-B,YGR104C,0,2.3292737,0.21537260711193085,0.5427728891372681,0.20144245028495789
YBR133C,YPR081C,0,2.3286388,0.21528860926628113,0.5427728891372681,0.20154261589050293
YPL075W,YPL047W,0,2.3283095,0.21520467102527618,0.5427728891372681,0.20164279639720917
YNL183C,YKR062W,0,2.3276496,0.2151208072900772,0.5427728891372681,0.2017429620027542
YMR106C,YBR218C,0,2.327186,0.215037003159523,0.5427728891372681,0.20184312760829926
YNL055C,YJR125C,0,2.3271635,0.21495327353477478,0.5427728891372681,0.2019433081150055
YLR136C,YDL046W,0,2.327145,0.21486960351467133,0.5427728891372681,0.20204347372055054
YCL030C,YNL186W,0,2.327035,0.21478599309921265,0.5427728891372681,0.20214363932609558
YHL017W,YEL005C,1,2.326869,0.21509140729904175,0.5437561273574829,0.20214363932609558
YBL031W,YML116W,0,2.3259113,0.21500778198242188,0.5437561273574829,0.20224381983280182
YHR001W-A,YIL026C,0,2.3257918,0.21492421627044678,0.5437561273574829,0.20234398543834686
YIL122W,YNL173C,0,2.3256333,0.21484071016311646,0.5437561273574829,0.2024441510438919
YMR014W,YJR066W,0,2.3255777,0.2147572785615921,0.5437561273574829,0.20254433155059814
YOR011W,YNL177C,0,2.325568,0.21467390656471252,0.5437561273574829,0.2026444971561432
YOR118W,YKL011C,0,2.3250928,0.21459060907363892,0.5437561273574829,0.20274466276168823
YKR031C,YOR258W,0,2.3249936,0.21450737118721008,0.5437561273574829,0.20284484326839447
YGR005C,YMR106C,0,2.3249075,0.21442419290542603,0.5437561273574829,0.20294500887393951
YGR024C,YMR307W,0,2.3247871,0.21434108912944794,0.5437561273574829,0.20304517447948456
YKL125W,YNL220W,0,2.3246856,0.21425804495811462,0.5437561273574829,0.2031453400850296
YBR166C,YDL122W,0,2.3245506,0.2141750603914261,0.5437561273574829,0.20324552059173584
YDL181W,YPL085W,0,2.3242044,0.21409213542938232,0.5437561273574829,0.20334568619728088
YMR257C,YFR024C-A,0,2.3240504,0.21400928497314453,0.5437561273574829,0.20344585180282593
YDR077W,YKR060W,0,2.3238363,0.2139264941215515,0.5437561273574829,0.20354603230953217
YKL041W,YAR002C-A,1,2.3236463,0.214230477809906,0.5447394251823425,0.20354603230953217
YIL122W,YOL030W,0,2.3234,0.2141476571559906,0.5447394251823425,0.2036461979150772
YPL271W,YBL020W,0,2.3230412,0.21406491100788116,0.5447394251823425,0.20374636352062225
YNL321W,YBR112C,0,2.322925,0.2139822393655777,0.5447394251823425,0.2038465440273285
YLR421C,YOR372C,0,2.3226535,0.2138996124267578,0.5447394251823425,0.20394670963287354
YOL158C,YPL120W,1,2.3221836,0.21420301496982574,0.5457227230072021,0.20394670963287354
YOR016C,YGR005C,0,2.3220923,0.21412037312984467,0.5457227230072021,0.20404687523841858
YBR119W,YNR052C,0,2.3219566,0.21403779089450836,0.5457227230072021,0.20414705574512482
YER094C,YNL046W,0,2.3219395,0.21395528316497803,0.5457227230072021,0.20424722135066986
YKR065C,YGR075C,0,2.3219109,0.21387283504009247,0.5457227230072021,0.2043473869562149
YOL152W,YGL073W,0,2.3216977,0.21379044651985168,0.5457227230072021,0.20444756746292114
YDR377W,YNL130C,0,2.3214903,0.21370811760425568,0.5457227230072021,0.2045477330684662
YIL106W,YDR052C,0,2.321147,0.21362586319446564,0.5457227230072021,0.20464789867401123
YIR015W,YBR286W,0,2.3203323,0.21354366838932037,0.5457227230072021,0.20474806427955627
YGR253C,YLR007W,0,2.3202128,0.21346153318881989,0.5457227230072021,0.2048482447862625
YEL064C,YOL122C,0,2.3192143,0.21337947249412537,0.5457227230072021,0.20494841039180756
YCR036W,YJL209W,0,2.319148,0.21329745650291443,0.5457227230072021,0.2050485759973526
YBL031W,YNL286W,0,2.318265,0.21321551501750946,0.5457227230072021,0.20514875650405884
YLR052W,YPL132W,0,2.3182147,0.21313363313674927,0.5457227230072021,0.20524892210960388
YER069W,YDL119C,0,2.318074,0.21305182576179504,0.5457227230072021,0.20534908771514893
YAL007C,YLR083C,1,2.3177962,0.21335379779338837,0.5467060208320618,0.20534908771514893
YDR324C,YDR456W,0,2.317594,0.21327196061611176,0.5467060208320618,0.20544926822185516
YER112W,YLR460C,0,2.3169396,0.21319018304347992,0.5467060208320618,0.2055494338274002
YFL039C,YDR352W,0,2.3168533,0.21310846507549286,0.5467060208320618,0.20564959943294525
YDR147W,YCR036W,0,2.3167577,0.21302682161331177,0.5467060208320618,0.2057497799396515
YER122C,YBL055C,0,2.3167253,0.21294523775577545,0.5467060208320618,0.20584994554519653
YER068W,YKR085C,0,2.3162959,0.21286369860172272,0.5467060208320618,0.20595011115074158
YER061C,YBR122C,0,2.3161507,0.21278224885463715,0.5467060208320618,0.20605029165744781
YPL086C,YKL040C,0,2.316144,0.21270084381103516,0.5467060208320618,0.20615045726299286
YGL044C,YNL099C,0,2.315753,0.21261949837207794,0.5467060208320618,0.2062506228685379
YOL020W,YKL052C,0,2.3148956,0.2125382274389267,0.5467060208320618,0.20635080337524414
YDL046W,YOR269W,0,2.3148508,0.21245701611042023,0.5467060208320618,0.20645096898078918
YJR131W,YHR046C,0,2.3147368,0.21237586438655853,0.5467060208320618,0.20655113458633423
YLR079W,YGL085W,0,2.3147368,0.2122947722673416,0.5467060208320618,0.20665130019187927
YKL176C,YLR360W,1,2.314341,0.21259541809558868,0.5476892590522766,0.20665130019187927
YNL023C,YJL065C,0,2.3142009,0.21251431107521057,0.5476892590522766,0.2067514806985855
YDR540C,YER063W,0,2.3141763,0.21243326365947723,0.5476892590522766,0.20685164630413055
YER178W,YML060W,0,2.3136911,0.21235226094722748,0.5476892590522766,0.2069518119096756
YCL030C,YMR041C,0,2.3136652,0.21227134764194489,0.5476892590522766,0.20705199241638184
YPL006W,YNL136W,0,2.3127723,0.21219047904014587,0.5476892590522766,0.20715215802192688
YNL233W,YBL050W,0,2.3125887,0.21210967004299164,0.5476892590522766,0.20725232362747192
YDR012W,YNL286W,0,2.3125472,0.21202893555164337,0.5476892590522766,0.20735250413417816
YOL129W,YGL206C,1,2.3121939,0.21232876181602478,0.5486725568771362,0.20735250413417816
YNL263C,YHR028C,0,2.3120873,0.21224799752235413,0.5486725568771362,0.2074526697397232
YOL049W,YIL162W,0,2.312031,0.21216730773448944,0.5486725568771362,0.20755283534526825
YPL174C,YOR231W,0,2.311977,0.21208666265010834,0.5486725568771362,0.2076530158519745
YPR140W,YLR189C,0,2.3118515,0.212006077170372,0.5486725568771362,0.20775318145751953
YPL066W,YGR163W,0,2.3118055,0.21192556619644165,0.5486725568771362,0.20785334706306458
YJL090C,YLR324W,0,2.3105836,0.21184509992599487,0.5486725568771362,0.2079535275697708
YIL113W,YOR069W,0,2.3105798,0.21176470816135406,0.5486725568771362,0.20805369317531586
YLR170C,YLL052C,0,2.310491,0.21168437600135803,0.5486725568771362,0.2081538587808609
YER169W,YML059C,0,2.3103929,0.21160408854484558,0.5486725568771362,0.20825403928756714
YBR217W,YER032W,0,2.3090625,0.2115238755941391,0.5486725568771362,0.20835420489311218
YOL018C,YCR075C,1,2.3089905,0.21182265877723694,0.5496558547019958,0.20835420489311218
YIR008C,YOR334W,0,2.3088312,0.21174243092536926,0.5496558547019958,0.20845437049865723
YLR431C,YOR002W,0,2.3087752,0.21166224777698517,0.5496558547019958,0.20855453610420227
YCR077C,YML085C,0,2.308764,0.21158213913440704,0.5496558547019958,0.2086547166109085
YNL322C,YKL145W,0,2.3082,0.2115020751953125,0.5496558547019958,0.20875488221645355
YHL006C,YOR208W,0,2.3081074,0.21142208576202393,0.5496558547019958,0.2088550478219986
YPR155C,YMR243C,0,2.3079576,0.21134215593338013,0.5496558547019958,0.20895522832870483
YMR068W,YGR204W,0,2.307368,0.2112622857093811,0.5496558547019958,0.20905539393424988
YDR251W,YLL014W,0,2.3070068,0.21118247509002686,0.5496558547019958,0.20915555953979492
YFL047W,YHR116W,0,2.3068857,0.21110272407531738,0.5496558547019958,0.20925574004650116
YMR216C,YIL098C,0,2.306475,0.21102303266525269,0.5496558547019958,0.2093559056520462
YOL019W,YMR026C,0,2.3064542,0.21094340085983276,0.5496558547019958,0.20945607125759125
YPL202C,YNL136W,0,2.3063738,0.21086382865905762,0.5496558547019958,0.20955625176429749
YDR439W,YPR201W,0,2.306067,0.21078431606292725,0.5496558547019958,0.20965641736984253
YBR210W,YCL008C,1,2.305779,0.21108178794384003,0.5506391525268555,0.20965641736984253
YMR077C,YHR108W,1,2.3055184,0.2113790512084961,0.5516223907470703,0.20965641736984253
YPL137C,YKR037C,0,2.3051033,0.21129943430423737,0.5516223907470703,0.20975658297538757
YGR257C,YHR090C,0,2.3045096,0.2112198770046234,0.5516223907470703,0.2098567634820938
YFL031W,YOR358W,0,2.304346,0.21114037930965424,0.5516223907470703,0.20995692908763885
YPL074W,YDL007W,0,2.3040214,0.21106094121932983,0.5516223907470703,0.2100570946931839
YDR367W,YPL001W,0,2.3031092,0.2109815776348114,0.5516223907470703,0.21015726029872894
YGR076C,YBR295W,0,2.3030462,0.21090225875377655,0.5516223907470703,0.21025744080543518
YGL099W,YIL014W,0,2.3027782,0.21082299947738647,0.5516223907470703,0.21035760641098022
YDR189W,YAL002W,1,2.302463,0.21111945807933807,0.5526056885719299,0.21035760641098022
YOR089C,YAR042W,1,2.3018916,0.21141569316387177,0.5535889863967896,0.21035760641098022
YER122C,YKR035W-A,1,2.3012621,0.21171170473098755,0.5545722842216492,0.21035760641098022
YML085C,YDL239C,0,2.3007739,0.21163226664066315,0.5545722842216492,0.21045777201652527
YNL088W,YGL020C,0,2.300706,0.21155288815498352,0.5545722842216492,0.2105579525232315
YCR024C,YEL016C,0,2.3003216,0.21147356927394867,0.5545722842216492,0.21065811812877655
YPL268W,YBR033W,0,2.30022,0.2113943099975586,0.5545722842216492,0.2107582837343216
YKR046C,YPL148C,0,2.2998931,0.2113150954246521,0.5545722842216492,0.21085846424102783
YGL039W,YBL075C,0,2.2998667,0.21123595535755157,0.5545722842216492,0.21095862984657288
YMR163C,YMR207C,0,2.299786,0.21115687489509583,0.5545722842216492,0.21105879545211792
YNL068C,YNL130C,0,2.2993865,0.21107783913612366,0.5545722842216492,0.21115897595882416
YPR184W,YBR036C,0,2.2991064,0.21099887788295746,0.5545722842216492,0.2112591415643692
YDR100W,YKR037C,0,2.2990556,0.21091997623443604,0.5545722842216492,0.21135930716991425
YOL154W,YNL136W,0,2.298932,0.2108411192893982,0.5545722842216492,0.21145948767662048
YFL047W,YLR266C,0,2.297212,0.21076233685016632,0.5545722842216492,0.21155965328216553
YKL178C,YJL197W,0,2.2971458,0.21068359911441803,0.5545722842216492,0.21165981888771057
YMR139W,YOL068C,0,2.2971332,0.2106049358844757,0.5545722842216492,0.2117599993944168
YNR039C,YOR241W,0,2.2965598,0.21052631735801697,0.5545722842216492,0.21186016499996185
YNL091W,YMR116C,0,2.2959437,0.210447758436203,0.5545722842216492,0.2119603306055069
YDR084C,YBR154C,0,2.2957602,0.2103692591190338,0.5545722842216492,0.21206049621105194
YLR368W,YPL017C,0,2.2956257,0.2102908343076706,0.5545722842216492,0.21216067671775818
YPL179W,YNR033W,0,2.2953434,0.21021245419979095,0.5545722842216492,0.21226084232330322
YPR108W,YOR117W,0,2.2949834,0.2101341336965561,0.5545722842216492,0.21236100792884827
YOL107W,YKL041W,1,2.2947984,0.21042831242084503,0.5555555820465088,0.21236100792884827
YLR449W,YBR159W,0,2.294577,0.21034996211528778,0.5555555820465088,0.2124611884355545
YDR320C,YJL026W,0,2.2942266,0.2102716714143753,0.5555555820465088,0.21256135404109955
YBL091C,YDR341C,0,2.293703,0.2101934552192688,0.5555555820465088,0.2126615196466446
YOL076W,YJL116C,0,2.2931104,0.21011528372764587,0.5555555820465088,0.21276170015335083
YBL010C,YGR172C,1,2.2925906,0.21040892601013184,0.5565388202667236,0.21276170015335083
YLR315W,YPL003W,0,2.2917445,0.21033072471618652,0.5565388202667236,0.21286186575889587
YDR237W,YNL091W,0,2.2916195,0.21025259792804718,0.5565388202667236,0.21296203136444092
YBR016W,YJL173C,0,2.2914362,0.2101745307445526,0.5565388202667236,0.21306221187114716
YNL049C,YDL192W,1,2.2911892,0.21046771109104156,0.5575221180915833,0.21306221187114716
YDR189W,YGL210W,1,2.2908425,0.2107606679201126,0.5585054159164429,0.21306221187114716
YBL008W,YPR188C,0,2.290361,0.21068249642848969,0.5585054159164429,0.2131623774766922
YEL034W,YMR041C,0,2.2901425,0.21060436964035034,0.5585054159164429,0.21326254308223724
YDR329C,YDR235W,0,2.2901287,0.21052631735801697,0.5585054159164429,0.21336272358894348
YOL075C,YLR371W,0,2.290102,0.21044830977916718,0.5585054159164429,0.21346288919448853
YFR016C,YHR005C,0,2.2900648,0.21037037670612335,0.5585054159164429,0.21356305480003357
YHR080C,YBR188C,0,2.2899768,0.2102924883365631,0.5585054159164429,0.2136632204055786
YKR031C,YNR020C,0,2.289908,0.21021465957164764,0.5585054159164429,0.21376340091228485
YDL005C,YDL052C,0,2.289877,0.21013689041137695,0.5585054159164429,0.2138635665178299
YDR421W,YEL060C,0,2.2898493,0.21005916595458984,0.5585054159164429,0.21396373212337494
YGL181W,YOR122C,0,2.289839,0.2099815160036087,0.5585054159164429,0.21406391263008118
YEL065W,YPL259C,1,2.2888308,0.21027345955371857,0.5594887137413025,0.21406391263008118
YJR042W,YOR267C,0,2.2885394,0.21019579470157623,0.5594887137413025,0.21416407823562622
YLL048C,YPL063W,0,2.288535,0.21011817455291748,0.5594887137413025,0.21426424384117126
YBR083W,YLR061W,0,2.2882633,0.2100405991077423,0.5594887137413025,0.2143644243478775
YGL210W,YCR086W,0,2.2878058,0.2099630981683731,0.5594887137413025,0.21446458995342255
YDR302W,YCL039W,0,2.287803,0.20988565683364868,0.5594887137413025,0.2145647555589676
YDR027C,YNL084C,1,2.28776,0.2101769894361496,0.5604719519615173,0.2145647555589676
YDR484W,YML012W,1,2.2876146,0.2104681134223938,0.561455249786377,0.2145647555589676
YCR069W,YKR097W,0,2.287505,0.21039056777954102,0.561455249786377,0.21466493606567383
YOR039W,YGR161C,0,2.2872972,0.210313081741333,0.561455249786377,0.21476510167121887
YGL129C,YOR344C,0,2.286499,0.21023564040660858,0.561455249786377,0.21486526727676392
YNL222W,YDR221W,0,2.286042,0.21015825867652893,0.561455249786377,0.21496544778347015
YOR264W,YIL023C,0,2.285797,0.21008093655109406,0.561455249786377,0.2150656133890152
YDR522C,YOR045W,0,2.2849562,0.21000367403030396,0.561455249786377,0.21516577899456024
YLR368W,YKR039W,0,2.2844994,0.20992647111415863,0.561455249786377,0.21526595950126648
YJL089W,YCR071C,0,2.2844725,0.2098493129014969,0.561455249786377,0.21536612510681152
YGR211W,YBR136W,0,2.283573,0.2097722291946411,0.561455249786377,0.21546629071235657
YLR067C,YBR245C,0,2.2835236,0.20969519019126892,0.561455249786377,0.2155664563179016
YKL063C,YMR041C,0,2.2834237,0.2096182107925415,0.561455249786377,0.21566663682460785
YLR414C,YJL072C,0,2.2822409,0.20954129099845886,0.561455249786377,0.2157668024301529
YER073W,YGR266W,0,2.2822208,0.2094644159078598,0.561455249786377,0.21586696803569794
YOR036W,YGR167W,1,2.2814898,0.20975430309772491,0.5624385476112366,0.21586696803569794
YMR133W,YKL060C,0,2.2814136,0.20967741310596466,0.5624385476112366,0.21596714854240417
YOR242C,YDR127W,0,2.281228,0.20960058271884918,0.5624385476112366,0.21606731414794922
YGR240C,YBL025W,0,2.2809381,0.20952381193637848,0.5624385476112366,0.21616747975349426
YGL150C,YML031W,0,2.2806473,0.20944708585739136,0.5624385476112366,0.2162676602602005
YOR002W,YGL001C,0,2.2805884,0.209370419383049,0.5624385476112366,0.21636782586574554
YBR044C,YGL137W,0,2.28057,0.20929381251335144,0.5624385476112366,0.2164679914712906
YGR055W,YNL056W,0,2.2803953,0.20921726524829865,0.5624385476112366,0.21656817197799683
YDR320C,YMR274C,0,2.280359,0.20914076268672943,0.5624385476112366,0.21666833758354187
YMR307W,YDR080W,1,2.2796988,0.20942983031272888,0.5634218454360962,0.21666833758354187
YPL144W,YER045C,0,2.2794652,0.20935331284999847,0.5634218454360962,0.21676850318908691
YOL094C,YLR098C,0,2.279379,0.20927684009075165,0.5634218454360962,0.21686868369579315
YOR192C,YER094C,0,2.2793603,0.2092004418373108,0.5634218454360962,0.2169688493013382
YHR158C,YLL052C,0,2.2787118,0.20912408828735352,0.5634218454360962,0.21706901490688324
YKL063C,YLR078C,0,2.2785993,0.20904779434204102,0.5634218454360962,0.21716918051242828
YIL048W,YPL085W,1,2.2770658,0.20933625102043152,0.564405083656311,0.21716918051242828
YBR123C,YOR273C,0,2.2768502,0.20925992727279663,0.564405083656311,0.21726936101913452
YMR106C,YIR007W,0,2.2766516,0.2091836780309677,0.564405083656311,0.21736952662467957
YOR018W,YGR257C,0,2.2765403,0.20910747349262238,0.564405083656311,0.2174696922302246
YCL029C,YMR035W,0,2.2760477,0.20903131365776062,0.564405083656311,0.21756987273693085
YCL001W,YOR069W,1,2.27574,0.20931926369667053,0.5653883814811707,0.21756987273693085
YMR231W,YIL097W,0,2.2755804,0.20924308896064758,0.5653883814811707,0.2176700383424759
YCR077C,YDR251W,0,2.275259,0.2091669738292694,0.5653883814811707,0.21777020394802094
YGL023C,YML121W,1,2.2752018,0.20945455133914948,0.5663716793060303,0.21777020394802094
YNL212W,YCR042C,0,2.2747579,0.2093784064054489,0.5663716793060303,0.21787038445472717
YLL006W,YDR463W,0,2.274398,0.20930232107639313,0.5663716793060303,0.21797055006027222
YLR064W,YBR160W,0,2.2742524,0.20922629535198212,0.5663716793060303,0.21807071566581726
YBL091C,YPL076W,0,2.273841,0.20915032923221588,0.5663716793060303,0.2181708961725235
YPR175W,YLR079W,0,2.273707,0.20907440781593323,0.5663716793060303,0.21827106177806854
YPR032W,YMR156C,0,2.272719,0.20899854600429535,0.5663716793060303,0.2183712273836136
YER068W,YJR110W,0,2.2726462,0.20892274379730225,0.5663716793060303,0.21847140789031982
YDR376W,YFR005C,0,2.2724237,0.20884698629379272,0.5663716793060303,0.21857157349586487
YJR068W,YML091C,0,2.271942,0.20877128839492798,0.5663716793060303,0.2186717391014099
YKL002W,YHR108W,1,2.2714868,0.2090579718351364,0.5673549771308899,0.2186717391014099
YPR107C,YDR302W,0,2.271308,0.20898225903511047,0.5673549771308899,0.21877191960811615
YLL054C,YML008C,0,2.2712402,0.20890659093856812,0.5673549771308899,0.2188720852136612
YDL212W,YLR226W,0,2.271147,0.20883098244667053,0.5673549771308899,0.21897225081920624
YNL049C,YLR352W,0,2.2710037,0.20875543355941772,0.5673549771308899,0.21907241642475128
YEL020C,YOR381W,0,2.2709627,0.2086799293756485,0.5673549771308899,0.21917259693145752
YPL045W,YNR006W,1,2.2700105,0.20896601676940918,0.5683382749557495,0.21917259693145752
YDR376W,YGL001C,0,2.2697344,0.20889049768447876,0.5683382749557495,0.21927276253700256
YBL017C,YDL064W,0,2.2694006,0.20881502330303192,0.5683382749557495,0.2193729281425476
YHL016C,YIL172C,0,2.2693162,0.20873962342739105,0.5683382749557495,0.21947310864925385
YKL152C,YOR188W,0,2.2691557,0.20866425335407257,0.5683382749557495,0.2195732742547989
YPR008W,YMR195W,0,2.2689488,0.20858895778656006,0.5683382749557495,0.21967343986034393
YPL115C,YNL252C,0,2.2688246,0.20851370692253113,0.5683382749557495,0.21977362036705017
YOL107W,YHR105W,1,2.2679949,0.20879913866519928,0.5693215131759644,0.21977362036705017
YDR477W,YLR373C,0,2.2675767,0.20872385799884796,0.5693215131759644,0.21987378597259521
YOR372C,YPL124W,0,2.2675571,0.2086486518383026,0.5693215131759644,0.21997395157814026
YNL146W,YEL039C,0,2.2673209,0.20857349038124084,0.5693215131759644,0.2200741320848465
YIL041W,YOR293W,0,2.2667897,0.20849837362766266,0.5693215131759644,0.22017429769039154
YPR165W,YBR039W,0,2.2666903,0.20842333137989044,0.5693215131759644,0.22027446329593658
YLL010C,YPR073C,0,2.2657986,0.2083483338356018,0.5693215131759644,0.22037464380264282
YHR037W,YMR166C,0,2.2657876,0.20827338099479675,0.5693215131759644,0.22047480940818787
YIL124W,YLR095C,0,2.2657743,0.20819848775863647,0.5693215131759644,0.2205749750137329
YDR418W,YCR044C,0,2.264956,0.20812365412712097,0.5693215131759644,0.22067514061927795
YML116W,YIL105C,0,2.2645373,0.20804886519908905,0.5693215131759644,0.2207753211259842
YNL054W,YJL065C,0,2.2644506,0.2079741358757019,0.5693215131759644,0.22087548673152924
YDR182W,YPL097W,0,2.2641897,0.20789946615695953,0.5693215131759644,0.22097565233707428
YPL202C,YCL035C,0,2.264181,0.20782484114170074,0.5693215131759644,0.22107583284378052
YDR367W,YEL015W,0,2.2641628,0.20775027573108673,0.5693215131759644,0.22117599844932556
YER125W,YGL210W,1,2.2635646,0.2080344259738922,0.570304811000824,0.22117599844932556
YCL001W,YBL010C,1,2.2634673,0.20831839740276337,0.5712881088256836,0.22117599844932556
YFR024C-A,YKR083C,0,2.26293,0.208243727684021,0.5712881088256836,0.2212761640548706
YOR257W,YDL020C,0,2.2628539,0.2081691175699234,0.5712881088256836,0.22137634456157684
YNL125C,YOR004W,0,2.2628512,0.2080945521593094,0.5712881088256836,0.2214765101671219
YOL009C,YML095C,0,2.262839,0.20802004635334015,0.5712881088256836,0.22157667577266693
YIL106W,YIL030C,0,2.2628028,0.20794560015201569,0.5712881088256836,0.22167685627937317
YKL109W,YML124C,0,2.261929,0.2078711986541748,0.5712881088256836,0.2217770218849182
YGL157W,YGR098C,0,2.2616692,0.2077968567609787,0.5712881088256836,0.22187718749046326
YHR147C,YMR072W,0,2.261304,0.20772255957126617,0.5712881088256836,0.2219773679971695
YEL038W,YDL155W,0,2.2612417,0.20764832198619843,0.5712881088256836,0.22207753360271454
YPL028W,YJR094W-A,0,2.2602158,0.20757412910461426,0.5712881088256836,0.22217769920825958
YDR367W,YGR193C,0,2.2600126,0.20749999582767487,0.5712881088256836,0.22227787971496582
YDR129C,YMR158W,0,2.2597566,0.20742592215538025,0.5712881088256836,0.22237804532051086
YJL203W,YPL158C,0,2.2593427,0.2073518931865692,0.5712881088256836,0.2224782109260559
YML038C,YNL006W,1,2.2590308,0.20763467252254486,0.5722714066505432,0.2224782109260559
YMR012W,YCL055W,0,2.2573993,0.20756062865257263,0.5722714066505432,0.22257837653160095
YDR005C,YKR030W,0,2.2571487,0.20748662948608398,0.5722714066505432,0.2226785570383072
YJL093C,YGL006W,0,2.2565289,0.2074126899242401,0.5722714066505432,0.22277872264385223
YDR511W,YPL221W,0,2.2559223,0.20733879506587982,0.5722714066505432,0.22287888824939728
YDR051C,YJL207C,0,2.2556534,0.2072649598121643,0.5722714066505432,0.22297906875610352
YBL021C,YHR037W,0,2.25522,0.20719116926193237,0.5722714066505432,0.22307923436164856
YDR456W,YHR181W,1,2.2551875,0.20747330784797668,0.5732546448707581,0.22307923436164856
YDR244W,YGL095C,0,2.2548409,0.20739950239658356,0.5732546448707581,0.2231793999671936
YKL052C,YHR037W,0,2.254671,0.207325741648674,0.5732546448707581,0.22327958047389984
YER177W,YLR373C,0,2.2545176,0.20725204050540924,0.5732546448707581,0.22337974607944489
YKL112W,YDL180W,0,2.2540069,0.20717839896678925,0.5732546448707581,0.22347991168498993
YNL315C,YDR033W,0,2.2534451,0.20710480213165283,0.5732546448707581,0.22358009219169617
YDR126W,YML074C,0,2.2534406,0.20703125,0.5732546448707581,0.2236802577972412
YJR086W,YEL015W,0,2.2532,0.20695775747299194,0.5732546448707581,0.22378042340278625
YHR017W,YNL316C,0,2.2527661,0.20688430964946747,0.5732546448707581,0.2238806039094925
YLL036C,YKL194C,0,2.252569,0.20681092143058777,0.5732546448707581,0.22398076951503754
YNR032W,YKL077W,0,2.2522562,0.20673759281635284,0.5732546448707581,0.22408093512058258
YGR097W,YLR099C,0,2.2521906,0.2066643089056015,0.5732546448707581,0.22418110072612762
YOR221C,YOR179C,0,2.2513494,0.20659106969833374,0.5732546448707581,0.22428128123283386
YLR466W,YMR263W,0,2.2506943,0.20651789009571075,0.5732546448707581,0.2243814468383789
YEL039C,YHR114W,0,2.2502003,0.20644475519657135,0.5732546448707581,0.22448161244392395
YIL013C,YGL145W,0,2.2501245,0.20637167990207672,0.5732546448707581,0.2245817929506302
YCR044C,YGR275W,0,2.249998,0.20629864931106567,0.5732546448707581,0.22468195855617523
YDL192W,YCR094W,1,2.2495558,0.20657941699028015,0.5742379426956177,0.22468195855617523
YBR023C,YGR163W,1,2.2492256,0.20685997605323792,0.5752212405204773,0.22468195855617523
YPL170W,YPL195W,1,2.2486863,0.20714032649993896,0.5762045383453369,0.22468195855617523
YNL287W,YLR342W,0,2.2482014,0.20706713199615479,0.5762045383453369,0.22478212416172028
YIL173W,YLR120C,0,2.2480907,0.20699399709701538,0.5762045383453369,0.2248823046684265
YDR093W,YLR347C,0,2.2475011,0.20692090690135956,0.5762045383453369,0.22498247027397156
YML127W,YPR175W,0,2.247398,0.20684786140918732,0.5762045383453369,0.2250826358795166
YGR082W,YER020W,0,2.2472663,0.20677487552165985,0.5762045383453369,0.22518281638622284
YJL010C,YER155C,0,2.2462993,0.20670193433761597,0.5762045383453369,0.22528298199176788
YDR077W,YDR377W,0,2.2461991,0.20662905275821686,0.5762045383453369,0.22538314759731293
YLR360W,YBL100W-B,0,2.2459476,0.20655621588230133,0.5762045383453369,0.22548332810401917
YER042W,YDR430C,0,2.2456713,0.20648343861103058,0.5762045383453369,0.2255834937095642
YOR109W,YOR293W,0,2.2453794,0.2064107060432434,0.5762045383453369,0.22568365931510925
YEL065W,YLR080W,1,2.2453737,0.20669014751911163,0.5771878361701965,0.22568365931510925
YLR259C,YNL293W,0,2.245089,0.20661738514900208,0.5771878361701965,0.2257838398218155
YDR139C,YOR181W,0,2.24496,0.2065446823835373,0.5771878361701965,0.22588400542736053
YDL145C,YMR237W,1,2.2444732,0.20682378113269806,0.5781710743904114,0.22588400542736053
YFR050C,YDR216W,0,2.2443,0.2067510485649109,0.5781710743904114,0.22598417103290558
YPL215W,YML034W,0,2.2438548,0.2066783905029297,0.5781710743904114,0.22608433663845062
YNL101W,YPL031C,0,2.243805,0.20660576224327087,0.5781710743904114,0.22618451714515686
YDL101C,YDL175C,0,2.2429855,0.20653319358825684,0.5781710743904114,0.2262846827507019
YDL124W,YGL207W,0,2.2429667,0.20646066963672638,0.5781710743904114,0.22638484835624695
YML114C,YGL058W,0,2.2424898,0.2063882052898407,0.5781710743904114,0.22648502886295319
YJR044C,YJR031C,1,2.2417421,0.20666666328907013,0.579154372215271,0.22648502886295319
YGR009C,YGR017W,0,2.2416472,0.20659418404102325,0.579154372215271,0.22658519446849823
YGL083W,YAR002C-A,1,2.2415001,0.2068723738193512,0.5801376700401306,0.22658519446849823
YOL051W,YDR266C,0,2.2414958,0.20679986476898193,0.5801376700401306,0.22668536007404327
YOR328W,YDR484W,0,2.241436,0.20672740042209625,0.5801376700401306,0.2267855405807495
YLR115W,YDL159W,0,2.2400682,0.20665499567985535,0.5801376700401306,0.22688570618629456
YLR439W,YHR200W,0,2.2399712,0.20658263564109802,0.5801376700401306,0.2269858717918396
YMR164C,YIL099W,0,2.2395058,0.20651032030582428,0.5801376700401306,0.22708605229854584
YEL047C,YLR181C,0,2.2380817,0.2064380645751953,0.5801376700401306,0.22718621790409088
YLR096W,YEL051W,0,2.2374277,0.20636586844921112,0.5801376700401306,0.22728638350963593
YER172C,YMR040W,0,2.2371812,0.20629370212554932,0.5801376700401306,0.22738656401634216
YDR323C,YML121W,1,2.236568,0.20657113194465637,0.5811209678649902,0.22738656401634216
YLR332W,YNL280C,0,2.2360373,0.20649895071983337,0.5811209678649902,0.2274867296218872
YLR027C,YPR186C,0,2.2359624,0.20642682909965515,0.5811209678649902,0.22758689522743225
YDR298C,YKR067W,0,2.2359543,0.2063547521829605,0.5811209678649902,0.2276870608329773
YNL063W,YDR331W,0,2.2356358,0.20628271996974945,0.5811209678649902,0.22778724133968353
YGL035C,YGR266W,0,2.2354398,0.20621074736118317,0.5811209678649902,0.22788740694522858
YAL032C,YHR039C,0,2.2354202,0.20613881945610046,0.5811209678649902,0.22798757255077362
YPR017C,YNR011C,0,2.2354078,0.20606695115566254,0.5811209678649902,0.22808775305747986
YOR150W,YLR110C,0,2.2351832,0.2059951275587082,0.5811209678649902,0.2281879186630249
YAL020C,YPL105C,0,2.23491,0.20592334866523743,0.5811209678649902,0.22828808426856995
YER094C,YMR274C,0,2.2348852,0.20585161447525024,0.5811209678649902,0.22838826477527618
YGR198W,YBR268W,0,2.2344193,0.20577993988990784,0.5811209678649902,0.22848843038082123
YNL225C,YCR003W,0,2.2342947,0.2057083249092102,0.5811209678649902,0.22858859598636627
YIL110W,YMR156C,0,2.233983,0.20563673973083496,0.5811209678649902,0.2286887764930725
YGL207W,YNL291C,0,2.2334733,0.2055652141571045,0.5811209678649902,0.22878894209861755
YJL041W,YOR247W,0,2.2329497,0.2054937481880188,0.5811209678649902,0.2288891077041626
YPL169C,YLR214W,0,2.2326021,0.2054223120212555,0.5811209678649902,0.22898928821086884
YHR178W,YKL167C,0,2.2316914,0.20535093545913696,0.5811209678649902,0.22908945381641388
YPL206C,YMR092C,0,2.231034,0.20527960360050201,0.5811209678649902,0.22918961942195892
YHR063C,YCR094W,0,2.230513,0.20520833134651184,0.5811209678649902,0.22928979992866516
YMR088C,YPL217C,0,2.230306,0.20513710379600525,0.5811209678649902,0.2293899655342102
YDL132W,YKL154W,0,2.230126,0.20506592094898224,0.5811209678649902,0.22949013113975525
YKR007W,YPL002C,1,2.2299976,0.2053416520357132,0.5821042060852051,0.22949013113975525
YPL265W,YMR247C,0,2.229623,0.205270454287529,0.5821042060852051,0.2295902967453003
YLR237W,YNL056W,0,2.2295012,0.20519930124282837,0.5821042060852051,0.22969047725200653
YER124C,YMR056C,0,2.2290154,0.20512820780277252,0.5821042060852051,0.22979064285755157
YDL149W,YLL053C,0,2.228618,0.20505715906620026,0.5821042060852051,0.22989080846309662
YJL219W,YGR026W,0,2.2284918,0.20498615503311157,0.5821042060852051,0.22999098896980286
YPL045W,YPL218W,1,2.2283573,0.20526133477687836,0.5830875039100647,0.22999098896980286
YER025W,YIL044C,0,2.2282763,0.20519031584262848,0.5830875039100647,0.2300911545753479
YLR274W,YGR256W,0,2.2278132,0.20511934161186218,0.5830875039100647,0.23019132018089294
YLR010C,YGR124W,0,2.2272441,0.20504841208457947,0.5830875039100647,0.23029150068759918
YAR003W,YHR183W,0,2.2271261,0.20497752726078033,0.5830875039100647,0.23039166629314423
YNR023W,YMR133W,0,2.226886,0.20490670204162598,0.5830875039100647,0.23049183189868927
YOR027W,YDR421W,0,2.2267106,0.2048359215259552,0.5830875039100647,0.2305920124053955
YDL103C,YAL035W,0,2.2266774,0.2047652006149292,0.5830875039100647,0.23069217801094055
YER044C,YOR278W,0,2.2259629,0.20469450950622559,0.5830875039100647,0.2307923436164856
YBR273C,YOR127W,0,2.2250838,0.20462387800216675,0.5830875039100647,0.23089252412319183
YHR138C,YER065C,0,2.224563,0.2045532912015915,0.5830875039100647,0.23099268972873688
YJL180C,YGR122W,0,2.2242928,0.204482764005661,0.5830875039100647,0.23109285533428192
YNL106C,YBR218C,0,2.2241802,0.20441226661205292,0.5830875039100647,0.23119302093982697
YBR070C,YPL029W,0,2.2232633,0.2043418288230896,0.5830875039100647,0.2312932014465332
YOR007C,YOL072W,0,2.223246,0.20427145063877106,0.5830875039100647,0.23139336705207825
YCR048W,YGR116W,0,2.2223926,0.2042011022567749,0.5830875039100647,0.2314935326576233
YDR359C,YKR058W,0,2.2223146,0.20413081347942352,0.5830875039100647,0.23159371316432953
YNL336W,YDR259C,0,2.2207224,0.20406056940555573,0.5830875039100647,0.23169387876987457
YLR025W,YHR098C,1,2.2206664,0.20433436334133148,0.5840708017349243,0.23169387876987457
YOR244W,YOL127W,0,2.2205548,0.2042641043663025,0.5840708017349243,0.23179404437541962
YHR202W,YKL062W,0,2.220298,0.2041938751935959,0.5840708017349243,0.23189422488212585
YPL059W,YPL170W,0,2.2197223,0.20412370562553406,0.5840708017349243,0.2319943904876709
YLR136C,YER157W,0,2.2196631,0.204053595662117,0.5840708017349243,0.23209455609321594
YPL029W,YER119C,0,2.2193983,0.20398351550102234,0.5840708017349243,0.23219473659992218
YDR093W,YCL067C,0,2.2191088,0.20391349494457245,0.5840708017349243,0.23229490220546722
YLR080W,YDL058W,1,2.219091,0.20418667793273926,0.5850540995597839,0.23229490220546722
YNL134C,YBR070C,0,2.2189653,0.20411664247512817,0.5850540995597839,0.23239506781101227
YOR321W,YIL136W,0,2.2188387,0.20404663681983948,0.5850540995597839,0.2324952483177185
YOR018W,YPR061C,0,2.2186923,0.20397669076919556,0.5850540995597839,0.23259541392326355
YDR088C,YBR058C-A,0,2.2183838,0.20390678942203522,0.5850540995597839,0.2326955795288086
YOR320C,YHR101C,0,2.21797,0.20383693277835846,0.5850540995597839,0.23279576003551483
YPR036W,YPR154W,0,2.2177484,0.20376712083816528,0.5850540995597839,0.23289592564105988
YKL155C,YMR261C,0,2.2177343,0.20369736850261688,0.5850540995597839,0.23299609124660492
YJR005W,YBR097W,1,2.2174864,0.20396988093852997,0.5860373377799988,0.23299609124660492
YLL014W,YPR118W,0,2.2172303,0.20390009880065918,0.5860373377799988,0.23309625685214996
YLR433C,YDL124W,0,2.2165725,0.20383037626743317,0.5860373377799988,0.2331964373588562
YCR102C,YMR291W,0,2.216341,0.20376068353652954,0.5860373377799988,0.23329660296440125
YJR076C,YIL125W,0,2.2162259,0.2036910504102707,0.5860373377799988,0.2333967685699463
YMR322C,YNL177C,0,2.216165,0.20362146198749542,0.5860373377799988,0.23349694907665253
YNR054C,YGR037C,0,2.216153,0.20355191826820374,0.5860373377799988,0.23359711468219757
YOL122C,YKR090W,0,2.21576,0.20348241925239563,0.5860373377799988,0.23369728028774261
YDL137W,YMR054W,1,2.2157388,0.203754261136055,0.5870206356048584,0.23369728028774261
YNL135C,YKL197C,0,2.2144022,0.2036847472190857,0.5870206356048584,0.23379746079444885
YNL051W,YOR298C-A,0,2.2143857,0.20361527800559998,0.5870206356048584,0.2338976263999939
YKL092C,YMR285C,0,2.214332,0.20354585349559784,0.5870206356048584,0.23399779200553894
YOR011W,YNL072W,0,2.2141018,0.20347648859024048,0.5870206356048584,0.23409797251224518
YBR162C,YDR507C,0,2.2131832,0.2034071534872055,0.5870206356048584,0.23419813811779022
YNL213C,YHR161C,0,2.2124248,0.2033378779888153,0.5870206356048584,0.23429830372333527
YOL021C,YDR033W,0,2.2123017,0.2032686471939087,0.5870206356048584,0.2343984842300415
YJL136C,YBR218C,0,2.212257,0.20319946110248566,0.5870206356048584,0.23449864983558655
YEL019C,YMR314W,0,2.2121887,0.2031303197145462,0.5870206356048584,0.2345988154411316
YHR105W,YJL151C,1,2.2118406,0.2034013569355011,0.588003933429718,0.2345988154411316
YNL063W,YGL179C,0,2.2107184,0.20333220064640045,0.588003933429718,0.23469898104667664
YDR208W,YMR053C,0,2.2104473,0.2032630890607834,0.588003933429718,0.23479916155338287
YBR130C,YOL092W,0,2.2103324,0.2031940221786499,0.588003933429718,0.23489932715892792
YKL002W,YNR012W,0,2.2103138,0.203125,0.588003933429718,0.23499949276447296
YFL037W,YBL051C,0,2.2100763,0.20305602252483368,0.588003933429718,0.2350996732711792
YNR054C,YLL031C,0,2.2098904,0.20298710465431213,0.588003933429718,0.23519983887672424
YOR076C,YPR054W,0,2.2098527,0.20291821658611298,0.588003933429718,0.2353000044822693
YLR119W,YOL137W,1,2.2097569,0.20318859815597534,0.5889872312545776,0.2353000044822693
YHR039C,YEL051W,0,2.209453,0.203119695186615,0.5889872312545776,0.23540018498897552
YBR029C,YFL044C,0,2.2092898,0.20305085182189941,0.5889872312545776,0.23550035059452057
YGR001C,YNL146W,0,2.2092423,0.20298203825950623,0.5889872312545776,0.2356005162000656
YPL193W,YDR380W,0,2.2084632,0.2029132843017578,0.5889872312545776,0.23570069670677185
YHR118C,YIR007W,0,2.2081828,0.2028445601463318,0.5889872312545776,0.2358008623123169
YOR092W,YNR046W,0,2.208178,0.20277589559555054,0.5889872312545776,0.23590102791786194
YDR122W,YPL040C,0,2.2080765,0.20270727574825287,0.5889872312545776,0.23600120842456818
YDR434W,YMR263W,0,2.2078388,0.20263870060443878,0.5889872312545776,0.23610137403011322
YLR240W,YGL023C,1,2.2077277,0.20290835201740265,0.5899705290794373,0.23610137403011322
YNL221C,YBR244W,0,2.2075138,0.20283976197242737,0.5899705290794373,0.23620153963565826
YDR381W,YER014W,0,2.207496,0.20277120172977448,0.5899705290794373,0.2363017201423645
YIR021W,YOR270C,0,2.2074265,0.20270270109176636,0.5899705290794373,0.23640188574790955
YNL049C,YBL037W,1,2.2072628,0.20297196507453918,0.5909537672996521,0.23640188574790955
YGL054C,YPR079W,1,2.2071636,0.20324105024337769,0.5919370651245117,0.23640188574790955
YNL054W,YKL120W,0,2.2067409,0.2031724601984024,0.5919370651245117,0.2365020513534546
YNL241C,YGR260W,0,2.2063906,0.2031039148569107,0.5919370651245117,0.23660221695899963
YBR235W,YCR042C,0,2.2062988,0.2030354142189026,0.5919370651245117,0.23670239746570587
YLL024C,YDR086C,0,2.206099,0.20296695828437805,0.5919370651245117,0.23680256307125092
YEL020C,YKR085C,0,2.2059844,0.2028985470533371,0.5919370651245117,0.23690272867679596
YBR023C,YLR396C,1,2.2057724,0.2031671106815338,0.5929203629493713,0.23690272867679596
YIL044C,YOL137W,1,2.205588,0.2034354954957962,0.593903660774231,0.23690272867679596
YHR045W,YER118C,0,2.2051892,0.20336700975894928,0.593903660774231,0.2370029091835022
YDL236W,YFR015C,0,2.2045777,0.20329855382442474,0.593903660774231,0.23710307478904724
YKL002W,YJR084W,0,2.2040267,0.2032301425933838,0.593903660774231,0.23720324039459229
YNR026C,YLR399C,0,2.2038894,0.2031617909669876,0.593903660774231,0.23730342090129852
YJL177W,YBR068C,0,2.2037826,0.203093484044075,0.593903660774231,0.23740358650684357
YJR015W,YML064C,0,2.203589,0.2030252069234848,0.593903660774231,0.2375037521123886
YDR308C,YLR095C,0,2.2030725,0.20295698940753937,0.593903660774231,0.23760393261909485
YKR029C,YBR068C,0,2.2028708,0.20288881659507751,0.593903660774231,0.2377040982246399
YKR007W,YIL004C,1,2.2028446,0.2031564861536026,0.5948868989944458,0.2377040982246399
YAL030W,YOR036W,1,2.2023222,0.20342396199703217,0.5958701968193054,0.2377040982246399
YGR166W,YGL194C,0,2.2015939,0.20335569977760315,0.5958701968193054,0.23780426383018494
YPR052C,YFR010W,0,2.2009993,0.20328748226165771,0.5958701968193054,0.23790444433689117
YMR262W,YGL181W,0,2.2008996,0.20321930944919586,0.5958701968193054,0.23800460994243622
YJR086W,YMR233W,0,2.2005887,0.20315119624137878,0.5958701968193054,0.23810477554798126
YGR223C,YJL139C,0,2.1996117,0.2030831128358841,0.5958701968193054,0.2382049411535263
YDR166C,YGL047W,0,2.1993074,0.20301507413387299,0.5958701968193054,0.23830512166023254
YML038C,YMR077C,1,2.199022,0.20328198373317719,0.596853494644165,0.23830512166023254
YDR308C,YPR081C,0,2.198316,0.20321393013000488,0.596853494644165,0.2384052872657776
YGL005C,YEL051W,0,2.1982331,0.20314592123031616,0.596853494644165,0.23850545287132263
YPL051W,YDR354W,0,2.1974387,0.20307795703411102,0.596853494644165,0.23860563337802887
YMR077C,YKR020W,1,2.1973984,0.20334447920322418,0.5978367924690247,0.23860563337802887
YJR077C,YNL190W,0,2.197366,0.20327650010585785,0.5978367924690247,0.2387057989835739
YOR348C,YER007W,0,2.1973119,0.2032085508108139,0.5978367924690247,0.23880596458911896
YNL015W,YDR108W,0,2.1964943,0.20314066112041473,0.5978367924690247,0.2389061450958252
YFR019W,YKL061W,1,2.1962624,0.20340681076049805,0.5988200306892395,0.2389061450958252
YOL116W,YGL130W,0,2.1962354,0.2033388912677765,0.5988200306892395,0.23900631070137024
YGR046W,YGR277C,0,2.1960702,0.2032710313796997,0.5988200306892395,0.23910647630691528
YPL074W,YHR091C,0,2.196052,0.2032032012939453,0.5988200306892395,0.23920665681362152
YLL038C,YNL045W,0,2.1957836,0.2031354308128357,0.5988200306892395,0.23930682241916656
YOR299W,YLR170C,1,2.1956887,0.2034011334180832,0.5998033285140991,0.23930682241916656
YBR109C,YJL003W,0,2.1954532,0.20333333313465118,0.5998033285140991,0.2394069880247116
YML019W,YOR259C,0,2.195341,0.20326557755470276,0.5998033285140991,0.23950716853141785
YPR008W,YOR017W,0,2.195196,0.20319786667823792,0.5998033285140991,0.2396073341369629
YJL196C,YER144C,0,2.1950588,0.20313020050525665,0.5998033285140991,0.23970749974250793
YOR178C,YFR044C,0,2.194992,0.20306257903575897,0.5998033285140991,0.23980768024921417
YDR511W,YGR224W,0,2.1948094,0.20299500226974487,0.5998033285140991,0.23990784585475922
YOR143C,YIL075C,0,2.194608,0.20292748510837555,0.5998033285140991,0.24000801146030426
YJL129C,YGR088W,0,2.194469,0.2028599977493286,0.5998033285140991,0.2401081770658493
YBR293W,YHR117W,0,2.1940546,0.20279255509376526,0.5998033285140991,0.24020835757255554
YFR038W,YLR315W,0,2.1937203,0.20272515714168549,0.5998033285140991,0.24030852317810059
YIL167W,YPR186C,0,2.193686,0.2026578038930893,0.5998033285140991,0.24040868878364563
YJR001W,YLR381W,0,2.1933818,0.20259049534797668,0.5998033285140991,0.24050886929035187
YDR301W,YIL004C,0,2.193079,0.20252324640750885,0.5998033285140991,0.2406090348958969
YKL114C,YJL173C,0,2.1930542,0.2024560272693634,0.5998033285140991,0.24070920050144196
YLR070C,YBL002W,0,2.1923099,0.20238885283470154,0.5998033285140991,0.2408093810081482
YER100W,YPL115C,0,2.1922946,0.20232172310352325,0.5998033285140991,0.24090954661369324
YDR377W,YPR061C,0,2.1919289,0.20225463807582855,0.5998033285140991,0.24100971221923828
YPR082C,YBL057C,0,2.1915684,0.20218759775161743,0.5998033285140991,0.24110989272594452
YPL111W,YML088W,0,2.1914654,0.2021206170320511,0.5998033285140991,0.24121005833148956
YCL031C,YHR101C,0,2.1908092,0.20205366611480713,0.5998033285140991,0.2413102239370346
YLL032C,YCR023C,0,2.1906037,0.20198675990104675,0.5998033285140991,0.24141040444374084
YKL155C,YER167W,0,2.1903138,0.20191989839076996,0.5998033285140991,0.2415105700492859
YHR011W,YIL013C,0,2.1902385,0.20185308158397675,0.5998033285140991,0.24161073565483093
YGL023C,YFL018C,0,2.1899576,0.20178630948066711,0.5998033285140991,0.24171090126037598
YDR054C,YJL143W,0,2.1892395,0.20171958208084106,0.5998033285140991,0.24181108176708221
YNL257C,YKR085C,0,2.1891394,0.2016528993844986,0.5998033285140991,0.24191124737262726
YBR210W,YPL249C,1,2.18828,0.20191672444343567,0.6007866263389587,0.24191124737262726
YOR329C,YHR183W,0,2.1882653,0.2018500119447708,0.6007866263389587,0.2420114129781723
YDR074W,YDR390C,0,2.1881902,0.20178335905075073,0.6007866263389587,0.24211159348487854
YGR087C,YDL168W,0,2.188083,0.20171673595905304,0.6007866263389587,0.24221175909042358
YER019W,YGR083C,0,2.1869993,0.20165015757083893,0.6007866263389587,0.24231192469596863
YDR018C,YIR022W,0,2.1869366,0.2015836387872696,0.6007866263389587,0.24241210520267487
YIL157C,YMR161W,0,2.186504,0.20151714980602264,0.6007866263389587,0.2425122708082199
YPL236C,YNL126W,0,2.1864905,0.20145070552825928,0.6007866263389587,0.24261243641376495
YMR192W,YEL065W,1,2.1861405,0.2017139047384262,0.6017699241638184,0.24261243641376495
YGL032C,YPR131C,0,2.1859794,0.20164744555950165,0.6017699241638184,0.2427126169204712
YCR069W,YOR081C,0,2.1852033,0.20158103108406067,0.6017699241638184,0.24281278252601624
YNL246W,YPL020C,0,2.1850677,0.20151464641094208,0.6017699241638184,0.24291294813156128
YGR082W,YIL023C,0,2.1850467,0.20144832134246826,0.6017699241638184,0.24301312863826752
YCL020W,YLR120C,0,2.1849992,0.20138204097747803,0.6017699241638184,0.24311329424381256
YMR163C,YMR243C,0,2.184496,0.20131579041481018,0.6017699241638184,0.2432134598493576
YDR528W,YDR402C,0,2.1838365,0.20124958455562592,0.6017699241638184,0.24331364035606384
YHR207C,YGR033C,0,2.183787,0.20118343830108643,0.6017699241638184,0.2434138059616089
YML081W,YIL105C,0,2.1833081,0.20111732184886932,0.6017699241638184,0.24351397156715393
YHR018C,YIL044C,0,2.1830263,0.2010512501001358,0.6017699241638184,0.24361413717269897
YJL094C,YPL156C,0,2.183019,0.20098522305488586,0.6017699241638184,0.2437143176794052
YLR246W,YFR040W,0,2.1828756,0.2009192407131195,0.6017699241638184,0.24381448328495026
YPL010W,YMR162C,1,2.182862,0.20118148624897003,0.602753221988678,0.24381448328495026
YML029W,YML063W,0,2.1827402,0.20111548900604248,0.602753221988678,0.2439146488904953
YIL098C,YDR202C,0,2.182558,0.20104952156543732,0.602753221988678,0.24401482939720154
YGL225W,YNL044W,1,2.1824913,0.20131146907806396,0.6037364602088928,0.24401482939720154
YPR169W,YPL106C,0,2.1815286,0.2012454867362976,0.6037364602088928,0.24411499500274658
YGR005C,YHR034C,0,2.1813867,0.20117954909801483,0.6037364602088928,0.24421516060829163
YGL054C,YML067C,1,2.1812673,0.2014411985874176,0.6047197580337524,0.24421516060829163
YMR211W,YKL145W,0,2.1807523,0.20137524604797363,0.6047197580337524,0.24431534111499786
YIL023C,YBR218C,0,2.1804986,0.20130932331085205,0.6047197580337524,0.2444155067205429
YBL078C,YKL135C,1,2.180442,0.20157067477703094,0.6057030558586121,0.2444155067205429
YDR014W,YKL012W,0,2.180059,0.20150473713874817,0.6057030558586121,0.24451567232608795
YPL138C,YPL063W,0,2.1799178,0.20143884420394897,0.6057030558586121,0.2446158528327942
YMR036C,YJL072C,0,2.1798673,0.20137299597263336,0.6057030558586121,0.24471601843833923
YMR307W,YAL015C,0,2.17925,0.20130719244480133,0.6057030558586121,0.24481618404388428
YDL185W,YJL090C,0,2.1783867,0.2012414187192917,0.6057030558586121,0.24491636455059052
YIL118W,YNL177C,0,2.178201,0.20117570459842682,0.6057030558586121,0.24501653015613556
YPR071W,YLR297W,0,2.1778243,0.20111002027988434,0.6057030558586121,0.2451166957616806
YGL131C,YOL084W,0,2.1775556,0.20104438066482544,0.6057030558586121,0.24521686136722565
YPR173C,YAL042W,1,2.1771739,0.2013050615787506,0.6066863536834717,0.24521686136722565
YPR071W,YOR229W,0,2.1767323,0.20123940706253052,0.6066863536834717,0.24531704187393188
YEL039C,YJR134C,0,2.1766858,0.2011737823486328,0.6066863536834717,0.24541720747947693
YNL167C,YDR216W,0,2.1759894,0.20110821723937988,0.6066863536834717,0.24551737308502197
YJL092W,YGL079W,0,2.1757247,0.20104268193244934,0.6066863536834717,0.2456175535917282
YMR088C,YPL236C,0,2.174931,0.20097719132900238,0.6066863536834717,0.24571771919727325
YCR028C,YDR221W,0,2.1744657,0.2009117603302002,0.6066863536834717,0.2458178848028183
YDR315C,YLR460C,0,2.1744618,0.2008463591337204,0.6066863536834717,0.24591806530952454
YAR015W,YGR024C,0,2.1737638,0.20078100264072418,0.6066863536834717,0.24601823091506958
YER099C,YKL091C,0,2.1728745,0.20071567595005035,0.6066863536834717,0.24611839652061462
YER113C,YPL141C,0,2.172845,0.2006504088640213,0.6066863536834717,0.24621857702732086
YFR049W,YNL038W,0,2.1728148,0.20058517158031464,0.6066863536834717,0.2463187426328659
YDR127W,YGR194C,0,2.172622,0.20051999390125275,0.6066863536834717,0.24641890823841095
YGR231C,YHL031C,0,2.1723893,0.20045484602451324,0.6066863536834717,0.2465190887451172
YDL072C,YDR363W-A,0,2.171936,0.20038974285125732,0.6066863536834717,0.24661925435066223
YHR026W,YHR091C,0,2.1714778,0.2003246694803238,0.6066863536834717,0.24671941995620728
YER015W,YPR063C,0,2.1712627,0.20025965571403503,0.6066863536834717,0.2468196004629135
YCL038C,YIR019C,0,2.171042,0.20019467175006866,0.6066863536834717,0.24691976606845856
YMR207C,YKL197C,0,2.1707544,0.20012974739074707,0.6066863536834717,0.2470199316740036
YHR012W,YFL005W,1,2.1707306,0.200389102101326,0.6076695919036865,0.2470199316740036
YJL078C,YML013W,0,2.1706803,0.200324147939682,0.6076695919036865,0.24712009727954865
YDR002W,YNL292W,0,2.1706583,0.2002592384815216,0.6076695919036865,0.24722027778625488
YOL039W,YHR105W,0,2.1703029,0.2001943588256836,0.6076695919036865,0.24732044339179993
YER073W,YPL171C,0,2.170294,0.20012953877449036,0.6076695919036865,0.24742060899734497
YPL265W,YJR066W,0,2.1698594,0.2000647485256195,0.6076695919036865,0.2475207895040512
YPL265W,YJR052W,0,2.169682,0.20000000298023224,0.6076695919036865,0.24762095510959625
YHR018C,YHR171W,0,2.1687999,0.19993530213832855,0.6076695919036865,0.2477211207151413
YEL046C,YCL020W,0,2.1687856,0.19987063109874725,0.6076695919036865,0.24782130122184753
YDL104C,YLR414C,0,2.1685424,0.19980601966381073,0.6076695919036865,0.24792146682739258
YCL027W,YOR260W,0,2.1683688,0.1997414380311966,0.6076695919036865,0.24802163243293762
YJR125C,YLR015W,0,2.168285,0.19967690110206604,0.6076695919036865,0.24812181293964386
YLL042C,YIL007C,0,2.168219,0.19961240887641907,0.6076695919036865,0.2482219785451889
YAL002W,YHR005C,1,2.1682017,0.19987083971500397,0.6086528897285461,0.2482219785451889
YAL051W,YFL044C,0,2.1676676,0.1998063325881958,0.6086528897285461,0.24832214415073395
YOL117W,YER048C,0,2.1675975,0.19974185526371002,0.6086528897285461,0.24842232465744019
YDR257C,YPR114W,0,2.166645,0.19967742264270782,0.6086528897285461,0.24852249026298523
YBR254C,YML092C,0,2.1666133,0.1996130347251892,0.6086528897285461,0.24862265586853027
YDL004W,YKR077W,0,2.1665683,0.19954867660999298,0.6086528897285461,0.24872282147407532
YLR451W,YHR112C,0,2.1659708,0.19948436319828033,0.6086528897285461,0.24882300198078156
YGR247W,YDL149W,1,2.1655908,0.19974227249622345,0.6096361875534058,0.24882300198078156
YPL085W,YKR014C,1,2.1655397,0.20000000298023224,0.6106194853782654,0.24882300198078156
YDR495C,YKL135C,1,2.1654296,0.2002575695514679,0.6116027235984802,0.24882300198078156
YDR533C,YDR307W,0,2.1651316,0.2001931071281433,0.6116027235984802,0.2489231675863266
YHR005C,YGL145W,0,2.1648893,0.2001287043094635,0.6116027235984802,0.24902333319187164
YDL025C,YLR229C,0,2.1645954,0.20006433129310608,0.6116027235984802,0.24912351369857788
YLR027C,YIL109C,0,2.1644857,0.20000000298023224,0.6116027235984802,0.24922367930412292
YOR198C,YHR034C,0,2.1644115,0.19993571937084198,0.6116027235984802,0.24932384490966797
YDR375C,YDR328C,0,2.164186,0.1998714655637741,0.6116027235984802,0.2494240254163742
YFL024C,YDL193W,0,2.164068,0.19980725646018982,0.6116027235984802,0.24952419102191925
YHR181W,YLR170C,1,2.1640441,0.20006422698497772,0.6125860214233398,0.24952419102191925
YBR297W,YGR266W,0,2.1639113,0.20000000298023224,0.6125860214233398,0.2496243566274643
YML062C,YGL025C,0,2.1638544,0.19993580877780914,0.6125860214233398,0.24972453713417053
YBR105C,YJL036W,1,2.1638527,0.20019249618053436,0.6135693192481995,0.24972453713417053
YOL008W,YER081W,0,2.1637766,0.20012828707695007,0.6135693192481995,0.24982470273971558
YAL011W,YPL048W,0,2.1637547,0.20006412267684937,0.6135693192481995,0.24992486834526062
YKL089W,YKL012W,0,2.1636841,0.20000000298023224,0.6135693192481995,0.25002503395080566
YGR041W,YLR035C,0,2.1623228,0.1999359130859375,0.6135693192481995,0.2501251995563507
YKL029C,YPR131C,0,2.162284,0.19987188279628754,0.6135693192481995,0.25022539496421814
YGL058W,YGL128C,0,2.1620228,0.19980788230895996,0.6135693192481995,0.2503255605697632
YMR056C,YOR231W,0,2.1616864,0.19974391162395477,0.6135693192481995,0.2504257261753082
YDL240W,YAL043C,0,2.161476,0.19968000054359436,0.6135693192481995,0.25052589178085327
YOR360C,YML076C,0,2.1612358,0.19961611926555634,0.6135693192481995,0.2506260573863983
YJL062W,YPL106C,0,2.1609278,0.1995522826910019,0.6135693192481995,0.25072622299194336
YDR330W,YDL188C,0,2.1608675,0.19948849081993103,0.6135693192481995,0.2508264183998108
YKR022C,YLR176C,0,2.159924,0.19942474365234375,0.6135693192481995,0.25092658400535583
YHR147C,YGL002W,0,2.159868,0.19936102628707886,0.6135693192481995,0.2510267496109009
YPR037C,YAL032C,0,2.159822,0.19929735362529755,0.6135693192481995,0.2511269152164459
YEL058W,YEL003W,0,2.159432,0.19923371076583862,0.6135693192481995,0.25122708082199097
YOR244W,YBR024W,0,2.158967,0.19917012751102448,0.6135693192481995,0.251327246427536
YER035W,YDL003W,0,2.1582885,0.19910657405853271,0.6135693192481995,0.25142741203308105
YMR100W,YOR193W,0,2.1582549,0.19904306530952454,0.6135693192481995,0.2515276074409485
YPR056W,YGL126W,0,2.1572027,0.19897958636283875,0.6135693192481995,0.25162777304649353
YOL018C,YNR036C,0,2.1562011,0.19891616702079773,0.6135693192481995,0.2517279386520386
YJR118C,YPL155C,0,2.156157,0.1988527774810791,0.6135693192481995,0.2518281042575836
YBR258C,YBR054W,0,2.1559982,0.19878941774368286,0.6135693192481995,0.25192826986312866
YOR092W,YGL053W,0,2.1559112,0.1987261176109314,0.6135693192481995,0.2520284354686737
YLL024C,YOR278W,0,2.155901,0.19866284728050232,0.6135693192481995,0.25212863087654114
YNL263C,YML124C,0,2.1557748,0.19859962165355682,0.6135693192481995,0.2522287964820862
YER129W,YER023W,0,2.1555545,0.19853642582893372,0.6135693192481995,0.2523289620876312
YNL213C,YDR489W,0,2.1554358,0.19847328960895538,0.6135693192481995,0.25242912769317627
YGL027C,YNL248C,0,2.1552167,0.19841016829013824,0.6135693192481995,0.2525292932987213
YGR007W,YOL130W,0,2.155203,0.19834710657596588,0.6135693192481995,0.25262945890426636
YIL014W,YPL253C,0,2.1548092,0.1982840746641159,0.6135693192481995,0.2527296543121338
YEL051W,YBL006C,0,2.154505,0.1982210874557495,0.6135693192481995,0.25282981991767883
YCR023C,YIL009C-A,0,2.1543665,0.1981581449508667,0.6135693192481995,0.2529299855232239
YHR023W,YGR099W,0,2.1540911,0.19809523224830627,0.6135693192481995,0.2530301511287689
YOR001W,YNL176C,0,2.1536777,0.19803236424922943,0.6135693192481995,0.25313031673431396
YPL158C,YJL065C,0,2.153277,0.19796954095363617,0.6135693192481995,0.253230482339859
YJR040W,YER039C,1,2.1530738,0.19822391867637634,0.6145526170730591,0.253230482339859
YJL093C,YJR121W,0,2.1527367,0.1981610655784607,0.6145526170730591,0.25333064794540405
YDL178W,YMR198W,0,2.152565,0.19809825718402863,0.6145526170730591,0.2534308433532715
YCR048W,YKL116C,0,2.152416,0.19803549349308014,0.6145526170730591,0.25353100895881653
YGL196W,YER142C,0,2.1523151,0.19797275960445404,0.6145526170730591,0.2536311745643616
YMR043W,YBL027W,0,2.1522436,0.19791007041931152,0.6145526170730591,0.2537313401699066
YPL195W,YPL157W,0,2.1520374,0.1978474259376526,0.6145526170730591,0.25383150577545166
YPL206C,YIR004W,0,2.1519692,0.19778481125831604,0.6145526170730591,0.2539316713809967
YLR148W,YHL018W,0,2.1518774,0.19772224128246307,0.6145526170730591,0.25403186678886414
YDL120W,YDL126C,0,2.1516423,0.1976597160100937,0.6145526170730591,0.2541320323944092
YDR005C,YGR006W,0,2.1511257,0.1975972205400467,0.6145526170730591,0.2542321979999542
YOL110W,YPR094W,0,2.1510472,0.19753476977348328,0.6145526170730591,0.25433236360549927
YDR430C,YOL061W,0,2.1507757,0.19747234880924225,0.6145526170730591,0.2544325292110443
YGR063C,YDR489W,0,2.1504164,0.197409987449646,0.6145526170730591,0.25453269481658936
YEL005C,YIL004C,1,2.1503599,0.19766339659690857,0.6155359148979187,0.25453269481658936
YGR162W,YML001W,0,2.1497962,0.19760100543498993,0.6155359148979187,0.2546328902244568
YPL076W,YPL049C,0,2.1497486,0.19753865897655487,0.6155359148979187,0.25473305583000183
YKR029C,YDR421W,0,2.1493082,0.1974763423204422,0.6155359148979187,0.2548332214355469
YCL035C,YLR201C,0,2.1492724,0.1974140703678131,0.6155359148979187,0.2549333870410919
YER139C,YPL177C,0,2.1491604,0.1973518282175064,0.6155359148979187,0.25503355264663696
YMR162C,YKL196C,1,2.1489828,0.19760479032993317,0.6165191531181335,0.25503355264663696
YMR086W,YDR168W,0,2.148962,0.19754253327846527,0.6165191531181335,0.255133718252182
YOL158C,YLR408C,1,2.148162,0.19779527187347412,0.6175024509429932,0.255133718252182
YEL019C,YCR044C,0,2.1479316,0.19773299992084503,0.6175024509429932,0.25523388385772705
YDR139C,YFR030W,0,2.147768,0.19767075777053833,0.6175024509429932,0.2553340792655945
YDL185W,YNL096C,0,2.1475837,0.1976085603237152,0.6175024509429932,0.2554342448711395
YLR032W,YER073W,0,2.1469257,0.19754639267921448,0.6175024509429932,0.25553441047668457
YOL094C,YDL174C,0,2.1467152,0.19748426973819733,0.6175024509429932,0.2556345760822296
YHR018C,YBL031W,0,2.1462684,0.19742219150066376,0.6175024509429932,0.25573474168777466
YLR242C,YPL116W,0,2.1462018,0.19736015796661377,0.6175024509429932,0.2558349072933197
YDL120W,YDR322W,0,2.1459718,0.19729813933372498,0.6175024509429932,0.25593510270118713
YML062C,YBR127C,0,2.1458502,0.19723618030548096,0.6175024509429932,0.2560352683067322
YAL034W-A,YKL148C,0,2.145705,0.19717425107955933,0.6175024509429932,0.2561354339122772
YBR114W,YBR215W,0,2.145657,0.19711236655712128,0.6175024509429932,0.25623559951782227
YDR210W,YDR050C,0,2.1450078,0.19705051183700562,0.6175024509429932,0.2563357651233673
YDR320C,YJR010C-A,0,2.1446543,0.19698870182037354,0.6175024509429932,0.25643593072891235
YPL128C,YGL047W,0,2.1446452,0.19692693650722504,0.6175024509429932,0.2565361261367798
YHR018C,YDL113C,0,2.1443675,0.19686520099639893,0.6175024509429932,0.25663629174232483
YKL024C,YOL060C,0,2.1437993,0.1968035101890564,0.6175024509429932,0.2567364573478699
YGR241C,YCR020W-B,0,2.143224,0.19674184918403625,0.6175024509429932,0.2568366229534149
YMR208W,YLR120C,0,2.1430678,0.1966802328824997,0.6175024509429932,0.25693678855895996
YAL056W,YIL067C,0,2.1428757,0.19661866128444672,0.6175024509429932,0.257036954164505
YIR021W,YKL139W,0,2.142534,0.19655711948871613,0.6175024509429932,0.25713711977005005
YPL234C,YNL294C,0,2.1424775,0.19649562239646912,0.6175024509429932,0.2572373151779175
YMR205C,YER048C,0,2.1423454,0.1964341551065445,0.6175024509429932,0.2573374807834625
YBR058C,YIL172C,0,2.142196,0.19637273252010345,0.6175024509429932,0.25743764638900757
YOL052C-A,YKL046C,0,2.1420465,0.196311354637146,0.6175024509429932,0.2575378119945526
YBR207W,YLR013W,0,2.1415555,0.19625000655651093,0.6175024509429932,0.25763797760009766
YMR162C,YKL124W,1,2.1415305,0.19650109112262726,0.6184857487678528,0.25763797760009766
YLR292C,YOL064C,0,2.1415153,0.196439728140831,0.6184857487678528,0.2577381432056427
YJR005W,YLR181C,1,2.1396835,0.1966906040906906,0.6194690465927124,0.2577381432056427
YHL025W,YLR262C,0,2.1396408,0.19662921130657196,0.6194690465927124,0.25783833861351013
YHL020C,YHL008C,0,2.1394217,0.1965678632259369,0.6194690465927124,0.2579385042190552
YKL079W,YIL126W,0,2.1389575,0.1965065449476242,0.6194690465927124,0.2580386698246002
YBL057C,YJR110W,0,2.137292,0.1964452713727951,0.6194690465927124,0.25813883543014526
YGR277C,YIL062C,0,2.1371174,0.19638404250144958,0.6194690465927124,0.2582390010356903
YOL042W,YJR044C,0,2.1367297,0.19632284343242645,0.6194690465927124,0.25833916664123535
YFL039C,YHL033C,0,2.1365986,0.1962616890668869,0.6194690465927124,0.2584393322467804
YKL196C,YFR040W,0,2.1363664,0.19620056450366974,0.6194690465927124,0.2585395276546478
YPL149W,YGR274C,0,2.1356978,0.19613946974277496,0.6194690465927124,0.25863969326019287
YLR006C,YIL049W,0,2.1356826,0.19607843458652496,0.6194690465927124,0.2587398588657379
YOL094C,YGR116W,0,2.1353085,0.19601742923259735,0.6194690465927124,0.25884002447128296
YPR124W,YLR347C,0,2.1347256,0.19595645368099213,0.6194690465927124,0.258940190076828
YKR100C,YMR184W,0,2.134717,0.19589552283287048,0.6194690465927124,0.25904035568237305
YHR139C,YER155C,0,2.134697,0.19583462178707123,0.6194690465927124,0.2591405510902405
YNL037C,YDR532C,0,2.1341708,0.19577376544475555,0.6194690465927124,0.2592407166957855
YKL060C,YOR009W,0,2.1341023,0.19571295380592346,0.6194690465927124,0.25934088230133057
YER062C,YPL248C,0,2.133731,0.19565217196941376,0.6194690465927124,0.2594410479068756
YNL119W,YPR168W,0,2.133559,0.19559143483638763,0.6194690465927124,0.25954121351242065
YBL040C,YPL170W,0,2.1333852,0.1955307275056839,0.6194690465927124,0.2596413791179657
YMR214W,YBR268W,0,2.1333423,0.19547006487846375,0.6194690465927124,0.25974157452583313
YCR089W,YMR002W,0,2.1322315,0.19540943205356598,0.6194690465927124,0.2598417401313782
YGL093W,YOL113W,0,2.1321778,0.1953488439321518,0.6194690465927124,0.2599419057369232
YPL006W,YDR354W,0,2.13172,0.19528828561306,0.6194690465927124,0.26004207134246826
YMR303C,YPL215W,0,2.1316056,0.19522777199745178,0.6194690465927124,0.2601422369480133
YCR075C,YMR171C,1,2.1311586,0.19547706842422485,0.6204522848129272,0.2601422369480133
YMR166C,YJL099W,0,2.131095,0.19541653990745544,0.6204522848129272,0.26024240255355835
YDL226C,YBR244W,0,2.130992,0.19535604119300842,0.6204522848129272,0.2603425681591034
YJL216C,YPL172C,0,2.130791,0.1952955722808838,0.6204522848129272,0.2604427635669708
YDR367W,YLR121C,0,2.1306677,0.19523514807224274,0.6204522848129272,0.26054292917251587
YDL145C,YOL129W,1,2.1305475,0.19548407196998596,0.6214355826377869,0.26054292917251587
YNR008W,YIL112W,0,2.1304793,0.19542361795902252,0.6214355826377869,0.2606430947780609
YBR009C,YOL072W,0,2.1304045,0.19536320865154266,0.6214355826377869,0.26074326038360596
YPL204W,YDR375C,0,2.1302414,0.1953028440475464,0.6214355826377869,0.260843425989151
YJR137C,YGR161C,0,2.1300855,0.1952425092458725,0.6214355826377869,0.26094359159469604
YMR171C,YMR263W,0,2.1299217,0.195182204246521,0.6214355826377869,0.2610437870025635
YPL186C,YDR242W,0,2.1298862,0.19512194395065308,0.6214355826377869,0.2611439526081085
YDL123W,YDR069C,0,2.1293468,0.19506172835826874,0.6214355826377869,0.26124411821365356
YOL152W,YJL156C,0,2.1292112,0.1950015425682068,0.6214355826377869,0.2613442838191986
YLR189C,YNL322C,0,2.1290224,0.19494140148162842,0.6214355826377869,0.26144444942474365
YOR322C,YJL036W,1,2.129004,0.19518963992595673,0.6224188804626465,0.26144444942474365
YOR221C,YKL006C-A,0,2.1289148,0.19512946903705597,0.6224188804626465,0.2615446150302887
YDL185W,YJL062W,0,2.128901,0.1950693428516388,0.6224188804626465,0.26164481043815613
YFR051C,YGL206C,1,2.128705,0.1953173130750656,0.6234021782875061,0.26164481043815613
YMR023C,YBL103C,0,2.1287045,0.19525715708732605,0.6234021782875061,0.26174497604370117
YOL110W,YBR097W,0,2.128641,0.19519704580307007,0.6234021782875061,0.2618451416492462
YKL100C,YBL088C,0,2.1285248,0.19513696432113647,0.6234021782875061,0.26194530725479126
YGR172C,YKL176C,1,2.1283722,0.19538462162017822,0.6243854761123657,0.26194530725479126
YJR098C,YAL014C,0,2.1281166,0.19532451033592224,0.6243854761123657,0.2620454728603363
YML038C,YDR170C,1,2.1279516,0.19557195901870728,0.6253687143325806,0.2620454728603363
YPL024W,YPR020W,0,2.1268442,0.1955118328332901,0.6253687143325806,0.26214563846588135
YLR240W,YJL029C,1,2.1266825,0.19575907289981842,0.6263520121574402,0.26214563846588135
YLR148W,YDR170C,1,2.1264942,0.1960061490535736,0.6273353099822998,0.26214563846588135
YKL196C,YCL008C,1,2.1264763,0.19625307619571686,0.6283186078071594,0.26214563846588135
YDR186C,YER142C,0,2.1263857,0.19619281589984894,0.6283186078071594,0.2622458040714264
YDR541C,YBR133C,0,2.1262815,0.1961326003074646,0.6283186078071594,0.2623459994792938
YLR212C,YLR398C,0,2.1262436,0.19607241451740265,0.6283186078071594,0.26244616508483887
YJL106W,YBL097W,0,2.1253972,0.19601227343082428,0.6283186078071594,0.2625463306903839
YDR354W,YNL246W,0,2.1251287,0.1959521621465683,0.6283186078071594,0.26264649629592896
YOR153W,YDL007W,0,2.1249084,0.1958920955657959,0.6283186078071594,0.262746661901474
YMR006C,YJL045W,0,2.1246796,0.1958320587873459,0.6283186078071594,0.26284682750701904
YJL073W,YLR081W,0,2.1246758,0.19577205181121826,0.6283186078071594,0.2629470229148865
YJR027W,YFR024C-A,0,2.1246686,0.1957121044397354,0.6283186078071594,0.2630471885204315
YLR032W,YDL123W,0,2.1241612,0.19565217196941376,0.6283186078071594,0.26314735412597656
YPR056W,YIL114C,0,2.1241095,0.19559228420257568,0.6283186078071594,0.2632475197315216
YPL158C,YDR050C,0,2.1235943,0.1955324411392212,0.6283186078071594,0.26334768533706665
YOR113W,YJL209W,0,2.1234841,0.1954726278781891,0.6283186078071594,0.2634478509426117
YER070W,YHR073W,0,2.1234593,0.19541284441947937,0.6283186078071594,0.2635480463504791
YMR274C,YER054C,0,2.1233506,0.19535310566425323,0.6283186078071594,0.26364821195602417
YOR118W,YKR097W,0,2.1229568,0.1952933967113495,0.6283186078071594,0.2637483775615692
YFR034C,YJR102C,0,2.1226969,0.19523373246192932,0.6283186078071594,0.26384854316711426
YGR195W,YIR033W,0,2.1219997,0.19517409801483154,0.6283186078071594,0.2639487087726593
YDL231C,YFR040W,0,2.1219716,0.19511450827121735,0.6283186078071594,0.26404887437820435
YNR073C,YOL122C,0,2.121764,0.19505494832992554,0.6283186078071594,0.2641490399837494
YGR181W,YJL183W,0,2.1217284,0.19499541819095612,0.6283186078071594,0.2642492353916168
YGR152C,YDL110C,0,2.1212492,0.19493593275547028,0.6283186078071594,0.26434940099716187
YGL210W,YDL220C,0,2.1208248,0.19487649202346802,0.6283186078071594,0.2644495666027069
YNL316C,YPR180W,0,2.120192,0.19481706619262695,0.6283186078071594,0.26454973220825195
YKL146W,YMR098C,0,2.1201077,0.19475769996643066,0.6283186078071594,0.264649897813797
YKR014C,YDL232W,0,2.120029,0.19469834864139557,0.6283186078071594,0.26475006341934204
YOL107W,YGL083W,1,2.1198652,0.1949436515569687,0.6293018460273743,0.26475006341934204
YKL012W,YDR085C,0,2.1198363,0.1948842853307724,0.6293018460273743,0.2648502588272095
YGL125W,YER003C,0,2.1194153,0.1948249638080597,0.6293018460273743,0.2649504244327545
YGR004W,YHR080C,0,2.11941,0.19476567208766937,0.6293018460273743,0.26505059003829956
YLL018C,YJR121W,0,2.119378,0.19470642507076263,0.6293018460273743,0.2651507556438446
YDR069C,YMR197C,1,2.1192613,0.19495134055614471,0.6302851438522339,0.2651507556438446
YBR065C,YKR003W,0,2.1192386,0.1948920637369156,0.6302851438522339,0.26525092124938965
YLR310C,YDL164C,0,2.1191275,0.19483283162117004,0.6302851438522339,0.2653510868549347
YGL100W,YBR248C,0,2.1188154,0.1947736293077469,0.6302851438522339,0.26545125246047974
YPR140W,YBR283C,0,2.1186702,0.19471445679664612,0.6302851438522339,0.26555144786834717
YMR139W,YBL017C,0,2.1182668,0.19465532898902893,0.6302851438522339,0.2656516134738922
YHL047C,YKR001C,0,2.1182008,0.19459623098373413,0.6302851438522339,0.26575177907943726
YDR329C,YMR318C,0,2.1179721,0.1945371776819229,0.6302851438522339,0.2658519446849823
YDR214W,YMR158W,0,2.1179204,0.19447815418243408,0.6302851438522339,0.26595211029052734
YEL004W,YMR035W,0,2.117793,0.19441917538642883,0.6302851438522339,0.2660522758960724
YGL187C,YJR086W,0,2.1177006,0.19436021149158478,0.6302851438522339,0.2661524713039398
YLR304C,YHR114W,0,2.1175752,0.1943013072013855,0.6302851438522339,0.26625263690948486
YBR290W,YDR279W,0,2.1173358,0.1942424178123474,0.6302851438522339,0.2663528025150299
YNL194C,YGR092W,0,2.1171665,0.1941835880279541,0.6302851438522339,0.26645296812057495
YBL040C,YNL306W,0,2.1169405,0.19412477314472198,0.6302851438522339,0.26655313372612
YDL079C,YNL126W,0,2.1160245,0.19406600296497345,0.6302851438522339,0.26665329933166504
YOR059C,YJL099W,0,2.1159725,0.1940072625875473,0.6302851438522339,0.26675349473953247
YFL062W,YER160C,0,2.115706,0.19394856691360474,0.6302851438522339,0.2668536603450775
YHL017W,YAL042W,1,2.115399,0.19419237971305847,0.6312684416770935,0.2668536603450775
YNL240C,YJR139C,0,2.1152756,0.19413365423679352,0.6312684416770935,0.26695382595062256
YJL044C,YDR153C,1,2.1151571,0.19437727332115173,0.6322517395019531,0.26695382595062256
YOR381W,YGR026W,0,2.1150389,0.1943185180425644,0.6322517395019531,0.2670539915561676
YBL040C,YJL168C,0,2.1149526,0.19425982236862183,0.6322517395019531,0.26715415716171265
YKL152C,YMR318C,0,2.1149514,0.19420114159584045,0.6322517395019531,0.2672543227672577
YOR373W,YMR306W,0,2.114717,0.19414250552654266,0.6322517395019531,0.26735448837280273
YDL106C,YLR381W,0,2.1146696,0.19408391416072845,0.6322517395019531,0.26745468378067017
YKL108W,YBR133C,0,2.1145828,0.19402535259723663,0.6322517395019531,0.2675548493862152
YNL316C,YMR260C,0,2.114271,0.1939668208360672,0.6322517395019531,0.26765501499176025
YLR166C,YGR178C,0,2.1136646,0.19390831887722015,0.6322517395019531,0.2677551805973053
YPL128C,YGR108W,0,2.1133099,0.1938498616218567,0.6322517395019531,0.26785534620285034
YMR305C,YIR022W,0,2.1132944,0.1937914341688156,0.6322517395019531,0.2679555118083954
YMR139W,YLR092W,0,2.1132247,0.19373305141925812,0.6322517395019531,0.2680557072162628
YML004C,YML096W,0,2.1132157,0.193674698472023,0.6322517395019531,0.26815587282180786
YBR107C,YGR256W,0,2.1130998,0.1936163753271103,0.6322517395019531,0.2682560384273529
YPR173C,YML067C,1,2.1129332,0.19385911524295807,0.633234977722168,0.2682560384273529
YPL204W,YGR075C,0,2.112922,0.19380077719688416,0.633234977722168,0.26835620403289795
YDR031W,YEL061C,0,2.1128452,0.19374248385429382,0.633234977722168,0.268456369638443
YBL063W,YIL030C,0,2.112521,0.19368420541286469,0.633234977722168,0.26855653524398804
YNL300W,YJR052W,0,2.1120872,0.19362597167491913,0.633234977722168,0.26865673065185547
YPL066W,YIL026C,0,2.1118007,0.19356778264045715,0.633234977722168,0.2687568962574005
YOR155C,YDR532C,0,2.1116223,0.19350960850715637,0.633234977722168,0.26885706186294556
YDL207W,YLR356W,0,2.1112266,0.19345149397850037,0.633234977722168,0.2689572274684906
YLR027C,YNR043W,0,2.1103892,0.19339339435100555,0.633234977722168,0.26905739307403564
YDL139C,YCR096C,0,2.1103125,0.19333533942699432,0.633234977722168,0.2691575586795807
YBL040C,YNL135C,0,2.1098685,0.19327731430530548,0.633234977722168,0.26925772428512573
YDR469W,YGR004W,0,2.1096094,0.19321931898593903,0.633234977722168,0.26935791969299316
YKL008C,YPL081W,0,2.1095035,0.19316136837005615,0.633234977722168,0.2694580852985382
YDR533C,YLR212C,0,2.109305,0.19310344755649567,0.633234977722168,0.26955825090408325
YMR221C,YPL009C,0,2.1091156,0.19304555654525757,0.633234977722168,0.2696584165096283
YBR023C,YIL076W,1,2.10872,0.19328738749027252,0.6342182755470276,0.2696584165096283
YML015C,YDR202C,0,2.1086497,0.19322948157787323,0.6342182755470276,0.26975858211517334
YPL195W,YKL014C,0,2.108464,0.19317160546779633,0.6342182755470276,0.2698587477207184
YJR118C,YKL216W,0,2.1081054,0.193113774061203,0.6342182755470276,0.2699589431285858
YPL069C,YBL074C,0,2.1078544,0.19305597245693207,0.6342182755470276,0.27005910873413086
YLR200W,YGR040W,0,2.1077418,0.19299820065498352,0.6342182755470276,0.2701592743396759
YJR040W,YPL249C,1,2.1075184,0.19323959946632385,0.6352015733718872,0.2701592743396759
YOR196C,YMR110C,0,2.107331,0.1931818127632141,0.6352015733718872,0.27025943994522095
YAL047C,YDL160C,0,2.1072953,0.19312407076358795,0.6352015733718872,0.270359605550766
YKR105C,YDR409W,0,2.1069431,0.19306634366512299,0.6352015733718872,0.27045977115631104
YDR197W,YDL018C,0,2.1065326,0.1930086612701416,0.6352015733718872,0.27055996656417847
YER062C,YDR188W,0,2.106172,0.1929510086774826,0.6352015733718872,0.2706601321697235
YML127W,YDR234W,0,2.1059935,0.1928934007883072,0.6352015733718872,0.27076029777526855
YBL064C,YDR175C,0,2.1057966,0.19283582270145416,0.6352015733718872,0.2708604633808136
YIL015W,YGL198W,0,2.1051273,0.19277827441692352,0.6352015733718872,0.27096062898635864
YNL035C,YKR105C,0,2.104889,0.19272077083587646,0.6352015733718872,0.2710607945919037
YOR208W,YBR160W,0,2.1044648,0.1926632821559906,0.6352015733718872,0.27116096019744873
YGR227W,YPR131C,0,2.1044474,0.19260583817958832,0.6352015733718872,0.27126115560531616
YKL124W,YKR035W-A,1,2.1043916,0.19284649193286896,0.6361848711967468,0.27126115560531616
YNL213C,YNL123W,0,2.1036696,0.19278903305530548,0.6361848711967468,0.2713613212108612
YDR495C,YNL044W,1,2.103517,0.1930294930934906,0.6371681690216064,0.2713613212108612
YJR060W,YBR132C,0,2.1034997,0.19297200441360474,0.6371681690216064,0.27146148681640625
YGR203W,YBL090W,0,2.1032455,0.19291456043720245,0.6371681690216064,0.2715616524219513
YLR318W,YNL214W,0,2.1030326,0.19285714626312256,0.6371681690216064,0.27166181802749634
YJL115W,YDR338C,0,2.1029887,0.19279976189136505,0.6371681690216064,0.2717619836330414
YHR092C,YKL025C,0,2.1029162,0.19274242222309113,0.6371681690216064,0.2718621790409088
YKL073W,YML096W,0,2.1028059,0.1926850974559784,0.6371681690216064,0.27196234464645386
YMR162C,YAR002C-A,1,2.1027398,0.1929250955581665,0.6381514072418213,0.27196234464645386
YLR142W,YOL007C,0,2.1025548,0.19286775588989258,0.6381514072418213,0.2720625102519989
YJL093C,YLR097C,0,2.1024075,0.19281046092510223,0.6381514072418213,0.27216267585754395
YML012W,YNL093W,1,2.1023905,0.19305019080638885,0.6391347050666809,0.27216267585754395
YNL096C,YNL326C,0,2.1022696,0.19299288094043732,0.6391347050666809,0.272262841463089
YMR216C,YNR037C,0,2.1022446,0.19293558597564697,0.6391347050666809,0.27236300706863403
YEL020C,YFR030W,0,2.1020339,0.1928783357143402,0.6391347050666809,0.2724631726741791
YBL016W,YOR264W,0,2.1017919,0.19282111525535583,0.6391347050666809,0.2725633680820465
YNL049C,YDL127W,0,2.1016686,0.19276393949985504,0.6391347050666809,0.27266353368759155
YGR067C,YDL020C,0,2.1016488,0.19270679354667664,0.6391347050666809,0.2727636992931366
YPL091W,YNL256W,0,2.1014776,0.19264967739582062,0.6391347050666809,0.27286386489868164
YOL158C,YJL207C,1,2.1013355,0.19288888573646545,0.6401180028915405,0.27286386489868164
YML069W,YOR211C,0,2.1009002,0.19283175468444824,0.6401180028915405,0.2729640305042267
YER129W,YER179W,0,2.100826,0.19277465343475342,0.6401180028915405,0.27306419610977173
YIL007C,YDR175C,0,2.1006494,0.19271758198738098,0.6401180028915405,0.27316439151763916
YMR077C,YJL029C,1,2.1003127,0.19295649230480194,0.6411013007164001,0.27316439151763916
YDL115C,YPL172C,0,2.1002164,0.1928994059562683,0.6411013007164001,0.2732645571231842
YCR065W,YMR024W,0,2.099764,0.19284234941005707,0.6411013007164001,0.27336472272872925
YJL180C,YBR068C,0,2.0996916,0.1927853375673294,0.6411013007164001,0.2734648883342743
YJL197W,YGR121C,0,2.0992146,0.19272834062576294,0.6411013007164001,0.27356505393981934
YOR327C,YPR165W,1,2.0990028,0.19296690821647644,0.642084538936615,0.27356505393981934
YGL063W,YGR194C,0,2.0985734,0.19290989637374878,0.642084538936615,0.2736652195453644
YDL200C,YGR106C,0,2.0983796,0.1928529292345047,0.642084538936615,0.2737654149532318
YDL205C,YDR180W,0,2.0977411,0.192795991897583,0.642084538936615,0.27386558055877686
YPL187W,YER113C,0,2.0965343,0.1927390843629837,0.642084538936615,0.2739657461643219
YJL136C,YGL027C,0,2.0964642,0.1926822066307068,0.642084538936615,0.27406591176986694
YER068W,YMR223W,0,2.0963645,0.19262537360191345,0.642084538936615,0.274166077375412
YPL097W,YBR299W,0,2.0960567,0.1925685703754425,0.642084538936615,0.27426624298095703
YHR017W,YJL108C,0,2.0959172,0.19251179695129395,0.642084538936615,0.2743664085865021
YJL096W,YPL055C,0,2.0953274,0.19245505332946777,0.642084538936615,0.2744666039943695
YDR268W,YGL025C,0,2.095121,0.19239835441112518,0.642084538936615,0.27456676959991455
YCR040W,YDL002C,0,2.094857,0.19234168529510498,0.642084538936615,0.2746669352054596
YDR214W,YDR267C,0,2.0946114,0.19228504598140717,0.642084538936615,0.27476710081100464
YEL054C,YDR252W,0,2.094533,0.19222843647003174,0.642084538936615,0.2748672664165497
YPR094W,YGL153W,0,2.0943618,0.1921718716621399,0.642084538936615,0.2749674320220947
YHL020C,YGL006W,0,2.0941439,0.19211532175540924,0.642084538936615,0.27506762742996216
YPL090C,YLR089C,0,2.094086,0.19205881655216217,0.642084538936615,0.2751677930355072
YMR068W,YDR259C,0,2.0940223,0.19200235605239868,0.642084538936615,0.27526795864105225
YDL117W,YDR231C,0,2.0939736,0.1919459104537964,0.642084538936615,0.2753681242465973
YER016W,YDL010W,0,2.0936556,0.19188950955867767,0.642084538936615,0.27546828985214233
YDR363W,YLR347C,0,2.0934992,0.19183313846588135,0.642084538936615,0.2755684554576874
YLR360W,YML029W,0,2.0934978,0.1917767971754074,0.642084538936615,0.2756686508655548
YDR239C,YDL100C,0,2.0934353,0.19172050058841705,0.642084538936615,0.27576881647109985
YMR232W,YJL046W,0,2.0932815,0.1916642189025879,0.642084538936615,0.2758689820766449
YBL064C,YDR292C,0,2.0930781,0.1916079819202423,0.642084538936615,0.27596914768218994
YMR235C,YKL045W,0,2.092228,0.19155177474021912,0.642084538936615,0.276069313287735
YKR013W,YEL065W,0,2.0919967,0.1914955973625183,0.642084538936615,0.27616947889328003
YPL056C,YMR004W,0,2.0918062,0.1914394646883011,0.642084538936615,0.2762696444988251
YML025C,YNL242W,0,2.0909534,0.19138334691524506,0.642084538936615,0.2763698399066925
YER112W,YHR113W,0,2.0907316,0.1913272738456726,0.642084538936615,0.27647000551223755
YLR008C,YOR371C,0,2.089846,0.19127123057842255,0.642084538936615,0.2765701711177826
YIL026C,YGR207C,0,2.0897467,0.19121523201465607,0.642084538936615,0.27667033672332764
YDR377W,YLR079W,0,2.089453,0.19115924835205078,0.642084538936615,0.2767705023288727
YNL031C,YOR249C,0,2.0893369,0.19110330939292908,0.642084538936615,0.2768706679344177
YIL173W,YPL259C,1,2.088767,0.19133996963500977,0.6430678367614746,0.2768706679344177
YPR105C,YHR202W,0,2.088331,0.19128400087356567,0.6430678367614746,0.27697086334228516
YER032W,YBR244W,0,2.0883021,0.19122807681560516,0.6430678367614746,0.2770710289478302
YBL078C,YBR210W,1,2.0880237,0.19146448373794556,0.6440511345863342,0.2770710289478302
YHR122W,YJL203W,0,2.0879297,0.19140852987766266,0.6440511345863342,0.27717119455337524
YEL044W,YMR164C,0,2.0878382,0.19135262072086334,0.6440511345863342,0.2772713601589203
YCR094W,YOL071W,0,2.0877228,0.19129672646522522,0.6440511345863342,0.27737152576446533
YMR080C,YJR049C,0,2.0874007,0.19124087691307068,0.6440511345863342,0.2774716913700104
YNR075W,YPL176C,0,2.0873692,0.19118505716323853,0.6440511345863342,0.2775718867778778
YJL178C,YKL061W,1,2.0870724,0.19142106175422668,0.6450344324111938,0.2775718867778778
YDR486C,YJL207C,1,2.0869515,0.1916569471359253,0.6460176706314087,0.2775718867778778
YOL109W,YOR362C,0,2.086603,0.19160105288028717,0.6460176706314087,0.27767205238342285
YGL224C,YKL010C,0,2.0864737,0.19154518842697144,0.6460176706314087,0.2777722179889679
YMR237W,YKR035W-A,1,2.0856328,0.19178082048892975,0.6470009684562683,0.2777722179889679
YLL009C,YNR052C,0,2.0855474,0.19172494113445282,0.6470009684562683,0.27787238359451294
YGR208W,YOR030W,0,2.0855436,0.19166909158229828,0.6470009684562683,0.277972549200058
YLR248W,YIL117C,0,2.0850887,0.19161327183246613,0.6470009684562683,0.278072714805603
YOL003C,YFR047C,0,2.0848641,0.19155749678611755,0.6470009684562683,0.27817288041114807
YEL064C,YPR098C,0,2.0844069,0.19150175154209137,0.6470009684562683,0.2782730758190155
YBR024W,YCL050C,0,2.0842323,0.19144602119922638,0.6470009684562683,0.27837324142456055
YLR189C,YFR047C,0,2.0842123,0.19139035046100616,0.6470009684562683,0.2784734070301056
YBR290W,YDR175C,0,2.083912,0.19133469462394714,0.6470009684562683,0.27857357263565063
YLR035C,YHR193C,0,2.0834286,0.1912790685892105,0.6470009684562683,0.2786737382411957
YJL042W,YNL097C,0,2.0823643,0.19122348725795746,0.6470009684562683,0.2787739038467407
YDR430C,YDR145W,0,2.0822077,0.1911679208278656,0.6470009684562683,0.27887409925460815
YCL017C,YDR123C,0,2.0819306,0.19111239910125732,0.6470009684562683,0.2789742648601532
YNL094W,YFR005C,0,2.0818176,0.19105690717697144,0.6470009684562683,0.27907443046569824
YLR393W,YGR041W,0,2.0801547,0.19100144505500793,0.6470009684562683,0.2791745960712433
YPL256C,YNL265C,0,2.0801003,0.19094602763652802,0.6470009684562683,0.27927476167678833
YDR057W,YJL108C,0,2.0797606,0.1908906251192093,0.6470009684562683,0.2793749272823334
YLR260W,YPL013C,0,2.079336,0.19083526730537415,0.6470009684562683,0.2794750928878784
YLR194C,YMR208W,0,2.078668,0.1907799392938614,0.6470009684562683,0.27957528829574585
YNR073C,YPL168W,0,2.0786467,0.19072464108467102,0.6470009684562683,0.2796754539012909
YMR226C,YJR041C,0,2.0781274,0.19066937267780304,0.6470009684562683,0.27977561950683594
YJR049C,YDR438W,0,2.0779681,0.19061413407325745,0.6470009684562683,0.279875785112381
YLR115W,YBR286W,0,2.0775225,0.19055894017219543,0.6470009684562683,0.279975950717926
YGL090W,YMR004W,0,2.077279,0.19050376117229462,0.6470009684562683,0.28007611632347107
YNL250W,YMR024W,0,2.0770185,0.19044862687587738,0.6470009684562683,0.2801763117313385
YOL039W,YMR047C,0,2.076707,0.19039352238178253,0.6470009684562683,0.28027647733688354
YIR037W,YBL021C,0,2.0762901,0.19033844769001007,0.6470009684562683,0.2803766429424286
YDR316W,YGL245W,0,2.0760822,0.19028340280056,0.6470009684562683,0.28047680854797363
YLR170C,YFL044C,0,2.0753925,0.1902283877134323,0.6470009684562683,0.2805769741535187
YJR044C,YBL037W,1,2.075324,0.19046242535114288,0.6479842662811279,0.2805769741535187
YDL081C,YDR039C,0,2.0744708,0.190407395362854,0.6479842662811279,0.2806771397590637
YJL160C,YBR236C,0,2.074336,0.1903523951768875,0.6479842662811279,0.28077733516693115
YGR208W,YBL082C,0,2.0742457,0.1902974247932434,0.6479842662811279,0.2808775007724762
YNL188W,YKR098C,0,2.0741553,0.19024249911308289,0.6479842662811279,0.28097766637802124
YLL053C,YOR066W,0,2.0732517,0.19018758833408356,0.6479842662811279,0.2810778319835663
YEL005C,YOL003C,0,2.07291,0.1901327222585678,0.6479842662811279,0.28117799758911133
YDL139C,YGL017W,0,2.0724087,0.19007787108421326,0.6479842662811279,0.28127816319465637
YIR036C,YGL254W,0,2.0723796,0.19002306461334229,0.6479842662811279,0.2813783288002014
YDR495C,YKL176C,1,2.0720181,0.19025655090808868,0.6489675641059875,0.2813783288002014
YCR094W,YCR071C,0,2.0719233,0.19020172953605652,0.6489675641059875,0.28147852420806885
YBL008W,YBR198C,0,2.0718312,0.19014693796634674,0.6489675641059875,0.2815786898136139
YLR327C,YOR371C,0,2.0715637,0.19009216129779816,0.6489675641059875,0.28167885541915894
YDR283C,YJL174W,0,2.070909,0.19003742933273315,0.6489675641059875,0.281779021024704
YBR131W,YLR170C,1,2.070809,0.1902705878019333,0.6499508619308472,0.281779021024704
YGL179C,YOR036W,0,2.070786,0.1902158260345459,0.6499508619308472,0.281879186630249
YPL175W,YIL005W,0,2.0706434,0.1901611089706421,0.6499508619308472,0.28197935223579407
YAL042W,YPR079W,1,2.070464,0.19039401412010193,0.650934100151062,0.28197935223579407
YHL035C,YPL246C,0,2.0703945,0.19033928215503693,0.650934100151062,0.2820795476436615
YBR193C,YMR283C,0,2.069337,0.19028456509113312,0.650934100151062,0.28217971324920654
YKL033W,YGR256W,0,2.0689855,0.1902298778295517,0.650934100151062,0.2822798788547516
YEL027W,YLR172C,0,2.068949,0.19017523527145386,0.650934100151062,0.28238004446029663
YBL031W,YBR041W,0,2.067875,0.1901206225156784,0.650934100151062,0.2824802100658417
YDR541C,YBR087W,0,2.0674655,0.19006603956222534,0.650934100151062,0.2825803756713867
YBL091C,YNL125C,0,2.0672245,0.19001148641109467,0.650934100151062,0.28268057107925415
YMR055C,YPR033C,0,2.0672143,0.18995696306228638,0.650934100151062,0.2827807366847992
YLR370C,YBR231C,0,2.067066,0.18990246951580048,0.650934100151062,0.28288090229034424
YJL181W,YDL188C,0,2.0669606,0.18984800577163696,0.650934100151062,0.2829810678958893
YNL116W,YLR090W,0,2.0666318,0.18979357182979584,0.650934100151062,0.2830812335014343
YKL002W,YPL270W,0,2.0663922,0.1897391825914383,0.650934100151062,0.28318139910697937
YCR038C,YDR487C,0,2.0662923,0.18968480825424194,0.650934100151062,0.2832815647125244
YDR194C,YNL321W,0,2.066179,0.18963047862052917,0.650934100151062,0.28338176012039185
YOL149W,YNL251C,0,2.0659173,0.1895761787891388,0.650934100151062,0.2834819257259369
YMR042W,YER048C,0,2.0652826,0.1895218938589096,0.650934100151062,0.28358209133148193
YKR039W,YFL048C,1,2.0652454,0.18975386023521423,0.6519173979759216,0.28358209133148193
YAL014C,YHR107C,0,2.0648003,0.18969957530498505,0.6519173979759216,0.283682256937027
YNL321W,YGR178C,0,2.064789,0.18964530527591705,0.6519173979759216,0.283782422542572
YKR088C,YNL292W,0,2.0645022,0.18959107995033264,0.6519173979759216,0.28388258814811707
YOR128C,YLR081W,0,2.064285,0.18953688442707062,0.6519173979759216,0.2839827835559845
YAL062W,YMR184W,0,2.0642197,0.1894827038049698,0.6519173979759216,0.28408294916152954
YAR015W,YJL096W,0,2.0641243,0.18942856788635254,0.6519173979759216,0.2841831147670746
YDR515W,YIL017C,0,2.0640106,0.18937446177005768,0.6519173979759216,0.28428328037261963
YOR086C,YIL075C,0,2.0635815,0.1893203854560852,0.6519173979759216,0.2843834459781647
YDL102W,YKL052C,0,2.0633223,0.18926633894443512,0.6519173979759216,0.2844836115837097
YOR171C,YAL042W,1,2.0627515,0.18949772417545319,0.6529006958007812,0.2844836115837097
YCR081W,YLR193C,0,2.0623384,0.1894436478614807,0.6529006958007812,0.28458380699157715
YOR253W,YOR262W,0,2.0622773,0.18938961625099182,0.6529006958007812,0.2846839725971222
YKL208W,YDR204W,0,2.0619614,0.18933561444282532,0.6529006958007812,0.28478413820266724
YLR403W,YFR042W,0,2.061827,0.1892816424369812,0.6529006958007812,0.2848843038082123
YGL124C,YCL029C,0,2.0612948,0.18922770023345947,0.6529006958007812,0.2849844694137573
YBR289W,YBR193C,0,2.0611615,0.18917378783226013,0.6529006958007812,0.28508463501930237
YDR088C,YER122C,0,2.0606241,0.18911990523338318,0.6529006958007812,0.2851848006248474
YJR042W,YDL020C,0,2.0602243,0.1890660524368286,0.6529006958007812,0.28528499603271484
YBR086C,YLR019W,0,2.060088,0.18901224434375763,0.6529006958007812,0.2853851616382599
YLR234W,YIR022W,0,2.0600302,0.18895845115184784,0.6529006958007812,0.28548532724380493
YGR132C,YBR133C,0,2.0598633,0.18890468776226044,0.6529006958007812,0.28558549284935
YLL010C,YOL068C,0,2.0591989,0.18885096907615662,0.6529006958007812,0.285685658454895
YDR013W,YDR055W,0,2.0589762,0.188797265291214,0.6529006958007812,0.28578582406044006
YKL184W,YER144C,0,2.0588765,0.18874360620975494,0.6529006958007812,0.2858860194683075
YJL076W,YNL181W,0,2.058178,0.1886899620294571,0.6529006958007812,0.28598618507385254
YLR460C,YOL097C,0,2.058124,0.18863636255264282,0.6529006958007812,0.2860863506793976
YFL022C,YDR033W,0,2.0579193,0.18858279287815094,0.6529006958007812,0.2861865162849426
YDL207W,YML126C,0,2.0578957,0.18852923810482025,0.6529006958007812,0.28628668189048767
YPL069C,YCR066W,0,2.057776,0.18847572803497314,0.6529006958007812,0.2863868474960327
YPL072W,YPR201W,0,2.057656,0.18842224776744843,0.6529006958007812,0.28648701310157776
YER058W,YKR062W,0,2.0573945,0.1883687973022461,0.6529006958007812,0.2865872085094452
YOR033C,YBR054W,0,2.0573509,0.18831537663936615,0.6529006958007812,0.28668737411499023
YBR086C,YPR075C,0,2.057185,0.1882619857788086,0.6529006958007812,0.2867875397205353
YNL227C,YLR144C,0,2.0569053,0.18820860981941223,0.6529006958007812,0.2868877053260803
YKL080W,YLR373C,0,2.0558379,0.18815527856349945,0.6529006958007812,0.28698787093162537
YNR040W,YDR097C,0,2.0556235,0.18810197710990906,0.6529006958007812,0.2870880365371704
YLR134W,YAL002W,0,2.055472,0.18804870545864105,0.6529006958007812,0.28718823194503784
YLR323C,YGR101W,0,2.0552497,0.18799546360969543,0.6529006958007812,0.2872883975505829
YPL176C,YIL121W,0,2.0548801,0.1879422515630722,0.6529006958007812,0.28738856315612793
YHR043C,YMR051C,0,2.0548725,0.18788908421993256,0.6529006958007812,0.287488728761673
YOR091W,YHR188C,0,2.0543525,0.1878359317779541,0.6529006958007812,0.287588894367218
YML055W,YDR097C,0,2.0543113,0.18778280913829803,0.6529006958007812,0.28768905997276306
YMR154C,YGL027C,0,2.0542507,0.18772971630096436,0.6529006958007812,0.2877892553806305
YBR253W,YHR193C,0,2.053743,0.18767665326595306,0.6529006958007812,0.28788942098617554
YJR058C,YKL002W,1,2.053604,0.1879061907529831,0.6538839936256409,0.28788942098617554
YLR442C,YJL138C,0,2.0532472,0.1878531128168106,0.6538839936256409,0.2879895865917206
YLR006C,YGL006W,0,2.0530255,0.18780004978179932,0.6538839936256409,0.2880897521972656
YGL049C,YBR301W,0,2.0528834,0.1877470314502716,0.6538839936256409,0.28818991780281067
YOL084W,YMR156C,0,2.0527797,0.18769404292106628,0.6538839936256409,0.2882900834083557
YLR408C,YBR097W,1,2.0527039,0.18792325258255005,0.6548672318458557,0.2882900834083557
YDR412W,YDR011W,0,2.052429,0.18787023425102234,0.6548672318458557,0.28839024901390076
YDL226C,YBR288C,1,2.0522656,0.18809926509857178,0.6558505296707153,0.28839024901390076
YBL019W,YNR061C,0,2.052244,0.18804623186588287,0.6558505296707153,0.2884904444217682
YOR210W,YHR076W,0,2.0520627,0.18799322843551636,0.6558505296707153,0.28859061002731323
YIL173W,YNL287W,1,2.052026,0.1882220357656479,0.656833827495575,0.28859061002731323
YLR310C,YOR127W,0,2.0518355,0.18816901743412018,0.656833827495575,0.2886907756328583
YCR043C,YBL022C,0,2.0509856,0.18811602890491486,0.656833827495575,0.2887909412384033
YOR157C,YIL037C,0,2.0509138,0.18806307017803192,0.656833827495575,0.28889110684394836
YDL226C,YPR079W,1,2.0503166,0.18829157948493958,0.6578171253204346,0.28889110684394836
YMR291W,YMR263W,0,2.0493348,0.18823860585689545,0.6578171253204346,0.2889912724494934
YBR030W,YGR096W,0,2.0492823,0.1881856471300125,0.6578171253204346,0.28909146785736084
YDR536W,YPL049C,0,2.0489702,0.18813273310661316,0.6578171253204346,0.2891916334629059
YDR427W,YGR048W,0,2.0483503,0.1880798488855362,0.6578171253204346,0.2892917990684509
YER114C,YPR068C,0,2.0480819,0.18802697956562042,0.6578171253204346,0.28939196467399597
YNL136W,YPL005W,0,2.047832,0.18797415494918823,0.6578171253204346,0.289492130279541
YIL084C,YER054C,0,2.0476596,0.18792134523391724,0.6578171253204346,0.28959229588508606
YPL211W,YHR188C,0,2.0476,0.18786858022212982,0.6578171253204346,0.2896924912929535
YBR297W,YML016C,0,2.0475419,0.1878158301115036,0.6578171253204346,0.28979265689849854
YJL210W,YGR275W,0,2.0472848,0.18776312470436096,0.6578171253204346,0.2898928225040436
YLL006W,YDR409W,0,2.047215,0.18771043419837952,0.6578171253204346,0.2899929881095886
YOL049W,YHR205W,0,2.0459595,0.18765778839588165,0.6578171253204346,0.29009315371513367
YOR322C,YGL210W,1,2.0450618,0.187885582447052,0.6588003635406494,0.29009315371513367
YDL239C,YLR060W,0,2.0449228,0.18783290684223175,0.6588003635406494,0.2901933193206787
YLR427W,YDL127W,0,2.0447042,0.18778027594089508,0.6588003635406494,0.29029348492622375
YJR131W,YAL002W,0,2.0445921,0.1877276599407196,0.6588003635406494,0.2903936803340912
YML047C,YGL013C,0,2.0443747,0.18767507374286652,0.6588003635406494,0.29049384593963623
YAL011W,YHL017W,0,2.0443525,0.18762251734733582,0.6588003635406494,0.2905940115451813
YBR153W,YOR028C,0,2.0438082,0.1875699907541275,0.6588003635406494,0.2906941771507263
YGL023C,YGL002W,0,2.0434084,0.18751749396324158,0.6588003635406494,0.29079434275627136
YJL042W,YJL207C,0,2.0424652,0.18746502697467804,0.6588003635406494,0.2908945083618164
YHR152W,YBL005W-A,0,2.0423727,0.1874125897884369,0.6588003635406494,0.29099470376968384
YIL085C,YLR176C,0,2.0423377,0.18736018240451813,0.6588003635406494,0.2910948693752289
YJR007W,YNL181W,0,2.042318,0.18730780482292175,0.6588003635406494,0.2911950349807739
YMR268C,YBR207W,0,2.042297,0.18725545704364777,0.6588003635406494,0.29129520058631897
YOR036W,YDR486C,1,2.0422695,0.1874825358390808,0.659783661365509,0.29129520058631897
YOR171C,YDR238C,1,2.0418215,0.1877094954252243,0.6607669591903687,0.29129520058631897
YOR320C,YEL063C,0,2.0416431,0.18765707314014435,0.6607669591903687,0.291395366191864
YIL076W,YMR237W,1,2.040982,0.1878838688135147,0.6617502570152283,0.291395366191864
YKR031C,YLR330W,1,2.040381,0.18811051547527313,0.6627335548400879,0.291395366191864
YDR265W,YNL216W,0,2.0397027,0.1880580335855484,0.6627335548400879,0.29149553179740906
YLR019W,YCR071C,0,2.0396945,0.18800558149814606,0.6627335548400879,0.2915957272052765
YKL167C,YOR026W,0,2.0396912,0.1879531443119049,0.6627335548400879,0.29169589281082153
YOR136W,YLR138W,0,2.039515,0.18790075182914734,0.6627335548400879,0.2917960584163666
YER127W,YOR181W,0,2.0392947,0.18784838914871216,0.6627335548400879,0.2918962240219116
YLR403W,YMR189W,0,2.0392065,0.18779604136943817,0.6627335548400879,0.29199638962745667
YDR177W,YBL023C,0,2.0390964,0.18774373829364777,0.6627335548400879,0.2920965552330017
YNL124W,YAR019C,0,2.0389755,0.18769145011901855,0.6627335548400879,0.29219672083854675
YLR216C,YIR015W,0,2.0388262,0.18763919174671173,0.6627335548400879,0.2922969162464142
YDR108W,YOR155C,0,2.038457,0.1875869780778885,0.6627335548400879,0.29239708185195923
YDR217C,YKR030W,0,2.0382507,0.18753477931022644,0.6627335548400879,0.2924972474575043
YDR210W,YHR091C,0,2.0382435,0.18748261034488678,0.6627335548400879,0.2925974130630493
YNL047C,YGL232W,0,2.0376453,0.1874304711818695,0.6627335548400879,0.29269757866859436
YDL226C,YOL078W,0,2.0373168,0.18737837672233582,0.6627335548400879,0.2927977442741394
YOR002W,YPL221W,0,2.037225,0.18732629716396332,0.6627335548400879,0.29289793968200684
YPR141C,YHR183W,0,2.037003,0.1872742474079132,0.6627335548400879,0.2929981052875519
YDR339C,YNL243W,0,2.0367334,0.18722222745418549,0.6627335548400879,0.2930982708930969
YDR538W,YGR008C,0,2.036508,0.18717023730278015,0.6627335548400879,0.29319843649864197
YLR248W,YGR203W,0,2.036036,0.187118262052536,0.6627335548400879,0.293298602104187
YGR188C,YMR130W,0,2.0358062,0.18706633150577545,0.6627335548400879,0.29339876770973206
YNL129W,YOR354C,0,2.0356827,0.18701443076133728,0.6627335548400879,0.2934989333152771
YMR170C,YDR255C,0,2.0349593,0.1869625449180603,0.6627335548400879,0.29359912872314453
YNL048W,YDR105C,0,2.0349574,0.1869107037782669,0.6627335548400879,0.2936992943286896
YMR012W,YIL036W,0,2.0347302,0.1868588924407959,0.6627335548400879,0.2937994599342346
YBR293W,YLR128W,0,2.0344126,0.18680709600448608,0.6627335548400879,0.29389962553977966
YLR330W,YCR094W,1,2.0342925,0.18703241646289825,0.6637167930603027,0.29389962553977966
YJR094W-A,YPL155C,0,2.0342438,0.18698060512542725,0.6637167930603027,0.2939997911453247
YPL170W,YLR396C,1,2.0339582,0.18720576167106628,0.6647000908851624,0.2939997911453247
YGR215W,YDL195W,0,2.0338721,0.18715393543243408,0.6647000908851624,0.29409995675086975
YOR155C,YPR061C,0,2.03379,0.18710212409496307,0.6647000908851624,0.2942001521587372
YIL131C,YGR181W,0,2.0327384,0.18705035746097565,0.6647000908851624,0.2943003177642822
YMR207C,YNL265C,0,2.0327194,0.1869986206293106,0.6647000908851624,0.29440048336982727
YER159C,YJR022W,0,2.0326617,0.18694689869880676,0.6647000908851624,0.2945006489753723
YKL101W,YBR008C,0,2.0325336,0.1868952214717865,0.6647000908851624,0.29460081458091736
YDR025W,YBR068C,0,2.0322082,0.18684355914592743,0.6647000908851624,0.2947009801864624
YER172C,YMR177W,0,2.0320435,0.18679192662239075,0.6647000908851624,0.29480117559432983
YJL008C,YHR153C,0,2.031955,0.18674033880233765,0.6647000908851624,0.2949013411998749
YMR152W,YNL331C,0,2.031674,0.18668876588344574,0.6647000908851624,0.2950015068054199
YJL207C,YMR029C,0,2.030981,0.18663722276687622,0.6647000908851624,0.29510167241096497
YMR072W,YMR199W,0,2.0306737,0.1865857094526291,0.6647000908851624,0.29520183801651
YBR082C,YBR035C,0,2.0298054,0.18653421103954315,0.6647000908851624,0.29530200362205505
YBL007C,YHR108W,1,2.0294821,0.1867586225271225,0.665683388710022,0.29530200362205505
YHR024C,YBR083W,0,2.029331,0.18670710921287537,0.665683388710022,0.2954021692276001
YOR076C,YBR214W,0,2.0291667,0.18665564060211182,0.665683388710022,0.29550236463546753
YOR016C,YJR025C,0,2.0289805,0.18660418689250946,0.665683388710022,0.2956025302410126
YFR025C,YCL051W,0,2.0287473,0.1865527629852295,0.665683388710022,0.2957026958465576
YNL265C,YHL047C,1,2.0284836,0.18677686154842377,0.6666666865348816,0.2957026958465576
YPL186C,YGL002W,0,2.0280724,0.1867254227399826,0.6666666865348816,0.29580286145210266
YLR361C,YBR135W,0,2.0279365,0.18667401373386383,0.6666666865348816,0.2959030270576477
YAR071W,YKL112W,0,2.0270941,0.18662261962890625,0.6666666865348816,0.29600319266319275
YER173W,YPR173C,0,2.0259895,0.18657127022743225,0.6666666865348816,0.2961033880710602
YER058W,YKR098C,0,2.025943,0.18651995062828064,0.6666666865348816,0.2962035536766052
YPL126W,YOL126C,0,2.0259302,0.18646864593029022,0.6666666865348816,0.29630371928215027
YFR003C,YDL210W,0,2.0255787,0.1864173710346222,0.6666666865348816,0.2964038848876953
YER020W,YOR254C,0,2.0253336,0.18636614084243774,0.6666666865348816,0.29650405049324036
YEL065W,YPR181C,1,2.0251167,0.18658971786499023,0.6676499247550964,0.29650405049324036
YDL178W,YKL073W,0,2.0250413,0.1865384578704834,0.6676499247550964,0.2966042160987854
YGR202C,YDR200C,0,2.0249193,0.18648722767829895,0.6676499247550964,0.29670441150665283
YGL093W,YNR036C,0,2.0248184,0.1864360272884369,0.6676499247550964,0.2968045771121979
YGL040C,YJR068W,0,2.024486,0.18638484179973602,0.6676499247550964,0.2969047427177429
YOR171C,YPL259C,1,2.024434,0.18660812079906464,0.668633222579956,0.2969047427177429
YBR264C,YAL010C,0,2.0240316,0.18655692040920258,0.668633222579956,0.29700490832328796
YDL072C,YCR102C,0,2.0235724,0.1865057647228241,0.668633222579956,0.297105073928833
YOR036W,YHL047C,1,2.0233586,0.1867288202047348,0.6696165204048157,0.297105073928833
YCR017C,YDR098C,0,2.023004,0.18667763471603394,0.6696165204048157,0.29720523953437805
YDL108W,YNL149C,0,2.0228002,0.18662647902965546,0.6696165204048157,0.2973054051399231
YPL173W,YIL113W,0,2.0224247,0.18657533824443817,0.6696165204048157,0.2974056005477905
YPR009W,YML078W,0,2.0220625,0.18652424216270447,0.6696165204048157,0.29750576615333557
YKL054C,YNL023C,0,2.0218842,0.18647316098213196,0.6696165204048157,0.2976059317588806
YLR259C,YLL038C,0,2.02176,0.18642212450504303,0.6696165204048157,0.29770609736442566
YGL136C,YPL135W,0,2.0211093,0.1863711029291153,0.6696165204048157,0.2978062629699707
YJL122W,YIL009C-A,0,2.0210245,0.18632011115550995,0.6696165204048157,0.29790642857551575
YDR462W,YPL115C,0,2.0205233,0.186269149184227,0.6696165204048157,0.2980066239833832
YDR134C,YBR229C,0,2.020477,0.18621821701526642,0.6696165204048157,0.2981067895889282
YMR189W,YNL248C,0,2.019965,0.18616729974746704,0.6696165204048157,0.29820695519447327
YPL079W,YAL010C,0,2.0197468,0.18611642718315125,0.6696165204048157,0.2983071208000183
YNL054W,YLR265C,0,2.0195463,0.18606556951999664,0.6696165204048157,0.29840728640556335
YOR129C,YNL263C,0,2.019112,0.18601475656032562,0.6696165204048157,0.2985074520111084
YGL121C,YJL210W,0,2.0190787,0.1859639585018158,0.6696165204048157,0.29860764741897583
YER180C,YMR198W,0,2.0189576,0.18591319024562836,0.6696165204048157,0.2987078130245209
YJL083W,YNL214W,0,2.0188076,0.1858624517917633,0.6696165204048157,0.2988079786300659
YMR298W,YER007W,0,2.0187335,0.18581172823905945,0.6696165204048157,0.29890814423561096
YPR019W,YNR056C,0,2.0186875,0.18576104938983917,0.6696165204048157,0.299008309841156
YGR142W,YGR167W,1,2.018011,0.1859830915927887,0.6705998182296753,0.299008309841156
YNL329C,YLR431C,0,2.017945,0.18593238294124603,0.6705998182296753,0.29910847544670105
YNL169C,YER096W,0,2.0176938,0.18588171899318695,0.6705998182296753,0.2992086410522461
YBR265W,YIL023C,0,2.0172777,0.18583106994628906,0.6705998182296753,0.2993088364601135
YLR007W,YIR031C,0,2.017276,0.18578043580055237,0.6705998182296753,0.29940900206565857
YCR034W,YGL033W,0,2.017136,0.18572984635829926,0.6705998182296753,0.2995091676712036
YPL174C,YNR001C,0,2.017036,0.18567928671836853,0.6705998182296753,0.29960933327674866
YOR171C,YGL225W,1,2.016688,0.18590092658996582,0.6715831160545349,0.29960933327674866
YKL042W,YGL022W,0,2.0166676,0.1858503371477127,0.6715831160545349,0.2997094988822937
YJR161C,YOR384W,0,2.0164483,0.18579977750778198,0.6715831160545349,0.29980966448783875
YDR266C,YBL006C,0,2.0164187,0.18574924767017365,0.6715831160545349,0.2999098598957062
YLR204W,YMR281W,0,2.016264,0.1856987476348877,0.6715831160545349,0.3000100255012512
YDR088C,YNL036W,0,2.0158377,0.18564827740192413,0.6715831160545349,0.30011019110679626
YDL081C,YPL202C,0,2.0156486,0.18559782207012177,0.6715831160545349,0.3002103567123413
YGR041W,YGL022W,0,2.0155861,0.18554741144180298,0.6715831160545349,0.30031052231788635
YLR025W,YLR170C,1,2.0155528,0.18576860427856445,0.6725663542747498,0.30031052231788635
YJR077C,YDL180W,0,2.0153677,0.18571816384792328,0.6725663542747498,0.3004106879234314
YLR439W,YGL043W,0,2.0152266,0.1856677532196045,0.6725663542747498,0.30051088333129883
YML091C,YGL106W,0,2.01518,0.1856173723936081,0.6725663542747498,0.30061104893684387
YGR023W,YML048W,0,2.014919,0.1855670064687729,0.6725663542747498,0.3007112145423889
YFL016C,YKL088W,0,2.0143588,0.18551668524742126,0.6725663542747498,0.30081138014793396
YIL155C,YGL210W,0,2.0143044,0.18546637892723083,0.6725663542747498,0.300911545753479
YKL197C,YDR409W,0,2.01388,0.1854161024093628,0.6725663542747498,0.30101171135902405
YLR248W,YBR175W,0,2.0136218,0.18536585569381714,0.6725663542747498,0.3011118769645691
YOR322C,YLR208W,1,2.013607,0.18558655679225922,0.6735496520996094,0.3011118769645691
YLR226W,YGR092W,0,2.0134447,0.18553629517555237,0.6735496520996094,0.3012120723724365
YOR356W,YPR094W,0,2.0134141,0.1854860484600067,0.6735496520996094,0.30131223797798157
YOR001W,YAL044C,0,2.0131853,0.18543584644794464,0.6735496520996094,0.3014124035835266
YNL049C,YNL297C,1,2.0127373,0.18565629422664642,0.674532949924469,0.3014124035835266
YLR427W,YKL188C,0,2.0125566,0.18560606241226196,0.674532949924469,0.30151256918907166
YIL014W,YDR354W,0,2.0124533,0.1855558604001999,0.674532949924469,0.3016127347946167
YJR108W,YGR166W,0,2.0120068,0.185505673289299,0.674532949924469,0.30171290040016174
YNL194C,YEL047C,0,2.0110288,0.1854555308818817,0.674532949924469,0.3018130958080292
YNL325C,YNL135C,0,2.0108588,0.1854054033756256,0.674532949924469,0.3019132614135742
YIR006C,YOL018C,1,2.0107403,0.18562550842761993,0.6755162477493286,0.3019132614135742
YEL050C,YER031C,0,2.0103137,0.18557536602020264,0.6755162477493286,0.30201342701911926
YHL038C,YIL044C,0,2.0098143,0.18552525341510773,0.6755162477493286,0.3021135926246643
YAR015W,YIL101C,0,2.0093343,0.185475155711174,0.6755162477493286,0.30221375823020935
YBR204C,YNL035C,0,2.0091717,0.18542510271072388,0.6755162477493286,0.3023139238357544
YHR063C,YLL066C,0,2.0090835,0.18537506461143494,0.6755162477493286,0.30241408944129944
YGL079W,YLR210W,0,2.0088239,0.18532505631446838,0.6755162477493286,0.30251428484916687
YDL239C,YJL210W,0,2.0087209,0.18527507781982422,0.6755162477493286,0.3026144504547119
YMR088C,YAL021C,0,2.0084796,0.18522512912750244,0.6755162477493286,0.30271461606025696
YKL173W,YBR193C,0,2.0084298,0.18517519533634186,0.6755162477493286,0.302814781665802
YOR017W,YLL031C,0,2.0078542,0.18512530624866486,0.6755162477493286,0.30291494727134705
YER082C,YGR261C,0,2.0077484,0.18507543206214905,0.6755162477493286,0.3030151128768921
YPL235W,YGL025C,0,2.0077384,0.18502558767795563,0.6755162477493286,0.3031153082847595
YBR023C,YNL069C,0,2.0076647,0.1849757730960846,0.6755162477493286,0.30321547389030457
YDL043C,YJL002C,0,2.0069926,0.18492597341537476,0.6755162477493286,0.3033156394958496
YFL005W,YMR110C,1,2.0069563,0.1851453185081482,0.6764994859695435,0.3033156394958496
YMR002W,YML110C,0,2.0068564,0.18509550392627716,0.6764994859695435,0.30341580510139465
YJR135W-A,YNL330C,0,2.0068054,0.18504571914672852,0.6764994859695435,0.3035159707069397
YMR162C,YFR019W,1,2.006558,0.18526485562324524,0.6774827837944031,0.3035159707069397
YDR302W,YIL067C,0,2.0065079,0.1852150559425354,0.6774827837944031,0.30361613631248474
YIL106W,YGR061C,0,2.0061722,0.18516527116298676,0.6774827837944031,0.3037163317203522
YGR083C,YGL254W,0,2.006071,0.1851155310869217,0.6774827837944031,0.3038164973258972
YGR218W,YGR157W,0,2.0057082,0.18506580591201782,0.6774827837944031,0.30391666293144226
YNL136W,YNL046W,0,2.0044122,0.18501611053943634,0.6774827837944031,0.3040168285369873
YGL063W,YOR330C,0,2.0043564,0.18496644496917725,0.6774827837944031,0.30411699414253235
YGR275W,YOL027C,0,2.003448,0.18491679430007935,0.6774827837944031,0.3042171597480774
YDL117W,YGR181W,0,2.003266,0.18486718833446503,0.6774827837944031,0.30431732535362244
YOL140W,YJL153C,0,2.0027156,0.1848175972700119,0.6774827837944031,0.30441752076148987
YKR072C,YBL036C,0,2.0020201,0.18476803600788116,0.6774827837944031,0.3045176863670349
YMR043W,YER122C,0,2.0019047,0.18471850454807281,0.6774827837944031,0.30461785197257996
YOR039W,YGR029W,0,2.0018003,0.18466898798942566,0.6774827837944031,0.304718017578125
YKL192C,YHR001W,0,2.0016956,0.1846195012331009,0.6774827837944031,0.30481818318367004
YOR244W,YLR214W,0,2.0016825,0.1845700442790985,0.6774827837944031,0.3049183487892151
YLR086W,YKL032C,0,2.0009174,0.18452061712741852,0.6774827837944031,0.3050185441970825
YFR055W,YDR510W,0,2.0007744,0.1844712197780609,0.6774827837944031,0.30511870980262756
YML070W,YBR265W,0,2.0007102,0.1844218373298645,0.6774827837944031,0.3052188754081726
YDR379W,YOR033C,0,2.0004365,0.18437248468399048,0.6774827837944031,0.30531904101371765
YPR097W,YML102W,0,2.0001028,0.18432316184043884,0.6774827837944031,0.3054192066192627
YHR044C,YLL052C,0,1.9998527,0.1842738687992096,0.6774827837944031,0.30551937222480774
YPR106W,YMR024W,0,1.999638,0.18422460556030273,0.6774827837944031,0.30561956763267517
YPR174C,YLR022C,0,1.9992149,0.18417535722255707,0.6774827837944031,0.3057197332382202
YFR015C,YIL106W,0,1.9988576,0.1841261386871338,0.6774827837944031,0.30581989884376526
YJR064W,YNR007C,0,1.9988321,0.1840769499540329,0.6774827837944031,0.3059200644493103
YOR140W,YEL061C,0,1.9988023,0.1840277761220932,0.6774827837944031,0.30602023005485535
YBR199W,YER007W,0,1.9986928,0.1839786320924759,0.6774827837944031,0.3061203956604004
YFR015C,YIL171W,0,1.9984342,0.18392951786518097,0.6774827837944031,0.30622056126594543
YDR515W,YOR231W,0,1.9983745,0.18388043344020844,0.6774827837944031,0.30632075667381287
YHR108W,YMR223W,0,1.9982765,0.1838313788175583,0.6774827837944031,0.3064209222793579
YMR149W,YDL106C,0,1.9977818,0.18378233909606934,0.6774827837944031,0.30652108788490295
YIL043C,YNL166C,0,1.9976137,0.18373332917690277,0.6774827837944031,0.306621253490448
YHR076W,YAL007C,0,1.99715,0.1836843490600586,0.6774827837944031,0.30672141909599304
YOR046C,YJL099W,0,1.9968181,0.1836353987455368,0.6774827837944031,0.3068215847015381
YOR077W,YOL012C,0,1.9962716,0.1835864633321762,0.6774827837944031,0.3069217801094055
YER072W,YOR056C,0,1.9957535,0.183537557721138,0.6774827837944031,0.30702194571495056
YOR075W,YIL075C,0,1.9955202,0.18348868191242218,0.6774827837944031,0.3071221113204956
YCR091W,YNL056W,0,1.9954883,0.18343983590602875,0.6774827837944031,0.30722227692604065
YDL195W,YNL093W,1,1.9950697,0.18365716934204102,0.6784660816192627,0.30722227692604065
YGL077C,YNL272C,0,1.9949658,0.1836083084344864,0.6784660816192627,0.3073224425315857
YHR067W,YBL106C,0,1.9949014,0.18355946242809296,0.6784660816192627,0.30742260813713074
YOR391C,YBR112C,0,1.9948694,0.18351063132286072,0.6784660816192627,0.30752280354499817
YDR541C,YHR090C,0,1.9945822,0.18346184492111206,0.6784660816192627,0.3076229691505432
YDL137W,YNL093W,1,1.9941518,0.18367889523506165,0.6794493794441223,0.3076229691505432
YDL082W,YEL032W,0,1.9939148,0.1836300790309906,0.6794493794441223,0.30772313475608826
YJR046W,YDR054C,0,1.9933565,0.18358129262924194,0.6794493794441223,0.3078233003616333
YLR128W,YBR060C,0,1.9933553,0.18353253602981567,0.6794493794441223,0.30792346596717834
YOR205C,YLL054C,0,1.9929975,0.1834838092327118,0.6794493794441223,0.3080236315727234
YML127W,YOL091W,0,1.9929539,0.1834350973367691,0.6794493794441223,0.30812379717826843
YER146W,YGL032C,0,1.9927987,0.1833864152431488,0.6794493794441223,0.30822399258613586
YDR194C,YGR256W,0,1.9927764,0.1833377480506897,0.6794493794441223,0.3083241581916809
YMR139W,YBR033W,0,1.9925113,0.18328912556171417,0.6794493794441223,0.30842432379722595
YDR031W,YOR003W,0,1.992051,0.18324051797389984,0.6794493794441223,0.308524489402771
YGL225W,YNL192W,1,1.9915651,0.18345704674720764,0.6804326176643372,0.308524489402771
YDR440W,YAL043C,0,1.9911855,0.18340842425823212,0.6804326176643372,0.30862465500831604
YNL316C,YGL104C,0,1.9910433,0.18335983157157898,0.6804326176643372,0.3087248206138611
YPL075W,YOR367W,0,1.9902788,0.18331125378608704,0.6804326176643372,0.3088250160217285
YAL020C,YGL145W,0,1.9902594,0.18326270580291748,0.6804326176643372,0.30892518162727356
YMR307W,YDR170C,1,1.9899718,0.1834789514541626,0.6814159154891968,0.30892518162727356
YMR162C,YLR170C,1,1.9899192,0.18369507789611816,0.6823992133140564,0.30892518162727356
YDR293C,YMR223W,0,1.9897391,0.18364647030830383,0.6823992133140564,0.3090253472328186
YBL057C,YPL181W,0,1.9895115,0.1835978776216507,0.6823992133140564,0.30912551283836365
YMR289W,YDR110W,0,1.9895073,0.18354932963848114,0.6823992133140564,0.3092256784439087
YER075C,YPR020W,0,1.9893754,0.18350079655647278,0.6823992133140564,0.30932584404945374
YGL100W,YAL009W,0,1.9886615,0.1834522932767868,0.6823992133140564,0.3094260096549988
YDR311W,YDR210W,0,1.9871361,0.18340380489826202,0.6823992133140564,0.3095262050628662
YOR229W,YDR438W,0,1.9871287,0.18335534632205963,0.6823992133140564,0.30962637066841125
YFR021W,YDR484W,1,1.9869597,0.18357105553150177,0.683382511138916,0.30962637066841125
YOL019W,YDL018C,0,1.9867558,0.18352258205413818,0.683382511138916,0.3097265362739563
YPL045W,YDR456W,1,1.9866889,0.1837381273508072,0.6843658089637756,0.3097265362739563
YHR017W,YOR073W,0,1.9863195,0.18368962407112122,0.6843658089637756,0.30982670187950134
YOL149W,YBL056W,0,1.986172,0.18364116549491882,0.6843658089637756,0.3099268674850464
YHL025W,YOL003C,0,1.9854919,0.18359272181987762,0.6843658089637756,0.31002703309059143
YER056C,YLR364W,0,1.9850564,0.1835443079471588,0.6843658089637756,0.31012722849845886
YOR132W,YMR159C,1,1.9843788,0.18375955522060394,0.6853490471839905,0.31012722849845886
YGL136C,YDR270W,0,1.984366,0.18371112644672394,0.6853490471839905,0.3102273941040039
YCR043C,YML012W,0,1.984164,0.18366271257400513,0.6853490471839905,0.31032755970954895
YBL105C,YKR050W,0,1.9841278,0.1836143285036087,0.6853490471839905,0.310427725315094
YNL096C,YDR265W,0,1.9840478,0.18356597423553467,0.6853490471839905,0.31052789092063904
YBR105C,YJR058C,1,1.9837265,0.18378093838691711,0.6863323450088501,0.31052789092063904
YLR167W,YHR172W,0,1.9837162,0.1837325543165207,0.6863323450088501,0.3106280565261841
YPR068C,YPL046C,0,1.983669,0.18368421494960785,0.6863323450088501,0.3107282519340515
YER141W,YDR085C,0,1.9836035,0.1836358904838562,0.6863323450088501,0.31082841753959656
YOR144C,YER004W,0,1.9831419,0.18358758091926575,0.6863323450088501,0.3109285831451416
YGR055W,YLR057W,0,1.9831352,0.18353931605815887,0.6863323450088501,0.31102874875068665
YCR048W,YGL085W,0,1.9831216,0.1834910660982132,0.6863323450088501,0.3111289143562317
YJR005W,YCL008C,1,1.9829742,0.1837056577205658,0.6873156428337097,0.3111289143562317
YGR005C,YJR035W,0,1.9825433,0.18365737795829773,0.6873156428337097,0.31122907996177673
YBR023C,YHL002W,1,1.982486,0.1838718205690384,0.6882989406585693,0.31122907996177673
YOL137W,YDR178W,0,1.9819939,0.18382352590560913,0.6882989406585693,0.3113292455673218
YJR010C-A,YBR237W,0,1.9811164,0.18377527594566345,0.6882989406585693,0.3114294409751892
YIL167W,YDL129W,0,1.9808393,0.18372704088687897,0.6882989406585693,0.31152960658073425
YAL032C,YPL231W,0,1.9808288,0.18367882072925568,0.6882989406585693,0.3116297721862793
YPR183W,YOR383C,0,1.9805392,0.18363064527511597,0.6882989406585693,0.31172993779182434
YLR426W,YOR158W,0,1.9805282,0.18358248472213745,0.6882989406585693,0.3118301033973694
YNL218W,YFR027W,0,1.9797374,0.18353435397148132,0.6882989406585693,0.31193026900291443
YGL135W,YBL091C,0,1.9794915,0.1834862381219864,0.6882989406585693,0.31203046441078186
YCR020C,YBL101C,0,1.979336,0.18343815207481384,0.6882989406585693,0.3121306300163269
YOR321W,YML015C,0,1.9792504,0.18339009582996368,0.6882989406585693,0.31223079562187195
YCR071C,YJL001W,0,1.9789634,0.1833420693874359,0.6882989406585693,0.312330961227417
YLR274W,YOR019W,0,1.9785813,0.18329405784606934,0.6882989406585693,0.31243112683296204
YOL088C,YNL118C,0,1.9784621,0.18324607610702515,0.6882989406585693,0.3125312924385071
YKL069W,YBR176W,0,1.9781127,0.18319810926914215,0.6882989406585693,0.3126314878463745
YPL258C,YML098W,0,1.9777627,0.18315018713474274,0.6882989406585693,0.31273165345191956
YER141W,YBL022C,0,1.9774688,0.18310227990150452,0.6882989406585693,0.3128318190574646
YNL083W,YCR097W,0,1.9773734,0.1830543875694275,0.6882989406585693,0.31293198466300964
YIL115C,YNL003C,0,1.9766061,0.18300653994083405,0.6882989406585693,0.3130321502685547
YPL089C,YPL271W,0,1.9765706,0.1829587072134018,0.6882989406585693,0.31313231587409973
YKL005C,YPR068C,0,1.9758092,0.18291088938713074,0.6882989406585693,0.3132324814796448
YJR091C,YPR145W,0,1.9755802,0.18286311626434326,0.6882989406585693,0.3133326768875122
YMR068W,YIL067C,0,1.9749537,0.18281535804271698,0.6882989406585693,0.31343284249305725
YGR060W,YCL038C,0,1.97486,0.18276762962341309,0.6882989406585693,0.3135330080986023
YJR058C,YBR288C,1,1.974421,0.18298093974590302,0.6892821788787842,0.3135330080986023
YHR096C,YPR165W,0,1.9742665,0.18293319642543793,0.6892821788787842,0.31363317370414734
YHR024C,YNL327W,0,1.9741579,0.18288546800613403,0.6892821788787842,0.3137333393096924
YDR317W,YMR261C,0,1.9739203,0.18283776938915253,0.6892821788787842,0.3138335049152374
YJR001W,YGR013W,0,1.9739163,0.18279008567333221,0.6892821788787842,0.31393370032310486
YOR295W,YFL018C,0,1.973772,0.18274244666099548,0.6892821788787842,0.3140338659286499
YLR298C,YAL048C,0,1.9736341,0.18269480764865875,0.6892821788787842,0.31413403153419495
YMR119W,YPR101W,0,1.9735732,0.1826472133398056,0.6892821788787842,0.31423419713974
YBR107C,YER147C,0,1.9735045,0.18259963393211365,0.6892821788787842,0.31433436274528503
YNL321W,YFR015C,0,1.9734154,0.18255208432674408,0.6892821788787842,0.3144345283508301
YPL091W,YDL205C,0,1.9728712,0.1825045496225357,0.6892821788787842,0.3145347237586975
YJL074C,YER155C,0,1.9726863,0.1824570596218109,0.6892821788787842,0.31463488936424255
YDR115W,YLL067C,0,1.9722991,0.18240956962108612,0.6892821788787842,0.3147350549697876
YPL209C,YDR359C,0,1.9721626,0.1823621243238449,0.6892821788787842,0.31483522057533264
YLR293C,YNL330C,0,1.9717174,0.1823146939277649,0.6892821788787842,0.3149353861808777
YHR178W,YPL116W,0,1.9715933,0.18226729333400726,0.6892821788787842,0.31503555178642273
YKR029C,YML008C,0,1.9715462,0.18221990764141083,0.6892821788787842,0.3151357173919678
YJL106W,YJL045W,0,1.9710398,0.18217255175113678,0.6892821788787842,0.3152359127998352
YMR070W,YLR166C,0,1.9709866,0.18212522566318512,0.6892821788787842,0.31533607840538025
YBL008W,YLR181C,0,1.9707042,0.18207792937755585,0.6892821788787842,0.3154362440109253
YBR023C,YDR425W,1,1.9705915,0.18229031562805176,0.6902654767036438,0.3154362440109253
YPL149W,YLR286C,0,1.9704177,0.1822429895401001,0.6902654767036438,0.31553640961647034
YDL144C,YJL050W,0,1.9699863,0.18219569325447083,0.6902654767036438,0.3156365752220154
YOR048C,YNL190W,0,1.9694704,0.18214841187000275,0.6902654767036438,0.3157367408275604
YPL249C,YPR079W,1,1.9694631,0.18236057460308075,0.6912487745285034,0.3157367408275604
YBL030C,YER157W,0,1.9694191,0.18231327831745148,0.6912487745285034,0.31583693623542786
YFR025C,YKL046C,0,1.9689677,0.1822660118341446,0.6912487745285034,0.3159371018409729
YKL060C,YML082W,0,1.9685247,0.1822187602519989,0.6912487745285034,0.31603726744651794
YPL009C,YMR278W,0,1.9685178,0.1821715533733368,0.6912487745285034,0.316137433052063
YER106W,YPR073C,0,1.968142,0.18212434649467468,0.6912487745285034,0.31623759865760803
YKL002W,YOR143C,0,1.9679193,0.18207718431949615,0.6912487745285034,0.3163377642631531
YML120C,YPR114W,0,1.96791,0.18203003704547882,0.6912487745285034,0.3164379298686981
YOR260W,YAL015C,0,1.9673561,0.18198291957378387,0.6912487745285034,0.31653812527656555
YDR078C,YPL037C,0,1.9672664,0.18193581700325012,0.6912487745285034,0.3166382908821106
YPR063C,YLR275W,0,1.9668316,0.18188874423503876,0.6912487745285034,0.31673845648765564
YKR013W,YHR194W,0,1.9664038,0.18184170126914978,0.6912487745285034,0.3168386220932007
YNR006W,YGR163W,1,1.9663966,0.18205326795578003,0.692232072353363,0.3168386220932007
YLR446W,YIL153W,0,1.9661713,0.18200621008872986,0.692232072353363,0.3169387876987457
YER113C,YBR198C,0,1.9661219,0.18195916712284088,0.692232072353363,0.31703895330429077
YMR060C,YMR041C,0,1.9658697,0.1819121390581131,0.692232072353363,0.3171391487121582
YLR248W,YGL232W,0,1.9646351,0.1818651556968689,0.692232072353363,0.31723931431770325
YMR119W,YNL299W,0,1.9645476,0.1818181872367859,0.692232072353363,0.3173394799232483
YJL116C,YOL055C,0,1.9645009,0.18177123367786407,0.692232072353363,0.31743964552879333
YDR143C,YBR087W,0,1.9642887,0.18172430992126465,0.692232072353363,0.3175398111343384
YOR144C,YOR158W,0,1.9641902,0.1816774159669876,0.692232072353363,0.3176399767398834
YOR369C,YKL052C,0,1.9639118,0.18163055181503296,0.692232072353363,0.31774017214775085
YLR371W,YKR099W,0,1.9637215,0.1815837025642395,0.692232072353363,0.3178403377532959
YEL051W,YFL053W,0,1.963393,0.18153686821460724,0.692232072353363,0.31794050335884094
YKL211C,YIL004C,0,1.9633076,0.18149007856845856,0.692232072353363,0.318040668964386
YHR005C,YDR045C,0,1.9631424,0.18144330382347107,0.692232072353363,0.31814083456993103
YLR098C,YLR011W,0,1.9625078,0.18139654397964478,0.692232072353363,0.3182410001754761
YJL076W,YDR032C,0,1.9621167,0.18134981393814087,0.692232072353363,0.3183411657810211
YJR077C,YOL011W,0,1.9617406,0.18130311369895935,0.692232072353363,0.31844136118888855
YKR020W,YDR486C,1,1.9615091,0.18151390552520752,0.6932153105735779,0.31844136118888855
YKL181W,YBR058C,0,1.9610664,0.1814671754837036,0.6932153105735779,0.3185415267944336
YPL128C,YLR022C,0,1.9607003,0.1814204901456833,0.6932153105735779,0.31864169239997864
YNL206C,YKL012W,0,1.9605755,0.18137380480766296,0.6932153105735779,0.3187418580055237
YER048C,YML007W,0,1.9603356,0.18132716417312622,0.6932153105735779,0.3188420236110687
YDR501W,YGR207C,0,1.9599525,0.18128053843975067,0.6932153105735779,0.31894218921661377
YCR004C,YAL021C,0,1.9599305,0.18123392760753632,0.6932153105735779,0.3190423846244812
YPR028W,YLR398C,0,1.9594333,0.18118736147880554,0.6932153105735779,0.31914255023002625
YFL037W,YDR376W,0,1.9593725,0.18114079535007477,0.6932153105735779,0.3192427158355713
YEL065W,YLR170C,1,1.9591658,0.18135114014148712,0.6941986083984375,0.3192427158355713
YNL103W,YBL101C,0,1.9588004,0.18130457401275635,0.6941986083984375,0.31934288144111633
YOR150W,YML102W,0,1.9587438,0.18125802278518677,0.6941986083984375,0.3194430470466614
YOR253W,YPL103C,0,1.9585347,0.18121150135993958,0.6941986083984375,0.3195432126522064
YGL104C,YJL003W,0,1.9583483,0.18116499483585358,0.6941986083984375,0.31964340806007385
YGR060W,YGR074W,0,1.9579355,0.18111851811408997,0.6941986083984375,0.3197435736656189
YKR097W,YKL167C,0,1.9578147,0.18107207119464874,0.6941986083984375,0.31984373927116394
YOR322C,YGL137W,1,1.9576875,0.18128205835819244,0.6951819062232971,0.31984373927116394
YPL079W,YER083C,0,1.9575461,0.18123558163642883,0.6951819062232971,0.319943904876709
YOR363C,YNL161W,0,1.9571728,0.1811891347169876,0.6951819062232971,0.32004407048225403
YBR251W,YAL002W,0,1.9569464,0.18114271759986877,0.6951819062232971,0.3201442360877991
YBR079C,YDR483W,0,1.956667,0.18109631538391113,0.6951819062232971,0.3202444016933441
YLR127C,YIL112W,0,1.956259,0.18104994297027588,0.6951819062232971,0.32034459710121155
YPL060W,YOR067C,0,1.9561605,0.18100358545780182,0.6951819062232971,0.3204447627067566
YIL068C,YLR453C,0,1.9558524,0.18095725774765015,0.6951819062232971,0.32054492831230164
YMR060C,YKR097W,0,1.9555176,0.18091094493865967,0.6951819062232971,0.3206450939178467
YJL076W,YDR354W,0,1.9554102,0.18086467683315277,0.6951819062232971,0.3207452595233917
YNL199C,YLR067C,0,1.9552245,0.18081840872764587,0.6951819062232971,0.32084542512893677
YBL038W,YOR014W,0,1.9549047,0.18077218532562256,0.6951819062232971,0.3209456205368042
YNL059C,YDR096W,0,1.9548504,0.18072597682476044,0.6951819062232971,0.32104578614234924
YDR399W,YML027W,0,1.9547411,0.1806797832250595,0.6951819062232971,0.3211459517478943
YCR004C,YER048W-A,0,1.9546763,0.18063361942768097,0.6951819062232971,0.32124611735343933
YGL167C,YHR043C,0,1.9546101,0.18058748543262482,0.6951819062232971,0.3213462829589844
YGL058W,YHR045W,0,1.9544649,0.18054136633872986,0.6951819062232971,0.3214464485645294
YOR011W,YMR282C,0,1.9540472,0.1804952770471573,0.6951819062232971,0.32154664397239685
YFL050C,YDL110C,0,1.9540279,0.1804492026567459,0.6951819062232971,0.3216468095779419
YGR206W,YMR285C,0,1.9538643,0.18040315806865692,0.6951819062232971,0.32174697518348694
YGR244C,YOL030W,0,1.9538081,0.18035714328289032,0.6951819062232971,0.321847140789032
YPR114W,YNL093W,0,1.9537798,0.1803111433982849,0.6951819062232971,0.321947306394577
YIL117C,YDL126C,0,1.9536388,0.1802651733160019,0.6951819062232971,0.32204747200012207
YOR328W,YFL025C,0,1.953521,0.18021921813488007,0.6951819062232971,0.3221476376056671
YCR005C,YER149C,0,1.9531212,0.18017329275608063,0.6951819062232971,0.32224783301353455
YGR254W,YAR018C,0,1.9528898,0.18012738227844238,0.6951819062232971,0.3223479986190796
YBR102C,YML038C,1,1.9526397,0.18033622205257416,0.6961652040481567,0.3223479986190796
YLL015W,YIL110W,0,1.9524108,0.18029029667377472,0.6961652040481567,0.32244816422462463
YJR161C,YMR223W,0,1.9523716,0.18024440109729767,0.6961652040481567,0.3225483298301697
YDR051C,YAL048C,0,1.9520755,0.1801985204219818,0.6961652040481567,0.3226484954357147
YGR080W,YDR227W,0,1.952074,0.18015266954898834,0.6961652040481567,0.32274866104125977
YNL278W,YJL183W,0,1.9512805,0.18010684847831726,0.6961652040481567,0.3228488564491272
YNL173C,YLR266C,0,1.9510199,0.18006104230880737,0.6961652040481567,0.32294902205467224
YLL028W,YBR180W,0,1.9507923,0.18001525104045868,0.6961652040481567,0.3230491876602173
YPR048W,YCR036W,0,1.9504387,0.17996948957443237,0.6961652040481567,0.32314935326576233
YNL244C,YLR396C,0,1.9500868,0.17992375791072845,0.6961652040481567,0.3232495188713074
YBR023C,YIL053W,0,1.9497743,0.17987805604934692,0.6961652040481567,0.3233496844768524
YHR079C-A,YML046W,0,1.9493988,0.1798323541879654,0.6961652040481567,0.32344985008239746
YOR334W,YPL032C,0,1.9492002,0.17978669703006744,0.6961652040481567,0.3235500454902649
YCR005C,YHR158C,0,1.9482498,0.1797410547733307,0.6961652040481567,0.32365021109580994
YER005W,YAR002C-A,1,1.948168,0.17994923889636993,0.6971485018730164,0.32365021109580994
YIL015W,YJR086W,0,1.9477515,0.17990358173847198,0.6971485018730164,0.323750376701355
YGL003C,YMR022W,0,1.9475862,0.17985793948173523,0.6971485018730164,0.3238505423069
YDR307W,YAL013W,0,1.9466268,0.17981232702732086,0.6971485018730164,0.32395070791244507
YER173W,YLR109W,0,1.9463284,0.1797667294740677,0.6971485018730164,0.3240508735179901
YBR185C,YPL156C,0,1.9462433,0.1797211617231369,0.6971485018730164,0.32415106892585754
YKL051W,YAL026C,0,1.945935,0.1796756237745285,0.6971485018730164,0.3242512345314026
YER176W,YNL213C,0,1.945856,0.1796301007270813,0.6971485018730164,0.32435140013694763
YMR029C,YMR056C,0,1.9453483,0.1795845925807953,0.6971485018730164,0.3244515657424927
YML009C,YIL067C,0,1.9452765,0.17953912913799286,0.6971485018730164,0.3245517313480377
YDR013W,YNR026C,0,1.945219,0.17949366569519043,0.6971485018730164,0.32465189695358276
YOR036W,YOR354C,0,1.9451089,0.17944824695587158,0.6971485018730164,0.3247520923614502
YHR112C,YNR046W,0,1.9447682,0.17940282821655273,0.6971485018730164,0.32485225796699524
YLR010C,YBR193C,0,1.9443746,0.17935745418071747,0.6971485018730164,0.3249524235725403
YBR135W,YGL178W,0,1.9433749,0.1793120950460434,0.6971485018730164,0.3250525891780853
YOR192C,YER019W,0,1.9431832,0.17926675081253052,0.6971485018730164,0.32515275478363037
YHR027C,YKL088W,0,1.9431722,0.17922143638134003,0.6971485018730164,0.3252529203891754
YOL006C,YOL051W,0,1.943052,0.17917613685131073,0.6971485018730164,0.32535308599472046
YPR017C,YPL031C,0,1.9428749,0.17913086712360382,0.6971485018730164,0.3254532814025879
YBL102W,YOR043W,0,1.9427997,0.1790856271982193,0.6971485018730164,0.32555344700813293
YMR022W,YDL052C,0,1.942668,0.17904040217399597,0.6971485018730164,0.325653612613678
YAL003W,YMR162C,0,1.942198,0.17899520695209503,0.6971485018730164,0.325753778219223
YBR234C,YKL096W,0,1.9420629,0.17895002663135529,0.6971485018730164,0.32585394382476807
YOR205C,YLR155C,0,1.9419695,0.17890487611293793,0.6971485018730164,0.3259541094303131
YDR163W,YER003C,0,1.9410235,0.17885974049568176,0.6971485018730164,0.32605430483818054
YPL005W,YOR179C,0,1.9408439,0.17881463468074799,0.6971485018730164,0.3261544704437256
YGR082W,YDL093W,0,1.940452,0.1787695437669754,0.6971485018730164,0.32625463604927063
YDL226C,YBL023C,0,1.9403417,0.1787244826555252,0.6971485018730164,0.3263548016548157
YMR281W,YIL040W,0,1.9394455,0.1786794364452362,0.6971485018730164,0.3264549672603607
YJR040W,YOL137W,1,1.9393938,0.17888636887073517,0.6981317400932312,0.3264549672603607
YDR100W,YCR075C,1,1.9393654,0.17909319698810577,0.6991150379180908,0.3264549672603607
YAL001C,YJR090C,0,1.9389213,0.1790481060743332,0.6991150379180908,0.32655513286590576
YGR215W,YFR040W,0,1.9385524,0.1790030151605606,0.6991150379180908,0.3266553282737732
YLL015W,YDR078C,0,1.9383166,0.1789579689502716,0.6991150379180908,0.32675549387931824
YLR040C,YHR091C,0,1.9382592,0.1789129376411438,0.6991150379180908,0.3268556594848633
YNL186W,YDR519W,0,1.9380658,0.17886792123317719,0.6991150379180908,0.3269558250904083
YMR127C,YKL135C,0,1.9379852,0.17882293462753296,0.6991150379180908,0.32705599069595337
YPL152W,YOR153W,0,1.9377751,0.17877797782421112,0.6991150379180908,0.3271561563014984
YPL181W,YBR199W,0,1.9367502,0.17873303592205048,0.6991150379180908,0.32725632190704346
YKL008C,YPL038W,0,1.9365371,0.17868810892105103,0.6991150379180908,0.3273565173149109
YDR141C,YER180C,0,1.93602,0.17864321172237396,0.6991150379180908,0.32745668292045593
YHR186C,YLR059C,0,1.9356554,0.1785983443260193,0.6991150379180908,0.327556848526001
YDR339C,YPL003W,0,1.9356081,0.1785534918308258,0.6991150379180908,0.327657014131546
YDL110C,YNR016C,0,1.9355148,0.1785086691379547,0.6991150379180908,0.32775717973709106
YNL197C,YMR302C,0,1.9354491,0.1784638613462448,0.6991150379180908,0.3278573453426361
YGL210W,YKL061W,1,1.9351437,0.1786700189113617,0.7000983357429504,0.3278573453426361
YPL123C,YLL021W,0,1.9348803,0.1786251813173294,0.7000983357429504,0.32795754075050354
YDR288W,YMR177W,0,1.9345658,0.1785803884267807,0.7000983357429504,0.3280577063560486
YMR043W,YDL113C,0,1.9344835,0.1785356104373932,0.7000983357429504,0.32815787196159363
YNL125C,YDR142C,0,1.9342568,0.17849084734916687,0.7000983357429504,0.32825803756713867
YJL096W,YDR517W,0,1.933883,0.17844611406326294,0.7000983357429504,0.3283582031726837
YGR266W,YHR193C,0,1.9335085,0.1784014105796814,0.7000983357429504,0.32845836877822876
YJL044C,YDR236C,0,1.9331527,0.17835670709609985,0.7000983357429504,0.3285585641860962
YKR027W,YKR035W-A,1,1.9331341,0.1785624772310257,0.7010816335678101,0.3285585641860962
YOR081C,YPL049C,0,1.9324185,0.17851777374744415,0.7010816335678101,0.32865872979164124
YPR174C,YLR100W,0,1.9322577,0.1784730851650238,0.7010816335678101,0.3287588953971863
YGL047W,YBR112C,0,1.932224,0.17842842638492584,0.7010816335678101,0.3288590610027313
YML047C,YAR008W,0,1.9319744,0.17838378250598907,0.7010816335678101,0.32895922660827637
YER157W,YNR055C,0,1.9314272,0.1783391684293747,0.7010816335678101,0.3290593922138214
YMR251W-A,YPL030W,0,1.9313604,0.1782945692539215,0.7010816335678101,0.32915955781936646
YLR315W,YNL173C,0,1.9311754,0.1782499998807907,0.7010816335678101,0.3292597532272339
YOL049W,YOR258W,0,1.9309969,0.1782054454088211,0.7010816335678101,0.32935991883277893
YDR116C,YLR226W,0,1.9291085,0.1781609207391739,0.7010816335678101,0.329460084438324
YOR120W,YAL011W,0,1.9290855,0.17811641097068787,0.7010816335678101,0.329560250043869
YJL127C,YOR034C,0,1.9287858,0.17807193100452423,0.7010816335678101,0.32966041564941406
YJL164C,YFL002C,0,1.9286338,0.1780274659395218,0.7010816335678101,0.3297605812549591
YGL185C,YHR194W,0,1.9284157,0.17798303067684174,0.7010816335678101,0.32986077666282654
YDR268W,YBL050W,0,1.9280627,0.17793861031532288,0.7010816335678101,0.3299609422683716
YEL058W,YNL046W,0,1.9274418,0.1778942048549652,0.7010816335678101,0.3300611078739166
YMR165C,YKL188C,0,1.9273639,0.17784984409809113,0.7010816335678101,0.33016127347946167
YPL010W,YNL006W,1,1.9271343,0.17805486917495728,0.7020648717880249,0.33016127347946167
YCR038C,YMR271C,0,1.9271095,0.1780104786157608,0.7020648717880249,0.3302614390850067
YBL078C,YLR411W,1,1.9263734,0.17821535468101501,0.7030481696128845,0.3302614390850067
YGR091W,YDR182W,0,1.9263259,0.17817094922065735,0.7030481696128845,0.33036160469055176
YLR155C,YPL170W,0,1.9261318,0.17812655866146088,0.7030481696128845,0.3304617702960968
YGR167W,YJR125C,1,1.9259539,0.17833125591278076,0.7040314674377441,0.3304617702960968
YJL216C,YEL065W,0,1.9257212,0.1782868504524231,0.7040314674377441,0.33056196570396423
YML085C,YBR019C,0,1.925644,0.17824247479438782,0.7040314674377441,0.3306621313095093
YOL072W,YMR029C,0,1.9254909,0.17819811403751373,0.7040314674377441,0.3307622969150543
YGR055W,YPL040C,0,1.9248838,0.17815376818180084,0.7040314674377441,0.33086246252059937
YCR088W,YHR076W,0,1.9247597,0.17810945212841034,0.7040314674377441,0.3309626281261444
YAL001C,YNL136W,0,1.9244969,0.17806515097618103,0.7040314674377441,0.33106279373168945
YBR248C,YGL002W,0,1.9240611,0.1780208796262741,0.7040314674377441,0.3311629891395569
YMR001C,YGR075C,0,1.922713,0.17797663807868958,0.7040314674377441,0.33126315474510193
YPL002C,YOL062C,1,1.9224436,0.17818091809749603,0.7050147652626038,0.33126315474510193
YLL040C,YJR044C,1,1.9223278,0.17838509380817413,0.7059980630874634,0.33126315474510193
YKL073W,YEL047C,0,1.92206,0.17834077775478363,0.7059980630874634,0.331363320350647
YNL323W,YMR167W,0,1.9219809,0.17829649150371552,0.7059980630874634,0.331463485956192
YKL006W,YML008C,0,1.9217845,0.1782522350549698,0.7059980630874634,0.33156365156173706
YNL030W,YOR190W,0,1.9213405,0.17820799350738525,0.7059980630874634,0.3316638171672821
YKL016C,YOR019W,0,1.9207821,0.17816376686096191,0.7059980630874634,0.33176401257514954
YOR027W,YHR143W,0,1.9201286,0.17811957001686096,0.7059980630874634,0.3318641781806946
YOR073W,YPL108W,0,1.9199777,0.1780754029750824,0.7059980630874634,0.3319643437862396
YKL110C,YDR422C,0,1.9198974,0.17803123593330383,0.7059980630874634,0.33206450939178467
YJL036W,YJL123C,1,1.9198613,0.1782350093126297,0.7069813013076782,0.33206450939178467
YBR055C,YPL148C,0,1.9190338,0.17819082736968994,0.7069813013076782,0.3321646749973297
YGL040C,YLR200W,0,1.9189222,0.17814667522907257,0.7069813013076782,0.33226484060287476
YJL002C,YER122C,0,1.9186556,0.1781025528907776,0.7069813013076782,0.3323650062084198
YNL167C,YLR306W,0,1.9176679,0.1780584454536438,0.7069813013076782,0.33246520161628723
YMR257C,YHR133C,0,1.9175812,0.1780143529176712,0.7069813013076782,0.3325653672218323
YOR257W,YML077W,0,1.9174244,0.177970290184021,0.7069813013076782,0.3326655328273773
YFR046C,YLR424W,0,1.9174109,0.17792625725269318,0.7069813013076782,0.33276569843292236
YML088W,YKL167C,0,1.9173604,0.17788223922252655,0.7069813013076782,0.3328658640384674
YDL117W,YDR432W,0,1.9172622,0.17783823609352112,0.7069813013076782,0.33296602964401245
YDR258C,YFL018C,0,1.9170697,0.17779426276683807,0.7069813013076782,0.3330662250518799
YAL013W,YOL096C,0,1.9170189,0.17775030434131622,0.7069813013076782,0.3331663906574249
YKR097W,YDR071C,0,1.9169508,0.17770637571811676,0.7069813013076782,0.33326655626296997
YHL020C,YDL194W,0,1.9168304,0.1776624619960785,0.7069813013076782,0.333366721868515
YGL157W,YHR005C,0,1.916561,0.1776185780763626,0.7069813013076782,0.33346688747406006
YDR039C,YER142C,0,1.9165325,0.17757470905780792,0.7069813013076782,0.3335670530796051
YKL185W,YNL036W,0,1.9164708,0.17753086984157562,0.7069813013076782,0.33366724848747253
YDR477W,YDL104C,0,1.9163402,0.17748704552650452,0.7069813013076782,0.3337674140930176
YMR030W,YPR128C,0,1.9154999,0.1774432361125946,0.7069813013076782,0.3338675796985626
YNL251C,YER093C,0,1.9151708,0.17739945650100708,0.7069813013076782,0.33396774530410767
YGR065C,YJR134C,0,1.91512,0.17735569179058075,0.7069813013076782,0.3340679109096527
YLR320W,YDR425W,0,1.9150865,0.1773119568824768,0.7069813013076782,0.33416807651519775
YGL124C,YOR089C,1,1.9150043,0.17751479148864746,0.7079645991325378,0.33416807651519775
YDR186C,YDR359C,0,1.914587,0.17747104167938232,0.7079645991325378,0.3342682421207428
YLR083C,YPL218W,1,1.9144274,0.17767372727394104,0.7089478969573975,0.3342682421207428
YGL049C,YEL011W,0,1.9141579,0.1776299625635147,0.7089478969573975,0.33436843752861023
YPR065W,YLL023C,0,1.9135317,0.17758621275424957,0.7089478969573975,0.3344686031341553
YDR501W,YIR036C,0,1.9134407,0.17754247784614563,0.7089478969573975,0.3345687687397003
YLR052W,YJL145W,0,1.9133254,0.17749877274036407,0.7089478969573975,0.33466893434524536
YLR136C,YPR065W,0,1.913071,0.1774550825357437,0.7089478969573975,0.3347690999507904
YLR027C,YGL076C,0,1.9130119,0.17741142213344574,0.7089478969573975,0.33486926555633545
YOR328W,YPR057W,0,1.9128193,0.17736777663230896,0.7089478969573975,0.3349694609642029
YLR119W,YCR094W,1,1.912674,0.17757008969783783,0.7099311947822571,0.3349694609642029
YGR241C,YKL222C,0,1.9125551,0.17752642929553986,0.7099311947822571,0.3350696265697479
YPL181W,YGL059W,0,1.9124625,0.17748279869556427,0.7099311947822571,0.33516979217529297
YBR198C,YNR048W,0,1.9121202,0.17743916809558868,0.7099311947822571,0.335269957780838
YHR062C,YOR316C,0,1.9120541,0.17739558219909668,0.7099311947822571,0.33537012338638306
YKR025W,YDL164C,0,1.911898,0.17735199630260468,0.7099311947822571,0.3354702889919281
YOL007C,YIL016W,0,1.9116383,0.17730845510959625,0.7099311947822571,0.33557048439979553
YMR175W,YHR044C,0,1.9114482,0.17726491391658783,0.7099311947822571,0.3356706500053406
YJL108C,YJR088C,0,1.9113616,0.1772214025259018,0.7099311947822571,0.3357708156108856
YNL321W,YLL066C,0,1.9113312,0.17717792093753815,0.7099311947822571,0.33587098121643066
YDL141W,YOR155C,0,1.9113048,0.1771344393491745,0.7099311947822571,0.3359711468219757
YJR029W,YHR143W,0,1.9108765,0.17709100246429443,0.7099311947822571,0.33607131242752075
YKL035W,YOR227W,0,1.9107547,0.17704756557941437,0.7099311947822571,0.3361714780330658
YHR165C,YCL067C,0,1.9104263,0.17700417339801788,0.7099311947822571,0.3362716734409332
YOR048C,YDR135C,0,1.9103303,0.1769607812166214,0.7099311947822571,0.33637183904647827
YLR446W,YOL002C,0,1.9098876,0.1769174188375473,0.7099311947822571,0.3364720046520233
YIL068C,YGR247W,0,1.9097823,0.1768740862607956,0.7099311947822571,0.33657217025756836
YLR323C,YDL210W,0,1.9095156,0.17683076858520508,0.7099311947822571,0.3366723358631134
YDR311W,YMR198W,0,1.908174,0.17678746581077576,0.7099311947822571,0.33677250146865845
YOR174W,YNL067W,0,1.9076737,0.17674419283866882,0.7099311947822571,0.3368726968765259
YGL123W,YPL009C,0,1.9074422,0.17670093476772308,0.7099311947822571,0.3369728624820709
YDL067C,YBR058C-A,0,1.9073255,0.17665769159793854,0.7099311947822571,0.33707302808761597
YKR086W,YBR105C,0,1.9071889,0.17661447823047638,0.7099311947822571,0.337173193693161
YDR265W,YHR158C,0,1.906277,0.1765712946653366,0.7099311947822571,0.33727335929870605
YOR171C,YDR027C,1,1.9062253,0.1767726093530655,0.7109144330024719,0.33727335929870605
YMR307W,YNL044W,1,1.9058102,0.1769738495349884,0.7118977308273315,0.33727335929870605
YJL179W,YLL005C,0,1.9058075,0.17693059146404266,0.7118977308273315,0.3373735249042511
YDR359C,YBR203W,0,1.9057577,0.1768873631954193,0.7118977308273315,0.33747369050979614
YGL116W,YEL077C,0,1.9055059,0.17684416472911835,0.7118977308273315,0.3375738859176636
YNL038W,YER173W,0,1.9050783,0.17680098116397858,0.7118977308273315,0.3376740515232086
YER089C,YNL118C,0,1.9048645,0.1767578125,0.7118977308273315,0.33777421712875366
YKL033W,YMR275C,0,1.9048249,0.1767146736383438,0.7118977308273315,0.3378743827342987
YJR075W,YHR107C,0,1.9048135,0.17667154967784882,0.7118977308273315,0.33797454833984375
YKL198C,YHR034C,0,1.9046705,0.17662844061851501,0.7118977308273315,0.3380747139453888
YMR016C,YPR118W,0,1.9046397,0.1765853613615036,0.7118977308273315,0.3381749093532562
YLR423C,YPR164W,0,1.9044921,0.17654231190681458,0.7118977308273315,0.33827507495880127
YPR005C,YHR023W,0,1.904048,0.17649926245212555,0.7118977308273315,0.3383752405643463
YOR197W,YGL076C,0,1.9038627,0.1764562577009201,0.7118977308273315,0.33847540616989136
YAL026C,YML102W,0,1.9035221,0.17641325294971466,0.7118977308273315,0.3385755717754364
YNL280C,YIL017C,0,1.9032791,0.1763702780008316,0.7118977308273315,0.33867573738098145
YMR045C,YPL003W,0,1.9032683,0.17632733285427094,0.7118977308273315,0.3387759327888489
YPR049C,YCL051W,0,1.9029777,0.17628438770771027,0.7118977308273315,0.3388760983943939
YDR283C,YER112W,0,1.9022659,0.17624148726463318,0.7118977308273315,0.33897626399993896
YCL039W,YPL040C,0,1.9022623,0.1761985868215561,0.7118977308273315,0.339076429605484
YIL131C,YBL045C,0,1.9021744,0.1761557161808014,0.7118977308273315,0.33917659521102905
YBL057C,YLR015W,0,1.9021099,0.17611287534236908,0.7118977308273315,0.3392767608165741
YGL058W,YMR165C,0,1.9019883,0.17607003450393677,0.7118977308273315,0.33937692642211914
YBR094W,YDR331W,0,1.9019226,0.17602722346782684,0.7118977308273315,0.3394771218299866
YAR018C,YKR027W,0,1.9016843,0.1759844422340393,0.7118977308273315,0.3395772874355316
YNL118C,YBR298C,0,1.9012417,0.17594167590141296,0.7118977308273315,0.33967745304107666
YOL011W,YGR006W,0,1.9011872,0.17589892446994781,0.7118977308273315,0.3397776186466217
YBR056W,YGL254W,0,1.9008099,0.17585620284080505,0.7118977308273315,0.33987778425216675
YIR021W,YIL026C,0,1.9006418,0.1758134961128235,0.7118977308273315,0.3399779498577118
YJR108W,YGR004W,0,1.9002161,0.1757708191871643,0.7118977308273315,0.3400781452655792
YML127W,YMR311C,0,1.9001064,0.17572815716266632,0.7118977308273315,0.34017831087112427
YOL107W,YGL200C,1,1.8999882,0.17592817544937134,0.7128810286521912,0.34017831087112427
YBR208C,YJL073W,0,1.8986006,0.17588549852371216,0.7128810286521912,0.3402784764766693
YNL115C,YCR027C,0,1.8983898,0.17584283649921417,0.7128810286521912,0.34037864208221436
YER146W,YNL246W,0,1.8982731,0.17580018937587738,0.7128810286521912,0.3404788076877594
YKR045C,YDR513W,0,1.8975588,0.17575757205486298,0.7128810286521912,0.34057897329330444
YIL068C,YPR047W,0,1.8971469,0.17571498453617096,0.7128810286521912,0.3406791687011719
YDR188W,YMR286W,0,1.897081,0.17567239701747894,0.7128810286521912,0.3407793343067169
YJL026W,YPL148C,0,1.8969715,0.17562983930110931,0.7128810286521912,0.34087949991226196
YNR020C,YLR450W,0,1.8969259,0.17558731138706207,0.7128810286521912,0.340979665517807
YPR063C,YBL010C,0,1.8967344,0.17554479837417603,0.7128810286521912,0.34107983112335205
YFL029C,YBR295W,0,1.8961794,0.17550230026245117,0.7128810286521912,0.3411799967288971
YGR106C,YDR257C,0,1.8960872,0.1754598319530487,0.7128810286521912,0.34128016233444214
YPL016W,YGL184C,0,1.8954977,0.17541737854480743,0.7128810286521912,0.34138035774230957
YOL072W,YMR083W,0,1.8952475,0.17537494003772736,0.7128810286521912,0.3414805233478546
YJL054W,YIL153W,0,1.8949761,0.17533253133296967,0.7128810286521912,0.34158068895339966
YER048W-A,YDL080C,0,1.894844,0.17529013752937317,0.7128810286521912,0.3416808545589447
YOR196C,YCR098C,0,1.8948003,0.17524775862693787,0.7128810286521912,0.34178102016448975
YJL173C,YKL005C,0,1.8945389,0.17520540952682495,0.7128810286521912,0.3418811857700348
YDR478W,YIL036W,0,1.8942852,0.17516309022903442,0.7128810286521912,0.3419813811779022
YOR116C,YGL195W,0,1.8942101,0.1751207709312439,0.7128810286521912,0.34208154678344727
YGR024C,YDR434W,0,1.8938574,0.17507848143577576,0.7128810286521912,0.3421817123889923
YGR186W,YCL067C,0,1.8938138,0.17503622174263,0.7128810286521912,0.34228187799453735
YIL044C,YOR330C,0,1.8935963,0.17499396204948425,0.7128810286521912,0.3423820436000824
YNL137C,YKR095W,0,1.8935103,0.1749517321586609,0.7128810286521912,0.34248220920562744
YNR055C,YHL044W,0,1.8931442,0.1749095320701599,0.7128810286521912,0.3425824046134949
YBR152W,YPL246C,0,1.892996,0.17486734688282013,0.7128810286521912,0.3426825702190399
YGR234W,YFR040W,0,1.8923991,0.17482517659664154,0.7128810286521912,0.34278273582458496
YGR163W,YPL249C,1,1.8922676,0.1750241070985794,0.7138643264770508,0.34278273582458496
YLL015W,YCL050C,0,1.8920358,0.17498192191123962,0.7138643264770508,0.34288290143013
YFL044C,YOL027C,0,1.8916223,0.17493975162506104,0.7138643264770508,0.34298306703567505
YBR235W,YNL212W,0,1.8914888,0.17489761114120483,0.7138643264770508,0.3430832326412201
YAL026C,YNL220W,0,1.890694,0.17485548555850983,0.7138643264770508,0.34318339824676514
YGL187C,YDR318W,0,1.8905406,0.1748133897781372,0.7138643264770508,0.34328359365463257
YDR425W,YJL123C,1,1.8901412,0.1750120371580124,0.7148475646972656,0.34328359365463257
YDR488C,YIR002C,0,1.8887471,0.17496991157531738,0.7148475646972656,0.3433837592601776
YOL116W,YAR019C,0,1.8885939,0.17492781579494476,0.7148475646972656,0.34348392486572266
YGR178C,YER109C,0,1.888471,0.17488573491573334,0.7148475646972656,0.3435840904712677
YIL125W,YLR347C,0,1.8873978,0.1748436689376831,0.7148475646972656,0.34368425607681274
YLR070C,YJL104W,0,1.8873837,0.17480163276195526,0.7148475646972656,0.3437844216823578
YLR170C,YOL062C,1,1.8873695,0.17499999701976776,0.7158308625221252,0.3437844216823578
YFL029C,YKL081W,0,1.8868011,0.17495794594287872,0.7158308625221252,0.3438846170902252
YPL081W,YCL051W,0,1.886494,0.17491590976715088,0.7158308625221252,0.34398478269577026
YMR264W,YMR024W,0,1.8864553,0.17487388849258423,0.7158308625221252,0.3440849483013153
YER113C,YJL024C,1,1.8862691,0.17507204413414001,0.7168141603469849,0.3440849483013153
YDL200C,YPL155C,0,1.8855486,0.17503000795841217,0.7168141603469849,0.34418511390686035
YMR086W,YNL331C,0,1.8854176,0.1749880015850067,0.7168141603469849,0.3442852795124054
YPR169W,YHR034C,0,1.8851453,0.17494601011276245,0.7168141603469849,0.34438544511795044
YGL098W,YGL251C,0,1.8849721,0.17490403354167938,0.7168141603469849,0.3444856107234955
YGL027C,YKR039W,0,1.8843466,0.1748620718717575,0.7168141603469849,0.3445858061313629
YGR007W,YNL098C,0,1.8841081,0.17482014000415802,0.7168141603469849,0.34468597173690796
YJL083W,YHR035W,0,1.883941,0.17477823793888092,0.7168141603469849,0.344786137342453
YGL137W,YCR098C,0,1.8833991,0.17473633587360382,0.7168141603469849,0.34488630294799805
YPL144W,YDR270W,0,1.883221,0.1746944636106491,0.7168141603469849,0.3449864685535431
YEL065W,YJR066W,1,1.8830299,0.17489218711853027,0.7177974581718445,0.3449864685535431
YDR341C,YLR453C,0,1.8830283,0.17485029995441437,0.7177974581718445,0.34508663415908813
YHR098C,YMR116C,0,1.8828143,0.17480842769145966,0.7177974581718445,0.34518682956695557
YER016W,YNL221C,0,1.8823768,0.17476658523082733,0.7177974581718445,0.3452869951725006
YGR024C,YJL210W,0,1.8822165,0.174724742770195,0.7177974581718445,0.34538716077804565
YGR142W,YJL065C,0,1.8819437,0.17468294501304626,0.7177974581718445,0.3454873263835907
YHL003C,YFL002C,0,1.8816253,0.17464114725589752,0.7177974581718445,0.34558749198913574
YER111C,YOR198C,0,1.8816171,0.17459937930107117,0.7177974581718445,0.3456876575946808
YKR030W,YBL099W,0,1.8815485,0.174557626247406,0.7177974581718445,0.3457878530025482
YLR131C,YGR048W,0,1.8812044,0.17451590299606323,0.7177974581718445,0.34588801860809326
YIL173W,YKL002W,1,1.8811239,0.17471319437026978,0.7187807559967041,0.34588801860809326
YOL017W,YBR302C,0,1.8809583,0.17467144131660461,0.7187807559967041,0.3459881842136383
YDR268W,YOR179C,0,1.8805326,0.17462971806526184,0.7187807559967041,0.34608834981918335
YGL058W,YDR126W,0,1.8804352,0.17458800971508026,0.7187807559967041,0.3461885154247284
YML126C,YMR161W,0,1.8801763,0.17454631626605988,0.7187807559967041,0.34628868103027344
YNR022C,YJR121W,0,1.8801237,0.17450465261936188,0.7187807559967041,0.3463888466358185
YBR251W,YCL038C,0,1.880095,0.17446300387382507,0.7187807559967041,0.3464890420436859
YLR006C,YPL100W,0,1.8794239,0.17442138493061066,0.7187807559967041,0.34658920764923096
YPR020W,YAR007C,0,1.8793995,0.17437976598739624,0.7187807559967041,0.346689373254776
YJR108W,YIL026C,0,1.8786948,0.1743381768465042,0.7187807559967041,0.34678953886032104
YOR153W,YPL003W,0,1.8785541,0.17429661750793457,0.7187807559967041,0.3468897044658661
YGR163W,YNL297C,1,1.8780223,0.1744934469461441,0.719763994216919,0.3468897044658661
YGL168W,YGR212W,0,1.8778344,0.17445185780525208,0.719763994216919,0.34698987007141113
YDL150W,YER091C,0,1.8778073,0.17441029846668243,0.719763994216919,0.34709006547927856
YER144C,YKL116C,0,1.8777465,0.174368754029274,0.719763994216919,0.3471902310848236
YBR272C,YGR026W,0,1.8776914,0.17432722449302673,0.719763994216919,0.34729039669036865
YGR097W,YOL097C,0,1.8775964,0.17428570985794067,0.719763994216919,0.3473905622959137
YGR198W,YPL061W,0,1.8774502,0.174244225025177,0.719763994216919,0.34749072790145874
YLR117C,YJL111W,0,1.8771974,0.17420275509357452,0.719763994216919,0.3475908935070038
YMR122W-A,YOL007C,0,1.8767402,0.17416131496429443,0.719763994216919,0.3476910889148712
YEL047C,YGR188C,0,1.8766694,0.17411988973617554,0.719763994216919,0.34779125452041626
YHR033W,YOL113W,0,1.876343,0.17407847940921783,0.719763994216919,0.3478914201259613
YCR083W,YOR242C,0,1.876097,0.17403708398342133,0.719763994216919,0.34799158573150635
YKL039W,YLR048W,0,1.8751613,0.1739957183599472,0.719763994216919,0.3480917513370514
YHR003C,YOL157C,0,1.8751453,0.17395436763763428,0.719763994216919,0.34819191694259644
YJL133W,YMR297W,0,1.8749304,0.17391304671764374,0.719763994216919,0.3482920825481415
YER062C,YDR041W,0,1.8743641,0.1738717406988144,0.719763994216919,0.3483922779560089
YDL139C,YBR175W,0,1.8743317,0.17383044958114624,0.719763994216919,0.34849244356155396
YDL113C,YJL029C,1,1.8742006,0.17402659356594086,0.7207472920417786,0.34849244356155396
YHR020W,YOL146W,0,1.8741603,0.1739852875471115,0.7207472920417786,0.348592609167099
YHR108W,YKL065C,0,1.8732886,0.17394399642944336,0.7207472920417786,0.34869277477264404
YNL135C,YML029W,0,1.8732603,0.1739027351140976,0.7207472920417786,0.3487929403781891
YOR368W,YBR058C-A,0,1.8730581,0.17386147379875183,0.7207472920417786,0.34889310598373413
YGL208W,YAR003W,0,1.8730383,0.17382025718688965,0.7207472920417786,0.34899330139160156
YMR286W,YDL138W,0,1.8726926,0.17377904057502747,0.7207472920417786,0.3490934669971466
YDL185W,YLR450W,0,1.8723886,0.17373785376548767,0.7207472920417786,0.34919363260269165
YFR030W,YIL016W,0,1.8722932,0.17369668185710907,0.7207472920417786,0.3492937982082367
YBR207W,YMR198W,0,1.8720038,0.17365552484989166,0.7207472920417786,0.34939396381378174
YIR006C,YIL173W,1,1.8718463,0.17385125160217285,0.7217305898666382,0.34939396381378174
YOR288C,YCR054C,0,1.8706183,0.17381009459495544,0.7217305898666382,0.3494941294193268
YDL139C,YER056C-A,0,1.8705293,0.17376893758773804,0.7217305898666382,0.3495943248271942
YDR009W,YKL028W,0,1.8704302,0.17372781038284302,0.7217305898666382,0.34969449043273926
YKL135C,YLR170C,1,1.8702509,0.1739233285188675,0.7227138876914978,0.34969449043273926
YGL005C,YPL009C,0,1.8700335,0.17388218641281128,0.7227138876914978,0.3497946560382843
YKR014C,YPL002C,1,1.869766,0.1740775853395462,0.7236971259117126,0.3497946560382843
YDR227W,YJL072C,0,1.8697201,0.1740364134311676,0.7236971259117126,0.34989482164382935
YKL114C,YOR181W,0,1.8696818,0.1739952713251114,0.7236971259117126,0.3499949872493744
YGR234W,YIR034C,0,1.8692398,0.17395414412021637,0.7236971259117126,0.35009515285491943
YHL040C,YDR350C,0,1.8691154,0.17391304671764374,0.7236971259117126,0.3501953184604645
YNL162W,YOR386W,0,1.8690479,0.1738719642162323,0.7236971259117126,0.3502955138683319
YLR451W,YIL101C,0,1.8689487,0.17383089661598206,0.7236971259117126,0.35039567947387695
YCL044C,YDR487C,0,1.8689017,0.173789843916893,0.7236971259117126,0.350495845079422
YJL094C,YBL031W,0,1.8688048,0.17374882102012634,0.7236971259117126,0.35059601068496704
YNR052C,YBR028C,0,1.8686832,0.17370781302452087,0.7236971259117126,0.3506961762905121
YBL063W,YIL156W,0,1.8686733,0.1736668199300766,0.7236971259117126,0.35079634189605713
YJL104W,YKR022C,0,1.8686426,0.1736258566379547,0.7236971259117126,0.35089653730392456
YPL170W,YLR025W,1,1.868104,0.17382074892520905,0.7246804237365723,0.35089653730392456
YNL161W,YIL004C,0,1.8679049,0.17377977073192596,0.7246804237365723,0.3509967029094696
YNL251C,YOR003W,0,1.8678265,0.17373880743980408,0.7246804237365723,0.35109686851501465
YFL025C,YMR035W,0,1.8675089,0.17369785904884338,0.7246804237365723,0.3511970341205597
YHR033W,YMR041C,0,1.8670814,0.17365692555904388,0.7246804237365723,0.35129719972610474
YPL262W,YGR274C,0,1.8668131,0.17361602187156677,0.7246804237365723,0.3513973653316498
YOL067C,YDR427W,0,1.8650455,0.17357513308525085,0.7246804237365723,0.3514975309371948
YHR098C,YOL139C,0,1.8648939,0.17353425920009613,0.7246804237365723,0.35159772634506226
YLR298C,YBL046W,0,1.8648243,0.1734934151172638,0.7246804237365723,0.3516978919506073
YPL022W,YLR343W,0,1.8647656,0.17345257103443146,0.7246804237365723,0.35179805755615234
YLR207W,YHR086W,0,1.8647444,0.1734117716550827,0.7246804237365723,0.3518982231616974
YOL006C,YNL176C,0,1.8646941,0.17337097227573395,0.7246804237365723,0.35199838876724243
YIL167W,YJR117W,0,1.8646295,0.17333020269870758,0.7246804237365723,0.3520985543727875
YKR010C,YNR020C,0,1.864578,0.1732894480228424,0.7246804237365723,0.3521987497806549
YLR427W,YHR044C,0,1.8643804,0.17324870824813843,0.7246804237365723,0.35229891538619995
YOL009C,YOR067C,0,1.864059,0.17320798337459564,0.7246804237365723,0.352399080991745
YOR250C,YML054C,0,1.8639866,0.17316728830337524,0.7246804237365723,0.35249924659729004
YPR097W,YNL213C,0,1.8635622,0.17312660813331604,0.7246804237365723,0.3525994122028351
YLL009C,YPL120W,0,1.8633682,0.17308595776557922,0.7246804237365723,0.3526995778083801
YFL009W,YCR010C,0,1.8633411,0.1730453222990036,0.7246804237365723,0.35279977321624756
YPR128C,YHR207C,0,1.8627117,0.17300470173358917,0.7246804237365723,0.3528999388217926
YDL130W-A,YJR110W,0,1.8616686,0.17296409606933594,0.7246804237365723,0.35300010442733765
YLR324W,YDR091C,0,1.8613434,0.1729235053062439,0.7246804237365723,0.3531002700328827
YFR037C,YLR275W,0,1.8610449,0.17288294434547424,0.7246804237365723,0.35320043563842773
YDL126C,YDR001C,0,1.8597853,0.17284239828586578,0.7246804237365723,0.3533006012439728
YJR058C,YMR231W,1,1.8597162,0.1730363368988037,0.7256637215614319,0.3533006012439728
YGL097W,YOL088C,0,1.8595974,0.17299577593803406,0.7256637215614319,0.3534007668495178
YML025C,YNR037C,0,1.8594031,0.1729552447795868,0.7256637215614319,0.35350096225738525
YPL017C,YHR073W,0,1.8587794,0.17291471362113953,0.7256637215614319,0.3536011278629303
YDR322C-A,YHL016C,0,1.8587353,0.17287421226501465,0.7256637215614319,0.35370129346847534
YKL041W,YHR105W,1,1.8587146,0.17306791245937347,0.7266470193862915,0.35370129346847534
YOR375C,YPL013C,0,1.8586316,0.1730273962020874,0.7266470193862915,0.3538014590740204
YBR040W,YOR175C,0,1.858239,0.17298689484596252,0.7266470193862915,0.35390162467956543
YBL061C,YIL056W,0,1.8575029,0.17294640839099884,0.7266470193862915,0.3540017902851105
YLR380W,YML012W,1,1.8572124,0.17313991487026215,0.7276302576065063,0.3540017902851105
YDL210W,YHR187W,0,1.8571897,0.17309941351413727,0.7276302576065063,0.3541019856929779
YBR091C,YOR316C,0,1.8571241,0.17305892705917358,0.7276302576065063,0.35420215129852295
YPR037C,YGR047C,0,1.8570621,0.1730184704065323,0.7276302576065063,0.354302316904068
YOL110W,YBR228W,0,1.8568559,0.17297802865505219,0.7276302576065063,0.35440248250961304
YDR456W,YNL086W,1,1.8562125,0.1731712967157364,0.728613555431366,0.35440248250961304
YML067C,YKL061W,1,1.8561094,0.17336449027061462,0.7295968532562256,0.35440248250961304
YPL012W,YLR459W,0,1.8554294,0.17332398891448975,0.7295968532562256,0.3545026481151581
YOL068C,YKL006C-A,0,1.8549457,0.17328351736068726,0.7295968532562256,0.3546028137207031
YDL239C,YJL099W,0,1.8546262,0.17324306070804596,0.7295968532562256,0.35470300912857056
YDL149W,YDR328C,0,1.8543019,0.17320261895656586,0.7295968532562256,0.3548031747341156
YGL067W,YER041W,0,1.8542726,0.17316219210624695,0.7295968532562256,0.35490334033966064
YDR261C,YLR446W,0,1.8539987,0.17312179505825043,0.7295968532562256,0.3550035059452057
YJL127C,YDL018C,0,1.8539946,0.1730814129114151,0.7295968532562256,0.35510367155075073
YLL028W,YLR002C,0,1.8538646,0.17304104566574097,0.7295968532562256,0.3552038371562958
YHR033W,YJL186W,0,1.8535025,0.17300069332122803,0.7295968532562256,0.3553040027618408
YOR326W,YJL072C,0,1.8530562,0.17296037077903748,0.7295968532562256,0.35540419816970825
YOL158C,YLR083C,1,1.8529651,0.1731531172990799,0.7305801510810852,0.35540419816970825
YOR047C,YML023C,0,1.8528818,0.17311276495456696,0.7305801510810852,0.3555043637752533
YOL075C,YDR538W,0,1.8522112,0.1730724424123764,0.7305801510810852,0.35560452938079834
YOR371C,YJL167W,0,1.8518765,0.17303213477134705,0.7305801510810852,0.3557046949863434
YBR019C,YML082W,0,1.8514373,0.17299185693264008,0.7305801510810852,0.3558048605918884
YDR363W-A,YOR044W,0,1.851397,0.1729515790939331,0.7305801510810852,0.35590502619743347
YDR511W,YDR352W,0,1.8513036,0.17291133105754852,0.7305801510810852,0.3560052216053009
YFR051C,YCR094W,1,1.8512189,0.17310376465320587,0.7315634489059448,0.3560052216053009
YJL181W,YDR202C,0,1.8510579,0.1730635017156601,0.7315634489059448,0.35610538721084595
YHR113W,YDL056W,0,1.8509759,0.1730232536792755,0.7315634489059448,0.356205552816391
YDR347W,YOR193W,0,1.850853,0.17298302054405212,0.7315634489059448,0.35630571842193604
YHL038C,YAR019C,0,1.8506359,0.17294281721115112,0.7315634489059448,0.3564058840274811
YLR069C,YDR098C,0,1.8499932,0.17290262877941132,0.7315634489059448,0.3565060496330261
YML129C,YBR055C,0,1.8493996,0.1728624552488327,0.7315634489059448,0.35660624504089355
YNL101W,YMR036C,0,1.8488576,0.17282229661941528,0.7315634489059448,0.3567064106464386
YJR144W,YLR131C,0,1.8486964,0.17278216779232025,0.7315634489059448,0.35680657625198364
YIR006C,YFL048C,1,1.84869,0.17297422885894775,0.7325466871261597,0.35680657625198364
YOR254C,YMR316W,0,1.8483577,0.17293407022953033,0.7325466871261597,0.3569067418575287
YEL044W,YGL226W,0,1.8480959,0.1728939414024353,0.7325466871261597,0.35700690746307373
YIL167W,YMR040W,0,1.8475213,0.17285382747650146,0.7325466871261597,0.3571070730686188
YOL095C,YLR442C,0,1.847217,0.17281372845172882,0.7325466871261597,0.3572072386741638
YPL221W,YDL080C,0,1.8467028,0.17277365922927856,0.7325466871261597,0.35730743408203125
YDL191W,YCR066W,0,1.8461524,0.1727335900068283,0.7325466871261597,0.3574075996875763
YIL076W,YHR105W,1,1.8457242,0.17292535305023193,0.7335299849510193,0.3574075996875763
YOR259C,YDR086C,0,1.8455831,0.17288528382778168,0.7335299849510193,0.35750776529312134
YBR169C,YGL232W,0,1.8455709,0.17284522950649261,0.7335299849510193,0.3576079308986664
YKL014C,YBR089C-A,0,1.8455337,0.17280519008636475,0.7335299849510193,0.3577080965042114
YDL146W,YOR056C,0,1.8455232,0.17276516556739807,0.7335299849510193,0.35780826210975647
YNL326C,YJR027W,0,1.8455174,0.17272517085075378,0.7335299849510193,0.3579084575176239
YDR313C,YJR040W,1,1.8453577,0.17291666567325592,0.7345132827758789,0.3579084575176239
YLR095C,YHR102W,0,1.844937,0.17287665605545044,0.7345132827758789,0.35800862312316895
YMR109W,YDL166C,0,1.8449128,0.17283664643764496,0.7345132827758789,0.358108788728714
YGR133W,YGL206C,0,1.8447435,0.17279666662216187,0.7345132827758789,0.35820895433425903
YGL184C,YHR001W,0,1.843957,0.17275670170783997,0.7345132827758789,0.3583091199398041
YOR065W,YMR004W,0,1.8436974,0.17271676659584045,0.7345132827758789,0.3584092855453491
YLR096W,YHL047C,0,1.8433695,0.17267683148384094,0.7345132827758789,0.35850948095321655
YBR265W,YLR381W,0,1.8432236,0.17263692617416382,0.7345132827758789,0.3586096465587616
YGL097W,YPL089C,0,1.8424792,0.1725970357656479,0.7345132827758789,0.35870981216430664
YMR068W,YML029W,0,1.8423727,0.17255717515945435,0.7345132827758789,0.3588099777698517
YOR157C,YDL079C,0,1.8421673,0.1725173145532608,0.7345132827758789,0.35891014337539673
YEL027W,YIL117C,0,1.8421574,0.17247748374938965,0.7345132827758789,0.3590103089809418
YJL042W,YOR205C,0,1.8420148,0.1724376678466797,0.7345132827758789,0.3591104745864868
YPR183W,YIL123W,0,1.8419838,0.17239788174629211,0.7345132827758789,0.35921066999435425
YGR133W,YMR224C,0,1.841163,0.17235809564590454,0.7345132827758789,0.3593108355998993
YGL083W,YPL249C,1,1.840377,0.1725490242242813,0.7354965806007385,0.3593108355998993
YIL008W,YHR050W,0,1.840275,0.17250922322273254,0.7354965806007385,0.35941100120544434
YDR009W,YHR031C,0,1.8398573,0.17246945202350616,0.7354965806007385,0.3595111668109894
YGR188C,YCR031C,0,1.8396409,0.17242969572544098,0.7354965806007385,0.3596113324165344
YHR113W,YPL085W,0,1.8395467,0.172389954328537,0.7354965806007385,0.35971149802207947
YBR136W,YEL015W,0,1.8394929,0.1723502278327942,0.7354965806007385,0.3598116934299469
YDR103W,YJR159W,0,1.8391674,0.17231053113937378,0.7354965806007385,0.35991185903549194
YDR186C,YLR246W,0,1.8388494,0.17227084934711456,0.7354965806007385,0.360012024641037
YDR394W,YOR344C,0,1.8386993,0.17223118245601654,0.7354965806007385,0.36011219024658203
YJR135W-A,YML065W,0,1.8385372,0.1721915304660797,0.7354965806007385,0.3602123558521271
YHR092C,YKL108W,0,1.8381958,0.17215189337730408,0.7354965806007385,0.3603125214576721
YHR073W,YJL138C,0,1.8376288,0.17211228609085083,0.7354965806007385,0.36041268706321716
YPL227C,YIL015W,0,1.8374987,0.17207269370555878,0.7354965806007385,0.3605128824710846
YDR387C,YMR134W,0,1.8372215,0.17203311622142792,0.7354965806007385,0.36061304807662964
YCR005C,YFR007W,0,1.837138,0.17199356853961945,0.7354965806007385,0.3607132136821747
YDR257C,YAL044C,0,1.8370402,0.17195402085781097,0.7354965806007385,0.3608133792877197
YPL268W,YIL138C,0,1.836582,0.1719145029783249,0.7354965806007385,0.36091354489326477
YOR017W,YLR200W,0,1.8364314,0.171875,0.7354965806007385,0.3610137104988098
YBL061C,YLR083C,0,1.8362452,0.1718355119228363,0.7354965806007385,0.36111390590667725
YOR116C,YBL023C,0,1.8361874,0.171796053647995,0.7354965806007385,0.3612140715122223
YHR018C,YKL120W,0,1.8361046,0.1717565953731537,0.7354965806007385,0.36131423711776733
YHR062C,YML058W,0,1.8360413,0.17171716690063477,0.7354965806007385,0.3614144027233124
YHR073W,YDL129W,0,1.8359984,0.17167775332927704,0.7354965806007385,0.3615145683288574
YGL038C,YOR262W,0,1.835892,0.1716383695602417,0.7354965806007385,0.36161473393440247
YMR135C,YBR087W,0,1.8356196,0.17159898579120636,0.7354965806007385,0.3617149293422699
YFL050C,YDL137W,0,1.8354717,0.1715596318244934,0.7354965806007385,0.36181509494781494
YNR075W,YOR321W,0,1.8354706,0.17152029275894165,0.7354965806007385,0.36191526055336
YOL065C,YGR247W,0,1.8354666,0.1714809685945511,0.7354965806007385,0.36201542615890503
YJR108W,YML027W,0,1.8352773,0.1714416742324829,0.7354965806007385,0.3621155917644501
YER038C,YDR397C,0,1.8350477,0.17140237987041473,0.7354965806007385,0.3622157573699951
YKR045C,YNL317W,0,1.8349576,0.17136311531066895,0.7354965806007385,0.36231592297554016
YLR010C,YOR303W,0,1.8347712,0.17132386565208435,0.7354965806007385,0.3624161183834076
YIL068C,YBL056W,0,1.8343215,0.17128463089466095,0.7354965806007385,0.36251628398895264
YPL046C,YKR090W,0,1.8343177,0.17124542593955994,0.7354965806007385,0.3626164495944977
YCR033W,YMR230W,0,1.834251,0.17120622098445892,0.7354965806007385,0.3627166152000427
YDR425W,YDR264C,1,1.834082,0.17139588296413422,0.7364798188209534,0.3627166152000427
YHR140W,YER167W,0,1.8335354,0.171356663107872,0.7364798188209534,0.36281678080558777
YHL003C,YLR215C,0,1.8332117,0.1713174730539322,0.7364798188209534,0.3629169464111328
YKL051W,YFR008W,0,1.8330708,0.17127829790115356,0.7364798188209534,0.36301714181900024
YDL243C,YER007W,0,1.8328717,0.17123913764953613,0.7364798188209534,0.3631173074245453
YNL090W,YKL025C,0,1.832762,0.1712000072002411,0.7364798188209534,0.36321747303009033
YBR110W,YPL186C,0,1.8326429,0.17116087675094604,0.7364798188209534,0.3633176386356354
YER062C,YEL055C,0,1.8320355,0.1711217761039734,0.7364798188209534,0.3634178042411804
YMR047C,YDL119C,0,1.831627,0.17108269035816193,0.7364798188209534,0.36351796984672546
YDR169C,YGL107C,0,1.8316052,0.17104361951351166,0.7364798188209534,0.3636181652545929
YGL137W,YLR044C,0,1.8312472,0.17100456357002258,0.7364798188209534,0.36371833086013794
YML047C,YIL123W,0,1.8312318,0.1709655374288559,0.7364798188209534,0.363818496465683
YIL153W,YDR376W,0,1.830821,0.1709265112876892,0.7364798188209534,0.363918662071228
YGL106W,YDR354W,0,1.8305733,0.1708875149488449,0.7364798188209534,0.36401882767677307
YIR008C,YOR266W,0,1.8302524,0.1708485335111618,0.7364798188209534,0.3641189932823181
YGR223C,YKL176C,1,1.8300476,0.17103762924671173,0.737463116645813,0.3641189932823181
YBR136W,YGL167C,0,1.8299307,0.17099863290786743,0.737463116645813,0.36421915888786316
YNL139C,YCR073C,0,1.8295922,0.17095965147018433,0.737463116645813,0.3643193542957306
YPL103C,YBL101C,0,1.8293484,0.1709206998348236,0.737463116645813,0.36441951990127563
YHL032C,YDR128W,0,1.8292007,0.1708817481994629,0.737463116645813,0.3645196855068207
YLR248W,YNL173C,0,1.8286831,0.17084282636642456,0.737463116645813,0.3646198511123657
YER099C,YDL095W,0,1.828637,0.17080391943454742,0.737463116645813,0.36472001671791077
YFR037C,YNL116W,0,1.8285965,0.17076502740383148,0.737463116645813,0.3648201823234558
YJL145W,YIL117C,0,1.8282728,0.17072615027427673,0.737463116645813,0.36492037773132324
YOL023W,YER089C,0,1.8281132,0.17068730294704437,0.737463116645813,0.3650205433368683
YDR158W,YFR016C,0,1.8278714,0.1706484705209732,0.737463116645813,0.36512070894241333
YPL015C,YDR311W,0,1.8271568,0.17060963809490204,0.737463116645813,0.3652208745479584
YER170W,YJL014W,0,1.8269486,0.17057085037231445,0.737463116645813,0.3653210401535034
YIL084C,YBR208C,0,1.8269104,0.17053206264972687,0.737463116645813,0.36542120575904846
YPR121W,YOR369C,0,1.8259189,0.17049328982830048,0.737463116645813,0.3655214011669159
YGR009C,YOR344C,0,1.8256526,0.17045454680919647,0.737463116645813,0.36562156677246094
YBR251W,YGL095C,0,1.825496,0.17041581869125366,0.737463116645813,0.365721732378006
YPL026C,YMR135C,0,1.8253056,0.17037710547447205,0.737463116645813,0.365821897983551
YGR152C,YGL257C,0,1.8252863,0.17033840715885162,0.737463116645813,0.36592206358909607
YML076C,YLR133W,0,1.8252467,0.1702997237443924,0.737463116645813,0.3660222291946411
YLR225C,YBR112C,0,1.8252451,0.17026107013225555,0.737463116645813,0.36612239480018616
YBL036C,YNR007C,0,1.8248551,0.1702224165201187,0.737463116645813,0.3662225902080536
YDR367W,YPL018W,0,1.82428,0.17018379271030426,0.737463116645813,0.36632275581359863
YER173W,YIL153W,0,1.8238858,0.170145183801651,0.737463116645813,0.3664229214191437
YGR030C,YMR161W,0,1.823673,0.17010660469532013,0.737463116645813,0.3665230870246887
YDR424C,YNR012W,0,1.823014,0.17006802558898926,0.737463116645813,0.36662325263023376
YDR088C,YKR083C,0,1.8229501,0.17002947628498077,0.737463116645813,0.3667234182357788
YPL028W,YMR133W,0,1.8226888,0.1699909269809723,0.737463116645813,0.36682361364364624
YDL139C,YGL240W,0,1.8225356,0.1699524074792862,0.737463116645813,0.3669237792491913
YGL179C,YHR116W,0,1.822398,0.1699139028787613,0.737463116645813,0.36702394485473633
YKL110C,YOR009W,0,1.8223903,0.16987542808055878,0.737463116645813,0.36712411046028137
YBR069C,YBL005W,0,1.8223457,0.16983695328235626,0.737463116645813,0.3672242760658264
YER038C,YDR348C,0,1.8223202,0.16979850828647614,0.737463116645813,0.36732444167137146
YER051W,YGR101W,0,1.8218098,0.1697600781917572,0.737463116645813,0.3674246072769165
YKL110C,YBR240C,0,1.8214792,0.16972166299819946,0.737463116645813,0.36752480268478394
YOR153W,YNL339C,0,1.8210313,0.16968326270580292,0.737463116645813,0.367624968290329
YER062C,YBL036C,0,1.8206477,0.16964487731456757,0.737463116645813,0.367725133895874
YMR043W,YOR233W,0,1.8203721,0.1696065068244934,0.737463116645813,0.36782529950141907
YCR024C-A,YDR303C,0,1.8203628,0.16956816613674164,0.737463116645813,0.3679254651069641
YGR057C,YBR288C,1,1.8203433,0.16975587606430054,0.7384464144706726,0.3679254651069641
YBR045C,YMR079W,0,1.82027,0.16971752047538757,0.7384464144706726,0.36802563071250916
YBL061C,YDL110C,0,1.8200774,0.1696791648864746,0.7384464144706726,0.3681258261203766
YDR439W,YPL072W,0,1.8198538,0.16964083909988403,0.7384464144706726,0.36822599172592163
YER159C,YIL115C,0,1.819524,0.16960252821445465,0.7384464144706726,0.3683261573314667
YDR462W,YLR205C,0,1.8191819,0.16956423223018646,0.7384464144706726,0.3684263229370117
YKL213C,YDR006C,0,1.8184108,0.16952596604824066,0.7384464144706726,0.36852648854255676
YMR216C,YHR186C,0,1.8183993,0.16948769986629486,0.7384464144706726,0.3686266541481018
YBL100W-A,YOR036W,0,1.818271,0.16944946348667145,0.7384464144706726,0.36872684955596924
YLR340W,YGR040W,0,1.8180752,0.16941122710704803,0.7384464144706726,0.3688270151615143
YDR003W,YDR538W,0,1.8178803,0.169373020529747,0.7384464144706726,0.3689271807670593
YPR070W,YOL027C,0,1.8174353,0.16933484375476837,0.7384464144706726,0.36902734637260437
YBR014C,YGL246C,0,1.8168033,0.16929666697978973,0.7384464144706726,0.3691275119781494
YOR043W,YDL149W,0,1.8167983,0.1692585051059723,0.7384464144706726,0.36922767758369446
YOL003C,YEL065W,0,1.8164575,0.16922037303447723,0.7384464144706726,0.3693278431892395
YNL210W,YPL270W,0,1.8163766,0.16918224096298218,0.7384464144706726,0.36942803859710693
YLL031C,YAL030W,0,1.8163631,0.1691441386938095,0.7384464144706726,0.369528204202652
YCR083W,YAL001C,0,1.8163464,0.16910605132579803,0.7384464144706726,0.369628369808197
YDR385W,YKL173W,0,1.8162377,0.16906799376010895,0.7384464144706726,0.36972853541374207
YAL008W,YKR037C,0,1.8159895,0.16902993619441986,0.7384464144706726,0.3698287010192871
YKR042W,YER072W,0,1.8158095,0.16899189352989197,0.7384464144706726,0.36992886662483215
YER144C,YDL069C,0,1.8157905,0.16895388066768646,0.7384464144706726,0.3700290620326996
YOL019W,YLR077W,0,1.8151059,0.16891588270664215,0.7384464144706726,0.37012922763824463
YNL137C,YPL040C,0,1.814734,0.16887789964675903,0.7384464144706726,0.3702293932437897
YHR035W,YIL112W,0,1.8143754,0.1688399314880371,0.7384464144706726,0.3703295588493347
YOL137W,YOL059W,0,1.81407,0.16880197823047638,0.7384464144706726,0.37042972445487976
YDL005C,YEL006W,0,1.8140507,0.16876403987407684,0.7384464144706726,0.3705298900604248
YEL058W,YOR119C,0,1.8139758,0.1687261313199997,0.7384464144706726,0.37063008546829224
YDR013W,YBR159W,0,1.8138045,0.16868822276592255,0.7384464144706726,0.3707302510738373
YKR039W,YKR031C,1,1.8137661,0.16887491941452026,0.7394297122955322,0.3707302510738373
YPR003C,YKR058W,0,1.8137645,0.16883699595928192,0.7394297122955322,0.3708304166793823
YER088C,YMR134W,0,1.8133935,0.16879910230636597,0.7394297122955322,0.37093058228492737
YOR354C,YLR357W,0,1.8130324,0.1687612235546112,0.7394297122955322,0.3710307478904724
YDR409W,YJL138C,0,1.8130231,0.16872335970401764,0.7394297122955322,0.37113091349601746
YER114C,YPR071W,0,1.8128314,0.16868551075458527,0.7394297122955322,0.3712310791015625
YDL082W,YGR092W,0,1.8126028,0.1686476767063141,0.7394297122955322,0.37133127450942993
YOR017W,YAR018C,0,1.8124878,0.1686098724603653,0.7394297122955322,0.371431440114975
YKR031C,YBR068C,0,1.8121381,0.1685720682144165,0.7394297122955322,0.37153160572052
YBR106W,YDR342C,0,1.8119129,0.1685342937707901,0.7394297122955322,0.37163177132606506
YHR062C,YMR109W,0,1.8113345,0.1684965342283249,0.7394297122955322,0.3717319369316101
YKL069W,YNL159C,0,1.8107983,0.16845877468585968,0.7394297122955322,0.37183210253715515
YMR216C,YPL100W,0,1.8107218,0.16842105984687805,0.7394297122955322,0.3719322979450226
YJR144W,YDR123C,0,1.8106308,0.16838334500789642,0.7394297122955322,0.3720324635505676
YDL195W,YMR171C,1,1.8106302,0.16856950521469116,0.7404129505157471,0.3720324635505676
YOR367W,YOR141C,0,1.8106238,0.16853177547454834,0.7404129505157471,0.37213262915611267
YLR067C,YIL162W,0,1.81059,0.1684940755367279,0.7404129505157471,0.3722327947616577
YHR046C,YMR153W,0,1.8105426,0.16845637559890747,0.7404129505157471,0.37233296036720276
YER184C,YDL069C,0,1.8104882,0.16841870546340942,0.7404129505157471,0.3724331259727478
YMR256C,YLR098C,0,1.8104093,0.16838103532791138,0.7404129505157471,0.37253332138061523
YOL051W,YML034W,0,1.8102374,0.16834339499473572,0.7404129505157471,0.3726334869861603
YLR380W,YJR125C,1,1.8101766,0.16852928698062897,0.7413962483406067,0.3726334869861603
YPR151C,YDL138W,0,1.8100173,0.16849161684513092,0.7413962483406067,0.3727336525917053
YMR080C,YOR193W,0,1.810004,0.16845397651195526,0.7413962483406067,0.37283381819725037
YJL026W,YCR066W,0,1.8098451,0.1684163510799408,0.7413962483406067,0.3729339838027954
YPL271W,YAL010C,0,1.809827,0.16837874054908752,0.7413962483406067,0.37303414940834045
YDR261C,YJL167W,0,1.8097472,0.16834114491939545,0.7413962483406067,0.3731343150138855
YMR092C,YDR198C,0,1.8091459,0.16830356419086456,0.7413962483406067,0.37323451042175293
YOR374W,YAL020C,0,1.8090463,0.16826601326465607,0.7413962483406067,0.373334676027298
YKR039W,YDR069C,1,1.8089306,0.16845157742500305,0.7423795461654663,0.373334676027298
YBR019C,YDR225W,0,1.8086805,0.16841401159763336,0.7423795461654663,0.373434841632843
YJL093C,YOL052C-A,0,1.8077319,0.16837644577026367,0.7423795461654663,0.37353500723838806
YOR356W,YDR322W,0,1.8077035,0.16833890974521637,0.7423795461654663,0.3736351728439331
YMR292W,YPR180W,0,1.8073974,0.16830138862133026,0.7423795461654663,0.37373533844947815
YML098W,YLR138W,0,1.8072418,0.16826386749744415,0.7423795461654663,0.3738355338573456
YDR334W,YBL046W,0,1.8070319,0.16822637617588043,0.7423795461654663,0.3739356994628906
YGR004W,YAL053W,0,1.8067288,0.1681888997554779,0.7423795461654663,0.37403586506843567
YIL013C,YHR154W,0,1.8064756,0.16815145313739777,0.7423795461654663,0.3741360306739807
YBR164C,YLR143W,0,1.8062673,0.16811400651931763,0.7423795461654663,0.37423619627952576
YDL178W,YGL153W,0,1.805342,0.16807657480239868,0.7423795461654663,0.3743363618850708
YMR100W,YOR267C,0,1.8051169,0.16803917288780212,0.7423795461654663,0.37443652749061584
YDR490C,YBR133C,0,1.8049909,0.16800178587436676,0.7423795461654663,0.3745367228984833
YGL157W,YNL068C,0,1.8048481,0.1679643988609314,0.7423795461654663,0.3746368885040283
YGL006W,YGL104C,0,1.8047533,0.16792704164981842,0.7423795461654663,0.37473705410957336
YCR081W,YFL018C,0,1.8045657,0.16788969933986664,0.7423795461654663,0.3748372197151184
YPL202C,YCL067C,0,1.8041606,0.16785237193107605,0.7423795461654663,0.37493738532066345
YDL075W,YDR334W,0,1.8029258,0.16781507432460785,0.7423795461654663,0.3750375509262085
YOR375C,YER095W,0,1.8028591,0.16777777671813965,0.7423795461654663,0.3751377463340759
YEL005C,YER113C,1,1.80263,0.1679626703262329,0.7433628439903259,0.3751377463340759
YER025W,YDL108W,0,1.8012819,0.1679253727197647,0.7433628439903259,0.37523791193962097
YDL210W,YLR207W,0,1.801133,0.1678880751132965,0.7433628439903259,0.375338077545166
YHR006W,YGR163W,0,1.8005297,0.1678507924079895,0.7433628439903259,0.37543824315071106
YGL115W,YGR247W,0,1.8003857,0.16781353950500488,0.7433628439903259,0.3755384087562561
YPR107C,YOR252W,0,1.800024,0.16777630150318146,0.7433628439903259,0.37563857436180115
YBR102C,YBR097W,1,1.7995821,0.16796095669269562,0.7443461418151855,0.37563857436180115
YKR065C,YCR020W-B,0,1.7990758,0.1679236888885498,0.7443461418151855,0.3757387697696686
YGL124C,YPR046W,0,1.7990642,0.16788645088672638,0.7443461418151855,0.3758389353752136
YLL062C,YDR014W,0,1.7986633,0.16784922778606415,0.7443461418151855,0.37593910098075867
YOR036W,YLR360W,1,1.7986526,0.1680336892604828,0.7453293800354004,0.37593910098075867
YCR068W,YDR189W,1,1.7984881,0.16821809113025665,0.74631267786026,0.37593910098075867
YKR048C,YAL012W,0,1.7983447,0.16818080842494965,0.74631267786026,0.3760392665863037
YML015C,YDL154W,0,1.7981551,0.16814355552196503,0.74631267786026,0.37613943219184875
YGR249W,YER033C,0,1.7976267,0.1681063175201416,0.74631267786026,0.3762395977973938
YIL147C,YPL056C,0,1.7974728,0.16806909441947937,0.74631267786026,0.37633976340293884
YKR052C,YOR109W,0,1.7972364,0.16803188621997833,0.74631267786026,0.3764399588108063
YML015C,YLR352W,0,1.7970729,0.1679946929216385,0.74631267786026,0.3765401244163513
YBR158W,YHR172W,0,1.7969568,0.16795751452445984,0.74631267786026,0.37664029002189636
YDL190C,YDL056W,0,1.7966721,0.16792035102844238,0.74631267786026,0.3767404556274414
YPL187W,YGR253C,0,1.7965249,0.16788321733474731,0.74631267786026,0.37684062123298645
YPL242C,YBL069W,0,1.7964941,0.16784608364105225,0.74631267786026,0.3769407868385315
YER004W,YDR206W,0,1.7964792,0.16780897974967957,0.74631267786026,0.3770409822463989
YOR011W,YLR034C,0,1.7961874,0.16777187585830688,0.74631267786026,0.37714114785194397
YPL241C,YLR166C,0,1.7959218,0.1677348017692566,0.74631267786026,0.377241313457489
YPL089C,YNL088W,0,1.7957532,0.1676977425813675,0.74631267786026,0.37734147906303406
YLR083C,YMR167W,0,1.7956917,0.1676606982946396,0.74631267786026,0.3774416446685791
YPR017C,YCR035C,0,1.7956566,0.16762366890907288,0.74631267786026,0.37754181027412415
YGR223C,YKL167C,0,1.7955093,0.16758666932582855,0.74631267786026,0.3776420056819916
YNL090W,YMR071C,0,1.7954526,0.16754966974258423,0.74631267786026,0.3777421712875366
YLR356W,YGL001C,0,1.795364,0.1675126850605011,0.74631267786026,0.37784233689308167
YPL022W,YLR265C,0,1.7953396,0.16747573018074036,0.74631267786026,0.3779425024986267
YDR143C,YMR230W,0,1.7953355,0.16743877530097961,0.74631267786026,0.37804266810417175
YGL032C,YMR283C,0,1.7949969,0.16740185022354126,0.74631267786026,0.3781428337097168
YGL208W,YAL032C,0,1.7945219,0.1673649400472641,0.74631267786026,0.37824299931526184
YHR035W,YPL084W,1,1.7943949,0.1675485074520111,0.7472959756851196,0.37824299931526184
YBR212W,YOL018C,0,1.7941833,0.16751156747341156,0.7472959756851196,0.3783431947231293
YBL030C,YDL091C,0,1.793582,0.1674746572971344,0.7472959756851196,0.3784433603286743
YDL120W,YIL136W,0,1.7935143,0.16743776202201843,0.7472959756851196,0.37854352593421936
YDR279W,YCR005C,0,1.7933693,0.16740088164806366,0.7472959756851196,0.3786436915397644
YPL055C,YBR101C,0,1.7932198,0.16736401617527008,0.7472959756851196,0.37874385714530945
YMR023C,YGL012W,0,1.792855,0.1673271656036377,0.7472959756851196,0.3788440227508545
YCL001W,YGL079W,1,1.7927811,0.16751044988632202,0.7482792735099792,0.3788440227508545
YDR054C,YDR393W,0,1.7922671,0.16747358441352844,0.7482792735099792,0.3789442181587219
YBR280C,YGL038C,0,1.7920406,0.16743674874305725,0.7482792735099792,0.37904438376426697
YBR293W,YOR061W,0,1.7918897,0.16739991307258606,0.7482792735099792,0.379144549369812
YDR104C,YML074C,0,1.7915696,0.16736309230327606,0.7482792735099792,0.37924471497535706
YHR113W,YDR017C,0,1.7913864,0.16732630133628845,0.7482792735099792,0.3793448805809021
YDR522C,YLR118C,0,1.7912097,0.16728951036930084,0.7482792735099792,0.37944504618644714
YBR207W,YKR027W,0,1.791194,0.16725274920463562,0.7482792735099792,0.3795452415943146
YDR163W,YDL194W,0,1.7910799,0.1672160029411316,0.7482792735099792,0.3796454071998596
YOR156C,YPR081C,0,1.7909683,0.16717925667762756,0.7482792735099792,0.37974557280540466
YLR337C,YKL192C,0,1.7908913,0.16714254021644592,0.7482792735099792,0.3798457384109497
YML127W,YOL003C,0,1.7907255,0.16710583865642548,0.7482792735099792,0.37994590401649475
YGR178C,YKR067W,0,1.7905871,0.16706915199756622,0.7482792735099792,0.3800460696220398
YOR158W,YLR357W,0,1.7903235,0.16703248023986816,0.7482792735099792,0.38014623522758484
YOR322C,YLR015W,0,1.7901206,0.1669958233833313,0.7482792735099792,0.38024643063545227
YJL045W,YHR216W,0,1.7899078,0.16695919632911682,0.7482792735099792,0.3803465962409973
YNL161W,YPL280W,0,1.7898165,0.16692256927490234,0.7482792735099792,0.38044676184654236
YBL035C,YML046W,0,1.7893608,0.16688597202301025,0.7482792735099792,0.3805469274520874
YPL057C,YDR127W,0,1.7891731,0.16684937477111816,0.7482792735099792,0.38064709305763245
YML010W,YIL173W,0,1.7890748,0.16681280732154846,0.7482792735099792,0.3807472586631775
YDR084C,YMR286W,0,1.7875134,0.16677623987197876,0.7482792735099792,0.3808474540710449
YKR064W,YNL190W,0,1.7874435,0.16673970222473145,0.7482792735099792,0.38094761967658997
YGR231C,YPR166C,0,1.7872033,0.16670317947864532,0.7482792735099792,0.381047785282135
YLR118C,YDR052C,0,1.7870847,0.1666666716337204,0.7482792735099792,0.38114795088768005
YFL029C,YPL056C,0,1.7870133,0.16663017868995667,0.7482792735099792,0.3812481164932251
YGL238W,YMR233W,0,1.7868919,0.16659370064735413,0.7482792735099792,0.38134828209877014
YDR050C,YBR122C,0,1.7868209,0.16655723750591278,0.7482792735099792,0.3814484477043152
YJL093C,YHR104W,0,1.7864115,0.16652078926563263,0.7482792735099792,0.3815486431121826
YJR059W,YPR020W,0,1.7863166,0.16648435592651367,0.7482792735099792,0.38164880871772766
YCL061C,YKL092C,0,1.7863134,0.1664479374885559,0.7482792735099792,0.3817489743232727
YKR093W,YOR357C,0,1.7860804,0.16641154885292053,0.7482792735099792,0.38184913992881775
YOR068C,YDL010W,0,1.7860615,0.16637516021728516,0.7482792735099792,0.3819493055343628
YBR248C,YGR096W,0,1.7856889,0.16633880138397217,0.7482792735099792,0.38204947113990784
YDR381W,YPL153C,0,1.7856246,0.16630244255065918,0.7482792735099792,0.38214966654777527
YKL195W,YJL074C,0,1.7855091,0.16626611351966858,0.7482792735099792,0.3822498321533203
YOR380W,YIL075C,0,1.7852415,0.16622979938983917,0.7482792735099792,0.38234999775886536
YPL210C,YER069W,0,1.7851565,0.16619348526000977,0.7482792735099792,0.3824501633644104
YGR142W,YJL099W,1,1.7849368,0.1663755476474762,0.7492625117301941,0.3824501633644104
YKR097W,YOL146W,0,1.7844318,0.1663392335176468,0.7492625117301941,0.38255032896995544
YLL048C,YGR080W,0,1.7843192,0.16630291938781738,0.7492625117301941,0.3826504945755005
YLR158C,YNL068C,0,1.7842757,0.16626663506031036,0.7492625117301941,0.3827506899833679
YLR421C,YDR350C,0,1.7842226,0.16623036563396454,0.7492625117301941,0.38285085558891296
YOR201C,YDL064W,0,1.7841432,0.1661941111087799,0.7492625117301941,0.382951021194458
YHR072W,YPL097W,0,1.7841184,0.16615787148475647,0.7492625117301941,0.38305118680000305
YDR017C,YOL002C,0,1.7841104,0.16612164676189423,0.7492625117301941,0.3831513524055481
YGR198W,YJL221C,0,1.7839923,0.16608543694019318,0.7492625117301941,0.38325151801109314
YGL070C,YDL012C,0,1.783984,0.16604924201965332,0.7492625117301941,0.3833516836166382
YPL013C,YKR090W,0,1.7838886,0.16601307690143585,0.7492625117301941,0.3834518790245056
YGR007W,YLR083C,0,1.783539,0.16597691178321838,0.7492625117301941,0.38355204463005066
YKL059C,YMR105C,0,1.783023,0.1659407615661621,0.7492625117301941,0.3836522102355957
YHL036W,YDR227W,0,1.7830206,0.16590464115142822,0.7492625117301941,0.38375237584114075
YMR274C,YDR303C,0,1.7826426,0.16586852073669434,0.7492625117301941,0.3838525414466858
YOR328W,YPR081C,0,1.7825241,0.16583243012428284,0.7492625117301941,0.38395270705223083
YMR257C,YGL104C,0,1.782126,0.16579633951187134,0.7492625117301941,0.38405290246009827
YPL258C,YEL060C,0,1.7821105,0.16576027870178223,0.7492625117301941,0.3841530680656433
YGR041W,YBR097W,0,1.7818482,0.1657242327928543,0.7492625117301941,0.38425323367118835
YPL022W,YBL009W,0,1.7804549,0.1656881868839264,0.7492625117301941,0.3843533992767334
YNR006W,YLR025W,1,1.7800941,0.1658695638179779,0.7502458095550537,0.3843533992767334
YOR173W,YML086C,0,1.7800269,0.16583351790905,0.7502458095550537,0.38445356488227844
YGR231C,YDR313C,0,1.7799704,0.16579747200012207,0.7502458095550537,0.3845537304878235
YPL262W,YHR110W,0,1.7792578,0.16576145589351654,0.7502458095550537,0.3846539258956909
YKR031C,YFL056C,0,1.7792283,0.1657254546880722,0.7502458095550537,0.38475409150123596
YKL033W,YNL315C,0,1.7792237,0.16568946838378906,0.7502458095550537,0.384854257106781
YDR495C,YGL206C,1,1.7791437,0.16587060689926147,0.7512291073799133,0.384854257106781
YER027C,YKR058W,0,1.7790607,0.16583460569381714,0.7512291073799133,0.38495442271232605
YLR225C,YBR188C,0,1.7789805,0.1657986044883728,0.7512291073799133,0.3850545883178711
YNR030W,YBR127C,0,1.7789434,0.16576263308525085,0.7512291073799133,0.38515475392341614
YNL212W,YMR223W,0,1.7788489,0.1657266765832901,0.7512291073799133,0.3852549195289612
YKR035W-A,YOL137W,1,1.7788047,0.1659076064825058,0.752212405204773,0.3852549195289612
YMR152W,YAR003W,0,1.7784928,0.16587163507938385,0.752212405204773,0.3853551149368286
YDR176W,YBR244W,0,1.7783799,0.1658356785774231,0.752212405204773,0.38545528054237366
YAL002W,YKR104W,0,1.7782557,0.16579973697662354,0.752212405204773,0.3855554461479187
YJL090C,YJL093C,0,1.7782009,0.16576381027698517,0.752212405204773,0.38565561175346375
YKL120W,YDL049C,0,1.7781456,0.165727898478508,0.752212405204773,0.3857557773590088
YGR206W,YMR159C,1,1.7779102,0.1659086048603058,0.7531957030296326,0.3857557773590088
YBR005W,YHR147C,0,1.7775893,0.16587267816066742,0.7531957030296326,0.38585594296455383
YFL034C-B,YGR218W,0,1.7769551,0.16583676636219025,0.7531957030296326,0.38595613837242126
YPR186C,YJL001W,0,1.7767614,0.16580086946487427,0.7531957030296326,0.3860563039779663
YJL184W,YBL069W,0,1.7764568,0.16576498746871948,0.7531957030296326,0.38615646958351135
YBL074C,YKL011C,0,1.7764189,0.1657291203737259,0.7531957030296326,0.3862566351890564
YIR021W,YKL152C,0,1.7754714,0.1656932681798935,0.7531957030296326,0.38635680079460144
YCR094W,YKL108W,0,1.7754486,0.16565744578838348,0.7531957030296326,0.3864569664001465
YNL185C,YDL155W,0,1.7754302,0.16562162339687347,0.7531957030296326,0.3865571618080139
YOR022C,YGL092W,0,1.7753383,0.16558581590652466,0.7531957030296326,0.38665732741355896
YGL226W,YGL085W,0,1.7752066,0.16555003821849823,0.7531957030296326,0.386757493019104
YLR242C,YDL184C,0,1.7748774,0.1655142605304718,0.7531957030296326,0.38685765862464905
YPR005C,YMR167W,0,1.7746162,0.16547849774360657,0.7531957030296326,0.3869578242301941
YDR522C,YCR031C,0,1.7745091,0.16544276475906372,0.7531957030296326,0.38705798983573914
YAL028W,YHR010W,0,1.7744966,0.16540704667568207,0.7531957030296326,0.3871581554412842
YNL225C,YNL115C,0,1.7744341,0.16537132859230042,0.7531957030296326,0.3872583508491516
YMR312W,YKL193C,0,1.7734513,0.16533564031124115,0.7531957030296326,0.38735851645469666
YDL008W,YGR183C,0,1.7729707,0.16529995203018188,0.7531957030296326,0.3874586820602417
YGR186W,YDL160C,0,1.7725836,0.165264293551445,0.7531957030296326,0.38755884766578674
YAR042W,YDL149W,1,1.7725419,0.16544434428215027,0.7541789412498474,0.38755884766578674
YOR205C,YIL129C,0,1.7724916,0.1654086709022522,0.7541789412498474,0.3876590132713318
YFL056C,YGL002W,0,1.7724739,0.16537301242351532,0.7541789412498474,0.38775917887687683
YLL022C,YPL005W,0,1.7723815,0.16533735394477844,0.7541789412498474,0.38785937428474426
YOR073W,YFR016C,0,1.7719413,0.16530172526836395,0.7541789412498474,0.3879595398902893
YPL224C,YOR367W,0,1.7718972,0.16526611149311066,0.7541789412498474,0.38805970549583435
YOR086C,YJL076W,0,1.7715402,0.16523049771785736,0.7541789412498474,0.3881598711013794
YMR306W,YJL212C,0,1.7713966,0.16519491374492645,0.7541789412498474,0.38826003670692444
YBR123C,YKR009C,0,1.7713741,0.16515934467315674,0.7541789412498474,0.3883602023124695
YER141W,YJL210W,0,1.7706399,0.16512379050254822,0.7541789412498474,0.3884603679180145
YPR086W,YLR089C,0,1.7703859,0.1650882512331009,0.7541789412498474,0.38856056332588196
YPL090C,YLR396C,0,1.7699039,0.16505272686481476,0.7541789412498474,0.388660728931427
YMR060C,YGR189C,0,1.7698843,0.16501721739768982,0.7541789412498474,0.38876089453697205
YIL011W,YER069W,0,1.7694883,0.16498172283172607,0.7541789412498474,0.3888610601425171
YMR023C,YFR040W,0,1.7692722,0.16494624316692352,0.7541789412498474,0.38896122574806213
YOR266W,YDR397C,0,1.7690611,0.16491077840328217,0.7541789412498474,0.3890613913536072
YJR125C,YEL020W-A,0,1.7685509,0.164875328540802,0.7541789412498474,0.3891615867614746
YNL218W,YHR153C,0,1.768543,0.16483989357948303,0.7541789412498474,0.38926175236701965
YOL033W,YCL050C,0,1.7684268,0.16480447351932526,0.7541789412498474,0.3893619179725647
YHR092C,YLR450W,0,1.7684222,0.16476906836032867,0.7541789412498474,0.38946208357810974
YPR003C,YLR097C,0,1.7680643,0.1647336781024933,0.7541789412498474,0.3895622491836548
YGR186W,YNL336W,0,1.7667661,0.1646983027458191,0.7541789412498474,0.38966241478919983
YPR017C,YOL031C,0,1.7665639,0.1646629422903061,0.7541789412498474,0.38976261019706726
YKL192C,YJR025C,0,1.7662771,0.16462759673595428,0.7541789412498474,0.3898627758026123
YPR094W,YLR258W,0,1.7661414,0.16459228098392487,0.7541789412498474,0.38996294140815735
YML082W,YJR134C,0,1.7654765,0.16455696523189545,0.7541789412498474,0.3900631070137024
YLR258W,YKL197C,0,1.7650461,0.16452166438102722,0.7541789412498474,0.39016327261924744
YOR091W,YIL129C,0,1.7645224,0.1644863784313202,0.7541789412498474,0.3902634382247925
YOR118W,YDR432W,0,1.7643023,0.16445112228393555,0.7541789412498474,0.3903636038303375
YDL204W,YDR438W,0,1.7639095,0.1644158661365509,0.7541789412498474,0.39046379923820496
YNL116W,YER180C,0,1.7638845,0.16438062489032745,0.7541789412498474,0.39056396484375
YLR115W,YML118W,0,1.7638211,0.1643453985452652,0.7541789412498474,0.39066413044929504
YKR045C,YMR055C,0,1.7631074,0.16431020200252533,0.7541789412498474,0.3907642960548401
YML004C,YPR201W,0,1.7628044,0.16427500545978546,0.7541789412498474,0.39086446166038513
YGR142W,YDL092W,0,1.7625618,0.1642398238182068,0.7541789412498474,0.3909646272659302
YML054C,YGR247W,0,1.7624402,0.1642046719789505,0.7541789412498474,0.3910648226737976
YHL020C,YML076C,0,1.7623882,0.1641695201396942,0.7541789412498474,0.39116498827934265
YJL054W,YCR048W,0,1.7623031,0.16413438320159912,0.7541789412498474,0.3912651538848877
YGR046W,YFR053C,0,1.7621739,0.16409927606582642,0.7541789412498474,0.39136531949043274
YDR456W,YOR177C,0,1.7618612,0.1640641689300537,0.7541789412498474,0.3914654850959778
YGR040W,YMR156C,0,1.7618592,0.1640290915966034,0.7541789412498474,0.3915656507015228
YJR048W,YDR246W,0,1.7616994,0.16399401426315308,0.7541789412498474,0.39166584610939026
YNL186W,YKL152C,0,1.7610831,0.16395895183086395,0.7541789412498474,0.3917660117149353
YBR014C,YBR240C,0,1.7609168,0.16392391920089722,0.7541789412498474,0.39186617732048035
YLR393W,YGR080W,0,1.7604368,0.16388888657093048,0.7541789412498474,0.3919663429260254
YGR103W,YDR261C,0,1.7604176,0.16385388374328613,0.7541789412498474,0.39206650853157043
YIR010W,YFL044C,0,1.7600594,0.16381888091564178,0.7541789412498474,0.3921666741371155
YKL220C,YDR129C,0,1.7597382,0.16378389298915863,0.7541789412498474,0.3922668397426605
YOR120W,YGR083C,0,1.7592921,0.16374893486499786,0.7541789412498474,0.39236703515052795
YML045W,YGL210W,0,1.7592655,0.1637139767408371,0.7541789412498474,0.392467200756073
YLL067C,YGL002W,0,1.7592062,0.16367904841899872,0.7541789412498474,0.39256736636161804
YDR012W,YDL095W,0,1.7589898,0.16364412009716034,0.7541789412498474,0.3926675319671631
YPL088W,YBL088C,0,1.7586896,0.16360922157764435,0.7541789412498474,0.39276769757270813
YAR019C,YMR217W,0,1.7586551,0.16357432305812836,0.7541789412498474,0.3928678631782532
YHR032W,YLR247C,0,1.7582471,0.16353943943977356,0.7541789412498474,0.3929680585861206
YBR123C,YBR103W,0,1.7569703,0.16350458562374115,0.7541789412498474,0.39306822419166565
YNL244C,YKL052C,0,1.7561564,0.16346973180770874,0.7541789412498474,0.3931683897972107
YHR042W,YLR262C,0,1.7560943,0.16343490779399872,0.7541789412498474,0.39326855540275574
YDR148C,YNR052C,0,1.7552602,0.1634000837802887,0.7541789412498474,0.3933687210083008
YNL152W,YNR032W,0,1.7552303,0.16336528956890106,0.7541789412498474,0.3934688866138458
YKR053C,YGR191W,0,1.7550987,0.16333049535751343,0.7541789412498474,0.39356908202171326
YCR005C,YNL077W,0,1.7545238,0.163295716047287,0.7541789412498474,0.3936692476272583
YJR113C,YJL008C,0,1.7544644,0.16326096653938293,0.7541789412498474,0.39376941323280334
YKL002W,YNL137C,0,1.7542467,0.16322621703147888,0.7541789412498474,0.3938695788383484
YGR217W,YOR231W,0,1.7542303,0.16319148242473602,0.7541789412498474,0.39396974444389343
YNL152W,YPL075W,0,1.7537198,0.16315677762031555,0.7541789412498474,0.3940699100494385
YGR215W,YBR087W,0,1.753178,0.16312207281589508,0.7541789412498474,0.3941700756549835
YMR104C,YML010W,0,1.7527268,0.163087397813797,0.7541789412498474,0.39427027106285095
YIL074C,YGR063C,0,1.7524981,0.1630527228116989,0.7541789412498474,0.394370436668396
YNL210W,YNL317W,0,1.752477,0.16301806271076202,0.7541789412498474,0.39447060227394104
YFR041C,YJL097W,0,1.7524126,0.16298343241214752,0.7541789412498474,0.3945707678794861
YIR021W,YNL161W,0,1.752334,0.16294880211353302,0.7541789412498474,0.39467093348503113
YKL077W,YGL144C,0,1.752095,0.1629141867160797,0.7541789412498474,0.39477109909057617
YLR367W,YDR325W,0,1.7519274,0.1628795862197876,0.7541789412498474,0.3948712944984436
YER020W,YDR393W,0,1.7518075,0.16284501552581787,0.7541789412498474,0.39497146010398865
YOR003W,YHL011C,0,1.7513868,0.16281044483184814,0.7541789412498474,0.3950716257095337
YNL087W,YOR250C,0,1.7511818,0.1627758890390396,0.7541789412498474,0.39517179131507874
YOR156C,YDL014W,0,1.7508073,0.16274134814739227,0.7541789412498474,0.3952719569206238
YGL210W,YPL249C,1,1.7503014,0.16291896998882294,0.755162239074707,0.3952719569206238
YCL030C,YPL081W,0,1.7502809,0.1628844141960144,0.755162239074707,0.3953721225261688
YNR069C,YDR438W,0,1.7500713,0.16284987330436707,0.755162239074707,0.39547228813171387
YLR226W,YNR045W,0,1.7498376,0.16281534731388092,0.755162239074707,0.3955724835395813
YDR093W,YAL009W,0,1.7494689,0.16278083622455597,0.755162239074707,0.39567264914512634
YMR188C,YLR345W,0,1.7486821,0.1627463400363922,0.755162239074707,0.3957728147506714
YDR522C,YLR061W,0,1.7483158,0.16271185874938965,0.755162239074707,0.39587298035621643
YJL092W,YLR131C,0,1.7476556,0.16267739236354828,0.755162239074707,0.3959731459617615
YNL247W,YDL076C,0,1.7471526,0.1626429408788681,0.755162239074707,0.3960733115673065
YDL194W,YHR086W,0,1.7471385,0.16260850429534912,0.755162239074707,0.39617350697517395
YGL185C,YOL027C,0,1.746907,0.16257408261299133,0.755162239074707,0.396273672580719
YLR090W,YBR058C-A,0,1.7465153,0.16253967583179474,0.755162239074707,0.39637383818626404
YOL020W,YGR099W,0,1.746201,0.16250528395175934,0.755162239074707,0.3964740037918091
YOL007C,YPL154C,0,1.7460489,0.16247090697288513,0.755162239074707,0.3965741693973541
YOR089C,YNR006W,1,1.7453703,0.1626480519771576,0.7561455368995667,0.3965741693973541
YMR070W,YDL065C,0,1.7449573,0.1626136600971222,0.7561455368995667,0.39667433500289917
YJL170C,YFR015C,0,1.7449427,0.16257928311824799,0.7561455368995667,0.3967745304107666
YLR099C,YKR030W,0,1.744839,0.16254492104053497,0.7561455368995667,0.39687469601631165
YER129W,YJL139C,0,1.7447643,0.16251055896282196,0.7561455368995667,0.3969748616218567
YDL112W,YNL214W,0,1.7446219,0.16247622668743134,0.7561455368995667,0.39707502722740173
YNL128W,YDL129W,0,1.7443255,0.1624419093132019,0.7561455368995667,0.3971751928329468
YMR232W,YBL038W,0,1.7440807,0.16240760684013367,0.7561455368995667,0.3972753584384918
YDL017W,YDR080W,0,1.7439442,0.16237330436706543,0.7561455368995667,0.39737552404403687
YAR008W,YBR089C-A,0,1.7425361,0.16233903169631958,0.7561455368995667,0.3974757194519043
YGR017W,YLR343W,0,1.7422923,0.16230477392673492,0.7561455368995667,0.39757588505744934
YNL071W,YHL008C,0,1.7414732,0.16227051615715027,0.7561455368995667,0.3976760506629944
YOR201C,YDR402C,0,1.7413831,0.162236288189888,0.7561455368995667,0.39777621626853943
YBR203W,YNL268W,0,1.7413466,0.16220206022262573,0.7561455368995667,0.3978763818740845
YDR322C-A,YGR163W,0,1.7401617,0.16216786205768585,0.7561455368995667,0.3979765474796295
YML047C,YGL044C,0,1.7400731,0.16213366389274597,0.7561455368995667,0.39807674288749695
YLR181C,YOR386W,0,1.7399544,0.16209949553012848,0.7561455368995667,0.398176908493042
YGL208W,YDR347W,0,1.7398663,0.162065327167511,0.7561455368995667,0.39827707409858704
YDL146W,YGL195W,0,1.7396553,0.16203118860721588,0.7561455368995667,0.3983772397041321
YGL126W,YFR055W,0,1.7394164,0.16199705004692078,0.7561455368995667,0.3984774053096771
YLR378C,YJL019W,0,1.7391915,0.16196292638778687,0.7561455368995667,0.39857757091522217
YGL017W,YOL092W,0,1.7390964,0.16192883253097534,0.7561455368995667,0.3986777663230896
YOR049C,YOR132W,0,1.7388886,0.16189473867416382,0.7561455368995667,0.39877793192863464
YKR045C,YER012W,0,1.7386904,0.1618606597185135,0.7561455368995667,0.3988780975341797
YIL122W,YJL210W,0,1.7384917,0.16182659566402435,0.7561455368995667,0.39897826313972473
YGR157W,YAL002W,0,1.7384403,0.1617925465106964,0.7561455368995667,0.3990784287452698
YPL170W,YNL192W,1,1.7381243,0.1619688719511032,0.7571288347244263,0.3990784287452698
YDR386W,YDR501W,0,1.7379458,0.16193480789661407,0.7571288347244263,0.3991785943508148
YML004C,YGR295C,0,1.7379051,0.16190075874328613,0.7571288347244263,0.39927875995635986
YAL068C,YJR126C,0,1.7377068,0.16186672449111938,0.7571288347244263,0.3993789553642273
YOR299W,YKR039W,1,1.7373948,0.16204287111759186,0.7581120729446411,0.3993789553642273
YMR164C,YLR467W,0,1.7369939,0.16200882196426392,0.7581120729446411,0.39947912096977234
YOR061W,YMR201C,0,1.7364889,0.16197478771209717,0.7581120729446411,0.3995792865753174
YPR199C,YBR038W,0,1.7363021,0.1619407683610916,0.7581120729446411,0.3996794521808624
YPL079W,YDR536W,0,1.736025,0.16190676391124725,0.7581120729446411,0.39977961778640747
YOR369C,YBL022C,0,1.73594,0.1618727743625641,0.7581120729446411,0.3998797833919525
YKL027W,YMR156C,0,1.7356166,0.16183878481388092,0.7581120729446411,0.39997997879981995
YFL039C,YBR055C,0,1.7354467,0.16180482506752014,0.7581120729446411,0.400080144405365
YMR189W,YHL016C,0,1.7354147,0.16177088022232056,0.7581120729446411,0.40018031001091003
YNL330C,YGL029W,0,1.7348207,0.16173693537712097,0.7581120729446411,0.4002804756164551
YDR003W,YER073W,0,1.734249,0.16170302033424377,0.7581120729446411,0.4003806412220001
YOL052C-A,YOR075W,0,1.7342259,0.16166912019252777,0.7581120729446411,0.40048080682754517
YPR017C,YDR346C,0,1.7340784,0.16163522005081177,0.7581120729446411,0.4005810022354126
YNL093W,YJR125C,1,1.7339936,0.16181093454360962,0.7590953707695007,0.4005810022354126
YER173W,YOR115C,0,1.7335732,0.16177703440189362,0.7590953707695007,0.40068116784095764
YLR377C,YJL156C,0,1.7330966,0.1617431342601776,0.7590953707695007,0.4007813334465027
YDR244W,YMR318C,0,1.7327513,0.161709263920784,0.7590953707695007,0.40088149905204773
YPL228W,YOL154W,0,1.7324488,0.16167539358139038,0.7590953707695007,0.4009816646575928
YDR485C,YOR122C,0,1.7322369,0.16164153814315796,0.7590953707695007,0.4010818302631378
YBR212W,YGL166W,0,1.7321894,0.16160769760608673,0.7590953707695007,0.40118199586868286
YPL089C,YIR035C,0,1.7320046,0.1615738868713379,0.7590953707695007,0.4012821912765503
YBL051C,YML126C,0,1.7319971,0.16154007613658905,0.7590953707695007,0.40138235688209534
YJL036W,YHR005C,1,1.7316582,0.16171547770500183,0.7600786685943604,0.40138235688209534
YPR086W,YNL288W,0,1.7314781,0.1616816520690918,0.7600786685943604,0.4014825224876404
YGR004W,YNR047W,0,1.731411,0.16164784133434296,0.7600786685943604,0.4015826880931854
YFL034C-B,YGL098W,0,1.7312347,0.1616140455007553,0.7600786685943604,0.40168285369873047
YAL011W,YJR043C,0,1.730829,0.16158026456832886,0.7600786685943604,0.4017830193042755
YKL006C-A,YIL136W,0,1.7306949,0.1615464985370636,0.7600786685943604,0.40188321471214294
YPL023C,YLL013C,0,1.7305362,0.16151274740695953,0.7600786685943604,0.401983380317688
YOR354C,YGL133W,0,1.7303748,0.16147901117801666,0.7600786685943604,0.40208354592323303
YDR288W,YOL091W,0,1.7299874,0.1614452749490738,0.7600786685943604,0.4021837115287781
YHR118C,YOR270C,0,1.7299771,0.1614115685224533,0.7600786685943604,0.4022838771343231
YDL003W,YDL033C,0,1.7293887,0.16137787699699402,0.7600786685943604,0.40238404273986816
YFL024C,YDL006W,0,1.7292613,0.16134418547153473,0.7600786685943604,0.4024842083454132
YKR027W,YDR270W,1,1.72897,0.16151919960975647,0.76106196641922,0.4024842083454132
YJR161C,YJR045C,0,1.7285814,0.161485493183136,0.76106196641922,0.40258440375328064
YOL068C,YHR072W,0,1.7285703,0.1614518165588379,0.76106196641922,0.4026845693588257
YDR441C,YGR193C,0,1.7281661,0.1614181399345398,0.76106196641922,0.4027847349643707
YGR200C,YLR324W,0,1.7277105,0.1613844931125641,0.76106196641922,0.40288490056991577
YMR076C,YOL126C,0,1.7267411,0.16135084629058838,0.76106196641922,0.4029850661754608
YBR251W,YIL056W,0,1.7263274,0.16131721436977386,0.76106196641922,0.40308523178100586
YBL100W-A,YER021W,0,1.7258589,0.16128359735012054,0.76106196641922,0.4031854271888733
YER030W,YPL176C,0,1.725652,0.16124999523162842,0.76106196641922,0.40328559279441833
YEL034W,YCL051W,0,1.7253848,0.16121640801429749,0.76106196641922,0.4033857583999634
YIL147C,YLR263W,0,1.7251211,0.16118283569812775,0.76106196641922,0.4034859240055084
YDR219C,YJL044C,0,1.7247789,0.1611492782831192,0.76106196641922,0.40358608961105347
YPL095C,YLR328W,0,1.7247435,0.16111573576927185,0.76106196641922,0.4036862552165985
YLR439W,YJL133W,0,1.7247407,0.1610822081565857,0.76106196641922,0.40378645062446594
YNL058C,YGL201C,0,1.7235014,0.16104869544506073,0.76106196641922,0.403886616230011
YIR006C,YKL143W,1,1.723495,0.16122321784496307,0.7620452046394348,0.403886616230011
YCL010C,YER014W,0,1.7223877,0.16118969023227692,0.7620452046394348,0.40398678183555603
YPL056C,YBL010C,0,1.7223802,0.16115616261959076,0.7620452046394348,0.4040869474411011
YHR006W,YNL252C,0,1.7223122,0.161122664809227,0.7620452046394348,0.4041871130466461
YCL008C,YJR066W,1,1.7222351,0.1612970232963562,0.7630285024642944,0.4041871130466461
YJL041W,YKL056C,0,1.7221379,0.16126351058483124,0.7630285024642944,0.40428727865219116
YPR161C,YBR286W,0,1.7220421,0.16122999787330627,0.7630285024642944,0.4043874442577362
YHR167W,YBR185C,0,1.7219038,0.1611965149641037,0.7630285024642944,0.40448763966560364
YBR107C,YNL152W,0,1.7218282,0.16116303205490112,0.7630285024642944,0.4045878052711487
YAL030W,YBL037W,1,1.7216201,0.161337211728096,0.764011800289154,0.4045878052711487
YLR097C,YPL063W,0,1.7210343,0.16130371391773224,0.764011800289154,0.4046879708766937
YNL186W,YKL069W,0,1.7209406,0.16127023100852966,0.764011800289154,0.40478813648223877
YBR248C,YLR399C,0,1.7209033,0.16123677790164948,0.764011800289154,0.4048883020877838
YAL014C,YGL051W,1,1.7199185,0.16141079366207123,0.7649950981140137,0.4048883020877838
YER100W,YOR030W,0,1.7192582,0.16137731075286865,0.7649950981140137,0.40498846769332886
YBR070C,YBR028C,0,1.7191529,0.16134384274482727,0.7649950981140137,0.4050886631011963
YGR193C,YER146W,0,1.7189225,0.16131038963794708,0.7649950981140137,0.40518882870674133
YML021C,YFR042W,0,1.7185943,0.1612769514322281,0.7649950981140137,0.4052889943122864
YBR159W,YIL078W,0,1.7184279,0.1612435281276703,0.7649950981140137,0.4053891599178314
YJL090C,YNR039C,0,1.7183669,0.1612101048231125,0.7649950981140137,0.40548932552337646
YDR314C,YHL019C,0,1.71823,0.16117671132087708,0.7649950981140137,0.4055894911289215
YLR128W,YKL222C,0,1.7181582,0.16114333271980286,0.7649950981140137,0.40568968653678894
YGL206C,YIL050W,0,1.7175472,0.16110995411872864,0.7649950981140137,0.405789852142334
YGL128C,YPL132W,0,1.7166373,0.1610766053199768,0.7649950981140137,0.40589001774787903
YNL210W,YKR088C,0,1.7163852,0.16104325652122498,0.7649950981140137,0.4059901833534241
YGL006W,YOL068C,0,1.7161155,0.16100993752479553,0.7649950981140137,0.4060903489589691
YHL040C,YIL048W,1,1.7156911,0.16118353605270386,0.7659783959388733,0.4060903489589691
YGR241C,YCR043C,0,1.7155821,0.16115018725395203,0.7659783959388733,0.40619051456451416
YNL217W,YML011C,0,1.7154588,0.1611168533563614,0.7659783959388733,0.4062906801700592
YCR083W,YBL100W-A,0,1.7152731,0.16108353435993195,0.7659783959388733,0.40639087557792664
YPL103C,YGR172C,0,1.71504,0.1610502451658249,0.7659783959388733,0.4064910411834717
YLR074C,YDR362C,0,1.7131186,0.16101695597171783,0.7659783959388733,0.4065912067890167
YGL208W,YBL005W,0,1.7130523,0.16098368167877197,0.7659783959388733,0.40669137239456177
YLR166C,YBR301W,0,1.7130387,0.1609504073858261,0.7659783959388733,0.4067915380001068
YOR178C,YHR090C,0,1.7128822,0.16091716289520264,0.7659783959388733,0.40689170360565186
YJL051W,YLR207W,0,1.7127272,0.16088393330574036,0.7659783959388733,0.4069918990135193
YPR201W,YLL005C,0,1.712592,0.16085071861743927,0.7659783959388733,0.40709206461906433
YDR545W,YJL174W,0,1.7122381,0.16081750392913818,0.7659783959388733,0.4071922302246094
YLR337C,YPL101W,0,1.7120047,0.16078431904315948,0.7659783959388733,0.4072923958301544
YBR164C,YBR028C,0,1.7116826,0.1607511341571808,0.7659783959388733,0.40739256143569946
YPL124W,YKL107W,0,1.7116208,0.16071796417236328,0.7659783959388733,0.4074927270412445
YMR012W,YDR236C,0,1.7114245,0.16068482398986816,0.7659783959388733,0.40759292244911194
YLR433C,YKL194C,0,1.7111065,0.16065168380737305,0.7659783959388733,0.407693088054657
YHR033W,YKL149C,0,1.7109156,0.16061855852603912,0.7659783959388733,0.407793253660202
YCR083W,YNL330C,0,1.710511,0.1605854481458664,0.7659783959388733,0.40789341926574707
YJL057C,YIL117C,0,1.7102664,0.16055235266685486,0.7659783959388733,0.4079935848712921
YFR049W,YDR092W,0,1.7102058,0.16051927208900452,0.7659783959388733,0.40809375047683716
YGR286C,YPR128C,0,1.7099779,0.16048619151115417,0.7659783959388733,0.4081939160823822
YGR202C,YJR066W,0,1.7099314,0.16045314073562622,0.7659783959388733,0.40829411149024963
YPL079W,YDL006W,0,1.7090019,0.16042010486125946,0.7659783959388733,0.4083942770957947
YDL120W,YHR183W,0,1.7088828,0.1603870689868927,0.7659783959388733,0.4084944427013397
YLR413W,YML124C,0,1.708652,0.16035404801368713,0.7659783959388733,0.40859460830688477
YGL106W,YGL077C,0,1.7085967,0.16032105684280396,0.7659783959388733,0.4086947739124298
YGR208W,YDR168W,0,1.7084398,0.16028806567192078,0.7659783959388733,0.40879493951797485
YEL005C,YIL153W,0,1.7081444,0.1602550894021988,0.7659783959388733,0.4088951349258423
YOR290C,YGL054C,0,1.7078497,0.160222128033638,0.7659783959388733,0.40899530053138733
YJL062W,YKL197C,0,1.7076999,0.1601891815662384,0.7659783959388733,0.4090954661369324
YOL044W,YNL152W,0,1.7076347,0.16015625,0.7659783959388733,0.4091956317424774
YIL173W,YLR380W,1,1.7075696,0.16032887995243073,0.7669616341590881,0.4091956317424774
YMR006C,YLR106C,0,1.7075312,0.16029593348503113,0.7669616341590881,0.40929579734802246
YOR119C,YNR056C,0,1.7075284,0.16026300191879272,0.7669616341590881,0.4093959629535675
YMR077C,YLR240W,1,1.7072732,0.1604354977607727,0.7679449319839478,0.4093959629535675
YDL066W,YEL020W-A,0,1.706738,0.1604025512933731,0.7679449319839478,0.40949612855911255
YNL212W,YDL229W,0,1.7066507,0.1603696048259735,0.7679449319839478,0.40959632396698
YER129W,YPL103C,0,1.7065454,0.1603366881608963,0.7679449319839478,0.409696489572525
YLR077W,YHR037W,0,1.7065334,0.1603037714958191,0.7679449319839478,0.40979665517807007
YHR064C,YPR188C,0,1.7060423,0.16027088463306427,0.7679449319839478,0.4098968207836151
YBR207W,YGL027C,0,1.7056336,0.16023799777030945,0.7679449319839478,0.40999698638916016
YNL173C,YFR006W,0,1.7053908,0.16020512580871582,0.7679449319839478,0.4100971519947052
YGR009C,YDR346C,0,1.7053454,0.1601722687482834,0.7679449319839478,0.41019734740257263
YML125C,YOR141C,0,1.705219,0.16013942658901215,0.7679449319839478,0.4102975130081177
YER184C,YHR023W,0,1.70473,0.1601065993309021,0.7679449319839478,0.4103976786136627
YBR153W,YJR118C,0,1.7046328,0.16007378697395325,0.7679449319839478,0.41049784421920776
YDR022C,YLR256W,0,1.704046,0.1600409895181656,0.7679449319839478,0.4105980098247528
YJL090C,YJR060W,0,1.7039312,0.16000819206237793,0.7679449319839478,0.41069817543029785
YHR012W,YGL206C,1,1.7038746,0.1601802557706833,0.7689282298088074,0.41069817543029785
YOR090C,YKR007W,0,1.7036941,0.16014744341373444,0.7689282298088074,0.4107983708381653
YDR197W,YNR032W,0,1.7035851,0.16011466085910797,0.7689282298088074,0.4108985364437103
YNR055C,YBR029C,0,1.703418,0.1600818783044815,0.7689282298088074,0.41099870204925537
YJR050W,YML040W,0,1.7032025,0.16004912555217743,0.7689282298088074,0.4110988676548004
YPL010W,YGL184C,0,1.7028314,0.16001637279987335,0.7689282298088074,0.41119903326034546
YKL209C,YFL047W,0,1.7027719,0.15998363494873047,0.7689282298088074,0.4112991988658905
YGR256W,YKR027W,0,1.7024938,0.15995091199874878,0.7689282298088074,0.41139936447143555
YJL118W,YLR256W,0,1.7024293,0.15991820394992828,0.7689282298088074,0.411499559879303
YCR040W,YPR154W,0,1.7017964,0.15988551080226898,0.7689282298088074,0.411599725484848
YLR034C,YJR002W,0,1.701222,0.15985281765460968,0.7689282298088074,0.41169989109039307
YML007W,YIL150C,0,1.7011743,0.15982015430927277,0.7689282298088074,0.4118000566959381
YKL124W,YDL113C,1,1.7011526,0.15999183058738708,0.769911527633667,0.4118000566959381
YDR479C,YOR211C,0,1.7011257,0.15995913743972778,0.769911527633667,0.41190022230148315
YPL066W,YKL034W,0,1.7007363,0.15992647409439087,0.769911527633667,0.4120003879070282
YKR046C,YML116W,0,1.700256,0.15989381074905396,0.769911527633667,0.41210058331489563
YIL097W,YKL058W,0,1.6997585,0.15986116230487823,0.769911527633667,0.4122007489204407
YHR193C,YIL017C,0,1.6997275,0.1598285436630249,0.769911527633667,0.4123009145259857
YGL229C,YKL055C,0,1.6996019,0.15979592502117157,0.769911527633667,0.41240108013153076
YBR273C,YNL278W,0,1.6994145,0.15976330637931824,0.769911527633667,0.4125012457370758
YHR106W,YHR153C,0,1.6990228,0.1597307175397873,0.769911527633667,0.41260141134262085
YML127W,YIL119C,0,1.6989617,0.15969814360141754,0.769911527633667,0.4127016067504883
YKL184W,YGR274C,0,1.6987553,0.15966558456420898,0.769911527633667,0.4128017723560333
YNL199C,YKR090W,0,1.6983602,0.15963302552700043,0.769911527633667,0.41290193796157837
YDR443C,YDL155W,0,1.6973606,0.15960049629211426,0.769911527633667,0.4130021035671234
YHR016C,YMR190C,0,1.6970882,0.1595679670572281,0.769911527633667,0.41310226917266846
YDL192W,YER039C,1,1.6970417,0.1597391963005066,0.7708947658538818,0.41310226917266846
YIR033W,YBL082C,0,1.6968508,0.15970666706562042,0.7708947658538818,0.4132024347782135
YLR306W,YGL106W,0,1.6964166,0.15967413783073425,0.7708947658538818,0.41330260038375854
YKL087C,YPR058W,0,1.696413,0.15964162349700928,0.7708947658538818,0.413402795791626
YDR430C,YML018C,0,1.696406,0.1596091240644455,0.7708947658538818,0.413502961397171
YMR235C,YNL322C,0,1.6962497,0.1595766395330429,0.7708947658538818,0.41360312700271606
YOR070C,YMR156C,0,1.6962028,0.15954415500164032,0.7708947658538818,0.4137032926082611
YFR009W,YBR169C,0,1.6961908,0.15951170027256012,0.7708947658538818,0.41380345821380615
YHR115C,YHR079C-A,0,1.6961776,0.15947924554347992,0.7708947658538818,0.4139036238193512
YDR386W,YCR097W,0,1.6958448,0.1594468206167221,0.7708947658538818,0.41400381922721863
YOR173W,YDR313C,0,1.6957065,0.1594143956899643,0.7708947658538818,0.41410398483276367
YER113C,YGL079W,1,1.695421,0.15958528220653534,0.7718780636787415,0.41410398483276367
YPL232W,YPL003W,0,1.6951267,0.15955284237861633,0.7718780636787415,0.4142041504383087
YPL168W,YIL075C,0,1.6947851,0.15952041745185852,0.7718780636787415,0.41430431604385376
YFR050C,YHR136C,0,1.6946051,0.1594880074262619,0.7718780636787415,0.4144044816493988
YMR307W,YBL010C,1,1.6944078,0.159658744931221,0.7728613615036011,0.4144044816493988
YOR217W,YER122C,0,1.694185,0.1596263200044632,0.7728613615036011,0.41450464725494385
YGL129C,YGR014W,0,1.6939762,0.15959390997886658,0.7728613615036011,0.4146048426628113
YLR393W,YMR189W,0,1.6929827,0.15956151485443115,0.7728613615036011,0.4147050082683563
YLR371W,YOR267C,0,1.6922755,0.15952911972999573,0.7728613615036011,0.41480517387390137
YNR027W,YPL138C,0,1.6918807,0.1594967544078827,0.7728613615036011,0.4149053394794464
YLR226W,YIL126W,0,1.6913588,0.15946438908576965,0.7728613615036011,0.41500550508499146
YMR226C,YNL146W,0,1.6908753,0.159432053565979,0.7728613615036011,0.4151056706905365
YOL029C,YNL041C,0,1.6908681,0.15939971804618835,0.7728613615036011,0.41520583629608154
YPR132W,YOR177C,0,1.6907167,0.1593673974275589,0.7728613615036011,0.415306031703949
YEL039C,YJR025C,0,1.6902978,0.15933509171009064,0.7728613615036011,0.415406197309494
YIL123W,YGL129C,0,1.6902592,0.15930280089378357,0.7728613615036011,0.41550636291503906
YJR144W,YML007W,0,1.6901093,0.1592705100774765,0.7728613615036011,0.4156065285205841
YMR281W,YLR054C,0,1.6899836,0.15923824906349182,0.7728613615036011,0.41570669412612915
YBR273C,YKL216W,0,1.6894953,0.15920600295066833,0.7728613615036011,0.4158068597316742
YHR150W,YBR168W,0,1.6894826,0.15917375683784485,0.7728613615036011,0.4159070551395416
YOR336W,YNL233W,0,1.6891832,0.15914152562618256,0.7728613615036011,0.41600722074508667
YGR054W,YOR371C,0,1.6886702,0.15910930931568146,0.7728613615036011,0.4161073863506317
YOR327C,YMR054W,1,1.6885651,0.1592794954776764,0.7738446593284607,0.4161073863506317
YMR314W,YDR273W,0,1.6884727,0.1592472642660141,0.7738446593284607,0.41620755195617676
YPL084W,YGR223C,1,1.6884391,0.15941736102104187,0.7748278975486755,0.41620755195617676
YNL158W,YLR313C,0,1.6883538,0.15938511490821838,0.7748278975486755,0.4163077175617218
YHR096C,YPL038W,0,1.68805,0.1593528836965561,0.7748278975486755,0.41640788316726685
YJR137C,YLR014C,0,1.6877805,0.159320667386055,0.7748278975486755,0.4165080785751343
YGL089C,YMR207C,0,1.6873147,0.1592884510755539,0.7748278975486755,0.4166082441806793
YLR194C,YIL112W,0,1.6868052,0.15925626456737518,0.7748278975486755,0.41670840978622437
YDR478W,YDR352W,0,1.6862482,0.15922409296035767,0.7748278975486755,0.4168085753917694
YHR098C,YLR284C,0,1.6860318,0.15919192135334015,0.7748278975486755,0.41690874099731445
YNL145W,YBR035C,0,1.6860185,0.15915976464748383,0.7748278975486755,0.4170089066028595
YHR206W,YMR263W,0,1.6859703,0.1591276228427887,0.7748278975486755,0.41710907220840454
YGR009C,YHR204W,0,1.6859218,0.15909549593925476,0.7748278975486755,0.417209267616272
YHR203C,YLR100W,0,1.6857761,0.15906338393688202,0.7748278975486755,0.417309433221817
YDL141W,YNL325C,0,1.6857306,0.15903128683567047,0.7748278975486755,0.41740959882736206
YMR088C,YIL017C,0,1.684787,0.15899918973445892,0.7748278975486755,0.4175097644329071
YGL039W,YJR135W-A,0,1.6846164,0.15896712243556976,0.7748278975486755,0.41760993003845215
YNL265C,YDL058W,1,1.6843967,0.15913674235343933,0.7758111953735352,0.41760993003845215
YBR109C,YGL077C,0,1.6833503,0.15910466015338898,0.7758111953735352,0.4177100956439972
YMR042W,YBR168W,0,1.6832938,0.15907257795333862,0.7758111953735352,0.4178102910518646
YOR346W,YLL023C,0,1.6831822,0.15904051065444946,0.7758111953735352,0.41791045665740967
YLR315W,YNL069C,0,1.6831273,0.1590084582567215,0.7758111953735352,0.4180106222629547
YGL243W,YFL053W,0,1.682485,0.15897642076015472,0.7758111953735352,0.41811078786849976
YLR196W,YKR001C,0,1.6824412,0.15894439816474915,0.7758111953735352,0.4182109534740448
YBL016W,YAL042W,0,1.6824272,0.15891239047050476,0.7758111953735352,0.41831111907958984
YLR117C,YMR223W,0,1.6822379,0.15888038277626038,0.7758111953735352,0.4184112846851349
YOR337W,YOL033W,0,1.682143,0.15884840488433838,0.7758111953735352,0.4185114800930023
YDL106C,YKL148C,0,1.6809369,0.15881642699241638,0.7758111953735352,0.41861164569854736
YDR323C,YPL259C,1,1.680758,0.1589857041835785,0.7767944931983948,0.41861164569854736
YFL008W,YKL028W,0,1.6805673,0.1589537262916565,0.7767944931983948,0.4187118113040924
YLL022C,YDR143C,0,1.6802189,0.1589217483997345,0.7767944931983948,0.41881197690963745
YLR363C,YLR054C,0,1.6800256,0.1588897854089737,0.7767944931983948,0.4189121425151825
YGR240C,YPL046C,0,1.6799357,0.15885783731937408,0.7767944931983948,0.41901230812072754
YDR194C,YPR018W,0,1.6798348,0.15882588922977448,0.7767944931983948,0.41911250352859497
YAL002W,YMR223W,0,1.679777,0.15879397094249725,0.7767944931983948,0.41921266913414
YLR265C,YLR307W,0,1.6794971,0.15876205265522003,0.7767944931983948,0.41931283473968506
YER005W,YKL124W,1,1.6786011,0.15893107652664185,0.7777777910232544,0.41931283473968506
YBR162C,YPR192W,0,1.6785011,0.15889915823936462,0.7777777910232544,0.4194130003452301
YML129C,YIL101C,0,1.6784627,0.1588672399520874,0.7777777910232544,0.41951316595077515
YCL050C,YPR120C,0,1.6783537,0.15883533656597137,0.7777777910232544,0.4196133315563202
YPL195W,YEL006W,0,1.6783133,0.15880344808101654,0.7777777910232544,0.4197135269641876
YBL035C,YGL079W,0,1.6780646,0.1587715744972229,0.7777777910232544,0.41981369256973267
YLR099C,YGL150C,0,1.6780243,0.15873971581459045,0.7777777910232544,0.4199138581752777
YPL120W,YBR088C,0,1.6775787,0.1587078720331192,0.7777777910232544,0.42001402378082275
YGR124W,YLR328W,0,1.6771607,0.15867602825164795,0.7777777910232544,0.4201141893863678
YEL009C,YDL106C,0,1.677157,0.1586441993713379,0.7777777910232544,0.42021435499191284
YLR388W,YGL251C,0,1.6764733,0.15861238539218903,0.7777777910232544,0.4203145205974579
YMR081C,YAR009C,0,1.6755731,0.15858058631420135,0.7777777910232544,0.4204147160053253
YLL005C,YOR132W,0,1.675197,0.15854880213737488,0.7777777910232544,0.42051488161087036
YOR044W,YOR057W,0,1.675154,0.1585170328617096,0.7777777910232544,0.4206150472164154
YML061C,YKL018W,0,1.6745929,0.1584852784872055,0.7777777910232544,0.42071521282196045
YDR322C-A,YLR085C,0,1.6743581,0.15845352411270142,0.7777777910232544,0.4208153784275055
YKL222C,YFL002C,0,1.674343,0.15842178463935852,0.7777777910232544,0.42091554403305054
YGL126W,YNL315C,0,1.6742618,0.158390074968338,0.7777777910232544,0.42101573944091797
YCL001W,YNL192W,1,1.6742365,0.15855856239795685,0.778761088848114,0.42101573944091797
YCR083W,YJL001W,0,1.6736531,0.15852682292461395,0.778761088848114,0.421115905046463
YDR156W,YGL161C,0,1.6729306,0.15849509835243225,0.778761088848114,0.42121607065200806
YKL051W,YHR081W,0,1.672647,0.15846338868141174,0.778761088848114,0.4213162362575531
YKL039W,YNL213C,0,1.672627,0.15843167901039124,0.778761088848114,0.42141640186309814
YER042W,YBL021C,0,1.6725595,0.15839999914169312,0.778761088848114,0.4215165674686432
YGL178W,YNL158W,0,1.6725578,0.158368319272995,0.778761088848114,0.4216167628765106
YDR422C,YHR039C,0,1.6725073,0.15833666920661926,0.778761088848114,0.42171692848205566
YLL042C,YLR399C,0,1.6722786,0.15830501914024353,0.778761088848114,0.4218170940876007
YER070W,YLR185W,0,1.6721492,0.158273383975029,0.778761088848114,0.42191725969314575
YDR237W,YDR160W,0,1.6719335,0.15824176371097565,0.778761088848114,0.4220174252986908
YBR102C,YOR089C,1,1.6719146,0.15840990841388702,0.7797443270683289,0.4220174252986908
YJR109C,YGL127C,0,1.6716911,0.15837827324867249,0.7797443270683289,0.42211759090423584
YGL161C,YNL037C,0,1.6716658,0.15834663808345795,0.7797443270683289,0.4222177565097809
YJR050W,YML023C,0,1.6709232,0.1583150327205658,0.7797443270683289,0.4223179519176483
YOR036W,YER039C,1,1.6707779,0.15848302841186523,0.7807276248931885,0.4223179519176483
YOR346W,YDR084C,0,1.6707144,0.1584514081478119,0.7807276248931885,0.42241811752319336
YDL058W,YKL135C,1,1.670392,0.15861931443214417,0.7817109227180481,0.42241811752319336
YNL076W,YOR383C,0,1.670334,0.15858767926692963,0.7817109227180481,0.4225182831287384
YDR386W,YLR081W,0,1.6692998,0.1585560441017151,0.7817109227180481,0.42261844873428345
YDR213W,YCR024C-A,0,1.6692054,0.15852442383766174,0.7817109227180481,0.4227186143398285
YLR467W,YGR295C,0,1.6690664,0.1584928184747696,0.7817109227180481,0.42281877994537354
YOR299W,YDR170C,1,1.6679405,0.15866056084632874,0.7826942205429077,0.42281877994537354
YGL105W,YPL158C,0,1.6678647,0.1586289405822754,0.7826942205429077,0.42291897535324097
YIR006C,YER118C,0,1.6670892,0.15859733521938324,0.7826942205429077,0.423019140958786
YKL084W,YPL148C,0,1.6669828,0.1585657298564911,0.7826942205429077,0.42311930656433105
YNL048W,YDR021W,0,1.6668851,0.15853415429592133,0.7826942205429077,0.4232194721698761
YKL155C,YNL331C,0,1.6666462,0.15850259363651276,0.7826942205429077,0.42331963777542114
YLR306W,YKL096W,0,1.6660639,0.1584710329771042,0.7826942205429077,0.4234198033809662
YLR306W,YMR208W,0,1.6660237,0.1584394872188568,0.7826942205429077,0.4235199987888336
YNR055C,YJL003W,0,1.665683,0.15840795636177063,0.7826942205429077,0.42362016439437866
YKL120W,YJL111W,0,1.6652217,0.15837644040584564,0.7826942205429077,0.4237203299999237
YCR077C,YKR031C,0,1.6650627,0.15834493935108185,0.7826942205429077,0.42382049560546875
YMR188C,YLR109W,0,1.6648445,0.15831343829631805,0.7826942205429077,0.4239206612110138
YOL146W,YBR286W,0,1.6648356,0.15828196704387665,0.7826942205429077,0.42402082681655884
YOR035C,YCR010C,0,1.6642449,0.15825049579143524,0.7826942205429077,0.4241209924221039
YPR066W,YJR033C,0,1.664133,0.15821903944015503,0.7826942205429077,0.4242211878299713
YGL189C,YLR220W,0,1.6639686,0.158187597990036,0.7826942205429077,0.42432135343551636
YIL014W,YLR075W,0,1.6639243,0.15815617144107819,0.7826942205429077,0.4244215190410614
YNL189W,YLR284C,0,1.663765,0.15812474489212036,0.7826942205429077,0.42452168464660645
YHR062C,YEL004W,0,1.663579,0.15809334814548492,0.7826942205429077,0.4246218502521515
YIL034C,YDR342C,0,1.6633844,0.1580619513988495,0.7826942205429077,0.42472201585769653
YGL185C,YIL093C,0,1.6633786,0.15803056955337524,0.7826942205429077,0.42482221126556396
YOR357C,YDR520C,0,1.6631665,0.1579992026090622,0.7826942205429077,0.424922376871109
YOR007C,YLR328W,0,1.6627411,0.15796785056591034,0.7826942205429077,0.42502254247665405
YPR199C,YER164W,0,1.662677,0.15793651342391968,0.7826942205429077,0.4251227080821991
YBR212W,YDR238C,0,1.6625195,0.15790517628192902,0.7826942205429077,0.42522287368774414
YCR028C-A,YOL061W,0,1.6624535,0.15787385404109955,0.7826942205429077,0.4253230392932892
YBR049C,YIR028W,0,1.662091,0.15784254670143127,0.7826942205429077,0.42542320489883423
YNL199C,YER068W,0,1.6616774,0.1578112542629242,0.7826942205429077,0.42552340030670166
YDR178W,YOL119C,0,1.6616327,0.1577799767255783,0.7826942205429077,0.4256235659122467
YEL034W,YOR036W,0,1.6616127,0.15774871408939362,0.7826942205429077,0.42572373151779175
YBR240C,YDR032C,0,1.6608487,0.15771745145320892,0.7826942205429077,0.4258238971233368
YKR049C,YEL013W,0,1.6607006,0.15768621861934662,0.7826942205429077,0.42592406272888184
YPL008W,YKL045W,0,1.6603107,0.15765498578548431,0.7826942205429077,0.4260242283344269
YMR268C,YBR164C,0,1.6600125,0.1576237678527832,0.7826942205429077,0.4261244237422943
YDR198C,YCR066W,0,1.6596434,0.1575925499200821,0.7826942205429077,0.42622458934783936
YJL054W,YMR303C,0,1.6589184,0.15756136178970337,0.7826942205429077,0.4263247549533844
YDR362C,YKL088W,0,1.6588677,0.15753017365932465,0.7826942205429077,0.42642492055892944
YBL030C,YDR130C,0,1.658857,0.1574990153312683,0.7826942205429077,0.4265250861644745
YNL263C,YKL148C,0,1.6588274,0.15746785700321198,0.7826942205429077,0.42662525177001953
YLR064W,YHL044W,0,1.6588149,0.15743671357631683,0.7826942205429077,0.42672544717788696
YGL021W,YNL326C,0,1.6583232,0.1574055701494217,0.7826942205429077,0.426825612783432
YNL137C,YML067C,0,1.6581831,0.15737445652484894,0.7826942205429077,0.42692577838897705
YHR011W,YBR057C,0,1.6575412,0.15734334290027618,0.7826942205429077,0.4270259439945221
YBR180W,YML063W,0,1.6574533,0.15731225907802582,0.7826942205429077,0.42712610960006714
YFR040W,YGL076C,0,1.6570097,0.15728117525577545,0.7826942205429077,0.4272262752056122
YDL195W,YHL047C,1,1.6568726,0.15744765102863312,0.7836774587631226,0.4272262752056122
YPR095C,YDR402C,0,1.6566538,0.15741655230522156,0.7836774587631226,0.4273264408111572
YBR056W,YLR081W,0,1.6566079,0.1573854684829712,0.7836774587631226,0.42742663621902466
YDR237W,YMR251W-A,0,1.6565615,0.15735439956188202,0.7836774587631226,0.4275268018245697
YLR453C,YHL044W,0,1.6562297,0.15732333064079285,0.7836774587631226,0.42762696743011475
YBL060W,YEL077C,0,1.6553729,0.15729227662086487,0.7836774587631226,0.4277271330356598
YBL039C,YER011W,0,1.6541812,0.15726125240325928,0.7836774587631226,0.42782729864120483
YDR501W,YMR058W,0,1.6541083,0.1572302281856537,0.7836774587631226,0.4279274642467499
YPR005C,YPL058C,0,1.6538179,0.1571992039680481,0.7836774587631226,0.4280276596546173
YNL227C,YML092C,0,1.6524769,0.1571682095527649,0.7836774587631226,0.42812782526016235
YBR029C,YMR313C,0,1.6521553,0.15713723003864288,0.7836774587631226,0.4282279908657074
YPL228W,YDR266C,0,1.6520845,0.15710625052452087,0.7836774587631226,0.42832815647125244
YKL061W,YGL051W,1,1.6513247,0.1572723686695099,0.7846607565879822,0.42832815647125244
YER095W,YNL148C,0,1.6512403,0.15724137425422668,0.7846607565879822,0.4284283220767975
YLR011W,YOR330C,0,1.6509671,0.15721039474010468,0.7846607565879822,0.42852848768234253
YCR091W,YGR170W,0,1.6509106,0.15717943012714386,0.7846607565879822,0.42862868309020996
YHR210C,YLR450W,0,1.6506847,0.15714848041534424,0.7846607565879822,0.428728848695755
YGL225W,YER122C,1,1.6506371,0.15731443464756012,0.7856440544128418,0.428728848695755
YDL236W,YOR262W,0,1.6506264,0.1572834700345993,0.7856440544128418,0.42882901430130005
YER063W,YAL007C,0,1.6505554,0.1572525054216385,0.7856440544128418,0.4289291799068451
YFL031W,YBR098W,0,1.6503651,0.15722157061100006,0.7856440544128418,0.42902934551239014
YDR201W,YMR313C,0,1.6489894,0.15719063580036163,0.7856440544128418,0.4291295111179352
YML069W,YML124C,0,1.6489841,0.1571597158908844,0.7856440544128418,0.4292296767234802
YDR456W,YAR002C-A,1,1.6487007,0.15732546150684357,0.7866273522377014,0.4292296767234802
YEL059C-A,YOR179C,0,1.6485487,0.15729452669620514,0.7866273522377014,0.42932987213134766
YML047C,YNL007C,0,1.6485254,0.1572636067867279,0.7866273522377014,0.4294300377368927
YMR012W,YPL275W,0,1.6483682,0.15723270177841187,0.7866273522377014,0.42953020334243774
YBR171W,YOR078W,0,1.6482055,0.15720181167125702,0.7866273522377014,0.4296303689479828
YJL059W,YHR001W-A,0,1.648079,0.15717092156410217,0.7866273522377014,0.42973053455352783
YML114C,YER020W,0,1.6480715,0.15714004635810852,0.7866273522377014,0.4298307001590729
YOL133W,YAR014C,0,1.6477168,0.15710918605327606,0.7866273522377014,0.4299308955669403
YGR292W,YAL007C,0,1.6475279,0.1570783406496048,0.7866273522377014,0.43003106117248535
YGL219C,YHL028W,0,1.6474024,0.15704751014709473,0.7866273522377014,0.4301312267780304
YDR191W,YHR026W,0,1.6471992,0.15701667964458466,0.7866273522377014,0.43023139238357544
YDR014W,YML104C,0,1.6471266,0.15698586404323578,0.7866273522377014,0.4303315579891205
YMR104C,YKL058W,0,1.6468835,0.1569550782442093,0.7866273522377014,0.4304317235946655
YOR335C,YBR199W,0,1.6466229,0.1569242775440216,0.7866273522377014,0.43053191900253296
YBR088C,YML065W,0,1.6455356,0.1568935066461563,0.7866273522377014,0.430632084608078
YKL039W,YJR031C,1,1.6448097,0.15705882012844086,0.7876105904579163,0.430632084608078
YDL110C,YDR298C,0,1.6447234,0.15702803432941437,0.7876105904579163,0.43073225021362305
YPL045W,YGR142W,1,1.6442847,0.15719325840473175,0.7885938882827759,0.43073225021362305
YNL213C,YER164W,0,1.6442455,0.15716245770454407,0.7885938882827759,0.4308324158191681
YPL111W,YJR067C,0,1.6435361,0.15713165700435638,0.7885938882827759,0.43093258142471313
YLR337C,YHR142W,0,1.6434916,0.1571008861064911,0.7885938882827759,0.4310327470302582
YCR028C,YMR234W,0,1.643342,0.1570701152086258,0.7885938882827759,0.4311329126358032
YNL173C,YOR068C,0,1.6431763,0.1570393592119217,0.7885938882827759,0.43123310804367065
YJR076C,YLR010C,0,1.6428332,0.15700861811637878,0.7885938882827759,0.4313332736492157
YML007W,YCL035C,0,1.64259,0.15697787702083588,0.7885938882827759,0.43143343925476074
YMR220W,YKL043W,0,1.6425259,0.15694716572761536,0.7885938882827759,0.4315336048603058
YER169W,YJR073C,0,1.642246,0.15691645443439484,0.7885938882827759,0.43163377046585083
YLL001W,YAR010C,0,1.6420231,0.1568857580423355,0.7885938882827759,0.4317339360713959
YHL001W,YOR019W,0,1.6417629,0.15685507655143738,0.7885938882827759,0.4318341314792633
YPL092W,YDR265W,0,1.6408107,0.15682440996170044,0.7885938882827759,0.43193429708480835
YJR098C,YML060W,0,1.640648,0.1567937433719635,0.7885938882827759,0.4320344626903534
YHR122W,YIL123W,0,1.6406304,0.15676309168338776,0.7885938882827759,0.43213462829589844
YLR328W,YFL044C,0,1.6400287,0.1567324548959732,0.7885938882827759,0.4322347939014435
YMR322C,YDR528W,0,1.6399322,0.15670183300971985,0.7885938882827759,0.4323349595069885
YNR022C,YJR117W,0,1.6397551,0.15667122602462769,0.7885938882827759,0.43243512511253357
YEL027W,YHR073W,0,1.6396427,0.15664061903953552,0.7885938882827759,0.432535320520401
YGR178C,YOR312C,0,1.6393663,0.15661004185676575,0.7885938882827759,0.43263548612594604
YDL124W,YKL046C,0,1.6393121,0.15657946467399597,0.7885938882827759,0.4327356517314911
YBL105C,YNL316C,0,1.6389647,0.1565489023923874,0.7885938882827759,0.43283581733703613
YIL144W,YOR307C,0,1.6388333,0.1565183401107788,0.7885938882827759,0.4329359829425812
YKL196C,YHR105W,1,1.6386755,0.15668292343616486,0.7895771861076355,0.4329359829425812
YDR118W,YLR118C,0,1.6385455,0.15665236115455627,0.7895771861076355,0.4330361485481262
YHR031C,YOL126C,0,1.6383843,0.1566217988729477,0.7895771861076355,0.43313634395599365
YPR141C,YGL087C,0,1.6380569,0.1565912663936615,0.7895771861076355,0.4332365095615387
YOR254C,YPL268W,0,1.6380548,0.1565607339143753,0.7895771861076355,0.43333667516708374
YKL135C,YHR205W,0,1.6378155,0.1565302163362503,0.7895771861076355,0.4334368407726288
YPL030W,YDR402C,0,1.6377997,0.1564997136592865,0.7895771861076355,0.43353700637817383
YOR149C,YER082C,0,1.6374347,0.1564692109823227,0.7895771861076355,0.43363717198371887
YEL032W,YDR019C,0,1.6373849,0.15643872320652008,0.7895771861076355,0.4337373673915863
YKR093W,YJL078C,0,1.6368349,0.15640826523303986,0.7895771861076355,0.43383753299713135
YJL026W,YPL280W,0,1.6363847,0.15637779235839844,0.7895771861076355,0.4339376986026764
YMR236W,YOR034C,0,1.6360708,0.1563473492860794,0.7895771861076355,0.43403786420822144
YFR015C,YDR348C,0,1.6359489,0.15631692111492157,0.7895771861076355,0.4341380298137665
YLR215C,YIL105C,0,1.6359282,0.15628649294376373,0.7895771861076355,0.4342381954193115
YJR050W,YGR014W,0,1.6356082,0.1562560796737671,0.7895771861076355,0.43433836102485657
YKL006W,YLL053C,0,1.6351926,0.15622568130493164,0.7895771861076355,0.434438556432724
YLR347C,YLR356W,0,1.6351911,0.15619529783725739,0.7895771861076355,0.43453872203826904
YOR039W,YDR210W,0,1.6345799,0.15616491436958313,0.7895771861076355,0.4346388876438141
YDR051C,YKR010C,0,1.6343242,0.15613454580307007,0.7895771861076355,0.43473905324935913
YIR014W,YGR189C,0,1.6341892,0.1561041921377182,0.7895771861076355,0.4348392188549042
YEL011W,YOL034W,0,1.6341786,0.15607385337352753,0.7895771861076355,0.4349393844604492
YHR014W,YIL053W,0,1.6338887,0.15604352951049805,0.7895771861076355,0.43503957986831665
YBL030C,YGR074W,0,1.6337557,0.15601320564746857,0.7895771861076355,0.4351397454738617
YDR093W,YJR099W,0,1.6331437,0.15598291158676147,0.7895771861076355,0.43523991107940674
YJR137C,YDR507C,0,1.63308,0.15595261752605438,0.7895771861076355,0.4353400766849518
YDR158W,YIR033W,0,1.6326561,0.1559223234653473,0.7895771861076355,0.4354402422904968
YDR194C,YLR320W,0,1.6325912,0.15589205920696259,0.7895771861076355,0.43554040789604187
YLR451W,YNL250W,0,1.6323752,0.15586179494857788,0.7895771861076355,0.4356406033039093
YOL154W,YNL128W,0,1.6320968,0.15583156049251556,0.7895771861076355,0.43574076890945435
YBL025W,YPR131C,0,1.6314685,0.15580132603645325,0.7895771861076355,0.4358409345149994
YER060W-A,YMR004W,0,1.6309398,0.15577109158039093,0.7895771861076355,0.43594110012054443
YDR471W,YIR037W,0,1.630884,0.155740886926651,0.7895771861076355,0.4360412657260895
YGL111W,YAL012W,0,1.6305032,0.15571068227291107,0.7895771861076355,0.4361414313316345
YBR162C,YPL161C,0,1.6301982,0.15568049252033234,0.7895771861076355,0.43624159693717957
YMR059W,YAL058W,0,1.6301837,0.1556503176689148,0.7895771861076355,0.436341792345047
YGR007W,YER109C,0,1.6299101,0.15562015771865845,0.7895771861076355,0.43644195795059204
YDL004W,YGR287C,0,1.6297741,0.1555899977684021,0.7895771861076355,0.4365421235561371
YPL164C,YHR006W,0,1.6293042,0.15555986762046814,0.7895771861076355,0.43664228916168213
YBR217W,YDR267C,0,1.6292253,0.15552973747253418,0.7895771861076355,0.4367424547672272
YJL036W,YLR411W,1,1.628399,0.15569326281547546,0.7905604839324951,0.4367424547672272
YCR028C-A,YMR060C,0,1.6283587,0.1556631177663803,0.7905604839324951,0.4368426203727722
YPL118W,YDR171W,0,1.6282046,0.15563298761844635,0.7905604839324951,0.43694281578063965
YDR400W,YBR240C,0,1.6281343,0.1556028574705124,0.7905604839324951,0.4370429813861847
YGL049C,YER039C,0,1.6281006,0.15557275712490082,0.7905604839324951,0.43714314699172974
YPR055W,YGL107C,0,1.627522,0.15554265677928925,0.7905604839324951,0.4372433125972748
YDR425W,YML027W,0,1.6273801,0.15551257133483887,0.7905604839324951,0.4373434782028198
YPR114W,YGL018C,0,1.6270854,0.15548250079154968,0.7905604839324951,0.43744364380836487
YBL003C,YDR239C,0,1.6270343,0.1554524302482605,0.7905604839324951,0.4375438392162323
YNL081C,YML008C,0,1.6264454,0.1554223895072937,0.7905604839324951,0.43764400482177734
YJL062W,YKL156W,0,1.6258276,0.1553923487663269,0.7905604839324951,0.4377441704273224
YDR074W,YMR198W,0,1.6258054,0.1553623229265213,0.7905604839324951,0.43784433603286743
YMR086W,YBR160W,0,1.6255332,0.1553322970867157,0.7905604839324951,0.4379445016384125
YBR038W,YDR169C,0,1.6251814,0.15530230104923248,0.7905604839324951,0.4380446672439575
YLR098C,YDR003W,0,1.6250315,0.15527230501174927,0.7905604839324951,0.43814483284950256
YGR279C,YER149C,0,1.624698,0.15524232387542725,0.7905604839324951,0.43824502825737
YDL008W,YER164W,0,1.62455,0.15521235764026642,0.7905604839324951,0.43834519386291504
YDL076C,YIL066C,0,1.6244271,0.1551823914051056,0.7905604839324951,0.4384453594684601
YDL192W,YML067C,1,1.6238527,0.15534542500972748,0.7915437817573547,0.4384453594684601
YNL336W,YDR166C,0,1.6230744,0.15531545877456665,0.7915437817573547,0.4385455250740051
YLR408C,YKL071W,0,1.6229739,0.15528549253940582,0.7915437817573547,0.43864569067955017
YJR104C,YNL041C,0,1.6226485,0.1552555412054062,0.7915437817573547,0.4387458562850952
YHR007C,YML081W,0,1.6225417,0.15522560477256775,0.7915437817573547,0.43884605169296265
YDL002C,YML133C,0,1.6223974,0.1551956832408905,0.7915437817573547,0.4389462172985077
YLR148W,YJL133W,0,1.6213144,0.15516576170921326,0.7915437817573547,0.43904638290405273
YOR381W,YLR446W,0,1.6212788,0.1551358699798584,0.7915437817573547,0.4391465485095978
YMR205C,YDL230W,0,1.6211858,0.15510597825050354,0.7915437817573547,0.4392467141151428
YGL147C,YHR072W,0,1.6211267,0.15507608652114868,0.7915437817573547,0.43934687972068787
YFR053C,YOR319W,0,1.6210608,0.1550462245941162,0.7915437817573547,0.4394470453262329
YLR147C,YAR009C,0,1.620966,0.15501636266708374,0.7915437817573547,0.43954724073410034
YGR120C,YJR073C,0,1.6204861,0.15498651564121246,0.7915437817573547,0.4396474063396454
YGL167C,YLR411W,0,1.6200337,0.15495668351650238,0.7915437817573547,0.43974757194519043
YML072C,YBR085W,0,1.6199267,0.1549268662929535,0.7915437817573547,0.4398477375507355
YIL117C,YAL002W,0,1.6195811,0.1548970490694046,0.7915437817573547,0.4399479031562805
YDR313C,YLR313C,0,1.6195412,0.1548672616481781,0.7915437817573547,0.44004806876182556
YGR133W,YDL155W,0,1.6190904,0.1548374742269516,0.7915437817573547,0.440148264169693
YER173W,YER061C,0,1.6189737,0.1548076868057251,0.7915437817573547,0.44024842977523804
YJR029W,YHL021C,0,1.6189511,0.15477792918682098,0.7915437817573547,0.4403485953807831
YHR070W,YNL128W,0,1.618631,0.15474817156791687,0.7915437817573547,0.4404487609863281
YJR153W,YBR188C,0,1.6177467,0.15471842885017395,0.7915437817573547,0.44054892659187317
YDL149W,YMR302C,0,1.6174362,0.15468870103359222,0.7915437817573547,0.4406490921974182
YBL019W,YPL168W,0,1.6169761,0.1546589881181717,0.7915437817573547,0.44074928760528564
YPL016W,YAL009W,0,1.6164362,0.15462927520275116,0.7915437817573547,0.4408494532108307
YMR017W,YIL136W,0,1.6164148,0.15459957718849182,0.7915437817573547,0.44094961881637573
YOR373W,YMR251W-A,0,1.6162286,0.15456989407539368,0.7915437817573547,0.4410497844219208
YER031C,YGR206W,1,1.6160727,0.15473219752311707,0.7925270199775696,0.4410497844219208
YPR110C,YDL093W,0,1.615643,0.15470249950885773,0.7925270199775696,0.4411499500274658
YDR486C,YFL056C,0,1.6155667,0.1546728014945984,0.7925270199775696,0.44125011563301086
YDL130W-A,YLR181C,0,1.6153533,0.15464313328266144,0.7925270199775696,0.4413502812385559
YIL044C,YLR045C,0,1.615304,0.1546134650707245,0.7925270199775696,0.44145047664642334
YGR283C,YHR122W,0,1.6151631,0.15458381175994873,0.7925270199775696,0.4415506422519684
YDL247W,YGL020C,0,1.6148424,0.15455417335033417,0.7925270199775696,0.4416508078575134
YLR240W,YLR330W,1,1.614227,0.15471625328063965,0.7935103178024292,0.4416508078575134
YDR186C,YJR054W,0,1.613837,0.1546865999698639,0.7935103178024292,0.44175097346305847
YOL095C,YKL140W,0,1.613398,0.15465696156024933,0.7935103178024292,0.4418511390686035
YGR092W,YIL031W,0,1.6132936,0.15462732315063477,0.7935103178024292,0.44195130467414856
YLR081W,YML023C,0,1.6129332,0.1545976996421814,0.7935103178024292,0.442051500082016
YML004C,YDL149W,0,1.6127641,0.15456809103488922,0.7935103178024292,0.44215166568756104
YIL074C,YLR265C,0,1.6126151,0.15453849732875824,0.7935103178024292,0.4422518312931061
YLR148W,YNL021W,0,1.6123524,0.15450890362262726,0.7935103178024292,0.4423519968986511
YDR452W,YDR110W,0,1.6122034,0.15447932481765747,0.7935103178024292,0.44245216250419617
YLR008C,YHR104W,0,1.6118854,0.15444976091384888,0.7935103178024292,0.4425523281097412
YMR204C,YFR037C,0,1.6114217,0.15442021191120148,0.7935103178024292,0.44265252351760864
YAL014C,YHR215W,0,1.6113894,0.15439066290855408,0.7935103178024292,0.4427526891231537
YHR138C,YPR145W,0,1.6107156,0.15436112880706787,0.7935103178024292,0.44285285472869873
YIR008C,YOL069W,0,1.6104774,0.15433160960674286,0.7935103178024292,0.4429530203342438
YPR003C,YMR291W,0,1.6104163,0.15430210530757904,0.7935103178024292,0.4430531859397888
YMR307W,YDR484W,1,1.6103005,0.1544637680053711,0.7944936156272888,0.4430531859397888
YGR101W,YDR503C,0,1.6098558,0.15443424880504608,0.7944936156272888,0.44315335154533386
YJR060W,YLR332W,0,1.609755,0.15440474450588226,0.7944936156272888,0.4432535171508789
YHL025W,YCL016C,0,1.6091628,0.15437524020671844,0.7944936156272888,0.44335371255874634
YDR308C,YAL001C,0,1.6088237,0.15434575080871582,0.7944936156272888,0.4434538781642914
YNL128W,YJL059W,0,1.6087847,0.1543162763118744,0.7944936156272888,0.4435540437698364
YJR135W-A,YHR204W,0,1.6084601,0.15428680181503296,0.7944936156272888,0.44365420937538147
YNR051C,YPL265W,0,1.6083157,0.15425735712051392,0.7944936156272888,0.4437543749809265
YDR074W,YOR255W,0,1.6075613,0.15422791242599487,0.7944936156272888,0.44385454058647156
YNL087W,YDR486C,0,1.6072094,0.15419846773147583,0.7944936156272888,0.443954735994339
YHR012W,YMR077C,1,1.6069779,0.1543598622083664,0.7954769134521484,0.443954735994339
YKL008C,YKR096W,0,1.6066719,0.15433040261268616,0.7954769134521484,0.44405490159988403
YOL061W,YPL101W,0,1.6065938,0.1543009728193283,0.7954769134521484,0.4441550672054291
YBR049C,YCR081W,0,1.6065856,0.15427154302597046,0.7954769134521484,0.4442552328109741
YHR167W,YIL017C,0,1.6063023,0.1542421281337738,0.7954769134521484,0.44435539841651917
YLR010C,YGR194C,0,1.6062391,0.15421272814273834,0.7954769134521484,0.4444555640220642
YNL323W,YKR050W,0,1.6058795,0.15418334305286407,0.7954769134521484,0.44455575942993164
YOL023W,YKR039W,0,1.6058534,0.1541539579629898,0.7954769134521484,0.4446559250354767
YKR077W,YGL139W,0,1.605655,0.15412458777427673,0.7954769134521484,0.44475609064102173
YOR192C,YPR181C,0,1.6053851,0.15409523248672485,0.7954769134521484,0.4448562562465668
YGL134W,YDR437W,0,1.6049014,0.15406589210033417,0.7954769134521484,0.4449564218521118
YOR094W,YER144C,0,1.6045613,0.15403655171394348,0.7954769134521484,0.44505658745765686
YMR100W,YPR114W,0,1.6043015,0.15400724112987518,0.7954769134521484,0.4451567530632019
YGL098W,YMR113W,0,1.6041714,0.1539779156446457,0.7954769134521484,0.44525694847106934
YJL080C,YCR066W,0,1.604089,0.1539486199617386,0.7954769134521484,0.4453571140766144
YKL138C,YIL105C,0,1.6040275,0.15391932427883148,0.7954769134521484,0.4454572796821594
YDL123W,YJR110W,0,1.6040212,0.15389005839824677,0.7954769134521484,0.44555744528770447
YPL059W,YIL022W,0,1.6039194,0.15386077761650085,0.7954769134521484,0.4456576108932495
YKL146W,YDR376W,0,1.6030587,0.15383152663707733,0.7954769134521484,0.44575777649879456
YIL004C,YBR097W,1,1.6029489,0.1539923995733261,0.7964601516723633,0.44575777649879456
YDR390C,YLR189C,0,1.6026034,0.1539631187915802,0.7964601516723633,0.445857971906662
YKR003W,YDR180W,0,1.6024555,0.15393386781215668,0.7964601516723633,0.44595813751220703
YAL042W,YHR108W,1,1.6023443,0.1540946215391159,0.7974434494972229,0.44595813751220703
YPL084W,YML037C,1,1.6022563,0.15425531566143036,0.7984267473220825,0.44595813751220703
YER177W,YKR022C,0,1.6022539,0.15422601997852325,0.7984267473220825,0.4460583031177521
YGR108W,YBR015C,0,1.6018524,0.15419673919677734,0.7984267473220825,0.4461584687232971
YML007W,YGR189C,0,1.6016469,0.15416745841503143,0.7984267473220825,0.44625863432884216
YER161C,YCR105W,0,1.6015732,0.15413819253444672,0.7984267473220825,0.4463587999343872
YJL051W,YJR007W,0,1.6015563,0.1541089415550232,0.7984267473220825,0.44645896553993225
YHR050W,YLR215C,0,1.6014564,0.15407969057559967,0.7984267473220825,0.4465591609477997
YDR162C,YML034W,0,1.6010112,0.15405046939849854,0.7984267473220825,0.4466593265533447
YPL144W,YGR101W,0,1.6009452,0.1540212482213974,0.7984267473220825,0.44675949215888977
YPL053C,YDL010W,0,1.600683,0.15399204194545746,0.7984267473220825,0.4468596577644348
YKL002W,YAL042W,1,1.6006273,0.15415245294570923,0.7994100451469421,0.4468596577644348
YLL040C,YAL002W,1,1.6004449,0.15431278944015503,0.8003933429718018,0.4468596577644348
YDR379W,YDR540C,0,1.6002614,0.1542835533618927,0.8003933429718018,0.44695982336997986
YLR418C,YNL240C,0,1.6001004,0.15425431728363037,0.8003933429718018,0.4470599889755249
YMR054W,YJL029C,1,1.599642,0.15441454946994781,0.8013765811920166,0.4470599889755249
YPR105C,YFL061W,0,1.59939,0.1543852984905243,0.8013765811920166,0.44716018438339233
YPR161C,YDR117C,0,1.5991045,0.15435606241226196,0.8013765811920166,0.4472603499889374
YGR245C,YJL167W,0,1.5990784,0.15432682633399963,0.8013765811920166,0.4473605155944824
YFL008W,YGR121C,0,1.5985895,0.1542976200580597,0.8013765811920166,0.44746068120002747
YPL140C,YJR123W,0,1.5981088,0.15426841378211975,0.8013765811920166,0.4475608468055725
YBR235W,YPL081W,0,1.5980427,0.1542392075061798,0.8013765811920166,0.44766101241111755
YKL039W,YCL038C,0,1.5979688,0.15421003103256226,0.8013765811920166,0.447761207818985
YMR282C,YBR036C,0,1.597366,0.1541808545589447,0.8013765811920166,0.44786137342453003
YGL206C,YDR039C,0,1.5966856,0.15415169298648834,0.8013765811920166,0.4479615390300751
YGL096W,YPL249C,0,1.5966268,0.15412254631519318,0.8013765811920166,0.4480617046356201
YER127W,YDR004W,0,1.5955833,0.154093399643898,0.8013765811920166,0.44816187024116516
YLR327C,YIL153W,0,1.5953925,0.15406426787376404,0.8013765811920166,0.4482620358467102
YIL168W,YNL278W,0,1.5952699,0.15403515100479126,0.8013765811920166,0.44836220145225525
YMR232W,YMR234W,0,1.5943723,0.15400604903697968,0.8013765811920166,0.4484623968601227
YOR383C,YPL118W,0,1.594078,0.1539769470691681,0.8013765811920166,0.4485625624656677
YGL178W,YDR266C,0,1.5940135,0.1539478600025177,0.8013765811920166,0.44866272807121277
YPL258C,YKL138C,0,1.5940096,0.1539187878370285,0.8013765811920166,0.4487628936767578
YOR357C,YKL061W,1,1.5935677,0.15407854318618774,0.8023598790168762,0.4487628936767578
YOR389W,YPL018W,0,1.5934727,0.15404945611953735,0.8023598790168762,0.44886305928230286
YGR289C,YGR207C,0,1.5932395,0.15402038395404816,0.8023598790168762,0.4489632248878479
YDR317W,YKL079W,0,1.5929346,0.15399131178855896,0.8023598790168762,0.44906342029571533
YMR257C,YNL254C,0,1.5928509,0.15396226942539215,0.8023598790168762,0.4491635859012604
YGR279C,YDR377W,0,1.5927727,0.15393322706222534,0.8023598790168762,0.4492637515068054
YOR011W,YIL015W,0,1.5926559,0.15390418469905853,0.8023598790168762,0.44936391711235046
YJL057C,YMR127C,0,1.5925988,0.1538751721382141,0.8023598790168762,0.4494640827178955
YHR188C,YMR297W,0,1.5923634,0.1538461595773697,0.8023598790168762,0.44956424832344055
YDR077W,YER035W,0,1.5923489,0.15381714701652527,0.8023598790168762,0.449664443731308
YNL007C,YHR086W,0,1.5918734,0.15378816425800323,0.8023598790168762,0.449764609336853
YGL181W,YLR147C,0,1.5918641,0.1537591814994812,0.8023598790168762,0.44986477494239807
YBR139W,YLL013C,0,1.5916002,0.15373021364212036,0.8023598790168762,0.4499649405479431
YHR092C,YPL203W,0,1.5913968,0.15370126068592072,0.8023598790168762,0.45006510615348816
YPR105C,YPR003C,0,1.5910203,0.15367232263088226,0.8023598790168762,0.4501652717590332
YMR311C,YCL039W,0,1.5908287,0.1536433845758438,0.8023598790168762,0.45026543736457825
YJR044C,YDL127W,0,1.5905341,0.15361446142196655,0.8023598790168762,0.4503656327724457
YLR410W,YDL049C,0,1.5905,0.1535855382680893,0.8023598790168762,0.4504657983779907
YBR121C,YHL031C,0,1.5901815,0.15355664491653442,0.8023598790168762,0.45056596398353577
YLR259C,YFR055W,0,1.5900738,0.15352775156497955,0.8023598790168762,0.4506661295890808
YJL210W,YIL113W,0,1.5899299,0.15349887311458588,0.8023598790168762,0.45076629519462585
YLR371W,YBR049C,0,1.5898722,0.1534699946641922,0.8023598790168762,0.4508664608001709
YPL146C,YLR414C,0,1.5896978,0.1534411460161209,0.8023598790168762,0.45096665620803833
YER086W,YFR008W,0,1.5893357,0.15341229736804962,0.8023598790168762,0.4510668218135834
YFR046C,YMR014W,0,1.5890176,0.15338346362113953,0.8023598790168762,0.4511669874191284
YDR469W,YIL050W,0,1.5889096,0.15335462987422943,0.8023598790168762,0.45126715302467346
YHR138C,YOR356W,0,1.588592,0.15332581102848053,0.8023598790168762,0.4513673186302185
YBR162W-A,YNL081C,0,1.5877073,0.15329700708389282,0.8023598790168762,0.45146748423576355
YDR325W,YPR161C,0,1.5873225,0.1532682180404663,0.8023598790168762,0.451567679643631
YDR287W,YML001W,0,1.587293,0.153239443898201,0.8023598790168762,0.451667845249176
YNL321W,YPL265W,0,1.587198,0.15321066975593567,0.8023598790168762,0.45176801085472107
YKR048C,YBR156C,0,1.5869209,0.15318191051483154,0.8023598790168762,0.4518681764602661
YBL060W,YOL002C,0,1.5867975,0.15315315127372742,0.8023598790168762,0.45196834206581116
YER100W,YHL011C,0,1.5866325,0.15312440693378448,0.8023598790168762,0.4520685076713562
YBR016W,YDR298C,0,1.5863256,0.15309567749500275,0.8023598790168762,0.45216867327690125
YDR128W,YGL077C,0,1.5861094,0.1530669629573822,0.8023598790168762,0.4522688686847687
YHR063C,YPL101W,0,1.5859983,0.15303826332092285,0.8023598790168762,0.4523690342903137
YMR037C,YPL024W,0,1.5858977,0.1530095636844635,0.8023598790168762,0.45246919989585876
YMR303C,YNL291C,0,1.5858747,0.15298087894916534,0.8023598790168762,0.4525693655014038
YMR236W,YPL158C,0,1.5858479,0.15295220911502838,0.8023598790168762,0.45266953110694885
YDL079C,YJR058C,0,1.5857924,0.15292353928089142,0.8023598790168762,0.4527696967124939
YCR088W,YCL016C,0,1.585423,0.15289488434791565,0.8023598790168762,0.45286989212036133
YMR207C,YMR237W,0,1.5852332,0.15286624431610107,0.8023598790168762,0.45297005772590637
YCL047C,YDR020C,0,1.5844877,0.1528376042842865,0.8023598790168762,0.4530702233314514
YOL157C,YEL051W,0,1.5843985,0.1528089940547943,0.8023598790168762,0.45317038893699646
YKL134C,YHR153C,0,1.5840471,0.15278038382530212,0.8023598790168762,0.4532705545425415
YLR192C,YOL033W,0,1.5835483,0.15275177359580994,0.8023598790168762,0.45337072014808655
YLL011W,YHR101C,0,1.5832875,0.15272319316864014,0.8023598790168762,0.4534708857536316
YKR086W,YDL119C,0,1.5828784,0.15269461274147034,0.8023598790168762,0.453571081161499
YNL139C,YER078C,0,1.5827801,0.15266604721546173,0.8023598790168762,0.45367124676704407
YKL139W,YDR434W,0,1.5825202,0.15263748168945312,0.8023598790168762,0.4537714123725891
YDR456W,YLR008C,0,1.5816303,0.1526089459657669,0.8023598790168762,0.45387157797813416
YPL023C,YDL146W,0,1.5813572,0.1525804102420807,0.8023598790168762,0.4539717435836792
YPL215W,YDL149W,0,1.5811405,0.15255187451839447,0.8023598790168762,0.45407190918922424
YDL145C,YER039C,1,1.580648,0.15271027386188507,0.8033431768417358,0.45407190918922424
YBL080C,YMR208W,0,1.5805204,0.15268173813819885,0.8033431768417358,0.4541721045970917
YKL051W,YJR135W-A,0,1.5804906,0.15265321731567383,0.8033431768417358,0.4542722702026367
YNL328C,YIL022W,0,1.5802966,0.1526246964931488,0.8033431768417358,0.45437243580818176
YLR119W,YGR142W,1,1.5801389,0.15278296172618866,0.8043264746665955,0.45437243580818176
YDR486C,YJR014W,0,1.5796626,0.15275444090366364,0.8043264746665955,0.4544726014137268
YLR061W,YML124C,0,1.5795949,0.1527259200811386,0.8043264746665955,0.45457276701927185
YER048C,YCL016C,0,1.5795597,0.1526973992586136,0.8043264746665955,0.4546729326248169
YDR538W,YJR121W,0,1.5794977,0.15266890823841095,0.8043264746665955,0.4547731280326843
YMR037C,YER031C,0,1.5791521,0.1526404172182083,0.8043264746665955,0.45487329363822937
YMR323W,YML007W,0,1.5791249,0.15261194109916687,0.8043264746665955,0.4549734592437744
YKR027W,YIL022W,0,1.5787344,0.15258347988128662,0.8043264746665955,0.45507362484931946
YEL011W,YAL020C,0,1.5778382,0.15255501866340637,0.8043264746665955,0.4551737904548645
YJL003W,YKR058W,0,1.5774963,0.15252657234668732,0.8043264746665955,0.45527395606040955
YMR130W,YKL084W,0,1.5772339,0.15249814093112946,0.8043264746665955,0.4553741216659546
YDR394W,YPL172C,0,1.5768995,0.1524697095155716,0.8043264746665955,0.455474317073822
YDR153C,YNL086W,1,1.5768201,0.15262766182422638,0.8053097128868103,0.455474317073822
YPL170W,YNL006W,1,1.576227,0.1527855396270752,0.8062930107116699,0.455474317073822
YPL256C,YER041W,0,1.5759196,0.15275707840919495,0.8062930107116699,0.45557448267936707
YOR016C,YGL179C,0,1.5758977,0.1527286320924759,0.8062930107116699,0.4556746482849121
YOL017W,YBR065C,0,1.5757085,0.15270018577575684,0.8062930107116699,0.45577481389045715
YKL100C,YBL023C,0,1.5749242,0.15267175436019897,0.8062930107116699,0.4558749794960022
YGR253C,YBL009W,0,1.5749235,0.1526433378458023,0.8062930107116699,0.45597514510154724
YBL035C,YAL044C,0,1.5748881,0.15261492133140564,0.8062930107116699,0.4560753405094147
YDL226C,YFR051C,1,1.5748534,0.15277260541915894,0.8072763085365295,0.4560753405094147
YDL194W,YOL146W,0,1.5742898,0.15274418890476227,0.8072763085365295,0.4561755061149597
YEL047C,YOL091W,0,1.5738425,0.1527157723903656,0.8072763085365295,0.45627567172050476
YPL074W,YNL035C,0,1.5738409,0.15268737077713013,0.8072763085365295,0.4563758373260498
YPL159C,YCL048W,0,1.5738308,0.15265898406505585,0.8072763085365295,0.45647600293159485
YHR009C,YMR283C,0,1.5738273,0.15263059735298157,0.8072763085365295,0.4565761685371399
YHR073W,YKL043W,0,1.5732318,0.15260222554206848,0.8072763085365295,0.4566763639450073
YOL158C,YOL137W,1,1.5731217,0.15275971591472626,0.8082596063613892,0.4566763639450073
YOL144W,YHR143W,0,1.5731134,0.15273132920265198,0.8082596063613892,0.45677652955055237
YOR049C,YHR072W-A,0,1.5731053,0.1527029573917389,0.8082596063613892,0.4568766951560974
YGL087C,YPL148C,0,1.573062,0.1526745855808258,0.8082596063613892,0.45697686076164246
YIL085C,YFR047C,0,1.572749,0.1526462435722351,0.8082596063613892,0.4570770263671875
YOR328W,YPL156C,0,1.5725379,0.1526179015636444,0.8082596063613892,0.45717719197273254
YKL025C,YDR105C,0,1.5724533,0.1525895744562149,0.8082596063613892,0.4572773575782776
YDL014W,YEL019C,0,1.5722787,0.1525612473487854,0.8082596063613892,0.457377552986145
YER139C,YGL175C,0,1.5721661,0.1525329351425171,0.8082596063613892,0.45747771859169006
YBL017C,YGL222C,0,1.5715778,0.15250463783740997,0.8082596063613892,0.4575778841972351
YGL016W,YJL179W,0,1.5713177,0.15247635543346405,0.8082596063613892,0.45767804980278015
YOL117W,YMR177W,0,1.5708095,0.15244807302951813,0.8082596063613892,0.4577782154083252
YGL063W,YBR244W,0,1.5704391,0.1524198055267334,0.8082596063613892,0.45787838101387024
YDR069C,YHR005C,1,1.5701604,0.15257693827152252,0.809242844581604,0.45787838101387024
YKR010C,YOR151C,0,1.5700603,0.1525486558675766,0.809242844581604,0.45797857642173767
YJL036W,YMR110C,1,1.5694197,0.15270571410655975,0.8102261424064636,0.45797857642173767
YOR217W,YKL113C,0,1.569072,0.15267741680145264,0.8102261424064636,0.4580787420272827
YIL013C,YPL152W,0,1.569045,0.1526491343975067,0.8102261424064636,0.45817890763282776
YPL271W,YDR201W,0,1.5685467,0.1526208519935608,0.8102261424064636,0.4582790732383728
YOL128C,YNL045W,0,1.5682913,0.15259259939193726,0.8102261424064636,0.45837923884391785
YOL003C,YOL055C,0,1.5682815,0.15256434679031372,0.8102261424064636,0.4584794044494629
YGL005C,YGR001C,0,1.5679584,0.15253609418869019,0.8102261424064636,0.4585795998573303
YDL003W,YIL112W,0,1.5679548,0.15250787138938904,0.8102261424064636,0.45867976546287537
YBR216C,YML076C,0,1.5676813,0.1524796485900879,0.8102261424064636,0.4587799310684204
YLR139C,YHR129C,0,1.5676198,0.15245144069194794,0.8102261424064636,0.45888009667396545
YDR297W,YEL013W,0,1.567477,0.15242323279380798,0.8102261424064636,0.4589802622795105
YBL080C,YPL058C,0,1.5671976,0.15239503979682922,0.8102261424064636,0.45908042788505554
YOR374W,YDR479C,0,1.567133,0.15236686170101166,0.8102261424064636,0.4591805934906006
YDR019C,YNR059W,0,1.5670092,0.15233869850635529,0.8102261424064636,0.459280788898468
YPL019C,YNR039C,0,1.5669138,0.1523105353116989,0.8102261424064636,0.45938095450401306
YJL025W,YBR058C,0,1.5666728,0.15228238701820374,0.8102261424064636,0.4594811201095581
YLR467W,YFR040W,0,1.566643,0.15225425362586975,0.8102261424064636,0.45958128571510315
YAL011W,YBR221C,0,1.5665119,0.15222612023353577,0.8102261424064636,0.4596814513206482
YHR110W,YJL157C,0,1.5664945,0.15219800174236298,0.8102261424064636,0.45978161692619324
YDR190C,YGR044C,0,1.5664845,0.15216989815235138,0.8102261424064636,0.45988181233406067
YCL064C,YOR256C,0,1.5660249,0.15214180946350098,0.8102261424064636,0.4599819779396057
YPR154W,YGR260W,0,1.5658009,0.15211372077465057,0.8102261424064636,0.46008214354515076
YDR506C,YCL045C,0,1.5655293,0.15208564698696136,0.8102261424064636,0.4601823091506958
YMR016C,YGL065C,0,1.5649892,0.15205757319927216,0.8102261424064636,0.46028247475624084
YGR254W,YDL109C,0,1.564565,0.15202951431274414,0.8102261424064636,0.4603826403617859
YCL001W,YCR094W,1,1.5644573,0.15218594670295715,0.8112094402313232,0.4603826403617859
YGL116W,YER032W,0,1.5643017,0.15215787291526794,0.8112094402313232,0.46048280596733093
YBR021W,YHR046C,0,1.5640128,0.15212981402873993,0.8112094402313232,0.46058300137519836
YHR157W,YGL001C,0,1.5639247,0.1521017700433731,0.8112094402313232,0.4606831669807434
YKR062W,YNL164C,0,1.5637025,0.1520737260580063,0.8112094402313232,0.46078333258628845
YER179W,YML095C,0,1.5636578,0.15204571187496185,0.8112094402313232,0.4608834981918335
YGL224C,YDR055W,0,1.5636535,0.15201768279075623,0.8112094402313232,0.46098366379737854
YMR188C,YDR001C,0,1.5635062,0.15198968350887299,0.8112094402313232,0.4610838294029236
YLR118C,YJL208C,0,1.5634816,0.15196168422698975,0.8112094402313232,0.461184024810791
YGL083W,YKR035W-A,1,1.5627943,0.15211786329746246,0.8121927380561829,0.461184024810791
YML046W,YPL033C,0,1.5622716,0.15208984911441803,0.8121927380561829,0.46128419041633606
YPR065W,YML123C,0,1.5602615,0.1520618498325348,0.8121927380561829,0.4613843560218811
YMR060C,YJL159W,0,1.5598168,0.15203386545181274,0.8121927380561829,0.46148452162742615
YBL051C,YFR040W,0,1.5586872,0.1520058959722519,0.8121927380561829,0.4615846872329712
YPL028W,YOL041C,0,1.5583663,0.15197792649269104,0.8121927380561829,0.46168485283851624
YOL020W,YBR179C,0,1.5579088,0.1519499570131302,0.8121927380561829,0.46178504824638367
YCR088W,YCR035C,0,1.5578978,0.15192201733589172,0.8121927380561829,0.4618852138519287
YJL115W,YNR056C,0,1.5573167,0.15189407765865326,0.8121927380561829,0.46198537945747375
YJL106W,YBR176W,0,1.5573117,0.151866152882576,0.8121927380561829,0.4620855450630188
YBR089C-A,YDR284C,0,1.5571511,0.15183822810649872,0.8121927380561829,0.46218571066856384
YMR256C,YMR035W,0,1.5570353,0.15181033313274384,0.8121927380561829,0.4622858762741089
YPL242C,YGL254W,0,1.5564938,0.15178243815898895,0.8121927380561829,0.46238604187965393
YKL051W,YER081W,0,1.5563533,0.15175454318523407,0.8121927380561829,0.46248623728752136
YOR254C,YIR033W,0,1.556109,0.15172667801380157,0.8121927380561829,0.4625864028930664
YFL039C,YDR384C,0,1.5558519,0.15169881284236908,0.8121927380561829,0.46268656849861145
YKL160W,YDR052C,0,1.5556797,0.15167094767093658,0.8121927380561829,0.4627867341041565
YDR120C,YOL113W,0,1.5556617,0.15164311230182648,0.8121927380561829,0.46288689970970154
YBR069C,YPR105C,0,1.5554258,0.15161527693271637,0.8121927380561829,0.4629870653152466
YIL173W,YKL124W,1,1.5553149,0.1517709642648697,0.8131760358810425,0.4629870653152466
YML004C,YDR326C,0,1.554709,0.1517431139945984,0.8131760358810425,0.463087260723114
YDR186C,YGR202C,0,1.5544467,0.15171527862548828,0.8131760358810425,0.46318742632865906
YCR020W-B,YNL036W,0,1.554243,0.15168745815753937,0.8131760358810425,0.4632875919342041
YNL331C,YOR060C,0,1.5538723,0.15165963768959045,0.8131760358810425,0.46338775753974915
YPR101W,YGR013W,0,1.55377,0.15163183212280273,0.8131760358810425,0.4634879231452942
YKL150W,YOR191W,0,1.5533893,0.15160402655601501,0.8131760358810425,0.46358808875083923
YER129W,YCL020W,0,1.5533566,0.15157625079154968,0.8131760358810425,0.46368828415870667
YLR233C,YCR098C,0,1.5530576,0.15154847502708435,0.8131760358810425,0.4637884497642517
YLR451W,YAR071W,0,1.5528209,0.15152069926261902,0.8131760358810425,0.46388861536979675
YJL151C,YDR397C,0,1.5526727,0.15149295330047607,0.8131760358810425,0.4639887809753418
YML075C,YMR313C,0,1.5521295,0.15146520733833313,0.8131760358810425,0.46408894658088684
YOR307C,YDR338C,0,1.5520864,0.15143746137619019,0.8131760358810425,0.4641891121864319
YLL024C,YPR023C,0,1.5520589,0.15140974521636963,0.8131760358810425,0.46428927779197693
YGR125W,YDL058W,0,1.5512375,0.15138202905654907,0.8131760358810425,0.46438947319984436
YGL128C,YDR267C,0,1.5510377,0.15135431289672852,0.8131760358810425,0.4644896388053894
YER069W,YGL025C,0,1.5509844,0.15132662653923035,0.8131760358810425,0.46458980441093445
YJL216C,YJL108C,0,1.5509413,0.15129894018173218,0.8131760358810425,0.4646899700164795
YOR056C,YBR029C,0,1.5503926,0.1512712687253952,0.8131760358810425,0.46479013562202454
YCR069W,YIL103W,0,1.549799,0.15124359726905823,0.8131760358810425,0.4648903012275696
YBR248C,YDR227W,0,1.5494926,0.15121594071388245,0.8131760358810425,0.464990496635437
YGL021W,YDR298C,0,1.5482284,0.15118829905986786,0.8131760358810425,0.46509066224098206
YNR049C,YMR235C,0,1.5482175,0.15116067230701447,0.8131760358810425,0.4651908278465271
YLR403W,YNL216W,0,1.5474417,0.15113304555416107,0.8131760358810425,0.46529099345207214
YHR026W,YBR054W,0,1.5472447,0.15110543370246887,0.8131760358810425,0.4653911590576172
YMR201C,YLR238W,0,1.5464877,0.15107782185077667,0.8131760358810425,0.46549132466316223
YBL031W,YDR236C,0,1.5463995,0.15105022490024567,0.8131760358810425,0.46559152007102966
YHR102W,YNL306W,0,1.5460751,0.15102264285087585,0.8131760358810425,0.4656916856765747
YGL142C,YIL115C,0,1.5460489,0.15099507570266724,0.8131760358810425,0.46579185128211975
YPL255W,YFL029C,0,1.5457246,0.15096750855445862,0.8131760358810425,0.4658920168876648
YNL066W,YLR274W,0,1.5456426,0.1509399563074112,0.8131760358810425,0.46599218249320984
YBR084W,YDR437W,0,1.545479,0.15091240406036377,0.8131760358810425,0.4660923480987549
YKL061W,YHR005C,1,1.5449003,0.151067316532135,0.8141592741012573,0.4660923480987549
YCR040W,YDL223C,0,1.5443561,0.15103976428508759,0.8141592741012573,0.4661925137042999
YNL071W,YOL132W,0,1.5441291,0.15101222693920135,0.8141592741012573,0.46629270911216736
YDR093W,YNL024C,0,1.5436304,0.15098468959331512,0.8141592741012573,0.4663928747177124
YGL156W,YHR072W,0,1.5435498,0.1509571522474289,0.8141592741012573,0.46649304032325745
YPR025C,YHR194W,0,1.542881,0.15092964470386505,0.8141592741012573,0.4665932059288025
YBR046C,YBR168W,0,1.5428293,0.1509021371603012,0.8141592741012573,0.46669337153434753
YOR341W,YJR153W,0,1.5425465,0.15087462961673737,0.8141592741012573,0.4667935371398926
YPL153C,YDL080C,0,1.5422918,0.1508471518754959,0.8141592741012573,0.46689373254776
YER028C,YOR028C,0,1.5419064,0.15081967413425446,0.8141592741012573,0.46699389815330505
YJL125C,YLR132C,0,1.5415269,0.1507922112941742,0.8141592741012573,0.4670940637588501
YGL229C,YCR028C,0,1.5410007,0.15076474845409393,0.8141592741012573,0.46719422936439514
YDR256C,YPL194W,0,1.5409749,0.15073730051517487,0.8141592741012573,0.4672943949699402
YOL069W,YPL154C,0,1.5409449,0.150709867477417,0.8141592741012573,0.46739456057548523
YOL091W,YML001W,0,1.5408578,0.15068243443965912,0.8141592741012573,0.4674947261810303
YIR021W,YMR224C,0,1.540518,0.15065501630306244,0.8141592741012573,0.4675949215888977
YDR292C,YPR145W,0,1.5401571,0.15062761306762695,0.8141592741012573,0.46769508719444275
YGR009C,YOR087W,0,1.5400481,0.15060022473335266,0.8141592741012573,0.4677952527999878
YOR192C,YLL052C,0,1.5396243,0.15057283639907837,0.8141592741012573,0.46789541840553284
YIL030C,YKR104W,0,1.5395106,0.15054544806480408,0.8141592741012573,0.4679955840110779
YOR327C,YLR083C,1,1.5393207,0.15069986879825592,0.8151425719261169,0.4679955840110779
YFL062W,YDR236C,0,1.5392988,0.15067248046398163,0.8151425719261169,0.4680957496166229
YPL210C,YJL058C,0,1.539119,0.15064510703086853,0.8151425719261169,0.46819594502449036
YJL048C,YNL125C,0,1.538594,0.15061773359775543,0.8151425719261169,0.4682961106300354
YPR067W,YCL038C,0,1.5383679,0.15059037506580353,0.8151425719261169,0.46839627623558044
YDR400W,YBR089C-A,0,1.5381985,0.15056301653385162,0.8151425719261169,0.4684964418411255
YNL090W,YGR277C,0,1.5381837,0.1505356878042221,0.8151425719261169,0.46859660744667053
YLR336C,YDR397C,0,1.5376525,0.1505083441734314,0.8151425719261169,0.4686967730522156
YJR108W,YEL051W,0,1.5366974,0.15048103034496307,0.8151425719261169,0.468796968460083
YHR185C,YNL156C,0,1.5364987,0.15045371651649475,0.8151425719261169,0.46889713406562805
YER146W,YNL294C,0,1.5364286,0.15042641758918762,0.8151425719261169,0.4689972996711731
YOL130W,YCR107W,0,1.5363053,0.1503991335630417,0.8151425719261169,0.46909746527671814
YOR320C,YJR135C,0,1.5358975,0.15037184953689575,0.8151425719261169,0.4691976308822632
YBL088C,YNL263C,0,1.5355673,0.150344580411911,0.8151425719261169,0.4692977964878082
YCR034W,YLR023C,0,1.5354567,0.15031731128692627,0.8151425719261169,0.46939796209335327
YKR009C,YDR050C,0,1.5349288,0.15029007196426392,0.8151425719261169,0.4694981575012207
YDR065W,YGL175C,0,1.5349231,0.15026281774044037,0.8151425719261169,0.46959832310676575
YOR242C,YKL116C,0,1.5343542,0.1502355933189392,0.8151425719261169,0.4696984887123108
YOR360C,YBL002W,0,1.5343087,0.15020836889743805,0.8151425719261169,0.46979865431785583
YGL021W,YIL010W,0,1.5340666,0.15018115937709808,0.8151425719261169,0.4698988199234009
YGL124C,YHR010W,0,1.5339153,0.1501539647579193,0.8151425719261169,0.4699989855289459
YKL197C,YNL214W,0,1.5335546,0.15012677013874054,0.8151425719261169,0.47009918093681335
YBR107C,YHL009C,0,1.5331717,0.15009959042072296,0.8151425719261169,0.4701993465423584
YPL242C,YNR040W,0,1.5331358,0.15007241070270538,0.8151425719261169,0.47029951214790344
YOR157C,YLR081W,0,1.5326655,0.150045245885849,0.8151425719261169,0.4703996777534485
YBR264C,YDR165W,0,1.5326594,0.1500180959701538,0.8151425719261169,0.47049984335899353
YOR360C,YIL136W,0,1.5318372,0.14999094605445862,0.8151425719261169,0.4706000089645386
YNL071W,YOR360C,0,1.5313637,0.14996382594108582,0.8151425719261169,0.470700204372406
YDR065W,YDR297W,0,1.531275,0.14993669092655182,0.8151425719261169,0.47080036997795105
YKR088C,YOR026W,0,1.5312552,0.1499095857143402,0.8151425719261169,0.4709005355834961
YMR040W,YFR005C,0,1.5311091,0.1498824805021286,0.8151425719261169,0.47100070118904114
YKL032C,YLR167W,0,1.5307606,0.14985539019107819,0.8151425719261169,0.4711008667945862
YBR159W,YOR087W,0,1.5299013,0.14982829988002777,0.8151425719261169,0.4712010324001312
YIL167W,YDR506C,0,1.5298648,0.14980122447013855,0.8151425719261169,0.47130119800567627
YHR216W,YPL253C,0,1.5297532,0.14977416396141052,0.8151425719261169,0.4714013934135437
YLR098C,YAL009W,0,1.5290293,0.1497471034526825,0.8151425719261169,0.47150155901908875
YOR266W,YOR357C,0,1.5289075,0.14972005784511566,0.8151425719261169,0.4716017246246338
YLR427W,YLR057W,0,1.528236,0.14969302713871002,0.8151425719261169,0.47170189023017883
YBL103C,YGL254W,0,1.5280042,0.14966601133346558,0.8151425719261169,0.4718020558357239
YER044C-A,YJL020C,0,1.527763,0.14963899552822113,0.8151425719261169,0.4719022214412689
YCR069W,YML081W,0,1.5277487,0.14961197972297668,0.8151425719261169,0.47200241684913635
YHR210C,YDR056C,0,1.5275457,0.14958499372005463,0.8151425719261169,0.4721025824546814
YPR018W,YGL073W,0,1.5273917,0.14955800771713257,0.8151425719261169,0.47220274806022644
YJL059W,YEL020W-A,0,1.5272019,0.1495310217142105,0.8151425719261169,0.4723029136657715
YIL013C,YBR235W,0,1.5270653,0.14950405061244965,0.8151425719261169,0.47240307927131653
YOR214C,YOR231W,0,1.5269308,0.14947709441184998,0.8151425719261169,0.4725032448768616
YGL028C,YPL016W,0,1.5268229,0.1494501531124115,0.8151425719261169,0.472603440284729
YLR134W,YBR298C,0,1.5266745,0.14942321181297302,0.8151425719261169,0.47270360589027405
YGL086W,YAL010C,0,1.5263175,0.14939628541469574,0.8151425719261169,0.4728037714958191
YLL031C,YGR121C,0,1.5260141,0.14936937391757965,0.8151425719261169,0.47290393710136414
YOL084W,YDR257C,0,1.5259771,0.14934246242046356,0.8151425719261169,0.4730041027069092
YLR093C,YLR299W,0,1.52567,0.14931556582450867,0.8151425719261169,0.4731042683124542
YKR080W,YNR032C-A,0,1.5254924,0.14928866922855377,0.8151425719261169,0.47320443391799927
YLR306W,YJL072C,0,1.5247788,0.14926178753376007,0.8151425719261169,0.4733046293258667
YLR427W,YDL189W,0,1.524651,0.14923492074012756,0.8151425719261169,0.47340479493141174
YDR283C,YOL002C,0,1.5230383,0.14920806884765625,0.8151425719261169,0.4735049605369568
YFL039C,YJL210W,0,1.5227218,0.14918121695518494,0.8151425719261169,0.47360512614250183
YHR062C,YGL133W,0,1.5225931,0.14915436506271362,0.8151425719261169,0.4737052917480469
YPL143W,YGL093W,0,1.5222888,0.1491275429725647,0.8151425719261169,0.4738054573535919
YNL090W,YPL248C,0,1.522173,0.14910072088241577,0.8151425719261169,0.47390565276145935
YPR029C,YMR231W,1,1.522058,0.1492537260055542,0.8161258697509766,0.47390565276145935
YBL019W,YDL240W,0,1.5211507,0.14922690391540527,0.8161258697509766,0.4740058183670044
YJR153W,YKL179C,0,1.5210645,0.14920006692409515,0.8161258697509766,0.47410598397254944
YDL014W,YDR270W,0,1.5210361,0.14917325973510742,0.8161258697509766,0.4742061495780945
YOL094C,YOL072W,0,1.5205352,0.1491464525461197,0.8161258697509766,0.4743063151836395
YDR339C,YPL103C,0,1.5199298,0.14911966025829315,0.8161258697509766,0.47440648078918457
YMR268C,YPR057W,0,1.5198426,0.1490928679704666,0.8161258697509766,0.474506676197052
YDR221W,YDL003W,0,1.5193573,0.14906609058380127,0.8161258697509766,0.47460684180259705
YPL159C,YER044C,0,1.5188657,0.14903932809829712,0.8161258697509766,0.4747070074081421
YGR163W,YNL252C,0,1.518791,0.14901256561279297,0.8161258697509766,0.47480717301368713
YMR044W,YAL010C,0,1.518666,0.14898581802845,0.8161258697509766,0.4749073386192322
YOL065C,YHR158C,0,1.518534,0.14895908534526825,0.8161258697509766,0.4750075042247772
YLR284C,YMR318C,0,1.5185018,0.1489323526620865,0.8161258697509766,0.47510766983032227
YPL187W,YHR165C,0,1.5184705,0.14890563488006592,0.8161258697509766,0.4752078652381897
YOR032C,YBR033W,0,1.5184653,0.14887891709804535,0.8161258697509766,0.47530803084373474
YPL036W,YCL031C,0,1.5182769,0.14885222911834717,0.8161258697509766,0.4754081964492798
YKL024C,YPL192C,0,1.517759,0.1488255262374878,0.8161258697509766,0.47550836205482483
YPR018W,YGL018C,0,1.5172851,0.1487988531589508,0.8161258697509766,0.4756085276603699
YDL145C,YGL079W,1,1.5166459,0.1489514261484146,0.8171091675758362,0.4756085276603699
YKL141W,YNL126W,0,1.5165486,0.14892473816871643,0.8171091675758362,0.4757086932659149
YDR363W,YGR067C,0,1.5159595,0.14889805018901825,0.8171091675758362,0.47580888867378235
YKR059W,YGL175C,0,1.5154805,0.14887137711048126,0.8171091675758362,0.4759090542793274
YJL078C,YLR059C,0,1.515469,0.14884470403194427,0.8171091675758362,0.47600921988487244
YDR311W,YMR292W,0,1.5151031,0.14881804585456848,0.8171091675758362,0.4761093854904175
YJL041W,YDR309C,0,1.5150652,0.14879140257835388,0.8171091675758362,0.4762095510959625
YGR065C,YBR101C,0,1.5148752,0.14876477420330048,0.8171091675758362,0.47630971670150757
YPL115C,YLR210W,0,1.5148716,0.14873814582824707,0.8171091675758362,0.4764098823070526
YPR094W,YDL019C,0,1.5148097,0.14871151745319366,0.8171091675758362,0.47651007771492004
YHR016C,YCL066W,0,1.5141311,0.14868491888046265,0.8171091675758362,0.4766102433204651
YNL039W,YJL216C,0,1.514086,0.14865832030773163,0.8171091675758362,0.47671040892601013
YAL026C,YDL042C,0,1.5140429,0.1486317366361618,0.8171091675758362,0.4768105745315552
YGR057C,YEL005C,1,1.513952,0.14878398180007935,0.818092405796051,0.4768105745315552
YBR038W,YDR352W,0,1.513419,0.14875736832618713,0.818092405796051,0.4769107401371002
YIR014W,YJL168C,0,1.513298,0.1487307846546173,0.818092405796051,0.47701090574264526
YPL239W,YIL125W,0,1.5130271,0.14870420098304749,0.818092405796051,0.4771111011505127
YOL029C,YNL242W,0,1.5123523,0.14867763221263885,0.818092405796051,0.47721126675605774
YER020W,YMR101C,0,1.5118197,0.14865106344223022,0.818092405796051,0.4773114323616028
YGL238W,YPL271W,0,1.511224,0.1486245095729828,0.818092405796051,0.4774115979671478
YBR132C,YIR004W,0,1.5112025,0.14859797060489655,0.818092405796051,0.47751176357269287
YLR131C,YLL053C,0,1.5109609,0.1485714316368103,0.818092405796051,0.4776119291782379
YLR343W,YGR178C,0,1.5107026,0.14854490756988525,0.818092405796051,0.47771212458610535
YER095W,YBR191W,0,1.5103731,0.1485183835029602,0.818092405796051,0.4778122901916504
YER164W,YLR022C,0,1.509501,0.14849187433719635,0.818092405796051,0.47791245579719543
YDR150W,YOR386W,0,1.5088141,0.1484653800725937,0.818092405796051,0.4780126214027405
YJR161C,YDR532C,0,1.5087624,0.14843890070915222,0.818092405796051,0.4781127870082855
YBR189W,YOL002C,0,1.5086457,0.14841242134571075,0.818092405796051,0.47821295261383057
YDR127W,YBR158W,0,1.5085021,0.1483859419822693,0.818092405796051,0.4783131182193756
YOR208W,YPL177C,0,1.5083619,0.1483594924211502,0.818092405796051,0.47841331362724304
YOL068C,YJL157C,0,1.5080998,0.14833304286003113,0.818092405796051,0.4785134792327881
YBR023C,YPR079W,1,1.5080252,0.14848485589027405,0.8190757036209106,0.4785134792327881
YOR182C,YIL137C,0,1.5079337,0.14845839142799377,0.8190757036209106,0.47861364483833313
YNR075W,YFL003C,0,1.507933,0.1484319269657135,0.8190757036209106,0.4787138104438782
YHR111W,YOL023W,0,1.5077863,0.14840549230575562,0.8190757036209106,0.4788139760494232
YER180C,YDR529C,0,1.5077351,0.14837905764579773,0.8190757036209106,0.47891414165496826
YNL001W,YFR042W,0,1.507718,0.14835262298583984,0.8190757036209106,0.4790143370628357
YOL068C,YOR321W,0,1.5074726,0.14832621812820435,0.8190757036209106,0.47911450266838074
YMR303C,YAR018C,0,1.5073574,0.14829979836940765,0.8190757036209106,0.4792146682739258
YML091C,YML009C,0,1.5072066,0.14827340841293335,0.8190757036209106,0.4793148338794708
YJL139C,YCR071C,0,1.507147,0.14824701845645905,0.8190757036209106,0.47941499948501587
YGR004W,YDR506C,0,1.5070555,0.14822064340114594,0.8190757036209106,0.4795151650905609
YDR038C,YOR271C,0,1.5070221,0.14819426834583282,0.8190757036209106,0.47961536049842834
YMR118C,YHR044C,0,1.5068357,0.1481679081916809,0.8190757036209106,0.4797155261039734
YLR096W,YGR132C,0,1.5065775,0.14814156293869019,0.8190757036209106,0.47981569170951843
YDR477W,YOR173W,0,1.506548,0.14811521768569946,0.8190757036209106,0.4799158573150635
YBR191W,YPL059W,0,1.5061998,0.14808888733386993,0.8190757036209106,0.4800160229206085
YIR004W,YOR130C,0,1.5058095,0.1480625718832016,0.8190757036209106,0.48011618852615356
YML131W,YJR113C,0,1.5057713,0.14803625643253326,0.8190757036209106,0.4802163541316986
YHR035W,YHR105W,1,1.5056847,0.14818763732910156,0.8200590014457703,0.4802163541316986
YBR212W,YIR023W,0,1.5055716,0.14816130697727203,0.8200590014457703,0.48031654953956604
YDL112W,YGR033C,0,1.5050664,0.1481349915266037,0.8200590014457703,0.4804167151451111
YMR139W,YLR308W,0,1.5049833,0.14810869097709656,0.8200590014457703,0.48051688075065613
YDR027C,YIL017C,0,1.5045861,0.14808239042758942,0.8200590014457703,0.48061704635620117
YHR098C,YNL111C,0,1.5045831,0.14805610477924347,0.8200590014457703,0.4807172119617462
YJL051W,YBR022W,0,1.5043275,0.14802981913089752,0.8200590014457703,0.48081737756729126
YLR044C,YPR047W,0,1.5042032,0.14800354838371277,0.8200590014457703,0.4809175729751587
YDR308C,YDR534C,0,1.503727,0.1479772925376892,0.8200590014457703,0.48101773858070374
YLR117C,YOR022C,0,1.5035158,0.14795103669166565,0.8200590014457703,0.4811179041862488
YOL138C,YNL128W,0,1.5034714,0.14792479574680328,0.8200590014457703,0.4812180697917938
YPL124W,YGR083C,0,1.5034263,0.1478985697031021,0.8200590014457703,0.48131823539733887
YGL016W,YPR055W,0,1.5033395,0.14787234365940094,0.8200590014457703,0.4814184010028839
YDR381W,YLR324W,0,1.5032836,0.14784613251686096,0.8200590014457703,0.48151859641075134
YKR065C,YGL096W,0,1.5030916,0.14781992137432098,0.8200590014457703,0.4816187620162964
YBR014C,YPL265W,0,1.5028387,0.1477937251329422,0.8200590014457703,0.48171892762184143
YDR111C,YEL039C,0,1.5022631,0.1477675437927246,0.8200590014457703,0.4818190932273865
YLR205C,YGR120C,0,1.502119,0.14774136245250702,0.8200590014457703,0.4819192588329315
YOL005C,YBL037W,0,1.5021139,0.14771519601345062,0.8200590014457703,0.48201942443847656
YBR153W,YKR010C,0,1.5019398,0.14768904447555542,0.8200590014457703,0.4821195900440216
YDR375C,YCR048W,0,1.5018548,0.14766289293766022,0.8200590014457703,0.48221978545188904
YGL100W,YFR008W,0,1.501606,0.1476367563009262,0.8200590014457703,0.4823199510574341
YOR171C,YER005W,1,1.5012176,0.14778761565685272,0.8210422992706299,0.4823199510574341
YKL195W,YKL139W,0,1.5008633,0.14776146411895752,0.8210422992706299,0.4824201166629791
YDR078C,YBR237W,0,1.5008212,0.14773531258106232,0.8210422992706299,0.48252028226852417
YNL186W,YOR322C,0,1.5003872,0.1477091759443283,0.8210422992706299,0.4826204478740692
YLR119W,YBL080C,0,1.5003741,0.1476830542087555,0.8210422992706299,0.48272061347961426
YFL034C-A,YER075C,0,1.5001645,0.14765694737434387,0.8210422992706299,0.4828208088874817
YOR030W,YOL027C,0,1.499547,0.14763084053993225,0.8210422992706299,0.48292097449302673
YEL001C,YMR311C,0,1.4988952,0.14760473370552063,0.8210422992706299,0.4830211400985718
YOR028C,YNL035C,0,1.4984593,0.1475786566734314,0.8210422992706299,0.4831213057041168
YDR289C,YMR282C,0,1.4984297,0.14755256474018097,0.8210422992706299,0.48322147130966187
YLR410W,YDL122W,0,1.4981766,0.14752650260925293,0.8210422992706299,0.4833216369152069
YBR121C,YGR120C,0,1.497986,0.1475004404783249,0.8210422992706299,0.48342180252075195
YJL118W,YJR153W,0,1.4977438,0.14747439324855804,0.8210422992706299,0.4835219979286194
YOR118W,YML133C,0,1.4977386,0.1474483460187912,0.8210422992706299,0.48362216353416443
YDR155C,YOR175C,0,1.4976207,0.14742231369018555,0.8210422992706299,0.4837223291397095
YGR046W,YLR417W,0,1.4972876,0.1473962962627411,0.8210422992706299,0.4838224947452545
YNL250W,YER146W,0,1.4969931,0.14737027883529663,0.8210422992706299,0.48392266035079956
YDL113C,YOL062C,1,1.4964252,0.1475207358598709,0.8220255374908447,0.48392266035079956
YBL006C,YNL021W,0,1.4963002,0.14749470353126526,0.8220255374908447,0.4840228259563446
YNR051C,YLR143W,0,1.4960871,0.1474686861038208,0.8220255374908447,0.48412302136421204
YMR307W,YDR264C,1,1.4959495,0.14761905372142792,0.8230088353157043,0.48412302136421204
YAL014C,YDR180W,0,1.4957224,0.14759302139282227,0.8230088353157043,0.4842231869697571
YNL037C,YKL042W,0,1.4956537,0.1475669890642166,0.8230088353157043,0.4843233525753021
YOR372C,YLR158C,0,1.4953299,0.14754098653793335,0.8230088353157043,0.48442351818084717
YAL009W,YLR003C,0,1.4950204,0.14751498401165009,0.8230088353157043,0.4845236837863922
YML076C,YOR066W,0,1.494714,0.14748898148536682,0.8230088353157043,0.48462384939193726
YPL149W,YER091C,0,1.494031,0.14746300876140594,0.8230088353157043,0.4847240447998047
YGR205W,YNL148C,0,1.4938288,0.14743702113628387,0.8230088353157043,0.48482421040534973
YLR427W,YLR343W,0,1.4931412,0.1474110633134842,0.8230088353157043,0.4849243760108948
YBR237W,YNL148C,0,1.4930446,0.1473851054906845,0.8230088353157043,0.4850245416164398
YMR023C,YCL027W,0,1.4922329,0.14735914766788483,0.8230088353157043,0.48512470722198486
YMR189W,YDR323C,0,1.4921601,0.14733321964740753,0.8230088353157043,0.4852248728275299
YOR337W,YML027W,0,1.4919266,0.14730729162693024,0.8230088353157043,0.48532503843307495
YNR075W,YOR269W,0,1.4917126,0.14728136360645294,0.8230088353157043,0.4854252338409424
YBL008W,YDR397C,0,1.4914309,0.14725545048713684,0.8230088353157043,0.4855253994464874
YOR028C,YPR068C,0,1.4902755,0.14722955226898193,0.8230088353157043,0.48562556505203247
YOR100C,YBR213W,0,1.4900602,0.14720365405082703,0.8230088353157043,0.4857257306575775
YER184C,YDR482C,0,1.4899379,0.1471777707338333,0.8230088353157043,0.48582589626312256
YCR021C,YCL045C,0,1.4897789,0.1471519023180008,0.8230088353157043,0.4859260618686676
YDR436W,YKL033W,0,1.4897189,0.14712603390216827,0.8230088353157043,0.48602625727653503
YDL110C,YOR269W,0,1.4891479,0.14710018038749695,0.8230088353157043,0.4861264228820801
YPR164W,YDL052C,0,1.4886191,0.14707432687282562,0.8230088353157043,0.4862265884876251
YNL030W,YJL179W,0,1.488529,0.1470484882593155,0.8230088353157043,0.48632675409317017
YIL068C,YNL030W,0,1.4881728,0.14702266454696655,0.8230088353157043,0.4864269196987152
YKL140W,YAL048C,0,1.4881532,0.14699684083461761,0.8230088353157043,0.48652708530426025
YJL118W,YCL048W,0,1.488098,0.14697103202342987,0.8230088353157043,0.4866272807121277
YJL123C,YIL120W,0,1.4880445,0.14694522321224213,0.8230088353157043,0.48672744631767273
YGL223C,YDR121W,0,1.4877138,0.14691942930221558,0.8230088353157043,0.4868276119232178
YDR490C,YEL034W,0,1.4877031,0.14689365029335022,0.8230088353157043,0.4869277775287628
YML061C,YDL154W,0,1.4876506,0.14686787128448486,0.8230088353157043,0.48702794313430786
YJL090C,YNL292W,0,1.4873326,0.1468421071767807,0.8230088353157043,0.4871281087398529
YOR201C,YER044C-A,0,1.4871086,0.14681634306907654,0.8230088353157043,0.48722827434539795
YDR267C,YBL005W-A,0,1.4870197,0.14679059386253357,0.8230088353157043,0.4873284697532654
YHL050C,YOR361C,0,1.4868762,0.1467648595571518,0.8230088353157043,0.4874286353588104
YPR173C,YKR035W-A,1,1.4868352,0.14691445231437683,0.823992133140564,0.4874286353588104
YPL015C,YGR080W,0,1.4862828,0.14688868820667267,0.823992133140564,0.48752880096435547
YEL005C,YGR284C,1,1.4862432,0.14703820645809174,0.8249754309654236,0.48752880096435547
YDR506C,YCR042C,0,1.4861894,0.14701244235038757,0.8249754309654236,0.4876289665699005
YLR057W,YMR311C,0,1.4860076,0.1469866782426834,0.8249754309654236,0.48772913217544556
YPR124W,YDR253C,0,1.4857427,0.14696094393730164,0.8249754309654236,0.4878292977809906
YNL251C,YBR240C,0,1.4855142,0.14693519473075867,0.8249754309654236,0.48792949318885803
YBL018C,YOR197W,0,1.4854177,0.14690947532653809,0.8249754309654236,0.4880296587944031
YNL029C,YFL022C,0,1.4853272,0.1468837559223175,0.8249754309654236,0.4881298243999481
YLR396C,YHR086W,0,1.4848931,0.14685803651809692,0.8249754309654236,0.48822999000549316
YDR456W,YER039C,1,1.4846953,0.14700734615325928,0.8259587287902832,0.48822999000549316
YDR186C,YMR208W,0,1.4844062,0.1469816267490387,0.8259587287902832,0.4883301556110382
YMR274C,YNL041C,0,1.4842465,0.14695590734481812,0.8259587287902832,0.48843032121658325
YPL236C,YDL064W,0,1.4842365,0.14693020284175873,0.8259587287902832,0.4885305166244507
YDR314C,YHR176W,0,1.48402,0.14690451323986053,0.8259587287902832,0.4886306822299957
YLR388W,YER023W,0,1.483905,0.14687882363796234,0.8259587287902832,0.48873084783554077
YBR070C,YHR116W,0,1.4832511,0.14685314893722534,0.8259587287902832,0.4888310134410858
YLR039C,YNL242W,0,1.4823537,0.14682747423648834,0.8259587287902832,0.48893117904663086
YKL176C,YGL079W,1,1.4821699,0.14697657525539398,0.826941967010498,0.48893117904663086
YMR211W,YPL116W,0,1.4819913,0.14695090055465698,0.826941967010498,0.4890313446521759
YJL051W,YJL026W,0,1.4818449,0.14692522585391998,0.826941967010498,0.48913151025772095
YLR048W,YOR030W,0,1.481746,0.14689956605434418,0.826941967010498,0.4892317056655884
YHR001W,YKL065C,0,1.4814528,0.14687390625476837,0.826941967010498,0.4893318712711334
YGR108W,YFR051C,0,1.4811802,0.14684826135635376,0.826941967010498,0.48943203687667847
YDL222C,YIL147C,0,1.480891,0.14682263135910034,0.826941967010498,0.4895322024822235
YJR093C,YDR043C,0,1.4802436,0.14679700136184692,0.826941967010498,0.48963236808776855
YAL042W,YJL179W,0,1.4799528,0.1467713713645935,0.826941967010498,0.4897325336933136
YJR015W,YHR185C,0,1.4793457,0.14674577116966248,0.826941967010498,0.48983272910118103
YEL048C,YKL052C,0,1.4790449,0.14672017097473145,0.826941967010498,0.4899328947067261
YLR022C,YNL093W,0,1.478964,0.14669457077980042,0.826941967010498,0.4900330603122711
YMR307W,YCR094W,1,1.4788389,0.14684338867664337,0.8279252648353577,0.4900330603122711
YIR036C,YJR010C-A,0,1.4782704,0.14681778848171234,0.8279252648353577,0.49013322591781616
YGR178C,YCR065W,0,1.4777983,0.1467921882867813,0.8279252648353577,0.4902333915233612
YDR380W,YMR260C,0,1.4775625,0.14676660299301147,0.8279252648353577,0.49033355712890625
YDR456W,YNL192W,1,1.4774537,0.14691530168056488,0.8289085626602173,0.49033355712890625
YOR328W,YGL156W,0,1.4761438,0.14688970148563385,0.8289085626602173,0.4904337227344513
YNL162W,YLR307W,0,1.4756576,0.146864116191864,0.8289085626602173,0.4905339181423187
YBR110W,YDR438W,0,1.4752324,0.14683853089809418,0.8289085626602173,0.49063408374786377
YCR028C-A,YLR099C,0,1.4747775,0.14681296050548553,0.8289085626602173,0.4907342493534088
YKR072C,YOR193W,0,1.4744917,0.1467873901128769,0.8289085626602173,0.49083441495895386
YKR079C,YNR033W,0,1.4734166,0.14676183462142944,0.8289085626602173,0.4909345805644989
YMR207C,YPL063W,0,1.4728372,0.1467362940311432,0.8289085626602173,0.49103474617004395
YPL143W,YGL098W,0,1.4722612,0.14671075344085693,0.8289085626602173,0.4911349415779114
YOL013C,YLL057C,0,1.4721483,0.14668522775173187,0.8289085626602173,0.4912351071834564
YKL191W,YJL012C,0,1.4719377,0.1466597020626068,0.8289085626602173,0.49133527278900146
YOR228C,YKL198C,0,1.4713967,0.14663419127464294,0.8289085626602173,0.4914354383945465
YLR234W,YLR398C,0,1.4713917,0.14660869538784027,0.8289085626602173,0.49153560400009155
YJL056C,YLR306W,0,1.4712018,0.1465831995010376,0.8289085626602173,0.4916357696056366
YPL206C,YPL231W,0,1.4709935,0.14655771851539612,0.8289085626602173,0.49173596501350403
YKR062W,YOR298C-A,0,1.470889,0.14653223752975464,0.8289085626602173,0.4918361306190491
YCL001W,YML008C,0,1.4707246,0.14650677144527435,0.8289085626602173,0.4919362962245941
YOL020W,YGL129C,0,1.4704455,0.14648132026195526,0.8289085626602173,0.49203646183013916
YML069W,YMR224C,0,1.4703999,0.14645586907863617,0.8289085626602173,0.4921366274356842
YOR065W,YMR201C,0,1.470057,0.14643043279647827,0.8289085626602173,0.49223679304122925
YLR426W,YGL206C,0,1.4694853,0.14640499651432037,0.8289085626602173,0.4923369586467743
YCR075C,YGR099W,0,1.4694757,0.14637957513332367,0.8289085626602173,0.4924371540546417
YER039C,YKL039W,1,1.4693607,0.14652778208255768,0.8298918604850769,0.4924371540546417
YDR166C,YLR297W,0,1.469348,0.14650234580039978,0.8298918604850769,0.49253731966018677
YMR221C,YLR167W,0,1.4692066,0.14647692441940308,0.8298918604850769,0.4926374852657318
YPL169C,YCL057C-A,0,1.4686828,0.14645150303840637,0.8298918604850769,0.49273765087127686
YHR011W,YDR283C,0,1.4682236,0.14642609655857086,0.8298918604850769,0.4928378164768219
YDR041W,YLR001C,0,1.4682232,0.14640069007873535,0.8298918604850769,0.49293798208236694
YHR033W,YFL025C,0,1.468148,0.14637529850006104,0.8298918604850769,0.4930381774902344
YDR031W,YDR155C,0,1.4679396,0.1463499218225479,0.8298918604850769,0.4931383430957794
YDR362C,YGR157W,0,1.4678621,0.1463245451450348,0.8298918604850769,0.49323850870132446
YNR033W,YGR008C,0,1.4676338,0.14629918336868286,0.8298918604850769,0.4933386743068695
YGR055W,YDR287W,0,1.4674046,0.14627383649349213,0.8298918604850769,0.49343883991241455
YHR017W,YDR482C,0,1.4671906,0.1462484896183014,0.8298918604850769,0.4935390055179596
YLR097C,YBR218C,0,1.4671807,0.14622314274311066,0.8298918604850769,0.493639200925827
YOR193W,YER146W,0,1.4669819,0.14619781076908112,0.8298918604850769,0.49373936653137207
YDR073W,YDR099W,0,1.4669574,0.14617249369621277,0.8298918604850769,0.4938395321369171
YDL229W,YBL097W,0,1.4665092,0.14614719152450562,0.8298918604850769,0.49393969774246216
YLR040C,YPL186C,0,1.466465,0.14612188935279846,0.8298918604850769,0.4940398633480072
YPL189W,YDR339C,0,1.4662995,0.1460965871810913,0.8298918604850769,0.49414002895355225
YGR065C,YJL076W,0,1.466254,0.14607129991054535,0.8298918604850769,0.4942401945590973
YAL042W,YMR233W,0,1.4660997,0.14604602754116058,0.8298918604850769,0.4943403899669647
YGR240C,YIL147C,0,1.4657571,0.14602075517177582,0.8298918604850769,0.49444055557250977
YPR049C,YKL079W,0,1.4656919,0.14599549770355225,0.8298918604850769,0.4945407211780548
YPL233W,YHR026W,0,1.4654467,0.14597025513648987,0.8298918604850769,0.49464088678359985
YDR014W,YNL126W,0,1.4652743,0.1459450125694275,0.8298918604850769,0.4947410523891449
YCL038C,YPL203W,0,1.4652507,0.1459197849035263,0.8298918604850769,0.49484121799468994
YCR081W,YPR058W,0,1.4652424,0.14589455723762512,0.8298918604850769,0.4949414134025574
YKR039W,YLR380W,1,1.4651948,0.14604216814041138,0.8308750987052917,0.4949414134025574
YLL014W,YPR047W,0,1.464901,0.1460169404745102,0.8308750987052917,0.4950415790081024
YOR373W,YJR067C,0,1.4638667,0.145991712808609,0.8308750987052917,0.49514174461364746
YDR130C,YBL069W,0,1.4632733,0.14596648514270782,0.8308750987052917,0.4952419102191925
YGR278W,YOR247W,0,1.4632423,0.14594127237796783,0.8308750987052917,0.49534207582473755
YGL021W,YDR221W,0,1.463095,0.14591607451438904,0.8308750987052917,0.4954422414302826
YML072C,YDR448W,0,1.4627571,0.14589087665081024,0.8308750987052917,0.49554243683815
YJR042W,YAL002W,0,1.462518,0.14586569368839264,0.8308750987052917,0.49564260244369507
YPL111W,YGL243W,0,1.4621084,0.14584052562713623,0.8308750987052917,0.4957427680492401
YPL019C,YLR214W,0,1.4617507,0.14581535756587982,0.8308750987052917,0.49584293365478516
YKL028W,YIL031W,0,1.4616933,0.1457902044057846,0.8308750987052917,0.4959430992603302
YJL151C,YGR086C,0,1.4612063,0.1457650512456894,0.8308750987052917,0.49604326486587524
YHR063C,YNL316C,0,1.4611446,0.14573991298675537,0.8308750987052917,0.4961434304714203
YBR084C-A,YPL155C,0,1.4606833,0.14571477472782135,0.8308750987052917,0.4962436258792877
YOR056C,YGR262C,0,1.460417,0.14568965137004852,0.8308750987052917,0.49634379148483276
YLR172C,YMR092C,0,1.4598984,0.1456645429134369,0.8308750987052917,0.4964439570903778
YGL134W,YPL283C,0,1.4598955,0.14563943445682526,0.8308750987052917,0.49654412269592285
YDR009W,YKL052C,0,1.4595959,0.14561434090137482,0.8308750987052917,0.4966442883014679
YOR369C,YFL055W,0,1.4594421,0.14558924734592438,0.8308750987052917,0.49674445390701294
YGR060W,YKL184W,0,1.4591769,0.14556416869163513,0.8308750987052917,0.49684464931488037
YGR174C,YHR101C,0,1.4587698,0.1455390900373459,0.8308750987052917,0.4969448149204254
YPL202C,YDR471W,0,1.4581537,0.14551404118537903,0.8308750987052917,0.49704498052597046
YPL045W,YPL085W,1,1.4580456,0.1456611603498459,0.8318583965301514,0.49704498052597046
YPR192W,YMR278W,0,1.4579566,0.14563608169555664,0.8318583965301514,0.4971451461315155
YDL229W,YDR322W,0,1.4575356,0.1456110179424286,0.8318583965301514,0.49724531173706055
YMR091C,YER172C,0,1.4575324,0.14558595418930054,0.8318583965301514,0.4973454773426056
YGL048C,YJL145W,0,1.4570651,0.14556090533733368,0.8318583965301514,0.49744564294815063
YKR010C,YIL018W,0,1.4569657,0.14553587138652802,0.8318583965301514,0.49754583835601807
YJL127C,YPL137C,0,1.4569547,0.14551083743572235,0.8318583965301514,0.4976460039615631
YAL014C,YMR292W,0,1.4568467,0.14548581838607788,0.8318583965301514,0.49774616956710815
YKR048C,YDR009W,0,1.4567046,0.1454607993364334,0.8318583965301514,0.4978463351726532
YDL025C,YOR236W,0,1.4566053,0.14543579518795013,0.8318583965301514,0.49794650077819824
YOR007C,YOR080W,0,1.4555115,0.14541079103946686,0.8318583965301514,0.4980466663837433
YMR021C,YNL166C,0,1.4551462,0.14538580179214478,0.8318583965301514,0.4981468617916107
YJR064W,YGL025C,0,1.4545027,0.1453608274459839,0.8318583965301514,0.49824702739715576
YPL046C,YLR185W,0,1.454442,0.145335853099823,0.8318583965301514,0.4983471930027008
YER060W,YHR176W,0,1.4542949,0.1453108936548233,0.8318583965301514,0.49844735860824585
YDR437W,YDR169C,0,1.4541072,0.1452859342098236,0.8318583965301514,0.4985475242137909
YIR006C,YKR079C,0,1.4538823,0.1452609896659851,0.8318583965301514,0.49864768981933594
YBR297W,YLR256W,0,1.4537392,0.1452360451221466,0.8318583965301514,0.49874788522720337
YPR005C,YMR251W-A,0,1.4529328,0.1452111154794693,0.8318583965301514,0.4988480508327484
YCR091W,YPR161C,0,1.4527497,0.14518620073795319,0.8318583965301514,0.49894821643829346
YHR092C,YCR039C,0,1.4524786,0.14516128599643707,0.8318583965301514,0.4990483820438385
YER087C-A,YMR167W,0,1.4513972,0.14513638615608215,0.8318583965301514,0.49914854764938354
YPR056W,YLR084C,0,1.4513297,0.14511148631572723,0.8318583965301514,0.4992487132549286
YNL116W,YML118W,0,1.4508412,0.1450866013765335,0.8318583965301514,0.49934887886047363
YPL152W,YIL162W,0,1.4506174,0.14506173133850098,0.8318583965301514,0.49944907426834106
YCR068W,YML067C,1,1.4501777,0.14520829916000366,0.832841694355011,0.49944907426834106
YGR138C,YFR032C-A,0,1.4498551,0.14518341422080994,0.832841694355011,0.4995492398738861
YER129W,YFL025C,0,1.4493766,0.1451585292816162,0.832841694355011,0.49964940547943115
YBL060W,YBR097W,0,1.449218,0.14513365924358368,0.832841694355011,0.4997495710849762
YML095C,YPL248C,0,1.4491689,0.14510878920555115,0.832841694355011,0.49984973669052124
YBL097W,YJL156C,0,1.4483232,0.1450839340686798,0.832841694355011,0.4999499022960663
YDR531W,YHR104W,0,1.4482255,0.14505907893180847,0.832841694355011,0.5000500679016113
YER114C,YDR148C,0,1.4478192,0.14503425359725952,0.832841694355011,0.5001502633094788
YJR086W,YNL240C,0,1.4475,0.14500941336154938,0.832841694355011,0.5002503991127014
YGR023W,YGR030C,0,1.4473889,0.14498458802700043,0.832841694355011,0.5003505945205688
YGR091W,YHR031C,0,1.4472543,0.14495977759361267,0.832841694355011,0.5004507899284363
YML092C,YBL071W-A,0,1.4470725,0.1449349820613861,0.832841694355011,0.5005509257316589
YNL145W,YGL141W,0,1.4469446,0.14491018652915955,0.832841694355011,0.5006511211395264
YHR140W,YJL012C,0,1.4469355,0.14488539099693298,0.832841694355011,0.500751256942749
YIL167W,YNR027W,0,1.4464078,0.14486061036586761,0.832841694355011,0.5008514523506165
YEL048C,YPR181C,1,1.4463639,0.14500683546066284,0.8338249921798706,0.5008514523506165
YMR205C,YLR138W,0,1.4459085,0.14498205482959747,0.8338249921798706,0.5009515881538391
YNR075W,YDR087C,0,1.4456979,0.1449572592973709,0.8338249921798706,0.5010517835617065
YKL150W,YPR175W,0,1.4452255,0.14493249356746674,0.8338249921798706,0.501151978969574
YPL140C,YLR037C,0,1.4448899,0.14490772783756256,0.8338249921798706,0.5012521147727966
YBR109C,YKL065C,0,1.444536,0.1448829621076584,0.8338249921798706,0.5013523101806641
YDR235W,YDR054C,0,1.444511,0.1448582112789154,0.8338249921798706,0.5014524459838867
YMR127C,YNL279W,0,1.4445069,0.14483347535133362,0.8338249921798706,0.5015526413917542
YGR215W,YOL021C,0,1.4443792,0.14480873942375183,0.8338249921798706,0.5016528367996216
YDR009W,YDL056W,0,1.4442579,0.14478401839733124,0.8338249921798706,0.5017529726028442
YDR441C,YCR024C,0,1.4440198,0.14475929737091064,0.8338249921798706,0.5018531680107117
YBL017C,YPL209C,0,1.4435978,0.14473459124565125,0.8338249921798706,0.5019533038139343
YIL044C,YGL079W,1,1.4430699,0.14488054811954498,0.8348082304000854,0.5019533038139343
YEL005C,YMR125W,0,1.4430037,0.1448558270931244,0.8348082304000854,0.5020534992218018
YDL145C,YNL185C,0,1.442653,0.144831120967865,0.8348082304000854,0.5021536350250244
YNL068C,YBL005W-A,0,1.4422811,0.1448064148426056,0.8348082304000854,0.5022538304328918
YGL063W,YDR056C,0,1.4422216,0.14478172361850739,0.8348082304000854,0.5023540258407593
YPL135W,YNL012W,0,1.4421648,0.14475703239440918,0.8348082304000854,0.5024541616439819
YPL072W,YCR018C,0,1.4413168,0.14473235607147217,0.8348082304000854,0.5025543570518494
YDR088C,YLR396C,0,1.4412549,0.14470767974853516,0.8348082304000854,0.502654492855072
YDL081C,YOR227W,0,1.4412013,0.14468303322792053,0.8348082304000854,0.5027546882629395
YDR339C,YJR058C,0,1.4409537,0.14465837180614471,0.8348082304000854,0.5028548240661621
YDR115W,YJL143W,0,1.4409517,0.1446337252855301,0.8348082304000854,0.5029550194740295
YBR094W,YGR235C,0,1.4406,0.14460909366607666,0.8348082304000854,0.503055214881897
YLR247C,YBL018C,0,1.4400941,0.14458446204662323,0.8348082304000854,0.5031553506851196
YGR209C,YHR010W,0,1.4400159,0.144559845328331,0.8348082304000854,0.5032555460929871
YBR216C,YGR257C,0,1.4399143,0.14453524351119995,0.8348082304000854,0.5033556818962097
YFR005C,YHR205W,0,1.4392307,0.1445106416940689,0.8348082304000854,0.5034558773040771
YCR024C,YHR090C,0,1.4391865,0.14448603987693787,0.8348082304000854,0.5035560727119446
YPL283C,YML081W,0,1.4391613,0.14446145296096802,0.8348082304000854,0.5036562085151672
YOL005C,YPL116W,0,1.439078,0.14443688094615936,0.8348082304000854,0.5037564039230347
YER170W,YDR330W,0,1.438365,0.1444123089313507,0.8348082304000854,0.5038565397262573
YKL016C,YJL111W,0,1.4381843,0.14438775181770325,0.8348082304000854,0.5039567351341248
YIL023C,YIL145C,0,1.43804,0.14436320960521698,0.8348082304000854,0.5040568709373474
YGR108W,YJR090C,0,1.4380393,0.1443386673927307,0.8348082304000854,0.5041570663452148
YMR307W,YJL207C,1,1.4363662,0.14448410272598267,0.8357915282249451,0.5041570663452148
YNL190W,YOR306C,0,1.4355173,0.1444595456123352,0.8357915282249451,0.5042572617530823
YOL052C-A,YHR092C,0,1.4354639,0.14443500339984894,0.8357915282249451,0.5043573975563049
YOR322C,YDL069C,0,1.4351189,0.14441046118736267,0.8357915282249451,0.5044575929641724
YHR018C,YGR148C,0,1.4347184,0.1443859338760376,0.8357915282249451,0.504557728767395
YBR162W-A,YGR003W,0,1.434524,0.14436140656471252,0.8357915282249451,0.5046579241752625
YDR387C,YEL027W,0,1.4336349,0.14433689415454865,0.8357915282249451,0.5047580599784851
YNL075W,YIL114C,0,1.4336225,0.14431239664554596,0.8357915282249451,0.5048582553863525
YPL215W,YBR018C,0,1.433577,0.14428789913654327,0.8357915282249451,0.50495845079422
YKL195W,YBR123C,0,1.4334103,0.1442634016275406,0.8357915282249451,0.5050585865974426
YPL212C,YOL078W,0,1.4333797,0.1442389339208603,0.8357915282249451,0.5051587820053101
YMR022W,YPL038W,0,1.4329768,0.1442144513130188,0.8357915282249451,0.5052589178085327
YNL315C,YFR006W,0,1.4325776,0.1441899985074997,0.8357915282249451,0.5053591132164001
YMR189W,YNL188W,0,1.4325267,0.1441655308008194,0.8357915282249451,0.5054593086242676
YHL025W,YOR190W,0,1.43251,0.1441410928964615,0.8357915282249451,0.5055594444274902
YNL134C,YGL245W,0,1.4318649,0.14411665499210358,0.8357915282249451,0.5056596398353577
YKL150W,YNL058C,0,1.4316859,0.14409221708774567,0.8357915282249451,0.5057597756385803
YPL132W,YOR245C,0,1.4313515,0.14406779408454895,0.8357915282249451,0.5058599710464478
YOR086C,YPL017C,0,1.4313138,0.14404338598251343,0.8357915282249451,0.5059601068496704
YML091C,YDR257C,0,1.4307485,0.1440189778804779,0.8357915282249451,0.5060603022575378
YLR377C,YHR084W,0,1.430481,0.14399458467960358,0.8357915282249451,0.5061604976654053
YNL047C,YOR306C,0,1.4304798,0.14397019147872925,0.8357915282249451,0.5062606334686279
YAL020C,YHR165C,0,1.4303051,0.1439458131790161,0.8357915282249451,0.5063608288764954
YPL006W,YBR265W,0,1.430249,0.14392143487930298,0.8357915282249451,0.506460964679718
YDR069C,YGL225W,1,1.4301821,0.14406636357307434,0.8367748260498047,0.506460964679718
YOR044W,YDR528W,0,1.4301264,0.1440419703722,0.8367748260498047,0.5065611600875854
YPL144W,YKL016C,0,1.4299486,0.14401760697364807,0.8367748260498047,0.5066612958908081
YHR044C,YKL011C,0,1.4298003,0.14399322867393494,0.8367748260498047,0.5067614912986755
YMR118C,YEL024W,0,1.429563,0.143968865275383,0.8367748260498047,0.506861686706543
YJR129C,YNL199C,0,1.4294609,0.14394451677799225,0.8367748260498047,0.5069618225097656
YMR088C,YBR136W,0,1.4293321,0.1439201831817627,0.8367748260498047,0.5070620179176331
YNR039C,YBL027W,0,1.4292645,0.14389583468437195,0.8367748260498047,0.5071621537208557
YNL180C,YIL113W,0,1.4290117,0.1438715159893036,0.8367748260498047,0.5072623491287231
YCR047C,YLR332W,0,1.4290043,0.14384719729423523,0.8367748260498047,0.5073625445365906
YGL192W,YPL115C,0,1.4289918,0.14382287859916687,0.8367748260498047,0.5074626803398132
YOR122C,YLR308W,0,1.4286937,0.1437985748052597,0.8367748260498047,0.5075628757476807
YBR105C,YPR133C,0,1.4286164,0.14377428591251373,0.8367748260498047,0.5076630115509033
YJR158W,YPR057W,0,1.4285784,0.14374999701976776,0.8367748260498047,0.5077632069587708
YOR125C,YJR010C-A,0,1.4285642,0.14372572302818298,0.8367748260498047,0.5078633427619934
YER042W,YDR338C,0,1.4284064,0.1437014490365982,0.8367748260498047,0.5079635381698608
YIL017C,YML001W,0,1.4283466,0.14367718994617462,0.8367748260498047,0.5080637335777283
YOL012C,YKL045W,0,1.4281988,0.14365293085575104,0.8367748260498047,0.5081638693809509
YDR390C,YJL100W,0,1.4280586,0.14362868666648865,0.8367748260498047,0.5082640647888184
YLR418C,YCR105W,0,1.4277682,0.14360445737838745,0.8367748260498047,0.508364200592041
YDL226C,YGR223C,1,1.4277666,0.143748939037323,0.8377581238746643,0.508364200592041
YGL238W,YNR037C,0,1.4277071,0.1437246948480606,0.8377581238746643,0.5084643959999084
YLR223C,YPL066W,0,1.42745,0.14370045065879822,0.8377581238746643,0.5085645318031311
YKR010C,YHL002W,0,1.4272354,0.14367622137069702,0.8377581238746643,0.5086647272109985
YOR369C,YGL106W,0,1.4271929,0.14365199208259583,0.8377581238746643,0.508764922618866
YPR018W,YLR399C,0,1.4269922,0.14362777769565582,0.8377581238746643,0.5088650584220886
YDR515W,YOL018C,0,1.4269106,0.14360357820987701,0.8377581238746643,0.508965253829956
YOR007C,YER149C,0,1.4266931,0.1435793787240982,0.8377581238746643,0.5090653896331787
YHR197W,YMR109W,0,1.4265859,0.1435551792383194,0.8377581238746643,0.5091655850410461
YER095W,YNL009W,0,1.426187,0.14353099465370178,0.8377581238746643,0.5092657804489136
YIL038C,YPL268W,0,1.4258182,0.14350682497024536,0.8377581238746643,0.5093659162521362
YPL090C,YLR373C,0,1.425806,0.14348265528678894,0.8377581238746643,0.5094661116600037
YER029C,YNL146W,0,1.4256027,0.1434585005044937,0.8377581238746643,0.5095662474632263
YPR022C,YMR051C,0,1.4255196,0.1434343457221985,0.8377581238746643,0.5096664428710938
YLR249W,YBL023C,0,1.4254054,0.14341020584106445,0.8377581238746643,0.5097665786743164
YML061C,YNL250W,0,1.4253803,0.14338606595993042,0.8377581238746643,0.5098667740821838
YHR099W,YMR184W,0,1.4252175,0.14336194097995758,0.8377581238746643,0.5099669694900513
YJR001W,YDR297W,0,1.4251363,0.14333781599998474,0.8377581238746643,0.5100671052932739
YNL154C,YBR203W,0,1.4250386,0.1433137059211731,0.8377581238746643,0.5101673007011414
YNL097C,YDR534C,0,1.4247328,0.14328961074352264,0.8377581238746643,0.510267436504364
YDR501W,YJL208C,0,1.4244708,0.1432655155658722,0.8377581238746643,0.5103676319122314
YCR077C,YNL218W,0,1.4243426,0.14324142038822174,0.8377581238746643,0.5104677677154541
YDR060W,YDL145C,0,1.4243355,0.14321734011173248,0.8377581238746643,0.5105679631233215
YDR158W,YIL037C,0,1.4241741,0.14319327473640442,0.8377581238746643,0.510668158531189
YGL144C,YGR263C,0,1.4236212,0.14316920936107635,0.8377581238746643,0.5107682943344116
YDL156W,YOR202W,0,1.4234822,0.14314515888690948,0.8377581238746643,0.510868489742279
YBL072C,YLL053C,0,1.4229023,0.14312110841274261,0.8377581238746643,0.5109686255455017
YDL141W,YLR014C,0,1.4226013,0.14309707283973694,0.8377581238746643,0.5110688209533691
YER089C,YAL062W,0,1.4224079,0.14307305216789246,0.8377581238746643,0.5111690163612366
YMR074C,YGL227W,0,1.4223331,0.14304903149604797,0.8377581238746643,0.5112691521644592
YAL059W,YCR024C-A,0,1.4219507,0.1430250108242035,0.8377581238746643,0.5113693475723267
YGL194C,YBR213W,0,1.4218175,0.1430010050535202,0.8377581238746643,0.5114694833755493
YDR213W,YKL137W,0,1.4217944,0.1429770141839981,0.8377581238746643,0.5115696787834167
YBR106W,YJL052W,0,1.421674,0.142953023314476,0.8377581238746643,0.5116698145866394
YNL054W,YDL220C,0,1.4213498,0.14292903244495392,0.8377581238746643,0.5117700099945068
YBR109C,YDL136W,0,1.4207081,0.1429050713777542,0.8377581238746643,0.5118702054023743
YNL291C,YBL106C,0,1.4202511,0.1428810954093933,0.8377581238746643,0.5119703412055969
YIL048W,YGL083W,1,1.4200349,0.14302481710910797,0.8387414216995239,0.5119703412055969
YOL157C,YBR191W,0,1.4195914,0.14300084114074707,0.8387414216995239,0.5120705366134644
YMR231W,YCL008C,1,1.4193447,0.14314448833465576,0.8397246599197388,0.5120705366134644
YOR375C,YGL187C,0,1.4181256,0.14312049746513367,0.8397246599197388,0.512170672416687
YBR293W,YNL030W,0,1.4179666,0.14309652149677277,0.8397246599197388,0.5122708678245544
YLR410W,YML076C,0,1.417513,0.14307254552841187,0.8397246599197388,0.5123710036277771
YDL150W,YNL029C,0,1.4167423,0.14304856956005096,0.8397246599197388,0.5124711990356445
YDL153C,YNR019W,0,1.4165214,0.14302462339401245,0.8397246599197388,0.512571394443512
YHR007C,YBR161W,0,1.4161915,0.14300067722797394,0.8397246599197388,0.5126715302467346
YCR004C,YOR078W,0,1.4159266,0.14297673106193542,0.8397246599197388,0.512771725654602
YGL124C,YKR027W,1,1.4156075,0.1431201845407486,0.8407079577445984,0.512771725654602
YBL057C,YGL076C,0,1.4152982,0.14309623837471008,0.8407079577445984,0.5128718614578247
YNL183C,YJL010C,0,1.4152064,0.14307229220867157,0.8407079577445984,0.5129720568656921
YGL124C,YNL132W,0,1.4150847,0.14304834604263306,0.8407079577445984,0.5130722522735596
YDR495C,YAR014C,0,1.4146943,0.14302442967891693,0.8407079577445984,0.5131723880767822
YNL006W,YDL058W,1,1.4145343,0.14316774904727936,0.841691255569458,0.5131723880767822
YDR291W,YBR049C,0,1.4140664,0.14314381778240204,0.841691255569458,0.5132725834846497
YNL030W,YOR259C,0,1.4139507,0.14311988651752472,0.841691255569458,0.5133727192878723
YKL021C,YDR079C-A,0,1.4138861,0.1430959552526474,0.841691255569458,0.5134729146957397
YHR105W,YGL206C,1,1.4138131,0.14323917031288147,0.8426745533943176,0.5134729146957397
YMR231W,YHL047C,1,1.4134561,0.14338235557079315,0.8436577916145325,0.5134729146957397
YDR478W,YOR258W,0,1.4133657,0.14335839450359344,0.8436577916145325,0.5135730504989624
YAL055W,YAR008W,0,1.4132125,0.14333444833755493,0.8436577916145325,0.5136732459068298
YBR283C,YGL179C,0,1.4125193,0.14331050217151642,0.8436577916145325,0.5137734413146973
YGR001C,YOR039W,0,1.4124172,0.1432865709066391,0.8436577916145325,0.5138735771179199
YPR122W,YOR254C,0,1.4120358,0.14326265454292297,0.8436577916145325,0.5139737725257874
YLR118C,YLR233C,0,1.4119289,0.14323873817920685,0.8436577916145325,0.51407390832901
YGR184C,YPR019W,0,1.4118549,0.14321482181549072,0.8436577916145325,0.5141741037368774
YLR248W,YNL036W,0,1.4112883,0.1431909203529358,0.8436577916145325,0.5142742395401001
YJR019C,YIL050W,0,1.4110671,0.14316703379154205,0.8436577916145325,0.5143744349479675
YER180C,YDL093W,0,1.4108768,0.14314314723014832,0.8436577916145325,0.514474630355835
YDR005C,YDL072C,0,1.4108675,0.14311926066875458,0.8436577916145325,0.5145747661590576
YJL044C,YGL079W,1,1.4108207,0.14326217770576477,0.8446410894393921,0.5145747661590576
YOL084W,YGR133W,0,1.4108135,0.14323829114437103,0.8446410894393921,0.514674961566925
YHL008C,YNL222W,0,1.410577,0.1432144045829773,0.8446410894393921,0.5147750973701477
YOL133W,YOR264W,0,1.4102314,0.14319053292274475,0.8446410894393921,0.5148752927780151
YPL192C,YGL155W,0,1.410217,0.1431666612625122,0.8446410894393921,0.5149754285812378
YKR049C,YEL016C,0,1.4100513,0.14314280450344086,0.8446410894393921,0.5150756239891052
YLR347C,YGL257C,0,1.409821,0.1431189626455307,0.8446410894393921,0.5151758193969727
YKL024C,YGR263C,0,1.4097801,0.14309512078762054,0.8446410894393921,0.5152759552001953
YMR110C,YGL051W,1,1.4091868,0.14323784410953522,0.8456243872642517,0.5152759552001953
YDL164C,YBL031W,0,1.4086807,0.14321398735046387,0.8456243872642517,0.5153761506080627
YLR414C,YOL002C,0,1.4086103,0.1431901454925537,0.8456243872642517,0.5154762864112854
YKL048C,YIL017C,0,1.4085288,0.14316630363464355,0.8456243872642517,0.5155764818191528
YBL046W,YJR125C,0,1.4083269,0.1431424766778946,0.8456243872642517,0.5156766772270203
YPR169W,YLR155C,0,1.4080868,0.14311864972114563,0.8456243872642517,0.5157768130302429
YOR171C,YLL040C,1,1.407896,0.14326122403144836,0.8466076850891113,0.5157768130302429
YFR032C-A,YIL009C-A,0,1.4077834,0.1432373970746994,0.8466076850891113,0.5158770084381104
YGR014W,YMR285C,0,1.4073799,0.14321357011795044,0.8466076850891113,0.515977144241333
YBR162W-A,YPR068C,0,1.4073403,0.14318975806236267,0.8466076850891113,0.5160773396492004
YPL001W,YLR357W,0,1.4069724,0.1431659460067749,0.8466076850891113,0.5161774754524231
YNL139C,YDR481C,0,1.4066491,0.14314214885234833,0.8466076850891113,0.5162776708602905
YCL001W,YFL053W,0,1.4066417,0.14311835169792175,0.8466076850891113,0.516377866268158
YDR111C,YOL012C,0,1.4065685,0.14309456944465637,0.8466076850891113,0.5164780020713806
YCR092C,YMR122W-A,0,1.4065406,0.143070787191391,0.8466076850891113,0.516578197479248
YOR236W,YOR188W,0,1.4064708,0.1430470198392868,0.8466076850891113,0.5166783332824707
YGL006W,YBR060C,0,1.4063895,0.14302325248718262,0.8466076850891113,0.5167785286903381
YBL007C,YAL010C,0,1.4061482,0.14299950003623962,0.8466076850891113,0.5168786644935608
YFL011W,YLR256W,0,1.4060814,0.14297576248645782,0.8466076850891113,0.5169788599014282
YMR231W,YNL116W,0,1.4059324,0.14295201003551483,0.8466076850891113,0.5170790553092957
YIR013C,YPR165W,0,1.4058094,0.14292828738689423,0.8466076850891113,0.5171791911125183
YOR128C,YIL069C,0,1.405617,0.14290456473827362,0.8466076850891113,0.5172793865203857
YJR022W,YMR286W,0,1.4054471,0.1428808569908142,0.8466076850891113,0.5173795223236084
YGR058W,YHR124W,0,1.4053771,0.1428571492433548,0.8466076850891113,0.5174797177314758
YKR022C,YML018C,0,1.4052349,0.14283344149589539,0.8466076850891113,0.5175799131393433
YKL120W,YDL159W,0,1.405112,0.14280974864959717,0.8466076850891113,0.5176800489425659
YJL074C,YEL019C,0,1.4050297,0.14278607070446014,0.8466076850891113,0.5177802443504333
YBR040W,YGR224W,0,1.4048651,0.14276239275932312,0.8466076850891113,0.517880380153656
YDR244W,YNL128W,0,1.4047992,0.1427387297153473,0.8466076850891113,0.5179805755615234
YIL010W,YIL126W,0,1.4045727,0.14271506667137146,0.8466076850891113,0.5180807113647461
YLR006C,YDR330W,0,1.404377,0.14269141852855682,0.8466076850891113,0.5181809067726135
YOL076W,YOR320C,0,1.4040946,0.1426677703857422,0.8466076850891113,0.518281102180481
YKR072C,YHR076W,0,1.4039416,0.14264413714408875,0.8466076850891113,0.5183812379837036
YKL188C,YGR132C,0,1.4039166,0.1426205039024353,0.8466076850891113,0.518481433391571
YHR099W,YML001W,0,1.4038651,0.14259688556194305,0.8466076850891113,0.5185815691947937
YOR043W,YDR214W,0,1.4031911,0.1425732672214508,0.8466076850891113,0.5186817646026611
YGL087C,YDR032C,0,1.403058,0.14254966378211975,0.8466076850891113,0.5187819004058838
YOR320C,YMR156C,0,1.4025284,0.1425260752439499,0.8466076850891113,0.5188820958137512
YGL184C,YDR148C,0,1.4022171,0.14250248670578003,0.8466076850891113,0.5189822912216187
YNL139C,YPL168W,0,1.4019793,0.14247889816761017,0.8466076850891113,0.5190824270248413
YMR023C,YPR017C,0,1.4018235,0.1424553245306015,0.8466076850891113,0.5191826224327087
YGL195W,YCL029C,0,1.4017175,0.14243176579475403,0.8466076850891113,0.5192827582359314
YIL124W,YEL027W,0,1.4014168,0.14240820705890656,0.8466076850891113,0.5193829536437988
YCL030C,YOL115W,0,1.4012283,0.14238464832305908,0.8466076850891113,0.5194831490516663
YMR040W,YPL063W,0,1.4012032,0.1423611044883728,0.8466076850891113,0.5195832848548889
YDL230W,YKL188C,0,1.4007766,0.14233757555484772,0.8466076850891113,0.5196834802627563
YPL256C,YJR150C,0,1.4002283,0.14231404662132263,0.8466076850891113,0.519783616065979
YPL173W,YCR096C,0,1.4001999,0.14229053258895874,0.8466076850891113,0.5198838114738464
YBR139W,YDR545W,0,1.3997178,0.14226701855659485,0.8466076850891113,0.5199839472770691
YNL176C,YHR072W-A,0,1.399641,0.14224351942539215,0.8466076850891113,0.5200841426849365
YGL123W,YGL257C,0,1.3986139,0.14222002029418945,0.8466076850891113,0.520184338092804
YPL242C,YDL099W,0,1.3984392,0.14219653606414795,0.8466076850891113,0.5202844738960266
YLR048W,YBL071W-A,0,1.3982787,0.14217305183410645,0.8466076850891113,0.520384669303894
YDR456W,YGL206C,1,1.3980315,0.14231467247009277,0.847590982913971,0.520384669303894
YDR134C,YBR179C,0,1.397567,0.14229118824005127,0.847590982913971,0.5204848051071167
YER001W,YJL076W,0,1.3974836,0.14226770401000977,0.847590982913971,0.5205850005149841
YMR221C,YNL021W,0,1.3972025,0.14224421977996826,0.847590982913971,0.5206851363182068
YPR183W,YPR054W,0,1.3967216,0.14222075045108795,0.847590982913971,0.5207853317260742
YDR390C,YGR076C,0,1.396322,0.14219729602336884,0.847590982913971,0.5208855271339417
YCR083W,YCR106W,0,1.3954898,0.14217384159564972,0.847590982913971,0.5209856629371643
YJR054W,YPL174C,0,1.3951192,0.1421504020690918,0.847590982913971,0.5210858583450317
YML102W,YNL046W,0,1.3943076,0.14212696254253387,0.847590982913971,0.5211859941482544
YOR205C,YBR215W,0,1.393967,0.14210352301597595,0.847590982913971,0.5212861895561218
YER035W,YJL010C,0,1.3938044,0.14208009839057922,0.847590982913971,0.5213863849639893
YLR376C,YDR440W,0,1.3931692,0.1420566886663437,0.847590982913971,0.5214865207672119
YMR243C,YPR022C,0,1.3931661,0.14203327894210815,0.847590982913971,0.5215867161750793
YGL179C,YOR005C,0,1.393067,0.1420098841190338,0.847590982913971,0.521686851978302
YKR039W,YPL100W,1,1.3923374,0.14215120673179626,0.8485742211341858,0.521686851978302
YGR140W,YGL222C,0,1.3923323,0.14212779700756073,0.8485742211341858,0.5217870473861694
YML037C,YDR238C,1,1.3921664,0.1422690600156784,0.8495575189590454,0.5217870473861694
YLR215C,YFL055W,0,1.3914224,0.14224563539028168,0.8495575189590454,0.5218871831893921
YGL175C,YHR188C,0,1.391418,0.14222222566604614,0.8495575189590454,0.5219873785972595
YBR094W,YBR021W,0,1.3912318,0.1421988159418106,0.8495575189590454,0.522087574005127
YNL233W,YKL101W,0,1.3909833,0.14217542111873627,0.8495575189590454,0.5221877098083496
YER025W,YCR042C,0,1.3904446,0.14215202629566193,0.8495575189590454,0.522287905216217
YLR119W,YDR516C,0,1.389687,0.14212864637374878,0.8495575189590454,0.5223880410194397
YDR170C,YJL151C,1,1.3896494,0.14226973056793213,0.850540816783905,0.5223880410194397
YEL001C,YDL149W,0,1.3892504,0.1422463357448578,0.850540816783905,0.5224882364273071
YOL077W-A,YPL192C,0,1.3891122,0.14222295582294464,0.850540816783905,0.5225883722305298
YHR007C,YDL120W,0,1.3889554,0.1421995759010315,0.850540816783905,0.5226885676383972
YDR162C,YGL045W,0,1.3887446,0.14217619597911835,0.850540816783905,0.5227887630462646
YNL048W,YML104C,0,1.3886642,0.1421528309583664,0.850540816783905,0.5228888988494873
YBR023C,YJR102C,1,1.3882616,0.1422937959432602,0.8515241146087646,0.5228888988494873
YBR001C,YML098W,0,1.3882151,0.14227041602134705,0.8515241146087646,0.5229890942573547
YLR194C,YLR382C,0,1.3882018,0.1422470360994339,0.8515241146087646,0.5230892300605774
YLR057W,YDR438W,0,1.3881385,0.14222368597984314,0.8515241146087646,0.5231894254684448
YGL021W,YPL145C,0,1.3876803,0.1422003209590912,0.8515241146087646,0.5232896208763123
YGR152C,YDL102W,0,1.3874743,0.14217698574066162,0.8515241146087646,0.5233897566795349
YGL099W,YPL154C,0,1.3873235,0.14215365052223206,0.8515241146087646,0.5234899520874023
YDR065W,YLR135W,0,1.3870665,0.1421303153038025,0.8515241146087646,0.523590087890625
YPL086C,YFR007W,0,1.3870425,0.14210699498653412,0.8515241146087646,0.5236902832984924
YDR246W,YLR333C,0,1.3864901,0.14208367466926575,0.8515241146087646,0.5237904191017151
YNL254C,YPR073C,0,1.3863398,0.14206036925315857,0.8515241146087646,0.5238906145095825
YOR076C,YHR207C,0,1.3862116,0.1420370638370514,0.8515241146087646,0.52399080991745
YOR035C,YER142C,0,1.3859855,0.1420137733221054,0.8515241146087646,0.5240909457206726
YHR203C,YGL194C,0,1.3859317,0.14199048280715942,0.8515241146087646,0.52419114112854
YDR297W,YCR027C,0,1.3854704,0.14196720719337463,0.8515241146087646,0.5242912769317627
YPR122W,YOL120C,0,1.3854566,0.14194394648075104,0.8515241146087646,0.5243914723396301
YDR043C,YML133C,0,1.385381,0.14192068576812744,0.8515241146087646,0.5244916081428528
YKL048C,YPL068C,0,1.3853209,0.14189742505550385,0.8515241146087646,0.5245918035507202
YCR005C,YGR193C,0,1.3851324,0.14187417924404144,0.8515241146087646,0.5246919989585876
YOL019W,YDR224C,0,1.384934,0.14185094833374023,0.8515241146087646,0.5247921347618103
YGR227W,YLL067C,0,1.3848797,0.14182771742343903,0.8515241146087646,0.5248923301696777
YBR210W,YMR063W,0,1.3842618,0.14180448651313782,0.8515241146087646,0.5249924659729004
YLR320W,YHR184W,0,1.3841317,0.1417812705039978,0.8515241146087646,0.5250926613807678
YML055W,YKL060C,0,1.3838403,0.1417580544948578,0.8515241146087646,0.5251928567886353
YLR378C,YGL029W,0,1.3832074,0.14173486828804016,0.8515241146087646,0.5252929925918579
YNL072W,YGR207C,0,1.3829811,0.14171166718006134,0.8515241146087646,0.5253931879997253
YBL024W,YER063W,0,1.3823425,0.1416884809732437,0.8515241146087646,0.525493323802948
YHR178W,YHR020W,0,1.3819057,0.14166530966758728,0.8515241146087646,0.5255935192108154
YLR370C,YPR020W,0,1.3817562,0.14164213836193085,0.8515241146087646,0.5256936550140381
YBR040W,YGR240C,0,1.3813962,0.14161896705627441,0.8515241146087646,0.5257938504219055
YJL094C,YOR066W,0,1.3809764,0.14159581065177917,0.8515241146087646,0.525894045829773
YML130C,YGL245W,0,1.3803898,0.14157266914844513,0.8515241146087646,0.5259941816329956
YJL181W,YEL055C,0,1.380181,0.14154952764511108,0.8515241146087646,0.526094377040863
YOR027W,YHR020W,0,1.3796232,0.14152638614177704,0.8515241146087646,0.5261945128440857
YLR147C,YHL024W,0,1.3796166,0.14150327444076538,0.8515241146087646,0.5262947082519531
YBR175W,YJL012C,0,1.3787583,0.14148014783859253,0.8515241146087646,0.5263948440551758
YJL074C,YHR034C,0,1.3785381,0.14145703613758087,0.8515241146087646,0.5264950394630432
YMR100W,YMR042W,0,1.3784103,0.1414339393377304,0.8515241146087646,0.5265952348709106
YIL014W,YJL208C,0,1.3782928,0.14141084253787994,0.8515241146087646,0.5266953706741333
YOR086C,YIL158W,0,1.3781021,0.14138776063919067,0.8515241146087646,0.5267955660820007
YJR095W,YHR104W,0,1.3777283,0.1413646787405014,0.8515241146087646,0.5268957018852234
YOR076C,YLR343W,0,1.377506,0.14134159684181213,0.8515241146087646,0.5269958972930908
YLL057C,YDL166C,0,1.3771355,0.14131854474544525,0.8515241146087646,0.5270960927009583
YKR087C,YMR277W,0,1.3767644,0.14129547774791718,0.8515241146087646,0.5271962285041809
YGR195W,YMR197C,0,1.376024,0.1412724256515503,0.8515241146087646,0.5272964239120483
YKL054C,YGR088W,0,1.3759842,0.1412493884563446,0.8515241146087646,0.527396559715271
YLR142W,YKL011C,0,1.3758773,0.14122635126113892,0.8515241146087646,0.5274967551231384
YLR234W,YER074W-A,0,1.3756952,0.14120332896709442,0.8515241146087646,0.5275968909263611
YAL056W,YJR010C-A,0,1.3751798,0.14118030667304993,0.8515241146087646,0.5276970863342285
YOR386W,YLR210W,0,1.3748376,0.14115729928016663,0.8515241146087646,0.527797281742096
YLR013W,YDL184C,0,1.3747826,0.14113429188728333,0.8515241146087646,0.5278974175453186
YAL026C,YDR044W,0,1.3744788,0.14111129939556122,0.8515241146087646,0.527997612953186
YDR485C,YJL099W,0,1.3743999,0.1410883069038391,0.8515241146087646,0.5280977487564087
YNL278W,YGR194C,0,1.3743484,0.141065314412117,0.8515241146087646,0.5281979441642761
YOR092W,YHR136C,0,1.374243,0.14104235172271729,0.8515241146087646,0.5282980799674988
YOL075C,YCL048W,0,1.3742187,0.14101937413215637,0.8515241146087646,0.5283982753753662
YDR178W,YHR150W,0,1.3741496,0.14099641144275665,0.8515241146087646,0.5284984707832336
YJR019C,YJL072C,0,1.3739275,0.14097346365451813,0.8515241146087646,0.5285986065864563
YDR394W,YIL018W,0,1.3732733,0.1409505158662796,0.8515241146087646,0.5286988019943237
YLR361C,YGL127C,0,1.3732533,0.14092758297920227,0.8515241146087646,0.5287989377975464
YBR084C-A,YNL076W,0,1.3728957,0.14090465009212494,0.8515241146087646,0.5288991332054138
YGR253C,YKL026C,0,1.3727534,0.1408817321062088,0.8515241146087646,0.5289992690086365
YNL329C,YPR175W,0,1.3726661,0.14085881412029266,0.8515241146087646,0.5290994644165039
YIL173W,YDR238C,1,1.3724964,0.14099854230880737,0.8525073528289795,0.5290994644165039
YDR003W,YGL092W,0,1.3724719,0.14097560942173004,0.8525073528289795,0.5291996598243713
YKR096W,YJL183W,0,1.3722194,0.1409526914358139,0.8525073528289795,0.529299795627594
YCR068W,YNL055C,0,1.3719859,0.14092977344989777,0.8525073528289795,0.5293999910354614
YFR034C,YJR126C,0,1.371777,0.14090687036514282,0.8525073528289795,0.5295001268386841
YMR205C,YNL058C,0,1.371542,0.14088398218154907,0.8525073528289795,0.5296003222465515
YBR254C,YDL175C,0,1.3708677,0.14086109399795532,0.8525073528289795,0.529700517654419
YDR540C,YLL021W,0,1.3694915,0.14083820581436157,0.8525073528289795,0.5298006534576416
YER133W,YIL171W,0,1.3694189,0.14081533253192902,0.8525073528289795,0.529900848865509
YMR122W-A,YBL009W,0,1.3693719,0.14079245924949646,0.8525073528289795,0.5300009846687317
YJR108W,YBR123C,0,1.3688213,0.1407696008682251,0.8525073528289795,0.5301011800765991
YKL087C,YOR115C,0,1.368608,0.14074675738811493,0.8525073528289795,0.5302013158798218
YPL175W,YNL135C,0,1.3684394,0.14072391390800476,0.8525073528289795,0.5303015112876892
YJL121C,YGL018C,0,1.3683317,0.1407010704278946,0.8525073528289795,0.5304017066955566
YCR089W,YDR202C,0,1.3682041,0.14067824184894562,0.8525073528289795,0.5305018424987793
YMR175W,YPL158C,0,1.367938,0.14065541326999664,0.8525073528289795,0.5306020379066467
YPL189W,YNL007C,0,1.3678948,0.14063259959220886,0.8525073528289795,0.5307021737098694
YGL181W,YNL132W,0,1.3677002,0.14060980081558228,0.8525073528289795,0.5308023691177368
YHL047C,YPL065W,1,1.3675531,0.14074914157390594,0.8534906506538391,0.5308023691177368
YNL001W,YOR266W,0,1.3674588,0.14072632789611816,0.8534906506538391,0.5309025049209595
YNL256W,YGR101W,0,1.3669469,0.14070351421833038,0.8534906506538391,0.5310027003288269
YGR006W,YPR180W,0,1.365697,0.1406807154417038,0.8534906506538391,0.5311028957366943
YDL205C,YIR003W,0,1.3655152,0.1406579166650772,0.8534906506538391,0.531203031539917
YOR315W,YKL089W,0,1.3654317,0.14063513278961182,0.8534906506538391,0.5313032269477844
YGR165W,YOL034W,0,1.3652966,0.14061234891414642,0.8534906506538391,0.5314033627510071
YJR129C,YNL053W,0,1.3646312,0.14058956503868103,0.8534906506538391,0.5315035581588745
YER060W-A,YBR043C,0,1.3645891,0.14056679606437683,0.8534906506538391,0.5316037535667419
YOR027W,YDR011W,0,1.364577,0.14054404199123383,0.8534906506538391,0.5317038893699646
YDR506C,YPR022C,0,1.3645647,0.14052128791809082,0.8534906506538391,0.531804084777832
YFR015C,YHR023W,0,1.3643934,0.140498548746109,0.8534906506538391,0.5319042205810547
YHR171W,YNL197C,0,1.3639343,0.1404758095741272,0.8534906506538391,0.5320044159889221
YPR054W,YMR101C,0,1.3638842,0.14045307040214539,0.8534906506538391,0.5321045517921448
YDR418W,YOL147C,0,1.3636502,0.14043034613132477,0.8534906506538391,0.5322047472000122
YDR119W,YER178W,0,1.3634493,0.14040763676166534,0.8534906506538391,0.5323049426078796
YJR109C,YDL080C,0,1.3632182,0.14038492739200592,0.8534906506538391,0.5324050784111023
YDR432W,YMR161W,0,1.3631425,0.1403622180223465,0.8534906506538391,0.5325052738189697
YGL021W,YDR265W,0,1.3628681,0.14033953845500946,0.8534906506538391,0.5326054096221924
YPR156C,YCR043C,0,1.3625971,0.14031684398651123,0.8534906506538391,0.5327056050300598
YML126C,YKL084W,0,1.3621616,0.1402941644191742,0.8534906506538391,0.5328057408332825
YDL145C,YLR083C,1,1.3614435,0.14043310284614563,0.8544739484786987,0.5328057408332825
YIR031C,YMR292W,0,1.3608489,0.1404104083776474,0.8544739484786987,0.5329059362411499
YGL249W,YDR032C,0,1.3597806,0.14038772881031036,0.8544739484786987,0.5330061316490173
YML120C,YDL168W,0,1.3594475,0.14036504924297333,0.8544739484786987,0.53310626745224
YJR109C,YKR007W,0,1.3593118,0.14034238457679749,0.8544739484786987,0.5332064628601074
YNL213C,YNR051C,0,1.3589269,0.14031971991062164,0.8544739484786987,0.5333065986633301
YBR297W,YDR158W,0,1.3588786,0.1402970552444458,0.8544739484786987,0.5334067940711975
YDR367W,YBL006C,0,1.358798,0.14027442038059235,0.8544739484786987,0.5335069894790649
YDR343C,YFL056C,0,1.3586705,0.1402517706155777,0.8544739484786987,0.5336071252822876
YLR299W,YOL002C,0,1.3581482,0.14022913575172424,0.8544739484786987,0.533707320690155
YDL236W,YLR393W,0,1.3580151,0.14020651578903198,0.8544739484786987,0.5338074564933777
YKR058W,YBR175W,0,1.3576878,0.14018389582633972,0.8544739484786987,0.5339076519012451
YJL014W,YNR036C,0,1.3574744,0.14016129076480865,0.8544739484786987,0.5340077877044678
YGR211W,YKL134C,0,1.3571389,0.1401386857032776,0.8544739484786987,0.5341079831123352
YDL106C,YAL002W,0,1.3570228,0.14011609554290771,0.8544739484786987,0.5342081785202026
YBR264C,YNR071C,0,1.356833,0.14009350538253784,0.8544739484786987,0.5343083143234253
YNL310C,YJR153W,0,1.356788,0.14007091522216797,0.8544739484786987,0.5344085097312927
YDR485C,YLR207W,0,1.3566924,0.14004835486412048,0.8544739484786987,0.5345086455345154
YOR284W,YBR301W,0,1.3566244,0.1400257796049118,0.8544739484786987,0.5346088409423828
YCR021C,YBR179C,0,1.3566096,0.14000321924686432,0.8544739484786987,0.5347089767456055
YLR070C,YKL033W,0,1.3563333,0.13998067378997803,0.8544739484786987,0.5348091721534729
YDR107C,YNL154C,0,1.3559539,0.13995812833309174,0.8544739484786987,0.5349093675613403
YFL050C,YHR016C,0,1.3558574,0.13993558287620544,0.8544739484786987,0.535009503364563
YDR485C,YMR201C,0,1.3557177,0.13991305232048035,0.8544739484786987,0.5351096987724304
YBR121C,YNL081C,0,1.3556699,0.13989053666591644,0.8544739484786987,0.5352098345756531
YJR104C,YPL157W,0,1.3554909,0.13986802101135254,0.8544739484786987,0.5353100299835205
YGR055W,YNR047W,0,1.3554404,0.13984550535678864,0.8544739484786987,0.5354102253913879
YMR322C,YLL036C,0,1.3549826,0.13982300460338593,0.8544739484786987,0.5355103611946106
YHR214W,YMR135C,0,1.3546135,0.1398005187511444,0.8544739484786987,0.535610556602478
YHR150W,YKR038C,0,1.3543276,0.1397780328989029,0.8544739484786987,0.5357106924057007
YNL210W,YPL265W,0,1.3537016,0.13975554704666138,0.8544739484786987,0.5358108878135681
YJL045W,YGL201C,0,1.3536992,0.13973307609558105,0.8544739484786987,0.5359110236167908
YER060W,YHR120W,0,1.3536923,0.13971060514450073,0.8544739484786987,0.5360112190246582
YOR133W,YFR006W,0,1.3534468,0.1396881490945816,0.8544739484786987,0.5361114144325256
YOR236W,YHR172W,0,1.352061,0.13966570794582367,0.8544739484786987,0.5362115502357483
YER070W,YHL011C,0,1.3518876,0.13964325189590454,0.8544739484786987,0.5363117456436157
YDR352W,YGL166W,0,1.3508993,0.1396208256483078,0.8544739484786987,0.5364118814468384
YDR194C,YKL129C,0,1.3507962,0.13959839940071106,0.8544739484786987,0.5365120768547058
YOL067C,YFL016C,0,1.3506972,0.13957597315311432,0.8544739484786987,0.5366122126579285
YGR254W,YNL322C,0,1.3506179,0.13955356180667877,0.8544739484786987,0.5367124080657959
YNL009W,YHR210C,0,1.3503965,0.13953115046024323,0.8544739484786987,0.5368126034736633
YML042W,YHL028W,0,1.3503394,0.13950875401496887,0.8544739484786987,0.536912739276886
YBR040W,YBL072C,0,1.3502555,0.13948635756969452,0.8544739484786987,0.5370129346847534
YIL115C,YGR247W,0,1.349363,0.13946397602558136,0.8544739484786987,0.5371130704879761
YGR044C,YML133C,0,1.3493612,0.1394415944814682,0.8544739484786987,0.5372132658958435
YLR039C,YMR215W,0,1.3493023,0.13941921293735504,0.8544739484786987,0.5373134613037109
YHR062C,YDR520C,0,1.3491112,0.13939686119556427,0.8544739484786987,0.5374135971069336
YLR010C,YIR031C,0,1.3489556,0.1393744945526123,0.8544739484786987,0.537513792514801
YMR274C,YIR010W,0,1.348944,0.13935214281082153,0.8544739484786987,0.5376139283180237
YDR217C,YDR028C,0,1.3488725,0.13932980597019196,0.8544739484786987,0.5377141237258911
YOR284W,YGR116W,0,1.3488274,0.13930746912956238,0.8544739484786987,0.5378142595291138
YKL181W,YBR055C,0,1.3484265,0.139285147190094,0.8544739484786987,0.5379144549369812
YDR478W,YOR189W,0,1.3481055,0.1392628252506256,0.8544739484786987,0.5380146503448486
YOR116C,YLR188W,0,1.3478495,0.13924050331115723,0.8544739484786987,0.5381147861480713
YDR116C,YKL042W,0,1.3478264,0.13921819627285004,0.8544739484786987,0.5382149815559387
YLR092W,YMR223W,0,1.3470328,0.13919590413570404,0.8544739484786987,0.5383151173591614
YPL089C,YCL020W,0,1.346657,0.13917361199855804,0.8544739484786987,0.5384153127670288
YGR163W,YLR360W,1,1.3465103,0.13931144773960114,0.8554572463035583,0.5384153127670288
YDR343C,YIL117C,0,1.3465006,0.13928914070129395,0.8554572463035583,0.5385154485702515
YDR208W,YJL046W,0,1.3462384,0.13926684856414795,0.8554572463035583,0.5386156439781189
YLR085C,YBR078W,0,1.345897,0.13924455642700195,0.8554572463035583,0.5387158393859863
YPL280W,YIL066C,0,1.3457681,0.13922227919101715,0.8554572463035583,0.538815975189209
YLR070C,YMR313C,0,1.3450232,0.13920000195503235,0.8554572463035583,0.5389161705970764
YNL096C,YBR036C,0,1.3447456,0.13917772471904755,0.8554572463035583,0.5390163064002991
YHR044C,YKL113C,0,1.3445427,0.13915547728538513,0.8554572463035583,0.5391165018081665
YLR410W,YDL189W,0,1.3444192,0.13913321495056152,0.8554572463035583,0.5392166972160339
YPL193W,YIL036W,0,1.3441546,0.1391109675168991,0.8554572463035583,0.5393168330192566
YJR104C,YER018C,0,1.3435,0.1390887349843979,0.8554572463035583,0.539417028427124
YDL205C,YMR149W,0,1.3430054,0.13906650245189667,0.8554572463035583,0.5395171642303467
YKL185W,YBR193C,0,1.3429688,0.13904426991939545,0.8554572463035583,0.5396173596382141
YBL057C,YJL062W-A,0,1.3429402,0.13902205228805542,0.8554572463035583,0.5397174954414368
YER099C,YDL124W,0,1.3428695,0.1389998346567154,0.8554572463035583,0.5398176908493042
YDR040C,YBL066C,0,1.3427547,0.13897763192653656,0.8554572463035583,0.5399178862571716
YML054C,YFL055W,0,1.342285,0.13895544409751892,0.8554572463035583,0.5400180220603943
YPL235W,YIR010W,0,1.3418283,0.1389332413673401,0.8554572463035583,0.5401182174682617
YDL211C,YDL002C,0,1.3416348,0.13891106843948364,0.8554572463035583,0.5402183532714844
YKL100C,YMR072W,0,1.3414632,0.1388888955116272,0.8554572463035583,0.5403185486793518
YBR135W,YDR247W,0,1.3412365,0.13886672258377075,0.8554572463035583,0.5404186844825745
YJL207C,YLR178C,0,1.3412195,0.1388445645570755,0.8554572463035583,0.5405188798904419
YHR190W,YML123C,0,1.3410255,0.13882240653038025,0.8554572463035583,0.5406190752983093
YHL006C,YPL059W,0,1.3408697,0.138800248503685,0.8554572463035583,0.540719211101532
YGL086W,YOL058W,0,1.3407619,0.13877812027931213,0.8554572463035583,0.5408194065093994
YLL015W,YOL119C,0,1.3406806,0.13875597715377808,0.8554572463035583,0.5409195423126221
YEL054C,YOR132W,0,1.3404374,0.1387338489294052,0.8554572463035583,0.5410197377204895
YAL032C,YER167W,0,1.3398076,0.13871173560619354,0.8554572463035583,0.5411199331283569
YMR023C,YGR098C,0,1.3397248,0.13868962228298187,0.8554572463035583,0.5412200689315796
YPL120W,YLR238W,0,1.3396981,0.1386675238609314,0.8554572463035583,0.541320264339447
YGL078C,YNL003C,0,1.3395935,0.13864542543888092,0.8554572463035583,0.5414204001426697
YPL174C,YHR035W,0,1.3395739,0.13862332701683044,0.8554572463035583,0.5415205955505371
YML024W,YPL137C,0,1.3393366,0.13860124349594116,0.8554572463035583,0.5416207313537598
YCR089W,YPL001W,0,1.3388429,0.13857915997505188,0.8554572463035583,0.5417209267616272
YDL113C,YDL058W,1,1.3379126,0.13871635496616364,0.8564404845237732,0.5417209267616272
YKR022C,YIL091C,0,1.3377233,0.13869427144527435,0.8564404845237732,0.5418211221694946
YJR027W,YIL112W,0,1.3375309,0.13867218792438507,0.8564404845237732,0.5419212579727173
YIL038C,YDR317W,0,1.3374676,0.1386501044034958,0.8564404845237732,0.5420214533805847
YDR012W,YGL157W,0,1.3360026,0.1386280506849289,0.8564404845237732,0.5421215891838074
YJR068W,YPR054W,0,1.3359879,0.1386059820652008,0.8564404845237732,0.5422217845916748
YPL019C,YNR016C,0,1.3358,0.1385839283466339,0.8564404845237732,0.5423219203948975
YJL113W,YPL108W,0,1.3350062,0.1385618895292282,0.8564404845237732,0.5424221158027649
YDL154W,YER032W,0,1.335001,0.1385398507118225,0.8564404845237732,0.5425223112106323
YLR139C,YML133C,0,1.3348815,0.1385178118944168,0.8564404845237732,0.542622447013855
YLL031C,YDR488C,0,1.3346503,0.1384957879781723,0.8564404845237732,0.5427226424217224
YPL066W,YEL063C,0,1.3345397,0.1384737640619278,0.8564404845237732,0.5428227782249451
YKL218C,YDR079C-A,0,1.3344407,0.13845175504684448,0.8564404845237732,0.5429229736328125
YHR136C,YPR101W,0,1.333833,0.13842974603176117,0.8564404845237732,0.5430231690406799
YOL067C,YMR235C,0,1.3336976,0.13840775191783905,0.8564404845237732,0.5431233048439026
YDR123C,YDR463W,0,1.3332714,0.13838575780391693,0.8564404845237732,0.54322350025177
YLR071C,YER032W,0,1.3331456,0.138363778591156,0.8564404845237732,0.5433236360549927
YJR068W,YDL166C,0,1.3330493,0.13834179937839508,0.8564404845237732,0.5434238314628601
YLR315W,YPL045W,0,1.3330237,0.13831983506679535,0.8564404845237732,0.5435239672660828
YPL051W,YDR418W,0,1.3329531,0.13829787075519562,0.8564404845237732,0.5436241626739502
YOR078W,YBR133C,0,1.332863,0.13827592134475708,0.8564404845237732,0.5437243580818176
YJL127C,YMR131C,0,1.3325248,0.13825397193431854,0.8564404845237732,0.5438244938850403
YPL226W,YBR168W,0,1.3324201,0.13823202252388,0.8564404845237732,0.5439246892929077
YMR280C,YBR234C,0,1.332228,0.13821008801460266,0.8564404845237732,0.5440248250961304
YJL196C,YNL012W,0,1.3321214,0.1381881684064865,0.8564404845237732,0.5441250205039978
YDR503C,YFL055W,0,1.3319577,0.13816624879837036,0.8564404845237732,0.5442251563072205
YKR088C,YDR273W,0,1.331213,0.1381443291902542,0.8564404845237732,0.5443253517150879
YMR043W,YLR410W,0,1.330577,0.13812242448329926,0.8564404845237732,0.5444255471229553
YNL139C,YGL043W,0,1.3301555,0.1381005197763443,0.8564404845237732,0.544525682926178
YGL224C,YNL046W,0,1.3297435,0.13807862997055054,0.8564404845237732,0.5446258783340454
YBR244W,YOR151C,0,1.3294784,0.13805674016475677,0.8564404845237732,0.5447260141372681
YGR212W,YOR308C,0,1.3291767,0.1380348652601242,0.8564404845237732,0.5448262095451355
YBL080C,YDR287W,0,1.3291687,0.13801299035549164,0.8564404845237732,0.5449263453483582
YLR426W,YIL137C,0,1.3291088,0.13799113035202026,0.8564404845237732,0.5450265407562256
YJL118W,YGL240W,0,1.328796,0.1379692703485489,0.8564404845237732,0.545126736164093
YKL220C,YBR054W,0,1.3285327,0.1379474252462387,0.8564404845237732,0.5452268719673157
YDR329C,YBR295W,0,1.3280056,0.13792558014392853,0.8564404845237732,0.5453270673751831
YOL092W,YBR295W,0,1.3279262,0.13790373504161835,0.8564404845237732,0.5454272031784058
YER141W,YDL211C,0,1.3279259,0.13788190484046936,0.8564404845237732,0.5455273985862732
YJL207C,YGL079W,1,1.3276944,0.13801835477352142,0.8574237823486328,0.5455273985862732
YOR078W,YIL168W,0,1.3274592,0.13799652457237244,0.8574237823486328,0.5456275939941406
YBR102C,YDL113C,1,1.3273561,0.13813291490077972,0.8584070801734924,0.5456275939941406
YAL009W,YBR231C,0,1.327342,0.13811105489730835,0.8584070801734924,0.5457277297973633
YOR308C,YOR224C,0,1.327301,0.13808920979499817,0.8584070801734924,0.5458279252052307
YMR316W,YKL163W,0,1.3272879,0.13806737959384918,0.8584070801734924,0.5459280610084534
YMR121C,YDR177W,0,1.327168,0.138045534491539,0.8584070801734924,0.5460282564163208
YML012W,YNL318C,0,1.3271048,0.1380237191915512,0.8584070801734924,0.5461283922195435
YMR067C,YDR320C-A,0,1.3270721,0.13800190389156342,0.8584070801734924,0.5462285876274109
YER169W,YLR121C,0,1.3268743,0.13798008859157562,0.8584070801734924,0.5463287830352783
YHR016C,YNL180C,0,1.326556,0.13795827329158783,0.8584070801734924,0.546428918838501
YDR093W,YER054C,0,1.3258142,0.13793648779392242,0.8584070801734924,0.5465291142463684
YNR047W,YBR241C,0,1.3249335,0.13791468739509583,0.8584070801734924,0.5466292500495911
YBR044C,YKL052C,0,1.3247995,0.13789290189743042,0.8584070801734924,0.5467294454574585
YOR095C,YIR007W,0,1.3247917,0.1378711313009262,0.8584070801734924,0.5468295812606812
YDR191W,YGR104C,0,1.3247596,0.137849360704422,0.8584070801734924,0.5469297766685486
YPR037C,YKR083C,0,1.3247089,0.13782759010791779,0.8584070801734924,0.547029972076416
YAL012W,YLR435W,0,1.3241712,0.13780583441257477,0.8584070801734924,0.5471301078796387
YBL047C,YBR054W,0,1.3235638,0.13778409361839294,0.8584070801734924,0.5472303032875061
YLR064W,YOR306C,0,1.3230114,0.13776235282421112,0.8584070801734924,0.5473304390907288
YLR308W,YHR028C,0,1.3229771,0.1377406120300293,0.8584070801734924,0.5474306344985962
YLR403W,YLR015W,0,1.3226924,0.13771888613700867,0.8584070801734924,0.5475308299064636
YLR136C,YOR267C,0,1.3223472,0.13769716024398804,0.8584070801734924,0.5476309657096863
YKL032C,YCL020W,0,1.3221704,0.1376754492521286,0.8584070801734924,0.5477311611175537
YER001W,YDR354W,0,1.3218441,0.13765373826026917,0.8584070801734924,0.5478312969207764
YLR336C,YOR258W,0,1.3218286,0.13763204216957092,0.8584070801734924,0.5479314923286438
YDR485C,YFR051C,0,1.3218141,0.13761034607887268,0.8584070801734924,0.5480316281318665
YOR086C,YGR094W,0,1.3216913,0.13758864998817444,0.8584070801734924,0.5481318235397339
YER133W,YMR215W,0,1.3214447,0.1375669687986374,0.8584070801734924,0.5482320189476013
YGL009C,YNL183C,0,1.3213625,0.13754530251026154,0.8584070801734924,0.548332154750824
YBL071W-A,YER143W,0,1.3209641,0.13752363622188568,0.8584070801734924,0.5484323501586914
YNL001W,YLR363C,0,1.3206693,0.13750196993350983,0.8584070801734924,0.5485324859619141
YIL014W,YPL248C,0,1.3206241,0.13748031854629517,0.8584070801734924,0.5486326813697815
YDR400W,YCR083W,0,1.3205196,0.1374586671590805,0.8584070801734924,0.5487328171730042
YPL193W,YIL007C,0,1.3204,0.13743703067302704,0.8584070801734924,0.5488330125808716
YKR093W,YDR320C-A,0,1.320344,0.13741539418697357,0.8584070801734924,0.548933207988739
YPR097W,YBR083W,0,1.3199701,0.1373937726020813,0.8584070801734924,0.5490333437919617
YPL211W,YLR378C,0,1.3197224,0.13737215101718903,0.8584070801734924,0.5491335391998291
YCR038C,YMR001C,0,1.3196468,0.13735052943229675,0.8584070801734924,0.5492336750030518
YDR469W,YMR133W,0,1.3184116,0.13732892274856567,0.8584070801734924,0.5493338704109192
YFR050C,YLR466W,0,1.3182346,0.1373073309659958,0.8584070801734924,0.5494340658187866
YMR071C,YJL062W-A,0,1.3181704,0.1372857391834259,0.8584070801734924,0.5495342016220093
YMR048W,YOR257W,0,1.3181138,0.13726414740085602,0.8584070801734924,0.5496343970298767
YKR007W,YNL093W,1,1.3176637,0.13739977777004242,0.859390377998352,0.5496343970298767
YNL031C,YMR188C,0,1.3176055,0.13737818598747253,0.859390377998352,0.5497345328330994
YEL032W,YPL066W,0,1.316975,0.13735659420490265,0.859390377998352,0.5498347282409668
YBR012W-B,YKR079C,0,1.3169601,0.13733500242233276,0.859390377998352,0.5499348640441895
YAL058W,YBR088C,0,1.3169433,0.13731342554092407,0.859390377998352,0.5500350594520569
YNR043W,YKL043W,0,1.3168118,0.13729186356067657,0.859390377998352,0.5501352548599243
YER111C,YFR041C,0,1.3160429,0.13727030158042908,0.859390377998352,0.550235390663147
YLR067C,YMR040W,0,1.3154414,0.13724873960018158,0.859390377998352,0.5503355860710144
YLL050C,YPL126W,0,1.315321,0.13722719252109528,0.859390377998352,0.5504357218742371
YMR106C,YLR324W,0,1.3151612,0.13720564544200897,0.859390377998352,0.5505359172821045
YOR266W,YDR483W,0,1.3147033,0.13718411326408386,0.859390377998352,0.5506360530853271
YMR303C,YBL027W,0,1.314331,0.13716258108615875,0.859390377998352,0.5507362484931946
YNL048W,YAR009C,0,1.3138472,0.13714106380939484,0.859390377998352,0.550836443901062
YPR175W,YDR252W,0,1.3137316,0.13711954653263092,0.859390377998352,0.5509365797042847
YHR052W,YML013W,0,1.3136756,0.1370980441570282,0.859390377998352,0.5510367751121521
YOL095C,YOR035C,0,1.313648,0.13707654178142548,0.859390377998352,0.5511369109153748
YGR202C,YIL173W,0,1.3134999,0.13705503940582275,0.859390377998352,0.5512371063232422
YKR080W,YGL031C,0,1.3132257,0.13703355193138123,0.859390377998352,0.5513373017311096
YBL014C,YDR388W,0,1.3132255,0.1370120644569397,0.859390377998352,0.5514374375343323
YNR073C,YJL106W,0,1.3131707,0.13699059188365936,0.859390377998352,0.5515376329421997
YPL227C,YOL089C,0,1.3129487,0.13696913421154022,0.859390377998352,0.5516377687454224
YML131W,YDR437W,0,1.3122876,0.1369476616382599,0.859390377998352,0.5517379641532898
YEL021W,YBR233W-A,0,1.312257,0.13692620396614075,0.859390377998352,0.5518380999565125
YDL141W,YGL096W,0,1.3120425,0.1369047611951828,0.859390377998352,0.5519382953643799
YNL005C,YIL009W,0,1.3118991,0.13688331842422485,0.859390377998352,0.5520384907722473
YOR075W,YDR488C,0,1.3118519,0.1368618905544281,0.859390377998352,0.55213862657547
YEL055C,YDR017C,0,1.3110969,0.13684046268463135,0.859390377998352,0.5522388219833374
YDR283C,YOR017W,0,1.3110439,0.1368190348148346,0.859390377998352,0.5523389577865601
YCR024C,YOL016C,0,1.3110033,0.13679762184619904,0.859390377998352,0.5524391531944275
YGR116W,YDR397C,0,1.3109653,0.13677620887756348,0.859390377998352,0.5525392889976501
YPL162C,YLR201C,0,1.3106964,0.1367548108100891,0.859390377998352,0.5526394844055176
YBR046C,YGL032C,0,1.3100591,0.13673341274261475,0.859390377998352,0.552739679813385
YDL232W,YHL013C,0,1.3099267,0.13671202957630157,0.859390377998352,0.5528398156166077
YGR140W,YML023C,0,1.3098575,0.1366906464099884,0.859390377998352,0.5529400110244751
YNL210W,YJL196C,0,1.3097157,0.13666927814483643,0.859390377998352,0.5530401468276978
YNL129W,YCL019W,0,1.3094163,0.13664790987968445,0.859390377998352,0.5531403422355652
YOL072W,YFL025C,0,1.3086815,0.13662654161453247,0.859390377998352,0.5532405376434326
YDL192W,YPR086W,0,1.3083245,0.1366051882505417,0.859390377998352,0.5533406734466553
YGR249W,YHL011C,0,1.3082739,0.1365838348865509,0.859390377998352,0.5534408688545227
YBR016W,YIL172C,0,1.3075832,0.1365624964237213,0.859390377998352,0.5535410046577454
YJR102C,YML063W,0,1.3074834,0.13654117286205292,0.859390377998352,0.5536412000656128
YJL189W,YOL105C,0,1.3071084,0.13651983439922333,0.859390377998352,0.5537413358688354
YLR315W,YHR204W,0,1.3068697,0.13649851083755493,0.859390377998352,0.5538415312767029
YPL212C,YLR256W,0,1.3066368,0.13647720217704773,0.859390377998352,0.5539417266845703
YNL316C,YEL019C,0,1.3064848,0.13645589351654053,0.859390377998352,0.554041862487793
YJL181W,YIR028W,0,1.3060949,0.13643459975719452,0.859390377998352,0.5541420578956604
YKL141W,YMR130W,0,1.3048384,0.13641329109668732,0.859390377998352,0.5542421936988831
YPL092W,YJR050W,0,1.3048381,0.1363920122385025,0.859390377998352,0.5543423891067505
YLR142W,YMR225C,0,1.3045323,0.1363707333803177,0.859390377998352,0.5544425249099731
YJR029W,YDR402C,0,1.3044528,0.13634945452213287,0.859390377998352,0.5545427203178406
YER170W,YOL123W,0,1.3042648,0.13632819056510925,0.859390377998352,0.554642915725708
YNL251C,YNL128W,0,1.3039179,0.13630692660808563,0.859390377998352,0.5547430515289307
YHR136C,YOR290C,0,1.3030936,0.136285662651062,0.859390377998352,0.5548432469367981
YHR020W,YNR019W,0,1.3029194,0.13626442849636078,0.859390377998352,0.5549433827400208
YLR002C,YOR175C,0,1.3027177,0.13624317944049835,0.859390377998352,0.5550435781478882
YMR088C,YMR237W,0,1.3025123,0.13622194528579712,0.859390377998352,0.5551437735557556
YBL090W,YOL148C,0,1.3024405,0.1362007111310959,0.859390377998352,0.5552439093589783
YDR156W,YMR215W,0,1.3022661,0.13617949187755585,0.859390377998352,0.5553441047668457
YOR068C,YNR059W,0,1.3017875,0.136158287525177,0.859390377998352,0.5554442405700684
YBR049C,YKL052C,0,1.3017215,0.13613706827163696,0.859390377998352,0.5555444359779358
YLR432W,YBR301W,0,1.3011379,0.13611586391925812,0.859390377998352,0.5556445717811584
YDR495C,YAR019C,0,1.3011086,0.13609467446804047,0.859390377998352,0.5557447671890259
YJR005W,YMR171C,1,1.3002923,0.13622917234897614,0.8603736758232117,0.5557447671890259
YKR045C,YHR115C,0,1.2999439,0.1362079679965973,0.8603736758232117,0.5558449625968933
YMR221C,YPL186C,0,1.2995871,0.13618676364421844,0.8603736758232117,0.555945098400116
YER099C,YDR339C,0,1.2995758,0.1361655741930008,0.8603736758232117,0.5560452938079834
YER161C,YPR161C,0,1.2992594,0.13614438474178314,0.8603736758232117,0.556145429611206
YGR241C,YER100W,0,1.2985666,0.13612321019172668,0.8603736758232117,0.5562456250190735
YJR094W-A,YOL130W,0,1.2984022,0.13610203564167023,0.8603736758232117,0.5563457608222961
YDR009W,YKR105C,0,1.298377,0.13608087599277496,0.8603736758232117,0.5564459562301636
YDL102W,YML094W,0,1.2969395,0.1360597163438797,0.8603736758232117,0.556546151638031
YPL103C,YPL186C,0,1.2966317,0.13603855669498444,0.8603736758232117,0.5566462874412537
YIL118W,YMR006C,0,1.2965091,0.13601741194725037,0.8603736758232117,0.5567464828491211
YLR106C,YOL103W,0,1.2964442,0.1359962671995163,0.8603736758232117,0.5568466186523438
YLR393W,YBL097W,0,1.2958384,0.13597513735294342,0.8603736758232117,0.5569468140602112
YLR427W,YHR083W,0,1.2957895,0.13595400750637054,0.8603736758232117,0.5570470094680786
YDR247W,YLR212C,0,1.2953546,0.13593289256095886,0.8603736758232117,0.5571471452713013
YBR175W,YOL078W,0,1.2952299,0.13591177761554718,0.8603736758232117,0.5572473406791687
YPR071W,YJL212C,0,1.2950041,0.1358906626701355,0.8603736758232117,0.5573474764823914
YEL024W,YMR091C,0,1.2947041,0.135869562625885,0.8603736758232117,0.5574476718902588
YDR400W,YGL063W,0,1.2945606,0.13584847748279572,0.8603736758232117,0.5575478076934814
YJR118C,YGL211W,0,1.2940974,0.13582737743854523,0.8603736758232117,0.5576480031013489
YPL016W,YDR213W,0,1.2933412,0.13580630719661713,0.8603736758232117,0.5577481985092163
YCR043C,YLR176C,0,1.2932212,0.13578522205352783,0.8603736758232117,0.557848334312439
YDL066W,YJL189W,0,1.2930795,0.13576415181159973,0.8603736758232117,0.5579485297203064
YGR152C,YFL018C,0,1.2923547,0.13574309647083282,0.8603736758232117,0.558048665523529
YDR380W,YOR034C,0,1.2923312,0.13572204113006592,0.8603736758232117,0.5581488609313965
YKL063C,YNL093W,0,1.291387,0.135700985789299,0.8603736758232117,0.5582489967346191
YPL153C,YFR007W,0,1.2910573,0.1356799453496933,0.8603736758232117,0.5583491921424866
YGR186W,YGL254W,0,1.2907467,0.13565891981124878,0.8603736758232117,0.558449387550354
YKL060C,YPL029W,0,1.290381,0.13563787937164307,0.8603736758232117,0.5585495233535767
YOL120C,YBL022C,0,1.2902844,0.13561686873435974,0.8603736758232117,0.5586497187614441
YLR070C,YKL052C,0,1.2894104,0.13559584319591522,0.8603736758232117,0.5587498545646667
YNL293W,YKL138C,0,1.2893932,0.1355748325586319,0.8603736758232117,0.5588500499725342
YGL023C,YNL166C,0,1.2893455,0.13555383682250977,0.8603736758232117,0.5589501857757568
YGR024C,YGL240W,0,1.2891198,0.13553284108638763,0.8603736758232117,0.5590503811836243
YDR325W,YLR333C,0,1.2885864,0.1355118453502655,0.8603736758232117,0.5591505765914917
YDR439W,YBR087W,0,1.2885318,0.13549086451530457,0.8603736758232117,0.5592507123947144
YLR142W,YNL242W,0,1.28843,0.13546988368034363,0.8603736758232117,0.5593509078025818
YIL173W,YKL061W,1,1.2883523,0.13560371100902557,0.8613569140434265,0.5593509078025818
YNL329C,YDR252W,0,1.2881998,0.13558273017406464,0.8613569140434265,0.5594510436058044
YBR153W,YDL149W,0,1.288133,0.1355617493391037,0.8613569140434265,0.5595512390136719
YMR133W,YJL121C,0,1.2879547,0.13554076850414276,0.8613569140434265,0.5596514344215393
YER074W-A,YIL048W,1,1.2877064,0.13567450642585754,0.8623402118682861,0.5596514344215393
YCL031C,YOL016C,0,1.2876992,0.1356535255908966,0.8623402118682861,0.559751570224762
YGR101W,YHR148W,0,1.2876198,0.13563254475593567,0.8623402118682861,0.5598517656326294
YER172C,YJL167W,0,1.2872337,0.13561156392097473,0.8623402118682861,0.559951901435852
YJL116C,YPL160W,0,1.2870972,0.135590597987175,0.8623402118682861,0.5600520968437195
YHR176W,YKR052C,0,1.2870916,0.13556964695453644,0.8623402118682861,0.5601522326469421
YCR067C,YOL069W,0,1.2866437,0.1355486810207367,0.8623402118682861,0.5602524280548096
YBR210W,YER177W,0,1.2863914,0.13552774488925934,0.8623402118682861,0.560352623462677
YOR192C,YPR112C,0,1.2863514,0.1355067938566208,0.8623402118682861,0.5604527592658997
YHL040C,YBR210W,1,1.2859831,0.13564035296440125,0.8633235096931458,0.5604527592658997
YBR005W,YFL053W,0,1.2856746,0.1356194019317627,0.8633235096931458,0.5605529546737671
YGL137W,YHR188C,0,1.2856575,0.13559845089912415,0.8633235096931458,0.5606530904769897
YNL301C,YLR411W,0,1.2854354,0.1355775147676468,0.8633235096931458,0.5607532858848572
YIL131C,YOL068C,0,1.2854297,0.13555657863616943,0.8633235096931458,0.5608534216880798
YMR307W,YDR027C,1,1.284614,0.13569003343582153,0.8643068075180054,0.5608534216880798
YDR134C,YIL051C,0,1.2844144,0.13566908240318298,0.8643068075180054,0.5609536170959473
YBR258C,YBR158W,0,1.284277,0.13564814627170563,0.8643068075180054,0.5610538125038147
YKL087C,YLR446W,0,1.2842444,0.13562722504138947,0.8643068075180054,0.5611539483070374
YPL017C,YIL105C,0,1.2842047,0.1356062889099121,0.8643068075180054,0.5612541437149048
YMR072W,YPL275W,0,1.2838647,0.13558538258075714,0.8643068075180054,0.5613542795181274
YKL197C,YPR046W,0,1.2832587,0.13556446135044098,0.8643068075180054,0.5614544749259949
YDR077W,YHR072W-A,0,1.2830514,0.135543555021286,0.8643068075180054,0.5615546703338623
YOL109W,YNL252C,0,1.2823222,0.13552266359329224,0.8643068075180054,0.561654806137085
YDR422C,YER018C,0,1.2821085,0.13550177216529846,0.8643068075180054,0.5617550015449524
YIL144W,YHR064C,0,1.2817857,0.1354808807373047,0.8643068075180054,0.561855137348175
YLR132C,YLR258W,0,1.281425,0.1354600042104721,0.8643068075180054,0.5619553327560425
YOR017W,YLR413W,0,1.2813659,0.13543914258480072,0.8643068075180054,0.5620554685592651
YIL154C,YER146W,0,1.2807243,0.13541826605796814,0.8643068075180054,0.5621556639671326
YGL225W,YKL061W,1,1.2802433,0.13555145263671875,0.8652900457382202,0.5621556639671326
YCL061C,YLR097C,0,1.2802243,0.13553057610988617,0.8652900457382202,0.562255859375
YDR439W,YLR227W-A,0,1.2801069,0.1355096995830536,0.8652900457382202,0.5623559951782227
YDR418W,YDR105C,0,1.2795146,0.1354888379573822,0.8652900457382202,0.5624561905860901
YJR046W,YGL022W,0,1.2793994,0.13546797633171082,0.8652900457382202,0.5625563263893127
YNL188W,YDL164C,0,1.279072,0.13544712960720062,0.8652900457382202,0.5626565217971802
YDR047W,YDL220C,0,1.2790401,0.13542628288269043,0.8652900457382202,0.5627566576004028
YKL051W,YLR175W,0,1.2789996,0.13540545105934143,0.8652900457382202,0.5628568530082703
YKR045C,YGR004W,0,1.2786154,0.13538461923599243,0.8652900457382202,0.5629570484161377
YJL035C,YHR025W,0,1.278534,0.13536378741264343,0.8652900457382202,0.5630571842193604
YIL131C,YPL242C,0,1.277822,0.13534297049045563,0.8652900457382202,0.5631573796272278
YDR025W,YOR189W,0,1.2772815,0.13532215356826782,0.8652900457382202,0.5632575154304504
YDL030W,YGL145W,0,1.2767252,0.1353013515472412,0.8652900457382202,0.5633577108383179
YFL034C-A,YHL025W,0,1.276684,0.1352805495262146,0.8652900457382202,0.5634579062461853
YML091C,YPL106C,0,1.2762771,0.13525976240634918,0.8652900457382202,0.563558042049408
YNL241C,YFR005C,0,1.2761252,0.13523897528648376,0.8652900457382202,0.5636582374572754
YDR324C,YLR288C,0,1.2757399,0.13521818816661835,0.8652900457382202,0.563758373260498
YOR016C,YLR423C,0,1.2755387,0.13519741594791412,0.8652900457382202,0.5638585686683655
YLR142W,YMR156C,0,1.2754929,0.1351766586303711,0.8652900457382202,0.5639587044715881
YKR062W,YLL067C,0,1.2750661,0.13515588641166687,0.8652900457382202,0.5640588998794556
YML011C,YGL222C,0,1.2747179,0.13513512909412384,0.8652900457382202,0.564159095287323
YDL008W,YCL069W,0,1.2743362,0.135114386677742,0.8652900457382202,0.5642592310905457
YNL064C,YER180C,0,1.274266,0.13509364426136017,0.8652900457382202,0.5643594264984131
YJL113W,YMR153W,0,1.2741373,0.13507290184497833,0.8652900457382202,0.5644595623016357
YOL138C,YML046W,0,1.2740602,0.1350521743297577,0.8652900457382202,0.5645597577095032
YIL173W,YNL084C,1,1.2740073,0.1351848989725113,0.8662733435630798,0.5645597577095032
YPL233W,YDL119C,0,1.2736349,0.13516415655612946,0.8662733435630798,0.5646598935127258
YLR119W,YOL021C,0,1.273088,0.1351434290409088,0.8662733435630798,0.5647600889205933
YGR007W,YPL156C,0,1.2720888,0.13512270152568817,0.8662733435630798,0.5648602843284607
YER131W,YIL119C,0,1.2717863,0.13510197401046753,0.8662733435630798,0.5649604201316833
YOR156C,YHR170W,0,1.2717266,0.13508126139640808,0.8662733435630798,0.5650606155395508
YLR432W,YER170W,0,1.2715167,0.13506054878234863,0.8662733435630798,0.5651607513427734
YER131W,YNL135C,0,1.2714002,0.13503985106945038,0.8662733435630798,0.5652609467506409
YBR264C,YDR142C,0,1.2711934,0.13501915335655212,0.8662733435630798,0.5653611421585083
YER016W,YKL084W,0,1.2710574,0.13499847054481506,0.8662733435630798,0.565461277961731
YLR363C,YBL088C,0,1.2707112,0.134977787733078,0.8662733435630798,0.5655614733695984
YEL017C-A,YER072W,0,1.2706683,0.13495710492134094,0.8662733435630798,0.565661609172821
YML059C,YMR135C,0,1.2705017,0.13493643701076508,0.8662733435630798,0.5657618045806885
YER100W,YIR028W,0,1.2700818,0.1349157691001892,0.8662733435630798,0.5658619403839111
YNL001W,YPL194W,0,1.2694602,0.13489511609077454,0.8662733435630798,0.5659621357917786
YMR081C,YOR066W,0,1.2686949,0.13487446308135986,0.8662733435630798,0.566062331199646
YER074W-A,YDL149W,1,1.2686654,0.1350068897008896,0.8672566413879395,0.566062331199646
YDL231C,YPR106W,0,1.2680851,0.13498622179031372,0.8672566413879395,0.5661624670028687
YGL178W,YML094W,0,1.2680085,0.13496556878089905,0.8672566413879395,0.5662626624107361
YBR254C,YKL081W,0,1.2678871,0.13494491577148438,0.8672566413879395,0.5663627982139587
YEL077C,YOL100W,0,1.2677987,0.1349242776632309,0.8672566413879395,0.5664629936218262
YLR361C,YAL062W,0,1.2671971,0.13490363955497742,0.8672566413879395,0.5665631294250488
YDR020C,YPL176C,0,1.2671211,0.13488301634788513,0.8672566413879395,0.5666633248329163
YBR273C,YEL032W,0,1.2670907,0.13486237823963165,0.8672566413879395,0.5667635202407837
YGL016W,YLR364W,0,1.2666993,0.13484176993370056,0.8672566413879395,0.5668636560440063
YJR094W-A,YIL147C,0,1.2666752,0.13482116162776947,0.8672566413879395,0.5669638514518738
YLR214W,YBR058C-A,0,1.2664803,0.13480055332183838,0.8672566413879395,0.5670639872550964
YLR035C,YGR048W,0,1.2656617,0.1347799450159073,0.8672566413879395,0.5671641826629639
YMR156C,YDR320C-A,0,1.2653918,0.1347593516111374,0.8672566413879395,0.5672643780708313
YDL031W,YPL103C,0,1.265188,0.1347387731075287,0.8672566413879395,0.567364513874054
YGR133W,YFL041W,0,1.2651043,0.13471819460391998,0.8672566413879395,0.5674647092819214
YNL001W,YNL218W,0,1.2648501,0.13469761610031128,0.8672566413879395,0.567564845085144
YDL204W,YLR131C,0,1.2647622,0.13467705249786377,0.8672566413879395,0.5676650404930115
YBR104W,YPR017C,0,1.2642276,0.13465648889541626,0.8672566413879395,0.5677651762962341
YHL026C,YJL156C,0,1.2638018,0.13463594019412994,0.8672566413879395,0.5678653717041016
YBR251W,YML091C,0,1.2635857,0.13461539149284363,0.8672566413879395,0.567965567111969
YGR203W,YNR052C,0,1.2635674,0.1345948427915573,0.8672566413879395,0.5680657029151917
YDR323C,YNL093W,1,1.263309,0.134726881980896,0.8682399392127991,0.5680657029151917
YKL017C,YBR233W-A,0,1.2630309,0.13470633327960968,0.8682399392127991,0.5681658983230591
YPL053C,YPL030W,0,1.263028,0.13468578457832336,0.8682399392127991,0.5682660341262817
YAL015C,YNL248C,0,1.2630253,0.13466523587703705,0.8682399392127991,0.5683662295341492
YPL075W,YLR079W,0,1.2630138,0.13464470207691193,0.8682399392127991,0.5684663653373718
YML019W,YBR049C,0,1.2624902,0.134624183177948,0.8682399392127991,0.5685665607452393
YDR219C,YBR044C,0,1.2622627,0.13460366427898407,0.8682399392127991,0.5686667561531067
YOR229W,YCL040W,0,1.2621481,0.13458314538002014,0.8682399392127991,0.5687668919563293
YGL131C,YDR456W,0,1.2621192,0.1345626264810562,0.8682399392127991,0.5688670873641968
YBL014C,YGL003C,0,1.2621148,0.13454213738441467,0.8682399392127991,0.5689672231674194
YOR321W,YER044C-A,0,1.2620258,0.13452163338661194,0.8682399392127991,0.5690674185752869
YDR208W,YML124C,0,1.2619985,0.1345011442899704,0.8682399392127991,0.5691676139831543
YOL058W,YDL174C,0,1.2614961,0.13448065519332886,0.8682399392127991,0.569267749786377
YJL145W,YOR329C,0,1.2614545,0.1344601809978485,0.8682399392127991,0.5693679451942444
YOR192C-A,YCL075W,0,1.2614298,0.13443970680236816,0.8682399392127991,0.569468080997467
YGR067C,YPL275W,0,1.2609924,0.134419247508049,0.8682399392127991,0.5695682764053345
YDR436W,YLR450W,0,1.2607415,0.13439878821372986,0.8682399392127991,0.5696684122085571
YNL035C,YML104C,0,1.2599828,0.1343783289194107,0.8682399392127991,0.5697686076164246
YDR424C,YML029W,0,1.2597027,0.13435788452625275,0.8682399392127991,0.569868803024292
YML081W,YDL159W,0,1.2596517,0.1343374401330948,0.8682399392127991,0.5699689388275146
YOL058W,YMR149W,0,1.2594519,0.13431701064109802,0.8682399392127991,0.5700691342353821
YJL083W,YNL002C,0,1.259318,0.13429658114910126,0.8682399392127991,0.5701692700386047
YBR280C,YJR043C,0,1.2592273,0.1342761516571045,0.8682399392127991,0.5702694654464722
YGL181W,YHR146W,0,1.2590556,0.13425573706626892,0.8682399392127991,0.5703696012496948
YOR264W,YDR079C-A,0,1.2585416,0.13423532247543335,0.8682399392127991,0.5704697966575623
YGR142W,YDL240W,0,1.2584418,0.13421492278575897,0.8682399392127991,0.5705699920654297
YBR251W,YML042W,0,1.258368,0.1341945230960846,0.8682399392127991,0.5706701278686523
YHR105W,YHR005C,1,1.2581365,0.13432608544826508,0.8692231774330139,0.5706701278686523
YGR203W,YHR080C,0,1.2579408,0.1343056857585907,0.8692231774330139,0.5707703232765198
YGR206W,YIL076W,1,1.2577461,0.1344371885061264,0.8702064752578735,0.5707703232765198
YJR048W,YNL036W,0,1.2574766,0.13441677391529083,0.8702064752578735,0.5708704590797424
YJL204C,YKL058W,0,1.2572542,0.13439635932445526,0.8702064752578735,0.5709706544876099
YPL233W,YLR373C,0,1.2569268,0.1343759447336197,0.8702064752578735,0.5710708498954773
YGL035C,YBR060C,0,1.2568678,0.1343555450439453,0.8702064752578735,0.5711709856987
YDR500C,YCL044C,0,1.2566714,0.13433516025543213,0.8702064752578735,0.5712711811065674
YHR020W,YCL057C-A,0,1.2565554,0.13431476056575775,0.8702064752578735,0.57137131690979
YCR028C-A,YGL168W,0,1.2565253,0.13429439067840576,0.8702064752578735,0.5714715123176575
YAL014C,YOR229W,0,1.2559667,0.13427400588989258,0.8702064752578735,0.5715716481208801
YCL040W,YER184C,0,1.2559613,0.1342536360025406,0.8702064752578735,0.5716718435287476
YDR191W,YCR048W,0,1.2558227,0.1342332810163498,0.8702064752578735,0.571772038936615
YKL024C,YNL056W,0,1.2556088,0.134212926030159,0.8702064752578735,0.5718721747398376
YLR086W,YDL130W-A,0,1.255459,0.1341925710439682,0.8702064752578735,0.5719723701477051
YOL003C,YDL209C,0,1.254503,0.1341722309589386,0.8702064752578735,0.5720725059509277
YNL299W,YGR006W,0,1.2544975,0.134151890873909,0.8702064752578735,0.5721727013587952
YNL065W,YGR189C,0,1.2538657,0.1341315507888794,0.8702064752578735,0.5722728371620178
YNL038W,YGR116W,0,1.2537653,0.134111225605011,0.8702064752578735,0.5723730325698853
YGL238W,YBL018C,0,1.2536808,0.13409091532230377,0.8702064752578735,0.5724732279777527
YLR040C,YKL160W,0,1.2533743,0.13407059013843536,0.8702064752578735,0.5725733637809753
YDR523C,YDR528W,0,1.2532476,0.13405029475688934,0.8702064752578735,0.5726735591888428
YGL048C,YJL045W,0,1.2532294,0.13402998447418213,0.8702064752578735,0.5727736949920654
YMR159C,YAL042W,1,1.2531675,0.134161114692688,0.8711897730827332,0.5727736949920654
YKR042W,YLL066C,0,1.2529614,0.13414080440998077,0.8711897730827332,0.5728738903999329
YDR139C,YGR256W,0,1.2529105,0.13412049412727356,0.8711897730827332,0.5729740262031555
YER106W,YGR088W,0,1.2528619,0.13410019874572754,0.8711897730827332,0.573074221611023
YDR162C,YMR171C,0,1.2527285,0.13407990336418152,0.8711897730827332,0.5731744170188904
YBR201W,YGL089C,0,1.2525483,0.1340596228837967,0.8711897730827332,0.573274552822113
YMR086W,YNL241C,0,1.2521564,0.13403932750225067,0.8711897730827332,0.5733747482299805
YNL075W,YBR149W,0,1.2519517,0.13401906192302704,0.8711897730827332,0.5734748840332031
YDL175C,YPL239W,0,1.2519433,0.1339987963438034,0.8711897730827332,0.5735750794410706
YDR317W,YHR113W,0,1.2519126,0.13397853076457977,0.8711897730827332,0.573675274848938
YPR096C,YJL151C,0,1.2517123,0.13395826518535614,0.8711897730827332,0.5737754106521606
YLL032C,YDR224C,0,1.2516166,0.1339380145072937,0.8711897730827332,0.5738756060600281
YOR011W,YPL137C,0,1.2508204,0.13391777873039246,0.8711897730827332,0.5739757418632507
YKL209C,YMR098C,0,1.2506349,0.1338975429534912,0.8711897730827332,0.5740759372711182
YJL136C,YDR153C,0,1.2504928,0.13387730717658997,0.8711897730827332,0.5741760730743408
YDR045C,YLR023C,0,1.2502137,0.13385707139968872,0.8711897730827332,0.5742762684822083
YPR034W,YML074C,0,1.2496777,0.13383686542510986,0.8711897730827332,0.5743764638900757
YOL109W,YMR311C,0,1.2493722,0.1338166445493698,0.8711897730827332,0.5744765996932983
YBR126C,YIL026C,0,1.2481391,0.13379643857479095,0.8711897730827332,0.5745767951011658
YGL073W,YHR025W,0,1.2481377,0.1337762326002121,0.8711897730827332,0.5746769309043884
YGL135W,YOR330C,0,1.2477996,0.13375604152679443,0.8711897730827332,0.5747771263122559
YMR312W,YIL011W,0,1.2477058,0.13373585045337677,0.8711897730827332,0.5748772621154785
YGR261C,YNL311C,0,1.2476971,0.1337156593799591,0.8711897730827332,0.574977457523346
YPR098C,YJL089W,0,1.2475365,0.13369548320770264,0.8711897730827332,0.5750776529312134
YLR306W,YHR046C,0,1.247285,0.13367532193660736,0.8711897730827332,0.575177788734436
YER036C,YLR442C,0,1.2460711,0.1336551457643509,0.8711897730827332,0.5752779841423035
YOR195W,YMR314W,0,1.2455939,0.1336349993944168,0.8711897730827332,0.5753781199455261
YLR427W,YOL078W,0,1.2455899,0.13361483812332153,0.8711897730827332,0.5754783153533936
YMR011W,YBL036C,0,1.24546,0.13359469175338745,0.8711897730827332,0.575578510761261
YER180C,YOR258W,0,1.2454238,0.13357454538345337,0.8711897730827332,0.5756786465644836
YNL031C,YKL193C,0,1.2450266,0.13355441391468048,0.8711897730827332,0.5757788419723511
YJR049C,YBL075C,0,1.2446673,0.1335342824459076,0.8711897730827332,0.5758789777755737
YPL017C,YDR316W-A,0,1.2446655,0.1335141658782959,0.8711897730827332,0.5759791731834412
YGL136C,YER051W,0,1.2445793,0.1334940493106842,0.8711897730827332,0.5760793089866638
YJR098C,YKL101W,0,1.244417,0.1334739327430725,0.8711897730827332,0.5761795043945312
YDR014W,YHR090C,0,1.2442465,0.133453831076622,0.8711897730827332,0.5762796998023987
YPL045W,YJR031C,1,1.243902,0.13358433544635773,0.8721730709075928,0.5762796998023987
YHR032W,YNR032W,0,1.243892,0.13356421887874603,0.8721730709075928,0.5763798356056213
YBR133C,YDR253C,0,1.2438731,0.13354411721229553,0.8721730709075928,0.5764800310134888
YAL034W-A,YHR026W,0,1.2436982,0.13352401554584503,0.8721730709075928,0.5765801668167114
YJR153W,YGL198W,0,1.243556,0.13350391387939453,0.8721730709075928,0.5766803622245789
YAL034W-A,YNL166C,0,1.2434224,0.13348382711410522,0.8721730709075928,0.5767804980278015
YML059C,YIL066C,0,1.2430015,0.13346374034881592,0.8721730709075928,0.576880693435669
YPR186C,YLR459W,0,1.2425959,0.1334436535835266,0.8721730709075928,0.5769808888435364
YJR064W,YFR014C,0,1.2424525,0.1334235817193985,0.8721730709075928,0.577081024646759
YOR363C,YBR136W,0,1.2419975,0.13340352475643158,0.8721730709075928,0.5771812200546265
YLR148W,YGL225W,1,1.2415187,0.13353383541107178,0.8731563687324524,0.5771812200546265
YNR008W,YJR150C,0,1.2411991,0.13351376354694366,0.8731563687324524,0.5772813558578491
YMR205C,YLR035C,0,1.240638,0.13349369168281555,0.8731563687324524,0.5773815512657166
YJL158C,YMR322C,0,1.2402546,0.13347361981868744,0.8731563687324524,0.577481746673584
YGL142C,YJR132W,0,1.2398014,0.13345356285572052,0.8731563687324524,0.5775818824768066
YMR068W,YMR177W,0,1.2395802,0.1334335058927536,0.8731563687324524,0.5776820778846741
YLR142W,YLR343W,0,1.2393823,0.13341346383094788,0.8731563687324524,0.5777822136878967
YOR177C,YDR044W,0,1.2392924,0.13339342176914215,0.8731563687324524,0.5778824090957642
YML094W,YGL095C,0,1.2392762,0.13337337970733643,0.8731563687324524,0.5779825448989868
YDR443C,YMR058W,0,1.2391934,0.1333533525466919,0.8731563687324524,0.5780827403068542
YGR244C,YPR132W,0,1.2389113,0.13333334028720856,0.8731563687324524,0.5781829357147217
YGR208W,YNL310C,0,1.2388375,0.13331331312656403,0.8731563687324524,0.5782830715179443
YNL197C,YNR055C,0,1.2386878,0.1332933008670807,0.8731563687324524,0.5783832669258118
YDL168W,YDR023W,0,1.2381631,0.13327330350875854,0.8731563687324524,0.5784834027290344
YBL016W,YNL061W,0,1.2377064,0.1332533061504364,0.8731563687324524,0.5785835981369019
YLR355C,YPR131C,0,1.2376902,0.13323330879211426,0.8731563687324524,0.5786837339401245
YER114C,YFR025C,0,1.2375402,0.1332133263349533,0.8731563687324524,0.5787839293479919
YHR146W,YJR135W-A,0,1.2373849,0.13319334387779236,0.8731563687324524,0.5788841247558594
YGL168W,YPL058C,0,1.2371824,0.1331733614206314,0.8731563687324524,0.578984260559082
YGL187C,YER161C,0,1.2371182,0.13315339386463165,0.8731563687324524,0.5790844559669495
YPR143W,YLR067C,0,1.23671,0.1331334263086319,0.8731563687324524,0.5791845917701721
YKL154W,YNL056W,0,1.2365851,0.13311347365379333,0.8731563687324524,0.5792847871780396
YDR113C,YOR113W,0,1.2361958,0.13309352099895477,0.8731563687324524,0.579384982585907
YER139C,YKL108W,0,1.235795,0.1330735832452774,0.8731563687324524,0.5794851183891296
YER027C,YCL066W,0,1.235795,0.13305364549160004,0.8731563687324524,0.5795853137969971
YLL018C-A,YPL046C,0,1.2357868,0.13303370773792267,0.8731563687324524,0.5796854496002197
YDL166C,YBR244W,0,1.2355874,0.1330137848854065,0.8731563687324524,0.5797856450080872
YPR112C,YBR102C,0,1.23547,0.13299386203289032,0.8731563687324524,0.5798857808113098
YMR292W,YLR110C,0,1.2344445,0.13297393918037415,0.8731563687324524,0.5799859762191772
YJL094C,YOR234C,0,1.2341506,0.13295403122901917,0.8731563687324524,0.5800861716270447
YBR297W,YLR204W,0,1.233263,0.13293413817882538,0.8731563687324524,0.5801863074302673
YGR003W,YIL121W,0,1.2330561,0.1329142302274704,0.8731563687324524,0.5802865028381348
YOR380W,YLR246W,0,1.2330072,0.1328943371772766,0.8731563687324524,0.5803866386413574
YEL059C-A,YPL009C,0,1.2329053,0.13287445902824402,0.8731563687324524,0.5804868340492249
YKR060W,YOR386W,0,1.2320889,0.13285458087921143,0.8731563687324524,0.5805869698524475
YGL096W,YOR308C,0,1.2318466,0.13283470273017883,0.8731563687324524,0.5806871652603149
YJL216C,YIL168W,0,1.2315226,0.13281483948230743,0.8731563687324524,0.5807873606681824
YEL017C-A,YGR097W,0,1.2314959,0.13279497623443604,0.8731563687324524,0.580887496471405
YCL069W,YPL048W,0,1.2312579,0.13277511298656464,0.8731563687324524,0.5809876918792725
YBL055C,YIL075C,0,1.2306622,0.13275526463985443,0.8731563687324524,0.5810878276824951
YLR260W,YKL005C,0,1.2304102,0.13273543119430542,0.8731563687324524,0.5811880230903625
YER074W-A,YDR486C,1,1.2303832,0.1328650414943695,0.8741396069526672,0.5811880230903625
YMR109W,YDR402C,0,1.2303569,0.1328451931476593,0.8741396069526672,0.58128821849823
YNL293W,YLR266C,0,1.2296152,0.1328253448009491,0.8741396069526672,0.5813883543014526
YGR080W,YPR054W,0,1.228956,0.1328054964542389,0.8741396069526672,0.5814885497093201
YLR222C,YJR017C,0,1.2289294,0.13278566300868988,0.8741396069526672,0.5815886855125427
YNL158W,YFR032C-A,0,1.2286546,0.13276582956314087,0.8741396069526672,0.5816888809204102
YDR143C,YEL015W,0,1.2285984,0.13274601101875305,0.8741396069526672,0.5817890167236328
YER161C,YIL136W,0,1.2285738,0.13272619247436523,0.8741396069526672,0.5818892121315002
YFL061W,YDR231C,0,1.2285435,0.13270637392997742,0.8741396069526672,0.5819894075393677
YLR385C,YBR109C,0,1.2278848,0.1326865702867508,0.8741396069526672,0.5820895433425903
YBR152W,YCR020W-B,0,1.227715,0.13266676664352417,0.8741396069526672,0.5821897387504578
YGR068C,YBR152W,0,1.2276667,0.13264697790145874,0.8741396069526672,0.5822898745536804
YGL070C,YJL014W,0,1.2276292,0.1326271891593933,0.8741396069526672,0.5823900699615479
YDR155C,YGL201C,0,1.2274754,0.13260740041732788,0.8741396069526672,0.5824902057647705
YBL035C,YNL036W,0,1.2271712,0.13258762657642365,0.8741396069526672,0.5825904011726379
YAL030W,YGR223C,1,1.2270488,0.13271696865558624,0.8751229047775269,0.5825904011726379
YML034W,YOR344C,0,1.226953,0.1326971799135208,0.8751229047775269,0.5826905965805054
YFL016C,YBR268W,0,1.2269161,0.13267740607261658,0.8751229047775269,0.582790732383728
YOR060C,YBL025W,0,1.2268862,0.13265761733055115,0.8751229047775269,0.5828909277915955
YFL052W,YGR272C,0,1.2268358,0.1326378583908081,0.8751229047775269,0.5829910635948181
YDL247W,YBR199W,0,1.2267177,0.13261808454990387,0.8751229047775269,0.5830912590026855
YCR040W,YEL006W,0,1.2264023,0.13259832561016083,0.8751229047775269,0.583191454410553
YMR277W,YOL148C,0,1.2263315,0.13257858157157898,0.8751229047775269,0.5832915902137756
YGR224W,YBR057C,0,1.2262435,0.13255883753299713,0.8751229047775269,0.5833917856216431
YPL237W,YJL129C,0,1.2260978,0.13253909349441528,0.8751229047775269,0.5834919214248657
YHR124W,YNL053W,0,1.2251357,0.13251934945583344,0.8751229047775269,0.5835921168327332
YMR165C,YKR061W,0,1.2249819,0.13249963521957397,0.8751229047775269,0.5836922526359558
YDL189W,YGL153W,0,1.224975,0.13247990608215332,0.8751229047775269,0.5837924480438232
YNR030W,YGL156W,0,1.2249225,0.13246019184589386,0.8751229047775269,0.5838926434516907
YOR322C,YNL185C,0,1.2240512,0.1324404776096344,0.8751229047775269,0.5839927792549133
YGL225W,YGL079W,1,1.2239993,0.1325695514678955,0.8761062026023865,0.5839927792549133
YOR207C,YGL198W,0,1.22349,0.13254983723163605,0.8761062026023865,0.5840929746627808
YHR018C,YAL028W,0,1.2231117,0.1325301229953766,0.8761062026023865,0.5841931104660034
YGR055W,YBR233W-A,0,1.2227621,0.13251040875911713,0.8761062026023865,0.5842933058738708
YLR343W,YML009C,0,1.2221482,0.13249070942401886,0.8761062026023865,0.5843934416770935
YBR290W,YGL231C,0,1.2217146,0.1324710100889206,0.8761062026023865,0.5844936370849609
YJL021C,YGR122W,0,1.2216431,0.13245131075382233,0.8761062026023865,0.5845938324928284
YPL111W,YDL223C,0,1.2215706,0.13243162631988525,0.8761062026023865,0.584693968296051
YLR439W,YGR046W,0,1.2212719,0.13241194188594818,0.8761062026023865,0.5847941637039185
YAR044W,YJR125C,1,1.2210017,0.13254086673259735,0.8770895004272461,0.5847941637039185
YJR022W,YDR437W,0,1.2204856,0.13252116739749908,0.8770895004272461,0.5848942995071411
YOR196C,YPL249C-A,0,1.2203691,0.132501482963562,0.8770895004272461,0.5849944949150085
YFL039C,YNL012W,0,1.2196038,0.13248181343078613,0.8770895004272461,0.585094690322876
YJL158C,YLL038C,0,1.219418,0.13246212899684906,0.8770895004272461,0.5851948261260986
YPL141C,YDR346C,0,1.2193054,0.13244245946407318,0.8770895004272461,0.5852950215339661
YPL140C,YHR096C,0,1.2188332,0.1324228048324585,0.8770895004272461,0.5853951573371887
YOR049C,YDL129W,0,1.2186146,0.1324031502008438,0.8770895004272461,0.5854953527450562
YDL014W,YOR131C,0,1.218471,0.13238349556922913,0.8770895004272461,0.5855954885482788
YER139C,YCL029C,0,1.2182969,0.13236385583877563,0.8770895004272461,0.5856956839561462
YDR314C,YAL034W-A,0,1.2177426,0.13234421610832214,0.8770895004272461,0.5857958793640137
YGL234W,YBR097W,0,1.2174894,0.13232457637786865,0.8770895004272461,0.5858960151672363
YIL039W,YBR057C,0,1.2173315,0.13230495154857635,0.8770895004272461,0.5859962105751038
YLR040C,YGR122W,0,1.2172709,0.13228532671928406,0.8770895004272461,0.5860963463783264
YOL077W-A,YMR211W,0,1.2171209,0.13226571679115295,0.8770895004272461,0.5861965417861938
YOL152W,YPR061C,0,1.2167033,0.13224610686302185,0.8770895004272461,0.5862966775894165
YBL101W-A,YGL210W,0,1.216401,0.13222651183605194,0.8770895004272461,0.5863968729972839
YIL171W,YGL139W,0,1.2163588,0.13220690190792084,0.8770895004272461,0.5864970684051514
YEL024W,YHR118C,0,1.21632,0.13218732178211212,0.8770895004272461,0.586597204208374
YOL005C,YDR532C,0,1.2163172,0.1321677267551422,0.8770895004272461,0.5866973996162415
YLR102C,YOL146W,0,1.2156643,0.1321481466293335,0.8770895004272461,0.5867975354194641
YLR006C,YBL002W,0,1.2150651,0.13212856650352478,0.8770895004272461,0.5868977308273315
YBL035C,YLR221C,0,1.2148695,0.13210900127887726,0.8770895004272461,0.5869978666305542
YDR326C,YLL009C,0,1.2148063,0.13208943605422974,0.8770895004272461,0.5870980620384216
YBL102W,YOR391C,0,1.2147682,0.1320698857307434,0.8770895004272461,0.5871982574462891
YNL206C,YOL115W,0,1.2146708,0.13205033540725708,0.8770895004272461,0.5872983932495117
YKL089W,YIL099W,0,1.2145315,0.13203078508377075,0.8770895004272461,0.5873985886573792
YPR154W,YIL126W,0,1.2137747,0.13201124966144562,0.8770895004272461,0.5874987244606018
YMR316W,YOR046C,0,1.2133834,0.13199171423912048,0.8770895004272461,0.5875989198684692
YDL060W,YER120W,0,1.2132967,0.13197217881679535,0.8770895004272461,0.5876991152763367
YML019W,YDR358W,0,1.2123804,0.1319526582956314,0.8770895004272461,0.5877992510795593
YLR385C,YLR234W,0,1.2122173,0.13193315267562866,0.8770895004272461,0.5878994464874268
YIL013C,YGR125W,0,1.2120643,0.13191363215446472,0.8770895004272461,0.5879995822906494
YMR207C,YBR070C,0,1.211729,0.13189412653446198,0.8770895004272461,0.5880997776985168
YDL211C,YNL058C,0,1.2113458,0.13187463581562042,0.8770895004272461,0.5881999135017395
YDR057W,YPL280W,0,1.2113247,0.13185513019561768,0.8770895004272461,0.5883001089096069
YBR234C,YML033W,0,1.2109177,0.13183565437793732,0.8770895004272461,0.5884003043174744
YLR340W,YOL069W,0,1.2108841,0.13181616365909576,0.8770895004272461,0.588500440120697
YLR361C,YDR110W,0,1.2107129,0.1317966878414154,0.8770895004272461,0.5886006355285645
YNL063W,YLR002C,0,1.2099525,0.13177722692489624,0.8770895004272461,0.5887007713317871
YHR070W,YNR008W,0,1.209198,0.13175775110721588,0.8770895004272461,0.5888009667396545
YDL101C,YIL049W,0,1.2089634,0.13173829019069672,0.8770895004272461,0.5889011025428772
YDR545W,YPR134W,0,1.2085618,0.13171884417533875,0.8770895004272461,0.5890012979507446
YCL001W,YHR181W,1,1.208525,0.13184703886508942,0.8780727386474609,0.5890012979507446
YMR289W,YCR063W,0,1.2064884,0.13182757794857025,0.8780727386474609,0.5891014933586121
YLR004C,YGL053W,0,1.2060374,0.1318081170320511,0.8780727386474609,0.5892016291618347
YMR101C,YDR399W,0,1.2060287,0.13178867101669312,0.8780727386474609,0.5893018245697021
YDR179C,YBR233W-A,0,1.2056677,0.13176922500133514,0.8780727386474609,0.5894019603729248
YGR231C,YLR227W-A,0,1.2054663,0.13174977898597717,0.8780727386474609,0.5895021557807922
YOR049C,YDR127W,0,1.2052705,0.1317303478717804,0.8780727386474609,0.5896023511886597
YJL051W,YNL118C,0,1.2049667,0.13171091675758362,0.8780727386474609,0.5897024869918823
YEL005C,YIL109C,1,1.2047268,0.13183896243572235,0.8790560364723206,0.5897024869918823
YML062C,YNR059W,0,1.2042389,0.13181951642036438,0.8790560364723206,0.5898026823997498
YDR495C,YMR101C,0,1.2042174,0.1318000853061676,0.8790560364723206,0.5899028182029724
YMR211W,YDR320C-A,0,1.2041733,0.13178065419197083,0.8790560364723206,0.5900030136108398
YPR155C,YLR411W,0,1.2041663,0.13176123797893524,0.8790560364723206,0.5901031494140625
YDR463W,YBR102C,0,1.2038442,0.13174182176589966,0.8790560364723206,0.5902033448219299
YER087C-A,YPL037C,0,1.2037065,0.13172240555286407,0.8790560364723206,0.5903035402297974
YPL001W,YBR050C,0,1.2036386,0.13170300424098969,0.8790560364723206,0.59040367603302
YPL066W,YLR138W,0,1.2034159,0.1316836029291153,0.8790560364723206,0.5905038714408875
YEL058W,YIL153W,0,1.2031206,0.1316642165184021,0.8790560364723206,0.5906040072441101
YKR080W,YPL138C,0,1.2031126,0.1316448301076889,0.8790560364723206,0.5907042026519775
YNR026C,YGL087C,0,1.2030609,0.1316254436969757,0.8790560364723206,0.5908043384552002
YLR411W,YPL249C,1,1.2022774,0.13175328075885773,0.8800393342971802,0.5908043384552002
YHR108W,YNL066W,0,1.2016997,0.13173387944698334,0.8800393342971802,0.5909045338630676
YPL190C,YPL038W,0,1.201699,0.13171449303627014,0.8800393342971802,0.5910047292709351
YGL189C,YJR096W,0,1.201586,0.13169512152671814,0.8800393342971802,0.5911048650741577
YGL040C,YEL059C-A,0,1.2008921,0.13167573511600494,0.8800393342971802,0.5912050604820251
YMR256C,YKR031C,0,1.200765,0.13165636360645294,0.8800393342971802,0.5913051962852478
YDR385W,YDL110C,0,1.2007544,0.13163700699806213,0.8800393342971802,0.5914053916931152
YKR088C,YLR435W,0,1.2006652,0.13161765038967133,0.8800393342971802,0.5915055871009827
YER074W-A,YLR170C,1,1.2002578,0.1317453384399414,0.8810226321220398,0.5915055871009827
YMR280C,YIL111W,0,1.1994175,0.1317259669303894,0.8810226321220398,0.5916057229042053
YLL053C,YER044C,0,1.1992474,0.1317065954208374,0.8810226321220398,0.5917059183120728
YOL075C,YAR010C,0,1.1991374,0.1316872388124466,0.8810226321220398,0.5918060541152954
YPL026C,YPR063C,0,1.1986809,0.13166789710521698,0.8810226321220398,0.5919062495231628
YPL123C,YCR102C,0,1.1984277,0.13164854049682617,0.8810226321220398,0.5920063853263855
YML114C,YNL012W,0,1.1983422,0.13162919878959656,0.8810226321220398,0.5921065807342529
YDR189W,YOR116C,0,1.19802,0.13160987198352814,0.8810226321220398,0.5922067761421204
YPL265W,YLR438C-A,0,1.1978483,0.13159054517745972,0.8810226321220398,0.592306911945343
YNL185C,YDL143W,0,1.1975149,0.1315712183713913,0.8810226321220398,0.5924071073532104
YGR186W,YDL205C,0,1.1973974,0.13155190646648407,0.8810226321220398,0.5925072431564331
YGL095C,YER041W,0,1.1970438,0.13153259456157684,0.8810226321220398,0.5926074385643005
YBR097W,YMR159C,1,1.1968141,0.13166005909442902,0.8820058703422546,0.5926074385643005
YLR419W,YDL017W,0,1.1962466,0.1316407322883606,0.8820058703422546,0.5927075743675232
YGL092W,YMR305C,0,1.1962419,0.13162142038345337,0.8820058703422546,0.5928077697753906
YHR098C,YOL128C,0,1.1961482,0.13160210847854614,0.8820058703422546,0.5929079651832581
YGR198W,YHR035W,1,1.1960231,0.13172949850559235,0.8829891681671143,0.5929079651832581
YPL072W,YOR240W,0,1.195611,0.13171017169952393,0.8829891681671143,0.5930081009864807
YDR384C,YLR059C,0,1.1951458,0.1316908597946167,0.8829891681671143,0.5931082963943481
YJR054W,YLL001W,0,1.1946095,0.13167154788970947,0.8829891681671143,0.5932084321975708
YDR118W,YHR188C,0,1.1942624,0.13165225088596344,0.8829891681671143,0.5933086276054382
YJR049C,YKL120W,0,1.1942573,0.1316329538822174,0.8829891681671143,0.5934088230133057
YOR014W,YDR309C,0,1.1939125,0.13161365687847137,0.8829891681671143,0.5935089588165283
YBR103W,YAR003W,0,1.1939011,0.13159437477588654,0.8829891681671143,0.5936091542243958
YFR024C,YGL171W,0,1.1933967,0.1315750926733017,0.8829891681671143,0.5937092900276184
YDR105C,YDR085C,0,1.193357,0.13155581057071686,0.8829891681671143,0.5938094854354858
YLR385C,YNR043W,0,1.1925371,0.1315365433692932,0.8829891681671143,0.5939096212387085
YDR320C-A,YDL166C,0,1.192188,0.13151727616786957,0.8829891681671143,0.5940098166465759
YLR070C,YBL021C,0,1.1921842,0.13149802386760712,0.8829891681671143,0.5941100120544434
YMR154C,YDL007W,0,1.1920295,0.13147877156734467,0.8829891681671143,0.594210147857666
YBR038W,YLR181C,0,1.1919599,0.13145951926708221,0.8829891681671143,0.5943103432655334
YNL136W,YBR158W,0,1.1919304,0.13144028186798096,0.8829891681671143,0.5944104790687561
YNL227C,YDR170W-A,0,1.191854,0.1314210444688797,0.8829891681671143,0.5945106744766235
YMR170C,YKR010C,0,1.1914613,0.13140180706977844,0.8829891681671143,0.5946108102798462
YOR173W,YPL018W,0,1.1912875,0.13138258457183838,0.8829891681671143,0.5947110056877136
YDL113C,YHR105W,1,1.1908364,0.1315096616744995,0.8839724659919739,0.5947110056877136
YDL175C,YHR019C,0,1.190594,0.13149042427539825,0.8839724659919739,0.594811201095581
YLR343W,YLR435W,0,1.1905249,0.131471186876297,0.8839724659919739,0.5949113368988037
YML075C,YGL085W,0,1.1900129,0.13145196437835693,0.8839724659919739,0.5950115323066711
YMR159C,YJR066W,1,1.189991,0.1315789520740509,0.8849557638168335,0.5950115323066711
YDL072C,YDR078C,0,1.1897179,0.13155971467494965,0.8849557638168335,0.5951116681098938
YDL205C,YDR345C,0,1.1894258,0.13154049217700958,0.8849557638168335,0.5952118635177612
YMR257C,YAR050W,0,1.1891702,0.13152126967906952,0.8849557638168335,0.5953120589256287
YFR024C,YNL075W,0,1.1890132,0.13150204718112946,0.8849557638168335,0.5954121947288513
YOL119C,YKL042W,0,1.1888686,0.13148283958435059,0.8849557638168335,0.5955123901367188
YDR176W,YNL036W,0,1.1887618,0.13146363198757172,0.8849557638168335,0.5956125259399414
YHL018W,YHR185C,0,1.1887587,0.13144442439079285,0.8849557638168335,0.5957127213478088
YBR286W,YNL053W,0,1.1880894,0.13142523169517517,0.8849557638168335,0.5958128571510315
YDR284C,YML081C-A,0,1.1880352,0.1314060389995575,0.8849557638168335,0.5959130525588989
YPL144W,YIR010W,0,1.1878844,0.131386861205101,0.8849557638168335,0.5960132479667664
YNR051C,YHR020W,0,1.1876813,0.13136768341064453,0.8849557638168335,0.596113383769989
YGR009C,YKL045W,0,1.1876373,0.13134850561618805,0.8849557638168335,0.5962135791778564
YOR258W,YCR073C,0,1.1875951,0.13132934272289276,0.8849557638168335,0.5963137149810791
YFR038W,YBR168W,0,1.1875746,0.13131017982959747,0.8849557638168335,0.5964139103889465
YKR061W,YAR044W,0,1.1874417,0.13129103183746338,0.8849557638168335,0.5965140461921692
YFL008W,YLR453C,0,1.1873288,0.13127188384532928,0.8849557638168335,0.5966142416000366
YOR049C,YBL023C,0,1.1872993,0.1312527358531952,0.8849557638168335,0.596714437007904
YGR062C,YPL138C,0,1.1872323,0.1312336027622223,0.8849557638168335,0.5968145728111267
YPR009W,YHR104W,0,1.1871202,0.1312144696712494,0.8849557638168335,0.5969147682189941
YDR134C,YLR337W,0,1.1870261,0.1311953365802765,0.8849557638168335,0.5970149040222168
YGL184C,YLR227W-A,0,1.1867589,0.13117621839046478,0.8849557638168335,0.5971150994300842
YOL077W-A,YDR325W,0,1.1864316,0.13115710020065308,0.8849557638168335,0.5972152948379517
YPL051W,YCR054C,0,1.185802,0.13113798201084137,0.8849557638168335,0.5973154306411743
YNL197C,YMR277W,0,1.1856694,0.13111887872219086,0.8849557638168335,0.5974156260490417
YNL192W,YMR159C,1,1.1852692,0.1312454491853714,0.8859390616416931,0.5974156260490417
YHR134W,YNL135C,0,1.1851124,0.1312263309955597,0.8859390616416931,0.5975157618522644
YOR211C,YOR141C,0,1.1850637,0.13120722770690918,0.8859390616416931,0.5976159572601318
YLL039C,YBL097W,0,1.1850185,0.13118812441825867,0.8859390616416931,0.5977160930633545
YGR261C,YAR044W,1,1.1849838,0.13131460547447205,0.886922299861908,0.5977160930633545
YFL003C,YGL254W,0,1.1847339,0.13129548728466034,0.886922299861908,0.5978162884712219
YER074W-A,YKL135C,1,1.1847291,0.13142192363739014,0.8879055976867676,0.5978162884712219
YLR057W,YDL207W,0,1.1847281,0.13140279054641724,0.8879055976867676,0.5979164838790894
YML019W,YMR288W,0,1.184621,0.13138367235660553,0.8879055976867676,0.598016619682312
YGL035C,YOL115W,0,1.1842595,0.13136456906795502,0.8879055976867676,0.5981168150901794
YFR005C,YER018C,0,1.1841538,0.1313454508781433,0.8879055976867676,0.5982169508934021
YPR008W,YMR162C,0,1.184064,0.1313263475894928,0.8879055976867676,0.5983171463012695
YDR385W,YPL106C,0,1.1839774,0.13130725920200348,0.8879055976867676,0.5984172821044922
YLR017W,YBR233W-A,0,1.1836843,0.13128817081451416,0.8879055976867676,0.5985174775123596
YER108C,YDL093W,0,1.1835535,0.13126908242702484,0.8879055976867676,0.598617672920227
YMR134W,YPR068C,0,1.1832912,0.13124999403953552,0.8879055976867676,0.5987178087234497
YDR466W,YML033W,0,1.1831292,0.1312309205532074,0.8879055976867676,0.5988180041313171
YJL170C,YLR448W,0,1.1830496,0.13121186196804047,0.8879055976867676,0.5989181399345398
YGR231C,YJL157C,0,1.1829114,0.13119278848171234,0.8879055976867676,0.5990183353424072
YLR070C,YER035W,0,1.1827364,0.1311737298965454,0.8879055976867676,0.5991185307502747
YOR315W,YIR023W,0,1.1822002,0.13115468621253967,0.8879055976867676,0.5992186665534973
YLL038C,YGR263C,0,1.1820974,0.13113564252853394,0.8879055976867676,0.5993188619613647
YKL199C,YER178W,0,1.1820741,0.1311165988445282,0.8879055976867676,0.5994189977645874
YBR301W,YIL150C,0,1.1818695,0.13109755516052246,0.8879055976867676,0.5995191931724548
YBL051C,YOR383C,0,1.1816543,0.13107852637767792,0.8879055976867676,0.5996193289756775
YMR067C,YCR024C-A,0,1.1811041,0.13105951249599457,0.8879055976867676,0.5997195243835449
YHR044C,YDL129W,0,1.1810572,0.13104048371315002,0.8879055976867676,0.5998197197914124
YNL139C,YBR043C,0,1.1808829,0.13102146983146667,0.8879055976867676,0.599919855594635
YLR460C,YHR084W,0,1.1808162,0.13100247085094452,0.8879055976867676,0.6000200510025024
YGL196W,YGL166W,0,1.1807896,0.13098345696926117,0.8879055976867676,0.6001201868057251
YMR070W,YDL112W,0,1.1805824,0.1309644728899002,0.8879055976867676,0.6002203822135925
YKL039W,YMR171C,1,1.1804991,0.13109049201011658,0.8888888955116272,0.6002203822135925
YMR149W,YML102W,0,1.1803436,0.13107147812843323,0.8888888955116272,0.6003205180168152
YOR088W,YGL120C,0,1.1802844,0.13105247914791107,0.8888888955116272,0.6004207134246826
YML026C,YLR229C,0,1.1802528,0.13103348016738892,0.8888888955116272,0.60052090883255
YEL011W,YDR007W,0,1.1802491,0.13101449608802795,0.8888888955116272,0.6006210446357727
YER065C,YIL121W,0,1.1801958,0.130995512008667,0.8888888955116272,0.6007212400436401
YBR235W,YCR031C,0,1.180141,0.13097652792930603,0.8888888955116272,0.6008213758468628
YGR208W,YIL062C,0,1.1798444,0.13095755875110626,0.8888888955116272,0.6009215712547302
YGL061C,YDR009W,0,1.1796952,0.1309385895729065,0.8888888955116272,0.6010217666625977
YJR001W,YCL019W,0,1.1792232,0.13091962039470673,0.8888888955116272,0.6011219024658203
YOR193W,YMR142C,0,1.1790543,0.13090066611766815,0.8888888955116272,0.6012220978736877
YJR058C,YDR121W,0,1.1790488,0.13088171184062958,0.8888888955116272,0.6013222336769104
YMR125W,YDL110C,0,1.1788421,0.1308627724647522,0.8888888955116272,0.6014224290847778
YLR083C,YDR468C,1,1.1787372,0.13098856806755066,0.8898721933364868,0.6014224290847778
YAR018C,YER109C,0,1.1786764,0.13096961379051208,0.8898721933364868,0.6015225648880005
YOR375C,YPL058C,0,1.1783841,0.1309506595134735,0.8898721933364868,0.6016227602958679
YOL019W,YNL222W,0,1.1782329,0.13093172013759613,0.8898721933364868,0.6017229557037354
YKL176C,YOL137W,1,1.1771666,0.13105742633342743,0.8908554315567017,0.6017229557037354
YAR044W,YPL259C,1,1.1762272,0.13118310272693634,0.8918387293815613,0.6017229557037354
YOL080C,YDR320C-A,0,1.1761358,0.13116413354873657,0.8918387293815613,0.601823091506958
YBR104W,YOR381W,0,1.175973,0.1311451643705368,0.8918387293815613,0.6019232869148254
YGR279C,YLR233C,0,1.1756456,0.13112621009349823,0.8918387293815613,0.6020234227180481
YKL029C,YMR074C,0,1.1755822,0.13110725581645966,0.8918387293815613,0.6021236181259155
YBR168W,YKL138C,0,1.1753302,0.13108830153942108,0.8918387293815613,0.6022237539291382
YGL184C,YCR081W,0,1.1751693,0.1310693621635437,0.8918387293815613,0.6023239493370056
YOR221C,YPL183C,0,1.1749833,0.13105042278766632,0.8918387293815613,0.602424144744873
YKL149C,YNL146W,0,1.1747286,0.13103149831295013,0.8918387293815613,0.6025242805480957
YDR244W,YIL153W,0,1.173953,0.13101257383823395,0.8918387293815613,0.6026244759559631
YGL135W,YER106W,0,1.1739284,0.13099364936351776,0.8918387293815613,0.6027246117591858
YOL132W,YER102W,0,1.1738125,0.13097472488880157,0.8918387293815613,0.6028248071670532
YNL328C,YOR095C,0,1.1734091,0.13095581531524658,0.8918387293815613,0.6029249429702759
YGR209C,YJL137C,0,1.173307,0.13093692064285278,0.8918387293815613,0.6030251383781433
YER074W-A,YCL008C,1,1.173305,0.1310623586177826,0.8928220272064209,0.6030251383781433
YDL192W,YML033W,0,1.1731975,0.1310434341430664,0.8928220272064209,0.6031253337860107
YCR004C,YDR309C,0,1.1725312,0.1310245245695114,0.8928220272064209,0.6032254695892334
YCR070W,YGL211W,0,1.1724955,0.13100562989711761,0.8928220272064209,0.6033256649971008
YPL057C,YDR079C-A,0,1.1723028,0.13098673522472382,0.8928220272064209,0.6034258008003235
YML012W,YAR044W,1,1.1722631,0.13111206889152527,0.8938053250312805,0.6034258008003235
YOL128C,YML054C,0,1.1714563,0.13109315931797028,0.8938053250312805,0.6035259962081909
YHR067W,YDL130W-A,0,1.1713792,0.13107426464557648,0.8938053250312805,0.6036261916160583
YDR228C,YOL044W,0,1.1702965,0.13105536997318268,0.8938053250312805,0.603726327419281
YBL101W-A,YDL175C,0,1.1700597,0.13103647530078888,0.8938053250312805,0.6038265228271484
YAR003W,YBR054W,0,1.1698748,0.13101758062839508,0.8938053250312805,0.6039266586303711
YER030W,YER036C,0,1.1698035,0.13099870085716248,0.8938053250312805,0.6040268540382385
YIL160C,YHR122W,0,1.1696808,0.13097982108592987,0.8938053250312805,0.6041269898414612
YDL082W,YIR019C,0,1.1696476,0.13096095621585846,0.8938053250312805,0.6042271852493286
YGR108W,YGL087C,0,1.1695039,0.13094209134578705,0.8938053250312805,0.604327380657196
YOR157C,YML054C,0,1.1695002,0.13092322647571564,0.8938053250312805,0.6044275164604187
YOL080C,YOR092W,0,1.1694131,0.13090437650680542,0.8938053250312805,0.6045277118682861
YPR033C,YMR297W,0,1.1692661,0.1308855265378952,0.8938053250312805,0.6046278476715088
YOL103W-A,YDR267C,0,1.1691494,0.13086669147014618,0.8938053250312805,0.6047280430793762
YBL021C,YGL251C,0,1.1683209,0.13084784150123596,0.8938053250312805,0.6048281788825989
YKL148C,YCL011C,0,1.1681731,0.13082902133464813,0.8938053250312805,0.6049283742904663
YCR070W,YJR058C,0,1.1677718,0.1308101862668991,0.8938053250312805,0.6050285696983337
YLR194C,YHR214C-C,0,1.1676812,0.13079136610031128,0.8938053250312805,0.6051287055015564
YOR149C,YPL024W,0,1.1675813,0.13077254593372345,0.8938053250312805,0.6052289009094238
YDL185W,YOR011W,0,1.1672993,0.13075374066829681,0.8938053250312805,0.6053290367126465
YKL114C,YDR471W,0,1.1670641,0.13073493540287018,0.8938053250312805,0.6054292321205139
YBL088C,YIL109C,0,1.1669209,0.13071613013744354,0.8938053250312805,0.6055294275283813
YGL067W,YHR072W-A,0,1.1667997,0.1306973397731781,0.8938053250312805,0.605629563331604
YML055W,YHR088W,0,1.1664999,0.13067854940891266,0.8938053250312805,0.6057297587394714
YMR303C,YIL127C,0,1.1664053,0.1306597739458084,0.8938053250312805,0.6058298945426941
YNR032C-A,YKR037C,0,1.1663874,0.13064098358154297,0.8938053250312805,0.6059300899505615
YKR022C,YBL021C,0,1.1660919,0.13062222301959991,0.8938053250312805,0.6060302257537842
YNL151C,YPL232W,0,1.1654615,0.13060344755649567,0.8938053250312805,0.6061304211616516
YBR040W,YDR038C,0,1.1653985,0.1305846869945526,0.8938053250312805,0.606230616569519
YOL076W,YKL087C,0,1.16491,0.13056592643260956,0.8938053250312805,0.6063307523727417
YBL105C,YJL080C,0,1.1646006,0.1305471807718277,0.8938053250312805,0.6064309477806091
YMR067C,YJR123W,0,1.1645612,0.13052843511104584,0.8938053250312805,0.6065310835838318
YDR299W,YDL160C,0,1.1644772,0.13050968945026398,0.8938053250312805,0.6066312789916992
YER071C,YGL031C,0,1.164321,0.1304909586906433,0.8938053250312805,0.6067314147949219
YGR038C-A,YMR226C,0,1.1639795,0.13047222793102264,0.8938053250312805,0.6068316102027893
YKL140W,YGL192W,0,1.1633981,0.13045349717140198,0.8938053250312805,0.6069318056106567
YKL164C,YER031C,0,1.1631742,0.1304347813129425,0.8938053250312805,0.6070319414138794
YOR061W,YKR061W,0,1.1626041,0.13041606545448303,0.8938053250312805,0.6071321368217468
YNR030W,YML070W,0,1.1625752,0.13039736449718475,0.8938053250312805,0.6072322726249695
YCL069W,YEL004W,0,1.1625615,0.13037866353988647,0.8938053250312805,0.6073324680328369
YFL002W-A,YGL160W,0,1.1625085,0.1303599625825882,0.8938053250312805,0.6074326634407043
YKL033W,YGL168W,0,1.1623957,0.13034126162528992,0.8938053250312805,0.607532799243927
YGR030C,YDR246W,0,1.162249,0.13032257556915283,0.8938053250312805,0.6076329946517944
YNL326C,YDR038C,0,1.1619629,0.13030390441417694,0.8938053250312805,0.6077331304550171
YKL032C,YDR362C,0,1.1618121,0.13028521835803986,0.8938053250312805,0.6078333258628845
YJL093C,YOR078W,0,1.1617074,0.13026654720306396,0.8938053250312805,0.6079334616661072
YDR007W,YPL154C,0,1.1609639,0.13024789094924927,0.8938053250312805,0.6080336570739746
YFL011W,YMR307W,0,1.1607683,0.13022921979427338,0.8938053250312805,0.608133852481842
YDR427W,YCR058C,0,1.1607351,0.13021057844161987,0.8938053250312805,0.6082339882850647
YDL150W,YHR042W,0,1.1606747,0.13019192218780518,0.8938053250312805,0.6083341836929321
YBL002W,YLR019W,0,1.1605437,0.13017328083515167,0.8938053250312805,0.6084343194961548
YER056C,YMR275C,0,1.1605148,0.13015463948249817,0.8938053250312805,0.6085345149040222
YKL004W,YLR040C,0,1.1604952,0.13013601303100586,0.8938053250312805,0.6086346507072449
YIL148W,YCR086W,0,1.1604893,0.13011737167835236,0.8938053250312805,0.6087348461151123
YGR030C,YJL014W,0,1.1604073,0.13009876012802124,0.8938053250312805,0.6088350415229797
YGR030C,YDR206W,0,1.1601443,0.13008013367652893,0.8938053250312805,0.6089351773262024
YMR243C,YJL089W,0,1.1599932,0.13006152212619781,0.8938053250312805,0.6090353727340698
YJL157C,YOR246C,0,1.15963,0.1300429254770279,0.8938053250312805,0.6091355085372925
YER074W-A,YNL053W,0,1.1594017,0.13002431392669678,0.8938053250312805,0.6092357039451599
YNL025C,YNL066W,0,1.1578947,0.13000571727752686,0.8938053250312805,0.6093358993530273
YBL051C,YOR298C-A,0,1.1574137,0.12998713552951813,0.8938053250312805,0.60943603515625
YDL044C,YGL168W,0,1.1573157,0.1299685388803482,0.8938053250312805,0.6095362305641174
YBR040W,YGR218W,0,1.157198,0.12994995713233948,0.8938053250312805,0.6096363663673401
YDR217C,YPR081C,0,1.1569946,0.12993139028549194,0.8938053250312805,0.6097365617752075
YKR025W,YGL106W,0,1.1568689,0.1299128234386444,0.8938053250312805,0.6098366975784302
YLR410W,YJL111W,0,1.1567185,0.12989425659179688,0.8938053250312805,0.6099368929862976
YDR153C,YER159C-A,0,1.1565881,0.12987568974494934,0.8938053250312805,0.610037088394165
YHR166C,YHR039C-B,0,1.1564971,0.129857137799263,0.8938053250312805,0.6101372241973877
YBR040W,YER109C,0,1.1564782,0.12983860075473785,0.8938053250312805,0.6102374196052551
YMR306W,YMR153W,0,1.156419,0.1298200488090515,0.8938053250312805,0.6103375554084778
YNR073C,YLR059C,0,1.1562887,0.12980151176452637,0.8938053250312805,0.6104377508163452
YER108C,YJR088C,0,1.1562511,0.12978297472000122,0.8938053250312805,0.6105378866195679
YGL254W,YBR090C-A,0,1.1560991,0.12976445257663727,0.8938053250312805,0.6106380820274353
YBL017C,YNL158W,0,1.1557783,0.12974593043327332,0.8938053250312805,0.6107382774353027
YLR265C,YPL175W,0,1.1556137,0.12972740828990936,0.8938053250312805,0.6108384132385254
YHR017W,YHR064C,0,1.1554186,0.1297089010477066,0.8938053250312805,0.6109386086463928
YNL312W,YHR191C,0,1.155418,0.12969039380550385,0.8938053250312805,0.6110387444496155
YKL158W,YPR036W,0,1.1553497,0.12967190146446228,0.8938053250312805,0.6111389398574829
YGR161C-C,YMR297W,0,1.154673,0.12965340912342072,0.8938053250312805,0.6112391352653503
YKL199C,YJR043C,0,1.1545696,0.12963491678237915,0.8938053250312805,0.611339271068573
YOR132W,YKL143W,1,1.154494,0.1297590136528015,0.8947886228561401,0.611339271068573
YOR381W,YOL103W,0,1.1540151,0.12974052131175995,0.8947886228561401,0.6114394664764404
YOR380W,YNL188W,0,1.1533558,0.12972202897071838,0.8947886228561401,0.6115396022796631
YGL028C,YDR314C,0,1.1531858,0.12970353662967682,0.8947886228561401,0.6116397976875305
YIL073C,YKL132C,0,1.1531345,0.12968504428863525,0.8947886228561401,0.6117399334907532
YNL199C,YIL039W,0,1.1527762,0.12966656684875488,0.8947886228561401,0.6118401288986206
YCL054W,YHR086W,0,1.1527382,0.1296481043100357,0.8947886228561401,0.611940324306488
YPL265W,YOR192C-B,0,1.1525645,0.12962962687015533,0.8947886228561401,0.6120404601097107
YDR311W,YOL109W,0,1.1518087,0.12961116433143616,0.8947886228561401,0.6121406555175781
YDR482C,YAR044W,0,1.1516738,0.12959270179271698,0.8947886228561401,0.6122407913208008
YNL213C,YJR077C,0,1.1515892,0.129574254155159,0.8947886228561401,0.6123409867286682
YDL058W,YML037C,1,1.1511902,0.12969817221164703,0.895771861076355,0.6123409867286682
YKL158W,YAL047C,0,1.1510093,0.12967970967292786,0.895771861076355,0.6124411225318909
YNL111C,YKR039W,0,1.150899,0.12966126203536987,0.895771861076355,0.6125413179397583
YHR101C,YPL108W,0,1.1507871,0.1296427994966507,0.895771861076355,0.6126415133476257
YLR227W-A,YBR199W,0,1.150624,0.1296243667602539,0.895771861076355,0.6127416491508484
YDR439W,YMR275C,0,1.1503501,0.12960591912269592,0.895771861076355,0.6128418445587158
YDL105W,YER082C,0,1.1500432,0.12958748638629913,0.895771861076355,0.6129419803619385
YPL270W,YPR075C,0,1.1489736,0.12956905364990234,0.895771861076355,0.6130421757698059
YER127W,YKL193C,0,1.1489707,0.12955062091350555,0.895771861076355,0.6131423711776733
YPL016W,YPR095C,0,1.1489569,0.12953220307826996,0.895771861076355,0.613242506980896
YNR037C,YBR090C-A,0,1.148243,0.12951378524303436,0.895771861076355,0.6133427023887634
YOR198C,YNR032W,0,1.1476376,0.12949538230895996,0.895771861076355,0.6134428381919861
YCL054W,YER069W,0,1.1473601,0.12947697937488556,0.895771861076355,0.6135430335998535
YDR301W,YJR022W,0,1.147135,0.12945857644081116,0.895771861076355,0.6136431694030762
YOR375C,YML034W,0,1.1471081,0.12944018840789795,0.895771861076355,0.6137433648109436
YDL185W,YNL327W,0,1.1470798,0.12942178547382355,0.895771861076355,0.613843560218811
YBR235W,YGR200C,0,1.147049,0.12940341234207153,0.895771861076355,0.6139436960220337
YKR049C,YBR029C,0,1.146899,0.12938502430915833,0.895771861076355,0.6140438914299011
YEL065W,YCR024C-A,0,1.1465429,0.1293666511774063,0.895771861076355,0.6141440272331238
YPR134W,YKL108W,0,1.1464338,0.1293482929468155,0.895771861076355,0.6142442226409912
YLR286C,YIL173W,0,1.146305,0.12932991981506348,0.895771861076355,0.6143443584442139
YJL096W,YLR081W,0,1.14504,0.12931156158447266,0.895771861076355,0.6144445538520813
YCR070W,YGL079W,0,1.1448901,0.12929321825504303,0.895771861076355,0.6145447492599487
YIL154C,YOL056W,0,1.1448783,0.1292748749256134,0.895771861076355,0.6146448850631714
YDR270W,YMR159C,1,1.1448746,0.1293984055519104,0.8967551589012146,0.6146448850631714
YGR027W-A,YDR135C,0,1.1448724,0.12938004732131958,0.8967551589012146,0.6147450804710388
YGR057C,YFL056C,0,1.1446404,0.12936170399188995,0.8967551589012146,0.6148452162742615
YLR310C,YML064C,0,1.1445972,0.12934336066246033,0.8967551589012146,0.6149454116821289
YDL087C,YNL142W,0,1.1441383,0.1293250173330307,0.8967551589012146,0.6150456070899963
YML110C,YNL279W,0,1.1435649,0.12930667400360107,0.8967551589012146,0.615145742893219
YFR024C,YKR104W,0,1.143448,0.12928834557533264,0.8967551589012146,0.6152459383010864
YOR191W,YIL156W,0,1.143091,0.1292700171470642,0.8967551589012146,0.6153460741043091
YNL272C,YLR411W,1,1.1430094,0.12939342856407166,0.8977384567260742,0.6153460741043091
YIL070C,YOL148C,0,1.1429412,0.12937508523464203,0.8977384567260742,0.6154462695121765
YGL226W,YMR063W,0,1.1428266,0.1293567568063736,0.8977384567260742,0.6155464053153992
YLR004C,YOR306C,0,1.1426846,0.12933842837810516,0.8977384567260742,0.6156466007232666
YPR201W,YHR193C,0,1.1422529,0.12932011485099792,0.8977384567260742,0.615746796131134
YPL159C,YHR039C-B,0,1.1419334,0.12930180132389069,0.8977384567260742,0.6158469319343567
YOR343W-A,YHR046C,0,1.141875,0.12928348779678345,0.8977384567260742,0.6159471273422241
YKL021C,YCR040W,0,1.1418276,0.1292651891708374,0.8977384567260742,0.6160472631454468
YER048W-A,YCL047C,0,1.1415429,0.12924689054489136,0.8977384567260742,0.6161474585533142
YFR046C,YJL164C,0,1.1396163,0.1292285919189453,0.8977384567260742,0.6162475943565369
YCR073C,YDL020C,0,1.1393692,0.12921030819416046,0.8977384567260742,0.6163477897644043
YMR236W,YDL240W,0,1.1389084,0.1291920244693756,0.8977384567260742,0.6164479851722717
YML026C,YGL124C,0,1.1387954,0.12917374074459076,0.8977384567260742,0.6165481209754944
YMR170C,YPL203W,0,1.138698,0.1291554719209671,0.8977384567260742,0.6166483163833618
YNL087W,YPL140C,0,1.1386144,0.12913720309734344,0.8977384567260742,0.6167484521865845
YKR039W,YPL218W,1,1.1384754,0.1292603611946106,0.8987217545509338,0.6167484521865845
YMR063W,YKR039W,0,1.1378591,0.12924207746982574,0.8987217545509338,0.6168486475944519
YBR135W,YHR202W,0,1.1373994,0.1292238086462021,0.8987217545509338,0.6169487833976746
YPR151C,YJL062W-A,0,1.1372731,0.12920553982257843,0.8987217545509338,0.617048978805542
YLR376C,YPR143W,0,1.1372676,0.12918728590011597,0.8987217545509338,0.6171491742134094
YKL101W,YLR002C,0,1.1369212,0.1291690170764923,0.8987217545509338,0.6172493100166321
YKL089W,YMR302C,0,1.1368643,0.12915076315402985,0.8987217545509338,0.6173495054244995
YFL031W,YDL166C,0,1.1368333,0.12913252413272858,0.8987217545509338,0.6174496412277222
YBR038W,YJL108C,0,1.1368208,0.1291142851114273,0.8987217545509338,0.6175498366355896
YNL247W,YGL023C,0,1.1367726,0.12909604609012604,0.8987217545509338,0.617650032043457
YIL018W,YNL053W,0,1.1364903,0.12907780706882477,0.8987217545509338,0.6177501678466797
YCR068W,YAR042W,1,1.136395,0.1292007863521576,0.8997049927711487,0.6177501678466797
YKL100C,YLR299W,0,1.1359239,0.12918254733085632,0.8997049927711487,0.6178503632545471
YLR128W,YDR210W-B,0,1.1352878,0.12916430830955505,0.8997049927711487,0.6179504990577698
YPL092W,YDR280W,0,1.1351618,0.12914608418941498,0.8997049927711487,0.6180506944656372
YIR013C,YPR032W,0,1.1347818,0.1291278600692749,0.8997049927711487,0.6181508302688599
YFR016C,YPL239W,0,1.1342326,0.12910963594913483,0.8997049927711487,0.6182510256767273
YLR139C,YPL133C,0,1.1339346,0.12909142673015594,0.8997049927711487,0.6183512210845947
YDL100C,YCR072C,0,1.1338482,0.12907321751117706,0.8997049927711487,0.6184513568878174
YLR139C,YNL325C,0,1.1338439,0.12905500829219818,0.8997049927711487,0.6185515522956848
YHL009W-B,YGR194C,0,1.133594,0.1290368139743805,0.8997049927711487,0.6186516880989075
YOR018W,YIL114C,0,1.1334358,0.1290186196565628,0.8997049927711487,0.6187518835067749
YJR139C,YOR267C,0,1.1329666,0.12900042533874512,0.8997049927711487,0.6188520193099976
YCR086W,YKL096W,0,1.1327109,0.12898224592208862,0.8997049927711487,0.618952214717865
YPL159C,YBR092C,0,1.1319323,0.12896406650543213,0.8997049927711487,0.6190524101257324
YLR423C,YPL186C,0,1.1314819,0.12894588708877563,0.8997049927711487,0.6191525459289551
YBR130C,YIL172C,0,1.1309028,0.12892772257328033,0.8997049927711487,0.6192527413368225
YLR237W,YDL064W,0,1.1308724,0.12890955805778503,0.8997049927711487,0.6193528771400452
YDR253C,YLR023C,0,1.130784,0.12889139354228973,0.8997049927711487,0.6194530725479126
YLL050C,YGL166W,0,1.1307126,0.12887324392795563,0.8997049927711487,0.61955326795578
YBL010C,YOR306C,0,1.1306307,0.12885509431362152,0.8997049927711487,0.6196534037590027
YOR066W,YNL093W,0,1.1305292,0.12883694469928741,0.8997049927711487,0.6197535991668701
YLR448W,YBL006C,0,1.1303371,0.1288188099861145,0.8997049927711487,0.6198537349700928
YJL204C,YOL092W,0,1.1303219,0.1288006752729416,0.8997049927711487,0.6199539303779602
YDL210W,YOR151C,0,1.130273,0.12878254055976868,0.8997049927711487,0.6200540661811829
YBR094W,YBR152W,0,1.1302285,0.12876442074775696,0.8997049927711487,0.6201542615890503
YDR533C,YMR261C,0,1.1301706,0.12874630093574524,0.8997049927711487,0.6202544569969177
YGL126W,YLR007W,0,1.1301626,0.12872819602489471,0.8997049927711487,0.6203545928001404
YLR092W,YDL209C,0,1.1301583,0.1287100911140442,0.8997049927711487,0.6204547882080078
YML120C,YFL004W,0,1.1300156,0.12869198620319366,0.8997049927711487,0.6205549240112305
YER074W-A,YGR163W,1,1.1298798,0.12881451845169067,0.9006882905960083,0.6205549240112305
YNL272C,YLR025W,1,1.1296821,0.1289370059967041,0.9016715884208679,0.6205549240112305
YOL109W,YER106W,0,1.1295215,0.12891888618469238,0.9016715884208679,0.6206551194190979
YGR002C,YER074W-A,0,1.1288435,0.12890076637268066,0.9016715884208679,0.6207552552223206
YHL038C,YOR113W,0,1.1283417,0.12888264656066895,0.9016715884208679,0.620855450630188
YJR046W,YMR316W,0,1.127933,0.12886452674865723,0.9016715884208679,0.6209556460380554
YOR118W,YDR320C-A,0,1.1272509,0.1288464218378067,0.9016715884208679,0.6210557818412781
YNL062C,YNL268W,0,1.1271672,0.12882831692695618,0.9016715884208679,0.6211559772491455
YGR286C,YEL038W,0,1.1268536,0.12881022691726685,0.9016715884208679,0.6212561130523682
YJL018W,YDL122W,0,1.1265368,0.12879213690757751,0.9016715884208679,0.6213563084602356
YBR100W,YDR435C,0,1.1263217,0.12877404689788818,0.9016715884208679,0.621456503868103
YMR053C,YLR405W,0,1.126199,0.12875597178936005,0.9016715884208679,0.6215566396713257
YER073W,YGR272C,0,1.1261034,0.1287378966808319,0.9016715884208679,0.6216568350791931
YNL101W,YLR246W,0,1.1260842,0.12871982157230377,0.9016715884208679,0.6217569708824158
YPR048W,YCR098C,0,1.1259577,0.12870176136493683,0.9016715884208679,0.6218571662902832
YNL210W,YKL132C,0,1.1257381,0.1286836862564087,0.9016715884208679,0.6219573020935059
YBL066C,YIL172C,0,1.125565,0.12866564095020294,0.9016715884208679,0.6220574975013733
YGR172C,YML037C,1,1.125299,0.12878787517547607,0.9026548862457275,0.6220574975013733
YPL124W,YHR158C,0,1.1251245,0.12876981496810913,0.9026548862457275,0.6221576929092407
YNL189W,YBL071W-A,0,1.1251013,0.1287517547607422,0.9026548862457275,0.6222578287124634
YOL051W,YLR446W,0,1.1248829,0.12873369455337524,0.9026548862457275,0.6223580241203308
YML015C,YNL053W,0,1.1247896,0.1287156492471695,0.9026548862457275,0.6224581599235535
YGL084C,YOL115W,0,1.1245949,0.12869760394096375,0.9026548862457275,0.6225583553314209
YIL103W,YMR297W,0,1.124529,0.128679558634758,0.9026548862457275,0.6226584911346436
YGL206C,YJR031C,1,1.1243217,0.12880168855190277,0.9036381244659424,0.6226584911346436
YMR164C,YHL026C,0,1.1241691,0.12878362834453583,0.9036381244659424,0.622758686542511
YAL026C,YOL120C,0,1.1239897,0.12876558303833008,0.9036381244659424,0.6228588819503784
YJL062W-A,YOR359W,0,1.1239829,0.12874755263328552,0.9036381244659424,0.6229590177536011
YGR184C,YBR240C,0,1.123835,0.12872950732707977,0.9036381244659424,0.6230592131614685
YDR147W,YIL017C,0,1.1238139,0.1287114918231964,0.9036381244659424,0.6231593489646912
YGR215W,YBR299W,0,1.1238115,0.12869346141815186,0.9036381244659424,0.6232595443725586
YNR037C,YGR289C,0,1.1235971,0.1286754459142685,0.9036381244659424,0.623359739780426
YPL092W,YOR174W,0,1.1233411,0.12865743041038513,0.9036381244659424,0.6234598755836487
YML005W,YLR292C,0,1.123312,0.12863941490650177,0.9036381244659424,0.6235600709915161
YNR071C,YBR090C-A,0,1.1231937,0.1286214143037796,0.9036381244659424,0.6236602067947388
YPL233W,YGR029W,0,1.1226852,0.12860341370105743,0.9036381244659424,0.6237604022026062
YPR186C,YDR329C,0,1.1224468,0.12858541309833527,0.9036381244659424,0.6238605380058289
YBL035C,YPL164C,0,1.1224425,0.1285674273967743,0.9036381244659424,0.6239607334136963
YLR449W,YOR242C,0,1.1221397,0.12854944169521332,0.9036381244659424,0.6240609288215637
YNL213C,YPL162C,0,1.1220741,0.12853147089481354,0.9036381244659424,0.6241610646247864
YGR217W,YER031C,0,1.1219037,0.12851350009441376,0.9036381244659424,0.6242612600326538
YBR104W,YDR342C,0,1.1218061,0.12849552929401398,0.9036381244659424,0.6243613958358765
YDR111C,YNR056C,0,1.1215312,0.1284775584936142,0.9036381244659424,0.6244615912437439
YKL158W,YDR040C,0,1.1213825,0.1284596025943756,0.9036381244659424,0.6245617270469666
YNL301C,YOL034W,0,1.1213616,0.12844164669513702,0.9036381244659424,0.624661922454834
YBR239C,YDL174C,0,1.1210973,0.12842370569705963,0.9036381244659424,0.6247621178627014
YGL232W,YPL055C,0,1.1210709,0.12840574979782104,0.9036381244659424,0.6248622536659241
YHR185C,YLR015W,0,1.12082,0.12838782370090485,0.9036381244659424,0.6249624490737915
YKL021C,YDR515W,0,1.1206596,0.12836988270282745,0.9036381244659424,0.6250625848770142
YLR242C,YKL148C,0,1.1204684,0.12835195660591125,0.9036381244659424,0.6251627802848816
YGR057C,YDL192W,1,1.1204208,0.1284736841917038,0.904621422290802,0.6251627802848816
YLR038C,YPL255W,0,1.1197468,0.1284557431936264,0.904621422290802,0.625262975692749
YER108C,YML106W,0,1.1193688,0.128437802195549,0.904621422290802,0.6253631114959717
YAL001C,YFR030W,0,1.1193352,0.1284198760986328,0.904621422290802,0.6254633069038391
YOR088W,YKL209C,0,1.1190233,0.1284019500017166,0.904621422290802,0.6255634427070618
YOL029C,YOR264W,0,1.1188549,0.1283840388059616,0.904621422290802,0.6256636381149292
YBL046W,YDR034C-C,0,1.1183267,0.1283661276102066,0.904621422290802,0.6257637739181519
YNR032C-A,YDR397C,0,1.1181743,0.1283482164144516,0.904621422290802,0.6258639693260193
YIL129C,YIR010W,0,1.1177781,0.1283303052186966,0.904621422290802,0.6259641647338867
YBR069C,YJR067C,0,1.1176817,0.12831240892410278,0.904621422290802,0.6260643005371094
YKL073W,YGL206C,0,1.1173861,0.12829451262950897,0.904621422290802,0.6261644959449768
YPL135W,YML082W,0,1.1173315,0.12827663123607635,0.904621422290802,0.6262646317481995
YNL173C,YPL079W,0,1.1172533,0.12825874984264374,0.904621422290802,0.6263648271560669
YGL070C,YLR115W,0,1.1171939,0.12824086844921112,0.904621422290802,0.6264649629592896
YKL024C,YHR044C,0,1.1171572,0.1282230019569397,0.904621422290802,0.626565158367157
YGR184C,YJL080C,0,1.1169039,0.12820513546466827,0.904621422290802,0.6266653537750244
YAR010C,YER140W,0,1.1165899,0.12818726897239685,0.904621422290802,0.6267654895782471
YLR411W,YGL210W,1,1.1165034,0.1283087283372879,0.9056047201156616,0.6267654895782471
YDR308C,YCL062W,0,1.1160078,0.12829084694385529,0.9056047201156616,0.6268656849861145
YLR388W,YGL079W,0,1.1157554,0.12827298045158386,0.9056047201156616,0.6269658207893372
YKL178C,YLR249W,0,1.1155863,0.12825511395931244,0.9056047201156616,0.6270660161972046
YPR122W,YGR200C,0,1.1154271,0.1282372623682022,0.9056047201156616,0.627166211605072
YDR439W,YER109C,0,1.115169,0.12821941077709198,0.9056047201156616,0.6272663474082947
YLR340W,YKR053C,0,1.1151412,0.12820155918598175,0.9056047201156616,0.6273665428161621
YOR358W,YOR046C,0,1.1147838,0.12818372249603271,0.9056047201156616,0.6274666786193848
YMR307W,YOR327C,1,1.1144009,0.12830503284931183,0.9065880179405212,0.6274666786193848
YNL062C,YNR007C,0,1.114378,0.1282871812582016,0.9065880179405212,0.6275668740272522
YPL036W,YBL101W-A,0,1.1138675,0.12826934456825256,0.9065880179405212,0.6276670098304749
YJL021C,YGL064C,0,1.1138185,0.12825149297714233,0.9065880179405212,0.6277672052383423
YPL153C,YHR072W,0,1.1135814,0.1282336562871933,0.9065880179405212,0.6278674006462097
YMR015C,YHR101C,0,1.113514,0.12821581959724426,0.9065880179405212,0.6279675364494324
YMR074C,YOR192C-A,0,1.1133921,0.12819799780845642,0.9065880179405212,0.6280677318572998
YCR020W-B,YPL061W,0,1.1122581,0.12818017601966858,0.9065880179405212,0.6281678676605225
YJR152W,YEL003W,0,1.1120375,0.12816235423088074,0.9065880179405212,0.6282680630683899
YOR153W,YJL098W,0,1.1117749,0.1281445473432541,0.9065880179405212,0.6283681988716125
YKR065C,YLR438C-A,0,1.111378,0.12812674045562744,0.9065880179405212,0.62846839427948
YNL151C,YER069W,0,1.1111931,0.1281089335680008,0.9065880179405212,0.6285685896873474
YDR005C,YNL311C,0,1.1110399,0.12809114158153534,0.9065880179405212,0.6286687254905701
YNL075W,YKL116C,0,1.1110129,0.12807334959506989,0.9065880179405212,0.6287689208984375
YDR219C,YDR088C,0,1.1094714,0.12805555760860443,0.9065880179405212,0.6288690567016602
YJL021C,YLL014W,0,1.1086488,0.12803776562213898,0.9065880179405212,0.6289692521095276
YER074W-A,YPL170W,1,1.107764,0.128158837556839,0.9075713157653809,0.6289692521095276
YGR038C-A,YKL194C,0,1.1077224,0.12814104557037354,0.9075713157653809,0.629069447517395
YPL283C,YGR194C,0,1.1075383,0.12812326848506927,0.9075713157653809,0.6291695833206177
YOL132W,YDR506C,0,1.1067107,0.12810547649860382,0.9075713157653809,0.6292697787284851
YOR001W,YKL058W,0,1.1066016,0.12808769941329956,0.9075713157653809,0.6293699145317078
YOL058W,YCL067C,0,1.106365,0.1280699372291565,0.9075713157653809,0.6294701099395752
YFR016C,YNR071C,0,1.1054646,0.12805216014385223,0.9075713157653809,0.6295702457427979
YCR023C,YJL062W-A,0,1.105442,0.12803439795970917,0.9075713157653809,0.6296704411506653
YGL044C,YCL062W,0,1.1051009,0.1280166506767273,0.9075713157653809,0.6297706365585327
YDR313C,YGL124C,1,1.1050763,0.12813757359981537,0.9085545539855957,0.6297706365585327
YMR045C,YNL053W,0,1.1050419,0.1281197965145111,0.9085545539855957,0.6298707723617554
YLR248W,YGR030C,0,1.104217,0.12810203433036804,0.9085545539855957,0.6299709677696228
YHR160C,YGL150C,0,1.1041579,0.12808428704738617,0.9085545539855957,0.6300711035728455
YGR123C,YOR360C,0,1.1038058,0.1280665248632431,0.9085545539855957,0.6301712989807129
YOR058C,YMR290C,0,1.1036398,0.12804877758026123,0.9085545539855957,0.6302714347839355
YIL087C,YOR150W,0,1.1034045,0.12803104519844055,0.9085545539855957,0.630371630191803
YDL226C,YNL192W,1,1.1031518,0.12815184891223907,0.9095378518104553,0.630371630191803
YBR104W,YER113C,0,1.1027896,0.128134086728096,0.9095378518104553,0.6304718255996704
YIL048W,YGR172C,1,1.102422,0.12825484573841095,0.9105211496353149,0.6304718255996704
YML004C,YML064C,0,1.1022488,0.12823708355426788,0.9105211496353149,0.6305719614028931
YFL041W,YNL024C,0,1.1021247,0.128219336271286,0.9105211496353149,0.6306721568107605
YBR123C,YML038C,0,1.1020198,0.12820157408714294,0.9105211496353149,0.6307722926139832
YNL133C,YHR190W,0,1.1017774,0.12818382680416107,0.9105211496353149,0.6308724880218506
YBR100W,YOR322C,0,1.1006047,0.1281660944223404,0.9105211496353149,0.6309726238250732
YIR019C,YDL136W,0,1.100565,0.12814834713935852,0.9105211496353149,0.6310728192329407
YPL001W,YFR008W,0,1.1003113,0.12813061475753784,0.9105211496353149,0.6311730146408081
YIL013C,YMR303C,0,1.1002871,0.12811289727687836,0.9105211496353149,0.6312731504440308
YDL156W,YML121W,0,1.1002254,0.12809516489505768,0.9105211496353149,0.6313733458518982
YPR065W,YKL220C,0,1.0999577,0.1280774623155594,0.9105211496353149,0.6314734816551208
YMR312W,YLR109W,0,1.0997878,0.1280597448348999,0.9105211496353149,0.6315736770629883
YDL141W,YOR272W,0,1.0993642,0.1280420422554016,0.9105211496353149,0.6316738724708557
YGR212W,YKR053C,0,1.0993376,0.12802433967590332,0.9105211496353149,0.6317740082740784
YOL117W,YLL018C,0,1.0991776,0.12800663709640503,0.9105211496353149,0.6318742036819458
YEL005C,YLR181C,1,1.0991122,0.12812715768814087,0.9115044474601746,0.6318742036819458
YGR208W,YJL018W,0,1.0990782,0.12810945510864258,0.9115044474601746,0.6319743394851685
YLR013W,YDR129C,0,1.098665,0.1280917525291443,0.9115044474601746,0.6320745348930359
YIL066C,YIL107C,0,1.0986456,0.128074049949646,0.9115044474601746,0.6321746706962585
YGL115W,YIL150C,0,1.0986362,0.1280563622713089,0.9115044474601746,0.632274866104126
YDR054C,YDR448W,0,1.0983541,0.1280386745929718,0.9115044474601746,0.6323750615119934
YNL039W,YHL024W,0,1.0982282,0.1280209869146347,0.9115044474601746,0.6324751973152161
YJL203W,YMR113W,0,1.0981034,0.1280033141374588,0.9115044474601746,0.6325753927230835
YGR280C,YNL280C,0,1.09807,0.1279856413602829,0.9115044474601746,0.6326755285263062
YKR018C,YAL008W,0,1.0977502,0.127967968583107,0.9115044474601746,0.6327757239341736
YDR231C,YER044C,0,1.0969992,0.12795031070709229,0.9115044474601746,0.6328758597373962
YER005W,YER142C,0,1.0969682,0.12793265283107758,0.9115044474601746,0.6329760551452637
YKR025W,YBL022C,0,1.096851,0.12791499495506287,0.9115044474601746,0.6330762505531311
YJL058C,YML113W,0,1.0966078,0.12789735198020935,0.9115044474601746,0.6331763863563538
YGR004W,YER035W,0,1.0965642,0.12787970900535583,0.9115044474601746,0.6332765817642212
YOL012C,YAL053W,0,1.0964131,0.12786206603050232,0.9115044474601746,0.6333767175674438
YPL019C,YBL087C,0,1.0963202,0.12784443795681,0.9115044474601746,0.6334769129753113
YIL044C,YMR159C,1,1.0958612,0.12796470522880554,0.9124876856803894,0.6334769129753113
YDR118W,YER048C,0,1.0956967,0.12794706225395203,0.9124876856803894,0.6335771083831787
YML011C,YLR061W,0,1.0955755,0.1279294192790985,0.9124876856803894,0.6336772441864014
YMR256C,YNL137C,0,1.0952605,0.1279117912054062,0.9124876856803894,0.6337774395942688
YDL042C,YDR044W,0,1.0952291,0.12789416313171387,0.9124876856803894,0.6338775753974915
YNL064C,YKR050W,0,1.0951363,0.12787653505802155,0.9124876856803894,0.6339777708053589
YJL170C,YML060W,0,1.094954,0.12785890698432922,0.9124876856803894,0.6340779066085815
YEL005C,YNL297C,1,1.0946087,0.12797905504703522,0.913470983505249,0.6340779066085815
YIL043C,YMR311C,0,1.0942466,0.1279614269733429,0.913470983505249,0.634178102016449
YMR216C,YOL135C,0,1.094186,0.12794381380081177,0.913470983505249,0.6342782974243164
YOR389W,YDL066W,0,1.0933652,0.12792618572711945,0.913470983505249,0.6343784332275391
YDR078C,YBR003W,0,1.0932412,0.12790857255458832,0.913470983505249,0.6344786286354065
YBR160W,YHR094C,0,1.0927424,0.12789097428321838,0.913470983505249,0.6345787644386292
YLR010C,YER072W,0,1.0925122,0.12787336111068726,0.913470983505249,0.6346789598464966
YML024W,YOR010C,0,1.0923481,0.12785576283931732,0.913470983505249,0.6347790956497192
YLR313C,YER061C,0,1.0923353,0.12783817946910858,0.913470983505249,0.6348792910575867
YDL136W,YLL057C,0,1.0922036,0.12782058119773865,0.913470983505249,0.6349794864654541
YDL104C,YJL025W,0,1.091819,0.1278029978275299,0.913470983505249,0.6350796222686768
YOR240W,YKL132C,0,1.0916356,0.12778541445732117,0.913470983505249,0.6351798176765442
YKR030W,YHR094C,0,1.0916163,0.12776784598827362,0.913470983505249,0.6352799534797668
YNR012W,YGR029W,0,1.0914462,0.12775027751922607,0.913470983505249,0.6353801488876343
YLR408C,YLR181C,1,1.0910418,0.12787020206451416,0.9144542813301086,0.6353801488876343
YKL099C,YCL011C,0,1.0907784,0.12785261869430542,0.9144542813301086,0.6354803442955017
YGL086W,YMR106C,0,1.0906425,0.12783505022525787,0.9144542813301086,0.6355804800987244
YAL062W,YJR159W,0,1.0906086,0.12781748175621033,0.9144542813301086,0.6356806755065918
YIR014W,YPR021C,0,1.0905992,0.12779991328716278,0.9144542813301086,0.6357808113098145
YHR014W,YIL023C,0,1.0903858,0.12778235971927643,0.9144542813301086,0.6358810067176819
YIL125W,YIL073C,0,1.0898745,0.12776480615139008,0.9144542813301086,0.6359811425209045
YCR053W,YER054C,0,1.0896206,0.12774725258350372,0.9144542813301086,0.636081337928772
YNL075W,YGL133W,0,1.0888932,0.12772971391677856,0.9144542813301086,0.6361815333366394
YOR140W,YGR071C,0,1.0883391,0.1277121603488922,0.9144542813301086,0.6362816691398621
YGL151W,YGR161C-C,0,1.088274,0.12769463658332825,0.9144542813301086,0.6363818645477295
YDR025W,YMR153W,0,1.0880067,0.1276770979166031,0.9144542813301086,0.6364820003509521
YDR345C,YDR316W-A,0,1.0879451,0.12765957415103912,0.9144542813301086,0.6365821957588196
YBL093C,YLR284C,0,1.087697,0.12764205038547516,0.9144542813301086,0.6366823315620422
YAL025C,YDR214W,0,1.087669,0.1276245415210724,0.9144542813301086,0.6367825269699097
YOL127W,YIL053W,0,1.0868938,0.12760703265666962,0.9144542813301086,0.6368827223777771
YBL060W,YPL021W,0,1.0865002,0.12758952379226685,0.9144542813301086,0.6369828581809998
YER071C,YGR014W,0,1.0864134,0.12757201492786407,0.9144542813301086,0.6370830535888672
YLR430W,YIL162W,0,1.0863528,0.1275545209646225,0.9144542813301086,0.6371831893920898
YGR152C,YDR381W,0,1.085764,0.12753702700138092,0.9144542813301086,0.6372833847999573
YHR105W,YKL146W,0,1.0856197,0.12751953303813934,0.9144542813301086,0.6373835802078247
YJL018W,YJR058C,0,1.0855154,0.12750205397605896,0.9144542813301086,0.6374837160110474
YBR273C,YMR211W,0,1.0854096,0.12748457491397858,0.9144542813301086,0.6375839114189148
YGR087C,YPL157W,0,1.0846206,0.1274671107530594,0.9144542813301086,0.6376840472221375
YMR188C,YJL083W,0,1.0845629,0.127449631690979,0.9144542813301086,0.6377842426300049
YER129W,YJR077C,0,1.0844183,0.12743216753005981,0.9144542813301086,0.6378843784332275
YIL144W,YNL103W,0,1.0841818,0.12741471827030182,0.9144542813301086,0.637984573841095
YAL021C,YOL122C,0,1.0834676,0.12739725410938263,0.9144542813301086,0.6380847692489624
YEL046C,YBR098W,0,1.0833509,0.12737980484962463,0.9144542813301086,0.6381849050521851
YGL021W,YLR056W,0,1.0831239,0.12736237049102783,0.9144542813301086,0.6382851004600525
YCL012W,YJL115W,0,1.0830746,0.12734492123126984,0.9144542813301086,0.6383852362632751
YJL207C,YOR347C,0,1.0830168,0.12732748687267303,0.9144542813301086,0.6384854316711426
YLR431C,YIR010W,0,1.0826975,0.12731006741523743,0.9144542813301086,0.6385855674743652
YDR484W,YFL002C,0,1.082452,0.12729263305664062,0.9144542813301086,0.6386857628822327
YDR320C,YFR055W,0,1.0820514,0.12727521359920502,0.9144542813301086,0.6387859582901001
YOR117W,YAL010C,0,1.0816618,0.1272577941417694,0.9144542813301086,0.6388860940933228
YGR286C,YHR202W,0,1.0813546,0.127240389585495,0.9144542813301086,0.6389862895011902
YMR292W,YIL050W,0,1.0813422,0.12722298502922058,0.9144542813301086,0.6390864253044128
YLR119W,YDR113C,0,1.0812917,0.12720558047294617,0.9144542813301086,0.6391866207122803
YPL189C-A,YIL007C,0,1.081161,0.12718819081783295,0.9144542813301086,0.6392868161201477
YPL096C-A,YMR217W,0,1.081161,0.12717078626155853,0.9144542813301086,0.6393869519233704
YMR231W,YAR070W-A,0,1.081161,0.1271534115076065,0.9144542813301086,0.6394871473312378
YML047C,YGL210W-A,0,1.081161,0.1271360218524933,0.9144542813301086,0.6395872831344604
YML011C,YDL134C-A,0,1.081161,0.12711864709854126,0.9144542813301086,0.6396874785423279
YER108C,YDR128W,0,1.081161,0.12710127234458923,0.9144542813301086,0.6397876143455505
YKL027W,YBR200W-A,0,1.081161,0.1270838975906372,0.9144542813301086,0.639887809753418
YNL024C-A,YDL080C,0,1.081161,0.12706653773784637,0.9144542813301086,0.6399880051612854
YDR147W,YOR343C-B,0,1.081161,0.12704917788505554,0.9144542813301086,0.6400881409645081
YLR299W,YKR095W-A,0,1.081161,0.1270318329334259,0.9144542813301086,0.6401883363723755
YFL018W-A,YPR175W,0,1.081161,0.12701447308063507,0.9144542813301086,0.6402884721755981
YDR377W,YBL008W-A,0,1.081161,0.12699712812900543,0.9144542813301086,0.6403886675834656
YFL018W-A,YER014W,0,1.081161,0.126979798078537,0.9144542813301086,0.6404888033866882
YCL063W,YFL035C-A,0,1.081161,0.12696245312690735,0.9144542813301086,0.6405889987945557
YGR103W,YBR200W-A,0,1.081161,0.1269451230764389,0.9144542813301086,0.6406891942024231
YPL089C,YBR200W-A,0,1.081161,0.12692780792713165,0.9144542813301086,0.6407893300056458
YHR099W,YDR079C-A,0,1.081161,0.1269104778766632,0.9144542813301086,0.6408895254135132
YJR098C,YDR210W-D,0,1.081161,0.12689316272735596,0.9144542813301086,0.6409896612167358
YGL255W,YER053C-A,0,1.081161,0.1268758475780487,0.9144542813301086,0.6410898566246033
YGL089C,YJL133C-A,0,1.081161,0.12685854732990265,0.9144542813301086,0.6411900520324707
YOR343C-B,YKR067W,0,1.081161,0.1268412470817566,0.9144542813301086,0.6412901878356934
YFL035C-A,YML018C,0,1.081161,0.12682394683361053,0.9144542813301086,0.6413903832435608
YFL052W,YHR214W-G,0,1.081161,0.12680664658546448,0.9144542813301086,0.6414905190467834
YOR343C-B,YIL121W,0,1.081161,0.12678936123847961,0.9144542813301086,0.6415907144546509
YCL048W-A,YGR004W,0,1.081161,0.12677207589149475,0.9144542813301086,0.6416908502578735
YDR210W-D,YJL108C,0,1.081161,0.12675480544567108,0.9144542813301086,0.641791045665741
YNL243W,YBL008W-A,0,1.081161,0.1267375349998474,0.9144542813301086,0.6418912410736084
YNR038W,YDL134C-A,0,1.081161,0.12672026455402374,0.9144542813301086,0.641991376876831
YPL060C-A,YDL134C-A,0,1.081161,0.12670299410820007,0.9144542813301086,0.6420915722846985
YFR051C,YOL086W-A,0,1.081161,0.1266857385635376,0.9144542813301086,0.6421917080879211
YER184C,YAR070W-A,0,1.081161,0.12666848301887512,0.9144542813301086,0.6422919034957886
YCL027C-A,YGR170W,0,1.081161,0.12665122747421265,0.9144542813301086,0.6423920392990112
YGR158C,YDR210W-C,0,1.081161,0.12663398683071136,0.9144542813301086,0.6424922347068787
YDL038C,YFR041C,0,1.081161,0.12661674618721008,0.9144542813301086,0.6425924301147461
YDR247W,YOR396W,0,1.081161,0.1265995055437088,0.9144542813301086,0.6426925659179688
YJL018W,YDR235W,0,1.081161,0.1265822798013687,0.9144542813301086,0.6427927613258362
YDR412W,YOL086W-A,0,1.081161,0.12656505405902863,0.9144542813301086,0.6428928971290588
YLR048W,YOL086W-A,0,1.081161,0.12654782831668854,0.9144542813301086,0.6429930925369263
YFL035C-B,YER143W,0,1.081161,0.12653061747550964,0.9144542813301086,0.6430932879447937
YMR177W,YNL024C-A,0,1.081161,0.12651340663433075,0.9144542813301086,0.6431934237480164
YLR337W,YER172C,0,1.081161,0.12649619579315186,0.9144542813301086,0.6432936191558838
YMR015C,YAR070W-A,0,1.081161,0.12647898495197296,0.9144542813301086,0.6433937549591064
YKR099C-A,YOR306C,0,1.081161,0.12646178901195526,0.9144542813301086,0.6434939503669739
YFL034C-A,YHR214W-G,0,1.081161,0.12644459307193756,0.9144542813301086,0.6435940861701965
YNL218W,YBL008W-A,0,1.081161,0.12642741203308105,0.9144542813301086,0.643694281578064
YDR515W,YOR343C-B,0,1.081161,0.12641021609306335,0.9144542813301086,0.6437944769859314
YJL021C,YNR070W,0,1.081161,0.12639303505420685,0.9144542813301086,0.643894612789154
YDR484W,YGL258W-A,0,1.081161,0.12637586891651154,0.9144542813301086,0.6439948081970215
YCR029C-A,YIL097W,0,1.081161,0.12635870277881622,0.9144542813301086,0.6440949440002441
YKR099C-A,YLR233C,0,1.081161,0.1263415366411209,0.9144542813301086,0.6441951394081116
YHL006C,YFL035C-B,0,1.081161,0.1263243705034256,0.9144542813301086,0.6442952752113342
YBL008W-A,YIL016W,0,1.081161,0.12630720436573029,0.9144542813301086,0.6443954706192017
YCL027C-A,YOR030W,0,1.081161,0.12629005312919617,0.9144542813301086,0.6444956660270691
YCL044C,YBL008W-A,0,1.081161,0.12627291679382324,0.9144542813301086,0.6445958018302917
YLR312C-B,YOL122C,0,1.081161,0.12625576555728912,0.9144542813301086,0.6446959972381592
YAL048C,YJL133C-A,0,1.081161,0.1262386292219162,0.9144542813301086,0.6447961330413818
YGL258W-A,YBR055C,0,1.081161,0.12622149288654327,0.9144542813301086,0.6448963284492493
YBR001C,YGL258W-A,0,1.081161,0.12620437145233154,0.9144542813301086,0.6449964642524719
YPL096C-A,YOL154W,0,1.081161,0.1261872500181198,0.9144542813301086,0.6450966596603394
YGR292W,YPL189C-A,0,1.081161,0.12617012858390808,0.9144542813301086,0.6451968550682068
YLR013W,YBR200W-A,0,1.081161,0.12615300714969635,0.9144542813301086,0.6452969908714294
YOR343C-B,YML115C,0,1.081161,0.1261359006166458,0.9144542813301086,0.6453971862792969
YDR365W-A,YLR154W-C,0,1.081161,0.12611879408359528,0.9144542813301086,0.6454973220825195
YMR171C,YOR343C-A,0,1.081161,0.12610168755054474,0.9144542813301086,0.645597517490387
YCL027C-A,YPR004C,0,1.081161,0.1260845959186554,0.9144542813301086,0.6456977128982544
YPR063C,YOR343C-B,0,1.081161,0.12606750428676605,0.9144542813301086,0.645797848701477
YPL220W,YOR343C-A,0,1.081161,0.1260504275560379,0.9144542813301086,0.6458980441093445
YNL024C-A,YNL272C,0,1.081161,0.12603333592414856,0.9144542813301086,0.6459981799125671
YDR198C,YFL035C-B,0,1.081161,0.1260162591934204,0.9144542813301086,0.6460983753204346
YML033W,YNR016C,0,1.081161,0.12599918246269226,0.9144542813301086,0.6461985111236572
YJR152W,YBL008W-A,0,1.081161,0.1259821206331253,0.9144542813301086,0.6462987065315247
YDR452W,YER053C-A,0,1.081161,0.12596505880355835,0.9144542813301086,0.6463989019393921
YLR312C-B,YER089C,0,1.081161,0.1259479969739914,0.9144542813301086,0.6464990377426147
YPL076W,YNL024C-A,0,1.081161,0.12593093514442444,0.9144542813301086,0.6465992331504822
YGR274C,YFL035C-B,0,1.081161,0.12591388821601868,0.9144542813301086,0.6466993689537048
YCL027C-A,YGL234W,0,1.081161,0.12589684128761292,0.9144542813301086,0.6467995643615723
YFL018W-A,YPL256C,0,1.081161,0.12587980926036835,0.9144542813301086,0.6468997001647949
YDL212W,YLR154W-C,0,1.081161,0.12586276233196259,0.9144542813301086,0.6469998955726624
YFL034C-A,YBL008W-A,0,1.081161,0.12584573030471802,0.9144542813301086,0.6471000909805298
YFL018W-A,YDL104C,0,1.081161,0.12582871317863464,0.9144542813301086,0.6472002267837524
YER053C-A,YMR167W,0,1.081161,0.12581168115139008,0.9144542813301086,0.6473004221916199
YCL027C-A,YFR055W,0,1.081161,0.1257946640253067,0.9144542813301086,0.6474005579948425
YBL008W-A,YDR210W,0,1.081161,0.12577766180038452,0.9144542813301086,0.64750075340271
YBR200W-A,YDR001C,0,1.081161,0.12576064467430115,0.9144542813301086,0.6476009488105774
YFL005W,YLR154W-C,0,1.081161,0.12574364244937897,0.9144542813301086,0.6477010846138
YJR046W,YHR214W-G,0,1.081161,0.1257266402244568,0.9144542813301086,0.6478012800216675
YCL027C-A,YGR217W,0,1.081161,0.1257096529006958,0.9144542813301086,0.6479014158248901
YFR032C-A,YOR343C-A,0,1.081161,0.12569266557693481,0.9144542813301086,0.6480016112327576
YDR210W-C,YOR096W,0,1.081161,0.12567567825317383,0.9144542813301086,0.6481017470359802
YCR029C-A,YCL055W,0,1.081161,0.12565869092941284,0.9144542813301086,0.6482019424438477
YNL263C,YJL133C-A,0,1.081161,0.12564171850681305,0.9144542813301086,0.6483021378517151
YPL096C-A,YFL055W,0,1.081161,0.12562474608421326,0.9144542813301086,0.6484022736549377
YJR152W,YDR524C-B,0,1.081161,0.12560777366161346,0.9144542813301086,0.6485024690628052
YCR029C-A,YNL286W,0,1.081161,0.12559081614017487,0.9144542813301086,0.6486026048660278
YNL305C,YFL035C-B,0,1.081161,0.12557385861873627,0.9144542813301086,0.6487028002738953
YPL153C,YDR210W-D,0,1.081161,0.12555690109729767,0.9144542813301086,0.6488029360771179
YBR297W,YOR343C-A,0,1.081161,0.12553995847702026,0.9144542813301086,0.6489031314849854
YHR079C-B,YPL257W-A,0,1.081161,0.12552301585674286,0.9144542813301086,0.6490033268928528
YDR500C,YDR210W-D,0,1.081161,0.12550607323646545,0.9144542813301086,0.6491034626960754
YCR029C-A,YKL040C,0,1.081161,0.12548913061618805,0.9144542813301086,0.6492036581039429
YKR095W-A,YMR083W,0,1.081161,0.12547220289707184,0.9144542813301086,0.6493037939071655
YGR184C,YCL012W,0,1.081161,0.12545527517795563,0.9144542813301086,0.649403989315033
YEL001C,YAR070W-A,0,1.081161,0.1254383623600006,0.9144542813301086,0.6495041847229004
YGR161C,YKL138C-A,0,1.081161,0.1254214495420456,0.9144542813301086,0.649604320526123
YDR478W,YDR210W-C,0,1.081161,0.12540453672409058,0.9144542813301086,0.6497045159339905
YER053C-A,YMR223W,0,1.081161,0.12538762390613556,0.9144542813301086,0.6498046517372131
YAL041W,YGL210W-A,0,1.081161,0.12537072598934174,0.9144542813301086,0.6499048471450806
YNR046W,YFL035C-B,0,1.081161,0.1253538280725479,0.9144542813301086,0.6500049829483032
YGL224C,YFL018W-A,0,1.081161,0.1253369301557541,0.9144542813301086,0.6501051783561707
YHL007C,YNL024C-A,0,1.081161,0.12532003223896027,0.9144542813301086,0.6502053737640381
YLR154W-C,YDR242W,0,1.081161,0.12530314922332764,0.9144542813301086,0.6503055095672607
YGL210W-A,YML027W,0,1.081161,0.125286266207695,0.9144542813301086,0.6504057049751282
YBR139W,YBR200W-A,0,1.081161,0.12526939809322357,0.9144542813301086,0.6505058407783508
YNL112W,YJL133C-A,0,1.081161,0.12525252997875214,0.9144542813301086,0.6506060361862183
YGL210W-A,YOR242C,0,1.081161,0.1252356618642807,0.9144542813301086,0.6507061719894409
YMR275C,YFL035C-B,0,1.081161,0.12521879374980927,0.9144542813301086,0.6508063673973083
YML025C,YFL035C-A,0,1.081161,0.12520194053649902,0.9144542813301086,0.6509065628051758
YCR029C-A,YKL063C,0,1.081161,0.12518508732318878,0.9144542813301086,0.6510066986083984
YPR122W,YJL133C-A,0,1.081161,0.12516823410987854,0.9144542813301086,0.6511068940162659
YBR280C,YOR343C-A,0,1.081161,0.1251513957977295,0.9144542813301086,0.6512070298194885
YOR343C-B,YMR047C,0,1.081161,0.12513455748558044,0.9144542813301086,0.651307225227356
YER108C,YGL258W-A,0,1.081161,0.1251177191734314,0.9144542813301086,0.6514074206352234
YHR167W,YKL138C-A,0,1.081161,0.12510088086128235,0.9144542813301086,0.651507556438446
YML026C,YKL138C-A,0,1.081161,0.1250840574502945,0.9144542813301086,0.6516077518463135
YGL173C,YLR154W-C,0,1.081161,0.12506723403930664,0.9144542813301086,0.6517078876495361
YOL120C,YNL024C-A,0,1.081161,0.12505042552947998,0.9144542813301086,0.6518080830574036
YIL008W,YCL005W-A,0,1.081161,0.12503361701965332,0.9144542813301086,0.6519082188606262
YCR029C-A,YDR478W,0,1.081161,0.12501680850982666,0.9144542813301086,0.6520084142684937
YER106W,YHR214W-G,0,1.081161,0.125,0.9144542813301086,0.6521086096763611
YHR105W,YLR154W-C,0,1.081161,0.12498319894075394,0.9144542813301086,0.6522087454795837
YPL096C-A,YBL056W,0,1.081161,0.12496640533208847,0.9144542813301086,0.6523089408874512
YDR036C,YHR214W-G,0,1.081161,0.1249496191740036,0.9144542813301086,0.6524090766906738
YPR025C,YOL086W-A,0,1.081161,0.12493283301591873,0.9144542813301086,0.6525092720985413
YGL210W-A,YPL063W,0,1.081161,0.12491605430841446,0.9144542813301086,0.6526094079017639
YJL177W,YLR154W-C,0,1.081161,0.12489927560091019,0.9144542813301086,0.6527096033096313
YCL027C-A,YFL004W,0,1.081161,0.12488250434398651,0.9144542813301086,0.6528097987174988
YPL096C-A,YEL009C,0,1.081161,0.12486573308706284,0.9144542813301086,0.6529099345207214
YDL038C,YHR172W,0,1.081161,0.12484897673130035,0.9144542813301086,0.6530101299285889
YLR432W,YDR524C-B,0,1.081161,0.12483221292495728,0.9144542813301086,0.6531102657318115
YKL080W,YCL027C-A,0,1.081161,0.12481546401977539,0.9144542813301086,0.653210461139679
YOL067C,YFL035C-B,0,1.081161,0.1247987151145935,0.9144542813301086,0.6533106565475464
YBL008W-A,YLR175W,0,1.081161,0.12478196620941162,0.9144542813301086,0.653410792350769
YLR194C,YNL024C-A,0,1.081161,0.12476522475481033,0.9144542813301086,0.6535109877586365
YPR141C,YOR343C-A,0,1.081161,0.12474849075078964,0.9144542813301086,0.6536111235618591
YOR389W,YCL027C-A,0,1.081161,0.12473175674676895,0.9144542813301086,0.6537113189697266
YDL060W,YCL027C-A,0,1.081161,0.12471503019332886,0.9144542813301086,0.6538114547729492
YHR014W,YFL035C-A,0,1.081161,0.12469831109046936,0.9144542813301086,0.6539116501808167
YOR347C,YOR343C-A,0,1.081161,0.12468159198760986,0.9144542813301086,0.6540118455886841
YML005W,YAR070W-A,0,1.081161,0.12466488033533096,0.9144542813301086,0.6541119813919067
YNL077W,YBR200W-A,0,1.081161,0.12464816868305206,0.9144542813301086,0.6542121767997742
YPL096C-A,YNL213C,0,1.081161,0.12463146448135376,0.9144542813301086,0.6543123126029968
YCR066W,YDR524C-B,0,1.081161,0.12461476773023605,0.9144542813301086,0.6544125080108643
YKR095W-A,YDR409W,0,1.081161,0.12459807097911835,0.9144542813301086,0.6545126438140869
YDR120C,YFL035C-A,0,1.081161,0.12458138167858124,0.9144542813301086,0.6546128392219543
YGL210W-A,YOR250C,0,1.081161,0.12456469237804413,0.9144542813301086,0.6547130346298218
YGR217W,YFL035C-B,0,1.081161,0.12454801052808762,0.9144542813301086,0.6548131704330444
YCR029C-A,YJR160C,0,1.081161,0.1245313361287117,0.9144542813301086,0.6549133658409119
YPR164W,YDR210W-C,0,1.081161,0.12451466172933578,0.9144542813301086,0.6550135016441345
YLR013W,YOR343C-B,0,1.081161,0.12449799478054047,0.9144542813301086,0.655113697052002
YOR343C-B,YDR001C,0,1.081161,0.12448132783174515,0.9144542813301086,0.6552138924598694
YGL210W-A,YLR448W,0,1.081161,0.12446466833353043,0.9144542813301086,0.655314028263092
YBR267W,YFL035C-A,0,1.081161,0.1244480162858963,0.9144542813301086,0.6554142236709595
YDL178W,YDR210W-D,0,1.081161,0.12443136423826218,0.9144542813301086,0.6555143594741821
YEL058W,YCL005W-A,0,1.081161,0.12441471219062805,0.9144542813301086,0.6556145548820496
YKR065C,YFL035C-B,0,1.081161,0.12439807504415512,0.9144542813301086,0.6557146906852722
YGR082W,YAR070W-A,0,1.081161,0.12438143789768219,0.9144542813301086,0.6558148860931396
YOR396W,YOL031C,0,1.081161,0.12436480075120926,0.9144542813301086,0.6559150815010071
YJR067C,YNL024C-A,0,1.081161,0.12434817850589752,0.9144542813301086,0.6560152173042297
YBR152W,YER053C-A,0,1.081161,0.12433154881000519,0.9144542813301086,0.6561154127120972
YOR343C-A,YPL105C,0,1.081161,0.12431493401527405,0.9144542813301086,0.6562155485153198
YCL048W-A,YDL127W,0,1.081161,0.12429831922054291,0.9144542813301086,0.6563157439231873
YFL018W-A,YLR369W,0,1.081161,0.12428170442581177,0.9144542813301086,0.6564158797264099
YLR069C,YOR396W,0,1.081161,0.12426509708166122,0.9144542813301086,0.6565160751342773
YGL210W-A,YCR067C,0,1.081161,0.12424849718809128,0.9144542813301086,0.6566162705421448
YER074W-A,YPR173C,1,1.081161,0.12436547875404358,0.9154375791549683,0.6566162705421448
YDL038C,YGL130W,0,1.081161,0.12434887140989304,0.9154375791549683,0.6567164063453674
YDL181W,YJL133C-A,0,1.081161,0.12433226406574249,0.9154375791549683,0.6568166017532349
YOR229W,YBL008W-A,0,1.081161,0.12431566417217255,0.9154375791549683,0.6569167375564575
YPR192W,YFL035C-B,0,1.081161,0.1242990642786026,0.9154375791549683,0.657016932964325
YPL096C-A,YMR156C,0,1.081161,0.12428247183561325,0.9154375791549683,0.6571171283721924
YPL158C,YHR214W-G,0,1.081161,0.1242658868432045,0.9154375791549683,0.657217264175415
YNL167C,YKR099C-A,0,1.081161,0.12424930185079575,0.9154375791549683,0.6573174595832825
YPL181W,YDR524C-B,0,1.081161,0.124232716858387,0.9154375791549683,0.6574175953865051
YJL108C,YKL138C-A,0,1.081161,0.12421614676713943,0.9154375791549683,0.6575177907943726
YOR245C,YBR200W-A,0,1.081161,0.12419957667589188,0.9154375791549683,0.6576179265975952
YDR060W,YOR343C-B,0,1.081161,0.12418300658464432,0.9154375791549683,0.6577181220054626
YPL189C-A,YLR340W,0,1.081161,0.12416644394397736,0.9154375791549683,0.6578183174133301
YBR098W,YKL138C-A,0,1.081161,0.12414988875389099,0.9154375791549683,0.6579184532165527
YOR396W,YER179W,0,1.081161,0.12413333356380463,0.9154375791549683,0.6580186486244202
YML015C,YDL134C-A,0,1.081161,0.12411678582429886,0.9154375791549683,0.6581187844276428
YOR396W,YIR009W,0,1.081161,0.12410023808479309,0.9154375791549683,0.6582189798355103
YKR099C-A,YPL115C,0,1.081161,0.12408369779586792,0.9154375791549683,0.6583191156387329
YMR131C,YAR070W-A,0,1.081161,0.12406716495752335,0.9154375791549683,0.6584193110466003
YOL086W-A,YCL035C,0,1.081161,0.12405063211917877,0.9154375791549683,0.6585195064544678
YPL189C-A,YKL109W,0,1.081161,0.1240341067314148,0.9154375791549683,0.6586196422576904
YKL199C,YBR058C,0,1.081161,0.12401758134365082,0.9154375791549683,0.6587198376655579
YNL037C,YDR210W-D,0,1.081161,0.12400106340646744,0.9154375791549683,0.6588199734687805
YGR174C,YNL024C-A,0,1.081161,0.12398455291986465,0.9154375791549683,0.658920168876648
YPL226W,YOR396W,0,1.081161,0.12396804243326187,0.9154375791549683,0.6590203642845154
YJR095W,YFL018W-A,0,1.081161,0.12395153939723969,0.9154375791549683,0.659120500087738
YPL195W,YFL035C-B,0,1.081161,0.1239350363612175,0.9154375791549683,0.6592206954956055
YBR078W,YLR154W-C,0,1.081161,0.12391854077577591,0.9154375791549683,0.6593208312988281
YBR217W,YGR109W-A,0,1.0811285,0.12390205264091492,0.9154375791549683,0.6594210267066956
YPL045W,YOR171C,1,1.0809987,0.12401863187551498,0.9164208173751831,0.6594210267066956
YER001W,YCR023C,0,1.0809207,0.1240021288394928,0.9164208173751831,0.6595211625099182
YML072C,YGR027W-A,0,1.0808766,0.12398563325405121,0.9164208173751831,0.6596213579177856
YJL051W,YNL075W,0,1.080427,0.12396913766860962,0.9164208173751831,0.6597215533256531
YNL058C,YPL253C,0,1.080371,0.12395265698432922,0.9164208173751831,0.6598216891288757
YGR286C,YNL088W,0,1.0803256,0.12393616884946823,0.9164208173751831,0.6599218845367432
YMR045C,YNL181W,0,1.0800207,0.12391968816518784,0.9164208173751831,0.6600220203399658
YOR356W,YBL013W,0,1.0797772,0.12390321493148804,0.9164208173751831,0.6601222157478333
YDL082W,YOR061W,0,1.0795267,0.12388674914836884,0.9164208173751831,0.6602223515510559
YNR055C,YLR201C,0,1.0793403,0.12387028336524963,0.9164208173751831,0.6603225469589233
YDR322C-A,YLL005C,0,1.0786093,0.12385381758213043,0.9164208173751831,0.6604227423667908
YHR070W,YPL228W,0,1.0784855,0.12383736670017242,0.9164208173751831,0.6605228781700134
YPL215W,YPL257W-A,0,1.0781324,0.12382090836763382,0.9164208173751831,0.6606230735778809
YOR133W,YBL046W,0,1.0777435,0.12380446493625641,0.9164208173751831,0.6607232093811035
YGL187C,YER143W,0,1.0776297,0.123788021504879,0.9164208173751831,0.660823404788971
YBR240C,YLR411W,0,1.0775495,0.12377157807350159,0.9164208173751831,0.6609235405921936
YLR227W-A,YLR201C,0,1.0773467,0.12375514209270477,0.9164208173751831,0.661023736000061
YDR189W,YNL209W,0,1.0773361,0.12373871356248856,0.9164208173751831,0.6611239314079285
YBR127C,YGR027W-A,0,1.0769725,0.12372228503227234,0.9164208173751831,0.6612240672111511
YDR247W,YHR214C-C,0,1.0768296,0.12370586395263672,0.9164208173751831,0.6613242626190186
YAR018C,YPL061W,0,1.0767822,0.1236894503235817,0.9164208173751831,0.6614243984222412
YPL283C,YBR057C,0,1.0767055,0.12367303669452667,0.9164208173751831,0.6615245938301086
YDR299W,YCR070W,0,1.0766264,0.12365663051605225,0.9164208173751831,0.6616247892379761
YOR037W,YOR190W,0,1.0757921,0.12364022433757782,0.9164208173751831,0.6617249250411987
YHR011W,YDR170W-A,0,1.0754788,0.12362382560968399,0.9164208173751831,0.6618251204490662
YBR001C,YLR360W,0,1.075378,0.12360742688179016,0.9164208173751831,0.6619252562522888
YFR021W,YKL124W,1,1.0752094,0.12372364103794098,0.9174041152000427,0.6619252562522888
YDR134C,YNL129W,0,1.0748824,0.12370724231004715,0.9174041152000427,0.6620254516601562
YPL175W,YNL054W-A,0,1.0747477,0.12369083613157272,0.9174041152000427,0.6621255874633789
YOR242C,YIR028W,0,1.0744383,0.12367444485425949,0.9174041152000427,0.6622257828712463
YML127W,YML022W,0,1.0744205,0.12365805357694626,0.9174041152000427,0.6623259782791138
YBL020W,YBR057C,0,1.074172,0.12364166229963303,0.9174041152000427,0.6624261140823364
YBL093C,YOR083W,0,1.0740156,0.12362527847290039,0.9174041152000427,0.6625263094902039
YLR040C,YGL194C,0,1.0733728,0.12360890209674835,0.9174041152000427,0.6626264452934265
YOR063W,YOL095C,0,1.0732813,0.12359252572059631,0.9174041152000427,0.662726640701294
YDR365W-B,YML116W,0,1.0732522,0.12357615679502487,0.9174041152000427,0.6628267765045166
YNL192W,YAL042W,1,1.0732278,0.12369222939014435,0.9183874130249023,0.6628267765045166
YOL123W,YKR037C,0,1.0729954,0.12367584556341171,0.9183874130249023,0.662926971912384
YDR279W,YDR170W-A,0,1.0728571,0.12365947663784027,0.9183874130249023,0.6630271673202515
YMR211W,YLR424W,0,1.0727628,0.12364310026168823,0.9183874130249023,0.6631273031234741
YMR127C,YNL054W-A,0,1.0724841,0.12362673878669739,0.9183874130249023,0.6632274985313416
YDR060W,YMR323W,0,1.0724616,0.12361037731170654,0.9183874130249023,0.6633276343345642
YJL072C,YCR097W,0,1.0723708,0.1235940158367157,0.9183874130249023,0.6634278297424316
YNL088W,YLR001C,0,1.0719197,0.12357766926288605,0.9183874130249023,0.6635280251502991
YFL061W,YDL132W,0,1.0715495,0.1235613152384758,0.9183874130249023,0.6636281609535217
YHR214C-C,YLR356W,0,1.0714259,0.12354497611522675,0.9183874130249023,0.6637283563613892
YIR037W,YGL245W,0,1.0711956,0.12352863699197769,0.9183874130249023,0.6638284921646118
YHR170W,YNL007C,0,1.071162,0.12351229786872864,0.9183874130249023,0.6639286875724792
YLR423C,YNL284C-B,0,1.0709102,0.12349596619606018,0.9183874130249023,0.6640288233757019
YNL293W,YOR293W,0,1.0708628,0.12347964197397232,0.9183874130249023,0.6641290187835693
YLR323C,YDR145W,0,1.0705764,0.12346331775188446,0.9183874130249023,0.6642292141914368
YAL034W-A,YIL037C,0,1.0704256,0.1234470009803772,0.9183874130249023,0.6643293499946594
YCR048W,YOR264W,0,1.0700891,0.12343068420886993,0.9183874130249023,0.6644295454025269
YNL221C,YDL247W,0,1.069893,0.12341437488794327,0.9183874130249023,0.6645296812057495
YGL255W,YFR051C,0,1.0698833,0.1233980730175972,0.9183874130249023,0.6646298766136169
YMR006C,YDR348C,0,1.0696852,0.12338177114725113,0.9183874130249023,0.6647300124168396
YLR355C,YKR079C,0,1.0692112,0.12336547672748566,0.9183874130249023,0.664830207824707
YDR186C,YNR032C-A,0,1.0686041,0.12334918230772018,0.9183874130249023,0.6649304032325745
YLR157C-B,YEL039C,0,1.0681626,0.12333289533853531,0.9183874130249023,0.6650305390357971
YPL144W,YOR236W,0,1.0680547,0.12331660836935043,0.9183874130249023,0.6651307344436646
YHR105W,YMR171C,1,1.0678618,0.12343234568834305,0.919370710849762,0.6651307344436646
YLR058C,YJL154C,0,1.0674316,0.12341605126857758,0.919370710849762,0.6652308702468872
YER074W-A,YEL065W,1,1.0670848,0.12353174388408661,0.9203540086746216,0.6652308702468872
YDR538W,YCR053W,0,1.0667442,0.12351544201374054,0.9203540086746216,0.6653310656547546
YDL114W,YGL076C,0,1.0664734,0.12349914014339447,0.9203540086746216,0.6654312610626221
YER179W,YBR088C,0,1.0662982,0.1234828531742096,0.9203540086746216,0.6655313968658447
YOR088W,YER160C,0,1.0658494,0.12346655875444412,0.9203540086746216,0.6656315922737122
YDL005C,YGR272C,0,1.0656344,0.12345027923583984,0.9203540086746216,0.6657317280769348
YBL102W,YHR214C-C,0,1.0651894,0.12343399971723557,0.9203540086746216,0.6658319234848022
YHR024C,YHR214C-C,0,1.065182,0.12341772019863129,0.9203540086746216,0.6659320592880249
YDL075W,YIL011W,0,1.0649555,0.1234014481306076,0.9203540086746216,0.6660322546958923
YDR074W,YOL103W-A,0,1.064818,0.12338518351316452,0.9203540086746216,0.6661324501037598
YLL018C-A,YJR110W,0,1.0647801,0.12336891889572144,0.9203540086746216,0.6662325859069824
YDR284C,YOR240W,0,1.0646309,0.12335266172885895,0.9203540086746216,0.6663327813148499
YDR191W,YOR196C,0,1.064416,0.12333640456199646,0.9203540086746216,0.6664329171180725
YLR013W,YER091C,0,1.0635936,0.12332015484571457,0.9203540086746216,0.6665331125259399
YLR058C,YNL055C,0,1.0634817,0.12330391258001328,0.9203540086746216,0.6666332483291626
YKL143W,YOR109W,0,1.0631768,0.12328767031431198,0.9203540086746216,0.66673344373703
YLL035W,YPL003W,0,1.0630251,0.12327143549919128,0.9203540086746216,0.6668336391448975
YER023W,YPL177C,0,1.0626647,0.12325520068407059,0.9203540086746216,0.6669337749481201
YCL012W,YDR503C,0,1.0624279,0.12323897331953049,0.9203540086746216,0.6670339703559875
YOR063W,YBL016W,0,1.0621706,0.12322274595499039,0.9203540086746216,0.6671341061592102
YAL034W-A,YHR146W,0,1.0620041,0.12320652604103088,0.9203540086746216,0.6672343015670776
YNL246W,YMR190C,0,1.0602076,0.12319031357765198,0.9203540086746216,0.6673344969749451
YPL026C,YLR172C,0,1.0600309,0.12317410111427307,0.9203540086746216,0.6674346327781677
YJR095W,YPR158W-B,0,1.0600077,0.12315789610147476,0.9203540086746216,0.6675348281860352
YEL044W,YER127W,0,1.0599154,0.12314169108867645,0.9203540086746216,0.6676349639892578
YLR438C-A,YNL240C,0,1.059487,0.12312549352645874,0.9203540086746216,0.6677351593971252
YDL205C,YKL101W,0,1.0592062,0.12310929596424103,0.9203540086746216,0.6678352952003479
YML060W,YER007W,0,1.0589051,0.12309310585260391,0.9203540086746216,0.6679354906082153
YGR161C-C,YLR089C,0,1.0587952,0.1230769231915474,0.9203540086746216,0.6680356860160828
YER053C,YEL032W,0,1.0587554,0.12306074053049088,0.9203540086746216,0.6681358218193054
YBR078W,YJL162C,0,1.0585526,0.12304456532001495,0.9203540086746216,0.6682360172271729
YDR381W,YOR009W,0,1.058045,0.12302839010953903,0.9203540086746216,0.6683361530303955
YDR123C,YHR039C-B,0,1.0577861,0.12301222234964371,0.9203540086746216,0.6684363484382629
YGR279C,YLR284C,0,1.0576012,0.12299605458974838,0.9203540086746216,0.6685364842414856
YMR016C,YGR279C,0,1.0575258,0.12297989428043365,0.9203540086746216,0.668636679649353
YMR323W,YOR143C,0,1.0574334,0.12296374142169952,0.9203540086746216,0.6687368750572205
YCL001W,YJR005W,1,1.0568467,0.12307894229888916,0.9213372468948364,0.6687368750572205
YDL141W,YKL058W,0,1.056719,0.12306278198957443,0.9213372468948364,0.6688370108604431
YCR070W,YMR282C,0,1.0563805,0.1230466216802597,0.9213372468948364,0.6689372062683105
YER096W,YMR056C,0,1.0560418,0.12303046137094498,0.9213372468948364,0.6690373420715332
YPL269W,YFR032C-A,0,1.055888,0.12301430851221085,0.9213372468948364,0.6691375374794006
YBL027W,YCL045C,0,1.05553,0.12299816310405731,0.9213372468948364,0.6692377328872681
YHR114W,YHL011C,0,1.0552211,0.12298201769590378,0.9213372468948364,0.6693378686904907
YNL217W,YKL073W,0,1.0548418,0.12296587973833084,0.9213372468948364,0.6694380640983582
YIL144W,YBR158W,0,1.0548291,0.1229497417807579,0.9213372468948364,0.6695381999015808
YML025C,YDR261C-C,0,1.054748,0.12293361127376556,0.9213372468948364,0.6696383953094482
YDR020C,YHR207C,0,1.0546342,0.12291748821735382,0.9213372468948364,0.6697385311126709
YIL160C,YBR001C,0,1.0545901,0.12290136516094208,0.9213372468948364,0.6698387265205383
YGR017W,YLR357W,0,1.0544384,0.12288524955511093,0.9213372468948364,0.6699389219284058
YLR382C,YDR437W,0,1.054175,0.12286913394927979,0.9213372468948364,0.6700390577316284
YBL074C,YPL248C,0,1.0540507,0.12285302579402924,0.9213372468948364,0.6701392531394958
YOL052C-A,YGL205W,0,1.0538731,0.12283691763877869,0.9213372468948364,0.6702393889427185
YKL069W,YOL042W,0,1.0537326,0.12282081693410873,0.9213372468948364,0.6703395843505859
YOL052C-A,YPL233W,0,1.0535678,0.12280471622943878,0.9213372468948364,0.6704397201538086
YDR191W,YNL311C,0,1.0535599,0.12278862297534943,0.9213372468948364,0.670539915561676
YBL014C,YDL064W,0,1.0529779,0.12277253717184067,0.9213372468948364,0.6706401109695435
YOR150W,YAR066W,0,1.0529366,0.12275645136833191,0.9213372468948364,0.6707402467727661
YLR382C,YGL257C,0,1.052836,0.12274037301540375,0.9213372468948364,0.6708404421806335
YHR128W,YLR239C,0,1.0527072,0.12272429466247559,0.9213372468948364,0.6709405779838562
YMR166C,YHR120W,0,1.0524583,0.12270822376012802,0.9213372468948364,0.6710407733917236
YDR313C,YGL079W,1,1.0518655,0.12282309681177139,0.922320544719696,0.6710407733917236
YHR154W,YMR243C,0,1.0514903,0.12280701845884323,0.922320544719696,0.6711409687995911
YOL058W,YBL039C,0,1.051197,0.12279094010591507,0.922320544719696,0.6712411046028137
YNL047C,YHL047C,0,1.0507993,0.1227748692035675,0.922320544719696,0.6713413000106812
YNL206C,YMR283C,0,1.0506715,0.12275879830121994,0.922320544719696,0.6714414358139038
YLR109W,YER069W,0,1.0504392,0.12274273484945297,0.922320544719696,0.6715416312217712
YLR057W,YKL054C,0,1.0496311,0.1227266788482666,0.922320544719696,0.6716417670249939
YLL013C,YIL007C,0,1.0493394,0.12271062284708023,0.922320544719696,0.6717419624328613
YIL131C,YDR338C,0,1.049298,0.12269457429647446,0.922320544719696,0.6718421578407288
YDL150W,YNR069C,0,1.0486559,0.12267852574586868,0.922320544719696,0.6719422936439514
YAR044W,YJL151C,1,1.0484177,0.12279324978590012,0.9233038425445557,0.6719422936439514
YBR100W,YGL250W,0,1.0483544,0.12277719378471375,0.9233038425445557,0.6720424890518188
YKL192C,YNL115C,0,1.0473185,0.12276114523410797,0.9233038425445557,0.6721426248550415
YER036C,YPL145C,0,1.047276,0.1227450966835022,0.9233038425445557,0.6722428202629089
YDL018C,YPR164W,0,1.047093,0.12272905558347702,0.9233038425445557,0.6723429560661316
YER110C,YOR153W,0,1.0470176,0.12271301448345184,0.9233038425445557,0.672443151473999
YDR005C,YOR272W,0,1.0469754,0.12269698083400726,0.9233038425445557,0.6725433468818665
YGR063C,YLR126C,0,1.0467855,0.12268095463514328,0.9233038425445557,0.6726434826850891
YMR076C,YDR329C,0,1.046601,0.1226649284362793,0.9233038425445557,0.6727436780929565
YER089C,YJR041C,0,1.0464677,0.12264890223741531,0.9233038425445557,0.6728438138961792
YNL152W,YBR295W,0,1.0463758,0.12263288348913193,0.9233038425445557,0.6729440093040466
YHL009W-A,YLL005C,0,1.0462898,0.12261687219142914,0.9233038425445557,0.6730442047119141
YPR049C,YKL218C,0,1.0461802,0.12260086089372635,0.9233038425445557,0.6731443405151367
YDR515W,YLR237W,0,1.0457902,0.12258485704660416,0.9233038425445557,0.6732445359230042
YGR090W,YLR373C,0,1.0455579,0.12256885319948196,0.9233038425445557,0.6733446717262268
YCR004C,YLR409C,0,1.045398,0.12255285680294037,0.9233038425445557,0.6734448671340942
YPL224C,YPL280W,0,1.0452968,0.12253686785697937,0.9233038425445557,0.6735450029373169
YKL024C,YMR233W,0,1.0450318,0.12252087891101837,0.9233038425445557,0.6736451983451843
YNL139C,YNL046W,0,1.0448261,0.12250488996505737,0.9233038425445557,0.6737453937530518
YDR349C,YMR135C,0,1.0438144,0.12248890846967697,0.9233038425445557,0.6738455295562744
YOR346W,YER167W,0,1.0436283,0.12247293442487717,0.9233038425445557,0.6739457249641418
YEL077C,YIL113W,0,1.0434394,0.12245696038007736,0.9233038425445557,0.6740458607673645
YKL120W,YHR206W,0,1.0426378,0.12244099378585815,0.9233038425445557,0.6741460561752319
YOL003C,YJL113W,0,1.0425837,0.12242503464221954,0.9233038425445557,0.6742461919784546
YGR057C,YML009C,0,1.0420223,0.12240907549858093,0.9233038425445557,0.674346387386322
YHL015W,YGR038W,0,1.0418991,0.12239311635494232,0.9233038425445557,0.6744465827941895
YDL181W,YIL091C,0,1.0416342,0.12237716466188431,0.9233038425445557,0.6745467185974121
YIL027C,YCL048W,0,1.0415022,0.12236122041940689,0.9233038425445557,0.6746469140052795
YCR024C,YGR161C-C,0,1.0413716,0.12234527617692947,0.9233038425445557,0.6747470498085022
YOR057W,YHR039C,0,1.041256,0.12232933938503265,0.9233038425445557,0.6748472452163696
YMR256C,YJL076W,0,1.0405062,0.12231340259313583,0.9233038425445557,0.6749473810195923
YDL205C,YDL109C,0,1.0404762,0.12229747325181961,0.9233038425445557,0.6750475764274597
YOL091W,YOL078W,0,1.0398426,0.12228154391050339,0.9233038425445557,0.6751477718353271
YBR094W,YGR286C,0,1.039783,0.12226562201976776,0.9233038425445557,0.6752479076385498
YFL056C,YDL046W,0,1.0395476,0.12224970757961273,0.9233038425445557,0.6753481030464172
YKL089W,YHR079C-B,0,1.0394022,0.1222337931394577,0.9233038425445557,0.6754482388496399
YNL328C,YER089C,0,1.0393562,0.12221788614988327,0.9233038425445557,0.6755484342575073
YKL109W,YDL190C,0,1.0393136,0.12220197916030884,0.9233038425445557,0.6756486296653748
YNL149C,YKR095W,0,1.0392262,0.122186079621315,0.9233038425445557,0.6757487654685974
YGR206W,YKL107W,0,1.0390648,0.12217018008232117,0.9233038425445557,0.6758489608764648
YER056C,YER058W,0,1.0388292,0.12215428799390793,0.9233038425445557,0.6759490966796875
YPL103C,YGL029W,0,1.0387595,0.12213839590549469,0.9233038425445557,0.6760492920875549
YDR317W,YLR185W,0,1.0385499,0.12212251126766205,0.9233038425445557,0.6761494278907776
YGR005C,YER029C,0,1.0384847,0.12210663408041,0.9233038425445557,0.676249623298645
YLR051C,YER153C,0,1.0383112,0.12209075689315796,0.9233038425445557,0.6763498187065125
YJL074C,YER146W,0,1.0378494,0.12207487970590591,0.9233038425445557,0.6764499545097351
YDR158W,YFR025C,0,1.0378035,0.12205901741981506,0.9233038425445557,0.6765501499176025
YBR105C,YHR176W,0,1.0373205,0.12204314768314362,0.9233038425445557,0.6766502857208252
YMR153W,YBR058C-A,0,1.0364919,0.12202729284763336,0.9233038425445557,0.6767504811286926
YPL162C,YCR058C,0,1.0363097,0.12201143801212311,0.9233038425445557,0.6768506169319153
YNL183C,YDR341C,0,1.0360004,0.12199558317661285,0.9233038425445557,0.6769508123397827
YML093W,YPR008W,0,1.0359349,0.1219797357916832,0.9233038425445557,0.6770510077476501
YGR161C-C,YDR398W,0,1.0357668,0.12196388840675354,0.9233038425445557,0.6771511435508728
YLR155C,YHL022C,0,1.0351025,0.12194804847240448,0.9233038425445557,0.6772513389587402
YNL125C,YDR101C,0,1.0347655,0.12193221598863602,0.9233038425445557,0.6773514747619629
YER108C,YLR170C,0,1.0345505,0.12191638350486755,0.9233038425445557,0.6774516701698303
YDL085W,YIL119C,0,1.0342021,0.12190055847167969,0.9233038425445557,0.6775518655776978
YNL241C,YLR320W,0,1.0328708,0.12188473343849182,0.9233038425445557,0.6776520013809204
YDR228C,YPL137C,0,1.0325766,0.12186891585588455,0.9233038425445557,0.6777521967887878
YGL100W,YCR047C,0,1.0324451,0.12185309827327728,0.9233038425445557,0.6778523325920105
YKL087C,YML046W,0,1.0314894,0.12183728814125061,0.9233038425445557,0.6779525279998779
YLR109W,YPR158W-A,0,1.030961,0.12182148545980453,0.9233038425445557,0.6780526638031006
YLR004C,YBL002W,0,1.0306698,0.12180568277835846,0.9233038425445557,0.678152859210968
YER108C,YGL020C,0,1.0299177,0.12178988009691238,0.9233038425445557,0.6782530546188354
YER127W,YDR210W-B,0,1.0297886,0.1217740923166275,0.9233038425445557,0.6783531904220581
YKR065C,YLR083C,0,1.029499,0.12175829708576202,0.9233038425445557,0.6784533858299255
YLL015W,YER140W,0,1.0294031,0.12174250930547714,0.9233038425445557,0.6785535216331482
YDL103C,YDL014W,0,1.0292923,0.12172672897577286,0.9233038425445557,0.6786537170410156
YER051W,YDR446W,0,1.0292752,0.12171095609664917,0.9233038425445557,0.6787538528442383
YPL121C,YLR181C,0,1.0288107,0.12169517576694489,0.9233038425445557,0.6788540482521057
YGR057C,YML040W,0,1.028729,0.1216794103384018,0.9233038425445557,0.6789542436599731
YNL316C,YDR408C,0,1.028458,0.1216636449098587,0.9233038425445557,0.6790543794631958
YBR012W-B,YGL211W,0,1.028224,0.12164787948131561,0.9233038425445557,0.6791545748710632
YHR201C,YDR448W,0,1.0281603,0.12163212150335312,0.9233038425445557,0.6792547106742859
YPL092W,YPL231W,0,1.028122,0.12161637097597122,0.9233038425445557,0.6793549060821533
YIL122W,YBR097W,0,1.0281041,0.12160062044858932,0.9233038425445557,0.6794551014900208
YDR339C,YNL229C,0,1.0277504,0.12158487737178802,0.9233038425445557,0.6795552372932434
YBR069C,YBL060W,0,1.0277206,0.12156913429498672,0.9233038425445557,0.6796554327011108
YGR249W,YDR365W-A,0,1.0275899,0.12155339866876602,0.9233038425445557,0.6797555685043335
YIL160C,YGR026W,0,1.0274557,0.12153766304254532,0.9233038425445557,0.6798557639122009
YKL208W,YBL066C,0,1.0274024,0.12152193486690521,0.9233038425445557,0.6799558997154236
YDR021W,YOR259C,0,1.0271515,0.1215062141418457,0.9233038425445557,0.680056095123291
YKR045C,YER078C,0,1.026806,0.1214904934167862,0.9233038425445557,0.6801562905311584
YLR223C,YNL284C-B,0,1.026692,0.12147477269172668,0.9233038425445557,0.6802564263343811
YKR010C,YDR393W,0,1.0264024,0.12145905941724777,0.9233038425445557,0.6803566217422485
YOL067C,YLR200W,0,1.0263121,0.12144335359334946,0.9233038425445557,0.6804567575454712
YPL262W,YPL108W,0,1.0258114,0.12142764776945114,0.9233038425445557,0.6805569529533386
YHR062C,YGR266W,0,1.0257748,0.12141194939613342,0.9233038425445557,0.6806570887565613
YHL008C,YLR337W,0,1.0255305,0.1213962510228157,0.9233038425445557,0.6807572841644287
YJL189W,YJL003W,0,1.0253876,0.12138056010007858,0.9233038425445557,0.6808574795722961
YDR307W,YNL054W-A,0,1.0252417,0.12136486917734146,0.9233038425445557,0.6809576153755188
YAR009C,YLR210W,0,1.0250494,0.12134918570518494,0.9233038425445557,0.6810578107833862
YNL328C,YHL044W,0,1.0249858,0.12133350223302841,0.9233038425445557,0.6811579465866089
YML106W,YFR030W,0,1.024541,0.12131782621145248,0.9233038425445557,0.6812581419944763
YKL048C,YGL201C,0,1.0245092,0.12130215764045715,0.9233038425445557,0.6813583374023438
YOL127W,YFR044C,0,1.0245086,0.12128648906946182,0.9233038425445557,0.6814584732055664
YGR063C,YBR105C,0,1.0244539,0.12127082794904709,0.9233038425445557,0.6815586686134338
YNL221C,YPR106W,0,1.0242233,0.12125516682863235,0.9233038425445557,0.6816588044166565
YNL250W,YGR161W-A,0,1.024195,0.12123950570821762,0.9233038425445557,0.6817589998245239
YLR242C,YGR272C,0,1.0236647,0.12122385948896408,0.9233038425445557,0.6818591356277466
YIL120W,YOL103W-A,0,1.0224625,0.12120821326971054,0.9233038425445557,0.681959331035614
YPL015C,YDR194C,0,1.0223637,0.121192567050457,0.9233038425445557,0.6820595264434814
YPL186C,YDR354W,0,1.0223329,0.12117692828178406,0.9233038425445557,0.6821596622467041
YKR046C,YNL299W,0,1.0219781,0.12116128951311111,0.9233038425445557,0.6822598576545715
YNL054W,YOL068C,0,1.0214417,0.12114565819501877,0.9233038425445557,0.6823599934577942
YMR277W,YPL059W,0,1.0212696,0.12113003432750702,0.9233038425445557,0.6824601888656616
YIL068C,YPR133C,0,1.021259,0.12111441045999527,0.9233038425445557,0.6825603246688843
YJL078C,YDR316W-A,0,1.021163,0.12109878659248352,0.9233038425445557,0.6826605200767517
YKL008C,YOR068C,0,1.0211314,0.12108317017555237,0.9233038425445557,0.6827607154846191
YOL157C,YLR323C,0,1.0209866,0.12106756120920181,0.9233038425445557,0.6828608512878418
YLR377C,YML031W,0,1.0204556,0.12105195224285126,0.9233038425445557,0.6829610466957092
YLL001W,YDL149W,0,1.020097,0.1210363507270813,0.9233038425445557,0.6830611824989319
YLR093C,YAR014C,0,1.0197021,0.12102074921131134,0.9233038425445557,0.6831613779067993
YHR090C,YJL168C,0,1.0196687,0.12100515514612198,0.9233038425445557,0.6832615733146667
YDR156W,YNL318C,0,1.01966,0.12098956108093262,0.9233038425445557,0.6833617091178894
YDR098C-A,YDR236C,0,1.0195009,0.12097397446632385,0.9233038425445557,0.6834619045257568
YML045W,YML066C,0,1.0193338,0.12095839530229568,0.9233038425445557,0.6835620403289795
YDR098C-B,YHL044W,0,1.0189561,0.12094281613826752,0.9233038425445557,0.6836622357368469
YNL315C,YNL240C,0,1.0187045,0.12092723697423935,0.9233038425445557,0.6837623715400696
YBR069C,YDL188C,0,1.0184577,0.12091166526079178,0.9233038425445557,0.683862566947937
YLR233C,YBR301W,0,1.0183421,0.1208961009979248,0.9233038425445557,0.6839627623558044
YOL122C,YDR266C,0,1.0178668,0.12088053673505783,0.9233038425445557,0.6840628981590271
YBR216C,YER148W,0,1.0176587,0.12086497247219086,0.9233038425445557,0.6841630935668945
YNL247W,YNL291C,0,1.0174531,0.12084942311048508,0.9233038425445557,0.6842632293701172
YGL219C,YFR028C,0,1.0172803,0.1208338662981987,0.9233038425445557,0.6843634247779846
YJL210W,YGL065C,0,1.0163388,0.12081832438707352,0.9233038425445557,0.6844635605812073
YMR232W,YDR118W,0,1.016217,0.12080278247594833,0.9233038425445557,0.6845637559890747
YDR237W,YDR283C,0,1.0159649,0.12078724056482315,0.9233038425445557,0.6846639513969421
YGR296W,YDR462W,0,1.0159508,0.12077170610427856,0.9233038425445557,0.6847640872001648
YIL048W,YKL039W,1,1.0158969,0.12088477611541748,0.9242871403694153,0.6847640872001648
YOR337W,YLR337W,0,1.0149533,0.1208692267537117,0.9242871403694153,0.6848642826080322
YPL262W,YGL104C,0,1.0146599,0.12085369229316711,0.9242871403694153,0.6849644184112549
YGR055W,YDR039C,0,1.01463,0.12083815038204193,0.9242871403694153,0.6850646138191223
YGL125W,YDR096W,0,1.014334,0.12082262337207794,0.9242871403694153,0.6851648092269897
YCL020W,YBR008C,0,1.0136507,0.12080709636211395,0.9242871403694153,0.6852649450302124
YFR003C,YOL126C,0,1.0133028,0.12079156935214996,0.9242871403694153,0.6853651404380798
YLR044C,YLR337W,0,1.0132755,0.12077604979276657,0.9242871403694153,0.6854652762413025
YER180C,YKL209C,0,1.0130615,0.12076053768396378,0.9242871403694153,0.6855654716491699
YPR104C,YML127W,0,1.0129536,0.12074502557516098,0.9242871403694153,0.6856656074523926
YOR217W,YDR432W,0,1.0125936,0.12072951346635818,0.9242871403694153,0.68576580286026
YPL141C,YJL165C,0,1.0124418,0.12071400880813599,0.9242871403694153,0.6858659982681274
YGR049W,YHR045W,0,1.0123667,0.12069851160049438,0.9242871403694153,0.6859661340713501
YOR011W,YML124C,0,1.012055,0.12068301439285278,0.9242871403694153,0.6860663294792175
YLR069C,YGL006W,0,1.0119531,0.12066752463579178,0.9242871403694153,0.6861664652824402
YGR296W,YKR031C,0,1.0119244,0.12065203487873077,0.9242871403694153,0.6862666606903076
YPL028W,YHR214C-C,0,1.0119039,0.12063655257225037,0.9242871403694153,0.6863667964935303
YDR191W,YER031C,0,1.0118781,0.12062107026576996,0.9242871403694153,0.6864669919013977
YFR024C,YKR060W,0,1.011784,0.12060559540987015,0.9242871403694153,0.6865671873092651
YJR015W,YBL097W,0,1.0116823,0.12059012055397034,0.9242871403694153,0.6866673231124878
YLR212C,YCL062W,0,1.0116822,0.12057465314865112,0.9242871403694153,0.6867675185203552
YBR005W,YDR293C,0,1.0112938,0.12055918574333191,0.9242871403694153,0.6868676543235779
YDR314C,YGL211W,0,1.011268,0.12054372578859329,0.9242871403694153,0.6869678497314453
YLR126C,YLR411W,0,1.0111948,0.12052827328443527,0.9242871403694153,0.6870680451393127
YDR098C-B,YPR188C,0,1.0107832,0.12051282078027725,0.9242871403694153,0.6871681809425354
YMR016C,YGL139W,0,1.0105217,0.12049737572669983,0.9242871403694153,0.6872683763504028
YJL089W,YBR056W,0,1.0098075,0.1204819306731224,0.9242871403694153,0.6873685121536255
YML091C,YOR348C,0,1.0097561,0.12046648561954498,0.9242871403694153,0.6874687075614929
YER180C,YOR250C,0,1.0095347,0.12045104801654816,0.9242871403694153,0.6875688433647156
YIL008W,YML101C,0,1.0094976,0.12043561786413193,0.9242871403694153,0.687669038772583
YGL238W,YER044C-A,0,1.0094227,0.1204201877117157,0.9242871403694153,0.6877692341804504
YGL059W,YDR034C-C,0,1.0090573,0.12040476500988007,0.9242871403694153,0.6878693699836731
YHL040C,YOR322C,1,1.0090046,0.12051741778850555,0.9252703785896301,0.6878693699836731
YNL245C,YKL191W,0,1.0084848,0.12050198763608932,0.9252703785896301,0.6879695653915405
YLR204W,YDR014W,0,1.0077521,0.1204865574836731,0.9252703785896301,0.6880697011947632
YIL008W,YNL169C,0,1.0073099,0.12047112733125687,0.9252703785896301,0.6881698966026306
YGR286C,YKR095W,0,1.0071763,0.12045571208000183,0.9252703785896301,0.6882700324058533
YDR098C-A,YKL113C,0,1.0070438,0.1204402893781662,0.9252703785896301,0.6883702278137207
YEL001C,YKR025W,0,1.0070411,0.12042488157749176,0.9252703785896301,0.6884704232215881
YHR149C,YDR287W,0,1.0070283,0.12040946632623672,0.9252703785896301,0.6885705590248108
YMR149W,YMR290C,0,1.0067265,0.12039406597614288,0.9252703785896301,0.6886707544326782
YOR039W,YAR066W,0,1.0065782,0.12037865817546844,0.9252703785896301,0.6887708902359009
YDL150W,YBL020W,0,1.0065393,0.1203632652759552,0.9252703785896301,0.6888710856437683
YDL109C,YDR039C,0,1.0062764,0.12034787237644196,0.9252703785896301,0.688971221446991
YOR120W,YMR012W,0,1.0054257,0.12033247947692871,0.9252703785896301,0.6890714168548584
YIL096C,YKL055C,0,1.0052664,0.12031709402799606,0.9252703785896301,0.6891716122627258
YDR231C,YOR252W,0,1.005202,0.12030171602964401,0.9252703785896301,0.6892717480659485
YJR058C,YGL225W,1,1.0051363,0.12041416019201279,0.9262536764144897,0.6892717480659485
YPL192C,YGL076C,0,1.0050819,0.12039877474308014,0.9262536764144897,0.6893719434738159
YGL021W,YLR096W,0,1.0050188,0.12038338929414749,0.9262536764144897,0.6894720792770386
YBR201W,YML018C,0,1.0043364,0.12036800384521484,0.9262536764144897,0.689572274684906
YDR074W,YGR231C,0,1.0039469,0.12035262584686279,0.9262536764144897,0.6896724700927734
YBR215W,YML123C,0,1.0038885,0.12033724784851074,0.9262536764144897,0.6897726058959961
YLR083C,YHR108W,1,1.0037243,0.12044961005449295,0.9272369742393494,0.6897726058959961
YDR365W-A,YDR130C,0,1.0036372,0.1204342246055603,0.9272369742393494,0.6898728013038635
YDL004W,YOR034C,0,1.0033556,0.12041884660720825,0.9272369742393494,0.6899729371070862
YLR423C,YAR066W,0,1.003341,0.1204034760594368,0.9272369742393494,0.6900731325149536
YGL090W,YPR132W,0,1.0032971,0.12038809806108475,0.9272369742393494,0.6901732683181763
YGR203W,YDL049C,0,1.003244,0.12037273496389389,0.9272369742393494,0.6902734637260437
YNL177C,YNL311C,0,1.0031905,0.12035737186670303,0.9272369742393494,0.6903736591339111
YBR248C,YML133C,0,1.0031005,0.12034200876951218,0.9272369742393494,0.6904737949371338
YNL047C,YLR175W,0,1.0030987,0.12032665312290192,0.9272369742393494,0.6905739903450012
YOR019W,YOL055C,0,1.0030478,0.12031130492687225,0.9272369742393494,0.6906741261482239
YIL113W,YNL125C,0,1.0027591,0.12029595673084259,0.9272369742393494,0.6907743215560913
YNL139C,YJR002W,0,1.0027347,0.12028060853481293,0.9272369742393494,0.690874457359314
YDL144C,YBR291C,0,1.0026711,0.12026527523994446,0.9272369742393494,0.6909746527671814
YER042W,YJL162C,0,1.0026677,0.12024993449449539,0.9272369742393494,0.6910748481750488
YOR190W,YDR050C,0,1.0019144,0.12023460119962692,0.9272369742393494,0.6911749839782715
YCR089W,YGR170W,0,1.0016048,0.12021927535533905,0.9272369742393494,0.6912751793861389
YNL336W,YMR198W,0,1.0013107,0.12020394951105118,0.9272369742393494,0.6913753151893616
YOL109W,YGR274C,0,1.0011578,0.1201886311173439,0.9272369742393494,0.691475510597229
YMR068W,YBR191W,0,1.00105,0.12017331272363663,0.9272369742393494,0.6915757060050964
YOR341W,YLL054C,0,1.0008718,0.12015800178050995,0.9272369742393494,0.6916758418083191
YDL085W,YPR122W,0,1.0006407,0.12014269083738327,0.9272369742393494,0.6917760372161865
YBR094W,YBR180W,0,1.0002768,0.12012738734483719,0.9272369742393494,0.6918761730194092
YGR038C-A,YOR231W,0,1.0002152,0.1201120913028717,0.9272369742393494,0.6919763684272766
YJL019W,YBL023C,0,0.9998718,0.12009678781032562,0.9272369742393494,0.6920765042304993
YJL122W,YMR056C,0,0.999808,0.12008149921894073,0.9272369742393494,0.6921766996383667
YJR060W,YPR042C,0,0.9997265,0.12006621062755585,0.9272369742393494,0.6922768950462341
YLR157C-B,YDL056W,0,0.9987053,0.12005092203617096,0.9272369742393494,0.6923770308494568
YLR131C,YOR067C,0,0.99866617,0.12003564089536667,0.9272369742393494,0.6924772262573242
YHR018C,YCR036W,0,0.99808145,0.12002036720514297,0.9272369742393494,0.6925773620605469
YNL336W,YKL080W,0,0.99792504,0.12000509351491928,0.9272369742393494,0.6926775574684143
YPL270W,YAR007C,0,0.997616,0.11998981982469559,0.9272369742393494,0.692777693271637
YDL201W,YPL177C,0,0.99761534,0.11997455358505249,0.9272369742393494,0.6928778886795044
YDR034C-C,YPR131C,0,0.9973166,0.11995929479598999,0.9272369742393494,0.6929780840873718
YJR144W,YBL025W,0,0.99709195,0.11994403600692749,0.9272369742393494,0.6930782198905945
YHR166C,YBR105C,0,0.99682325,0.11992877721786499,0.9272369742393494,0.6931784152984619
YHR062C,YNL173C,0,0.9967118,0.11991353332996368,0.9272369742393494,0.6932785511016846
YJL021C,YKL006W,0,0.99650276,0.11989828199148178,0.9272369742393494,0.693378746509552
YGR017W,YLR438C-A,0,0.9964456,0.11988303810358047,0.9272369742393494,0.6934789419174194
YDR436W,YBR152W,0,0.99560857,0.11986780166625977,0.9272369742393494,0.6935790777206421
YNL270C,YPR133C,0,0.9952777,0.11985256522893906,0.9272369742393494,0.6936792731285095
YJL123C,YDR225W,0,0.99422026,0.11983733624219894,0.9272369742393494,0.6937794089317322
YDR261C,YLR227W-A,0,0.9941501,0.11982210725545883,0.9272369742393494,0.6938796043395996
YJL127C,YDL082W,0,0.9938089,0.11980688571929932,0.9272369742393494,0.6939797401428223
YNL311C,YML123C,0,0.99375606,0.1197916641831398,0.9272369742393494,0.6940799355506897
YKR095W,YIR002C,0,0.9935414,0.11977645009756088,0.9272369742393494,0.6941801309585571
YCR091W,YFL011W,0,0.993229,0.11976123601198196,0.9272369742393494,0.6942802667617798
YIR037W,YBR056W,0,0.9932111,0.11974602937698364,0.9272369742393494,0.6943804621696472
YLR337C,YHR035W,0,0.9931827,0.11973083019256592,0.9272369742393494,0.6944805979728699
YEL061C,YBR203W,0,0.99316293,0.1197156310081482,0.9272369742393494,0.6945807933807373
YPR048W,YDR365W-B,0,0.99299127,0.11970043182373047,0.9272369742393494,0.69468092918396
YKL158W,YLR430W,0,0.9926878,0.11968524008989334,0.9272369742393494,0.6947811245918274
YER127W,YDR050C,0,0.9920899,0.11967004835605621,0.9272369742393494,0.6948813199996948
YGL125W,YNR063W,0,0.99192333,0.11965486407279968,0.9272369742393494,0.6949814558029175
YNL098C,YOR034C,0,0.99147034,0.11963968724012375,0.9272369742393494,0.6950816512107849
YBR030W,YJR110W,0,0.9914607,0.11962451040744781,0.9272369742393494,0.6951817870140076
YPL186C,YDL065C,0,0.99145013,0.11960933357477188,0.9272369742393494,0.695281982421875
YDL066W,YHR214C-C,0,0.99141896,0.11959416419267654,0.9272369742393494,0.6953821778297424
YNL113W,YPR021C,0,0.9914171,0.1195790022611618,0.9272369742393494,0.6954823136329651
YKL087C,YGR289C,0,0.9911427,0.11956384032964706,0.9272369742393494,0.6955825090408325
YDR538W,YLR023C,0,0.9908497,0.11954867839813232,0.9272369742393494,0.6956826448440552
YDL103C,YDR261C-C,0,0.99065727,0.11953353136777878,0.9272369742393494,0.6957828402519226
YLL039C,YGR272C,0,0.9905251,0.11951837688684464,0.9272369742393494,0.6958829760551453
YJL100W,YHR185C,0,0.9902152,0.11950322985649109,0.9272369742393494,0.6959831714630127
YGR186W,YCL012W,0,0.9901108,0.11948809027671814,0.9272369742393494,0.6960833668708801
YER056C,YMR012W,0,0.9899236,0.11947295069694519,0.9272369742393494,0.6961835026741028
YBR100W,YDR097C,0,0.98991656,0.11945781856775284,0.9272369742393494,0.6962836980819702
YOR078W,YGR161C-C,0,0.9897799,0.11944268643856049,0.9272369742393494,0.6963838338851929
YJR068W,YDR050C,0,0.98964876,0.11942756175994873,0.9272369742393494,0.6964840292930603
YMR014W,YGR161C-C,0,0.9894531,0.11941243708133698,0.9272369742393494,0.696584165096283
YJL018W,YCR106W,0,0.98929894,0.11939731240272522,0.9272369742393494,0.6966843605041504
YHR181W,YKL143W,1,0.9891021,0.11950879544019699,0.928220272064209,0.6966843605041504
YNL308C,YGL254W,0,0.9884595,0.11949367076158524,0.928220272064209,0.6967845559120178
YNL055C,YGL144C,0,0.98828423,0.11947854608297348,0.928220272064209,0.6968846917152405
YDR486C,YOR192C-B,0,0.98765105,0.11946342885494232,0.928220272064209,0.6969848871231079
YOR086C,YBR097W,0,0.9876188,0.11944831162691116,0.928220272064209,0.6970850229263306
YML121W,YIL018W,0,0.98712,0.1194332018494606,0.928220272064209,0.697185218334198
YKL158W,YPL281C,0,0.986682,0.11941809207201004,0.928220272064209,0.6972854137420654
YOR010C,YKR096W,0,0.9864283,0.11940298229455948,0.928220272064209,0.6973855495452881
YJL219W,YML116W,0,0.9864087,0.11938788741827011,0.928220272064209,0.6974857449531555
YJR125C,YKL143W,1,0.9859727,0.11949924379587173,0.9292035102844238,0.6974857449531555
YOR088W,YHR107C,0,0.9858318,0.11948413401842117,0.9292035102844238,0.6975858807563782
YDR363W,YML031W,0,0.9853664,0.11946902424097061,0.9292035102844238,0.6976860761642456
YKL109W,YNL097C,0,0.9851414,0.11945392191410065,0.9292035102844238,0.6977862119674683
YLR038C,YOR253W,0,0.9851162,0.11943882703781128,0.9292035102844238,0.6978864073753357
YOR249C,YFL061W,0,0.9843193,0.11942373216152191,0.9292035102844238,0.6979866027832031
YEL039C,YOL041C,0,0.9837325,0.11940864473581314,0.9292035102844238,0.6980867385864258
YKL110C,YHR084W,0,0.98352027,0.11939355731010437,0.9292035102844238,0.6981869339942932
YGR087C,YJL162C,0,0.9832862,0.1193784773349762,0.9292035102844238,0.6982870697975159
YOL103W-A,YGR097W,0,0.98295254,0.11936339735984802,0.9292035102844238,0.6983872652053833
YKR072C,YPR118W,0,0.98288727,0.11934831738471985,0.9292035102844238,0.698487401008606
YPR158W-B,YDR487C,0,0.9825817,0.11933325231075287,0.9292035102844238,0.6985875964164734
YML120C,YPL170W,0,0.9825422,0.11931817978620529,0.9292035102844238,0.6986877918243408
YPL089C,YJL148W,0,0.9822537,0.11930311471223831,0.9292035102844238,0.6987879276275635
YMR059W,YML102W,0,0.982166,0.11928805708885193,0.9292035102844238,0.6988881230354309
YJR049C,YCR010C,0,0.9820537,0.11927299946546555,0.9292035102844238,0.6989882588386536
YCR070W,YMR161W,0,0.9819723,0.11925794929265976,0.9292035102844238,0.699088454246521
YKL178C,YPL138C,0,0.9816937,0.11924289911985397,0.9292035102844238,0.6991886496543884
YHL009W-B,YBL064C,0,0.9815829,0.11922785639762878,0.9292035102844238,0.6992887854576111
YBR153W,YFL049W,0,0.98149186,0.1192128136754036,0.9292035102844238,0.6993889808654785
YHL015W,YDR261W-B,0,0.9814535,0.119197778403759,0.9292035102844238,0.6994891166687012
YPR082C,YDR210W-B,0,0.98139125,0.11918275058269501,0.9292035102844238,0.6995893120765686
YKL199C,YKL134C,0,0.98130757,0.11916771531105042,0.9292035102844238,0.6996894478797913
YOR236W,YIL022W,0,0.9811924,0.11915269494056702,0.9292035102844238,0.6997896432876587
YMR164C,YOR347C,0,0.98116654,0.11913766711950302,0.9292035102844238,0.6998898386955261
YDR317W,YKL028W,0,0.980815,0.11912265419960022,0.9292035102844238,0.6999899744987488
YLR284C,YLR337W,0,0.9804815,0.11910764127969742,0.9292035102844238,0.7000901699066162
YJL170C,YOR133W,0,0.9804182,0.11909262835979462,0.9292035102844238,0.7001903057098389
YBR185C,YDR437W,0,0.98023957,0.11907762289047241,0.9292035102844238,0.7002905011177063
YDR289C,YIR010W,0,0.980229,0.11906261742115021,0.9292035102844238,0.700390636920929
YOR221C,YOR255W,0,0.9801798,0.1190476194024086,0.9292035102844238,0.7004908323287964
YBR152W,YBL069W,0,0.98001033,0.11903262138366699,0.9292035102844238,0.7005910277366638
YNL054W-A,YBR055C,0,0.97999746,0.11901763081550598,0.9292035102844238,0.7006911635398865
YML055W,YDR006C,0,0.97990364,0.11900264769792557,0.9292035102844238,0.7007913589477539
YDL042C,YOR039W,0,0.97968084,0.11898765712976456,0.9292035102844238,0.7008914947509766
YGL227W,YJL104W,0,0.9796078,0.11897268146276474,0.9292035102844238,0.700991690158844
YER060W-A,YOL089C,0,0.97955185,0.11895770579576492,0.9292035102844238,0.7010918855667114
YJL137C,YHR079C-B,0,0.97882587,0.1189427301287651,0.9292035102844238,0.7011920213699341
YGL187C,YBL064C,0,0.9788044,0.11892776191234589,0.9292035102844238,0.7012922167778015
YLR148W,YML040W,0,0.9786059,0.11891279369592667,0.9292035102844238,0.7013923525810242
YGR170W,YOR096W,0,0.9785027,0.11889783293008804,0.9292035102844238,0.7014925479888916
YPL143W,YCL066W,0,0.97839683,0.11888287961483002,0.9292035102844238,0.7015926837921143
YPL111W,YIL173W,0,0.978242,0.11886792629957199,0.9292035102844238,0.7016928791999817
YHR099W,YIL093C,0,0.9779558,0.11885297298431396,0.9292035102844238,0.7017930746078491
YGR057C,YNL093W,1,0.97742575,0.11896378546953201,0.9301868081092834,0.7017930746078491
YOR100C,YOR068C,0,0.9772668,0.11894882470369339,0.9301868081092834,0.7018932104110718
YDR088C,YHR039C-B,0,0.9770751,0.11893387138843536,0.9301868081092834,0.7019934058189392
YHR096C,YOL127W,0,0.9770722,0.11891891807317734,0.9301868081092834,0.7020935416221619
YPL103C,YER060W,0,0.9769373,0.11890397220849991,0.9301868081092834,0.7021937370300293
YPR033C,YCR034W,0,0.97659177,0.11888902634382248,0.9301868081092834,0.702293872833252
YMR211W,YKR007W,0,0.9764219,0.11887408792972565,0.9301868081092834,0.7023940682411194
YLR073C,YCR075C,1,0.97608835,0.11898479610681534,0.9311701059341431,0.7023940682411194
YGL070C,YHR118C,0,0.97545767,0.11896985024213791,0.9311701059341431,0.7024942636489868
YGL250W,YPL068C,0,0.97537285,0.11895490437746048,0.9311701059341431,0.7025943994522095
YDR108W,YLR265C,0,0.9746264,0.11893996596336365,0.9311701059341431,0.7026945948600769
YNL329C,YNL009W,0,0.9745881,0.11892502754926682,0.9311701059341431,0.7027947306632996
YDR432W,YJL143W,0,0.9745433,0.11891009658575058,0.9311701059341431,0.702894926071167
YNR075W,YHR139C,0,0.9740034,0.11889516562223434,0.9311701059341431,0.7029950618743896
YLR060W,YKL088W,0,0.9737374,0.1188802421092987,0.9311701059341431,0.7030952572822571
YBR100W,YDR038C,0,0.973691,0.11886531859636307,0.9311701059341431,0.7031954526901245
YBR205W,YNL284C-B,0,0.97345954,0.11885040253400803,0.9311701059341431,0.7032955884933472
YMR323W,YLR118C,0,0.9734407,0.11883548647165298,0.9311701059341431,0.7033957839012146
YDR188W,YGL045W,0,0.97317225,0.11882057785987854,0.9311701059341431,0.7034959197044373
YNL256W,YGR166W,0,0.9723422,0.1188056692481041,0.9311701059341431,0.7035961151123047
YMR199W,YGL153W,0,0.9720555,0.11879076808691025,0.9311701059341431,0.7036963105201721
YER014W,YPL032C,0,0.97185004,0.1187758669257164,0.9311701059341431,0.7037964463233948
YDL091C,YKR061W,0,0.9709498,0.11876097321510315,0.9311701059341431,0.7038966417312622
YMR152W,YHR023W,0,0.9705349,0.1187460795044899,0.9311701059341431,0.7039967775344849
YDR412W,YKR105C,0,0.97035617,0.11873119324445724,0.9311701059341431,0.7040969729423523
YJL198W,YBL005W,0,0.9703423,0.11871630698442459,0.9311701059341431,0.704197108745575
YJR158W,YML015C,0,0.9701615,0.11870142817497253,0.9311701059341431,0.7042973041534424
YIL069C,YDL155W,0,0.9701528,0.11868654936552048,0.9311701059341431,0.7043974995613098
YCL027W,YNL241C,0,0.9697662,0.11867167800664902,0.9311701059341431,0.7044976353645325
YOR124C,YLR333C,0,0.9690172,0.11865680664777756,0.9311701059341431,0.7045978307723999
YMR153W,YEL015W,0,0.96900445,0.1186419427394867,0.9311701059341431,0.7046979665756226
YPR181C,YOL121C,0,0.9689624,0.11862707883119583,0.9311701059341431,0.70479816198349
YJR054W,YML076C,0,0.96877724,0.11861222237348557,0.9311701059341431,0.7048982977867126
YOR133W,YGR206W,0,0.9685898,0.1185973733663559,0.9311701059341431,0.7049984931945801
YDR506C,YMR113W,0,0.9674278,0.11858251690864563,0.9311701059341431,0.7050986886024475
YIL131C,YCL061C,0,0.9673086,0.11856767535209656,0.9311701059341431,0.7051988244056702
YDR011W,YKR049C,0,0.9671721,0.11855282634496689,0.9311701059341431,0.7052990198135376
YGR004W,YCL066W,0,0.96711826,0.11853799223899841,0.9311701059341431,0.7053991556167603
YOR389W,YGL003C,0,0.9668396,0.11852315068244934,0.9311701059341431,0.7054993510246277
YDL042C,YGL095C,0,0.96654963,0.11850832402706146,0.9311701059341431,0.7055995464324951
YJL115W,YBR056W,0,0.96589535,0.11849348992109299,0.9311701059341431,0.7056996822357178
YDR189W,YHR035W,1,0.96563333,0.11860378086566925,0.9321534037590027,0.7056996822357178
YHR096C,YJL221C,0,0.96546847,0.11858893930912018,0.9321534037590027,0.7057998776435852
YPL178W,YFL002W-A,0,0.96524423,0.1185741052031517,0.9321534037590027,0.7059000134468079
YBR100W,YMR163C,0,0.96507126,0.11855927854776382,0.9321534037590027,0.7060002088546753
YDR322C-A,YLR066W,0,0.96485215,0.11854445189237595,0.9321534037590027,0.706100344657898
YBR188C,YNR011C,0,0.96458083,0.11852963268756866,0.9321534037590027,0.7062005400657654
YNL128W,YNL190W,0,0.96443135,0.11851481348276138,0.9321534037590027,0.7063007354736328
YKR093W,YOR005C,0,0.964291,0.1185000017285347,0.9321534037590027,0.7064008712768555
YOL103W-A,YBL003C,0,0.96366984,0.11848518997430801,0.9321534037590027,0.7065010666847229
YOR094W,YCR079W,0,0.96341425,0.11847038567066193,0.9321534037590027,0.7066012024879456
YKL109W,YPR158W-A,0,0.9631571,0.11845558136701584,0.9321534037590027,0.706701397895813
YGR244C,YER094C,0,0.9629142,0.11844077706336975,0.9321534037590027,0.7068015336990356
YDR436W,YPL171C,0,0.962624,0.11842598021030426,0.9321534037590027,0.7069017291069031
YBR264C,YBR136W,0,0.9625984,0.11841119080781937,0.9321534037590027,0.7070019245147705
YJL127C,YNL009W,0,0.96246284,0.11839640140533447,0.9321534037590027,0.7071020603179932
YKL006C-A,YCL066W,0,0.9624006,0.11838161945343018,0.9321534037590027,0.7072022557258606
YLR248W,YOR101W,0,0.9622088,0.11836683750152588,0.9321534037590027,0.7073023915290833
YGR038C-B,YPL176C,0,0.9620419,0.11835206300020218,0.9321534037590027,0.7074025869369507
YGL095C,YOL069W,0,0.96203244,0.11833728849887848,0.9321534037590027,0.7075027823448181
YPR086W,YPR168W,0,0.9619376,0.11832251399755478,0.9321534037590027,0.7076029181480408
YMR256C,YBR241C,0,0.96180373,0.11830774694681168,0.9321534037590027,0.7077031135559082
YBR088C,YNL252C,0,0.96176785,0.11829298734664917,0.9321534037590027,0.7078032493591309
YOR065W,YOR061W,0,0.96127963,0.11827822774648666,0.9321534037590027,0.7079034447669983
YJR155W,YKL060C,0,0.96123284,0.11826347559690475,0.9321534037590027,0.708003580570221
YHR035W,YLR100W,0,0.9611142,0.11824872344732285,0.9321534037590027,0.7081037759780884
YLL035W,YJR052W,0,0.96032363,0.11823397129774094,0.9321534037590027,0.7082039713859558
YHL033C,YHR083W,0,0.9600539,0.11821922659873962,0.9321534037590027,0.7083041071891785
YMR220W,YPR158W-A,0,0.959791,0.11820448935031891,0.9321534037590027,0.7084043025970459
YJL018W,YPR103W,0,0.95973194,0.1181897521018982,0.9321534037590027,0.7085044384002686
YBR288C,YMR171C,1,0.9595542,0.11829967796802521,0.9331367015838623,0.7085044384002686
YKR095W,YHL009C,0,0.95951664,0.1182849332690239,0.9331367015838623,0.708604633808136
YCR077C,YOR217W,0,0.95950705,0.11827018857002258,0.9331367015838623,0.7087047696113586
YOL069W,YDR465C,0,0.9593813,0.11825545132160187,0.9331367015838623,0.7088049650192261
YLR017W,YPL156C,0,0.9591306,0.11824071407318115,0.9331367015838623,0.7089051604270935
YOR032C,YHR005C,0,0.95877856,0.11822598427534103,0.9331367015838623,0.7090052962303162
YFL052W,YEL051W,0,0.95861566,0.11821126192808151,0.9331367015838623,0.7091054916381836
YML004C,YOR150W,0,0.95860565,0.11819653958082199,0.9331367015838623,0.7092056274414062
YJL204C,YML088W,0,0.95809823,0.11818181723356247,0.9331367015838623,0.7093058228492737
YDR098C-A,YHR025W,0,0.9578918,0.11816710233688354,0.9331367015838623,0.7094060182571411
YNL087W,YML101C,0,0.9576778,0.11815238744020462,0.9331367015838623,0.7095061540603638
YDL025C,YDR180W,0,0.9575765,0.11813767999410629,0.9331367015838623,0.7096063494682312
YDR302W,YBR090C-A,0,0.9571983,0.11812297999858856,0.9331367015838623,0.7097064852714539
YER038C,YDR399W,0,0.9568295,0.11810828000307083,0.9331367015838623,0.7098066806793213
YFR042W,YCL062W,0,0.9565818,0.1180935800075531,0.9331367015838623,0.709906816482544
YBR251W,YHR113W,0,0.9564729,0.11807888746261597,0.9331367015838623,0.7100070118904114
YHR202W,YML069W,0,0.9563901,0.11806419491767883,0.9331367015838623,0.7101072072982788
YDL212W,YNL272C,0,0.9563171,0.1180495098233223,0.9331367015838623,0.7102073431015015
YMR081C,YHR214C-C,0,0.956186,0.11803482472896576,0.9331367015838623,0.7103075385093689
YFR050C,YNL054W-B,0,0.9560543,0.11802014708518982,0.9331367015838623,0.7104076743125916
YPL174C,YDL058W,0,0.95579106,0.11800546944141388,0.9331367015838623,0.710507869720459
YDR212W,YEL032W,0,0.9557459,0.11799079924821854,0.9331367015838623,0.7106080055236816
YCR073C,YJR052W,0,0.9554307,0.1179761290550232,0.9331367015838623,0.7107082009315491
YAL061W,YMR083W,0,0.95513326,0.11796146631240845,0.9331367015838623,0.7108083963394165
YCR028C-A,YBR082C,0,0.9550408,0.1179468035697937,0.9331367015838623,0.7109085321426392
YML107C,YNL005C,0,0.95499194,0.11793214827775955,0.9331367015838623,0.7110087275505066
YDR506C,YLR090W,0,0.95486325,0.1179174929857254,0.9331367015838623,0.7111088633537292
YMR030W,YOR116C,0,0.9546803,0.11790284514427185,0.9331367015838623,0.7112090587615967
YCR070W,YML070W,0,0.95445985,0.1178881973028183,0.9331367015838623,0.7113092541694641
YOR214C,YHR013C,0,0.95405215,0.11787355691194534,0.9331367015838623,0.7114093899726868
YOR202W,YJR155W,0,0.95357996,0.11785891652107239,0.9331367015838623,0.7115095853805542
YBR055C,YGR194C,0,0.9534955,0.11784428358078003,0.9331367015838623,0.7116097211837769
YLR194C,YMR292W,0,0.9534586,0.11782965064048767,0.9331367015838623,0.7117099165916443
YMR217W,YBR058C-A,0,0.95317465,0.11781502515077591,0.9331367015838623,0.7118100523948669
YHL025W,YHR214C-C,0,0.9530005,0.11780039966106415,0.9331367015838623,0.7119102478027344
YBR241C,YJR033C,0,0.9525542,0.11778577417135239,0.9331367015838623,0.7120104432106018
YDR210C-D,YHR123W,0,0.95245546,0.11777115613222122,0.9331367015838623,0.7121105790138245
YAL056W,YDR465C,0,0.9523381,0.11775654554367065,0.9331367015838623,0.7122107744216919
YGR027W-B,YLR225C,0,0.95219356,0.11774193495512009,0.9331367015838623,0.7123109102249146
YIL064W,YMR162C,0,0.951162,0.11772733181715012,0.9331367015838623,0.712411105632782
YBR044C,YGR014W,0,0.9510549,0.11771272867918015,0.9331367015838623,0.7125112414360046
YOL116W,YOR192C-B,0,0.95103836,0.11769812554121017,0.9331367015838623,0.7126114368438721
YGR027W-A,YJR120W,0,0.950821,0.1176835298538208,0.9331367015838623,0.7127116322517395
YJL021C,YBL003C,0,0.95040476,0.11766894161701202,0.9331367015838623,0.7128117680549622
YOR191W,YDR323C,0,0.95001155,0.11765435338020325,0.9331367015838623,0.7129119634628296
YER078C,YLR055C,0,0.9497916,0.11763976514339447,0.9331367015838623,0.7130120992660522
YDR330W,YCL029C,0,0.9493884,0.11762518435716629,0.9331367015838623,0.7131122946739197
YLR449W,YCR040W,0,0.9493613,0.11761061102151871,0.9331367015838623,0.7132124900817871
YDR087C,YJL143W,0,0.9493493,0.11759603768587112,0.9331367015838623,0.7133126258850098
YDR394W,YER018C,0,0.9491939,0.11758146435022354,0.9331367015838623,0.7134128212928772
YNL218W,YLR227W-A,0,0.94909316,0.11756689846515656,0.9331367015838623,0.7135129570960999
YPR186C,YER032W,0,0.94898766,0.11755233258008957,0.9331367015838623,0.7136131525039673
YGR218W,YDR297W,0,0.9488136,0.11753777414560318,0.9331367015838623,0.7137132883071899
YDR055W,YGL012W,0,0.9487073,0.11752322316169739,0.9331367015838623,0.7138134837150574
YDR365W-A,YKR050W,0,0.9486616,0.117508664727211,0.9331367015838623,0.7139136791229248
YNR032C-A,YLR297W,0,0.94851613,0.1174941211938858,0.9331367015838623,0.7140138149261475
YLR393W,YKR039W,0,0.94821066,0.11747957766056061,0.9331367015838623,0.7141140103340149
YJL164C,YBR231C,0,0.94820803,0.11746503412723541,0.9331367015838623,0.7142141461372375
YBR279W,YNL311C,0,0.9480079,0.11745049804449081,0.9331367015838623,0.714314341545105
YML004C,YGL175C,0,0.9477293,0.11743596196174622,0.9331367015838623,0.7144144773483276
YPR122W,YLR399C,0,0.9476087,0.11742143332958221,0.9331367015838623,0.7145146727561951
YOR240W,YLR100W,0,0.9475218,0.11740690469741821,0.9331367015838623,0.7146148681640625
YGR104C,YOR119C,0,0.94732434,0.11739238351583481,0.9331367015838623,0.7147150039672852
YDR210C-D,YBL020W,0,0.94725734,0.1173778623342514,0.9331367015838623,0.7148151993751526
YDR027C,YDR323C,1,0.94724524,0.11748701333999634,0.9341199398040771,0.7148151993751526
YBR030W,YDR239C,0,0.9472426,0.11747248470783234,0.9341199398040771,0.7149153351783752
YEL024W,YIL027C,0,0.9470267,0.11745796352624893,0.9341199398040771,0.7150155305862427
YLL062C,YGR057C,0,0.9468656,0.11744344234466553,0.9341199398040771,0.7151157259941101
YJL118W,YOR265W,0,0.9465226,0.11742892116308212,0.9341199398040771,0.7152158617973328
YBR100W,YKR038C,0,0.9462226,0.11741440743207932,0.9341199398040771,0.7153160572052002
YDR261W-B,YEL004W,0,0.9458975,0.1173999011516571,0.9341199398040771,0.7154161930084229
YPL018W,YGL139W,0,0.94567,0.1173853948712349,0.9341199398040771,0.7155163884162903
YPL076W,YLR337W,0,0.94498914,0.11737088859081268,0.9341199398040771,0.7156165242195129
YDR311W,YGR161C-C,0,0.94482285,0.11735638976097107,0.9341199398040771,0.7157167196273804
YDR007W,YHR045W,0,0.94471264,0.11734189838171005,0.9341199398040771,0.7158169150352478
YDR432W,YMR314W,0,0.94465476,0.11732740700244904,0.9341199398040771,0.7159170508384705
YBR082C,YDR098C-A,0,0.94416136,0.11731291562318802,0.9341199398040771,0.7160172462463379
YJR108W,YJL158C,0,0.9438174,0.1172984316945076,0.9341199398040771,0.7161173820495605
YDL004W,YBL013W,0,0.94350106,0.11728394776582718,0.9341199398040771,0.716217577457428
YER044C-A,YDR246W,0,0.9433424,0.11726947128772736,0.9341199398040771,0.7163177132606506
YDL204W,YJL151C,0,0.9429574,0.11725500226020813,0.9341199398040771,0.7164179086685181
YMR002W,YLR272C,0,0.94289625,0.1172405257821083,0.9341199398040771,0.7165181040763855
YKL155C,YML033W,0,0.94250447,0.11722606420516968,0.9341199398040771,0.7166182398796082
YLR323C,YDR448W,0,0.9417925,0.11721159517765045,0.9341199398040771,0.7167184352874756
YEL024W,YKR098C,0,0.9417665,0.11719714105129242,0.9341199398040771,0.7168185710906982
YLR032W,YER056C-A,0,0.9415087,0.11718267947435379,0.9341199398040771,0.7169187664985657
YOL020W,YOR034C,0,0.941154,0.11716822534799576,0.9341199398040771,0.7170189619064331
YMR070W,YDL195W,0,0.941129,0.11715377867221832,0.9341199398040771,0.7171190977096558
YDR307W,YGL055W,0,0.94094735,0.11713933199644089,0.9341199398040771,0.7172192931175232
YMR277W,YGR062C,0,0.94082445,0.11712489277124405,0.9341199398040771,0.7173194289207458
YPR158W-A,YKR075C,0,0.9402558,0.11711045354604721,0.9341199398040771,0.7174196243286133
YCR058C,YDR202C,0,0.9398348,0.11709602177143097,0.9341199398040771,0.7175197601318359
YIR031C,YHR065C,0,0.9396679,0.11708158999681473,0.9341199398040771,0.7176199555397034
YJL173C,YKR034W,0,0.93962497,0.11706715822219849,0.9341199398040771,0.7177201509475708
YLR186W,YDL127W,0,0.93956715,0.11705273389816284,0.9341199398040771,0.7178202867507935
YIL131C,YJR050W,0,0.9395537,0.1170383170247078,0.9341199398040771,0.7179204821586609
YOL075C,YMR322C,0,0.93934184,0.11702390015125275,0.9341199398040771,0.7180206179618835
YLR013W,YOR270C,0,0.9393359,0.1170094832777977,0.9341199398040771,0.718120813369751
YAL012W,YCR072C,0,0.9391281,0.11699507385492325,0.9341199398040771,0.7182209491729736
YLR256W,YLR467W,0,0.9390405,0.1169806644320488,0.9341199398040771,0.7183211445808411
YBL038W,YPL121C,0,0.9387394,0.11696626245975494,0.9341199398040771,0.7184213399887085
YHR007C,YLR095C,0,0.9383517,0.11695186793804169,0.9341199398040771,0.7185214757919312
YKR045C,YPL155C,0,0.9378558,0.11693746596574783,0.9341199398040771,0.7186216711997986
YDL204W,YJR121W,0,0.9369472,0.11692307889461517,0.9341199398040771,0.7187218070030212
YKL032C,YML033W,0,0.9366215,0.11690869182348251,0.9341199398040771,0.7188220024108887
YLR355C,YMR041C,0,0.93650836,0.11689430475234985,0.9341199398040771,0.7189221382141113
YGR057C,YER039C,1,0.9365056,0.1170029491186142,0.9351032376289368,0.7189221382141113
YPL072W,YGL079W,0,0.936366,0.11698856204748154,0.9351032376289368,0.7190223336219788
YKL220C,YGR006W,0,0.9360126,0.11697416752576828,0.9351032376289368,0.7191225290298462
YLR229C,YBR054W,0,0.935884,0.11695978045463562,0.9351032376289368,0.7192226648330688
YOR103C,YML066C,0,0.93585414,0.11694540083408356,0.9351032376289368,0.7193228602409363
YLR109W,YHR026W,0,0.9358074,0.1169310212135315,0.9351032376289368,0.7194229960441589
YOL103W-A,YLR014C,0,0.9355094,0.11691664904356003,0.9351032376289368,0.7195231914520264
YHR134W,YDR210W,0,0.9347679,0.11690227687358856,0.9351032376289368,0.7196233868598938
YLR307W,YGR295C,0,0.9344107,0.1168879047036171,0.9351032376289368,0.7197235226631165
YDR325W,YGR161C-C,0,0.93397665,0.11687353998422623,0.9351032376289368,0.7198237180709839
YOR057W,YNL275W,0,0.9337782,0.11685918271541595,0.9351032376289368,0.7199238538742065
YKR072C,YDR142C,0,0.9336864,0.11684481799602509,0.9351032376289368,0.720024049282074
YFL003C,YPR106W,0,0.9336657,0.11683046817779541,0.9351032376289368,0.7201241850852966
YOL109W,YER159C-A,0,0.93358153,0.11681611835956573,0.9351032376289368,0.7202243804931641
YDR228C,YLR057W,0,0.93346554,0.11680176854133606,0.9351032376289368,0.7203245759010315
YDL003W,YBL046W,0,0.9334329,0.11678742617368698,0.9351032376289368,0.7204247117042542
YDR037W,YFL004W,0,0.93329173,0.1167730838060379,0.9351032376289368,0.7205249071121216
YMR016C,YAL058W,0,0.93312186,0.11675874888896942,0.9351032376289368,0.7206250429153442
YHR050W,YOL128C,0,0.93307525,0.11674441397190094,0.9351032376289368,0.7207252383232117
YML129C,YHR214C-C,0,0.93272716,0.11673008650541306,0.9351032376289368,0.7208253741264343
YER112W,YDR034C-D,0,0.93270737,0.11671575903892517,0.9351032376289368,0.7209255695343018
YPR020W,YNL145W,0,0.93258244,0.11670143902301788,0.9351032376289368,0.7210257649421692
YMR016C,YIL034C,0,0.9311975,0.1166871190071106,0.9351032376289368,0.7211259007453918
YOL041C,YPL154C,0,0.93101853,0.11667279899120331,0.9351032376289368,0.7212260961532593
YIR023W,YGR083C,0,0.9305927,0.11665848642587662,0.9351032376289368,0.7213262319564819
YOR234C,YKR104W,0,0.93010205,0.11664418131113052,0.9351032376289368,0.7214264273643494
YGR027W-A,YOR101W,0,0.9299698,0.11662987619638443,0.9351032376289368,0.7215266227722168
YLR286C,YIL157C,0,0.92946965,0.11661557108163834,0.9351032376289368,0.7216267585754395
YOR118W,YJL008C,0,0.92937726,0.11660127341747284,0.9351032376289368,0.7217269539833069
YKL026C,YOL119C,0,0.9292054,0.11658698320388794,0.9351032376289368,0.7218270897865295
YER005W,YLR360W,1,0.9291276,0.11669526994228363,0.9360865354537964,0.7218270897865295
YHR111W,YEL055C,0,0.9289301,0.11668096482753754,0.9360865354537964,0.721927285194397
YBR166C,YAR050W,0,0.92841905,0.11666666716337204,0.9360865354537964,0.7220274209976196
YKL006W,YCR058C,0,0.9280578,0.11665236949920654,0.9360865354537964,0.7221276164054871
YDL211C,YMR083W,0,0.9279432,0.11663807928562164,0.9360865354537964,0.7222278118133545
YNL244C,YNL148C,0,0.9279273,0.11662378907203674,0.9360865354537964,0.7223279476165771
YOR001W,YKL179C,0,0.92746717,0.11660950630903244,0.9360865354537964,0.7224281430244446
YBR210W,YGL200C,1,0.92719454,0.11671769618988037,0.937069833278656,0.7224281430244446
YDR213W,YML087C,0,0.9269214,0.11670340597629547,0.937069833278656,0.7225282788276672
YDL102W,YDL025C,0,0.92670876,0.11668911576271057,0.937069833278656,0.7226284742355347
YHR133C,YBR160W,0,0.926588,0.11667482554912567,0.937069833278656,0.7227286100387573
YML014W,YNL077W,0,0.9263099,0.11666054278612137,0.937069833278656,0.7228288054466248
YPL097W,YHR028C,0,0.9262625,0.11664626747369766,0.937069833278656,0.7229290008544922
YCR058C,YGR094W,0,0.92617285,0.11663199216127396,0.937069833278656,0.7230291366577148
YLR074C,YDR259C,0,0.92613536,0.11661771684885025,0.937069833278656,0.7231293320655823
YFR049W,YDR075W,0,0.92608756,0.11660344898700714,0.937069833278656,0.7232294678688049
YCL031C,YFR055W,0,0.9252429,0.11658918857574463,0.937069833278656,0.7233296632766724
YOR190W,YAR044W,0,0.9243538,0.11657492071390152,0.937069833278656,0.7234298586845398
YGL021W,YCL064C,0,0.9239674,0.1165606677532196,0.937069833278656,0.7235299944877625
YCL001W,YER039C,1,0.9237023,0.1166687086224556,0.9380530714988708,0.7235299944877625
YDR101C,YPL155C,0,0.92368335,0.11665444076061249,0.9380530714988708,0.7236301898956299
YDR259C,YEL026W,0,0.9235862,0.11664017289876938,0.9380530714988708,0.7237303256988525
YIL073C,YLL052C,0,0.9234125,0.11662591993808746,0.9380530714988708,0.72383052110672
YGL155W,YGR083C,0,0.92298615,0.11661165952682495,0.9380530714988708,0.7239306569099426
YKL114C,YHR194W,0,0.9226971,0.11659740656614304,0.9380530714988708,0.7240308523178101
YGR200C,YMR313C,0,0.9226684,0.11658316105604172,0.9380530714988708,0.7241310477256775
YBL080C,YKR042W,0,0.92262167,0.1165689155459404,0.9380530714988708,0.7242311835289001
YOR065W,YJL059W,0,0.9226021,0.11655467003583908,0.9380530714988708,0.7243313789367676
YER070W,YCL010C,0,0.9224589,0.11654043197631836,0.9380530714988708,0.7244315147399902
YMR280C,YGR124W,0,0.9222884,0.11652620136737823,0.9380530714988708,0.7245317101478577
YOL138C,YMR036C,0,0.9221843,0.11651197075843811,0.9380530714988708,0.7246318459510803
YBR040W,YGR116W,0,0.92211205,0.11649774014949799,0.9380530714988708,0.7247320413589478
YGR163W,YDR034C-C,0,0.9218294,0.11648351699113846,0.9380530714988708,0.7248322367668152
YPR121W,YNL103W,0,0.92146903,0.11646929383277893,0.9380530714988708,0.7249323725700378
YAL058W,YDR037W,0,0.92131096,0.116455078125,0.9380530714988708,0.7250325679779053
YJR058C,YGR256W,0,0.9209951,0.11644086241722107,0.9380530714988708,0.7251327037811279
YDR210C-D,YMR266W,0,0.9207602,0.11642665416002274,0.9380530714988708,0.7252328991889954
YHL009W-B,YMR162C,0,0.92072654,0.1164124459028244,0.9380530714988708,0.7253330945968628
YBR039W,YKL137W,0,0.92044365,0.11639824509620667,0.9380530714988708,0.7254332304000854
YOR254C,YIL009W,0,0.9201762,0.11638404428958893,0.9380530714988708,0.7255334258079529
YDR377W,YBL064C,0,0.9201736,0.11636984348297119,0.9380530714988708,0.7256335616111755
YPL051W,YNL161W,0,0.9199756,0.11635565012693405,0.9380530714988708,0.725733757019043
YKL220C,YML033W,0,0.9199322,0.11634146422147751,0.9380530714988708,0.7258338928222656
YGR082W,YCL031C,0,0.9192243,0.11632727831602097,0.9380530714988708,0.7259340882301331
YJL018W,YLR193C,0,0.9188968,0.11631309241056442,0.9380530714988708,0.7260342836380005
YGR211W,YNL097C,0,0.91830975,0.11629891395568848,0.9380530714988708,0.7261344194412231
YLR135W,YHR214C-C,0,0.9181617,0.11628473550081253,0.9380530714988708,0.7262346148490906
YJL109C,YBR234C,0,0.9181041,0.11627056449651718,0.9380530714988708,0.7263347506523132
YDR098C-A,YNL065W,0,0.91788095,0.11625640094280243,0.9380530714988708,0.7264349460601807
YBL021C,YOR192C-A,0,0.9175603,0.11624222993850708,0.9380530714988708,0.7265350818634033
YML066C,YMR292W,0,0.9173497,0.11622807383537292,0.9380530714988708,0.7266352772712708
YMR159C,YKL061W,1,0.917229,0.11633572727441788,0.9390363693237305,0.7266352772712708
YNL119W,YDR033W,0,0.9165718,0.11632155627012253,0.9390363693237305,0.7267354726791382
YFL008W,YML081W,0,0.91511047,0.11630739271640778,0.9390363693237305,0.7268356084823608
YLR044C,YCL066W,0,0.9148745,0.11629322916269302,0.9390363693237305,0.7269358038902283
YEL032W,YLL001W,0,0.9141466,0.11627907305955887,0.9390363693237305,0.7270359396934509
YDR153C,YBR088C,0,0.91383487,0.11626491695642471,0.9390363693237305,0.7271361351013184
YNL035C,YBR208C,0,0.9136638,0.11625076085329056,0.9390363693237305,0.7272363305091858
YJL080C,YHR013C,0,0.91362846,0.116236612200737,0.9390363693237305,0.7273364663124084
YDL205C,YGL145W,0,0.91331494,0.11622246354818344,0.9390363693237305,0.7274366617202759
YDL193W,YOR262W,0,0.91328657,0.11620832234621048,0.9390363693237305,0.7275367975234985
YHL009W-B,YGL160W,0,0.91328126,0.11619418114423752,0.9390363693237305,0.727636992931366
YJL021C,YBL036C,0,0.91326183,0.11618004739284515,0.9390363693237305,0.7277371287345886
YOL109W,YML087C,0,0.9132486,0.11616591364145279,0.9390363693237305,0.727837324142456
YLR337W,YBR102C,0,0.91291326,0.11615178734064102,0.9390363693237305,0.7279375195503235
YBR100W,YHR210C,0,0.912913,0.11613766103982925,0.9390363693237305,0.7280376553535461
YER071C,YHL001W,0,0.9128484,0.11612354218959808,0.9390363693237305,0.7281378507614136
YCL011C,YDR044W,0,0.9128123,0.11610942333936691,0.9390363693237305,0.7282379865646362
YBR297W,YKR058W,0,0.9123253,0.11609530448913574,0.9390363693237305,0.7283381819725037
YGL089C,YER078C,0,0.91220284,0.11608119308948517,0.9390363693237305,0.7284383177757263
YOL152W,YPL068C,0,0.91215473,0.11606708914041519,0.9390363693237305,0.7285385131835938
YMR127C,YGR133W,0,0.9121234,0.11605298519134521,0.9390363693237305,0.7286387085914612
YOR192C-A,YLR466W,0,0.91155726,0.11603888124227524,0.9390363693237305,0.7287388443946838
YCL066W,YMR142C,0,0.91146016,0.11602478474378586,0.9390363693237305,0.7288390398025513
YKL081W,YHL002W,0,0.9113273,0.11601068824529648,0.9390363693237305,0.7289391756057739
YIL056W,YKR010C,0,0.9111759,0.1159965991973877,0.9390363693237305,0.7290393710136414
YOR136W,YMR041C,0,0.9110736,0.11598251014947891,0.9390363693237305,0.7291395664215088
YOR064C,YER139C,0,0.91101307,0.11596842855215073,0.9390363693237305,0.7292397022247314
YDR522C,YPR061C,0,0.91097015,0.11595434695482254,0.9390363693237305,0.7293398976325989
YCR089W,YKR085C,0,0.9107594,0.11594027280807495,0.9390363693237305,0.7294400334358215
YDL229W,YOR141C,0,0.9105078,0.11592619866132736,0.9390363693237305,0.729540228843689
YFL034C-A,YBR240C,0,0.9104805,0.11591212451457977,0.9390363693237305,0.7296403646469116
YHR143W-A,YDL220C,0,0.9104126,0.11589805781841278,0.9390363693237305,0.729740560054779
YDR017C,YNL284C-B,0,0.9103615,0.11588399112224579,0.9390363693237305,0.7298407554626465
YER106W,YMR234W,0,0.9101743,0.1158699318766594,0.9390363693237305,0.7299408912658691
YDR317W,YGL191W,0,0.91010326,0.1158558800816536,0.9390363693237305,0.7300410866737366
YPL203W,YNL177C,0,0.90990496,0.1158418208360672,0.9390363693237305,0.7301412224769592
YBR205W,YPR151C,0,0.9098813,0.115827776491642,0.9390363693237305,0.7302414178848267
YNL194C,YDR507C,0,0.909668,0.1158137246966362,0.9390363693237305,0.7303415536880493
YDR380W,YOR343W-A,0,0.9092706,0.1157996878027916,0.9390363693237305,0.7304417490959167
YGR057C,YMR171C,1,0.90904284,0.11590688675642014,0.9400196671485901,0.7304417490959167
YOR048C,YIR002C,0,0.9087346,0.11589283496141434,0.9400196671485901,0.7305419445037842
YFL002W-A,YER018C,0,0.9085941,0.11587879061698914,0.9400196671485901,0.7306420803070068
YMR006C,YPR065W,0,0.9077342,0.11586474627256393,0.9400196671485901,0.7307422757148743
YDL141W,YGR224W,0,0.90771216,0.11585070192813873,0.9400196671485901,0.7308424115180969
YMR311C,YLR357W,0,0.90762186,0.11583666503429413,0.9400196671485901,0.7309426069259644
YML004C,YNL197C,0,0.9076138,0.11582262814044952,0.9400196671485901,0.7310428023338318
YPL090C,YER033C,0,0.90690094,0.11580859869718552,0.9400196671485901,0.7311429381370544
YOR197W,YGR161W-A,0,0.90657717,0.1157945767045021,0.9400196671485901,0.7312431335449219
YLR097C,YML001W,0,0.90641177,0.1157805472612381,0.9400196671485901,0.7313432693481445
YPR143W,YDR362C,0,0.9063559,0.11576653271913528,0.9400196671485901,0.731443464756012
YDL232W,YDL181W,0,0.90623766,0.11575251072645187,0.9400196671485901,0.7315436005592346
YML114C,YGL255W,0,0.9061709,0.11573849618434906,0.9400196671485901,0.731643795967102
YPL106C,YKL092C,0,0.9057421,0.11572448909282684,0.9400196671485901,0.7317439913749695
YDL214C,YDL188C,0,0.9055434,0.11571048200130463,0.9400196671485901,0.7318441271781921
YDR533C,YLR106C,0,0.9046154,0.11569647490978241,0.9400196671485901,0.7319443225860596
YDR012W,YOR150W,0,0.90418786,0.11568247526884079,0.9400196671485901,0.7320444583892822
YLR403W,YNR001C,0,0.90379983,0.11566848307847977,0.9400196671485901,0.7321446537971497
YGR058W,YNL093W,0,0.9033106,0.11565449088811874,0.9400196671485901,0.7322447896003723
YLR067C,YJL045W,0,0.9031023,0.11564049869775772,0.9400196671485901,0.7323449850082397
YMR202W,YLR284C,0,0.9026571,0.1156265139579773,0.9400196671485901,0.7324451804161072
YDR439W,YHL026C,0,0.9026104,0.11561252921819687,0.9400196671485901,0.7325453162193298
YPR186C,YMR171C,0,0.9024802,0.11559855192899704,0.9400196671485901,0.7326455116271973
YDR381W,YDR348C,0,0.9024716,0.11558457463979721,0.9400196671485901,0.7327456474304199
YPR140W,YLR106C,0,0.9024028,0.11557059735059738,0.9400196671485901,0.7328458428382874
YIL084C,YKL099C,0,0.90223646,0.11555662751197815,0.9400196671485901,0.73294597864151
YML131W,YOR083W,0,0.9021748,0.11554266512393951,0.9400196671485901,0.7330461740493774
YBR105C,YMR110C,1,0.9018751,0.11564954370260239,0.9410029649734497,0.7330461740493774
YPL117C,YAL047C,0,0.90155196,0.11563557386398315,0.9410029649734497,0.7331463694572449
YPL158C,YDR365W-B,0,0.90151113,0.11562160402536392,0.9410029649734497,0.7332465052604675
YOR335C,YDL104C,0,0.9007077,0.11560763418674469,0.9410029649734497,0.733346700668335
YPR155C,YJR002W,0,0.90049016,0.11559367179870605,0.9410029649734497,0.7334468364715576
YML104C,YNL164C,0,0.90040284,0.11557970941066742,0.9410029649734497,0.733547031879425
YBR089C-A,YDR210W-A,0,0.9001538,0.11556575447320938,0.9410029649734497,0.7336472272872925
YBR205W,YJL148W,0,0.8999373,0.11555179953575134,0.9410029649734497,0.7337473630905151
YMR127C,YKL134C,0,0.8990132,0.1155378520488739,0.9410029649734497,0.7338475584983826
YDR292C,YHR124W,0,0.8989515,0.11552390456199646,0.9410029649734497,0.7339476943016052
YPL060C-A,YIL110W,0,0.89886737,0.11550995707511902,0.9410029649734497,0.7340478897094727
YNL054W-B,YBR003W,0,0.8988264,0.11549601703882217,0.9410029649734497,0.7341480255126953
YPR105C,YNR053C,0,0.89879924,0.11548207700252533,0.9410029649734497,0.7342482209205627
YEL048C,YLR396C,1,0.89825493,0.11558880656957626,0.9419862627983093,0.7342482209205627
YPR137C-B,YOR010C,0,0.89823663,0.11557485908269882,0.9419862627983093,0.7343484163284302
YKL222C,YMR292W,0,0.8980851,0.11556091904640198,0.9419862627983093,0.7344485521316528
YGL012W,YDR034C-C,0,0.8980015,0.11554697901010513,0.9419862627983093,0.7345487475395203
YNL289W,YER094C,0,0.897537,0.11553304642438889,0.9419862627983093,0.7346488833427429
YEL064C,YOR095C,0,0.89752966,0.11551911383867264,0.9419862627983093,0.7347490787506104
YBL091C,YBR240C,0,0.89720446,0.11550518125295639,0.9419862627983093,0.734849214553833
YKL114C,YDR365W-B,0,0.8971955,0.11549125611782074,0.9419862627983093,0.7349494099617004
YOR077W,YNR051C,0,0.897162,0.11547733843326569,0.9419862627983093,0.7350496053695679
YNR027W,YKL033W,0,0.89671665,0.11546342074871063,0.9419862627983093,0.7351497411727905
YOR357C,YDR033W,0,0.89605635,0.11544950306415558,0.9419862627983093,0.735249936580658
YBR044C,YHL009W-A,0,0.8958422,0.11543559283018112,0.9419862627983093,0.7353500723838806
YNL005C,YCL040W,0,0.89514214,0.11542169004678726,0.9419862627983093,0.735450267791748
YOR295W,YOR192C-A,0,0.89430445,0.1154077798128128,0.9419862627983093,0.7355504631996155
YJL204C,YMR277W,0,0.8938922,0.11539388447999954,0.9419862627983093,0.7356505990028381
YOR039W,YDR034C-D,0,0.8936934,0.11537998169660568,0.9419862627983093,0.7357507944107056
YMR106C,YDR037W,0,0.89339936,0.11536608636379242,0.9419862627983093,0.7358509302139282
YDR289C,YGL192W,0,0.89332724,0.11535219848155975,0.9419862627983093,0.7359511256217957
YDL153C,YLR307W,0,0.89288735,0.11533831059932709,0.9419862627983093,0.7360512614250183
YKL035W,YLL057C,0,0.89270836,0.11532442271709442,0.9419862627983093,0.7361514568328857
YOR373W,YOR358W,0,0.8926889,0.11531054228544235,0.9419862627983093,0.7362516522407532
YIL120W,YGR109W-A,0,0.8926483,0.11529666930437088,0.9419862627983093,0.7363517880439758
YNL025C,YMR261C,0,0.8924214,0.11528278887271881,0.9419862627983093,0.7364519834518433
YHR096C,YEL015W,0,0.8923351,0.11526892334222794,0.9419862627983093,0.7365521192550659
YHL047C,YDR020C,0,0.89218533,0.11525505036115646,0.9419862627983093,0.7366523146629333
YER113C,YNL227C,0,0.8921806,0.11524118483066559,0.9419862627983093,0.736752450466156
YPL100W,YCR068W,1,0.89165545,0.11534760892391205,0.9429695010185242,0.736752450466156
YCR053W,YMR288W,0,0.89159954,0.11533373594284058,0.9429695010185242,0.7368526458740234
YJL021C,YGR006W,0,0.8915807,0.1153198629617691,0.9429695010185242,0.7369528412818909
YDL147W,YEL018W,0,0.8915178,0.11530599743127823,0.9429695010185242,0.7370529770851135
YNL199C,YJL028W,0,0.891512,0.11529213935136795,0.9429695010185242,0.737153172492981
YPL280W,YGL246C,0,0.8915027,0.11527828127145767,0.9429695010185242,0.7372533082962036
YLR272C,YGR094W,0,0.8914991,0.1152644231915474,0.9429695010185242,0.737353503704071
YNL189W,YGR161C-D,0,0.890704,0.11525057256221771,0.9429695010185242,0.7374536991119385
YMR026C,YPL257W-A,0,0.8905138,0.11523672193288803,0.9429695010185242,0.7375538349151611
YOR033C,YBR021W,0,0.890048,0.11522287875413895,0.9429695010185242,0.7376540303230286
YHR096C,YHL013C,0,0.8898402,0.11520903557538986,0.9429695010185242,0.7377541661262512
YKR089C,YBR060C,0,0.88970274,0.11519519239664078,0.9429695010185242,0.7378543615341187
YNL173C,YDR300C,0,0.8895799,0.11518135666847229,0.9429695010185242,0.7379544973373413
YOR032C,YMR277W,0,0.8889143,0.1151675283908844,0.9429695010185242,0.7380546927452087
YGR280C,YOR192C-B,0,0.88882047,0.11515370011329651,0.9429695010185242,0.7381548881530762
YOR201C,YFL026W,0,0.88875145,0.11513987183570862,0.9429695010185242,0.7382550239562988
YOL137W,YJL170C,0,0.8884779,0.11512605100870132,0.9429695010185242,0.7383552193641663
YBR265W,YOL055C,0,0.888331,0.11511223018169403,0.9429695010185242,0.7384553551673889
YCR070W,YJR009C,0,0.8878331,0.11509841680526733,0.9429695010185242,0.7385555505752563
YGR245C,YFL018C,0,0.8875824,0.11508460342884064,0.9429695010185242,0.738655686378479
YGL181W,YKL071W,0,0.8875339,0.11507079750299454,0.9429695010185242,0.7387558817863464
YOR088W,YIR017C,0,0.88708264,0.11505699157714844,0.9429695010185242,0.7388560771942139
YKR053C,YIL067C,0,0.88672,0.11504318565130234,0.9429695010185242,0.7389562129974365
YDR397C,YDR365W-B,0,0.8863934,0.11502938717603683,0.9429695010185242,0.739056408405304
YBR001C,YGR274C,0,0.88635397,0.11501558870077133,0.9429695010185242,0.7391565442085266
YNL316C,YDL105W,0,0.8863308,0.11500179767608643,0.9429695010185242,0.739256739616394
YBL087C,YCR058C,0,0.8860776,0.11498800665140152,0.9429695010185242,0.7393569350242615
YHR021C,YDR402C,0,0.8852326,0.11497422307729721,0.9429695010185242,0.7394570708274841
YHL009W-A,YJL050W,0,0.88522,0.1149604395031929,0.9429695010185242,0.7395572662353516
YDL114W,YLR175W,0,0.8851621,0.11494666337966919,0.9429695010185242,0.7396574020385742
YGL137W,YKR081C,0,0.8849986,0.11493288725614548,0.9429695010185242,0.7397575974464417
YHR122W,YDR104C,0,0.8849095,0.11491911113262177,0.9429695010185242,0.7398577332496643
YPL123C,YHL009W-A,0,0.8841563,0.11490534245967865,0.9429695010185242,0.7399579286575317
YMR118C,YLR227W-A,0,0.8838561,0.11489158123731613,0.9429695010185242,0.7400581240653992
YAL051W,YGL171W,0,0.88357997,0.11487781256437302,0.9429695010185242,0.7401582598686218
YMR307W,YEL065W,1,0.88349766,0.11498382687568665,0.9439527988433838,0.7401582598686218
YDR283C,YNL162W,0,0.8834333,0.11497005820274353,0.9439527988433838,0.7402584552764893
YJL051W,YAL009W,0,0.8833711,0.11495628952980042,0.9439527988433838,0.7403585910797119
YDR328C,YHR123W,0,0.8828822,0.1149425283074379,0.9439527988433838,0.7404587864875793
YHR113W,YOR056C,0,0.8819405,0.11492876708507538,0.9439527988433838,0.740558922290802
YOR017W,YLR388W,0,0.881677,0.11491501331329346,0.9439527988433838,0.7406591176986694
YLR106C,YML040W,0,0.8816442,0.11490125954151154,0.9439527988433838,0.7407593131065369
YOL065C,YDR098C-B,0,0.8814239,0.11488750576972961,0.9439527988433838,0.7408594489097595
YDR523C,YPL156C,0,0.88120764,0.11487375944852829,0.9439527988433838,0.740959644317627
YGL153W,YDR050C,0,0.88117784,0.11486001312732697,0.9439527988433838,0.7410597801208496
YKL045W,YHR153C,0,0.8810966,0.11484627425670624,0.9439527988433838,0.741159975528717
YIL098C,YLL018C-A,0,0.8801445,0.11483253538608551,0.9439527988433838,0.7412601709365845
YPL057C,YGR121C,0,0.87972516,0.11481880396604538,0.9439527988433838,0.7413603067398071
YLR078C,YDR170W-A,0,0.8796449,0.11480507254600525,0.9439527988433838,0.7414605021476746
YDR050C,YOL027C,0,0.87943554,0.11479134112596512,0.9439527988433838,0.7415606379508972
YOR172W,YMR051C,0,0.87939984,0.11477761715650558,0.9439527988433838,0.7416608333587646
YIR017C,YKR061W,0,0.87933636,0.11476390063762665,0.9439527988433838,0.7417609691619873
YDR341C,YHR193C,0,0.8792357,0.11475017666816711,0.9439527988433838,0.7418611645698547
YPL186C,YDR099W,0,0.87919295,0.11473646759986877,0.9439527988433838,0.7419613599777222
YDR014W,YML125C,0,0.8790736,0.11472275108098984,0.9439527988433838,0.7420614957809448
YCR039C,YGR157W,0,0.87858933,0.1147090420126915,0.9439527988433838,0.7421616911888123
YAL034W-A,YHR032W,0,0.87857413,0.11469534039497375,0.9439527988433838,0.7422618269920349
YDR078C,YGR096W,0,0.87791395,0.11468163877725601,0.9439527988433838,0.7423620223999023
YDL214C,YCR020W-B,0,0.8775552,0.11466793715953827,0.9439527988433838,0.742462158203125
YJL062W,YBR240C,0,0.87750214,0.11465424299240112,0.9439527988433838,0.7425623536109924
YBL101W-A,YCR083W,0,0.8771661,0.11464055627584457,0.9439527988433838,0.7426625490188599
YDR178W,YOR122C,0,0.87698203,0.11462686210870743,0.9439527988433838,0.7427626848220825
YMR307W,YPL183C,0,0.876823,0.11461318284273148,0.9439527988433838,0.74286288022995
YGR162W,YDR515W,0,0.87664056,0.11459949612617493,0.9439527988433838,0.7429630160331726
YLR003C,YFR027W,0,0.8764269,0.11458581686019897,0.9439527988433838,0.74306321144104
YGL226W,YDL010W,0,0.87635106,0.11457214504480362,0.9439527988433838,0.7431634068489075
YJL125C,YDL076C,0,0.8761125,0.11455847322940826,0.9439527988433838,0.7432635426521301
YDR507C,YML100W,0,0.8753982,0.11454480141401291,0.9439527988433838,0.7433637380599976
YDL210W,YLR319C,0,0.8753139,0.11453113704919815,0.9439527988433838,0.7434638738632202
YDL156W,YNL161W,0,0.87503654,0.11451747268438339,0.9439527988433838,0.7435640692710876
YKR105C,YLR459W,0,0.87436455,0.11450381577014923,0.9439527988433838,0.7436642050743103
YHL008C,YDR412W,0,0.8743025,0.11449015885591507,0.9439527988433838,0.7437644004821777
YIR006C,YPL246C,1,0.8738412,0.11459575593471527,0.9449360966682434,0.7437644004821777
YLR287C-A,YIL010W,0,0.8736008,0.11458209156990051,0.9449360966682434,0.7438645958900452
YGL128C,YER011W,0,0.873589,0.11456843465566635,0.9449360966682434,0.7439647316932678
YCR048W,YLR318W,0,0.8725562,0.11455477774143219,0.9449360966682434,0.7440649271011353
YMR216C,YDR120C,0,0.8723032,0.11454112082719803,0.9449360966682434,0.7441650629043579
YPL280W,YGL107C,0,0.8721215,0.11452747136354446,0.9449360966682434,0.7442652583122253
YDR210C-D,YPR094W,0,0.87195736,0.1145138218998909,0.9449360966682434,0.744365394115448
YJL181W,YDR524C,0,0.87165993,0.11450017988681793,0.9449360966682434,0.7444655895233154
YGR078C,YKL012W,0,0.8715981,0.11448653787374496,0.9449360966682434,0.7445657849311829
YHR013C,YJR135C,0,0.8713575,0.1144729033112526,0.9449360966682434,0.7446659207344055
YEL005C,YGR067C,0,0.8712508,0.11445926874876022,0.9449360966682434,0.744766116142273
YKR078W,YPR199C,0,0.87078077,0.11444563418626785,0.9449360966682434,0.7448662519454956
YOR018W,YNR056C,0,0.8703963,0.11443200707435608,0.9449360966682434,0.744966447353363
YBR131W,YMR171C,1,0.8703651,0.11453744769096375,0.945919394493103,0.744966447353363
YGR046W,YDR098C-A,0,0.8703144,0.11452381312847137,0.945919394493103,0.7450666427612305
YBR127C,YDL085W,0,0.87022597,0.114510178565979,0.945919394493103,0.7451667785644531
YPL121C,YOL009C,0,0.8698848,0.11449655145406723,0.945919394493103,0.7452669739723206
YOL068C,YLR059C,0,0.8698253,0.11448292434215546,0.945919394493103,0.7453671097755432
YDR038C,YGR104C,0,0.8681262,0.11446929723024368,0.945919394493103,0.7454673051834106
YBL040C,YNR063W,0,0.8678344,0.1144556775689125,0.945919394493103,0.7455674409866333
YIL125W,YNR046W,0,0.8675797,0.11444206535816193,0.945919394493103,0.7456676363945007
YER060W-A,YIL093C,0,0.8672481,0.11442845314741135,0.945919394493103,0.7457678318023682
YPL019C,YDR175C,0,0.867209,0.11441484093666077,0.945919394493103,0.7458679676055908
YIR013C,YMR318C,0,0.8661378,0.11440123617649078,0.945919394493103,0.7459681630134583
YNL096C,YLR157C-A,0,0.8656536,0.1143876314163208,0.945919394493103,0.7460682988166809
YDR478W,YOR288C,0,0.86559576,0.11437403410673141,0.945919394493103,0.7461684942245483
YDL031W,YPR158W-A,0,0.86513656,0.11436043679714203,0.945919394493103,0.746268630027771
YCL054W,YER160C,0,0.86507577,0.11434684693813324,0.945919394493103,0.7463688254356384
YCR070W,YDR153C,0,0.8648316,0.11433325707912445,0.945919394493103,0.7464690208435059
YMR045C,YDR225W,0,0.8647706,0.11431966722011566,0.945919394493103,0.7465691566467285
YOR063W,YNL212W,0,0.8647088,0.11430608481168747,0.945919394493103,0.746669352054596
YER060W,YLL053C,0,0.8644815,0.11429250240325928,0.945919394493103,0.7467694878578186
YEL046C,YNL207W,0,0.863971,0.11427892744541168,0.945919394493103,0.746869683265686
YNR032W,YAL044C,0,0.86362535,0.11426535248756409,0.945919394493103,0.7469698190689087
YPR137C-B,YGR253C,0,0.8636125,0.11425178498029709,0.945919394493103,0.7470700144767761
YDR040C,YHR045W,0,0.86282593,0.11423821747303009,0.945919394493103,0.7471702098846436
YAR044W,YGL054C,1,0.8620369,0.11434338986873627,0.9469026327133179,0.7471702098846436
YER094C,YMR288W,0,0.8619794,0.11432981491088867,0.9469026327133179,0.7472703456878662
YBL023C,YIL082W-A,0,0.86157125,0.11431623995304108,0.9469026327133179,0.7473705410957336
YMR009W,YCL059C,0,0.8615404,0.11430267244577408,0.9469026327133179,0.7474706768989563
YLL001W,YDR007W,0,0.8611674,0.11428910493850708,0.9469026327133179,0.7475708723068237
YLR355C,YDR058C,0,0.8609567,0.11427554488182068,0.9469026327133179,0.7476710677146912
YOL077W-A,YAL062W,0,0.8608729,0.11426198482513428,0.9469026327133179,0.7477712035179138
YDR098C-A,YBR073W,0,0.86048794,0.11424842476844788,0.9469026327133179,0.7478713989257812
YKL043W,YDR261C-C,0,0.8603311,0.11423487216234207,0.9469026327133179,0.7479715347290039
YDL236W,YDR261W-B,0,0.8603294,0.11422132700681686,0.9469026327133179,0.7480717301368713
YKL129C,YGL201C,0,0.86031264,0.11420778185129166,0.9469026327133179,0.748171865940094
YDR523C,YLR307W,0,0.8602518,0.11419423669576645,0.9469026327133179,0.7482720613479614
YDR523C,YMR166C,0,0.86014414,0.11418069899082184,0.9469026327133179,0.7483722567558289
YDR210C-D,YDR204W,0,0.86005276,0.11416716128587723,0.9469026327133179,0.7484723925590515
YDL076C,YER124C,0,0.860004,0.11415363103151321,0.9469026327133179,0.748572587966919
YNL318C,YMR286W,0,0.859943,0.1141401007771492,0.9469026327133179,0.7486727237701416
YGR161C-D,YPR188C,0,0.8594283,0.11412657052278519,0.9469026327133179,0.748772919178009
YPL005W,YOR290C,0,0.8592988,0.11411304771900177,0.9469026327133179,0.7488730549812317
YER069W,YLR079W,0,0.85899985,0.11409952491521835,0.9469026327133179,0.7489732503890991
YFL003C,YOR343W-A,0,0.85898584,0.11408600956201553,0.9469026327133179,0.7490734457969666
YHL009W-A,YIR034C,0,0.858242,0.11407249420881271,0.9469026327133179,0.7491735816001892
YLL035W,YKL058W,0,0.85815865,0.11405898630619049,0.9469026327133179,0.7492737770080566
YNL139C,YLR089C,0,0.85810333,0.11404547840356827,0.9469026327133179,0.7493739128112793
YNL139C,YDL042C,0,0.85797864,0.11403197050094604,0.9469026327133179,0.7494741082191467
YDR345C,YHR009C,0,0.8578027,0.11401847004890442,0.9469026327133179,0.7495743036270142
YBR273C,YLR106C,0,0.85745156,0.11400496959686279,0.9469026327133179,0.7496744394302368
YFL061W,YMR052W,0,0.8573162,0.11399147659540176,0.9469026327133179,0.7497746348381042
YGL031C,YER144C,0,0.8567373,0.11397798359394073,0.9469026327133179,0.7498747706413269
YML005W,YOL130W,0,0.8566657,0.1139644980430603,0.9469026327133179,0.7499749660491943
YMR016C,YKL112W,0,0.8561985,0.11395101249217987,0.9469026327133179,0.750075101852417
YJR084W,YCR105W,0,0.85611695,0.11393752694129944,0.9469026327133179,0.7501752972602844
YEL048C,YGL227W,0,0.8559312,0.1139240488409996,0.9469026327133179,0.7502754926681519
YLR260W,YBR021W,0,0.8558437,0.11391057819128036,0.9469026327133179,0.7503756284713745
YDL210W,YNR036C,0,0.8552665,0.11389710009098053,0.9469026327133179,0.7504758238792419
YJR045C,YDL247W,0,0.8552174,0.11388362944126129,0.9469026327133179,0.7505759596824646
YGL185C,YHR117W,0,0.8543741,0.11387016624212265,0.9469026327133179,0.750676155090332
YOR063W,YGR212W,0,0.85329646,0.11385670304298401,0.9469026327133179,0.7507762908935547
YGL104C,YBL066C,0,0.8529559,0.11384324729442596,0.9469026327133179,0.7508764863014221
YBR034C,YBR286W,0,0.85274357,0.11382978409528732,0.9469026327133179,0.7509766817092896
YLR216C,YGR161C-C,0,0.8518943,0.11381633579730988,0.9469026327133179,0.7510768175125122
YPL146C,YLR190W,0,0.85186267,0.11380288004875183,0.9469026327133179,0.7511770129203796
YPL088W,YKL138C,0,0.8517478,0.11378943920135498,0.9469026327133179,0.7512771487236023
YDL067C,YCR040W,0,0.85166264,0.11377599090337753,0.9469026327133179,0.7513773441314697
YOR368W,YIL167W,0,0.85161537,0.11376255005598068,0.9469026327133179,0.7514775395393372
YDR034C-C,YMR035W,0,0.8514587,0.11374911665916443,0.9469026327133179,0.7515776753425598
YLR343W,YMR244C-A,0,0.85122436,0.11373568326234818,0.9469026327133179,0.7516778707504272
YOL149W,YPL060C-A,0,0.85111517,0.11372224986553192,0.9469026327133179,0.7517780065536499
YDL092W,YHR185C,0,0.8510255,0.11370882391929626,0.9469026327133179,0.7518782019615173
YGR059W,YNL076W,0,0.85093004,0.11369539797306061,0.9469026327133179,0.75197833776474
YDL120W,YHR088W,0,0.8502156,0.11368197202682495,0.9469026327133179,0.7520785331726074
YPL270W,YDR037W,0,0.8495328,0.11366855353116989,0.9469026327133179,0.7521787285804749
YLR328W,YCL020W,0,0.84941906,0.11365514248609543,0.9469026327133179,0.7522788643836975
YPL239W,YJL154C,0,0.84937495,0.11364172399044037,0.9469026327133179,0.7523790597915649
YLR249W,YJL159W,0,0.84900934,0.1136283203959465,0.9469026327133179,0.7524791955947876
YDR123C,YGR120C,0,0.8488855,0.11361490935087204,0.9469026327133179,0.752579391002655
YGR138C,YBR098W,0,0.8487805,0.11360151320695877,0.9469026327133179,0.7526795268058777
YEL065W,YLR347C,0,0.8486155,0.1135881096124649,0.9469026327133179,0.7527797222137451
YOR381W,YDL019C,0,0.8485549,0.11357471346855164,0.9469026327133179,0.7528799176216125
YOR039W,YDR210W-B,0,0.84779507,0.11356131732463837,0.9469026327133179,0.7529800534248352
YMR220W,YHR116W,0,0.8477407,0.1135479286313057,0.9469026327133179,0.7530802488327026
YDR545W,YEL002C,0,0.8477258,0.11353454738855362,0.9469026327133179,0.7531803846359253
YBL063W,YMR292W,0,0.8476256,0.11352115869522095,0.9469026327133179,0.7532805800437927
YOR348C,YPR132W,0,0.84736854,0.11350777745246887,0.9469026327133179,0.7533807754516602
YPR137C-B,YML130C,0,0.8472068,0.1134944036602974,0.9469026327133179,0.7534809112548828
YKL178C,YDR316W-A,0,0.8470226,0.11348102986812592,0.9469026327133179,0.7535811066627502
YNL054W-B,YDR266C,0,0.8468656,0.11346765607595444,0.9469026327133179,0.7536812424659729
YLR381W,YDR256C,0,0.8466946,0.11345428973436356,0.9469026327133179,0.7537814378738403
YAL058W,YML116W,0,0.8464117,0.11344092339277267,0.9469026327133179,0.753881573677063
YOL125W,YDL174C,0,0.84520084,0.11342756450176239,0.9469026327133179,0.7539817690849304
YOR371C,YHR185C,0,0.8449475,0.1134142056107521,0.9469026327133179,0.7540819644927979
YNL135C,YDR210W-B,0,0.84475386,0.11340084671974182,0.9469026327133179,0.7541821002960205
YJL096W,YML065W,0,0.8445126,0.11338749527931213,0.9469026327133179,0.7542822957038879
YJL008C,YNL023C,0,0.8442251,0.11337414383888245,0.9469026327133179,0.7543824315071106
YML010W,YJR150C,0,0.84378785,0.11336079984903336,0.9469026327133179,0.754482626914978
YLL018C-A,YBL055C,0,0.84344727,0.11334745585918427,0.9469026327133179,0.7545827627182007
YDR439W,YDR447C,0,0.842921,0.11333411931991577,0.9469026327133179,0.7546829581260681
YIL153W,YJL012C,0,0.8425109,0.11332078278064728,0.9469026327133179,0.7547831535339355
YDR156W,YHR079C-A,0,0.84250885,0.11330744624137878,0.9469026327133179,0.7548832893371582
YHR021C,YOR278W,0,0.84237695,0.11329411715269089,0.9469026327133179,0.7549834847450256
YDR362C,YPR106W,0,0.84229046,0.11328078806400299,0.9469026327133179,0.7550836205482483
YNL047C,YDR261C-C,0,0.84218985,0.11326746642589569,0.9469026327133179,0.7551838159561157
YGR286C,YGR014W,0,0.8420249,0.11325414478778839,0.9469026327133179,0.7552840113639832
YDR463W,YIL022W,0,0.84199095,0.11324083060026169,0.9469026327133179,0.7553841471672058
YAR015W,YOR260W,0,0.84184164,0.11322751641273499,0.9469026327133179,0.7554843425750732
YDR507C,YHL024W,0,0.8416884,0.11321420222520828,0.9469026327133179,0.7555844783782959
YJL047C,YGL171W,0,0.8415589,0.11320089548826218,0.9469026327133179,0.7556846737861633
YPR054W,YJR027W,0,0.84153503,0.11318758875131607,0.9469026327133179,0.755784809589386
YGR060W,YER159C-A,0,0.84146065,0.11317428946495056,0.9469026327133179,0.7558850049972534
YCR106W,YDR210W-A,0,0.84136075,0.11316099017858505,0.9469026327133179,0.7559852004051208
YDR179C,YPL152W,0,0.8412821,0.11314769089221954,0.9469026327133179,0.7560853362083435
YML095C,YGL077C,0,0.8411973,0.11313439905643463,0.9469026327133179,0.7561855316162109
YPL022W,YHR185C,0,0.84071153,0.11312110722064972,0.9469026327133179,0.7562856674194336
YDL214C,YPR158C-D,0,0.8406257,0.1131078228354454,0.9469026327133179,0.756385862827301
YBL093C,YGR002C,0,0.8403161,0.11309453845024109,0.9469026327133179,0.7564859986305237
YKR038C,YCR079W,0,0.8399915,0.11308126151561737,0.9469026327133179,0.7565861940383911
YER028C,YLR357W,0,0.8397057,0.11306798458099365,0.9469026327133179,0.7566863894462585
YKL198C,YIL101C,0,0.8396191,0.11305470764636993,0.9469026327133179,0.7567865252494812
YPL283C,YLR272C,0,0.8395029,0.11304143816232681,0.9469026327133179,0.7568867206573486
YOR335C,YDR134C,0,0.8393588,0.11302816867828369,0.9469026327133179,0.7569868564605713
YJL092W,YBR299W,0,0.83867675,0.11301490664482117,0.9469026327133179,0.7570870518684387
YER036C,YKL196C,0,0.8378163,0.11300164461135864,0.9469026327133179,0.7571872472763062
YKL208W,YPR158C-D,0,0.8375578,0.11298838257789612,0.9469026327133179,0.7572873830795288
YLR385C,YDL127W,0,0.8369542,0.11297512799501419,0.9469026327133179,0.7573875784873962
YDL210W,YNL061W,0,0.8360559,0.11296187341213226,0.9469026327133179,0.7574877142906189
YLR449W,YDR316W-A,0,0.83544886,0.11294862627983093,0.9469026327133179,0.7575879096984863
YDR534C,YNR063W,0,0.83510983,0.1129353791475296,0.9469026327133179,0.757688045501709
YOL067C,YPR042C,0,0.8348233,0.11292213946580887,0.9469026327133179,0.7577882409095764
YKR077W,YHR196W,0,0.83443636,0.11290889978408813,0.9469026327133179,0.7578884363174438
YGR218W,YJL108C,0,0.83433187,0.1128956601023674,0.9469026327133179,0.7579885721206665
YHL026C,YBR244W,0,0.83411044,0.11288242787122726,0.9469026327133179,0.7580887675285339
YNL183C,YCL020W,0,0.83397,0.11286919564008713,0.9469026327133179,0.7581889033317566
YJL157C,YJL156C,0,0.8337938,0.11285597085952759,0.9469026327133179,0.758289098739624
YKL035W,YCR083W,0,0.8334039,0.11284274607896805,0.9469026327133179,0.7583892345428467
YGR223C,YDR316W-A,0,0.83296585,0.1128295287489891,0.9469026327133179,0.7584894299507141
YBR018C,YER018C,0,0.8324854,0.11281630396842957,0.9469026327133179,0.7585896253585815
YCR070W,YJR019C,0,0.8322781,0.11280309408903122,0.9469026327133179,0.7586897611618042
YGR181W,YNL075W,0,0.8319435,0.11278988420963287,0.9469026327133179,0.7587899565696716
YFL052W,YHL002W,0,0.8308335,0.11277667433023453,0.9469026327133179,0.7588900923728943
YBR079C,YPL004C,0,0.8308146,0.11276346445083618,0.9469026327133179,0.7589902877807617
YLR038C,YDR365W-B,0,0.8305376,0.11275026202201843,0.9469026327133179,0.7590904831886292
YOR037W,YLR157C-A,0,0.8304629,0.11273706704378128,0.9469026327133179,0.7591906189918518
YDL123W,YHR194W,0,0.83042985,0.11272386461496353,0.9469026327133179,0.7592908143997192
YIL096C,YMR150C,0,0.8302381,0.11271067708730698,0.9469026327133179,0.7593909502029419
YNL091W,YNL126W,0,0.82973874,0.11269748210906982,0.9469026327133179,0.7594911456108093
YBL008W,YHR206W,0,0.8296324,0.11268429458141327,0.9469026327133179,0.759591281414032
YJL137C,YPL038W,0,0.8296007,0.11267111450433731,0.9469026327133179,0.7596914768218994
YNL158W,YHR215W,0,0.8293096,0.11265793442726135,0.9469026327133179,0.7597916722297668
YGR163W,YOR192C-A,0,0.82929283,0.1126447543501854,0.9469026327133179,0.7598918080329895
YER062C,YOL077W-A,0,0.82928497,0.11263158172369003,0.9469026327133179,0.7599920034408569
YEL065W,YPL253C,0,0.82883817,0.11261840909719467,0.9469026327133179,0.7600921392440796
YGR123C,YLR298C,0,0.828777,0.11260523647069931,0.9469026327133179,0.760192334651947
YOL158C,YCR068W,1,0.8286301,0.11270899325609207,0.9478859305381775,0.760192334651947
YGR161W-A,YDL174C,0,0.8286047,0.11269581317901611,0.9478859305381775,0.7602924704551697
YIL123W,YJL133W,0,0.82843363,0.11268264055252075,0.9478859305381775,0.7603926658630371
YER038C,YER039C,0,0.8281836,0.11266947537660599,0.9478859305381775,0.7604928612709045
YBR060C,YMR215W,0,0.8276925,0.11265630275011063,0.9478859305381775,0.7605929970741272
YCR077C,YML126C,0,0.8274225,0.11264313757419586,0.9478859305381775,0.7606931924819946
YJR094W-A,YOR080W,0,0.826968,0.1126299798488617,0.9478859305381775,0.7607933282852173
YLR200W,YNL053W,0,0.82687324,0.11261682212352753,0.9478859305381775,0.7608935236930847
YOL138C,YGR166W,0,0.82677084,0.11260366439819336,0.9478859305381775,0.7609936594963074
YNL275W,YHR185C,0,0.8264894,0.11259051412343979,0.9478859305381775,0.7610938549041748
YNR040W,YML065W,0,0.82645315,0.11257737129926682,0.9478859305381775,0.7611940503120422
YML004C,YGR289C,0,0.8262728,0.11256422102451324,0.9478859305381775,0.7612941861152649
YNL066W,YOR119C,0,0.82570344,0.11255107820034027,0.9478859305381775,0.7613943815231323
YGR007W,YHL001W,0,0.82556313,0.1125379428267479,0.9478859305381775,0.761494517326355
YOL017W,YDR098C-B,0,0.8254605,0.11252480745315552,0.9478859305381775,0.7615947127342224
YJL111W,YDR398W,0,0.8254039,0.11251167207956314,0.9478859305381775,0.7616949081420898
YPL141C,YGL053W,0,0.825398,0.11249854415655136,0.9478859305381775,0.7617950439453125
YBR212W,YJL083W,0,0.8253277,0.11248541623353958,0.9478859305381775,0.7618952393531799
YDL067C,YLR167W,0,0.82517284,0.1124722883105278,0.9478859305381775,0.7619953751564026
YGR162W,YNL212W,0,0.82494205,0.11245916783809662,0.9478859305381775,0.76209557056427
YOL125W,YJR088C,0,0.8244701,0.11244605481624603,0.9478859305381775,0.7621957063674927
YGL067W,YLR157C-A,0,0.82425815,0.11243293434381485,0.9478859305381775,0.7622959017753601
YKL026C,YPL194W,0,0.8242023,0.11241982877254486,0.9478859305381775,0.7623960971832275
YBR139W,YLR157C-A,0,0.824055,0.11240671575069427,0.9478859305381775,0.7624962329864502
YPR137C-B,YDR091C,0,0.8239393,0.11239361017942429,0.9478859305381775,0.7625964283943176
YGR122W,YDR365W-B,0,0.8237002,0.1123805046081543,0.9478859305381775,0.7626965641975403
YLR214W,YOR343W-A,0,0.8234902,0.1123674064874649,0.9478859305381775,0.7627967596054077
YOL103W-A,YDR348C,0,0.82282865,0.11235431581735611,0.9478859305381775,0.7628968954086304
YDR170W-A,YDR236C,0,0.8226186,0.11234121769666672,0.9478859305381775,0.7629970908164978
YNL047C,YHR214C-C,0,0.8221118,0.11232812702655792,0.9478859305381775,0.7630972862243652
YKL069W,YLL042C,0,0.8215311,0.11231504380702972,0.9478859305381775,0.7631974220275879
YMR060C,YLR190W,0,0.8212795,0.11230196058750153,0.9478859305381775,0.7632976174354553
YDR247W,YDR002W,0,0.8208924,0.11228887736797333,0.9478859305381775,0.763397753238678
YNL133C,YDR210W-B,0,0.8206955,0.11227579414844513,0.9478859305381775,0.7634979486465454
YKL114C,YPR158W-A,0,0.8205068,0.11226272583007812,0.9478859305381775,0.7635981440544128
YMR170C,YLR225C,0,0.820205,0.11224965006113052,0.9478859305381775,0.7636982798576355
YDR287W,YML106W,0,0.8201694,0.11223658174276352,0.9478859305381775,0.7637984752655029
YDR075W,YPR025C,0,0.81992227,0.11222351342439651,0.9478859305381775,0.7638986110687256
YOR329C,YOL069W,0,0.819518,0.11221045255661011,0.9478859305381775,0.763998806476593
YAL058W,YLR157C-A,0,0.81949013,0.1121973916888237,0.9478859305381775,0.7640989422798157
YDR276C,YOL012C,0,0.81945324,0.11218433827161789,0.9478859305381775,0.7641991376876831
YPR086W,YCL020W,0,0.8184932,0.11217128485441208,0.9478859305381775,0.7642993330955505
YER106W,YIL112W,0,0.81830007,0.11215823143720627,0.9478859305381775,0.7643994688987732
YNL054W-B,YGR083C,0,0.8179849,0.11214518547058105,0.9478859305381775,0.7644996643066406
YCR028C-A,YDR446W,0,0.81795716,0.11213213950395584,0.9478859305381775,0.7645998001098633
YDL181W,YNL126W,0,0.8178156,0.11211910098791122,0.9478859305381775,0.7646999955177307
YLR381W,YMR292W,0,0.8172719,0.11210606247186661,0.9478859305381775,0.7648001313209534
YLR035C-A,YML118W,0,0.81725436,0.11209302395582199,0.9478859305381775,0.7649003267288208
YOR375C,YJR073C,0,0.8164127,0.11207999289035797,0.9478859305381775,0.7650005221366882
YLR117C,YBL023C,0,0.8159732,0.11206696182489395,0.9478859305381775,0.7651006579399109
YGR038C-A,YPR032W,0,0.8158024,0.11205393821001053,0.9478859305381775,0.7652008533477783
YER139C,YEL006W,0,0.8143659,0.1120409145951271,0.9478859305381775,0.765300989151001
YHR112C,YLR060W,0,0.8140588,0.11202789098024368,0.9478859305381775,0.7654011845588684
YGL089C,YAL005C,0,0.8139813,0.11201487481594086,0.9478859305381775,0.7655013799667358
YPL255W,YDR529C,0,0.81362283,0.11200185865163803,0.9478859305381775,0.7656015157699585
YOL103W-A,YLR355C,0,0.81263477,0.1119888499379158,0.9478859305381775,0.7657017111778259
YGR163W,YOL092W,0,0.81233054,0.11197584122419357,0.9478859305381775,0.7658018469810486
YDL101C,YAR010C,0,0.81165695,0.11196283251047134,0.9478859305381775,0.765902042388916
YNR032C-A,YDR176W,0,0.8110979,0.11194983124732971,0.9478859305381775,0.7660021781921387
YOR075W,YCR008W,0,0.8110847,0.11193682998418808,0.9478859305381775,0.7661023736000061
YLL024C,YMR309C,0,0.81079435,0.11192383617162704,0.9478859305381775,0.7662025690078735
YJL028W,YGL171W,0,0.81014496,0.11191084235906601,0.9478859305381775,0.7663027048110962
YJL056C,YBL064C,0,0.8099104,0.11189785599708557,0.9478859305381775,0.7664029002189636
YOR346W,YLR328W,0,0.8097348,0.11188486218452454,0.9478859305381775,0.7665030360221863
YEL046C,YLR037C,0,0.80962193,0.1118718832731247,0.9478859305381775,0.7666032314300537
YOL121C,YER081W,0,0.80940425,0.11185889691114426,0.9478859305381775,0.7667033672332764
YGR005C,YDL049C,0,0.8092676,0.11184592545032501,0.9478859305381775,0.7668035626411438
YJR060W,YKR053C,0,0.80861056,0.11183294653892517,0.9478859305381775,0.7669037580490112
YIR035C,YAL068C,0,0.8085899,0.11181997507810593,0.9478859305381775,0.7670038938522339
YOR252W,YML042W,0,0.8075296,0.11180700361728668,0.9478859305381775,0.7671040892601013
YIL085C,YDR227W,0,0.8070099,0.11179403960704803,0.9478859305381775,0.767204225063324
YOL095C,YOR100C,0,0.8068144,0.11178107559680939,0.9478859305381775,0.7673044204711914
YOL092W,YBR286W,0,0.8066845,0.11176811903715134,0.9478859305381775,0.7674046158790588
YPL047W,YIL049W,0,0.80645174,0.11175516247749329,0.9478859305381775,0.7675047516822815
YIL050W,YIL066C,0,0.8060033,0.11174220591783524,0.9478859305381775,0.7676049470901489
YOL080C,YGR170W,0,0.805785,0.11172925680875778,0.9478859305381775,0.7677050828933716
YNL206C,YJR025C,0,0.8054289,0.11171630769968033,0.9478859305381775,0.767805278301239
YGR283C,YJL013C,0,0.80537504,0.11170335859060287,0.9478859305381775,0.7679054141044617
YLR275W,YBR043C,0,0.8048757,0.11169041693210602,0.9478859305381775,0.7680056095123291
YGL111W,YIL053W,0,0.80438447,0.11167748272418976,0.9478859305381775,0.7681058049201965
YNL299W,YPL046C,0,0.80404544,0.1116645410656929,0.9478859305381775,0.7682059407234192
YKL056C,YER018C,0,0.8039215,0.11165160685777664,0.9478859305381775,0.7683061361312866
YMR121C,YPL105C,0,0.8037804,0.11163868010044098,0.9478859305381775,0.7684062719345093
YOR032C,YDR003W,0,0.80318856,0.11162575334310532,0.9478859305381775,0.7685064673423767
YPL085W,YER018C,0,0.80311817,0.11161282658576965,0.9478859305381775,0.7686066031455994
YDR450W,YOR103C,0,0.803079,0.11159990727901459,0.9478859305381775,0.7687067985534668
YER056C,YOL069W,0,0.8018666,0.11158698797225952,0.9478859305381775,0.7688069939613342
YKL134C,YOR096W,0,0.801825,0.11157407611608505,0.9478859305381775,0.7689071297645569
YPR181C,YOR009W,0,0.8015725,0.11156116425991058,0.9478859305381775,0.7690073251724243
YLR115W,YKR046C,0,0.8014936,0.11154825240373611,0.9478859305381775,0.769107460975647
YBL100W-A,YJL104W,0,0.80140644,0.11153534799814224,0.9478859305381775,0.7692076563835144
YHR016C,YDR255C,0,0.80138606,0.11152244359254837,0.9478859305381775,0.7693078517913818
YBR186W,YDL159W,0,0.8006426,0.1115095466375351,0.9478859305381775,0.7694079875946045
YDL114W,YOR048C,0,0.8004648,0.11149664223194122,0.9478859305381775,0.7695081830024719
YHR161C,YDR506C,0,0.80002356,0.11148375272750854,0.9478859305381775,0.7696083188056946
YLR239C,YLR189C,0,0.799942,0.11147086322307587,0.9478859305381775,0.769708514213562
YOR120W,YJR043C,0,0.7992715,0.11145797371864319,0.9478859305381775,0.7698086500167847
YER140W,YBL075C,0,0.79925907,0.11144508421421051,0.9478859305381775,0.7699088454246521
YLR131C,YJL065C,0,0.79898703,0.11143220216035843,0.9478859305381775,0.7700090408325195
YDL247W,YEL060C,0,0.7984043,0.11141932755708694,0.9478859305381775,0.7701091766357422
YHL021C,YPL068C,0,0.7983097,0.11140644550323486,0.9478859305381775,0.7702093720436096
YGL225W,YLR181C,1,0.79824287,0.11150912940502167,0.9488692283630371,0.7702093720436096
YER038C,YBL003C,0,0.7969114,0.11149624735116959,0.9488692283630371,0.7703095078468323
YDL223C,YGL127C,0,0.7964808,0.1114833652973175,0.9488692283630371,0.7704097032546997
YPL265W,YHR020W,0,0.79555506,0.11147048324346542,0.9488692283630371,0.7705098390579224
YKL034W,YDR206W,0,0.7953045,0.11145760864019394,0.9488692283630371,0.7706100344657898
YOR191W,YBR087W,0,0.7941285,0.11144474148750305,0.9488692283630371,0.7707102298736572
YDL112W,YML034W,0,0.7938492,0.11143187433481216,0.9488692283630371,0.7708103656768799
YGR289C,YBR288C,0,0.7937264,0.11141900718212128,0.9488692283630371,0.7709105610847473
YFR051C,YJL012C,0,0.7926146,0.11140614002943039,0.9488692283630371,0.77101069688797
YKL045W,YJL168C,0,0.79225975,0.1113932803273201,0.9488692283630371,0.7711108922958374
YDR052C,YDL155W,0,0.79223746,0.1113804280757904,0.9488692283630371,0.7712110877037048
YDL005C,YPR102C,0,0.7911366,0.11136756837368011,0.9488692283630371,0.7713112235069275
YBR293W,YMR309C,0,0.79102486,0.11135471612215042,0.9488692283630371,0.7714114189147949
YNL103W,YOR130C,0,0.790595,0.11134187132120132,0.9488692283630371,0.7715115547180176
YBR142W,YLR135W,0,0.79056084,0.11132902652025223,0.9488692283630371,0.771611750125885
YPL206C,YDL184C,0,0.79043037,0.11131618171930313,0.9488692283630371,0.7717118859291077
YKR093W,YHR214C-C,0,0.7903208,0.11130334436893463,0.9488692283630371,0.7718120813369751
YLR272C,YNL306W,0,0.79031855,0.11129050701856613,0.9488692283630371,0.7719122767448425
YDR115W,YLL039C,0,0.790279,0.11127767711877823,0.9488692283630371,0.7720124125480652
YCR039C,YDR210W-B,0,0.79024845,0.11126484721899033,0.9488692283630371,0.7721126079559326
YHR210C,YMR156C,0,0.7902232,0.11125201731920242,0.9488692283630371,0.7722127437591553
YLR090W,YML123C,0,0.7900824,0.11123919486999512,0.9488692283630371,0.7723129391670227
YJL089W,YBL101C,0,0.7896922,0.11122637242078781,0.9488692283630371,0.7724130749702454
YOR228C,YPL198W,0,0.7896728,0.1112135499715805,0.9488692283630371,0.7725132703781128
YDR490C,YNL248C,0,0.789532,0.1112007349729538,0.9488692283630371,0.7726134657859802
YOL157C,YOL011W,0,0.7892038,0.11118792742490768,0.9488692283630371,0.7727136015892029
YOR086C,YPR158W-B,0,0.78885514,0.11117511242628098,0.9488692283630371,0.7728137969970703
YDR210C-D,YGR092W,0,0.78872436,0.11116230487823486,0.9488692283630371,0.772913932800293
YGL185C,YGL192W,0,0.78857213,0.11114950478076935,0.9488692283630371,0.7730141282081604
YGL134W,YDR316W-B,0,0.78825885,0.11113670468330383,0.9488692283630371,0.7731143236160278
YCL020W,YPR173C,0,0.78780687,0.11112390458583832,0.9488692283630371,0.7732144594192505
YDR210W-B,YMR116C,0,0.7877708,0.1111111119389534,0.9488692283630371,0.7733146548271179
YGR078C,YER183C,0,0.7877106,0.11109831929206848,0.9488692283630371,0.7734147906303406
YOL132W,YDR259C,0,0.78771,0.11108552664518356,0.9488692283630371,0.773514986038208
YDR191W,YPL045W,0,0.7877098,0.11107274144887924,0.9488692283630371,0.7736151218414307
YNL054W-B,YLR453C,0,0.78718513,0.11105996370315552,0.9488692283630371,0.7737153172492981
YMR009W,YBL009W,0,0.7868306,0.1110471785068512,0.9488692283630371,0.7738155126571655
YOL137W,YMR166C,0,0.7868069,0.11103440076112747,0.9488692283630371,0.7739156484603882
YNR008W,YNL240C,0,0.78659177,0.11102163046598434,0.9488692283630371,0.7740158438682556
YLR119W,YMR159C,1,0.784729,0.11112388968467712,0.9498525261878967,0.7740158438682556
YKL032C,YDL109C,0,0.7844327,0.1111111119389534,0.9498525261878967,0.7741159796714783
YPR031W,YAL013W,0,0.78439456,0.11109833419322968,0.9498525261878967,0.7742161750793457
YNL221C,YMR323W,0,0.78403515,0.11108555644750595,0.9498525261878967,0.7743163108825684
YBL018C,YML048W,0,0.783775,0.11107278615236282,0.9498525261878967,0.7744165062904358
YOR290C,YDR034C-D,0,0.78376204,0.1110600158572197,0.9498525261878967,0.7745167016983032
YPL111W,YDR511W,0,0.78343266,0.11104724556207657,0.9498525261878967,0.7746168375015259
YJR046W,YLR193C,0,0.7833812,0.11103448271751404,0.9498525261878967,0.7747170329093933
YOL138C,YJR060W,0,0.7833273,0.11102171987295151,0.9498525261878967,0.774817168712616
YBL063W,YLR044C,0,0.78300387,0.11100896447896957,0.9498525261878967,0.7749173641204834
YDR365W-B,YCR035C,0,0.78282446,0.11099620908498764,0.9498525261878967,0.7750175595283508
YDR143C,YJL183W,0,0.78249234,0.1109834536910057,0.9498525261878967,0.7751176953315735
YBL023C,YBL101C,0,0.7822078,0.11097070574760437,0.9498525261878967,0.7752178907394409
YEL001C,YDR345C,0,0.7819893,0.11095795780420303,0.9498525261878967,0.7753180265426636
YER044C-A,YDR253C,0,0.78145623,0.1109452173113823,0.9498525261878967,0.775418221950531
YDR179C,YIL121W,0,0.7813057,0.11093247681856155,0.9498525261878967,0.7755183577537537
YOR389W,YLR045C,0,0.7810861,0.11091973632574081,0.9498525261878967,0.7756185531616211
YOL132W,YER180C,0,0.78024346,0.11090700328350067,0.9498525261878967,0.7757187485694885
YGL089C,YNR038W,0,0.7802243,0.11089427024126053,0.9498525261878967,0.7758188843727112
YNL036W,YDR261C-C,0,0.77980155,0.11088154464960098,0.9498525261878967,0.7759190797805786
YBL080C,YNL188W,0,0.7797764,0.11086881905794144,0.9498525261878967,0.7760192155838013
YEL044W,YLL035W,0,0.7793191,0.11085609346628189,0.9498525261878967,0.7761194109916687
YOR063W,YJR065C,0,0.778727,0.11084337532520294,0.9498525261878967,0.7762195467948914
YMR076C,YOR348C,0,0.77859837,0.11083065718412399,0.9498525261878967,0.7763197422027588
YOR192C,YLR176C,0,0.77839106,0.11081793904304504,0.9498525261878967,0.7764199376106262
YLR304C,YMR006C,0,0.7781814,0.11080522835254669,0.9498525261878967,0.7765200734138489
YML042W,YER069W,0,0.77817,0.11079252511262894,0.9498525261878967,0.7766202688217163
YHR214C-C,YNR038W,0,0.77811545,0.11077981442213058,0.9498525261878967,0.776720404624939
YDR019C,YOR359W,0,0.77805287,0.11076711118221283,0.9498525261878967,0.7768206000328064
YGL126W,YLR220W,0,0.7778716,0.11075441539287567,0.9498525261878967,0.776920735836029
YDL149W,YDR170W-A,0,0.77776605,0.11074171960353851,0.9498525261878967,0.7770209312438965
YMR050C,YCR083W,0,0.7774163,0.11072902381420135,0.9498525261878967,0.7771211266517639
YOR002W,YOR067C,0,0.77717143,0.1107163354754448,0.9498525261878967,0.7772212624549866
YEL001C,YPL192C,0,0.7771625,0.11070364713668823,0.9498525261878967,0.777321457862854
YDL223C,YDR434W,0,0.77682626,0.11069095879793167,0.9498525261878967,0.7774215936660767
YKL178C,YMR211W,0,0.77632153,0.1106782779097557,0.9498525261878967,0.7775217890739441
YDR055W,YPR158W-B,0,0.7756694,0.11066559702157974,0.9498525261878967,0.7776219844818115
YLR167W,YBR168W,0,0.7755172,0.11065292358398438,0.9498525261878967,0.7777221202850342
YAL026C,YML082W,0,0.77510196,0.11064025014638901,0.9498525261878967,0.7778223156929016
YDR283C,YAL056W,0,0.77414984,0.11062757670879364,0.9498525261878967,0.7779224514961243
YOL156W,YNL213C,0,0.7740378,0.11061491072177887,0.9498525261878967,0.7780226469039917
YCL048W,YCL016C,0,0.7737637,0.1106022447347641,0.9498525261878967,0.7781227827072144
YHR176W,YJR047C,0,0.7734522,0.11058957874774933,0.9498525261878967,0.7782229781150818
YFL024C,YER113C,0,0.7731911,0.11057692021131516,0.9498525261878967,0.7783231735229492
YMR023C,YKR098C,0,0.77296364,0.11056426912546158,0.9498525261878967,0.7784233093261719
YNL101W,YBL020W,0,0.77288944,0.1105516105890274,0.9498525261878967,0.7785235047340393
YLR200W,YPL160W,0,0.7724998,0.11053896695375443,0.9498525261878967,0.778623640537262
YOR273C,YHR035W,0,0.7723499,0.11052631586790085,0.9498525261878967,0.7787238359451294
YDR524C,YOL148C,0,0.77226275,0.11051367223262787,0.9498525261878967,0.778823971748352
YGR058W,YKL221W,0,0.7722598,0.11050102859735489,0.9498525261878967,0.7789241671562195
YML043C,YIL101C,0,0.7712465,0.1104883924126625,0.9498525261878967,0.7790243625640869
YCR043C,YBL036C,0,0.7704963,0.11047575622797012,0.9498525261878967,0.7791244983673096
YCR096C,YPR020W,0,0.77022904,0.11046312004327774,0.9498525261878967,0.779224693775177
YKL156W,YPR106W,0,0.7682406,0.11045049130916595,0.9498525261878967,0.7793248295783997
YHR201C,YOR047C,0,0.7681095,0.11043786257505417,0.9498525261878967,0.7794250249862671
YHL036W,YBL106C,0,0.76765054,0.11042524129152298,0.9498525261878967,0.7795252203941345
YJL047C,YGL194C,0,0.76756465,0.11041262000799179,0.9498525261878967,0.7796253561973572
YCL039W,YCR107W,0,0.76749253,0.1103999987244606,0.9498525261878967,0.7797255516052246
YER129W,YNR070W,0,0.76746976,0.11038738489151001,0.9498525261878967,0.7798256874084473
YDL042C,YNL065W,0,0.766872,0.11037477105855942,0.9498525261878967,0.7799258828163147
YHL040C,YEL077C,0,0.76680624,0.11036216467618942,0.9498525261878967,0.7800260186195374
YGL021W,YGR120C,0,0.76596016,0.11034955084323883,0.9498525261878967,0.7801262140274048
YOR035C,YPL153C,0,0.7658756,0.11033695191144943,0.9498525261878967,0.7802264094352722
YGR161C-D,YOL121C,0,0.7647819,0.11032434552907944,0.9498525261878967,0.7803265452384949
YPL161C,YNL318C,0,0.76461965,0.11031175404787064,0.9498525261878967,0.7804267406463623
YPL091W,YOR068C,0,0.7644501,0.11029915511608124,0.9498525261878967,0.780526876449585
YFL011W,YGL167C,0,0.76429975,0.11028656363487244,0.9498525261878967,0.7806270718574524
YDR047W,YDL081C,0,0.7640646,0.11027397215366364,0.9498525261878967,0.780727207660675
YOR133W,YLR013W,0,0.76386994,0.11026138812303543,0.9498525261878967,0.7808274030685425
YPR020W,YNR032W,0,0.76370317,0.11024880409240723,0.9498525261878967,0.7809275984764099
YJL116C,YBR210W,0,0.7634949,0.11023622006177902,0.9498525261878967,0.7810277342796326
YDR287W,YGL120C,0,0.761916,0.11022364348173141,0.9498525261878967,0.7811279296875
YPR108W,YDL014W,0,0.761874,0.11021106690168381,0.9498525261878967,0.7812280654907227
YGR217W,YDR210W-B,0,0.76156896,0.1101984977722168,0.9498525261878967,0.7813282608985901
YPR082C,YDR312W,0,0.7604287,0.11018592119216919,0.9498525261878967,0.7814284563064575
YPL232W,YIL073C,0,0.76031,0.11017335951328278,0.9498525261878967,0.7815285921096802
YFL061W,YJR132W,0,0.760035,0.11016079038381577,0.9498525261878967,0.7816287875175476
YHL040C,YPR156C,0,0.75990313,0.11014823615550995,0.9498525261878967,0.7817289233207703
YBR018C,YGL013C,0,0.75885856,0.11013567447662354,0.9498525261878967,0.7818291187286377
YGR027W-B,YDR052C,0,0.7587026,0.11012312024831772,0.9498525261878967,0.7819292545318604
YNR012W,YOL113W,0,0.75845027,0.1101105660200119,0.9498525261878967,0.7820294499397278
YDR261W-B,YBR073W,0,0.7584178,0.11009801924228668,0.9498525261878967,0.7821296453475952
YBL007C,YBL075C,0,0.75807023,0.11008547246456146,0.9498525261878967,0.7822297811508179
YJL024C,YGL079W,1,0.7580462,0.1101868748664856,0.9508357644081116,0.7822297811508179
YGR128C,YGR133W,0,0.7580268,0.11017432063817978,0.9508357644081116,0.7823299765586853
YHR031C,YIL022W,0,0.7577845,0.11016176640987396,0.9508357644081116,0.782430112361908
YNL206C,YJL019W,0,0.75769264,0.11014921963214874,0.9508357644081116,0.7825303077697754
YML026C,YML037C,0,0.75741,0.11013667285442352,0.9508357644081116,0.782630443572998
YDL114W,YDR104C,0,0.7573464,0.1101241335272789,0.9508357644081116,0.7827306389808655
YGR296W,YPL249C-A,0,0.75717086,0.11011159420013428,0.9508357644081116,0.7828308343887329
YOR150W,YMR286W,0,0.75710166,0.11009905487298965,0.9508357644081116,0.7829309701919556
YKR046C,YKL056C,0,0.75687844,0.11008652299642563,0.9508357644081116,0.783031165599823
YER053C,YOR095C,0,0.7567689,0.1100739911198616,0.9508357644081116,0.7831313014030457
YOR129C,YHR088W,0,0.75633055,0.11006145924329758,0.9508357644081116,0.7832314968109131
YOL144W,YGL125W,0,0.7560668,0.11004893481731415,0.9508357644081116,0.7833316922187805
YGR165W,YOL055C,0,0.75601786,0.11003641039133072,0.9508357644081116,0.7834318280220032
YJR049C,YJL198W,0,0.7552395,0.11002389341592789,0.9508357644081116,0.7835320234298706
YER142C,YML048W,0,0.7544389,0.11001137644052505,0.9508357644081116,0.7836321592330933
YHR134W,YOR026W,0,0.7542632,0.10999885946512222,0.9508357644081116,0.7837323546409607
YKL113C,YIL016W,0,0.7542177,0.10998634994029999,0.9508357644081116,0.7838324904441833
YOL051W,YLR121C,0,0.75396115,0.10997384041547775,0.9508357644081116,0.7839326858520508
YCR045C,YDR105C,0,0.7539448,0.10996133834123611,0.9508357644081116,0.7840328812599182
YMR101C,YMR288W,0,0.7537872,0.10994883626699448,0.9508357644081116,0.7841330170631409
YER139C,YPL170W,0,0.75374985,0.10993633419275284,0.9508357644081116,0.7842332124710083
YDR118W,YGR287C,0,0.75329596,0.1099238395690918,0.9508357644081116,0.784333348274231
YOR308C,YPR132W,0,0.7525373,0.10991134494543076,0.9508357644081116,0.7844335436820984
YIR014W,YNL248C,0,0.75239617,0.10989885032176971,0.9508357644081116,0.784533679485321
YBR105C,YLR181C,1,0.7522804,0.10999999940395355,0.9518190622329712,0.784533679485321
YDR009W,YBR268W,0,0.7521506,0.10998750478029251,0.9518190622329712,0.7846338748931885
YLL036C,YGL211W,0,0.7517963,0.10997500270605087,0.9518190622329712,0.7847340703010559
YNL221C,YDR316W-B,0,0.7517685,0.10996251553297043,0.9518190622329712,0.7848342061042786
YPR137C-B,YKL073W,0,0.75081766,0.10995002090930939,0.9518190622329712,0.784934401512146
YAR066W,YGR076C,0,0.75073147,0.10993753373622894,0.9518190622329712,0.7850345373153687
YBR092C,YIL049W,0,0.75063443,0.1099250540137291,0.9518190622329712,0.7851347327232361
YDL220C,YJR088C,0,0.7501245,0.10991256684064865,0.9518190622329712,0.7852349281311035
YBR158W,YEL015W,0,0.7494337,0.1099000871181488,0.9518190622329712,0.7853350639343262
YMR291W,YKR034W,0,0.7493272,0.10988761484622955,0.9518190622329712,0.7854352593421936
YKL011C,YDR316W-B,0,0.7478623,0.1098751425743103,0.9518190622329712,0.7855353951454163
YDR466W,YLR405W,0,0.7477887,0.10986267030239105,0.9518190622329712,0.7856355905532837
YMR127C,YGL191W,0,0.7477545,0.1098502054810524,0.9518190622329712,0.7857357263565063
YBL078C,YMR110C,1,0.7476286,0.1099512055516243,0.9528023600578308,0.7857357263565063
YDR412W,YER091C,0,0.7475545,0.10993873327970505,0.9528023600578308,0.7858359217643738
YOL096C,YIL130W,0,0.746629,0.1099262610077858,0.9528023600578308,0.7859361171722412
YHL020C,YGL175C,0,0.74640197,0.10991379618644714,0.9528023600578308,0.7860362529754639
YDL075W,YHL009W-B,0,0.74638766,0.1099013239145279,0.9528023600578308,0.7861364483833313
YOR125C,YGL076C,0,0.7457413,0.10988886654376984,0.9528023600578308,0.786236584186554
YPR071W,YLR017W,0,0.7455506,0.10987640172243118,0.9528023600578308,0.7863367795944214
YIR037W,YPL126W,0,0.7452206,0.10986394435167313,0.9528023600578308,0.786436915397644
YOR343W-A,YDR393W,0,0.74520487,0.10985149443149567,0.9528023600578308,0.7865371108055115
YCL031C,YHL022C,0,0.7450101,0.10983903706073761,0.9528023600578308,0.7866373062133789
YLL050C,YHR196W,0,0.74453324,0.10982658714056015,0.9528023600578308,0.7867374420166016
YBR245C,YML010W,0,0.74452025,0.10981414467096329,0.9528023600578308,0.786837637424469
YPL081W,YPL097W,0,0.744492,0.10980170220136642,0.9528023600578308,0.7869377732276917
YPR005C,YLR096W,0,0.74448174,0.10978925973176956,0.9528023600578308,0.7870379686355591
YER065C,YJL180C,0,0.74370986,0.1097768247127533,0.9528023600578308,0.7871381640434265
YMR307W,YOL127W,0,0.7436924,0.10976438969373703,0.9528023600578308,0.7872382998466492
YMR152W,YDR316W-B,0,0.7436737,0.10975195467472076,0.9528023600578308,0.7873384952545166
YDR347W,YDL181W,0,0.74349755,0.1097395271062851,0.9528023600578308,0.7874386310577393
YDR500C,YNL118C,0,0.74341035,0.10972709953784943,0.9528023600578308,0.7875388264656067
YML025C,YMR142C,0,0.7433749,0.10971467196941376,0.9528023600578308,0.7876389622688293
YMR121C,YDR111C,0,0.74321777,0.10970225185155869,0.9528023600578308,0.7877391576766968
YKL033W,YOR303W,0,0.743155,0.10968983173370361,0.9528023600578308,0.7878393530845642
YDR078C,YDR143C,0,0.7431449,0.10967741906642914,0.9528023600578308,0.7879394888877869
YKR098C,YBR299W,0,0.7430102,0.10966500639915466,0.9528023600578308,0.7880396842956543
YAR008W,YDR258C,0,0.7428309,0.10965259373188019,0.9528023600578308,0.788139820098877
YHR171W,YGL104C,0,0.74218833,0.10964018851518631,0.9528023600578308,0.7882400155067444
YIL005W,YOR343W-A,0,0.7417136,0.10962778329849243,0.9528023600578308,0.788340151309967
YPR079W,YPL283C,0,0.74156076,0.10961538553237915,0.9528023600578308,0.7884403467178345
YML087C,YBL054W,0,0.7408895,0.10960298776626587,0.9528023600578308,0.7885405421257019
YPL058C,YLR210W,0,0.73992723,0.10959059000015259,0.9528023600578308,0.7886406779289246
YBR092C,YKR034W,0,0.739598,0.1095781996846199,0.9528023600578308,0.788740873336792
YDR287W,YMR105C,0,0.73938274,0.10956580936908722,0.9528023600578308,0.7888410091400146
YDR243C,YGL234W,0,0.7391831,0.10955341905355453,0.9528023600578308,0.7889412045478821
YIL068C,YOR007C,0,0.739088,0.10954103618860245,0.9528023600578308,0.7890413999557495
YLR409C,YDL114W,0,0.73888826,0.10952865332365036,0.9528023600578308,0.7891415357589722
YGR023W,YLR200W,0,0.73845464,0.10951627790927887,0.9528023600578308,0.7892417311668396
YLR411W,YOL148C,0,0.738383,0.10950389504432678,0.9528023600578308,0.7893418669700623
YGR091W,YPL057C,0,0.7364244,0.10949152708053589,0.9528023600578308,0.7894420623779297
YMR233W,YML133C,0,0.7356902,0.1094791516661644,0.9528023600578308,0.7895421981811523
YOR167C,YIL107C,0,0.7348965,0.1094667837023735,0.9528023600578308,0.7896423935890198
YDR507C,YKL034W,0,0.73477966,0.10945442318916321,0.9528023600578308,0.7897425889968872
YDR307W,YMR171C,0,0.73415095,0.10944206267595291,0.9528023600578308,0.7898427248001099
YPL120W,YDR213W,0,0.73381954,0.10942970216274261,0.9528023600578308,0.7899429202079773
YJR113C,YPL101W,0,0.7335588,0.10941734164953232,0.9528023600578308,0.7900430560112
YPR071W,YHR196W,0,0.73343277,0.10940498858690262,0.9528023600578308,0.7901432514190674
YBR268W,YHR046C,0,0.7333221,0.10939264297485352,0.9528023600578308,0.79024338722229
YHR141C,YKL040C,0,0.73305434,0.10938028991222382,0.9528023600578308,0.7903435826301575
YCL040W,YPR168W,0,0.73267454,0.10936794430017471,0.9528023600578308,0.7904437780380249
YLR336C,YOR132W,0,0.73255485,0.10935560613870621,0.9528023600578308,0.7905439138412476
YPL140C,YHR214C-C,0,0.7314966,0.1093432605266571,0.9528023600578308,0.790644109249115
YLR308W,YOL148C,0,0.7312621,0.1093309298157692,0.9528023600578308,0.7907442450523376
YNR038W,YOR067C,0,0.7311562,0.10931859165430069,0.9528023600578308,0.7908444404602051
YPL186C,YPL106C,0,0.7310427,0.10930626094341278,0.9528023600578308,0.7909445762634277
YBR251W,YDR523C,0,0.7307083,0.10929393023252487,0.9528023600578308,0.7910447716712952
YPR137C-B,YPR148C,0,0.7305087,0.10928160697221756,0.9528023600578308,0.7911449670791626
YPL203W,YPL157W,0,0.73006326,0.10926928371191025,0.9528023600578308,0.7912451028823853
YNL065W,YLR181C,0,0.7300022,0.10925696045160294,0.9528023600578308,0.7913452982902527
YDL164C,YGL120C,0,0.7295046,0.10924464464187622,0.9528023600578308,0.7914454340934753
YKR046C,YLR284C,0,0.7290273,0.1092323288321495,0.9528023600578308,0.7915456295013428
YLR409C,YMR133W,0,0.72897506,0.10922002047300339,0.9528023600578308,0.7916458249092102
YML095C,YHR183W,0,0.7285466,0.10920771211385727,0.9528023600578308,0.7917459607124329
YDR224C,YKL188C,0,0.7283162,0.10919540375471115,0.9528023600578308,0.7918461561203003
YGR060W,YMR098C,0,0.7282773,0.10918309539556503,0.9528023600578308,0.791946291923523
YML025C,YNL209W,0,0.7280698,0.10917079448699951,0.9528023600578308,0.7920464873313904
YGR087C,YMR110C,0,0.72758484,0.10915850102901459,0.9528023600578308,0.792146623134613
YLR310C,YLR388W,0,0.7275731,0.10914620757102966,0.9528023600578308,0.7922468185424805
YGR203W,YNL220W,0,0.72724664,0.10913391411304474,0.9528023600578308,0.7923470139503479
YGR061C,YGL144C,0,0.72722673,0.10912162065505981,0.9528023600578308,0.7924471497535706
YER100W,YFL056C,0,0.72681403,0.10910933464765549,0.9528023600578308,0.792547345161438
YPL175W,YHR065C,0,0.726747,0.10909704864025116,0.9528023600578308,0.7926474809646606
YLR310C,YLR293C,0,0.72658724,0.10908477008342743,0.9528023600578308,0.7927476763725281
YOL067C,YCL048W,0,0.72633016,0.1090724915266037,0.9528023600578308,0.7928478121757507
YBR291C,YHR193C,0,0.7260638,0.10906021296977997,0.9528023600578308,0.7929480075836182
YLR237W,YJL183W,0,0.72595114,0.10904794186353683,0.9528023600578308,0.7930482029914856
YPL026C,YML092C,0,0.72590256,0.1090356707572937,0.9528023600578308,0.7931483387947083
YHL017W,YMR171C,1,0.72585446,0.10913591086864471,0.9537856578826904,0.7931483387947083
YKL006W,YCR081W,0,0.72556615,0.10912363231182098,0.9537856578826904,0.7932485342025757
YER129W,YPL275W,0,0.72477096,0.10911136120557785,0.9537856578826904,0.7933486700057983
YBL088C,YNL240C,0,0.7245935,0.10909909009933472,0.9537856578826904,0.7934488654136658
YLR367W,YLR408C,0,0.7244948,0.10908681899309158,0.9537856578826904,0.7935490608215332
YDR210C-D,YOL021C,0,0.7242034,0.10907455533742905,0.9537856578826904,0.7936491966247559
YMR110C,YMR079W,0,0.722217,0.10906229168176651,0.9537856578826904,0.7937493920326233
YOR049C,YGR087C,0,0.7217937,0.10905002802610397,0.9537856578826904,0.793849527835846
YNL096C,YBL017C,0,0.7205777,0.10903777182102203,0.9537856578826904,0.7939497232437134
YNL125C,YOR383C,0,0.720353,0.1090255156159401,0.9537856578826904,0.794049859046936
YFL039C,YKL042W,0,0.7202239,0.10901325941085815,0.9537856578826904,0.7941500544548035
YDR210C-D,YPR140W,0,0.71945435,0.10900101065635681,0.9537856578826904,0.7942502498626709
YBR009C,YDR060W,0,0.7184419,0.10898876190185547,0.9537856578826904,0.7943503856658936
YCR028C,YDR176W,0,0.71840674,0.10897652059793472,0.9537856578826904,0.794450581073761
YFL052W,YGR097W,0,0.7182693,0.10896427929401398,0.9537856578826904,0.7945507168769836
YBR258C,YDR437W,0,0.7181613,0.10895203799009323,0.9537856578826904,0.7946509122848511
YMR221C,YBL078C,0,0.7174505,0.10893980413675308,0.9537856578826904,0.7947510480880737
YOL061W,YFR040W,0,0.71735716,0.10892757028341293,0.9537856578826904,0.7948512434959412
YHL032C,YDR420W,0,0.71721464,0.10891533643007278,0.9537856578826904,0.7949514389038086
YLR037C,YNL322C,0,0.7168829,0.10890311002731323,0.9537856578826904,0.7950515747070312
YDL229W,YDR009W,0,0.71663386,0.10889088362455368,0.9537856578826904,0.7951517701148987
YNL075W,YHR072W-A,0,0.7165565,0.10887866467237473,0.9537856578826904,0.7952519059181213
YMR104C,YMR251W-A,0,0.7164857,0.10886644572019577,0.9537856578826904,0.7953521013259888
YDR247W,YHR188C,0,0.7160209,0.10885422676801682,0.9537856578826904,0.7954522967338562
YDL123W,YPL018W,0,0.7159828,0.10884200781583786,0.9537856578826904,0.7955524325370789
YGL065C,YLL035W,0,0.7159361,0.1088297963142395,0.9537856578826904,0.7956526279449463
YEL046C,YLR048W,0,0.71583766,0.10881759226322174,0.9537856578826904,0.795752763748169
YMR175W,YIR036C,0,0.7157731,0.10880538076162338,0.9537856578826904,0.7958529591560364
YPL004C,YNL145W,0,0.7156728,0.10879318416118622,0.9537856578826904,0.795953094959259
YOR384W,YGL085W,0,0.7150013,0.10878098011016846,0.9537856578826904,0.7960532903671265
YLR157C-B,YOR312C,0,0.71481603,0.10876878350973129,0.9537856578826904,0.7961534857749939
YDL093W,YMR162C,0,0.7139866,0.10875658690929413,0.9537856578826904,0.7962536215782166
YAL032C,YNL124W,0,0.7132278,0.10874439775943756,0.9537856578826904,0.796353816986084
YNR054C,YDR425W,0,0.7131099,0.108732208609581,0.9537856578826904,0.7964539527893066
YNL254C,YNL216W,0,0.7129597,0.10872001945972443,0.9537856578826904,0.7965541481971741
YOR249C,YNL299W,0,0.71261406,0.10870783030986786,0.9537856578826904,0.7966542840003967
YMR323W,YPR094W,0,0.7120487,0.10869564861059189,0.9537856578826904,0.7967544794082642
YBR212W,YMR166C,0,0.71159494,0.10868347436189651,0.9537856578826904,0.7968546748161316
YIL096C,YCL057C-A,0,0.7114317,0.10867130011320114,0.9537856578826904,0.7969548106193542
YKL163W,YAL020C,0,0.71136576,0.10865912586450577,0.9537856578826904,0.7970550060272217
YNR073C,YDR210W-A,0,0.7112015,0.1086469516158104,0.9537856578826904,0.7971551418304443
YHR039C,YKL143W,0,0.7109241,0.10863478481769562,0.9537856578826904,0.7972553372383118
YLR315W,YML123C,0,0.7104474,0.10862261801958084,0.9537856578826904,0.7973555326461792
YDL214C,YLR345W,0,0.7103199,0.10861045867204666,0.9537856578826904,0.7974556684494019
YNL328C,YBL066C,0,0.7103105,0.10859829932451248,0.9537856578826904,0.7975558638572693
YBR104W,YLR119W,0,0.70975894,0.1085861399769783,0.9537856578826904,0.7976559996604919
YNL148C,YCR072C,0,0.70935565,0.10857398808002472,0.9537856578826904,0.7977561950683594
YDR194C,YDR051C,0,0.70918983,0.10856183618307114,0.9537856578826904,0.797856330871582
YDR345C,YOR362C,0,0.70901084,0.10854968428611755,0.9537856578826904,0.7979565262794495
YJR045C,YGR154C,0,0.7088701,0.10853753983974457,0.9537856578826904,0.7980567216873169
YNL278W,YBR015C,0,0.7083796,0.10852539539337158,0.9537856578826904,0.7981568574905396
YOR076C,YBR033W,0,0.7076959,0.1085132583975792,0.9537856578826904,0.798257052898407
YKL216W,YGL191W,0,0.7076193,0.1085011214017868,0.9537856578826904,0.7983571887016296
YOR254C,YOR115C,0,0.70658964,0.10848898440599442,0.9537856578826904,0.7984573841094971
YGR215W,YLR411W,0,0.70629853,0.10847684741020203,0.9537856578826904,0.7985575199127197
YPL164C,YDR060W,0,0.706067,0.10846471786499023,0.9537856578826904,0.7986577153205872
YNR070W,YAR042W,0,0.70545346,0.10845259577035904,0.9537856578826904,0.7987579107284546
YJL048C,YLL042C,0,0.70523006,0.10844046622514725,0.9537856578826904,0.7988580465316772
YGR278W,YML010W,0,0.7052153,0.10842835158109665,0.9537856578826904,0.7989582419395447
YNL101W,YGL150C,0,0.7048616,0.10841622948646545,0.9537856578826904,0.7990583777427673
YCR021C,YOR246C,0,0.7047028,0.10840411484241486,0.9537856578826904,0.7991585731506348
YDR034C-D,YOL097C,0,0.70417327,0.10839200019836426,0.9537856578826904,0.7992587685585022
YGL225W,YNL086W,1,0.7040783,0.10849162191152573,0.95476895570755,0.7992587685585022
YJR002W,YHR205W,0,0.70389456,0.10847949981689453,0.95476895570755,0.7993589043617249
YPL226W,YDR170W-A,0,0.70345324,0.10846738517284393,0.95476895570755,0.7994590997695923
YOR049C,YMR092C,0,0.70325506,0.10845526307821274,0.95476895570755,0.7995592355728149
YOR293W,YDL159W,0,0.702941,0.10844315588474274,0.95476895570755,0.7996594309806824
YPL237W,YKR075C,0,0.70271736,0.10843104124069214,0.95476895570755,0.799759566783905
YPL212C,YDR402C,0,0.70184004,0.10841893404722214,0.95476895570755,0.7998597621917725
YDR420W,YMR056C,0,0.7015365,0.10840683430433273,0.95476895570755,0.7999599575996399
YPL156C,YPL275W,0,0.70057994,0.10839473456144333,0.95476895570755,0.8000600934028625
YFL003C,YJR066W,0,0.70039994,0.10838263481855392,0.95476895570755,0.80016028881073
YGL061C,YHL009W-B,0,0.70033807,0.10837053507566452,0.95476895570755,0.8002604246139526
YJL204C,YDR091C,0,0.70026594,0.10835844278335571,0.95476895570755,0.8003606200218201
YMR162C,YLR083C,1,0.6994409,0.10845793038606644,0.9557521939277649,0.8003606200218201
YDR375C,YDR097C,0,0.6992032,0.10844583064317703,0.9557521939277649,0.8004607558250427
YBR030W,YKL059C,0,0.69900036,0.10843373835086823,0.9557521939277649,0.8005609512329102
YPL211W,YBR295W,0,0.69825375,0.10842163860797882,0.9557521939277649,0.8006611466407776
YBR084W,YMR035W,0,0.6978267,0.10840954631567001,0.9557521939277649,0.8007612824440002
YOL080C,YJL121C,0,0.697439,0.1083974540233612,0.9557521939277649,0.8008614778518677
YNL061W,YJL121C,0,0.6970205,0.108385369181633,0.9557521939277649,0.8009616136550903
YMR152W,YAL059W,0,0.69674325,0.10837328433990479,0.9557521939277649,0.8010618090629578
YDR407C,YMR131C,0,0.69567794,0.10836120694875717,0.9557521939277649,0.8011620044708252
YOL138C,YHR120W,0,0.69522506,0.10834912210702896,0.9557521939277649,0.8012621402740479
YOL039W,YBR070C,0,0.69496745,0.10833705216646194,0.9557521939277649,0.8013623356819153
YKL220C,YDR259C,0,0.69480664,0.10832497477531433,0.9557521939277649,0.8014624714851379
YAR015W,YHR092C,0,0.6944638,0.10831290483474731,0.9557521939277649,0.8015626668930054
YOR327C,YBL037W,1,0.6940363,0.1084122583270073,0.9567354917526245,0.8015626668930054
YDL114W,YLR238W,0,0.69328743,0.10840018093585968,0.9567354917526245,0.801662802696228
YDL239C,YMR264W,0,0.6932126,0.10838810354471207,0.9567354917526245,0.8017629981040955
YJR161C,YML100W,0,0.69295526,0.10837603360414505,0.9567354917526245,0.8018631935119629
YMR006C,YJR110W,0,0.69294316,0.10836396366357803,0.9567354917526245,0.8019633293151855
YPR110C,YPR158W-B,0,0.69278675,0.10835189372301102,0.9567354917526245,0.802063524723053
YKL178C,YHR184W,0,0.6920767,0.1083398312330246,0.9567354917526245,0.8021636605262756
YFL034C-B,YIL167W,0,0.6920254,0.10832776874303818,0.9567354917526245,0.8022638559341431
YJR109C,YOR039W,0,0.6919062,0.10831570625305176,0.9567354917526245,0.8023639917373657
YGL123W,YBL097W,0,0.69126284,0.10830365121364594,0.9567354917526245,0.8024641871452332
YNR012W,YMR311C,0,0.69121253,0.10829159617424011,0.9567354917526245,0.8025643825531006
YLR040C,YOR197W,0,0.6909264,0.10827954858541489,0.9567354917526245,0.8026645183563232
YHR202W,YIL127C,0,0.6906019,0.10826750099658966,0.9567354917526245,0.8027647137641907
YDR294C,YBR132C,0,0.69026303,0.10825545340776443,0.9567354917526245,0.8028648495674133
YCR092C,YBR121C,0,0.6902216,0.10824340581893921,0.9567354917526245,0.8029650449752808
YGL123W,YLR155C,0,0.689699,0.10823136568069458,0.9567354917526245,0.8030652403831482
YJR049C,YIL073C,0,0.6891063,0.10821933299303055,0.9567354917526245,0.8031653761863708
YKL005C,YGL079W,0,0.6885173,0.10820729285478592,0.9567354917526245,0.8032655715942383
YBR166C,YNR070W,0,0.68850946,0.10819526016712189,0.9567354917526245,0.8033657073974609
YLL032C,YER131W,0,0.6883798,0.10818323493003845,0.9567354917526245,0.8034659028053284
YPL158C,YGL234W,0,0.6882869,0.10817120969295502,0.9567354917526245,0.803566038608551
YCR044C,YCL075W,0,0.68816894,0.10815918445587158,0.9567354917526245,0.8036662340164185
YDR060W,YHR123W,0,0.68734187,0.10814715921878815,0.9567354917526245,0.8037664294242859
YJL219W,YJL028W,0,0.6863702,0.10813514143228531,0.9567354917526245,0.8038665652275085
YLR324W,YGL055W,0,0.686317,0.10812312364578247,0.9567354917526245,0.803966760635376
YDR436W,YOR322C,0,0.6856505,0.10811111330986023,0.9567354917526245,0.8040668964385986
YJR029W,YOR363C,0,0.6854468,0.10809910297393799,0.9567354917526245,0.8041670918464661
YPR158C-D,YPL063W,0,0.6854263,0.10808709263801575,0.9567354917526245,0.8042672276496887
YEL059C-A,YML077W,0,0.68529147,0.1080750897526741,0.9567354917526245,0.8043674230575562
YOL109W,YOR101W,0,0.6852236,0.10806307941675186,0.9567354917526245,0.8044676184654236
YBR014C,YML081C-A,0,0.6843628,0.10805108398199081,0.9567354917526245,0.8045677542686462
YER114C,YPR048W,0,0.68418556,0.10803908854722977,0.9567354917526245,0.8046679496765137
YMR104C,YDL220C,0,0.68396074,0.10802709311246872,0.9567354917526245,0.8047680854797363
YDL085W,YPL214C,0,0.68326133,0.10801509767770767,0.9567354917526245,0.8048682808876038
YLL054C,YCR010C,0,0.68301874,0.10800310969352722,0.9567354917526245,0.8049684166908264
YBR180W,YGL133W,0,0.68286616,0.10799112170934677,0.9567354917526245,0.8050686120986938
YDR485C,YNL240C,0,0.6826811,0.10797913372516632,0.9567354917526245,0.8051688075065613
YDR298C,YOR178C,0,0.6823441,0.10796715319156647,0.9567354917526245,0.8052689433097839
YHR036W,YOR049C,0,0.6822212,0.10795517265796661,0.9567354917526245,0.8053691387176514
YIL011W,YNR063W,0,0.68171304,0.10794319957494736,0.9567354917526245,0.805469274520874
YOR001W,YOR380W,0,0.6816017,0.1079312264919281,0.9567354917526245,0.8055694699287415
YLR007W,YER159C-A,0,0.6812349,0.10791925340890884,0.9567354917526245,0.8056696653366089
YGR289C,YPL174C,0,0.6809662,0.10790728777647018,0.9567354917526245,0.8057698011398315
YPL265W,YGL246C,0,0.67988664,0.10789532214403152,0.9567354917526245,0.805869996547699
YDL166C,YOL059W,0,0.67974025,0.10788335651159286,0.9567354917526245,0.8059701323509216
YJL151C,YER072W,0,0.6783112,0.1078713983297348,0.9567354917526245,0.8060703277587891
YLR418C,YCR063W,0,0.6782947,0.10785944014787674,0.9567354917526245,0.8061704635620117
YNL054W-B,YCL050C,0,0.67820007,0.10784748196601868,0.9567354917526245,0.8062706589698792
YKL195W,YHR205W,0,0.6777719,0.10783553123474121,0.9567354917526245,0.8063708543777466
YDR052C,YBL082C,0,0.67739785,0.10782358050346375,0.9567354917526245,0.8064709901809692
YDR381W,YIL064W,0,0.67730427,0.10781163722276688,0.9567354917526245,0.8065711855888367
YKL043W,YCR107W,0,0.6762156,0.10779968649148941,0.9567354917526245,0.8066713213920593
YJL050W,YJR025C,0,0.6755768,0.10778775066137314,0.9567354917526245,0.8067715167999268
YLR178C,YML081W,0,0.67554766,0.10777580738067627,0.9567354917526245,0.8068716526031494
YGL116W,YGR003W,0,0.675271,0.10776387155056,0.9567354917526245,0.8069718480110168
YNL218W,YHR136C,0,0.67513293,0.10775193572044373,0.9567354917526245,0.8070720434188843
YBL097W,YMR247C,0,0.67500716,0.10774000734090805,0.9567354917526245,0.8071721792221069
YBR079C,YCR020W-B,0,0.6743989,0.10772807896137238,0.9567354917526245,0.8072723746299744
YOL147C,YGR133W,0,0.67395514,0.1077161505818367,0.9567354917526245,0.807372510433197
YGR165W,YOL130W,0,0.6737854,0.10770422965288162,0.9567354917526245,0.8074727058410645
YHR014W,YML015C,0,0.6733,0.10769230872392654,0.9567354917526245,0.8075729012489319
YOL077C,YER119C,0,0.67271394,0.10768038779497147,0.9567354917526245,0.8076730370521545
YDR397C,YPL057C,0,0.672468,0.10766847431659698,0.9567354917526245,0.807773232460022
YKL060C,YMR242C,0,0.6714046,0.1076565608382225,0.9567354917526245,0.8078733682632446
YPL271W,YLR143W,0,0.6713608,0.10764464735984802,0.9567354917526245,0.8079735636711121
YDR439W,YER177W,0,0.67134523,0.10763274133205414,0.9567354917526245,0.8080736994743347
YGL194C,YOR009W,0,0.67126834,0.10762083530426025,0.9567354917526245,0.8081738948822021
YOR242C,YPR112C,0,0.67111486,0.10760893672704697,0.9567354917526245,0.8082740902900696
YML058W,YDR362C,0,0.6708921,0.10759703814983368,0.9567354917526245,0.8083742260932922
YFR034C,YDR359C,0,0.6708644,0.10758513957262039,0.9567354917526245,0.8084744215011597
YDR292C,YNL339C,0,0.6700808,0.1075732484459877,0.9567354917526245,0.8085745573043823
YHR214W,YDL098C,0,0.66885793,0.10756134986877441,0.9567354917526245,0.8086747527122498
YDR368W,YEL003W,0,0.66874874,0.10754946619272232,0.9567354917526245,0.8087748885154724
YOR252W,YJL099W,0,0.6684335,0.10753757506608963,0.9567354917526245,0.8088750839233398
YLR355C,YNL250W,0,0.6676371,0.10752569139003754,0.9567354917526245,0.8089752793312073
YKR075C,YBR058C-A,0,0.6675979,0.10751381516456604,0.9567354917526245,0.8090754151344299
YHL026C,YOR326W,0,0.66752774,0.10750193148851395,0.9567354917526245,0.8091756105422974
YLR226W,YGR109W-A,0,0.6671115,0.10749005526304245,0.9567354917526245,0.80927574634552
YOR372C,YOR224C,0,0.6667636,0.10747818648815155,0.9567354917526245,0.8093759417533875
YGL067W,YMR104C,0,0.6662595,0.10746631026268005,0.9567354917526245,0.8094761371612549
YLR040C,YKL113C,0,0.6662522,0.10745444148778915,0.9567354917526245,0.8095762729644775
YNL210W,YGL018C,0,0.6661647,0.10744258016347885,0.9567354917526245,0.809676468372345
YBR291C,YOL097C,0,0.66616374,0.10743071883916855,0.9567354917526245,0.8097766041755676
YLL040C,YHR035W,1,0.6652691,0.10752925276756287,0.9577187895774841,0.8097766041755676
YLR221C,YNL292W,0,0.66457754,0.10751738399267197,0.9577187895774841,0.8098767995834351
YLR115W,YOL069W,0,0.6644929,0.10750551521778107,0.9577187895774841,0.8099769353866577
YGL021W,YDL231C,0,0.6643372,0.10749365389347076,0.9577187895774841,0.8100771307945251
YOL001W,YNL103W,0,0.66429764,0.10748179256916046,0.9577187895774841,0.8101773262023926
YOR244W,YLR393W,0,0.6636711,0.10746993124485016,0.9577187895774841,0.8102774620056152
YOR348C,YJL179W,0,0.6636657,0.10745807737112045,0.9577187895774841,0.8103776574134827
YGR165W,YIL062C,0,0.66334635,0.10744622349739075,0.9577187895774841,0.8104777932167053
YDR027C,YCR027C,0,0.66323274,0.10743436962366104,0.9577187895774841,0.8105779886245728
YPL204W,YHR214W,0,0.6629803,0.10742252320051193,0.9577187895774841,0.8106781244277954
YNL152W,YOR005C,0,0.66258496,0.10741067677736282,0.9577187895774841,0.8107783198356628
YNL328C,YCL051W,0,0.66211194,0.10739883035421371,0.9577187895774841,0.8108785152435303
YGR249W,YMR207C,0,0.661689,0.1073869913816452,0.9577187895774841,0.8109786510467529
YGL192W,YDR099W,0,0.66141653,0.10737515240907669,0.9577187895774841,0.8110788464546204
YGR140W,YOR039W,0,0.660324,0.10736331343650818,0.9577187895774841,0.811178982257843
YOL121C,YGR170W,0,0.66030854,0.10735148191452026,0.9577187895774841,0.8112791776657104
YML021C,YMR257C,0,0.65986645,0.10733965039253235,0.9577187895774841,0.8113793730735779
YAL058W,YML010W,0,0.6597137,0.10732782632112503,0.9577187895774841,0.8114795088768005
YDR038C,YER118C,0,0.65962964,0.10731599479913712,0.9577187895774841,0.811579704284668
YNL308C,YIL111W,0,0.65958756,0.1073041781783104,0.9577187895774841,0.8116798400878906
YKL173W,YKL014C,0,0.65888876,0.10729235410690308,0.9577187895774841,0.8117800354957581
YMR188C,YHR184W,0,0.65840864,0.10728053748607635,0.9577187895774841,0.8118801712989807
YOR195W,YPL235W,0,0.658257,0.10726872086524963,0.9577187895774841,0.8119803667068481
YDR439W,YIL119C,0,0.65756154,0.10725691169500351,0.9577187895774841,0.8120805621147156
YEL077C,YDL093W,0,0.6575064,0.10724510252475739,0.9577187895774841,0.8121806979179382
YDR014W,YMR133W,0,0.65707535,0.10723329335451126,0.9577187895774841,0.8122808933258057
YOR384W,YLR308W,0,0.65707374,0.10722149163484573,0.9577187895774841,0.8123810291290283
YKR078W,YBR152W,0,0.65663975,0.1072096899151802,0.9577187895774841,0.8124812245368958
YLR157C-B,YMR199W,0,0.6564892,0.10719788819551468,0.9577187895774841,0.8125813603401184
YHR134W,YBR021W,0,0.6564617,0.10718608647584915,0.9577187895774841,0.8126815557479858
YGL191W,YIL022W,0,0.6560608,0.10717429220676422,0.9577187895774841,0.8127817511558533
YNR008W,YNR032C-A,0,0.65503836,0.10716250538825989,0.9577187895774841,0.8128818869590759
YMR045C,YBL066C,0,0.6544557,0.10715071856975555,0.9577187895774841,0.8129820823669434
YGR172C,YAL042W,1,0.6544536,0.10724892467260361,0.9587020874023438,0.8129820823669434
YDR052C,YCL019W,0,0.6540078,0.10723713040351868,0.9587020874023438,0.813082218170166
YJR145C,YPL063W,0,0.6534529,0.10722533613443375,0.9587020874023438,0.8131824135780334
YIR017C,YPL172C,0,0.653265,0.10721354931592941,0.9587020874023438,0.8132826089859009
YDR111C,YLR118C,0,0.6525604,0.10720176249742508,0.9587020874023438,0.8133827447891235
YHR025W,YKL221W,0,0.65177643,0.10718997567892075,0.9587020874023438,0.813482940196991
YMR231W,YHR105W,1,0.65043724,0.10728811472654343,0.9596853256225586,0.813482940196991
YCR034W,YHR102W,0,0.64929944,0.10727632790803909,0.9596853256225586,0.8135830760002136
YJL219W,YLR167W,0,0.64916015,0.10726453363895416,0.9596853256225586,0.813683271408081
YAL025C,YHR073W,0,0.64880025,0.10725274682044983,0.9596853256225586,0.8137834072113037
YCL069W,YNR063W,0,0.6483382,0.1072409600019455,0.9596853256225586,0.8138836026191711
YLR086W,YHR140W,0,0.6483212,0.10722918063402176,0.9596853256225586,0.8139837980270386
YLR410W,YBL036C,0,0.6480311,0.10721740126609802,0.9596853256225586,0.8140839338302612
YDR120C,YKL148C,0,0.6479836,0.10720562189817429,0.9596853256225586,0.8141841292381287
YGR154C,YOR255W,0,0.64740217,0.10719384998083115,0.9596853256225586,0.8142842650413513
YGR098C,YHL024W,0,0.64731807,0.107182078063488,0.9596853256225586,0.8143844604492188
YJL083W,YLR181C,0,0.647196,0.10717030614614487,0.9596853256225586,0.8144845962524414
YIL015W,YER033C,0,0.64709276,0.10715854167938232,0.9596853256225586,0.8145847916603088
YJL014W,YPR010C,0,0.6467015,0.10714677721261978,0.9596853256225586,0.8146849870681763
YIR035C,YER100W,0,0.6466899,0.10713501274585724,0.9596853256225586,0.8147851228713989
YLL022C,YPL030W,0,0.64553314,0.10712325572967529,0.9596853256225586,0.8148853182792664
YDL129W,YGR207C,0,0.6453511,0.10711149871349335,0.9596853256225586,0.814985454082489
YNL256W,YFR008W,0,0.64417404,0.107099749147892,0.9596853256225586,0.8150856494903564
YOL012C,YGL115W,0,0.64353365,0.10708799958229065,0.9596853256225586,0.8151858448982239
YNL005C,YIL172C,0,0.64345974,0.1070762500166893,0.9596853256225586,0.8152859807014465
YDR217C,YPL133C,0,0.6431912,0.10706450045108795,0.9596853256225586,0.815386176109314
YJR096W,YLL035W,0,0.6430233,0.1070527583360672,0.9596853256225586,0.8154863119125366
YBR069C,YDR267C,0,0.64270544,0.10704101622104645,0.9596853256225586,0.815586507320404
YPL220W,YJL219W,0,0.64263934,0.10702928155660629,0.9596853256225586,0.8156866431236267
YDL223C,YIL064W,0,0.64232844,0.10701754689216614,0.9596853256225586,0.8157868385314941
YBR068C,YJR132W,0,0.6423065,0.10700581222772598,0.9596853256225586,0.8158870339393616
YKL110C,YMR243C,0,0.6421703,0.10699407756328583,0.9596853256225586,0.8159871697425842
YJL048C,YNR019W,0,0.6416263,0.10698235034942627,0.9596853256225586,0.8160873651504517
YMR251W-A,YBR149W,0,0.640862,0.10697063058614731,0.9596853256225586,0.8161875009536743
YDR545W,YGL002W,0,0.6385532,0.10695890337228775,0.9596853256225586,0.8162876963615417
YPL283C,YOR109W,0,0.6383551,0.10694718360900879,0.9596853256225586,0.8163878321647644
YCR105W,YFR007W,0,0.63813597,0.10693546384572983,0.9596853256225586,0.8164880275726318
YLR240W,YLR360W,1,0.63791996,0.10703330487012863,0.9606686234474182,0.8164880275726318
YJL154C,YKL143W,1,0.6378457,0.10713112354278564,0.9616519212722778,0.8164880275726318
YOR001W,YOL042W,0,0.6375565,0.10711938887834549,0.9616519212722778,0.8165882229804993
YPL060C-A,YGL076C,0,0.63747865,0.10710765421390533,0.9616519212722778,0.8166883587837219
YDR018C,YGR191W,0,0.63711977,0.10709592700004578,0.9616519212722778,0.8167885541915894
YJL057C,YHR043C,0,0.63688123,0.10708419978618622,0.9616519212722778,0.816888689994812
YEL017C-A,YOR264W,0,0.636344,0.10707248002290726,0.9616519212722778,0.8169888854026794
YLR074C,YNL035C,0,0.6362358,0.1070607528090477,0.9616519212722778,0.8170890808105469
YKL032C,YGL206C,0,0.63613725,0.10704904049634933,0.9616519212722778,0.8171892166137695
YBR186W,YIL015W,0,0.6346423,0.10703732073307037,0.9616519212722778,0.817289412021637
YOR336W,YDR034C-C,0,0.6345425,0.10702560842037201,0.9616519212722778,0.8173895478248596
YNL305C,YHR025W,0,0.6341917,0.10701389610767365,0.9616519212722778,0.817489743232727
YJR145C,YDR520C,0,0.6335141,0.10700219124555588,0.9616519212722778,0.8175898790359497
YOR033C,YGR059W,0,0.6327839,0.10699047893285751,0.9616519212722778,0.8176900744438171
YDR046C,YLR106C,0,0.63210845,0.10697878152132034,0.9616519212722778,0.8177902698516846
YCR035C,YGR094W,0,0.632058,0.10696707665920258,0.9616519212722778,0.8178904056549072
YML005W,YHR150W,0,0.63202274,0.1069553792476654,0.9616519212722778,0.8179906010627747
YBR164C,YGR024C,0,0.6311852,0.10694368183612823,0.9616519212722778,0.8180907368659973
YDR197W,YPR151C,0,0.6311834,0.10693199187517166,0.9616519212722778,0.8181909322738647
YPR164W,YGL171W,0,0.6305315,0.10692030191421509,0.9616519212722778,0.8182910680770874
YMR289W,YMR128W,0,0.63049203,0.10690861195325851,0.9616519212722778,0.8183912634849548
YDR217C,YKL032C,0,0.6301119,0.10689692944288254,0.9616519212722778,0.8184914588928223
YOL116W,YLR460C,0,0.6296959,0.10688524693250656,0.9616519212722778,0.8185915946960449
YDR345C,YHR129C,0,0.62837154,0.10687356442213058,0.9616519212722778,0.8186917901039124
YIL009W,YKL191W,0,0.6280139,0.1068618893623352,0.9616519212722778,0.818791925907135
YPL271W,YPL255W,0,0.62766117,0.10685021430253983,0.9616519212722778,0.8188921213150024
YGR158C,YGL173C,0,0.62748975,0.10683853924274445,0.9616519212722778,0.8189922571182251
YKR085C,YOR386W,0,0.6274658,0.10682687163352966,0.9616519212722778,0.8190924525260925
YEL024W,YBL057C,0,0.62647796,0.10681520402431488,0.9616519212722778,0.81919264793396
YHR032W,YJR132W,0,0.62644786,0.1068035364151001,0.9616519212722778,0.8192927837371826
YGL090W,YIL067C,0,0.6260171,0.10679187625646591,0.9616519212722778,0.81939297914505
YPL004C,YPL018W,0,0.6257749,0.10678021609783173,0.9616519212722778,0.8194931149482727
YLR327C,YBR181C,0,0.62576,0.10676855593919754,0.9616519212722778,0.8195933103561401
YLR304C,YLR157C-A,0,0.6249576,0.10675690323114395,0.9616519212722778,0.8196935057640076
YBR114W,YOR116C,0,0.6249468,0.10674525052309036,0.9616519212722778,0.8197936415672302
YMR323W,YDR465C,0,0.62469345,0.10673360526561737,0.9616519212722778,0.8198938369750977
YMR170C,YDL042C,0,0.62463313,0.10672195255756378,0.9616519212722778,0.8199939727783203
YEL034W,YGL222C,0,0.62457615,0.10671030730009079,0.9616519212722778,0.8200941681861877
YEL044W,YIL091C,0,0.62429196,0.1066986694931984,0.9616519212722778,0.8201943039894104
YOL077W-A,YCR096C,0,0.62347895,0.106687031686306,0.9616519212722778,0.8202944993972778
YNL197C,YMR002W,0,0.6234424,0.1066753938794136,0.9616519212722778,0.8203946948051453
YLR054C,YCR107W,0,0.6221776,0.10666375607252121,0.9616519212722778,0.8204948306083679
YDR219C,YJR132W,0,0.62209576,0.10665212571620941,0.9616519212722778,0.8205950260162354
YKR049C,YOL096C,0,0.6215302,0.10664049535989761,0.9616519212722778,0.820695161819458
YIL162W,YJL183W,0,0.6208437,0.10662887245416641,0.9616519212722778,0.8207953572273254
YGL063W,YKL006C-A,0,0.62018824,0.10661724954843521,0.9616519212722778,0.8208954930305481
YDR118W,YDR440W,0,0.6199011,0.10660562664270401,0.9616519212722778,0.8209956884384155
YMR094W,YHR033W,0,0.6196564,0.10659400373697281,0.9616519212722778,0.821095883846283
YMR030W,YCL035C,0,0.6194269,0.1065823882818222,0.9616519212722778,0.8211960196495056
YNL066W,YHR121W,0,0.6192337,0.1065707728266716,0.9616519212722778,0.821296215057373
YNL254C,YNL252C,0,0.6190966,0.10655916482210159,0.9616519212722778,0.8213963508605957
YER095W,YPL141C,0,0.6189342,0.10654755681753159,0.9616519212722778,0.8214965462684631
YER060W-A,YBR205W,0,0.61641246,0.10653594881296158,0.9616519212722778,0.8215967416763306
YLL032C,YNL279W,0,0.6153464,0.10652434080839157,0.9616519212722778,0.8216968774795532
YDR311W,YMR001C,0,0.614822,0.10651274025440216,0.9616519212722778,0.8217970728874207
YLR095C,YER131W,0,0.6142188,0.10650113970041275,0.9616519212722778,0.8218972086906433
YFL061W,YOL147C,0,0.6137137,0.10648954659700394,0.9616519212722778,0.8219974040985107
YKL059C,YML031W,0,0.61330444,0.10647795349359512,0.9616519212722778,0.8220975399017334
YLR308W,YFL004W,0,0.61330384,0.10646636039018631,0.9616519212722778,0.8221977353096008
YPR079W,YOR312C,0,0.61308104,0.1064547747373581,0.9616519212722778,0.8222979307174683
YNL328C,YCR042C,0,0.6130404,0.10644318908452988,0.9616519212722778,0.8223980665206909
YLR189C,YHR025W,0,0.6128921,0.10643160343170166,0.9616519212722778,0.8224982619285583
YKR059W,YDR446W,0,0.61229885,0.10642002522945404,0.9616519212722778,0.822598397731781
YKR072C,YDL139C,0,0.6121671,0.10640843957662582,0.9616519212722778,0.8226985931396484
YNL093W,YML037C,1,0.611933,0.10650565475225449,0.9626352190971375,0.8226985931396484
YGL005C,YNL218W,0,0.6116513,0.10649406909942627,0.9626352190971375,0.8227987289428711
YNL199C,YLR336C,0,0.61129254,0.10648249089717865,0.9626352190971375,0.8228989243507385
YNL186W,YHL017W,0,0.6104412,0.10647090524435043,0.9626352190971375,0.822999119758606
YIL120W,YOR095C,0,0.60976344,0.10645932704210281,0.9626352190971375,0.8230992555618286
YDR120C,YIL167W,0,0.60960746,0.10644775629043579,0.9626352190971375,0.823199450969696
YDL082W,YMR226C,0,0.6093547,0.10643617808818817,0.9626352190971375,0.8232995867729187
YPL045W,YOR144C,0,0.6091273,0.10642461478710175,0.9626352190971375,0.8233997821807861
YDL150W,YOR346W,0,0.6091246,0.10641304403543472,0.9626352190971375,0.8234999775886536
YPL021W,YKR094C,0,0.60874844,0.1064014807343483,0.9626352190971375,0.8236001133918762
YIL027C,YOL156W,0,0.6079449,0.10638991743326187,0.9626352190971375,0.8237003087997437
YOR315W,YNL293W,0,0.6074709,0.10637835413217545,0.9626352190971375,0.8238004446029663
YMR262W,YBL005W-A,0,0.6072589,0.10636679828166962,0.9626352190971375,0.8239006400108337
YLL035W,YPL154C,0,0.6066318,0.10635524243116379,0.9626352190971375,0.8240007758140564
YER159C,YPL017C,0,0.6063253,0.10634368658065796,0.9626352190971375,0.8241009712219238
YGR154C,YNL137C,0,0.60488886,0.10633213818073273,0.9626352190971375,0.8242011666297913
YNL227C,YOR208W,0,0.60466856,0.1063205897808075,0.9626352190971375,0.8243013024330139
YGL206C,YER023W,0,0.60451823,0.10630904883146286,0.9626352190971375,0.8244014978408813
YOR201C,YJL033W,0,0.60341305,0.10629750043153763,0.9626352190971375,0.824501633644104
YBR188C,YOR224C,0,0.60294724,0.106285959482193,0.9626352190971375,0.8246018290519714
YKR009C,YMR223W,0,0.6029218,0.10627442598342896,0.9626352190971375,0.8247019648551941
YNL151C,YHL008C,0,0.6023986,0.10626289248466492,0.9626352190971375,0.8248021602630615
YJR005W,YOL137W,1,0.6023727,0.10635988414287567,0.9636184573173523,0.8248021602630615
YML118W,YJL179W,0,0.6023163,0.10634834319353104,0.9636184573173523,0.824902355670929
YHR011W,YPL006W,0,0.6017393,0.1063368022441864,0.9636184573173523,0.8250024914741516
YBR044C,YHR214W,0,0.6010257,0.10632526874542236,0.9636184573173523,0.825102686882019
YLR411W,YKL061W,1,0.60002846,0.10642221570014954,0.9646017551422119,0.825102686882019
YDR113C,YKL141W,0,0.5993046,0.1064106747508049,0.9646017551422119,0.8252028226852417
YLR035C-A,YLR067C,0,0.59851396,0.10639913380146027,0.9646017551422119,0.8253030180931091
YJR129C,YBR265W,0,0.59766454,0.10638759285211563,0.9646017551422119,0.8254032135009766
YDR113C,YCL054W,0,0.597555,0.10637605935335159,0.9646017551422119,0.8255033493041992
YLR014C,YPR166C,0,0.59737164,0.10636452585458755,0.9646017551422119,0.8256035447120667
YBR152W,YGR194C,0,0.5970904,0.10635299235582352,0.9646017551422119,0.8257036805152893
YJL054W,YBR087W,0,0.5965534,0.10634146630764008,0.9646017551422119,0.8258038759231567
YMR053C,YDR034C-D,0,0.5965466,0.10632994025945663,0.9646017551422119,0.8259040117263794
YDL231C,YGR074W,0,0.5958825,0.1063184142112732,0.9646017551422119,0.8260042071342468
YHR096C,YPR151C,0,0.595738,0.10630689561367035,0.9646017551422119,0.8261044025421143
YNL001W,YOR116C,0,0.59377486,0.10629536956548691,0.9646017551422119,0.8262045383453369
YGR234W,YLR172C,0,0.5936827,0.10628385841846466,0.9646017551422119,0.8263047337532043
YJR158W,YLR056W,0,0.5936571,0.10627233982086182,0.9646017551422119,0.826404869556427
YPL121C,YER106W,0,0.593457,0.10626082867383957,0.9646017551422119,0.8265050649642944
YAR008W,YML065W,0,0.5923436,0.10624932497739792,0.9646017551422119,0.8266052007675171
YML022W,YML116W,0,0.59182936,0.10623781383037567,0.9646017551422119,0.8267053961753845
YIL044C,YMR128W,0,0.5910487,0.10622631013393402,0.9646017551422119,0.826805591583252
YOR190W,YDR092W,0,0.59025,0.10621481388807297,0.9646017551422119,0.8269057273864746
YLR014C,YOR383C,0,0.58900565,0.10620331019163132,0.9646017551422119,0.827005922794342
YER082C,YDR328C,0,0.5888465,0.10619181394577026,0.9646017551422119,0.8271060585975647
YDL181W,YBR213W,0,0.5887742,0.10618032515048981,0.9646017551422119,0.8272062540054321
YCR068W,YDL210W,0,0.58737385,0.10616882890462875,0.9646017551422119,0.8273064494132996
YCR023C,YPR010C,0,0.587326,0.1061573401093483,0.9646017551422119,0.8274065852165222
YMR207C,YDL160C,0,0.58649474,0.10614585876464844,0.9646017551422119,0.8275067806243896
YHL032C,YDR177W,0,0.5859974,0.10613436996936798,0.9646017551422119,0.8276069164276123
YCR040W,YNL330C,0,0.5853743,0.10612288862466812,0.9646017551422119,0.8277071118354797
YMR104C,YJL138C,0,0.5849236,0.10611141473054886,0.9646017551422119,0.8278072476387024
YLR128W,YKR049C,0,0.58469176,0.106099933385849,0.9646017551422119,0.8279074430465698
YMR036C,YNL068C,0,0.58454734,0.10608845949172974,0.9646017551422119,0.8280076384544373
YPL227C,YDR485C,0,0.5843467,0.10607699304819107,0.9646017551422119,0.8281077742576599
YDR450W,YPR079W,0,0.5825454,0.10606551915407181,0.9646017551422119,0.8282079696655273
YHR139C,YLR371W,0,0.5825204,0.10605405271053314,0.9646017551422119,0.82830810546875
YHR070W,YBR087W,0,0.5814922,0.10604258626699448,0.9646017551422119,0.8284083008766174
YER044C,YOL033W,0,0.58140403,0.10603112727403641,0.9646017551422119,0.8285084366798401
YBR267W,YMR024W,0,0.5811532,0.10601966828107834,0.9646017551422119,0.8286086320877075
YHR178W,YLR435W,0,0.5808982,0.10600820928812027,0.9646017551422119,0.828708827495575
YJL212C,YOR060C,0,0.5808316,0.1059967577457428,0.9646017551422119,0.8288089632987976
YOL103W,YCR081W,0,0.58045137,0.10598530620336533,0.9646017551422119,0.828909158706665
YLR369W,YNL318C,0,0.58006656,0.10597385466098785,0.9646017551422119,0.8290092945098877
YNL087W,YNL233W,0,0.57982725,0.10596241056919098,0.9646017551422119,0.8291094899177551
YHR166C,YCR098C,0,0.57968354,0.1059509664773941,0.9646017551422119,0.8292096853256226
YDR446W,YIL117C,0,0.5789531,0.10593952238559723,0.9646017551422119,0.8293098211288452
YBR296C,YGL047W,0,0.5789338,0.10592808574438095,0.9646017551422119,0.8294100165367126
YPL198W,YHR031C,0,0.5786342,0.10591664910316467,0.9646017551422119,0.8295101523399353
YLR438C-A,YDR397C,0,0.57849044,0.1059052124619484,0.9646017551422119,0.8296103477478027
YOR329C,YDR316W-B,0,0.5784432,0.10589378327131271,0.9646017551422119,0.8297104835510254
YAR071W,YHL022C,0,0.5776808,0.10588235408067703,0.9646017551422119,0.8298106789588928
YDR219C,YPL233W,0,0.5775592,0.10587092489004135,0.9646017551422119,0.8299108743667603
YOL138C,YCL075W,0,0.57706225,0.10585950314998627,0.9646017551422119,0.8300110101699829
YIL097W,YML081C-A,0,0.5767487,0.10584808140993118,0.9646017551422119,0.8301112055778503
YGR103W,YNL128W,0,0.5759302,0.1058366596698761,0.9646017551422119,0.830211341381073
YER127W,YKL058W,0,0.57558775,0.10582524538040161,0.9646017551422119,0.8303115367889404
YIL087C,YBR295W,0,0.57558113,0.10581383109092712,0.9646017551422119,0.8304116725921631
YCR047C,YJR131W,0,0.57535017,0.10580241680145264,0.9646017551422119,0.8305118680000305
YNL112W,YIL129C,0,0.5747006,0.10579100251197815,0.9646017551422119,0.830612063407898
YLR446W,YOR262W,0,0.5741867,0.10577959567308426,0.9646017551422119,0.8307121992111206
YML118W,YGL125W,0,0.5738865,0.10576819628477097,0.9646017551422119,0.830812394618988
YGR122W,YLR441C,0,0.57371145,0.10575678944587708,0.9646017551422119,0.8309125304222107
YDR320C,YCL054W,0,0.57354057,0.10574539005756378,0.9646017551422119,0.8310127258300781
YML038C,YOR178C,0,0.5731843,0.10573399811983109,0.9646017551422119,0.8311129212379456
YHR197W,YPL095C,0,0.5725847,0.10572259873151779,0.9646017551422119,0.8312130570411682
YIL118W,YHL013C,0,0.57198805,0.1057112067937851,0.9646017551422119,0.8313132524490356
YGL011C,YMR230W,0,0.5719295,0.1056998148560524,0.9646017551422119,0.8314133882522583
YBL047C,YBL088C,0,0.5718069,0.1056884303689003,0.9646017551422119,0.8315135836601257
YNL112W,YLR207W,0,0.57116336,0.1056770458817482,0.9646017551422119,0.8316137194633484
YPR112C,YML008C,0,0.57095534,0.1056656613945961,0.9646017551422119,0.8317139148712158
YHR020W,YLR237W,0,0.57085377,0.1056542843580246,0.9646017551422119,0.8318141102790833
YFL003C,YNL331C,0,0.5708372,0.1056428998708725,0.9646017551422119,0.8319142460823059
YDR289C,YDL214C,0,0.5708319,0.10563153028488159,0.9646017551422119,0.8320144414901733
YLR095C,YOL069W,0,0.57013786,0.10562015324831009,0.9646017551422119,0.832114577293396
YIL033C,YOL128C,0,0.5698766,0.10560878366231918,0.9646017551422119,0.8322147727012634
YOR362C,YOL041C,0,0.5695936,0.10559741407632828,0.9646017551422119,0.8323149085044861
YLR293C,YDR323C,0,0.56954366,0.10558605194091797,0.9646017551422119,0.8324151039123535
YMR211W,YOR158W,0,0.5688852,0.10557468980550766,0.9646017551422119,0.832515299320221
YCR016W,YPR057W,0,0.56861424,0.10556332767009735,0.9646017551422119,0.8326154351234436
YDR328C,YHL026C,0,0.5672471,0.10555196553468704,0.9646017551422119,0.832715630531311
YMR232W,YNL339C,0,0.5672092,0.10554061084985733,0.9646017551422119,0.8328157663345337
YER180C,YML074C,0,0.5660077,0.10552926361560822,0.9646017551422119,0.8329159617424011
YOR328W,YJR150C,0,0.56591123,0.1055179089307785,0.9646017551422119,0.8330161571502686
YJR064W,YJR152W,0,0.56571615,0.10550656169652939,0.9646017551422119,0.8331162929534912
YER126C,YJR102C,0,0.56498665,0.10549521446228027,0.9646017551422119,0.8332164883613586
YGL121C,YMR278W,0,0.5646428,0.10548387467861176,0.9646017551422119,0.8333166241645813
YOR242C,YIL049W,0,0.56440085,0.10547252744436264,0.9646017551422119,0.8334168195724487
YDR135C,YGR090W,0,0.5639531,0.10546118766069412,0.9646017551422119,0.8335169553756714
YJL090C,YOR252W,0,0.563278,0.1054498553276062,0.9646017551422119,0.8336171507835388
YBR264C,YCR008W,0,0.5625263,0.10543852299451828,0.9646017551422119,0.8337173461914062
YER159C-A,YIL039W,0,0.56232905,0.10542719066143036,0.9646017551422119,0.8338174819946289
YPL271W,YOR375C,0,0.5620005,0.10541585832834244,0.9646017551422119,0.8339176774024963
YJL197W,YNL191W,0,0.56153643,0.10540453344583511,0.9646017551422119,0.834017813205719
YDR484W,YLR430W,0,0.56111586,0.10539320856332779,0.9646017551422119,0.8341180086135864
YOR037W,YGL008C,0,0.5610488,0.10538189113140106,0.9646017551422119,0.8342181444168091
YNL190W,YCR031C,0,0.5605532,0.10537056624889374,0.9646017551422119,0.8343183398246765
YOR254C,YMR135C,0,0.56026375,0.10535924881696701,0.9646017551422119,0.834418535232544
YJR029W,YOR030W,0,0.56016177,0.10534793883562088,0.9646017551422119,0.8345186710357666
YJR108W,YBL090W,0,0.559617,0.10533662885427475,0.9646017551422119,0.834618866443634
YPL116W,YBL005W-A,0,0.5585433,0.10532531887292862,0.9646017551422119,0.8347190022468567
YMR307W,YLL040C,1,0.557657,0.10542136430740356,0.9655850529670715,0.8347190022468567
YPL066W,YER106W,0,0.5564565,0.10541004687547684,0.9655850529670715,0.8348191976547241
YOL067C,YHR062C,0,0.5547549,0.1053987368941307,0.9655850529670715,0.8349193334579468
YGR287C,YPL202C,0,0.55430996,0.10538741946220398,0.9655850529670715,0.8350195288658142
YOR113W,YPL024W,0,0.5540542,0.10537611693143845,0.9655850529670715,0.8351197242736816
YBR296C,YJL139C,0,0.55379415,0.10536480695009232,0.9655850529670715,0.8352198600769043
YLR306W,YBL039C,0,0.5537561,0.10535350441932678,0.9655850529670715,0.8353200554847717
YPL084W,YOR009W,0,0.5536082,0.10534220188856125,0.9655850529670715,0.8354201912879944
YJL177W,YNL146W,0,0.5535888,0.10533089935779572,0.9655850529670715,0.8355203866958618
YNL123W,YCR073C,0,0.553293,0.10531960427761078,0.9655850529670715,0.8356205821037292
YDR533C,YDR482C,0,0.55274165,0.10530830919742584,0.9655850529670715,0.8357207179069519
YER073W,YLR056W,0,0.5527106,0.1052970215678215,0.9655850529670715,0.8358209133148193
YOR339C,YER183C,0,0.55249393,0.10528572648763657,0.9655850529670715,0.835921049118042
YKL024C,YJR077C,0,0.55231833,0.10527443885803223,0.9655850529670715,0.8360212445259094
YOR196C,YGL120C,0,0.55175036,0.10526315867900848,0.9655850529670715,0.8361213803291321
YDL210W,YLR127C,0,0.551286,0.10525187849998474,0.9655850529670715,0.8362215757369995
YOR190W,YOL092W,0,0.5511459,0.105240598320961,0.9655850529670715,0.8363217711448669
YDR255C,YLR364W,0,0.5505837,0.10522931814193726,0.9655850529670715,0.8364219069480896
YGR129W,YNL065W,0,0.5499505,0.10521804541349411,0.9655850529670715,0.836522102355957
YEL071W,YJL013C,0,0.5490872,0.10520677268505096,0.9655850529670715,0.8366222381591797
YGR254W,YMR215W,0,0.5485877,0.10519549995660782,0.9655850529670715,0.8367224335670471
YOL017W,YDR058C,0,0.5481779,0.10518423467874527,0.9655850529670715,0.8368225693702698
YOL149W,YMR292W,0,0.548036,0.10517296940088272,0.9655850529670715,0.8369227647781372
YER015W,YLR372W,0,0.5477158,0.10516170412302017,0.9655850529670715,0.8370229601860046
YMR072W,YLR056W,0,0.54680806,0.10515044629573822,0.9655850529670715,0.8371230959892273
YPR186C,YAR018C,0,0.54451334,0.10513918846845627,0.9655850529670715,0.8372232913970947
YNL001W,YML069W,0,0.5429232,0.10512793064117432,0.9655850529670715,0.8373234272003174
YDR216W,YPR151C,0,0.542451,0.10511668026447296,0.9655850529670715,0.8374236226081848
YOL129W,YCR075C,1,0.54243946,0.10521245747804642,0.9665683507919312,0.8374236226081848
YCR042C,YBR012W-A,0,0.54239464,0.10520119965076447,0.9665683507919312,0.8375238180160522
YNL322C,YNL021W,0,0.54198235,0.10518994182348251,0.9665683507919312,0.8376239538192749
YBL050W,YPL038W,0,0.54193,0.10517868399620056,0.9665683507919312,0.8377241492271423
YER015W,YLR414C,0,0.5404642,0.1051674336194992,0.9665683507919312,0.837824285030365
YBR092C,YLR446W,0,0.5403105,0.10515618324279785,0.9665683507919312,0.8379244804382324
YGL116W,YER035W,0,0.5396432,0.1051449328660965,0.9665683507919312,0.8380246162414551
YOR202W,YIR026C,0,0.53897256,0.10513368993997574,0.9665683507919312,0.8381248116493225
YCL066W,YDR020C,0,0.5388415,0.10512244701385498,0.9665683507919312,0.8382250070571899
YDR194C,YPL003W,0,0.5383987,0.10511120408773422,0.9665683507919312,0.8383251428604126
YLR430W,YOR306C,0,0.5383347,0.10509996861219406,0.9665683507919312,0.83842533826828
YMR060C,YKL081W,0,0.53802544,0.1050887331366539,0.9665683507919312,0.8385254740715027
YLR333C,YFL022C,0,0.53788924,0.10507749766111374,0.9665683507919312,0.8386256694793701
YKL040C,YPL275W,0,0.53769785,0.10506626963615417,0.9665683507919312,0.8387258052825928
YLR327C,YDR123C,0,0.53664106,0.10505504161119461,0.9665683507919312,0.8388260006904602
YHL035C,YBL072C,0,0.53518623,0.10504381358623505,0.9665683507919312,0.8389261960983276
YCR045C,YDL156W,0,0.534912,0.10503258556127548,0.9665683507919312,0.8390263319015503
YPL192C,YHR039C,0,0.5336322,0.10502136498689651,0.9665683507919312,0.8391265273094177
YLR345W,YMR001C,0,0.5333746,0.10501015186309814,0.9665683507919312,0.8392266631126404
YER161C,YCR027C,0,0.5322907,0.10499893128871918,0.9665683507919312,0.8393268585205078
YPL111W,YEL055C,0,0.53218704,0.1049877181649208,0.9665683507919312,0.8394270539283752
YGR048W,YJL208C,0,0.5303593,0.10497650504112244,0.9665683507919312,0.8395271897315979
YMR312W,YOR092W,0,0.5300788,0.10496529936790466,0.9665683507919312,0.8396273851394653
YBR153W,YPL088W,0,0.52991337,0.10495408624410629,0.9665683507919312,0.839727520942688
YHR115C,YFL002W-A,0,0.5297953,0.10494288802146912,0.9665683507919312,0.8398277163505554
YNL093W,YGL051W,1,0.52955973,0.10503842681646347,0.9675516486167908,0.8398277163505554
YLR093C,YBR088C,0,0.5294431,0.1050272211432457,0.9675516486167908,0.8399278521537781
YPL256C,YDR126W,0,0.52809995,0.10501600801944733,0.9675516486167908,0.8400280475616455
YJL125C,YIR002C,0,0.52800465,0.10500480234622955,0.9675516486167908,0.8401282429695129
YHR152W,YER142C,0,0.52774084,0.10499359667301178,0.9675516486167908,0.8402283787727356
YIL098C,YGR086C,0,0.52664137,0.1049823984503746,0.9675516486167908,0.840328574180603
YMR306W,YPL135W,0,0.526593,0.10497120022773743,0.9675516486167908,0.8404287099838257
YGR108W,YER021W,0,0.5265791,0.10496000200510025,0.9675516486167908,0.8405289053916931
YJR105W,YER018C,0,0.52638245,0.10494880378246307,0.9675516486167908,0.8406290411949158
YDR407C,YIL110W,0,0.52633023,0.1049376130104065,0.9675516486167908,0.8407292366027832
YML045W,YOL018C,0,0.5262859,0.10492642223834991,0.9675516486167908,0.8408294320106506
YDR420W,YMR215W,0,0.5261067,0.10491523891687393,0.9675516486167908,0.8409295678138733
YHR102W,YCL068C,0,0.52602994,0.10490404814481735,0.9675516486167908,0.8410297632217407
YLR276C,YLR090W,0,0.52567196,0.10489287227392197,0.9675516486167908,0.8411298990249634
YDR500C,YAL043C,0,0.5249581,0.10488168895244598,0.9675516486167908,0.8412300944328308
YLR037C,YPL153C,0,0.5249517,0.1048705130815506,0.9675516486167908,0.8413302898406982
YCR020W-B,YOL002C,0,0.52426165,0.10485933721065521,0.9675516486167908,0.8414304256439209
YIL167W,YAL061W,0,0.5240183,0.10484816133975983,0.9675516486167908,0.8415306210517883
YMR204C,YOR381W,0,0.5237704,0.10483699291944504,0.9675516486167908,0.841630756855011
YGL021W,YJL033W,0,0.5236606,0.10482582449913025,0.9675516486167908,0.8417309522628784
YMR280C,YDR432W,0,0.5230804,0.10481465607881546,0.9675516486167908,0.8418310880661011
YDR074W,YPR021C,0,0.52246666,0.10480349510908127,0.9675516486167908,0.8419312834739685
YOR373W,YDR515W,0,0.52151054,0.10479233413934708,0.9675516486167908,0.8420314788818359
YGR223C,YKL029C,0,0.52057534,0.10478117316961288,0.9675516486167908,0.8421316146850586
YDR198C,YHR088W,0,0.52044845,0.10477001965045929,0.9675516486167908,0.842231810092926
YEL054C,YDL119C,0,0.5203973,0.1047588661313057,0.9675516486167908,0.8423319458961487
YGL131C,YPL155C,0,0.52038264,0.1047477126121521,0.9675516486167908,0.8424321413040161
YDL181W,YML063W,0,0.5193267,0.1047365590929985,0.9675516486167908,0.8425322771072388
YBL080C,YPR032W,0,0.51855576,0.1047254130244255,0.9675516486167908,0.8426324725151062
YKL198C,YJR135C,0,0.5185283,0.10471426695585251,0.9675516486167908,0.8427326679229736
YLR265C,YIL090W,0,0.51815623,0.10470312833786011,0.9675516486167908,0.8428328037261963
YCL066W,YDR297W,0,0.5179616,0.1046919897198677,0.9675516486167908,0.8429329991340637
YCR083W,YDR111C,0,0.51764625,0.1046808511018753,0.9675516486167908,0.8430331349372864
YGL031C,YDR503C,0,0.51541716,0.1046697124838829,0.9675516486167908,0.8431333303451538
YNL247W,YFR040W,0,0.5149076,0.1046585813164711,0.9675516486167908,0.8432335257530212
YFL002W-A,YLR352W,0,0.5144074,0.1046474501490593,0.9675516486167908,0.8433336615562439
YGR283C,YDR343C,0,0.5143881,0.10463632643222809,0.9675516486167908,0.8434338569641113
YPL254W,YIR031C,0,0.51430124,0.10462520271539688,0.9675516486167908,0.843533992767334
YGL092W,YDL181W,0,0.51372904,0.10461407899856567,0.9675516486167908,0.8436341881752014
YHR106W,YGR087C,0,0.5137068,0.10460295528173447,0.9675516486167908,0.8437343239784241
YKR081C,YDL226C,0,0.51369315,0.10459183901548386,0.9675516486167908,0.8438345193862915
YGL049C,YER061C,0,0.5133701,0.10458072274923325,0.9675516486167908,0.8439347147941589
YMR159C,YPL249C,1,0.5130106,0.10467587411403656,0.9685348868370056,0.8439347147941589
YGL120C,YPL040C,0,0.51275074,0.10466475039720535,0.9685348868370056,0.8440348505973816
YNL254C,YCR010C,0,0.51124126,0.10465363413095474,0.9685348868370056,0.844135046005249
YLR157C-B,YOR257W,0,0.50787693,0.10464251786470413,0.9685348868370056,0.8442351818084717
YMR006C,YMR023C,0,0.50769085,0.10463140159845352,0.9685348868370056,0.8443353772163391
YFL029C,YKR081C,0,0.5075656,0.10462028533220291,0.9685348868370056,0.8444355130195618
YHR009C,YGL191W,0,0.50729066,0.1046091765165329,0.9685348868370056,0.8445357084274292
YGR027W-B,YOL130W,0,0.5065084,0.10459806770086288,0.9685348868370056,0.8446359038352966
YHR134W,YBR283C,0,0.5056074,0.10458695888519287,0.9685348868370056,0.8447360396385193
YDL114W,YOL055C,0,0.50548154,0.10457585752010345,0.9685348868370056,0.8448362350463867
YPL026C,YGR059W,0,0.5049445,0.10456475615501404,0.9685348868370056,0.8449363708496094
YDL174C,YDL188C,0,0.5047971,0.10455365478992462,0.9685348868370056,0.8450365662574768
YHR032W,YPL117C,0,0.5041083,0.1045425608754158,0.9685348868370056,0.8451367616653442
YDR170C,YML037C,1,0.50400966,0.10463758558034897,0.9695181846618652,0.8451367616653442
YCR091W,YNL021W,0,0.50394845,0.10462648421525955,0.9695181846618652,0.8452368974685669
YDR120C,YDR231C,0,0.5035002,0.10461538285017014,0.9695181846618652,0.8453370928764343
YJR068W,YJR152W,0,0.50317657,0.10460428893566132,0.9695181846618652,0.845437228679657
YMR009W,YJL189W,0,0.5029124,0.1045931875705719,0.9695181846618652,0.8455374240875244
YHL033C,YBR126C,0,0.50291187,0.10458209365606308,0.9695181846618652,0.8456375598907471
YNL245C,YHR196W,0,0.5026283,0.10457100719213486,0.9695181846618652,0.8457377552986145
YGL006W,YDR447C,0,0.5023491,0.10455991327762604,0.9695181846618652,0.8458379507064819
YJL045W,YER120W,0,0.5019256,0.10454882681369781,0.9695181846618652,0.8459380865097046
YKR086W,YNL023C,0,0.50178665,0.10453774034976959,0.9695181846618652,0.846038281917572
YIL090W,YIL066C,0,0.5017384,0.10452666133642197,0.9695181846618652,0.8461384177207947
YDR452W,YGR271C-A,0,0.50074416,0.10451558232307434,0.9695181846618652,0.8462386131286621
YLL009C,YML066C,0,0.5006805,0.10450450330972672,0.9695181846618652,0.8463387489318848
YOR245C,YPL040C,0,0.5005637,0.10449343174695969,0.9695181846618652,0.8464389443397522
YHR138C,YDR446W,0,0.5000968,0.10448236018419266,0.9695181846618652,0.8465391397476196
YDR358W,YHR188C,0,0.49954,0.10447128862142563,0.9695181846618652,0.8466392755508423
YGR181W,YOR167C,0,0.49903592,0.1044602170586586,0.9695181846618652,0.8467394709587097
YOL144W,YKR030W,0,0.49814367,0.10444915294647217,0.9695181846618652,0.8468396067619324
YMR042W,YMR035W,0,0.49802405,0.10443808883428574,0.9695181846618652,0.8469398021697998
YGR215W,YDR280W,0,0.49798647,0.1044270247220993,0.9695181846618652,0.8470399975776672
YNL233W,YBR015C,0,0.4979815,0.10441596806049347,0.9695181846618652,0.8471401333808899
YLR414C,YJL101C,0,0.49730536,0.10440491139888763,0.9695181846618652,0.8472403287887573
YGR058W,YLR221C,0,0.49710822,0.1043938621878624,0.9695181846618652,0.84734046459198
YNL115C,YHR215W,0,0.49675357,0.10438280552625656,0.9695181846618652,0.8474406599998474
YEL009C,YER131W,0,0.4964208,0.10437175631523132,0.9695181846618652,0.8475407958030701
YKL086W,YDR201W,0,0.49636143,0.10436071455478668,0.9695181846618652,0.8476409912109375
YLR004C,YBR211C,0,0.49619082,0.10434966534376144,0.9695181846618652,0.8477411866188049
YCR008W,YDR399W,0,0.4958469,0.1043386235833168,0.9695181846618652,0.8478413224220276
YLR189C,YJR150C,0,0.49562502,0.10432758182287216,0.9695181846618652,0.847941517829895
YPR018W,YNR063W,0,0.49469596,0.10431654751300812,0.9695181846618652,0.8480416536331177
YLR074C,YJR060W,0,0.49447644,0.10430551320314407,0.9695181846618652,0.8481418490409851
YMR080C,YOR375C,0,0.4928948,0.10429447889328003,0.9695181846618652,0.8482419848442078
YGL003C,YKL088W,0,0.49277613,0.10428344458341599,0.9695181846618652,0.8483421802520752
YDR380W,YLR150W,0,0.49234587,0.10427241772413254,0.9695181846618652,0.8484423756599426
YDR347W,YLR135W,0,0.49219215,0.10426139086484909,0.9695181846618652,0.8485425114631653
YDR450W,YBR253W,0,0.49196154,0.10425037145614624,0.9695181846618652,0.8486427068710327
YPL192C,YJR096W,0,0.49173898,0.10423935204744339,0.9695181846618652,0.8487428426742554
YPL187W,YBL013W,0,0.49169594,0.10422833263874054,0.9695181846618652,0.8488430380821228
YJL109C,YER040W,0,0.49144986,0.10421731323003769,0.9695181846618652,0.8489431738853455
YFR025C,YPR145W,0,0.4911034,0.10420630127191544,0.9695181846618652,0.8490433692932129
YEL005C,YHL038C,0,0.4910297,0.10419528931379318,0.9695181846618652,0.8491435647010803
YDR540C,YGR044C,0,0.49056023,0.10418427735567093,0.9695181846618652,0.849243700504303
YNL197C,YNL068C,0,0.49005705,0.10417327284812927,0.9695181846618652,0.8493438959121704
YDR386W,YPL106C,0,0.48972327,0.10416226834058762,0.9695181846618652,0.8494440317153931
YMR081C,YIL090W,0,0.48971018,0.10415126383304596,0.9695181846618652,0.8495442271232605
YIL160C,YGL227W,0,0.4897086,0.1041402593255043,0.9695181846618652,0.8496444225311279
YFL052W,YLR007W,0,0.48944834,0.10412926226854324,0.9695181846618652,0.8497445583343506
YDR450W,YJR126C,0,0.48850274,0.10411826521158218,0.9695181846618652,0.849844753742218
YKR059W,YLR373C,0,0.48815072,0.10410727560520172,0.9695181846618652,0.8499448895454407
YPL023C,YNR016C,0,0.48795265,0.10409628599882126,0.9695181846618652,0.8500450849533081
YIR013C,YLR193C,0,0.48769778,0.1040852963924408,0.9695181846618652,0.8501452207565308
YLR035C-A,YHR009C,0,0.48748052,0.10407430678606033,0.9695181846618652,0.8502454161643982
YLR115W,YHR136C,0,0.4869432,0.10406332463026047,0.9695181846618652,0.8503456115722656
YDR488C,YJL104W,0,0.4859485,0.1040523424744606,0.9695181846618652,0.8504457473754883
YDR116C,YIL131C,0,0.48538855,0.10404136031866074,0.9695181846618652,0.8505459427833557
YKL212W,YJL177W,0,0.48534113,0.10403038561344147,0.9695181846618652,0.8506460785865784
YNL323W,YPL049C,0,0.48527277,0.1040194109082222,0.9695181846618652,0.8507462739944458
YKL033W,YDR446W,0,0.4844953,0.10400843620300293,0.9695181846618652,0.8508464097976685
YER025W,YNL081C,0,0.48449233,0.10399746894836426,0.9695181846618652,0.8509466052055359
YOL116W,YCR024C-A,0,0.48402968,0.10398650169372559,0.9695181846618652,0.8510468006134033
YAR010C,YKL042W,0,0.48394322,0.10397553443908691,0.9695181846618652,0.851146936416626
YPR031W,YDR017C,0,0.48391467,0.10396457463502884,0.9695181846618652,0.8512471318244934
YOR116C,YDR402C,0,0.48366374,0.10395360738039017,0.9695181846618652,0.8513472676277161
YMR094W,YLR019W,0,0.48336488,0.10394265502691269,0.9695181846618652,0.8514474630355835
YNL046W,YJL012C,0,0.4829199,0.10393169522285461,0.9695181846618652,0.8515476584434509
YGL147C,YMR127C,0,0.48190004,0.10392074286937714,0.9695181846618652,0.8516477942466736
YPR112C,YDR534C,0,0.48129624,0.10390979051589966,0.9695181846618652,0.851747989654541
YBR084C-A,YML121W,0,0.48097834,0.10389883816242218,0.9695181846618652,0.8518481254577637
YBL017C,YNL308C,0,0.4806193,0.1038878932595253,0.9695181846618652,0.8519483208656311
YJL109C,YPR140W,0,0.48027244,0.10387694835662842,0.9695181846618652,0.8520484566688538
YNL176C,YLR318W,0,0.48006245,0.10386600345373154,0.9695181846618652,0.8521486520767212
YGL096W,YIL064W,0,0.479905,0.10385506600141525,0.9695181846618652,0.8522488474845886
YGL123W,YHR124W,0,0.4790552,0.10384412854909897,0.9695181846618652,0.8523489832878113
YJR046W,YKL006C-A,0,0.47888932,0.10383319109678268,0.9695181846618652,0.8524491786956787
YGL245W,YDL049C,0,0.47872964,0.103822261095047,0.9695181846618652,0.8525493144989014
YPL192C,YOR273C,0,0.47760087,0.10381133109331131,0.9695181846618652,0.8526495099067688
YIL124W,YCR047C,0,0.47757566,0.10380040109157562,0.9695181846618652,0.8527496457099915
YDR280W,YKL116C,0,0.47599542,0.10378947108983994,0.9695181846618652,0.8528498411178589
YJR129C,YKL109W,0,0.47538772,0.10377854853868484,0.9695181846618652,0.8529500365257263
YLR223C,YDR117C,0,0.47506222,0.10376762598752975,0.9695181846618652,0.853050172328949
YLR073C,YKR014C,1,0.47505158,0.10386193543672562,0.9705014824867249,0.853050172328949
YGR038C-A,YGR038C-B,0,0.4732941,0.10385101288557053,0.9705014824867249,0.8531503677368164
YHR203C,YDL165W,0,0.47318506,0.10384008288383484,0.9705014824867249,0.8532505035400391
YDR016C,YJL028W,0,0.47263122,0.10382916033267975,0.9705014824867249,0.8533506989479065
YHL020C,YML063W,0,0.4725909,0.10381823778152466,0.9705014824867249,0.8534508943557739
YKL173W,YPL121C,0,0.47204983,0.10380732268095016,0.9705014824867249,0.8535510301589966
YBR021W,YGL054C,0,0.4719978,0.10379640012979507,0.9705014824867249,0.853651225566864
YGR184C,YOL156W,0,0.471967,0.10378549247980118,0.9705014824867249,0.8537513613700867
YHR014W,YPL249C,0,0.470588,0.10377457737922668,0.9705014824867249,0.8538515567779541
YOL117W,YNL005C,0,0.470124,0.10376366972923279,0.9705014824867249,0.8539516925811768
YAL055W,YKR058W,0,0.46993798,0.10375276207923889,0.9705014824867249,0.8540518879890442
YLR430W,YLR201C,0,0.46794,0.103741854429245,0.9705014824867249,0.8541520833969116
YKL056C,YER167W,0,0.46737087,0.1037309542298317,0.9705014824867249,0.8542522192001343
YDR247W,YNL186W,0,0.46716762,0.1037200540304184,0.9705014824867249,0.8543524146080017
YMR233W,YEL003W,0,0.46694267,0.1037091538310051,0.9705014824867249,0.8544525504112244
YLR035C-A,YKR080W,0,0.466789,0.1036982536315918,0.9705014824867249,0.8545527458190918
YLR189C,YDR342C,0,0.46606445,0.1036873608827591,0.9705014824867249,0.8546528816223145
YNL242W,YER069W,0,0.46589166,0.10367646813392639,0.9705014824867249,0.8547530770301819
YGR078C,YGL128C,0,0.46498102,0.10366558283567429,0.9705014824867249,0.8548532724380493
YOR016C,YOR119C,0,0.46365488,0.10365469753742218,0.9705014824867249,0.854953408241272
YOR369C,YBR060C,0,0.46337652,0.10364381223917007,0.9705014824867249,0.8550536036491394
YPL281C,YMR225C,0,0.46274033,0.10363292694091797,0.9705014824867249,0.8551537394523621
YIR023W,YBL054W,0,0.46177113,0.10362204909324646,0.9705014824867249,0.8552539348602295
YPL100W,YLR411W,1,0.46169415,0.10371614247560501,0.9714847803115845,0.8552539348602295
YDR293C,YOR386W,0,0.46164784,0.1037052571773529,0.9714847803115845,0.8553541302680969
YFL031W,YIL078W,0,0.46082658,0.1036943718791008,0.9714847803115845,0.8554542660713196
YHL036W,YOR058C,0,0.4607293,0.10368349403142929,0.9714847803115845,0.855554461479187
YNL169C,YPL283C,0,0.46030352,0.10367261618375778,0.9714847803115845,0.8556545972824097
YBR009C,YKL055C,0,0.46011403,0.10366173833608627,0.9714847803115845,0.8557547926902771
YOR027W,YPL060C-A,0,0.45994246,0.10365086048841476,0.9714847803115845,0.8558549284934998
YKR009C,YJL010C,0,0.45980048,0.10363999009132385,0.9714847803115845,0.8559551239013672
YDL093W,YOR211C,0,0.45922333,0.10362911969423294,0.9714847803115845,0.8560553193092346
YML070W,YOR386W,0,0.45901003,0.10361824929714203,0.9714847803115845,0.8561554551124573
YDR384C,YML095C,0,0.45692676,0.10360737890005112,0.9714847803115845,0.8562556505203247
YGL249W,YJR132W,0,0.45652202,0.1035965159535408,0.9714847803115845,0.8563557863235474
YIL026C,YFR005C,0,0.45640206,0.10358566045761108,0.9714847803115845,0.8564559817314148
YGR071C,YER140W,0,0.45595214,0.10357479751110077,0.9714847803115845,0.8565561175346375
YNL241C,YEL003W,0,0.45587832,0.10356394201517105,0.9714847803115845,0.8566563129425049
YBR114W,YKL216W,0,0.45568383,0.10355308651924133,0.9714847803115845,0.8567565083503723
YGL078C,YOR306C,0,0.4553159,0.10354223102331161,0.9714847803115845,0.856856644153595
YLR327C,YEL059C-A,0,0.4552257,0.1035313829779625,0.9714847803115845,0.8569568395614624
YCR106W,YFR005C,0,0.455069,0.10352053493261337,0.9714847803115845,0.8570569753646851
YIL038C,YLR357W,0,0.45495266,0.10350969433784485,0.9714847803115845,0.8571571707725525
YFL011W,YGR217W,0,0.45480025,0.10349884629249573,0.9714847803115845,0.8572573661804199
YLR347C,YMR290C,0,0.45472616,0.1034880056977272,0.9714847803115845,0.8573575019836426
YGR283C,YFR055W,0,0.45458817,0.10347716510295868,0.9714847803115845,0.85745769739151
YDL087C,YMR011W,0,0.4537957,0.10346633195877075,0.9714847803115845,0.8575578331947327
YOR234C,YLR438C-A,0,0.45287746,0.10345549881458282,0.9714847803115845,0.8576580286026001
YMR271C,YBL050W,0,0.4527554,0.1034446656703949,0.9714847803115845,0.8577581644058228
YLR139C,YBL021C,0,0.4523912,0.10343383252620697,0.9714847803115845,0.8578583598136902
YIL160C,YLR007W,0,0.45054013,0.10342300683259964,0.9714847803115845,0.8579585552215576
YPL032C,YER118C,0,0.45044935,0.10341218113899231,0.9714847803115845,0.8580586910247803
YBR296C,YGL020C,0,0.4501941,0.10340136289596558,0.9714847803115845,0.8581588864326477
YML034W,YDL166C,0,0.4481733,0.10339053720235825,0.9714847803115845,0.8582590222358704
YJR161C,YNL111C,0,0.4480026,0.10337971895933151,0.9714847803115845,0.8583592176437378
YNL087W,YDR227W,0,0.4479664,0.10336890816688538,0.9714847803115845,0.8584593534469604
YNL173C,YKL148C,0,0.4471793,0.10335808992385864,0.9714847803115845,0.8585595488548279
YNL072W,YJR047C,0,0.4469782,0.1033472791314125,0.9714847803115845,0.8586597442626953
YOR190W,YHL028W,0,0.44675034,0.10333646833896637,0.9714847803115845,0.858759880065918
YOR260W,YLR446W,0,0.44644436,0.10332566499710083,0.9714847803115845,0.8588600754737854
YLR150W,YBL010C,0,0.44585288,0.10331486165523529,0.9714847803115845,0.8589602112770081
YLR356W,YMR056C,0,0.44536704,0.10330405831336975,0.9714847803115845,0.8590604066848755
YDR022C,YGL166W,0,0.4453465,0.10329325497150421,0.9714847803115845,0.8591606020927429
YOR335C,YGL195W,0,0.44489533,0.10328245908021927,0.9714847803115845,0.8592607378959656
YEL032W,YNL024C,0,0.44489405,0.10327166318893433,0.9714847803115845,0.859360933303833
YOR369C,YGR120C,0,0.4447998,0.10326086729764938,0.9714847803115845,0.8594610691070557
YDL079C,YBL039C,0,0.44460303,0.10325007885694504,0.9714847803115845,0.8595612645149231
YNL001W,YPL275W,0,0.44416848,0.10323929041624069,0.9714847803115845,0.8596614003181458
YGL070C,YJR159W,0,0.44403347,0.10322850197553635,0.9714847803115845,0.8597615957260132
YGR217W,YDR255C,0,0.44399288,0.1032177209854126,0.9714847803115845,0.8598617911338806
YDR188W,YBL075C,0,0.44376385,0.10320693254470825,0.9714847803115845,0.8599619269371033
YPL140C,YIL171W,0,0.44177866,0.1031961590051651,0.9714847803115845,0.8600621223449707
YML040W,YGL120C,0,0.43994105,0.10318537801504135,0.9714847803115845,0.8601622581481934
YJL051W,YOR143C,0,0.43979308,0.1031746044754982,0.9714847803115845,0.8602624535560608
YLR297W,YJL046W,0,0.4394791,0.10316383093595505,0.9714847803115845,0.8603625893592834
YLR333C,YGR086C,0,0.4393887,0.1031530573964119,0.9714847803115845,0.8604627847671509
YDL211C,YBR035C,0,0.43835682,0.10314229130744934,0.9714847803115845,0.8605629801750183
YBR097W,YMR171C,1,0.4371408,0.10323590785264969,0.9724680185317993,0.8605629801750183
YNL154C,YER131W,0,0.4358121,0.10322513431310654,0.9724680185317993,0.860663115978241
YLR249W,YIL113W,0,0.43501735,0.10321436077356339,0.9724680185317993,0.8607633113861084
YBR077C,YDR009W,0,0.4344454,0.10320358723402023,0.9724680185317993,0.860863447189331
YLR246W,YDR165W,0,0.4343084,0.10319282114505768,0.9724680185317993,0.8609636425971985
YNL218W,YHR020W,0,0.43340394,0.10318205505609512,0.9724680185317993,0.8610638380050659
YGR274C,YDL143W,0,0.43308514,0.10317128896713257,0.9724680185317993,0.8611639738082886
YNL128W,YOR049C,0,0.43307018,0.10316053032875061,0.9724680185317993,0.861264169216156
YDR478W,YNL009W,0,0.4326374,0.10314977169036865,0.9724680185317993,0.8613643050193787
YHR143W-A,YMR190C,0,0.43118942,0.1031390130519867,0.9724680185317993,0.8614645004272461
YDR435C,YBR191W,0,0.43053302,0.10312826186418533,0.9724680185317993,0.8615646362304688
YLR247C,YCR106W,0,0.4301954,0.10311750322580338,0.9724680185317993,0.8616648316383362
YHR139C,YBR083W,0,0.4293994,0.10310675203800201,0.9724680185317993,0.8617650270462036
YER176W,YBR215W,0,0.42842156,0.10309600830078125,0.9724680185317993,0.8618651628494263
YOR047C,YLR185W,0,0.42776513,0.10308526456356049,0.9724680185317993,0.8619653582572937
YDR005C,YBR034C,0,0.42775065,0.10307452082633972,0.9724680185317993,0.8620654940605164
YPR161C,YBL106C,0,0.42756104,0.10306377708911896,0.9724680185317993,0.8621656894683838
YBR210W,YBL037W,1,0.42718536,0.10315723717212677,0.9734513163566589,0.8621656894683838
YMR076C,YPL186C,0,0.4262448,0.10314648598432541,0.9734513163566589,0.8622658252716064
YPL255W,YJL168C,0,0.42591107,0.10313574224710464,0.9734513163566589,0.8623660206794739
YMR053C,YAL061W,0,0.4252947,0.10312499850988388,0.9734513163566589,0.8624662160873413
YDR540C,YCR089W,0,0.42464638,0.10311426222324371,0.9734513163566589,0.862566351890564
YKL089W,YKL048C,0,0.42446277,0.10310351848602295,0.9734513163566589,0.8626665472984314
YMR040W,YIL115C,0,0.42437366,0.10309278219938278,0.9734513163566589,0.862766683101654
YBR018C,YGR287C,0,0.42421663,0.10308204591274261,0.9734513163566589,0.8628668785095215
YMR221C,YMR243C,0,0.42400193,0.10307131707668304,0.9734513163566589,0.8629670143127441
YOL023W,YOR167C,0,0.4238255,0.10306058824062347,0.9734513163566589,0.8630672097206116
YBL080C,YLR056W,0,0.4224646,0.1030498594045639,0.9734513163566589,0.863167405128479
YDR316W,YHR023W,0,0.42246032,0.10303913056850433,0.9734513163566589,0.8632675409317017
YJL198W,YBR203W,0,0.42220753,0.10302840918302536,0.9734513163566589,0.8633677363395691
YHR011W,YAL030W,0,0.4210544,0.10301768779754639,0.9734513163566589,0.8634678721427917
YMR290C,YNL156C,0,0.42101616,0.10300697386264801,0.9734513163566589,0.8635680675506592
YOR245C,YNL024C,0,0.4209573,0.10299625247716904,0.9734513163566589,0.8636682629585266
YHR138C,YOL115W,0,0.42012712,0.10298553854227066,0.9734513163566589,0.8637683987617493
YER027C,YHL001W,0,0.42009443,0.10297483205795288,0.9734513163566589,0.8638685941696167
YEL026W,YDR323C,0,0.42002827,0.1029641181230545,0.9734513163566589,0.8639687299728394
YNL221C,YFR055W,0,0.41862494,0.10295341163873672,0.9734513163566589,0.8640689253807068
YJR097W,YMR263W,0,0.418598,0.10294270515441895,0.9734513163566589,0.8641690611839294
YDL141W,YBR045C,0,0.4176748,0.10293200612068176,0.9734513163566589,0.8642692565917969
YHR067W,YMR211W,0,0.417616,0.10292129963636398,0.9734513163566589,0.8643694519996643
YNL069C,YML110C,0,0.41760895,0.1029106006026268,0.9734513163566589,0.864469587802887
YGL089C,YAL035W,0,0.4161006,0.10289990901947021,0.9734513163566589,0.8645697832107544
YDR377W,YJL183W,0,0.41604137,0.10288920998573303,0.9734513163566589,0.864669919013977
YOR253W,YOR361C,0,0.41580796,0.10287851840257645,0.9734513163566589,0.8647701144218445
YGR205W,YIL091C,0,0.4151256,0.10286782681941986,0.9734513163566589,0.8648702502250671
YHR150W,YMR280C,0,0.41468436,0.10285714268684387,0.9734513163566589,0.8649704456329346
YOL084W,YJL122W,0,0.4137579,0.10284645855426788,0.9734513163566589,0.865070641040802
YPR143W,YML113W,0,0.41294354,0.1028357744216919,0.9734513163566589,0.8651707768440247
YBR009C,YMR130W,0,0.41293228,0.1028250902891159,0.9734513163566589,0.8652709722518921
YPL171C,YNL164C,0,0.41270804,0.10281441360712051,0.9734513163566589,0.8653711080551147
YOR047C,YCR083W,0,0.41227502,0.10280373692512512,0.9734513163566589,0.8654713034629822
YDR408C,YFL026W,0,0.4120971,0.10279306769371033,0.9734513163566589,0.8655714988708496
YGR098C,YPR120C,0,0.41093743,0.10278239101171494,0.9734513163566589,0.8656716346740723
YBR283C,YHR088W,0,0.41020036,0.10277172178030014,0.9734513163566589,0.8657718300819397
YDR298C,YDR111C,0,0.4100629,0.10276105254888535,0.9734513163566589,0.8658719658851624
YAL007C,YGL225W,1,0.40976825,0.1028541773557663,0.9744346141815186,0.8658719658851624
YLR070C,YOL013C,0,0.40903252,0.1028435006737709,0.9744346141815186,0.8659721612930298
YPL168W,YLR222C,0,0.4089048,0.10283283144235611,0.9744346141815186,0.8660722970962524
YPL192C,YNL289W,0,0.408693,0.10282216221094131,0.9744346141815186,0.8661724925041199
YPR003C,YOR096W,0,0.40868092,0.10281149297952652,0.9744346141815186,0.8662726879119873
YGR058W,YKR086W,0,0.40854892,0.10280083119869232,0.9744346141815186,0.86637282371521
YMR323W,YJL089W,0,0.40816158,0.10279016941785812,0.9744346141815186,0.8664730191230774
YER127W,YPL249C,0,0.4065187,0.10277950763702393,0.9744346141815186,0.8665731549263
YBR040W,YPL186C,0,0.4063692,0.10276884585618973,0.9744346141815186,0.8666733503341675
YHL040C,YLR411W,1,0.40628737,0.10286188125610352,0.9754179120063782,0.8666733503341675
YGL070C,YDR096W,0,0.40512618,0.10285121947526932,0.9754179120063782,0.8667734861373901
YMR199W,YOR117W,0,0.404903,0.10284055769443512,0.9754179120063782,0.8668736815452576
YDL075W,YDL120W,0,0.4038994,0.10282989591360092,0.9754179120063782,0.866973876953125
YDR339C,YHL021C,0,0.4033894,0.10281923413276672,0.9754179120063782,0.8670740127563477
YDR143C,YPL249C-A,0,0.40230083,0.10280857980251312,0.9754179120063782,0.8671742081642151
YIL052C,YNL166C,0,0.40206337,0.10279792547225952,0.9754179120063782,0.8672743439674377
YKL049C,YOR344C,0,0.40098548,0.10278727859258652,0.9754179120063782,0.8673745393753052
YOL060C,YHL013C,0,0.40091455,0.10277662426233292,0.9754179120063782,0.8674747347831726
YKL179C,YDR485C,0,0.4007453,0.10276597738265991,0.9754179120063782,0.8675748705863953
YMR050C,YKL213C,0,0.39994815,0.1027553379535675,0.9754179120063782,0.8676750659942627
YGL121C,YLR225C,0,0.3995226,0.1027446910738945,0.9754179120063782,0.8677752017974854
YKR078W,YDL214C,0,0.39924812,0.1027340516448021,0.9754179120063782,0.8678753972053528
YGL211W,YGR013W,0,0.399019,0.10272341221570969,0.9754179120063782,0.8679755330085754
YGR283C,YGR154C,0,0.39875916,0.10271278023719788,0.9754179120063782,0.8680757284164429
YBR048W,YFL022C,0,0.39866993,0.10270214080810547,0.9754179120063782,0.8681759238243103
YNL132W,YML121W,0,0.39829123,0.10269150882959366,0.9754179120063782,0.868276059627533
YHL008C,YDL209C,0,0.39825907,0.10268088430166245,0.9754179120063782,0.8683762550354004
YOR255W,YKL183W,0,0.3968621,0.10267025232315063,0.9754179120063782,0.868476390838623
YHR216W,YNL021W,0,0.3962994,0.10265962779521942,0.9754179120063782,0.8685765862464905
YHR152W,YHR013C,0,0.395922,0.10264900326728821,0.9754179120063782,0.8686767220497131
YMR306W,YNR016C,0,0.39493167,0.10263838618993759,0.9754179120063782,0.8687769174575806
YGR024C,YBR268W,0,0.39475292,0.10262776911258698,0.9754179120063782,0.868877112865448
YDL229W,YCR098C,0,0.39434814,0.10261715203523636,0.9754179120063782,0.8689772486686707
YNL149C,YAL035W,0,0.39432007,0.10260653495788574,0.9754179120063782,0.8690774440765381
YDL005C,YLR190W,0,0.39428827,0.10259592533111572,0.9754179120063782,0.8691775798797607
YPL130W,YGR029W,0,0.39396292,0.1025853157043457,0.9754179120063782,0.8692777752876282
YPR096C,YJR064W,0,0.39334852,0.10257470607757568,0.9754179120063782,0.8693779706954956
YGR280C,YLR067C,0,0.39331836,0.10256410390138626,0.9754179120063782,0.8694781064987183
YHL032C,YBR175W,0,0.39303628,0.10255350172519684,0.9754179120063782,0.8695783019065857
YJL212C,YGL099W,0,0.39254695,0.10254289954900742,0.9754179120063782,0.8696784377098083
YGR091W,YHR148W,0,0.3924687,0.102532297372818,0.9754179120063782,0.8697786331176758
YOR083W,YGR135W,0,0.39225346,0.10252170264720917,0.9754179120063782,0.8698787689208984
YHR089C,YHL019C,0,0.39174962,0.10251110792160034,0.9754179120063782,0.8699789643287659
YCR077C,YKR075C,0,0.39005208,0.10250051319599152,0.9754179120063782,0.8700791597366333
YMR131C,YLR238W,0,0.38989675,0.10248992592096329,0.9754179120063782,0.870179295539856
YFL050C,YKL107W,0,0.38958693,0.10247933864593506,0.9754179120063782,0.8702794909477234
YCR034W,YML102W,0,0.38957235,0.10246875137090683,0.9754179120063782,0.870379626750946
YMR175W,YMR291W,0,0.38943514,0.1024581715464592,0.9754179120063782,0.8704798221588135
YLR157C-B,YMR197C,0,0.38910663,0.10244759172201157,0.9754179120063782,0.8705799579620361
YJL157C,YBR060C,0,0.3882758,0.10243701189756393,0.9754179120063782,0.8706801533699036
YDR202C,YKL143W,1,0.38768107,0.10252968221902847,0.976401150226593,0.8706801533699036
YPL021W,YIL023C,0,0.38767964,0.10251910239458084,0.976401150226593,0.870780348777771
YDR422C,YHR210C,0,0.3873134,0.10250851511955261,0.976401150226593,0.8708804845809937
YHR176W,YJL012C,0,0.38614616,0.10249793529510498,0.976401150226593,0.8709806799888611
YNL071W,YML101C,0,0.38554454,0.10248735547065735,0.976401150226593,0.8710808157920837
YOR214C,YER061C,0,0.38536656,0.10247678309679031,0.976401150226593,0.8711810111999512
YDR020C,YBR056W,0,0.38414788,0.10246620327234268,0.976401150226593,0.8712812066078186
YML018C,YMR079W,0,0.38409096,0.10245563089847565,0.976401150226593,0.8713813424110413
YJL207C,YKL220C,0,0.38374704,0.10244506597518921,0.976401150226593,0.8714815378189087
YDR424C,YHR120W,0,0.38334325,0.10243449360132217,0.976401150226593,0.8715816736221313
YFR034C,YJR056C,0,0.38327104,0.10242392867803574,0.976401150226593,0.8716818690299988
YOL132W,YDR325W,0,0.38318753,0.1024133637547493,0.976401150226593,0.8717820048332214
YBR166C,YDL184C,0,0.3826325,0.10240280628204346,0.976401150226593,0.8718822002410889
YCR091W,YJL096W,0,0.38165626,0.10239224880933762,0.976401150226593,0.8719823956489563
YIL048W,YDR069C,1,0.3808594,0.102484792470932,0.9773844480514526,0.8719823956489563
YHR079C-A,YEL004W,0,0.3792215,0.10247422754764557,0.9773844480514526,0.872082531452179
YNL014W,YHR143W,0,0.37911204,0.10246366262435913,0.9773844480514526,0.8721827268600464
YBR034C,YFR003C,0,0.37909663,0.10245310515165329,0.9773844480514526,0.872282862663269
YGL206C,YKL042W,0,0.37906173,0.10244254022836685,0.9773844480514526,0.8723830580711365
YMR271C,YKL154W,0,0.37788305,0.10243199020624161,0.9773844480514526,0.8724831938743591
YDL130W-A,YGL211W,0,0.37767577,0.10242143273353577,0.9773844480514526,0.8725833892822266
YGL040C,YNR040W,0,0.37719187,0.10241088271141052,0.9773844480514526,0.872683584690094
YKR025W,YPL003W,0,0.37122026,0.10240033268928528,0.9773844480514526,0.8727837204933167
YJL123C,YOL041C,0,0.37087983,0.10238978266716003,0.9773844480514526,0.8728839159011841
YBR060C,YPL157W,0,0.37029392,0.10237923264503479,0.9773844480514526,0.8729840517044067
YDR314C,YDR255C,0,0.3701986,0.10236869007349014,0.9773844480514526,0.8730842471122742
YNL305C,YPL076W,0,0.36923748,0.1023581475019455,0.9773844480514526,0.8731844425201416
YNL075W,YKR030W,0,0.36912,0.10234761238098145,0.9773844480514526,0.8732845783233643
YNL124W,YCR018C,0,0.36908594,0.1023370772600174,0.9773844480514526,0.8733847737312317
YGL116W,YOR211C,0,0.3685338,0.10232654213905334,0.9773844480514526,0.8734849095344543
YER051W,YLR413W,0,0.3676915,0.1023160070180893,0.9773844480514526,0.8735851049423218
YLR074C,YCR038C,0,0.36696145,0.10230547189712524,0.9773844480514526,0.8736852407455444
YHR079C-A,YKL143W,0,0.3664972,0.10229494422674179,0.9773844480514526,0.8737854361534119
YOR361C,YLR246W,0,0.36594957,0.10228442400693893,0.9773844480514526,0.8738856315612793
YHR169W,YJR109C,0,0.36586648,0.10227389633655548,0.9773844480514526,0.873985767364502
YBR114W,YER044C,0,0.36487767,0.10226337611675262,0.9773844480514526,0.8740859627723694
YJL181W,YHR160C,0,0.3634267,0.10225285589694977,0.9773844480514526,0.874186098575592
YNR073C,YOR339C,0,0.36278754,0.10224233567714691,0.9773844480514526,0.8742862939834595
YNL096C,YER032W,0,0.36205277,0.10223182290792465,0.9773844480514526,0.8743864297866821
YBR201W,YML066C,0,0.36140904,0.10222131013870239,0.9773844480514526,0.8744866251945496
YBR034C,YPL046C,0,0.36137483,0.10221079736948013,0.9773844480514526,0.874586820602417
YHR031C,YMR242C,0,0.36136824,0.10220028460025787,0.9773844480514526,0.8746869564056396
YLL036C,YHL047C,0,0.3613335,0.10218977928161621,0.9773844480514526,0.8747871518135071
YLR258W,YFL025C,0,0.3603064,0.10217927396297455,0.9773844480514526,0.8748872876167297
YOR328W,YHR169W,0,0.3595578,0.10216877609491348,0.9773844480514526,0.8749874830245972
YCR028C,YPL037C,0,0.35948247,0.10215827077627182,0.9773844480514526,0.8750876784324646
YMR205C,YMR017W,0,0.35849217,0.10214777290821075,0.9773844480514526,0.8751878142356873
YBR251W,YML074C,0,0.3583145,0.10213728249073029,0.9773844480514526,0.8752880096435547
YDR028C,YDR021W,0,0.3582343,0.10212678462266922,0.9773844480514526,0.8753881454467773
YBL042C,YKL139W,0,0.3579455,0.10211629420518875,0.9773844480514526,0.8754883408546448
YGL166W,YJR099W,0,0.35753524,0.10210580378770828,0.9773844480514526,0.8755884766578674
YKL179C,YLR357W,0,0.3568789,0.10209531337022781,0.9773844480514526,0.8756886720657349
YGL160W,YOR101W,0,0.35628226,0.10208483040332794,0.9773844480514526,0.8757888674736023
YBR240C,YOR208W,0,0.3556981,0.10207434743642807,0.9773844480514526,0.875889003276825
YLR022C,YJL183W,0,0.35546052,0.1020638644695282,0.9773844480514526,0.8759891986846924
YPR031W,YBR175W,0,0.3551621,0.10205338895320892,0.9773844480514526,0.876089334487915
YGR082W,YNR033W,0,0.35509264,0.10204291343688965,0.9773844480514526,0.8761895298957825
YLR427W,YBR267W,0,0.35502306,0.10203243792057037,0.9773844480514526,0.8762896656990051
YGL129C,YMR305C,0,0.35451126,0.1020219624042511,0.9773844480514526,0.8763898611068726
YNL014W,YNL065W,0,0.35366374,0.10201149433851242,0.9773844480514526,0.87649005651474
YBR267W,YDR084C,0,0.35357678,0.10200102627277374,0.9773844480514526,0.8765901923179626
YFL003C,YOR363C,0,0.35346794,0.10199055820703506,0.9773844480514526,0.8766903877258301
YNR012W,YBR097W,0,0.353465,0.10198009759187698,0.9773844480514526,0.8767905235290527
YKL055C,YJL025W,0,0.35323662,0.1019696369767189,0.9773844480514526,0.8768907189369202
YBR204C,YBL009W,0,0.35314786,0.10195917636156082,0.9773844480514526,0.8769908547401428
YPL159C,YBR154C,0,0.35310107,0.10194871574640274,0.9773844480514526,0.8770910501480103
YGR224W,YBR055C,0,0.35166088,0.10193826258182526,0.9773844480514526,0.8771912455558777
YKL100C,YLR406C,0,0.35159492,0.10192780941724777,0.9773844480514526,0.8772913813591003
YBL084C,YIL016W,0,0.35113683,0.10191735625267029,0.9773844480514526,0.8773915767669678
YBR186W,YGL127C,0,0.35082692,0.1019069105386734,0.9773844480514526,0.8774917125701904
YGR286C,YJL106W,0,0.35077244,0.10189646482467651,0.9773844480514526,0.8775919079780579
YBL088C,YML063W,0,0.3502031,0.10188601911067963,0.9773844480514526,0.8776921033859253
YOR346W,YHR028C,0,0.3486728,0.10187557339668274,0.9773844480514526,0.877792239189148
YBR296C,YLR318W,0,0.34808016,0.10186513513326645,0.9773844480514526,0.8778924345970154
YER126C,YDL155W,0,0.34802118,0.10185469686985016,0.9773844480514526,0.877992570400238
YNL250W,YHL013C,0,0.34787723,0.10184425860643387,0.9773844480514526,0.8780927658081055
YGL124C,YLR056W,0,0.3476621,0.10183382779359818,0.9773844480514526,0.8781929016113281
YKL129C,YPL038W,0,0.34744197,0.10182339698076248,0.9773844480514526,0.8782930970191956
YBL004W,YDR234W,0,0.34712878,0.10181296616792679,0.9773844480514526,0.878393292427063
YOR260W,YNL072W,0,0.34699702,0.10180254280567169,0.9773844480514526,0.8784934282302856
YNR070W,YBL004W,0,0.3468921,0.101792111992836,0.9773844480514526,0.8785936236381531
YNL173C,YPR112C,0,0.34577388,0.1017816886305809,0.9773844480514526,0.8786937594413757
YMR074C,YNL132W,0,0.3442838,0.1017712727189064,0.9773844480514526,0.8787939548492432
YGR104C,YCR028C,0,0.34293056,0.1017608493566513,0.9773844480514526,0.8788940906524658
YNL111C,YLR424W,0,0.34259972,0.1017504334449768,0.9773844480514526,0.8789942860603333
YKR045C,YNL292W,0,0.3425877,0.10174001753330231,0.9773844480514526,0.8790944814682007
YJL125C,YBL057C,0,0.34232014,0.1017296090722084,0.9773844480514526,0.8791946172714233
YDR531W,YKR099W,0,0.34188026,0.1017192006111145,0.9773844480514526,0.8792948126792908
YMR072W,YEL026W,0,0.34121206,0.1017087921500206,0.9773844480514526,0.8793949484825134
YNL186W,YPL038W,0,0.33927798,0.1016983836889267,0.9773844480514526,0.8794951438903809
YOL123W,YBR060C,0,0.33867893,0.10168798267841339,0.9773844480514526,0.8795953392982483
YBL024W,YDL019C,0,0.33855373,0.10167757421731949,0.9773844480514526,0.879695475101471
YNL020C,YPL033C,0,0.33834353,0.10166718065738678,0.9773844480514526,0.8797956705093384
YGR241C,YFL011W,0,0.33688065,0.10165677964687347,0.9773844480514526,0.879895806312561
YDR247W,YGL098W,0,0.33644944,0.10164638608694077,0.9773844480514526,0.8799960017204285
YJR102C,YGL225W,1,0.33542204,0.10173824429512024,0.9783677458763123,0.8799960017204285
YOR205C,YOR153W,0,0.33497053,0.10172784328460693,0.9783677458763123,0.8800961375236511
YMR303C,YGR166W,0,0.33463702,0.10171744227409363,0.9783677458763123,0.8801963329315186
YGL135W,YHR136C,0,0.3334859,0.10170704126358032,0.9783677458763123,0.880296528339386
YMR094W,YEL042W,0,0.33296487,0.10169664770364761,0.9783677458763123,0.8803966641426086
YFL062W,YDR101C,0,0.33187404,0.1016862541437149,0.9783677458763123,0.8804968595504761
YER035W,YML018C,0,0.3314041,0.1016758605837822,0.9783677458763123,0.8805969953536987
YLR323C,YNL124W,0,0.32951006,0.10166547447443008,0.9783677458763123,0.8806971907615662
YOR177C,YBL066C,0,0.32927927,0.10165508836507797,0.9783677458763123,0.8807973265647888
YOR384W,YOL008W,0,0.32886392,0.10164470225572586,0.9783677458763123,0.8808975219726562
YLR433C,YGL033W,0,0.3283446,0.10163432359695435,0.9783677458763123,0.8809977173805237
YOL135C,YDL064W,0,0.32806328,0.10162393748760223,0.9783677458763123,0.8810978531837463
YMR015C,YGL025C,0,0.32798865,0.10161355882883072,0.9783677458763123,0.8811980485916138
YKL027W,YGR200C,0,0.3279808,0.1016031876206398,0.9783677458763123,0.8812981843948364
YDR288W,YBR267W,0,0.32790273,0.10159280896186829,0.9783677458763123,0.8813983798027039
YBR038W,YHL047C,0,0.32638732,0.10158243775367737,0.9783677458763123,0.8814985752105713
YLR427W,YKR092C,0,0.32557666,0.10157206654548645,0.9783677458763123,0.881598711013794
YDR331W,YMR190C,0,0.32516742,0.10156170278787613,0.9783677458763123,0.8816989064216614
YDR047W,YER131W,0,0.32509452,0.10155133903026581,0.9783677458763123,0.881799042224884
YGR159C,YBR160W,0,0.3250675,0.10154097527265549,0.9783677458763123,0.8818992376327515
YHR024C,YDR443C,0,0.32388827,0.10153061151504517,0.9783677458763123,0.8819993734359741
YJR097W,YDR158W,0,0.32357466,0.10152025520801544,0.9783677458763123,0.8820995688438416
YDR432W,YIL153W,0,0.32355708,0.10150989890098572,0.9783677458763123,0.882199764251709
YNL124W,YLR293C,0,0.3233095,0.101499542593956,0.9783677458763123,0.8822999000549316
YBL024W,YKL149C,0,0.32314718,0.10148918628692627,0.9783677458763123,0.8824000954627991
YBR077C,YBL009W,0,0.3213822,0.10147883743047714,0.9783677458763123,0.8825002312660217
YHL021C,YER131W,0,0.32076865,0.10146848857402802,0.9783677458763123,0.8826004266738892
YER060W-A,YLR459W,0,0.32072264,0.10145813971757889,0.9783677458763123,0.8827005624771118
YOR091W,YDR448W,0,0.32016364,0.10144779831171036,0.9783677458763123,0.8828007578849792
YKL081W,YHR153C,0,0.31827793,0.10143745690584183,0.9783677458763123,0.8829009532928467
YBR240C,YDL213C,0,0.3179828,0.1014271154999733,0.9783677458763123,0.8830010890960693
YLR092W,YIL110W,0,0.3175515,0.10141677409410477,0.9783677458763123,0.8831012845039368
YBR104W,YNL161W,0,0.31680715,0.10140644013881683,0.9783677458763123,0.8832014203071594
YCR045C,YOL105C,0,0.31666505,0.1013961061835289,0.9783677458763123,0.8833016157150269
YGR142W,YER146W,0,0.3147023,0.10138577222824097,0.9783677458763123,0.8834018111228943
YJL033W,YLL066C,0,0.3145812,0.10137544572353363,0.9783677458763123,0.8835019469261169
YOR214C,YIL007C,0,0.3145484,0.1013651192188263,0.9783677458763123,0.8836021423339844
YPR033C,YLR453C,0,0.3136148,0.10135479271411896,0.9783677458763123,0.883702278137207
YJR104C,YKL221W,0,0.31326878,0.10134446620941162,0.9783677458763123,0.8838024735450745
YMR159C,YPL120W,1,0.31311122,0.10143598914146423,0.9793510437011719,0.8838024735450745
YDR120C,YJL156C,0,0.31237558,0.1014256626367569,0.9793510437011719,0.8839026093482971
YPL242C,YLR002C,0,0.31193537,0.10141533613204956,0.9793510437011719,0.8840028047561646
YBR180W,YGL076C,0,0.31108227,0.10140500962734222,0.9793510437011719,0.884103000164032
YJL189W,YDR342C,0,0.31104094,0.10139468312263489,0.9793510437011719,0.8842031359672546
YML098W,YDR292C,0,0.31065106,0.10138436406850815,0.9793510437011719,0.8843033313751221
YHR035W,YGL083W,1,0.31056836,0.10147582739591599,0.9803343415260315,0.8843033313751221
YGL255W,YPR180W,0,0.30929744,0.10146550089120865,0.9803343415260315,0.8844034671783447
YBL038W,YOR100C,0,0.30859452,0.10145517438650131,0.9803343415260315,0.8845036625862122
YDR435C,YPL237W,0,0.30830288,0.10144484788179398,0.9803343415260315,0.8846037983894348
YLR234W,YOR060C,0,0.30781293,0.10143452882766724,0.9803343415260315,0.8847039937973022
YOL077C,YLR170C,0,0.30775726,0.1014242097735405,0.9803343415260315,0.8848041892051697
YDR116C,YNL245C,0,0.30581674,0.10141389816999435,0.9803343415260315,0.8849043250083923
YER114C,YKL086W,0,0.30579138,0.10140357911586761,0.9803343415260315,0.8850045204162598
YMR050C,YDR252W,0,0.30558014,0.10139326751232147,0.9803343415260315,0.8851046562194824
YGR128C,YGL002W,0,0.3049378,0.10138295590877533,0.9803343415260315,0.8852048516273499
YJL080C,YMR318C,0,0.30310178,0.10137265175580978,0.9803343415260315,0.8853050470352173
YNL030W,YCR039C,0,0.3027483,0.10136234015226364,0.9803343415260315,0.8854051828384399
YPL174C,YOL034W,0,0.30232382,0.1013520359992981,0.9803343415260315,0.8855053782463074
YPL211W,YPL056C,0,0.30221254,0.10134173929691315,0.9803343415260315,0.88560551404953
YPL266W,YFL047W,0,0.30201837,0.1013314351439476,0.9803343415260315,0.8857057094573975
YOR202W,YKR075C,0,0.30189547,0.10132113844156265,0.9803343415260315,0.8858058452606201
YPR143W,YIL073C,0,0.30144224,0.1013108417391777,0.9803343415260315,0.8859060406684875
YML025C,YPL130W,0,0.30122998,0.10130054503679276,0.9803343415260315,0.886006236076355
YOR336W,YLL035W,0,0.30122384,0.1012902557849884,0.9803343415260315,0.8861063718795776
YOR315W,YDR045C,0,0.3003405,0.10127996653318405,0.9803343415260315,0.8862065672874451
YHR136C,YNL046W,0,0.299686,0.1012696772813797,0.9803343415260315,0.8863067030906677
YBR107C,YPL283C,0,0.2982209,0.10125939548015594,0.9803343415260315,0.8864068984985352
YCL054W,YDR221W,0,0.29691705,0.10124911367893219,0.9803343415260315,0.8865070343017578
YIL043C,YGL187C,0,0.29586887,0.10123883187770844,0.9803343415260315,0.8866072297096252
YER044C-A,YOL029C,0,0.2946326,0.10122855007648468,0.9803343415260315,0.8867074251174927
YFL031W,YFL024C,0,0.2941077,0.10121827572584152,0.9803343415260315,0.8868075609207153
YLR449W,YHR207C,0,0.29403034,0.10120800137519836,0.9803343415260315,0.8869077563285828
YOL135C,YGL055W,0,0.29379526,0.1011977270245552,0.9803343415260315,0.8870078921318054
YLR052W,YPL266W,0,0.2937087,0.10118745267391205,0.9803343415260315,0.8871080875396729
YDR356W,YMR162C,0,0.2935267,0.10117718577384949,0.9803343415260315,0.8872082829475403
YMR050C,YLR089C,0,0.2926357,0.10116691887378693,0.9803343415260315,0.8873084187507629
YPL128C,YKR067W,0,0.2925628,0.10115665942430496,0.9803343415260315,0.8874086141586304
YNL123W,YAR010C,0,0.2922778,0.1011463925242424,0.9803343415260315,0.887508749961853
YDR522C,YGL178W,0,0.2919512,0.10113613307476044,0.9803343415260315,0.8876089453697205
YEL048C,YGL206C,1,0.2913058,0.101227305829525,0.9813175797462463,0.8876089453697205
YKL141W,YCL001W,0,0.29070786,0.10121703892946243,0.9813175797462463,0.8877090811729431
YJR016C,YER018C,0,0.29060122,0.10120677202939987,0.9813175797462463,0.8878092765808105
YBR189W,YPL006W,0,0.29053915,0.10119651257991791,0.9813175797462463,0.887909471988678
YOR190W,YEL003W,0,0.29052758,0.10118625313043594,0.9813175797462463,0.8880096077919006
YKR025W,YOR127W,0,0.28964186,0.10117599368095398,0.9813175797462463,0.8881098031997681
YPR118W,YER091C,0,0.28948665,0.10116573423147202,0.9813175797462463,0.8882099390029907
YMR121C,YML018C,0,0.28922388,0.10115548223257065,0.9813175797462463,0.8883101344108582
YMR257C,YHR185C,0,0.28905353,0.10114523023366928,0.9813175797462463,0.8884102702140808
YLR341W,YOL041C,0,0.2884298,0.10113497823476791,0.9813175797462463,0.8885104656219482
YJL189W,YBR272C,0,0.2881051,0.10112473368644714,0.9813175797462463,0.8886106610298157
YFR014C,YKR058W,0,0.28801385,0.10111448913812637,0.9813175797462463,0.8887107968330383
YLR051C,YJL115W,0,0.28747243,0.1011042445898056,0.9813175797462463,0.8888109922409058
YBR078W,YFL009W,0,0.2868531,0.10109400004148483,0.9813175797462463,0.8889111280441284
YLR451W,YDL065C,0,0.28671515,0.10108376294374466,0.9813175797462463,0.8890113234519958
YHR134W,YHR142W,0,0.28663185,0.10107352584600449,0.9813175797462463,0.8891115188598633
YBR283C,YKR039W,0,0.28660333,0.10106328874826431,0.9813175797462463,0.8892116546630859
YLR074C,YLR099C,0,0.28602138,0.10105305910110474,0.9813175797462463,0.8893118500709534
YJL190C,YJL115W,0,0.2848234,0.10104282945394516,0.9813175797462463,0.889411985874176
YLR131C,YOR141C,0,0.28364733,0.10103259980678558,0.9813175797462463,0.8895121812820435
YOR077W,YMR190C,0,0.28319234,0.10102237015962601,0.9813175797462463,0.8896123170852661
YLR409C,YMR302C,0,0.28236684,0.10101214796304703,0.9813175797462463,0.8897125124931335
YHR036W,YPL256C,0,0.28188238,0.10100192576646805,0.9813175797462463,0.889812707901001
YLR249W,YBR208C,0,0.28162366,0.10099170356988907,0.9813175797462463,0.8899128437042236
YDR299W,YGL133W,0,0.28103635,0.10098148137331009,0.9813175797462463,0.8900130391120911
YOR035C,YER054C,0,0.2802946,0.1009712666273117,0.9813175797462463,0.8901131749153137
YPR096C,YLR333C,0,0.27944827,0.10096105188131332,0.9813175797462463,0.8902133703231812
YOL039W,YDR435C,0,0.279208,0.10095083713531494,0.9813175797462463,0.8903135061264038
YLL022C,YMR142C,0,0.27835664,0.10094062983989716,0.9813175797462463,0.8904137015342712
YBR078W,YJR120W,0,0.2780361,0.10093042254447937,0.9813175797462463,0.8905138969421387
YOR361C,YHR140W,0,0.2780008,0.10092021524906158,0.9813175797462463,0.8906140327453613
YOR060C,YLR292C,0,0.27747738,0.1009100079536438,0.9813175797462463,0.8907142281532288
YDR111C,YNL181W,0,0.27681684,0.10089980810880661,0.9813175797462463,0.8908143639564514
YNL067W,YJL168C,0,0.2765499,0.10088960826396942,0.9813175797462463,0.8909145593643188
YER027C,YAL059W,0,0.27615055,0.10087940841913223,0.9813175797462463,0.8910147547721863
YPL086C,YKL150W,0,0.27435398,0.10086921602487564,0.9813175797462463,0.8911148905754089
YHR152W,YIL018W,0,0.27426657,0.10085901618003845,0.9813175797462463,0.8912150859832764
YBR104W,YLL018C,0,0.27421287,0.10084883123636246,0.9813175797462463,0.891315221786499
YMR024W,YCR010C,0,0.27396145,0.10083863884210587,0.9813175797462463,0.8914154171943665
YBR103W,YIL127C,0,0.2724048,0.10082845389842987,0.9813175797462463,0.8915155529975891
YAL058W,YAR066W,0,0.27210435,0.10081826150417328,0.9813175797462463,0.8916157484054565
YDR522C,YPL268W,0,0.27111852,0.10080808401107788,0.9813175797462463,0.891715943813324
YPL079W,YPL061W,0,0.27063522,0.10079789906740189,0.9813175797462463,0.8918160796165466
YIL160C,YMR053C,0,0.26976183,0.10078772157430649,0.9813175797462463,0.8919162750244141
YMR131C,YBR058C-A,0,0.2695211,0.10077754408121109,0.9813175797462463,0.8920164108276367
YDR441C,YPL207W,0,0.26751825,0.10076736658811569,0.9813175797462463,0.8921166062355042
YLR287C-A,YBR028C,0,0.26498032,0.10075719654560089,0.9813175797462463,0.8922167420387268
YLR368W,YNL248C,0,0.26437128,0.1007470190525055,0.9813175797462463,0.8923169374465942
YCL059C,YMR167W,0,0.26434666,0.10073684900999069,0.9813175797462463,0.8924171328544617
YBL024W,YNL177C,0,0.2637827,0.10072668641805649,0.9813175797462463,0.8925172686576843
YKR094C,YML054C,0,0.26360166,0.10071652382612228,0.9813175797462463,0.8926174640655518
YER071C,YOR359W,0,0.263403,0.10070635378360748,0.9813175797462463,0.8927175998687744
YNR012W,YNL318C,0,0.26277182,0.10069619864225388,0.9813175797462463,0.8928177952766418
YLR060W,YBL018C,0,0.26170734,0.10068603605031967,0.9813175797462463,0.8929179310798645
YDR243C,YBR189W,0,0.26158747,0.10067588090896606,0.9813175797462463,0.8930181264877319
YKL008C,YDR523C,0,0.2609928,0.10066572576761246,0.9813175797462463,0.8931183218955994
YFL052W,YDL005C,0,0.26097664,0.10065557062625885,0.9813175797462463,0.893218457698822
YPL143W,YLR172C,0,0.2601111,0.10064542293548584,0.9813175797462463,0.8933186531066895
YLR003C,YNL246W,0,0.25955418,0.10063527524471283,0.9813175797462463,0.8934187889099121
YDL087C,YBL054W,0,0.25904563,0.10062512755393982,0.9813175797462463,0.8935189843177795
YML047C,YOL109W,0,0.25842705,0.10061497986316681,0.9813175797462463,0.893619179725647
YML102W,YMR263W,0,0.25729534,0.1006048396229744,0.9813175797462463,0.8937193155288696
YDL117W,YOL034W,0,0.25652817,0.10059469938278198,0.9813175797462463,0.8938195109367371
YLR369W,YIL018W,0,0.25634557,0.10058455914258957,0.9813175797462463,0.8939196467399597
YOR205C,YDL214C,0,0.25503945,0.10057442635297775,0.9813175797462463,0.8940198421478271
YDR219C,YLR223C,0,0.25430718,0.10056428611278534,0.9813175797462463,0.8941199779510498
YGR162W,YML131W,0,0.25304574,0.10055415332317352,0.9813175797462463,0.8942201733589172
YDR420W,YGR195W,0,0.25268695,0.1005440279841423,0.9813175797462463,0.8943203687667847
YGL028C,YJL050W,0,0.25248295,0.10053389519453049,0.9813175797462463,0.8944205045700073
YBR217W,YLR276C,0,0.2506583,0.10052376985549927,0.9813175797462463,0.8945206999778748
YNL014W,YPR055W,0,0.24923626,0.10051364451646805,0.9813175797462463,0.8946208357810974
YLR340W,YPR201W,0,0.24910274,0.10050352662801743,0.9813175797462463,0.8947210311889648
YOR374W,YPR155C,0,0.24748367,0.1004934012889862,0.9813175797462463,0.8948211669921875
YMR081C,YAL047C,0,0.24608001,0.10048328340053558,0.9813175797462463,0.8949213624000549
YPR100W,YPR120C,0,0.24583173,0.10047317296266556,0.9813175797462463,0.8950215578079224
YJR158W,YIL009W,0,0.24491096,0.10046305507421494,0.9813175797462463,0.895121693611145
YOL080C,YDR039C,0,0.24478924,0.10045294463634491,0.9813175797462463,0.8952218890190125
YDR299W,YGL160W,0,0.24415132,0.10044283419847488,0.9813175797462463,0.8953220248222351
YNL244C,YJL091C,0,0.24373841,0.10043272376060486,0.9813175797462463,0.8954222202301025
YKR100C,YLR319C,0,0.24235964,0.10042262077331543,0.9813175797462463,0.89552241563797
YFL005W,YNR053C,0,0.24153411,0.100412517786026,0.9813175797462463,0.8956225514411926
YCR033W,YOR384W,0,0.24117708,0.10040241479873657,0.9813175797462463,0.8957227468490601
YER176W,YDR341C,0,0.24086094,0.10039231181144714,0.9813175797462463,0.8958228826522827
YOR196C,YJL035C,0,0.24033111,0.10038221627473831,0.9813175797462463,0.8959230780601501
YDL014W,YBR234C,0,0.24023494,0.10037212073802948,0.9813175797462463,0.8960232138633728
YGL179C,YDL136W,0,0.24020123,0.10036202520132065,0.9813175797462463,0.8961234092712402
YMR268C,YJL028W,0,0.2398518,0.10035193711519241,0.9813175797462463,0.8962236046791077
YMR231W,YMR015C,0,0.23853263,0.10034184902906418,0.9813175797462463,0.8963237404823303
YLR234W,YPR022C,0,0.23852,0.10033176094293594,0.9813175797462463,0.8964239358901978
YFL026W,YDR171W,0,0.23607594,0.10032167285680771,0.9813175797462463,0.8965240716934204
YPL174C,YML116W,0,0.23517388,0.10031159222126007,0.9813175797462463,0.8966242671012878
YCR089W,YOR044W,0,0.2343956,0.10030150413513184,0.9813175797462463,0.8967244029045105
YCR053W,YKR099W,0,0.23332363,0.1002914309501648,0.9813175797462463,0.8968245983123779
YFL011W,YJL014W,0,0.2332339,0.10028135031461716,0.9813175797462463,0.8969247937202454
YML011C,YEL055C,0,0.23272693,0.10027127712965012,0.9813175797462463,0.897024929523468
YLR396C,YML015C,0,0.2313981,0.10026120394468307,0.9813175797462463,0.8971251249313354
YBR240C,YNR052C,0,0.23051152,0.10025113075971603,0.9813175797462463,0.8972252607345581
YIL123W,YKR052C,0,0.2304599,0.10024105757474899,0.9813175797462463,0.8973254561424255
YML024W,YGR207C,0,0.23030412,0.10023099184036255,0.9813175797462463,0.897425651550293
YGL249W,YPL156C,0,0.22917369,0.1002209261059761,0.9813175797462463,0.8975257873535156
YLR051C,YDL154W,0,0.22821283,0.10021086782217026,0.9813175797462463,0.8976259827613831
YER131W,YGR191W,0,0.22817081,0.10020080208778381,0.9813175797462463,0.8977261185646057
YPR070W,YPL105C,0,0.22795075,0.10019074380397797,0.9813175797462463,0.8978263139724731
YLR284C,YDR448W,0,0.2275537,0.10018068552017212,0.9813175797462463,0.8979264497756958
YER106W,YPR061C,0,0.2271893,0.10017063468694687,0.9813175797462463,0.8980266451835632
YLR196W,YJL012C,0,0.22690657,0.10016057640314102,0.9813175797462463,0.8981268405914307
YER038C,YKR058W,0,0.22526622,0.10015052556991577,0.9813175797462463,0.8982269763946533
YML026C,YGL201C,0,0.22431102,0.10014047473669052,0.9813175797462463,0.8983271718025208
YGR245C,YPL170W,0,0.22377846,0.10013043135404587,0.9813175797462463,0.8984273076057434
YPL239W,YIR010W,0,0.22372514,0.10012038797140121,0.9813175797462463,0.8985275030136108
YPL021W,YDR440W,0,0.22351569,0.10011034458875656,0.9813175797462463,0.8986276388168335
YKL125W,YHR090C,0,0.22291002,0.10010030120611191,0.9813175797462463,0.8987278342247009
YIL053W,YIL070C,0,0.22266775,0.10009026527404785,0.9813175797462463,0.8988280296325684
YOR341W,YKL197C,0,0.22114614,0.1000802218914032,0.9813175797462463,0.898928165435791
YPL132W,YMR001C,0,0.22068965,0.10007018595933914,0.9813175797462463,0.8990283608436584
YEL048C,YOL158C,1,0.22032273,0.10016041994094849,0.982300877571106,0.8990283608436584
YGL142C,YIL049W,0,0.21982118,0.10015037655830383,0.982300877571106,0.8991284966468811
YNL244C,YDL119C,0,0.21896562,0.10014033317565918,0.982300877571106,0.8992286920547485
YPL030W,YLR178C,0,0.21878934,0.10013029724359512,0.982300877571106,0.899328887462616
YBR251W,YCR043C,0,0.21680269,0.10012026131153107,0.982300877571106,0.8994290232658386
YBR107C,YJR002W,0,0.215213,0.10011023283004761,0.982300877571106,0.899529218673706
YLR147C,YCR088W,0,0.21431133,0.10010019689798355,0.982300877571106,0.8996293544769287
YHR169W,YMR009W,0,0.21427304,0.10009016841650009,0.982300877571106,0.8997295498847961
YEL059C-A,YLR121C,0,0.2141966,0.10008014738559723,0.982300877571106,0.8998296856880188
YOR383C,YDL119C,0,0.21172896,0.10007011890411377,0.982300877571106,0.8999298810958862
YGR289C,YHR020W,0,0.21134204,0.10006009787321091,0.982300877571106,0.9000300765037537
YGR245C,YLR262C,0,0.21071047,0.10005007684230804,0.982300877571106,0.9001302123069763
YPL242C,YKL132C,0,0.20988613,0.10004005581140518,0.982300877571106,0.9002304077148438
YGR165W,YMR244C-A,0,0.20941362,0.10003004223108292,0.982300877571106,0.9003305435180664
YGR280C,YPL280W,0,0.2087296,0.10002002120018005,0.982300877571106,0.9004307389259338
YER039C,YOR293W,0,0.20832786,0.10001000761985779,0.982300877571106,0.9005308747291565
YDR437W,YHR116W,0,0.20818985,0.10000000149011612,0.982300877571106,0.9006310701370239
YPL143W,YGR080W,0,0.20818937,0.09998998790979385,0.982300877571106,0.9007312655448914
YHR032W,YOR326W,0,0.20772359,0.09997998178005219,0.982300877571106,0.900831401348114
YPL253C,YGL133W,0,0.20753604,0.09996997565031052,0.982300877571106,0.9009315967559814
YPL126W,YBR199W,0,0.20625368,0.09995997697114944,0.982300877571106,0.9010317325592041
YAR066W,YDR099W,0,0.20601818,0.09994997829198837,0.982300877571106,0.9011319279670715
YHR007C,YMR014W,0,0.20589545,0.0999399796128273,0.982300877571106,0.901232123374939
YMR204C,YLL035W,0,0.20459485,0.09992998093366623,0.982300877571106,0.9013322591781616
YMR277W,YDR045C,0,0.20428842,0.09991998225450516,0.982300877571106,0.901432454586029
YPL211W,YOR246C,0,0.20249674,0.09990999102592468,0.982300877571106,0.9015325903892517
YNR037C,YCR003W,0,0.20241988,0.09989999979734421,0.982300877571106,0.9016327857971191
YGR014W,YDR365W-B,0,0.20054385,0.09989000856876373,0.982300877571106,0.9017329216003418
YHR170W,YNL076W,0,0.2000364,0.09988002479076385,0.982300877571106,0.9018331170082092
YKR075C,YIL031W,0,0.19998038,0.09987004101276398,0.982300877571106,0.9019333124160767
YDR424C,YPL268W,0,0.19821447,0.0998600572347641,0.982300877571106,0.9020334482192993
YLR341W,YKL039W,0,0.19740745,0.09985007345676422,0.982300877571106,0.9021336436271667
YDR007W,YGR096W,0,0.19632918,0.09984009712934494,0.982300877571106,0.9022337794303894
YDL060W,YOR076C,0,0.19507152,0.09983012080192566,0.982300877571106,0.9023339748382568
YMR121C,YJR158W,0,0.19470784,0.09982014447450638,0.982300877571106,0.9024341106414795
YOL068C,YFR047C,0,0.19334322,0.0998101681470871,0.982300877571106,0.9025343060493469
YJL074C,YDL223C,0,0.19318992,0.09980019927024841,0.982300877571106,0.9026345014572144
YHR102W,YNR038W,0,0.19307679,0.09979023039340973,0.982300877571106,0.902734637260437
YBR084C-A,YBR156C,0,0.19307679,0.09978026151657104,0.982300877571106,0.9028348326683044
YBR185C,YBR085W,0,0.19294494,0.09977030009031296,0.982300877571106,0.9029349684715271
YMR080C,YPL021W,0,0.19263908,0.09976033866405487,0.982300877571106,0.9030351638793945
YKL127W,YER007W,0,0.19219238,0.09975037723779678,0.982300877571106,0.903135359287262
YDL060W,YDR323C,0,0.19200042,0.0997404158115387,0.982300877571106,0.9032354950904846
YGR249W,YIL122W,0,0.19177705,0.0997304618358612,0.982300877571106,0.903335690498352
YIL072W,YFL062W,0,0.19169492,0.09972050040960312,0.982300877571106,0.9034358263015747
YOR171C,YLR083C,1,0.1908733,0.09981036186218262,0.9832841753959656,0.9034358263015747
YBR296C,YKR098C,0,0.19079658,0.09980040043592453,0.9832841753959656,0.9035360217094421
YDL025C,YDR001C,0,0.19009268,0.09979043900966644,0.9832841753959656,0.9036361575126648
YBR030W,YHR013C,0,0.18792748,0.09978048503398895,0.9832841753959656,0.9037363529205322
YPL212C,YDR206W,0,0.18696046,0.09977053105831146,0.9832841753959656,0.9038365483283997
YGL225W,YDR238C,1,0.18599659,0.09986033290624619,0.9842674732208252,0.9038365483283997
YPL141C,YMR190C,0,0.1849178,0.0998503714799881,0.9842674732208252,0.9039366841316223
YGL135W,YIL093C,0,0.18304259,0.09984041750431061,0.9842674732208252,0.9040368795394897
YGR280C,YLR207W,0,0.18015534,0.09983045607805252,0.9842674732208252,0.9041370153427124
YDR523C,YBR087W,0,0.17974001,0.09982050210237503,0.9842674732208252,0.9042372107505798
YLR367W,YOR273C,0,0.17947564,0.09981054812669754,0.9842674732208252,0.9043373465538025
YML118W,YLR178C,0,0.17839909,0.09980060160160065,0.9842674732208252,0.9044375419616699
YPR141C,YBL039C,0,0.17823443,0.09979064762592316,0.9842674732208252,0.9045377373695374
YGL147C,YIL098C,0,0.17788297,0.09978070110082626,0.9842674732208252,0.90463787317276
YDR420W,YDR441C,0,0.17667651,0.09977075457572937,0.9842674732208252,0.9047380685806274
YPL230W,YJR043C,0,0.1762982,0.09976081550121307,0.9842674732208252,0.9048382043838501
YMR023C,YDR436W,0,0.1762788,0.09975086897611618,0.9842674732208252,0.9049383997917175
YEL044W,YOR078W,0,0.17503107,0.09974092990159988,0.9842674732208252,0.905038595199585
YLR307W,YKL042W,0,0.17485961,0.09973099827766418,0.9842674732208252,0.9051387310028076
YEL050C,YCL075W,0,0.17456383,0.09972105920314789,0.9842674732208252,0.905238926410675
YPL254W,YNL252C,0,0.17398983,0.09971112757921219,0.9842674732208252,0.9053390622138977
YEL005C,YMR197C,1,0.1729466,0.09980079531669617,0.98525071144104,0.9053390622138977
YDR184C,YGR278W,0,0.1729373,0.09979085624217987,0.98525071144104,0.9054392576217651
YMR282C,YNL069C,0,0.17286268,0.09978091716766357,0.98525071144104,0.9055393934249878
YDL060W,YDR506C,0,0.17178884,0.09977098554372787,0.98525071144104,0.9056395888328552
YJL096W,YDR044W,0,0.17145257,0.09976105391979218,0.98525071144104,0.9057397842407227
YNR051C,YDR280W,0,0.16985485,0.09975112229585648,0.98525071144104,0.9058399200439453
YNL209W,YDR054C,0,0.1690157,0.09974119067192078,0.98525071144104,0.9059401154518127
YMR001C,YER120W,0,0.16870007,0.09973126649856567,0.98525071144104,0.9060402512550354
YDR443C,YHL044W,0,0.16780758,0.09972133487462997,0.98525071144104,0.9061404466629028
YNL308C,YDR463W,0,0.16775149,0.09971141070127487,0.98525071144104,0.9062405824661255
YOR337W,YDR086C,0,0.16767871,0.09970149397850037,0.98525071144104,0.9063407778739929
YDL110C,YBL075C,0,0.16742146,0.09969156980514526,0.98525071144104,0.9064409732818604
YJR145C,YGL006W,0,0.16612107,0.09968165308237076,0.98525071144104,0.906541109085083
YIL072W,YPL186C,0,0.1661112,0.09967173635959625,0.98525071144104,0.9066413044929504
YKL150W,YDR148C,0,0.16590244,0.09966182708740234,0.98525071144104,0.9067414402961731
YNR073C,YLR095C,0,0.16579565,0.09965191781520844,0.98525071144104,0.9068416357040405
YDL117W,YLR308W,0,0.16504076,0.09964200109243393,0.98525071144104,0.9069417715072632
YNL336W,YPR120C,0,0.16416472,0.09963209927082062,0.98525071144104,0.9070419669151306
YOL034W,YGL155W,0,0.16384771,0.09962218999862671,0.98525071144104,0.907142162322998
YPL209C,YGL095C,0,0.16362807,0.0996122881770134,0.98525071144104,0.9072422981262207
YEL048C,YOR358W,0,0.16303375,0.09960238635540009,0.98525071144104,0.9073424935340881
YDL229W,YHL007C,0,0.16292608,0.09959248453378677,0.98525071144104,0.9074426293373108
YBR298C,YKL137W,0,0.16230175,0.09958259016275406,0.98525071144104,0.9075428247451782
YOR010C,YLR276C,0,0.16195598,0.09957268834114075,0.98525071144104,0.9076430201530457
YPL017C,YER060W,0,0.16149816,0.09956280142068863,0.98525071144104,0.9077431559562683
YJL051W,YFL036W,0,0.16144587,0.09955290704965591,0.98525071144104,0.9078433513641357
YKL002W,YGL111W,0,0.16112877,0.0995430126786232,0.98525071144104,0.9079434871673584
YIL073C,YJL138C,0,0.16027863,0.09953312575817108,0.98525071144104,0.9080436825752258
YMR316W,YMR041C,0,0.16022992,0.09952323883771896,0.98525071144104,0.9081438183784485
YHR036W,YOR064C,0,0.1592617,0.09951335936784744,0.98525071144104,0.9082440137863159
YIL033C,YHR065C,0,0.15898407,0.09950347244739532,0.98525071144104,0.9083442091941833
YJL063C,YDR446W,0,0.15744713,0.0994935929775238,0.98525071144104,0.908444344997406
YDR443C,YML081C-A,0,0.1561732,0.09948372095823288,0.98525071144104,0.9085445404052734
YOL125W,YPL072W,0,0.15508099,0.09947384148836136,0.98525071144104,0.9086446762084961
YMR271C,YMR001C,0,0.15501437,0.09946396946907043,0.98525071144104,0.9087448716163635
YGL111W,YBR136W,0,0.15431204,0.09945409744977951,0.98525071144104,0.9088450074195862
YLR343W,YPL058C,0,0.1536893,0.09944422543048859,0.98525071144104,0.9089452028274536
YPL069C,YEL019C,0,0.15274817,0.09943435341119766,0.98525071144104,0.909045398235321
YGR274C,YNL279W,0,0.15170899,0.09942448884248734,0.98525071144104,0.9091455340385437
YFR034C,YOR153W,0,0.15128362,0.09941462427377701,0.98525071144104,0.9092457294464111
YDL122W,YLR308W,0,0.14962679,0.09940475970506668,0.98525071144104,0.9093458652496338
YER102W,YGL257C,0,0.14821187,0.09939490258693695,0.98525071144104,0.9094460606575012
YPL019C,YCR043C,0,0.14680108,0.09938504546880722,0.98525071144104,0.9095462560653687
YJL127C,YOR346W,0,0.14501771,0.09937518835067749,0.98525071144104,0.9096463918685913
YGR065C,YPL135W,0,0.14323616,0.09936533123254776,0.98525071144104,0.9097465872764587
YJL167W,YNR059W,0,0.14191118,0.09935548156499863,0.98525071144104,0.9098467230796814
YLR073C,YDL149W,1,0.13995567,0.09944477677345276,0.9862340092658997,0.9098467230796814
YGL127C,YEL026W,0,0.13970321,0.09943491965532303,0.9862340092658997,0.9099469184875488
YOR288C,YIL096C,0,0.13961303,0.0994250625371933,0.9862340092658997,0.9100470542907715
YER040W,YML133C,0,0.13946146,0.09941520541906357,0.9862340092658997,0.9101472496986389
YKL029C,YEL011W,0,0.13937235,0.09940534830093384,0.9862340092658997,0.9102474451065063
YNL101W,YLR139C,0,0.13809234,0.0993954986333847,0.9862340092658997,0.910347580909729
YNL065W,YJL098W,0,0.13757047,0.09938564896583557,0.9862340092658997,0.9104477763175964
YBR094W,YDR280W,0,0.13747965,0.09937580674886703,0.9862340092658997,0.9105479121208191
YHR035W,YJL207C,1,0.13740322,0.0994650274515152,0.9872173070907593,0.9105479121208191
YHR210C,YOR319W,0,0.13691673,0.09945517778396606,0.9872173070907593,0.9106481075286865
YLR095C,YBR267W,0,0.13643199,0.09944532811641693,0.9872173070907593,0.9107482433319092
YLR384C,YHR067W,0,0.13584346,0.0994354784488678,0.9872173070907593,0.9108484387397766
YNL083W,YDL213C,0,0.1335415,0.09942562878131866,0.9872173070907593,0.910948634147644
YIL120W,YLR075W,0,0.13351199,0.09941578656435013,0.9872173070907593,0.9110487699508667
YDR111C,YNL103W,0,0.13221943,0.099405936896801,0.9872173070907593,0.9111489653587341
YLR249W,YPL275W,0,0.13174902,0.09939610213041306,0.9872173070907593,0.9112491011619568
YLR398C,YPL108W,0,0.13076492,0.09938625991344452,0.9872173070907593,0.9113492965698242
YNR046W,YIL022W,0,0.13041104,0.09937642514705658,0.9872173070907593,0.9114494919776917
YGR231C,YDR500C,0,0.12942392,0.09936659038066864,0.9872173070907593,0.9115496277809143
YHR143W-A,YMR302C,0,0.12834606,0.0993567556142807,0.9872173070907593,0.9116498231887817
YDL085W,YGR054W,0,0.12774163,0.09934692084789276,0.9872173070907593,0.9117499589920044
YOL156W,YBR112C,0,0.12763703,0.09933709353208542,0.9872173070907593,0.9118501543998718
YMR162C,YDR170C,1,0.127606,0.09942619502544403,0.9882006049156189,0.9118501543998718
YOL156W,YHR176W,0,0.12741968,0.09941636025905609,0.9882006049156189,0.9119502902030945
YOR001W,YOL044W,0,0.12280239,0.09940652549266815,0.9882006049156189,0.9120504856109619
YOR150W,YOL016C,0,0.122365944,0.09939669817686081,0.9882006049156189,0.9121506810188293
YPL037C,YML100W,0,0.12120973,0.09938686341047287,0.9882006049156189,0.912250816822052
YJL116C,YML088W,0,0.12119623,0.09937703609466553,0.9882006049156189,0.9123510122299194
YER170W,YEL020W-A,0,0.12118078,0.09936721622943878,0.9882006049156189,0.9124511480331421
YLR095C,YDL213C,0,0.12092196,0.09935738891363144,0.9882006049156189,0.9125513434410095
YGL097W,YGR044C,0,0.120135926,0.0993475690484047,0.9882006049156189,0.9126514792442322
YPR201W,YOR278W,0,0.11923044,0.09933774918317795,0.9882006049156189,0.9127516746520996
YOR384W,YJL197W,0,0.11903707,0.0993279293179512,0.9882006049156189,0.912851870059967
YMR306W,YPL157W,0,0.11896281,0.09931811690330505,0.9882006049156189,0.9129520058631897
YFL002C,YMR001C,0,0.11854351,0.09930829703807831,0.9882006049156189,0.9130522012710571
YJL010C,YHR185C,0,0.11833459,0.09929848462343216,0.9882006049156189,0.9131523370742798
YHR064C,YOR173W,0,0.117883556,0.09928867965936661,0.9882006049156189,0.9132525324821472
YHR186C,YMR131C,0,0.11742257,0.09927886724472046,0.9882006049156189,0.9133527278900146
YNL323W,YML129C,0,0.11712957,0.09926906228065491,0.9882006049156189,0.9134528636932373
YDR324C,YEL027W,0,0.11679409,0.09925925731658936,0.9882006049156189,0.9135530591011047
YGR274C,YDR091C,0,0.114989765,0.0992494598031044,0.9882006049156189,0.9136531949043274
YAL012W,YDL214C,0,0.11463278,0.09923965483903885,0.9882006049156189,0.9137533903121948
YPL012W,YMR184W,0,0.11137246,0.0992298573255539,0.9882006049156189,0.9138535261154175
YLR139C,YLR189C,0,0.11134402,0.09922005981206894,0.9882006049156189,0.9139537215232849
YLR249W,YOR267C,0,0.10999774,0.09921026974916458,0.9882006049156189,0.9140539169311523
YIL019W,YHL008C,0,0.10986972,0.09920047223567963,0.9882006049156189,0.914154052734375
YGL097W,YJR048W,0,0.107155435,0.09919068217277527,0.9882006049156189,0.9142542481422424
YFR038W,YBR009C,0,0.10496289,0.09918089210987091,0.9882006049156189,0.9143543839454651
YDR343C,YJL164C,0,0.104375415,0.09917110949754715,0.9882006049156189,0.9144545793533325
YJR097W,YBL088C,0,0.10283413,0.09916131943464279,0.9882006049156189,0.9145547151565552
YNL133C,YFL026W,0,0.10270243,0.09915153682231903,0.9882006049156189,0.9146549105644226
YJR158W,YNL112W,0,0.10248988,0.09914175420999527,0.9882006049156189,0.91475510597229
YJL054W,YPL038W,0,0.10166348,0.0991319790482521,0.9882006049156189,0.9148552417755127
YLR388W,YML046W,0,0.10111257,0.09912220388650894,0.9882006049156189,0.9149554371833801
YER091C,YNL240C,0,0.10108473,0.09911242872476578,0.9882006049156189,0.9150555729866028
YDL212W,YPL183C,0,0.10058179,0.09910265356302261,0.9882006049156189,0.9151557683944702
YNL316C,YCR066W,0,0.10029671,0.09909287840127945,0.9882006049156189,0.9152559638023376
YDL117W,YDR186C,0,0.09766927,0.09908311069011688,0.9882006049156189,0.9153560996055603
YOR048C,YLL039C,0,0.09680199,0.09907334297895432,0.9882006049156189,0.9154562950134277
YLL005C,YMR318C,0,0.09588953,0.09906357526779175,0.9882006049156189,0.9155564308166504
YBR212W,YML075C,0,0.09573086,0.09905381500720978,0.9882006049156189,0.9156566262245178
YDR155C,YHR079C-A,0,0.09445264,0.09904405474662781,0.9882006049156189,0.9157567620277405
YDR115W,YER036C,0,0.09444814,0.09903429448604584,0.9882006049156189,0.9158569574356079
YIL027C,YPL211W,0,0.093977585,0.09902453422546387,0.9882006049156189,0.9159571528434753
YOL128C,YDR234W,0,0.09116825,0.0990147814154625,0.9882006049156189,0.916057288646698
YLR051C,YIL157C,0,0.09081965,0.09900502115488052,0.9882006049156189,0.9161574840545654
YDL003W,YNL061W,0,0.09039306,0.09899526834487915,0.9882006049156189,0.9162576198577881
YAR015W,YDR119W,0,0.089694984,0.09898552298545837,0.9882006049156189,0.9163578152656555
YKL069W,YLR357W,0,0.088749014,0.098975770175457,0.9882006049156189,0.9164579510688782
YMR242C,YPL105C,0,0.088563986,0.09896602481603622,0.9882006049156189,0.9165581464767456
YEL048C,YHL025W,0,0.08820581,0.09895627945661545,0.9882006049156189,0.916658341884613
YIL124W,YHL024W,0,0.087975465,0.09894654154777527,0.9882006049156189,0.9167584776878357
YLR432W,YDR323C,0,0.08564496,0.09893679618835449,0.9882006049156189,0.9168586730957031
YBR189W,YGR244C,0,0.08552318,0.09892705827951431,0.9882006049156189,0.9169588088989258
YDR540C,YER015W,0,0.08534447,0.09891732037067413,0.9882006049156189,0.9170590043067932
YCL031C,YER056C-A,0,0.08508899,0.09890758991241455,0.9882006049156189,0.9171591997146606
YIL155C,YJL133W,0,0.08470216,0.09889785200357437,0.9882006049156189,0.9172593355178833
YMR231W,YNL024C,0,0.08460338,0.09888812154531479,0.9882006049156189,0.9173595309257507
YDL067C,YJR160C,0,0.08367434,0.0988783910870552,0.9882006049156189,0.9174596667289734
YDR040C,YMR177W,0,0.0831933,0.09886866807937622,0.9882006049156189,0.9175598621368408
YOR254C,YNL132W,0,0.08280336,0.09885894507169724,0.9882006049156189,0.9176599979400635
YJL145W,YPL181W,0,0.08143517,0.09884921461343765,0.9882006049156189,0.9177601933479309
YDR479C,YNL207W,0,0.081038944,0.09883949905633926,0.9882006049156189,0.9178603887557983
YGL255W,YMR297W,0,0.0803506,0.09882977604866028,0.9882006049156189,0.917960524559021
YLR073C,YBR131W,1,0.07803809,0.0989183858036995,0.9891839027404785,0.917960524559021
YHR169W,YAL028W,0,0.07788754,0.09890866279602051,0.9891839027404785,0.9180607199668884
YOR348C,YGL033W,0,0.07718338,0.09889893978834152,0.9891839027404785,0.9181608557701111
YHR003C,YDR266C,0,0.07240205,0.09888921678066254,0.9891839027404785,0.9182610511779785
YNL005C,YIL103W,0,0.07151344,0.09887949377298355,0.9891839027404785,0.9183611869812012
YOR001W,YJL121C,0,0.066604994,0.09886977821588516,0.9891839027404785,0.9184613823890686
YMR224C,YLR154C,0,0.065519996,0.09886006265878677,0.9891839027404785,0.918561577796936
YCL030C,YOR060C,0,0.06309039,0.09885034710168839,0.9891839027404785,0.9186617136001587
YLR059C,YHR183W,0,0.06263601,0.0988406389951706,0.9891839027404785,0.9187619090080261
YNL194C,YML118W,0,0.062439553,0.0988309234380722,0.9891839027404785,0.9188620448112488
YPR082C,YBL030C,0,0.059865132,0.09882121533155441,0.9891839027404785,0.9189622402191162
YPL253C,YOL078W,0,0.05866593,0.09881151467561722,0.9891839027404785,0.9190624356269836
YDR324C,YDL240W,0,0.0572507,0.09880180656909943,0.9891839027404785,0.9191625714302063
YNL305C,YBR291C,0,0.055480354,0.09879210591316223,0.9891839027404785,0.9192627668380737
YKL006C-A,YGR116W,0,0.054360412,0.09878240525722504,0.9891839027404785,0.9193629026412964
YBR022W,YOR167C,0,0.053702466,0.09877270460128784,0.9891839027404785,0.9194630980491638
YDR165W,YNL268W,0,0.053544186,0.09876301139593124,0.9891839027404785,0.9195632338523865
YIL103W,YBR299W,0,0.052178256,0.09875331073999405,0.9891839027404785,0.9196634292602539
YNL166C,YNL315C,0,0.05188092,0.09874361753463745,0.9891839027404785,0.9197636246681213
YDL212W,YBR065C,0,0.051353566,0.09873393177986145,0.9891839027404785,0.919863760471344
YPR143W,YJR073C,0,0.051099263,0.09872423857450485,0.9891839027404785,0.9199639558792114
YMR016C,YDR485C,0,0.051016204,0.09871455281972885,0.9891839027404785,0.9200640916824341
YDR342C,YBL082C,0,0.05097308,0.09870486706495285,0.9891839027404785,0.9201642870903015
YDR038C,YNL244C,0,0.050742112,0.09869518131017685,0.9891839027404785,0.9202644228935242
YGL097W,YLR044C,0,0.04826238,0.09868550300598145,0.9891839027404785,0.9203646183013916
YLR341W,YDR479C,0,0.047876216,0.09867582470178604,0.9891839027404785,0.920464813709259
YDL194W,YHR001W,0,0.047381036,0.09866614639759064,0.9891839027404785,0.9205649495124817
YOR363C,YGL171W,0,0.04721757,0.09865646809339523,0.9891839027404785,0.9206651449203491
YGR142W,YBR005W,0,0.045326732,0.09864678978919983,0.9891839027404785,0.9207652807235718
YCR028C,YCR016W,0,0.044497244,0.09863711893558502,0.9891839027404785,0.9208654761314392
YKL080W,YOR133W,0,0.04423418,0.09862744808197021,0.9891839027404785,0.9209656119346619
YAR050W,YNL091W,0,0.043689348,0.098617784678936,0.9891839027404785,0.9210658073425293
YML120C,YIL093C,0,0.041782282,0.0986081138253212,0.9891839027404785,0.9211660027503967
YDR175C,YOR359W,0,0.04012639,0.09859845042228699,0.9891839027404785,0.9212661385536194
YKR038C,YDR323C,0,0.039982192,0.09858878701925278,0.9891839027404785,0.9213663339614868
YOR063W,YML014W,0,0.039530165,0.09857913106679916,0.9891839027404785,0.9214664697647095
YPL036W,YLR193C,0,0.03815227,0.09856946766376495,0.9891839027404785,0.9215666651725769
YPL012W,YIR002C,0,0.037963517,0.09855981171131134,0.9891839027404785,0.9216668605804443
YIL145C,YCR035C,0,0.036184542,0.09855015575885773,0.9891839027404785,0.921766996383667
YDL226C,YKL143W,1,0.034451164,0.09863845258951187,0.9901671409606934,0.921766996383667
YHR143W-A,YHR215W,0,0.033215247,0.09862879663705826,0.9901671409606934,0.9218671917915344
YNL151C,YHR023W,0,0.032495372,0.09861913323402405,0.9901671409606934,0.9219673275947571
YIR014W,YGL195W,0,0.029389061,0.09860947728157043,0.9901671409606934,0.9220675230026245
YIR013C,YMR156C,0,0.029317595,0.09859982132911682,0.9901671409606934,0.9221676588058472
YGR082W,YOR091W,0,0.028776675,0.0985901728272438,0.9901671409606934,0.9222678542137146
YPR184W,YIL008W,0,0.027516566,0.09858051687479019,0.9901671409606934,0.922368049621582
YIL030C,YOR167C,0,0.026715063,0.09857086837291718,0.9901671409606934,0.9224681854248047
YDR177W,YKL216W,0,0.026610367,0.09856121987104416,0.9901671409606934,0.9225683808326721
YBL063W,YPR016C,0,0.026552618,0.09855157881975174,0.9901671409606934,0.9226685166358948
YDR060W,YOR269W,0,0.02629269,0.09854193031787872,0.9901671409606934,0.9227687120437622
YPL280W,YDR180W,0,0.026094787,0.0985322892665863,0.9901671409606934,0.9228688478469849
YGR193C,YLL035W,0,0.026007216,0.09852264821529388,0.9901671409606934,0.9229690432548523
YDL031W,YIL154C,0,0.025093235,0.09851301461458206,0.9901671409606934,0.9230692386627197
YCR043C,YDR069C,0,0.024119891,0.09850337356328964,0.9901671409606934,0.9231693744659424
YER065C,YML130C,0,0.024088569,0.09849373996257782,0.9901671409606934,0.9232695698738098
YJL137C,YGR003W,0,0.023780666,0.098484106361866,0.9901671409606934,0.9233697056770325
YHR186C,YDR447C,0,0.023581289,0.09847448021173477,0.9901671409606934,0.9234699010848999
YCR045C,YPL038W,0,0.02337455,0.09846484661102295,0.9901671409606934,0.9235700964927673
YOR091W,YHL007C,0,0.022568442,0.09845522046089172,0.9901671409606934,0.92367023229599
YGR280C,YPL055C,0,0.02128812,0.0984455943107605,0.9901671409606934,0.9237704277038574
YMR271C,YBR175W,0,0.019828357,0.09843597561120987,0.9901671409606934,0.9238705635070801
YGL208W,YPR110C,0,0.019711338,0.09842634946107864,0.9901671409606934,0.9239707589149475
YDL213C,YGL251C,0,0.019627385,0.09841673076152802,0.9901671409606934,0.9240708947181702
YGR097W,YPL283C,0,0.017881326,0.09840711206197739,0.9901671409606934,0.9241710901260376
YLR287C-A,YMR305C,0,0.017073937,0.09839750081300735,0.9901671409606934,0.924271285533905
YDR511W,YOL065C,0,0.016272508,0.09838788211345673,0.9901671409606934,0.9243714213371277
YBR092C,YLR238W,0,0.015151709,0.0983782708644867,0.9901671409606934,0.9244716167449951
YMR215W,YLR356W,0,0.01261618,0.09836865961551666,0.9901671409606934,0.9245717525482178
YIL118W,YER126C,0,0.010890037,0.09835905581712723,0.9901671409606934,0.9246719479560852
YIL148W,YIL098C,0,0.01083868,0.0983494445681572,0.9901671409606934,0.9247720837593079
YFL037W,YGL139W,0,0.009827159,0.09833984076976776,0.9901671409606934,0.9248722791671753
YDR339C,YLR292C,0,0.009499095,0.09833024442195892,0.9901671409606934,0.9249724745750427
YPL092W,YHR021C,0,0.008021168,0.09832064062356949,0.9901671409606934,0.9250726103782654
YDL136W,YLR262C,0,0.0069883913,0.09831104427576065,0.9901671409606934,0.9251728057861328
YOL067C,YBL017C,0,0.0064606145,0.09830144792795181,0.9901671409606934,0.9252729415893555
YGR286C,YDL240W,0,0.004813187,0.09829185158014297,0.9901671409606934,0.9253731369972229
YMR091C,YMR134W,0,0.0047441795,0.09828225523233414,0.9901671409606934,0.9254733324050903
YER025W,YPL074W,0,0.0044761673,0.0982726663351059,0.9901671409606934,0.925573468208313
YNR023W,YOR255W,0,0.0036159009,0.09826307743787766,0.9901671409606934,0.9256736636161804
YGR249W,YDR463W,0,0.0035043582,0.09825348854064941,0.9901671409606934,0.9257737994194031
YNL139C,YAR066W,0,0.002915673,0.09824389964342117,0.9901671409606934,0.9258739948272705
YER044C,YMR309C,0,0.0023032352,0.09823431819677353,0.9901671409606934,0.9259741306304932
YMR118C,YGL205W,0,0.0017317161,0.09822473675012589,0.9901671409606934,0.9260743260383606
YNL072W,YJL183W,0,0.0009422675,0.09821515530347824,0.9901671409606934,0.926174521446228
YPR132W,YFR014C,0,-0.0011214092,0.0982055813074112,0.9901671409606934,0.9262746572494507
YDR314C,YMR149W,0,-0.0017042309,0.09819599986076355,0.9901671409606934,0.9263748526573181
YKR050W,YDR447C,0,-0.0017288104,0.0981864258646965,0.9901671409606934,0.9264749884605408
YNL173C,YEL039C,0,-0.004423596,0.09817685186862946,0.9901671409606934,0.9265751838684082
YCR010C,YER041W,0,-0.0047247037,0.098167285323143,0.9901671409606934,0.9266753196716309
YGR234W,YHR207C,0,-0.0050809905,0.09815771877765656,0.9901671409606934,0.9267755150794983
YAL012W,YDR545W,0,-0.0070466176,0.09814814478158951,0.9901671409606934,0.9268757104873657
YHR024C,YOR312C,0,-0.008937128,0.09813858568668365,0.9901671409606934,0.9269758462905884
YOR167C,YOR278W,0,-0.010250859,0.0981290191411972,0.9901671409606934,0.9270760416984558
YHR014W,YER045C,0,-0.01114551,0.09811946004629135,0.9901671409606934,0.9271761775016785
YGL099W,YDL003W,0,-0.011997394,0.0981099009513855,0.9901671409606934,0.9272763729095459
YDR040C,YML086C,0,-0.01265908,0.09810034185647964,0.9901671409606934,0.9273765683174133
YNL075W,YDR323C,0,-0.014219239,0.09809078276157379,0.9901671409606934,0.927476704120636
YOL157C,YGR048W,0,-0.015150741,0.09808123111724854,0.9901671409606934,0.9275768995285034
YLR370C,YLL021W,0,-0.0151867345,0.09807167947292328,0.9901671409606934,0.9276770353317261
YFL050C,YMR211W,0,-0.015327834,0.09806212782859802,0.9901671409606934,0.9277772307395935
YJR145C,YDR060W,0,-0.015450798,0.09805258363485336,0.9901671409606934,0.9278773665428162
YBR102C,YLR073C,1,-0.016877837,0.09814039617776871,0.991150438785553,0.9278773665428162
YNL134C,YKL091C,0,-0.018191256,0.09813084453344345,0.991150438785553,0.9279775619506836
YHL018W,YOL146W,0,-0.01903075,0.0981212854385376,0.991150438785553,0.928077757358551
YJL127C,YLR193C,0,-0.019333206,0.09811174124479294,0.991150438785553,0.9281778931617737
YJR068W,YPL037C,0,-0.020029739,0.09810218960046768,0.991150438785553,0.9282780885696411
YDR334W,YBL042C,0,-0.022740692,0.09809264540672302,0.991150438785553,0.9283782243728638
YIR013C,YKR079C,0,-0.026483439,0.09808310121297836,0.991150438785553,0.9284784197807312
YKL181W,YDL189W,0,-0.029730417,0.0980735570192337,0.991150438785553,0.9285785555839539
YLR315W,YBL042C,0,-0.031499647,0.09806401282548904,0.991150438785553,0.9286787509918213
YIL160C,YAL008W,0,-0.03192693,0.09805447608232498,0.991150438785553,0.9287789463996887
YER112W,YML106W,0,-0.032404758,0.09804493933916092,0.991150438785553,0.9288790822029114
YMR015C,YCR003W,0,-0.032450236,0.09803540259599686,0.991150438785553,0.9289792776107788
YOL137W,YLR204W,0,-0.032790132,0.0980258658528328,0.991150438785553,0.9290794134140015
YOL140W,YLR003C,0,-0.03383366,0.09801633656024933,0.991150438785553,0.9291796088218689
YEL048C,YML012W,1,-0.03429822,0.09810403734445572,0.9921337366104126,0.9291796088218689
YMR021C,YOL121C,0,-0.03571149,0.09809450060129166,0.9921337366104126,0.9292798042297363
YNL292W,YJR052W,0,-0.035940267,0.0980849638581276,0.9921337366104126,0.929379940032959
YBR014C,YCR010C,0,-0.036815614,0.09807542711496353,0.9921337366104126,0.9294801354408264
YJR095W,YMR309C,0,-0.03698863,0.09806589782238007,0.9921337366104126,0.9295802712440491
YEL058W,YBL054W,0,-0.037135653,0.0980563685297966,0.9921337366104126,0.9296804666519165
YPL173W,YOR255W,0,-0.037881814,0.09804683923721313,0.9921337366104126,0.9297806024551392
YGL067W,YAL025C,0,-0.038595416,0.09803730994462967,0.9921337366104126,0.9298807978630066
YGR245C,YMR079W,0,-0.039408155,0.0980277881026268,0.9921337366104126,0.929980993270874
YIL056W,YOR153W,0,-0.041055433,0.09801826626062393,0.9921337366104126,0.9300811290740967
YHR176W,YDR399W,0,-0.041981146,0.09800874441862106,0.9921337366104126,0.9301813244819641
YHR200W,YCR072C,0,-0.0422085,0.0979992225766182,0.9921337366104126,0.9302814602851868
YLR221C,YJR025C,0,-0.042265303,0.09798970818519592,0.9921337366104126,0.9303816556930542
YMR291W,YHR216W,0,-0.042764314,0.09798019379377365,0.9921337366104126,0.9304817914962769
YBR290W,YNR038W,0,-0.04277242,0.09797067940235138,0.9921337366104126,0.9305819869041443
YPL226W,YCR079W,0,-0.043734603,0.09796116501092911,0.9921337366104126,0.9306821823120117
YOR010C,YJR134C,0,-0.043807596,0.09795165807008743,0.9921337366104126,0.9307823181152344
YMR016C,YER149C,0,-0.04760141,0.09794214367866516,0.9921337366104126,0.9308825135231018
YLR385C,YNL318C,0,-0.047752544,0.09793264418840408,0.9921337366104126,0.9309826493263245
YGL078C,YGL222C,0,-0.047963344,0.09792313724756241,0.9921337366104126,0.9310828447341919
YPL173W,YHL013C,0,-0.04812909,0.09791363775730133,0.9921337366104126,0.9311830401420593
YDR478W,YOL127W,0,-0.04862974,0.09790413081645966,0.9921337366104126,0.931283175945282
YNL218W,YHL001W,0,-0.048812374,0.09789463132619858,0.9921337366104126,0.9313833713531494
YPL021W,YPL194W,0,-0.050152026,0.0978851392865181,0.9921337366104126,0.9314835071563721
YPR112C,YPR058W,0,-0.052667193,0.09787563979625702,0.9921337366104126,0.9315837025642395
YER029C,YJL012C,0,-0.052731745,0.09786614775657654,0.9921337366104126,0.9316838383674622
YCR073C,YOL071W,0,-0.05287063,0.09785665571689606,0.9921337366104126,0.9317840337753296
YBR121C,YNR070W,0,-0.05328945,0.09784717112779617,0.9921337366104126,0.931884229183197
YDR043C,YLR342W,0,-0.055679746,0.09783767908811569,0.9921337366104126,0.9319843649864197
YKL181W,YBL020W,0,-0.059877045,0.09782819449901581,0.9921337366104126,0.9320845603942871
YGL059W,YNL036W,0,-0.060525246,0.09781870990991592,0.9921337366104126,0.9321846961975098
YJR095W,YJL104W,0,-0.06152392,0.09780922532081604,0.9921337366104126,0.9322848916053772
YMR110C,YKL143W,1,-0.062156923,0.09789667278528214,0.9931170344352722,0.9322848916053772
YGL131C,YDR023W,0,-0.06329652,0.09788718819618225,0.9931170344352722,0.9323850274085999
YHR033W,YHR160C,0,-0.06383366,0.09787770360708237,0.9931170344352722,0.9324852228164673
YHR103W,YNL248C,0,-0.06471328,0.09786821901798248,0.9931170344352722,0.9325854182243347
YPL193W,YOR144C,0,-0.064726956,0.0978587344288826,0.9931170344352722,0.9326855540275574
YLR275W,YMR242C,0,-0.06519706,0.09784925729036331,0.9931170344352722,0.9327857494354248
YOL060C,YGL008C,0,-0.06657643,0.09783977270126343,0.9931170344352722,0.9328858852386475
YKR092C,YBR237W,0,-0.06809623,0.09783029556274414,0.9931170344352722,0.9329860806465149
YLR010C,YMR292W,0,-0.073957406,0.09782082587480545,0.9931170344352722,0.9330862760543823
YBR084C-A,YBL082C,0,-0.07637254,0.09781134873628616,0.9931170344352722,0.933186411857605
YML110C,YGL120C,0,-0.08050119,0.09780187904834747,0.9931170344352722,0.9332866072654724
YKL081W,YBR039W,0,-0.081501015,0.09779240936040878,0.9931170344352722,0.9333867430686951
YHR143W-A,YNL292W,0,-0.08189673,0.09778293967247009,0.9931170344352722,0.9334869384765625
YJL157C,YOR036W,0,-0.081994615,0.097773477435112,0.9931170344352722,0.9335870742797852
YKR081C,YLR446W,0,-0.082036026,0.09776400774717331,0.9931170344352722,0.9336872696876526
YML011C,YML045W,0,-0.08235978,0.09775454550981522,0.9931170344352722,0.93378746509552
YHL018W,YEL004W,0,-0.08315491,0.09774509072303772,0.9931170344352722,0.9338876008987427
YER173W,YOR049C,0,-0.08549144,0.09773562848567963,0.9931170344352722,0.9339877963066101
YJR016C,YHR139C,0,-0.08808962,0.09772617369890213,0.9931170344352722,0.9340879321098328
YOL041C,YHL019C,0,-0.09058461,0.09771671891212463,0.9931170344352722,0.9341881275177002
YBR005W,YGL032C,0,-0.09064933,0.09770726412534714,0.9931170344352722,0.9342882633209229
YPR021C,YBR299W,0,-0.09234855,0.09769781678915024,0.9931170344352722,0.9343884587287903
YLL015W,YMR162C,0,-0.09362201,0.09768836200237274,0.9931170344352722,0.9344886541366577
YLR367W,YJL183W,0,-0.09556564,0.09767891466617584,0.9931170344352722,0.9345887899398804
YLR345W,YPR021C,0,-0.095688604,0.09766946732997894,0.9931170344352722,0.9346889853477478
YER110C,YAL055W,0,-0.09590105,0.09766002744436264,0.9931170344352722,0.9347891211509705
YIL103W,YAL010C,0,-0.09783036,0.09765058755874634,0.9931170344352722,0.9348893165588379
YPR140W,YOL071W,0,-0.09792299,0.09764114767313004,0.9931170344352722,0.9349894523620605
YPL019C,YGR103W,0,-0.09925162,0.09763170778751373,0.9931170344352722,0.935089647769928
YOR348C,YIR028W,0,-0.10062296,0.09762226790189743,0.9931170344352722,0.9351898431777954
YDR120C,YEL027W,0,-0.10118512,0.09761283546686172,0.9931170344352722,0.9352899789810181
YJR095W,YIL064W,0,-0.10173995,0.09760340303182602,0.9931170344352722,0.9353901743888855
YDR194C,YOR116C,0,-0.10752592,0.09759397059679031,0.9931170344352722,0.9354903101921082
YBR258C,YKL221W,0,-0.1083852,0.09758453816175461,0.9931170344352722,0.9355905055999756
YDR443C,YPL183C,0,-0.11269801,0.0975751131772995,0.9931170344352722,0.935690701007843
YPR023C,YKL148C,0,-0.11307079,0.09756568819284439,0.9931170344352722,0.9357908368110657
YLR074C,YDR330W,0,-0.1133099,0.09755626320838928,0.9931170344352722,0.9358910322189331
YKL127W,YLL042C,0,-0.11344672,0.09754683822393417,0.9931170344352722,0.9359911680221558
YIL110W,YHR204W,0,-0.115032114,0.09753742069005966,0.9931170344352722,0.9360913634300232
YIL160C,YAR066W,0,-0.115288846,0.09752800315618515,0.9931170344352722,0.9361914992332458
YHR193C,YGL257C,0,-0.11544394,0.09751858562231064,0.9931170344352722,0.9362916946411133
YKL185W,YKL143W,0,-0.11624559,0.09750916808843613,0.9931170344352722,0.9363918900489807
YKL033W,YGR260W,0,-0.116626866,0.09749975800514221,0.9931170344352722,0.9364920258522034
YPL076W,YPL283C,0,-0.118197046,0.0974903479218483,0.9931170344352722,0.9365922212600708
YBR162C,YGR200C,0,-0.11941195,0.09748093783855438,0.9931170344352722,0.9366923570632935
YFL024C,YNL199C,0,-0.12017576,0.09747152775526047,0.9931170344352722,0.9367925524711609
YOL021C,YLR061W,0,-0.12074954,0.09746212512254715,0.9931170344352722,0.9368926882743835
YKL221W,YML133C,0,-0.12483556,0.09745272248983383,0.9931170344352722,0.936992883682251
YJL056C,YGR082W,0,-0.12709898,0.09744331985712051,0.9931170344352722,0.9370930790901184
YLR099C,YLL035W,0,-0.12823159,0.0974339172244072,0.9931170344352722,0.9371932148933411
YPR184W,YNL241C,0,-0.12831885,0.09742452204227448,0.9931170344352722,0.9372934103012085
YHR062C,YMR293C,0,-0.12897283,0.09741512686014175,0.9931170344352722,0.9373935461044312
YJL102W,YPR016C,0,-0.129421,0.09740573167800903,0.9931170344352722,0.9374937415122986
YIL148W,YPL281C,0,-0.13012493,0.09739633649587631,0.9931170344352722,0.937593936920166
YKL099C,YMR029C,0,-0.13157538,0.09738694131374359,0.9931170344352722,0.9376940727233887
YNR033W,YNR063W,0,-0.1324704,0.09737755358219147,0.9931170344352722,0.9377942681312561
YNR037C,YGR148C,0,-0.13248515,0.09736816585063934,0.9931170344352722,0.9378944039344788
YDR047W,YDL082W,0,-0.13319078,0.09735877811908722,0.9931170344352722,0.9379945993423462
YNL014W,YJR131W,0,-0.1334126,0.09734939783811569,0.9931170344352722,0.9380947351455688
YKL029C,YDR418W,0,-0.13497469,0.09734001755714417,0.9931170344352722,0.9381949305534363
YDR381W,YPL198W,0,-0.13775271,0.09733063727617264,0.9931170344352722,0.9382951259613037
YDR484W,YLR068W,0,-0.14006281,0.09732125699520111,0.9931170344352722,0.9383952617645264
YJR129C,YNL069C,0,-0.14246601,0.09731187671422958,0.9931170344352722,0.9384954571723938
YDL214C,YNL145W,0,-0.14248195,0.09730250388383865,0.9931170344352722,0.9385955929756165
YBR142W,YGL092W,0,-0.1428392,0.09729313105344772,0.9931170344352722,0.9386957883834839
YGL070C,YJR135C,0,-0.14318323,0.0972837582230568,0.9931170344352722,0.9387959241867065
YOR315W,YNL145W,0,-0.14322567,0.09727439284324646,0.9931170344352722,0.938896119594574
YOR210W,YAR066W,0,-0.14679593,0.09726502001285553,0.9931170344352722,0.9389963150024414
YHR116W,YMR217W,0,-0.1509014,0.0972556546330452,0.9931170344352722,0.9390964508056641
YDL232W,YER096W,0,-0.15292922,0.09724629670381546,0.9931170344352722,0.9391966462135315
YPL265W,YAR066W,0,-0.1535185,0.09723693132400513,0.9931170344352722,0.9392967820167542
YIR028W,YER014W,0,-0.15504277,0.09722757339477539,0.9931170344352722,0.9393969774246216
YOR271C,YHR028C,0,-0.15632984,0.09721820801496506,0.9931170344352722,0.939497172832489
YNL248C,YDR202C,0,-0.15685683,0.09720885753631592,0.9931170344352722,0.9395973086357117
YPL158C,YCL059C,0,-0.15896943,0.09719949960708618,0.9931170344352722,0.9396975040435791
YER173W,YKR081C,0,-0.16026065,0.09719014912843704,0.9931170344352722,0.9397976398468018
YIR026C,YBR244W,0,-0.1604509,0.0971807911992073,0.9931170344352722,0.9398978352546692
YMR076C,YKL014C,0,-0.16160569,0.09717144817113876,0.9931170344352722,0.9399979710578918
YOR312C,YOR061W,0,-0.16223374,0.09716209769248962,0.9931170344352722,0.9400981664657593
YDL212W,YPR188C,0,-0.16226086,0.09715275466442108,0.9931170344352722,0.9401983618736267
YOR384W,YOR033C,0,-0.16321057,0.09714340418577194,0.9931170344352722,0.9402984976768494
YDR258C,YHL001W,0,-0.16336757,0.0971340611577034,0.9931170344352722,0.9403986930847168
YOL109W,YMR215W,0,-0.16456091,0.09712472558021545,0.9931170344352722,0.9404988288879395
YLR283W,YOL139C,0,-0.16629279,0.09711538255214691,0.9931170344352722,0.9405990242958069
YIL085C,YDR418W,0,-0.1665782,0.09710604697465897,0.9931170344352722,0.9406991600990295
YNL001W,YER038C,0,-0.1665833,0.09709671139717102,0.9931170344352722,0.940799355506897
YMR127C,YFR007W,0,-0.16823992,0.09708737581968307,0.9931170344352722,0.9408995509147644
YHR143W-A,YBR216C,0,-0.16936702,0.09707804769277573,0.9931170344352722,0.9409996867179871
YAL020C,YKR034W,0,-0.16994825,0.09706871956586838,0.9931170344352722,0.9410998821258545
YLR367W,YOR173W,0,-0.1709984,0.09705939143896103,0.9931170344352722,0.9412000179290771
YGR296W,YML123C,0,-0.17178684,0.09705006331205368,0.9931170344352722,0.9413002133369446
YGL229C,YLR056W,0,-0.17197764,0.09704073518514633,0.9931170344352722,0.941400408744812
YOL065C,YKR060W,0,-0.17204922,0.09703141450881958,0.9931170344352722,0.9415005445480347
YCR042C,YIL009W,0,-0.17404944,0.09702209383249283,0.9931170344352722,0.9416007399559021
YIL078W,YHR019C,0,-0.17456317,0.09701277315616608,0.9931170344352722,0.9417008757591248
YJL056C,YNL251C,0,-0.17460889,0.09700345993041992,0.9931170344352722,0.9418010711669922
YGL229C,YER039C,0,-0.17466632,0.09699413925409317,0.9931170344352722,0.9419012069702148
YKL157W,YBL087C,0,-0.17618972,0.09698482602834702,0.9931170344352722,0.9420014023780823
YLR093C,YNR012W,0,-0.17626578,0.09697551280260086,0.9931170344352722,0.9421015977859497
YLR201C,YBL004W,0,-0.18006167,0.0969662070274353,0.9931170344352722,0.9422017335891724
YOL049W,YGR245C,0,-0.18142223,0.09695689380168915,0.9931170344352722,0.9423019289970398
YPL237W,YGR083C,0,-0.18209857,0.09694758802652359,0.9931170344352722,0.9424020648002625
YHR170W,YLR263W,0,-0.1838648,0.09693828225135803,0.9931170344352722,0.9425022602081299
YCR005C,YMR217W,0,-0.18440571,0.09692898392677307,0.9931170344352722,0.9426023960113525
YOR329C,YNR063W,0,-0.1861647,0.09691967815160751,0.9931170344352722,0.94270259141922
YAL059W,YOR347C,0,-0.18904352,0.09691037982702255,0.9931170344352722,0.9428027868270874
YCR024C,YHR088W,0,-0.18954617,0.09690108150243759,0.9931170344352722,0.9429029226303101
YOR315W,YML012W,0,-0.189919,0.09689179062843323,0.9931170344352722,0.9430031180381775
YLR310C,YBL100W-B,0,-0.18998301,0.09688249230384827,0.9931170344352722,0.9431032538414001
YER147C,YJR047C,0,-0.19102272,0.0968732014298439,0.9931170344352722,0.9432034492492676
YKL178C,YBR038W,0,-0.19327798,0.09686391055583954,0.9931170344352722,0.943303644657135
YDL031W,YJL028W,0,-0.19408262,0.09685461968183517,0.9931170344352722,0.9434037804603577
YPL161C,YNL014W,0,-0.19507852,0.09684533625841141,0.9931170344352722,0.9435039758682251
YLR073C,YLR181C,1,-0.20135033,0.09693192690610886,0.9941002726554871,0.9435039758682251
YLL009C,YNL177C,0,-0.20296386,0.09692263603210449,0.9941002726554871,0.9436041116714478
YDR075W,YBR237W,0,-0.20321172,0.09691334515810013,0.9941002726554871,0.9437043070793152
YFL024C,YKL060C,0,-0.20348707,0.09690405428409576,0.9941002726554871,0.9438044428825378
YIR019C,YGR188C,0,-0.20366475,0.0968947634100914,0.9941002726554871,0.9439046382904053
YBR009C,YDR119W,0,-0.20559746,0.09688547998666763,0.9941002726554871,0.9440048336982727
YGR289C,YCR079W,0,-0.20753133,0.09687619656324387,0.9941002726554871,0.9441049695014954
YMR014W,YPR151C,0,-0.20992672,0.0968669131398201,0.9941002726554871,0.9442051649093628
YPL090C,YPR025C,0,-0.210441,0.09685763716697693,0.9941002726554871,0.9443053007125854
YAL061W,YDR487C,0,-0.2105808,0.09684835374355316,0.9941002726554871,0.9444054961204529
YGR006W,YPR016C,0,-0.21369779,0.09683907777070999,0.9941002726554871,0.9445056319236755
YNL037C,YPR016C,0,-0.21391988,0.09682980924844742,0.9941002726554871,0.944605827331543
YDR166C,YDR299W,0,-0.21920025,0.09682053327560425,0.9941002726554871,0.9447060227394104
YLL013C,YLR061W,0,-0.22019199,0.09681126475334167,0.9941002726554871,0.9448061585426331
YDR147W,YNL327W,0,-0.22402298,0.0968019887804985,0.9941002726554871,0.9449063539505005
YJR096W,YJR002W,0,-0.22460884,0.09679272025823593,0.9941002726554871,0.9450064897537231
YIR036C,YHR148W,0,-0.22475201,0.09678345918655396,0.9941002726554871,0.9451066851615906
YDL213C,YOR224C,0,-0.22647583,0.09677419066429138,0.9941002726554871,0.945206880569458
YHR104W,YEL018W,0,-0.22733796,0.0967649295926094,0.9941002726554871,0.9453070163726807
YBR126C,YDR365C,0,-0.22760707,0.09675566852092743,0.9941002726554871,0.9454072117805481
YDL060W,YKR045C,0,-0.22803691,0.09674641489982605,0.9941002726554871,0.9455073475837708
YGR123C,YPL118W,0,-0.22856161,0.09673715382814407,0.9941002726554871,0.9456075429916382
YGR254W,YDR050C,0,-0.22904488,0.0967279002070427,0.9941002726554871,0.9457076787948608
YML009C,YCR031C,0,-0.23466206,0.09671864658594131,0.9941002726554871,0.9458078742027283
YEL061C,YNR016C,0,-0.2363053,0.09670939296483994,0.9941002726554871,0.9459080696105957
YMR017W,YGR133W,0,-0.23689151,0.09670014679431915,0.9941002726554871,0.9460082054138184
YGL028C,YBR239C,0,-0.23714074,0.09669089317321777,0.9941002726554871,0.9461084008216858
YPL217C,YMR278W,0,-0.23781624,0.09668164700269699,0.9941002726554871,0.9462085366249084
YHR146W,YHR065C,0,-0.23842305,0.09667240083217621,0.9941002726554871,0.9463087320327759
YPL220W,YKL185W,0,-0.23924309,0.09666316211223602,0.9941002726554871,0.9464088678359985
YEL032W,YMR217W,0,-0.23959649,0.09665392339229584,0.9941002726554871,0.946509063243866
YLR449W,YDR017C,0,-0.24135864,0.09664467722177505,0.9941002726554871,0.9466092586517334
YOL158C,YHL047C,1,-0.24180144,0.0967310294508934,0.9950835704803467,0.9466092586517334
YOR018W,YPL230W,0,-0.2445071,0.09672178328037262,0.9950835704803467,0.946709394454956
YNL151C,YKR050W,0,-0.2465747,0.09671253710985184,0.9950835704803467,0.9468095898628235
YOR272W,YPL156C,0,-0.24663374,0.09670329838991165,0.9950835704803467,0.9469097256660461
YPL181W,YIR026C,0,-0.2466889,0.09669405966997147,0.9950835704803467,0.9470099210739136
YML004C,YPL198W,0,-0.24874347,0.09668482095003128,0.9950835704803467,0.947110116481781
YNL299W,YER148W,0,-0.24894911,0.0966755822300911,0.9950835704803467,0.9472102522850037
YAL061W,YLR342W,0,-0.25025016,0.0966663509607315,0.9950835704803467,0.9473104476928711
YER110C,YGR054W,0,-0.25060505,0.09665711224079132,0.9950835704803467,0.9474105834960938
YGL255W,YJL174W,0,-0.25284663,0.09664788097143173,0.9950835704803467,0.9475107789039612
YKL134C,YBL054W,0,-0.25388002,0.09663865715265274,0.9950835704803467,0.9476109147071838
YJL048C,YPL237W,0,-0.25562912,0.09662942588329315,0.9950835704803467,0.9477111101150513
YOR341W,YJL089W,0,-0.25879222,0.09662020206451416,0.9950835704803467,0.9478113055229187
YPR110C,YBR087W,0,-0.25964427,0.09661097824573517,0.9950835704803467,0.9479114413261414
YIL148W,YGR207C,0,-0.26031727,0.09660175442695618,0.9950835704803467,0.9480116367340088
YLR194C,YPL019C,0,-0.26135975,0.09659253805875778,0.9950835704803467,0.9481117725372314
YKL024C,YBL030C,0,-0.2622723,0.09658331423997879,0.9950835704803467,0.9482119679450989
YGR203W,YKR105C,0,-0.26390415,0.0965740978717804,0.9950835704803467,0.9483121037483215
YIL038C,YPR161C,0,-0.26410997,0.0965648889541626,0.9950835704803467,0.948412299156189
YBR185C,YOR167C,0,-0.26858282,0.0965556725859642,0.9950835704803467,0.9485124945640564
YPL253C,YPL133C,0,-0.27481017,0.0965464636683464,0.9950835704803467,0.948612630367279
YMR290C,YDL006W,0,-0.27483004,0.09653724730014801,0.9950835704803467,0.9487128257751465
YER030W,YPR041W,0,-0.27592242,0.09652804583311081,0.9950835704803467,0.9488129615783691
YBR012W-A,YBR039W,0,-0.2764795,0.09651883691549301,0.9950835704803467,0.9489131569862366
YDR312W,YLR369W,0,-0.27762848,0.09650963544845581,0.9950835704803467,0.949013352394104
YLR275W,YLR221C,0,-0.2777999,0.09650042653083801,0.9950835704803467,0.9491134881973267
YDR184C,YIL004C,0,-0.27815428,0.09649122506380081,0.9950835704803467,0.9492136836051941
YLR074C,YGR289C,0,-0.27856117,0.09648203104734421,0.9950835704803467,0.9493138194084167
YEL055C,YDR356W,0,-0.27860916,0.096472829580307,0.9950835704803467,0.9494140148162842
YER029C,YDL191W,0,-0.28017792,0.0964636355638504,0.9950835704803467,0.9495141506195068
YPL226W,YKL220C,0,-0.2808813,0.0964544415473938,0.9950835704803467,0.9496143460273743
YNL328C,YDL240W,0,-0.28373775,0.0964452475309372,0.9950835704803467,0.9497145414352417
YBL103C,YGR200C,0,-0.28748596,0.09643606096506119,0.9950835704803467,0.9498146772384644
YNR022C,YDR347W,0,-0.2896355,0.09642686694860458,0.9950835704803467,0.9499148726463318
YOL144W,YGR215W,0,-0.2903077,0.09641768038272858,0.9950835704803467,0.9500150084495544
YIL168W,YPL033C,0,-0.29110867,0.09640850126743317,0.9950835704803467,0.9501152038574219
YPR033C,YPR175W,0,-0.2922864,0.09639931470155716,0.9950835704803467,0.9502153396606445
YKL033W,YDR198C,0,-0.29315177,0.09639013558626175,0.9950835704803467,0.950315535068512
YML040W,YMR142C,0,-0.29792738,0.09638094902038574,0.9950835704803467,0.9504157304763794
YOR205C,YGR087C,0,-0.29875338,0.09637177735567093,0.9950835704803467,0.950515866279602
YHR024C,YBR239C,0,-0.29891908,0.09636259824037552,0.9950835704803467,0.9506160616874695
YKL129C,YML022W,0,-0.29896992,0.09635341912508011,0.9950835704803467,0.9507161974906921
YJL179W,YKR099W,0,-0.29935223,0.0963442474603653,0.9950835704803467,0.9508163928985596
YBR009C,YMR309C,0,-0.29982728,0.09633507579565048,0.9950835704803467,0.9509165287017822
YKR097W,YBR086C,0,-0.30016738,0.09632591158151627,0.9950835704803467,0.9510167241096497
YEL048C,YBR039W,0,-0.3008875,0.09631673991680145,0.9950835704803467,0.9511169195175171
YIL145C,YPR046W,0,-0.30193198,0.09630757570266724,0.9950835704803467,0.9512170553207397
YGL255W,YBR035C,0,-0.30285943,0.09629841148853302,0.9950835704803467,0.9513172507286072
YDR100W,YLR073C,1,-0.30345923,0.09638439863920212,0.9960668683052063,0.9513172507286072
YGR195W,YML074C,0,-0.30442715,0.0963752269744873,0.9960668683052063,0.9514173865318298
YGR104C,YGR074W,0,-0.306072,0.09636605530977249,0.9960668683052063,0.9515175819396973
YLR004C,YBR029C,0,-0.30732328,0.09635689109563828,0.9960668683052063,0.9516177773475647
YPL061W,YPL033C,0,-0.30801636,0.09634772688150406,0.9960668683052063,0.9517179131507874
YNL151C,YFL050C,0,-0.3098824,0.09633856266736984,0.9960668683052063,0.9518181085586548
YML034W,YOR009W,0,-0.3099392,0.09632940590381622,0.9960668683052063,0.9519182443618774
YMR011W,YDR534C,0,-0.31049472,0.096320241689682,0.9960668683052063,0.9520184397697449
YNL014W,YKL026C,0,-0.31189382,0.09631108492612839,0.9960668683052063,0.9521185755729675
YDL060W,YPR133C,0,-0.31210685,0.09630192816257477,0.9960668683052063,0.952218770980835
YDR375C,YNL066W,0,-0.31231725,0.09629277884960175,0.9960668683052063,0.9523189663887024
YER114C,YLR430W,0,-0.31338844,0.09628362208604813,0.9960668683052063,0.952419102191925
YBR212W,YBR132C,0,-0.3142627,0.0962744727730751,0.9960668683052063,0.9525192975997925
YCL066W,YIL069C,0,-0.31458253,0.09626532346010208,0.9960668683052063,0.9526194334030151
YDL212W,YJL058C,0,-0.31458402,0.09625617414712906,0.9960668683052063,0.9527196288108826
YML120C,YNL081C,0,-0.3148298,0.09624703228473663,0.9960668683052063,0.9528197646141052
YER073W,YGL078C,0,-0.3148607,0.09623789042234421,0.9960668683052063,0.9529199600219727
YLR284C,YGR194C,0,-0.3162008,0.09622874855995178,0.9960668683052063,0.9530201554298401
YLR284C,YMR297W,0,-0.31646767,0.09621960669755936,0.9960668683052063,0.9531202912330627
YOL080C,YDR027C,0,-0.32393417,0.09621046483516693,0.9960668683052063,0.9532204866409302
YLR403W,YGL033W,0,-0.32491305,0.0962013304233551,0.9960668683052063,0.9533206224441528
YJR077C,YNL112W,0,-0.3249706,0.09619219601154327,0.9960668683052063,0.9534208178520203
YHR169W,YJR047C,0,-0.3266038,0.09618306159973145,0.9960668683052063,0.9535210132598877
YNL119W,YBR056W,0,-0.32980984,0.09617392718791962,0.9960668683052063,0.9536211490631104
YJL109C,YGR244C,0,-0.33168006,0.09616480022668839,0.9960668683052063,0.9537213444709778
YHR167W,YEL026W,0,-0.33217335,0.09615567326545715,0.9960668683052063,0.9538214802742004
YGR206W,YGL079W,1,-0.33228463,0.09624145925045013,0.9970501661300659,0.9538214802742004
YBR092C,YBR056W,0,-0.33388472,0.0962323248386383,0.9970501661300659,0.9539216756820679
YML047C,YPR112C,0,-0.33469492,0.09622319042682648,0.9970501661300659,0.9540218114852905
YDR101C,YGL257C,0,-0.3363138,0.09621406346559525,0.9970501661300659,0.954122006893158
YEL055C,YGL008C,0,-0.3372059,0.09620493650436401,0.9970501661300659,0.9542222023010254
YJL056C,YKR086W,0,-0.34082153,0.09619580954313278,0.9970501661300659,0.954322338104248
YNL186W,YJL183W,0,-0.3412481,0.09618668258190155,0.9970501661300659,0.9544225335121155
YJL109C,YNL093W,0,-0.34293264,0.09617755562067032,0.9970501661300659,0.9545226693153381
YLL039C,YGL029W,0,-0.34500045,0.09616843611001968,0.9970501661300659,0.9546228647232056
YEL065W,YAL042W,1,-0.34563294,0.0962541475892067,0.9980334043502808,0.9546228647232056
YEL059C-A,YLR061W,0,-0.34756085,0.09624502062797546,0.9980334043502808,0.9547230005264282
YJL167W,YMR288W,0,-0.34846887,0.09623589366674423,0.9980334043502808,0.9548231959342957
YNL256W,YOR046C,0,-0.35090804,0.0962267741560936,0.9980334043502808,0.9549233913421631
YJR016C,YBR241C,0,-0.35210413,0.09621765464544296,0.9980334043502808,0.9550235271453857
YHL015W,YBR162W-A,0,-0.35468858,0.09620852768421173,0.9980334043502808,0.9551237225532532
YDR156W,YOL097C,0,-0.35509098,0.0961994156241417,0.9980334043502808,0.9552238583564758
YGL031C,YMR195W,0,-0.35510743,0.09619029611349106,0.9980334043502808,0.9553240537643433
YBR240C,YKR098C,0,-0.35544613,0.09618118405342102,0.9980334043502808,0.9554242491722107
YMR081C,YDR447C,0,-0.35914636,0.09617206454277039,0.9980334043502808,0.9555243849754333
YPL081W,YOL061W,0,-0.36007798,0.09616295248270035,0.9980334043502808,0.9556245803833008
YGR234W,YBR121C,0,-0.360193,0.09615384787321091,0.9980334043502808,0.9557247161865234
YNL098C,YBR132C,0,-0.3614961,0.09614473581314087,0.9980334043502808,0.9558249115943909
YPR143W,YNL086W,0,-0.3637204,0.09613563120365143,0.9980334043502808,0.9559250473976135
YOL132W,YKR104W,0,-0.36396462,0.09612652659416199,0.9980334043502808,0.956025242805481
YOL061W,YJL025W,0,-0.36438784,0.09611742198467255,0.9980334043502808,0.9561254382133484
YMR292W,YDL160C,0,-0.3648366,0.0961083248257637,0.9980334043502808,0.956225574016571
YPL090C,YDL072C,0,-0.36828017,0.09609922021627426,0.9980334043502808,0.9563257694244385
YKL185W,YGL171W,0,-0.3683614,0.09609012305736542,0.9980334043502808,0.9564259052276611
YLR008C,YDR382W,0,-0.36975598,0.09608103334903717,0.9980334043502808,0.9565261006355286
YGR289C,YLR345W,0,-0.37390268,0.09607193619012833,0.9980334043502808,0.9566262364387512
YKL220C,YNL132W,0,-0.37407076,0.09606284648180008,0.9980334043502808,0.9567264318466187
YLL038C,YPL237W,0,-0.37514374,0.09605374932289124,0.9980334043502808,0.9568266272544861
YNL014W,YJL003W,0,-0.37581798,0.09604465961456299,0.9980334043502808,0.9569267630577087
YDL051W,YNL021W,0,-0.37650895,0.09603557735681534,0.9980334043502808,0.9570269584655762
YOL125W,YGR166W,0,-0.3765729,0.09602648764848709,0.9980334043502808,0.9571270942687988
YBR189W,YBR175W,0,-0.37761557,0.09601740539073944,0.9980334043502808,0.9572272896766663
YLR057W,YOL115W,0,-0.37888023,0.09600832313299179,0.9980334043502808,0.9573274850845337
YGR245C,YLR446W,0,-0.38026923,0.09599924087524414,0.9980334043502808,0.9574276208877563
YKL195W,YNL162W,0,-0.38158134,0.09599016606807709,0.9980334043502808,0.9575278162956238
YNL134C,YLR287C-A,0,-0.38202366,0.09598108381032944,0.9980334043502808,0.9576279520988464
YDR324C,YML009C,0,-0.38239986,0.09597200900316238,0.9980334043502808,0.9577281475067139
YLR001C,YHR216W,0,-0.38557857,0.09596294164657593,0.9980334043502808,0.9578282833099365
YDL102W,YLR385C,0,-0.38644725,0.09595386683940887,0.9980334043502808,0.957928478717804
YGR106C,YLR430W,0,-0.38781303,0.09594479948282242,0.9980334043502808,0.9580286741256714
YDR219C,YJR064W,0,-0.39257067,0.09593572467565536,0.9980334043502808,0.958128809928894
YER065C,YLR372W,0,-0.39333892,0.09592665731906891,0.9980334043502808,0.9582290053367615
YAL003W,YKL183W,0,-0.39917633,0.09591759741306305,0.9980334043502808,0.9583291411399841
YPL100W,YLR073C,1,-0.3997424,0.09600302577018738,0.9990167021751404,0.9583291411399841
YNL151C,YDR287W,0,-0.40559122,0.09599395096302032,0.9990167021751404,0.9584293365478516
YBL087C,YDR225W,0,-0.405642,0.09598488360643387,0.9990167021751404,0.9585294723510742
YOL068C,YLR126C,0,-0.40638322,0.09597581624984741,0.9990167021751404,0.9586296677589417
YOR143C,YGL055W,0,-0.40773028,0.09596674889326096,0.9990167021751404,0.9587298631668091
YER060W,YNL185C,0,-0.40783834,0.0959576889872551,0.9990167021751404,0.9588299989700317
YDL229W,YLR362W,0,-0.40859118,0.09594862908124924,0.9990167021751404,0.9589301943778992
YDL229W,YDL138W,0,-0.41064483,0.09593956917524338,0.9990167021751404,0.9590303301811218
YKR039W,YOR004W,0,-0.411509,0.09593050926923752,0.9990167021751404,0.9591305255889893
YOR047C,YKL221W,0,-0.4145617,0.09592144936323166,0.9990167021751404,0.9592307209968567
YDL205C,YML024W,0,-0.4164083,0.0959123969078064,0.9990167021751404,0.9593308568000793
YNL186W,YGR116W,0,-0.41759843,0.09590334445238113,0.9990167021751404,0.9594310522079468
YML018C,YGR076C,0,-0.41837537,0.09589429199695587,0.9990167021751404,0.9595311880111694
YCR038C,YCR072C,0,-0.4208736,0.09588523954153061,0.9990167021751404,0.9596313834190369
YCL054W,YJR110W,0,-0.42191678,0.09587619453668594,0.9990167021751404,0.9597315192222595
YGR287C,YNL024C,0,-0.42468482,0.09586714208126068,0.9990167021751404,0.959831714630127
YDL082W,YLR293C,0,-0.4265607,0.09585809707641602,0.9990167021751404,0.9599319100379944
YPL228W,YPL021W,0,-0.43033984,0.09584905952215195,0.9990167021751404,0.960032045841217
YJR097W,YNL088W,0,-0.43149072,0.09584001451730728,0.9990167021751404,0.9601322412490845
YDR231C,YLR175W,0,-0.43618137,0.09583097696304321,0.9990167021751404,0.9602323770523071
YHR203C,YJL133W,0,-0.43879372,0.09582193940877914,0.9990167021751404,0.9603325724601746
YPL211W,YDR058C,0,-0.44215477,0.09581290185451508,0.9990167021751404,0.9604327082633972
YJL080C,YNL216W,0,-0.4457528,0.09580386430025101,0.9990167021751404,0.9605329036712646
YJL180C,YAL059W,0,-0.44819516,0.09579483419656754,0.9990167021751404,0.9606330990791321
YGR166W,YNR012W,0,-0.44913018,0.09578580409288406,0.9990167021751404,0.9607332348823547
YJL044C,YLR413W,0,-0.45176846,0.09577677398920059,0.9990167021751404,0.9608334302902222
YHR089C,YMR170C,0,-0.4530657,0.09576774388551712,0.9990167021751404,0.9609335660934448
YHR203C,YGR024C,0,-0.45339543,0.09575872123241425,0.9990167021751404,0.9610337615013123
YGR103W,YBR156C,0,-0.4559006,0.09574969112873077,0.9990167021751404,0.9611339569091797
YJR155W,YPR033C,0,-0.4576636,0.0957406684756279,0.9990167021751404,0.9612340927124023
YMR011W,YDL044C,0,-0.45879984,0.09573165327310562,0.9990167021751404,0.9613342881202698
YIL144W,YHR148W,0,-0.45892477,0.09572263062000275,0.9990167021751404,0.9614344239234924
YER102W,YOL023W,0,-0.45903206,0.09571361541748047,0.9990167021751404,0.9615346193313599
YGL121C,YLR327C,0,-0.46241605,0.09570460021495819,0.9990167021751404,0.9616347551345825
YNL194C,YKL014C,0,-0.46380657,0.09569558501243591,0.9990167021751404,0.96173495054245
YNR001C,YDR255C,0,-0.46601415,0.09568656980991364,0.9990167021751404,0.9618351459503174
YBR169C,YIL125W,0,-0.46806425,0.09567756205797195,0.9990167021751404,0.96193528175354
YBR048W,YGR215W,0,-0.47630137,0.09566854685544968,0.9990167021751404,0.9620354771614075
YOL080C,YBR211C,0,-0.4767828,0.095659539103508,0.9990167021751404,0.9621356129646301
YLR384C,YFR040W,0,-0.4773416,0.09565053880214691,0.9990167021751404,0.9622358083724976
YDL031W,YKL091C,0,-0.478047,0.09564153105020523,0.9990167021751404,0.9623359441757202
YLR304C,YGR090W,0,-0.47829026,0.09563253074884415,0.9990167021751404,0.9624361395835876
YKR064W,YGR109C,0,-0.4793619,0.09562353044748306,0.9990167021751404,0.9625363349914551
YPL057C,YMR217W,0,-0.4796095,0.09561453014612198,0.9990167021751404,0.9626364707946777
YHR052W,YPR033C,0,-0.48131692,0.0956055298447609,0.9990167021751404,0.9627366662025452
YOL132W,YOL135C,0,-0.48560327,0.09559653699398041,0.9990167021751404,0.9628368020057678
YDR060W,YDL042C,0,-0.4872493,0.09558754414319992,0.9990167021751404,0.9629369974136353
YPR155C,YGL192W,0,-0.48880112,0.09557855129241943,0.9990167021751404,0.9630371928215027
YDL031W,YMR156C,0,-0.49067396,0.09556955844163895,0.9990167021751404,0.9631373286247253
YKL029C,YFL036W,0,-0.49167258,0.09556057304143906,0.9990167021751404,0.9632375240325928
YOL121C,YPL060W,0,-0.4925506,0.09555158764123917,0.9990167021751404,0.9633376598358154
YPR066W,YGL078C,0,-0.49538612,0.09554260224103928,0.9990167021751404,0.9634378552436829
YPL231W,YHR090C,0,-0.4981535,0.09553361684083939,0.9990167021751404,0.9635379910469055
YJL090C,YNL112W,0,-0.49957716,0.0955246314406395,0.9990167021751404,0.963638186454773
YDR243C,YJR046W,0,-0.50055766,0.0955156534910202,0.9990167021751404,0.9637383818626404
YER157W,YOL128C,0,-0.50069326,0.09550667554140091,0.9990167021751404,0.963838517665863
YNL194C,YNL081C,0,-0.50265044,0.09549769759178162,0.9990167021751404,0.9639387130737305
YFR031C-A,YDL025C,0,-0.5026857,0.09548871964216232,0.9990167021751404,0.9640388488769531
YDR123C,YMR285C,0,-0.50317323,0.09547974914312363,0.9990167021751404,0.9641390442848206
YPL215W,YPL030W,0,-0.50392085,0.09547077864408493,0.9990167021751404,0.9642391800880432
YNL221C,YNR040W,0,-0.50674707,0.09546180814504623,0.9990167021751404,0.9643393754959106
YIR021W,YJL050W,0,-0.5069724,0.09545283764600754,0.9990167021751404,0.9644395709037781
YBR069C,YHR081W,0,-0.5104354,0.09544386714696884,0.9990167021751404,0.9645397067070007
YIL122W,YJL148W,0,-0.5140233,0.09543490409851074,0.9990167021751404,0.9646399021148682
YDL212W,YEL002C,0,-0.51744574,0.09542594105005264,0.9990167021751404,0.9647400379180908
YAR008W,YMR242C,0,-0.5176775,0.09541697800159454,0.9990167021751404,0.9648402333259583
YML118W,YHR124W,0,-0.5177364,0.09540802240371704,0.9990167021751404,0.9649403691291809
YDR060W,YHR157W,0,-0.51808435,0.09539905935525894,0.9990167021751404,0.9650405645370483
YDR516C,YCR063W,0,-0.52077216,0.09539010375738144,0.9990167021751404,0.9651407599449158
YDR329C,YJL208C,0,-0.5217717,0.09538114815950394,0.9990167021751404,0.9652408957481384
YPR066W,YPL159C,0,-0.5247634,0.09537219256162643,0.9990167021751404,0.9653410911560059
YFR028C,YOR260W,0,-0.52579993,0.09536324441432953,0.9990167021751404,0.9654412269592285
YOL068C,YLR002C,0,-0.5259748,0.09535429626703262,0.9990167021751404,0.965541422367096
YNL229C,YNL002C,0,-0.52942204,0.09534534811973572,0.9990167021751404,0.9656416177749634
YGR234W,YML022W,0,-0.5299894,0.09533639997243881,0.9990167021751404,0.965741753578186
YPL169C,YFR028C,0,-0.5316074,0.0953274518251419,0.9990167021751404,0.9658419489860535
YHR129C,YIL127C,0,-0.53382516,0.0953185111284256,0.9990167021751404,0.9659420847892761
YGR048W,YBR085W,0,-0.5343111,0.09530957043170929,0.9990167021751404,0.9660422801971436
YNL152W,YOR095C,0,-0.5400161,0.09530062973499298,0.9990167021751404,0.9661424160003662
YLR205C,YLR430W,0,-0.540733,0.09529168903827667,0.9990167021751404,0.9662426114082336
YDL212W,YCL026C-A,0,-0.5428694,0.09528275579214096,0.9990167021751404,0.9663428068161011
YLR223C,YPR020W,0,-0.5446829,0.09527381509542465,0.9990167021751404,0.9664429426193237
YJR105W,YML100W,0,-0.5486359,0.09526488184928894,0.9990167021751404,0.9665431380271912
YDR385W,YPR120C,0,-0.5512739,0.09525595605373383,0.9990167021751404,0.9666432738304138
YBL093C,YDR075W,0,-0.5527969,0.09524702280759811,0.9990167021751404,0.9667434692382812
YLR369W,YGR090W,0,-0.5630427,0.095238097012043,0.9990167021751404,0.9668436050415039
YMR016C,YPL266W,0,-0.5640436,0.09522917121648788,0.9990167021751404,0.9669438004493713
YJR096W,YDR018C,0,-0.56512576,0.09522024542093277,0.9990167021751404,0.9670439958572388
YNL188W,YHR193C,0,-0.56631255,0.09521131962537766,0.9990167021751404,0.9671441316604614
YNL087W,YKL006C-A,0,-0.5703483,0.09520240128040314,0.9990167021751404,0.9672443270683289
YOL139C,YLL026W,0,-0.57495445,0.09519347548484802,0.9990167021751404,0.9673444628715515
YOL039W,YGR028W,0,-0.57594657,0.0951845571398735,0.9990167021751404,0.967444658279419
YAL055W,YNL067W,0,-0.57673335,0.09517564624547958,0.9990167021751404,0.9675448536872864
YDR123C,YOR167C,0,-0.578988,0.09516672790050507,0.9990167021751404,0.967644989490509
YLR393W,YJL198W,0,-0.5823918,0.09515781700611115,0.9990167021751404,0.9677451848983765
YNL227C,YMR302C,0,-0.5832313,0.09514890611171722,0.9990167021751404,0.9678453207015991
YEL021W,YDL181W,0,-0.5835479,0.0951399952173233,0.9990167021751404,0.9679455161094666
YIL019W,YKR078W,0,-0.58794206,0.09513108432292938,0.9990167021751404,0.9680456519126892
YJR160C,YNL209W,0,-0.58964765,0.09512218087911606,0.9990167021751404,0.9681458473205566
YHL032C,YIL148W,0,-0.5920574,0.09511327743530273,0.9990167021751404,0.9682460427284241
YHR203C,YGR082W,0,-0.59215766,0.09510437399148941,0.9990167021751404,0.9683461785316467
YGR234W,YBL027W,0,-0.5981557,0.09509547054767609,0.9990167021751404,0.9684463739395142
YDR436W,YDR018C,0,-0.5983391,0.09508656710386276,0.9990167021751404,0.9685465097427368
YCR024C,YGR090W,0,-0.6052514,0.09507767111063004,0.9990167021751404,0.9686467051506042
YHR138C,YLR377C,0,-0.6061304,0.09506877511739731,0.9990167021751404,0.9687468409538269
YIL052C,YJL046W,0,-0.6065524,0.09505987912416458,0.9990167021751404,0.9688470363616943
YGL097W,YNL166C,0,-0.61391395,0.09505099058151245,0.9990167021751404,0.9689472317695618
YAR015W,YOR272W,0,-0.61587924,0.09504209458827972,0.9990167021751404,0.9690473675727844
YNL118C,YIL091C,0,-0.6170403,0.0950332060456276,0.9990167021751404,0.9691475629806519
YGR054W,YLR388W,0,-0.6174659,0.09502431750297546,0.9990167021751404,0.9692476987838745
YGR103W,YOR233W,0,-0.62182856,0.09501542896032333,0.9990167021751404,0.9693478941917419
YKL004W,YDR291W,0,-0.62243825,0.0950065478682518,0.9990167021751404,0.9694480895996094
YDL051W,YPL253C,0,-0.6232457,0.09499765932559967,0.9990167021751404,0.969548225402832
YDR243C,YKR060W,0,-0.6240973,0.09498877823352814,0.9990167021751404,0.9696484208106995
YGR244C,YKR092C,0,-0.6245207,0.0949799045920372,0.9990167021751404,0.9697485566139221
YKL181W,YHR028C,0,-0.6260391,0.09497102349996567,0.9990167021751404,0.9698487520217896
YBR254C,YOR095C,0,-0.64114654,0.09496214240789413,0.9990167021751404,0.9699488878250122
YPL226W,YOL023W,0,-0.64301896,0.0949532687664032,0.9990167021751404,0.9700490832328796
YER166W,YGL033W,0,-0.64695615,0.09494439512491226,0.9990167021751404,0.9701492786407471
YMR040W,YCR063W,0,-0.65231484,0.09493552893400192,0.9990167021751404,0.9702494144439697
YGR279C,YIR034C,0,-0.6526619,0.09492665529251099,0.9990167021751404,0.9703496098518372
YKR025W,YKL120W,0,-0.6536309,0.09491778910160065,0.9990167021751404,0.9704497456550598
YPL086C,YPR048W,0,-0.65367776,0.09490892291069031,0.9990167021751404,0.9705499410629272
YDR120C,YER065C,0,-0.6539952,0.09490005671977997,0.9990167021751404,0.9706500768661499
YLL048C,YJR123W,0,-0.65876687,0.09489119052886963,0.9990167021751404,0.9707502722740173
YER029C,YJL122W,0,-0.659003,0.09488233178853989,0.9990167021751404,0.9708504676818848
YML054C,YLR287C-A,0,-0.6625354,0.09487347304821014,0.9990167021751404,0.9709506034851074
YJR134C,YLR073C,1,-0.666844,0.09495798498392105,1.0,0.9709506034851074
YPR056W,YER102W,0,-0.6670562,0.09494911879301071,1.0,0.9710507988929749
YFR003C,YNL248C,0,-0.66966033,0.09494025260210037,1.0,0.9711509346961975
YGR283C,YJL096W,0,-0.6705193,0.09493139386177063,1.0,0.9712511301040649
YLR216C,YJR150C,0,-0.67110234,0.09492252767086029,1.0,0.9713513255119324
YPL266W,YCR054C,0,-0.6749396,0.09491366893053055,1.0,0.971451461315155
YLR017W,YGR172C,0,-0.6749503,0.0949048176407814,1.0,0.9715516567230225
YOR049C,YHR065C,0,-0.67608863,0.09489595890045166,1.0,0.9716517925262451
YIL008W,YBL046W,0,-0.677476,0.09488710761070251,1.0,0.9717519879341125
YOL094C,YLR056W,0,-0.6798046,0.09487825632095337,1.0,0.9718521237373352
YHR052W,YNL030W,0,-0.6844278,0.09486940503120422,1.0,0.9719523191452026
YLR319C,YOR004W,0,-0.6889414,0.09486055374145508,1.0,0.9720525145530701
YCR053W,YMR051C,0,-0.68970233,0.09485170990228653,1.0,0.9721526503562927
YLR384C,YIL073C,0,-0.69003356,0.09484285861253738,1.0,0.9722528457641602
YHR169W,YLR154C,0,-0.6916557,0.09483401477336884,1.0,0.9723529815673828
YPL227C,YJL050W,0,-0.69565505,0.09482517838478088,1.0,0.9724531769752502
YDR184C,YMR247C,0,-0.69840074,0.09481633454561234,1.0,0.9725533127784729
YDL075W,YKL183W,0,-0.70043427,0.09480749815702438,1.0,0.9726535081863403
YGR065C,YBR021W,0,-0.7008492,0.09479865431785583,1.0,0.9727537035942078
YBR130C,YJR002W,0,-0.7099696,0.09478982537984848,1.0,0.9728538393974304
YDR038C,YDR342C,0,-0.7101955,0.09478098899126053,1.0,0.9729540348052979
YDR297W,YDR365C,0,-0.7106265,0.09477215260267258,1.0,0.9730541706085205
YNL222W,YNL111C,0,-0.7133606,0.09476332366466522,1.0,0.9731543660163879
YML100W,YFL022C,0,-0.7138143,0.09475449472665787,1.0,0.9732545614242554
YIR017C,YKR092C,0,-0.7163363,0.09474566578865051,1.0,0.973354697227478
YIL160C,YPL275W,0,-0.7197227,0.09473684430122375,1.0,0.9734548926353455
YPR005C,YKR061W,0,-0.7204214,0.0947280153632164,1.0,0.9735550284385681
YGL111W,YGL023C,0,-0.72219634,0.09471919387578964,1.0,0.9736552238464355
YBL080C,YML081W,0,-0.72222036,0.09471037238836288,1.0,0.9737553596496582
YGR152C,YGR159C,0,-0.72394633,0.09470155835151672,1.0,0.9738555550575256
YML093W,YDR234W,0,-0.73160946,0.09469273686408997,1.0,0.9739557504653931
YGL171W,YOL034W,0,-0.73415107,0.0946839228272438,1.0,0.9740558862686157
YDR235W,YOR004W,0,-0.73504823,0.09467510879039764,1.0,0.9741560816764832
YBR003W,YNL112W,0,-0.73730844,0.09466629475355148,1.0,0.9742562174797058
YJR059W,YIL158W,0,-0.7375007,0.09465748071670532,1.0,0.9743564128875732
YEL050C,YJL189W,0,-0.7496357,0.09464867413043976,1.0,0.9744565486907959
YDL175C,YNR038W,0,-0.75031525,0.0946398675441742,1.0,0.9745567440986633
YHR020W,YML063W,0,-0.75148696,0.09463106095790863,1.0,0.9746569395065308
YAL025C,YKL018W,0,-0.75179845,0.09462225437164307,1.0,0.9747570753097534
YMR125W,YPR010C,0,-0.75218004,0.0946134552359581,1.0,0.9748572707176208
YPL069C,YJL069C,0,-0.75618196,0.09460464864969254,1.0,0.9749574065208435
YLR075W,YMR079W,0,-0.75983053,0.09459584951400757,1.0,0.9750576019287109
YFL052W,YGR245C,0,-0.7605148,0.0945870503783226,1.0,0.9751577973365784
YER111C,YBR092C,0,-0.7656526,0.09457825869321823,1.0,0.975257933139801
YBR084W,YLR423C,0,-0.7690563,0.09456945955753326,1.0,0.9753581285476685
YER065C,YIL015W,0,-0.77423716,0.0945606678724289,1.0,0.9754582643508911
YPR110C,YIL157C,0,-0.7742781,0.09455187618732452,1.0,0.9755584597587585
YDR025W,YCR073C,0,-0.7765088,0.09454308450222015,1.0,0.9756585955619812
YOL120C,YMR079W,0,-0.77870643,0.09453430026769638,1.0,0.9757587909698486
YJR007W,YKL029C,0,-0.7901233,0.09452551603317261,1.0,0.9758589863777161
YHR128W,YLR419W,0,-0.7961471,0.09451673179864883,1.0,0.9759591221809387
YPL072W,YDR101C,0,-0.79682946,0.09450794756412506,1.0,0.9760593175888062
YPR052C,YLR003C,0,-0.79782754,0.09449916332960129,1.0,0.9761594533920288
YDR060W,YDL209C,0,-0.79798746,0.09449038654565811,1.0,0.9762596487998962
YIR012W,YAL028W,0,-0.801192,0.09448160231113434,1.0,0.9763597846031189
YKR046C,YJR150C,0,-0.8033187,0.09447282552719116,1.0,0.9764599800109863
YML094W,YOR312C,0,-0.8080705,0.09446405619382858,1.0,0.9765601754188538
YIL148W,YNR024W,0,-0.8130033,0.0944552794098854,1.0,0.9766603112220764
YDR515W,YDR179C,0,-0.81308615,0.09444651007652283,1.0,0.9767605066299438
YGL116W,YDR110W,0,-0.8136813,0.09443774074316025,1.0,0.9768606424331665
YJL069C,YMR116C,0,-0.8244837,0.09442897140979767,1.0,0.9769608378410339
YML118W,YOL139C,0,-0.8255485,0.09442020207643509,1.0,0.9770610332489014
YDR237W,YNL113W,0,-0.82949394,0.0944114401936531,1.0,0.977161169052124
YBR139W,YIL018W,0,-0.83203363,0.09440267086029053,1.0,0.9772613644599915
YDL201W,YDL207W,0,-0.8329829,0.09439390897750854,1.0,0.9773615002632141
YDR377W,YJL133W,0,-0.83434665,0.09438514709472656,1.0,0.9774616956710815
YJL109C,YNL327W,0,-0.83494383,0.09437639266252518,1.0,0.9775618314743042
YLR435W,YBL099W,0,-0.84251016,0.09436763823032379,1.0,0.9776620268821716
YOL149W,YGL099W,0,-0.84649724,0.09435887634754181,1.0,0.9777622222900391
YNL254C,YML043C,0,-0.8496787,0.09435012191534042,1.0,0.9778623580932617
YNL002C,YPL181W,0,-0.8496907,0.09434137493371964,1.0,0.9779625535011292
YBR009C,YEL026W,0,-0.8554905,0.09433262050151825,1.0,0.9780626893043518
YNL075W,YMR029C,0,-0.85615724,0.09432387351989746,1.0,0.9781628847122192
YMR011W,YLR007W,0,-0.85762566,0.09431512653827667,1.0,0.9782630205154419
YLR287C-A,YOR207C,0,-0.85797864,0.09430637955665588,1.0,0.9783632159233093
YGR109C,YNL248C,0,-0.85951173,0.0942976325750351,1.0,0.9784634113311768
YMR131C,YMR135C,0,-0.8604691,0.0942888930439949,1.0,0.9785635471343994
YDL153C,YBR204C,0,-0.86074406,0.09428015351295471,1.0,0.9786637425422668
YJL138C,YHL011C,0,-0.8624751,0.09427141398191452,1.0,0.9787638783454895
YIR012W,YDL189W,0,-0.86829036,0.09426267445087433,1.0,0.9788640737533569
YJR097W,YGR129W,0,-0.8721648,0.09425394237041473,1.0,0.9789642095565796
YPL268W,YDL184C,0,-0.8771898,0.09424520283937454,1.0,0.979064404964447
YIL019W,YBR299W,0,-0.87794584,0.09423647075891495,1.0,0.9791646003723145
YFL034C-A,YPL108W,0,-0.8807182,0.09422773867845535,1.0,0.9792647361755371
YGR159C,YFR028C,0,-0.886917,0.09421901404857635,1.0,0.9793649315834045
YPL172C,YNL164C,0,-0.888501,0.09421028196811676,1.0,0.9794650673866272
YGL250W,YML026C,0,-0.8907682,0.09420155733823776,1.0,0.9795652627944946
YPL227C,YKL185W,0,-0.8927571,0.09419283270835876,1.0,0.9796654582023621
YEL034W,YPR120C,0,-0.9023041,0.09418410807847977,1.0,0.9797655940055847
YGL135W,YPR120C,0,-0.9070453,0.09417538344860077,1.0,0.9798657894134521
YLR022C,YHR193C,0,-0.9081123,0.09416666626930237,1.0,0.9799659252166748
YOR384W,YLR388W,0,-0.9137051,0.09415794909000397,1.0,0.9800661206245422
YGR280C,YGL084C,0,-0.9237215,0.09414923191070557,1.0,0.9801662564277649
YDL082W,YIL150C,0,-0.9262073,0.09414051473140717,1.0,0.9802664518356323
YJL125C,YIL131C,0,-0.926623,0.09413180500268936,1.0,0.9803666472434998
YOL140W,YHR023W,0,-0.9289137,0.09412308782339096,1.0,0.9804667830467224
YML082W,YMR142C,0,-0.93723804,0.09411437809467316,1.0,0.9805669784545898
YER102W,YFR037C,0,-0.9433853,0.09410567581653595,1.0,0.9806671142578125
YGL016W,YDL212W,0,-0.9484169,0.09409696608781815,1.0,0.9807673096656799
YNL173C,YKR081C,0,-0.96424586,0.09408825635910034,1.0,0.9808674454689026
YER058W,YLR083C,0,-0.97328895,0.09407955408096313,1.0,0.98096764087677
YNL146W,YML123C,0,-0.976065,0.09407085180282593,1.0,0.9810678362846375
YDL075W,YER060W,0,-0.97853774,0.09406214952468872,1.0,0.9811679720878601
YGL135W,YPL183C,0,-0.98612565,0.09405345469713211,1.0,0.9812681674957275
YDR101C,YER054C,0,-0.98960894,0.0940447598695755,1.0,0.9813683032989502
YER131W,YLR215C,0,-0.991739,0.0940360575914383,1.0,0.9814684987068176
YGR103W,YDR516C,0,-0.99203557,0.09402737021446228,1.0,0.9815686941146851
YLR223C,YDR180W,0,-0.9945001,0.09401867538690567,1.0,0.9816688299179077
YNL254C,YAL025C,0,-0.9953216,0.09400998055934906,1.0,0.9817690253257751
YBR267W,YNL188W,0,-1.0074675,0.09400129318237305,1.0,0.9818691611289978
YNR012W,YOR101W,0,-1.0114326,0.09399260580539703,1.0,0.9819693565368652
YMR118C,YDL085W,0,-1.0278735,0.09398391842842102,1.0,0.9820694923400879
YIR026C,YER118C,0,-1.0295498,0.0939752385020256,1.0,0.9821696877479553
YEL055C,YBL036C,0,-1.0338581,0.09396655112504959,1.0,0.9822698831558228
YNL119W,YMR105C,0,-1.0548054,0.09395787119865417,1.0,0.9823700189590454
YBR104W,YDR206W,0,-1.0560741,0.09394919127225876,1.0,0.9824702143669128
YPL178W,YHR170W,0,-1.0590466,0.09394051134586334,1.0,0.9825703501701355
YPR104C,YJL125C,0,-1.0604751,0.09393183887004852,1.0,0.9826705455780029
YPL210C,YLR448W,0,-1.0617115,0.0939231589436531,1.0,0.9827706813812256
YBR024W,YGR128C,0,-1.0635412,0.09391448646783829,1.0,0.982870876789093
YER025W,YIL110W,0,-1.0639256,0.09390581399202347,1.0,0.9829710721969604
YPR034W,YOR083W,0,-1.0715977,0.09389714896678925,1.0,0.9830712080001831
YKL216W,YHR148W,0,-1.0737057,0.09388847649097443,1.0,0.9831714034080505
YJL148W,YOR151C,0,-1.0781729,0.0938798114657402,1.0,0.9832715392112732
YLR413W,YOR191W,0,-1.079731,0.09387114644050598,1.0,0.9833717346191406
YHR128W,YDR184C,0,-1.0836775,0.09386248141527176,1.0,0.9834719300270081
YLR340W,YGL171W,0,-1.0847626,0.09385382384061813,1.0,0.9835720658302307
YLR319C,YBL054W,0,-1.0869877,0.09384515881538391,1.0,0.9836722612380981
YPL016W,YBL039C,0,-1.0927523,0.09383650124073029,1.0,0.9837723970413208
YOR133W,YLR388W,0,-1.093317,0.09382784366607666,1.0,0.9838725924491882
YER056C,YGR065C,0,-1.1001087,0.09381918609142303,1.0,0.9839727282524109
YJR104C,YKR099W,0,-1.1038855,0.09381053596735,1.0,0.9840729236602783
YGR148C,YML065W,0,-1.1059225,0.09380187839269638,1.0,0.9841731190681458
YDR500C,YER118C,0,-1.1102786,0.09379322826862335,1.0,0.9842732548713684
YDL051W,YHR043C,0,-1.1154757,0.09378457814455032,1.0,0.9843734502792358
YBR040W,YIL037C,0,-1.1156492,0.09377593547105789,1.0,0.9844735860824585
YPL212C,YBR146W,0,-1.1210319,0.09376728534698486,1.0,0.9845737814903259
YGL205W,YPL097W,0,-1.1292489,0.09375864267349243,1.0,0.9846739172935486
YHR020W,YFL022C,0,-1.1358519,0.09375,1.0,0.984774112701416
YDL031W,YOL123W,0,-1.1538274,0.09374135732650757,1.0,0.9848743081092834
YAL025C,YDL207W,0,-1.1583812,0.09373272210359573,1.0,0.9849744439125061
YKL004W,YMR131C,0,-1.1930277,0.0937240794301033,1.0,0.9850746393203735
YML024W,YKL026C,0,-1.1996647,0.09371544420719147,1.0,0.9851747751235962
YPL012W,YKR085C,0,-1.2004439,0.09370680898427963,1.0,0.9852749705314636
YGR054W,YMR242C,0,-1.2137766,0.0936981737613678,1.0,0.985375165939331
YPR046W,YPL038W,0,-1.2319171,0.09368954598903656,1.0,0.9854753017425537
YAL003W,YLR287C-A,0,-1.2463009,0.09368091076612473,1.0,0.9855754971504211
YGL205W,YEL054C,0,-1.2485878,0.09367228299379349,1.0,0.9856756329536438
YDR075W,YLR355C,0,-1.251446,0.09366365522146225,1.0,0.9857758283615112
YNL256W,YPL160W,0,-1.2523893,0.09365503489971161,1.0,0.9858759641647339
YDL075W,YCR005C,0,-1.253715,0.09364640712738037,1.0,0.9859761595726013
YJL109C,YLR258W,0,-1.254869,0.09363778680562973,1.0,0.9860763549804688
YER127W,YNL065W,0,-1.2568214,0.09362916648387909,1.0,0.9861764907836914
YPR100W,YDL136W,0,-1.2590911,0.09362054616212845,1.0,0.9862766861915588
YMR014W,YOR056C,0,-1.2599785,0.09361192584037781,1.0,0.9863768219947815
YER127W,YJL179W,0,-1.2716675,0.09360331296920776,1.0,0.9864770174026489
YGL120C,YEL042W,0,-1.2724924,0.09359470009803772,1.0,0.9865771532058716
YOR224C,YGR271C-A,0,-1.272895,0.09358608722686768,1.0,0.986677348613739
YHR128W,YBL072C,0,-1.2763709,0.09357747435569763,1.0,0.9867775440216064
YBR283C,YLL035W,0,-1.2812774,0.09356886893510818,1.0,0.9868776798248291
YLR189C,YGL078C,0,-1.2856748,0.09356025606393814,1.0,0.9869778752326965
YGR283C,YJR067C,0,-1.2872549,0.0935516506433487,1.0,0.9870780110359192
YIL110W,YHR021C,0,-1.2872823,0.09354304522275925,1.0,0.9871782064437866
YDL201W,YBL075C,0,-1.2945412,0.0935344398021698,1.0,0.987278401851654
YBR298C,YDR534C,0,-1.2973794,0.09352584183216095,1.0,0.9873785376548767
YOR335C,YMR230W,0,-1.3278009,0.0935172438621521,1.0,0.9874787330627441
YPL211W,YPR118W,0,-1.3471181,0.09350864589214325,1.0,0.9875788688659668
YPL266W,YOR211C,0,-1.35126,0.0935000479221344,1.0,0.9876790642738342
YIL101C,YEL060C,0,-1.3515002,0.09349144995212555,1.0,0.9877792000770569
YOR001W,YDR110W,0,-1.379602,0.0934828594326973,1.0,0.9878793954849243
YGR103W,YHR139C,0,-1.3797326,0.09347426146268845,1.0,0.9879795908927917
YDL042C,YDR017C,0,-1.4061598,0.09346567094326019,1.0,0.9880797266960144
YFL034C-A,YCR005C,0,-1.4180868,0.09345708787441254,1.0,0.9881799221038818
YIL110W,YNL164C,0,-1.4184263,0.09344849735498428,1.0,0.9882800579071045
YLR336C,YNR045W,0,-1.4234533,0.09343991428613663,1.0,0.9883802533149719
YDL212W,YDR091C,0,-1.4242761,0.09343133121728897,1.0,0.9884803891181946
YPR169W,YIL103W,0,-1.4374325,0.09342274814844131,1.0,0.988580584526062
YGL016W,YHR187W,0,-1.4425392,0.09341416507959366,1.0,0.9886807799339294
YNL124W,YLR015W,0,-1.4518518,0.093405582010746,1.0,0.9887809157371521
YKL056C,YMR297W,0,-1.4611812,0.09339700639247894,1.0,0.9888811111450195
YHR052W,YLR106C,0,-1.4641023,0.09338843077421188,1.0,0.9889812469482422
YOR341W,YCL031C,0,-1.46733,0.09337985515594482,1.0,0.9890814423561096
YFR038W,YER006W,0,-1.4713655,0.09337127953767776,1.0,0.989181637763977
YJL033W,YMR116C,0,-1.4737113,0.0933627113699913,1.0,0.9892817735671997
YNL186W,YPL157W,0,-1.4752584,0.09335414320230484,1.0,0.9893819689750671
YBR084W,YIL110W,0,-1.4943856,0.09334557503461838,1.0,0.9894821047782898
YBR034C,YMR288W,0,-1.4983611,0.09333700686693192,1.0,0.9895823001861572
YNL154C,YOR252W,0,-1.500312,0.09332843869924545,1.0,0.9896824359893799
YPL081W,YPL157W,0,-1.5272541,0.09331987798213959,1.0,0.9897826313972473
YAL059W,YHR216W,0,-1.5416491,0.09331130981445312,1.0,0.9898828268051147
YDR087C,YKL188C,0,-1.5528376,0.09330274909734726,1.0,0.9899829626083374
YNL308C,YER118C,0,-1.5555248,0.09329419583082199,1.0,0.9900831580162048
YKR024C,YLR075W,0,-1.5581225,0.09328563511371613,1.0,0.9901832938194275
YLR017W,YDR447C,0,-1.5843507,0.09327708184719086,1.0,0.9902834892272949
YBR048W,YDR165W,0,-1.590976,0.09326852858066559,1.0,0.9903836250305176
YPL211W,YOL097C,0,-1.5942619,0.09325997531414032,1.0,0.990483820438385
YKR092C,YCR071C,0,-1.6113855,0.09325142204761505,1.0,0.9905840158462524
YOR271C,YNL252C,0,-1.6135573,0.09324286878108978,1.0,0.9906841516494751
YER114C,YMR290C,0,-1.6398172,0.09323432296514511,1.0,0.9907843470573425
YBR104W,YDR075W,0,-1.6603854,0.09322577714920044,1.0,0.9908844828605652
YNL305C,YKL181W,0,-1.6677046,0.09321723133325577,1.0,0.9909846782684326
YLR196W,YDR471W,0,-1.6871272,0.0932086855173111,1.0,0.9910848736763
YNL227C,YJR123W,0,-1.7054801,0.09320014715194702,1.0,0.9911850094795227
YBR214W,YPL203W,0,-1.7400124,0.09319160878658295,1.0,0.9912852048873901
YHR070W,YPL043W,0,-1.7512925,0.09318307042121887,1.0,0.9913853406906128
YML043C,YNL315C,0,-1.7655354,0.0931745320558548,1.0,0.9914855360984802
YLR432W,YMR225C,0,-1.7724419,0.09316599369049072,1.0,0.9915856719017029
YOL144W,YIL008W,0,-1.7795362,0.09315746277570724,1.0,0.9916858673095703
YJL136C,YPR143W,0,-1.8199469,0.09314893186092377,1.0,0.9917860627174377
YOR063W,YNL227C,0,-1.8289502,0.09314040094614029,1.0,0.9918861985206604
YPL226W,YCR053W,0,-1.8327307,0.09313187003135681,1.0,0.9919863939285278
YLR143W,YJL098W,0,-1.844401,0.09312333911657333,1.0,0.9920865297317505
YKL120W,YMR217W,0,-1.8573105,0.09311481565237045,1.0,0.9921867251396179
YPR110C,YHR010W,0,-1.858892,0.09310629218816757,1.0,0.9922868609428406
YNL001W,YDR184C,0,-1.8764472,0.09309776872396469,1.0,0.992387056350708
YLR017W,YLR287C-A,0,-1.8800149,0.09308924525976181,1.0,0.9924872517585754
YOR315W,YNL256W,0,-1.880105,0.09308072179555893,1.0,0.9925873875617981
YER110C,YHR010W,0,-1.9097427,0.09307220578193665,1.0,0.9926875829696655
YKL006W,YOR361C,0,-1.9159496,0.09306368976831436,1.0,0.9927877187728882
YDR299W,YDR300C,0,-1.915963,0.09305517375469208,1.0,0.9928879141807556
YDR361C,YGR088W,0,-1.9353387,0.0930466577410698,1.0,0.9929880499839783
YER110C,YLR075W,0,-1.944984,0.0930381491780281,1.0,0.9930882453918457
YOR001W,YLR448W,0,-1.9814358,0.09302964061498642,1.0,0.9931884407997131
YLR075W,YOR293W,0,-2.000084,0.09302113205194473,1.0,0.9932885766029358
YLR196W,YKL081W,0,-2.00578,0.09301262348890305,1.0,0.9933887720108032
YML100W,YPR010C,0,-2.0064766,0.09300411492586136,1.0,0.9934889078140259
YJR097W,YCR053W,0,-2.0089025,0.09299561381340027,1.0,0.9935891032218933
YML096W,YHR196W,0,-2.0157547,0.09298710525035858,1.0,0.9936892986297607
YNL247W,YMR217W,0,-2.0210848,0.09297860413789749,1.0,0.9937894344329834
YBL100W-B,YCL019W,0,-2.0229986,0.092970110476017,1.0,0.9938896298408508
YDR279W,YHR088W,0,-2.0330892,0.09296160936355591,1.0,0.9939897656440735
YNR053C,YNL188W,0,-2.0369997,0.09295311570167542,1.0,0.9940899610519409
YFL034C-A,YOR312C,0,-2.043415,0.09294461458921432,1.0,0.9941900968551636
YBL018C,YHR120W,0,-2.0644212,0.09293612092733383,1.0,0.994290292263031
YOL080C,YHR197W,0,-2.0693135,0.09292763471603394,1.0,0.9943904876708984
YDL112W,YER082C,0,-2.0698628,0.09291914105415344,1.0,0.9944906234741211
YMR142C,YGL029W,0,-2.0776896,0.09291065484285355,1.0,0.9945908188819885
YJR145C,YJL177W,0,-2.1042314,0.09290216863155365,1.0,0.9946909546852112
YIL052C,YBL004W,0,-2.1233773,0.09289368242025375,1.0,0.9947911500930786
YIL148W,YJR094W-A,0,-2.1340659,0.09288519620895386,1.0,0.9948912858963013
YKR060W,YLR333C,0,-2.1886854,0.09287670999765396,1.0,0.9949914813041687
YDR450W,YOR312C,0,-2.2157516,0.09286823123693466,1.0,0.9950916767120361
YLR196W,YIL070C,0,-2.2323422,0.09285975247621536,1.0,0.9951918125152588
YKL029C,YKL181W,0,-2.2673037,0.09285127371549606,1.0,0.9952920079231262
YPL090C,YOR341W,0,-2.2698655,0.09284279495477676,1.0,0.9953921437263489
YBR267W,YNL299W,0,-2.2782974,0.09283432364463806,1.0,0.9954923391342163
YGR162W,YHR019C,0,-2.2821295,0.09282585233449936,1.0,0.9955925345420837
YAL035W,YPR010C,0,-2.3340988,0.09281737357378006,1.0,0.9956926703453064
YHR170W,YNL206C,0,-2.3365865,0.09280890971422195,1.0,0.9957928657531738
YDL014W,YNL227C,0,-2.3412402,0.09280043840408325,1.0,0.9958930015563965
YBR104W,YGR280C,0,-2.3556395,0.09279196709394455,1.0,0.9959931969642639
YER053C,YDL204W,0,-2.3975403,0.09278350323438644,1.0,0.9960933327674866
YML026C,YHR141C,0,-2.4016619,0.09277503937482834,1.0,0.996193528175354
YLR215C,YJL025W,0,-2.4169273,0.09276657551527023,1.0,0.9962937235832214
YGR283C,YHL015W,0,-2.537983,0.09275811910629272,1.0,0.9963938593864441
YDR450W,YOR369C,0,-2.560628,0.09274965524673462,1.0,0.9964940547943115
YOR095C,YLR287C-A,0,-2.5741396,0.09274119883775711,1.0,0.9965941905975342
YPL198W,YKR060W,0,-2.6215227,0.0927327424287796,1.0,0.9966943860054016
YDR087C,YKL014C,0,-2.6375713,0.0927242860198021,1.0,0.9967945218086243
YIL158W,YER006W,0,-2.6389637,0.09271583706140518,1.0,0.9968947172164917
YKL156W,YML082W,0,-2.752185,0.09270738065242767,1.0,0.9969949126243591
YNL256W,YNL308C,0,-2.7768724,0.09269893169403076,1.0,0.9970950484275818
YDL051W,YLR022C,0,-2.7932086,0.09269048273563385,1.0,0.9971952438354492
YKR024C,YGL078C,0,-2.861144,0.09268204122781754,1.0,0.9972953796386719
YIL148W,YOR234C,0,-2.8816395,0.09267359226942062,1.0,0.9973955750465393
YDR398W,YER006W,0,-2.9319947,0.09266515076160431,1.0,0.9974957704544067
YPL043W,YIL110W,0,-2.951458,0.092656709253788,1.0,0.9975959062576294
YKL021C,YKL081W,0,-2.9668105,0.09264826774597168,1.0,0.9976961016654968
YGR159C,YKL138C,0,-2.9923966,0.09263982623815536,1.0,0.9977962374687195
YPL043W,YGR200C,0,-3.1855078,0.09263138473033905,1.0,0.9978964328765869
YPL086C,YDL051W,0,-3.1856856,0.09262295067310333,1.0,0.9979965686798096
YJL010C,YDR398W,0,-3.2100668,0.09261451661586761,1.0,0.998096764087677
YBR142W,YLL011W,0,-3.3253608,0.0926060825586319,1.0,0.9981969594955444
YIR012W,YCL059C,0,-3.3356495,0.09259764850139618,1.0,0.9982970952987671
YOR063W,YDR184C,0,-3.429852,0.09258922189474106,1.0,0.9983972907066345
YLR367W,YAL025C,0,-3.4864478,0.09258079528808594,1.0,0.9984974265098572
YGR123C,YGR245C,0,-3.5186062,0.09257236123085022,1.0,0.9985976219177246
YGR103W,YDR119W,0,-3.5571094,0.0925639420747757,1.0,0.9986977577209473
YNL151C,YOL041C,0,-3.6219459,0.09255551546812057,1.0,0.9987979531288147
YHR089C,YGR128C,0,-3.7304134,0.09254708886146545,1.0,0.9988981485366821
YNL113W,YDR101C,0,-3.7445695,0.09253866970539093,1.0,0.9989982843399048
YAL003W,YNL119W,0,-3.830987,0.0925302505493164,1.0,0.9990984797477722
YML093W,YLR222C,0,-4.047641,0.09252183139324188,1.0,0.9991986155509949
YBR181C,YMR217W,0,-4.1039534,0.09251341968774796,1.0,0.9992988109588623
YCR016W,YGL078C,0,-4.330661,0.09250500053167343,1.0,0.9993990063667297
YHR052W,YER131W,0,-4.3727255,0.0924965888261795,1.0,0.9994991421699524
YGR280C,YNL075W,0,-4.4062257,0.09248817712068558,1.0,0.9995993375778198
YGL120C,YKL143W,0,-4.507848,0.09247976541519165,1.0,0.9996994733810425
YDL031W,YMR290C,0,-4.5992074,0.09247136116027832,1.0,0.9997996687889099
YHR052W,YDR184C,0,-4.794225,0.0924629494547844,1.0,0.9998998045921326
YDR101C,YGL029W,0,-4.9750257,0.09245454519987106,1.0,1.0
