YORF	NAME	GWEIGHT	Primig00_SK1a alpha t 0	Primig00_SK1a alpha 1h	Primig00_SK1a alpha 2h	Primig00_SK1a alpha 3h	Primig00_SK1a alpha 4h	Primig00_SK1a alpha 6h	Primig00_SK1a alpha 8h	Primig00_SK1a alpha 10h	Primig00_SK1alpha alpha t 0	Primig00_SK1alpha alpha 2h	Primig00_SK1alpha alpha 4h	Primig00_SK1alpha alpha 6h	Primig00_SK1alpha alpha 8h	Primig00_W303a alpha t 0	Primig00_W303a alpha 2h	Primig00_W303a alpha 4h	Primig00_W303a alpha 6h	Primig00_W303a alpha 8h	Primig00_W303a alpha 10h	Primig00_W303a alpha 12h	Primig00_W303a a t 0	Primig00_W303a a 2h	Primig00_W303a a 4h	Primig00_ 6h
EWEIGHT			-0.6110449896301254	1.2041746883509679	0.5790240014680177	1.4866980465840642	0.291426061018993	0.6561960092628681	0.4131625391586694	1.8434099301177156	0.44776441523783195	1.5202728635322775	0.48117872787051047	-0.5788449509964143	1.2536463681652605	-1.1356447469362538	-1.1082308203096751	0.023912308939729243	0.12264653831643924	0.45591803996076363	0.5411892137458475	0.02353270461915079	1.030475114455071	0.7070199177198796	0.6333315176218113	1.3730236856757954
YDL025C	YDL025C	1.0	-0.061605282056107276	-1.0295035799468488	-1.125439593094246	-0.5601348142068536	-0.7865548757106132	-1.5963920572361068	-0.5221987416654998	-0.1653246736647391	1.1024278753406536	-0.5044995468107769	-0.3874816894168801	-0.26641643820457994	-0.42673017855592354	0.8465420299031271	0.02011723760780254	0.05985660550245114	-0.010722691797668044	2.404128512345774	-1.4580283077789629	-0.8959353939295431	-0.5266489967406961	-0.3241360420210708	-0.47986250799070074	-0.41967209611895423
YPR128C	YPR128C	1.0	0.24139627773703798	1.4477114001007996	0.4261152331717055	0.9388630493434124	1.5398406162984932	0.2534436723023488	0.4717719619863394	-1.1183350957581903	1.2989510372354711	1.141002193420521	-0.3344908402850013	1.0426996368107775	-1.2606826816609478	-0.7629855479290094	1.23416290465859	-0.17467468302829386	-1.6392558648522106	1.342357134997322	-0.48024483708425	0.894593750164674	0.10609323756504396	0.21749849075341116	-1.960311664429462	0.6778862337025751
YKL032C	YKL032C	1.0	-1.3812332886208265	-0.07629358491456643	-0.05532514993496548	-0.2912591115689345	1.903682981662731	1.2343759737393907	-0.6509034256182269	-1.2571843830947877	-0.5945380207103518	-1.12005967150498	1.0180581597315077	1.1468014356381355	-1.1348508453764006	-0.7700317634215559	-0.8206180150233368	0.8392911614943326	-1.3306202360005401	1.5031358860830073	0.2550932308959542	-0.028688303321445154	0.12468116543577966	-0.9047382883342152	-0.25998095656768955	0.7362706051752776
YNL325C	YNL325C	1.0	-1.0082576486013033	-1.5263447924307183	-0.32036616496824954	0.5381494126157959	0.34517657469364793	-0.4737158508704733	0.2992520229246823	0.4980016054532967	-1.2807118061154008	1.2258697003836196	0.5407157459304692	0.002459833868476483	0.6698740912493003	-0.15874877244770247	0.13925208906395975	-0.79779544083691	-0.3305116901825673	0.7162279324309778	-1.2655736230020378	1.2328020238888815	0.7514893046967582	-0.03234010389532909	0.18954228298592302	1.8590977984882269
YJR150C	YJR150C	1.0	0.5364679263271015	-1.5563485060122508	-0.3249555433282975	-1.9828358028731967	0.2801207504020781	0.03255699659423998	1.9173541490839257	0.16493562849065033	0.8133327640371066	-0.7283928096346977	-1.2251949123974806	1.7314484575895484	-0.8664923862752836	-0.16630775159699498	1.6032403470022232	-1.3471326489119726	-0.43032258411499047	0.1263057389559026	0.796652315915117	-1.4326224148275588	-0.5526037874936468	0.13027336516673588	-0.04044513394289026	-0.42838249443890064
YPL201C	YPL201C	1.0	-0.003655311555526571	1.1781486402673973	1.7943567009372319	-0.8884442457427506	-0.7868395241271773	1.0587228039515495	1.4823612686950705	0.7318099630361468	0.30532905418894185	1.0715287126964403	-1.772419584748556	0.04815887077330025	-0.20660484751648955	0.9898752726260985	-0.6961991907034204	-2.4355200174100027	0.2967053748033768	1.6875042125138422	-0.8837331426479305	-1.697828721628772	-1.5920757583095122	2.076054172388294	0.07134844220701479	-0.7279586807607151
YPR097W	YPR097W	1.0	0.028828861611168627	-0.6161268482438269	0.6836328380175554	-0.4541396889432674	-0.5732129616631676	-0.597875510670408	-2.1329469717034577	-0.1488792144108846	1.1561079426481171	0.9101108255244933	0.5350601262224177	-2.015799149369029	-0.9597344287673362	0.12949480806283017	-0.7190760700740881	-0.20525395542296623	-0.3813187203186652	-1.0873503116755419	0.1472267759858237	0.8297741124548097	-1.1036623206927156	0.12667685093147835	0.5422039830387819	0.4069299445152056
YER048C	YER048C	1.0	-1.2403639829343853	-0.19417346333622684	0.693376701104408	0.7426141900867193	0.16091499267431017	0.6919044391267812	-0.048065348329162795	-0.34998538455895856	1.134577153416457	0.9890795054429073	0.39168070947358463	-2.3258288651434587	1.7396641622497881	0.2898564196554061	-0.27150585774869535	-1.8629314956295373	1.1127477605854739	-1.0568664009364797	-0.32164719248158646	-2.012705084841683	0.41732911535688016	0.6567223203066278	1.3144104103970151	-0.011807690677431617
YIL114C	YIL114C	1.0	0.9129585031094035	-0.43228172754939054	-1.0532413696613634	-1.5500508282673335	2.091489123634991	0.008298986874080087	1.4285792245862592	0.022343931540398786	0.8875947967360504	-0.7486533924425512	-0.28892703460548463	1.0486016864789627	0.3859348498994049	-0.9371365628440235	0.08174981403059153	-0.13118877278171576	0.0025952308100639157	1.3788923103452557	0.5643930301383072	0.4734852313472683	0.14058066017791682	-0.8378772046087328	-0.10388807581474722	0.8181782722189428
YBL018C	YBL018C	1.0	-0.008236773036546265	-0.5829658868018963	-0.08400655730687527	0.9652589954608234	0.5738524231638196	-1.1998925690757025	2.049453036195695	-1.9792711454306209	1.607966201578884	-0.1588780053781417	-0.08843691109482114	-2.1629233073339815	-1.9783003089765674	-0.02104992549415921	1.5542995443236913	0.43054854155901834	-1.1921613075411537	-0.5016300474704645	3.6893465698807066	0.21833424643342633	1.2670528370807002	0.05136954147847474	-0.1377052601175396	-1.1202908108695018
YNL098C	YNL098C	1.0	-0.7149779618102107	-0.5435452938803504	0.43028384188368907	0.6684649680381125	0.9726756899567832	-0.10045851053735859	0.007807898955747331	-0.20315519339655852	-0.12545785435725573	0.054955268785236745	0.14246448651734564	0.8734451639837338	0.34564567695415627	-0.42140285650193565	0.184065781349242	-0.5629725008263712	-1.0717488197602396	-0.5309527738057295	-0.32967843150407944	0.6994653481217189	0.6252097378521682	0.7834363815166192	1.858764423302133	-0.47356553945726565
YBR234C	YBR234C	1.0	0.0	0.5176380902050415	0.9999999999999999	1.4142135623730951	1.7320508075688772	1.9318516525781366	2.0	1.9318516525781366	1.7320508075688774	1.4142135623730951	0.9999999999999999	0.517638090205042	2.4492935982947064e-16	-0.5176380902050407	-1.0000000000000002	-1.414213562373095	-1.732050807568877	-1.9318516525781366	-2.0	-1.9318516525781368	-1.7320508075688772	-1.4142135623730954	-1.0000000000000009	-0.5176380902050414
YJL166W	YJL166W	1.0	0.05018917310859568	-0.17725798676654092	-0.3945785010995012	0.7029311924972281	0.39989280471853744	1.4819213572582302	1.3570021212313756	2.104287426950393	-0.41657640323768846	-0.3423407478544625	1.1462772781409507	-1.211245138657318	2.1466397866165674	-0.6574769654367627	-0.16498574322014317	1.8559264508318514	-0.8842941593537011	-0.5546424670393328	0.41438981752432147	1.0730220733722946	-0.16543134799307233	0.5579074674997493	0.06157590051897189	-0.2178624351555406
YDR006C	YDR006C	1.0	1.8851642413234833	0.4441718626725256	1.347923802374849	0.6956781374320046	0.682478899703796	-0.1350605447948716	-0.2926347241027808	-0.5295287869827454	0.8587799239758351	-0.16342055229434613	-1.067903327290093	0.060853175526362074	1.0989947548110666	1.4576724418149554	-0.5521273169015737	1.3932435823334073	0.033745409626676846	1.020596851288466	0.6200860061772158	1.0470049852904941	-0.025754988539404396	-0.3316398706695648	1.2747415770441872	0.9438762522942632
YCR014C	YCR014C	1.0	1.0796791088595183	-0.3099512650045932	-0.03605855744129988	0.8843330515508023	-0.31801493547594323	1.292979155214443	0.7426384128743441	-0.6384641715730227	-2.0132421248166437	0.5466511147737194	0.17841915746434214	0.27298740892060214	0.7317183231484146	-0.20051383247694912	-1.0743959400991703	-0.42351309520108577	0.648557648668064	-0.5820954330145978	1.0844809768496204	0.1736623529715851	0.7140666127257299	1.0203208793246303	1.68070773461334	2.1719269576135147
YOR291W	YOR291W	1.0	-1.0656005348132824	0.3478549099376917	-0.6216788629019958	0.2303353687491836	-1.185733554205085	-0.45279705892123256	-0.11932391732305393	0.3855675638381042	-1.9022296074583371	1.7105202474266414	0.5498899110466963	-0.2937337246402466	-0.3566793102759382	-0.32760479233465045	-0.5285559794168513	-0.4257754632205278	-0.221029817309267	1.6016649413799855	-1.2348217863298274	-0.46719405238570183	-0.9512556471793775	0.5850009528501067	-1.1078942309082747	0.07793741731793012
YNL252C	YNL252C	1.0	-1.7599749265097575	0.12094616160853641	1.3775586372476412	-1.161587671678252	-0.2595918139410261	-0.1617669494330486	0.2373938279043583	-0.2722258709247922	0.0811675442790493	1.8538707979529927	0.837409357568705	0.8340470823271456	-1.9384840488711705	0.7855404675373182	2.203934606412653	-0.7996490056358548	-0.5543589719813674	0.23707436128445794	-0.26116706204383516	0.41639380669913156	-0.5607984981725617	0.6669180297772248	0.04083908701872956	-1.2387114044264185
YGL215W	YGL215W	1.0	1.021793948782937	0.5976345527735553	1.0419910535773953	1.797749959935235	0.9225080472197629	0.046532917225440694	2.2203129020689056	0.4365933455182785	0.9499536589359451	-0.6717591557849016	0.4217910181571097	-1.103006942897318	0.20521607876727915	-1.0715682188982085	0.4032099549847166	-1.0629190266896238	-0.6121919057387862	0.7813869215834011	-0.8144412830377417	-0.38455180193634136	0.08228592767191335	1.2503532771193975	0.5138577639894552	0.5256875162194767
YER185W	YER185W	1.0	0.5457786798983242	-0.8422960845316932	0.6746612715974997	1.556595066581262	-0.49402898697229053	-0.5742464369285845	-1.5534200585489812	-0.05732016254622005	-0.7375282608704244	-0.321664735409009	-0.46742356252176226	-0.3423915434551369	0.8201749639406946	-1.0268609567401912	-0.18423285156614355	-0.7334276508389481	0.045127839143995666	-1.3062598335541122	0.15271600802312763	-0.05839754643133818	-0.009462216765707727	-0.7968040636070444	-1.158159791583359	-1.026962347530474
YDL209C	YDL209C	1.0	1.0252826525217411	-0.799600028468106	1.6270137277195138	0.2291810561857035	-1.672356324288216	1.6271421504282209	-0.7695484016681391	-1.0074020615030386	0.6852022481044043	1.7372087999477603	0.010318164617737895	0.24624567396004898	-2.165947031111676	2.7918043718196	0.26191463398776865	-0.004723388106219573	0.9469234468003994	-0.9259000916700785	-0.9984389401423267	2.705899662616157	0.05863754525973447	0.3224527842018429	-0.9801496597197852	0.5632867588581685
YBR113W	YBR113W	1.0	-1.2289431551856203	1.2256409861820718	-0.902174727036961	-0.9852521490572781	0.9416450535317501	-1.0485583599526207	0.5903195656314543	0.9494113717355757	0.8920020802253089	0.18777428661343162	1.251564447700998	0.9318507233319864	-0.8975487033491467	-1.6453040329144164	1.0767227536498212	-1.435649458158133	0.3729286726081404	-1.258093519372837	-0.23182680745859804	-0.5893710112354881	0.5569967466315228	0.6856781646712873	0.32564114872639804	-1.1477111813502134
YGL052W	YGL052W	1.0	-0.029099501017016995	0.38752410471510806	0.9813875420065798	0.6385628306566785	0.27821572704885683	-0.14794181782691856	0.059281904779094355	-2.302595919561443	-0.46494152115847676	0.9017582640099017	0.59775311095274	-0.5858068932252133	1.3951439433266253	-0.45468989388802844	0.17833741148988816	0.591964346821887	1.0253715682667623	-0.6953202833321978	0.5905903900478456	0.6663692436129635	0.27387643361560077	0.5141827272686725	-0.5414094669641989	-1.3927698628618805
YMR027W	YMR027W	1.0	1.0511964675339975	0.10993473022577852	-0.7880909756845759	-0.029589027286013626	0.00196809535556991	0.02326309788946336	0.6227010431853499	-0.021225522559966407	-0.06627057903809978	-0.021218846128074672	-1.56117334897921	-0.33077880158361295	-0.4735756415743855	0.6967068054275593	-1.8780667776146196	0.7732610875392588	-0.5293103085819935	-1.3101697551426474	0.4505942646193328	0.8977561167906293	1.49372266107286	-0.8738817225949753	0.3263762176605692	-0.7136509511579773
YDR398W	YDR398W	1.0	0.38025314989385534	0.6092768571092726	0.7039758113177809	-0.6250483712487165	-0.8261624995391461	-0.9122059756452103	-0.13552092252403394	2.3642487629455577	0.7471722692551306	-2.21735671631014	0.2346058669503258	-0.9007263137586065	-0.48936857239597464	-1.7576436168322145	-0.8212573736743076	1.4445496416442938	-0.9930836261731125	1.927687279337111	0.6757749855691565	-1.3217641223978671	1.5174138895210512	0.548306814530482	0.5359851674503732	-1.137196190215452
YLR105C	YLR105C	1.0	1.5506947585173607	-0.7120348303132379	-0.42261305714988734	0.23508879660992182	-0.05939110936002559	-0.5229798824739181	-1.1806418341786917	-1.3967472721760243	0.2603998397240252	-0.20259420325827288	1.06026985696843	-0.2806131562140343	0.5992623064292709	-0.04269986201700099	-0.30642487181458894	-0.39278525100505646	0.6632940385777601	0.5124629251468418	0.5886611246006792	-1.1670836941420055	-0.3291258653434025	0.2890664840957006	0.09998081746811074	2.0001503498916477
YJL210W	YJL210W	1.0	-0.027400834811755155	0.8033605028385389	-0.7123236093260776	-1.3497199971777452	0.823017192614952	-2.0044566674490145	0.17517141920420762	-1.8310085252363704	1.03375095015071	0.6018257461242948	-0.8216051502400744	0.49016456354796484	0.07724207713866926	-0.4808356565453655	0.1415810020556345	-0.13974378526233516	-0.3962148330208606	0.3726568928719651	0.18607922149890502	1.400761737832969	-0.2741544162288684	-0.5246541478574377	-0.2920730258641267	-1.1279144425273253
YBR111C	YBR111C	1.0	0.6649721062233254	1.7504376386403087	-1.9954233347786552	0.9816119056872843	-0.15759628613758386	1.5197961424779398	-0.1831312505722673	-0.5574099424919311	-1.1312011103434947	0.45224704405111726	-0.8419577361269407	0.20662952481678692	0.28609194140893973	-0.48514815538836586	0.24966950592198076	-0.7524845821546415	0.15387573322803047	-0.5963494592176201	-1.3524043325924107	0.9058918621929782	2.086145556370941	-0.751187402361881	0.46189748250302975	0.8318923964443206
YDR243C	YDR243C	1.0	0.040651399296624584	-1.8087291132295717	1.0112884185296211	-1.0939514857886041	-0.9894001161068645	-1.0992591734400898	-0.2529300839536259	0.6350665281996954	0.1696997670398938	0.8285162199218833	-0.6142370358075799	-0.41700807051140143	0.8074575869532924	-1.4255596543089983	1.2530723472426057	-1.4521127758032157	-0.21307594180604325	0.3585311319519321	0.8569143692195126	1.8366154501978607	0.28549074415467046	0.16241521142175389	1.4135603254356501	-0.19266096466401117
YMR046C	YMR046C	1.0	1.0819668325523535	0.5783820425532332	-1.1319485808452967	1.0789657747869574	0.5774475588705354	-0.0700957318204587	0.5367410188680671	1.1731191241349574	0.010286565823469993	-0.40436027992566304	-0.792379346613296	-0.22980887173926226	0.7676844528286266	0.41701920057978675	0.904145716929891	0.64525785526905	-0.18519839012154554	-1.7849015020708938	-0.1830892084887094	-0.42811229778923765	0.015072549458568264	-0.5203415335993927	1.7554021319596116	-0.28863838521858165
YDR356W	YDR356W	1.0	-0.27588698403626516	-0.8370118755315636	-1.0406212251882168	0.7742733233595525	-2.653286437683792	0.061807805189746594	-0.3297247829000497	-0.31078330512640284	-0.7417691389899432	0.7344645429394185	-0.2672661423344341	0.849939504631144	0.29643219206780247	1.9375947171491936	-0.32707591559979576	-3.2364930097639344	0.7134946189824238	-0.7952319728254038	-0.20220146811471806	-0.27335975039612326	0.05025373667453965	-0.27078190538116476	-1.0262873943561222	-1.3083339693154437
YML103C	YML103C	1.0	-0.8821105010230668	-1.1876814235061477	0.27532344015215465	0.10091517812095649	0.2906445698942709	2.0154599561904445	-1.1731073406057793	0.18102827246655367	-1.3581581460478434	1.0796689821530685	0.17839140834529665	-0.001469858781862296	0.34112094395453696	1.0724221031939762	-0.6517594735219728	-1.2980266894933485	-0.270311751864807	-0.5150619642939774	0.7790594281995351	0.6929524931277075	1.6730387403954288	0.15345693065069027	1.5873544751464332	0.18361364114323628
YKL128C	YKL128C	1.0	-0.08825635956359615	-0.5852369925362	1.1421663225687015	-1.1168592047076795	0.3486723203115163	0.2433209115353021	0.1944234314497134	-0.5443282263052525	1.9141193981705498	0.21509716419179148	1.802266057495902	1.8776073101487585	-0.6527780182248046	-0.28839067561754694	0.9776926997265759	0.7456745788056363	0.5349382924990832	-0.9374130090106882	1.1736213174274472	-0.21137677245487801	0.6426158570714887	-0.38020965997044537	-2.990009806903584	-0.9237214729359642
YJR030C	YJR030C	1.0	0.0893733640246168	-1.0847465221810264	-1.019324503480068	1.0840803674356276	-1.131741520298346	1.2270524001322742	0.5653212497816791	-1.8092993374447788	-1.395901702030546	1.5055926193406677	1.2298866565625408	0.8655324946176357	1.3911334425852508	0.12302256960533861	-0.16921174935016256	0.42239027779979216	0.7384324743113035	0.17890641045232317	0.5520963141806626	0.4761469731859707	0.3052663330312487	-0.9565089239929576	1.4304582777175534	0.6774838283431039
YJL200C	YJL200C	1.0	-0.49826801383964525	0.3769251392127877	-1.7218854633652692	-1.3735517869338605	-1.5541161209856862	-0.3996144347864455	-0.3110440020757479	0.3738431063676232	0.4150207257991903	1.6001242456575617	-0.11391330992388295	0.19899337596587988	-0.8834912128633935	-0.03538668282829107	-0.23890597036414613	1.0892410223899647	-0.5717595181522731	-0.6702615898109583	0.4038474081797901	0.6411434972550969	-0.6950095771700823	-0.6703021595908406	-0.26902226861038653	-0.505425732851298
YCL031C	YCL031C	1.0	-0.725656805141252	0.7612880102919469	1.4196477085590047	1.2138004164231893	-0.17414523182859493	-0.948809881632792	-0.2129141042111044	0.6798612011430206	0.14052928041897544	1.222208012661779	1.3825852604714859	1.3907990356374984	-1.4046890907890612	0.40543997928253717	0.6021047641484741	-1.090928976192026	0.7073512074789338	0.14354363343308513	1.0625527090327733	0.8202357204060953	-0.08027774429387455	1.8831585471393644	0.16156105103856855	-0.7454880999442349
YLR159W	YLR159W	1.0	0.7457994643406656	-0.18913582400176165	0.1983248036629451	-1.7912269212175365	-0.8954063831401136	-0.3617900837848198	-0.3312566341288652	-0.4067220217544671	-0.300507888568656	1.497216632613797	0.08087367106162974	-0.04926957269830095	1.529838903682777	-0.292625234797772	-1.4840055916807402	1.4354878578869867	-0.09661250274791774	0.26833993637326714	-0.39047063695639417	0.061903058046004066	-0.7936548397490184	-2.541268395612911	-0.06509860548104345	1.3714161031693897
YFL066C	YFL066C	1.0	-1.455644520834369	-0.37261148078859446	-0.481572857961162	0.3749867987357194	-0.12083544935345818	-1.5884761863879393	-0.39933929570736854	-1.0564786418308603	-0.5342163598367252	1.3079310947551743	-0.12764213898307353	-0.12306850503068208	0.14280470309581927	-0.5269624260490943	-0.03386676744702395	0.037558479846820515	-1.5726737843397272	-0.09706880416314285	0.20182374194057423	0.1353198026153821	-0.03772000205860263	-2.0402663029322237	1.6463040254634265	0.4627981008054023
YBR023C	YBR023C	1.0	1.268408582257445	0.26246568537165443	-0.5969326024586089	0.27962257038463784	-0.4560032243046393	-1.300346336225771	-0.35875357815442305	-0.31974420934167835	0.6439820032471554	-0.32452718422219273	0.2098792851758973	0.107785673054536	1.552114386267317	0.061165889629026096	0.3971405924654336	0.925047553161333	-1.0596497231304465	0.1304963331350244	0.8205912551262554	0.4141532703240182	-1.0694475654918372	-0.354934593844016	0.0690894379279089	-1.1820649733320856
YGL011C	YGL011C	1.0	1.161698786883211	0.04019046610193684	-0.8785116082045139	0.7682160814383036	-0.7200663795604055	-0.5417220848905052	-0.2034037027642618	-0.41165422128668705	-2.0359096354505497	-0.5616736516554092	-0.5509775474046295	1.7909607080018324	-0.07740100060597034	2.150319224303479	-1.604943590058915	-0.6796832797972738	0.6185496514900077	-0.9371780437273688	-0.6694413622956114	-0.36804396199168	0.3236842706722492	1.7385331493289242	0.5958088567139608	-1.154585971295704
YNL327W	YNL327W	1.0	-1.2525850796922582	-0.0851012995902031	-1.7916051006615896	0.4636716881815788	0.35529780873145056	1.9943110862583682	-0.12739585083215227	-0.660677066738802	-0.303291351771236	0.3527980896426701	1.1773803080508358	1.0911463038097031	0.9612923687478675	-0.8001259811698498	0.19045666175980186	-1.4145648200430054	0.2538001480429403	-2.707371020684726	0.5617109955538533	0.44775004097470433	-1.242742237397226	-0.2476411747109134	0.8924866264900866	0.27354445073665656
YKR021W	YKR021W	1.0	0.06901493610328294	1.9560874718709662	0.6934332011539102	0.4304279037597116	0.2928556286425364	-0.5732915127186422	1.6151316147993535	-0.9878609796408636	0.12107632087016366	0.12392552975872793	0.6854611306980345	-0.32760263420310887	1.0378604737126496	-0.7753431550078582	-0.38778469150459477	-0.7681109873291362	0.6461446271014594	1.062652456736098	0.21473783525794674	-0.4461075686292737	0.8714964977767706	0.8616695012079179	0.26505352344318417	-1.6359392496814542
YLR003C	YLR003C	1.0	-0.24081382199696277	2.3750616159496682	-0.6401383934393943	-0.462373864921884	1.5125771145255098	-0.24616160565919804	-0.7540632316494601	0.8733485340260403	-0.018036649539829645	-0.3079200185973786	1.0863430815826778	-0.15514864118099922	0.423818335491556	-1.1263258831264926	-0.7106664321624832	0.7140915266489384	-1.3219027299435304	-1.3481407007845938	0.707395001771359	0.4961761525287659	0.38117704286113085	0.33299559362056425	-0.13895162388798482	0.9025225431534554
YEL049W	YEL049W	1.0	0.8323708362896367	0.8342515951364274	-1.3723010514129217	-0.3372544684081866	-0.6740085494474003	-0.000134414866715093	1.5351828277955022	0.657480735085639	-0.6528222789084175	1.48459288042511	0.04772222824702587	0.7266882938539766	-0.8325330034660253	0.6195920450179293	-0.5572515722636362	0.7165027391576139	-1.6724858422418432	-0.07848336128191932	0.7416340232962513	-0.8113057621097166	-1.4218181002819203	0.016467786774308008	-0.06417946505655656	-0.3907555360009743
YGR235C	YGR235C	1.0	-0.7166180159620876	-0.7478533278968816	1.6578646206852392	0.15977397807383148	-1.2586144350620523	-2.9274937413703213	1.1758287267262495	-0.8903226446314998	-0.0376888268564091	0.3504744972960467	-1.76187815545259	-1.1345214117609244	2.078519919096346	-0.4212261150428766	-0.5641940045603753	-0.45234784356243757	-0.37401324596257407	-0.40758496488853735	-0.17812609330342438	1.827943275101149	0.694985182885108	-0.3520914731887301	1.0810528845170366	0.6580118043912335
YMR221C	YMR221C	1.0	1.0698198661785914	-0.14243440310505234	-0.5319598159543281	1.7069185824621953	0.7386349839921639	-2.7708697821527846	0.3682899450525528	0.11084343960996935	0.5669810950790256	-0.18010222427782516	-0.4957137407811432	0.7143736247640732	1.267067469361904	0.3646138558643396	0.6898703953965492	0.19761998465141176	-2.1388440488018925	0.3272847050233689	1.6239621491715601	0.542599672883343	-0.04674553408174852	-1.0188010191248014	0.4476400973160338	-1.064745008259385
YER101C	YER101C	1.0	-0.05095211889798497	0.743111712292109	1.450179296267518	0.6705261731038499	0.19984126292355686	-0.9354320340915254	0.27367621509687456	-0.7941425063078487	0.08404399631013	0.6496317430587193	0.13273694543061704	0.3870962866694002	0.4879838248209829	0.796772739498139	0.5510422609765112	0.8050621490630991	0.012672955324349167	0.673722765975748	0.18787712800834946	-2.170247985286761	0.1451206525911483	-0.5830198204244559	-1.4163251787565287	-1.5564803272991268
YCL017C	YCL017C	1.0	-0.9869105071810015	-2.4122974730625364	0.6472494342759954	-1.4645962897799456	-1.1296978510885223	1.1727887727259334	-1.534099024838532	-0.08925401637774612	1.031344384248901	0.6519902488061405	-1.6918973748688835	2.0794813804776098	-2.041216547454013	-0.23697162281078235	1.1151758516226646	0.01666391217747686	-0.009617368734915761	0.722787661587111	1.0314447420448736	1.2821116998083244	0.3227762929183867	0.9656715454118638	1.540198484103465	1.293750430573218
YGL017W	YGL017W	1.0	1.6232407633443828	-1.3772914947856927	1.56053197650521	0.1228312630047212	-0.48832810758682377	-1.190704491401906	0.6396048860925841	-0.4786215069044236	0.5488875953468701	-1.7726002068414275	1.0993480279412933	0.6820194092348769	1.3687618113778313	1.1870946276607761	-0.7959027720246576	0.6579953773239765	0.6017684338730365	0.07345727218253274	0.7507375110694072	-1.9553757633824833	0.5952470595834741	-0.6298848634757771	-1.0085751623672377	0.9441202254482554
YIL037C	YIL037C	1.0	-0.8412988417583145	0.3571437280887913	-0.2834581564339561	0.24659193545383404	-0.9344475674750248	-0.14238615988613362	0.8839254010349672	1.1979682974604084	0.241539341767223	-0.3840251191356337	-0.6516050027552649	-0.5146178159532627	0.1599633338077802	-0.22126295710311514	1.6982368531922252	-0.35623633676983574	0.6379247525474373	-1.2574305193781838	0.2542304152761263	-1.023532860358066	-0.8785977740556883	1.8309479425446962	-0.5463943571541177	-1.1787482789368775
YMR134W	YMR134W	1.0	0.0	0.5176380902050415	0.9999999999999999	1.4142135623730951	1.7320508075688772	1.9318516525781366	2.0	1.9318516525781366	1.7320508075688774	1.4142135623730951	0.9999999999999999	0.517638090205042	2.4492935982947064e-16	-0.5176380902050407	-1.0000000000000002	-1.414213562373095	-1.732050807568877	-1.9318516525781366	-2.0	-1.9318516525781368	-1.7320508075688772	-1.4142135623730954	-1.0000000000000009	-0.5176380902050414
YDR177W	YDR177W	1.0	-1.027709323192689	0.5316943689767019	-0.915536520542249	0.7971332654076098	-0.373303267542173	0.6228693217566161	-2.3906273928018855	-0.08210186829857152	0.5014090022418576	-0.011453947623425813	0.19331169628240452	-0.8754897898669345	1.6717767642746795	-0.05382772667085666	0.30248952148053015	0.0711878897954774	0.8275174766239585	-0.5263660145856404	-0.5727759651547324	-0.3387778646366483	-0.6079020451243908	-0.85958791505731	-0.40400503966419316	0.17870853949133764
YER168C	YER168C	1.0	1.2099525524306125	0.8721501046679767	1.31557888783993	0.47165488405973466	0.06193570270327599	-0.7226924695195945	0.9741941785827127	0.7306035234194652	0.13067939276369192	-0.16931023580861018	0.15960760546996391	-0.03876928017276153	1.3784806407290309	-0.4148985381766788	-1.6392398404911372	-0.626816461813638	0.5751940069481882	0.28965792138805974	0.3584076799853322	0.060547983672775085	-0.3818291906836222	0.05142850723225001	0.5145951304783754	1.7576503150374008
YPR051W	YPR051W	1.0	-1.1075861995581509	-1.5375303080332063	1.1398926638796116	-0.564122557506457	-1.2207636291215855	-0.6843205313574796	-1.87037474078389	0.45002599739004884	0.9240838332568353	-1.123712923604751	0.2160766018788927	0.7504131011346482	0.5142094359973899	-1.0174772905759157	0.16931882787257546	-0.11549759611368474	0.8732872588840472	0.9849592931876158	-0.403032154901929	-0.7281597065523774	0.17215903474098848	1.5931562851098553	0.6438516636841561	-1.1469078592333963
YLR220W	YLR220W	1.0	-0.10452334819352979	-1.8913884347212837	-1.3319616757657082	-0.16073843591746592	-0.1337656358896179	1.5326914575436668	0.9071254968522628	1.639457596764817	0.06801226023140731	-0.10594056172971834	1.4896688073349902	-0.01786980121963087	0.7458241102769161	-0.2647615426431583	-0.5249348286456553	0.7754529624827668	0.5670854599633571	-0.14600151208552606	0.4381969593050895	-1.3188253746006215	-0.8023654486489048	-0.9015937273881649	1.7671134174655767	-0.20547505069061578
YDR516C	YDR516C	1.0	1.1881434272764484	-0.8536635059559958	-0.13425294142862693	-2.1261124710853614	-0.2192957759218234	1.0209508485735865	-1.0907316851367626	0.10865689576243581	-3.380766936453308	0.23019457577978242	-0.3386715614022517	0.36642585319941345	0.010248230015901787	-0.2381635006195697	0.16718392248376082	0.8196448191439172	-0.7130064384085898	-1.277132925609496	0.6637534980285854	-0.5353053081371505	2.2295305921185937	0.9907477753118591	-1.5756562271197923	1.2738460189310898
YPR010C	YPR010C	1.0	0.31190846382514986	0.8285549597052446	-0.9450097246072112	-1.4643871543809286	-1.7165131998768546	-0.6726055473002343	0.7209033094024474	1.8523241987416936	-1.1549637733305032	-0.4311853707455549	0.8964406160125691	0.6292814215372278	1.2985597320433047	-0.1280894256096397	-0.3775762987373925	-1.4899104512971142	-1.929826978564924	0.1293988851472302	2.0525867572812144	-0.3195718564396766	0.33564110370702877	-0.8237779548958629	-1.0888810726751288	0.9971927345560272
YPR171W	YPR171W	1.0	1.1881686747540503	-0.07631075795929314	0.5591348434674179	-0.25010948543753836	-0.1462981658154209	-0.5337443153088666	-0.2726026603274991	0.024092192755605236	1.1624774193468896	-0.7787899340122455	-2.2842577629070235	-0.17815736834282528	1.6036569627413388	0.8217933188347649	0.8301230431271106	-0.4903971209922586	0.9374491328795869	1.4232648588272825	-0.29883055382512885	0.4376902546100677	-0.632177483321763	1.7492096736024991	-0.4470987569153825	-0.5142338569856316
YOR150W	YOR150W	1.0	-0.26686568167140035	-0.5490127245648625	0.17295734679037847	-1.0464849840953043	-1.1798700502028299	1.9375897031825573	1.3389683896276015	2.9443767572316317	-1.0590301499954795	1.9011207751979504	-1.102198584082686	0.5706711532507668	-1.3632302208220715	-1.28824392462085	-0.9404912628530586	1.6689855979216432	-1.4065717944593796	-1.8643898686908953	2.2414267956036102	-0.8865003327935874	-0.11768514312912577	0.7393803641586637	-2.1330842367081435	-0.30770033571023864
YJL143W	YJL143W	1.0	0.5430620495861977	0.980998936978406	-0.18644907908395855	-0.32429486560648424	0.30267069823657233	-1.081262799424033	-0.10429958819596717	0.8661298874498268	0.623294359635129	-1.2365519845183883	-0.4660087150385298	-1.1748827821342125	0.6011201981121351	-1.1168003845429577	0.9101612128585719	-0.37608928260263486	1.490021913746189	-0.209723977653938	-1.270714595387543	-0.8196594588839397	2.155294234556616	-0.11220005662038908	-0.786765530230854	0.15671227033416124
YBR164C	YBR164C	1.0	-2.057305903250437	0.12240773247013179	-0.5494785772244896	-1.696899838256093	-1.3445553981150316	-0.4709408426718298	-0.21923274791256211	0.5039005969653936	-1.0060651534243361	0.231923463098734	-0.34170404329249354	0.13937533703470598	0.11218942209199341	0.21450829197070065	-0.2659086618698482	1.562517957028746	0.5238170047153715	-0.09882807472338717	0.24343484941482185	0.19083412883450004	0.14765023214810116	-1.2800484898136282	1.199165215596446	-0.009732085600110898
YBR286W	YBR286W	1.0	0.4868528706594224	-2.2389486687872346	0.6685751118930778	0.1550105720367795	-0.5952471742519105	1.0970503914590983	0.05918406117776866	0.31173446206888233	-1.7220571454001885	-1.0596933774168547	3.243667979934353	-1.2888335765075858	-2.043738565665994	1.17737366835866	0.30709754750464385	-1.6802625374533449	0.16764753369551932	-0.6049567817309057	1.7414285389535353	-1.5556499561619417	-0.39473089564949154	-0.9253673883010812	-1.8297395637759253	0.29886072906634636
YEL066W	YEL066W	1.0	-0.392452888089529	0.45719069840260074	0.64493211724315	-1.4546965319770024	1.5331630105756044	0.7105002648573713	-1.3985972150085983	0.9964689722511451	-0.5709224370075334	-2.330250306994882	1.0428017136733645	1.209479517217986	-0.10173977084163965	-0.36858310641697817	1.4490387022126656	1.679653348075751	0.10470557720350304	0.03682433972353957	-0.8531712123136757	0.21918497827115263	0.37993534686884517	0.5959128190594273	-2.120322977963908	1.4103944875802008
YPL213W	YPL213W	1.0	-0.07490299469989532	-1.2175401306236997	-0.5484828271222927	0.09977815557032746	-1.1008614425441257	-0.7305611975913786	1.20730075966021	0.37111401825123547	-0.06882260123708894	-1.9419467806317694	0.06768944059895736	1.25324859498007	-1.2007605236209282	1.274810163694887	2.7420243012116146	1.6607014682313361	1.2795750917976478	-0.5299339739613073	-0.870866596762955	-0.28165048635235335	1.2110670984846117	1.282447636804043	2.188572624987011	0.8911592107034632
YCR087W	YCR087W	1.0	0.4702545632074272	-0.556260178071908	0.766304713262766	-0.45095291908827567	1.1767368723788518	-1.0106207637609985	2.1711550574931473	-0.7627095312414519	-0.8279785126840171	-0.6331771073236224	0.9085665705433429	0.5543933896038382	1.3040336158267505	-0.9800446163070416	-0.207296359364039	0.34410188398481734	1.5076468373416052	0.7283909637164757	1.1422503308524397	-0.5131093185224322	-2.5172377547678875	-1.8910257467050988	-0.5526563236081666	0.571889090108357
YDL136W	YDL136W	1.0	0.2261222256452682	1.237602475938287	-0.7494498729143024	0.5883051211044322	1.6883315979478888	0.5868632494566636	-1.560434703882664	0.6117730306690243	-1.2238895189480294	-0.2586174328831661	-0.3445710243981702	-0.9276251395475591	2.0927093712695872	0.523497442418375	-1.776520866270522	-0.8132712087548275	0.6590673297463062	1.4345201755040506	-0.063246974471911	2.1968849890530904	-1.2371814095845834	0.9253327782881217	-0.6365998608648952	0.3460393373371008
YML074C	YML074C	1.0	0.5835200588213937	1.0581361803566562	0.44046932230835273	0.25926701676604996	1.2137917687917479	-2.498314810050642	-1.0413537999637064	1.5634135715997857	0.5584672964049482	0.521330646491058	-0.13695695686304568	0.24345351741096874	-0.1298477944941215	1.053977683532233	1.147287288895748	1.269012838947945	0.8041482111274243	0.024180677134300915	1.0087073297632643	0.05590154470177282	-0.39925855347812705	-0.7584411371976194	0.5892729990479408	-0.7788823735949347
YHR112C	YHR112C	1.0	0.7949976936234108	0.7484889259354965	-0.2530104993946656	-1.6895548785603567	1.090186783951934	0.9189211223922696	-0.010273529855162054	0.9027052853667439	0.7112080234527774	0.6191148659531602	-0.22121354693142245	1.1291739625179358	0.3048423971371907	0.6264474617540992	0.5218894957875314	0.10428920909741372	-0.1612072616068552	0.818729025766819	-1.0577382760955845	-1.492504982001871	0.6427071790643551	-1.0982706839447178	-2.1437669575134892	0.9343343872879337
YJL031C	YJL031C	1.0	-0.6504725425661991	0.03802519286061114	0.2552791894043178	-0.3208432136547117	-0.41528159367340867	0.008779263402199726	0.7397664003961676	-2.2403075231594376	1.3067029398935919	2.410346590096747	0.3438873808653518	-0.25591949890084603	0.8209098950713815	-0.6276087969295966	1.680349472624908	-1.3363404430585972	-0.7712135291624618	-0.4340762095035927	-0.3086783092834157	0.929862988588926	-0.23524308251540424	-1.1193205467432157	0.8696538069836448	-1.2746227540501764
YLR357W	YLR357W	1.0	-0.09486899049444035	-0.8729985579456178	-1.0219398924448824	0.49669847387723515	2.026538855548935	-1.0300046089501549	0.8305138754558645	-1.24905128701237	0.3094172344554487	0.1688061249486834	0.6644642013916775	0.006079518498855352	-0.08494363206293955	-0.7347720073907829	-0.17127208863488635	0.43655279521357776	-0.3442966307114765	-0.01770934012662345	-1.9955393287134553	1.503838583992654	-0.8651276918839995	0.4403028535383148	0.38448532950821107	0.1583175811549492
YNL195C	YNL195C	1.0	-1.6207884384176225	-0.3929329876849881	-0.6452532522004006	-1.6416185654216895	-2.095080686665411	-1.054722458176206	1.5574225972747984	1.6058792796802759	-0.5881249216149501	-0.5157362960564161	-0.16800520628231363	2.2808655046115125	1.12617508755646	1.9215647219320295	-0.058044425381820655	0.004534347250510436	0.16163693766786819	0.9653072785952121	0.24808940351986755	1.3017439827306214	0.4417958842586433	0.44070065393293517	-1.340389654464792	-0.9275701482136645
YDR522C	YDR522C	1.0	0.6852765511883171	-0.4298907589082008	-0.7622326162636814	1.3710173695763035	0.036838619050949976	0.3865837054234117	-0.2561901452269213	-1.2532112659597245	0.2535122798281024	1.259337140297733	-0.24358944929147602	0.5588782605968144	-1.9854609940954229	-0.20236903141432003	-2.1169007408275347	-1.6948934637567756	-1.2623021292664556	-1.5730565233193943	0.5306392131170375	-1.7659913685007091	0.7202108661707924	1.252952210246164	-0.8822148726154027	0.10750076705171166
YKL010C	YKL010C	1.0	-0.7682650372807182	2.5227407468845944	0.8289337380873194	0.8653126797099419	-0.5636175150109911	-0.1623353589208554	0.9479349711047771	-1.2347209944955313	1.4944016492488024	0.10416617576485099	0.061167829436981	-0.5841518788389582	-1.6425429818238584	0.36497645969028697	-1.0045004459426108	-0.4914406500743768	0.7340720848423715	0.5176741806359556	2.4065398373192766	1.0721965369125352	2.163978893054323	0.5156890034711733	-0.7540356469778016	-0.2913604383151572
YPR153W	YPR153W	1.0	-2.0580567755382004	1.8697533833977504	-0.011234817806987783	-0.5168047070640437	1.3217155072059923	1.5034656449014916	-0.11230303114600218	0.815861728723864	-0.4090537967248677	0.8770616001870184	0.3757979757866914	-0.3013626858178947	-0.6195143462524322	0.7910342805776985	-1.0838160403142802	-1.978431681584177	0.15225383595397693	2.446936739355032	-1.7004882000123343	0.08105961126512287	-1.700836388026915	1.407336683260548	-1.9014048603621145	1.4110596903266168
YGL179C	YGL179C	1.0	1.5743588215404132	0.7713526494293195	-0.5172884933425387	1.290656608853153	-0.17602739107167645	1.7589896977128707	-0.6201308314581557	1.305596956047494	-2.8905164861185884	0.6362832884933959	1.1806741472694304	1.525075059115526	1.1241664393364315	-2.1906672719383566	0.7737404202344141	-0.36259950851580314	-0.48967545726493583	0.8885208492475295	-1.6678047974464043	-2.8279183355420967	0.7510942119836268	-0.4600715530853708	-0.09385696904394701	0.21908058001288427
YGR293C	YGR293C	1.0	-0.028310476521961055	1.2404915423599945	1.7983898108353762	1.8177849473075294	-1.3176623439513742	0.7367829844477176	0.5114838589997951	2.295621984133743	-0.18714040041122543	-0.9768897428503563	-0.15757478627899454	0.6571851168817109	1.4324603721824851	1.959613104780625	0.15955705312585078	-0.6251285823215402	-0.022542335281520758	-0.5553355457336508	0.9309489759946575	-0.3545095217286771	-0.8762097890026384	-1.72803352196797	-1.467810447193089	-0.37831869364220333
YER152C	YER152C	1.0	-1.1904208571857504	-0.3042668118106574	0.5070455332969068	0.7822372038169161	0.05797345451040598	1.7642041718450097	-1.4785559717823544	-2.215979693935857	1.4157975384076187	1.1467410526800499	-0.795574144967217	0.21482983055089153	-0.9989552527396942	1.3754165291187614	-0.3678860623284697	0.39346660209046613	-0.6730200041571649	0.679524417916393	0.27022843926955736	-2.0457947589660987	-0.1343290131832934	-0.6481795790058776	-0.01868686840411585	0.6521000505294076
YDL123W	YDL123W	1.0	-1.0881436768993533	-0.47364166105271555	-1.1030320061983625	1.1456960657445092	1.2911089706878678	0.5222162782600424	-0.338487907232943	1.1404929352814932	-0.3442581125543019	-0.06342403507617203	-0.1193474484586923	-1.5917646269845382	-0.4264681971093229	-0.02044188469189889	1.9216706761579039	-0.9334916591745828	0.5819467213340094	-0.877402174460726	0.11605223363464191	0.6297171556217779	-0.33022800054738494	0.47537138849972194	-1.8837489022264722	1.0346753613083552
YGR086C	YGR086C	1.0	-1.4818374260563225	0.2717927865255283	1.2708903871787514	0.5771476494322911	-1.776857105972253	-0.09329645875676822	-1.0574665905707132	-0.24871939505477658	0.12906726408609134	1.4212539004289748	-1.282245375061464	0.3665510862185209	-0.48552539215346385	0.09060920951119134	0.6816357925658635	2.139443096439678	0.17807590843110246	-0.5973835790272422	-0.41487096411312185	1.083812069053147	-0.19940268858683027	-0.5338003726645627	1.4610387978316917	0.25005943892257715
YOL123W	YOL123W	1.0	0.2259723717416027	-0.419103087868115	-0.8684479678854149	-1.1942090581479345	-0.3234419414142133	0.16410999588302116	1.3863921825793957	-1.2715165526417698	-1.1933999175102374	0.8602564640162341	-1.0138843272769253	0.272686786877436	0.3920761754962449	-0.42196792685429596	-0.39846657719493883	0.5348886660518157	-0.3216058823913801	-0.1578225883888634	0.40575434229249246	0.4550811827152893	-1.0724660830763861	-0.40989656385100326	0.5496614531320353	0.9265194469716931
YML017W	YML017W	1.0	-1.881890407107242	-1.4090339437650163	-0.46160298319963516	-0.31505940726469933	0.48836401460631723	0.44251770474980096	-0.6105408086507392	-0.708566630592782	0.07721637108315091	-0.3168690313621346	-0.25770860833620957	-0.3337914774494471	0.07148236381340028	1.001659057817971	-1.1253642349398565	-0.4314513327742236	-0.7825428194167329	-0.3429741581982747	-0.1090192794804373	0.5673798484348082	0.5061287068600304	-1.2957663387854037	-0.62899024649148	2.779280340324295
YLR068W	YLR068W	1.0	0.582075164373388	3.5394312227496436	1.242694807313499	-1.0623501986947115	0.24777477319759858	0.3394630256128611	0.1940807012504241	-0.3299967856723162	-0.6638971550939397	-0.18673367718321657	2.411923766709559	-0.9831066321234165	0.49373610409262264	1.0573841589007804	-1.3806453122178344	1.3694903272622354	0.19278870082237265	0.5338676409947158	-1.4670376414771744	0.5307811246085626	0.7791153710409966	0.9983419585827478	1.2054978577131192	-0.14875793794164305
YML112W	YML112W	1.0	0.875433097747651	-0.015210964753225672	0.8570128933821808	1.1835538549304956	1.579505415082885	-1.7675159499736017	-0.09334069416351122	1.1951201653544694	-0.8055384938005893	-0.7605026943420298	0.49145287718278713	0.42028539644258445	-0.9612008140334325	-0.3534090519865096	1.830171955904119	-0.6290434702766146	1.6602893917532497	-0.04066653249464405	0.3206666030889265	0.8986354600521608	-2.916697474893232	-0.3885222799423761	0.1842404402699048	0.3822199917886923
YER055C	YER055C	1.0	-1.2889925088544927	1.3873551596293772	1.4919325270613741	0.4610350810946988	-0.8171745352965892	-0.21739032232109398	-1.304929225443965	0.5517015562735698	-0.7190131424948475	0.7584701636645841	0.22851979693863692	-2.0366382740921414	-0.3348325248930051	-0.00998345631760491	-2.1208032018174183	-0.5523992301869115	-0.7403129238261831	-0.4460957089669651	1.8226403849546708	-1.1067901182624609	0.41542331079854905	0.1294025359131714	0.5201118073377088	0.03532809296247291
YHR113W	YHR113W	1.0	0.24622479672146935	1.5449905063366463	0.05367246772892438	-0.4163290492136979	-1.1767621230745295	1.5469563534734179	0.2560418638320295	1.5902202460680868	-0.36307046601869014	-1.1158454627833954	-0.725369313507941	-0.6075482058001002	0.5361533356993444	1.0890335153521862	1.9228460872910493	-0.15948086200920075	0.08273224145075389	1.0772276858713317	1.046865805267269	0.15484835788560378	0.3829496493949686	-0.3832719003928247	1.9895357004495111	0.5834937030839519
YMR030W	YMR030W	1.0	0.15432425465270866	0.88443742661825	-0.10898534801187282	-0.46962291576199316	1.4522162178784033	-0.07464692768524467	-2.789655905461493	0.7423183618833464	-0.5310296568072169	-0.3660347406941135	0.46656135640774765	0.2752029434895153	-0.028071371171851916	0.3158832556553165	-0.36878402721185205	-0.18057771731129463	-0.07411283534073439	-0.10668416685182897	-1.0783112159273835	-1.3589338462921527	-0.8177962461982791	-0.4415989668551062	-1.3273306056767677	-0.6020892189667328
YLR204W	YLR204W	1.0	0.7808537361330046	0.5285129378617182	0.20020186574773843	-1.1325860332440294	0.6812880336593732	-2.512094497237289	-1.5926789980418858	-1.0093936390563414	0.7739473591003709	1.3402515605842333	0.9399471519384247	0.3343146915896738	1.8977257107961925	-0.2762143458328946	0.1557403517033584	-0.6024240243414466	0.8890297577755604	0.8099768111961814	0.41548055972674536	0.10077907908050969	-0.971291184012161	1.0140518102021414	2.314845089590109	2.014205673171702
YNL257C	YNL257C	1.0	0.8938335536930717	0.25236386981990316	0.05562167005718219	0.9968480117280266	-0.5821490975168423	-1.4852144938147838	0.6286538544822484	0.9404212559732597	-0.11036979067004758	0.9805573696906763	-0.30438917207299127	-1.2358607083799866	-0.8176478415034856	0.7808744517246531	1.4892339429141275	-1.0931345188688661	0.3972563670069509	0.5841621551437058	-0.5580271413419355	-0.3746704991138478	0.37933336783871024	0.6785106429524461	0.332069169919177	0.2821210018518775
YMR093W	YMR093W	1.0	-1.359592864151262	-0.25283909988102665	2.0357062538683497	-0.40885866663794673	-0.3871205516820944	-0.8343019777731284	1.227674197265255	-0.6823977125555538	-0.4204598012116103	-0.4658235684779702	-1.922154818140707	0.8879855672143535	-1.3423636361639952	0.043015795637452475	-1.1383806148460864	1.2448765889008968	-0.7688510854036473	-0.5177493328042166	-0.1912751504938792	0.6334660895889634	0.9318378010063805	-1.0242557234944858	-0.0059205068471455515	-0.26891215714689104
YGL199C	YGL199C	1.0	-0.9345464748151139	0.6597110678341546	0.004382458855261139	-0.38901739898992055	0.15750033828742085	-0.5670303097486563	-0.378661418023357	1.3405342490712564	-2.0012959357922653	-1.4095826111323528	0.15584382839712727	0.5657106182461844	0.6722978998385138	-1.0670401337329325	0.8045572430599883	0.046764762312590566	0.302012970816268	-1.5251377658179124	-0.022408098146018417	0.5400829015969005	0.6834202789335081	-1.533149384904995	-0.7614084258459306	2.1516764247889153
YBL107C	YBL107C	1.0	-1.1267046685910311	-0.9037608727081688	-0.15409319102855326	-0.5581979652541693	1.044004168088844	0.3898093244479605	1.1756831296286443	-0.709619754361788	0.3234392120568453	-2.0530942130015792	1.8128182229768222	1.196579710074168	0.8073698836480222	-1.6015347604377415	0.11700043484598677	-0.7637040021800058	-0.055416787482581824	1.2167001135972682	-1.1680770452908433	-0.4734054395373379	1.0466462475376048	-0.24491573129877656	0.9245174973432458	-0.3520085837172792
YDR423C	YDR423C	1.0	0.10368934362301033	0.28227676157011716	-1.4029854768801817	-1.0347184942199257	2.1143202573953355	-0.8823254470901984	0.8028463468534794	-2.6902706740182802	-1.3234243848816276	-0.2751066272715639	-0.014974441302839488	-0.46228136329376074	-1.0684463335227274	0.5444440237681154	0.7131105434238477	0.07495441604944741	0.797917844895007	-0.10030212699992204	-1.1964964849348552	1.7952634068187046	-0.45258974837754623	-0.2882970518386615	1.368881093207591	-0.8544175528466408
YFL057C	YFL057C	1.0	-0.05245125035947657	-0.18092323682278466	1.889678516451382	1.3422055748017705	-0.5944539293073833	1.357008424787529	-1.336555656463693	1.3453935100211694	0.8298985454921293	2.199410632526152	-0.29578284406111044	-0.4124116698111001	-0.0007807079537098872	0.9776947621755663	0.6304831139130375	-1.149848470948642	-0.17945820243536995	-0.756407744021117	1.4359546032119495	-0.920497342493888	0.3034069060714133	-0.9003037672847957	-1.3704974544516864	0.5025397819821813
YBR006W	YBR006W	1.0	-1.1826234984826935	0.5559546741678162	0.26514147604134897	-0.43602246694196434	2.008647163632681	0.9315809119731479	2.050436113677336	0.08081918480337441	1.3220745093810322	1.1057824963892942	0.8803578705773254	0.030386850020070633	0.41184771413830934	-0.46451008856673254	-0.3543407558868311	-0.48556464256693227	-0.09205681208463806	-1.8954630142062756	-1.7329063947016095	-0.0639449308708098	-0.8071805956284206	0.9000535220976876	0.39220819928026834	-0.2227134666160811
YAL034C	YAL034C	1.0	0.1434940359283439	-0.4726244812643672	-1.6202982883484673	1.808057253821629	0.8651892625124236	-0.8805179357175335	1.694490736276894	0.681653445148448	-2.784646688406113	1.2492889780737597	0.8457473535835999	-1.3721778793565955	-0.5306967545447602	0.7200265070532726	-1.9999244287769342	0.45262282276542154	0.5432856467005359	0.8623065453663036	-0.22142970650942262	-0.34746352832890176	1.3833520944028666	-0.10652782268449472	-0.11621121766730531	0.6508504656737866
YJR045C	YJR045C	1.0	-0.3158594506134241	0.3197596319457042	0.3171608664997293	0.8574595765673814	-1.388635806394667	-1.7133664871600967	0.9053320309025574	1.1286729709201573	0.12400038739580627	-0.004145607049855023	0.6002835650922514	0.077616839794603	-1.7024402195560266	-0.3885155714859456	0.8854558455483956	-1.1790822628517763	-0.5437481400958533	0.24358151909757775	-1.1502247446320666	0.6279770906818786	-0.5020076678379507	-0.8105021934265801	1.7172437689118571	-1.9069145175368662
YNL036W	YNL036W	1.0	0.06674770219147658	-0.4437076200191095	-0.6157836880646459	-0.7464354614606097	0.4473689087819868	0.12251543605543241	0.9012277957691127	1.225852690482995	0.8461484756423672	0.28605779714263957	-0.38111899697264917	1.0708126870224235	0.3970217668552507	-0.23091085842371847	-0.033992098723369765	-2.132709365439622	0.3335300848707704	-0.42544517299025586	-1.298408189479054	0.6715784196754985	1.0687561867352402	0.1816861440562501	0.12087307879052675	-1.2814257942023313
YBR102C	YBR102C	1.0	-0.2525100632363325	-1.0343688508346127	0.5131770198341624	-0.2877976363202719	-2.175148051494375	-0.5890259408028934	-0.3032750904983324	-0.034498810968159266	-0.8658716850225102	1.9358867363211774	-0.07539565235179323	0.5185412619994308	0.6317584244328283	-0.3923247497553658	1.090376289366359	-0.24401254150525276	0.09026427886886723	-0.0426283143339035	0.4602050290412157	0.729083184620169	-0.31191756806918286	1.6142739368149324	2.3132654123025973	1.8779630255440325
YBR167C	YBR167C	1.0	-0.6691967297216298	-2.0156347503029624	-1.8457955202167735	1.1495327302822458	0.5087646485898905	-0.07050645248262309	-1.074216875586753	0.6001090536600736	1.2699888192388407	1.3184830189471242	2.2247772387664706	1.4867440126265303	0.22190680245301636	0.35306194364679905	0.8345897426858823	0.37838870517609824	-2.4551272512045648	1.0501376760098327	-0.49427949486226275	-0.9242723566325279	-1.498542256005264	-0.5883906315426908	-0.9114535761614504	0.20766219708147365
YDR253C	YDR253C	1.0	1.224773580929051	-1.4294411386524584	2.0392888129405566	-0.4939448492540229	1.6746954028327303	-0.23469692333121048	0.032056282133098	0.3919727733165486	-1.5162129579574506	0.06400620156992126	-0.14598091424510393	-0.2608935286404351	-0.4475423872438762	0.4824480186119498	-0.309878767711633	-0.8149037574854494	-1.059090370257441	0.8018911738527139	-0.05739421671126276	0.7674504469344747	-2.003970443369444	-0.22353375162127617	0.23917887792476358	1.3362670706052275
YDR302W	YDR302W	1.0	1.1888295840561272	-0.9374311012196019	-0.6312029144436321	2.8629310258126694	-0.002856272562161843	-1.9079776506155899	-0.8561666401327249	0.6325870280160731	-0.032728848420404515	-0.15139055964922446	0.6347140763975624	0.6722187940733059	-1.0432038367061254	0.4158861741040567	-0.4958581011396662	-0.8528243315709678	-0.043961329687389056	-0.869881912903202	-0.20791413067473363	-0.37936134174300523	-0.32783692947576476	1.088939838487775	-1.9195060681759992	1.101196588125923
YDR128W	YDR128W	1.0	0.8866902471448302	0.5141707269894471	0.7509436347601653	0.031863608602188766	2.5888727213031015	-0.299743218475497	1.482308828944047	0.28078623711440936	0.8044948498902142	-0.9357956285704584	-0.6492822925007301	0.6170613019321902	-0.46966725182582775	-1.015782682679842	-0.6058985026858841	-2.0056995394478925	-1.206961554714839	-1.0017586205034004	1.7007543018977216	-0.1297747504373212	1.1288953790147984	0.151524314227641	1.3915679690464642	-3.6498552837828586
YDR293C	YDR293C	1.0	-0.42548005040443254	-0.45343752965508904	1.1372267847135906	0.8799202271420785	-1.4600378740025608	0.9012590440097887	-0.9790922325917559	-1.1696100346548997	0.3915091483304794	0.636591742940278	-0.17296200957939503	-0.2121738128942254	-1.0021255210596718	0.8456272055234569	0.8302904380449795	0.09138475744748717	-0.5060723418845865	0.07689502282018548	0.5526510016667341	-0.3692287122031615	0.5984897045232611	0.5111774664559845	0.08901955929100754	-0.2046501672949547
YOR093C	YOR093C	1.0	-0.05647611716310653	0.3802736654945473	0.46550942435301934	-0.33241208225835034	-0.6513823868721148	0.7251714537766173	1.98342950912672	-0.36887535414381895	-0.13127577737336782	1.5915759996501855	0.7265608027135175	1.1122499902520575	-0.715595569776877	1.3123082336175338	-0.2355500050032228	-0.3148035724367436	-0.5929825708516305	-0.6107078142221716	0.4219428527256927	1.1533970856204618	0.9847176225246903	1.106290329797807	1.088357350595202	0.9640510211778134
YKR061W	YKR061W	1.0	-0.8009322549094232	1.3855665041126237	-1.0089426624868698	-0.029441273548998937	-0.2247602668835771	0.16989444862677558	0.28724893235378274	0.6700290719193911	-0.29183272403383576	-1.4620672173673164	0.7669026899040282	0.30723251632611953	-1.7871150231891326	-0.7650640860293679	0.8654772159801862	-0.5839216595311105	0.904352933377096	-1.8047885575791134	-1.2886755343260594	-0.09987334985488559	0.25604656217523597	-1.322340870389258	0.8617672775850009	-2.6033642617440123
YDR214W	YDR214W	1.0	1.0912852022426713	1.1801566503832062	0.45305493557974985	0.3834488306435901	0.8516817213179327	-1.7213284604075585	-1.5681964024962298	2.416647838014691	-1.287598125129823	-0.21622146603257084	-0.7640612747574731	-0.5908926135313578	1.1520869768521906	-2.0969118415604258	-1.0209589215471941	-0.9521372553715947	0.6350898769424747	-1.2921905152714337	1.6874233035626311	0.9589519263095878	0.4134201397483499	-0.8964885700109787	-0.4180072580704081	0.2349961477627859
YGL139W	YGL139W	1.0	-0.4590207422029462	0.33057707046086793	0.025943911468174242	-0.44171402868999404	-1.8891450893153183	-0.6926750659770868	0.3200200091071182	-0.9015426692384007	0.7395600050861323	-1.1224533589895316	0.5095319446598273	0.8824131996177218	0.3676134245699419	-0.7334988823239511	-0.3985963854899546	0.2976637662611283	1.8220819876745542	-1.0392882064787554	-0.15484545388981996	0.0459152954850166	-0.4309780563337945	0.5214595294303697	-0.838220355612114	0.49823837886510675
YHR097C	YHR097C	1.0	0.7573338570307416	0.09077630671746495	-0.6431284600414594	-0.7443574947189767	-0.2479408068327171	2.234590858195914	-1.5708311946986928	-0.6401620849129822	-0.9149279969361724	0.8481319195620529	0.5326456024444143	1.8275696707313402	2.24620059078904	0.6144250472446711	0.15393941657903204	-1.0345892924947833	-3.2290222103851334	-0.63011372570472	-1.461925134585963	1.3044075152620265	0.23694155454953797	-0.08317054606756287	0.4998466015734098	0.13557005821954612
YDR202C	YDR202C	1.0	-1.5486264462324433	0.5357706215278861	-0.9037743331601096	0.9489582477128803	1.5232126282576628	1.3367379391862575	0.5829420852665493	-0.15398824208464323	1.89716650133653	0.9792850736577233	1.0221084033427974	-0.8913133504687442	-0.4847946926038519	0.865834138862833	0.7483238686566317	1.3799965297097403	-0.46139296344816305	0.9735598431968256	-0.7583638848021106	1.2830109589343457	-0.828570787106672	0.5546498872883656	1.425154526944847	0.2561568245197093
YGR246C	YGR246C	1.0	-0.4145484022664235	-0.22228620234305893	-0.01545956983177123	-0.17418645754148981	0.8900810490592936	-0.09559234215568747	-0.9161433172400029	0.05647228047508314	-2.9338956297049807	0.21910149351747	0.9506750199220719	-1.0435185799069338	0.1676832028758753	-2.3175178066032833	-1.7254283671710142	-1.1783200902982414	-1.174591979735799	-0.15120701237906614	-1.4906081750736744	-0.27106455026884596	1.6869873472231278	-0.7198462085430322	-0.408331751667771	-0.36878213339261623
YAL021C	YAL021C	1.0	-1.7503552063705305	0.7363093857677679	0.2181850488193013	-0.5010719740473519	0.43633598228743353	-0.984208003246578	-0.31980125657234865	-0.12636203709259433	1.4306994494476983	-0.15523547907437674	-1.048390279694264	-1.1425882808516514	-0.99724843463996	-1.562243837868136	-1.3285387909295738	-0.6701640927410678	-0.7676296637272761	1.1864466984050792	0.38177686195647187	-1.966135421971886	-0.8329160437497185	-1.7436781169435096	0.7786234571413335	1.706447505589602
YGL221C	YGL221C	1.0	1.6566406738878392	-0.75294688085749	0.776666085566812	-2.243748893378246	0.688618337439397	-0.5802736311310285	-0.9066767954782904	2.186177893553249	0.5504639014860013	1.0157946409628447	0.7185881270067341	-0.6047284674561143	-1.4804391728763402	-2.2445829753436533	0.03180265196494949	-1.6433610337194116	0.1034562638203647	0.565558826684433	1.0879168771215588	0.018073744358195032	-1.0446078338231999	-0.869733792534428	-0.611434934980403	-1.2377087014444004
YGR171C	YGR171C	1.0	-0.6342116608597351	0.7363361907911086	1.0583544102850573	0.4281012810499227	-0.5366387866193324	0.0909352433260405	1.0740856149047429	1.1392864491886638	0.833132482121207	1.117864882197015	1.6891746411827884	-1.087482545721312	2.3978592077255687	0.5409719309281376	1.3575584435061132	-0.9812095876157151	-1.0252279925345071	1.6781075264700327	1.1112694819885418	0.0028150574458464983	-0.8253797845060203	-1.0711687081739918	1.2150908895674275	0.2629133433524022
YER054C	YER054C	1.0	2.3822837488345807	-0.9059506188416016	-0.5389767992606447	0.36761935905533616	0.410492629155839	-0.18045839168683198	0.8447518703005683	1.067320371234123	-0.2864341625770892	-0.8997871226799172	-1.4867472765264704	0.7048390840644639	0.2844983741333411	-0.38759455567230766	-1.3293922727996643	-0.38804092754166497	1.7402267206263822	-0.289392054431982	-0.12831677624062934	-0.7106602255612627	-1.4145631312653257	-0.2651541310916512	-2.7540500462192226	0.0191237371295094
YOR115C	YOR115C	1.0	0.27368617799399236	-0.26619830900964536	-0.6147033945415262	-0.4879249204454649	-0.40669174349559967	0.8417838343008773	1.0609542981456366	1.5090299225997403	-1.192079252952348	-1.5690795707050653	0.27057764841457094	-0.8006518919178308	0.020728170320937156	0.15873666189422686	0.9734818372854119	0.6155339433891441	1.5447593117381577	1.1243979321895938	-0.35104201923266376	0.35444501122323374	-0.8720321335928884	-1.1250254646670002	-1.1460046184538288	0.9897484906543245
YPL242C	YPL242C	1.0	0.6554539553079085	0.8903067325512186	-0.938891050218991	0.603792658979725	-2.2064308755175155	-1.5104472793156143	0.0028555169669167283	1.555648502125265	0.12725198550110464	-0.8004621518993862	-0.14503647574607215	-1.5522309330183814	1.7602331597991598	-0.14110880243071633	0.37356912388196617	0.7514827795797244	0.07187879353961793	-0.03734810316444183	0.020105170234133257	1.0656725144318966	-0.2557289448507826	-0.3526232226753425	-0.7110687726755209	1.4328601634292442
YJL028W	YJL028W	1.0	0.6540539346362295	-1.3615853497052774	-0.05850884852341573	0.03745816386763349	0.40222070865679066	-0.546673004643622	-0.5887600203972667	-1.5420380712526438	3.1042486932468027	-0.5259871991785889	1.1103511901977774	0.9727927043848601	0.012429118607211274	0.5752251076785964	1.1152005438198307	0.40813523626123654	-0.8482768354413993	1.0776632435442155	1.216763989913863	0.2520396041170771	-2.032359956117928	0.47976176253067937	-1.0800783564069452	1.6728293331698407
YEL017W	YEL017W	1.0	1.263241060356919	-0.6741914691547137	-0.7934242600253465	0.1823199291087216	1.4577985541564975	1.6185160320307066	-1.2998623403344773	1.3904842196493636	1.7138041921059177	-0.1410125449045603	0.8092172227716449	0.5136698022542904	-1.523948765761206	-0.9437916493157861	0.5013597440439874	0.8339483363289658	0.6453403172947123	0.07231452221977723	-1.3173944607755292	-1.513432131293064	1.9402393091722518	0.7249851685548901	0.9629098828313392	0.37016350453939334
YER148W	YER148W	1.0	1.109809968664299	-0.9888904373544064	0.13848903124202278	-0.2712941261697409	1.7218070533955891	-1.3200678118321165	0.8208990087088832	-0.794079839144241	-1.1549700472231803	-0.4242149970145066	0.16993320792461158	0.05214667634415303	-1.1174742934080246	-1.1773876113157706	-0.48207497941447847	0.2212301378247932	-0.02568473068824363	0.8762527236081477	0.9521598075024821	0.18910642175976866	0.050823061440950126	0.6024668784102881	0.2396486143506209	-1.096097456176865
YGR251W	YGR251W	1.0	-0.6966878556040511	0.3137561693505381	1.7349535902222188	-1.9534314564189432	-0.24216980809668553	-0.5546810008453907	2.0273908351191334	-0.5553105016599661	0.18907706396697846	0.7129405294698447	-1.3143354771040863	0.329951176938395	1.1441923839437715	0.5239096020892086	-1.1261312310338631	0.304211781501224	-0.006867857045966075	-1.0703839110845994	-2.080270921073417	-0.04912494422400545	-1.0227175101738708	-1.6063256609536956	-0.09322146349375489	1.467305835545522
YOR127W	YOR127W	1.0	-0.3098038921957998	1.359581612564214	-0.0927916706075081	0.026293274489700886	-1.3878857367922885	-0.37426481420937324	0.8154992560168886	-1.5506710395626755	1.6669989184259661	2.256966825065491	1.8893316362262	0.7522198856685159	1.111607431989908	-1.4089921365056135	-0.7791801528186683	-0.01992975128469326	-0.7761062546023675	-0.6962929031692382	0.3253877461678894	-1.082974558287075	0.7314726930713668	-0.3923041028861033	0.1453137335274892	0.8516334115666799
YDR523C	YDR523C	1.0	-1.5321978976731565	-0.20499476445248352	0.5760454136534938	1.0621101917041875	0.182188066112477	-0.07303188996924456	1.2714809925395378	1.2876243866429433	-1.0579193388976131	0.905020152404488	-0.2518964343030638	1.3057562471091806	0.635842068126228	2.232162933144576	0.23307279744483536	1.207068335484116	0.24411042644611988	0.4394257797729309	0.18305022470812082	-1.9257097889492887	0.9772745328160425	-1.2668740922468644	-0.3418140868118798	0.15372531804128672
YPL095C	YPL095C	1.0	1.1687859494205144	0.5429293736772105	-0.8568142190675854	0.06807047666641883	-0.055937660378010616	0.5964599897953962	-1.0717075600744197	1.0993344722562701	-0.7609878078474112	-0.09958678971557557	0.18877159149192488	0.05962569688524026	0.0314139653728094	-0.7544882462123951	-0.09973598706326028	-1.7850343252323382	-1.1738659848310384	-1.1260510054146573	0.8215133358122202	-0.22616473259030853	0.98476937870111	-0.3221495348208305	0.8650547347507562	-1.0373608408100792
YGL081W	YGL081W	1.0	0.7114531542512841	0.34622516869072556	-0.6624072795288606	0.3722606464504206	1.536994653764017	1.1300563068841742	-0.5329407491171043	-1.5008715803170583	-0.2248470443811997	-0.23050572948057174	1.7577269587012356	-0.4975381035751076	0.898706891706102	-1.0772832990221948	0.8757142724282645	0.5920269015355007	-0.7890785947413024	-1.1156088946077884	1.157945486875041	-1.1248305717743097	1.1256327010479843	-1.6212599813611237	1.1951394252895648	-0.8236476308978293
YNL164C	YNL164C	1.0	1.5298718265813034	-0.2489262138581554	0.13753294937135377	-0.09989807785080156	-0.06255228310186321	1.6004245017171788	0.22381037309249238	-1.8749523940683905	-0.28138740244270566	0.02575979195150654	-1.0384834288708904	0.2879464145195113	0.30972739049404163	2.0986101933663095	-1.0284281807695155	-0.787320620711749	-0.6433253713911486	-0.3823012037386411	0.1079797530915633	0.10243575526060922	-0.021307362896591454	1.266342766300031	1.8295115948307175	0.2897350783387065
YDL134C	YDL134C	1.0	-1.4838594019594553	-0.8291620013577179	2.03206392418605	0.6639239348426043	0.175131591199869	-0.2002058476127347	1.2370011900483677	-1.229617687875852	1.0223869395726444	-0.08720248517967845	0.6134495616873831	0.33565008511912736	0.9975515475225037	0.7400973274277357	-0.3122281322385193	1.2126682502254462	-0.8862933389730343	-0.9830211010664964	0.05073671802424269	0.7385897438923971	-0.9514793821537343	0.18816767179189506	0.7241159489788779	-0.6326142368617994
YJL084C	YJL084C	1.0	0.2975748739952397	-1.4005820153086164	1.5425544664145006	0.9624097726745695	0.8436902361957548	-0.7063379070718568	0.2561106931716124	0.6013783006020902	0.9559079563785382	0.5341562945389459	-0.2289335219714195	-1.108842701308683	-1.084672840433319	0.1734168825415851	1.3834465445434685	-1.5380508484581086	2.66086564413944	-0.11739909984903239	1.212896362198758	-0.2187486839658256	0.10479299465610799	-1.4526407094990499	1.2340551753033218	-1.7251988906844538
YJL074C	YJL074C	1.0	0.05734795176876437	-1.8436345240804508	-1.3235238919851802	-1.2201363782809151	-1.301214404733003	-1.4469757400030927	-0.4038840751189811	0.6228300273573094	-0.17818320126544418	-0.6898716486119841	2.200886622552076	0.2945927910031668	0.6451996718775356	0.631588815005201	0.5877646188985368	-1.6915042893501269	1.9708757004127966	-0.12727807590974857	-2.1956400853094094	0.5476069631440138	-1.3770519592405541	-0.27574008106159975	-1.1745175853747982	0.5055130724946438
YKL094W	YKL094W	1.0	-0.1107122463772683	-0.1227150921737684	0.2790146315694361	0.7956875140029922	-0.6397831036073512	-0.8179988768077653	0.29299409452455744	-0.05092075221959907	0.8466588903577162	0.9867153553513006	-0.03715405565638593	-1.6089520638914485	-0.10326093521042594	1.2092292691413533	0.6864064191718006	1.588703702911056	0.5499169556210528	2.4703398161305556	-1.3266735471053637	0.23431068606137634	-0.11000661943208104	-1.7410446566128277	-1.0050705866391243	0.5029315955317261
YBR257W	YBR257W	1.0	-0.42239126731122445	-0.1494941151051296	0.9004452862660404	0.250035464938709	1.1451007731398724	-0.3944742761881637	-1.9054960389390205	-1.109610917656701	-0.030926497287548677	0.059998193191086915	-2.1227081331272983	0.1816926076727119	-1.8212524638844347	0.6044805096731637	1.7314332145174596	0.7583479356870725	-0.3781840359612698	1.1044344925155003	-1.126297484628987	-0.9723899804159045	-0.5961603453174785	-0.15970107270322953	-0.1668960327684128	0.455855564972951
YNL104C	YNL104C	1.0	1.8907733179819877	-0.6285952007930428	-0.5166415916069652	-0.9529032796324105	-0.9498029707220034	-1.6216569263899594	0.7195352105265724	0.9367740076733582	1.0106864242012117	-0.5408692273803105	-1.4958176299055523	-0.475292542763714	-0.9920892779807248	0.9261844147911261	0.025717711969444446	-0.8610881060087515	-0.41625664440372706	0.4462865264721628	1.52986988921837	0.4966748499533753	-0.2018207166190843	-0.784943282814469	0.43347480167443575	-0.13352423356425858
YGL263W	YGL263W	1.0	1.0581839639164112	1.2894963930124124	-2.589123352601505	-0.9190522626173104	0.7569274111543451	-1.6993519239024237	-0.284650753793967	-0.4591407494139132	1.0450100097954684	0.5119601105672861	-0.9062793583895058	-1.2810309648824951	1.785489056243692	0.3677437263071948	-0.9567988166067762	1.5179953478157604	0.6285142312266985	-0.8033554867272596	-0.6370441897968953	0.21577202019731886	0.08056042336721425	0.6388181390904359	-2.3280622034839817	0.6934761488153819
YDR246W	YDR246W	1.0	-2.022556797350937	0.9659143585386232	-0.14334477180540192	-1.1110128836768707	0.4285473733924	-0.04678290220159806	-0.10115776507239455	1.3205922733000617	0.36782276160311494	-0.3648387012330699	-1.0947451905642889	0.2420410665142886	0.03679946299135417	-2.5052057308389424	-1.1011934174203628	-0.4736949932820267	2.2986705903924856	-1.4614243610337339	-1.6465982266041745	-2.5471482497508164	0.8610854121291164	0.8267358293235113	-2.070805974320968	-1.606377235990438
YLR055C	YLR055C	1.0	0.6869007351626499	-0.9536919972615054	-1.106606865987408	-0.5584698977016919	-0.19281433655590388	-0.12458545326612433	1.470932360016737	0.0516790181969396	-1.270305613104185	0.3231729658848857	1.138231028862055	-1.369427932416851	2.0767646124659365	-0.4358949176941019	1.9852996501558087	-0.3267506684964877	-1.3742221988873018	1.5165329453539578	-0.14476217256290094	0.7255321557173678	-0.57909006477289	0.8950047622525578	1.373173837103664	-1.91372266332419
YDL162C	YDL162C	1.0	0.7449512933320659	-0.7346631035290832	-1.0699998781736813	0.12172585029521128	1.06544919032157	-0.134808189158674	-0.545077228654003	0.667224546036026	-0.26923778967942713	1.1792106413110437	-2.194896319565424	0.475093777595753	-1.6110137972124132	-0.9358130354701926	-1.0428458772462967	-0.2560232081763488	2.468517305174325	-0.45283804227397695	-0.8374409943115878	-0.7591196101746129	0.7175532015933122	-0.2908175398244437	-0.35594047109520427	-1.5395567097927716
YFL045C	YFL045C	1.0	0.664587524058603	-0.7174417137573386	-1.190215797407784	1.0003168942690708	-0.45626568702093984	-0.44628262081035047	0.5909584975453521	-0.4735189171711345	0.19285759087267915	0.5659181460353554	-0.618703007852997	0.1323147277165525	0.8704856242127217	0.26553612512508884	-1.4572293291900242	0.6376053144359497	1.232010196043399	-0.5774024366100883	0.9816630657901185	0.12889150754718467	-0.7014886100385705	-0.5434359487532656	-1.2724691561067751	-0.7105498057560004
YBR297W	YBR297W	1.0	0.01886761244898975	0.7745019341940697	0.982939390639378	0.5568021743204121	-0.2297241177437383	0.6800139026522014	-0.18330085770406424	-1.4047343299070503	0.09061125308600718	0.3622889340557282	-0.2715681674332868	0.5320490988610969	1.223055261735632	-0.5012108886794171	-1.0494722436169228	-1.6530043081479662	-1.1516404423288216	-2.0375118177163105	0.03923460158251221	1.7039492069555457	-0.7579469268672522	-1.159499175255328	1.2021541779136784	-1.6950890184532184
YOL155C	YOL155C	1.0	0.6834895935746598	-0.14482722062676617	0.755853118404502	-1.355151906277153	-0.5203274008487548	0.8311039988018518	-0.3465577790042476	-1.099215508172618	-1.2151244059584698	-0.16062938950916925	0.053412013979951815	-0.26713252288176226	0.804588391937703	0.3689582177536696	-0.14921143011562216	-0.7046305476386336	-0.5478199814285909	-0.7097286147515105	0.6328151065722105	1.3653304093207193	0.05356143230985101	0.1495806620682046	0.05610688564947063	-3.7408954189356485
YDR033W	YDR033W	1.0	-0.4847587065171419	0.23536740928081906	-0.9374616079810744	-0.9110741138063223	-1.6621837317825485	-0.6954461684471616	-0.5976302848988458	-1.4133292255903818	0.789747912668934	0.6566699227741574	-0.17256566619579106	-0.7022671118642058	1.2594845306370088	0.5367665352096576	-1.585622099077701	0.46023297522813666	0.29895482422089104	0.24898061694908197	1.9202366835824816	0.46194921294972385	0.043297577982212815	-0.15650888237092705	0.6027430936193118	-1.7504448200177736
YLL026W	YLL026W	1.0	-1.6250133169759193	0.4482694521276218	-0.39088017335332637	1.4527719939900003	1.9061065160200295	1.8543766864957114	-0.24776227950820381	0.7422302885574587	0.7520601934154809	-1.2031432213179463	0.557453826297214	1.9065507625796845	0.04332995036075602	1.9109865726127535	-0.12778419304861605	0.9550123923471548	-0.03867291420616484	0.7705787676177683	-0.6039164580937212	-0.2861882778052413	0.3916645573567666	0.058480891605078425	1.4354810005923269	1.1567244433343415
YPL124W	YPL124W	1.0	0.29909242273075504	-0.09844319104989771	-1.025993390261194	0.4610913919864836	0.2976141488580816	0.7851860530796825	-0.9578546010831667	-0.26360288315297764	0.5895230615711906	-1.9204545888089823	0.07130697426654167	-0.2904017709938151	-1.14254996703049	-1.3482113192842429	-1.4612304617915521	-0.5030752092364394	0.16335409011020086	1.2440495396716513	-0.19429742688600302	-2.3666936306666346	0.49117595663195285	0.32358689174920924	-0.6988005257583938	2.1013157155735893
YGR271C-A	YGR272C	1.0	-0.09762934301813612	1.6655042741730341	3.711352994806844	0.8963810993410684	0.20888892654498398	0.7259627936868986	-0.44987259418654846	0.657711335905044	0.5203089372500804	1.8269861008184618	-0.05579216976053574	-1.0614823633594836	0.3137671499619529	-0.48700517883177796	0.0930203565499897	0.628547680989033	-0.392430273242323	1.5406599243131147	-1.2652139203925472	-1.4951068712901177	-0.44669635143103054	-0.25082425381689233	-0.29040932874594244	0.5429252231765936
YGL162W	YGL162W	1.0	1.7842186857197182	-0.22940958618610932	0.4549827580545231	-2.0973631466267455	0.29941104323718937	1.5326275612831772	0.10813985698470446	-0.9875793860456665	1.0946224701837575	-0.23683162975378177	1.4286009748887785	2.3197670740726446	-0.18190540060102386	2.146777626012362	-0.7759157039726564	-0.8539994557348668	-1.3548633529902785	-1.1310740456349588	-1.1191413537225858	1.962767540655119	-0.6074228154129739	-1.0467348529338394	0.39479335889123407	-2.3120706793819648
YGR198W	YGR198W	1.0	1.0776342343041756	0.8461245543597389	1.190666750737405	-1.4204775918171806	1.4475256870474902	-1.3889475399273892	1.532580301473365	0.14838078486592687	-1.0688217993373932	1.3668991922752107	0.5650544861946685	-0.21229479685769556	-0.40343152230943313	-0.7969669174602222	2.171833350616945	-0.29156048607200064	-0.8831119358710784	-0.16071559264645074	-0.8652780593075674	1.77560877179157	0.27743280741433446	0.8240711865233767	0.3174078660174349	-0.3425649860661984
YMR227C	YMR227C	1.0	-0.6958940582282837	-0.23658242267371696	-0.7363428064047778	-0.000605352997479356	0.5160194691679031	0.32143079134928004	1.2839709525134457	-0.008927406163245543	0.43143323140867534	1.4662571089564989	-0.23276509166245382	-0.35162563428625954	-0.8445284208282047	-0.6617486322648892	0.9086510542547811	0.719507068060754	0.8210333728147896	-1.4071378716458995	-0.13259424071755577	1.381097174102905	-1.1679961626630377	0.4656313882516715	1.013594150135404	-0.6778942107808894
YML037C	YML037C	1.0	-1.1444484029297846	0.37717810551514286	0.24817633462421626	-0.8745675735474497	0.10061402502894162	-2.201854836944872	-0.10815901391083242	1.395250561674011	-0.01908930746098933	0.26811277959616253	-1.2351678988748562	0.19879381869221482	0.8600723196067466	0.9390436951859639	-0.6489918193419493	0.6544375779434073	0.336418689243569	0.23664666429593395	0.9946388296170449	0.42868987268605374	0.07212684965292931	-1.5221841474955384	-0.1216707777934718	0.48561087924121915
YDR110W	YDR110W	1.0	1.5228347178252581	-2.1238198496679264	0.559547285421774	0.21353935245253716	-0.17859655656469736	-1.0497269729183012	-0.03825873254839527	0.9582999385833681	1.2796494031893195	1.8811671734194746	0.7977764556066822	-0.9968845096854504	0.5012705729886731	-0.5965823489828642	2.046121921948249	1.0151681153423033	0.6829893346922205	-0.6668605942053497	1.1555740671088313	1.2165352274470072	1.2171163437793533	0.6994918841983009	-0.44702727679964804	-1.133331070630641
YDL006W	YDL006W	1.0	0.0	0.5176380902050415	0.9999999999999999	1.4142135623730951	1.7320508075688772	1.9318516525781366	2.0	1.9318516525781366	1.7320508075688774	1.4142135623730951	0.9999999999999999	0.517638090205042	2.4492935982947064e-16	-0.5176380902050407	-1.0000000000000002	-1.414213562373095	-1.732050807568877	-1.9318516525781366	-2.0	-1.9318516525781368	-1.7320508075688772	-1.4142135623730954	-1.0000000000000009	-0.5176380902050414
YGL091C	YGL091C	1.0	0.40238537499892224	-1.2773546310579493	1.840327382838239	0.988331582815753	-0.3669201995977296	0.5266241282702697	0.5987627745625662	0.018015311386734432	1.7750129472998226	1.1425149880901564	0.5990519979102614	1.8858980948788338	-0.5914035708478911	-0.6079647168719533	-0.0022695123495181367	0.22565721639724692	-0.6466907736384317	1.3371322771132694	1.5155862181621857	0.7065770261645216	0.5305053264703082	-1.2098993538448173	-1.1158511048094104	0.16461126456972427
YEL072W	YEL072W	1.0	-1.5247463666658063	0.020129754439592227	-0.12426889005570382	0.4510780809110412	-1.6055045597027326	0.14948876395035746	0.5215097505834316	0.8577045212608482	0.8007242633447308	-0.6918332728589914	-0.24739642485170793	-1.0124844824231567	-0.19225137176238025	-0.5444940300149591	0.6632717201336481	2.3522818118642497	-0.405257152093522	0.5909341638763903	0.8220119160590638	-2.1123594527800913	-0.26167169370457755	-1.0169062445655925	1.9449732199443848	0.013281756770614146
YHR186C	YHR186C	1.0	-0.9679140868749808	-1.0461744018473143	-0.0670705090815816	-1.7606562771455407	0.5937812811765375	-0.45263842777319263	-0.21193566341194167	-0.16894701526902775	0.03410143385914814	1.037339981302273	-0.2611072895255791	0.6505468853011377	-0.04443283945481605	0.23823531546872448	-0.5910156627224024	1.244084108766187	0.2619478588278271	-1.0044054252115755	-0.8513087745635627	-0.3348197151921536	-0.2586482445280423	0.28919541612601957	0.773133234690668	-0.3854999775239793
YLR431C	YLR431C	1.0	-0.43772263903234865	-0.6124254041736069	-1.4815794003450915	-1.4036658550952914	1.7116169823154672	-1.6024534149375027	-0.11635990803484407	-0.8894086806593308	-0.21222411964763235	-1.3463955442628475	-1.9677686169970705	-0.978174438102696	-2.230821441443959	0.9647231325192284	-2.1294595537989127	0.5831013441081107	-0.10071493804180992	1.5731953710698479	-1.5258381733975157	-0.35281717041202876	0.4184159532358882	0.380136994182457	0.337718812600209	0.8283666933787525
YKL151C	YKL151C	1.0	-0.00986684510947699	-0.8644124844802223	-0.17057531555316058	-1.6847028678313534	-0.8405803354876339	-0.6563275239791061	1.3298116208178972	-0.13202482075238514	-1.1447503489944628	0.12350024985305805	-0.4331147569194143	-1.4675543232531878	2.2399111167991728	-0.8324212885936622	0.626277096596783	1.8617228935749144	-0.35593053644033157	-1.509387976620845	-0.3146259616165286	1.388351128232115	-2.4999240372284275	-0.1365756455787401	0.67011218681987	1.1726926333020542
YBR265W	YBR265W	1.0	-0.352050506551984	-1.7929933199651944	-1.6381182503353735	-0.11427048576874316	-0.7374615651049732	-0.6303354573466883	0.3107207122557069	0.28097488448211	-1.3402827990408586	-1.5435697641269774	1.4664949301371215	-1.0770512995237993	-1.3933770477884573	0.08735433402746051	-1.2813363332161893	0.768872989150576	0.6453091246127607	-0.9990582803964251	0.9109215182676889	0.7056913180490392	0.7616469423013836	-1.0829086212064643	-1.4844186824846057	-0.681616218649007
YJL057C	YJL057C	1.0	0.6755109462687314	0.07132253327027917	-0.11046829002649615	-0.4675961832010737	-1.1439151771353808	-0.48776481851693204	1.1277871039517062	-0.7057450703095066	-0.7689303871445105	-0.861989006239895	-0.15498131803494278	-0.025621896346114836	-1.3960564291871482	-0.04634556832448211	1.0501700888836385	0.0228580653664939	0.25875040575996244	0.1787089309831413	0.6472565662169047	0.9433686672261365	-0.2812276102221687	-1.1381290979496945	0.48218310427266914	0.7254962089276827
YMR272C	YMR272C	1.0	0.951650371683319	1.1556956780234078	0.5831981339388238	-1.0966123853179754	0.2417185348524115	0.5173664921803726	0.4817459077014868	-0.7170420374315485	-1.0756644380730216	-0.7920185727393559	1.1083506034728543	0.4405312957672467	0.4509584318997146	-1.6453327993992717	0.6790701171473882	-1.3486586569692052	0.08931000417467844	1.2754140044945828	0.3041272575110544	0.00919222282719467	-0.824834089677777	0.4582138292877112	-0.16992059557531008	0.7271911930499139
YLR282C	YLR282C	1.0	-1.077018682785885	-0.4972491072215543	-0.5553885721989636	1.2800357965744875	-0.16805956006430983	-1.2267905300226127	0.6359631533210526	-0.628009160969687	0.10230354833006372	0.2783522988351586	-2.558634174015207	-0.1017414177752821	-0.9054915615953084	0.5091477652792108	-0.015324925708160216	0.07114504853816163	0.16212799446086687	1.47878077496711	2.1879751845212763	-0.9772172989329704	-1.1095802969768174	-1.346174422175883	1.0038936127094467	-0.7558904824393015
YLL065W	YLL065W	1.0	0.871438506157825	0.10651335505292979	-0.44301131994147586	-0.6472108371296672	-1.1420315924019024	0.3926276500184623	-1.283057422902393	0.6044661860627151	-0.3595297952658584	-0.20085625932821258	2.068691292347241	0.05564636773630477	-0.7317711142477841	1.6265290698590473	0.2176872444141309	-1.5110537683739425	0.0619491011348033	0.5546801860110228	-0.9166340373457255	-0.0013059676545692232	-0.00547154502365347	-0.7907243057038839	-1.3011062096773214	-0.1342917740780501
YDR283C	YDR283C	1.0	0.23020412414299016	1.5155348413541916	-0.03291518721405418	1.4384857476327482	-0.08482306457036581	-0.008103210014255941	0.7233332260767243	0.3655047494278732	-1.6762413483331893	1.1957512724943224	-2.140142713020781	0.1080699934253197	0.2645494162445914	-0.6903821918287043	-0.0010852223612624154	-0.6236372809368846	1.0492840092099995	2.0964232879954663	1.1954049572542917	-0.6882550531081171	0.26260975239023926	1.217917580878221	0.3958268699346285	-2.1085377887426877
YLL051C	YLL051C	1.0	-0.6888371260074951	-1.1752646273134448	-1.8506154783957334	0.3459741728870887	1.1735226460014099	-1.521540795061375	-0.8025153466178383	0.8460797262327864	-0.6228687974207383	0.6793021423354204	-1.029632863519379	-0.5689150521170576	1.9222816478607547	-0.5509985064190568	0.7891532559232136	1.3350500561647574	0.2797335867327751	0.35130165174111744	-0.704093610063098	-0.9098668781287843	1.7814690560034463	-1.0383329871975806	0.6177508117835855	-0.05892666587144764
YJL117W	YJL117W	1.0	-0.47155184804074396	0.7180052573640439	-1.786134894024531	-0.4047141439982691	0.46403705416456625	0.012011203096009901	2.2291663240512296	1.4765004076430113	-0.2179198417949052	0.5455446086166391	0.4617280097345624	-0.035461726421266306	-0.047943662381346216	0.8317433006447746	0.5818527106193117	0.6011814417535882	-0.861487163857533	0.24026458475704213	-0.5041512421136697	2.5072630205374278	-1.8483011935879112	-1.1388372734659922	1.5645783659427737	0.8539905363316952
YBR063C	YBR063C	1.0	0.4296713163269489	-0.07418780872341998	1.4753143152416734	-1.268492165340818	0.3605317780145839	1.4000136959354772	0.8737083934982942	0.8825299564933186	0.38032682232307	0.3072631494397363	-0.23389197687325008	-0.7185857641620123	0.9701382017921417	-0.4142437209393727	-1.3361271209156091	-0.3286669376431741	0.152688557643559	0.19250832926468453	-0.3611661698258171	-1.435926017945187	-2.5756035958484462	-1.2647276631222024	-0.2535273696951492	0.12769705328581318
YHR176W	YHR176W	1.0	2.4733232663426015	1.5531911511370122	0.4972558204395519	-0.8558691518219756	-0.6949119593305876	0.8666025447851162	-1.0387977532293984	-0.010379330643874845	-0.2579946541414755	-0.40046382933398494	-1.0314674850561394	0.5684496422256825	-0.9340733406044948	-0.4606395816807274	-1.1008307397557013	-0.2562284592674455	-0.2608970374964032	-0.06498366347007663	0.078592070433531	-1.1123650199492647	-0.03811187406336156	0.7497266435832042	1.96439900249098	-1.59444455636819
YAL010C	YAL010C	1.0	-1.0623843240473139	0.8368008468036093	0.3955666854353252	0.49298389544132504	0.784120868264757	-0.40136546473206314	0.9236296797737552	0.7664035386059106	0.6932764782639842	0.34471319245273746	0.6263353215644171	0.28526448677047955	-0.30614327537936015	-0.1750707128482204	-1.222579083075471	1.0072468010928106	2.590872500814151	-0.36125292701246153	0.7175150258782983	0.21138991624343642	0.8129920107919797	0.9845250884941632	0.397670993759574	0.16506510604754138
YLL060C	YLL060C	1.0	2.4479127379101704	0.17489405316944873	0.8272194928910762	1.3470469191130565	1.0984381458085526	0.5744255762991857	0.2204834680878635	0.21490685097973455	-0.3056651457302211	-0.8324565849008073	-0.09353372647178639	1.003698332079936	-0.7805110067295948	-0.5217910869380288	0.04578696445429245	1.6467886652319035	0.18206133120058773	0.6502506206291483	-0.13986359061468243	0.6328317986620025	0.48297983502029257	0.917489071911211	-0.1330047261194828	0.6793430086769131
YPR048W	YPR048W	1.0	0.6996338870501969	-0.06963334601006184	-0.11088129526162721	-0.9070760381107835	-0.543676330624106	1.5817687896618766	-1.7403045672621833	0.1259705830173748	-0.9054367784619026	-0.14418659094646294	-1.2782049315552075	-1.5706936592189265	0.1157112291185109	-0.8084845099141632	0.3868105091893497	-0.1562207060314967	-0.6647304492542113	0.8713513754814312	0.5468584574085883	1.7092243975821073	-0.5817297833023907	-0.07403731463073425	0.060238499482267144	0.6886148526458808
YDL012C	YDL012C	1.0	-0.16354654414566036	0.2664188124713195	0.05005302056353963	0.12220256927438104	1.8303876314884582	-0.021658290039618413	0.2989055954466284	0.6202500636619678	-0.7909748491257794	1.7873430169894275	0.19365494486161136	0.9693630299367608	0.1787675650402889	-1.6236975091532484	-0.0005804849019710821	-0.23619935301363437	-0.5100540423502538	-0.09054000903660879	1.4276086710430838	-2.241373782447756	-0.3507028875954865	-0.3186465748155605	0.998546111478657	0.06090746862876461
YIL124W	YIL124W	1.0	1.2122799910418705	-0.9831107186350151	1.4935489630978678	-1.5628381197874317	1.1283322206233106	1.319548920563519	-0.11323402377015183	-0.5508819038048857	0.343164079374752	1.2371272292160695	-0.15011541976421755	-1.557286620153438	-0.7080891481186928	-0.9765393237901322	-1.2131764093096586	-0.38168995455904176	0.5130663518673645	0.000998914584162208	0.4791918882777171	-0.8127761790980451	-0.6723544290984083	-0.054169196300995155	0.43106064859589155	-0.6663974097705198
YNL057W	YNL057W	1.0	0.4750297833435321	0.03756837965757105	-1.2374789875582182	-0.07476169429484297	0.27301644519385276	0.5288376836337653	-0.22279330886123241	-0.4120944569544893	0.14946919570526596	-0.45128393156926827	0.30690525645800043	-1.4043960058710152	-1.3713438552042652	0.8045119884460452	1.4614063813905174	1.5284262691044912	0.1271791043648259	0.3039117702231187	0.07601007980517704	0.5885331477373603	0.8879261809516558	0.29773702227742765	0.8146599068184568	-1.4035559692774087
YMR020W	YMR020W	1.0	-1.132851150731462	0.8509511260731947	1.0290772116063998	0.04157619590139506	-0.8324009706755939	0.7586449382396679	-0.5711259778385346	-0.44143472560332137	-0.6947228893372799	-0.8010601123898227	1.2715935911944496	1.0761517345373057	0.5500454856234038	-0.9129641548916968	1.1205700852251088	-0.11664110337357089	0.08662008618058128	0.8451656282419374	0.41112566349480134	-1.2719309299446158	0.8482123360323608	1.962855832098187	-0.14097308184030347	0.1989298548867736
YOR239W	YOR239W	1.0	-1.993276876266207	-0.14160055709497457	1.9287531997193192	0.7001325677340656	-0.31014035745284035	0.5603903203754171	0.37124622132222185	-1.806848699561203	-1.1305450385500508	-0.6526010520202319	-0.2730458647395111	1.4596401445171565	1.1964238807517293	0.16291692185790702	1.7469463487482106	-1.2350585409455566	-2.5186626174877578	-1.230325208096519	0.35650566298121467	-0.39483772617260166	-0.9869112468223014	-1.4765675623664116	1.7438708578524613	-0.9632271942300097
YLR138W	YLR138W	1.0	-0.0950621415055248	-0.3756028690138806	-0.6615710521722118	-0.5644947376760775	0.5265066180249051	0.42160125060790754	-0.9171593185627088	-1.2439918819787867	-1.2675224652174575	-0.9155528482081466	0.49450881277354947	0.9752419049260472	-2.4212859648242784	-0.07238581594874047	-0.515539014996543	-0.0870474319322878	0.5052443866815473	-0.9234460645684319	0.09760753805016883	-0.31610720987699076	1.1554181580708793	-0.25123106444076304	-1.0730933813161927	0.7119456062219353
YEL038W	YEL038W	1.0	1.8830827868933098	-2.5779268798509114	-0.2523767886024993	0.5332492944960641	1.1579602479319437	0.9006194660372451	-0.5302125980630278	-0.41355369269712183	-0.6898607591635151	0.8917986177685477	0.16916759522126687	-0.6185342152537521	0.09452403939274098	-0.3157905172123244	1.1605530039013665	0.8884686429667047	-0.7930966307486988	-0.1315286354606427	0.027445256619805347	0.5529114159946658	0.7507796256823229	1.0839742829032204	-0.3660645566473471	-0.2083550045014455
YOL006C	YOL006C	1.0	0.3464907305177274	0.5968000347052571	-0.9764797323283246	-0.7279908875109616	0.46187801289684244	0.6497617071480015	0.5444746849336435	-1.5699973702995007	-1.250597754068874	0.5819395909119904	-0.7482019448414416	-0.08867956140994736	0.055677496382834306	-0.734790722330176	0.4817187480126165	1.2725876403599414	1.1831366532484915	0.0035752218647983956	0.09388655456430936	-1.0163880511586674	0.06515396049063694	-0.09012421329945797	-0.061136480427882806	-0.4967203732535082
YPL151C	YPL151C	1.0	0.471130620938616	0.13232384471980738	-0.08119784881964522	-0.6421333259445664	-0.2457487033009234	-1.6441328727375506	-1.552744860983641	0.7441942388763562	0.0072268412023523	-1.220018719639568	-0.6548556828474584	-0.6011903865192865	-0.39113156192687487	0.8525652942624428	-0.1297913449228291	-1.1312674889615677	-0.5537255184748696	0.031157788727320303	1.4665335107659847	0.28935459821568416	-0.45401618608944694	-0.4527925932676845	0.8339101530659885	1.0771416424629283
YLR024C	YLR024C	1.0	0.3566971800151291	-0.7260353784952166	0.18177211067997476	0.642827451293353	0.8607791033399992	-0.25139573761616846	-1.8972107367953575	-0.26497429519500326	-0.3314758747842903	-0.3331627989727022	0.9813836752442175	-0.6405349890794877	0.387654456035068	-0.1913407437084353	-1.1211547049191197	-0.29675317667155393	0.7539770855438402	-0.5101483553317291	0.8449447199794805	-1.1035285746492367	0.818122928702495	-1.262613260499192	0.712506507852227	-0.30737254040845907
YJR079W	YJR079W	1.0	-0.5079730106567941	1.1991736532645814	-0.9806610679282659	1.062753390961932	-0.6161655136817739	0.3628962608527472	0.6265551172480665	-0.398844377647181	1.5837246144736472	1.6175078036924961	0.7644629785091192	0.006289072574501846	-0.6762787570107801	0.0604805619238353	-0.6834124601089087	-0.7908573456219679	1.7253746863560981	-0.7716735610630077	-0.562763889402905	-0.05110612164982639	-0.39830942283561105	0.4278880029078595	-0.5243709243002178	-0.768836907060786
YNL251C	YNL251C	1.0	-1.4575921957540512	0.36901808718162216	0.19370993044694712	-2.578546979639838	-0.724092120697489	1.5349431114619299	-1.3398527299893204	0.6896625143650554	-0.5777834967684748	-0.14221391041959486	-0.8883507754074019	-1.5326650887729556	0.8895071453185768	-0.1865733728057848	-0.27154051515713445	0.5463799419129042	-0.31214402264866475	0.5946984558707814	-0.07655827391420485	1.0335996236522762	-0.9265399332813113	0.23091844450139873	0.5661734892241528	1.0050617399713455
YLR152C	YLR152C	1.0	-0.8537727465788609	0.20805038229404849	0.4927214160759338	0.9249640896198194	0.2362406308353086	-0.43679462614136366	1.4268417710337116	-1.6014714596337836	1.3059342046747229	-0.7890245122025394	0.5593163677189188	-1.5040497739404752	-0.3146113992295774	-0.9993483907191932	0.24999390268374097	-0.33726820994032103	2.8594395083105555	-0.8384163676774413	0.3338345805470678	-0.4025617677713009	1.992520423769463	0.29553449214145056	-0.4514699095273451	-1.0682036867054896
YGR054W	YGR054W	1.0	0.7044387672366573	0.18313795084609463	0.7583775012309913	-2.195394030050625	-1.5028811096906431	-0.24423088902752277	-0.15250812325419333	1.0132071332041372	0.738043952131742	-0.7238955237088853	-2.2748925434929204	-1.162994865429694	0.6596370824577357	0.46226626690021044	-0.1792539149172358	0.14926377140015037	-1.5232743347489606	-0.23121540931523438	-0.3308093180693495	0.5022901278537869	0.8002631638947196	-0.6746065990312632	-0.224660012779191	0.9203589488414418
YMR203W	YMR203W	1.0	-0.302408686361255	0.8899813077376858	-1.9625065477088488	-0.06817399243075667	-2.439169427931221	0.5548187186176151	0.9313493009206641	-0.45080847344459474	-0.705688180481448	-1.0980073310942216	0.046776150041190616	0.7787809813553668	0.8875492800276712	-1.4734907747714074	0.32685596332100136	-0.04848345066401645	-0.5460801787053591	-0.9127858911373171	0.9710201170284851	1.0128112535152667	0.7760984001729019	-0.22963398684892675	-0.7047709457517314	-0.25628503622496446
YML087C	YML087C	1.0	-1.092524285083775	-1.7522566795911108	0.27297473335755457	-1.9063067698957914	0.049793427730116274	1.4829501477041989	-0.1401611344135639	-1.8371436481586458	0.7386099772645219	-3.0890499931024946	1.1817580072312495	0.1531186741280462	0.36152009996074475	-0.3809880592719756	0.5994889090051512	0.889374898465747	-1.7351948116580718	-0.9649160494373715	-0.6285219813918808	0.45812457561316744	-1.5387720228996113	0.6907664250470066	-1.3388001271421406	0.775411459871999
YLR186W	YLR186W	1.0	-0.5806102346764054	-1.3916662171967769	-0.8486335283969395	-0.5372862851482693	0.17565918690938245	1.3764400090002347	-0.5075967835325821	0.9136958185519393	0.5092027873794864	1.6822176960453885	0.8596812601191947	-0.8679725543566763	0.884468825740894	1.9010670607612912	-0.6223798310019433	0.459315121235148	1.6739303731742878	0.7776818952181833	1.3101715320463534	-0.7814406515989017	0.376871860435363	-0.7792805260200301	1.018496759912168	1.2556271331578717
YNL031C	YNL031C	1.0	-0.4204927708045812	0.44720515808090455	0.6101872083859685	0.12751172218261414	-0.7400909097038546	-1.9809125530411382	0.4964466785022197	0.24579466848299397	-0.8180094967717843	1.3063072554935782	0.14011359057204947	-1.1404021281845507	1.176110954013394	-1.215488760184223	-0.9285106822889846	0.26547768337821426	-0.5161396007936899	0.4002420689856651	0.14262857725484773	0.2616102584974783	1.2473122951442315	-1.2255100933060024	1.440956867638808	-0.26538221570375364
YNL008C	YNL008C	1.0	-0.8621758417312042	-0.9548026924735491	0.740766442882879	0.4408035418949052	-0.09524843369664875	0.1459816264988824	1.5115101581418504	-0.7379434274818055	0.4449258063324874	-0.5971877668326782	-3.0134058661566026	-1.6619680178475653	0.05568791281789096	0.020443930426355523	-0.45128396817207544	-1.8091318557190308	0.28795066438299544	0.7766807071153132	-0.8838422844998547	-1.8398977677378494	0.27488523183726404	1.4443640967291038	1.178876745535552	-0.20276951135206123
YHR143W	YHR143W	1.0	-0.21155604747851797	0.8697180661379338	1.8918244420198187	-0.5826170588853848	-1.2643478913497272	-1.5533684809963928	-0.16439891962270706	0.6548925198789896	-0.32431916654560344	0.8945448424368305	0.0713687988706964	-0.6775312005500262	0.8067234394357043	0.3401163716090266	-0.27317282708921725	-1.5798276047488617	1.169838346160402	1.5446884622516786	-0.08579331034295525	0.2774753884623629	0.6500531111749008	1.5587432748322447	0.32534969702529487	0.51400551904563
YKR004C	YKR004C	1.0	-0.2662355940575686	0.4117926747856545	0.32842307221361333	0.02354657931437053	-1.474071799834402	0.48035878366575085	-1.2847638715178438	-0.7402553157354966	2.1877279707043726	-0.345932834715398	-0.015301563122261807	0.6006013507049226	1.1567922414787906	0.8690859804002071	0.8015114686499026	0.29576615687335006	0.48112382848739754	-0.20656985101126885	0.6544510214411329	1.234885461708831	0.6279096384021206	0.23541343068045076	-0.1870214207076394	0.49455196056713935
YBR130C	YBR130C	1.0	-0.11096665023988146	-0.5675257605489062	1.1139465566239553	0.9032076832244428	1.331556460002836	0.3275574859488816	-0.8922020989811886	0.4007330223581997	0.15957266680783197	-0.4730779545670774	0.2946951069808667	-1.4021736921385224	-0.8702772997768274	0.29995175696472076	0.26596065041056177	1.6249484236988012	-1.1378458197020838	0.17392939597765422	-0.7960298426443175	0.846330492122963	-0.8630889784684067	0.04434185233106946	-0.8622450970208517	0.42808291454615766
YDL152W	YDL152W	1.0	1.0557494257789373	-1.385754029404982	1.4454864874263766	1.5710008530347594	0.09245395791899862	0.6386446412626451	-0.5528426093322504	0.7887636085741908	0.2881273311718056	-1.6233131674677406	0.5920946495030841	-0.3429478604144554	-0.612259370889578	0.4399539362124967	0.14989505108244508	-0.32628996777262426	0.841344324703673	0.8723720584242468	0.20608190249625713	0.31184009779713234	0.3296190507418409	-0.9858260710919599	3.2315880704762754	0.3974282619513024
YDR527W	YDR527W	1.0	-1.695823622204066	-0.558939197003771	0.04821354534836334	-0.29786768380894185	0.10855388126977389	-0.23163270521808227	0.07527893650999043	-0.4796703790961446	-0.7591087343958473	2.9308290151531113	1.8034459492042691	-1.1109808547020275	-0.6815763250084045	-0.7383267482516148	-1.2305658846456342	-1.9915577859530045	1.4202679461331287	-0.4286409591839534	-0.04881566611861669	0.8311964213202189	-0.7012518015466511	1.3137344238833304	1.3678258457464898	-0.16223156720012177
YGL004C	YGL004C	1.0	0.3814195516299788	1.4683809315543628	-2.244830725391309	-1.3527125306372454	-2.284286743918094	0.8719875968731328	0.4793951017699876	-0.5671663296695106	0.02672850854298229	-0.052038922377534616	-0.5396505267800932	-0.36065127771546673	-1.7029775079470464	1.3802131675003162	-0.7390726575278252	-1.3035533294159232	1.4799201015743364	1.081259734515324	0.2113150018924702	-1.0398915286670376	1.5754985251718712	0.2247991736606911	2.242894402376364	-3.0343819508148244
YOR318C	YOR318C	1.0	0.14908631594891542	0.3271962341468443	0.3921585231800622	-0.33962656305797473	1.888410891405	-1.8102132966223992	-0.2922730154055202	-0.4943484157572705	0.3749203779875006	0.4029839109928571	-0.3214865952113194	-0.8944765140674151	1.6934748790372416	-0.7331131200894403	-0.039329816682623864	-0.7683905016898466	0.009420985727594021	-1.2520841959894746	0.9740589074565951	1.2205849207600887	0.9208838248714376	0.6608729268112342	1.2907688793335514	-0.6167696476925716
YLR346C	YLR346C	1.0	2.8665687488258453	1.1454920367409462	-0.5266590856762197	1.998770917088036	0.4775445167819128	1.3367700931562103	0.023830331830225888	0.5714456716192353	-1.617829728090746	1.3693677758064227	1.0283953653045557	-0.23186212383271385	-1.4956317129030947	1.1121830987332952	0.4487739772831726	-0.8278890054438296	1.8557271237899873	0.07233346591886992	-1.4976447543105182	0.38547693366365926	-0.3759072494793883	0.09016729143301569	0.5568692133253362	-0.028641244426562403
YML061C	YML061C	1.0	0.0	0.5176380902050415	0.9999999999999999	1.4142135623730951	1.7320508075688772	1.9318516525781366	2.0	1.9318516525781366	1.7320508075688774	1.4142135623730951	0.9999999999999999	0.517638090205042	2.4492935982947064e-16	-0.5176380902050407	-1.0000000000000002	-1.414213562373095	-1.732050807568877	-1.9318516525781366	-2.0	-1.9318516525781368	-1.7320508075688772	-1.4142135623730954	-1.0000000000000009	-0.5176380902050414
YPL127C	YPL127C	1.0	2.2260797662608978	-1.1121009746617092	1.321415889350639	-1.091594183766971	-1.9156294449714117	-1.9006160812840789	0.11368377467147227	1.3964773947009737	-1.218270548008524	-0.2711523003460649	-0.6099052013266322	-0.4849201846237229	-2.0783815550813314	0.3405906249180836	0.26900326188616447	-0.2205669581494016	-0.6126259228241643	-1.4641722888176414	-0.9497933351679686	0.9171618421239698	-1.2492003536375649	-0.49593530103662553	0.6647512085639399	-0.047705509819347666
YJR031C	YJR031C	1.0	0.7852327976999844	0.013487203066308793	-0.13278282789166218	0.6584335407206228	-0.7324464370023296	0.24354185947356585	-0.8227964267432932	1.4781625315757434	0.4100274336415332	0.709836337001692	2.0361486702146845	0.6924235990578461	-0.7479920849482081	1.2790844565612371	-0.1262307990879048	-0.21421691451000616	0.8894220624636889	1.361384457711092	1.9323503452522568	-1.8077683855026236	-2.681270819062543	-0.024259328189618946	-0.0716160629008313	0.6461025965823448
YDL141W	YDL141W	1.0	-0.17203284650979814	1.9706957051302652	-0.9900305389788104	-0.07067201582930535	0.30131216414687667	0.25324020998814284	-1.674344378124463	-0.7141647263902978	-0.4507203682109941	-1.3414311129823775	-0.6722130958834184	-0.7279617885138235	-1.1580417159329468	1.4601281578888556	-0.09188077456223777	1.0237784838354582	0.14172584190715856	0.3657428506311182	-0.5772378677261311	1.141873432138203	0.5607197409833995	1.8529516848741003	-0.9145239620219271	0.8383991467911441
YLL040C	YLL040C	1.0	0.2450290565519334	-1.4099391700708621	-0.483106580750269	0.31808708874345026	-0.11261584370591712	-0.15839975940434933	-1.5699208237401374	0.6748396580927131	1.9584371677468948	-0.96204330958166	-0.49952825894386715	0.13963577427485563	1.4200240287683688	-0.7226364410535686	0.03890055800569099	1.3567993414268242	-1.3238581754528682	-0.8143066288051554	0.43259089484963587	0.06850670941883012	-0.2948086241345134	0.9646054822687026	-1.7788844528896788	-0.3419510891969746
YKR032W	YKR032W	1.0	-0.008059296102409	0.5855950515302539	2.2642074306328883	1.4201342715112084	0.36971741598163926	0.3384871212786823	-1.6532669654539964	-0.6202204213636648	-0.5268115814980948	0.05328926866021961	0.15534382153180437	-0.128514110229604	1.1627175733793977	-0.2603006168073001	1.577322331665005	-1.272872251503278	-0.8728581999381971	-1.3153544855436052	1.205008002261382	1.110983669270697	0.7917384674128264	-0.7714287567636615	-0.32566069815894955	0.04560318607133586
YPL182C	YPL182C	1.0	0.22763384466443512	1.6479203781679959	-0.9843619540020248	-0.5642029364541895	0.36514408525733966	-0.42786926199255093	-2.165497276692126	0.5956904499207496	1.687631213863806	0.34678546474274935	1.2556589687788509	-0.2834634390911318	-1.1256481879718667	0.5900739018208047	-0.6917070110345629	0.2921807793964892	0.5692606238611518	-1.8090351027342	0.004434124124205153	-0.2922449866220195	1.0850035238453282	0.8205883754302147	1.2862985531110713	-2.3959757075145576
YMR265C	YMR265C	1.0	0.7014487489722699	-0.29245657970757194	-0.5195236702911002	0.17583165259559574	-0.9729910382589234	-0.9339145027803061	1.804230219444263	2.0986894685292445	-0.11255588082609565	0.5446257901359736	-0.28826396517869785	-1.3084260245375627	0.4371149696012246	-1.0853123932912738	-0.8859910136849961	-1.1015559777575257	-0.2622336708950141	0.7893076584934886	-1.1309079038836454	-0.7877176521098194	-0.4779131338320127	-0.5861652059668138	0.8442508447771426	-0.27214003231186257
YJR145C	YJR145C	1.0	-1.1791193559224988	0.5723354466939388	-0.35239093583879466	0.810800951125488	-0.6553024051466343	1.0474843396304045	-1.071972622728266	-0.07616124324591345	0.44431398087559903	-0.8583407259594757	1.5615130338614527	0.9517580520101169	0.07971525113040852	0.0669981578920719	-0.9793987459002792	-0.24153798074290264	-0.22635191490204573	-0.4858654706369949	-0.43215002710441874	-2.541836570130756	0.5992198285401652	-2.755762829600814	-0.6485745849636579	-0.9478843702207135
YOR210W	YOR210W	1.0	-0.7602028305859919	0.16634268634993263	-0.32499350362961343	0.32453575824981645	-1.7472965632189745	1.591911735321605	1.0819825361335431	-1.8449380365780732	-1.0679645986761617	1.3001366365521607	0.5083501475634873	0.1964975207969662	1.4258357271502338	0.4449925338052453	0.70310026684178	1.243457629943666	1.3947174306323495	1.0349498567946063	-1.2887040546753983	0.594506111666593	0.8965428033004714	-0.6080858567177412	-0.627646765147123	1.0123074745514287
YFR036W	YFR036W	1.0	-0.09012070117195212	-1.1284900810692307	-0.308766649806623	-1.1106288843700693	-1.780366807955199	-1.1200488974440521	-2.510911507232737	-1.5174129376784475	-0.3438846237005592	1.3009390083196548	2.0575139153841935	0.5748938755884414	-2.27329021357949	1.0117006980012067	1.0200109961736405	1.69494925124358	0.7221289516921032	1.3298714970134773	1.646645996340834	-1.450371471792931	0.8801692924573903	-2.8218811164584268	-1.526370910375463	-0.632038147822767
YDR350C	YDR350C	1.0	0.8823236552263513	0.035994989340080386	-0.8962723184696992	0.9984441578530178	0.4230125474798498	1.3494183771523136	0.17706166949523916	0.7104367472530624	1.7665886732361207	-1.3470234369608713	0.04398945578248511	0.011439284745478952	-0.7024045499456314	0.5360632179454665	1.1554028409711359	-0.23326236819811788	1.1666380381915862	-0.9571690356696156	-0.28653999465811897	-1.4568800902520884	0.35044162321611133	-1.3421347720702053	0.06594562015242415	1.1174986665141609
YLR095C	YLR095C	1.0	-0.06250682626399238	-0.49962154397129493	0.16181216032430637	-1.3856947743815047	0.596542885194836	-1.2245298483142777	-1.2739463848074297	-1.3622322520985	-0.8057926630609062	-0.40780517256115045	0.25112897599202505	1.0423698766226928	1.091867855831771	1.619962178480128	-0.5174395978251788	0.18830850984634578	0.3647345600444856	-0.6408856328979364	-1.3101036221823652	0.8587267740161415	-1.1766324597037152	0.005631247595159521	-0.9972918857984048	1.1970383749628075
YLR465C	YLR465C	1.0	-1.8603350791918492	-0.04924202384068671	2.417725272778534	-0.8009033558692121	0.6678173345671151	-0.5137752745823498	0.217919804891965	0.473212974290138	-0.7031517210299303	0.5962130809210744	-0.6357502188449904	0.5372558506515546	0.7313130631613987	0.9353987229610873	0.6863167813783182	-1.3114498633064389	1.757903768756174	-0.5745172904584104	1.447229653463528	0.4233611564300246	0.3678678256589822	-0.1842272195960219	1.0553007093561038	0.8368785537910742
YMR002W	YMR002W	1.0	-0.5629492612955795	-0.7392107045173315	-0.37969139611844793	-0.23708942477303832	-0.06454557747536709	-0.3656581890413507	0.08469533394230296	-0.3215055895280126	-0.7836191633774763	-1.1649166557481108	0.16789082626655433	-0.643752391225797	-1.30868630618838	-1.637883329955369	-1.1588772196610033	-0.16892957200850928	-0.36126496595536123	0.3675687124186476	-1.2465135694724214	-0.291059510598951	-0.029712761977070987	-1.650691270338486	0.36830166002608244	0.6499246322213501
YPL102C	YPL102C	1.0	0.739601183422232	-0.021424941629846244	0.2553745663408608	0.23052703576271782	0.32316015925143776	-0.8628883140255955	0.15440336917834702	-0.6223444595771142	1.2828796288589912	-0.22411098766228207	0.00094414409255457	0.1683372884189466	2.2947864963520823	0.3442619481058439	1.5088618038471098	-0.23736246813141715	-0.6212159176781656	-0.6959775400075087	-0.2663343082442315	-0.9456724707901464	1.7407016854064383	1.147738950228365	-0.8647511470964779	-0.01301148190575453
YJL165C	YJL165C	1.0	2.823830205500748	-0.7302831093012647	1.495202745028111	0.7185374498145901	-0.8791542660131426	-0.1724234667546042	0.7285371296525612	-0.6148174540464401	-1.7654492563965596	-1.0171838414421883	-0.8151293070537368	1.2015430887471013	0.6006023236396864	0.3476056003650061	-0.0101081175304862	-0.36386785726172116	1.116473977336251	-2.0286366158897846	0.18793989421403903	-0.26599314134054636	-0.7637255740448298	0.6909624889517039	-1.432180434405395	-1.040299572901339
YDR162C	YDR162C	1.0	0.9829835183409869	0.16984440516226817	0.5159778561999818	-0.7767168451520674	-1.297042907746329	0.36205218365167213	-0.2856000652781754	0.6397646325268215	-0.046396871715482624	-1.3835433256854952	-2.3882254213048495	-2.094552401874088	1.5425707851526447	0.43943255711359075	-1.003401824113807	-0.4039074360367003	0.23584262980016713	-0.40864340853151293	1.1625456782961578	0.3128436042661089	1.8988570735054031	-0.09266226782288699	0.046909785983971775	0.4693743506085553
YHR054C	YHR054C	1.0	-1.3973137595504221	0.19351528280683228	0.15563445476384416	-0.5947483247755075	1.1407819002604764	0.17383183339625133	1.0690545725365064	-0.14564918373805166	1.7867373540135787	0.011228619632295909	-0.6809544785628201	0.2426363706699785	0.18401171958808435	-1.0306748350245452	0.2148000362138124	-1.3214495511636164	0.46241804943785453	-0.4897671943573935	1.538655478644375	-0.4920797125458654	-0.941574840065067	-3.115003505334545	0.3799615011488217	0.4539945475467183
YJL125C	YJL125C	1.0	1.5122666412030443	-1.0016528048423965	-1.5576453432943311	-0.21367829650547787	0.31399412910977637	-1.5652682538496607	-1.371528268488418	0.48756629418195396	1.4112770509446908	1.197541573515828	-1.7369276744331772	-2.6362948999695064	1.379260828383599	-1.502544577585544	-0.4788340948112226	-0.10016492111290896	1.445812763819834	0.3875522034448055	-2.9777349652186094	0.29648070854574604	1.270270736160392	1.7701960459285326	-0.48958280657083636	0.7529594606686573
YDR482C	YDR482C	1.0	-1.0977199567470008	-0.7269002870225405	-0.18983098445190608	-0.563339737405143	0.08798173048390152	0.9895295617192811	1.7610587219489298	0.23920333433754043	-0.007719879267083622	1.2296807460272494	-0.5898267186526673	0.4446370708622783	0.9010377761303506	-1.4836014513144584	1.2818186597613033	0.8169980814419688	1.5437886831099175	-1.361198963915094	-0.24155200477372482	1.4431361321469354	0.6199228077273339	1.3681275184034887	0.5069665894401009	-0.349666174572291
YDL043C	YDL043C	1.0	0.7712984345469903	-0.30492009846747864	-0.76340897232794	1.8087457113584815	1.4855774940213524	0.22337434127372086	-0.15869039621775022	-0.4286725485225132	1.407583320235384	0.9516601820213952	-1.2923340153398295	-0.5503802468903807	-2.9252473549080342	-1.5616948678431082	0.5242276970693893	-0.8429439376805357	-0.9587459950099584	-1.8595852508917756	-1.9180442312007466	1.9749087420976197	-1.3894179258890191	0.5128230549330692	-1.6229956119571696	0.14271371470283642
YBL017C	YBL017C	1.0	0.5876894509238859	-1.8279766314430284	-0.21405397450234653	-0.49359642993881564	0.8426146980780014	-0.20862232106962614	-0.12395959659365502	-0.4358749356424495	-0.8618408901005006	0.38623324963151623	1.4477306254987923	0.6741219207490203	-2.225780552321084	0.754975683147674	-0.990252935284795	-0.22405499595666467	-0.5912109324785282	0.25539419788168266	0.8435640112471043	0.6589307705435967	-0.05782737441634204	-0.15761477511867375	0.20614593345862695	-0.034812740850682415
YPL043W	YPL043W	1.0	0.7305546566680621	1.5804039773118714	-1.632149678704949	-0.4854309212427943	-0.6586052286918825	0.3068244710971388	-1.4995095693858917	-0.1302650648534687	0.5033350559112393	1.9120344562192053	0.3915697955603508	-0.8643747563685137	-1.3648208458135642	-0.011925393983898453	0.50969923146763	-0.6641646283476839	0.16075786029598726	-0.40405244634538784	0.22659495784555866	-0.9010726048990472	0.9959787574805318	-1.6360316518869213	-0.5657746031636387	0.12461101763636159
YPL077C	YPL077C	1.0	-0.034001269029971685	0.8394579240397771	-0.3268064305891584	-0.12803887960907956	0.2183862341447712	-1.328079961662437	-1.8510276015024478	-0.7192241509456108	1.4381684492762088	-0.12920135951319325	-0.21091569878815816	-0.9745294947083102	0.9389325751136539	-0.10912566783211695	-0.6470373251472247	0.5413162953199017	1.6194507362292228	1.4957272401610402	-1.6901036242966394	-0.36992921559388536	0.47688868528004374	0.8971185792243455	0.2820193771143582	1.20623062983142
YHR006W	YHR006W	1.0	2.0285504098032607	1.3726853175604798	1.2796965406508352	0.7256481004796661	0.020689126119816745	-1.452573916311464	0.4547313238941978	-1.7842655088218409	0.8715608694533725	-1.086330023879291	-0.4462546338373979	-0.3354146679813906	0.39199603554282153	2.478236031192535	0.39057995917869776	-0.08143532334177023	-1.447553437773068	-0.06277138023234248	1.9293935429510314	-0.24271685615593186	-0.23423342058481467	-0.5801563210515769	-0.368505100658222	-1.279570004920099
YNL044W	YNL044W	1.0	0.7278738467773526	0.39239913779732155	0.30187348204193515	-0.015608941968657496	-2.3788620280280512	-0.3758442033766218	0.5265689683922721	0.12888054477532798	1.0951152238645474	-2.6447450859009627	-0.5157649404308183	0.3690043519397951	1.5443456444036252	1.1202526779315414	0.8581307009979181	-1.193896683095565	-1.0332831996485392	-0.15433426648301884	1.599455022360045	1.8970653881522446	-0.06335690680435287	1.5543680345210351	0.5991262454093826	-0.4392159673329002
YKL130C	YKL130C	1.0	-0.07231717734861898	-0.1502292348196739	1.3051839159994587	1.3615561944298444	0.40814591579258347	-2.287501291222776	1.6516758436214853	-0.4158491671718054	-1.052566091926152	-1.3007830367216835	0.22506376199578088	-0.6851348366634813	-1.0625698025590988	0.47772486933523034	0.49697945447646	-0.531575638590053	-0.711348233694919	0.7568789235991213	0.9167676582345049	-0.9535086437955264	0.7260369503692078	-0.8667102003766378	0.11249123957358864	0.46830107205565524
YAR030C	YAR030C	1.0	-0.20907141004135596	0.803633100427798	1.2548840035451736	-0.8301186929494568	-0.3322498964250763	1.9046183102058154	0.7513261209770519	-0.6599829906695829	0.5606118165923856	0.8278639887371655	0.07063237557863047	-1.7885343313854285	-0.4490871786442522	0.8909141940352695	-0.21495017584345563	-0.6364902548035755	0.4253288456858477	0.09845788368279446	-1.8507608099506134	-0.520920231983014	1.0703985675655925	-1.999752926965656	0.4745736006189803	0.6477607973334266
YBL067C	YBL067C	1.0	0.5571549121272935	-0.16713966068725905	-0.18495041540299206	-0.07483221745998836	-1.7428415696804636	-0.3155500430960474	1.0344714479797266	0.6336976557940528	-0.713853190385171	-0.5198927363962695	-0.3429585531184092	0.5529669363306873	-1.1313899394365639	0.6346956023247582	-0.9111308237785606	0.10650114648952277	-1.6052243827704236	-0.231564873106482	0.12840469407890825	-0.2534906270022469	0.48419512338851506	0.191060530630345	-1.0422952135166716	-1.4899648636769436
YNL339C	YNL339C	1.0	-0.1954661644190208	1.6175388332403293	-0.6955266574595343	-1.1494897080544197	0.23495094262894375	0.2706679546786061	-0.062088104693803645	0.0960187820306544	-1.6704134832385562	0.3471809412802206	-0.7757165031064546	-0.11208167036183715	1.2728849713051438	-0.16188343481162706	0.41494626696787223	-1.373188417127818	0.1067727988670725	1.828684030980104	0.9004768089225875	1.2574389116252287	1.1281940950852891	-2.232837564875397	0.24445001369971958	0.22769495746538015
YLR014C	YLR014C	1.0	1.0548253065812785	0.7926210070511702	-0.3898510431915264	-0.9431298731930594	0.4860265720911986	1.141961402189426	1.198194743741215	0.6211386628864796	0.43493753501526894	-0.2586936719248285	1.3631804844279412	0.4357322151982711	-0.21814650368751248	-0.8295516122827941	-0.5205553050559778	0.8217463389548942	0.2519105604807364	0.144542105104432	0.4480355542594218	1.0625970044591793	0.7411404512575026	1.6150603436567883	0.6833826696713728	-0.7836154219260701
YCL037C	YCL037C	1.0	0.22193854084874903	-1.4786805827518767	-0.023735895086934234	-0.013342182561110716	-0.3329014569685838	0.3560007179628752	-0.3712400940201886	-0.03984646325094928	-2.195695121659363	0.5459516463889524	0.19335481919972713	0.5748905295352799	-0.06322117268905077	0.04858644572698086	-0.46660449668535275	-1.427704193018395	0.8651934400557284	-0.7700454336667923	1.5221872491282489	0.24777143215989894	-0.8985399746837764	0.007879306301841915	0.12404854902364075	1.24058261230602
YPL018W	YPL018W	1.0	-1.9492840567196197	-0.5381221059361588	0.6594006283555081	-0.0035735610385291042	-0.5681175675692681	0.7282523991493657	0.6449855369859275	-0.4596175053595168	-0.24027145394467003	1.6100532661261722	0.6257999951977723	-0.8440866272735684	0.6551861160005826	-0.5119064771378407	-0.9988352304177599	-0.49098844383176776	0.6642720341560929	-0.1942154084409039	1.1614977892576615	0.294480338490273	-0.12298651529981963	0.7505372466211575	-0.30485715975300415	-2.242470734577591
YLR356W	YLR356W	1.0	-0.16480016971653277	0.09251099071835722	-0.1199442172918354	1.2844264329021027	1.734888884618671	-0.11184457923722751	1.3099882846706001	-0.4195866147852615	-0.41601757877180595	-0.0578986704991846	-0.4101619695935137	1.384198179573544	1.2078233954090543	0.5483645544527387	-0.31575126437205886	-0.29411461881443673	0.5478970059638439	-0.6964231991825609	1.455613950839804	-0.7792313003994543	-0.2253841048640946	-0.05318360921551599	0.2899072148743422	0.7363866890047585
YIL156W	YIL156W	1.0	0.6332912745195569	-0.9378228563649476	1.0314043629393277	-0.28727323579564906	0.717561044520145	-3.201137044345286	-1.0102543909593784	-0.47579876508763447	-1.1987011199857576	0.45362594632031816	-0.0572693722476105	-0.18072006417295935	-0.6779295727488319	-0.019576061353312482	-0.5042593935652416	-0.9090910993856567	1.417283891176837	0.8975304872483486	0.4086538129426116	-0.6493452835183903	-0.06526602508517636	-0.5734034191387598	0.5264617989984867	1.0007972570964465
YKL100C	YKL100C	1.0	0.09806166724831711	-0.8391100200401811	0.1297653512793364	1.7164800946382934	-0.07616199876358924	-1.5093764708994712	0.495692676341298	0.6059669078199138	-1.9905921324940736	-0.7505556007609231	0.8786825094217469	-0.0722468018549927	-0.10840283623101109	-0.699738063758371	-2.1144508461441194	-0.47727933124022665	0.7557357608418623	-0.43969724505687907	-1.5483967003862162	-0.46316557442393896	0.2544511233754646	0.6150495461626074	-0.6159434446058936	0.3318871775510605
YLR281C	YLR281C	1.0	0.2306322928418387	0.5196161233612853	0.6284074208714426	-1.7778442520220608	-0.7522499440338112	2.490628945012918	-0.6176624794563412	0.0692972101038809	-0.39309275343660377	0.5713293951428814	1.1841383279083182	0.5144734876122568	-2.3028522772989124	-0.5627671956531591	1.1309826417080069	-0.2540577231393673	-1.4909540398930714	-0.5604458739918282	0.33476902493187155	1.5822423752767523	-0.35419749021881586	-0.848343757546245	-0.6473506788059653	-0.1060154953004526
YIL165C	YIL165C	1.0	-0.15566318271907062	0.2490387207805716	-0.09626052074812112	0.7598319065354996	0.4774077702462123	1.8229787346511193	0.31231450106288866	0.5859891239032141	0.377101492595193	-2.7356598952807176	1.4342922195754357	-0.7872059339713173	1.1653471586285555	1.4270080284650517	0.14525662488048155	1.8483199291068289	-0.5678370456500751	-1.4829343624344022	-0.8652463852422624	1.354407889378618	0.901498497306112	-1.6204894312246994	-1.5188028144856593	0.8754988717936684
YBR003W	YBR003W	1.0	-0.5796800396727059	0.16736089074655883	-0.022988986808421336	-0.5304473106842762	-0.07056799804173908	-0.6209074256642595	-1.8212330932722716	-1.3809999603003336	1.118606570582974	-0.18666924454328152	-0.49857086639917353	-0.6807723100196513	0.6049066780987361	-1.3089055729733639	-0.3868823509107101	0.7420349459682725	0.19157087704888037	-0.895536458100239	0.09361350938556505	-2.028539697050002	0.43607857200735745	0.1338051802697751	0.5787968556145376	-0.16377127994874915
YKL110C	YKL110C	1.0	-2.319948194457352	1.7223374953787254	-0.1396286447338068	-0.044630530553120405	-0.9238478890421262	-0.9583713169189201	-1.8521758740241214	1.964908050477778	-0.23515465365813074	1.1235549136834087	0.7984032640057241	0.9613402058841363	2.4956519473390393	-0.13465919557100448	-0.6937527255590527	-0.033022226729781744	-1.697779994929571	0.17148580234630356	-0.9298045663475524	0.4702355724207303	-1.3401949920781324	0.9361474531227898	4.170103770680188	0.9195526357579104
YKL180W	YKL180W	1.0	-0.7898069743009707	-1.3236262965723034	-0.4421109744585481	-0.2667299611807242	0.935058550259708	-0.8829339334337833	-1.2959063634373575	-0.684795260637227	-0.6770173887765873	1.8302655990065486	1.4009761287909563	-1.0465108042493139	0.24698278685960856	0.517298559294762	-0.1150396872514006	1.3565684938193097	-0.06291516238012787	-2.169888215483538	-0.5833726954417788	-0.01042413906573136	0.19255505114248486	0.5578807366284787	-2.202607496793534	-0.9663838263833915
YDL080C	YDL080C	1.0	0.21721858045167014	-1.3307544566728897	0.569946981572938	0.2119186271967644	-1.193659253237263	-1.5823492904036842	-0.17931449527035595	1.1903811199536822	-1.013822440826125	-0.33567466147175623	0.2914316147762124	0.5747271836293704	0.45564298971412864	0.8271613589246314	-0.015530267580456565	0.7933862057558275	-0.41797297527574767	0.8591058809881249	1.8729813839748637	-0.144547470538173	-0.9414785544039703	0.7136706330309254	0.1767299131237098	-1.1928856718727379
YPL131W	YPL131W	1.0	0.5918911789943712	-0.45020543545801706	0.36626876227402255	0.767040223672468	0.5719756466281255	1.3330940217988172	1.2570099962902441	-0.4595308281190114	0.3261859830182699	-0.5091768034858268	-0.380509671447849	0.8415777857666628	0.9972188742025195	0.23407968604186372	0.09542922742917949	0.5759655601733326	-0.6868430950440714	0.527917420761778	-0.9770532914647302	1.1757364231651237	0.043718761880345645	0.7335241322336646	-0.32945024350324353	0.0037908255525341958
YDR359C	YDR359C	1.0	-0.7022134671041073	0.42354593853690714	0.385778362165187	-0.836017718479486	0.7187185559932765	1.6389186727794725	-0.7744433660118942	-0.7472138201582433	1.2590269501949551	0.9410121413227488	1.7329726579745799	-1.3910886108567433	0.6960239277259367	-0.6151472244254371	0.6004084938491142	-0.10630651421706609	-1.210415466806938	0.6737929922932183	0.3808883862768247	1.09833836370999	-1.0622402216360944	-0.9768086517270105	0.09029440373094001	1.5963605361914084
YDR150W	YDR150W	1.0	0.0	0.5176380902050415	0.9999999999999999	1.4142135623730951	1.7320508075688772	1.9318516525781366	2.0	1.9318516525781366	1.7320508075688774	1.4142135623730951	0.9999999999999999	0.517638090205042	2.4492935982947064e-16	-0.5176380902050407	-1.0000000000000002	-1.414213562373095	-1.732050807568877	-1.9318516525781366	-2.0	-1.9318516525781368	-1.7320508075688772	-1.4142135623730954	-1.0000000000000009	-0.5176380902050414
YGL084C	YGL084C	1.0	2.364030045902693	-1.9178822053546745	1.371750311024252	0.6336559175908163	-1.0509270533161779	0.3803434462736371	0.24444244591897787	-0.8224372861921747	-0.5385109966658659	1.3455332867684526	0.4260864960787672	-1.2860392214463292	-0.7577039430206836	1.552156208463466	0.19716076902823287	0.8561144286044137	-0.20641771073734952	-0.12515422453844768	-0.7574452292482238	0.6396810923318133	-0.19189651977622876	0.8755506790315979	0.8215771453208577	-0.7654551584355228
YER104W	YER104W	1.0	-0.3008655130972891	0.9839272852424901	0.9393875238903009	-1.5972858748994845	-0.19948107645913343	0.28898059047375746	1.0795076713725411	0.10176345449050403	2.2807230256300626	0.8096513941710254	1.4098088889021152	0.19906101312922372	-0.21387930121745208	-0.4607147155621873	1.938425632240675	-0.7714971263181171	-0.9511457730740492	0.735179236736384	-0.1712673832487176	-0.09257584611654177	1.1272967968583105	-1.1558830078009685	-0.375533167110567	0.39022244273990603
YLL030C	YLL030C	1.0	-0.8149427905198204	-0.9895101243940526	-0.8720946760883903	-0.10231085951523256	-1.3237122175530467	-0.391765984699228	0.8223752995300093	-0.030918254159355583	-0.35207574146732884	-0.9175265028148393	1.1162576551823535	1.2009384408736328	0.39276310015952764	-0.9744898884549749	0.0854641501582883	-0.5901503365408719	-1.0098203054077226	0.2782550654391667	0.6619150167305686	0.9282010572695064	-0.3399844331933221	-0.1597009742111535	-0.6201126512816897	-0.559809727995691
YBL056W	YBL056W	1.0	0.185036240705194	-0.7529961312049168	-1.740375736740484	-1.162457806123695	2.078644042828936	0.6628539954773537	-0.836035747801597	0.14276143545720496	-0.8986908517308314	0.17894717945915364	-1.9894892238333013	-0.5272707730757992	-0.25539302911195033	0.17654022948332446	-0.41593446719444344	1.2890341705394859	-0.12828983342939815	0.4482916591172916	0.43834488908632324	1.4122108307738401	-1.6189835624118867	-0.4923447375553352	0.5189361617144064	2.512773704119276
YBL102W	YBL102W	1.0	0.7665452635177437	0.5271529963998793	0.8222436315222501	-1.018985025904921	-0.7420967588104012	-0.3874429305134767	0.12415140462982045	0.421267887461901	0.5867587067413196	0.2796535071480785	-0.4800449377741668	0.46127338992984723	-0.4038052770526278	-0.08845428507421269	-0.12522462421429134	-0.4672091476105873	0.3668893446728207	1.0686607542551771	0.043144856319424586	2.2352093058550584	0.22703300955120073	-1.4622713210303484	-0.6670518796491229	-0.0536802250868622
YBR109C	YBR109C	1.0	-0.3689621327293842	-0.08223695432735968	-0.5847257166066162	-0.4330157687881123	0.6403722308024403	-1.6062543671556568	0.4421798713428907	0.01055433623680225	0.9215230866995995	1.5578057160936423	-1.1058171721634513	0.16572924154061547	-0.25344052681981905	1.9303842715710526	-1.2655037355379417	0.1830431908638518	0.012322810249614055	-0.33425962765874834	-0.5421667026349377	-0.25036149811930963	-1.5816733213358538	0.22941469054054933	1.6434465693348521	0.026764964791031853
YER047C	YER047C	1.0	1.1988992093591588	0.8416984476926715	-0.06455123287084778	0.740781057185676	-0.22111431271458307	-0.05255857420233664	-1.5828009145965698	1.2078855736040002	-0.2935366207521133	0.36093552368141624	-0.802666032157612	-0.9897849623773182	0.4431307203726218	0.30908699280581087	0.7133862573758085	1.4690966037020459	-0.21479457422782725	0.1370929664671046	0.8184856983014394	-1.2036967762439903	0.6401173419981804	0.39524954957809755	-1.1737212391699419	0.6320379165630069
YBR194W	YBR194W	1.0	-0.24319785742611436	-0.46324956003663464	0.7324322231875698	-0.4332812607780831	-0.48161457143676684	-1.0941391325762513	-0.30170009465053416	-2.5805347514051764	0.8868455578747155	-1.1316229430271147	0.843191414987723	-1.0097515296581223	0.9991530511882565	0.9999641469731343	-0.17244588308167527	-0.9770065599304238	-0.9013689672398103	-1.3838520554393974	1.882448218910569	0.5473766019300903	0.25708622677114273	0.3406087801838697	0.06759288514882612	-0.8857588116411
YCR084C	YCR084C	1.0	-0.1116009052249223	-0.6855376994636802	-1.3102251664629379	-1.6225317147113425	-0.6709749085780382	-0.09609145011100102	-0.22900682434397662	1.2182866129743763	0.7778677235174833	2.1463478590102683	-0.21754361432857716	-0.4738959516081045	-0.8242592400274639	-0.9272121062530565	1.4151538532048562	0.07662239314511947	0.27602933361615833	1.4410350634028575	-0.16319584237726467	-0.712946315566289	2.4216201277747067	-1.4771958690472142	-0.48943396279410867	0.557900123882183
YMR294W-A	YMR294W-A	1.0	-0.6137239800013624	1.3251053497166152	1.0790101273225625	-0.2032871432729904	-1.0525639137698466	0.9492986847975533	0.956552214777134	-0.6414808993180177	-0.3495151933864058	-0.49270904337645083	1.7148237696476158	-0.5024742725290572	-0.19443518836172327	1.36435323594474	-1.2717330607102897	0.7568229481747247	-0.5258334994705396	0.2547699850337869	-0.18525768546711174	-1.010277991613225	0.579979965055733	-0.40223514883702954	-1.724692714415604	0.19464597005963724
YDL172C	YDL172C	1.0	0.9105624417823921	0.2299912445615619	-1.1372896383938198	0.1335713472230595	-0.22897566563056973	-1.8879686239964164	-0.9816412044970525	-1.875652771268782	-0.8200686772305165	2.3954070655166264	1.1039104012884695	-1.2111715599647799	-1.023715299161047	-0.05554299586071504	-0.5266181655823535	-1.2518069668928649	-0.8461201340483077	1.6677413763033306	-1.8904170020278912	1.682969943501929	-1.5689517504877288	-0.9315501282011034	0.127480693000293	0.13921911697328962
YOL112W	YOL112W	1.0	-0.17967259931836582	0.8934826890456492	0.037008305182050394	-1.2485631523527903	0.17379621094230702	-0.705591276038942	0.6175770185512005	0.5667592541487598	0.4776395429403488	0.018464610800705043	-0.7027616231491067	0.6965467374649446	-0.3182594758625515	0.4338188139277558	-0.8268628636007945	0.0233480663055754	-1.7311458606449694	-0.9955181118966548	0.877247645955376	-0.7169056111312302	-0.7774763857306697	-0.5656190586279221	2.00544310484487	-0.5993383363360383
YMR098C	YMR098C	1.0	0.5192121467867362	0.26996305833114037	-0.3036576983470555	-1.485632463212077	-0.9932472457845274	0.6784760885220258	1.1268298258915617	0.42932782409619724	0.9535705623064489	-0.326787221555208	0.9132190874930007	-0.3442147173042096	-1.9957687162559168	0.15529512502205156	0.72134779322212	-1.0081353535809017	0.7484376786901414	0.11295467469189968	0.7550522067787029	-1.359779536403632	-0.7796004514080115	1.5205523292178593	0.14390705686689995	0.9981124876274765
YML034W	YML034W	1.0	-2.0828694764019904	-0.6708834400750375	-0.8131099704024367	0.4243151549788864	-1.4800406411446043	-0.0012738064132181961	0.7323303044731265	-2.307971799564517	0.5889986732561993	3.7091547618492218	1.4050835949628564	-1.1786025878125053	-1.98563241758191	-0.12254760732685056	-1.184285791617339	-0.6007928982808599	0.743003842923992	-0.02735366156753546	0.6631912523282155	0.40842664819318714	1.0796149894927152	-1.8180654937810594	0.6943031847926675	0.3454574755166658
YCL045C	YCL045C	1.0	-0.5578265922372756	-0.5884733455748083	1.3381982923756905	1.6701460384137468	1.200993047011626	-0.9279798493427517	0.9957669989205343	-0.9140932412150788	0.1432932266456068	-0.6298432144547045	-0.8391624412536783	-1.4419191741562674	0.9658820333105376	-0.5521324633985115	1.8753655542412715	-0.15626130374582953	-1.5428684307760834	-0.24515778167154503	1.6060637108973186	1.5855237714867558	-0.5107454140784157	-1.1574147723870658	-0.26856808510080205	-1.1855569859100203
YHR061C	YHR061C	1.0	0.20803783478861493	0.48488125137899124	0.39530747239752617	-1.8223337996337279	-0.022344394134613237	0.48217299621163956	-0.970571597556708	-0.44109105500983287	-1.612312037357768	0.4316377995216302	0.5119664358668081	-1.0288087246862017	-1.1848954633262703	-0.5043889541446572	-0.022753258933263062	0.039969469488361345	-1.4961461500711029	2.473563394758622	-0.0431232211166231	-1.8041375083767894	0.8402353092900307	0.03627441520456431	2.19006669404952	-1.2802659819615327
YKL123W	YKL123W	1.0	-0.52927625613085	1.0217107656108415	0.2239935249403834	0.45459724454693995	0.011905924505435884	-0.4765215848278464	1.2746938719493752	0.7102433470261988	-0.15505030879091175	0.9032324924830558	-1.2413857349289228	0.11094955292797098	-0.8474342409643308	-1.249711491091849	1.152212785629109	-0.5510329938910508	1.6139502567581188	0.8900344513311814	1.1995088382613386	1.474296154702607	0.9433278278233598	0.42121116789279506	0.5100984591756186	-0.9159154469826981
YKL002W	YKL002W	1.0	-0.12525652726714484	0.010811919238284713	0.34808977602518704	-0.7760715621416933	1.0946031596711652	1.6349374735494395	-0.5118535191435262	-0.9828002384254481	2.168706801250548	-0.8970270336619209	2.5021574169582284	0.252915802050841	0.733970571923983	-0.5465464702924503	-0.5965474020354391	-0.291516909856531	0.5325423872649131	-1.8804691519206167	0.6451454979803531	0.9315121901772193	-0.7211047151982928	-1.5286232873529828	-0.6533688475064416	1.2827179139396618
YGR098C	YGR098C	1.0	-0.38618101090440243	1.458671416099228	-1.1164525653572728	-1.0327561411349229	0.9894414743362561	-0.7643027428012923	-2.38531712502592	-0.4233079101684637	-1.357504940087413	-0.9100734640038536	0.8147230055932955	0.17171013905864174	-0.9128890921858379	0.25862435976723047	-1.3115527113265883	-0.5881521920464423	-0.7242344480959508	-0.49348716755052774	0.5444273868023445	1.312227295373719	0.23914180700722365	0.3084256824774981	0.32304680466510316	0.9061044873409924
YHR156C	YHR156C	1.0	1.3582843915392826	-1.1281502218153718	1.1499576422964306	-0.04288292963182877	2.047276370850855	0.12574933661639157	0.25602005576133063	0.3097930650676887	0.43686383922901545	-0.4736547294054913	-1.0038634788332084	0.7375845318605805	0.5642598287576598	2.276276419842969	-0.0603547653597976	0.062398607863386066	-1.137934248245589	-0.6290356778347985	0.7151509575146555	1.3787321268242048	0.6965237779362756	-1.6502336807097793	-0.14993838714559954	0.06483090864078651
YAR009C	YAR009C	1.0	0.5049123739710557	-1.2487633647724528	-0.2602104700987161	-0.7582577196211502	0.09855437642117838	0.7573636932942128	0.17385674065790907	-1.0951323486804165	1.211965886089406	0.3533795933292055	2.066866607373125	0.07630768360247617	-2.398242406350663	0.9357694329847134	0.9637335726999664	-0.20018389860406496	-0.26215395169781436	-0.18769478329925315	0.1688006489298798	-1.030639031286778	-0.49762837293976364	0.41172937804547055	0.3333190687278665	-0.540771659869513
YNL202W	YNL202W	1.0	0.7079553553147205	-1.5923286253828477	0.16818125393908107	0.6290647293982021	-0.32118383218191765	2.102011720123921	-1.2583946847263157	-1.8239874230035293	-0.6196602869811062	-0.20966614505591655	1.39608513487218	-0.7954335668122803	0.7414557121230103	-1.5009278940346593	1.1399170316819218	-0.0401408567912324	0.2137165500689263	0.7526314999689294	-1.6736471286040964	0.4818704675151372	-0.6845402711869129	1.1907954856435266	-0.5533660450487873	1.1999693973128862
YKR016W	YKR016W	1.0	-0.737095724198463	-0.22456158602405774	0.1742667199103875	0.19267009122640066	-1.020018470734465	0.95289552014977	1.4200682703192309	-0.8485756364991183	-0.33137071487475184	-0.17257125223314496	0.6169492962924625	0.2065449000880722	0.005822971707667129	1.337824359507859	0.12747220254528474	0.3177232996288157	0.13093484651208534	-0.04293870346178668	0.19925994936548924	-1.8108636124503699	1.009919145911405	0.40201997356604796	-1.6023083476850073	0.32164645982771584
YEL043W	YEL043W	1.0	-1.0733306348818277	-0.30274972715661114	1.1398406145122448	-0.793760141625531	1.2649888588096383	1.0420537866238142	0.7217951317898824	-1.1632493781432147	-0.12541711583184204	0.6456112640479096	0.7136285910419331	1.7336490974612597	-2.4670798880848777	-0.2652869527475439	-1.408232658992886	-2.18861622089972	0.027606008482716823	-1.2454132171754622	-0.9120332113162741	-0.5066863025014012	-0.9530750512373948	-1.6261631087868238	0.33312382627034237	-2.5244582347294884
YJL192C	YJL192C	1.0	0.8010066045429234	-0.09982769124594183	-1.3754534110465562	-0.2628630407839566	-0.755316186037847	-1.108061995942839	-0.9334343822065037	-0.8373657460328603	-0.7042511078338594	0.19793885133230232	0.14509518861127196	1.1332685267597495	-0.30689277675972293	-0.28412991511181435	-0.8486926960522676	0.11744575597190661	-1.7909008755675018	-0.21480152695473817	1.249400407960217	0.5030357115185445	-0.4351357880643029	0.0683199700537387	-0.4880358274054865	0.5243223727535986
YFL046W	YFL046W	1.0	0.7913205325178755	0.18437344340186776	-0.34656298690550996	0.013882661933927221	0.7781722121665638	-0.8120870773032984	-0.5659879356639138	-1.8971410807992695	1.0611750463912628	-1.0566435290751146	-0.5393594269331254	0.5266352975685923	-1.2588383163683055	1.2390522175108625	-0.11435584077408274	-3.091195490258444	1.5156299745569537	-0.78150277496642	-0.2297492651561768	0.6879297070376142	0.47264798683705866	-1.1272760769597745	-1.0528187038700985	-0.8284452867848828
YGR190C	YGR190C	1.0	0.2560795539815231	-0.9436968515413244	-1.074259299120619	0.7146028150977665	0.3205618183044796	0.5448663342260868	-1.0092662734779312	-0.14596380238260673	0.852531950400917	1.2935415100400856	1.3544361055252798	1.0227097464974315	0.5621592777297237	-1.3535212167786332	0.7095423597281918	0.0687192709478098	0.3830142183648545	0.23401314569364998	-1.5296221008143276	0.15401527290032235	2.1993838922002094	1.661990047652557	-0.5815903158992056	1.331152288982759
YJL016W	YJL016W	1.0	-0.4827153784068993	0.4618347407582787	0.1481268634677511	-0.30229870897399136	-0.7760741156164075	0.16416092443539024	1.0000065884806268	0.8445149047529863	2.8187297284660966	-0.5344813999396953	0.42262787533434626	-0.40023927870618237	0.5926025444589715	0.13509856108754864	-0.33869293205894463	0.8799068197860898	1.235150927020602	-0.5647689620860129	-1.4495954953749757	-1.7618648221083788	-0.7091328075322171	-1.3307689357636816	-1.9801451333480566	-0.7053172376722253
YKR059W	YKR059W	1.0	-0.8334202544866682	-0.3453526464498694	0.6799591958674108	0.008760250602569356	0.8905141861415768	0.826739443238677	0.5856475917307418	0.1969307490587866	-0.003651724963041407	-0.9234867730581421	0.4467877115210259	-1.6559669246985615	0.2034080448257942	-0.1933425327956106	0.1554463403187802	-0.4514030976793305	0.6870746280160884	1.177159223719029	-0.046950045735876286	1.231849796965605	-0.18112707462776398	1.6661164539120323	0.006902101430736293	0.5790173351348956
YIR032C	YIR032C	1.0	1.0245957233753205	-1.2772226785029872	-1.2884755531677166	0.4920616750111553	-0.6642294704086263	1.031554235163535	1.855236151111124	-0.9979462519257922	-2.085388865156612	0.03356341969384801	-0.08545268690239638	0.0361984307962586	-2.3016343121051217	0.08579148471681504	0.4605285314893164	-2.308687341123635	0.47919760206049306	0.7593181332993589	2.61833001488972	2.2903148632092227	-1.1759511018836595	-0.6906507095736621	0.5074973077382986	-1.1669009022784762
YLL013C	YLL013C	1.0	0.0	0.5176380902050415	0.9999999999999999	1.4142135623730951	1.7320508075688772	1.9318516525781366	2.0	1.9318516525781366	1.7320508075688774	1.4142135623730951	0.9999999999999999	0.517638090205042	2.4492935982947064e-16	-0.5176380902050407	-1.0000000000000002	-1.414213562373095	-1.732050807568877	-1.9318516525781366	-2.0	-1.9318516525781368	-1.7320508075688772	-1.4142135623730954	-1.0000000000000009	-0.5176380902050414
YHR120W	YHR120W	1.0	0.0	0.5176380902050415	0.9999999999999999	1.4142135623730951	1.7320508075688772	1.9318516525781366	2.0	1.9318516525781366	1.7320508075688774	1.4142135623730951	0.9999999999999999	0.517638090205042	2.4492935982947064e-16	-0.5176380902050407	-1.0000000000000002	-1.414213562373095	-1.732050807568877	-1.9318516525781366	-2.0	-1.9318516525781368	-1.7320508075688772	-1.4142135623730954	-1.0000000000000009	-0.5176380902050414
YGR101W	YGR101W	1.0	0.0	0.5176380902050415	0.9999999999999999	1.4142135623730951	1.7320508075688772	1.9318516525781366	2.0	1.9318516525781366	1.7320508075688774	1.4142135623730951	0.9999999999999999	0.517638090205042	2.4492935982947064e-16	-0.5176380902050407	-1.0000000000000002	-1.414213562373095	-1.732050807568877	-1.9318516525781366	-2.0	-1.9318516525781368	-1.7320508075688772	-1.4142135623730954	-1.0000000000000009	-0.5176380902050414
YML104C	YML104C	1.0	0.0	0.5176380902050415	0.9999999999999999	1.4142135623730951	1.7320508075688772	1.9318516525781366	2.0	1.9318516525781366	1.7320508075688774	1.4142135623730951	0.9999999999999999	0.517638090205042	2.4492935982947064e-16	-0.5176380902050407	-1.0000000000000002	-1.414213562373095	-1.732050807568877	-1.9318516525781366	-2.0	-1.9318516525781368	-1.7320508075688772	-1.4142135623730954	-1.0000000000000009	-0.5176380902050414
YJL063C	YJL063C	1.0	0.0	0.5176380902050415	0.9999999999999999	1.4142135623730951	1.7320508075688772	1.9318516525781366	2.0	1.9318516525781366	1.7320508075688774	1.4142135623730951	0.9999999999999999	0.517638090205042	2.4492935982947064e-16	-0.5176380902050407	-1.0000000000000002	-1.414213562373095	-1.732050807568877	-1.9318516525781366	-2.0	-1.9318516525781368	-1.7320508075688772	-1.4142135623730954	-1.0000000000000009	-0.5176380902050414
YIL065C	YIL065C	1.0	0.0	0.5176380902050415	0.9999999999999999	1.4142135623730951	1.7320508075688772	1.9318516525781366	2.0	1.9318516525781366	1.7320508075688774	1.4142135623730951	0.9999999999999999	0.517638090205042	2.4492935982947064e-16	-0.5176380902050407	-1.0000000000000002	-1.414213562373095	-1.732050807568877	-1.9318516525781366	-2.0	-1.9318516525781368	-1.7320508075688772	-1.4142135623730954	-1.0000000000000009	-0.5176380902050414
YPL098C	YPL098C	1.0	0.0	0.5176380902050415	0.9999999999999999	1.4142135623730951	1.7320508075688772	1.9318516525781366	2.0	1.9318516525781366	1.7320508075688774	1.4142135623730951	0.9999999999999999	0.517638090205042	2.4492935982947064e-16	-0.5176380902050407	-1.0000000000000002	-1.414213562373095	-1.732050807568877	-1.9318516525781366	-2.0	-1.9318516525781368	-1.7320508075688772	-1.4142135623730954	-1.0000000000000009	-0.5176380902050414
YML091C	YML091C	1.0	0.0	0.5176380902050415	0.9999999999999999	1.4142135623730951	1.7320508075688772	1.9318516525781366	2.0	1.9318516525781366	1.7320508075688774	1.4142135623730951	0.9999999999999999	0.517638090205042	2.4492935982947064e-16	-0.5176380902050407	-1.0000000000000002	-1.414213562373095	-1.732050807568877	-1.9318516525781366	-2.0	-1.9318516525781368	-1.7320508075688772	-1.4142135623730954	-1.0000000000000009	-0.5176380902050414
YJL116C	YJL116C	1.0	0.0	0.5176380902050415	0.9999999999999999	1.4142135623730951	1.7320508075688772	1.9318516525781366	2.0	1.9318516525781366	1.7320508075688774	1.4142135623730951	0.9999999999999999	0.517638090205042	2.4492935982947064e-16	-0.5176380902050407	-1.0000000000000002	-1.414213562373095	-1.732050807568877	-1.9318516525781366	-2.0	-1.9318516525781368	-1.7320508075688772	-1.4142135623730954	-1.0000000000000009	-0.5176380902050414
YNL055C	YNL055C	1.0	0.0	0.5176380902050415	0.9999999999999999	1.4142135623730951	1.7320508075688772	1.9318516525781366	2.0	1.9318516525781366	1.7320508075688774	1.4142135623730951	0.9999999999999999	0.517638090205042	2.4492935982947064e-16	-0.5176380902050407	-1.0000000000000002	-1.414213562373095	-1.732050807568877	-1.9318516525781366	-2.0	-1.9318516525781368	-1.7320508075688772	-1.4142135623730954	-1.0000000000000009	-0.5176380902050414
YMR060C	YMR060C	1.0	0.0	0.5176380902050415	0.9999999999999999	1.4142135623730951	1.7320508075688772	1.9318516525781366	2.0	1.9318516525781366	1.7320508075688774	1.4142135623730951	0.9999999999999999	0.517638090205042	2.4492935982947064e-16	-0.5176380902050407	-1.0000000000000002	-1.414213562373095	-1.732050807568877	-1.9318516525781366	-2.0	-1.9318516525781368	-1.7320508075688772	-1.4142135623730954	-1.0000000000000009	-0.5176380902050414
YDR219C	YDR219C	1.0	0.0	0.5176380902050415	0.9999999999999999	1.4142135623730951	1.7320508075688772	1.9318516525781366	2.0	1.9318516525781366	1.7320508075688774	1.4142135623730951	0.9999999999999999	0.517638090205042	2.4492935982947064e-16	-0.5176380902050407	-1.0000000000000002	-1.414213562373095	-1.732050807568877	-1.9318516525781366	-2.0	-1.9318516525781368	-1.7320508075688772	-1.4142135623730954	-1.0000000000000009	-0.5176380902050414
YLR190W	YLR190W	1.0	0.0	0.5176380902050415	0.9999999999999999	1.4142135623730951	1.7320508075688772	1.9318516525781366	2.0	1.9318516525781366	1.7320508075688774	1.4142135623730951	0.9999999999999999	0.517638090205042	2.4492935982947064e-16	-0.5176380902050407	-1.0000000000000002	-1.414213562373095	-1.732050807568877	-1.9318516525781366	-2.0	-1.9318516525781368	-1.7320508075688772	-1.4142135623730954	-1.0000000000000009	-0.5176380902050414
YLR304C	YLR304C	1.0	0.0	0.5176380902050415	0.9999999999999999	1.4142135623730951	1.7320508075688772	1.9318516525781366	2.0	1.9318516525781366	1.7320508075688774	1.4142135623730951	0.9999999999999999	0.517638090205042	2.4492935982947064e-16	-0.5176380902050407	-1.0000000000000002	-1.414213562373095	-1.732050807568877	-1.9318516525781366	-2.0	-1.9318516525781368	-1.7320508075688772	-1.4142135623730954	-1.0000000000000009	-0.5176380902050414
YNL026W	YNL026W	1.0	0.0	0.5176380902050415	0.9999999999999999	1.4142135623730951	1.7320508075688772	1.9318516525781366	2.0	1.9318516525781366	1.7320508075688774	1.4142135623730951	0.9999999999999999	0.517638090205042	2.4492935982947064e-16	-0.5176380902050407	-1.0000000000000002	-1.414213562373095	-1.732050807568877	-1.9318516525781366	-2.0	-1.9318516525781368	-1.7320508075688772	-1.4142135623730954	-1.0000000000000009	-0.5176380902050414
YNL066W	YNL066W	1.0	0.0	0.5176380902050415	0.9999999999999999	1.4142135623730951	1.7320508075688772	1.9318516525781366	2.0	1.9318516525781366	1.7320508075688774	1.4142135623730951	0.9999999999999999	0.517638090205042	2.4492935982947064e-16	-0.5176380902050407	-1.0000000000000002	-1.414213562373095	-1.732050807568877	-1.9318516525781366	-2.0	-1.9318516525781368	-1.7320508075688772	-1.4142135623730954	-1.0000000000000009	-0.5176380902050414
YKR085C	YKR085C	1.0	0.0	0.5176380902050415	0.9999999999999999	1.4142135623730951	1.7320508075688772	1.9318516525781366	2.0	1.9318516525781366	1.7320508075688774	1.4142135623730951	0.9999999999999999	0.517638090205042	2.4492935982947064e-16	-0.5176380902050407	-1.0000000000000002	-1.414213562373095	-1.732050807568877	-1.9318516525781366	-2.0	-1.9318516525781368	-1.7320508075688772	-1.4142135623730954	-1.0000000000000009	-0.5176380902050414
YBR091C	YBR091C	1.0	0.0	0.5176380902050415	0.9999999999999999	1.4142135623730951	1.7320508075688772	1.9318516525781366	2.0	1.9318516525781366	1.7320508075688774	1.4142135623730951	0.9999999999999999	0.517638090205042	2.4492935982947064e-16	-0.5176380902050407	-1.0000000000000002	-1.414213562373095	-1.732050807568877	-1.9318516525781366	-2.0	-1.9318516525781368	-1.7320508075688772	-1.4142135623730954	-1.0000000000000009	-0.5176380902050414
YJR144W	YJR144W	1.0	0.0	0.5176380902050415	0.9999999999999999	1.4142135623730951	1.7320508075688772	1.9318516525781366	2.0	1.9318516525781366	1.7320508075688774	1.4142135623730951	0.9999999999999999	0.517638090205042	2.4492935982947064e-16	-0.5176380902050407	-1.0000000000000002	-1.414213562373095	-1.732050807568877	-1.9318516525781366	-2.0	-1.9318516525781368	-1.7320508075688772	-1.4142135623730954	-1.0000000000000009	-0.5176380902050414
YDL198C	YDL198C	1.0	0.0	0.5176380902050415	0.9999999999999999	1.4142135623730951	1.7320508075688772	1.9318516525781366	2.0	1.9318516525781366	1.7320508075688774	1.4142135623730951	0.9999999999999999	0.517638090205042	2.4492935982947064e-16	-0.5176380902050407	-1.0000000000000002	-1.414213562373095	-1.732050807568877	-1.9318516525781366	-2.0	-1.9318516525781368	-1.7320508075688772	-1.4142135623730954	-1.0000000000000009	-0.5176380902050414
YFL036W	YFL036W	1.0	0.0	0.5176380902050415	0.9999999999999999	1.4142135623730951	1.7320508075688772	1.9318516525781366	2.0	1.9318516525781366	1.7320508075688774	1.4142135623730951	0.9999999999999999	0.517638090205042	2.4492935982947064e-16	-0.5176380902050407	-1.0000000000000002	-1.414213562373095	-1.732050807568877	-1.9318516525781366	-2.0	-1.9318516525781368	-1.7320508075688772	-1.4142135623730954	-1.0000000000000009	-0.5176380902050414
YOR147W	YOR147W	1.0	0.0	0.5176380902050415	0.9999999999999999	1.4142135623730951	1.7320508075688772	1.9318516525781366	2.0	1.9318516525781366	1.7320508075688774	1.4142135623730951	0.9999999999999999	0.517638090205042	2.4492935982947064e-16	-0.5176380902050407	-1.0000000000000002	-1.414213562373095	-1.732050807568877	-1.9318516525781366	-2.0	-1.9318516525781368	-1.7320508075688772	-1.4142135623730954	-1.0000000000000009	-0.5176380902050414
YOR037W	YOR037W	1.0	0.0	0.5176380902050415	0.9999999999999999	1.4142135623730951	1.7320508075688772	1.9318516525781366	2.0	1.9318516525781366	1.7320508075688774	1.4142135623730951	0.9999999999999999	0.517638090205042	2.4492935982947064e-16	-0.5176380902050407	-1.0000000000000002	-1.414213562373095	-1.732050807568877	-1.9318516525781366	-2.0	-1.9318516525781368	-1.7320508075688772	-1.4142135623730954	-1.0000000000000009	-0.5176380902050414
YGR144W	YGR144W	1.0	0.0	0.5176380902050415	0.9999999999999999	1.4142135623730951	1.7320508075688772	1.9318516525781366	2.0	1.9318516525781366	1.7320508075688774	1.4142135623730951	0.9999999999999999	0.517638090205042	2.4492935982947064e-16	-0.5176380902050407	-1.0000000000000002	-1.414213562373095	-1.732050807568877	-1.9318516525781366	-2.0	-1.9318516525781368	-1.7320508075688772	-1.4142135623730954	-1.0000000000000009	-0.5176380902050414
YOL076W	YOL076W	1.0	0.0	0.5176380902050415	0.9999999999999999	1.4142135623730951	1.7320508075688772	1.9318516525781366	2.0	1.9318516525781366	1.7320508075688774	1.4142135623730951	0.9999999999999999	0.517638090205042	2.4492935982947064e-16	-0.5176380902050407	-1.0000000000000002	-1.414213562373095	-1.732050807568877	-1.9318516525781366	-2.0	-1.9318516525781368	-1.7320508075688772	-1.4142135623730954	-1.0000000000000009	-0.5176380902050414
YBR179C	YBR179C	1.0	0.0	0.5176380902050415	0.9999999999999999	1.4142135623730951	1.7320508075688772	1.9318516525781366	2.0	1.9318516525781366	1.7320508075688774	1.4142135623730951	0.9999999999999999	0.517638090205042	2.4492935982947064e-16	-0.5176380902050407	-1.0000000000000002	-1.414213562373095	-1.732050807568877	-1.9318516525781366	-2.0	-1.9318516525781368	-1.7320508075688772	-1.4142135623730954	-1.0000000000000009	-0.5176380902050414
YNL070W	YNL070W	1.0	0.0	0.5176380902050415	0.9999999999999999	1.4142135623730951	1.7320508075688772	1.9318516525781366	2.0	1.9318516525781366	1.7320508075688774	1.4142135623730951	0.9999999999999999	0.517638090205042	2.4492935982947064e-16	-0.5176380902050407	-1.0000000000000002	-1.414213562373095	-1.732050807568877	-1.9318516525781366	-2.0	-1.9318516525781368	-1.7320508075688772	-1.4142135623730954	-1.0000000000000009	-0.5176380902050414
YPR083W	YPR083W	1.0	0.0	0.5176380902050415	0.9999999999999999	1.4142135623730951	1.7320508075688772	1.9318516525781366	2.0	1.9318516525781366	1.7320508075688774	1.4142135623730951	0.9999999999999999	0.517638090205042	2.4492935982947064e-16	-0.5176380902050407	-1.0000000000000002	-1.414213562373095	-1.732050807568877	-1.9318516525781366	-2.0	-1.9318516525781368	-1.7320508075688772	-1.4142135623730954	-1.0000000000000009	-0.5176380902050414
YOR211C	YOR211C	1.0	0.0	0.5176380902050415	0.9999999999999999	1.4142135623730951	1.7320508075688772	1.9318516525781366	2.0	1.9318516525781366	1.7320508075688774	1.4142135623730951	0.9999999999999999	0.517638090205042	2.4492935982947064e-16	-0.5176380902050407	-1.0000000000000002	-1.414213562373095	-1.732050807568877	-1.9318516525781366	-2.0	-1.9318516525781368	-1.7320508075688772	-1.4142135623730954	-1.0000000000000009	-0.5176380902050414
YPR140W	YPR140W	1.0	0.0	0.5176380902050415	0.9999999999999999	1.4142135623730951	1.7320508075688772	1.9318516525781366	2.0	1.9318516525781366	1.7320508075688774	1.4142135623730951	0.9999999999999999	0.517638090205042	2.4492935982947064e-16	-0.5176380902050407	-1.0000000000000002	-1.414213562373095	-1.732050807568877	-1.9318516525781366	-2.0	-1.9318516525781368	-1.7320508075688772	-1.4142135623730954	-1.0000000000000009	-0.5176380902050414
YMR072W	YMR072W	1.0	0.0	0.5176380902050415	0.9999999999999999	1.4142135623730951	1.7320508075688772	1.9318516525781366	2.0	1.9318516525781366	1.7320508075688774	1.4142135623730951	0.9999999999999999	0.517638090205042	2.4492935982947064e-16	-0.5176380902050407	-1.0000000000000002	-1.414213562373095	-1.732050807568877	-1.9318516525781366	-2.0	-1.9318516525781368	-1.7320508075688772	-1.4142135623730954	-1.0000000000000009	-0.5176380902050414
