Gene A,Gene B,Label,Score,Precision,Recall,False Positive Rate
YGL170C,YGR225W,1,7.562712,1.0,0.0010000000474974513,0.0
YIL099W,YOL132W,1,7.52453,1.0,0.0020000000949949026,0.0
YHR185C,YLR307W,1,7.41414,1.0,0.003000000026077032,0.0
YOR255W,YDR522C,1,7.3146048,1.0,0.004000000189989805,0.0
YHR079C-A,YDR446W,1,7.2978635,1.0,0.004999999888241291,0.0
YLR329W,YGL033W,1,7.269238,1.0,0.006000000052154064,0.0
YGL250W,YOL132W,1,7.041066,1.0,0.007000000216066837,0.0
YCL048W,YGL158W,1,6.924199,1.0,0.00800000037997961,0.0
YDR522C,YDR446W,1,6.855864,1.0,0.008999999612569809,0.0
YBR045C,YPL027W,1,6.5350904,1.0,0.009999999776482582,0.0
YBR186W,YDR446W,1,6.514153,1.0,0.010999999940395355,0.0
YOR177C,YGL170C,1,6.414717,1.0,0.012000000104308128,0.0
YCL048W,YBR186W,1,6.3623343,1.0,0.013000000268220901,0.0
YHR124W,YLL061W,0,6.333964,0.9285714030265808,0.013000000268220901,9.999999747378752e-05
YLR234W,YDR446W,1,6.278667,0.9333333373069763,0.014000000432133675,9.999999747378752e-05
YHR124W,YPL072W,0,6.27793,0.875,0.014000000432133675,0.00019999999494757503
YCL048W,YML066C,1,6.0508533,0.8823529481887817,0.014999999664723873,0.00019999999494757503
YER179W,YIL073C,1,6.0500073,0.8888888955116272,0.01600000075995922,0.00019999999494757503
YMR190C,YGL158W,1,6.043062,0.8947368264198303,0.017000000923871994,0.00019999999494757503
YCL048W,YOR177C,1,5.9924903,0.8999999761581421,0.017999999225139618,0.00019999999494757503
YMR048W,YGR225W,1,5.972979,0.9047619104385376,0.01899999938905239,0.00019999999494757503
YBR018C,YNL272C,0,5.972865,0.8636363744735718,0.01899999938905239,0.0003000000142492354
YGL170C,YPR120C,1,5.9511523,0.8695651888847351,0.019999999552965164,0.0003000000142492354
YHR014W,YDR403W,1,5.9396806,0.875,0.020999999716877937,0.0003000000142492354
YCL048W,YLR054C,1,5.9298506,0.8799999952316284,0.02199999988079071,0.0003000000142492354
YBR098W,YHR157W,1,5.8777986,0.8846153616905212,0.023000000044703484,0.0003000000142492354
YJR153W,YMR137C,0,5.870139,0.8518518805503845,0.023000000044703484,0.00039999998989515007
YFR028C,YBR169C,0,5.864735,0.8214285969734192,0.023000000044703484,0.0005000000237487257
YLR054C,YIL099W,1,5.7726912,0.8275862336158752,0.024000000208616257,0.0005000000237487257
YLR054C,YDR522C,1,5.7302394,0.8333333134651184,0.02500000037252903,0.0005000000237487257
YBR180W,YDR446W,1,5.7221518,0.8387096524238586,0.026000000536441803,0.0005000000237487257
YHR079C-A,YDR522C,1,5.703777,0.84375,0.027000000700354576,0.0005000000237487257
YDR285W,YPL164C,1,5.644489,0.8484848737716675,0.02800000086426735,0.0005000000237487257
YER179W,YPL164C,1,5.629436,0.8529411554336548,0.028999999165534973,0.0005000000237487257
YHR124W,YLR037C,0,5.6291475,0.8285714387893677,0.028999999165534973,0.0006000000284984708
YER044C-A,YGL175C,1,5.606026,0.8333333134651184,0.029999999329447746,0.0006000000284984708
YLR234W,YGL158W,1,5.582998,0.837837815284729,0.03099999949336052,0.0006000000284984708
YHL022C,YDR522C,1,5.561232,0.8421052694320679,0.03200000151991844,0.0006000000284984708
YDR260C,YGL170C,1,5.43413,0.8461538553237915,0.032999999821186066,0.0006000000284984708
YMR048W,YBR180W,1,5.4260955,0.8500000238418579,0.03400000184774399,0.0006000000284984708
YCL048W,YGL183C,1,5.414819,0.8536585569381714,0.03500000014901161,0.0006000000284984708
YOR177C,YGL033W,1,5.382937,0.8571428656578064,0.035999998450279236,0.0006000000284984708
YPR120C,YOL091W,1,5.373821,0.8604651093482971,0.03700000047683716,0.0006000000284984708
YDR059C,YDR285W,1,5.37363,0.8636363744735718,0.03799999877810478,0.0006000000284984708
YMR055C,YNL083W,0,5.3672767,0.8444444537162781,0.03799999877810478,0.000699999975040555
YIL017C,YOL132W,1,5.3640113,0.8478260636329651,0.039000000804662704,0.000699999975040555
YDR516C,YOR298W,1,5.3280587,0.8510638475418091,0.03999999910593033,0.000699999975040555
YPR030W,YLR190W,0,5.2994466,0.8333333134651184,0.03999999910593033,0.0007999999797903001
YCR021C,YGR221C,0,5.279513,0.8163265585899353,0.03999999910593033,0.0008999999845400453
YGR109C,YPL027W,1,5.249603,0.8199999928474426,0.04100000113248825,0.0008999999845400453
YHR185C,YOR190W,1,5.2371387,0.8235294222831726,0.041999999433755875,0.0008999999845400453
YLR329W,YMR048W,1,5.2344193,0.8269230723381042,0.0430000014603138,0.0008999999845400453
YDR403W,YLR054C,1,5.233627,0.8301886916160583,0.04399999976158142,0.0008999999845400453
YFL055W,YBR189W,0,5.1531224,0.8148148059844971,0.04399999976158142,0.0010000000474974513
YBR045C,YDR446W,1,5.1503396,0.8181818127632141,0.04500000178813934,0.0010000000474974513
YOR190W,YIL017C,1,5.132372,0.8214285969734192,0.04600000008940697,0.0010000000474974513
YIL099W,YGR225W,1,5.1079907,0.8245614171028137,0.04699999839067459,0.0010000000474974513
YBR045C,YML066C,1,5.0900893,0.8275862336158752,0.04800000041723251,0.0010000000474974513
YDR001C,YHR169W,0,5.0665765,0.8135592937469482,0.04800000041723251,0.0010999999940395355
YPR201W,YKL001C,0,5.056742,0.800000011920929,0.04800000041723251,0.0012000000569969416
YGR109C,YOR177C,1,5.0564795,0.8032786846160889,0.04899999871850014,0.0012000000569969416
YPL164C,YOR073W,1,5.051418,0.8064516186714172,0.05000000074505806,0.0012000000569969416
YGR109C,YGL181W,1,5.0418,0.8095238208770752,0.050999999046325684,0.0012000000569969416
YPR001W,YGL064C,0,5.038606,0.796875,0.050999999046325684,0.0013000000035390258
YCR105W,YGR247W,0,5.0318727,0.7846153974533081,0.050999999046325684,0.00139999995008111
YGL033W,YLR272C,1,5.026508,0.7878788113594055,0.052000001072883606,0.00139999995008111
YGL243W,YFL011W,0,5.025187,0.7761194109916687,0.052000001072883606,0.001500000013038516
YIL132C,YIL099W,1,5.018974,0.779411792755127,0.05299999937415123,0.001500000013038516
YBR019C,YGL212W,0,5.007563,0.7681159377098083,0.05299999937415123,0.0015999999595806003
YGR225W,YDR439W,1,5.0003624,0.7714285850524902,0.05400000140070915,0.0015999999595806003
YGR059W,YLR234W,1,4.9974365,0.7746478915214539,0.054999999701976776,0.0015999999595806003
YOL095C,YOR192C,0,4.9895563,0.7638888955116272,0.054999999701976776,0.0017000000225380063
YJR153W,YNR072W,0,4.9813046,0.7534246444702148,0.054999999701976776,0.0017999999690800905
YCL048W,YMR190C,1,4.977548,0.7567567825317383,0.0560000017285347,0.0017999999690800905
YHR079C-A,YOL104C,1,4.945571,0.7599999904632568,0.05700000002980232,0.0017999999690800905
YIL073C,YOR229W,1,4.9407697,0.7631579041481018,0.057999998331069946,0.0017999999690800905
YLR263W,YGR225W,1,4.9389696,0.7662337422370911,0.05900000035762787,0.0017999999690800905
YDR403W,YOL104C,1,4.9142165,0.7692307829856873,0.05999999865889549,0.0017999999690800905
YMR048W,YDL222C,1,4.9120116,0.7721518874168396,0.061000000685453415,0.0017999999690800905
YLR308W,YDR403W,1,4.899484,0.7749999761581421,0.06199999898672104,0.0017999999690800905
YHR124W,YKR034W,0,4.895596,0.7654321193695068,0.06199999898672104,0.0019000000320374966
YFL003C,YGL158W,1,4.8845754,0.7682926654815674,0.06300000101327896,0.0019000000320374966
YNL093W,YPL169C,0,4.8770666,0.759036123752594,0.06300000101327896,0.0020000000949949026
YBR057C,YIL073C,1,4.8750424,0.761904776096344,0.06400000303983688,0.0020000000949949026
YDR530C,YJR105W,0,4.8544393,0.7529411911964417,0.06400000303983688,0.002099999925121665
YGL250W,YDR104C,1,4.8525863,0.7558139562606812,0.06499999761581421,0.002099999925121665
YML066C,YER044C-A,1,4.8444705,0.7586206793785095,0.06599999964237213,0.002099999925121665
YHR185C,YOR073W,1,4.816412,0.7613636255264282,0.06700000166893005,0.002099999925121665
YNL225C,YOL110W,0,4.8076167,0.7528089880943298,0.06700000166893005,0.002199999988079071
YIL073C,YGL158W,1,4.8074694,0.7555555701255798,0.06800000369548798,0.002199999988079071
YOR298W,YDR522C,1,4.794898,0.7582417726516724,0.0689999982714653,0.002199999988079071
YKL052C,YMR078C,0,4.7890973,0.75,0.0689999982714653,0.002300000051036477
YBR085W,YPL169C,0,4.7869267,0.7419354915618896,0.0689999982714653,0.002400000113993883
YGL170C,YDL154W,1,4.761834,0.7446808218955994,0.07000000029802322,0.002400000113993883
YLL033W,YPL027W,1,4.747051,0.7473683953285217,0.07100000232458115,0.002400000113993883
YDR059C,YLR263W,1,4.733434,0.75,0.07199999690055847,0.002400000113993883
YCR065W,YKL026C,0,4.73274,0.7422680258750916,0.07199999690055847,0.0024999999441206455
YCR002C,YDL239C,1,4.729653,0.7448979616165161,0.0729999989271164,0.0024999999441206455
YML032C,YGL033W,1,4.7264175,0.747474730014801,0.07400000095367432,0.0024999999441206455
YHR152W,YDL222C,1,4.721703,0.75,0.07500000298023224,0.0024999999441206455
YCL048W,YDR392W,1,4.7063627,0.7524752616882324,0.07599999755620956,0.0024999999441206455
YBR045C,YOL091W,1,4.706309,0.7549019455909729,0.07699999958276749,0.0024999999441206455
YHR079C-A,YDL154W,1,4.7050886,0.7572815418243408,0.07800000160932541,0.0024999999441206455
YER033C,YNL124W,0,4.6967793,0.75,0.07800000160932541,0.0026000000070780516
YOL091W,YGL033W,1,4.6916223,0.7523809671401978,0.07900000363588333,0.0026000000070780516
YDR403W,YHR079C-A,1,4.6906,0.7547169923782349,0.07999999821186066,0.0026000000070780516
YDR260C,YOR073W,1,4.6855674,0.7570093274116516,0.08100000023841858,0.0026000000070780516
YDR082W,YGR166W,0,4.6848316,0.75,0.08100000023841858,0.0027000000700354576
YDR104C,YPL055C,1,4.6801734,0.752293586730957,0.0820000022649765,0.0027000000700354576
YOR074C,YNL223W,0,4.665655,0.7454545497894287,0.0820000022649765,0.00279999990016222
YLR117C,YJR010W,0,4.658588,0.7387387156486511,0.0820000022649765,0.002899999963119626
YGL170C,YBR136W,1,4.632138,0.7410714030265808,0.08299999684095383,0.002899999963119626
YGL183C,YOR368W,1,4.6134243,0.7433628439903259,0.08399999886751175,0.002899999963119626
YGR059W,YCR002C,1,4.610884,0.7456140518188477,0.08500000089406967,0.002899999963119626
YDL247W,YMR215W,0,4.6036835,0.739130437374115,0.08500000089406967,0.003000000026077032
YOL088C,YJR150C,0,4.596984,0.732758641242981,0.08500000089406967,0.003100000089034438
YPR075C,YGR049W,0,4.5815115,0.7264957427978516,0.08500000089406967,0.0031999999191612005
YFL011W,YJR055W,0,4.5794587,0.7203390002250671,0.08500000089406967,0.0032999999821186066
YER058W,YGR144W,0,4.570092,0.7142857313156128,0.08500000089406967,0.0034000000450760126
YMR089C,YPL189W,0,4.5624723,0.7083333134651184,0.08500000089406967,0.0035000001080334187
YBR098W,YIL073C,1,4.556257,0.71074378490448,0.0860000029206276,0.0035000001080334187
YHL022C,YIL017C,1,4.5475163,0.7131147384643555,0.08699999749660492,0.0035000001080334187
YCR086W,YGL175C,1,4.5403996,0.7154471278190613,0.08799999952316284,0.0035000001080334187
YML032C,YOL104C,1,4.538482,0.7177419066429138,0.08900000154972076,0.0035000001080334187
YNL250W,YPL027W,1,4.534952,0.7200000286102295,0.09000000357627869,0.0035000001080334187
YML066C,YHL027W,1,4.5302467,0.7222222089767456,0.09099999815225601,0.0035000001080334187
YLR329W,YPL209C,1,4.5302005,0.7244094610214233,0.09200000017881393,0.0035000001080334187
YHR004C,YDR446W,1,4.5273533,0.7265625,0.09300000220537186,0.0035000001080334187
YDR260C,YGR059W,1,4.5133696,0.7286821603775024,0.09399999678134918,0.0035000001080334187
YCR086W,YBR186W,1,4.507278,0.7307692170143127,0.0949999988079071,0.0035000001080334187
YPR111W,YJR119C,0,4.4971514,0.7251908183097839,0.0949999988079071,0.003599999938160181
YGL111W,YFL011W,0,4.488833,0.7196969985961914,0.0949999988079071,0.003700000001117587
YDR059C,YPL209C,1,4.4840393,0.7218044996261597,0.09600000083446503,0.003700000001117587
YOR177C,YGR059W,1,4.476203,0.7238805890083313,0.09700000286102295,0.003700000001117587
YJR092W,YMR135C,0,4.4760776,0.7185184955596924,0.09700000286102295,0.003800000064074993
YIL099W,YJL168C,1,4.47257,0.720588207244873,0.09799999743700027,0.003800000064074993
YLR341W,YGL158W,1,4.472176,0.7226277589797974,0.0989999994635582,0.003800000064074993
YNL300W,YPL006W,0,4.464232,0.717391312122345,0.0989999994635582,0.0038999998942017555
YOR298W,YGL033W,1,4.4603715,0.7194244861602783,0.10000000149011612,0.0038999998942017555
YGL194C,YGL158W,1,4.4577737,0.7214285731315613,0.10100000351667404,0.0038999998942017555
YLR213C,YBR180W,1,4.4549727,0.7234042286872864,0.10199999809265137,0.0038999998942017555
YKL086W,YMR199W,0,4.454558,0.7183098793029785,0.10199999809265137,0.004000000189989805
YOL091W,YOR351C,1,4.454488,0.7202796936035156,0.10300000011920929,0.004000000189989805
YDR104C,YLR054C,1,4.450853,0.7222222089767456,0.10400000214576721,0.004000000189989805
YJL071W,YGL236C,0,4.44628,0.7172414064407349,0.10400000214576721,0.004100000020116568
YBL009W,YIR005W,0,4.4447336,0.7123287916183472,0.10400000214576721,0.00419999985024333
YER115C,YML066C,1,4.4268236,0.7142857313156128,0.10499999672174454,0.00419999985024333
YGR109C,YOL104C,1,4.426634,0.7162162065505981,0.10599999874830246,0.00419999985024333
YOR313C,YOL104C,1,4.410256,0.718120813369751,0.10700000077486038,0.00419999985024333
YHR152W,YDR392W,1,4.4092555,0.7200000286102295,0.1080000028014183,0.00419999985024333
YCR086W,YLR234W,1,4.397985,0.7218543291091919,0.10899999737739563,0.00419999985024333
YGL183C,YDR386W,1,4.3954577,0.7236841917037964,0.10999999940395355,0.00419999985024333
YOR298W,YIL099W,1,4.389716,0.7254902124404907,0.11100000143051147,0.00419999985024333
YDL045C,YIL123W,0,4.387477,0.7207792401313782,0.11100000143051147,0.00430000014603138
YAL015C,YLR044C,0,4.387383,0.7161290049552917,0.11100000143051147,0.004399999976158142
YKR026C,YDL243C,0,4.3836007,0.7115384340286255,0.11100000143051147,0.0044999998062849045
YDR148C,YCR102C,0,4.3818817,0.7070063948631287,0.11100000143051147,0.004600000102072954
YOR298W,YGL170C,1,4.3571763,0.7088607549667358,0.1120000034570694,0.004600000102072954
YHR079C-A,YDR512C,1,4.35681,0.7106918096542358,0.11299999803304672,0.004600000102072954
YDL044C,YNL241C,0,4.3531423,0.706250011920929,0.11299999803304672,0.004699999932199717
YHR061C,YDL021W,0,4.3497863,0.7018633484840393,0.11299999803304672,0.004800000227987766
YJL155C,YDL179W,0,4.346583,0.6975308656692505,0.11299999803304672,0.004900000058114529
YBR073W,YMR133W,1,4.3412066,0.699386477470398,0.11400000005960464,0.004900000058114529
YBR045C,YDR260C,1,4.340485,0.7012194991111755,0.11500000208616257,0.004900000058114529
YJR144W,YCR005C,0,4.3395963,0.6969696879386902,0.11500000208616257,0.004999999888241291
YNL082W,YGL158W,1,4.3333945,0.6987951993942261,0.11599999666213989,0.004999999888241291
YDR437W,YKL092C,0,4.325351,0.6946107745170593,0.11599999666213989,0.005100000184029341
YMR267W,YNR056C,0,4.317175,0.6904761791229248,0.11599999666213989,0.005200000014156103
YLR393W,YGL121C,0,4.3169436,0.6863905191421509,0.11599999666213989,0.0052999998442828655
YBR045C,YDR097C,1,4.3065825,0.6882352828979492,0.11699999868869781,0.0052999998442828655
YIL132C,YDL239C,1,4.2999763,0.6900584697723389,0.11800000071525574,0.0052999998442828655
YBR018C,YPL210C,0,4.299925,0.6860465407371521,0.11800000071525574,0.005400000140070915
YBR069C,YJR130C,0,4.2966495,0.6820809245109558,0.11800000071525574,0.005499999970197678
YPL055C,YGL183C,1,4.29493,0.6839080452919006,0.11900000274181366,0.005499999970197678
YBR057C,YDR285W,1,4.2924848,0.6857143044471741,0.11999999731779099,0.005499999970197678
YLL055W,YPR007C,0,4.2895226,0.6818181872367859,0.11999999731779099,0.00559999980032444
YJR092W,YDL039C,0,4.289164,0.6779661178588867,0.11999999731779099,0.00570000009611249
YNL076W,YPL163C,0,4.2877493,0.6741573214530945,0.11999999731779099,0.005799999926239252
YPL209C,YOR255W,1,4.286329,0.6759776473045349,0.12099999934434891,0.005799999926239252
YCR097W,YJR119C,0,4.285097,0.6722221970558167,0.12099999934434891,0.005900000222027302
YDR087C,YOR193W,0,4.2829223,0.6685082912445068,0.12099999934434891,0.006000000052154064
YOR354C,YOL091W,1,4.2801485,0.6703296899795532,0.12200000137090683,0.006000000052154064
YER115C,YOR351C,1,4.2773023,0.6721311211585999,0.12300000339746475,0.006000000052154064
YDL028C,YPL163C,0,4.2737236,0.66847825050354,0.12300000339746475,0.006099999882280827
YLR035C,YDR522C,1,4.2733006,0.6702702641487122,0.12399999797344208,0.006099999882280827
YOR173W,YKR060W,0,4.2702446,0.6666666865348816,0.12399999797344208,0.006200000178068876
YDR451C,YHR079C-A,1,4.26965,0.6684492230415344,0.125,0.006200000178068876
YBR073W,YGL158W,1,4.2656546,0.6702127456665039,0.12600000202655792,0.006200000178068876
YHR079C-A,YDR386W,1,4.255891,0.6719576716423035,0.12700000405311584,0.006200000178068876
YOR295W,YJR073C,0,4.2522364,0.6684210300445557,0.12700000405311584,0.006300000008195639
YGL250W,YDR097C,1,4.2515435,0.6701570749282837,0.12800000607967377,0.006300000008195639
YOR313C,YHL022C,1,4.251135,0.671875,0.1289999932050705,0.006300000008195639
YHR012W,YLR431C,0,4.249553,0.6683937907218933,0.1289999932050705,0.006399999838322401
YDR317W,YBR212W,0,4.2490454,0.6649484634399414,0.1289999932050705,0.006500000134110451
YCL026C-A,YOR358W,0,4.243414,0.6615384817123413,0.1289999932050705,0.006599999964237213
YPR183W,YHR104W,0,4.24096,0.6581632494926453,0.1289999932050705,0.0066999997943639755
YDR260C,YOR351C,1,4.2405996,0.6598984599113464,0.12999999523162842,0.0066999997943639755
YLL052C,YNL145W,0,4.2380934,0.6565656661987305,0.12999999523162842,0.006800000090152025
YBR026C,YNL148C,0,4.2351823,0.6532663106918335,0.12999999523162842,0.006899999920278788
YGL194C,YDR522C,1,4.2259665,0.6549999713897705,0.13099999725818634,0.006899999920278788
YGL250W,YMR063W,1,4.2230067,0.6567164063453674,0.13199999928474426,0.006899999920278788
YGL096W,YNL246W,0,4.2178125,0.6534653306007385,0.13199999928474426,0.007000000216066837
YIL066C,YBR168W,0,4.2160516,0.6502463221549988,0.13199999928474426,0.0071000000461936
YLR308W,YKR031C,1,4.215447,0.6519607901573181,0.13300000131130219,0.0071000000461936
YJR050W,YDL079C,0,4.215332,0.6487804651260376,0.13300000131130219,0.007199999876320362
YLR329W,YDR403W,1,4.2148123,0.6504854559898376,0.1340000033378601,0.007199999876320362
YIL048W,YHR176W,0,4.2132354,0.6473429799079895,0.1340000033378601,0.007300000172108412
YOR229W,YGR225W,1,4.212626,0.6490384340286255,0.13500000536441803,0.007300000172108412
YIL099W,YDR392W,1,4.209292,0.6507176756858826,0.13600000739097595,0.007300000172108412
YDR260C,YGL158W,1,4.202358,0.6523809432983398,0.13699999451637268,0.007300000172108412
YIL099W,YBR186W,1,4.1978517,0.6540284156799316,0.1379999965429306,0.007300000172108412
YPL209C,YHL022C,1,4.190342,0.6556603908538818,0.13899999856948853,0.007300000172108412
YLL033W,YOR073W,1,4.1893153,0.65727698802948,0.14000000059604645,0.007300000172108412
YLR035C,YOR073W,1,4.1810937,0.65887850522995,0.14100000262260437,0.007300000172108412
YLR394W,YOR073W,1,4.178145,0.6604651212692261,0.1420000046491623,0.007300000172108412
YHR185C,YMR001C,1,4.1728687,0.6620370149612427,0.14300000667572021,0.007300000172108412
YLR394W,YDR403W,1,4.172354,0.6635944843292236,0.14399999380111694,0.007300000172108412
YGL181W,YNL202W,1,4.1674676,0.6651375889778137,0.14499999582767487,0.007300000172108412
YDR489W,YDR540C,0,4.1647716,0.6621004343032837,0.14499999582767487,0.007400000002235174
YNL202W,YER046W,1,4.163762,0.6636363863945007,0.1459999978542328,0.007400000002235174
YAR071W,YKR019C,0,4.1619916,0.6606335043907166,0.1459999978542328,0.007499999832361937
YGL250W,YCR086W,1,4.1609173,0.662162184715271,0.1469999998807907,0.007499999832361937
YLL008W,YLR178C,0,4.1608696,0.6591928005218506,0.1469999998807907,0.007600000128149986
YIL099W,YMR079W,1,4.1548367,0.6607142686843872,0.14800000190734863,0.007600000128149986
YDR389W,YJL066C,0,4.154793,0.6577777862548828,0.14800000190734863,0.007699999958276749
YER162C,YMR011W,0,4.147068,0.6548672318458557,0.14800000190734863,0.007799999788403511
YIL170W,YGL224C,0,4.145091,0.6519823670387268,0.14800000190734863,0.007899999618530273
YGR059W,YPL139C,1,4.1438956,0.6535087823867798,0.14900000393390656,0.007899999618530273
YBL014C,YLR004C,0,4.1431103,0.6506550312042236,0.14900000393390656,0.00800000037997961
YFR040W,YNR046W,0,4.140686,0.647826075553894,0.14900000393390656,0.008100000210106373
YER033C,YKL172W,0,4.138021,0.6450216174125671,0.14900000393390656,0.008200000040233135
YBR103W,YOR255W,1,4.1371727,0.6465517282485962,0.15000000596046448,0.008200000040233135
YLL005C,YGR108W,1,4.1289434,0.6480686664581299,0.1509999930858612,0.008200000040233135
YNL326C,YOR049C,0,4.121012,0.6452991366386414,0.1509999930858612,0.008299999870359898
YOR077W,YCL025C,0,4.120761,0.6425532102584839,0.1509999930858612,0.00839999970048666
YDL059C,YML058W-A,0,4.1148753,0.6398305296897888,0.1509999930858612,0.008500000461935997
YFR021W,YNR056C,0,4.1139994,0.6371307969093323,0.1509999930858612,0.00860000029206276
YER170W,YER028C,0,4.1124296,0.6344537734985352,0.1509999930858612,0.008700000122189522
YPL173W,YPR175W,0,4.1121597,0.6317991614341736,0.1509999930858612,0.008799999952316284
YPR149W,YIL066C,0,4.1108465,0.6291666626930237,0.1509999930858612,0.008899999782443047
YDL039C,YGL053W,0,4.1085854,0.6265560388565063,0.1509999930858612,0.008999999612569809
YPL246C,YML049C,0,4.103717,0.6239669322967529,0.1509999930858612,0.009100000374019146
YIR025W,YLR054C,1,4.1036777,0.6255143880844116,0.15199999511241913,0.009100000374019146
YLR183C,YJL154C,0,4.101858,0.6229507923126221,0.15199999511241913,0.009200000204145908
YIR013C,YJR055W,0,4.097772,0.6204081773757935,0.15199999511241913,0.00930000003427267
YML032C,YGR225W,1,4.0957565,0.6219512224197388,0.15299999713897705,0.00930000003427267
YBR103W,YOL104C,1,4.0954304,0.623481810092926,0.15399999916553497,0.00930000003427267
YOR354C,YIL099W,1,4.094604,0.625,0.1550000011920929,0.00930000003427267
YML066C,YDR260C,1,4.094522,0.6265060305595398,0.15600000321865082,0.00930000003427267
YGL171W,YHR102W,0,4.0926337,0.6240000128746033,0.15600000321865082,0.009399999864399433
YDR059C,YNL102W,1,4.090849,0.6254979968070984,0.15700000524520874,0.009399999864399433
YPR183W,YFR040W,0,4.086334,0.6230158805847168,0.15700000524520874,0.009499999694526196
YBR045C,YBR180W,1,4.0853486,0.6245059370994568,0.15800000727176666,0.009499999694526196
YPR001W,YGR052W,0,4.08045,0.6220472455024719,0.15800000727176666,0.009600000455975533
YDR516C,YKR029C,1,4.0804276,0.6235294342041016,0.1589999943971634,0.009600000455975533
YLR307W,YDR027C,1,4.0774903,0.625,0.1599999964237213,0.009600000455975533
YDL093W,YDR263C,0,4.073915,0.6225680708885193,0.1599999964237213,0.009700000286102295
YLL033W,YDR403W,1,4.070948,0.6240310072898865,0.16099999845027924,0.009700000286102295
YLL033W,YLR341W,1,4.067721,0.6254826188087463,0.16200000047683716,0.009700000286102295
YOR033C,YMR280C,0,4.0673265,0.6230769157409668,0.16200000047683716,0.009800000116229057
YDL202W,YLR431C,0,4.0595016,0.6206896305084229,0.16200000047683716,0.00989999994635582
YLR234W,YOR368W,1,4.05558,0.6221374273300171,0.16300000250339508,0.00989999994635582
YDR405W,YJL083W,0,4.053426,0.6197718381881714,0.16300000250339508,0.009999999776482582
YFR040W,YLR059C,0,4.0490055,0.6174242496490479,0.16300000250339508,0.010099999606609344
YER044C-A,YDR403W,1,4.043251,0.6188679337501526,0.164000004529953,0.010099999606609344
YLR367W,YPL138C,0,4.0417824,0.61654132604599,0.164000004529953,0.010200000368058681
YCL048W,YLR035C,1,4.040579,0.617977499961853,0.16500000655651093,0.010200000368058681
YHR152W,YNL202W,1,4.0396605,0.6194030046463013,0.16599999368190765,0.010200000368058681
YPR121W,YML076C,0,4.0377517,0.6171003580093384,0.16599999368190765,0.010300000198185444
YPL200W,YGL033W,1,4.0351243,0.6185185313224792,0.16699999570846558,0.010300000198185444
YDR325W,YNL202W,1,4.030275,0.6199262142181396,0.1679999977350235,0.010300000198185444
YGL127C,YDR369C,1,4.02805,0.6213235259056091,0.16899999976158142,0.010300000198185444
YOR313C,YBR107C,1,4.0261726,0.622710645198822,0.17000000178813934,0.010300000198185444
YPR121W,YKL148C,0,4.025856,0.6204379796981812,0.17000000178813934,0.010400000028312206
YML061C,YLL061W,0,4.024399,0.6181818246841431,0.17000000178813934,0.010499999858438969
YJL093C,YJL214W,0,4.021823,0.6159420013427734,0.17000000178813934,0.010599999688565731
YKR049C,YDR363W,0,4.019982,0.6137183904647827,0.17000000178813934,0.010700000450015068
YDR285W,YHR152W,1,4.0145116,0.6151078939437866,0.17100000381469727,0.010700000450015068
YBR107C,YGL183C,1,4.0092454,0.616487443447113,0.1720000058412552,0.010700000450015068
YBR045C,YBR023C,1,4.0075955,0.6178571581840515,0.17299999296665192,0.010700000450015068
YLR329W,YNL088W,1,3.9928193,0.6192170977592468,0.17399999499320984,0.010700000450015068
YNL002C,YML100W,0,3.99185,0.6170212626457214,0.17399999499320984,0.01080000028014183
YMR105C,YLL002W,0,3.9891436,0.6148409843444824,0.17399999499320984,0.010900000110268593
YBR068C,YHR061C,0,3.9862945,0.6126760840415955,0.17399999499320984,0.010999999940395355
YNL169C,YDR515W,0,3.9857023,0.6105263233184814,0.17399999499320984,0.011099999770522118
YIR019C,YLR039C,0,3.9813423,0.6083915829658508,0.17399999499320984,0.01119999960064888
YJL187C,YPL027W,1,3.97947,0.6097561120986938,0.17499999701976776,0.01119999960064888
YGR109C,YJL001W,1,3.9779406,0.6111111044883728,0.17599999904632568,0.01119999960064888
YKR027W,YJR036C,0,3.9725726,0.6089965105056763,0.17599999904632568,0.011300000362098217
YBR059C,YLR405W,0,3.9725165,0.6068965792655945,0.17599999904632568,0.01140000019222498
YDR104C,YDL239C,1,3.97223,0.6082473993301392,0.1770000010728836,0.01140000019222498
YPR119W,YJL139C,0,3.9721289,0.6061643958091736,0.1770000010728836,0.011500000022351742
YNL225C,YDR191W,0,3.9710999,0.6040955781936646,0.1770000010728836,0.011599999852478504
YDR516C,YDR004W,1,3.9700935,0.6054421663284302,0.17800000309944153,0.011599999852478504
YBR073W,YDR369C,1,3.966125,0.6067796349525452,0.17900000512599945,0.011599999852478504
YGR296W,YIR028W,0,3.962307,0.6047297120094299,0.17900000512599945,0.011699999682605267
YOR329C,YHR176W,0,3.9605942,0.6026936173439026,0.17900000512599945,0.011800000444054604
YJR092W,YLR102C,0,3.9548407,0.600671112537384,0.17900000512599945,0.011900000274181366
YIL037C,YNL259C,0,3.954307,0.5986621975898743,0.17900000512599945,0.012000000104308128
YBR162W-A,YOL119C,0,3.9542997,0.596666693687439,0.17900000512599945,0.01209999993443489
YDR451C,YDR369C,1,3.9533026,0.5980066657066345,0.18000000715255737,0.01209999993443489
YPR103W,YOL104C,1,3.9518905,0.5993377566337585,0.1809999942779541,0.01209999993443489
YLR308W,YLR234W,1,3.948699,0.6006600856781006,0.18199999630451202,0.01209999993443489
YPL055C,YHR079C-A,1,3.9483657,0.6019737124443054,0.18299999833106995,0.01209999993443489
YHR166C,YPR119W,0,3.9473112,0.6000000238418579,0.18299999833106995,0.012199999764561653
YPR201W,YJR125C,0,3.9467225,0.5980392098426819,0.18299999833106995,0.012299999594688416
YBR152W,YJL054W,0,3.943744,0.5960912108421326,0.18299999833106995,0.012400000356137753
YER044C-A,YOL091W,1,3.9429865,0.5974025726318359,0.18400000035762787,0.012400000356137753
YOR141C,YER011W,0,3.9365258,0.5954692363739014,0.18400000035762787,0.012500000186264515
YLR234W,YOR073W,1,3.9279933,0.5967742204666138,0.1850000023841858,0.012500000186264515
YHR185C,YOR368W,1,3.9231048,0.5980707406997681,0.1860000044107437,0.012500000186264515
YLR213C,YHL022C,1,3.919624,0.5993589758872986,0.18700000643730164,0.012500000186264515
YER039C,YDR488C,0,3.9187331,0.5974441170692444,0.18700000643730164,0.012600000016391277
YGR109C,YML066C,1,3.9184327,0.5987260937690735,0.18799999356269836,0.012600000016391277
YNR002C,YIR028W,0,3.9167128,0.5968254208564758,0.18799999356269836,0.01269999984651804
YLR319C,YNL270C,0,3.916242,0.594936728477478,0.18799999356269836,0.012799999676644802
YNL082W,YCL048W,1,3.9119325,0.5962145328521729,0.1889999955892563,0.012799999676644802
YMR263W,YKL203C,0,3.9101398,0.5943396091461182,0.1889999955892563,0.012900000438094139
YMR101C,YHR134W,0,3.9094062,0.592476487159729,0.1889999955892563,0.013000000268220901
YLR337C,YJL013C,0,3.9076543,0.590624988079071,0.1889999955892563,0.013100000098347664
YGL183C,YOR073W,1,3.9028459,0.5919002890586853,0.1899999976158142,0.013100000098347664
YKR002W,YBR072W,0,3.8997648,0.590062141418457,0.1899999976158142,0.013199999928474426
YJL051W,YGR112W,0,3.8986127,0.5882353186607361,0.1899999976158142,0.013299999758601189
YER044C-A,YOL104C,1,3.8956685,0.5895061492919922,0.19099999964237213,0.013299999758601189
YIL132C,YDR451C,1,3.8953953,0.5907692313194275,0.19200000166893005,0.013299999758601189
YIL099W,YOR368W,1,3.8945122,0.592024564743042,0.19300000369548798,0.013299999758601189
YNL078W,YOL052C-A,0,3.8929148,0.5902140736579895,0.19300000369548798,0.013399999588727951
YAL015C,YKL009W,0,3.8907332,0.5884146094322205,0.19300000369548798,0.013500000350177288
YLR329W,YLR054C,1,3.8876886,0.5896656513214111,0.1940000057220459,0.013500000350177288
YKL170W,YIL013C,0,3.8865018,0.5878787636756897,0.1940000057220459,0.01360000018030405
YER033C,YIL016W,0,3.8864274,0.5861027240753174,0.1940000057220459,0.013700000010430813
YBR045C,YOR298W,1,3.8859577,0.5873494148254395,0.19499999284744263,0.013700000010430813
YLR155C,YER038C,0,3.885418,0.5855855941772461,0.19499999284744263,0.013799999840557575
YJR021C,YBR180W,1,3.8848739,0.5868263244628906,0.19599999487400055,0.013799999840557575
YMR117C,YMR075W,0,3.8826714,0.5850746035575867,0.19599999487400055,0.013899999670684338
YCL008C,YKR024C,0,3.8817437,0.5833333134651184,0.19599999487400055,0.014000000432133675
YKL067W,YML049C,0,3.8815916,0.5816023945808411,0.19599999487400055,0.014100000262260437
YKL221W,YJL059W,0,3.8813567,0.5798816680908203,0.19599999487400055,0.0142000000923872
YER044C-A,YLR272C,1,3.8788466,0.5811209678649902,0.19699999690055847,0.0142000000923872
YHR185C,YOL104C,1,3.8785038,0.5823529362678528,0.1979999989271164,0.0142000000923872
YGR004W,YHL021C,0,3.8762565,0.5806451439857483,0.1979999989271164,0.014299999922513962
YML109W,YIR005W,0,3.8744822,0.5789473652839661,0.1979999989271164,0.014399999752640724
YMR199W,YDR001C,0,3.8728967,0.5772594809532166,0.1979999989271164,0.014499999582767487
YIR005W,YJL078C,0,3.8693519,0.5755813717842102,0.1979999989271164,0.014600000344216824
YGL175C,YER046W,1,3.8692846,0.5768116116523743,0.19900000095367432,0.014600000344216824
YJR091C,YGR165W,0,3.8665204,0.5751445293426514,0.19900000095367432,0.014700000174343586
YOR354C,YLR213C,1,3.8652368,0.5763688683509827,0.20000000298023224,0.014700000174343586
YHL013C,YDR001C,0,3.8644676,0.5747126340866089,0.20000000298023224,0.014800000004470348
YPL200W,YBR180W,1,3.8642726,0.5759312510490417,0.20100000500679016,0.014800000004470348
YLR117C,YNL214W,0,3.8623009,0.5742856860160828,0.20100000500679016,0.01489999983459711
YML057W,YKL132C,0,3.8601842,0.5726495981216431,0.20100000500679016,0.014999999664723873
YCL048W,YIL017C,1,3.8589206,0.5738636255264282,0.20200000703334808,0.014999999664723873
YML021C,YEL004W,0,3.858324,0.5722379684448242,0.20200000703334808,0.01510000042617321
YOR190W,YKR029C,1,3.8556023,0.5734463334083557,0.2029999941587448,0.01510000042617321
YGR096W,YEL041W,0,3.8549209,0.5718309879302979,0.2029999941587448,0.015200000256299973
YBR089C-A,YOL141W,0,3.8526888,0.5702247023582458,0.2029999941587448,0.015300000086426735
YJL187C,YML128C,1,3.8526335,0.5714285969734192,0.20399999618530273,0.015300000086426735
YLL033W,YOL091W,1,3.8514495,0.5726256966590881,0.20499999821186066,0.015300000086426735
YBR132C,YIL068C,0,3.8461974,0.5710306167602539,0.20499999821186066,0.015399999916553497
YML004C,YLL010C,0,3.8460257,0.5694444179534912,0.20499999821186066,0.01549999974668026
YPL189W,YGL145W,0,3.845072,0.5678670406341553,0.20499999821186066,0.015599999576807022
YNL233W,YEL004W,0,3.8439898,0.5662983655929565,0.20499999821186066,0.015699999406933784
YDR180W,YMR202W,0,3.8419132,0.5647382736206055,0.20499999821186066,0.015799999237060547
YPL130W,YLR289W,0,3.84021,0.5631868243217468,0.20499999821186066,0.01590000092983246
YER044C-A,YPL209C,1,3.8399034,0.5643835663795471,0.20600000023841858,0.01590000092983246
YHR139C,YDR446W,1,3.838996,0.5655737519264221,0.2070000022649765,0.01590000092983246
YBR195C,YPL147W,0,3.8385427,0.5640326738357544,0.2070000022649765,0.01600000075995922
YLR234W,YLR219W,1,3.8347585,0.5652173757553101,0.20800000429153442,0.01600000075995922
YNR069C,YIR008C,0,3.8331552,0.5636856555938721,0.20800000429153442,0.016100000590085983
YFR004W,YBL013W,0,3.8291645,0.5621621608734131,0.20800000429153442,0.016200000420212746
YIL073C,YCR002C,1,3.8286014,0.5633423328399658,0.20900000631809235,0.016200000420212746
YBR020W,YGR133W,0,3.8247252,0.5618279576301575,0.20900000631809235,0.016300000250339508
YOR026W,YHR082C,0,3.8231225,0.5603216886520386,0.20900000631809235,0.01640000008046627
YLR034C,YHL021C,0,3.820313,0.5588235259056091,0.20900000631809235,0.016499999910593033
YER033C,YPL127C,0,3.8189802,0.5573333501815796,0.20900000631809235,0.016599999740719795
YGR032W,YDL239C,1,3.8178225,0.5585106611251831,0.20999999344348907,0.016599999740719795
YMR232W,YBR037C,0,3.8112397,0.5570291876792908,0.20999999344348907,0.016699999570846558
YFL003C,YBR098W,1,3.8112092,0.5582010746002197,0.210999995470047,0.016699999570846558
YIL099W,YDR386W,1,3.8093448,0.559366762638092,0.21199999749660492,0.016699999570846558
YBL034C,YEL071W,0,3.8093405,0.557894766330719,0.21199999749660492,0.01679999940097332
YER115C,YOL091W,1,3.8072863,0.5590550899505615,0.21299999952316284,0.01679999940097332
YDR218C,YGL017W,0,3.8056624,0.5575916171073914,0.21299999952316284,0.016899999231100082
YNL009W,YPL029W,0,3.800863,0.5561357736587524,0.21299999952316284,0.017000000923871994
YDR216W,YLR312W-A,0,3.7972627,0.5546875,0.21299999952316284,0.017100000753998756
YGL250W,YOR351C,1,3.7939754,0.5558441281318665,0.21400000154972076,0.017100000753998756
YPL178W,YER150W,0,3.7876325,0.5544041395187378,0.21400000154972076,0.01720000058412552
YJL011C,YGL098W,0,3.7811956,0.552971601486206,0.21400000154972076,0.01730000041425228
YFL055W,YLR313C,0,3.780945,0.5515463948249817,0.21400000154972076,0.017400000244379044
YKL188C,YOR252W,0,3.779869,0.5501285195350647,0.21400000154972076,0.017500000074505806
YML093W,YHR102W,0,3.7747526,0.5487179756164551,0.21400000154972076,0.01759999990463257
YCR105W,YMR182C,0,3.7713883,0.5473145842552185,0.21400000154972076,0.01769999973475933
YLL061W,YDR383C,0,3.7695243,0.545918345451355,0.21400000154972076,0.017799999564886093
YJR150C,YNL051W,0,3.7683535,0.5445292592048645,0.21400000154972076,0.017899999395012856
YBR020W,YIL050W,0,3.7673974,0.5431472063064575,0.21400000154972076,0.017999999225139618
YJL058C,YBL019W,0,3.7652998,0.5417721271514893,0.21400000154972076,0.01810000091791153
YIL153W,YGR169C,0,3.7632222,0.5404040217399597,0.21400000154972076,0.018200000748038292
YDR202C,YFR027W,0,3.7608657,0.5390428304672241,0.21400000154972076,0.018300000578165054
YLR026C,YNL127W,0,3.7592068,0.5376884341239929,0.21400000154972076,0.018400000408291817
YCL014W,YGL254W,0,3.758706,0.5363408327102661,0.21400000154972076,0.01850000023841858
YLR424W,YLL041C,0,3.758546,0.5350000262260437,0.21400000154972076,0.01860000006854534
YBR212W,YNL163C,0,3.7576537,0.5336658358573914,0.21400000154972076,0.018699999898672104
YBR125C,YLR153C,0,3.7575567,0.5323383212089539,0.21400000154972076,0.018799999728798866
YBR195C,YIL117C,0,3.757494,0.5310173630714417,0.21400000154972076,0.01889999955892563
YHL027W,YDR446W,1,3.7553692,0.5321782231330872,0.2150000035762787,0.01889999955892563
YJL155C,YDR389W,0,3.754108,0.5308641791343689,0.2150000035762787,0.01899999938905239
YOL032W,YGL012W,0,3.7525826,0.5295566320419312,0.2150000035762787,0.019099999219179153
YOR237W,YPR104C,0,3.7520242,0.5282555222511292,0.2150000035762787,0.019200000911951065
YPL249C,YBL041W,0,3.7496252,0.5269607901573181,0.2150000035762787,0.019300000742077827
YGR109C,YPL055C,1,3.7494905,0.5281173586845398,0.2160000056028366,0.019300000742077827
YLR136C,YPR190C,0,3.7487338,0.5268292427062988,0.2160000056028366,0.01940000057220459
YOL023W,YDR263C,0,3.7464805,0.525547444820404,0.2160000056028366,0.019500000402331352
YPR030W,YJR152W,0,3.7443094,0.5242718458175659,0.2160000056028366,0.019600000232458115
YKL079W,YJR137C,0,3.7409015,0.5230024456977844,0.2160000056028366,0.019700000062584877
YBR098W,YLR341W,1,3.74075,0.5241546034812927,0.21699999272823334,0.019700000062584877
YPL200W,YGR059W,1,3.7384248,0.5253012180328369,0.21799999475479126,0.019700000062584877
YKL079W,YPL171C,0,3.736381,0.5240384340286255,0.21799999475479126,0.01979999989271164
YLR213C,YDR392W,1,3.7358449,0.5251798629760742,0.21899999678134918,0.01979999989271164
YPL256C,YGL124C,0,3.7355719,0.5239234566688538,0.21899999678134918,0.019899999722838402
YKR006C,YNL148C,0,3.7340045,0.5226730108261108,0.21899999678134918,0.019999999552965164
YOL091W,YPL139C,1,3.7328415,0.523809552192688,0.2199999988079071,0.019999999552965164
YPR006C,YLR251W,0,3.7322788,0.5225653052330017,0.2199999988079071,0.020099999383091927
YEL039C,YOL017W,0,3.731549,0.521327018737793,0.2199999988079071,0.02019999921321869
YDR427W,YER065C,0,3.7277884,0.5200945734977722,0.2199999988079071,0.0203000009059906
YDL123W,YNL175C,0,3.7267282,0.5188679099082947,0.2199999988079071,0.020400000736117363
YOR180C,YKL157W,0,3.725417,0.5176470875740051,0.2199999988079071,0.020500000566244125
YPL256C,YIL036W,0,3.724783,0.5164319276809692,0.2199999988079071,0.020600000396370888
YGR144W,YLL010C,0,3.7243102,0.5152224898338318,0.2199999988079071,0.02070000022649765
YGR109C,YHL022C,1,3.723033,0.5163551568984985,0.22100000083446503,0.02070000022649765
YGL194C,YDR369C,1,3.7211695,0.5174825191497803,0.22200000286102295,0.02070000022649765
YKL221W,YNL251C,0,3.715357,0.5162790417671204,0.22200000286102295,0.020800000056624413
YOL135C,YAL026C,0,3.7069447,0.5150812268257141,0.22200000286102295,0.020899999886751175
YMR202W,YGR239C,0,3.7068608,0.5138888955116272,0.22200000286102295,0.020999999716877937
YFL003C,YGL194C,1,3.7057848,0.5150115489959717,0.22300000488758087,0.020999999716877937
YNL082W,YGL033W,1,3.7028337,0.5161290168762207,0.2240000069141388,0.020999999716877937
YGR032W,YNL102W,1,3.7015195,0.517241358757019,0.22499999403953552,0.020999999716877937
YFL003C,YOR177C,1,3.6997504,0.5183486342430115,0.22599999606609344,0.020999999716877937
YCR086W,YDR076W,1,3.6971364,0.5194507837295532,0.22699999809265137,0.020999999716877937
YOR358W,YNL126W,0,3.6964772,0.5182648301124573,0.22699999809265137,0.0210999995470047
YLR116W,YGL116W,0,3.6950371,0.5170843005180359,0.22699999809265137,0.021199999377131462
YCR105W,YLR103C,0,3.6949563,0.5159090757369995,0.22699999809265137,0.021299999207258224
YGL250W,YGL183C,1,3.6921191,0.5170068144798279,0.2280000001192093,0.021299999207258224
YGL064C,YOR149C,0,3.6917586,0.5158371329307556,0.2280000001192093,0.021400000900030136
YDL107W,YER028C,0,3.691578,0.5146726965904236,0.2280000001192093,0.0215000007301569
YFL003C,YLR219W,1,3.6906943,0.5157657861709595,0.2290000021457672,0.0215000007301569
YBL014C,YDR229W,0,3.690294,0.5146067142486572,0.2290000021457672,0.02160000056028366
YJL092W,YHR024C,0,3.6900816,0.5134528875350952,0.2290000021457672,0.021700000390410423
YOL052C-A,YDL216C,0,3.688073,0.5123042464256287,0.2290000021457672,0.021800000220537186
YER018C,YCL032W,0,3.6865404,0.5111607313156128,0.2290000021457672,0.021900000050663948
YBR023C,YPL027W,1,3.6853075,0.5122494697570801,0.23000000417232513,0.021900000050663948
YHR139C,YPR120C,1,3.684565,0.5133333206176758,0.23100000619888306,0.021900000050663948
YGL250W,YGL033W,1,3.6826057,0.5144124031066895,0.23199999332427979,0.021900000050663948
YOL141W,YKL220C,0,3.6822975,0.5132743120193481,0.23199999332427979,0.02199999988079071
YLR308W,YPL055C,1,3.6813579,0.5143488049507141,0.2329999953508377,0.02199999988079071
YDR113C,YER139C,0,3.6758995,0.5132158398628235,0.2329999953508377,0.022099999710917473
YIR013C,YER154W,0,3.6713536,0.5120879411697388,0.2329999953508377,0.022199999541044235
YER185W,YGL017W,0,3.6707745,0.5109649300575256,0.2329999953508377,0.022299999371170998
YNL256W,YGL098W,0,3.670639,0.5098468065261841,0.2329999953508377,0.02239999920129776
YFL003C,YPL027W,1,3.6697836,0.5109170079231262,0.23399999737739563,0.02239999920129776
YOR018W,YOR118W,0,3.6693358,0.5098039507865906,0.23399999737739563,0.02250000089406967
YHR014W,YHR152W,1,3.6665368,0.510869562625885,0.23499999940395355,0.02250000089406967
YLR028C,YNL082W,1,3.6655629,0.5119305849075317,0.23600000143051147,0.02250000089406967
YGL203C,YJL214W,0,3.66463,0.5108225345611572,0.23600000143051147,0.022600000724196434
YDR004W,YPL164C,1,3.6620598,0.511879026889801,0.2370000034570694,0.022600000724196434
YMR169C,YNL124W,0,3.6530752,0.5107758641242981,0.2370000034570694,0.022700000554323196
YFL003C,YLR308W,1,3.6520143,0.5118279457092285,0.23800000548362732,0.022700000554323196
YGR222W,YKR019C,0,3.6498027,0.5107296109199524,0.23800000548362732,0.02280000038444996
YIL130W,YCL004W,0,3.6484947,0.5096359848976135,0.23800000548362732,0.02290000021457672
YMR055C,YFL014W,0,3.6484127,0.5085470080375671,0.23800000548362732,0.023000000044703484
YLR213C,YLR272C,1,3.6473289,0.5095948576927185,0.23899999260902405,0.023000000044703484
YBR202W,YJL036W,0,3.6472423,0.5085106492042542,0.23899999260902405,0.023099999874830246
YDR098C,YDL223C,0,3.646109,0.5074309706687927,0.23899999260902405,0.02319999970495701
YJR153W,YIR028W,0,3.6453876,0.5063559412956238,0.23899999260902405,0.02329999953508377
YNL328C,YIL075C,0,3.6451285,0.5052854418754578,0.23899999260902405,0.023399999365210533
YJR108W,YPR111W,0,3.6412356,0.5042194128036499,0.23899999260902405,0.023499999195337296
YOR083W,YBR293W,0,3.6405625,0.503157913684845,0.23899999260902405,0.023600000888109207
YOR190W,YDR392W,1,3.6370966,0.5042017102241516,0.23999999463558197,0.023600000888109207
YJL092W,YER038C,0,3.6354723,0.5031446814537048,0.23999999463558197,0.02370000071823597
YOR247W,YER143W,0,3.6351686,0.5020920634269714,0.23999999463558197,0.023800000548362732
YKR044W,YHL021C,0,3.6329417,0.5010438561439514,0.23999999463558197,0.023900000378489494
YDL142C,YMR040W,0,3.6305597,0.5,0.23999999463558197,0.024000000208616257
YHR004C,YGL158W,1,3.6303718,0.5010395050048828,0.2409999966621399,0.024000000208616257
YGL194C,YIR026C,1,3.6277356,0.5020747184753418,0.24199999868869781,0.024000000208616257
YMR318C,YBR054W,0,3.6270597,0.501035213470459,0.24199999868869781,0.02410000003874302
YOR298W,YBL058W,1,3.62679,0.5020661354064941,0.24300000071525574,0.02410000003874302
YEL055C,YFL011W,0,3.6248364,0.5010309219360352,0.24300000071525574,0.02419999986886978
YJL036W,YCR065W,0,3.623908,0.5,0.24300000071525574,0.024299999698996544
YKR053C,YGR080W,0,3.6234834,0.4989733099937439,0.24300000071525574,0.024399999529123306
YPR169W,YGL001C,0,3.6216853,0.49795082211494446,0.24300000071525574,0.02449999935925007
YJL058C,YJL214W,0,3.621055,0.4969325065612793,0.24300000071525574,0.02459999918937683
YGR068C,YAL047C,0,3.618317,0.4959183633327484,0.24300000071525574,0.024700000882148743
YBR023C,YOL132W,1,3.618052,0.49694502353668213,0.24400000274181366,0.024700000882148743
YGL121C,YPL169C,0,3.616361,0.49593496322631836,0.24400000274181366,0.024800000712275505
YBR180W,YLR272C,1,3.6159148,0.496957391500473,0.24500000476837158,0.024800000712275505
YER015W,YDL216C,0,3.6159086,0.49595141410827637,0.24500000476837158,0.024900000542402267
YDR296W,YJL094C,0,3.615748,0.49494948983192444,0.24500000476837158,0.02500000037252903
YLL033W,YDR522C,1,3.6153293,0.4959677457809448,0.2460000067949295,0.02500000037252903
YDR104C,YER044C-A,1,3.6112452,0.4969818890094757,0.24699999392032623,0.02500000037252903
YNL312W,YBR186W,1,3.6102746,0.49799197912216187,0.24799999594688416,0.02500000037252903
YMR263W,YPR155C,0,3.6101077,0.4969939887523651,0.24799999594688416,0.025100000202655792
YNL003C,YOR178C,0,3.6093507,0.4959999918937683,0.24799999594688416,0.025200000032782555
YGL212W,YLR369W,0,3.60924,0.49500998854637146,0.24799999594688416,0.025299999862909317
YDR273W,YGL033W,1,3.604521,0.4960159361362457,0.24899999797344208,0.025299999862909317
YDR097C,YBR180W,1,3.6039286,0.49701789021492004,0.25,0.025299999862909317
YOR255W,YOR229W,1,3.6027803,0.4980158805847168,0.25099998712539673,0.025299999862909317
YLR035C,YBR088C,1,3.5991106,0.499009907245636,0.25200000405311584,0.025299999862909317
YDR480W,YDR204W,0,3.598476,0.49802371859550476,0.25200000405311584,0.02539999969303608
YJL051W,YCL016C,0,3.5984318,0.4970414340496063,0.25200000405311584,0.025499999523162842
YOR177C,YPR120C,1,3.5982642,0.49803149700164795,0.2529999911785126,0.025499999523162842
YDR497C,YER143W,0,3.595807,0.4970530569553375,0.2529999911785126,0.025599999353289604
YGL158W,YHL027W,1,3.5936255,0.49803921580314636,0.2540000081062317,0.025599999353289604
YIR025W,YPL200W,1,3.5932531,0.4990215301513672,0.2549999952316284,0.025599999353289604
YOL091W,YHR119W,1,3.5913568,0.5,0.25600001215934753,0.025599999353289604
YMR284W,YLL010C,0,3.5912387,0.4990253448486328,0.25600001215934753,0.025699999183416367
YML061C,YNR059W,0,3.5900216,0.49805447459220886,0.25600001215934753,0.025800000876188278
YNL023C,YKR102W,0,3.5878959,0.49708738923072815,0.25600001215934753,0.02590000070631504
YJL151C,YJR006W,0,3.586433,0.4961240291595459,0.25600001215934753,0.026000000536441803
YER044C-A,YJL173C,1,3.5862827,0.4970986545085907,0.25699999928474426,0.026000000536441803
YIL129C,YGR239C,0,3.5859702,0.4961389899253845,0.25699999928474426,0.026100000366568565
YPR065W,YHL006C,0,3.5834372,0.4951830506324768,0.25699999928474426,0.026200000196695328
YHR157W,YGL175C,1,3.5820749,0.4961538314819336,0.257999986410141,0.026200000196695328
YPR141C,YPL003W,0,3.578649,0.4952015280723572,0.257999986410141,0.02630000002682209
YNR054C,YLR144C,0,3.5770898,0.49425286054611206,0.257999986410141,0.026399999856948853
YLR234W,YER046W,1,3.575979,0.495219886302948,0.2590000033378601,0.026399999856948853
YLR307W,YGL127C,1,3.5755749,0.49618321657180786,0.25999999046325684,0.026399999856948853
YCR021C,YBL003C,0,3.5754654,0.4952380955219269,0.25999999046325684,0.026499999687075615
YLR190W,YCL038C,0,3.573688,0.4942965805530548,0.25999999046325684,0.026599999517202377
YGR109C,YPL200W,1,3.5732641,0.4952561557292938,0.26100000739097595,0.026599999517202377
YDL215C,YPR152C,0,3.5732415,0.4943181872367859,0.26100000739097595,0.02669999934732914
YOR329C,YLR004C,0,3.5729938,0.4933837354183197,0.26100000739097595,0.026799999177455902
YGL033W,YHR119W,1,3.572221,0.49433961510658264,0.2619999945163727,0.026799999177455902
YJL036W,YGR078C,0,3.5687351,0.4934086501598358,0.2619999945163727,0.026900000870227814
YDR258C,YJR006W,0,3.5687275,0.49248120188713074,0.2619999945163727,0.027000000700354576
YER058W,YPL152W,0,3.5629394,0.49155721068382263,0.2619999945163727,0.02710000053048134
YLR034C,YMR011W,0,3.5615163,0.4906367063522339,0.2619999945163727,0.0272000003606081
YDR235W,YER150W,0,3.5604222,0.4897196292877197,0.2619999945163727,0.027300000190734863
YFL003C,YHR014W,1,3.558691,0.49067163467407227,0.2630000114440918,0.027300000190734863
YLR054C,YPL027W,1,3.5578423,0.49162012338638306,0.2639999985694885,0.027300000190734863
YGL033W,YHR152W,1,3.5566964,0.4925650656223297,0.26499998569488525,0.027300000190734863
YJL074C,YDL222C,1,3.5558903,0.4935064911842346,0.26600000262260437,0.027300000190734863
YGL183C,YHL027W,1,3.5550776,0.49444442987442017,0.2669999897480011,0.027300000190734863
YHR124W,YOR136W,0,3.5549188,0.4935305118560791,0.2669999897480011,0.027400000020861626
YNL164C,YIR018W,0,3.5542707,0.49261993169784546,0.2669999897480011,0.027499999850988388
YEL019C,YJR159W,0,3.5532255,0.4917127192020416,0.2669999897480011,0.02759999968111515
YGL169W,YMR280C,0,3.5525136,0.4908088147640228,0.2669999897480011,0.027699999511241913
YJL057C,YKR077W,0,3.5512364,0.48990824818611145,0.2669999897480011,0.027799999341368675
YFL011W,YNL063W,0,3.5505486,0.4890109896659851,0.2669999897480011,0.027899999171495438
YNR054C,YMR052W,0,3.5492883,0.4881170094013214,0.2669999897480011,0.02800000086426735
YMR200W,YNL172W,0,3.5462167,0.487226277589798,0.2669999897480011,0.02810000069439411
YDR087C,YCR106W,0,3.5422454,0.4863387942314148,0.2669999897480011,0.028200000524520874
YOR255W,YNL202W,1,3.5405521,0.4872727394104004,0.2680000066757202,0.028200000524520874
YDR273W,YML032C,1,3.5389647,0.4882032573223114,0.26899999380111694,0.028200000524520874
YNL160W,YBR167C,0,3.5382404,0.48731884360313416,0.26899999380111694,0.028300000354647636
YDL142C,YLL004W,0,3.5379627,0.4864376187324524,0.26899999380111694,0.0284000001847744
YPR134W,YLR315W,0,3.5376582,0.4855595529079437,0.26899999380111694,0.02850000001490116
YLR307W,YMR001C,1,3.5345025,0.4864864945411682,0.27000001072883606,0.02850000001490116
YNR072W,YLR380W,0,3.5344987,0.4856114983558655,0.27000001072883606,0.028599999845027924
YOL135C,YOL096C,0,3.5343635,0.4847396910190582,0.27000001072883606,0.028699999675154686
YER179W,YDR104C,1,3.534053,0.4856630861759186,0.2709999978542328,0.028699999675154686
YKL055C,YNL107W,0,3.533415,0.4847942888736725,0.2709999978542328,0.02879999950528145
YJL036W,YLR411W,0,3.5329719,0.4839285612106323,0.2709999978542328,0.02889999933540821
YLR234W,YLR272C,1,3.531256,0.4848484992980957,0.2720000147819519,0.02889999933540821
YHR104W,YML102W,0,3.530827,0.4839857518672943,0.2720000147819519,0.028999999165534973
YJL116C,YPL253C,0,3.5282044,0.48312610387802124,0.2720000147819519,0.029100000858306885
YGL127C,YMR001C,1,3.5254607,0.48404255509376526,0.27300000190734863,0.029100000858306885
YHR120W,YJR082C,0,3.5222123,0.4831858277320862,0.27300000190734863,0.029200000688433647
YNL047C,YCL008C,0,3.5211535,0.48233217000961304,0.27300000190734863,0.02930000051856041
YDL232W,YDR540C,0,3.5175624,0.48148149251937866,0.27300000190734863,0.029400000348687172
YBR045C,YDL194W,1,3.51413,0.48239436745643616,0.27399998903274536,0.029400000348687172
YKR102W,YOR149C,0,3.5119076,0.4815465807914734,0.27399998903274536,0.029500000178813934
YBR072W,YGR275W,0,3.5118303,0.480701744556427,0.27399998903274536,0.029600000008940697
YML049C,YPL001W,0,3.5104198,0.4798598885536194,0.27399998903274536,0.02969999983906746
YNR072W,YCR091W,0,3.5102344,0.47902098298072815,0.27399998903274536,0.02979999966919422
YNL088W,YDL239C,1,3.5098557,0.47993019223213196,0.2750000059604645,0.02979999966919422
YGL053W,YBR135W,0,3.5093684,0.47909408807754517,0.2750000059604645,0.029899999499320984
YJR153W,YOL089C,0,3.5093095,0.47826087474823,0.2750000059604645,0.029999999329447746
YLR453C,YDR058C,0,3.5080771,0.4774305522441864,0.2750000059604645,0.03009999915957451
YGR288W,YKL012W,0,3.5069473,0.47660312056541443,0.2750000059604645,0.03020000085234642
YPL100W,YBR189W,0,3.5030243,0.4757785499095917,0.2750000059604645,0.030300000682473183
YBR107C,YHR152W,1,3.5029275,0.47668394446372986,0.2759999930858612,0.030300000682473183
YKL209C,YLR288C,0,3.5027184,0.475862056016922,0.2759999930858612,0.030400000512599945
YDR083W,YPL230W,0,3.502398,0.47504302859306335,0.2759999930858612,0.030500000342726707
YDL247W,YLR223C,0,3.5006104,0.47422680258750916,0.2759999930858612,0.03060000017285347
YOR247W,YNL222W,0,3.5001643,0.4734133780002594,0.2759999930858612,0.030700000002980232
YOR113W,YDL227C,0,3.4988117,0.4726027250289917,0.2759999930858612,0.030799999833106995
YLL031C,YKL026C,0,3.4972534,0.47179487347602844,0.2759999930858612,0.030899999663233757
YOL017W,YHR187W,0,3.4972444,0.47098976373672485,0.2759999930858612,0.03099999949336052
YKL013C,YKL203C,0,3.4966557,0.47018739581108093,0.2759999930858612,0.031099999323487282
YMR228W,YPR185W,0,3.4966197,0.4693877696990967,0.2759999930858612,0.031199999153614044
YOR237W,YOR087W,0,3.496137,0.4685908257961273,0.2759999930858612,0.031300000846385956
YER143W,YHL003C,0,3.4954314,0.4677966237068176,0.2759999930858612,0.03139999881386757
YGL181W,YLR320W,1,3.493465,0.46869713068008423,0.2770000100135803,0.03139999881386757
YMR190C,YOL091W,1,3.4887066,0.4695945978164673,0.27799999713897705,0.03139999881386757
YLR394W,YDR392W,1,3.4885788,0.4704890251159668,0.27900001406669617,0.03139999881386757
YKL217W,YER109C,0,3.4878013,0.469696968793869,0.27900001406669617,0.03150000050663948
YBR152W,YMR011W,0,3.4868484,0.46890756487846375,0.27900001406669617,0.031599998474121094
YDR123C,YKL213C,0,3.486278,0.468120813369751,0.27900001406669617,0.031700000166893005
YPR025C,YJR140C,0,3.4858246,0.4673366844654083,0.27900001406669617,0.03180000185966492
YKL078W,YMR068W,0,3.4847457,0.4665551781654358,0.27900001406669617,0.03189999982714653
YML109W,YHR058C,0,3.4838426,0.4657762944698334,0.27900001406669617,0.03200000151991844
YGL234W,YPL171C,0,3.4828765,0.4650000035762787,0.27900001406669617,0.032099999487400055
YEL026W,YLR299W,0,3.4818065,0.46422627568244934,0.27900001406669617,0.03220000118017197
YCL039W,YNL279W,0,3.4814315,0.4634551405906677,0.27900001406669617,0.03229999914765358
YMR054W,YHR176W,0,3.4804373,0.46268656849861145,0.27900001406669617,0.03240000084042549
YCL026C-A,YGL012W,0,3.4786496,0.46192052960395813,0.27900001406669617,0.032499998807907104
YOL084W,YBR200W,0,3.4779215,0.46115702390670776,0.27900001406669617,0.032600000500679016
YPR095C,YEL029C,0,3.476233,0.46039605140686035,0.27900001406669617,0.03269999846816063
YBR167C,YJR036C,0,3.4753172,0.4596375524997711,0.27900001406669617,0.03280000016093254
YER115C,YBR186W,1,3.4752312,0.46052631735801697,0.2800000011920929,0.03280000016093254
YCL026C-A,YML055W,0,3.474256,0.4597701132297516,0.2800000011920929,0.03290000185370445
YJL168C,YOR351C,1,3.4653451,0.46065574884414673,0.2809999883174896,0.03290000185370445
YLR026C,YLR368W,0,3.4636157,0.4599018096923828,0.2809999883174896,0.032999999821186066
YMR293C,YPR107C,0,3.4635978,0.4591503143310547,0.2809999883174896,0.03310000151395798
YNL294C,YGL183C,1,3.4601498,0.4600326120853424,0.28200000524520874,0.03310000151395798
YIL073C,YLR263W,1,3.4592915,0.4609120488166809,0.28299999237060547,0.03310000151395798
YDL194W,YMR063W,1,3.4590683,0.4617886245250702,0.2840000092983246,0.03310000151395798
YDR285W,YGL194C,1,3.4578571,0.46266233921051025,0.2849999964237213,0.03310000151395798
YMR179W,YLR288C,0,3.457278,0.46191248297691345,0.2849999964237213,0.03319999948143959
YMR133W,YLR219W,1,3.4569657,0.46278315782546997,0.28600001335144043,0.03319999948143959
YHR109W,YPL187W,0,3.44943,0.46203553676605225,0.28600001335144043,0.0333000011742115
YOL052C-A,YJL104W,0,3.4477127,0.4612903296947479,0.28600001335144043,0.033399999141693115
YDR416W,YLR193C,0,3.4471047,0.4605475068092346,0.28600001335144043,0.03350000083446503
YLR372W,YLR206W,0,3.443059,0.45980706810951233,0.28600001335144043,0.03359999880194664
YHR069C,YJL141C,0,3.440742,0.45906901359558105,0.28600001335144043,0.03370000049471855
YOR081C,YMR078C,0,3.4403524,0.4583333432674408,0.28600001335144043,0.033799998462200165
YKL103C,YDR397C,0,3.4395583,0.4575999975204468,0.28600001335144043,0.033900000154972076
YDR416W,YDR028C,0,3.437871,0.4568690061569214,0.28600001335144043,0.03400000184774399
YGL096W,YOL141W,0,3.4366336,0.45614033937454224,0.28600001335144043,0.0340999998152256
YDR155C,YDR522C,1,3.4361317,0.4570063650608063,0.28700000047683716,0.0340999998152256
YPR034W,YPL024W,0,3.4358597,0.45627981424331665,0.28700000047683716,0.03420000150799751
YNL080C,YPL254W,0,3.4336593,0.4555555582046509,0.28700000047683716,0.034299999475479126
YCR021C,YNL163C,0,3.4333124,0.45483359694480896,0.28700000047683716,0.03440000116825104
YCR021C,YLR360W,0,3.4331427,0.4541139304637909,0.28700000047683716,0.03449999913573265
YLR308W,YDR392W,1,3.433051,0.45497629046440125,0.2879999876022339,0.03449999913573265
YJL187C,YLR329W,1,3.4314444,0.4558359682559967,0.289000004529953,0.03449999913573265
YBR020W,YDR254W,0,3.4312246,0.4551181197166443,0.289000004529953,0.03460000082850456
YNL082W,YOR351C,1,3.4297044,0.45597484707832336,0.28999999165534973,0.03460000082850456
YHR156C,YEL004W,0,3.429229,0.4552590250968933,0.28999999165534973,0.034699998795986176
YLR013W,YNR024W,0,3.426476,0.4545454680919647,0.28999999165534973,0.03480000048875809
YOR354C,YDR076W,1,3.4263735,0.4553990662097931,0.29100000858306885,0.03480000048875809
YKL129C,YDL003W,0,3.4236906,0.4546875059604645,0.29100000858306885,0.0348999984562397
YEL019C,YDL149W,0,3.4235194,0.45397815108299255,0.29100000858306885,0.03500000014901161
YDR516C,YIR025W,1,3.4232311,0.4548286497592926,0.2919999957084656,0.03500000014901161
YKR089C,YCL043C,0,3.4219892,0.45412129163742065,0.2919999957084656,0.035100001841783524
YLR263W,YHR119W,1,3.4217055,0.4549689292907715,0.2930000126361847,0.035100001841783524
YOR229W,YDR522C,1,3.4203584,0.4558139443397522,0.2939999997615814,0.035100001841783524
YNL088W,YFL033C,1,3.4196706,0.4566563367843628,0.29499998688697815,0.035100001841783524
YML066C,YLR219W,1,3.4180696,0.45749613642692566,0.29600000381469727,0.035100001841783524
YPR026W,YLR138W,0,3.4175324,0.45679011940956116,0.29600000381469727,0.03519999980926514
YMR232W,YDL216C,0,3.4174867,0.45608627796173096,0.29600000381469727,0.03530000150203705
YNR075W,YFR042W,0,3.416975,0.45538461208343506,0.29600000381469727,0.03539999946951866
YIL132C,YOR368W,1,3.4143043,0.45622119307518005,0.296999990940094,0.03539999946951866
YDR113C,YBR132C,0,3.4106169,0.45552146434783936,0.296999990940094,0.03550000116229057
YOR004W,YNL036W,0,3.4098287,0.45482388138771057,0.296999990940094,0.035599999129772186
YJL074C,YGL183C,1,3.4087253,0.4556574821472168,0.2980000078678131,0.035599999129772186
YOR313C,YDR325W,1,3.407298,0.45648854970932007,0.29899999499320984,0.035599999129772186
YMR055C,YHR106W,0,3.404412,0.45579269528388977,0.29899999499320984,0.0357000008225441
YLR361C,YPR007C,0,3.4042954,0.4550989270210266,0.29899999499320984,0.03579999879002571
YPL164C,YIR026C,1,3.4031549,0.4559270441532135,0.30000001192092896,0.03579999879002571
YOR298W,YDL154W,1,3.4026284,0.4567526578903198,0.3009999990463257,0.03579999879002571
YDR004W,YML032C,1,3.4022384,0.4575757682323456,0.3019999861717224,0.03579999879002571
YGR065C,YDR009W,0,3.4020305,0.4568835198879242,0.3019999861717224,0.03590000048279762
YER179W,YNL312W,1,3.4018352,0.45770391821861267,0.30300000309944153,0.03590000048279762
YHR139C,YLR234W,1,3.398537,0.45852187275886536,0.30399999022483826,0.03590000048279762
YDR155C,YLR341W,1,3.3981535,0.45933735370635986,0.3050000071525574,0.03590000048279762
YBR057C,YLR308W,1,3.397546,0.4601503610610962,0.3059999942779541,0.03590000048279762
YAL039C,YML011C,0,3.3968253,0.45945945382118225,0.3059999942779541,0.035999998450279236
YNL075W,YKL090W,0,3.3961773,0.45877060294151306,0.3059999942779541,0.03610000014305115
YJL051W,YEL051W,0,3.394863,0.458083838224411,0.3059999942779541,0.03620000183582306
YNR060W,YBR133C,0,3.392787,0.4573991000652313,0.3059999942779541,0.03629999980330467
YHR096C,YGR084C,0,3.3915365,0.4567164182662964,0.3059999942779541,0.036400001496076584
YGL170C,YDR097C,1,3.3886113,0.4575260877609253,0.3070000112056732,0.036400001496076584
YLR359W,YDR256C,0,3.3850822,0.456845223903656,0.3070000112056732,0.0364999994635582
YMR032W,YPL045W,0,3.3848805,0.45616641640663147,0.3070000112056732,0.03660000115633011
YPL223C,YGR068C,0,3.3848715,0.4554896056652069,0.3070000112056732,0.03669999912381172
YMR313C,YBR133C,0,3.38466,0.4548148214817047,0.3070000112056732,0.03680000081658363
YDR104C,YGL194C,1,3.3845901,0.45562130212783813,0.30799999833106995,0.03680000081658363
YER026C,YNL148C,0,3.3827362,0.4549483060836792,0.30799999833106995,0.03689999878406525
YDR163W,YJL179W,0,3.3826447,0.45427727699279785,0.30799999833106995,0.03700000047683716
YBR180W,YIL017C,1,3.3806353,0.4550810158252716,0.3089999854564667,0.03700000047683716
YJL030W,YLL055W,0,3.3796043,0.4544117748737335,0.3089999854564667,0.03709999844431877
YLR435W,YDR058C,0,3.379167,0.453744500875473,0.3089999854564667,0.03720000013709068
YKL208W,YDR218C,0,3.3781362,0.4530791640281677,0.3089999854564667,0.037300001829862595
YDR207C,YGL250W,1,3.377979,0.4538799524307251,0.3100000023841858,0.037300001829862595
YNL294C,YDR512C,1,3.3767333,0.45467835664749146,0.3109999895095825,0.037300001829862595
YOR354C,YGL183C,1,3.3760312,0.45547446608543396,0.31200000643730164,0.037300001829862595
YOR313C,YLR234W,1,3.374281,0.45626822113990784,0.31299999356269836,0.037300001829862595
YER179W,YHR152W,1,3.3732166,0.45705968141555786,0.3140000104904175,0.037300001829862595
YPL248C,YAL031C,0,3.3717012,0.45639535784721375,0.3140000104904175,0.03739999979734421
YAL015C,YBR210W,0,3.3683715,0.45573294162750244,0.3140000104904175,0.03750000149011612
YAL047C,YDR453C,0,3.368151,0.45507246255874634,0.3140000104904175,0.03759999945759773
YPR161C,YOR071C,0,3.367779,0.45441389083862305,0.3140000104904175,0.037700001150369644
YJR138W,YGL011C,0,3.367346,0.45375722646713257,0.3140000104904175,0.03779999911785126
YKR031C,YIL099W,1,3.3670306,0.4545454680919647,0.3149999976158142,0.03779999911785126
YNL270C,YMR097C,0,3.366127,0.45389050245285034,0.3149999976158142,0.03790000081062317
YER002W,YGR268C,0,3.3658526,0.4532374143600464,0.3149999976158142,0.03799999877810478
YNL021W,YDR009W,0,3.3654861,0.45258620381355286,0.3149999976158142,0.038100000470876694
YEL062W,YJL035C,0,3.3643723,0.45193687081336975,0.3149999976158142,0.03819999843835831
YLR394W,YDR369C,1,3.3641982,0.45272207260131836,0.3160000145435333,0.03819999843835831
YDR492W,YNL072W,0,3.3620257,0.4520743787288666,0.3160000145435333,0.03830000013113022
YGL194C,YLR263W,1,3.3604712,0.4528571367263794,0.31700000166893005,0.03830000013113022
YPL061W,YJL171C,0,3.3598166,0.4522111415863037,0.31700000166893005,0.03840000182390213
YLL010C,YOL101C,0,3.354343,0.4515669643878937,0.31700000166893005,0.03849999979138374
YHR124W,YBR121C,0,3.353228,0.4509246051311493,0.31700000166893005,0.038600001484155655
YDR113C,YLL019C,0,3.3526828,0.45028409361839294,0.31700000166893005,0.03869999945163727
YDL049C,YNL154C,0,3.352466,0.44964540004730225,0.31700000166893005,0.03880000114440918
YOR358W,YLR144C,0,3.3459454,0.4490084946155548,0.31700000166893005,0.03889999911189079
YER058W,YIL007C,0,3.3459008,0.448373407125473,0.31700000166893005,0.039000000804662704
YNL073W,YIR013C,0,3.3428311,0.4477401077747345,0.31700000166893005,0.03909999877214432
YDL124W,YPL057C,0,3.341775,0.44710859656333923,0.31700000166893005,0.03920000046491623
YMR239C,YOL028C,0,3.3414025,0.44647887349128723,0.31700000166893005,0.03929999843239784
YDR369C,YIL017C,1,3.3407555,0.4472573697566986,0.3179999887943268,0.03929999843239784
YOR177C,YDR260C,1,3.3406215,0.44803372025489807,0.3190000057220459,0.03929999843239784
YOR110W,YJR151C,0,3.3377175,0.4474053382873535,0.3190000057220459,0.039400000125169754
YBR130C,YIR028W,0,3.335983,0.44677871465682983,0.3190000057220459,0.039500001817941666
YLR300W,YOR049C,0,3.3357458,0.446153849363327,0.3190000057220459,0.03959999978542328
YNR060W,YGR098C,0,3.3346596,0.4455307126045227,0.3190000057220459,0.03970000147819519
YGR028W,YMR273C,0,3.3334806,0.44490933418273926,0.3190000057220459,0.039799999445676804
YML109W,YLR260W,0,3.3327994,0.4442896842956543,0.3190000057220459,0.039900001138448715
YDR516C,YDR325W,1,3.3320308,0.4450625777244568,0.3199999928474426,0.039900001138448715
YJL001W,YGL158W,1,3.33158,0.44583332538604736,0.32100000977516174,0.039900001138448715
YIL132C,YPL209C,1,3.3310783,0.446601927280426,0.32199999690055847,0.039900001138448715
YER044C-A,YIL017C,1,3.3287768,0.44736841320991516,0.3230000138282776,0.039900001138448715
YJL001W,YOR190W,1,3.3281608,0.44813278317451477,0.3240000009536743,0.039900001138448715
YBR085W,YDR080W,0,3.3254833,0.4475138187408447,0.3240000009536743,0.03999999910593033
YGR032W,YDR446W,1,3.325115,0.4482758641242981,0.32499998807907104,0.03999999910593033
YMR055C,YNL133C,0,3.3241844,0.44765838980674744,0.32499998807907104,0.04010000079870224
YJR021C,YDR439W,1,3.323987,0.44841817021369934,0.32600000500679016,0.04010000079870224
YDR076W,YLR234W,1,3.3224728,0.4491758346557617,0.3269999921321869,0.04010000079870224
YDR468C,YJR138W,0,3.321256,0.4485596716403961,0.3269999921321869,0.04019999876618385
YGR238C,YKL197C,0,3.3211448,0.4479452073574066,0.3269999921321869,0.040300000458955765
YHR139C,YGR032W,1,3.320962,0.4487003982067108,0.328000009059906,0.040300000458955765
YMR172W,YDL230W,0,3.3198853,0.4480874240398407,0.328000009059906,0.04039999842643738
YLR383W,YCL033C,0,3.3196635,0.4474761188030243,0.328000009059906,0.04050000011920929
YDR350C,YLR383W,0,3.3183217,0.4468664824962616,0.328000009059906,0.0406000018119812
YHL025W,YDR468C,0,3.3170276,0.4462585151195526,0.328000009059906,0.040699999779462814
YDR162C,YOR071C,0,3.3157938,0.44565218687057495,0.328000009059906,0.040800001472234726
YGL255W,YLR395C,0,3.3155131,0.4450474977493286,0.328000009059906,0.04089999943971634
YGR078C,YPR185W,0,3.3149834,0.4444444477558136,0.328000009059906,0.04100000113248825
YNL093W,YBR084C-A,0,3.3146977,0.4438430368900299,0.328000009059906,0.041099999099969864
YJL103C,YOR258W,0,3.314639,0.44324323534965515,0.328000009059906,0.041200000792741776
YPL164C,YDR451C,1,3.3130782,0.4439946115016937,0.32899999618530273,0.041200000792741776
YNL304W,YPL193W,0,3.3127835,0.4433962404727936,0.32899999618530273,0.04129999876022339
YOR095C,YOR245C,0,3.3119836,0.44279944896698,0.32899999618530273,0.0414000004529953
YEL039C,YKL099C,0,3.3111143,0.4422042965888977,0.32899999618530273,0.04149999842047691
YBR107C,YGR108W,1,3.309814,0.4429530203342438,0.33000001311302185,0.04149999842047691
YGL180W,YPR007C,0,3.307231,0.44235923886299133,0.33000001311302185,0.041600000113248825
YFR040W,YHR183W,0,3.307073,0.4417670667171478,0.33000001311302185,0.04170000180602074
YNL020C,YPR007C,0,3.3064206,0.44117647409439087,0.33000001311302185,0.04179999977350235
YPL248C,YNL304W,0,3.3034298,0.44058746099472046,0.33000001311302185,0.04190000146627426
YPR121W,YGR193C,0,3.3030634,0.4399999976158142,0.33000001311302185,0.041999999433755875
YFL003C,YBR023C,1,3.3010616,0.44074568152427673,0.3310000002384186,0.041999999433755875
YMR232W,YNL251C,0,3.298324,0.4401595890522003,0.3310000002384186,0.042100001126527786
YIL073C,YML128C,1,3.2973337,0.44090306758880615,0.3319999873638153,0.042100001126527786
YHR014W,YLR263W,1,3.2967715,0.441644549369812,0.3330000042915344,0.042100001126527786
YFL005W,YBR180W,1,3.2966685,0.44238409399986267,0.33399999141693115,0.042100001126527786
YGR109C,YBR136W,1,3.2941885,0.44312170147895813,0.33500000834465027,0.042100001126527786
YOL052C-A,YJR057W,0,3.2922614,0.442536324262619,0.33500000834465027,0.0421999990940094
YCR089W,YER075C,0,3.291922,0.44195249676704407,0.33500000834465027,0.04230000078678131
YJL058C,YDR499W,0,3.2915173,0.4413702189922333,0.33500000834465027,0.042399998754262924
YBR045C,YPL164C,1,3.291447,0.4421052634716034,0.335999995470047,0.042399998754262924
YNL079C,YDR437W,0,3.2900229,0.44152429699897766,0.335999995470047,0.042500000447034836
YFL003C,YJL001W,1,3.289021,0.44225722551345825,0.3370000123977661,0.042500000447034836
YOR298W,YDR392W,1,3.2887442,0.44298821687698364,0.33799999952316284,0.042500000447034836
YKL120W,YLR258W,0,3.2881432,0.44240838289260864,0.33799999952316284,0.04259999841451645
YOL141W,YDR460W,0,3.288089,0.4418300688266754,0.33799999952316284,0.04270000010728836
YLR028C,YDR097C,1,3.2843356,0.44255873560905457,0.33899998664855957,0.04270000010728836
YNL307C,YBR180W,1,3.2838588,0.4432855248451233,0.3400000035762787,0.04270000010728836
YDL159W,YIR013C,0,3.2818685,0.4427083432674408,0.3400000035762787,0.04280000180006027
YDR122W,YPR113W,0,3.2818499,0.4421326518058777,0.3400000035762787,0.042899999767541885
YLR263W,YNL202W,1,3.2809248,0.44285714626312256,0.3409999907016754,0.042899999767541885
YLR044C,YGL048C,0,3.2797554,0.4422827363014221,0.3409999907016754,0.0430000014603138
YBR195C,YNL093W,0,3.2763233,0.44170984625816345,0.3409999907016754,0.04309999942779541
YNL250W,YOR230W,1,3.2762275,0.44243207573890686,0.34200000762939453,0.04309999942779541
YLR051C,YIL154C,0,3.2760935,0.44186046719551086,0.34200000762939453,0.04320000112056732
YMR243C,YKR069W,0,3.2749257,0.44129031896591187,0.34200000762939453,0.043299999088048935
YBR107C,YOR351C,1,3.2742848,0.4420103132724762,0.34299999475479126,0.043299999088048935
YPL164C,YHR119W,1,3.2741358,0.4427284300327301,0.3440000116825104,0.043299999088048935
YER014W,YLL057C,0,3.2735548,0.44215938448905945,0.3440000116825104,0.04340000078082085
YPR060C,YPR167C,0,3.2735534,0.4415917694568634,0.3440000116825104,0.04349999874830246
YML061C,YOR358W,0,3.272722,0.44102564454078674,0.3440000116825104,0.04360000044107437
YPL209C,YGL127C,1,3.2726765,0.44174134731292725,0.3449999988079071,0.04360000044107437
YIL006W,YER104W,0,3.2701285,0.44117647409439087,0.3449999988079071,0.043699998408555984
YMR283C,YOR267C,0,3.2700286,0.4406130313873291,0.3449999988079071,0.043800000101327896
YKR049C,YBR276C,0,3.2645535,0.44005101919174194,0.3449999988079071,0.04390000179409981
YGR055W,YPL167C,0,3.2629766,0.4394904375076294,0.3449999988079071,0.04399999976158142
YKR054C,YOR162C,0,3.2623763,0.43893128633499146,0.3449999988079071,0.04410000145435333
YDL159W,YIR008C,0,3.2607381,0.4383735656738281,0.3449999988079071,0.044199999421834946
YMR232W,YFL053W,0,3.2605395,0.437817245721817,0.3449999988079071,0.04430000111460686
YMR175W,YKR080W,0,3.2593632,0.4372623562812805,0.3449999988079071,0.04439999908208847
YBR136W,YGL175C,1,3.2588162,0.4379746913909912,0.34599998593330383,0.04439999908208847
YNR039C,YCL024W,0,3.2586133,0.4374209940433502,0.34599998593330383,0.04450000077486038
YPR119W,YDL047W,0,3.2581139,0.43686869740486145,0.34599998593330383,0.044599998742341995
YBR120C,YJR073C,0,3.257464,0.4363177716732025,0.34599998593330383,0.04470000043511391
YLR209C,YOR256C,0,3.2573397,0.4357682764530182,0.34599998593330383,0.04479999840259552
YNL202W,YGL158W,1,3.2572963,0.43647798895835876,0.34700000286102295,0.04479999840259552
YCR106W,YHR158C,0,3.2568145,0.43592965602874756,0.34700000286102295,0.04490000009536743
YKR102W,YDR489W,0,3.2558029,0.4353826940059662,0.34700000286102295,0.04500000178813934
YOR115C,YOR180C,0,3.2555966,0.43483710289001465,0.34700000286102295,0.045099999755620956
YGR258C,YIL007C,0,3.2544708,0.43429285287857056,0.34700000286102295,0.04520000144839287
YGL170C,YDR451C,1,3.2538817,0.4350000023841858,0.3479999899864197,0.04520000144839287
YIL110W,YEL041W,0,3.253863,0.4344569146633148,0.3479999899864197,0.04529999941587448
YDR498C,YBR301W,0,3.2530255,0.4339151978492737,0.3479999899864197,0.04540000110864639
YOR313C,YPL200W,1,3.25277,0.4346201717853546,0.3490000069141388,0.04540000110864639
YBR128C,YGR087C,0,3.2525606,0.4340795874595642,0.3490000069141388,0.045499999076128006
YBR199W,YBR133C,0,3.252471,0.43354037404060364,0.3490000069141388,0.04560000076889992
YOR178C,YDL245C,0,3.2524672,0.4330024719238281,0.3490000069141388,0.04569999873638153
YOR354C,YOR255W,1,3.2523222,0.43370509147644043,0.3499999940395355,0.04569999873638153
YLR234W,YDR392W,1,3.252112,0.43440595269203186,0.35100001096725464,0.04569999873638153
YER044C-A,YBR136W,1,3.2512865,0.4351050555706024,0.35199999809265137,0.04569999873638153
YHR157W,YDR439W,1,3.2510657,0.4358024597167969,0.3529999852180481,0.04569999873638153
YPR066W,YOL009C,0,3.2505834,0.43526509404182434,0.3529999852180481,0.04580000042915344
YLR393W,YDR159W,0,3.2500095,0.43472906947135925,0.3529999852180481,0.045899998396635056
YDL087C,YNL025C,0,3.249128,0.4341943562030792,0.3529999852180481,0.04600000008940697
YOR033C,YIL154C,0,3.2490616,0.43366092443466187,0.3529999852180481,0.04610000178217888
YIL002C,YDL245C,0,3.2478023,0.43312883377075195,0.3529999852180481,0.04619999974966049
YNL041C,YKL046C,0,3.2471924,0.4325980246067047,0.3529999852180481,0.046300001442432404
YBR191W,YMR321C,0,3.2460837,0.4320685565471649,0.3529999852180481,0.04639999940991402
YBR295W,YML100W,0,3.2447426,0.4315403401851654,0.3529999852180481,0.04650000110268593
YPR002W,YPR185W,0,3.2418861,0.43101343512535095,0.3529999852180481,0.04659999907016754
YHR034C,YBL031W,0,3.2417145,0.43048781156539917,0.3529999852180481,0.04670000076293945
YDL093W,YGL013C,0,3.240589,0.42996346950531006,0.3529999852180481,0.046799998730421066
YHR200W,YIL097W,0,3.2405071,0.42944037914276123,0.3529999852180481,0.04690000042319298
YGR048W,YHR090C,0,3.239615,0.42891860008239746,0.3529999852180481,0.04699999839067459
YOR273C,YGR212W,0,3.2395573,0.428398072719574,0.3529999852180481,0.0471000000834465
YKL008C,YIL154C,0,3.2368827,0.42787879705429077,0.3529999852180481,0.047200001776218414
YDR323C,YHR168W,0,3.236483,0.42736077308654785,0.3529999852180481,0.04729999974370003
YJL030W,YNL328C,0,3.235507,0.4268440008163452,0.3529999852180481,0.04740000143647194
YLR200W,YMR105C,0,3.234517,0.42632851004600525,0.3529999852180481,0.04749999940395355
YPL055C,YBR088C,1,3.234366,0.42702051997184753,0.3540000021457672,0.04749999940395355
YOR349W,YBR189W,0,3.2331662,0.42650601267814636,0.3540000021457672,0.047600001096725464
YGL064C,YGL130W,0,3.232023,0.42599278688430786,0.3540000021457672,0.04769999906420708
YOR329C,YLR377C,0,3.2315254,0.42548078298568726,0.3540000021457672,0.04780000075697899
YOR227W,YKL090W,0,3.231332,0.42497000098228455,0.3540000021457672,0.0478999987244606
YCR073C,YOR068C,0,3.2304769,0.42446044087409973,0.3540000021457672,0.04800000041723251
YBR107C,YLR213C,1,3.2269044,0.42514970898628235,0.35499998927116394,0.04800000041723251
YOL165C,YLR068W,0,3.2259507,0.4246411621570587,0.35499998927116394,0.04809999838471413
YOR266W,YDR438W,0,3.225817,0.4241338074207306,0.35499998927116394,0.04820000007748604
YML109W,YOR059C,0,3.2250109,0.42362767457962036,0.35499998927116394,0.04830000177025795
YIR026C,YDL154W,1,3.2249165,0.4243146479129791,0.35600000619888306,0.04830000177025795
YOR007C,YMR215W,0,3.2249022,0.4238095283508301,0.35600000619888306,0.04839999973773956
YCR086W,YHR152W,1,3.223054,0.4244946539402008,0.3569999933242798,0.04839999973773956
YGL224C,YHR168W,0,3.2228985,0.42399048805236816,0.3569999933242798,0.048500001430511475
YLR307W,YBL058W,1,3.2220795,0.42467379570007324,0.3580000102519989,0.048500001430511475
YGR049W,YOR297C,0,3.2214193,0.4241706132888794,0.3580000102519989,0.04859999939799309
YPR095C,YMR172W,0,3.2211676,0.42366865277290344,0.3580000102519989,0.048700001090765
YPL181W,YBR265W,0,3.220874,0.4231678545475006,0.3580000102519989,0.04879999905824661
YBR073W,YHR014W,1,3.2205,0.42384886741638184,0.35899999737739563,0.04879999905824661
YGL037C,YNR053C,0,3.219255,0.4233490526676178,0.35899999737739563,0.048900000751018524
YLR205C,YKL127W,0,3.2191129,0.4228504002094269,0.35899999737739563,0.04899999871850014
YBR020W,YJR125C,0,3.219044,0.42235293984413147,0.35899999737739563,0.04910000041127205
YGR030C,YDR314C,0,3.2189465,0.4218566417694092,0.35899999737739563,0.04919999837875366
YOR129C,YHR134W,0,3.21816,0.42136150598526,0.35899999737739563,0.049300000071525574
YFL003C,YPL209C,1,3.21806,0.42203986644744873,0.36000001430511475,0.049300000071525574
YBR107C,YMR048W,1,3.2178998,0.4227166175842285,0.3610000014305115,0.049300000071525574
YOR329C,YPL192C,0,3.2178516,0.42222222685813904,0.3610000014305115,0.049400001764297485
YOL091W,YDL154W,1,3.2178278,0.42289718985557556,0.3619999885559082,0.049400001764297485
YGL181W,YDR325W,1,3.216519,0.4235706031322479,0.3630000054836273,0.049400001764297485
YMR172W,YBR216C,0,3.2149446,0.42307692766189575,0.3630000054836273,0.0494999997317791
YHL028W,YIR013C,0,3.2142541,0.4225844144821167,0.3630000054836273,0.04960000142455101
YKL055C,YML014W,0,3.213973,0.4220930337905884,0.3630000054836273,0.04969999939203262
YNL223W,YGR165W,0,3.2133982,0.4216027855873108,0.3630000054836273,0.049800001084804535
YNL221C,YBL013W,0,3.2122192,0.4211136996746063,0.3630000054836273,0.04989999905228615
YER170W,YAR035W,0,3.21178,0.4206257164478302,0.3630000054836273,0.05000000074505806
YBR200W,YBR052C,0,3.211522,0.4201388955116272,0.3630000054836273,0.05009999871253967
YPR174C,YLR406C,0,3.2114563,0.41965317726135254,0.3630000054836273,0.050200000405311584
YHR014W,YDL154W,1,3.211332,0.42032331228256226,0.36399999260902405,0.050200000405311584
YEL031W,YJR119C,0,3.210192,0.4198385179042816,0.36399999260902405,0.0502999983727932
YKL064W,YPR046W,0,3.210044,0.4193548262119293,0.36399999260902405,0.05040000006556511
YBR073W,YDR446W,1,3.2080991,0.42002302408218384,0.36500000953674316,0.05040000006556511
YDR343C,YDR419W,0,3.206913,0.4195402264595032,0.36500000953674316,0.05050000175833702
YER157W,YML025C,0,3.205935,0.41905856132507324,0.36500000953674316,0.050599999725818634
YGR013W,YPL163C,0,3.2058449,0.41857796907424927,0.36500000953674316,0.050700001418590546
YNL169C,YOR113W,0,3.2047284,0.418098509311676,0.36500000953674316,0.05079999938607216
YPR075C,YEL004W,0,3.2044115,0.41762012243270874,0.36500000953674316,0.05090000107884407
YFR038W,YDR411C,0,3.2042816,0.4171428680419922,0.36500000953674316,0.050999999046325684
YDL194W,YDR386W,1,3.203377,0.4178082048892975,0.3659999966621399,0.050999999046325684
YIR033W,YER065C,0,3.2022388,0.4173318147659302,0.3659999966621399,0.051100000739097595
YNR032W,YMR068W,0,3.2010098,0.4168564975261688,0.3659999966621399,0.05119999870657921
YKR067W,YNL246W,0,3.1990838,0.4163822531700134,0.3659999966621399,0.05130000039935112
YLR329W,YLR330W,1,3.1971838,0.4170454442501068,0.367000013589859,0.05130000039935112
YIL147C,YNL148C,0,3.1970577,0.41657206416130066,0.367000013589859,0.05139999836683273
YDL070W,YOR188W,0,3.1967819,0.41609978675842285,0.367000013589859,0.051500000059604645
YMR231W,YML011C,0,3.1962233,0.4156285524368286,0.367000013589859,0.051600001752376556
YPR107C,YJL079C,0,3.196167,0.41515836119651794,0.367000013589859,0.05169999971985817
YKR022C,YJR137C,0,3.1945426,0.4146892726421356,0.367000013589859,0.05180000141263008
YDL045C,YLR431C,0,3.1940699,0.41422122716903687,0.367000013589859,0.051899999380111694
YNR059W,YGL208W,0,3.1927536,0.4137542247772217,0.367000013589859,0.052000001072883606
YJR159W,YLR233C,0,3.1926403,0.41328829526901245,0.367000013589859,0.05209999904036522
YGR144W,YNL097C,0,3.192052,0.4128234088420868,0.367000013589859,0.05220000073313713
YBR272C,YJL083W,0,3.1899652,0.4123595356941223,0.367000013589859,0.052299998700618744
YGR260W,YDL103C,0,3.1899638,0.4118967354297638,0.367000013589859,0.052400000393390656
YDR108W,YGR091W,0,3.1892648,0.41143497824668884,0.367000013589859,0.05249999836087227
YMR283C,YNL239W,0,3.1889234,0.4109742343425751,0.367000013589859,0.05260000005364418
YLR182W,YHR132C,0,3.1877966,0.4105145335197449,0.367000013589859,0.05270000174641609
YOL011W,YNL214W,0,3.1870255,0.41005587577819824,0.367000013589859,0.052799999713897705
YDR076W,YDL222C,1,3.1868074,0.4107142984867096,0.36800000071525574,0.052799999713897705
YPR103W,YOL091W,1,3.1862326,0.41137123107910156,0.36899998784065247,0.052799999713897705
YJL074C,YHL027W,1,3.185906,0.4120267331600189,0.3700000047683716,0.052799999713897705
YLR165C,YOR009W,0,3.1853278,0.41156840324401855,0.3700000047683716,0.05290000140666962
YBR295W,YJL141C,0,3.1851158,0.41111111640930176,0.3700000047683716,0.05299999937415123
YJR133W,YJL214W,0,3.1840906,0.41065484285354614,0.3700000047683716,0.05310000106692314
YKL012W,YNL008C,0,3.1838968,0.4101995527744293,0.3700000047683716,0.053199999034404755
YNR039C,YKR077W,0,3.183609,0.40974530577659607,0.3700000047683716,0.053300000727176666
YBR187W,YBR052C,0,3.1833155,0.4092920422554016,0.3700000047683716,0.05339999869465828
YGR041W,YLR411W,0,3.1811128,0.40883979201316833,0.3700000047683716,0.05350000038743019
YDL156W,YCR005C,0,3.1810489,0.40838852524757385,0.3700000047683716,0.053599998354911804
YLR344W,YJR152W,0,3.1808722,0.40793827176094055,0.3700000047683716,0.053700000047683716
YEL032W,YLR080W,0,3.1805134,0.40748897194862366,0.3700000047683716,0.05380000174045563
YNL075W,YNR056C,0,3.1797025,0.40704071521759033,0.3700000047683716,0.05389999970793724
YPL248C,YNL020C,0,3.1791716,0.4065934121608734,0.3700000047683716,0.05400000140070915
YMR263W,YJR138W,0,3.1781867,0.4061470925807953,0.3700000047683716,0.054099999368190765
YMR113W,YMR145C,0,3.1775362,0.40570175647735596,0.3700000047683716,0.05420000106096268
YAL028W,YHL038C,0,3.177278,0.4052574038505554,0.3700000047683716,0.05429999902844429
YMR068W,YJR057W,0,3.1772327,0.4048140048980713,0.3700000047683716,0.0544000007212162
YGL156W,YIL134W,0,3.1771665,0.40437158942222595,0.3700000047683716,0.054499998688697815
YOR005C,YPL006W,0,3.174643,0.403930127620697,0.3700000047683716,0.05460000038146973
YOL084W,YKR060W,0,3.1742306,0.4034896492958069,0.3700000047683716,0.05469999834895134
YHR193C,YDR058C,0,3.172172,0.40305009484291077,0.3700000047683716,0.05480000004172325
YDR122W,YLR314C,0,3.1720583,0.40261152386665344,0.3700000047683716,0.05490000173449516
YIL042C,YML049C,0,3.1696777,0.4021739065647125,0.3700000047683716,0.054999999701976776
YGR049W,YER026C,0,3.1690068,0.401737242937088,0.3700000047683716,0.05510000139474869
YFR014C,YHR096C,0,3.1687112,0.4013015329837799,0.3700000047683716,0.0551999993622303
YDR151C,YGR247W,0,3.1681247,0.4008667469024658,0.3700000047683716,0.05530000105500221
YBR183W,YJR101W,0,3.1663704,0.40043291449546814,0.3700000047683716,0.055399999022483826
YMR078C,YDL155W,0,3.1652102,0.4000000059604645,0.3700000047683716,0.05550000071525574
YIL013C,YGL012W,0,3.164443,0.39956802129745483,0.3700000047683716,0.05559999868273735
YHR204W,YKR049C,0,3.1640131,0.3991369903087616,0.3700000047683716,0.05570000037550926
YDR076W,YHR039C,1,3.1624997,0.39978447556495667,0.3709999918937683,0.05570000037550926
YMR207C,YOR176W,0,3.16124,0.39935413002967834,0.3709999918937683,0.055799998342990875
YMR190C,YGL183C,1,3.1595664,0.4000000059604645,0.3720000088214874,0.055799998342990875
YDR005C,YPR046W,0,3.1589925,0.3995703458786011,0.3720000088214874,0.05590000003576279
YDR162C,YKL146W,0,3.1571927,0.3991416394710541,0.3720000088214874,0.0560000017285347
YFL056C,YDL084W,0,3.1561031,0.3987138271331787,0.3720000088214874,0.05609999969601631
YJL045W,YPL024W,0,3.1556597,0.39828693866729736,0.3720000088214874,0.05620000138878822
YCL034W,YDR484W,0,3.152362,0.39786097407341003,0.3720000088214874,0.056299999356269836
YBR057C,YOR255W,1,3.1517816,0.3985042870044708,0.37299999594688416,0.056299999356269836
YOR349W,YCR066W,0,3.150491,0.398078978061676,0.37299999594688416,0.05640000104904175
YOR132W,YLR153C,0,3.1500049,0.39765459299087524,0.37299999594688416,0.05649999901652336
YOR368W,YHL027W,1,3.1496346,0.398296058177948,0.37400001287460327,0.05649999901652336
YJL213W,YJL115W,0,3.1461945,0.39787232875823975,0.37400001287460327,0.05660000070929527
YDR470C,YKL166C,0,3.1461008,0.3974495232105255,0.37400001287460327,0.056699998676776886
YBL089W,YPR104C,0,3.14575,0.3970276117324829,0.37400001287460327,0.0568000003695488
YDR207C,YBR045C,1,3.145659,0.3976670205593109,0.375,0.0568000003695488
YER100W,YMR135C,0,3.1448822,0.39724576473236084,0.375,0.05689999833703041
YHL022C,YLR272C,1,3.1425576,0.3978835940361023,0.37599998712539673,0.05689999833703041
YPR107C,YJL013C,0,3.1412559,0.39746299386024475,0.37599998712539673,0.05700000002980232
YDR151C,YPL127C,0,3.1410336,0.39704328775405884,0.37599998712539673,0.057100001722574234
YNR074C,YPR010C,0,3.1408343,0.39662447571754456,0.37599998712539673,0.05719999969005585
YKL150W,YCL016C,0,3.1406937,0.3962065279483795,0.37599998712539673,0.05730000138282776
YDR163W,YKL014C,0,3.1405292,0.3957894742488861,0.37599998712539673,0.05739999935030937
YIL110W,YJL214W,0,3.1404576,0.39537328481674194,0.37599998712539673,0.057500001043081284
YDL059C,YOL008W,0,3.1395435,0.3949579894542694,0.37599998712539673,0.0575999990105629
YBR042C,YEL005C,0,3.1382139,0.3945435583591461,0.37599998712539673,0.05770000070333481
YMR117C,YDR039C,0,3.1372395,0.39412999153137207,0.37599998712539673,0.05779999867081642
YIL046W,YDR108W,0,3.1365757,0.39371728897094727,0.37599998712539673,0.05790000036358833
YHR157W,YML032C,1,3.1365519,0.39435145258903503,0.37700000405311584,0.05790000036358833
YNL294C,YBR136W,1,3.1358466,0.39498433470726013,0.3779999911785126,0.05790000036358833
YER168C,YMR322C,0,3.1352544,0.39457201957702637,0.3779999911785126,0.057999998331069946
YPL181W,YNR028W,0,3.1350012,0.39416059851646423,0.3779999911785126,0.05810000002384186
YBR057C,YGR109C,1,3.134966,0.3947916626930237,0.3790000081062317,0.05810000002384186
YBR073W,YBR180W,1,3.134945,0.39542144536972046,0.3799999952316284,0.05810000002384186
YKR024C,YDL223C,0,3.1346385,0.395010381937027,0.3799999952316284,0.05820000171661377
YNR069C,YAR071W,0,3.13295,0.3946002125740051,0.3799999952316284,0.05829999968409538
YJL091C,YKR103W,0,3.12925,0.39419087767601013,0.3799999952316284,0.058400001376867294
YNL160W,YPL207W,0,3.1264465,0.393782377243042,0.3799999952316284,0.05849999934434891
YDR104C,YDR403W,1,3.121865,0.3944099247455597,0.38100001215934753,0.05849999934434891
YML093W,YGL001C,0,3.1218357,0.3940020799636841,0.38100001215934753,0.05860000103712082
YGR257C,YPL005W,0,3.1211271,0.39359503984451294,0.38100001215934753,0.05869999900460243
YCR102C,YDR513W,0,3.1205018,0.39318886399269104,0.38100001215934753,0.058800000697374344
YBR223C,YKL134C,0,3.120047,0.3927834928035736,0.38100001215934753,0.05889999866485596
YDR059C,YCR086W,1,3.1199508,0.393408864736557,0.38199999928474426,0.05889999866485596
YHR139C,YDR097C,1,3.1194162,0.39403292536735535,0.382999986410141,0.05889999866485596
YGL127C,YLR330W,1,3.1188583,0.394655704498291,0.3840000033378601,0.05889999866485596
YDR416W,YNL222W,0,3.1167877,0.3942505121231079,0.3840000033378601,0.05900000035762787
YDR113C,YOR380W,0,3.1155221,0.39384615421295166,0.3840000033378601,0.05909999832510948
YPR121W,YER026C,0,3.1135535,0.39344263076782227,0.3840000033378601,0.05920000001788139
YIL073C,YHR004C,1,3.1119323,0.39406347274780273,0.38499999046325684,0.05920000001788139
YJL045W,YJL209W,0,3.1115303,0.3936605453491211,0.38499999046325684,0.059300001710653305
YML066C,YBR103W,1,3.1097522,0.3942798674106598,0.38600000739097595,0.059300001710653305
YAL040C,YPR061C,0,3.1090245,0.3938775658607483,0.38600000739097595,0.05939999967813492
YLR277C,YBL031W,0,3.1079092,0.39347603917121887,0.38600000739097595,0.05950000137090683
YML112W,YNL138W,0,3.107841,0.3930753469467163,0.38600000739097595,0.05959999933838844
YKR103W,YGL061C,0,3.107764,0.3926754891872406,0.38600000739097595,0.059700001031160355
YOR382W,YKL134C,0,3.1072423,0.39227643609046936,0.38600000739097595,0.05979999899864197
YMR250W,YOL061W,0,3.1061063,0.3918781578540802,0.38600000739097595,0.05990000069141388
YML051W,YGL192W,0,3.1054876,0.3914807438850403,0.38600000739097595,0.05999999865889549
YML118W,YBR228W,0,3.1050525,0.39108410477638245,0.38600000739097595,0.060100000351667404
YKL129C,YDR437W,0,3.1046908,0.3906882703304291,0.38600000739097595,0.06019999831914902
YBL058W,YJL168C,1,3.103907,0.3913043439388275,0.3869999945163727,0.06019999831914902
YPR009W,YIR028W,0,3.103208,0.3909091055393219,0.3869999945163727,0.06030000001192093
YOR324C,YCR097W,0,3.1022053,0.39051464200019836,0.3869999945163727,0.06040000170469284
YIR039C,YKR013W,0,3.101964,0.3901209533214569,0.3869999945163727,0.060499999672174454
YOL044W,YPR164W,0,3.1018975,0.3897280991077423,0.3869999945163727,0.060600001364946365
YDR122W,YDR500C,0,3.10133,0.3893360197544098,0.3869999945163727,0.06069999933242798
YPL011C,YDR084C,0,3.1008534,0.38894471526145935,0.3869999945163727,0.06080000102519989
YDR513W,YKR092C,0,3.1005492,0.3885542154312134,0.3869999945163727,0.0608999989926815
YKL201C,YKR098C,0,3.0982308,0.3881644904613495,0.3869999945163727,0.061000000685453415
YHR104W,YGL169W,0,3.096727,0.3877755403518677,0.3869999945163727,0.06109999865293503
YML006C,YNR056C,0,3.096346,0.38738739490509033,0.3869999945163727,0.06120000034570694
YLR308W,YNL102W,1,3.0954287,0.3880000114440918,0.3880000114440918,0.06120000034570694
YDR423C,YNL224C,0,3.0946937,0.38761240243911743,0.3880000114440918,0.06129999831318855
YFL010W-A,YNL246W,0,3.0946126,0.38722553849220276,0.3880000114440918,0.061400000005960464
YER162C,YPR018W,0,3.094428,0.38683947920799255,0.3880000114440918,0.061500001698732376
YBL002W,YDR043C,0,3.0933914,0.38645419478416443,0.3880000114440918,0.06159999966621399
YNL075W,YJL066C,0,3.091873,0.386069655418396,0.3880000114440918,0.0617000013589859
YPL055C,YLR054C,1,3.091275,0.38667991757392883,0.3889999985694885,0.0617000013589859
YMR167W,YGR109C,1,3.0911026,0.38728898763656616,0.38999998569488525,0.0617000013589859
YOL055C,YDL074C,0,3.087862,0.386904776096344,0.38999998569488525,0.061799999326467514
YPL223C,YML100W,0,3.087429,0.3865213096141815,0.38999998569488525,0.061900001019239426
YOR032C,YDR255C,0,3.0873492,0.3861386179924011,0.38999998569488525,0.06199999898672104
YNL247W,YJL141C,0,3.0872202,0.3857566714286804,0.38999998569488525,0.06210000067949295
YHR139C,YOL090W,1,3.08705,0.3863636255264282,0.39100000262260437,0.06210000067949295
YLR028C,YDR392W,1,3.0862494,0.3869693875312805,0.3919999897480011,0.06210000067949295
YGL067W,YJL058C,0,3.085193,0.3865877687931061,0.3919999897480011,0.062199998646974564
YPR144C,YIR019C,0,3.0848446,0.38620689511299133,0.3919999897480011,0.062300000339746475
YDL091C,YGR112W,0,3.0831513,0.3858267664909363,0.3919999897480011,0.06239999830722809
YDR004W,YDR512C,1,3.0830162,0.38643068075180054,0.3930000066757202,0.06239999830722809
YLR024C,YJL180C,0,3.0817876,0.38605108857154846,0.3930000066757202,0.0625
YLR182W,YNL009W,0,3.0794308,0.3856722414493561,0.3930000066757202,0.06260000169277191
YFL055W,YGR247W,0,3.0789275,0.385294109582901,0.3930000066757202,0.06270000338554382
YPR030W,YDR172W,0,3.0784535,0.384916752576828,0.3930000066757202,0.06279999762773514
YER118C,YKR020W,0,3.0781286,0.3845401108264923,0.3930000066757202,0.06289999932050705
YPR007C,YJR055W,0,3.078094,0.3841642141342163,0.3930000066757202,0.06300000101327896
YMR232W,YCR065W,0,3.0774975,0.3837890625,0.3930000066757202,0.06310000270605087
YIL007C,YKR088C,0,3.077149,0.383414626121521,0.3930000066757202,0.06319999694824219
YKL067W,YML058W-A,0,3.0769074,0.3830409348011017,0.3930000066757202,0.0632999986410141
YEL041W,YPR167C,0,3.0744016,0.3826679587364197,0.3930000066757202,0.06340000033378601
YGL028C,YBR145W,0,3.0731187,0.38229572772979736,0.3930000066757202,0.06350000202655792
YJL066C,YOL012C,0,3.0730805,0.38192421197891235,0.3930000066757202,0.06360000371932983
YNL312W,YDL154W,1,3.0706086,0.3825242817401886,0.39399999380111694,0.06360000371932983
YCL033C,YNL180C,0,3.0701532,0.3821532428264618,0.39399999380111694,0.06369999796152115
YLR239C,YLR103C,0,3.069596,0.3817829489707947,0.39399999380111694,0.06379999965429306
YJL092W,YMR077C,0,3.06878,0.38141337037086487,0.39399999380111694,0.06390000134706497
YER185W,YNL111C,0,3.068757,0.38104447722435,0.39399999380111694,0.06400000303983688
YDR409W,YFR027W,0,3.0687065,0.3806763291358948,0.39399999380111694,0.0640999972820282
YDR085C,YGR046W,0,3.0678434,0.3803088665008545,0.39399999380111694,0.06419999897480011
YFR019W,YDR314C,0,3.0667331,0.3799421489238739,0.39399999380111694,0.06430000066757202
YNL263C,YMR101C,0,3.0661736,0.3795761168003082,0.39399999380111694,0.06440000236034393
YOR011W,YOR180C,0,3.0660896,0.37921077013015747,0.39399999380111694,0.06449999660253525
YOR298W,YER044C-A,1,3.0660253,0.3798076808452606,0.39500001072883606,0.06449999660253525
YDR538W,YJR086W,0,3.0651968,0.37944284081459045,0.39500001072883606,0.06459999829530716
YDR059C,YJL074C,1,3.0647478,0.38003838062286377,0.3959999978542328,0.06459999829530716
YDR339C,YCL039W,0,3.064128,0.3796740174293518,0.3959999978542328,0.06469999998807907
YER179W,YNL084C,1,3.0640502,0.3802681863307953,0.3970000147819519,0.06469999998807907
YGR240C,YLR025W,0,3.0630028,0.37990429997444153,0.3970000147819519,0.06480000168085098
YPR182W,YIL119C,0,3.062888,0.3795410990715027,0.3970000147819519,0.0649000033736229
YBR070C,YLR178C,0,3.0623024,0.37917861342430115,0.3970000147819519,0.06499999761581421
YPR188C,YNL160W,0,3.0611813,0.37881678342819214,0.3970000147819519,0.06509999930858612
YDR195W,YML100W,0,3.0610542,0.37845566868782043,0.3970000147819519,0.06520000100135803
YNL160W,YBL018C,0,3.0602589,0.37809523940086365,0.3970000147819519,0.06530000269412994
YNL072W,YGR246C,0,3.0579755,0.3777354955673218,0.3970000147819519,0.06539999693632126
YDR147W,YNL026W,0,3.0577502,0.3773764371871948,0.3970000147819519,0.06549999862909317
YKL103C,YDR195W,0,3.05578,0.3770180344581604,0.3970000147819519,0.06560000032186508
YEL020W-A,YLR251W,0,3.0549965,0.3766603469848633,0.3970000147819519,0.065700002014637
YPR200C,YMR065W,0,3.0549073,0.3763033151626587,0.3970000147819519,0.0658000037074089
YBR274W,YGL016W,0,3.0548973,0.375946968793869,0.3970000147819519,0.06589999794960022
YDR369C,YDR439W,1,3.0545254,0.37653738260269165,0.39800000190734863,0.06589999794960022
YOR038C,YJL047C,0,3.0544915,0.3761814832687378,0.39800000190734863,0.06599999964237213
YGR109C,YNR049C,1,3.0541608,0.3767705261707306,0.39899998903274536,0.06599999964237213
YDR204W,YGL216W,0,3.0535781,0.37641510367393494,0.39899998903274536,0.06610000133514404
YCR102C,YGR174C,0,3.0521564,0.3760603070259094,0.39899998903274536,0.06620000302791595
YMR135C,YPL040C,0,3.0518198,0.3757062256336212,0.39899998903274536,0.06629999727010727
YIL121W,YER031C,0,3.051794,0.37535277009010315,0.39899998903274536,0.06639999896287918
YDR260C,YNL250W,1,3.0512261,0.37593984603881836,0.4000000059604645,0.06639999896287918
YNL097C,YOR330C,0,3.050913,0.3755868673324585,0.4000000059604645,0.06650000065565109
YDL232W,YMR101C,0,3.0498686,0.3752345144748688,0.4000000059604645,0.066600002348423
YJL203W,YPR046W,0,3.048972,0.37488284707069397,0.4000000059604645,0.06669999659061432
YGL063W,YGL125W,0,3.0488656,0.3745318353176117,0.4000000059604645,0.06679999828338623
YPL055C,YDL239C,1,3.0474236,0.3751169443130493,0.4009999930858612,0.06679999828338623
YHR012W,YFL013C,0,3.0471215,0.37476634979248047,0.4009999930858612,0.06689999997615814
YBR258C,YML097C,0,3.0463257,0.37441644072532654,0.4009999930858612,0.06700000166893005
YMR286W,YLR256W,0,3.0459135,0.37406715750694275,0.4009999930858612,0.06710000336170197
YNL216W,YGR163W,0,3.0421257,0.3737185597419739,0.4009999930858612,0.06719999760389328
YDR516C,YGR225W,1,3.0416408,0.3743016719818115,0.4020000100135803,0.06719999760389328
YBL052C,YCL026C-B,0,3.0413446,0.3739534914493561,0.4020000100135803,0.06729999929666519
YJL057C,YNL328C,0,3.040875,0.3736059367656708,0.4020000100135803,0.0674000009894371
YGR059W,YOR368W,1,3.040687,0.37418755888938904,0.40299999713897705,0.0674000009894371
YBR073W,YLR330W,1,3.0399024,0.37476807832717896,0.40400001406669617,0.0674000009894371
YNL173C,YMR268C,0,3.0393834,0.37442076206207275,0.40400001406669617,0.06750000268220901
YIL031W,YOR192C,0,3.0392478,0.3740740716457367,0.40400001406669617,0.06759999692440033
YML011C,YMR025W,0,3.039206,0.37372803688049316,0.40400001406669617,0.06769999861717224
YFR036W,YNL081C,0,3.0379632,0.3733826279640198,0.40400001406669617,0.06780000030994415
YNL327W,YML011C,0,3.0377846,0.37303784489631653,0.40400001406669617,0.06790000200271606
YDL098C,YLR178C,0,3.0372982,0.3726937174797058,0.40400001406669617,0.06800000369548798
YGL226C-A,YJL083W,0,3.0365407,0.37235021591186523,0.40400001406669617,0.06809999793767929
YHR157W,YPL055C,1,3.036138,0.3729281723499298,0.4050000011920929,0.06809999793767929
YJR138W,YLR145W,0,3.03579,0.37258508801460266,0.4050000011920929,0.0681999996304512
YMR179W,YJL002C,0,3.0345378,0.37224265933036804,0.4050000011920929,0.06830000132322311
YJR010W,YNR074C,0,3.0341506,0.3719008266925812,0.4050000011920929,0.06840000301599503
YML011C,YML092C,0,3.0335834,0.37155961990356445,0.4050000011920929,0.06849999725818634
YBR103W,YOR229W,1,3.0321827,0.3721356689929962,0.4059999883174896,0.06849999725818634
YML112W,YJL082W,0,3.032171,0.3717948794364929,0.4059999883174896,0.06859999895095825
YCL026C-A,YER028C,0,3.0318122,0.37145471572875977,0.4059999883174896,0.06870000064373016
YOR038C,YJL159W,0,3.031785,0.37111517786979675,0.4059999883174896,0.06880000233650208
YBR044C,YGR144W,0,3.0315735,0.3707762658596039,0.4059999883174896,0.06889999657869339
YDR273W,YNL312W,1,3.0315256,0.37135037779808044,0.40700000524520874,0.06889999657869339
YMR019W,YKL203C,0,3.0300357,0.3710118532180786,0.40700000524520874,0.0689999982714653
YNL329C,YPL124W,0,3.0296593,0.3706739544868469,0.40700000524520874,0.06909999996423721
YLL021W,YIL097W,0,3.0294354,0.3703366816043854,0.40700000524520874,0.06920000165700912
YPL171C,YGR275W,0,3.0282698,0.3700000047683716,0.40700000524520874,0.06930000334978104
YJL103C,YER041W,0,3.0279822,0.36966395378112793,0.40700000524520874,0.06939999759197235
YGL022W,YLL019C,0,3.0276494,0.36932849884033203,0.40700000524520874,0.06949999928474426
YJL036W,YPL086C,0,3.0266566,0.3689936399459839,0.40700000524520874,0.06960000097751617
YLR330W,YGL158W,1,3.0253248,0.3695652186870575,0.40799999237060547,0.06960000097751617
YDR176W,YLR377C,0,3.0251594,0.3692307770252228,0.40799999237060547,0.06970000267028809
YLL039C,YLR272C,1,3.0248668,0.3698010742664337,0.4090000092983246,0.06970000267028809
YBR253W,YHR077C,0,3.0228586,0.36946702003479004,0.4090000092983246,0.0697999969124794
YBR101C,YNL283C,0,3.022679,0.3691335618495941,0.4090000092983246,0.06989999860525131
YCR034W,YBR054W,0,3.022578,0.36880072951316833,0.4090000092983246,0.07000000029802322
YPL200W,YNL250W,1,3.0219686,0.36936935782432556,0.4099999964237213,0.07000000029802322
YLR047C,YER109C,0,3.0215266,0.3690369129180908,0.4099999964237213,0.07010000199079514
YNL110C,YDR085C,0,3.0215187,0.36870503425598145,0.4099999964237213,0.07020000368356705
YCR011C,YDL133C-A,0,3.0214684,0.3683737516403198,0.4099999964237213,0.07029999792575836
YOR117W,YOR264W,0,3.0199618,0.36804309487342834,0.4099999964237213,0.07039999961853027
YBR186W,YLR272C,1,3.018921,0.36860987544059753,0.41100001335144043,0.07039999961853027
YDL123W,YHR108W,0,3.0189161,0.3682795763015747,0.41100001335144043,0.07050000131130219
YJL203W,YLR136C,0,3.0158632,0.36794987320899963,0.41100001335144043,0.0706000030040741
YGL236C,YOR144C,0,3.0154848,0.3676207661628723,0.41100001335144043,0.07069999724626541
YPR106W,YDR165W,0,3.0153866,0.36729222536087036,0.41100001335144043,0.07079999893903732
YDL106C,YLR228C,0,3.0139358,0.36696428060531616,0.41100001335144043,0.07090000063180923
YGR098C,YKL012W,0,3.013887,0.3666369318962097,0.41100001335144043,0.07100000232458115
YKL018W,YGL212W,0,3.0136666,0.36631014943122864,0.41100001335144043,0.07109999656677246
YMR133W,YGL181W,1,3.012436,0.36687445640563965,0.41200000047683716,0.07109999656677246
YDR369C,YLR263W,1,3.011208,0.3674377202987671,0.4129999876022339,0.07109999656677246
YDR260C,YDR403W,1,3.0106575,0.36800000071525574,0.414000004529953,0.07109999656677246
YER007C-A,YPL230W,0,3.0106556,0.36767318844795227,0.414000004529953,0.07119999825954437
YKL055C,YDR221W,0,3.0098538,0.36734694242477417,0.414000004529953,0.07129999995231628
YBL066C,YNR072W,0,3.008695,0.36702126264572144,0.414000004529953,0.0714000016450882
YER103W,YHR203C,0,3.0083013,0.36669617891311646,0.414000004529953,0.07150000333786011
YDL044C,YBR280C,0,3.0078576,0.36637169122695923,0.414000004529953,0.07159999758005142
YER103W,YDR397C,0,3.0075016,0.366047739982605,0.414000004529953,0.07169999927282333
YEL030W,YNR074C,0,3.0073166,0.3657243847846985,0.414000004529953,0.07180000096559525
YDR138W,YDL223C,0,3.006508,0.36540159583091736,0.414000004529953,0.07190000265836716
YJL026W,YLR141W,0,3.0061052,0.3650793731212616,0.414000004529953,0.07199999690055847
YHR154W,YMR250W,0,3.0029578,0.3647577166557312,0.414000004529953,0.07209999859333038
YLR205C,YGL254W,0,3.002823,0.36443662643432617,0.414000004529953,0.0722000002861023
YAR002C-A,YDR484W,0,3.001795,0.3641161024570465,0.414000004529953,0.0723000019788742
YBR302C,YJL122W,0,3.0002694,0.3637961447238922,0.414000004529953,0.07240000367164612
YGR097W,YDL003W,0,3.000235,0.3634767234325409,0.414000004529953,0.07249999791383743
YMR182C,YLR034C,0,2.999834,0.36315789818763733,0.414000004529953,0.07259999960660934
YPR008W,YKR053C,0,2.9993677,0.36283960938453674,0.414000004529953,0.07270000129938126
YPL232W,YOR351C,1,2.9991357,0.3633975386619568,0.41499999165534973,0.07270000129938126
YIL133C,YLR189C,0,2.9981706,0.36307960748672485,0.41499999165534973,0.07280000299215317
YJR108W,YNL075W,0,2.9947004,0.3627622425556183,0.41499999165534973,0.07289999723434448
YLR205C,YPR061C,0,2.9939208,0.3624454140663147,0.41499999165534973,0.0729999989271164
YBR181C,YKL146W,0,2.99384,0.3621291518211365,0.41499999165534973,0.0731000006198883
YIL015W,YDR256C,0,2.9934328,0.36181342601776123,0.41499999165534973,0.07320000231266022
YIR005W,YPR068C,0,2.9933667,0.36149826645851135,0.41499999165534973,0.07329999655485153
YJR093C,YPR119W,0,2.9920602,0.36118364334106445,0.41499999165534973,0.07339999824762344
YMR261C,YBR257W,0,2.9912972,0.36086955666542053,0.41499999165534973,0.07349999994039536
YCR002C,YLR320W,1,2.9912052,0.36142483353614807,0.41600000858306885,0.07349999994039536
YKL125W,YER060W,0,2.9911041,0.3611111044883728,0.41600000858306885,0.07360000163316727
YHR008C,YLR103C,0,2.988195,0.3607979118824005,0.41600000858306885,0.07370000332593918
YOR317W,YGL162W,0,2.9876668,0.3604852557182312,0.41600000858306885,0.0737999975681305
YDL010W,YKL014C,0,2.9871986,0.36017316579818726,0.41600000858306885,0.0738999992609024
YER100W,YKL092C,0,2.9869325,0.3598615825176239,0.41600000858306885,0.07400000095367432
YMR269W,YNL152W,0,2.9855824,0.3595505654811859,0.41600000858306885,0.07410000264644623
YGL065C,YER143W,0,2.9848924,0.3592400550842285,0.41600000858306885,0.07419999688863754
YHR185C,YDR097C,1,2.984429,0.35979291796684265,0.4169999957084656,0.07419999688863754
YPR164W,YER143W,0,2.9843826,0.3594827651977539,0.4169999957084656,0.07429999858140945
YGR179C,YPL268W,0,2.9843774,0.35917311906814575,0.4169999957084656,0.07440000027418137
YPL249C,YPL042C,0,2.9842474,0.35886403918266296,0.4169999957084656,0.07450000196695328
YNR072W,YKR092C,0,2.983422,0.35855546593666077,0.4169999957084656,0.07460000365972519
YKR086W,YGL224C,0,2.9833798,0.35824742913246155,0.4169999957084656,0.0746999979019165
YJR125C,YEL004W,0,2.9828033,0.3579399287700653,0.4169999957084656,0.07479999959468842
YDR317W,YER101C,0,2.9823759,0.35763293504714966,0.4169999957084656,0.07490000128746033
YIL075C,YGR177C,0,2.9811466,0.357326477766037,0.4169999957084656,0.07500000298023224
YDR005C,YAL011W,0,2.9802027,0.3570205569267273,0.4169999957084656,0.07509999722242355
YDL087C,YLR013W,0,2.9799054,0.3567151427268982,0.4169999957084656,0.07519999891519547
YHR062C,YIL154C,0,2.9795089,0.35641026496887207,0.4169999957084656,0.07530000060796738
YNL278W,YER019C-A,0,2.9791462,0.35610589385032654,0.4169999957084656,0.07540000230073929
YPL055C,YDR446W,1,2.9789994,0.3566552996635437,0.4180000126361847,0.07540000230073929
YMR015C,YIL068C,0,2.9785123,0.35635122656822205,0.4180000126361847,0.0754999965429306
YDR350C,YPL168W,0,2.978333,0.35604768991470337,0.4180000126361847,0.07559999823570251
YPR075C,YBR081C,0,2.9780285,0.35574468970298767,0.4180000126361847,0.07569999992847443
YBR088C,YDR512C,1,2.97262,0.3562925159931183,0.4189999997615814,0.07569999992847443
YLR047C,YBR171W,0,2.9720304,0.35598981380462646,0.4189999997615814,0.07580000162124634
YDR273W,YPL232W,1,2.97198,0.35653650760650635,0.41999998688697815,0.07580000162124634
YGR134W,YOR334W,0,2.971974,0.3562341034412384,0.41999998688697815,0.07590000331401825
YOR025W,YAL030W,0,2.9701486,0.35593220591545105,0.41999998688697815,0.07599999755620956
YLR155C,YKL197C,0,2.9698675,0.3556308150291443,0.41999998688697815,0.07609999924898148
YJL083W,YJR105W,0,2.9698205,0.3553299605846405,0.41999998688697815,0.07620000094175339
YMR180C,YPL189W,0,2.9690177,0.3550295829772949,0.41999998688697815,0.0763000026345253
YOR328W,YPL131W,0,2.968752,0.3547297418117523,0.41999998688697815,0.07639999687671661
YOR025W,YJR153W,0,2.9676757,0.3544303774833679,0.41999998688697815,0.07649999856948853
YOR313C,YBR023C,1,2.9675317,0.3549747169017792,0.42100000381469727,0.07649999856948853
YPL175W,YBL013W,0,2.965064,0.35467565059661865,0.42100000381469727,0.07660000026226044
YGR041W,YDL105W,0,2.964037,0.3543770909309387,0.42100000381469727,0.07670000195503235
YGL144C,YKL134C,0,2.963608,0.35407906770706177,0.42100000381469727,0.07680000364780426
YEL020C,YJR159W,0,2.963099,0.353781521320343,0.42100000381469727,0.07689999788999557
YNL278W,YLR425W,0,2.9602857,0.35348448157310486,0.42100000381469727,0.07699999958276749
YDL239C,YOR368W,1,2.959936,0.3540268540382385,0.421999990940094,0.07699999958276749
YNR002C,YLR136C,0,2.959566,0.35373008251190186,0.421999990940094,0.0771000012755394
YDR155C,YOR073W,1,2.959377,0.3542713522911072,0.4230000078678131,0.0771000012755394
YHR077C,YMR081C,0,2.9589329,0.3539749085903168,0.4230000078678131,0.07720000296831131
YJL074C,YDR076W,1,2.9579978,0.35451504588127136,0.42399999499320984,0.07720000296831131
YJL020C,YFL017W-A,0,2.9577131,0.35421887040138245,0.42399999499320984,0.07729999721050262
YGL184C,YPL008W,0,2.9573216,0.3539232015609741,0.42399999499320984,0.07739999890327454
YGL183C,YHR004C,1,2.956967,0.35446205735206604,0.42500001192092896,0.07739999890327454
YOR338W,YGR108W,1,2.9560647,0.35499998927116394,0.4259999990463257,0.07739999890327454
YML066C,YOR073W,1,2.9524798,0.3555370569229126,0.4269999861717224,0.07739999890327454
YOR361C,YGR287C,0,2.952076,0.3552412688732147,0.4269999861717224,0.07750000059604645
YPR066W,YDR289C,0,2.952055,0.35494595766067505,0.4269999861717224,0.07760000228881836
YBR192W,YHR138C,0,2.9517882,0.35465115308761597,0.4269999861717224,0.07769999653100967
YPR103W,YLR263W,1,2.9511054,0.35518673062324524,0.42800000309944153,0.07769999653100967
YBL098W,YIR028W,0,2.951024,0.35489219427108765,0.42800000309944153,0.07779999822378159
YBR128C,YKL069W,0,2.9496107,0.35459816455841064,0.42800000309944153,0.0778999999165535
YOR298W,YDR451C,1,2.9481325,0.35513246059417725,0.42899999022483826,0.0778999999165535
YBR195C,YGR092W,0,2.947191,0.35483869910240173,0.42899999022483826,0.07800000160932541
YJL087C,YGR258C,0,2.9442544,0.3545454442501068,0.42899999022483826,0.07810000330209732
YBL084C,YNR072W,0,2.9440193,0.3542526960372925,0.42899999022483826,0.07819999754428864
YBL031W,YGL144C,0,2.943457,0.35396039485931396,0.42899999022483826,0.07829999923706055
YDR325W,YGL194C,1,2.9433959,0.35449299216270447,0.4300000071525574,0.07829999923706055
YGL250W,YJR021C,1,2.9433308,0.3550247251987457,0.4309999942779541,0.07829999923706055
YAR008W,YJR102C,0,2.9426346,0.3547325134277344,0.4309999942779541,0.07840000092983246
YOR016C,YNL009W,0,2.9412088,0.3544407784938812,0.4309999942779541,0.07850000262260437
YNL078W,YAL026C,0,2.940941,0.35414955019950867,0.4309999942779541,0.07859999686479568
YNL312W,YJL168C,1,2.9403663,0.35467979311943054,0.4320000112056732,0.07859999686479568
YDR512C,YOR351C,1,2.9400103,0.35520920157432556,0.43299999833106995,0.07859999686479568
YHR120W,YOR141C,0,2.9389305,0.3549180328845978,0.43299999833106995,0.0786999985575676
YDL087C,YNR032C-A,0,2.938533,0.3546273410320282,0.43299999833106995,0.07880000025033951
YPR034W,YDR540C,0,2.9384637,0.3543371558189392,0.43299999833106995,0.07890000194311142
YOR310C,YPR167C,0,2.9381194,0.35404741764068604,0.43299999833106995,0.07900000363588333
YLR376C,YBL013W,0,2.9379199,0.35375815629959106,0.43299999833106995,0.07909999787807465
YOL054W,YBR018C,0,2.9376574,0.3534694015979767,0.43299999833106995,0.07919999957084656
YBR107C,YNL202W,1,2.9373593,0.35399672389030457,0.4339999854564667,0.07919999957084656
YMR162C,YFL053W,0,2.9373217,0.3537082374095917,0.4339999854564667,0.07930000126361847
YNL263C,YLL003W,0,2.9361942,0.3534201979637146,0.4339999854564667,0.07940000295639038
YGL022W,YKR087C,0,2.935999,0.3531326353549957,0.4339999854564667,0.0794999971985817
YOL082W,YNL029C,0,2.9359314,0.35284551978111267,0.4339999854564667,0.07959999889135361
YMR240C,YGL184C,0,2.93447,0.3525588810443878,0.4339999854564667,0.07970000058412552
YGL028C,YJR109C,0,2.9321976,0.35227271914482117,0.4339999854564667,0.07980000227689743
YDR076W,YLR272C,1,2.9316838,0.3527980446815491,0.4350000023841858,0.07980000227689743
YIL008W,YGL192W,0,2.9310799,0.3525121510028839,0.4350000023841858,0.07989999651908875
YKL032C,YMR291W,0,2.930624,0.35222673416137695,0.4350000023841858,0.07999999821186066
YLL061W,YGR166W,0,2.9303484,0.3519417345523834,0.4350000023841858,0.08009999990463257
YGL255W,YLR068W,0,2.9301133,0.3516572415828705,0.4350000023841858,0.08020000159740448
YGL174W,YKL132C,0,2.9300785,0.35137319564819336,0.4350000023841858,0.08030000329017639
YLR042C,YKL087C,0,2.9297729,0.35108959674835205,0.4350000023841858,0.0803999975323677
YPR026W,YAL063C,0,2.9291651,0.35080644488334656,0.4350000023841858,0.08049999922513962
YCR097WB,YFR031C,0,2.9285765,0.35052376985549927,0.4350000023841858,0.08060000091791153
YDR213W,YMR075W,0,2.9283562,0.3502415418624878,0.4350000023841858,0.08070000261068344
YKR044W,YPL104W,0,2.9282541,0.34995976090431213,0.4350000023841858,0.08079999685287476
YBR230C,YGL016W,0,2.9278755,0.3496784567832947,0.4350000023841858,0.08089999854564667
YDR516C,YBR136W,1,2.9269204,0.3502008020877838,0.4359999895095825,0.08089999854564667
YNL020C,YDL245C,0,2.9269109,0.34991973638534546,0.4359999895095825,0.08100000023841858
YNL041C,YPL223C,0,2.9267087,0.3496391475200653,0.4359999895095825,0.08110000193119049
YMR305C,YDR208W,0,2.9258888,0.3493589758872986,0.4359999895095825,0.0812000036239624
YLR394W,YAL009W,1,2.9255679,0.3498798906803131,0.43700000643730164,0.0812000036239624
YOR267C,YOR210W,0,2.9252315,0.3495999872684479,0.43700000643730164,0.08129999786615372
YGL127C,YOR229W,1,2.9238951,0.3501199185848236,0.43799999356269836,0.08129999786615372
YGL064C,YAL017W,0,2.923307,0.3498402535915375,0.43799999356269836,0.08139999955892563
YDL049C,YPL175W,0,2.9211848,0.34956106543540955,0.43799999356269836,0.08150000125169754
YNL082W,YLR213C,1,2.9209423,0.350079745054245,0.4390000104904175,0.08150000125169754
YDR268W,YHR209W,0,2.9209394,0.34980079531669617,0.4390000104904175,0.08160000294446945
YCR105W,YML049C,0,2.9203734,0.34952229261398315,0.4390000104904175,0.08169999718666077
YJR138W,YBL063W,0,2.9199505,0.34924423694610596,0.4390000104904175,0.08179999887943268
YJL210W,YDL220C,0,2.9199033,0.3489666283130646,0.4390000104904175,0.08190000057220459
YIR019C,YDR484W,0,2.9197888,0.3486894369125366,0.4390000104904175,0.0820000022649765
YMR190C,YGR225W,1,2.9191513,0.3492063581943512,0.4399999976158142,0.0820000022649765
YLR258W,YMR269W,0,2.9188,0.34892943501472473,0.4399999976158142,0.08209999650716782
YAR008W,YOL129W,0,2.9187484,0.3486529290676117,0.4399999976158142,0.08219999819993973
YDR462W,YHR111W,0,2.9185634,0.3483768701553345,0.4399999976158142,0.08229999989271164
YDR111C,YBR272C,0,2.9185376,0.34810125827789307,0.4399999976158142,0.08240000158548355
YEL060C,YGL016W,0,2.9184036,0.3478260934352875,0.4399999976158142,0.08250000327825546
YDR317W,YPR152C,0,2.9180515,0.3475513458251953,0.4399999976158142,0.08259999752044678
YFL055W,YBR282W,0,2.9173024,0.34727704524993896,0.4399999976158142,0.08269999921321869
YPR111W,YBL091C-A,0,2.9171686,0.34700316190719604,0.4399999976158142,0.0828000009059906
YHR102W,YNR033W,0,2.9170249,0.34672969579696655,0.4399999976158142,0.08290000259876251
YOR064C,YDR108W,0,2.916358,0.34645670652389526,0.4399999976158142,0.08299999684095383
YPL164C,YDR097C,1,2.9159906,0.34697088599205017,0.4410000145435333,0.08299999684095383
YJR006W,YIL105C,0,2.9158707,0.3466981053352356,0.4410000145435333,0.08309999853372574
YDR516C,YHR152W,1,2.9156818,0.3472113013267517,0.44200000166893005,0.08309999853372574
YIR038C,YOL141W,0,2.9154081,0.3469387888908386,0.44200000166893005,0.08320000022649765
YDR180W,YPL198W,0,2.9153476,0.3466666638851166,0.44200000166893005,0.08330000191926956
YPL276W,YGL196W,0,2.9152904,0.34639498591423035,0.44200000166893005,0.08340000361204147
YOR018W,YDR354W,0,2.9143887,0.34612372517585754,0.44200000166893005,0.08349999785423279
YKR077W,YGL048C,0,2.9136395,0.34585288166999817,0.44200000166893005,0.0835999995470047
YNL305C,YJL111W,0,2.9132085,0.3455824851989746,0.44200000166893005,0.08370000123977661
YDL197C,YNL254C,0,2.910143,0.3453125059604645,0.44200000166893005,0.08380000293254852
YPL270W,YLR337C,0,2.909862,0.3450429439544678,0.44200000166893005,0.08389999717473984
YDR369C,YDR392W,1,2.9072304,0.34555381536483765,0.4429999887943268,0.08389999717473984
YLR284C,YBR216C,0,2.9044619,0.34528449177742004,0.4429999887943268,0.08399999886751175
YIR031C,YMR173W,0,2.9013715,0.34501558542251587,0.4429999887943268,0.08410000056028366
YFR034C,YAL055W,0,2.9002805,0.3447470963001251,0.4429999887943268,0.08420000225305557
YAL059W,YMR110C,0,2.8997507,0.3444789946079254,0.4429999887943268,0.08429999649524689
YHR152W,YGL183C,1,2.8995128,0.3449883460998535,0.4440000057220459,0.08429999649524689
YLR348C,YDR080W,0,2.8968294,0.3447204828262329,0.4440000057220459,0.0843999981880188
YKL048C,YJR052W,0,2.8964744,0.3444530665874481,0.4440000057220459,0.08449999988079071
YMR090W,YFL023W,0,2.8959002,0.34418603777885437,0.4440000057220459,0.08460000157356262
YLR026C,YOR059C,0,2.8958445,0.34391945600509644,0.4440000057220459,0.08470000326633453
YPL176C,YJR105W,0,2.8956769,0.34365326166152954,0.4440000057220459,0.08479999750852585
YBL018C,YIR028W,0,2.8955805,0.3433874845504761,0.4440000057220459,0.08489999920129776
YGL131C,YOR205C,0,2.894298,0.34312209486961365,0.4440000057220459,0.08500000089406967
YJL036W,YJL196C,0,2.8940911,0.34285715222358704,0.4440000057220459,0.08510000258684158
YOR038C,YBR129C,0,2.8939185,0.34259259700775146,0.4440000057220459,0.0851999968290329
YNL262W,YER065C,0,2.8936367,0.3423284590244293,0.4440000057220459,0.08529999852180481
YIR039C,YDL004W,0,2.893539,0.3420647084712982,0.4440000057220459,0.08540000021457672
YOL090W,YDL239C,1,2.892747,0.3425711989402771,0.4449999928474426,0.08540000021457672
YPR200C,YDR460W,0,2.892285,0.3423076868057251,0.4449999928474426,0.08550000190734863
YNL239W,YJL098W,0,2.892108,0.3420445919036865,0.4449999928474426,0.08560000360012054
YGR070W,YPL211W,0,2.8919828,0.341781884431839,0.4449999928474426,0.08569999784231186
YDL170W,YDL117W,0,2.8919501,0.3415195643901825,0.4449999928474426,0.08579999953508377
YHR139C,YOR351C,1,2.8918455,0.3420245349407196,0.44600000977516174,0.08579999953508377
YOR162C,YNL182C,0,2.8916938,0.3417624533176422,0.44600000977516174,0.08590000122785568
YGR229C,YKL168C,0,2.8903296,0.34150075912475586,0.44600000977516174,0.0860000029206276
YNR031C,YMR068W,0,2.890114,0.34123948216438293,0.44600000977516174,0.08609999716281891
YMR323W,YCR046C,0,2.890086,0.34097859263420105,0.44600000977516174,0.08619999885559082
YML133C,YEL011W,0,2.8864384,0.3407180905342102,0.44600000977516174,0.08630000054836273
YPR095C,YPL083C,0,2.885953,0.3404580056667328,0.44600000977516174,0.08640000224113464
YER104W,YKL203C,0,2.8856378,0.3401983082294464,0.44600000977516174,0.08649999648332596
YBL009W,YGR171C,0,2.8854945,0.33993902802467346,0.44600000977516174,0.08659999817609787
YPR026W,YJL118W,0,2.8853629,0.33968013525009155,0.44600000977516174,0.08669999986886978
YHR210C,YNL270C,0,2.884799,0.3394216001033783,0.44600000977516174,0.0868000015616417
YIR025W,YDL239C,1,2.8843925,0.3399239480495453,0.44699999690055847,0.0868000015616417
YHR079C,YDR308C,0,2.8826652,0.33966565132141113,0.44699999690055847,0.0869000032544136
YHR179W,YPL086C,0,2.8824077,0.339407742023468,0.44699999690055847,0.08699999749660492
YDR516C,YGL099W,1,2.8823545,0.3399089574813843,0.4480000138282776,0.08699999749660492
YEL039C,YPR119W,0,2.882163,0.3396512567996979,0.4480000138282776,0.08709999918937683
YDR416W,YML011C,0,2.8819091,0.3393939435482025,0.4480000138282776,0.08720000088214874
YMR093W,YLL057C,0,2.8816652,0.3391370177268982,0.4480000138282776,0.08730000257492065
YOL033W,YOR178C,0,2.881261,0.3388804793357849,0.4480000138282776,0.08739999681711197
YDR030C,YJR049C,0,2.8810344,0.33862432837486267,0.4480000138282776,0.08749999850988388
YGL063W,YML046W,0,2.8810194,0.33836859464645386,0.4480000138282776,0.08760000020265579
YBR065C,YOR162C,0,2.8809798,0.3381132185459137,0.4480000138282776,0.0877000018954277
YBR280C,YDR280W,0,2.8804827,0.3378582298755646,0.4480000138282776,0.08780000358819962
YNL250W,YDR439W,1,2.8799884,0.33835721015930176,0.4490000009536743,0.08780000358819962
YDR195W,YCR011C,0,2.8794007,0.33810240030288696,0.4490000009536743,0.08789999783039093
YNL068C,YJL053W,0,2.8789892,0.3378480076789856,0.4490000009536743,0.08799999952316284
YOR054C,YGL014W,0,2.8783917,0.3375939726829529,0.4490000009536743,0.08810000121593475
YLR165C,YOR285W,0,2.8783607,0.3373403549194336,0.4490000009536743,0.08820000290870667
YCL001W,YGR221C,0,2.878294,0.33708709478378296,0.4490000009536743,0.08829999715089798
YBR181C,YKR019C,0,2.8779216,0.33683422207832336,0.4490000009536743,0.08839999884366989
YKL139W,YER005W,0,2.8775375,0.3365817070007324,0.4490000009536743,0.0885000005364418
YNR032W,YNR003C,0,2.8762212,0.3363295793533325,0.4490000009536743,0.08860000222921371
YGL023C,YPR196W,0,2.874516,0.33607783913612366,0.4490000009536743,0.08869999647140503
YIL132C,YDR325W,1,2.8744836,0.3365744352340698,0.44999998807907104,0.08869999647140503
YHR154W,YJR151C,0,2.874057,0.3363228738307953,0.44999998807907104,0.08879999816417694
YPL058C,YLR380W,0,2.8740525,0.3360716998577118,0.44999998807907104,0.08889999985694885
YHR115C,YOR341W,0,2.8739042,0.33582088351249695,0.44999998807907104,0.08900000154972076
YBR169C,YCR097W,0,2.8732812,0.33557048439979553,0.44999998807907104,0.08910000324249268
YPL246C,YPR024W,0,2.8724418,0.3353204131126404,0.44999998807907104,0.08919999748468399
YKL026C,YML058W,0,2.8716903,0.33507072925567627,0.44999998807907104,0.0892999991774559
YLR028C,YOR177C,1,2.8715117,0.3355654776096344,0.45100000500679016,0.0892999991774559
YOR336W,YLR103C,0,2.8712645,0.3353159725666046,0.45100000500679016,0.08940000087022781
YDR082W,YDR028C,0,2.8711169,0.33506685495376587,0.45100000500679016,0.08950000256299973
YGR133W,YLR206W,0,2.8710985,0.33481812477111816,0.45100000500679016,0.08959999680519104
YML052W,YOL132W,1,2.8700867,0.33531156182289124,0.4519999921321869,0.08959999680519104
YMR323W,YIL168W,0,2.8695767,0.33506301045417786,0.4519999921321869,0.08969999849796295
YAL017W,YDL031W,0,2.8693244,0.33481481671333313,0.4519999921321869,0.08980000019073486
YKL035W,YJR101W,0,2.8683388,0.33456698060035706,0.4519999921321869,0.08990000188350677
YML118W,YFL011W,0,2.8662565,0.334319531917572,0.4519999921321869,0.09000000357627869
YDR144C,YOR311C,0,2.865588,0.33407244086265564,0.4519999921321869,0.09009999781847
YJR133W,YMR106C,0,2.8650544,0.3338257074356079,0.4519999921321869,0.09019999951124191
YDL077C,YLL031C,0,2.8646111,0.33357933163642883,0.4519999921321869,0.09030000120401382
YBR091C,YFR019W,0,2.8643346,0.3333333432674408,0.4519999921321869,0.09040000289678574
YPR002W,YGL113W,0,2.8631701,0.333087682723999,0.4519999921321869,0.09049999713897705
YKR077W,YKL220C,0,2.8624067,0.3328424096107483,0.4519999921321869,0.09059999883174896
YNL278W,YJL154C,0,2.8623402,0.3325974941253662,0.4519999921321869,0.09070000052452087
YDR490C,YBR216C,0,2.8620808,0.3323529362678528,0.4519999921321869,0.09080000221729279
YNL305C,YBR004C,0,2.8608918,0.332108736038208,0.4519999921321869,0.0908999964594841
YBL072C,YPL138C,0,2.8608482,0.3318648934364319,0.4519999921321869,0.09099999815225601
YIR038C,YNR003C,0,2.8599112,0.3316214084625244,0.4519999921321869,0.09109999984502792
YMR160W,YGL112C,0,2.8599064,0.331378310918808,0.4519999921321869,0.09120000153779984
YLR319C,YDR363W,0,2.8597333,0.3311355412006378,0.4519999921321869,0.09130000323057175
YOR368W,YJL173C,1,2.8594508,0.33162519335746765,0.453000009059906,0.09130000323057175
YDL207W,YNR017W,0,2.85756,0.3313826024532318,0.453000009059906,0.09139999747276306
YDR353W,YMR136W,0,2.8570738,0.33114033937454224,0.453000009059906,0.09149999916553497
YFR034C,YDR416W,0,2.8569667,0.3308984637260437,0.453000009059906,0.09160000085830688
YOR086C,YJL030W,0,2.856764,0.3306569457054138,0.453000009059906,0.0917000025510788
YOR189W,YPL134C,0,2.85636,0.3304157555103302,0.453000009059906,0.09179999679327011
YBR295W,YNR033W,0,2.8559237,0.33017492294311523,0.453000009059906,0.09189999848604202
YLR292C,YOR065W,0,2.8548782,0.3299344480037689,0.453000009059906,0.09200000017881393
YPR128C,YLR247C,0,2.8540463,0.32969433069229126,0.453000009059906,0.09210000187158585
YKR095W,YJR112W,0,2.8537233,0.32945454120635986,0.453000009059906,0.09220000356435776
YDL064W,YEL056W,0,2.8533533,0.3292151093482971,0.453000009059906,0.09229999780654907
YOR159C,YOL069W,0,2.853047,0.328976035118103,0.453000009059906,0.09239999949932098
YLR182W,YEL032W,0,2.8521261,0.3287372887134552,0.453000009059906,0.0925000011920929
YDR085C,YJL117W,0,2.8497114,0.328498899936676,0.453000009059906,0.09260000288486481
YNL261W,YDL105W,0,2.8486474,0.3282608687877655,0.453000009059906,0.09269999712705612
YER168C,YCR091W,0,2.8471458,0.32802316546440125,0.453000009059906,0.09279999881982803
YLL031C,YOR049C,0,2.8465838,0.32778581976890564,0.453000009059906,0.09290000051259995
YML064C,YLR102C,0,2.8463042,0.3275488018989563,0.453000009059906,0.09300000220537186
YNL002C,YCL039W,0,2.844039,0.3273121416568756,0.453000009059906,0.09309999644756317
YLR042C,YHR035W,0,2.8436193,0.3270758092403412,0.453000009059906,0.09319999814033508
YMR020W,YDR150W,0,2.8424802,0.3268398344516754,0.453000009059906,0.093299999833107
YER015W,YKR075C,0,2.841718,0.3266041874885559,0.453000009059906,0.0934000015258789
YHR178W,YGL061C,0,2.8414872,0.32636886835098267,0.453000009059906,0.09350000321865082
YLR187W,YLR070C,0,2.8412616,0.3261339068412781,0.453000009059906,0.09359999746084213
YNL025C,YDR227W,0,2.841086,0.32589927315711975,0.453000009059906,0.09369999915361404
YPL208W,YJL099W,0,2.8401551,0.3256649971008301,0.453000009059906,0.09380000084638596
YCR033W,YDR004W,1,2.8400474,0.32614943385124207,0.45399999618530273,0.09380000084638596
YBR020W,YBR132C,0,2.839871,0.32591527700424194,0.45399999618530273,0.09390000253915787
YHL013C,YLL052C,0,2.839259,0.3256814777851105,0.45399999618530273,0.09399999678134918
YGL038C,YDL024C,0,2.8381069,0.32544803619384766,0.45399999618530273,0.0940999984741211
YJR159W,YER060W,0,2.8378723,0.3252148926258087,0.45399999618530273,0.094200000166893
YLR386W,YDL223C,0,2.8378065,0.3249821066856384,0.45399999618530273,0.09430000185966492
YPL248C,YPR152C,0,2.8377314,0.3247496485710144,0.45399999618530273,0.09440000355243683
YDL123W,YIL147C,0,2.837321,0.32451751828193665,0.45399999618530273,0.09449999779462814
YER023W,YJL079C,0,2.8365781,0.32428571581840515,0.45399999618530273,0.09459999948740005
YKL018W,YJL036W,0,2.8364425,0.3240542411804199,0.45399999618530273,0.09470000118017197
YFL003C,YOR368W,1,2.835177,0.32453638315200806,0.45500001311302185,0.09470000118017197
YOL119C,YOR191W,0,2.8350935,0.32430505752563477,0.45500001311302185,0.09480000287294388
YFL003C,YNL102W,1,2.8344924,0.32478633522987366,0.4560000002384186,0.09480000287294388
YBR095C,YCR017C,0,2.8336396,0.3245551586151123,0.4560000002384186,0.09489999711513519
YLR305C,YIR033W,0,2.8329577,0.3243243098258972,0.4560000002384186,0.0949999988079071
YMR059W,YHR194W,0,2.8322318,0.3240938186645508,0.4560000002384186,0.09510000050067902
YKR077W,YFR030W,0,2.8321865,0.3238636255264282,0.4560000002384186,0.09520000219345093
YDR419W,YPL124W,0,2.8308773,0.3236337900161743,0.4560000002384186,0.09529999643564224
YNL160W,YOR274W,0,2.83013,0.3234042525291443,0.4560000002384186,0.09539999812841415
YMR263W,YCR069W,0,2.8296392,0.3231750428676605,0.4560000002384186,0.09549999982118607
YJL162C,YAL016W,0,2.829517,0.322946161031723,0.4560000002384186,0.09560000151395798
YOR312C,YLR089C,0,2.8285167,0.3227176368236542,0.4560000002384186,0.09570000320672989
YER075C,YPL124W,0,2.8277884,0.3224893808364868,0.4560000002384186,0.0957999974489212
YPR160W,YOL089C,0,2.827752,0.3222614824771881,0.4560000002384186,0.09589999914169312
YGL171W,YKL188C,0,2.8277395,0.32203391194343567,0.4560000002384186,0.09600000083446503
YKR002W,YDR449C,0,2.8273852,0.3218066394329071,0.4560000002384186,0.09610000252723694
YDR045C,YGR239C,0,2.826988,0.3215796947479248,0.4560000002384186,0.09619999676942825
YKL126W,YHL013C,0,2.8255007,0.32135307788848877,0.4560000002384186,0.09629999846220016
YMR116C,YDL025C,0,2.8248875,0.3211267590522766,0.4560000002384186,0.09640000015497208
YGR179C,YOR340C,0,2.8247218,0.3209007680416107,0.4560000002384186,0.09650000184774399
YBR091C,YLR313C,0,2.8235343,0.3206751048564911,0.4560000002384186,0.0966000035405159
YPR200C,YBL085W,0,2.8229373,0.32044973969459534,0.4560000002384186,0.09669999778270721
YNL300W,YGL240W,0,2.8221,0.32022473216056824,0.4560000002384186,0.09679999947547913
YPR105C,YOL038W,0,2.8211608,0.3199999928474426,0.4560000002384186,0.09690000116825104
YLR029C,YOR059C,0,2.8199322,0.3197755813598633,0.4560000002384186,0.09700000286102295
YNL304W,YCR038C,0,2.8151226,0.3195514976978302,0.4560000002384186,0.09709999710321426
YKL166C,YNL156C,0,2.8131032,0.3193277418613434,0.4560000002384186,0.09719999879598618
YNR059W,YML100W,0,2.811774,0.31910425424575806,0.4560000002384186,0.09730000048875809
YGL174W,YCL032W,0,2.8117478,0.3188811242580414,0.4560000002384186,0.09740000218153
YPL183C,YJL083W,0,2.810811,0.3186582922935486,0.4560000002384186,0.09749999642372131
YOL020W,YBR101C,0,2.8104775,0.31843575835227966,0.4560000002384186,0.09759999811649323
YDR262W,YDR314C,0,2.8087451,0.318213552236557,0.4560000002384186,0.09769999980926514
YJL187C,YOR368W,1,2.807997,0.3186889886856079,0.4569999873638153,0.09769999980926514
YLR178C,YNL156C,0,2.8071222,0.3184669017791748,0.4569999873638153,0.09780000150203705
YDR082W,YDR184C,0,2.807118,0.3182451128959656,0.4569999873638153,0.09790000319480896
YNL041C,YKR086W,0,2.8070905,0.3180236518383026,0.4569999873638153,0.09799999743700027
YBR084C-A,YPR007C,0,2.8070593,0.3178024888038635,0.4569999873638153,0.09809999912977219
YKR027W,YNL223W,0,2.8058915,0.3175816535949707,0.4569999873638153,0.0982000008225441
YLR024C,YMR005W,0,2.8051863,0.31736111640930176,0.4569999873638153,0.09830000251531601
YKL127W,YPR067W,0,2.8050594,0.3171408772468567,0.4569999873638153,0.09839999675750732
YPL147W,YOL158C,0,2.8045943,0.3169209361076355,0.4569999873638153,0.09849999845027924
YOR341W,YPL003W,0,2.804212,0.31670132279396057,0.4569999873638153,0.09860000014305115
YCR055C,YIL114C,0,2.8039541,0.3164820075035095,0.4569999873638153,0.09870000183582306
YLR315W,YBR172C,0,2.8032575,0.31626299023628235,0.4569999873638153,0.09880000352859497
YNL051W,YGR183C,0,2.802308,0.31604427099227905,0.4569999873638153,0.09889999777078629
YGR089W,YGL004C,0,2.8017633,0.31582584977149963,0.4569999873638153,0.0989999994635582
YCL010C,YHR148W,0,2.8013797,0.3156077265739441,0.4569999873638153,0.09910000115633011
YOL055C,YMR182C,0,2.800263,0.3153899312019348,0.4569999873638153,0.09920000284910202
YGR140W,YNL059C,0,2.7989466,0.315172404050827,0.4569999873638153,0.09929999709129333
YHR030C,YKR006C,0,2.7987304,0.3149552047252655,0.4569999873638153,0.09939999878406525
YGL087C,YCR057C,0,2.7987125,0.31473830342292786,0.4569999873638153,0.09950000047683716
YMR009W,YDL024C,0,2.7984786,0.3145216703414917,0.4569999873638153,0.09960000216960907
YMR278W,YMR078C,0,2.7984366,0.3143053650856018,0.4569999873638153,0.09969999641180038
YNL160W,YMR078C,0,2.7974644,0.3140893578529358,0.4569999873638153,0.0997999981045723
YDR020C,YLR297W,0,2.796611,0.31387361884117126,0.4569999873638153,0.09989999979734421
YLR151C,YML111W,0,2.7965527,0.313658207654953,0.4569999873638153,0.10000000149011612
YJL176C,YCL040W,0,2.7958734,0.31344306468963623,0.4569999873638153,0.10010000318288803
YBR006W,YOR106W,0,2.7946987,0.3132282495498657,0.4569999873638153,0.10019999742507935
YFR027W,YPR171W,0,2.7937193,0.3130137026309967,0.4569999873638153,0.10029999911785126
YGR288W,YGL174W,0,2.7932696,0.31279945373535156,0.4569999873638153,0.10040000081062317
YDR516C,YJL187C,1,2.7930217,0.3132694959640503,0.4580000042915344,0.10040000081062317
YDR150W,YKR103W,0,2.7924023,0.3130553662776947,0.4580000042915344,0.10050000250339508
YOR122C,YNL328C,0,2.7923512,0.312841534614563,0.4580000042915344,0.1005999967455864
YJR064W,YIL121W,0,2.7907355,0.31262800097465515,0.4580000042915344,0.1006999984383583
YKR089C,YDR110W,0,2.7906623,0.3124147355556488,0.4580000042915344,0.10080000013113022
YAL014C,YKL203C,0,2.790647,0.31220176815986633,0.4580000042915344,0.10090000182390213
YGL127C,YDR097C,1,2.789575,0.3126702904701233,0.45899999141693115,0.10090000182390213
YLR263W,YOR190W,1,2.78927,0.3131381869316101,0.46000000834465027,0.10090000182390213
YHL028W,YIL170W,0,2.7889884,0.31292515993118286,0.46000000834465027,0.10100000351667404
YNL072W,YDR244W,0,2.7887473,0.3127124309539795,0.46000000834465027,0.10109999775886536
YHL013C,YER008C,0,2.7885933,0.3125,0.46000000834465027,0.10119999945163727
YPL189W,YGL001C,0,2.7883925,0.312287837266922,0.46000000834465027,0.10130000114440918
YJR021C,YLR054C,1,2.7871313,0.31275442242622375,0.460999995470047,0.10130000114440918
YER046W,YOR073W,1,2.7869406,0.313220351934433,0.4620000123977661,0.10130000114440918
YMR053C,YNL163C,0,2.7862072,0.3130081295967102,0.4620000123977661,0.10140000283718109
YMR167W,YBR088C,1,2.785864,0.31347325444221497,0.46299999952316284,0.10140000283718109
YER019C-A,YNL172W,0,2.7855058,0.31326115131378174,0.46299999952316284,0.1014999970793724
YBR182C,YOR162C,0,2.784603,0.3130493462085724,0.46299999952316284,0.10159999877214432
YJR096W,YMR123W,0,2.7835054,0.3128378391265869,0.46299999952316284,0.10170000046491623
YLR004C,YDR105C,0,2.7827253,0.31262660026550293,0.46299999952316284,0.10180000215768814
YGL170C,YHR119W,1,2.781678,0.31309041380882263,0.46399998664855957,0.10180000215768814
YPR065W,YDR304C,0,2.781369,0.3128792941570282,0.46399998664855957,0.10189999639987946
YER001W,YKR067W,0,2.7805471,0.31266847252845764,0.46399998664855957,0.10199999809265137
YHR106W,YGL257C,0,2.7798293,0.3124579191207886,0.46399998664855957,0.10209999978542328
YDR285W,YGR032W,1,2.7791018,0.31292060017585754,0.4650000035762787,0.10209999978542328
YDR262W,YLR131C,0,2.7789762,0.312710165977478,0.4650000035762787,0.10220000147819519
YCR088W,YER038C,0,2.7784445,0.3125,0.4650000035762787,0.1023000031709671
YLR256W,YGR084C,0,2.7780225,0.31229013204574585,0.4650000035762787,0.10239999741315842
YDR498C,YDL243C,0,2.7777648,0.3120805323123932,0.4650000035762787,0.10249999910593033
YDR146C,YER052C,0,2.7767642,0.3118712306022644,0.4650000035762787,0.10260000079870224
YPR095C,YOR341W,0,2.7764704,0.3116621971130371,0.4650000035762787,0.10270000249147415
YOL113W,YER162C,0,2.7756019,0.3114534616470337,0.4650000035762787,0.10279999673366547
YGR070W,YOR094W,0,2.7748528,0.31124499440193176,0.4650000035762787,0.10289999842643738
YBR091C,YJR093C,0,2.7727368,0.3110367953777313,0.4650000035762787,0.10300000011920929
YAR002C-A,YDR057W,0,2.7723305,0.3108288645744324,0.4650000035762787,0.1031000018119812
YOR272W,YJL194W,0,2.7718844,0.3106212317943573,0.4650000035762787,0.10320000350475311
YFR019W,YDL245C,0,2.7715368,0.3104138970375061,0.4650000035762787,0.10329999774694443
YDL178W,YMR164C,0,2.7712126,0.310206800699234,0.4650000035762787,0.10339999943971634
YOR198C,YIL107C,0,2.7709231,0.3100000023841858,0.4650000035762787,0.10350000113248825
YNR039C,YMR172W,0,2.7699957,0.30979347229003906,0.4650000035762787,0.10360000282526016
YBR152W,YNL103W,0,2.7697206,0.3095872104167938,0.4650000035762787,0.10369999706745148
YMR243C,YNL036W,0,2.7683039,0.30938124656677246,0.4650000035762787,0.10379999876022339
YBR139W,YPR182W,0,2.768271,0.3091755211353302,0.4650000035762787,0.1039000004529953
YEL043W,YKL022C,0,2.7680564,0.3089700937271118,0.4650000035762787,0.10400000214576721
YKR054C,YKL127W,0,2.7676935,0.3087649345397949,0.4650000035762787,0.10409999638795853
YJR050W,YOL028C,0,2.7671685,0.3085600435733795,0.4650000035762787,0.10419999808073044
YMR019W,YOR383C,0,2.7665434,0.308355450630188,0.4650000035762787,0.10429999977350235
YOR317W,YGR030C,0,2.7664213,0.30815109610557556,0.4650000035762787,0.10440000146627426
YOL146W,YEL012W,0,2.7659001,0.3079470098018646,0.4650000035762787,0.10450000315904617
YLR307W,YMR079W,1,2.7652886,0.3084050416946411,0.4659999907016754,0.10450000315904617
YCR093W,YMR021C,0,2.7651877,0.30820104479789734,0.4659999907016754,0.10459999740123749
YPR196W,YLR337C,0,2.765101,0.30799734592437744,0.4659999907016754,0.1046999990940094
YDL104C,YGR036C,0,2.7646136,0.30779391527175903,0.4659999907016754,0.10480000078678131
YDL179W,YKL035W,0,2.7644176,0.3075907528400421,0.4659999907016754,0.10490000247955322
YNL264C,YGR289C,0,2.7641718,0.3073878586292267,0.4659999907016754,0.10499999672174454
YLL003W,YPL173W,0,2.7639332,0.30718523263931274,0.4659999907016754,0.10509999841451645
YEL070W,YCL039W,0,2.7630255,0.3069828748703003,0.4659999907016754,0.10520000010728836
YBR098W,YDR273W,1,2.7629204,0.3074391186237335,0.46700000762939453,0.10520000010728836
YLL017W,YFL018C,0,2.7627032,0.30723685026168823,0.46700000762939453,0.10530000180006027
YDR462W,YPL130W,0,2.762409,0.30703485012054443,0.46700000762939453,0.10540000349283218
YPL253C,YPR185W,0,2.7608356,0.3068331182003021,0.46700000762939453,0.1054999977350235
YKL185W,YHR037W,0,2.7601838,0.3066316545009613,0.46700000762939453,0.10559999942779541
YPR143W,YDR100W,0,2.7593353,0.306430459022522,0.46700000762939453,0.10570000112056732
YGL051W,YNL252C,0,2.7586842,0.30622950196266174,0.46700000762939453,0.10580000281333923
YJL116C,YGR193C,0,2.758574,0.3060288429260254,0.46700000762939453,0.10589999705553055
YBR132C,YMR295C,0,2.7581725,0.30582842230796814,0.46700000762939453,0.10599999874830246
YNL173C,YLR166C,0,2.7576592,0.3056282699108124,0.46700000762939453,0.10610000044107437
YER038C,YMR237W,0,2.7570834,0.3054283857345581,0.46700000762939453,0.10620000213384628
YIL036W,YOR334W,0,2.7528098,0.3052287697792053,0.46700000762939453,0.1062999963760376
YPL079W,YKL211C,0,2.7525177,0.30502939224243164,0.46700000762939453,0.10639999806880951
YDR494W,YNL072W,0,2.7524695,0.30483028292655945,0.46700000762939453,0.10649999976158142
YDL179W,YMR220W,0,2.7521079,0.30463144183158875,0.46700000762939453,0.10660000145435333
YJL035C,YDR216W,0,2.7519896,0.30443286895751953,0.46700000762939453,0.10670000314712524
YNR053C,YMR322C,0,2.7505925,0.3042345345020294,0.46700000762939453,0.10679999738931656
YPL007C,YNL056W,0,2.7503748,0.3040364682674408,0.46700000762939453,0.10689999908208847
YBR098W,YIL017C,1,2.7498589,0.30448925495147705,0.46799999475479126,0.10689999908208847
YOL070C,YCL033C,0,2.7497973,0.3042912781238556,0.46799999475479126,0.10700000077486038
YMR176W,YPR162C,0,2.7495239,0.3040935695171356,0.46799999475479126,0.1071000024676323
YGR065C,YHR001W-A,0,2.7494924,0.30389609932899475,0.46799999475479126,0.10719999670982361
YCL026C-A,YLL055W,0,2.7493043,0.30369889736175537,0.46799999475479126,0.10729999840259552
YER002W,YHR138C,0,2.749196,0.3035019338130951,0.46799999475479126,0.10740000009536743
YJL089W,YIL010W,0,2.749187,0.3033052384853363,0.46799999475479126,0.10750000178813934
YJR101W,YMR321C,0,2.7485635,0.303108811378479,0.46799999475479126,0.10760000348091125
YPL249C,YEL026W,0,2.7482536,0.3029126226902008,0.46799999475479126,0.10769999772310257
YJR052W,YMR125W,0,2.7480857,0.3027167022228241,0.46799999475479126,0.10779999941587448
YOL094C,YMR040W,0,2.747984,0.3025210201740265,0.46799999475479126,0.10790000110864639
YDR201W,YKL129C,0,2.7464998,0.302325576543808,0.46799999475479126,0.1080000028014183
YML080W,YDR423C,0,2.7464066,0.30213040113449097,0.46799999475479126,0.10809999704360962
YPL029W,YJL141C,0,2.7461581,0.30193549394607544,0.46799999475479126,0.10819999873638153
YDR485C,YER060W,0,2.7454128,0.301740825176239,0.46799999475479126,0.10830000042915344
YMR053C,YPL097W,0,2.7444894,0.3015463948249817,0.46799999475479126,0.10840000212192535
YGL144C,YDR540C,0,2.74341,0.30135223269462585,0.46799999475479126,0.10849999636411667
YJL127C,YPR151C,0,2.7433069,0.3011583089828491,0.46799999475479126,0.10859999805688858
YGL179C,YDL213C,0,2.7430692,0.3009646236896515,0.46799999475479126,0.10869999974966049
YLL005C,YOR351C,1,2.7430387,0.301413893699646,0.4690000116825104,0.10869999974966049
YDR204W,YJL145W,0,2.7427788,0.3012202978134155,0.4690000116825104,0.1088000014424324
YKR065C,YDR314C,0,2.7426085,0.30102697014808655,0.4690000116825104,0.10890000313520432
YKL146W,YNL152W,0,2.7424474,0.30083388090133667,0.4690000116825104,0.10899999737739563
YCR048W,YGR145W,0,2.7423809,0.3006410300731659,0.4690000116825104,0.10909999907016754
YIL017C,YLR272C,1,2.7404041,0.3010890483856201,0.4699999988079071,0.10909999907016754
YHR157W,YJL001W,1,2.7402384,0.301536500453949,0.47099998593330383,0.10909999907016754
YJR054W,YBR230C,0,2.740117,0.30134356021881104,0.47099998593330383,0.10920000076293945
YML131W,YDR263C,0,2.7371564,0.3011508882045746,0.47099998593330383,0.10930000245571136
YJL010C,YKL188C,0,2.7366464,0.30095845460891724,0.47099998593330383,0.10939999669790268
YML118W,YGL038C,0,2.7365725,0.3007662892341614,0.47099998593330383,0.10949999839067459
YOR321W,YCR034W,0,2.7354267,0.30057433247566223,0.47099998593330383,0.1096000000834465
YDR470C,YLR116W,0,2.7352297,0.3003826439380646,0.47099998593330383,0.10970000177621841
YMR030W,YKL043W,0,2.733628,0.300191193819046,0.47099998593330383,0.10980000346899033
YCR038C,YAR031W,0,2.7332058,0.30000001192092896,0.47099998593330383,0.10989999771118164
YML041C,YBR102C,0,2.73131,0.2998090386390686,0.47099998593330383,0.10999999940395355
YMR106C,YER011W,0,2.731245,0.29961833357810974,0.47099998593330383,0.11010000109672546
YER042W,YDL113C,0,2.7310424,0.2994278371334076,0.47099998593330383,0.11020000278949738
YBR200W,YHR061C,0,2.730826,0.29923760890960693,0.47099998593330383,0.11029999703168869
YBL051C,YJL013C,0,2.7306516,0.2990476191043854,0.47099998593330383,0.1103999987244606
YIL007C,YLR359W,0,2.7302246,0.2988578677177429,0.47099998593330383,0.11050000041723251
YML109W,YDR311W,0,2.729936,0.29866835474967957,0.47099998593330383,0.11060000211000443
YIL043C,YKL090W,0,2.7296286,0.2984790802001953,0.47099998593330383,0.11069999635219574
YJL010C,YMR041C,0,2.729042,0.29829004406929016,0.47099998593330383,0.11079999804496765
YLL027W,YHR123W,0,2.7286577,0.2981012761592865,0.47099998593330383,0.11089999973773956
YIR019C,YOR136W,0,2.7285056,0.29791271686553955,0.47099998593330383,0.11100000143051147
YDR143C,YKL103C,0,2.7281165,0.2977243959903717,0.47099998593330383,0.11110000312328339
YOL023W,YDL134C,0,2.726522,0.29753631353378296,0.47099998593330383,0.1111999973654747
YJL203W,YNL328C,0,2.7253842,0.2973484992980957,0.47099998593330383,0.11129999905824661
YNL219C,YNR075W,0,2.725368,0.29716089367866516,0.47099998593330383,0.11140000075101852
YCL001W,YLR313C,0,2.7248566,0.2969735264778137,0.47099998593330383,0.11150000244379044
YNL118C,YJL036W,0,2.7248163,0.2967863976955414,0.47099998593330383,0.11159999668598175
YLR223C,YGR289C,0,2.724422,0.29659950733184814,0.47099998593330383,0.11169999837875366
YOR321W,YDR045C,0,2.7233887,0.2964128255844116,0.47099998593330383,0.11180000007152557
YGR048W,YLR342W,0,2.7232504,0.2962264120578766,0.47099998593330383,0.11190000176429749
YBL035C,YDR057W,0,2.7223656,0.29604023694992065,0.47099998593330383,0.1120000034570694
YHR204W,YIL066C,0,2.7220888,0.29585427045822144,0.47099998593330383,0.11209999769926071
YHR166C,YPR196W,0,2.7206519,0.2956685423851013,0.47099998593330383,0.11219999939203262
YHR114W,YBR085W,0,2.72019,0.2954830527305603,0.47099998593330383,0.11230000108480453
YIL066C,YOR362C,0,2.7198355,0.2952978014945984,0.47099998593330383,0.11240000277757645
YGR036C,YCR066W,0,2.71947,0.2951127886772156,0.47099998593330383,0.11249999701976776
YML057W,YDR398W,0,2.7188914,0.2949279844760895,0.47099998593330383,0.11259999871253967
YKR028W,YOR259C,0,2.7186947,0.2947434186935425,0.47099998593330383,0.11270000040531158
YJL110C,YPR068C,0,2.7186365,0.2945590913295746,0.47099998593330383,0.1128000020980835
YKL095W,YDR240C,0,2.7184727,0.2943750023841858,0.47099998593330383,0.11289999634027481
YHR124W,YAL042W,0,2.718219,0.2941911220550537,0.47099998593330383,0.11299999803304672
YCR105W,YLR067C,0,2.7165384,0.29400748014450073,0.47099998593330383,0.11309999972581863
YCR073C,YOR193W,0,2.7163246,0.29382407665252686,0.47099998593330383,0.11320000141859055
YKL194C,YDR108W,0,2.7160249,0.2936409115791321,0.47099998593330383,0.11330000311136246
YJL144W,YGL005C,0,2.715608,0.293457955121994,0.47099998593330383,0.11339999735355377
YLL006W,YLL002W,0,2.7153363,0.29327520728111267,0.47099998593330383,0.11349999904632568
YGR068C,YOL126C,0,2.7151008,0.2930927276611328,0.47099998593330383,0.1136000007390976
YNR019W,YKL157W,0,2.714961,0.29291045665740967,0.47099998593330383,0.1137000024318695
YKL093W,YLR224W,0,2.7145033,0.29272839426994324,0.47099998593330383,0.11379999667406082
YMR251W-A,YOR003W,0,2.7144463,0.2925465703010559,0.47099998593330383,0.11389999836683273
YPL237W,YNR056C,0,2.7138748,0.2923649847507477,0.47099998593330383,0.11400000005960464
YPR120C,YDR386W,1,2.713243,0.29280397295951843,0.47200000286102295,0.11400000005960464
YIL037C,YIL128W,0,2.712799,0.292622447013855,0.47200000286102295,0.11410000175237656
YMR162C,YLR423C,0,2.7126012,0.29244112968444824,0.47200000286102295,0.11420000344514847
YAL051W,YFR028C,0,2.7118962,0.2922600507736206,0.47200000286102295,0.11429999768733978
YPR065W,YPR204W,0,2.711145,0.29207921028137207,0.47200000286102295,0.1143999993801117
YIL094C,YLR006C,0,2.7106967,0.29189857840538025,0.47200000286102295,0.1145000010728836
YDL028C,YML111W,0,2.7102609,0.29171818494796753,0.47200000286102295,0.11460000276565552
YMR117C,YDR309C,0,2.7098098,0.2915380001068115,0.47200000286102295,0.11469999700784683
YPR161C,YEL005C,0,2.7091746,0.29135802388191223,0.47200000286102295,0.11479999870061874
YDL142C,YMR234W,0,2.7087827,0.29117828607559204,0.47200000286102295,0.11490000039339066
YBR004C,YPR162C,0,2.7086663,0.29099875688552856,0.47200000286102295,0.11500000208616257
YGR109C,YAL068C,1,2.7082462,0.2914355993270874,0.4729999899864197,0.11500000208616257
YLL052C,YBL067C,0,2.7080264,0.2912561595439911,0.4729999899864197,0.11509999632835388
YEL022W,YLR164W,0,2.7067077,0.2910769283771515,0.4729999899864197,0.1151999980211258
YDR194C,YPR127W,0,2.706153,0.2908979058265686,0.4729999899864197,0.1152999997138977
YCR086W,YLR219W,1,2.7055922,0.29133373498916626,0.4740000069141388,0.1152999997138977
YPR095C,YMR044W,0,2.705539,0.29115480184555054,0.4740000069141388,0.11540000140666962
YLR324W,YDR267C,0,2.7052937,0.29097604751586914,0.4740000069141388,0.11550000309944153
YIL006W,YGR195W,0,2.705106,0.29079753160476685,0.4740000069141388,0.11559999734163284
YMR267W,YJL162C,0,2.7050724,0.29061925411224365,0.4740000069141388,0.11569999903440475
YLR200W,YER054C,0,2.7036731,0.2904411852359772,0.4740000069141388,0.11580000072717667
YGR003W,YBL047C,0,2.703182,0.2902633249759674,0.4740000069141388,0.11590000241994858
YLR440C,YOR005C,0,2.7025995,0.29008567333221436,0.4740000069141388,0.11599999666213989
YLR404W,YHR156C,0,2.7022314,0.2899082601070404,0.4740000069141388,0.1160999983549118
YDL142C,YKR065C,0,2.7014978,0.28973105549812317,0.4740000069141388,0.11620000004768372
YGL098W,YGR030C,0,2.7013588,0.28955405950546265,0.4740000069141388,0.11630000174045563
YKR024C,YIL156W,0,2.7012885,0.2893773019313812,0.4740000069141388,0.11640000343322754
YMR197C,YER149C,0,2.700052,0.28920072317123413,0.4740000069141388,0.11649999767541885
YNL093W,YBL038W,0,2.7000275,0.28902438282966614,0.4740000069141388,0.11659999936819077
YAL002W,YGL243W,0,2.6996534,0.28884825110435486,0.4740000069141388,0.11670000106096268
YJL089W,YFL025C,0,2.6981988,0.2886723577976227,0.4740000069141388,0.11680000275373459
YCR035C,YDL021W,0,2.697667,0.28849664330482483,0.4740000069141388,0.1168999969959259
YNR006W,YGR099W,0,2.6973028,0.2883211672306061,0.4740000069141388,0.11699999868869781
YJL035C,YCR083W,0,2.6968958,0.28814589977264404,0.4740000069141388,0.11710000038146973
YOR141C,YNL148C,0,2.6967974,0.2879708409309387,0.4740000069141388,0.11720000207424164
YJR138W,YPL097W,0,2.696665,0.2877959907054901,0.4740000069141388,0.11729999631643295
YML058W-A,YMR081C,0,2.6956012,0.2876213490962982,0.4740000069141388,0.11739999800920486
YPR001W,YML097C,0,2.6954737,0.2874469459056854,0.4740000069141388,0.11749999970197678
YKL129C,YBR061C,0,2.6951118,0.28727272152900696,0.4740000069141388,0.11760000139474869
YFL003C,YOR354C,1,2.69492,0.2877044081687927,0.4749999940395355,0.11760000139474869
YBL089W,YNL315C,0,2.6945095,0.2875302731990814,0.4749999940395355,0.1177000030875206
YHL027W,YDR439W,1,2.6944003,0.28796127438545227,0.47600001096725464,0.1177000030875206
YDR221W,YLR183C,0,2.6940794,0.28778716921806335,0.47600001096725464,0.11779999732971191
YDR058C,YFR030W,0,2.6940436,0.28761330246925354,0.47600001096725464,0.11789999902248383
YBR146W,YLR380W,0,2.693549,0.28743961453437805,0.47600001096725464,0.11800000071525574
YGR260W,YFR027W,0,2.6932573,0.2872661352157593,0.47600001096725464,0.11810000240802765
YFL003C,YJL074C,1,2.69315,0.2876960337162018,0.47699999809265137,0.11810000240802765
YFR018C,YJR103W,0,2.6927083,0.2875226140022278,0.47699999809265137,0.11819999665021896
YLL052C,YBL042C,0,2.6923187,0.2873494029045105,0.47699999809265137,0.11829999834299088
YOL090W,YDL154W,1,2.691925,0.28777843713760376,0.4779999852180481,0.11829999834299088
YBR057C,YNL312W,1,2.6917272,0.28820696473121643,0.4790000021457672,0.11829999834299088
YPL209C,YNL194C,1,2.6915305,0.2886349856853485,0.47999998927116394,0.11829999834299088
YOR214C,YPR151C,0,2.691353,0.2884615361690521,0.47999998927116394,0.11840000003576279
YMR229C,YLR251W,0,2.6911721,0.28828829526901245,0.47999998927116394,0.1185000017285347
YJL192C,YDR352W,0,2.690547,0.2881152331829071,0.47999998927116394,0.11860000342130661
YPL007C,YNL123W,0,2.6899617,0.28794240951538086,0.47999998927116394,0.11869999766349792
YFL055W,YLR055C,0,2.6893582,0.28776979446411133,0.47999998927116394,0.11879999935626984
YJL051W,YGL172W,0,2.6884584,0.2875973582267761,0.47999998927116394,0.11890000104904175
YMR273C,YLR077W,0,2.6870337,0.28742516040802,0.47999998927116394,0.11900000274181366
YJL036W,YNL321W,0,2.6861885,0.28725314140319824,0.47999998927116394,0.11909999698400497
YML055W,YMR169C,0,2.6861813,0.2870813310146332,0.47999998927116394,0.11919999867677689
YBR010W,YER143W,0,2.68591,0.28690972924232483,0.47999998927116394,0.1193000003695488
YGL033W,YJL168C,1,2.6854467,0.28733572363853455,0.48100000619888306,0.1193000003695488
YPL275W,YBR093C,0,2.684786,0.28716418147087097,0.48100000619888306,0.11940000206232071
YLR136C,YER190W,0,2.6844556,0.2869928479194641,0.48100000619888306,0.11949999630451202
YHR179W,YFR038W,0,2.6834884,0.2868216931819916,0.48100000619888306,0.11959999799728394
YCL014W,YMR227C,0,2.6833076,0.28665077686309814,0.48100000619888306,0.11969999969005585
YLR447C,YJL149W,0,2.6831267,0.28648003935813904,0.48100000619888306,0.11980000138282776
YBR294W,YNL006W,0,2.6827888,0.28630951046943665,0.48100000619888306,0.11990000307559967
YKL130C,YGR060W,0,2.68258,0.28613919019699097,0.48100000619888306,0.11999999731779099
YPR165W,YNL317W,0,2.681923,0.285969078540802,0.48100000619888306,0.1200999990105629
YDR202C,YMR274C,0,2.6813874,0.28579917550086975,0.48100000619888306,0.12020000070333481
YBR202W,YOL141W,0,2.6802492,0.2856294512748718,0.48100000619888306,0.12030000239610672
YDR351W,YBR054W,0,2.6793985,0.2854599356651306,0.48100000619888306,0.12039999663829803
YKL101W,YBL097W,0,2.6791325,0.2852906286716461,0.48100000619888306,0.12049999833106995
YKL008C,YBR072W,0,2.6790128,0.28512153029441833,0.48100000619888306,0.12060000002384186
YDR468C,YIL075C,0,2.6787806,0.2849526107311249,0.48100000619888306,0.12070000171661377
YCL039W,YBR070C,0,2.6782663,0.28478389978408813,0.48100000619888306,0.12080000340938568
YMR167W,YHR079C-A,1,2.6778746,0.2852070927619934,0.4819999933242798,0.12080000340938568
YDL140C,YOR284W,0,2.6778705,0.28503844141960144,0.4819999933242798,0.120899997651577
YDL215C,YPL223C,0,2.6777878,0.2848699688911438,0.4819999933242798,0.12099999934434891
YNR010W,YPL024W,0,2.6776538,0.28470170497894287,0.4819999933242798,0.12110000103712082
YDR146C,YGR098C,0,2.6767058,0.28453364968299866,0.4819999933242798,0.12120000272989273
YMR205C,YGL010W,0,2.6763828,0.28436577320098877,0.4819999933242798,0.12129999697208405
YHR012W,YHR150W,0,2.676341,0.2841981053352356,0.4819999933242798,0.12139999866485596
YBL047C,YLR178C,0,2.6763334,0.28403064608573914,0.4819999933242798,0.12150000035762787
YCR030C,YKL110C,0,2.6758294,0.283863365650177,0.4819999933242798,0.12160000205039978
YDL149W,YHR098C,0,2.675593,0.2836962938308716,0.4819999933242798,0.1216999962925911
YLR028C,YJL168C,1,2.6745872,0.2841176390647888,0.4830000102519989,0.1216999962925911
YGR060W,YGL184C,0,2.673202,0.2839506268501282,0.4830000102519989,0.121799997985363
YPR034W,YOR219C,0,2.6714656,0.28378379344940186,0.4830000102519989,0.12189999967813492
YLR213C,YML032C,1,2.671243,0.2842043340206146,0.48399999737739563,0.12189999967813492
YLR394W,YIL132C,1,2.6710668,0.2846244275569916,0.48500001430511475,0.12189999967813492
YIL106W,YOL154W,0,2.670505,0.2844574749469757,0.48500001430511475,0.12200000137090683
YAL060W,YMR040W,0,2.670145,0.28429073095321655,0.48500001430511475,0.12210000306367874
YKL090W,YAL038W,0,2.6696987,0.2841241955757141,0.48500001430511475,0.12219999730587006
YIL140W,YIL038C,0,2.6689239,0.283957839012146,0.48500001430511475,0.12229999899864197
YML004C,YKR007W,0,2.6687765,0.2837916910648346,0.48500001430511475,0.12240000069141388
YPL221W,YKR077W,0,2.667971,0.2836257219314575,0.48500001430511475,0.12250000238418579
YPR105C,YIL037C,0,2.6672192,0.28345996141433716,0.48500001430511475,0.1225999966263771
YOR148C,YCR027C,0,2.666197,0.2832943797111511,0.48500001430511475,0.12269999831914902
YDR453C,YOL017W,0,2.6661968,0.2831290066242218,0.48500001430511475,0.12280000001192093
YLR424W,YKL188C,0,2.665322,0.2829638421535492,0.48500001430511475,0.12290000170469284
YKL049C,YNL278W,0,2.6648767,0.2827988266944885,0.48500001430511475,0.12300000339746475
YOR026W,YEL005C,0,2.6641924,0.28263401985168457,0.48500001430511475,0.12309999763965607
YLL036C,YDR350C,0,2.6620917,0.28246942162513733,0.48500001430511475,0.12319999933242798
YLR440C,YOL034W,0,2.66192,0.2823050022125244,0.48500001430511475,0.12330000102519989
YBR162W-A,YPL056C,0,2.661648,0.2821407914161682,0.48500001430511475,0.1234000027179718
YGR258C,YLR233C,0,2.6612153,0.28197672963142395,0.48500001430511475,0.12349999696016312
YLR080W,YLR067C,0,2.6602583,0.2818129062652588,0.48500001430511475,0.12359999865293503
YCL027C-A,YIL011W,0,2.6600978,0.28164923191070557,0.48500001430511475,0.12370000034570694
YDR512C,YLR320W,1,2.6600819,0.2820661664009094,0.4860000014305115,0.12370000034570694
YGR246C,YIR028W,0,2.6597037,0.281902551651001,0.4860000014305115,0.12380000203847885
YBL028C,YGR091W,0,2.65792,0.28173911571502686,0.4860000014305115,0.12389999628067017
YKR064W,YOR362C,0,2.6574512,0.28157588839530945,0.4860000014305115,0.12399999797344208
YCR105W,YDR173C,0,2.6561003,0.28141283988952637,0.4860000014305115,0.12409999966621399
YOR140W,YDL215C,0,2.6557374,0.28125,0.4860000014305115,0.1242000013589859
YGL175C,YLL005C,1,2.6553433,0.28166571259498596,0.4869999885559082,0.1242000013589859
YBR029C,YOL155C,0,2.6552305,0.281502902507782,0.4869999885559082,0.12430000305175781
YJR095W,YER093C,0,2.6546824,0.28134027123451233,0.4869999885559082,0.12439999729394913
YFL035C-B,YDL145C,0,2.6539812,0.281177818775177,0.4869999885559082,0.12449999898672104
YKR042W,YBR204C,0,2.6537921,0.2810155749320984,0.4869999885559082,0.12460000067949295
YNL304W,YKL033W,0,2.6535192,0.2808535099029541,0.4869999885559082,0.12470000237226486
YDR119W,YOL129W,0,2.6529186,0.28069165349006653,0.4869999885559082,0.12479999661445618
YPL161C,YNL216W,0,2.6527762,0.2805299460887909,0.4869999885559082,0.12489999830722809
YOL154W,YHR169W,0,2.6524148,0.280368447303772,0.4869999885559082,0.125
YGR225W,YNL102W,1,2.6519332,0.2807825207710266,0.4880000054836273,0.125
YDL197C,YDR058C,0,2.6518974,0.2806210517883301,0.4880000054836273,0.1251000016927719
YCL018W,YHR061C,0,2.6515775,0.28045976161956787,0.4880000054836273,0.12520000338554382
YBR098W,YDR097C,1,2.65144,0.28087306022644043,0.48899999260902405,0.12520000338554382
YJL144W,YMR087W,0,2.6511645,0.280711829662323,0.48899999260902405,0.12530000507831573
YDR073W,YBR168W,0,2.6507275,0.2805507779121399,0.48899999260902405,0.12540000677108765
YBL047C,YDR460W,0,2.6502006,0.2803899049758911,0.48899999260902405,0.12549999356269836
YDL087C,YPR112C,0,2.6498122,0.28022924065589905,0.48899999260902405,0.12559999525547028
YLR116W,YBR234C,0,2.649754,0.2800687253475189,0.48899999260902405,0.1256999969482422
YMR193W,YBR294W,0,2.6486764,0.2799084186553955,0.48899999260902405,0.1257999986410141
YGR249W,YCR020W-B,0,2.6481366,0.2797482907772064,0.48899999260902405,0.125900000333786
YGL049C,YIL168W,0,2.6477144,0.27958834171295166,0.48899999260902405,0.12600000202655792
YIR038C,YNR059W,0,2.647626,0.2794285714626312,0.48899999260902405,0.12610000371932983
YGL022W,YGL055W,0,2.6455817,0.2792689800262451,0.48899999260902405,0.12620000541210175
YDR155C,YDR104C,1,2.645275,0.27968037128448486,0.49000000953674316,0.12620000541210175
YGR048W,YJR095W,0,2.6449227,0.27952080965042114,0.49000000953674316,0.12630000710487366
YGL156W,YNL172W,0,2.6445487,0.27936145663261414,0.49000000953674316,0.12639999389648438
YDL197C,YGL233W,0,2.644452,0.27920228242874146,0.49000000953674316,0.1264999955892563
YLR042C,YLR103C,0,2.643272,0.2790432870388031,0.49000000953674316,0.1265999972820282
YDR398W,YOR180C,0,2.6421642,0.2788844704627991,0.49000000953674316,0.1266999989748001
YGR261C,YKL103C,0,2.6421351,0.27872583270072937,0.49000000953674316,0.12680000066757202
YOL155C,YHR102W,0,2.6420603,0.278567373752594,0.49000000953674316,0.12690000236034393
YKL221W,YPL056C,0,2.6419795,0.27840909361839294,0.49000000953674316,0.12700000405311584
YBR216C,YIR019C,0,2.6419113,0.2782509922981262,0.49000000953674316,0.12710000574588776
YBL100W-A,YDL046W,0,2.641542,0.2780930697917938,0.49000000953674316,0.12720000743865967
YOR054C,YJR002W,0,2.6412702,0.27793532609939575,0.49000000953674316,0.12729999423027039
YMR136W,YGL238W,0,2.6410995,0.2777777910232544,0.49000000953674316,0.1273999959230423
YBR103W,YLR330W,1,2.6404004,0.27818697690963745,0.4909999966621399,0.1273999959230423
YGL127C,YLR219W,1,2.6400697,0.2785956859588623,0.492000013589859,0.1273999959230423
YMR110C,YGL122C,0,2.6397524,0.2784380316734314,0.492000013589859,0.1274999976158142
YGL187C,YGL156W,0,2.639494,0.2782805562019348,0.492000013589859,0.12759999930858612
YGR179C,YIL085C,0,2.6394172,0.27812322974205017,0.492000013589859,0.12770000100135803
YKR019C,YOR194C,0,2.6389837,0.27796611189842224,0.492000013589859,0.12780000269412994
YNL094W,YKR027W,0,2.6387372,0.27780914306640625,0.492000013589859,0.12790000438690186
YBR094W,YDR009W,0,2.6382532,0.277652382850647,0.492000013589859,0.12800000607967377
YAL055W,YPL001W,0,2.6380472,0.27749577164649963,0.492000013589859,0.12809999287128448
YLR394W,YBR136W,1,2.637984,0.2779030501842499,0.49300000071525574,0.12809999287128448
YMR011W,YOR256C,0,2.6378424,0.2777464687824249,0.49300000071525574,0.1281999945640564
YDL072C,YPR189W,0,2.6374583,0.2775900959968567,0.49300000071525574,0.1282999962568283
YCR102C,YPL020C,0,2.636589,0.2774338722229004,0.49300000071525574,0.12839999794960022
YNL052W,YPR127W,0,2.6360059,0.2772778272628784,0.49300000071525574,0.12849999964237213
YNL223W,YAL024C,0,2.63574,0.27712199091911316,0.49300000071525574,0.12860000133514404
YFR052W,YER065C,0,2.6355789,0.27696630358695984,0.49300000071525574,0.12870000302791595
YPL192C,YBL013W,0,2.6351025,0.27681079506874084,0.49300000071525574,0.12880000472068787
YDL247W,YLR166C,0,2.634883,0.2766554355621338,0.49300000071525574,0.12890000641345978
YOR026W,YOR249C,0,2.6345682,0.27650028467178345,0.49300000071525574,0.1289999932050705
YMR189W,YLL051C,0,2.634245,0.27634528279304504,0.49300000071525574,0.1290999948978424
YLR314C,YOL089C,0,2.633401,0.27619048953056335,0.49300000071525574,0.12919999659061432
YGR148C,YHR176W,0,2.632778,0.2760358452796936,0.49300000071525574,0.12929999828338623
YPR083W,YLR268W,0,2.6317585,0.2758813798427582,0.49300000071525574,0.12939999997615814
YCR045C,YDR405W,0,2.6316376,0.2757270634174347,0.49300000071525574,0.12950000166893005
YJL168C,YAL068C,1,2.6315303,0.27613192796707153,0.49399998784065247,0.12950000166893005
YHR139C,YPL139C,1,2.6310706,0.27653631567955017,0.4950000047683716,0.12950000166893005
YML066C,YDR004W,1,2.6307068,0.276940256357193,0.4959999918937683,0.12950000166893005
YNL118C,YLR383W,0,2.6305919,0.2767857015132904,0.4959999918937683,0.12960000336170197
YHR082C,YOR064C,0,2.6305895,0.27663135528564453,0.4959999918937683,0.12970000505447388
YOR156C,YDL097C,0,2.6303864,0.2764771580696106,0.4959999918937683,0.1298000067472458
YBR268W,YDL079C,0,2.6302648,0.2763231098651886,0.4959999918937683,0.1298999935388565
YGR040W,YOR371C,0,2.629642,0.2761692702770233,0.4959999918937683,0.12999999523162842
YMR273C,YMR168C,0,2.6294398,0.27601557970046997,0.4959999918937683,0.13009999692440033
YNL082W,YHR157W,1,2.6293967,0.2764182388782501,0.4970000088214874,0.13009999692440033
YER074W,YPL230W,0,2.629273,0.27626457810401917,0.4970000088214874,0.13019999861717224
YMR021C,YPL120W,0,2.6292613,0.2761111259460449,0.4970000088214874,0.13030000030994415
YER001W,YML097C,0,2.6285448,0.27595779299736023,0.4970000088214874,0.13040000200271606
YJR056C,YDR085C,0,2.6258197,0.27580466866493225,0.4970000088214874,0.13050000369548798
YKR055W,YDR308C,0,2.6253443,0.2756516933441162,0.4970000088214874,0.1306000053882599
YPL011C,YNL068C,0,2.6252198,0.2754988968372345,0.4970000088214874,0.1307000070810318
YNL073W,YER103W,0,2.6250482,0.2753462493419647,0.4970000088214874,0.13079999387264252
YGR070W,YER058W,0,2.6250017,0.27519381046295166,0.4970000088214874,0.13089999556541443
YDR082W,YLR270W,0,2.6247463,0.27504149079322815,0.4970000088214874,0.13099999725818634
YKR086W,YDR518W,0,2.6246011,0.27488937973976135,0.4970000088214874,0.13109999895095825
YER058W,YBR173C,0,2.623757,0.2747374176979065,0.4970000088214874,0.13120000064373016
YOR011W,YCR083W,0,2.6225967,0.27458563446998596,0.4970000088214874,0.13130000233650208
YKL065C,YNL220W,0,2.6217184,0.27443400025367737,0.4970000088214874,0.131400004029274
YJL149W,YER124C,0,2.6216173,0.2742825746536255,0.4970000088214874,0.1315000057220459
YPR066W,YOL054W,0,2.6212878,0.27413126826286316,0.4970000088214874,0.1316000074148178
YDR516C,YDR512C,1,2.6207426,0.27453142404556274,0.49799999594688416,0.1316000074148178
YBR100W,YFL033C,1,2.620504,0.2749311327934265,0.49900001287460327,0.1316000074148178
YPR083W,YPR194C,0,2.61953,0.274779736995697,0.49900001287460327,0.13169999420642853
YFL061W,YBL011W,0,2.6194627,0.27462852001190186,0.49900001287460327,0.13179999589920044
YBR294W,YGR239C,0,2.6192605,0.27447745203971863,0.49900001287460327,0.13189999759197235
YNL036W,YOR045W,0,2.6186986,0.2743265628814697,0.49900001287460327,0.13199999928474426
YBR183W,YOL119C,0,2.618632,0.27417582273483276,0.49900001287460327,0.13210000097751617
YNL169C,YEL029C,0,2.618546,0.2740252614021301,0.49900001287460327,0.13220000267028809
YKR054C,YIL009W,0,2.6184382,0.27387484908103943,0.49900001287460327,0.13230000436306
YDR462W,YML023C,0,2.6183228,0.27372461557388306,0.49900001287460327,0.1324000060558319
YCL036W,YMR047C,0,2.6181383,0.273574560880661,0.49900001287460327,0.13249999284744263
YNR012W,YOR009W,0,2.6178799,0.2734246551990509,0.49900001287460327,0.13259999454021454
YGR256W,YDR165W,0,2.6164758,0.2732749283313751,0.49900001287460327,0.13269999623298645
YCR030C,YKL206C,0,2.6163898,0.2731253504753113,0.49900001287460327,0.13279999792575836
YMR115W,YLR138W,0,2.6150475,0.2729759216308594,0.49900001287460327,0.13289999961853027
YDR155C,YIR025W,1,2.6147752,0.27337342500686646,0.5,0.13289999961853027
YOR141C,YNR028W,0,2.6147687,0.2732240557670593,0.5,0.13300000131130219
YCR046C,YMR168C,0,2.6139534,0.27307483553886414,0.5,0.1331000030040741
YJL011C,YJL083W,0,2.6132789,0.2729257643222809,0.5,0.133200004696846
YFL024C,YER170W,0,2.612647,0.27277687191963196,0.5,0.13330000638961792
YDL100C,YBL013W,0,2.6123002,0.27262812852859497,0.5,0.13339999318122864
YDL156W,YMR291W,0,2.6120787,0.2724795639514923,0.5,0.13349999487400055
YDL044C,YBL041W,0,2.6120076,0.2723311483860016,0.5,0.13359999656677246
YNL221C,YGR144W,0,2.6110475,0.2721829116344452,0.5,0.13369999825954437
YDL049C,YMR090W,0,2.6108027,0.27203482389450073,0.5,0.13379999995231628
YER038C,YJL053W,0,2.6102777,0.2718868851661682,0.5,0.1339000016450882
YNL153C,YOL023W,0,2.6101649,0.27173912525177,0.5,0.1340000033378601
YOR358W,YLR153C,0,2.6099005,0.27159151434898376,0.5,0.13410000503063202
YKL018W,YCR014C,0,2.6094043,0.27144408226013184,0.5,0.13420000672340393
YJL103C,YIL046W,0,2.6087477,0.27129679918289185,0.5,0.13429999351501465
YGL256W,YNL172W,0,2.6082258,0.2711496651172638,0.5,0.13439999520778656
YNL076W,YHR051W,0,2.6073673,0.27100270986557007,0.5,0.13449999690055847
YBR111W-A,YFR001W,0,2.6073341,0.2708559036254883,0.5,0.13459999859333038
YBR091C,YLR411W,0,2.607193,0.27070924639701843,0.5,0.1347000002861023
YNL329C,YNL156C,0,2.6070962,0.2705627679824829,0.5,0.1348000019788742
YJR153W,YOR178C,0,2.606558,0.2704164385795593,0.5,0.13490000367164612
YMR199W,YPR135W,0,2.6062248,0.2702702581882477,0.5,0.13500000536441803
YHR016C,YOL070C,0,2.6061296,0.27012425661087036,0.5,0.13510000705718994
YOR258W,YLR239C,0,2.6052969,0.269978404045105,0.5,0.13519999384880066
YPR066W,YLR115W,0,2.6044967,0.26983270049095154,0.5,0.13529999554157257
YDL119C,YHR197W,0,2.6033063,0.2696871757507324,0.5,0.13539999723434448
YMR215W,YJL083W,0,2.603002,0.26954177021980286,0.5,0.1354999989271164
YPR165W,YHR122W,0,2.6019242,0.2693965435028076,0.5,0.1356000006198883
YCL001W,YGL060W,0,2.6015525,0.2692514955997467,0.5,0.13570000231266022
YGR179C,YOR245C,0,2.6011112,0.26910656690597534,0.5,0.13580000400543213
YKL005C,YNL263C,0,2.6008213,0.2689618170261383,0.5,0.13590000569820404
YAL039C,YAL063C,0,2.600501,0.2688172161579132,0.5,0.13600000739097595
YJL005W,YBR265W,0,2.5999773,0.26867276430130005,0.5,0.13609999418258667
YDL058W,YNL152W,0,2.5997586,0.26852846145629883,0.5,0.13619999587535858
YOR026W,YBL102W,0,2.599329,0.26838433742523193,0.5,0.1362999975681305
YDR403W,YNL307C,1,2.5986948,0.2687768340110779,0.5009999871253967,0.1362999975681305
YLR453C,YJR105W,0,2.598023,0.268632709980011,0.5009999871253967,0.1363999992609024
YGL121C,YNL315C,0,2.5976472,0.26848873496055603,0.5009999871253967,0.13650000095367432
YPL007C,YOR084W,0,2.5975003,0.2683449387550354,0.5009999871253967,0.13660000264644623
YGL104C,YLR145W,0,2.5973897,0.2682012915611267,0.5009999871253967,0.13670000433921814
YHR120W,YLR037C,0,2.5972633,0.26805779337882996,0.5009999871253967,0.13680000603199005
YNL030W,YPR198W,0,2.5972352,0.26791444420814514,0.5009999871253967,0.13689999282360077
YBR060C,YKR052C,0,2.5962992,0.26777124404907227,0.5009999871253967,0.13699999451637268
YDR419W,YML059C,0,2.5956662,0.26762819290161133,0.5009999871253967,0.1370999962091446
YLL026W,YNL302C,0,2.5956244,0.2674853205680847,0.5009999871253967,0.1371999979019165
YGL093W,YGR057C,0,2.595539,0.26734259724617004,0.5009999871253967,0.13729999959468842
YNL054W,YDL045W-A,0,2.595506,0.2671999931335449,0.5009999871253967,0.13740000128746033
YDR004W,YGL033W,1,2.5948818,0.26759061217308044,0.5019999742507935,0.13740000128746033
YJR005W,YBR006W,0,2.5948572,0.2674480676651001,0.5019999742507935,0.13750000298023224
YLR178C,YBR133C,0,2.59441,0.2673056423664093,0.5019999742507935,0.13760000467300415
YNR075W,YOR099W,0,2.5939546,0.26716339588165283,0.5019999742507935,0.13770000636577606
YGL192W,YCL024W,0,2.59341,0.2670212686061859,0.5019999742507935,0.13779999315738678
YMR162C,YKL110C,0,2.592156,0.2668793201446533,0.5019999742507935,0.1378999948501587
YJR092W,YNL094W,0,2.59191,0.26673752069473267,0.5019999742507935,0.1379999965429306
YMR014W,YDL123W,0,2.59149,0.26659587025642395,0.5019999742507935,0.13809999823570251
YDR482C,YBR029C,0,2.5910647,0.2664543390274048,0.5019999742507935,0.13819999992847443
YGR038W,YJL053W,0,2.5908494,0.26631298661231995,0.5019999742507935,0.13830000162124634
YDL227C,YGR209C,0,2.5901296,0.26617178320884705,0.5019999742507935,0.13840000331401825
YPL043W,YLR315W,0,2.5896733,0.2660307288169861,0.5019999742507935,0.13850000500679016
YAL061W,YBR084C-A,0,2.5895958,0.26588982343673706,0.5019999742507935,0.13860000669956207
YIR038C,YPR060C,0,2.5895262,0.2657490670681,0.5019999742507935,0.1386999934911728
YPR001W,YML028W,0,2.5895157,0.26560845971107483,0.5019999742507935,0.1387999951839447
YHR139C,YDR076W,1,2.5890336,0.2659968137741089,0.503000020980835,0.1387999951839447
YIL140W,YMR227C,0,2.5886245,0.26585623621940613,0.503000020980835,0.1388999968767166
YMR242C,YJL171C,0,2.5877266,0.2657158076763153,0.503000020980835,0.13899999856948853
YPR030W,YER124C,0,2.5868752,0.26557549834251404,0.503000020980835,0.13910000026226044
YHR120W,YGL116W,0,2.586437,0.2654353678226471,0.503000020980835,0.13920000195503235
YBR103W,YDL239C,1,2.5863948,0.26582279801368713,0.5040000081062317,0.13920000195503235
YBR066C,YGR227W,0,2.5859792,0.2656826674938202,0.5040000081062317,0.13930000364780426
YDR004W,YIL073C,1,2.5858624,0.26606956124305725,0.5049999952316284,0.13930000364780426
YFR038W,YMR238W,0,2.5857456,0.2659294307231903,0.5049999952316284,0.13940000534057617
YOL110W,YJR140C,0,2.5856674,0.2657894790172577,0.5049999952316284,0.13950000703334808
YEL030W,YAL011W,0,2.5838633,0.2656496465206146,0.5049999952316284,0.1395999938249588
YBR111W-A,YGR085C,0,2.5836735,0.2655099928379059,0.5049999952316284,0.1396999955177307
YMR110C,YIR028W,0,2.5831306,0.2653704583644867,0.5049999952316284,0.13979999721050262
YEL019C,YDL021W,0,2.5831041,0.26523110270500183,0.5049999952316284,0.13989999890327454
YOL110W,YDL211C,0,2.5816016,0.2650918662548065,0.5049999952316284,0.14000000059604645
YGL113W,YKL203C,0,2.581043,0.26495277881622314,0.5049999952316284,0.14010000228881836
YCR014C,YLR220W,0,2.5810132,0.2648138403892517,0.5049999952316284,0.14020000398159027
YGL259W,YIL122W,0,2.5802112,0.2646750509738922,0.5049999952316284,0.14030000567436218
YIL134W,YFL008W,0,2.5800977,0.26453641057014465,0.5049999952316284,0.1404000073671341
YGL170C,YKR099W,1,2.5792966,0.2649214565753937,0.5059999823570251,0.1404000073671341
YML114C,YNL279W,0,2.5780013,0.2647828459739685,0.5059999823570251,0.1404999941587448
YDR186C,YJL095W,0,2.5778525,0.2646443545818329,0.5059999823570251,0.14059999585151672
YGR253C,YLR234W,1,2.5778253,0.2650287449359894,0.5070000290870667,0.14059999585151672
YNL084C,YFL033C,1,2.5775473,0.26541274785995483,0.5080000162124634,0.14059999585151672
YJR040W,YOL108C,0,2.5766616,0.26527413725852966,0.5080000162124634,0.14069999754428864
YOL113W,YER150W,0,2.57664,0.2651357054710388,0.5080000162124634,0.14079999923706055
YHR102W,YDR159W,0,2.576588,0.2649973928928375,0.5080000162124634,0.14090000092983246
YPL064C,YDR058C,0,2.5762863,0.26485922932624817,0.5080000162124634,0.14100000262260437
YBR107C,YHR014W,1,2.576106,0.2652423083782196,0.5090000033378601,0.14100000262260437
YGL083W,YDL193W,0,2.5758142,0.26510417461395264,0.5090000033378601,0.14110000431537628
YNL153C,YLR382C,0,2.575028,0.2649661600589752,0.5090000033378601,0.1412000060081482
YER101C,YCL004W,0,2.5748959,0.26482829451560974,0.5090000033378601,0.1412999927997589
YIL011W,YER071C,0,2.5744774,0.2646905779838562,0.5090000033378601,0.14139999449253082
YPR121W,YGL076C,0,2.5743139,0.2645530104637146,0.5090000033378601,0.14149999618530273
YOR298W,YGL099W,1,2.5741403,0.26493507623672485,0.5099999904632568,0.14149999618530273
YNL045W,YBL011W,0,2.5721316,0.26479750871658325,0.5099999904632568,0.14159999787807465
YOR022C,YBR135W,0,2.57193,0.2646600902080536,0.5099999904632568,0.14169999957084656
YOR351C,YIL017C,1,2.5718765,0.2650415003299713,0.5109999775886536,0.14169999957084656
YML128C,YNL307C,1,2.5716748,0.2654224932193756,0.5120000243186951,0.14169999957084656
YNL102W,YDR386W,1,2.5711317,0.26580309867858887,0.5130000114440918,0.14169999957084656
YOR148C,YJL141C,0,2.5711026,0.2656654715538025,0.5130000114440918,0.14180000126361847
YBR131W,YNR071C,0,2.5709271,0.26552796363830566,0.5130000114440918,0.14190000295639038
YJL034W,YER103W,0,2.570362,0.2653905749320984,0.5130000114440918,0.1420000046491623
YFL055W,YBL091C-A,0,2.5699697,0.26525336503982544,0.5130000114440918,0.1421000063419342
YAL068C,YIL017C,1,2.5692239,0.26563307642936707,0.5139999985694885,0.1421000063419342
YPR194C,YHR059W,0,2.5671039,0.2654958665370941,0.5139999985694885,0.14219999313354492
YBR098W,YLR213C,1,2.5668535,0.26587507128715515,0.5149999856948853,0.14219999313354492
YGR261C,YDR484W,0,2.565761,0.2657378613948822,0.5149999856948853,0.14229999482631683
YKR025W,YCR038C,0,2.565656,0.2656008303165436,0.5149999856948853,0.14239999651908875
YOR117W,YOR339C,0,2.5652256,0.2654639184474945,0.5149999856948853,0.14249999821186066
YDR246W,YNR048W,0,2.5648856,0.2653271555900574,0.5149999856948853,0.14259999990463257
YHR154W,YLL015W,0,2.5643754,0.2651905119419098,0.5149999856948853,0.14270000159740448
YER033C,YHL003C,0,2.5643392,0.26505404710769653,0.5149999856948853,0.1428000032901764
YGL244W,YER042W,0,2.5641398,0.2649177014827728,0.5149999856948853,0.1429000049829483
YPR164W,YGL153W,0,2.5640604,0.26478150486946106,0.5149999856948853,0.14300000667572021
YJL203W,YLR011W,0,2.5639365,0.26464542746543884,0.5149999856948853,0.14309999346733093
YKL184W,YBR230C,0,2.5626779,0.26450949907302856,0.5149999856948853,0.14319999516010284
YKR027W,YCR011C,0,2.5625162,0.2643737196922302,0.5149999856948853,0.14329999685287476
YJR096W,YIL134W,0,2.5621738,0.26423805952072144,0.5149999856948853,0.14339999854564667
YER008C,YHR169W,0,2.5619264,0.264102578163147,0.5149999856948853,0.14350000023841858
YBR103W,YNL194C,1,2.5617282,0.26447975635528564,0.515999972820282,0.14350000023841858
YMR215W,YNL003C,0,2.5614402,0.2643442749977112,0.515999972820282,0.1436000019311905
YIL020C,YER175C,0,2.5613794,0.26420891284942627,0.515999972820282,0.1437000036239624
YMR167W,YNL102W,1,2.5591621,0.2645854651927948,0.5170000195503235,0.1437000036239624
YNL214W,YDR176W,0,2.5589876,0.2644501328468323,0.5170000195503235,0.14380000531673431
YPL211W,YAR003W,0,2.5589547,0.2643149197101593,0.5170000195503235,0.14390000700950623
YPR149W,YHL035C,0,2.5585923,0.26417985558509827,0.5170000195503235,0.14399999380111694
YHL006C,YIL040W,0,2.5580165,0.26404494047164917,0.5170000195503235,0.14409999549388885
YPL050C,YIL087C,0,2.5576048,0.2639101445674896,0.5170000195503235,0.14419999718666077
YCL044C,YMR182C,0,2.5575225,0.263775497674942,0.5170000195503235,0.14429999887943268
YCR042C,YLR178C,0,2.5563679,0.26364099979400635,0.5170000195503235,0.1444000005722046
YPR026W,YER104W,0,2.5555165,0.26350662112236023,0.5170000195503235,0.1445000022649765
YNL304W,YER190W,0,2.5554872,0.26337239146232605,0.5170000195503235,0.1446000039577484
YAL028W,YOL034W,0,2.5551784,0.2632382810115814,0.5170000195503235,0.14470000565052032
YIL158W,YIR011C,0,2.5551124,0.26310431957244873,0.5170000195503235,0.14480000734329224
YGL241W,YDR123C,0,2.5547674,0.262970507144928,0.5170000195503235,0.14489999413490295
YNL173C,YOR068C,0,2.5541537,0.2628368139266968,0.5170000195503235,0.14499999582767487
YLR308W,YHR119W,1,2.5531912,0.26321136951446533,0.5180000066757202,0.14499999582767487
YIL154C,YOL078W,0,2.5528672,0.2630777060985565,0.5180000066757202,0.14509999752044678
YMR322C,YGR239C,0,2.552537,0.26294416189193726,0.5180000066757202,0.1451999992132187
YDR237W,YHR098C,0,2.5522819,0.26281076669692993,0.5180000066757202,0.1453000009059906
YDR085C,YNL297C,0,2.5510488,0.26267749071121216,0.5180000066757202,0.1454000025987625
YGL181W,YDR403W,1,2.5507693,0.26305118203163147,0.5189999938011169,0.1454000025987625
YBR235W,YKR093W,0,2.550545,0.2629179358482361,0.5189999938011169,0.14550000429153442
YHR202W,YLR058C,0,2.5503168,0.26278480887413025,0.5189999938011169,0.14560000598430634
YAL042W,YMR081C,0,2.5500965,0.26265183091163635,0.5189999938011169,0.14569999277591705
YMR170C,YER098W,0,2.5499701,0.262518972158432,0.5189999938011169,0.14579999446868896
YCR087C-A,YKL161C,0,2.5493782,0.2623862624168396,0.5189999938011169,0.14589999616146088
YNR075W,YPL254W,0,2.5487325,0.26225367188453674,0.5189999938011169,0.1459999978542328
YJR004C,YMR077C,0,2.5484202,0.26212120056152344,0.5189999938011169,0.1460999995470047
YEL042W,YJL113W,0,2.5482383,0.26198890805244446,0.5189999938011169,0.1462000012397766
YMR180C,YMR145C,0,2.548108,0.26185670495033264,0.5189999938011169,0.14630000293254852
YJL212C,YDR256C,0,2.5480013,0.26172465085983276,0.5189999938011169,0.14640000462532043
YIL047C,YMR193W,0,2.5472505,0.2615927457809448,0.5189999938011169,0.14650000631809235
YBR042C,YLR275W,0,2.5471818,0.26146095991134644,0.5189999938011169,0.14659999310970306
YPR165W,YNL134C,0,2.5469217,0.2613292932510376,0.5189999938011169,0.14669999480247498
YOR304W,YLR383W,0,2.5463793,0.2611977756023407,0.5189999938011169,0.1467999964952469
YEL020C,YOR264W,0,2.54604,0.26106640696525574,0.5189999938011169,0.1468999981880188
YGR245C,YCL004W,0,2.5456302,0.2609351575374603,0.5189999938011169,0.1469999998807907
YML128C,YAL009W,1,2.5456011,0.2613065242767334,0.5199999809265137,0.1469999998807907
YNR060W,YOL012C,0,2.5452757,0.261175274848938,0.5199999809265137,0.14710000157356262
YJR120W,YGL212W,0,2.5446126,0.2610441744327545,0.5199999809265137,0.14720000326633453
YPL207W,YJR125C,0,2.5437157,0.2609131932258606,0.5199999809265137,0.14730000495910645
YCR063W,YMR136W,0,2.5428016,0.2607823610305786,0.5199999809265137,0.14740000665187836
YLL039C,YCR086W,1,2.5424633,0.26115289330482483,0.5210000276565552,0.14740000665187836
YBR073W,YDR403W,1,2.5424464,0.26152303814888,0.5220000147819519,0.14740000665187836
YLR068W,YNL290W,0,2.5423925,0.26139208674430847,0.5220000147819519,0.14749999344348907
YER169W,YMR164C,0,2.5423875,0.2612612545490265,0.5220000147819519,0.147599995136261
YBR171W,YJR036C,0,2.541335,0.26113057136535645,0.5220000147819519,0.1476999968290329
YER017C,YGR166W,0,2.5409834,0.26100000739097595,0.5220000147819519,0.1477999985218048
YGR070W,YHR142W,0,2.540676,0.260869562625885,0.5220000147819519,0.14790000021457672
YLR362W,YHR050W,0,2.5405405,0.260739266872406,0.5220000147819519,0.14800000190734863
YDR155C,YNL194C,1,2.5401254,0.2611083388328552,0.5230000019073486,0.14800000190734863
YDR518W,YGL122C,0,2.540106,0.2609780430793762,0.5230000019073486,0.14810000360012054
YOL066C,YKL171W,0,2.5395203,0.26084786653518677,0.5230000019073486,0.14820000529289246
YPL145C,YMR250W,0,2.538774,0.26071783900260925,0.5230000019073486,0.14830000698566437
YJL192C,YIL014W,0,2.5386944,0.2605879306793213,0.5230000019073486,0.14839999377727509
YCR067C,YMR271C,0,2.538687,0.26045817136764526,0.5230000019073486,0.148499995470047
YBL031W,YBR248C,0,2.538135,0.2603285312652588,0.5230000019073486,0.1485999971628189
YPR135W,YOR172W,0,2.5381246,0.26019901037216187,0.5230000019073486,0.14869999885559082
YPR079W,YLL042C,0,2.537847,0.2600696086883545,0.5230000019073486,0.14880000054836273
YHR043C,YPR107C,0,2.5377252,0.25994035601615906,0.5230000019073486,0.14890000224113464
YPR052C,YFR010W,0,2.5376537,0.2598112225532532,0.5230000019073486,0.14900000393390656
YPL249C,YMR072W,0,2.5375104,0.25968223810195923,0.5230000019073486,0.14910000562667847
YLR258W,YPL218W,0,2.5368752,0.25955334305763245,0.5230000019073486,0.14920000731945038
YHR157W,YNL202W,1,2.5368235,0.2599206268787384,0.5239999890327454,0.14920000731945038
YMR077C,YFL057C,0,2.5365224,0.259791761636734,0.5239999890327454,0.1492999941110611
YNL058C,YLL051C,0,2.5364647,0.25966304540634155,0.5239999890327454,0.149399995803833
YOL113W,YDR171W,0,2.5364246,0.25953441858291626,0.5239999890327454,0.14949999749660492
YER075C,YPL141C,0,2.535243,0.2594059407711029,0.5239999890327454,0.14959999918937683
YGL018C,YDR530C,0,2.5351257,0.2592775821685791,0.5239999890327454,0.14970000088214874
YKR002W,YBL097W,0,2.5350556,0.25914934277534485,0.5239999890327454,0.14980000257492065
YPL236C,YMR308C,0,2.5349853,0.25902125239372253,0.5239999890327454,0.14990000426769257
YMR008C,YGR082W,0,2.5346243,0.25889328122138977,0.5239999890327454,0.15000000596046448
YMR091C,YER028C,0,2.534421,0.25876542925834656,0.5239999890327454,0.1500999927520752
YCR012W,YFL011W,0,2.5343356,0.2586376965045929,0.5239999890327454,0.1501999944448471
YJR048W,YDL123W,0,2.5337343,0.25851011276245117,0.5239999890327454,0.15029999613761902
YOR009W,YEL018W,0,2.533615,0.258382648229599,0.5239999890327454,0.15039999783039093
YNL127W,YIL129C,0,2.5335355,0.2582553029060364,0.5239999890327454,0.15049999952316284
YOR336W,YLL019C,0,2.5331984,0.2581280767917633,0.5239999890327454,0.15060000121593475
YDR146C,YFR047C,0,2.5330172,0.2580009698867798,0.5239999890327454,0.15070000290870667
YHR002W,YAR008W,0,2.5317469,0.2578740119934082,0.5239999890327454,0.15080000460147858
YFR029W,YDR276C,0,2.5316377,0.25774717330932617,0.5239999890327454,0.1509000062942505
YLR274W,YDL123W,0,2.53148,0.2576204538345337,0.5239999890327454,0.1509999930858612
YNL072W,YMR293C,0,2.5308518,0.25749385356903076,0.5239999890327454,0.15109999477863312
YLR011W,YKL006C-A,0,2.530521,0.2573673725128174,0.5239999890327454,0.15119999647140503
YMR189W,YMR161W,0,2.530199,0.25724104046821594,0.5239999890327454,0.15129999816417694
YJR048W,YPR151C,0,2.5297663,0.25711482763290405,0.5239999890327454,0.15139999985694885
YNL288W,YGL018C,0,2.529385,0.2569887340068817,0.5239999890327454,0.15150000154972076
YDR287W,YOL034W,0,2.5293317,0.2568627595901489,0.5239999890327454,0.15160000324249268
YGL023C,YGL256W,0,2.5289102,0.2567369043827057,0.5239999890327454,0.1517000049352646
YLR330W,YAL068C,1,2.528719,0.2571008801460266,0.5249999761581421,0.1517000049352646
YIL132C,YNL088W,1,2.5286,0.2574644982814789,0.5260000228881836,0.1517000049352646
YPR068C,YHR094C,0,2.528555,0.2573385536670685,0.5260000228881836,0.1518000066280365
YHR019C,YBR056W,0,2.5280502,0.25721272826194763,0.5260000228881836,0.15189999341964722
YNL050C,YDR530C,0,2.5280151,0.25708699226379395,0.5260000228881836,0.15199999511241913
YPL181W,YPL122C,0,2.5272822,0.2569614052772522,0.5260000228881836,0.15209999680519104
YNR021W,YAL038W,0,2.5267944,0.2568359375,0.5260000228881836,0.15219999849796295
YMR283C,YNL208W,0,2.5265293,0.25671058893203735,0.5260000228881836,0.15230000019073486
YBR120C,YDR001C,0,2.526516,0.25658535957336426,0.5260000228881836,0.15240000188350677
YPL076W,YDL091C,0,2.5263863,0.2564602494239807,0.5260000228881836,0.1525000035762787
YNL304W,YGL184C,0,2.5263615,0.2563352882862091,0.5260000228881836,0.1526000052690506
YDL066W,YJL141C,0,2.5263257,0.25621041655540466,0.5260000228881836,0.1527000069618225
YHR001W,YJR053W,0,2.5259883,0.25608569383621216,0.5260000228881836,0.15279999375343323
YLR011W,YJL100W,0,2.5256655,0.2559610605239868,0.5260000228881836,0.15289999544620514
YNR002C,YOR195W,0,2.5253234,0.2558365762233734,0.5260000228881836,0.15299999713897705
YGL125W,YNL178W,0,2.525004,0.25571221113204956,0.5260000228881836,0.15309999883174896
YGL061C,YLR084C,0,2.5249557,0.25558793544769287,0.5260000228881836,0.15320000052452087
YGL116W,YMR291W,0,2.5249517,0.2554638087749481,0.5260000228881836,0.15330000221729279
YPR134W,YAL031C,0,2.5239806,0.2553398013114929,0.5260000228881836,0.1534000039100647
YGR132C,YBL013W,0,2.5233455,0.25521591305732727,0.5260000228881836,0.1535000056028366
YCR021C,YNL243W,0,2.5233188,0.25509214401245117,0.5260000228881836,0.15360000729560852
YLR320W,YDR392W,1,2.5231457,0.2554532289505005,0.5270000100135803,0.15360000729560852
YGR078C,YOL075C,0,2.5230289,0.2553294599056244,0.5270000100135803,0.15369999408721924
YHR210C,YER054C,0,2.5216708,0.25520581007003784,0.5270000100135803,0.15379999577999115
YDR178W,YNL094W,0,2.521391,0.25508227944374084,0.5270000100135803,0.15389999747276306
YPL084W,YPL120W,0,2.5212324,0.2549588680267334,0.5270000100135803,0.15399999916553497
YGL259W,YFR031C-A,0,2.5206962,0.2548355758190155,0.5270000100135803,0.15410000085830688
YKL022C,YCR068W,0,2.519687,0.25471243262290955,0.5270000100135803,0.1542000025510788
YCL026C-A,YDR311W,0,2.5196772,0.25458937883377075,0.5270000100135803,0.1543000042438507
YPR119W,YLR380W,0,2.519557,0.2544664442539215,0.5270000100135803,0.15440000593662262
YKR006C,YML049C,0,2.519419,0.2543436288833618,0.5270000100135803,0.15449999272823334
YOL023W,YBR243C,0,2.519381,0.2542209327220917,0.5270000100135803,0.15459999442100525
YPL082C,YDR111C,0,2.5188537,0.2540983557701111,0.5270000100135803,0.15469999611377716
YOL029C,YGL196W,0,2.5188131,0.25397589802742004,0.5270000100135803,0.15479999780654907
YLR028C,YDR325W,1,2.5184243,0.2543352544307709,0.527999997138977,0.15479999780654907
YDL107W,YFL053W,0,2.5182967,0.25421279668807983,0.527999997138977,0.15489999949932098
YMR058W,YMR059W,0,2.5182946,0.25409045815467834,0.527999997138977,0.1550000011920929
YGL047W,YBR133C,0,2.518083,0.2539682686328888,0.527999997138977,0.1551000028848648
YLR133W,YJL030W,0,2.518014,0.2538461685180664,0.527999997138977,0.15520000457763672
YJR005W,YOR324C,0,2.5180123,0.2537241578102112,0.527999997138977,0.15530000627040863
YML057W,YDL178W,0,2.517984,0.2536022961139679,0.527999997138977,0.15539999306201935
YER044C-A,YLR320W,1,2.5168583,0.25396063923835754,0.5289999842643738,0.15539999306201935
YHR090C,YER093C,0,2.5148532,0.25383877754211426,0.5289999842643738,0.15549999475479126
YPL128C,YER139C,0,2.5147572,0.2537170350551605,0.5289999842643738,0.15559999644756317
YBL102W,YOL102C,0,2.5145795,0.25359541177749634,0.5289999842643738,0.15569999814033508
YKL182W,YDR084C,0,2.5145535,0.2534738779067993,0.5289999842643738,0.155799999833107
YFL016C,YOL052C-A,0,2.5130126,0.25335249304771423,0.5289999842643738,0.1559000015258789
YJL066C,YMR177W,0,2.5127962,0.2532311975955963,0.5289999842643738,0.15600000321865082
YLR382C,YNL318C,0,2.512515,0.25311005115509033,0.5289999842643738,0.15610000491142273
YJR048W,YEL056W,0,2.5115423,0.2529889941215515,0.5289999842643738,0.15620000660419464
YJL096W,YLR431C,0,2.511381,0.25286805629730225,0.5289999842643738,0.15629999339580536
YLR451W,YIL120W,0,2.5103827,0.2527472674846649,0.5289999842643738,0.15639999508857727
YKR055W,YLR047C,0,2.5103295,0.25262653827667236,0.5289999842643738,0.15649999678134918
YPR112C,YKL220C,0,2.5099266,0.25250595808029175,0.5289999842643738,0.1565999984741211
YNL250W,YDL222C,1,2.5089097,0.2528626024723053,0.5299999713897705,0.1565999984741211
YCL026C-A,YKL149C,0,2.508472,0.2527420222759247,0.5299999713897705,0.156700000166893
YIL117C,YNR073C,0,2.508461,0.25262153148651123,0.5299999713897705,0.15680000185966492
YAR035W,YPL065W,0,2.5082855,0.2525011897087097,0.5299999713897705,0.15690000355243683
YOL090W,YLR263W,1,2.5082734,0.25285714864730835,0.531000018119812,0.15690000355243683
YLR337C,YDR460W,0,2.508181,0.25273680686950684,0.531000018119812,0.15700000524520874
YCR033W,YBR180W,1,2.5061154,0.25309228897094727,0.5320000052452087,0.15700000524520874
YGL001C,YDR108W,0,2.5061002,0.25297194719314575,0.5320000052452087,0.15710000693798065
YJL005W,YIL022W,0,2.5056438,0.2528517246246338,0.5320000052452087,0.15719999372959137
YKL129C,YKL184W,0,2.5055704,0.252731591463089,0.5320000052452087,0.15729999542236328
YNL035C,YKR066C,0,2.5051813,0.25261157751083374,0.5320000052452087,0.1573999971151352
YDL123W,YJR057W,0,2.5049045,0.25249168276786804,0.5320000052452087,0.1574999988079071
YJL089W,YDR294C,0,2.5044417,0.2523719072341919,0.5320000052452087,0.15760000050067902
YNL073W,YDL206W,0,2.5042791,0.2522522509098053,0.5320000052452087,0.15770000219345093
YPL236C,YFR010W,0,2.5040643,0.25213271379470825,0.5320000052452087,0.15780000388622284
YOR008C,YMR025W,0,2.5038261,0.25201326608657837,0.5320000052452087,0.15790000557899475
YLR133W,YNL305C,0,2.5036688,0.25189393758773804,0.5320000052452087,0.15800000727176666
YNL312W,YAL009W,1,2.5028696,0.25224798917770386,0.5329999923706055,0.15800000727176666
YDR097C,YNL307C,1,2.5028658,0.2526017129421234,0.5339999794960022,0.15800000727176666
YER098W,YDR472W,0,2.502752,0.25248226523399353,0.5339999794960022,0.15809999406337738
YPL032C,YBR085W,0,2.5025945,0.2523629367351532,0.5339999794960022,0.1581999957561493
YOL069W,YGL243W,0,2.5025167,0.2522437274456024,0.5339999794960022,0.1582999974489212
YLR042C,YNL243W,0,2.5023098,0.2521246373653412,0.5339999794960022,0.15839999914169312
YGR207C,YPL046C,0,2.501388,0.2520056664943695,0.5339999794960022,0.15850000083446503
YBR216C,YKL112W,0,2.5008836,0.251886785030365,0.5339999794960022,0.15860000252723694
YFL008W,YBR089C-A,0,2.5008035,0.25176802277565,0.5339999794960022,0.15870000422000885
YPR107C,YIL107C,0,2.500554,0.2516493797302246,0.5339999794960022,0.15880000591278076
YMR049C,YDR244W,0,2.4995325,0.25153085589408875,0.5339999794960022,0.15889999270439148
YPR128C,YOL032W,0,2.499485,0.25141242146492004,0.5339999794960022,0.1589999943971634
YML126C,YGL121C,0,2.4994335,0.2512941062450409,0.5339999794960022,0.1590999960899353
YML133C,YDR240C,0,2.4994228,0.2511759102344513,0.5339999794960022,0.15919999778270721
YBR169C,YNR037C,0,2.4993613,0.25105783343315125,0.5339999794960022,0.15929999947547913
YPL075W,YEL011W,0,2.4990015,0.25093984603881836,0.5339999794960022,0.15940000116825104
YCR089W,YOL045W,0,2.497955,0.250821977853775,0.5339999794960022,0.15950000286102295
YPR134W,YBR008C,0,2.4979327,0.25070422887802124,0.5339999794960022,0.15960000455379486
YLL005C,YDL154W,1,2.4977508,0.25105583667755127,0.5350000262260437,0.15960000455379486
YDL111C,YEL004W,0,2.497621,0.2509380877017975,0.5350000262260437,0.15970000624656677
YJR077C,YOL052C-A,0,2.4974356,0.25082042813301086,0.5350000262260437,0.1597999930381775
YDR200C,YGR199W,0,2.4971817,0.2507029175758362,0.5350000262260437,0.1598999947309494
YBR128C,YDR494W,0,2.4971054,0.2505854666233063,0.5350000262260437,0.1599999964237213
YDR129C,YGL078C,0,2.496499,0.2504681646823883,0.5350000262260437,0.16009999811649323
YGR178C,YDR141C,0,2.4964736,0.2503509521484375,0.5350000262260437,0.16019999980926514
YML052W,YNL194C,1,2.4961162,0.25070157647132874,0.5360000133514404,0.16019999980926514
YKL129C,YPR046W,0,2.4960659,0.2505843937397003,0.5360000133514404,0.16030000150203705
YEL041W,YDR383C,0,2.4959266,0.25046730041503906,0.5360000133514404,0.16040000319480896
YLL034C,YMR322C,0,2.4948184,0.25035029649734497,0.5360000133514404,0.16050000488758087
YDR076W,YNL202W,1,2.4945722,0.25070029497146606,0.5370000004768372,0.16050000488758087
YHR142W,YLR288C,0,2.4939322,0.250583291053772,0.5370000004768372,0.16060000658035278
YPL016W,YJR125C,0,2.4936833,0.25046640634536743,0.5370000004768372,0.1606999933719635
YPL056C,YDR109C,0,2.4926968,0.25034964084625244,0.5370000004768372,0.1607999950647354
YMR068W,YHR175W,0,2.4926,0.250232994556427,0.5370000004768372,0.16089999675750732
YLR028C,YDR522C,1,2.4923398,0.250582218170166,0.5379999876022339,0.16089999675750732
YDR082W,YER123W,0,2.4918613,0.2504655420780182,0.5379999876022339,0.16099999845027924
YDL087C,YLR157C,0,2.4908566,0.2503489851951599,0.5379999876022339,0.16110000014305115
YDR146C,YOL158C,0,2.4905396,0.2502325475215912,0.5379999876022339,0.16120000183582306
YNL223W,YPL012W,0,2.490281,0.250116229057312,0.5379999876022339,0.16130000352859497
YMR090W,YBR135W,0,2.4901352,0.25,0.5379999876022339,0.16140000522136688
YOR058C,YJR151C,0,2.490075,0.24988389015197754,0.5379999876022339,0.1615000069141388
YLR377C,YDR212W,0,2.4897745,0.24976786971092224,0.5379999876022339,0.1615999937057495
YPL098C,YPR148C,0,2.489685,0.2496519684791565,0.5379999876022339,0.16169999539852142
YJR017C,YDL139C,0,2.489402,0.2495361715555191,0.5379999876022339,0.16179999709129333
YLR011W,YDR129C,0,2.4889812,0.24942049384117126,0.5379999876022339,0.16189999878406525
YOR317W,YAL047C,0,2.4887676,0.2493049055337906,0.5379999876022339,0.16200000047683716
YNL026W,YLR411W,0,2.4881186,0.24918943643569946,0.5379999876022339,0.16210000216960907
YBL026W,YEL012W,0,2.487992,0.2490740716457367,0.5379999876022339,0.16220000386238098
YKL139W,YBR204C,0,2.4876425,0.24895881116390228,0.5379999876022339,0.1623000055551529
YDR163W,YPL176C,0,2.4871786,0.24884366989135742,0.5379999876022339,0.1624000072479248
YNL044W,YPL004C,0,2.4868379,0.24872861802577972,0.5379999876022339,0.16249999403953552
YGL127C,YPL027W,1,2.486412,0.249075785279274,0.5389999747276306,0.16249999403953552
YGL201C,YHR138C,0,2.4863944,0.2489607334136963,0.5389999747276306,0.16259999573230743
YIL016W,YGR046W,0,2.48552,0.24884580075740814,0.5389999747276306,0.16269999742507935
YCR024C,YGL208W,0,2.4851408,0.24873095750808716,0.5389999747276306,0.16279999911785126
YKL127W,YMR304W,0,2.484082,0.24861623346805573,0.5389999747276306,0.16290000081062317
YOR250C,YHR047C,0,2.482995,0.24850161373615265,0.5389999747276306,0.16300000250339508
YIR028W,YNR026C,0,2.4826558,0.24838709831237793,0.5389999747276306,0.163100004196167
YMR239C,YIL173W,0,2.4826243,0.24827268719673157,0.5389999747276306,0.1632000058889389
YKL049C,YGL226W,0,2.4814882,0.24815838038921356,0.5389999747276306,0.16329999268054962
YKR044W,YIL162W,0,2.4814408,0.2480441778898239,0.5389999747276306,0.16339999437332153
YPL087W,YMR301C,0,2.481339,0.24793007969856262,0.5389999747276306,0.16349999606609344
YPR026W,YNL099C,0,2.4811838,0.2478160858154297,0.5389999747276306,0.16359999775886536
YCL036W,YPL072W,0,2.4810889,0.2477022111415863,0.5389999747276306,0.16369999945163727
YOR193W,YJL069C,0,2.4810514,0.24758842587471008,0.5389999747276306,0.16380000114440918
YJL074C,YPR103W,1,2.481006,0.24793387949466705,0.5400000214576721,0.16380000114440918
YOR084W,YOL016C,0,2.480948,0.24782009422779083,0.5400000214576721,0.1639000028371811
YDL145C,YNL008C,0,2.4807153,0.24770642817020416,0.5400000214576721,0.164000004529953
YMR190C,YOR368W,1,2.4803634,0.24805134534835815,0.5410000085830688,0.164000004529953
YMR021C,YMR033W,0,2.4802146,0.24793767929077148,0.5410000085830688,0.16410000622272491
YDR058C,YNL079C,0,2.4794965,0.24782410264015198,0.5410000085830688,0.16419999301433563
YIL005W,YLR315W,0,2.4793127,0.24771061539649963,0.5410000085830688,0.16429999470710754
YNL058C,YLR359W,0,2.4790204,0.24759724736213684,0.5410000085830688,0.16439999639987946
YCL017C,YPR196W,0,2.4786184,0.2474839836359024,0.5410000085830688,0.16449999809265137
YIL066C,YFL002C,0,2.4784794,0.24737082421779633,0.5410000085830688,0.16459999978542328
YOR007C,YGL156W,0,2.478403,0.2472577691078186,0.5410000085830688,0.1647000014781952
YLR187W,YGR120C,0,2.4775069,0.24714481830596924,0.5410000085830688,0.1648000031709671
YBR083W,YER130C,0,2.4771948,0.24703195691108704,0.5410000085830688,0.164900004863739
YPL043W,YKL206C,0,2.4765208,0.24691921472549438,0.5410000085830688,0.16500000655651093
YPR175W,YBR228W,0,2.476274,0.2468065619468689,0.5410000085830688,0.16509999334812164
YKL065C,YNL297C,0,2.4760838,0.24669402837753296,0.5410000085830688,0.16519999504089355
YJR092W,YHR196W,0,2.4760628,0.24658158421516418,0.5410000085830688,0.16529999673366547
YPL082C,YNR036C,0,2.4754608,0.24646924436092377,0.5410000085830688,0.16539999842643738
YLR005W,YMR207C,0,2.4744284,0.2463570088148117,0.5410000085830688,0.1655000001192093
YIL046W,YOR334W,0,2.474071,0.246244877576828,0.5410000085830688,0.1656000018119812
YJL002C,YGR258C,0,2.4740586,0.24613285064697266,0.5410000085830688,0.1657000035047531
YPL255W,YLR316C,0,2.4736714,0.24602091312408447,0.5410000085830688,0.16580000519752502
YDL161W,YOR138C,0,2.47362,0.24590909481048584,0.5410000085830688,0.16590000689029694
YCR018C,YPR124W,0,2.4734612,0.24579736590385437,0.5410000085830688,0.16599999368190765
YCR106W,YBR229C,0,2.472475,0.24568574130535126,0.5410000085830688,0.16609999537467957
YMR169C,YNR037C,0,2.4724221,0.2455742210149765,0.5410000085830688,0.16619999706745148
YDL054C,YGL047W,0,2.4723506,0.2454627901315689,0.5410000085830688,0.1662999987602234
YLR421C,YKL092C,0,2.4722364,0.24535147845745087,0.5410000085830688,0.1664000004529953
YLR390W,YPL254W,0,2.472155,0.2452402561903,0.5410000085830688,0.1665000021457672
YDR394W,YPL228W,0,2.4716074,0.24512913823127747,0.5410000085830688,0.16660000383853912
YDL091C,YMR322C,0,2.4714766,0.2450181096792221,0.5410000085830688,0.16670000553131104
YBR187W,YMR097C,0,2.4712281,0.2449072003364563,0.5410000085830688,0.16680000722408295
YML112W,YKL213C,0,2.4704216,0.24479638040065765,0.5410000085830688,0.16689999401569366
YOL097C,YOR010C,0,2.4696598,0.24468566477298737,0.5410000085830688,0.16699999570846558
YAL040C,YDL165W,0,2.4683287,0.24457503855228424,0.5410000085830688,0.1670999974012375
YFL061W,YIL121W,0,2.4680004,0.24446453154087067,0.5410000085830688,0.1671999990940094
YOL091W,YPL232W,1,2.4677324,0.24480578303337097,0.5419999957084656,0.1671999990940094
YAL068C,YDL029W,1,2.4676049,0.2451467216014862,0.5429999828338623,0.1671999990940094
YFL009W,YIL108W,0,2.4673538,0.24503609538078308,0.5429999828338623,0.1673000007867813
YNL254C,YNL261W,0,2.4667106,0.2449255734682083,0.5429999828338623,0.16740000247955322
YKR083C,YER162C,0,2.466466,0.2448151558637619,0.5429999828338623,0.16750000417232513
YCR088W,YLR068W,0,2.4664125,0.24470482766628265,0.5429999828338623,0.16760000586509705
YML076C,YOR252W,0,2.466219,0.24459458887577057,0.5429999828338623,0.16769999265670776
YBR078W,YHR122W,0,2.466014,0.24448446929454803,0.5429999828338623,0.16779999434947968
YLR440C,YOL013C,0,2.4654875,0.24437443912029266,0.5429999828338623,0.1678999960422516
YDR395W,YFR045W,0,2.465349,0.24426451325416565,0.5429999828338623,0.1679999977350235
YGL226C-A,YPL189W,0,2.4650283,0.2441546767950058,0.5429999828338623,0.1680999994277954
YKR034W,YGR055W,0,2.4649723,0.2440449446439743,0.5429999828338623,0.16820000112056732
YLR181C,YDR019C,0,2.4649048,0.24393531680107117,0.5429999828338623,0.16830000281333923
YGL049C,YJL100W,0,2.4648366,0.2438257783651352,0.5429999828338623,0.16840000450611115
YKL014C,YDR306C,0,2.464491,0.24371634423732758,0.5429999828338623,0.16850000619888306
YBR088C,YNL202W,1,2.4640274,0.2440556287765503,0.5440000295639038,0.16850000619888306
YFL014W,YCL026C-B,0,2.4638216,0.24394619464874268,0.5440000295639038,0.16859999299049377
YLL055W,YJL093C,0,2.4637055,0.24383684992790222,0.5440000295639038,0.16869999468326569
YLR288C,YKL045W,0,2.463309,0.24372759461402893,0.5440000295639038,0.1687999963760376
YMR009W,YPR113W,0,2.4632003,0.243618443608284,0.5440000295639038,0.1688999980688095
YNL278W,YMR269W,0,2.463096,0.24350939691066742,0.5440000295639038,0.16899999976158142
YDR427W,YBR093C,0,2.4625587,0.2434004545211792,0.5440000295639038,0.16910000145435333
YOR140W,YFR010W,0,2.4625452,0.24329158663749695,0.5440000295639038,0.16920000314712524
YPL087W,YGR067C,0,2.4624333,0.24318283796310425,0.5440000295639038,0.16930000483989716
YNL317W,YOR259C,0,2.4624295,0.2430741786956787,0.5440000295639038,0.16940000653266907
YKR006C,YOR363C,0,2.4623432,0.24296560883522034,0.5440000295639038,0.16949999332427979
YKL203C,YIL050W,0,2.4610689,0.24285714328289032,0.5440000295639038,0.1695999950170517
YLR007W,YOL017W,0,2.4605708,0.24274876713752747,0.5440000295639038,0.1696999967098236
YCR052W,YNL156C,0,2.4605408,0.24264049530029297,0.5440000295639038,0.16979999840259552
YER145C,YCL044C,0,2.4599123,0.24253232777118683,0.5440000295639038,0.16990000009536743
YOR319W,YNL148C,0,2.4595137,0.24242424964904785,0.5440000295639038,0.17000000178813934
YNL172W,YGR171C,0,2.4594479,0.24231626093387604,0.5440000295639038,0.17010000348091125
YMR090W,YOR287C,0,2.458617,0.24220837652683258,0.5440000295639038,0.17020000517368317
YPR103W,YLR234W,1,2.458514,0.24254561960697174,0.5450000166893005,0.17020000517368317
YER014C-A,YIL063C,0,2.4585,0.2424377202987671,0.5450000166893005,0.17030000686645508
YBR302C,YOR284W,0,2.4581058,0.2423299252986908,0.5450000166893005,0.1703999936580658
YAR071W,YHR035W,0,2.457953,0.24222221970558167,0.5450000166893005,0.1704999953508377
YMR014W,YMR169C,0,2.4579484,0.2421146184206009,0.5450000166893005,0.17059999704360962
YDR378C,YDL245C,0,2.4578166,0.24200710654258728,0.5450000166893005,0.17069999873638153
YNL131W,YPR114W,0,2.4576752,0.24189968407154083,0.5450000166893005,0.17080000042915344
YLR117C,YPL210C,0,2.4568665,0.24179236590862274,0.5450000166893005,0.17090000212192535
YJR127C,YHR003C,0,2.4564826,0.24168513715267181,0.5450000166893005,0.17100000381469727
YGR268C,YLR209C,0,2.4558597,0.24157801270484924,0.5450000166893005,0.17110000550746918
YLR083C,YGL017W,0,2.4554045,0.24147097766399384,0.5450000166893005,0.1712000072002411
YPL098C,YDL107W,0,2.4553428,0.2413640320301056,0.5450000166893005,0.1712999939918518
YNR023W,YGL093W,0,2.4548445,0.2412571907043457,0.5450000166893005,0.17139999568462372
YJR083C,YDL091C,0,2.4541016,0.24115043878555298,0.5450000166893005,0.17149999737739563
YDR500C,YOR245C,0,2.454091,0.2410437911748886,0.5450000166893005,0.17159999907016754
YAR035W,YGL238W,0,2.4539495,0.2409372180700302,0.5450000166893005,0.17170000076293945
YLL015W,YER109C,0,2.4532998,0.24083074927330017,0.5450000166893005,0.17180000245571136
YNL009W,YLR066W,0,2.453257,0.2407243847846985,0.5450000166893005,0.17190000414848328
YBL085W,YML110C,0,2.4530654,0.24061809480190277,0.5450000166893005,0.1720000058412552
YDR317W,YFR004W,0,2.4521782,0.2405119091272354,0.5450000166893005,0.1720999926328659
YIL133C,YBR169C,0,2.4517946,0.2404058277606964,0.5450000166893005,0.17219999432563782
YGR192C,YPL029W,0,2.4514675,0.24029982089996338,0.5450000166893005,0.17229999601840973
YJR027W,YBL031W,0,2.4514084,0.2401939183473587,0.5450000166893005,0.17239999771118164
YLR135W,YLR301W,0,2.4507172,0.2400881052017212,0.5450000166893005,0.17249999940395355
YLR466W,YCR068W,0,2.4507143,0.23998238146305084,0.5450000166893005,0.17260000109672546
YMR076C,YDR240C,0,2.4503486,0.23987676203250885,0.5450000166893005,0.17270000278949738
YDL107W,YDR227W,0,2.449994,0.23977123200893402,0.5450000166893005,0.1728000044822693
YJL149W,YPL043W,0,2.449358,0.23966579139232635,0.5450000166893005,0.1729000061750412
YCR033W,YLR248W,1,2.4482422,0.23999999463558197,0.5460000038146973,0.1729000061750412
YOR084W,YKL086W,0,2.4482355,0.2398945540189743,0.5460000038146973,0.17299999296665192
YDL070W,YOR034C,0,2.4481707,0.2397892028093338,0.5460000038146973,0.17309999465942383
YDR097C,YKR031C,1,2.447719,0.24012291431427002,0.546999990940094,0.17309999465942383
YGR163W,YDR484W,0,2.4470594,0.24001754820346832,0.546999990940094,0.17319999635219574
YPR196W,YOR260W,0,2.4467738,0.23991228640079498,0.546999990940094,0.17329999804496765
YOL034W,YDR476C,0,2.446032,0.2398070991039276,0.546999990940094,0.17339999973773956
YPL244C,YKL220C,0,2.4459524,0.2397020161151886,0.546999990940094,0.17350000143051147
YNL123W,YLR247C,0,2.4457543,0.23959702253341675,0.546999990940094,0.1736000031232834
YCR023C,YOR234C,0,2.4455462,0.23949211835861206,0.546999990940094,0.1737000048160553
YGR179C,YFL024C,0,2.445504,0.23938730359077454,0.546999990940094,0.1738000065088272
YGL076C,YDR453C,0,2.4454427,0.23928259313106537,0.546999990940094,0.17389999330043793
YFR040W,YLR058C,0,2.4448416,0.23917795717716217,0.546999990940094,0.17399999499320984
YOR054C,YLR325C,0,2.444735,0.23907342553138733,0.546999990940094,0.17409999668598175
YMR101C,YPR112C,0,2.44448,0.23896898329257965,0.546999990940094,0.17419999837875366
YJR120W,YNL222W,0,2.4434874,0.23886463046073914,0.546999990940094,0.17430000007152557
YIL132C,YJL173C,1,2.4432952,0.23919685184955597,0.5479999780654907,0.17430000007152557
YJL087C,YDR437W,0,2.4418058,0.23909249901771545,0.5479999780654907,0.17440000176429749
YGR245C,YJL210W,0,2.4406433,0.2389882206916809,0.5479999780654907,0.1745000034570694
YBL047C,YFL013C,0,2.4404728,0.23888404667377472,0.5479999780654907,0.1746000051498413
YML118W,YLR129W,0,2.4404635,0.2387799620628357,0.5479999780654907,0.17470000684261322
YIL139C,YBR150C,0,2.440071,0.23867595195770264,0.5479999780654907,0.17479999363422394
YOR059C,YNL148C,0,2.4393024,0.23857204616069794,0.5479999780654907,0.17489999532699585
YER041W,YBR005W,0,2.4390023,0.2384682297706604,0.5479999780654907,0.17499999701976776
YKL188C,YHR077C,0,2.4388013,0.23836450278759003,0.5479999780654907,0.17509999871253967
YLL028W,YOR209C,0,2.4387338,0.23826086521148682,0.5479999780654907,0.17520000040531158
YMR267W,YGR275W,0,2.4380093,0.23815731704235077,0.5479999780654907,0.1753000020980835
YKL124W,YOR049C,0,2.437759,0.23805387318134308,0.5479999780654907,0.1754000037908554
YFL049W,YBL052C,0,2.437523,0.23795050382614136,0.5479999780654907,0.17550000548362732
YJL180C,YKR098C,0,2.4372644,0.2378472238779068,0.5479999780654907,0.17560000717639923
YMR315W,YMR125W,0,2.4369721,0.2377440333366394,0.5479999780654907,0.17569999396800995
YOR101W,YBR204C,0,2.4368682,0.23764093220233917,0.5479999780654907,0.17579999566078186
YER075C,YKL063C,0,2.4367986,0.2375379353761673,0.5479999780654907,0.17589999735355377
YJL216C,YOR212W,0,2.4362307,0.2374350130558014,0.5479999780654907,0.17599999904632568
YNL182C,YOL129W,0,2.4357479,0.23733218014240265,0.5479999780654907,0.1761000007390976
YDL105W,YOL028C,0,2.4350874,0.23722943663597107,0.5479999780654907,0.1762000024318695
YJL047C,YBL041W,0,2.4349422,0.23712678253650665,0.5479999780654907,0.17630000412464142
YJL141C,YDL240W,0,2.434039,0.2370242178440094,0.5479999780654907,0.17640000581741333
YDR261C,YOR219C,0,2.4338171,0.2369217425584793,0.5479999780654907,0.17649999260902405
YOR329C,YLR413W,0,2.4335966,0.23681935667991638,0.5479999780654907,0.17659999430179596
YOR368W,YLR320W,1,2.4333267,0.23714902997016907,0.5490000247955322,0.17659999430179596
YDR246W,YBR015C,0,2.4332387,0.23704662919044495,0.5490000247955322,0.17669999599456787
YML032C,YOL091W,1,2.4330654,0.2373759150505066,0.550000011920929,0.17669999599456787
YPL064C,YCR011C,0,2.4329462,0.23727351427078247,0.550000011920929,0.17679999768733978
YER032W,YDL165W,0,2.4326987,0.23717118799686432,0.550000011920929,0.1768999993801117
YPL207W,YPL170W,0,2.4324572,0.23706896603107452,0.550000011920929,0.1770000010728836
YOR349W,YOR035C,0,2.4322126,0.2369668185710907,0.550000011920929,0.17710000276565552
YDR206W,YDR256C,0,2.431411,0.23686477541923523,0.550000011920929,0.17720000445842743
YMR065W,YGL190C,0,2.4305084,0.23676280677318573,0.550000011920929,0.17730000615119934
YPR198W,YML102W,0,2.4305024,0.2366609275341034,0.550000011920929,0.17739999294281006
YHR143W-A,YCR016W,0,2.4295173,0.23655913770198822,0.550000011920929,0.17749999463558197
YMR002W,YPL253C,0,2.4294825,0.2364574372768402,0.550000011920929,0.17759999632835388
YDR359C,YGR121C,0,2.429141,0.23635582625865936,0.550000011920929,0.1776999980211258
YPR163C,YMR105C,0,2.4285002,0.23625428974628448,0.550000011920929,0.1777999997138977
YOL110W,YNL130C,0,2.4274945,0.23615285754203796,0.550000011920929,0.17790000140666962
YIL017W,YBR023C,1,2.4267232,0.2364806830883026,0.5509999990463257,0.17790000140666962
YBR183W,YMR039C,0,2.4263954,0.2363792359828949,0.5509999990463257,0.17800000309944153
YKL093W,YMR313C,0,2.426343,0.23627787828445435,0.5509999990463257,0.17810000479221344
YDR325W,YER177W,1,2.4261408,0.2366052269935608,0.5519999861717224,0.17810000479221344
YLR341W,YHR079C-B,1,2.425821,0.23693230748176575,0.5529999732971191,0.17810000479221344
YER078C,YER021W,0,2.4256935,0.23683083057403564,0.5529999732971191,0.17820000648498535
YIL117C,YDR091C,0,2.4252405,0.2367294579744339,0.5529999732971191,0.17829999327659607
YOR338W,YGR225W,1,2.424931,0.23705606162548065,0.5540000200271606,0.17829999327659607
YBR239C,YPR010C,0,2.424427,0.23695465922355652,0.5540000200271606,0.17839999496936798
YKR053C,YHL018W,0,2.4242642,0.23685336112976074,0.5540000200271606,0.1784999966621399
YNL169C,YBL026W,0,2.4239726,0.23675213754177094,0.5540000200271606,0.1785999983549118
YLR225C,YOR049C,0,2.4234953,0.2366510033607483,0.5540000200271606,0.17870000004768372
YOR177C,YHR119W,1,2.423351,0.23697693645954132,0.5550000071525574,0.17870000004768372
YKL064W,YKL093W,0,2.4226208,0.23687580227851868,0.5550000071525574,0.17880000174045563
YDL246C,YPR182W,0,2.4222312,0.236774742603302,0.5550000071525574,0.17890000343322754
YNL110C,YDR263C,0,2.4218936,0.2366737723350525,0.5550000071525574,0.17900000512599945
YBR216C,YJL186W,0,2.4217608,0.23657289147377014,0.5550000071525574,0.17910000681877136
YNL094W,YLR316C,0,2.421748,0.23647208511829376,0.5550000071525574,0.17919999361038208
YHR001W,YOR327C,0,2.4216228,0.23637138307094574,0.5550000071525574,0.179299995303154
YHR204W,YDR020C,0,2.4215195,0.2362707555294037,0.5550000071525574,0.1793999969959259
YER118C,YDR460W,0,2.4212804,0.2361702173948288,0.5550000071525574,0.17949999868869781
YPL005W,YGR007W,0,2.4206831,0.23606975376605988,0.5550000071525574,0.17960000038146973
YML057W,YLR315W,0,2.42008,0.2359693944454193,0.5550000071525574,0.17970000207424164
YOR249C,YOR188W,0,2.4197226,0.23586910963058472,0.5550000071525574,0.17980000376701355
YGL250W,YBR107C,1,2.4193509,0.2361937165260315,0.5559999942779541,0.17980000376701355
YBR074W,YLR424W,0,2.4193487,0.2360934168100357,0.5559999942779541,0.17990000545978546
YKR068C,YLR145W,0,2.419195,0.23599320650100708,0.5559999942779541,0.18000000715255737
YJR082C,YBR005W,0,2.4190724,0.23589308559894562,0.5559999942779541,0.1800999939441681
YNL153C,YJR055W,0,2.4188333,0.23579303920269012,0.5559999942779541,0.18019999563694
YBR098W,YDL029W,1,2.4187112,0.23611700534820557,0.5569999814033508,0.18019999563694
YDR419W,YMR034C,0,2.4185596,0.23601694405078888,0.5569999814033508,0.18029999732971191
YLR205C,YBR125C,0,2.4185083,0.23591698706150055,0.5569999814033508,0.18039999902248383
YAL051W,YBR120C,0,2.4185061,0.2358171045780182,0.5569999814033508,0.18050000071525574
YAL002W,YAR008W,0,2.4182105,0.235717311501503,0.5569999814033508,0.18060000240802765
YJL110C,YPR155C,0,2.417543,0.23561759293079376,0.5569999814033508,0.18070000410079956
YDR021W,YLL051C,0,2.4170752,0.2355179637670517,0.5569999814033508,0.18080000579357147
YER108C,YOR297C,0,2.4170558,0.2354184240102768,0.5569999814033508,0.1808999925851822
YPR128C,YER042W,0,2.4169087,0.23531897366046906,0.5569999814033508,0.1809999942779541
YBR098W,YNL194C,1,2.4162936,0.23564189672470093,0.5580000281333923,0.1809999942779541
YMR115W,YOR339C,0,2.4151118,0.2355424165725708,0.5580000281333923,0.181099995970726
YBL014C,YIL061C,0,2.4150743,0.23544304072856903,0.5580000281333923,0.18119999766349792
YDR463W,YPL113C,0,2.4147437,0.23534373939037323,0.5580000281333923,0.18129999935626984
YER094C,YDR141C,0,2.4146361,0.2352445125579834,0.5580000281333923,0.18140000104904175
YOL089C,YKL092C,0,2.414544,0.23514539003372192,0.5580000281333923,0.18150000274181366
YAL031C,YNR019W,0,2.4138374,0.23504634201526642,0.5580000281333923,0.18160000443458557
YJL127C,YHR091C,0,2.4135273,0.23494736850261688,0.5580000281333923,0.18170000612735748
YKL184W,YHL035C,0,2.4133506,0.2348484843969345,0.5580000281333923,0.1817999929189682
YJR117W,YML102W,0,2.413316,0.2347496896982193,0.5580000281333923,0.1818999946117401
YBR115C,YNL314W,0,2.4121513,0.23465096950531006,0.5580000281333923,0.18199999630451202
YIL036W,YGL048C,0,2.4115372,0.23455233871936798,0.5580000281333923,0.18209999799728394
YNL321W,YKR053C,0,2.410989,0.23445378243923187,0.5580000281333923,0.18219999969005585
YPL203W,YPL187W,0,2.410285,0.23435531556606293,0.5580000281333923,0.18230000138282776
YGL225W,YKL022C,0,2.410189,0.23425692319869995,0.5580000281333923,0.18240000307559967
YBR106W,YMR197C,0,2.4101536,0.23415862023830414,0.5580000281333923,0.18250000476837158
YDR004W,YLR320W,1,2.4100294,0.2344798594713211,0.5590000152587891,0.18250000476837158
YOR018W,YHL025W,0,2.4098334,0.2343815565109253,0.5590000152587891,0.1826000064611435
YNL233W,YML019W,0,2.4096296,0.23428331315517426,0.5590000152587891,0.1826999932527542
YMR052W,YOR206W,0,2.4092698,0.23418517410755157,0.5590000152587891,0.18279999494552612
YJL173C,YPL027W,1,2.4089878,0.23450586199760437,0.5600000023841858,0.18279999494552612
YJL160C,YGL073W,0,2.4088006,0.2344077080488205,0.5600000023841858,0.18289999663829803
YHR083W,YJL047C,0,2.4085808,0.2343096286058426,0.5600000023841858,0.18299999833106995
YER172C,YER139C,0,2.4085286,0.23421162366867065,0.5600000023841858,0.18310000002384186
YOR371C,YHR128W,0,2.4084952,0.23411370813846588,0.5600000023841858,0.18320000171661377
YGL098W,YAL054C,0,2.408376,0.23401588201522827,0.5600000023841858,0.18330000340938568
YPL117C,YIR003W,0,2.4076738,0.23391813039779663,0.5600000023841858,0.1834000051021576
YBL003C,YIL062C,0,2.4073584,0.23382045328617096,0.5600000023841858,0.1835000067949295
YLR383W,YML099C,0,2.4064214,0.23372286558151245,0.5600000023841858,0.18359999358654022
YPL015C,YGL086W,0,2.4060795,0.2336253672838211,0.5600000023841858,0.18369999527931213
YMR089C,YKL206C,0,2.4059052,0.23352794349193573,0.5600000023841858,0.18379999697208405
YHL025W,YHR091C,0,2.4055939,0.23343059420585632,0.5600000023841858,0.18389999866485596
YOR123C,YLR408C,0,2.4052472,0.23333333432674408,0.5600000023841858,0.18400000035762787
YGR090W,YLR251W,0,2.4052107,0.2332361489534378,0.5600000023841858,0.18410000205039978
YLR378C,YNL236W,0,2.4043872,0.2331390529870987,0.5600000023841858,0.1842000037431717
YAR008W,YKL038W,0,2.40394,0.23304203152656555,0.5600000023841858,0.1843000054359436
YKL101W,YBL102W,0,2.4034967,0.23294508457183838,0.5600000023841858,0.18440000712871552
YKL125W,YFR028C,0,2.4029636,0.23284822702407837,0.5600000023841858,0.18449999392032623
YKL222C,YCR057C,0,2.4026341,0.23275145888328552,0.5600000023841858,0.18459999561309814
YMR077C,YKR028W,0,2.4024053,0.23265475034713745,0.5600000023841858,0.18469999730587006
YGR258C,YKR003W,0,2.4019997,0.23255814611911774,0.5600000023841858,0.18479999899864197
YKR067W,YJL179W,0,2.4019327,0.2324616014957428,0.5600000023841858,0.18490000069141388
YGR004W,YBL052C,0,2.4015193,0.23236514627933502,0.5600000023841858,0.1850000023841858
YOL034W,YNL284C,0,2.4012132,0.23226876556873322,0.5600000023841858,0.1851000040769577
YOL055C,YCL035C,0,2.4002547,0.23217247426509857,0.5600000023841858,0.18520000576972961
YGL183C,YER177W,1,2.4002104,0.232490673661232,0.5609999895095825,0.18520000576972961
YPL207W,YPR025C,0,2.4000592,0.23239436745643616,0.5609999895095825,0.18529999256134033
YNL163C,YPL150W,0,2.3997316,0.2322981357574463,0.5609999895095825,0.18539999425411224
YPL255W,YIL088C,0,2.3996954,0.23220199346542358,0.5609999895095825,0.18549999594688416
YOR249C,YAR066W,0,2.399633,0.23210591077804565,0.5609999895095825,0.18559999763965607
YGL241W,YKR098C,0,2.3993402,0.23200993239879608,0.5609999895095825,0.18569999933242798
YNL160W,YLR417W,0,2.39929,0.23191401362419128,0.5609999895095825,0.1858000010251999
YMR089C,YGL112C,0,2.398525,0.23181818425655365,0.5609999895095825,0.1859000027179718
YGL096W,YKL210W,0,2.3978367,0.23172242939472198,0.5609999895095825,0.1860000044107437
YKL107W,YOR188W,0,2.3973067,0.2316267490386963,0.5609999895095825,0.18610000610351562
YNL190W,YPL141C,0,2.3967528,0.23153115808963776,0.5609999895095825,0.18619999289512634
YML038C,YJL078C,0,2.396003,0.2314356416463852,0.5609999895095825,0.18629999458789825
YNR030W,YJR050W,0,2.395466,0.2313401997089386,0.5609999895095825,0.18639999628067017
YDR302W,YDL174C,0,2.3946793,0.23124484717845917,0.5609999895095825,0.18649999797344208
YPR097W,YJL053W,0,2.3945496,0.2311495691537857,0.5609999895095825,0.186599999666214
YAL068C,YFL033C,1,2.394318,0.23146623373031616,0.5619999766349792,0.186599999666214
YMR267W,YPL190C,0,2.3942282,0.2313709408044815,0.5619999766349792,0.1867000013589859
YDR389W,YOR330C,0,2.3940148,0.23127572238445282,0.5619999766349792,0.1868000030517578
YAL029C,YDL049C,0,2.393288,0.2311805784702301,0.5619999766349792,0.18690000474452972
YCR055C,YGL226C-A,0,2.3929682,0.23108552396297455,0.5619999766349792,0.18700000643730164
YDL121C,YJL159W,0,2.3927698,0.23099054396152496,0.5619999766349792,0.18709999322891235
YDR110W,YJL167W,0,2.392375,0.23089563846588135,0.5619999766349792,0.18719999492168427
YJR078W,YOR285W,0,2.3918533,0.2308008223772049,0.5619999766349792,0.18729999661445618
YHR012W,YOR261C,0,2.391351,0.2307060807943344,0.5619999766349792,0.1873999983072281
YCR043C,YML076C,0,2.3911364,0.2306114137172699,0.5619999766349792,0.1875
YCL008C,YNL323W,0,2.3911011,0.23051682114601135,0.5619999766349792,0.1876000016927719
YJR082C,YLR289W,0,2.3905625,0.23042230308055878,0.5619999766349792,0.18770000338554382
YJR078W,YKL006C-A,0,2.3905253,0.23032787442207336,0.5619999766349792,0.18780000507831573
YBR115C,YOL045W,0,2.3904405,0.23023350536823273,0.5619999766349792,0.18790000677108765
YKR034W,YOR045W,0,2.3901622,0.23013922572135925,0.5619999766349792,0.18799999356269836
YFL033C,YDR446W,1,2.38974,0.23045435547828674,0.5630000233650208,0.18799999356269836
YOL094C,YMR272C,0,2.3894286,0.23036006093025208,0.5630000233650208,0.18809999525547028
YGL179C,YLR277C,0,2.3884676,0.23026585578918457,0.5630000233650208,0.1881999969482422
YOR018W,YDL070W,0,2.3883784,0.23017171025276184,0.5630000233650208,0.1882999986410141
YBR141C,YNL233W,0,2.387767,0.23007763922214508,0.5630000233650208,0.188400000333786
YMR119W,YGR145W,0,2.3872566,0.22998365759849548,0.5630000233650208,0.18850000202655792
YER019C-A,YMR090W,0,2.386493,0.22988975048065186,0.5630000233650208,0.18860000371932983
YDR367W,YBR070C,0,2.3863263,0.2297959178686142,0.5630000233650208,0.18870000541210175
YDR195W,YER150W,0,2.3859074,0.2297021597623825,0.5630000233650208,0.18880000710487366
YNL222W,YLR154W-C,0,2.3858528,0.2296084761619568,0.5630000233650208,0.18889999389648438
YIL088C,YML100W,0,2.3854153,0.22951488196849823,0.5630000233650208,0.1889999955892563
YLR117C,YDR057W,0,2.3847108,0.22942134737968445,0.5630000233650208,0.1890999972820282
YPR072W,YER019W,0,2.3836908,0.22932790219783783,0.5630000233650208,0.1891999989748001
YIL159W,YLR442C,0,2.383578,0.22923453152179718,0.5630000233650208,0.18930000066757202
YBR295W,YBL028C,0,2.3834398,0.2291412353515625,0.5630000233650208,0.18940000236034393
YBR235W,YLR377C,0,2.3833795,0.2290480136871338,0.5630000233650208,0.18950000405311584
YBR202W,YLR050C,0,2.3833756,0.22895486652851105,0.5630000233650208,0.18960000574588776
YDL174C,YOR327C,0,2.3830795,0.22886179387569427,0.5630000233650208,0.18970000743865967
YIL132C,YJL001W,1,2.3824263,0.2291751354932785,0.5640000104904175,0.18970000743865967
YKR039W,YPL088W,0,2.3822784,0.22908204793930054,0.5640000104904175,0.18979999423027039
YPL002C,YPL012W,0,2.3822675,0.22898903489112854,0.5640000104904175,0.1898999959230423
YCR097WB,YDL018C,0,2.381896,0.2288961112499237,0.5640000104904175,0.1899999976158142
YKR102W,YNL302C,0,2.3817334,0.22880324721336365,0.5640000104904175,0.19009999930858612
YBR244W,YHR058C,0,2.3808181,0.22871045768260956,0.5640000104904175,0.19020000100135803
YLR132C,YMR149W,0,2.3803449,0.22861775755882263,0.5640000104904175,0.19030000269412994
YJL112W,YBR287W,0,2.3797681,0.22852511703968048,0.5640000104904175,0.19040000438690186
YNL036W,YPL040C,0,2.3796163,0.2284325659275055,0.5640000104904175,0.19050000607967377
YMR093W,YKL061W,0,2.3790867,0.22834007441997528,0.5640000104904175,0.19059999287128448
YLR394W,YJL074C,1,2.3786085,0.22865237295627594,0.5649999976158142,0.19059999287128448
YIL014W,YDR383C,0,2.378579,0.22855986654758453,0.5649999976158142,0.1906999945640564
YPL127C,YGR284C,0,2.3784637,0.2284674495458603,0.5649999976158142,0.1907999962568283
YCL016C,YGL190C,0,2.3784413,0.22837510704994202,0.5649999976158142,0.19089999794960022
YDL142C,YLR190W,0,2.3784275,0.22828282415866852,0.5649999976158142,0.19099999964237213
YGL098W,YLR043C,0,2.378341,0.22819063067436218,0.5649999976158142,0.19110000133514404
YDL243C,YPL259C,0,2.37827,0.22809851169586182,0.5649999976158142,0.19120000302791595
YDR394W,YOR310C,0,2.3779235,0.22800645232200623,0.5649999976158142,0.19130000472068787
YOR028C,YOR291W,0,2.3778853,0.2279144823551178,0.5649999976158142,0.19140000641345978
YKL074C,YDL139C,0,2.3777742,0.22782258689403534,0.5649999976158142,0.1914999932050705
YNL177C,YPL187W,0,2.3773947,0.22773075103759766,0.5649999976158142,0.1915999948978424
YCR086W,YIR026C,1,2.3766918,0.2280419021844864,0.5659999847412109,0.1915999948978424
YOL115W,YDR541C,0,2.3766341,0.2279500663280487,0.5659999847412109,0.19169999659061432
YDR267C,YOR113W,0,2.3762546,0.2278582900762558,0.5659999847412109,0.19179999828338623
YLR160C,YMR182C,0,2.3757973,0.22776660323143005,0.5659999847412109,0.19189999997615814
YCR021C,YFR047C,0,2.3757443,0.22767497599124908,0.5659999847412109,0.19200000166893005
YGL196W,YLR289W,0,2.3755224,0.22758343815803528,0.5659999847412109,0.19210000336170197
YOR304C-A,YLR037C,0,2.375436,0.22749195992946625,0.5659999847412109,0.19220000505447388
YLR362W,YKL095W,0,2.3754222,0.22740055620670319,0.5659999847412109,0.1923000067472458
YBL072C,YGR125W,0,2.3749712,0.2273092418909073,0.5659999847412109,0.1923999935388565
YHR066W,YFL024C,0,2.374947,0.22721798717975616,0.5659999847412109,0.19249999523162842
YFL016C,YNL282W,0,2.3747606,0.227126806974411,0.5659999847412109,0.19259999692440033
YNL304W,YML067C,0,2.3747387,0.22703570127487183,0.5659999847412109,0.19269999861717224
YER040W,YGL094C,0,2.3745008,0.2269446700811386,0.5659999847412109,0.19280000030994415
YDL103C,YOR191W,0,2.3742988,0.22685371339321136,0.5659999847412109,0.19290000200271606
YJL149W,YCR026C,0,2.3738348,0.2267628163099289,0.5659999847412109,0.19300000369548798
YJR140C,YKL196C,0,2.3733783,0.2266720086336136,0.5659999847412109,0.1931000053882599
YDR097C,YLR219W,1,2.3732595,0.22698158025741577,0.5669999718666077,0.1931000053882599
YHR112C,YIL038C,0,2.373036,0.22689075767993927,0.5669999718666077,0.1932000070810318
YML086C,YKL020C,0,2.3728786,0.22679999470710754,0.5669999718666077,0.19329999387264252
YBL016W,YPL150W,0,2.372868,0.22670932114124298,0.5669999718666077,0.19339999556541443
YPR194C,YKL146W,0,2.3727846,0.2266187071800232,0.5669999718666077,0.19349999725818634
YBL036C,YEL063C,0,2.3726296,0.22652816772460938,0.5669999718666077,0.19359999895095825
YGL212W,YNL029C,0,2.3724527,0.22643770277500153,0.5669999718666077,0.19370000064373016
YDL087C,YDR398W,0,2.3722932,0.22634731233119965,0.5669999718666077,0.19380000233650208
YOL090W,YAL056W,1,2.3712611,0.2266560196876526,0.5680000185966492,0.19380000233650208
YDR346C,YPL088W,0,2.370186,0.22656561434268951,0.5680000185966492,0.193900004029274
YML029W,YDR173C,0,2.370113,0.2264752835035324,0.5680000185966492,0.1940000057220459
YOL124C,YCL035C,0,2.3699927,0.22638501226902008,0.5680000185966492,0.1941000074148178
YJL098W,YGL174W,0,2.3695939,0.22629481554031372,0.5680000185966492,0.19419999420642853
YOL128C,YDR338C,0,2.3694158,0.22620469331741333,0.5680000185966492,0.19429999589920044
YEL024W,YLR222C,0,2.3693604,0.2261146456003189,0.5680000185966492,0.19439999759197235
YOR208W,YML065W,0,2.3692923,0.22602467238903046,0.5680000185966492,0.19449999928474426
YDL170W,YMR075W,0,2.3689215,0.22593475878238678,0.5680000185966492,0.19460000097751617
YLR225C,YGR183C,0,2.3683043,0.22584493458271027,0.5680000185966492,0.19470000267028809
YAL014C,YOL093W,0,2.368261,0.22575516998767853,0.5680000185966492,0.19480000436306
YGR207C,YIR022W,0,2.3682113,0.22566547989845276,0.5680000185966492,0.1949000060558319
YLR234W,YMR063W,1,2.3680465,0.2259729951620102,0.5690000057220459,0.1949000060558319
YLR307W,YDR155C,1,2.36651,0.22628027200698853,0.5699999928474426,0.1949000060558319
YDR237W,YLR408C,0,2.3657198,0.2261904776096344,0.5699999928474426,0.19499999284744263
YDL239C,YHR079C-B,1,2.3657022,0.22649742662906647,0.5709999799728394,0.19499999284744263
YJL005W,YBL018C,0,2.3654094,0.22640761733055115,0.5709999799728394,0.19509999454021454
YBR098W,YOR298W,1,2.3650498,0.22671422362327576,0.5720000267028809,0.19509999454021454
YJR057W,YOR149C,0,2.3649046,0.22662439942359924,0.5720000267028809,0.19519999623298645
YDL189W,YAR033W,0,2.3648639,0.2265346497297287,0.5720000267028809,0.19529999792575836
YLR307W,YKR099W,1,2.3648176,0.22684085369110107,0.5730000138282776,0.19529999792575836
YLR117C,YJL176C,0,2.364764,0.22675108909606934,0.5730000138282776,0.19539999961853027
YCR016W,YNL008C,0,2.3647056,0.22666139900684357,0.5730000138282776,0.19550000131130219
YKR089C,YLR069C,0,2.3645582,0.22657176852226257,0.5730000138282776,0.1956000030040741
YOR250C,YLR421C,0,2.3644624,0.22648221254348755,0.5730000138282776,0.195700004696846
YMR231W,YPL066W,0,2.3643587,0.2263927310705185,0.5730000138282776,0.19580000638961792
YHR003C,YDR453C,0,2.3640096,0.2263033241033554,0.5730000138282776,0.19589999318122864
YPL061W,YIR018W,0,2.3639169,0.2262139767408371,0.5730000138282776,0.19599999487400055
YBR168W,YER019W,0,2.3634295,0.22612470388412476,0.5730000138282776,0.19609999656677246
YKL014C,YGL153W,0,2.3628664,0.22603550553321838,0.5730000138282776,0.19619999825954437
YIL140W,YBR094W,0,2.3627758,0.2259463667869568,0.5730000138282776,0.19629999995231628
YGR285C,YHL050C,0,2.362567,0.22585731744766235,0.5730000138282776,0.1964000016450882
YKL008C,YHR016C,0,2.362211,0.2257683277130127,0.5730000138282776,0.1965000033378601
YIL123W,YOL017W,0,2.3619356,0.2256793975830078,0.5730000138282776,0.19660000503063202
YFL061W,YIR039C,0,2.3615782,0.2255905568599701,0.5730000138282776,0.19670000672340393
YHR124W,YIR019C,0,2.3613691,0.22550177574157715,0.5730000138282776,0.19679999351501465
YAL048C,YNL251C,0,2.361292,0.22541305422782898,0.5730000138282776,0.19689999520778656
YOR298W,YPL200W,1,2.3611188,0.22571764886379242,0.5740000009536743,0.19689999520778656
YLR348C,YCL026C-A,0,2.3608737,0.22562892735004425,0.5740000009536743,0.19699999690055847
YER015W,YKL161C,0,2.3607519,0.22554028034210205,0.5740000009536743,0.19709999859333038
YML001W,YDL077C,0,2.360607,0.22545169293880463,0.5740000009536743,0.1972000002861023
YPL147W,YIR013C,0,2.3604972,0.22536316514015198,0.5740000009536743,0.1973000019788742
YOR321W,YKL134C,0,2.3601131,0.2252747267484665,0.5740000009536743,0.19740000367164612
YGL005C,YIL122W,0,2.3598466,0.22518634796142578,0.5740000009536743,0.19750000536441803
YPL002C,YPL132W,0,2.359488,0.22509804368019104,0.5740000009536743,0.19760000705718994
YGR032W,YIR026C,1,2.358832,0.22540180385112762,0.574999988079071,0.19760000705718994
YOR077W,YFL052W,0,2.3579457,0.2253134846687317,0.574999988079071,0.19769999384880066
YMR021C,YJL057C,0,2.3574958,0.22522522509098053,0.574999988079071,0.19779999554157257
YLR002C,YKL013C,0,2.3568323,0.22513704001903534,0.574999988079071,0.19789999723434448
YIL037C,YGL224C,0,2.3567748,0.22504892945289612,0.574999988079071,0.1979999989271164
YPL055C,YHR119W,1,2.3563838,0.22535210847854614,0.5759999752044678,0.1979999989271164
YOR264W,YCL038C,0,2.356049,0.22526398301124573,0.5759999752044678,0.1981000006198883
YGR065C,YDR244W,0,2.355815,0.2251759171485901,0.5759999752044678,0.19820000231266022
YNL326C,YBR228W,0,2.3550224,0.22508792579174042,0.5759999752044678,0.19830000400543213
YHR047C,YIR010W,0,2.3549032,0.22499999403953552,0.5759999752044678,0.19840000569820404
YNL009W,YDL140C,0,2.3539536,0.2249121367931366,0.5759999752044678,0.19850000739097595
YOL052C-A,YKR098C,0,2.3538074,0.22482435405254364,0.5759999752044678,0.19859999418258667
YHR050W,YAR031W,0,2.35379,0.22473663091659546,0.5759999752044678,0.19869999587535858
YNL264C,YLR128W,0,2.353056,0.22464898228645325,0.5759999752044678,0.1987999975681305
YDR235W,YDR058C,0,2.3529968,0.224561408162117,0.5759999752044678,0.1988999992609024
YLR007W,YOR059C,0,2.3527484,0.22447389364242554,0.5759999752044678,0.19900000095367432
YBR227C,YDL058W,0,2.352396,0.22438643872737885,0.5759999752044678,0.19910000264644623
YJR150C,YKL077W,0,2.352162,0.22429905831813812,0.5759999752044678,0.19920000433921814
YCR033W,YLR308W,1,2.3516018,0.22460101544857025,0.5770000219345093,0.19920000433921814
YNR075W,YOR030W,0,2.3508945,0.22451362013816833,0.5770000219345093,0.19930000603199005
YBL089W,YAR071W,0,2.3506138,0.2244262993335724,0.5770000219345093,0.19939999282360077
YBL113C,YHL021C,0,2.3504896,0.22433903813362122,0.5770000219345093,0.19949999451637268
YNR032W,YER109C,0,2.3502274,0.224251851439476,0.5770000219345093,0.1995999962091446
YNL208W,YDR109C,0,2.3500662,0.22416472434997559,0.5770000219345093,0.1996999979019165
YIR034C,YGR238C,0,2.350029,0.22407767176628113,0.5770000219345093,0.19979999959468842
YNR006W,YDR175C,0,2.3495462,0.22399067878723145,0.5770000219345093,0.19990000128746033
YER162C,YOL121C,0,2.3493185,0.22390376031398773,0.5770000219345093,0.20000000298023224
YIL085C,YER139C,0,2.3488162,0.22381691634655,0.5770000219345093,0.20010000467300415
YNL183C,YBR265W,0,2.3487484,0.22373013198375702,0.5770000219345093,0.20020000636577606
YJL059W,YPL135W,0,2.3486364,0.22364340722560883,0.5770000219345093,0.20029999315738678
YDR470C,YCR020W-B,0,2.3483257,0.2235567569732666,0.5770000219345093,0.2003999948501587
YER078C,YFR024C-A,0,2.3479555,0.22347018122673035,0.5770000219345093,0.2004999965429306
YOR388C,YIL177C,0,2.347607,0.22338366508483887,0.5770000219345093,0.20059999823570251
YLR307W,YNL102W,1,2.347393,0.22368420660495758,0.578000009059906,0.20059999823570251
YIL007C,YFR036W,0,2.3473568,0.2235976755619049,0.578000009059906,0.20069999992847443
YJR152W,YGL189C,0,2.347289,0.2235112190246582,0.578000009059906,0.20080000162124634
YFL056C,YIL162W,0,2.346949,0.22342482209205627,0.578000009059906,0.20090000331401825
YIL132C,YLL040C,1,2.346283,0.22372488677501678,0.5789999961853027,0.20090000331401825
YFL011W-A,YFL023W,0,2.3460958,0.22363847494125366,0.5789999961853027,0.20100000500679016
YGL099W,YHR079C-A,1,2.3460045,0.2239382266998291,0.5799999833106995,0.20100000500679016
YAL007C,YKL201C,0,2.3459604,0.22385179996490479,0.5799999833106995,0.20110000669956207
YPR140W,YDR460W,0,2.3456163,0.22376543283462524,0.5799999833106995,0.2011999934911728
YGR096W,YOR054C,0,2.3455713,0.22367914021015167,0.5799999833106995,0.2012999951839447
YMR173W,YOR285W,0,2.3455288,0.22359290719032288,0.5799999833106995,0.2013999968767166
YNR018W,YPL189W,0,2.3454702,0.22350674867630005,0.5799999833106995,0.20149999856948853
YER033C,YML067C,0,2.3454125,0.223420649766922,0.5799999833106995,0.20160000026226044
YIR005W,YDL092W,0,2.3453972,0.22333461046218872,0.5799999833106995,0.20170000195503235
YDR296W,YDL036C,0,2.3452187,0.2232486456632614,0.5799999833106995,0.20180000364780426
YIR019C,YBR110W,0,2.344936,0.22316275537014008,0.5799999833106995,0.20190000534057617
YDR028C,YJR140C,0,2.3448699,0.2230769246816635,0.5799999833106995,0.20200000703334808
YML080W,YLL057C,0,2.3448007,0.22299115359783173,0.5799999833106995,0.2020999938249588
YLR042C,YMR274C,0,2.3445303,0.2229054570198059,0.5799999833106995,0.2021999955177307
YDR155C,YDR403W,1,2.3435261,0.22320400178432465,0.5809999704360962,0.2021999955177307
YPL270W,YLR274W,0,2.343309,0.22311827540397644,0.5809999704360962,0.20229999721050262
YKL082C,YML033W,0,2.342749,0.2230326235294342,0.5809999704360962,0.20239999890327454
YAL059W,YCR011C,0,2.3427281,0.22294704616069794,0.5809999704360962,0.20250000059604645
YML004C,YHR143W-A,0,2.3423848,0.22286152839660645,0.5809999704360962,0.20260000228881836
YMR092C,YBL035C,0,2.3421638,0.22277607023715973,0.5809999704360962,0.20270000398159027
YPL066W,YGR112W,0,2.3413343,0.22269068658351898,0.5809999704360962,0.20280000567436218
YDL024C,YER063W,0,2.341236,0.222605362534523,0.5809999704360962,0.2029000073671341
YJL127C,YLR289W,0,2.3409834,0.222520112991333,0.5809999704360962,0.2029999941587448
YGL060W,YGL190C,0,2.3408613,0.22243492305278778,0.5809999704360962,0.20309999585151672
YLR194C,YLR069C,0,2.3407235,0.22234979271888733,0.5809999704360962,0.20319999754428864
YMR207C,YPL015C,0,2.3404229,0.22226472198963165,0.5809999704360962,0.20329999923706055
YPR110C,YLR408C,0,2.340331,0.22217972576618195,0.5809999704360962,0.20340000092983246
YCR033W,YPR103W,1,2.3400893,0.22247706353664398,0.5820000171661377,0.20340000092983246
YKL071W,YNR060W,0,2.3399453,0.22239205241203308,0.5820000171661377,0.20350000262260437
YML025C,YFR045W,0,2.3394756,0.22230710089206696,0.5820000171661377,0.20360000431537628
YLR240W,YPR140W,0,2.3386211,0.2222222238779068,0.5820000171661377,0.2037000060081482
YCL008C,YOR205C,0,2.338309,0.22213740646839142,0.5820000171661377,0.2037999927997589
YKR083C,YAL014C,0,2.3379228,0.2220526486635208,0.5820000171661377,0.20389999449253082
YNL256W,YHR061C,0,2.3378775,0.22196796536445618,0.5820000171661377,0.20399999618530273
YKL182W,YKR075C,0,2.3376262,0.22188334167003632,0.5820000171661377,0.20409999787807465
YFR040W,YBR254C,0,2.337597,0.22179877758026123,0.5820000171661377,0.20419999957084656
YDL189W,YDR179C,0,2.3372533,0.22171428799629211,0.5820000171661377,0.20430000126361847
YGR180C,YBR081C,0,2.3372355,0.22162985801696777,0.5820000171661377,0.20440000295639038
YCR033W,YGL194C,1,2.3371809,0.22192615270614624,0.5830000042915344,0.20440000295639038
YGL092W,YDL223C,0,2.3366199,0.2218417078256607,0.5830000042915344,0.2045000046491623
YPR065W,YDR294C,0,2.3363795,0.22175732254981995,0.5830000042915344,0.2046000063419342
YHR210C,YMR068W,0,2.3362045,0.22167299687862396,0.5830000042915344,0.20469999313354492
YGR240C,YBR173C,0,2.3358812,0.22158874571323395,0.5830000042915344,0.20479999482631683
YJL216C,YGL061C,0,2.3358746,0.2215045541524887,0.5830000042915344,0.20489999651908875
YGL144C,YEL012W,0,2.335353,0.22142043709754944,0.5830000042915344,0.20499999821186066
YPR121W,YML082W,0,2.3351235,0.22133636474609375,0.5830000042915344,0.20509999990463257
YKL192C,YPR160W,0,2.3345387,0.22125236690044403,0.5830000042915344,0.20520000159740448
YEL060C,YHR133C,0,2.333623,0.22116844356060028,0.5830000042915344,0.2053000032901764
YKL101W,YLR337C,0,2.333434,0.2210845649242401,0.5830000042915344,0.2054000049829483
YKL091C,YDL202W,0,2.3329113,0.2210007607936859,0.5830000042915344,0.20550000667572021
YJR129C,YNR032C-A,0,2.3328357,0.2209170162677765,0.5830000042915344,0.20559999346733093
YDR480W,YPR025C,0,2.3324707,0.22083333134651184,0.5830000042915344,0.20569999516010284
YDL213C,YOR113W,0,2.3322618,0.22074972093105316,0.5830000042915344,0.20579999685287476
YPL276W,YDR345C,0,2.3322015,0.22066615521907806,0.5830000042915344,0.20589999854564667
YJR150C,YDR090C,0,2.332158,0.22058266401290894,0.5830000042915344,0.20600000023841858
YML132W,YIL019W,0,2.3321226,0.22049924731254578,0.5830000042915344,0.2061000019311905
YJL051W,YGL198W,0,2.332026,0.2204158753156662,0.5830000042915344,0.2062000036239624
YGR260W,YPL196W,0,2.3320093,0.2203325778245926,0.5830000042915344,0.20630000531673431
YGL065C,YOL102C,0,2.3318565,0.22024933993816376,0.5830000042915344,0.20640000700950623
YKR096W,YJL181W,0,2.331548,0.2201661616563797,0.5830000042915344,0.20649999380111694
YDR006C,YNL148C,0,2.3303685,0.22008304297924042,0.5830000042915344,0.20659999549388885
YOR138C,YOR266W,0,2.3300238,0.2199999988079071,0.5830000042915344,0.20669999718666077
YIL010W,YOL017W,0,2.3297274,0.21991701424121857,0.5830000042915344,0.20679999887943268
YNR021W,YKR071C,0,2.3294766,0.2198340892791748,0.5830000042915344,0.2069000005722046
YGR122W,YHL003C,0,2.3290644,0.21975122392177582,0.5830000042915344,0.2070000022649765
YCR093W,YJR055W,0,2.3289337,0.2196684181690216,0.5830000042915344,0.2071000039577484
YPR107C,YER081W,0,2.3276088,0.21958568692207336,0.5830000042915344,0.20720000565052032
YPR113W,YGL243W,0,2.3275976,0.2195030152797699,0.5830000042915344,0.20730000734329224
YKR096W,YGL130W,0,2.3275144,0.2194204032421112,0.5830000042915344,0.20739999413490295
YOR156C,YJR105W,0,2.3274782,0.2193378508090973,0.5830000042915344,0.20749999582767487
YDR213W,YMR308C,0,2.3272328,0.21925535798072815,0.5830000042915344,0.20759999752044678
YBR261C,YNR075W,0,2.327139,0.21917293965816498,0.5830000042915344,0.2076999992132187
YFL052W,YGL208W,0,2.3270285,0.2190905660390854,0.5830000042915344,0.2078000009059906
YDR163W,YNL063W,0,2.3265514,0.21900826692581177,0.5830000042915344,0.2079000025987625
YFL050C,YDL155W,0,2.3260758,0.21892602741718292,0.5830000042915344,0.20800000429153442
YJL098W,YPL265W,0,2.3253999,0.21884384751319885,0.5830000042915344,0.20810000598430634
YEL048C,YHR128W,0,2.324937,0.21876172721385956,0.5830000042915344,0.20819999277591705
YKL090W,YDR100W,0,2.324578,0.21867966651916504,0.5830000042915344,0.20829999446868896
YIL168W,YIL087C,0,2.3245678,0.2185976803302765,0.5830000042915344,0.20839999616146088
YLR028C,YMR048W,1,2.3240325,0.21889054775238037,0.5839999914169312,0.20839999616146088
YDR254W,YER032W,0,2.3236487,0.21880854666233063,0.5839999914169312,0.2084999978542328
YGR028W,YER060W,0,2.3236394,0.21872659027576447,0.5839999914169312,0.2085999995470047
YEL052W,YPL138C,0,2.3228123,0.21864470839500427,0.5839999914169312,0.2087000012397766
YDR076W,YGL054C,1,2.3220708,0.21893712878227234,0.5849999785423279,0.2087000012397766
YPL113C,YOR027W,0,2.3217292,0.21885521709918976,0.5849999785423279,0.20880000293254852
YBL047C,YGR169C,0,2.321641,0.21877337992191315,0.5849999785423279,0.20890000462532043
YDR398W,YNL156C,0,2.321316,0.21869158744812012,0.5849999785423279,0.20900000631809235
YEL026W,YGL010W,0,2.3207226,0.21860986948013306,0.5849999785423279,0.20909999310970306
YJR092W,YEL022W,0,2.3204584,0.21852819621562958,0.5849999785423279,0.20919999480247498
YIL035C,YBR204C,0,2.3201885,0.21844659745693207,0.5849999785423279,0.2092999964952469
YIL135C,YKR075C,0,2.3199916,0.21836505830287933,0.5849999785423279,0.2093999981880188
YKL039W,YKL113C,0,2.3199697,0.21828357875347137,0.5849999785423279,0.2094999998807907
YOR357C,YKL026C,0,2.3194528,0.2182021588087082,0.5849999785423279,0.20960000157356262
YGR004W,YDL091C,0,2.3187504,0.21812079846858978,0.5849999785423279,0.20970000326633453
YPR091C,YOR196C,0,2.317446,0.21803951263427734,0.5849999785423279,0.20980000495910645
YMR288W,YDR294C,0,2.316994,0.2179582715034485,0.5849999785423279,0.20990000665187836
YDR350C,YOR173W,0,2.3165193,0.2178770899772644,0.5849999785423279,0.20999999344348907
YPL209C,YOR073W,1,2.3165119,0.21816827356815338,0.5860000252723694,0.20999999344348907
YNL045W,YOR071C,0,2.31638,0.2180870920419693,0.5860000252723694,0.210099995136261
YPL129W,YJL094C,0,2.3163795,0.2180059552192688,0.5860000252723694,0.2101999968290329
YKL039W,YOR259C,0,2.3163464,0.21792487800121307,0.5860000252723694,0.2102999985218048
YER183C,YAL017W,0,2.3161983,0.21784386038780212,0.5860000252723694,0.21040000021457672
YHR045W,YDR499W,0,2.3153384,0.21776291728019714,0.5860000252723694,0.21050000190734863
YJL112W,YGL246C,0,2.314738,0.21768201887607574,0.5860000252723694,0.21060000360012054
YOR328W,YBR029C,0,2.3144636,0.21760119497776031,0.5860000252723694,0.21070000529289246
YBR044C,YKL092C,0,2.3143208,0.21752041578292847,0.5860000252723694,0.21080000698566437
YKL080W,YLR315W,0,2.3142402,0.2174396961927414,0.5860000252723694,0.21089999377727509
YHL009C,YER014W,0,2.3141375,0.2173590511083603,0.5860000252723694,0.210999995470047
YPL132W,YDR246W,0,2.31368,0.21727845072746277,0.5860000252723694,0.2110999971628189
YDR378C,YML047C,0,2.313586,0.21719792485237122,0.5860000252723694,0.21119999885559082
YBR028C,YKL026C,0,2.312487,0.21711744368076324,0.5860000252723694,0.21130000054836273
YDR482C,YDL100C,0,2.3122025,0.21703703701496124,0.5860000252723694,0.21140000224113464
YKL188C,YLR178C,0,2.312077,0.21695668995380402,0.5860000252723694,0.21150000393390656
YGR003W,YLL051C,0,2.3116317,0.21687638759613037,0.5860000252723694,0.21160000562667847
YJL149W,YNL124W,0,2.311498,0.2167961597442627,0.5860000252723694,0.21170000731945038
YNL142W,YLR044C,0,2.3111978,0.2167159765958786,0.5860000252723694,0.2117999941110611
YLR129W,YDR258C,0,2.3107975,0.21663585305213928,0.5860000252723694,0.211899995803833
YPR144C,YDR216W,0,2.310393,0.21655580401420593,0.5860000252723694,0.21199999749660492
YML092C,YER014W,0,2.310292,0.21647579967975616,0.5860000252723694,0.21209999918937683
YMR195W,YMR260C,0,2.309082,0.21639586985111237,0.5860000252723694,0.21220000088214874
YLR268W,YDR405W,0,2.3090022,0.21631598472595215,0.5860000252723694,0.21230000257492065
YDR138W,YNL223W,0,2.308313,0.2162361592054367,0.5860000252723694,0.21240000426769257
YGL071W,YBR094W,0,2.3082948,0.21615639328956604,0.5860000252723694,0.21250000596046448
YJL187C,YAL068C,1,2.308137,0.2164454311132431,0.5870000123977661,0.21250000596046448
YDR127W,YGL153W,0,2.307922,0.21636565029621124,0.5870000123977661,0.2125999927520752
YLR352W,YNR051C,0,2.3075442,0.21628592908382416,0.5870000123977661,0.2126999944448471
YKL127W,YMR089C,0,2.3074648,0.21620626747608185,0.5870000123977661,0.21279999613761902
YLR382C,YDR310C,0,2.3074565,0.21612665057182312,0.5870000123977661,0.21289999783039093
YBR302C,YNR028W,0,2.3072853,0.21604710817337036,0.5870000123977661,0.21299999952316284
YGL174W,YLR315W,0,2.306653,0.21596762537956238,0.5870000123977661,0.21310000121593475
YNL180C,YMR145C,0,2.3062954,0.21588818728923798,0.5870000123977661,0.21320000290870667
YLL023C,YML075C,0,2.3062677,0.21580882370471954,0.5870000123977661,0.21330000460147858
YLR336C,YGL044C,0,2.306141,0.2157295048236847,0.5870000123977661,0.2134000062942505
YNL134C,YJL160C,0,2.3056605,0.2156502604484558,0.5870000123977661,0.2134999930858612
YBR162C,YBR272C,0,2.3044257,0.2155710607767105,0.5870000123977661,0.21359999477863312
YBR061C,YBR145W,0,2.304336,0.21549192070960999,0.5870000123977661,0.21369999647140503
YEL046C,YGR222W,0,2.3040886,0.21541284024715424,0.5870000123977661,0.21379999816417694
YBR096W,YFL066C,0,2.3036058,0.21533381938934326,0.5870000123977661,0.21389999985694885
YML021C,YML120C,0,2.3035402,0.21525485813617706,0.5870000123977661,0.21400000154972076
YBR026C,YML028W,0,2.3034782,0.21517595648765564,0.5870000123977661,0.21410000324249268
YLL053C,YNL223W,0,2.3032348,0.2150970995426178,0.5870000123977661,0.2142000049352646
YPL046C,YPL047W,0,2.3032284,0.21501831710338593,0.5870000123977661,0.2143000066280365
YDL230W,YPL266W,0,2.3029773,0.21493957936763763,0.5870000123977661,0.21439999341964722
YLR055C,YGR216C,0,2.3029437,0.21486090123653412,0.5870000123977661,0.21449999511241913
YDR064W,YIL097W,0,2.3025064,0.21478229761123657,0.5870000123977661,0.21459999680519104
YBR089C-A,YGL073W,0,2.3024979,0.2147037237882614,0.5870000123977661,0.21469999849796295
YOR026W,YOL141W,0,2.3024044,0.21462522447109222,0.5870000123977661,0.21480000019073486
YBL034C,YBR015C,0,2.3019598,0.2145467847585678,0.5870000123977661,0.21490000188350677
YFL061W,YJL203W,0,2.3013363,0.21446838974952698,0.5870000123977661,0.2150000035762787
YNR023W,YNL094W,0,2.3007991,0.21439006924629211,0.5870000123977661,0.2151000052690506
YMR011W,YGR140W,0,2.3007596,0.21431179344654083,0.5870000123977661,0.2152000069618225
YCL019W,YML127W,0,2.3005397,0.21423357725143433,0.5870000123977661,0.21529999375343323
YDR082W,YBR162W-A,0,2.3004842,0.2141554206609726,0.5870000123977661,0.21539999544620514
YBR169C,YOR260W,0,2.3001354,0.21407730877399445,0.5870000123977661,0.21549999713897705
YER017C,YLR085C,0,2.299708,0.21399927139282227,0.5870000123977661,0.21559999883174896
YOL001W,YJR043C,0,2.2987993,0.21392127871513367,0.5870000123977661,0.21570000052452087
YCR060W,YNR002C,0,2.2982044,0.21384334564208984,0.5870000123977661,0.21580000221729279
YOR259C,YIL050W,0,2.297995,0.2137654721736908,0.5870000123977661,0.2159000039100647
YMR113W,YNR028W,0,2.2973132,0.21368765830993652,0.5870000123977661,0.2160000056028366
YCL008C,YJL003W,0,2.2968605,0.21360990405082703,0.5870000123977661,0.21610000729560852
YLR050C,YPL006W,0,2.2964957,0.2135321944952011,0.5870000123977661,0.21619999408721924
YNL083W,YOR003W,0,2.296307,0.21345454454421997,0.5870000123977661,0.21629999577999115
YML013W,YPR082C,0,2.296023,0.2133769541978836,0.5870000123977661,0.21639999747276306
YPR169W,YJR151C,0,2.294987,0.21329942345619202,0.5870000123977661,0.21649999916553497
YOR113W,YCR016W,0,2.2941976,0.213221937417984,0.5870000123977661,0.21660000085830688
YDR416W,YDR040C,0,2.293972,0.21314451098442078,0.5870000123977661,0.2167000025510788
YGR044C,YGR221C,0,2.2933288,0.21306714415550232,0.5870000123977661,0.2168000042438507
YKR067W,YHL050C,0,2.2931817,0.21298983693122864,0.5870000123977661,0.21690000593662262
YGL063W,YPL140C,0,2.2927022,0.21291258931159973,0.5870000123977661,0.21699999272823334
YDR528W,YPL192C,0,2.2909954,0.2128353863954544,0.5870000123977661,0.21709999442100525
YLR166C,YGR235C,0,2.290731,0.21275824308395386,0.5870000123977661,0.21719999611377716
YJL053W,YDR145W,0,2.2901626,0.21268115937709808,0.5870000123977661,0.21729999780654907
YLR181C,YNL329C,0,2.2900705,0.21260413527488708,0.5870000123977661,0.21739999949932098
YPR043W,YJR109C,0,2.29004,0.21252715587615967,0.5870000123977661,0.2175000011920929
YIL085C,YNL305C,0,2.2897854,0.21245023608207703,0.5870000123977661,0.2176000028848648
YPL056C,YPL189W,0,2.288435,0.21237337589263916,0.5870000123977661,0.21770000457763672
YHR050W,YPL066W,0,2.2884116,0.21229656040668488,0.5870000123977661,0.21780000627040863
YCR088W,YNL164C,0,2.2881086,0.21221981942653656,0.5870000123977661,0.21789999306201935
YKL208W,YDL223C,0,2.2879734,0.21214310824871063,0.5870000123977661,0.21799999475479126
YOR018W,YKL095W,0,2.2878294,0.21206647157669067,0.5870000123977661,0.21809999644756317
YKR006C,YOR283W,0,2.28763,0.2119898945093155,0.5870000123977661,0.21819999814033508
YKL126W,YDR142C,0,2.2875812,0.2119133621454239,0.5870000123977661,0.218299999833107
YDR155C,YMR063W,1,2.2874174,0.21219776570796967,0.5879999995231628,0.218299999833107
YAR071W,YBR208C,0,2.2873502,0.21212121844291687,0.5879999995231628,0.2184000015258789
YMR286W,YJR073C,0,2.2871597,0.21204471588134766,0.5879999995231628,0.21850000321865082
YAR014C,YJR125C,0,2.2869651,0.21196827292442322,0.5879999995231628,0.21860000491142273
YGR125W,YPL129W,0,2.2859344,0.21189188957214355,0.5879999995231628,0.21870000660419464
YCL032W,YNL216W,0,2.2859275,0.21181556582450867,0.5879999995231628,0.21879999339580536
YJL174W,YBR008C,0,2.2854183,0.21173928678035736,0.5879999995231628,0.21889999508857727
YPR182W,YKL206C,0,2.285402,0.21166306734085083,0.5879999995231628,0.21899999678134918
YHR139C,YAL056W,1,2.284909,0.2119467407464981,0.5889999866485596,0.21899999678134918
YLR054C,YDL222C,1,2.2845397,0.21223022043704987,0.5899999737739563,0.21899999678134918
YNR063W,YHR135C,0,2.28432,0.21215389668941498,0.5899999737739563,0.2190999984741211
YCR087C-A,YLR042C,0,2.2829201,0.21207764744758606,0.5899999737739563,0.219200000166893
YGL131C,YNL259C,0,2.2824256,0.21200144290924072,0.5899999737739563,0.21930000185966492
YIR019C,YMR123W,0,2.2821317,0.21192528307437897,0.5899999737739563,0.21940000355243683
YPL200W,YGL127C,1,2.282131,0.21220825612545013,0.5910000205039978,0.21940000355243683
YLR205C,YPL230W,0,2.281767,0.21213209629058838,0.5910000205039978,0.21950000524520874
YPL030W,YMR271C,0,2.2816546,0.2120559811592102,0.5910000205039978,0.21960000693798065
YER115C,YOL090W,1,2.281525,0.21233859658241272,0.5920000076293945,0.21960000693798065
YPL270W,YLR284C,0,2.2812307,0.21226246654987335,0.5920000076293945,0.21969999372959137
YBL004W,YDR541C,0,2.2812057,0.21218638122081757,0.5920000076293945,0.21979999542236328
YDR087C,YPL099C,0,2.281139,0.21211035549640656,0.5920000076293945,0.2198999971151352
YNL190W,YDR412W,0,2.2810535,0.21203438937664032,0.5920000076293945,0.2199999988079071
YBR029C,YMR262W,0,2.2804933,0.21195846796035767,0.5920000076293945,0.22010000050067902
YOL033W,YGL038C,0,2.2804434,0.2118826061487198,0.5920000076293945,0.22020000219345093
YGR070W,YGR229C,0,2.279992,0.21180680394172668,0.5920000076293945,0.22030000388622284
YEL060C,YJL089W,0,2.2798994,0.21173104643821716,0.5920000076293945,0.22040000557899475
YHR043C,YER103W,0,2.2791197,0.21165534853935242,0.5920000076293945,0.22050000727176666
YJL089W,YJR051W,0,2.2790108,0.21157969534397125,0.5920000076293945,0.22059999406337738
YML041C,YNL209W,0,2.2787917,0.21150410175323486,0.5920000076293945,0.2206999957561493
YJL123C,YOR045W,0,2.2786002,0.21142856776714325,0.5920000076293945,0.2207999974489212
YKL209C,YGL094C,0,2.2785861,0.2113530933856964,0.5920000076293945,0.22089999914169312
YMR267W,YGL208W,0,2.2779317,0.21127766370773315,0.5920000076293945,0.22100000083446503
YPL210C,YNR071C,0,2.2778015,0.21120227873325348,0.5920000076293945,0.22110000252723694
YIR039C,YGL233W,0,2.2773037,0.21112696826457977,0.5920000076293945,0.22120000422000885
YOL115W,YCR065W,0,2.2772858,0.21105168759822845,0.5920000076293945,0.22130000591278076
YJR028W,YJL134W,0,2.277277,0.2109764814376831,0.5920000076293945,0.22139999270439148
YDR301W,YML110C,0,2.2771788,0.21090131998062134,0.5920000076293945,0.2214999943971634
YBR112C,YOL044W,0,2.2768404,0.21082621812820435,0.5920000076293945,0.2215999960899353
YIL006W,YGL208W,0,2.2763612,0.21075116097927094,0.5920000076293945,0.22169999778270721
YJR049C,YBR298C,0,2.2759647,0.2106761634349823,0.5920000076293945,0.22179999947547913
YPL082C,YLR085C,0,2.2757494,0.21060121059417725,0.5920000076293945,0.22190000116825104
YNL229C,YPR079W,0,2.27498,0.21052631735801697,0.5920000076293945,0.22200000286102295
YNL243W,YHL026C,0,2.2744846,0.21045146882534027,0.5920000076293945,0.22210000455379486
YDR461W,YPL163C,0,2.2744608,0.21037669479846954,0.5920000076293945,0.22220000624656677
YHR039C,YLR320W,1,2.2743745,0.21065719425678253,0.5929999947547913,0.22220000624656677
YMR273C,YPL171C,0,2.274019,0.21058239042758942,0.5929999947547913,0.2222999930381775
YHR035W,YGR091W,0,2.2737818,0.21050763130187988,0.5929999947547913,0.2223999947309494
YDR111C,YPR061C,0,2.2736464,0.21043293178081512,0.5929999947547913,0.2224999964237213
YKR099C-A,YOR327C,0,2.2730346,0.21035827696323395,0.5929999947547913,0.22259999811649323
YKR067W,YNR003C,0,2.2725658,0.21028368175029755,0.5929999947547913,0.22269999980926514
YCR045C,YDR258C,0,2.2724965,0.21020914614200592,0.5929999947547913,0.22280000150203705
YBR274W,YLL018C-A,0,2.272488,0.21013465523719788,0.5929999947547913,0.22290000319480896
YNL010W,YHR098C,0,2.2724352,0.2100602239370346,0.5929999947547913,0.22300000488758087
YDL215C,YKL185W,0,2.2721038,0.20998583734035492,0.5929999947547913,0.22310000658035278
YNL099C,YLR369W,0,2.272078,0.20991151034832,0.5929999947547913,0.2231999933719635
YMR267W,YKL095W,0,2.2720106,0.20983722805976868,0.5929999947547913,0.2232999950647354
YHR035W,YBR173C,0,2.2714622,0.20976300537586212,0.5929999947547913,0.22339999675750732
YNL302C,YNR072W,0,2.2713277,0.20968882739543915,0.5929999947547913,0.22349999845027924
YPR097W,YNL051W,0,2.271282,0.20961470901966095,0.5929999947547913,0.22360000014305115
YCR042C,YGR113W,0,2.2712557,0.20954063534736633,0.5929999947547913,0.22370000183582306
YNL258C,YHR205W,0,2.271125,0.2094666212797165,0.5929999947547913,0.22380000352859497
YNL173C,YKL110C,0,2.2708995,0.20939265191555023,0.5929999947547913,0.22390000522136688
YOL049W,YGR143W,0,2.270535,0.20931874215602875,0.5929999947547913,0.2240000069141388
YOL116W,YDL117W,0,2.2701273,0.20924487709999084,0.5929999947547913,0.2240999937057495
YFR018C,YDR173C,0,2.2696347,0.20917107164859772,0.5929999947547913,0.22419999539852142
YIL017W,YKR099W,1,2.269577,0.20944993197917938,0.593999981880188,0.22419999539852142
YGR161C,YBL036C,0,2.2695317,0.20937609672546387,0.593999981880188,0.22429999709129333
YPL042C,YCR091W,0,2.2684498,0.20930232107639313,0.593999981880188,0.22439999878406525
YBR278W,YPL135W,0,2.2680895,0.20922860503196716,0.593999981880188,0.22450000047683716
YKR068C,YBR169C,0,2.2676082,0.20915493369102478,0.593999981880188,0.22460000216960907
YOR209C,YGL180W,0,2.2674932,0.20908130705356598,0.593999981880188,0.22470000386238098
YML099C,YOL012C,0,2.267014,0.20900774002075195,0.593999981880188,0.2248000055551529
YHR166C,YPR104C,0,2.2665138,0.2089342176914215,0.593999981880188,0.2249000072479248
YBL052C,YJR149W,0,2.2655132,0.20886075496673584,0.593999981880188,0.22499999403953552
YML036W,YJL093C,0,2.265455,0.20878735184669495,0.593999981880188,0.22509999573230743
YPL058C,YMR295C,0,2.2654011,0.20871397852897644,0.593999981880188,0.22519999742507935
YPR068C,YJR083C,0,2.2651854,0.2086406797170639,0.593999981880188,0.22529999911785126
YMR291W,YDR075W,0,2.2651596,0.20856741070747375,0.593999981880188,0.22540000081062317
YLR323C,YER075C,0,2.26511,0.20849420130252838,0.593999981880188,0.22550000250339508
YFL025C,YDL216C,0,2.264893,0.20842105150222778,0.593999981880188,0.225600004196167
YGR003W,YPL057C,0,2.2646616,0.20834794640541077,0.593999981880188,0.2257000058889389
YPR140W,YFL053W,0,2.264575,0.20827490091323853,0.593999981880188,0.22579999268054962
YJR053W,YHR187W,0,2.2641618,0.20820190012454987,0.593999981880188,0.22589999437332153
YOR328W,YNL290W,0,2.2639186,0.2081289440393448,0.593999981880188,0.22599999606609344
YPL209C,YNL307C,1,2.2635996,0.20840629935264587,0.5950000286102295,0.22599999606609344
YPR002W,YDR227W,0,2.2635243,0.2083333283662796,0.5950000286102295,0.22609999775886536
YDR208W,YOR330C,0,2.2633986,0.2082604169845581,0.5950000286102295,0.22619999945163727
YOR018W,YMR225C,0,2.2631805,0.2081875503063202,0.5950000286102295,0.22630000114440918
YBR026C,YLR003C,0,2.2627308,0.20811472833156586,0.5950000286102295,0.2264000028371811
YKR096W,YGR163W,0,2.2624865,0.2080419510602951,0.5950000286102295,0.226500004529953
YNL202W,YFL033C,1,2.2623048,0.2083187699317932,0.5960000157356262,0.226500004529953
YMR065W,YKL194C,0,2.262229,0.20824597775936127,0.5960000157356262,0.22660000622272491
YCR042C,YER124C,0,2.262073,0.2081732451915741,0.5960000157356262,0.22669999301433563
YER008C,YER123W,0,2.261884,0.2081005573272705,0.5960000157356262,0.22679999470710754
YDR287W,YPR020W,0,2.261653,0.2080279290676117,0.5960000157356262,0.22689999639987946
YLR042C,YJL042W,0,2.2614436,0.20795534551143646,0.5960000157356262,0.22699999809265137
YHR051W,YOR362C,0,2.2608364,0.2078828066587448,0.5960000157356262,0.22709999978542328
YNL082W,YBR107C,1,2.2602088,0.20815899968147278,0.597000002861023,0.22709999978542328
YNL054W,YLR055C,0,2.2600417,0.20808644592761993,0.597000002861023,0.2272000014781952
YPL036W,YDR147W,0,2.2597785,0.20801393687725067,0.597000002861023,0.2273000031709671
YPR200C,YDL148C,0,2.2596822,0.20794148743152618,0.597000002861023,0.227400004863739
YLR256W,YKL172W,0,2.25884,0.20786908268928528,0.597000002861023,0.22750000655651093
YHR004C,YLL005C,1,2.2586474,0.20814479887485504,0.5979999899864197,0.22750000655651093
YPR201W,YLR193C,0,2.258451,0.20807237923145294,0.5979999899864197,0.22759999334812164
YKR089C,YGL078C,0,2.2582774,0.20800000429153442,0.5979999899864197,0.22769999504089355
YPL007C,YIL127C,0,2.257885,0.2079276740550995,0.5979999899864197,0.22779999673366547
YGR120C,YBR161W,0,2.2574852,0.20785540342330933,0.5979999899864197,0.22789999842643738
YGL216W,YOR301W,0,2.2574427,0.20778317749500275,0.5979999899864197,0.2280000001192093
YEL019C,YNR074C,0,2.2567737,0.20771101117134094,0.5979999899864197,0.2281000018119812
YJL117W,YGR271W,0,2.2566965,0.20763888955116272,0.5979999899864197,0.2282000035047531
YAL005C,YOR100C,0,2.2566376,0.20756681263446808,0.5979999899864197,0.22830000519752502
YGR125W,YOR010C,0,2.2565217,0.2074947953224182,0.5979999899864197,0.22840000689029694
YJL176C,YDR145W,0,2.2565024,0.20742282271385193,0.5979999899864197,0.22849999368190765
YKR096W,YNL305C,0,2.2563856,0.20735089480876923,0.5979999899864197,0.22859999537467957
YER058W,YDL119C,0,2.256216,0.2072790265083313,0.5979999899864197,0.22869999706745148
YDR204W,YDL005C,0,2.2561893,0.20720720291137695,0.5979999899864197,0.2287999987602234
YFL009W,YGR067C,0,2.2561362,0.20713543891906738,0.5979999899864197,0.2289000004529953
YOL108C,YLR312W-A,0,2.255793,0.2070637047290802,0.5979999899864197,0.2290000021457672
YIR032C,YLR043C,0,2.255748,0.206992045044899,0.5979999899864197,0.22910000383853912
YJR078W,YJL208C,0,2.255703,0.20692041516304016,0.5979999899864197,0.22920000553131104
YHR079C,YOL034W,0,2.2554588,0.2068488448858261,0.5979999899864197,0.22930000722408295
YIL017W,YNL202W,1,2.2554219,0.20712310075759888,0.5989999771118164,0.22930000722408295
YMR244C-A,YPL213W,0,2.2554123,0.20705150067806244,0.5989999771118164,0.22939999401569366
YNR018W,YKL134C,0,2.2551277,0.20697996020317078,0.5989999771118164,0.22949999570846558
YEL062W,YHR169W,0,2.2549932,0.2069084644317627,0.5989999771118164,0.2295999974012375
YGL241W,YOR065W,0,2.2548065,0.2068370133638382,0.5989999771118164,0.2296999990940094
YJR073C,YLR369W,0,2.253781,0.20676562190055847,0.5989999771118164,0.2298000007867813
YKR007W,YOR301W,0,2.253637,0.20669427514076233,0.5989999771118164,0.22990000247955322
YIR032C,YLR360W,0,2.2531202,0.20662297308444977,0.5989999771118164,0.23000000417232513
YLR077W,YPL045W,0,2.252979,0.20655173063278198,0.5989999771118164,0.23010000586509705
YJL006C,YIL139C,0,2.2527757,0.20648051798343658,0.5989999771118164,0.23019999265670776
YCR089W,YKL209C,0,2.2522867,0.20640937983989716,0.5989999771118164,0.23029999434947968
YJL114W,YBR089C-A,0,2.2522652,0.20633827149868011,0.5989999771118164,0.2303999960422516
YDL247W,YKR045C,0,2.2521362,0.20626722276210785,0.5989999771118164,0.2304999977350235
YHL028W,YLR191W,0,2.2514331,0.20619621872901917,0.5989999771118164,0.2305999994277954
YGR092W,YDR316W,0,2.2513747,0.20612525939941406,0.5989999771118164,0.23070000112056732
YBR193C,YOL154W,0,2.2509277,0.20605434477329254,0.5989999771118164,0.23080000281333923
YOR173W,YFR049W,0,2.2507882,0.2059834897518158,0.5989999771118164,0.23090000450611115
YBL076C,YLR164W,0,2.2507741,0.20591267943382263,0.5989999771118164,0.23100000619888306
YOR129C,YJR055W,0,2.249779,0.20584192872047424,0.5989999771118164,0.23109999299049377
YLR004C,YLR244C,0,2.2495873,0.20577120780944824,0.5989999771118164,0.23119999468326569
YHR190W,YJL030W,0,2.2490528,0.20570054650306702,0.5989999771118164,0.2312999963760376
YNL072W,YLR203C,0,2.2477992,0.20562992990016937,0.5989999771118164,0.2313999980688095
YJL098W,YDR090C,0,2.2477129,0.2055593729019165,0.5989999771118164,0.23149999976158142
YLR288C,YOR194C,0,2.247662,0.20548884570598602,0.5989999771118164,0.23160000145435333
YNL257C,YLR345W,0,2.2474391,0.20541837811470032,0.5989999771118164,0.23170000314712524
YGL107C,YOR087W,0,2.2474225,0.2053479552268982,0.5989999771118164,0.23180000483989716
YLR213C,YIL017W,1,2.2471342,0.20562028884887695,0.6000000238418579,0.23180000483989716
YDL197C,YBR244W,0,2.2467234,0.20554985105991364,0.6000000238418579,0.23190000653266907
YMR190C,YLR272C,1,2.246086,0.2058219164609909,0.6010000109672546,0.23190000653266907
YDR079W,YFL053W,0,2.2456062,0.2057514488697052,0.6010000109672546,0.23199999332427979
YOR016C,YGR161C,0,2.2449815,0.20568104088306427,0.6010000109672546,0.2320999950170517
YDR260C,YHR157W,1,2.2448072,0.20595279335975647,0.6019999980926514,0.2320999950170517
YGL002W,YOR017W,0,2.2446694,0.20588235557079315,0.6019999980926514,0.2321999967098236
YDR110W,YKR088C,0,2.2446308,0.20581196248531342,0.6019999980926514,0.23229999840259552
YMR044W,YCR017C,0,2.2443788,0.20574162900447845,0.6019999980926514,0.23240000009536743
YML030W,YBR161W,0,2.2442348,0.20567134022712708,0.6019999980926514,0.23250000178813934
YHR157W,YDR097C,1,2.2441142,0.20594261586666107,0.6029999852180481,0.23250000178813934
YDL197C,YLR284C,0,2.243782,0.2058723121881485,0.6029999852180481,0.23260000348091125
YDR415C,YJR131W,0,2.2432187,0.2058020532131195,0.6029999852180481,0.23270000517368317
YOR319W,YDL193W,0,2.2430298,0.2057318389415741,0.6029999852180481,0.23280000686645508
YOL135C,YNL087W,0,2.2427146,0.20566166937351227,0.6029999852180481,0.2328999936580658
YLR005W,YBL052C,0,2.2425268,0.20559154450893402,0.6029999852180481,0.2329999953508377
YKR034W,YHR033W,0,2.2424734,0.20552147924900055,0.6029999852180481,0.23309999704360962
YDL117W,YMR097C,0,2.242075,0.20545144379138947,0.6029999852180481,0.23319999873638153
YMR110C,YLR153C,0,2.2418165,0.20538146793842316,0.6029999852180481,0.23330000042915344
YOL116W,YPL147W,0,2.241814,0.20531153678894043,0.6029999852180481,0.23340000212192535
YKL208W,YMR089C,0,2.241478,0.20524166524410248,0.6029999852180481,0.23350000381469727
YOR038C,YLR131C,0,2.241126,0.20517182350158691,0.6029999852180481,0.23360000550746918
YGL131C,YEL030W,0,2.2410066,0.20510204136371613,0.6029999852180481,0.2337000072002411
YKR083C,YGR038W,0,2.2409315,0.20503230392932892,0.6029999852180481,0.2337999939918518
YLR042C,YDL168W,0,2.2409189,0.2049626111984253,0.6029999852180481,0.23389999568462372
YJL116C,YOL110W,0,2.2406516,0.20489296317100525,0.6029999852180481,0.23399999737739563
YIL085C,YCL035C,0,2.2401767,0.20482337474822998,0.6029999852180481,0.23409999907016754
YDR207C,YCR002C,1,2.2399116,0.2050933837890625,0.6039999723434448,0.23409999907016754
YJL103C,YDR092W,0,2.23959,0.20502376556396484,0.6039999723434448,0.23420000076293945
YDL168W,YFR042W,0,2.2395651,0.20495419204235077,0.6039999723434448,0.23430000245571136
YDR021W,YFL062W,0,2.239083,0.20488466322422028,0.6039999723434448,0.23440000414848328
YMR261C,YKL077W,0,2.2385676,0.20481519401073456,0.6039999723434448,0.2345000058412552
YOR338W,YKR099W,1,2.238445,0.20508474111557007,0.6050000190734863,0.2345000058412552
YDR163W,YOR214C,0,2.2381892,0.20501524209976196,0.6050000190734863,0.2345999926328659
YER108C,YEL071W,0,2.2376993,0.20494580268859863,0.6050000190734863,0.23469999432563782
YDR182W,YDR405W,0,2.2376113,0.2048763930797577,0.6050000190734863,0.23479999601840973
YPL010W,YMR072W,0,2.2374618,0.20480704307556152,0.6050000190734863,0.23489999771118164
YCR026C,YOR264W,0,2.2373807,0.20473773777484894,0.6050000190734863,0.23499999940395355
YJR028W,YOR087W,0,2.2370155,0.20466847717761993,0.6050000190734863,0.23510000109672546
YLR258W,YDL046W,0,2.2368746,0.2045992612838745,0.6050000190734863,0.23520000278949738
YDL124W,YLR197W,0,2.2365232,0.20453009009361267,0.6050000190734863,0.2353000044822693
YHR210C,YLR259C,0,2.2364645,0.2044609636068344,0.6050000190734863,0.2354000061750412
YLR190W,YPL168W,0,2.2363713,0.20439189672470093,0.6050000190734863,0.23549999296665192
YLR206W,YMR153W,0,2.2363653,0.20432285964488983,0.6050000190734863,0.23559999465942383
YPL196W,YOL028C,0,2.2356029,0.2042538821697235,0.6050000190734863,0.23569999635219574
YGR120C,YKL138C-A,0,2.235207,0.20418494939804077,0.6050000190734863,0.23579999804496765
YLR216C,YDR293C,0,2.2351058,0.2041160613298416,0.6050000190734863,0.23589999973773956
YDR409W,YPL138C,0,2.2342312,0.20404721796512604,0.6050000190734863,0.23600000143051147
YHR150W,YHL021C,0,2.2337112,0.20397841930389404,0.6050000190734863,0.2361000031232834
YBL101C,YDR411C,0,2.233162,0.20390968024730682,0.6050000190734863,0.2362000048160553
YCL033C,YMR194W,0,2.232977,0.203840970993042,0.6050000190734863,0.2363000065088272
YDR085C,YIL121W,0,2.232149,0.20377232134342194,0.6050000190734863,0.23639999330043793
YKR102W,YIL114C,0,2.231757,0.20370370149612427,0.6050000190734863,0.23649999499320984
YPR201W,YCR102C,0,2.2317443,0.20363514125347137,0.6050000190734863,0.23659999668598175
YDR142C,YIR032C,0,2.2310967,0.20356662571430206,0.6050000190734863,0.23669999837875366
YPR125W,YNL245C,0,2.2309432,0.20349815487861633,0.6050000190734863,0.23680000007152557
YHR057C,YER155C,0,2.230386,0.20342972874641418,0.6050000190734863,0.23690000176429749
YBL004W,YMR099C,0,2.2303097,0.20336134731769562,0.6050000190734863,0.2370000034570694
YGR256W,YGL010W,0,2.2298539,0.20329301059246063,0.6050000190734863,0.2371000051498413
YBL080C,YOL041C,0,2.2294147,0.20322471857070923,0.6050000190734863,0.23720000684261322
YGL241W,YLL012W,0,2.2293918,0.2031564861536026,0.6050000190734863,0.23729999363422394
YGR090W,YKL035W,0,2.229184,0.20308828353881836,0.6050000190734863,0.23739999532699585
YGL187C,YLR222C,0,2.2291791,0.2030201405286789,0.6050000190734863,0.23749999701976776
YLR258W,YCR073C,0,2.2291481,0.20295202732086182,0.6050000190734863,0.23759999871253967
YDR208W,YKL160W,0,2.2291265,0.20288397371768951,0.6050000190734863,0.23770000040531158
YIL096C,YML110C,0,2.2290537,0.2028159499168396,0.6050000190734863,0.2378000020980835
YJR047C,YDR352W,0,2.2289019,0.20274798572063446,0.6050000190734863,0.2379000037908554
YBR098W,YOR354C,1,2.2286344,0.20301507413387299,0.6060000061988831,0.2379000037908554
YFL016C,YLR022C,0,2.2285626,0.20294708013534546,0.6060000061988831,0.23800000548362732
YLR035C,YDL154W,1,2.2284417,0.20321393013000488,0.6069999933242798,0.23800000548362732
YIL117C,YHR107C,0,2.2283523,0.20314592123031616,0.6069999933242798,0.23810000717639923
YIL143C,YHR058C,0,2.2282808,0.20307795703411102,0.6069999933242798,0.23819999396800995
YGL179C,YGL130W,0,2.227972,0.20301003754138947,0.6069999933242798,0.23829999566078186
YOR362C,YPL130W,0,2.2279172,0.2029421627521515,0.6069999933242798,0.23839999735355377
YNL278W,YMR143W,0,2.2277849,0.2028743326663971,0.6069999933242798,0.23849999904632568
YLR350W,YDL100C,0,2.2274034,0.20280654728412628,0.6069999933242798,0.2386000007390976
YAL031C,YKL161C,0,2.2273252,0.20273880660533905,0.6069999933242798,0.2387000024318695
YDR143C,YMR047C,0,2.227322,0.2026711255311966,0.6069999933242798,0.23880000412464142
YLR352W,YDR226W,0,2.2259986,0.20260347425937653,0.6069999933242798,0.23890000581741333
YDR019C,YPR056W,0,2.2255118,0.20253586769104004,0.6069999933242798,0.23899999260902405
YDR367W,YOR293W,0,2.2254918,0.20246830582618713,0.6069999933242798,0.23909999430179596
YDL124W,YLR178C,0,2.2253711,0.202400803565979,0.6069999933242798,0.23919999599456787
YIL170W,YPL047W,0,2.2252588,0.20233333110809326,0.6069999933242798,0.23929999768733978
YLL029W,YDR051C,0,2.2250764,0.2022659182548523,0.6069999933242798,0.2393999993801117
YDR196C,YGR252W,0,2.2249172,0.20219853520393372,0.6069999933242798,0.2395000010728836
YKL148C,YLR105C,0,2.2247992,0.20213119685649872,0.6069999933242798,0.23960000276565552
YOR159C,YBR228W,0,2.2243426,0.2020639181137085,0.6069999933242798,0.23970000445842743
YPR169W,YCR045C,0,2.2243316,0.20199666917324066,0.6069999933242798,0.23980000615119934
YDR522C,YOR230W,1,2.224127,0.20226214826107025,0.6079999804496765,0.23980000615119934
YFR038W,YJL082W,0,2.2235098,0.20219488441944122,0.6079999804496765,0.23989999294281006
YFL052W,YGR271W,0,2.2233586,0.20212766528129578,0.6079999804496765,0.23999999463558197
YLR028C,YDR273W,1,2.2232451,0.2023928165435791,0.609000027179718,0.23999999463558197
YPR182W,YCR024C,0,2.2230127,0.20232558250427246,0.609000027179718,0.24009999632835388
YPR138C,YDR294C,0,2.2226453,0.2022583931684494,0.609000027179718,0.2401999980211258
YOL052C-A,YGL011C,0,2.2224932,0.20219123363494873,0.609000027179718,0.2402999997138977
YIL011W,YKR103W,0,2.222339,0.20212413370609283,0.609000027179718,0.24040000140666962
YGR180C,YNR023W,0,2.2220824,0.20205706357955933,0.609000027179718,0.24050000309944153
YEL042W,YHR045W,0,2.2217796,0.2019900530576706,0.609000027179718,0.24060000479221344
YGL019W,YOR022C,0,2.2216442,0.20192307233810425,0.609000027179718,0.24070000648498535
YDR328C,YLL057C,0,2.2214258,0.20185615122318268,0.609000027179718,0.24079999327659607
YLR222C,YOR214C,0,2.221336,0.2017892599105835,0.609000027179718,0.24089999496936798
YNL176C,YPL086C,0,2.221194,0.2017224282026291,0.609000027179718,0.2409999966621399
YNL202W,YMR001C,1,2.2209451,0.20198675990104675,0.6100000143051147,0.2409999966621399
YLR131C,YCR071C,0,2.2207313,0.20191989839076996,0.6100000143051147,0.2410999983549118
YOL060C,YIL038C,0,2.2206514,0.20185308158397675,0.6100000143051147,0.24120000004768372
YOR393W,YGL079W,0,2.2206364,0.20178630948066711,0.6100000143051147,0.24130000174045563
YGR057C,YJL079C,0,2.220623,0.20171958208084106,0.6100000143051147,0.24140000343322754
YLR205C,YCR106W,0,2.2204762,0.2016528993844986,0.6100000143051147,0.24150000512599945
YJL085W,YML047C,0,2.2204123,0.20158624649047852,0.6100000143051147,0.24160000681877136
YOR293W,YBR271W,0,2.2203755,0.2015196532011032,0.6100000143051147,0.24169999361038208
YFR024C,YKR024C,0,2.2201138,0.2014531046152115,0.6100000143051147,0.241799995303154
YOR329C,YNL199C,0,2.2200892,0.20138660073280334,0.6100000143051147,0.2418999969959259
YIR011C,YNL048W,0,2.2200415,0.2013201266527176,0.6100000143051147,0.24199999868869781
YJR052W,YKL160W,0,2.2199056,0.2012537121772766,0.6100000143051147,0.24210000038146973
YNL194C,YDR512C,1,2.219828,0.20151714980602264,0.6110000014305115,0.24210000038146973
YCL005W-A,YDR404C,0,2.2196133,0.20145070552825928,0.6110000014305115,0.24220000207424164
YDL194W,YHR119W,1,2.2191753,0.2017139047384262,0.6119999885559082,0.24220000207424164
YDL179W,YCR097W,0,2.2190826,0.20164744555950165,0.6119999885559082,0.24230000376701355
YOL090W,YOR368W,1,2.2188857,0.20191040635108948,0.6129999756813049,0.24230000376701355
YBR216C,YMR114C,0,2.2188356,0.20184393227100372,0.6129999756813049,0.24240000545978546
YCR024C,YGL011C,0,2.218647,0.20177748799324036,0.6129999756813049,0.24250000715255737
YBR287W,YPL141C,0,2.2183433,0.20171108841896057,0.6129999756813049,0.2425999939441681
YOR338W,YMR063W,1,2.2182238,0.20197369158267975,0.6140000224113464,0.2425999939441681
YJL036W,YGR083C,0,2.2181878,0.20190726220607758,0.6140000224113464,0.24269999563694
YPL135W,YGR125W,0,2.2176135,0.20184089243412018,0.6140000224113464,0.24279999732971191
YGL010W,YJL094C,0,2.2176116,0.20177456736564636,0.6140000224113464,0.24289999902248383
YMR092C,YPR171W,0,2.217528,0.20170827209949493,0.6140000224113464,0.24300000071525574
YMR002W,YOR144C,0,2.216965,0.20164203643798828,0.6140000224113464,0.24310000240802765
YER014C-A,YDL104C,0,2.2163901,0.20157583057880402,0.6140000224113464,0.24320000410079956
YBL085W,YOR099W,0,2.2162368,0.20150968432426453,0.6140000224113464,0.24330000579357147
YLR386W,YCL057W,0,2.2161586,0.20144356787204742,0.6140000224113464,0.2433999925851822
YBR235W,YIR031C,0,2.2157295,0.2013774961233139,0.6140000224113464,0.2434999942779541
YOR264W,YNL138W,0,2.2155654,0.20131146907806396,0.6140000224113464,0.243599995970726
YER001W,YDL104C,0,2.215415,0.2012454867362976,0.6140000224113464,0.24369999766349792
YGR207C,YDR141C,0,2.215178,0.20117954909801483,0.6140000224113464,0.24379999935626984
YDR309C,YMR322C,0,2.2149663,0.20111365616321564,0.6140000224113464,0.24390000104904175
YDR482C,YAL030W,0,2.2149208,0.20104780793190002,0.6140000224113464,0.24400000274181366
YDR163W,YOR089C,0,2.2146559,0.2009819895029068,0.6140000224113464,0.24410000443458557
YMR046C,YGR046W,0,2.214293,0.20091623067855835,0.6140000224113464,0.24420000612735748
YEL047C,YDR057W,0,2.2138743,0.2008505016565323,0.6140000224113464,0.2442999929189682
YFL056C,YER155C,0,2.2137516,0.200784832239151,0.6140000224113464,0.2443999946117401
YMR197C,YKR024C,0,2.213467,0.2007191926240921,0.6140000224113464,0.24449999630451202
YNL068C,YDL149W,0,2.2132418,0.20065359771251678,0.6140000224113464,0.24459999799728394
YMR180C,YGR095C,0,2.2132378,0.20058804750442505,0.6140000224113464,0.24469999969005585
YJL168C,YOR230W,1,2.2131708,0.20084911584854126,0.6150000095367432,0.24469999969005585
YJR019C,YPR185W,0,2.2131176,0.20078355073928833,0.6150000095367432,0.24480000138282776
YOR227W,YPR188C,0,2.21263,0.2007180154323578,0.6150000095367432,0.24490000307559967
YOR335C,YKL052C,0,2.212586,0.20065252482891083,0.6150000095367432,0.24500000476837158
YML066C,YIL017W,1,2.2125828,0.2009132355451584,0.6159999966621399,0.24500000476837158
YKL126W,YPL098C,0,2.2124913,0.20084773004055023,0.6159999966621399,0.2451000064611435
YMR116C,YIL056W,0,2.2124064,0.20078226923942566,0.6159999966621399,0.2451999932527542
YLR178C,YDR438W,0,2.2123525,0.20071685314178467,0.6159999966621399,0.24529999494552612
YGR261C,YMR058W,0,2.212098,0.20065146684646606,0.6159999966621399,0.24539999663829803
YGR205W,YGR122W,0,2.2120328,0.20058612525463104,0.6159999966621399,0.24549999833106995
YIR019C,YDR460W,0,2.2117293,0.2005208283662796,0.6159999966621399,0.24560000002384186
YNL190W,YLL043W,0,2.2116601,0.20045557618141174,0.6159999966621399,0.24570000171661377
YIL047C,YOR304C-A,0,2.211652,0.20039036870002747,0.6159999966621399,0.24580000340938568
YGR271C-A,YJL216C,0,2.2116103,0.20032520592212677,0.6159999966621399,0.2459000051021576
YHL013C,YDR131C,0,2.2115884,0.20026007294654846,0.6159999966621399,0.2460000067949295
YOL115W,YLR128W,0,2.211547,0.20019499957561493,0.6159999966621399,0.24609999358654022
YMR207C,YBR290W,0,2.211521,0.20012995600700378,0.6159999966621399,0.24619999527931213
YJL176C,YLR224W,0,2.2114131,0.20006495714187622,0.6159999966621399,0.24629999697208405
YKR025W,YLR431C,0,2.211312,0.20000000298023224,0.6159999966621399,0.24639999866485596
YPL018W,YHR024C,0,2.211252,0.19993507862091064,0.6159999966621399,0.24650000035762787
YLR191W,YDL227C,0,2.21048,0.19987021386623383,0.6159999966621399,0.24660000205039978
YLL043W,YGL107C,0,2.2103941,0.1998053789138794,0.6159999966621399,0.2467000037431717
YGL203C,YLR460C,0,2.2101848,0.19974060356616974,0.6159999966621399,0.2468000054359436
YGR285C,YOL151W,0,2.2100723,0.19967585802078247,0.6159999966621399,0.24690000712871552
YKL197C,YLR226W,0,2.2090197,0.1996111422777176,0.6159999966621399,0.24699999392032623
YDR039C,YNL178W,0,2.2087946,0.19954648613929749,0.6159999966621399,0.24709999561309814
YLR004C,YMR261C,0,2.2087696,0.19948185980319977,0.6159999966621399,0.24719999730587006
YFL016C,YNR046W,0,2.2077668,0.19941729307174683,0.6159999966621399,0.24729999899864197
YOL044W,YFL050C,0,2.207551,0.19935275614261627,0.6159999966621399,0.24740000069141388
YDR083W,YER071C,0,2.2074823,0.1992882490158081,0.6159999966621399,0.2475000023841858
YPR066W,YLR239C,0,2.2073808,0.19922380149364471,0.6159999966621399,0.2476000040769577
YGR268C,YBR257W,0,2.2071993,0.1991593986749649,0.6159999966621399,0.24770000576972961
YOR371C,YGL004C,0,2.2070315,0.19909502565860748,0.6159999966621399,0.24779999256134033
YLR394W,YNL088W,1,2.206896,0.19935379922389984,0.6169999837875366,0.24779999256134033
YDR441C,YPR025C,0,2.206201,0.19928941130638123,0.6169999837875366,0.24789999425411224
YJL104W,YOR149C,0,2.2061403,0.199225053191185,0.6169999837875366,0.24799999594688416
YOR159C,YML004C,0,2.2045603,0.19916075468063354,0.6169999837875366,0.24809999763965607
YJL012C-A,YGL016W,0,2.2044363,0.19909648597240448,0.6169999837875366,0.24819999933242798
YGL127C,YBR023C,1,2.2044215,0.1993548423051834,0.6179999709129333,0.24819999933242798
YBR059C,YBR298C,0,2.2044027,0.19929055869579315,0.6179999709129333,0.2483000010251999
YOR273C,YKL172W,0,2.2043273,0.19922630488872528,0.6179999709129333,0.2484000027179718
YJL085W,YGL025C,0,2.2040262,0.199162095785141,0.6179999709129333,0.2485000044107437
YHR008C,YOR081C,0,2.2040226,0.19909793138504028,0.6179999709129333,0.24860000610351562
YLL029W,YIL130W,0,2.2038953,0.19903381168842316,0.6179999709129333,0.24869999289512634
YKR054C,YPR023C,0,2.2036717,0.1989697366952896,0.6179999709129333,0.24879999458789825
YJL203W,YHR165C,0,2.2035403,0.19890569150447845,0.6179999709129333,0.24889999628067017
YJR031C,YLL002W,0,2.2034853,0.19884170591831207,0.6179999709129333,0.24899999797344208
YMR286W,YIL036W,0,2.203197,0.19877773523330688,0.6179999709129333,0.249099999666214
YPL011C,YER169W,0,2.203103,0.19871382415294647,0.6179999709129333,0.2492000013589859
YGL079W,YIL015W,0,2.2024257,0.19864995777606964,0.6179999709129333,0.2493000030517578
YPR112C,YIL087C,0,2.202365,0.1985861212015152,0.6179999709129333,0.24940000474452972
YFR036W,YIL036W,0,2.2022772,0.19852232933044434,0.6179999709129333,0.24950000643730164
YPL171C,YHR039C-A,0,2.2019248,0.19845856726169586,0.6179999709129333,0.24959999322891235
YOR128C,YGL098W,0,2.2018695,0.19839486479759216,0.6179999709129333,0.24969999492168427
YML096W,YDR216W,0,2.201868,0.19833119213581085,0.6179999709129333,0.24979999661445618
YNL102W,YOR351C,1,2.2011638,0.19858838617801666,0.6190000176429749,0.24979999661445618
YDL159W,YLR174W,0,2.2009122,0.19852469861507416,0.6190000176429749,0.2498999983072281
YBR254C,YCL040W,0,2.2007022,0.19846104085445404,0.6190000176429749,0.25
YBR059C,YLR210W,0,2.2003324,0.1983974426984787,0.6190000176429749,0.2500999867916107
YPR060C,YLR288C,0,2.2002597,0.19833387434482574,0.6190000176429749,0.2502000033855438
YML076C,YDL003W,0,2.2002394,0.19827033579349518,0.6190000176429749,0.25029999017715454
YPR065W,YPR180W,0,2.20017,0.1982068568468094,0.6190000176429749,0.25040000677108765
YOL038W,YOR378W,0,2.2000086,0.19814340770244598,0.6190000176429749,0.25049999356269836
YDR296W,YPL163C,0,2.1999104,0.19808000326156616,0.6190000176429749,0.25060001015663147
YPL193W,YJR053W,0,2.1998885,0.19801662862300873,0.6190000176429749,0.2506999969482422
YDR092W,YLR395C,0,2.199586,0.19795331358909607,0.6190000176429749,0.2508000135421753
YBL036C,YIR013C,0,2.1993473,0.1978900283575058,0.6190000176429749,0.250900000333786
YKL065C,YBR114W,0,2.1993449,0.1978267878293991,0.6190000176429749,0.25099998712539673
YLR013W,YMR160W,0,2.1992629,0.1977635771036148,0.6190000176429749,0.25110000371932983
YIL013C,YBR149W,0,2.1988363,0.1977004110813141,0.6190000176429749,0.25119999051094055
YGR179C,YDL097C,0,2.1988032,0.19763728976249695,0.6190000176429749,0.25130000710487366
YDL148C,YHR020W,0,2.198694,0.1975742131471634,0.6190000176429749,0.2513999938964844
YDL161W,YDR462W,0,2.198385,0.19751116633415222,0.6190000176429749,0.2515000104904175
YOL055C,YDL216C,0,2.1981263,0.19744816422462463,0.6190000176429749,0.2515999972820282
YCR026C,YDR026C,0,2.1980932,0.19738520681858063,0.6190000176429749,0.2517000138759613
YOR219C,YPL173W,0,2.1976388,0.197322279214859,0.6190000176429749,0.251800000667572
YMR244C-A,YKL161C,0,2.1974967,0.19725939631462097,0.6190000176429749,0.25189998745918274
YGL078C,YOR339C,0,2.1974854,0.19719655811786652,0.6190000176429749,0.25200000405311584
YLR077W,YHR043C,0,2.1972277,0.19713376462459564,0.6190000176429749,0.25209999084472656
YER160C,YDL191W,0,2.1971874,0.19707100093364716,0.6190000176429749,0.25220000743865967
YJL179W,YEL012W,0,2.1969163,0.19700828194618225,0.6190000176429749,0.2522999942302704
YJR125C,YGL068W,0,2.196748,0.19694559276103973,0.6190000176429749,0.2524000108242035
YLR175W,YDL230W,0,2.1963105,0.1968829482793808,0.6190000176429749,0.2524999976158142
YPR003C,YAL038W,0,2.196157,0.19682034850120544,0.6190000176429749,0.2526000142097473
YBR302C,YNR075W,0,2.1961281,0.19675779342651367,0.6190000176429749,0.25270000100135803
YPR187W,YBR294W,0,2.1960979,0.1966952681541443,0.6190000176429749,0.25279998779296875
YPL163C,YPR189W,0,2.1959214,0.19663278758525848,0.6190000176429749,0.25290000438690186
YDR155C,YLR394W,1,2.1957445,0.19688789546489716,0.6200000047683716,0.25290000438690186
YBL031W,YDR405W,0,2.1956868,0.19682539999485016,0.6200000047683716,0.2529999911785126
YER178W,YKR044W,0,2.1955593,0.19676293432712555,0.6200000047683716,0.2531000077724457
YKL093W,YML045W,0,2.1951613,0.19670051336288452,0.6200000047683716,0.2531999945640564
YIR019C,YLR197W,0,2.1950624,0.19663812220096588,0.6200000047683716,0.2533000111579895
YLR092W,YMR291W,0,2.1945665,0.19657577574253082,0.6200000047683716,0.2533999979496002
YER093C,YLR084C,0,2.1945474,0.19651347398757935,0.6200000047683716,0.2535000145435333
YDR025W,YDR338C,0,2.1944976,0.19645120203495026,0.6200000047683716,0.25360000133514404
YGL038C,YJR149W,0,2.1941044,0.19638897478580475,0.6200000047683716,0.25369998812675476
YJL053W,YDR167W,0,2.1936126,0.19632679224014282,0.6200000047683716,0.25380000472068787
YJL114W,YGR255C,0,2.1934304,0.19626463949680328,0.6200000047683716,0.2538999915122986
YGL226C-A,YHR045W,0,2.193364,0.19620253145694733,0.6200000047683716,0.2540000081062317
YDR021W,YBR204C,0,2.1933074,0.19614046812057495,0.6200000047683716,0.2540999948978424
YDR155C,YLR329W,1,2.192919,0.196394681930542,0.6209999918937683,0.2540999948978424
YCL045C,YPR002W,0,2.1928165,0.19633258879184723,0.6209999918937683,0.2542000114917755
YLR028C,YIL017W,1,2.192792,0.19658659398555756,0.621999979019165,0.2542000114917755
YDR332W,YMR035W,0,2.1925325,0.1965244859457016,0.621999979019165,0.25429999828338623
YOL029C,YPL253C,0,2.192489,0.19646240770816803,0.621999979019165,0.25440001487731934
YDR030C,YLR309C,0,2.1923583,0.19640037417411804,0.621999979019165,0.25450000166893005
YKR095W-A,YKL163W,0,2.1920037,0.19633838534355164,0.621999979019165,0.25459998846054077
YDR516C,YLR035C,1,2.1919775,0.19659198820590973,0.6230000257492065,0.25459998846054077
YOR383C,YER022W,0,2.1917748,0.19652996957302094,0.6230000257492065,0.2547000050544739
YER157W,YGR144W,0,2.19129,0.19646799564361572,0.6230000257492065,0.2547999918460846
YOR214C,YGL162W,0,2.1910794,0.1964060515165329,0.6230000257492065,0.2549000084400177
YGL129C,YKR046C,0,2.191032,0.19634415209293365,0.6230000257492065,0.2549999952316284
YIL098C,YLR174W,0,2.1908267,0.196282297372818,0.6230000257492065,0.2551000118255615
YBR103W,YIL017C,1,2.1907864,0.19653543829917908,0.6240000128746033,0.2551000118255615
YBR018C,YFR024C-A,0,2.1907732,0.19647355377674103,0.6240000128746033,0.25519999861717224
YPR034W,YMR083W,0,2.1906517,0.19641171395778656,0.6240000128746033,0.25529998540878296
YOR258W,YIL087C,0,2.1906195,0.19634990394115448,0.6240000128746033,0.25540000200271606
YBR114W,YOR019W,0,2.1901894,0.19628813862800598,0.6240000128746033,0.2554999887943268
YIL140W,YDR189W,0,2.189831,0.19622641801834106,0.6240000128746033,0.2556000053882599
YKL107W,YHR128W,0,2.1888428,0.19616472721099854,0.6240000128746033,0.2556999921798706
YNL239W,YMR216C,0,2.1883798,0.1961030811071396,0.6240000128746033,0.2558000087738037
YBR118W,YPR107C,0,2.187808,0.19604146480560303,0.6240000128746033,0.25589999556541443
YKL055C,YDR189W,0,2.1877713,0.19597989320755005,0.6240000128746033,0.25600001215934753
YMR049C,YEL070W,0,2.1877165,0.19591836631298065,0.6240000128746033,0.25609999895095825
YBR189W,YAL051W,0,2.1875448,0.19585686922073364,0.6240000128746033,0.25619998574256897
YER154W,YBR169C,0,2.187131,0.19579541683197021,0.6240000128746033,0.2563000023365021
YJR090C,YLR178C,0,2.1870558,0.19573400914669037,0.6240000128746033,0.2563999891281128
YAR003W,YHR102W,0,2.186409,0.1956726312637329,0.6240000128746033,0.2565000057220459
YOR054C,YOR312C,0,2.186053,0.19561128318309784,0.6240000128746033,0.2565999925136566
YIR005W,YLL012W,0,2.1859162,0.19554997980594635,0.6240000128746033,0.2567000091075897
YKR060W,YAL063C,0,2.185856,0.19548872113227844,0.6240000128746033,0.25679999589920044
YMR136W,YNL161W,0,2.1857889,0.19542749226093292,0.6240000128746033,0.25690001249313354
YNR073C,YPL128C,0,2.1845207,0.19536630809307098,0.6240000128746033,0.25699999928474426
YOR249C,YAL061W,0,2.1836505,0.19530516862869263,0.6240000128746033,0.257099986076355
YKR003W,YOR206W,0,2.1835647,0.19524405896663666,0.6240000128746033,0.2572000026702881
YDR302W,YER098W,0,2.1831481,0.19518297910690308,0.6240000128746033,0.2572999894618988
YLR006C,YMR005W,0,2.1826818,0.19512194395065308,0.6240000128746033,0.2574000060558319
YBL041W,YCL004W,0,2.1824589,0.19506095349788666,0.6240000128746033,0.2574999928474426
YDR469W,YGL180W,0,2.1822534,0.19499999284744263,0.6240000128746033,0.25760000944137573
YBR183W,YCR083W,0,2.1809056,0.19493907690048218,0.6240000128746033,0.25769999623298645
YLL008W,YLR210W,0,2.1805196,0.1948782056570053,0.6240000128746033,0.25780001282691956
YGR109C,YHR039C,1,2.1797352,0.19512957334518433,0.625,0.25780001282691956
YDR339C,YJR108W,0,2.1793408,0.19506865739822388,0.625,0.2578999996185303
YGL131C,YLL067C,0,2.1791997,0.1950078010559082,0.625,0.257999986410141
YBR028C,YDL003W,0,2.1790476,0.19494697451591492,0.625,0.2581000030040741
YEL012W,YKR020W,0,2.1785922,0.1948861926794052,0.625,0.2581999897956848
YIL007C,YPR061C,0,2.1784956,0.1948254406452179,0.625,0.2583000063896179
YDR412W,YKL146W,0,2.1783154,0.19476471841335297,0.625,0.25839999318122864
YJR048W,YER122C,0,2.17807,0.1947040557861328,0.625,0.25850000977516174
YKR102W,YER013W,0,2.178017,0.19464340806007385,0.625,0.25859999656677246
YLR011W,YLR023C,0,2.1777472,0.19458281993865967,0.625,0.25870001316070557
YOR084W,YGL017W,0,2.1774921,0.19452224671840668,0.625,0.2587999999523163
YMR244C-A,YGL238W,0,2.177342,0.19446173310279846,0.625,0.258899986743927
YDR348C,YNL085W,0,2.177081,0.19440124928951263,0.625,0.2590000033378601
YER172C,YER040W,0,2.176183,0.1943407952785492,0.625,0.2590999901294708
YGL207W,YHR209W,0,2.175856,0.19428038597106934,0.625,0.25920000672340393
YLR242C,YOR375C,0,2.175599,0.19422000646591187,0.625,0.25929999351501465
YOR231W,YKL138C,0,2.17544,0.19415967166423798,0.625,0.25940001010894775
YPR106W,YPL009C,0,2.1748323,0.19409938156604767,0.625,0.25949999690055847
YFR029W,YLR367W,0,2.1746678,0.19403912127017975,0.625,0.2596000134944916
YJR132W,YIL066C,0,2.174508,0.19397889077663422,0.625,0.2597000002861023
YML069W,YHR102W,0,2.1744998,0.19391870498657227,0.625,0.259799987077713
YPL203W,YML101C,0,2.1741598,0.1938585638999939,0.625,0.2599000036716461
YPL094C,YOL057W,0,2.1738718,0.19379845261573792,0.625,0.25999999046325684
YOR216C,YGL112C,0,2.173591,0.19373837113380432,0.625,0.26010000705718994
YPL158C,YDR384C,0,2.173484,0.1936783343553543,0.625,0.26019999384880066
YDL025C,YGR171C,0,2.1727457,0.19361834228038788,0.625,0.26030001044273376
YJL171C,YGL257C,0,2.172719,0.19355838000774384,0.625,0.2603999972343445
YDR255C,YEL077C,0,2.1727023,0.19349844753742218,0.625,0.2605000138282776
YLR383W,YLL024C,0,2.1726182,0.1934385597705841,0.625,0.2606000006198883
YER176W,YLR044C,0,2.172391,0.19337871670722961,0.625,0.260699987411499
YDR216W,YPR167C,0,2.1718345,0.1933189034461975,0.625,0.26080000400543213
YER074W-A,YGR048W,0,2.1715026,0.1932591199874878,0.625,0.26089999079704285
YDR004W,YGL181W,1,2.1712117,0.19350850582122803,0.6259999871253967,0.26089999079704285
YOR338W,YNL312W,1,2.1708276,0.19375772774219513,0.6269999742507935,0.26089999079704285
YDR449C,YFR016C,0,2.1705384,0.19369786977767944,0.6269999742507935,0.26100000739097595
YMR186W,YPR107C,0,2.1704874,0.19363804161548615,0.6269999742507935,0.26109999418258667
YGL179C,YMR005W,0,2.1703906,0.19357825815677643,0.6269999742507935,0.2612000107765198
YER014C-A,YGR030C,0,2.170319,0.1935185194015503,0.6269999742507935,0.2612999975681305
YJL149W,YML107C,0,2.1701758,0.19345881044864655,0.6269999742507935,0.2614000141620636
YKL222C,YCL025C,0,2.1699297,0.19339913129806519,0.6269999742507935,0.2615000009536743
YOR338W,YGL194C,1,2.1698983,0.1936478614807129,0.628000020980835,0.2615000009536743
YLR081W,YKL063C,0,2.1696134,0.19358816742897034,0.628000020980835,0.26159998774528503
YDR516C,YAL068C,1,2.1695414,0.19383667409420013,0.6290000081062317,0.26159998774528503
YNL329C,YHR175W,0,2.1694958,0.1937769502401352,0.6290000081062317,0.26170000433921814
YLR234W,YAL056W,1,2.1694808,0.19402524828910828,0.6299999952316284,0.26170000433921814
YML055W,YGL121C,0,2.169464,0.19396552443504333,0.6299999952316284,0.26179999113082886
YGR059W,YHL027W,1,2.1692717,0.1942135989665985,0.6309999823570251,0.26179999113082886
YKL174C,YOR285W,0,2.1686819,0.19415384531021118,0.6309999823570251,0.26190000772476196
YGR180C,YHL031C,0,2.1685152,0.19409412145614624,0.6309999823570251,0.2619999945163727
YBL058W,YDR386W,1,2.168125,0.19434194266796112,0.6320000290870667,0.2619999945163727
YGL100W,YBL100W-B,0,2.167681,0.19428220391273499,0.6320000290870667,0.2621000111103058
YER041W,YOL058W,0,2.167589,0.19422249495983124,0.6320000290870667,0.2621999979019165
YPR171W,YDL003W,0,2.1675274,0.19416283071041107,0.6320000290870667,0.2623000144958496
YGR048W,YJL200C,0,2.1672192,0.1941031962633133,0.6320000290870667,0.2624000012874603
YLL012W,YML065W,0,2.166697,0.1940435916185379,0.6320000290870667,0.26249998807907104
YER183C,YBR235W,0,2.1666927,0.1939840465784073,0.6320000290870667,0.26260000467300415
YLR166C,YDR016C,0,2.1662989,0.19392451643943787,0.6320000290870667,0.26269999146461487
YNL076W,YJL141C,0,2.1657372,0.19386503100395203,0.6320000290870667,0.262800008058548
YMR033W,YMR291W,0,2.1655679,0.19380557537078857,0.6320000290870667,0.2628999948501587
YPL230W,YMR047C,0,2.165526,0.1937461644411087,0.6320000290870667,0.2630000114440918
YBR023C,YBL058W,1,2.165329,0.19399325549602509,0.6330000162124634,0.2630000114440918
YOR313C,YBL058W,1,2.1652758,0.19424019753932953,0.6340000033378601,0.2630000114440918
YOR382W,YDR365C,0,2.164807,0.1941806972026825,0.6340000033378601,0.2630999982357025
YCL032W,YBR080C,0,2.1645968,0.19412125647068024,0.6340000033378601,0.2632000148296356
YGR078C,YMR101C,0,2.164451,0.19406183063983917,0.6340000033378601,0.26330000162124634
YMR172W,YOL032W,0,2.1644194,0.1940024495124817,0.6340000033378601,0.26339998841285706
YPL043W,YNR073C,0,2.164261,0.1939430981874466,0.6340000033378601,0.26350000500679016
YJL006C,YML082W,0,2.1639013,0.19388379156589508,0.6340000033378601,0.2635999917984009
YBL008W,YAR027W,0,2.1636124,0.19382451474666595,0.6340000033378601,0.263700008392334
YGR132C,YDR348C,0,2.163182,0.1937652826309204,0.6340000033378601,0.2637999951839447
YOR005C,YNL259C,0,2.1624534,0.19370608031749725,0.6340000033378601,0.2639000117778778
YDR516C,YMR001C,1,2.162246,0.19395235180854797,0.6349999904632568,0.2639000117778778
YPL018W,YJL083W,0,2.1622055,0.19389313459396362,0.6349999904632568,0.2639999985694885
YPL050C,YKL157W,0,2.1616285,0.19383394718170166,0.6349999904632568,0.26409998536109924
YOL011W,YPL280W,0,2.1614735,0.19377478957176208,0.6349999904632568,0.26420000195503235
YNR073C,YBL042C,0,2.1609685,0.1937156766653061,0.6349999904632568,0.26429998874664307
YML038C,YOL001W,0,2.1609564,0.19365660846233368,0.6349999904632568,0.26440000534057617
YOR336W,YGR046W,0,2.1609416,0.19359755516052246,0.6349999904632568,0.2644999921321869
YOR018W,YBR079C,0,2.160793,0.19353856146335602,0.6349999904632568,0.26460000872612
YDR059C,YPL055C,1,2.1602068,0.19378428161144257,0.6359999775886536,0.26460000872612
YNL045W,YGL063W,0,2.1601484,0.19372525811195374,0.6359999775886536,0.2646999955177307
YEL048C,YLR309C,0,2.1594303,0.1936662644147873,0.6359999775886536,0.2648000121116638
YML001W,YKL185W,0,2.159212,0.19360730051994324,0.6359999775886536,0.26489999890327454
YKR099W,YGL175C,1,2.1587896,0.19385270774364471,0.6370000243186951,0.26489999890327454
YBR217W,YGR134W,0,2.1586463,0.19379372894763947,0.6370000243186951,0.26499998569488525
YLR054C,YGR032W,1,2.1584408,0.19403892755508423,0.6380000114440918,0.26499998569488525
YOR168W,YGL153W,0,2.1582837,0.19397993385791779,0.6380000114440918,0.26510000228881836
YLR113W,YMR005W,0,2.1575806,0.19392096996307373,0.6380000114440918,0.2651999890804291
YOR273C,YCR069W,0,2.1575782,0.19386205077171326,0.6380000114440918,0.2653000056743622
YNL318C,YKR088C,0,2.1573558,0.19380316138267517,0.6380000114440918,0.2653999924659729
YOR262W,YFL050C,0,2.1573453,0.19374430179595947,0.6380000114440918,0.265500009059906
YIR035C,YHR149C,0,2.157307,0.19368548691272736,0.6380000114440918,0.2655999958515167
YJL018W,YPL209C,1,2.1571624,0.19393019378185272,0.6389999985694885,0.2655999958515167
YBR141C,YLR240W,0,2.1563587,0.1938713639974594,0.6389999985694885,0.26570001244544983
YDL160C,YLR285W,0,2.1561935,0.1938125640153885,0.6389999985694885,0.26579999923706055
YDR394W,YJL036W,0,2.155899,0.19375379383563995,0.6389999985694885,0.26589998602867126
YPR124W,YJR129C,0,2.1552336,0.1936950534582138,0.6389999985694885,0.26600000262260437
YPL176C,YPR106W,0,2.1551843,0.19363635778427124,0.6389999985694885,0.2660999894142151
YPL192C,YNL279W,0,2.1550426,0.19357770681381226,0.6389999985694885,0.2662000060081482
YDL122W,YDR528W,0,2.1546936,0.19351908564567566,0.6389999985694885,0.2662999927997589
YML032C,YGL054C,1,2.1544516,0.19376324117183685,0.6399999856948853,0.2662999927997589
YLL016W,YNL274C,0,2.1543813,0.19370460510253906,0.6399999856948853,0.266400009393692
YHR020W,YGL234W,0,2.154225,0.19364598393440247,0.6399999856948853,0.26649999618530273
YDL132W,YOL069W,0,2.1535,0.19358742237091064,0.6399999856948853,0.26660001277923584
YOR011W,YER011W,0,2.1532636,0.19352887570858002,0.6399999856948853,0.26669999957084656
YNL283C,YAR066W,0,2.1531875,0.19347037374973297,0.6399999856948853,0.2667999863624573
YDR138W,YDR377W,0,2.153162,0.1934119015932083,0.6399999856948853,0.2669000029563904
YIL073C,YJL168C,1,2.1530745,0.1936555951833725,0.640999972820282,0.2669000029563904
YHR009C,YER028C,0,2.1528635,0.19359709322452545,0.640999972820282,0.2669999897480011
YHL018W,YER022W,0,2.1522956,0.19353865087032318,0.640999972820282,0.2671000063419342
YMR241W,YGL124C,0,2.1520598,0.1934802234172821,0.640999972820282,0.2671999931335449
YDR189W,YGL192W,0,2.152046,0.1934218406677246,0.640999972820282,0.267300009727478
YDR222W,YDR322C-A,0,2.1518068,0.1933635026216507,0.640999972820282,0.26739999651908875
YAL017W,YJL206C,0,2.1516817,0.19330519437789917,0.640999972820282,0.26750001311302185
YBR202W,YNR056C,0,2.151242,0.19324691593647003,0.640999972820282,0.26759999990463257
YER004W,YLR056W,0,2.151151,0.19318866729736328,0.640999972820282,0.2676999866962433
YHR122W,YEL037C,0,2.1510968,0.1931304633617401,0.640999972820282,0.2678000032901764
YAR009C,YML120C,0,2.1508327,0.19307228922843933,0.640999972820282,0.2678999900817871
YLR249W,YGR052W,0,2.1507614,0.19301415979862213,0.640999972820282,0.2680000066757202
YNL288W,YIL119C,0,2.1505084,0.19295604526996613,0.640999972820282,0.26809999346733093
YCR045C,YER018C,0,2.150299,0.1928979903459549,0.640999972820282,0.26820001006126404
YNL181W,YBL066C,0,2.1497946,0.19283995032310486,0.640999972820282,0.26829999685287476
YCR033W,YLR219W,1,2.14971,0.19308270514011383,0.6420000195503235,0.26829999685287476
YHR122W,YOL101C,0,2.1494768,0.1930246502161026,0.6420000195503235,0.26840001344680786
YKL001C,YBR271W,0,2.1491547,0.19296663999557495,0.6420000195503235,0.2685000002384186
YML128C,YDR104C,1,2.149141,0.19320914149284363,0.6430000066757202,0.2685000002384186
YDR517W,YOR340C,0,2.1489527,0.1931511014699936,0.6430000066757202,0.2685999870300293
YLL023C,YDL117W,0,2.1486447,0.19309309124946594,0.6430000066757202,0.2687000036239624
YKR066C,YNL113W,0,2.148474,0.19303512573242188,0.6430000066757202,0.2687999904155731
YDR170C,YNL273W,0,2.1483183,0.1929771900177002,0.6430000066757202,0.2689000070095062
YNL219C,YKL013C,0,2.1475484,0.1929192990064621,0.6430000066757202,0.26899999380111694
YDR208W,YHR121W,0,2.1474476,0.1928614228963852,0.6430000066757202,0.26910001039505005
YOR007C,YMR173W,0,2.1466787,0.19280359148979187,0.6430000066757202,0.26919999718666077
YEL070W,YFR021W,0,2.1464634,0.19274580478668213,0.6430000066757202,0.26930001378059387
YMR025W,YKL166C,0,2.146085,0.19268804788589478,0.6430000066757202,0.2694000005722046
YLR330W,YLR219W,1,2.1460385,0.19292989373207092,0.6439999938011169,0.2694000005722046
YPL252C,YJR152W,0,2.1459956,0.19287212193012238,0.6439999938011169,0.2694999873638153
YPL280W,YPL120W,0,2.1456606,0.19281436502933502,0.6439999938011169,0.2696000039577484
YPL225W,YGR174C,0,2.1455061,0.19275665283203125,0.6439999938011169,0.26969999074935913
YHR200W,YDR307W,0,2.145499,0.19269898533821106,0.6439999938011169,0.26980000734329224
YBR112C,YLR001C,0,2.145214,0.19264133274555206,0.6439999938011169,0.26989999413490295
YGR144W,YMR236W,0,2.1451657,0.19258372485637665,0.6439999938011169,0.27000001072883606
YAL032C,YLR022C,0,2.1449535,0.19252616167068481,0.6439999938011169,0.2700999975204468
YJL178C,YDR171W,0,2.144838,0.19246861338615417,0.6439999938011169,0.2702000141143799
YBL079W,YER130C,0,2.1446352,0.19241110980510712,0.6439999938011169,0.2703000009059906
YFL022C,YDR043C,0,2.1443927,0.19235365092754364,0.6439999938011169,0.2703999876976013
YDR416W,YBR004C,0,2.1437223,0.19229620695114136,0.6439999938011169,0.2705000042915344
YJR133W,YMR087W,0,2.1436567,0.19223880767822266,0.6439999938011169,0.27059999108314514
YNL186W,YOR010C,0,2.1431851,0.19218143820762634,0.6439999938011169,0.27070000767707825
YGR206W,YER139C,0,2.1426947,0.19212409853935242,0.6439999938011169,0.27079999446868896
YIR011C,YGL233W,0,2.142095,0.19206680357456207,0.6439999938011169,0.27090001106262207
YOR058C,YDR289C,0,2.1417994,0.19200953841209412,0.6439999938011169,0.2709999978542328
YDR017C,YJL021C,0,2.1416702,0.19195230305194855,0.6439999938011169,0.2711000144481659
YHR057C,YNL216W,0,2.1414096,0.19189511239528656,0.6439999938011169,0.2712000012397766
YAL059W,YJR149W,0,2.1412396,0.19183795154094696,0.6439999938011169,0.27129998803138733
YOR028C,YPL045W,0,2.141232,0.19178082048892975,0.6439999938011169,0.27140000462532043
YKL082C,YMR135C,0,2.1410098,0.19172373414039612,0.6439999938011169,0.27149999141693115
YPR196W,YIL110W,0,2.1405883,0.19166666269302368,0.6439999938011169,0.27160000801086426
YPL162C,YOL010W,0,2.1401713,0.19160963594913483,0.6439999938011169,0.271699994802475
YJR159W,YML058W,0,2.1398504,0.19155265390872955,0.6439999938011169,0.2718000113964081
YBR026C,YMR228W,0,2.1394835,0.19149568676948547,0.6439999938011169,0.2718999981880188
YKL045W,YBL038W,0,2.1393461,0.19143876433372498,0.6439999938011169,0.2720000147819519
YPR037C,YPR107C,0,2.1392553,0.19138187170028687,0.6439999938011169,0.2721000015735626
YPL036W,YDR359C,0,2.1391575,0.19132500886917114,0.6439999938011169,0.27219998836517334
YOL055C,YDR384C,0,2.1391418,0.191268190741539,0.6439999938011169,0.27230000495910645
YLR024C,YOR101W,0,2.1390505,0.19121140241622925,0.6439999938011169,0.27239999175071716
YPL248C,YKL119C,0,2.1388612,0.19115464389324188,0.6439999938011169,0.27250000834465027
YHR005C-A,YGR120C,0,2.13866,0.1910979300737381,0.6439999938011169,0.272599995136261
YLR190W,YGL093W,0,2.138585,0.1910412311553955,0.6439999938011169,0.2727000117301941
YGR254W,YDL091C,0,2.1385336,0.1909845769405365,0.6439999938011169,0.2727999985218048
YMR202W,YDL128W,0,2.1384537,0.19092795252799988,0.6439999938011169,0.2728999853134155
YOR156C,YIR038C,0,2.1381397,0.19087137281894684,0.6439999938011169,0.27300000190734863
YER075C,YJL166W,0,2.138127,0.190814808011055,0.6439999938011169,0.27309998869895935
YKL015W,YDR256C,0,2.1378856,0.19075828790664673,0.6439999938011169,0.27320000529289246
YHR079C-B,YOR230W,1,2.1378043,0.1909979283809662,0.6449999809265137,0.27320000529289246
YPL233W,YDL223C,0,2.1377842,0.19094137847423553,0.6449999809265137,0.2732999920845032
YMR315W,YDR385W,0,2.1365194,0.19088487327098846,0.6449999809265137,0.2734000086784363
YDL194W,YML128C,1,2.1364665,0.19112426042556763,0.6460000276565552,0.2734000086784363
YGR125W,YPR155C,0,2.1363883,0.19106772541999817,0.6460000276565552,0.273499995470047
YMR058W,YNL175C,0,2.1363418,0.1910112351179123,0.6460000276565552,0.2736000120639801
YBR089C-A,YER139C,0,2.1362832,0.1909547746181488,0.6460000276565552,0.2736999988555908
YPL236C,YLR361C,0,2.1362445,0.1908983439207077,0.6460000276565552,0.27379998564720154
YOR338W,YHR039C,1,2.1360571,0.1911373734474182,0.6470000147819519,0.27379998564720154
YNL173C,YHR047C,0,2.1358418,0.19108092784881592,0.6470000147819519,0.27390000224113464
YDR159W,YJR051W,0,2.1357763,0.191024512052536,0.6470000147819519,0.27399998903274536
YDR516C,YPL139C,1,2.1357234,0.19126328825950623,0.6480000019073486,0.27399998903274536
YFL018W-A,YGR166W,0,2.1353972,0.19120684266090393,0.6480000019073486,0.27410000562667847
YFL016C,YER069W,0,2.1349778,0.19115044176578522,0.6480000019073486,0.2741999924182892
YNL282W,YGR169C,0,2.134881,0.1910940706729889,0.6480000019073486,0.2743000090122223
YPR119W,YKR026C,0,2.1347837,0.19103772938251495,0.6480000019073486,0.274399995803833
YKL005C,YCR073C,0,2.1342297,0.1909814327955246,0.6480000019073486,0.2745000123977661
YJL047C,YER063W,0,2.1333933,0.19092516601085663,0.6480000019073486,0.27459999918937683
YMR313C,YIL168W,0,2.133341,0.19086892902851105,0.6480000019073486,0.27469998598098755
YGR005C,YNL035C,0,2.1333122,0.19081272184848785,0.6480000019073486,0.27480000257492065
YMR160W,YGR275W,0,2.132937,0.19075654447078705,0.6480000019073486,0.27489998936653137
YCR063W,YOR377W,0,2.1325123,0.19070041179656982,0.6480000019073486,0.2750000059604645
YHR174W,YJL141C,0,2.1324909,0.190644308924675,0.6480000019073486,0.2750999927520752
YDL215C,YIL134W,0,2.1322083,0.19058823585510254,0.6480000019073486,0.2752000093460083
YNL106C,YJL010C,0,2.1318495,0.19053219258785248,0.6480000019073486,0.275299996137619
YNL092W,YPL108W,0,2.1316123,0.190476194024086,0.6480000019073486,0.2754000127315521
YMR173W,YMR104C,0,2.131482,0.1904202103614807,0.6480000019073486,0.27549999952316284
YKL093W,YBR161W,0,2.1314573,0.190364271402359,0.6480000019073486,0.27559998631477356
YLR388W,YOL075C,0,2.1313105,0.1903083771467209,0.6480000019073486,0.27570000290870667
YER178W,YOL107W,0,2.1312335,0.19025249779224396,0.6480000019073486,0.2757999897003174
YBR223C,YNL232W,0,2.1306567,0.19019664824008942,0.6480000019073486,0.2759000062942505
YOR264W,YER119C,0,2.1303668,0.19014084339141846,0.6480000019073486,0.2759999930858612
YKL078W,YCR067C,0,2.1303327,0.19008506834506989,0.6480000019073486,0.2761000096797943
YJL184W,YJL115W,0,2.1300077,0.1900293231010437,0.6480000019073486,0.27619999647140503
YDL211C,YDL042C,0,2.129962,0.1899736076593399,0.6480000019073486,0.27630001306533813
YBR056W,YGR283C,0,2.1299393,0.1899179369211197,0.6480000019073486,0.27639999985694885
YKL110C,YNR044W,0,2.129572,0.18986229598522186,0.6480000019073486,0.27649998664855957
YBL008W,YPR160W,0,2.1292799,0.18980668485164642,0.6480000019073486,0.2766000032424927
YLR059C,YLR423C,0,2.1292524,0.18975110352039337,0.6480000019073486,0.2766999900341034
YOR234C,YDR352W,0,2.1291895,0.1896955519914627,0.6480000019073486,0.2768000066280365
YGR161C,YLR451W,0,2.1291542,0.18964003026485443,0.6480000019073486,0.2768999934196472
YBR275C,YAL024C,0,2.1285052,0.18958455324172974,0.6480000019073486,0.2770000100135803
YJL144W,YFR033C,0,2.1284487,0.18952910602092743,0.6480000019073486,0.27709999680519104
YDR498C,YNL090W,0,2.1284106,0.1894736886024475,0.6480000019073486,0.27720001339912415
YDR099W,YLR054C,1,2.1283364,0.1897106170654297,0.6489999890327454,0.27720001339912415
YPR022C,YIL108W,0,2.1273866,0.18965516984462738,0.6489999890327454,0.27730000019073486
YOL086C,YGL098W,0,2.1272,0.18959976732730865,0.6489999890327454,0.2773999869823456
YMR288W,YIL135C,0,2.1271722,0.18954439461231232,0.6489999890327454,0.2775000035762787
YNL117W,YOR353C,0,2.1267517,0.18948905169963837,0.6489999890327454,0.2775999903678894
YJL005W,YKL113C,0,2.1267207,0.1894337385892868,0.6489999890327454,0.2777000069618225
YDR189W,YKR099C-A,0,2.1264172,0.18937847018241882,0.6489999890327454,0.2777999937534332
YDR113C,YDL042C,0,2.126293,0.18932321667671204,0.6489999890327454,0.27790001034736633
YBL100W-A,YMR083W,0,2.1261919,0.18926800787448883,0.6489999890327454,0.27799999713897705
YMR081C,YOR172W,0,2.1261334,0.189212828874588,0.6489999890327454,0.27810001373291016
YDR260C,YBR023C,1,2.126035,0.18944914638996124,0.6499999761581421,0.27810001373291016
YPL113C,YKL046C,0,2.1244404,0.18939393758773804,0.6499999761581421,0.2782000005245209
YDR516C,YLR054C,1,2.1239588,0.18963006138801575,0.6510000228881836,0.2782000005245209
YMR275C,YCL027C-A,0,2.1237636,0.18957483768463135,0.6510000228881836,0.2782999873161316
YKL039W,YLR240W,0,2.1236055,0.18951964378356934,0.6510000228881836,0.2784000039100647
YHR139C,YGR253C,1,2.1233213,0.18975552916526794,0.6520000100135803,0.2784000039100647
YCR063W,YOR089C,0,2.1232653,0.18970032036304474,0.6520000100135803,0.2784999907016754
YGL113W,YPL006W,0,2.123158,0.18964514136314392,0.6520000100135803,0.2786000072956085
YBL007C,YGL196W,0,2.1231074,0.1895899921655655,0.6520000100135803,0.27869999408721924
YLR044C,YKL134C,0,2.1230693,0.18953488767147064,0.6520000100135803,0.27880001068115234
YNL110C,YBR234C,0,2.1229327,0.189479798078537,0.6520000100135803,0.27889999747276306
YDR343C,YCL019W,0,2.1213586,0.18942475318908691,0.6520000100135803,0.27900001406669617
YJR082C,YOR071C,0,2.121314,0.18936973810195923,0.6520000100135803,0.2791000008583069
YMR218C,YLR391W-A,0,2.1209512,0.18931475281715393,0.6520000100135803,0.2791999876499176
YML030W,YLL004W,0,2.1206377,0.18925979733467102,0.6520000100135803,0.2793000042438507
YHR077C,YBR222C,0,2.1206076,0.1892048716545105,0.6520000100135803,0.2793999910354614
YIL128W,YDL047W,0,2.1205072,0.18914999067783356,0.6520000100135803,0.27950000762939453
YML013W,YLL034C,0,2.1204293,0.1890951246023178,0.6520000100135803,0.27959999442100525
YGL148W,YLR408C,0,2.1204276,0.18904030323028564,0.6520000100135803,0.27970001101493835
YKL078W,YOR064C,0,2.1200428,0.18898551166057587,0.6520000100135803,0.2797999978065491
YLL003W,YPL009C,0,2.1199908,0.18893074989318848,0.6520000100135803,0.2799000144004822
YBR095C,YNL085W,0,2.1198668,0.18887601792812347,0.6520000100135803,0.2800000011920929
YGR181W,YPR167C,0,2.1192403,0.18882131576538086,0.6520000100135803,0.2800999879837036
YDL036C,YML045W,0,2.1190054,0.18876664340496063,0.6520000100135803,0.2802000045776367
YOL057W,YMR268C,0,2.1188557,0.188712015748024,0.6520000100135803,0.28029999136924744
YPR037C,YMR323W,0,2.1187496,0.18865740299224854,0.6520000100135803,0.28040000796318054
YER087W,YJL183W,0,2.1186,0.18860283493995667,0.6520000100135803,0.28049999475479126
YPR023C,YJR112W,0,2.11858,0.18854829668998718,0.6520000100135803,0.28060001134872437
YDR285W,YDR451C,1,2.118497,0.18878288567066193,0.652999997138977,0.28060001134872437
YPL100W,YPR058W,0,2.1181724,0.18872831761837006,0.652999997138977,0.2806999981403351
YDR099W,YGL033W,1,2.1180754,0.18896272778511047,0.6539999842643738,0.2806999981403351
YIL022W,YPL005W,0,2.117836,0.1889081448316574,0.6539999842643738,0.2808000147342682
YDR098C,YLR206W,0,2.1171703,0.18885359168052673,0.6539999842643738,0.2809000015258789
YGL104C,YJR002W,0,2.1169326,0.18879908323287964,0.6539999842643738,0.2809999883174896
YBR287W,YKL026C,0,2.1166208,0.18874458968639374,0.6539999842643738,0.28110000491142273
YOL142W,YJL071W,0,2.1165674,0.18869012594223022,0.6539999842643738,0.28119999170303345
YJR084W,YNL090W,0,2.1163638,0.1886357069015503,0.6539999842643738,0.28130000829696655
YOR129C,YMR087W,0,2.1161013,0.18858131766319275,0.6539999842643738,0.28139999508857727
YMR115W,YEL030W,0,2.1156933,0.1885269582271576,0.6539999842643738,0.2815000116825104
YDR027C,YDL154W,1,2.1155727,0.18876080214977264,0.6549999713897705,0.2815000116825104
YJR005W,YOR157C,0,2.1155362,0.1887064278125763,0.6549999713897705,0.2815999984741211
YNL316C,YER013W,0,2.1153352,0.18865206837654114,0.6549999713897705,0.2816999852657318
YDR454C,YCR030C,0,2.1149983,0.18859775364398956,0.6549999713897705,0.2818000018596649
YLR337C,YPL158C,0,2.1149876,0.18854346871376038,0.6549999713897705,0.28189998865127563
YNL282W,YDR541C,0,2.1147609,0.18848921358585358,0.6549999713897705,0.28200000524520874
YBR109C,YCL003W,0,2.1147604,0.18843498826026917,0.6549999713897705,0.28209999203681946
YMR077C,YIL177C,0,2.1140428,0.18838079273700714,0.6549999713897705,0.28220000863075256
YMR093W,YML102W,0,2.113692,0.1883266270160675,0.6549999713897705,0.2822999954223633
YAL051W,YNL065W,0,2.1136627,0.18827249109745026,0.6549999713897705,0.2824000120162964
YOR148C,YLR039C,0,2.1136568,0.1882183849811554,0.6549999713897705,0.2824999988079071
YDL161W,YBL089W,0,2.1135178,0.18816432356834412,0.6549999713897705,0.2825999855995178
YIR013C,YBR218C,0,2.1133015,0.18811027705669403,0.6549999713897705,0.2827000021934509
YLR305C,YDL025C,0,2.1132984,0.18805627524852753,0.6549999713897705,0.28279998898506165
YFR027W,YCL057W,0,2.1131418,0.1880023032426834,0.6549999713897705,0.28290000557899475
YPL259C,YHR077C,0,2.1130345,0.1879483461380005,0.6549999713897705,0.28299999237060547
YHR152W,YER177W,1,2.112895,0.1881812959909439,0.656000018119812,0.28299999237060547
YPL180W,YHR128W,0,2.1128528,0.1881273239850998,0.656000018119812,0.2831000089645386
YPL276W,YGR128C,0,2.1125238,0.18807339668273926,0.656000018119812,0.2831999957561493
YBR120C,YJR109C,0,2.1124578,0.18801948428153992,0.656000018119812,0.2833000123500824
YGR221C,YJL166W,0,2.1121683,0.18796561658382416,0.656000018119812,0.2833999991416931
YGR103W,YNL335W,0,2.1120374,0.1879117786884308,0.656000018119812,0.28349998593330383
YMR182C,YIL159W,0,2.1115816,0.1878579556941986,0.656000018119812,0.28360000252723694
YNL014W,YMR286W,0,2.1115577,0.18780417740345,0.656000018119812,0.28369998931884766
YGR217W,YDR195W,0,2.1113946,0.1877504289150238,0.656000018119812,0.28380000591278076
YHR019C,YBR019C,0,2.1113415,0.18769671022891998,0.656000018119812,0.2838999927043915
YCR045C,YKL052C,0,2.1112742,0.18764302134513855,0.656000018119812,0.2840000092983246
YML072C,YDL045W-A,0,2.1111488,0.1875893622636795,0.656000018119812,0.2840999960899353
YOL116W,YPR114W,0,2.110983,0.18753573298454285,0.656000018119812,0.2842000126838684
YER137C,YOL028C,0,2.1109436,0.18748213350772858,0.656000018119812,0.2842999994754791
YGR052W,YNL251C,0,2.1106114,0.1874285787343979,0.656000018119812,0.28439998626708984
YIL075C,YPL171C,0,2.1105995,0.1873750388622284,0.656000018119812,0.28450000286102295
YDR367W,YNL081C,0,2.110251,0.1873215287923813,0.656000018119812,0.28459998965263367
YMR032W,YPL100W,0,2.109599,0.18726804852485657,0.656000018119812,0.2847000062465668
YDR397C,YIL153W,0,2.1095898,0.18721461296081543,0.656000018119812,0.2847999930381775
YKR064W,YGR099W,0,2.1090243,0.18716119229793549,0.656000018119812,0.2849000096321106
YOR262W,YNL290W,0,2.1089165,0.18710781633853912,0.656000018119812,0.2849999964237213
YLL033W,YML032C,1,2.1088777,0.18733960390090942,0.6570000052452087,0.2849999964237213
YHR115C,YMR197C,0,2.1087413,0.18728619813919067,0.6570000052452087,0.2851000130176544
YKL114C,YER093C,0,2.1085732,0.1872328370809555,0.6570000052452087,0.28519999980926514
YGR264C,YDR311W,0,2.108457,0.18717949092388153,0.6570000052452087,0.28529998660087585
YGL190C,YCL026C-B,0,2.108404,0.18712617456912994,0.6570000052452087,0.28540000319480896
YLL014W,YOR106W,0,2.108277,0.18707288801670074,0.6570000052452087,0.2854999899864197
YKL064W,YHR077C,0,2.10819,0.18701964616775513,0.6570000052452087,0.2856000065803528
YNR023W,YER154W,0,2.107561,0.1869664192199707,0.6570000052452087,0.2856999933719635
YCR036W,YOR194C,0,2.1075003,0.18691322207450867,0.6570000052452087,0.2858000099658966
YHR118C,YER159C,0,2.1074212,0.1868600696325302,0.6570000052452087,0.2858999967575073
YDL148C,YJL042W,0,2.107343,0.18680693209171295,0.6570000052452087,0.28600001335144043
YAL032C,YDR090C,0,2.1073415,0.18675383925437927,0.6570000052452087,0.28610000014305115
YLR389C,YJR091C,0,2.107062,0.1867007613182068,0.6570000052452087,0.28619998693466187
YGL012W,YJL204C,0,2.1070178,0.18664772808551788,0.6570000052452087,0.28630000352859497
YGR199W,YBL025W,0,2.1068625,0.18659472465515137,0.6570000052452087,0.2863999903202057
YPL230W,YPL009C,0,2.1062427,0.18654173612594604,0.6570000052452087,0.2865000069141388
YHR120W,YCL029C,0,2.1061935,0.1864887923002243,0.6570000052452087,0.2865999937057495
YDR058C,YCR071C,0,2.1061463,0.18643586337566376,0.6570000052452087,0.2867000102996826
YNL250W,YLR219W,1,2.105936,0.18666666746139526,0.6579999923706055,0.2867000102996826
YNL208W,YGR165W,0,2.1059039,0.18661372363567352,0.6579999923706055,0.28679999709129333
YFL056C,YBL091C,0,2.1053765,0.18656080961227417,0.6579999923706055,0.28690001368522644
YJL098W,YNL020C,0,2.1053352,0.1865079402923584,0.6579999923706055,0.28700000047683716
YMR175W,YCR008W,0,2.1053312,0.18645508587360382,0.6579999923706055,0.2870999872684479
YNL069C,YJL206C,0,2.1047063,0.18640226125717163,0.6579999923706055,0.287200003862381
YER015W,YER149C,0,2.1046596,0.18634948134422302,0.6579999923706055,0.2872999906539917
YMR154C,YJL083W,0,2.1042042,0.1862967163324356,0.6579999923706055,0.2874000072479248
YOR202W,YLR256W,0,2.1040866,0.18624398112297058,0.6579999923706055,0.2874999940395355
YLR390W,YFR040W,0,2.104013,0.18619129061698914,0.6579999923706055,0.28760001063346863
YDL232W,YJL209W,0,2.1039944,0.18613861501216888,0.6579999923706055,0.28769999742507935
YIL121W,YGR046W,0,2.1033943,0.18608596920967102,0.6579999923706055,0.28780001401901245
YBR052C,YLR001C,0,2.103391,0.18603336811065674,0.6579999923706055,0.28790000081062317
YKL101W,YER040W,0,2.1033304,0.18598078191280365,0.6579999923706055,0.2879999876022339
YPL036W,YDL097C,0,2.1030862,0.18592822551727295,0.6579999923706055,0.288100004196167
YDR111C,YML065W,0,2.1026788,0.18587569892406464,0.6579999923706055,0.2881999909877777
YFL066C,YOR196C,0,2.1021464,0.1858232170343399,0.6579999923706055,0.2883000075817108
YGL257C,YBR238C,0,2.1020453,0.18577075004577637,0.6579999923706055,0.28839999437332153
YFR014C,YHL026C,0,2.1017334,0.18571831285953522,0.6579999923706055,0.28850001096725464
YPR043W,YDL035C,0,2.1011677,0.18566592037677765,0.6579999923706055,0.28859999775886536
YFL014W,YHR008C,0,2.1011598,0.18561354279518127,0.6579999923706055,0.28870001435279846
YPL082C,YML049C,0,2.1009648,0.1855611950159073,0.6579999923706055,0.2888000011444092
YPR052C,YDR113C,0,2.1006927,0.1855088770389557,0.6579999923706055,0.2888999879360199
YNL142W,YDR067C,0,2.1002448,0.18545658886432648,0.6579999923706055,0.289000004529953
YMR304W,YPL218W,0,2.100142,0.18540434539318085,0.6579999923706055,0.2890999913215637
YOR372C,YPR067W,0,2.1000874,0.1853521168231964,0.6579999923706055,0.2892000079154968
YKL013C,YDL245C,0,2.1000407,0.18529991805553436,0.6579999923706055,0.28929999470710754
YDR517W,YGR275W,0,2.1,0.1852477490901947,0.6579999923706055,0.28940001130104065
YNL309W,YOR377W,0,2.099759,0.18519560992717743,0.6579999923706055,0.28949999809265137
YER005W,YER139C,0,2.0995476,0.18514350056648254,0.6579999923706055,0.2896000146865845
YCL068C,YLL018C-A,0,2.0995426,0.18509142100811005,0.6579999923706055,0.2897000014781952
YLR107W,YGR283C,0,2.0995421,0.18503937125205994,0.6579999923706055,0.2897999882698059
YNL036W,YPR185W,0,2.0994492,0.18498735129833221,0.6579999923706055,0.289900004863739
YNL076W,YOR256C,0,2.09848,0.18493536114692688,0.6579999923706055,0.28999999165534973
YOR273C,YLR332W,0,2.0975645,0.18488340079784393,0.6579999923706055,0.29010000824928284
YCR063W,YFL018W-A,0,2.0973706,0.18483145534992218,0.6579999923706055,0.29019999504089355
YDR214W,YBR034C,0,2.0972948,0.184779554605484,0.6579999923706055,0.29030001163482666
YMR214W,YNL050C,0,2.0971942,0.18472768366336823,0.6579999923706055,0.2903999984264374
YHR109W,YOR378W,0,2.0970128,0.18467582762241364,0.6579999923706055,0.2904999852180481
YKR096W,YER028C,0,2.0969975,0.18462401628494263,0.6579999923706055,0.2906000018119812
YOL108C,YOL058W,0,2.0968962,0.184572234749794,0.6579999923706055,0.2906999886035919
YPR200C,YAR031W,0,2.0967877,0.18452046811580658,0.6579999923706055,0.290800005197525
YNL003C,YIL134W,0,2.0967026,0.18446874618530273,0.6579999923706055,0.29089999198913574
YDL181W,YGL233W,0,2.0965443,0.18441703915596008,0.6579999923706055,0.29100000858306885
YHR030C,YPL253C,0,2.0963063,0.18436536192893982,0.6579999923706055,0.29109999537467957
YMR170C,YIL135C,0,2.0962186,0.18431372940540314,0.6579999923706055,0.29120001196861267
YGR224W,YBR257W,0,2.0962024,0.18426211178302765,0.6579999923706055,0.2912999987602234
YPR103W,YBR100W,1,2.0959256,0.18449048697948456,0.6589999794960022,0.2912999987602234
YLR208W,YKL092C,0,2.0957258,0.18443883955478668,0.6589999794960022,0.2913999855518341
YPL210C,YLR034C,0,2.0956812,0.1843872368335724,0.6589999794960022,0.2915000021457672
YOR207C,YGR231C,0,2.0956273,0.18433566391468048,0.6589999794960022,0.29159998893737793
YLR340W,YDR338C,0,2.095227,0.18428412079811096,0.6589999794960022,0.29170000553131104
YDR302W,YBR119W,0,2.0951672,0.18423259258270264,0.6589999794960022,0.29179999232292175
YJL172W,YER021W,0,2.094984,0.1841811090707779,0.6589999794960022,0.29190000891685486
YNL139C,YNL317W,0,2.094779,0.18412964046001434,0.6589999794960022,0.2919999957084656
YOL058W,YNL063W,0,2.0946748,0.18407821655273438,0.6589999794960022,0.2921000123023987
YER103W,YJL082W,0,2.0943513,0.1840268075466156,0.6589999794960022,0.2921999990940094
YDR378C,YJR127C,0,2.0938892,0.1839754283428192,0.6589999794960022,0.2922999858856201
YKR096W,YEL030W,0,2.09384,0.18392407894134521,0.6589999794960022,0.2924000024795532
YNL221C,YMR011W,0,2.0938199,0.1838727742433548,0.6589999794960022,0.29249998927116394
YNL147W,YBL100W-B,0,2.0937934,0.18382148444652557,0.6589999794960022,0.29260000586509705
YDR324C,YDR113C,0,2.0933497,0.18377022445201874,0.6589999794960022,0.29269999265670776
YOR321W,YER104W,0,2.093065,0.1837189793586731,0.6589999794960022,0.29280000925064087
YDR073W,YOL082W,0,2.092525,0.18366777896881104,0.6589999794960022,0.2928999960422516
YDR482C,YJL212C,0,2.0924273,0.18361660838127136,0.6589999794960022,0.2930000126361847
YAR014C,YPL187W,0,2.0917718,0.18356545269489288,0.6589999794960022,0.2930999994277954
YKL081W,YGR288W,0,2.0917144,0.18351434171199799,0.6589999794960022,0.29319998621940613
YER093C,YLR259C,0,2.091655,0.18346324563026428,0.6589999794960022,0.29330000281333923
YPR060C,YLR228C,0,2.091601,0.18341219425201416,0.6589999794960022,0.29339998960494995
YHR039C,YGL183C,1,2.0915117,0.18363939225673676,0.6600000262260437,0.29339998960494995
YJR073C,YER081W,0,2.0915072,0.18358831107616425,0.6600000262260437,0.29350000619888306
YDR267C,YGL006W,0,2.0913572,0.18353725969791412,0.6600000262260437,0.2935999929904938
YPL069C,YHL012W,0,2.0909114,0.1834862381219864,0.6600000262260437,0.2937000095844269
YJL098W,YAL002W,0,2.0905867,0.18343524634838104,0.6600000262260437,0.2937999963760376
YOR191W,YDR404C,0,2.0905502,0.1833842694759369,0.6600000262260437,0.2939000129699707
YDL025C,YOL010W,0,2.0904207,0.18333333730697632,0.6600000262260437,0.2939999997615814
YEL020C,YNL290W,0,2.0900707,0.18328242003917694,0.6600000262260437,0.29409998655319214
YLR337C,YNL021W,0,2.090062,0.18323153257369995,0.6600000262260437,0.29420000314712524
YDR364C,YMR275C,0,2.0899549,0.18318068981170654,0.6600000262260437,0.29429998993873596
YLR359W,YHL031C,0,2.0896776,0.18312986195087433,0.6600000262260437,0.29440000653266907
YPR111W,YGR005C,0,2.0895157,0.1830790638923645,0.6600000262260437,0.2944999933242798
YIL064W,YGR138C,0,2.0891902,0.18302828073501587,0.6600000262260437,0.2946000099182129
YCR024C,YNL132W,0,2.0887113,0.18297754228115082,0.6600000262260437,0.2946999967098236
YPR174C,YKR102W,0,2.0883524,0.18292683362960815,0.6600000262260437,0.2948000133037567
YOL078W,YBR238C,0,2.088241,0.18287613987922668,0.6600000262260437,0.29490000009536743
YGL022W,YBR141C,0,2.0881472,0.1828254908323288,0.6600000262260437,0.29499998688697815
YNL025C,YBR210W,0,2.088131,0.1827748566865921,0.6600000262260437,0.29510000348091125
YER044C-A,YDL029W,1,2.087705,0.1830011010169983,0.6610000133514404,0.29510000348091125
YLR135W,YDR324C,0,2.0873313,0.1829504519701004,0.6610000133514404,0.295199990272522
YGL231C,YGL038C,0,2.0871503,0.1828998327255249,0.6610000133514404,0.2953000068664551
YLR383W,YPL040C,0,2.0870898,0.1828492432832718,0.6610000133514404,0.2953999936580658
YJR117W,YGR017W,0,2.086974,0.18279866874217987,0.6610000133514404,0.2955000102519989
YLR337C,YDR016C,0,2.086879,0.18274813890457153,0.6610000133514404,0.2955999970436096
YKR080W,YMR081C,0,2.0868666,0.1826976239681244,0.6610000133514404,0.2957000136375427
YER141W,YPL020C,0,2.0867755,0.18264713883399963,0.6610000133514404,0.29580000042915344
YCR060W,YDR419W,0,2.086666,0.18259668350219727,0.6610000133514404,0.29589998722076416
YDL160C,YCR057C,0,2.086541,0.18254625797271729,0.6610000133514404,0.29600000381469727
YKL096W,YBR081C,0,2.0852036,0.1824958622455597,0.6610000133514404,0.296099990606308
YFR045W,YMR123W,0,2.0851269,0.1824454814195633,0.6610000133514404,0.2962000072002411
YHR214W,YLR378C,0,2.084891,0.18239514529705048,0.6610000133514404,0.2962999939918518
YML099C,YLR141W,0,2.084845,0.18234482407569885,0.6610000133514404,0.2964000105857849
YIR038C,YLR151C,0,2.0844562,0.18229453265666962,0.6610000133514404,0.29649999737739563
YNL054W,YGL111W,0,2.0841656,0.18224428594112396,0.6610000133514404,0.29660001397132874
YCR057C,YOL028C,0,2.0835187,0.1821940392255783,0.6610000133514404,0.29670000076293945
YBR199W,YLL053C,0,2.0835145,0.18214383721351624,0.6610000133514404,0.29679998755455017
YLL039C,YGL054C,1,2.0829062,0.1823691427707672,0.6620000004768372,0.29679998755455017
YML049C,YBR257W,0,2.0824003,0.18231892585754395,0.6620000004768372,0.2969000041484833
YOR090C,YDR113C,0,2.0823693,0.18226872384548187,0.6620000004768372,0.296999990940094
YDR354W,YCR070W,0,2.0821927,0.1822185516357422,0.6620000004768372,0.2971000075340271
YGL018C,YOR327C,0,2.0820541,0.1821684092283249,0.6620000004768372,0.2971999943256378
YLL015W,YBR133C,0,2.0818136,0.18211829662322998,0.6620000004768372,0.2973000109195709
YLR205C,YOR064C,0,2.0817683,0.18206821382045746,0.6620000004768372,0.29739999771118164
YGL049C,YGR125W,0,2.0816965,0.18201814591884613,0.6620000004768372,0.29750001430511475
YLR460C,YNL175C,0,2.0815988,0.1819681078195572,0.6620000004768372,0.29760000109672546
YIL022W,YGR287C,0,2.0815682,0.18191811442375183,0.6620000004768372,0.2976999878883362
YHL002W,YPL253C,0,2.0815532,0.18186813592910767,0.6620000004768372,0.2978000044822693
YGR091W,YMR274C,0,2.081521,0.1818181872367859,0.6620000004768372,0.29789999127388
YGL130W,YPR024W,0,2.0813813,0.1817682534456253,0.6620000004768372,0.2980000078678131
YGL099W,YNL194C,1,2.081348,0.18199285864830017,0.6629999876022339,0.2980000078678131
YHR121W,YML075C,0,2.0810285,0.1819429248571396,0.6629999876022339,0.29809999465942383
YGL163C,YOL026C,0,2.0807276,0.1818930059671402,0.6629999876022339,0.29820001125335693
YFL008W,YGR046W,0,2.0802295,0.1818431168794632,0.6629999876022339,0.29829999804496765
YNL020C,YPL043W,0,2.080114,0.18179325759410858,0.6629999876022339,0.29840001463890076
YPR065W,YBR204C,0,2.0795546,0.18174342811107635,0.6629999876022339,0.2985000014305115
YDR285W,YJL168C,1,2.0791533,0.18196766078472137,0.6639999747276306,0.2985000014305115
YIL131C,YLR044C,0,2.079099,0.18191780149936676,0.6639999747276306,0.2985999882221222
YGL010W,YDR021W,0,2.078576,0.18186798691749573,0.6639999747276306,0.2987000048160553
YLR222C,YJR051W,0,2.0784204,0.1818181872367859,0.6639999747276306,0.298799991607666
YCL010C,YGR285C,0,2.0781326,0.18176840245723724,0.6639999747276306,0.2989000082015991
YPL016W,YPR140W,0,2.0779607,0.18171866238117218,0.6639999747276306,0.29899999499320984
YHR050W,YDR328C,0,2.0778406,0.1816689521074295,0.6639999747276306,0.29910001158714294
YER185W,YGR229C,0,2.0777216,0.18161925673484802,0.6639999747276306,0.29919999837875366
YBR203W,YDR450W,0,2.0776951,0.18156959116458893,0.6639999747276306,0.2992999851703644
YPR133W-A,YML097C,0,2.0775702,0.18151995539665222,0.6639999747276306,0.2994000017642975
YJR056C,YPL268W,0,2.0773048,0.1814703494310379,0.6639999747276306,0.2994999885559082
YDL045C,YEL020C,0,2.0772872,0.18142075836658478,0.6639999747276306,0.2996000051498413
YPL098C,YLR181C,0,2.0771344,0.18137121200561523,0.6639999747276306,0.299699991941452
YKR065C,YJR036C,0,2.0769079,0.18132168054580688,0.6639999747276306,0.29980000853538513
YGR172C,YPR020W,0,2.0768828,0.18127217888832092,0.6639999747276306,0.29989999532699585
YMR021C,YMR169C,0,2.0767157,0.18122270703315735,0.6639999747276306,0.30000001192092896
YDL121C,YDR438W,0,2.0763183,0.18117326498031616,0.6639999747276306,0.3000999987125397
YBR211C,YDL091C,0,2.0759125,0.18112383782863617,0.6639999747276306,0.3001999855041504
YOR262W,YKL171W,0,2.0755267,0.18107444047927856,0.6639999747276306,0.3003000020980835
YDL194W,YOR230W,1,2.0753322,0.18129770457744598,0.6650000214576721,0.3003000020980835
YDR017C,YNL111C,0,2.0751812,0.18124829232692719,0.6650000214576721,0.3003999888896942
YNL083W,YLR027C,0,2.0749261,0.18119890987873077,0.6650000214576721,0.3005000054836273
YPL150W,YNR072W,0,2.0747817,0.18114955723285675,0.6650000214576721,0.30059999227523804
YDR184C,YKL220C,0,2.0745869,0.18110021948814392,0.6650000214576721,0.30070000886917114
YIL038C,YOR059C,0,2.0743475,0.18105091154575348,0.6650000214576721,0.30079999566078186
YOR034C,YBR268W,0,2.0742118,0.18100163340568542,0.6650000214576721,0.30090001225471497
YGR020C,YMR115W,0,2.0741944,0.18095238506793976,0.6650000214576721,0.3009999990463257
YEL019C,YDR276C,0,2.0741334,0.18090315163135529,0.6650000214576721,0.3010999858379364
YML096W,YIL128W,0,2.0740526,0.1808539628982544,0.6650000214576721,0.3012000024318695
YOR226C,YDR499W,0,2.0739493,0.1808047890663147,0.6650000214576721,0.3012999892234802
YNL225C,YNR035C,0,2.07385,0.1807556450366974,0.6650000214576721,0.30140000581741333
YLR165C,YIL079C,0,2.0735714,0.18070651590824127,0.6650000214576721,0.30149999260902405
YDL236W,YLR408C,0,2.0735402,0.18065743148326874,0.6650000214576721,0.30160000920295715
YFR010W,YKR026C,0,2.0734017,0.1806083619594574,0.6650000214576721,0.30169999599456787
YGR231C,YIL168W,0,2.0732841,0.18055932223796844,0.6650000214576721,0.301800012588501
YNR006W,YFR047C,0,2.0731525,0.18051031231880188,0.6650000214576721,0.3018999993801117
YAL015C,YML098W,0,2.0731297,0.1804613322019577,0.6650000214576721,0.3019999861717224
YDR260C,YBR088C,1,2.0729058,0.1806836724281311,0.6660000085830688,0.3019999861717224
YJR092W,YER073W,0,2.0728328,0.18063466250896454,0.6660000085830688,0.3021000027656555
YKL129C,YBL071W-A,0,2.0721257,0.18058568239212036,0.6660000085830688,0.30219998955726624
YEL043W,YNL286W,0,2.072046,0.18053673207759857,0.6660000085830688,0.30230000615119934
YPL082C,YGR098C,0,2.0720196,0.18048781156539917,0.6660000085830688,0.30239999294281006
YNL118C,YLR128W,0,2.07196,0.18043890595436096,0.6660000085830688,0.30250000953674316
YOR032C,YFR024C-A,0,2.0715842,0.18039003014564514,0.6660000085830688,0.3025999963283539
YDL160C,YPL120W,0,2.0715792,0.1803411841392517,0.6660000085830688,0.302700012922287
YMR099C,YOR259C,0,2.0715723,0.18029236793518066,0.6660000085830688,0.3027999997138977
YLR352W,YPR114W,0,2.0715556,0.1802435666322708,0.6660000085830688,0.3028999865055084
YMR074C,YHL006C,0,2.0715518,0.18019481003284454,0.6660000085830688,0.30300000309944153
YLL016W,YLR386W,0,2.0713537,0.18014606833457947,0.6660000085830688,0.30309998989105225
YHR185C,YDR004W,1,2.0711193,0.18036776781082153,0.6669999957084656,0.30309998989105225
YHL025W,YMR164C,0,2.0709713,0.18031901121139526,0.6669999957084656,0.30320000648498535
YML059C,YMR110C,0,2.0707557,0.1802702695131302,0.6669999957084656,0.30329999327659607
YLR260W,YLL043W,0,2.070463,0.1802215576171875,0.6669999957084656,0.3034000098705292
YDR207C,YDR097C,1,2.0704155,0.18044300377368927,0.6679999828338623,0.3034000098705292
YBL091C-A,YER159C,0,2.0702229,0.1803942769765854,0.6679999828338623,0.3034999966621399
YOR382W,YJL053W,0,2.069874,0.1803455650806427,0.6679999828338623,0.303600013256073
YBR217W,YGR125W,0,2.0688071,0.1802968978881836,0.6679999828338623,0.3037000000476837
YMR243C,YLR050C,0,2.0683,0.18024824559688568,0.6679999828338623,0.30379998683929443
YDR162C,YDL181W,0,2.0682042,0.18019962310791016,0.6679999828338623,0.30390000343322754
YHR214W,YKL213C,0,2.0681806,0.18015103042125702,0.6679999828338623,0.30399999022483826
YNL084C,YDR386W,1,2.0681703,0.18037207424640656,0.6690000295639038,0.30399999022483826
YCR068W,YLR347C,0,2.0680394,0.18032345175743103,0.6690000295639038,0.30410000681877136
YLR028C,YPL200W,1,2.0679922,0.18054433166980743,0.6700000166893005,0.30410000681877136
YKL093W,YGR231C,0,2.0675387,0.18049569427967072,0.6700000166893005,0.3041999936103821
YDL087C,YMR260C,0,2.0674162,0.1804470717906952,0.6700000166893005,0.3043000102043152
YBR098W,YPL055C,1,2.0671039,0.18066774308681488,0.6710000038146973,0.3043000102043152
YNL080C,YPL230W,0,2.0668168,0.18061910569667816,0.6710000038146973,0.3043999969959259
YPR066W,YIL173W,0,2.0667417,0.18057051301002502,0.6710000038146973,0.304500013589859
YNL080C,YIL130W,0,2.0665188,0.1805219203233719,0.6710000038146973,0.3046000003814697
YHR047C,YJL079C,0,2.0662618,0.18047337234020233,0.6710000038146973,0.30469998717308044
YKL014C,YDR506C,0,2.0661874,0.18042483925819397,0.6710000038146973,0.30480000376701355
YJL149W,YGL048C,0,2.0657136,0.1803763508796692,0.6710000038146973,0.30489999055862427
YBL113C,YCL074W,0,2.0657058,0.1803278625011444,0.6710000038146973,0.3050000071525574
YOR324C,YML121W,0,2.065538,0.1802794188261032,0.6710000038146973,0.3050999939441681
YMR244C-A,YJR077C,0,2.0653965,0.1802309900522232,0.6710000038146973,0.3052000105381012
YNL274C,YOR311C,0,2.0651355,0.18018260598182678,0.6710000038146973,0.3052999973297119
YLL042C,YOL089C,0,2.064798,0.18013422191143036,0.6710000038146973,0.305400013923645
YCL030C,YJR159W,0,2.064628,0.18008588254451752,0.6710000038146973,0.30550000071525574
YIL177C,YDR109C,0,2.0645595,0.18003755807876587,0.6710000038146973,0.30559998750686646
YJR138W,YGR251W,0,2.0642915,0.1799892634153366,0.6710000038146973,0.30570000410079956
YLR213C,YHR079C-B,1,2.0639458,0.1802091747522354,0.671999990940094,0.30570000410079956
YMR234W,YOL016C,0,2.0637982,0.18016086518764496,0.671999990940094,0.3057999908924103
YOR249C,YML097C,0,2.0636728,0.1801125705242157,0.671999990940094,0.3059000074863434
YDR171W,YPR058W,0,2.0634646,0.18006430566310883,0.671999990940094,0.3059999942779541
YGR005C,YBR230C,0,2.063439,0.18001607060432434,0.671999990940094,0.3061000108718872
YGR278W,YMR229C,0,2.063398,0.17996786534786224,0.671999990940094,0.3061999976634979
YCR069W,YPR160W,0,2.06316,0.17991967499256134,0.671999990940094,0.30630001425743103
YER179W,YLR320W,1,2.0631545,0.1801391839981079,0.6729999780654907,0.30630001425743103
YPL215W,YBR275C,0,2.0631511,0.1800909787416458,0.6729999780654907,0.30640000104904175
YLR037C,YNR071C,0,2.0630257,0.1800428032875061,0.6729999780654907,0.30649998784065247
YHR090C,YDR240C,0,2.0630155,0.17999465763568878,0.6729999780654907,0.30660000443458557
YBR044C,YIL139C,0,2.0630083,0.17994652688503265,0.6729999780654907,0.3066999912261963
YJL081C,YHR115C,0,2.0627704,0.1798984259366989,0.6729999780654907,0.3068000078201294
YMR186W,YCL019W,0,2.062665,0.17985035479068756,0.6729999780654907,0.3068999946117401
YKR077W,YBR016W,0,2.061815,0.1798022985458374,0.6729999780654907,0.3070000112056732
YHR148W,YGL254W,0,2.0616934,0.17975427210330963,0.6729999780654907,0.30709999799728394
YLR029C,YDL179W,0,2.0612547,0.17970627546310425,0.6729999780654907,0.30720001459121704
YDR235W,YKL032C,0,2.061179,0.17965830862522125,0.6729999780654907,0.30730000138282776
YCR024C-A,YDR411C,0,2.0607264,0.17961035668849945,0.6729999780654907,0.3073999881744385
YDR427W,YBR230C,0,2.060668,0.17956243455410004,0.6729999780654907,0.3075000047683716
YOR329C,YDR322C-A,0,2.0605013,0.179514542222023,0.6729999780654907,0.3075999915599823
YGR067C,YJL212C,0,2.06021,0.17946666479110718,0.6729999780654907,0.3077000081539154
YER072W,YBR212W,0,2.060023,0.17941881716251373,0.6729999780654907,0.3077999949455261
YML069W,YJL206C,0,2.0599098,0.17937099933624268,0.6729999780654907,0.30790001153945923
YFL009W,YGR028W,0,2.0598679,0.179323211312294,0.6729999780654907,0.30799999833106995
YKL138C,YHL050C,0,2.0594234,0.17927543818950653,0.6729999780654907,0.30809998512268066
YGR090W,YMR053C,0,2.0588684,0.17922769486904144,0.6729999780654907,0.30820000171661377
YDR208W,YGL208W,0,2.0588198,0.17917998135089874,0.6729999780654907,0.3082999885082245
YHR083W,YGL104C,0,2.0586352,0.17913228273391724,0.6729999780654907,0.3084000051021576
YGR172C,YKL090W,0,2.0582137,0.17908461391925812,0.6729999780654907,0.3084999918937683
YKL107W,YGL048C,0,2.0579758,0.1790369749069214,0.6729999780654907,0.3086000084877014
YMR074C,YGR112W,0,2.0579379,0.17898936569690704,0.6729999780654907,0.30869999527931213
YHR066W,YPR174C,0,2.0579295,0.1789417713880539,0.6729999780654907,0.30880001187324524
YHR034C,YJR073C,0,2.0578618,0.17889420688152313,0.6729999780654907,0.30889999866485596
YDR306C,YPL183W-A,0,2.0578077,0.17884667217731476,0.6729999780654907,0.3089999854564667
YPR004C,YIR022W,0,2.0573478,0.17879915237426758,0.6729999780654907,0.3091000020503998
YJL089W,YNR032C-A,0,2.057119,0.17875166237354279,0.6729999780654907,0.3091999888420105
YNL076W,YNL137C,0,2.0571175,0.17870420217514038,0.6729999780654907,0.3093000054359436
YKR072C,YKR049C,0,2.05691,0.17865675687789917,0.6729999780654907,0.3093999922275543
YNL245C,YDR385W,0,2.0568192,0.17860934138298035,0.6729999780654907,0.3095000088214874
YMR055C,YNR044W,0,2.0566828,0.1785619556903839,0.6729999780654907,0.30959999561309814
YBL113C,YFL048C,0,2.0566785,0.17851458489894867,0.6729999780654907,0.30970001220703125
YER040W,YBR015C,0,2.056368,0.17846724390983582,0.6729999780654907,0.30979999899864197
YLL033W,YHR079C-B,1,2.0559769,0.1786850541830063,0.6740000247955322,0.30979999899864197
YEL060C,YKR045C,0,2.055867,0.17863768339157104,0.6740000247955322,0.3098999857902527
YBR119W,YML107C,0,2.0553346,0.17859035730361938,0.6740000247955322,0.3100000023841858
YNR074C,YIL167W,0,2.0551841,0.17854304611682892,0.6740000247955322,0.3100999891757965
YOL060C,YOL158C,0,2.0551808,0.17849576473236084,0.6740000247955322,0.3102000057697296
YHR179W,YGR004W,0,2.0550256,0.17844849824905396,0.6740000247955322,0.31029999256134033
YCL062W,YBR218C,0,2.0549395,0.17840127646923065,0.6740000247955322,0.31040000915527344
YDL064W,YFL031W,0,2.0549366,0.17835405468940735,0.6740000247955322,0.31049999594688416
YLR323C,YCR071C,0,2.0548465,0.17830687761306763,0.6740000247955322,0.31060001254081726
YOR016C,YDL076C,0,2.0545957,0.1782597154378891,0.6740000247955322,0.310699999332428
YNL256W,YNL176C,0,2.0545273,0.17821258306503296,0.6740000247955322,0.3107999861240387
YLL053C,YPR190C,0,2.054313,0.1781654804944992,0.6740000247955322,0.3109000027179718
YBR006W,YNL270C,0,2.0541463,0.17811839282512665,0.6740000247955322,0.3109999895095825
YHR214W,YBR191W,0,2.0540893,0.17807133495807648,0.6740000247955322,0.3111000061035156
YGR285C,YOR291W,0,2.0540168,0.1780243068933487,0.6740000247955322,0.31119999289512634
YHR043C,YNL081C,0,2.0537047,0.1779772937297821,0.6740000247955322,0.31130000948905945
YPL193W,YMR237W,0,2.0534978,0.1779303103685379,0.6740000247955322,0.31139999628067017
YGR125W,YIL154C,0,2.0533247,0.1778833419084549,0.6740000247955322,0.31150001287460327
YBR236C,YNL230C,0,2.0532017,0.17783641815185547,0.6740000247955322,0.311599999666214
YMR133W,YOR338W,1,2.0527568,0.17805328965187073,0.675000011920929,0.311599999666214
YHR156C,YER031C,0,2.051649,0.1780063360929489,0.675000011920929,0.3116999864578247
YEL020C,YGR140W,0,2.0516431,0.1779593974351883,0.675000011920929,0.3118000030517578
YML013W,YBR154C,0,2.0515401,0.17791248857975006,0.675000011920929,0.31189998984336853
YGR216C,YKL206C,0,2.0513103,0.17786560952663422,0.675000011920929,0.31200000643730164
YPL108W,YPR155C,0,2.051065,0.17781876027584076,0.675000011920929,0.31209999322891235
YOL042W,YPR071W,0,2.0508475,0.1777719259262085,0.675000011920929,0.31220000982284546
YPR152C,YGR140W,0,2.0508084,0.17772512137889862,0.675000011920929,0.3122999966144562
YOR058C,YML131W,0,2.0507448,0.17767833173274994,0.675000011920929,0.3124000132083893
YJR147W,YMR087W,0,2.0505629,0.17763157188892365,0.675000011920929,0.3125
YBR098W,YJL173C,1,2.0505095,0.1778479367494583,0.6759999990463257,0.3125
YIL144W,YPR097W,0,2.0503535,0.17780116200447083,0.6759999990463257,0.3125999867916107
YLR034C,YJL160C,0,2.0498126,0.17775440216064453,0.6759999990463257,0.3127000033855438
YPL162C,YNL059C,0,2.048962,0.17770767211914062,0.6759999990463257,0.31279999017715454
YKL119C,YJL029C,0,2.04893,0.1776609718799591,0.6759999990463257,0.31290000677108765
YCR045C,YLR262C,0,2.0488832,0.17761428654193878,0.6759999990463257,0.31299999356269836
YCR065W,YKL074C,0,2.0487106,0.17756764590740204,0.6759999990463257,0.31310001015663147
YER074W-A,YDL223C,0,2.0486069,0.1775210052728653,0.6759999990463257,0.3131999969482422
YDL198C,YIL019W,0,2.0483773,0.17747440934181213,0.6759999990463257,0.3133000135421753
YNL181W,YDR057W,0,2.0482895,0.17742782831192017,0.6759999990463257,0.313400000333786
YBR005W,YBL042C,0,2.0481894,0.1773812621831894,0.6759999990463257,0.31349998712539673
YDR204W,YNR063W,0,2.0481522,0.177334725856781,0.6759999990463257,0.31360000371932983
YCR069W,YNR003C,0,2.048144,0.177288219332695,0.6759999990463257,0.31369999051094055
YBR096W,YLR095C,0,2.048103,0.1772417426109314,0.6759999990463257,0.31380000710487366
YDL005C,YKL077W,0,2.0478601,0.17719528079032898,0.6759999990463257,0.3138999938964844
YDR381W,YPL110C,0,2.0477762,0.17714884877204895,0.6759999990463257,0.3140000104904175
YGL122C,YOL078W,0,2.0466938,0.17710243165493011,0.6759999990463257,0.3140999972820282
YER008C,YNL020C,0,2.0466874,0.17705604434013367,0.6759999990463257,0.3142000138759613
YPL137C,YBR230C,0,2.0465295,0.1770096868276596,0.6759999990463257,0.314300000667572
YGL156W,YNL270C,0,2.0460315,0.17696334421634674,0.6759999990463257,0.31439998745918274
YDL197C,YLR423C,0,2.0460172,0.17691703140735626,0.6759999990463257,0.31450000405311584
YFR051C,YDR389W,0,2.045973,0.17687074840068817,0.6759999990463257,0.31459999084472656
YOR312C,YCR005C,0,2.0456614,0.17682448029518127,0.6759999990463257,0.31470000743865967
YDR019C,YOR009W,0,2.0454059,0.17677824199199677,0.6759999990463257,0.3147999942302704
YGL037C,YER004W,0,2.0453532,0.17673203349113464,0.6759999990463257,0.3149000108242035
YDR306C,YPR011C,0,2.0451458,0.17668583989143372,0.6759999990463257,0.3149999976158142
YLR361C,YHR146W,0,2.0450654,0.17663966119289398,0.6759999990463257,0.3151000142097473
YDR306C,YBL005W,0,2.0447822,0.17659352719783783,0.6759999990463257,0.31520000100135803
YOR100C,YOR180C,0,2.0445712,0.17654740810394287,0.6759999990463257,0.31529998779296875
YLR325C,YJR050W,0,2.0443242,0.1765013039112091,0.6759999990463257,0.31540000438690186
YGL058W,YJR031C,0,2.0442638,0.17645522952079773,0.6759999990463257,0.3154999911785126
YNL080C,YKL093W,0,2.0442276,0.17640918493270874,0.6759999990463257,0.3156000077724457
YPR023C,YOR293W,0,2.0441883,0.17636315524578094,0.6759999990463257,0.3156999945640564
YML062C,YMR272C,0,2.0440288,0.17631715536117554,0.6759999990463257,0.3158000111579895
YMR092C,YPR196W,0,2.0431595,0.17627118527889252,0.6759999990463257,0.3158999979496002
YPL069C,YBL052C,0,2.042709,0.1762252300977707,0.6759999990463257,0.3160000145435333
YGR178C,YPL001W,0,2.0426974,0.17617930471897125,0.6759999990463257,0.31610000133514404
YER127W,YEL012W,0,2.0425386,0.1761334091424942,0.6759999990463257,0.31619998812675476
YIR005W,YBL028C,0,2.0422597,0.17608752846717834,0.6759999990463257,0.31630000472068787
YJL192C,YDR131C,0,2.04218,0.17604166269302368,0.6759999990463257,0.3163999915122986
YJL058C,YOL028C,0,2.0419142,0.1759958416223526,0.6759999990463257,0.3165000081062317
YBL100W-A,YNR074C,0,2.0415657,0.17595002055168152,0.6759999990463257,0.3165999948978424
YDR131C,YCL057W,0,2.0413506,0.17590424418449402,0.6759999990463257,0.3167000114917755
YNL173C,YNL113W,0,2.0412147,0.1758584827184677,0.6759999990463257,0.31679999828338623
YAR008W,YLR332W,0,2.0410018,0.1758127510547638,0.6759999990463257,0.31690001487731934
YHL011C,YJL089W,0,2.0408154,0.17576703429222107,0.6759999990463257,0.31700000166893005
YPR183W,YGL190C,0,2.0404716,0.17572134733200073,0.6759999990463257,0.31709998846054077
YNL199C,YLR189C,0,2.0404296,0.1756756752729416,0.6759999990463257,0.3172000050544739
YOR222W,YJL054W,0,2.0402942,0.17563003301620483,0.6759999990463257,0.3172999918460846
YJR078W,YCL064C,0,2.0401158,0.17558442056179047,0.6759999990463257,0.3174000084400177
YBR073W,YDR076W,1,2.03988,0.17579849064350128,0.6769999861717224,0.3174000084400177
YHR080C,YDR245W,0,2.0398567,0.17575284838676453,0.6769999861717224,0.3174999952316284
YBL028C,YER169W,0,2.0398083,0.17570723593235016,0.6769999861717224,0.3176000118255615
YNL208W,YKR069W,0,2.039664,0.17566165328025818,0.6769999861717224,0.31769999861717224
YMR015C,YKR022C,0,2.0395014,0.1756160855293274,0.6769999861717224,0.31779998540878296
YAL051W,YNL167C,0,2.0392826,0.1755705326795578,0.6769999861717224,0.31790000200271606
YPL008W,YER021W,0,2.0384095,0.1755250245332718,0.6769999861717224,0.3179999887943268
YHR088W,YPL005W,0,2.038197,0.17547951638698578,0.6769999861717224,0.3181000053882599
YOL054W,YBR086C,0,2.038099,0.17543405294418335,0.6769999861717224,0.3181999921798706
YDL134C-A,YPL228W,0,2.0380898,0.17538860440254211,0.6769999861717224,0.3183000087738037
YKL039W,YML007W,0,2.0380504,0.17534317076206207,0.6769999861717224,0.31839999556541443
YHR174W,YBL025W,0,2.0379837,0.17529776692390442,0.6769999861717224,0.31850001215934753
YDR345C,YML082W,0,2.0379045,0.17525239288806915,0.6769999861717224,0.31859999895095825
YJR017C,YDL104C,0,2.0375035,0.17520703375339508,0.6769999861717224,0.31869998574256897
YGR268C,YPR061C,0,2.037402,0.1751617044210434,0.6769999861717224,0.3188000023365021
YPL200W,YBR100W,1,2.0373628,0.1753750592470169,0.6779999732971191,0.3188000023365021
YOR216C,YAL055W,0,2.0372171,0.17532971501350403,0.6779999732971191,0.3188999891281128
YBL051C,YKL027W,0,2.037198,0.17528438568115234,0.6779999732971191,0.3190000057220459
YDR359C,YPL013C,0,2.037179,0.17523908615112305,0.6779999732971191,0.3190999925136566
YMR055C,YDR375C,0,2.0370858,0.17519380152225494,0.6779999732971191,0.3192000091075897
YPL176C,YDR256C,0,2.0369358,0.17514854669570923,0.6779999732971191,0.31929999589920044
YGL148W,YDR307W,0,2.0367768,0.1751033067703247,0.6779999732971191,0.31940001249313354
YLR320W,YHL027W,1,2.0366697,0.17531628906726837,0.6790000200271606,0.31940001249313354
YPL274W,YDR001C,0,2.0366652,0.17527103424072266,0.6790000200271606,0.31949999928474426
YHR158C,YDL104C,0,2.0365417,0.17522580921649933,0.6790000200271606,0.319599986076355
YJL021C,YNL125C,0,2.036477,0.1751805990934372,0.6790000200271606,0.3197000026702881
YAL009W,YIR026C,1,2.03599,0.17539334297180176,0.6800000071525574,0.3197000026702881
YDR129C,YMR177W,0,2.0359638,0.17534811794757843,0.6800000071525574,0.3197999894618988
YKR045C,YHR062C,0,2.035777,0.1753029078245163,0.6800000071525574,0.3199000060558319
YOR138C,YJR159W,0,2.0352426,0.17525772750377655,0.6800000071525574,0.3199999928474426
YJL034W,YDR506C,0,2.0352135,0.1752125769853592,0.6800000071525574,0.32010000944137573
YBR235W,YMR236W,0,2.0350509,0.17516744136810303,0.6800000071525574,0.32019999623298645
YBL052C,YDR009W,0,2.0350242,0.17512232065200806,0.6800000071525574,0.32030001282691956
YLL033W,YNL088W,1,2.0349233,0.17533470690250397,0.6809999942779541,0.32030001282691956
YDR427W,YJR103W,0,2.0346103,0.1752895712852478,0.6809999942779541,0.3203999996185303
YER185W,YDR227W,0,2.0341876,0.17524446547031403,0.6809999942779541,0.320499986410141
YLR028C,YBR107C,1,2.033904,0.17545664310455322,0.6819999814033508,0.320499986410141
YDL010W,YHR035W,0,2.0338125,0.17541152238845825,0.6819999814033508,0.3206000030040741
YOR251C,YAR050W,0,2.033669,0.17536641657352448,0.6819999814033508,0.3206999897956848
YAL040C,YIL159W,0,2.0330174,0.17532134056091309,0.6819999814033508,0.3208000063896179
YLR395C,YNL299W,0,2.0327408,0.1752762794494629,0.6819999814033508,0.32089999318122864
YGR017W,YHR175W,0,2.0322993,0.17523124814033508,0.6819999814033508,0.32100000977516174
YJR117W,YPL170W,0,2.0321763,0.17518623173236847,0.6819999814033508,0.32109999656677246
YIL083C,YDR348C,0,2.0316632,0.17514124512672424,0.6819999814033508,0.32120001316070557
YKR010C,YCL024W,0,2.0314558,0.1750962734222412,0.6819999814033508,0.3212999999523163
YDR324C,YLR209C,0,2.0313401,0.17505133152008057,0.6819999814033508,0.321399986743927
YOL057W,YNL236W,0,2.0309234,0.1750064194202423,0.6819999814033508,0.3215000033378601
YKL113C,YKR003W,0,2.0308852,0.17496152222156525,0.6819999814033508,0.3215999901294708
YPL158C,YGR012W,0,2.0307746,0.17491663992404938,0.6819999814033508,0.32170000672340393
YKL060C,YBR279W,0,2.03041,0.1748717874288559,0.6819999814033508,0.32179999351501465
YIL065C,YKL046C,0,2.0303762,0.1748269647359848,0.6819999814033508,0.32190001010894775
YMR215W,YOR388C,0,2.030154,0.1747821569442749,0.6819999814033508,0.32199999690055847
YGR179C,YLR151C,0,2.0298922,0.1747373789548874,0.6819999814033508,0.3221000134944916
YNL186W,YDR204W,0,2.029585,0.17469261586666107,0.6819999814033508,0.3222000002861023
YBR060C,YGL196W,0,2.0291169,0.17464788258075714,0.6819999814033508,0.322299987077713
YCL020W,YOR145C,0,2.0290542,0.1746031790971756,0.6819999814033508,0.3224000036716461
YJR099W,YLR178C,0,2.0290427,0.17455849051475525,0.6819999814033508,0.32249999046325684
YNL173C,YFR053C,0,2.0287998,0.1745138168334961,0.6819999814033508,0.32260000705718994
YDR398W,YLR288C,0,2.028712,0.17446917295455933,0.6819999814033508,0.32269999384880066
YGL170C,YBR100W,1,2.0286684,0.17468030750751495,0.6830000281333923,0.32269999384880066
YOL107W,YBR016W,0,2.028572,0.174635648727417,0.6830000281333923,0.32280001044273376
YLL023C,YDR477W,0,2.0275512,0.17459100484848022,0.6830000281333923,0.3228999972343445
YDL197C,YMR199W,0,2.0274897,0.17454639077186584,0.6830000281333923,0.3230000138282776
YPL180W,YJL050W,0,2.027434,0.17450179159641266,0.6830000281333923,0.3231000006198883
YJL018W,YCR086W,1,2.027265,0.1747126430273056,0.6840000152587891,0.3231000006198883
YPL133C,YOL068C,0,2.0270731,0.17466802895069122,0.6840000152587891,0.323199987411499
YMR276W,YLR442C,0,2.0265374,0.17462342977523804,0.6840000152587891,0.32330000400543213
YGR268C,YHR109W,0,2.026132,0.17457886040210724,0.6840000152587891,0.32339999079704285
YPR148C,YJL225C,0,2.0260587,0.17453432083129883,0.6840000152587891,0.32350000739097595
YGR034W,YDR244W,0,2.0259926,0.1744897961616516,0.6840000152587891,0.32359999418258667
YPL181W,YOR145C,0,2.0258236,0.17444530129432678,0.6840000152587891,0.3237000107765198
YKL052C,YML059C,0,2.0258102,0.17440082132816315,0.6840000152587891,0.3237999975681305
YGR204W,YMR269W,0,2.0255544,0.1743563562631607,0.6840000152587891,0.3239000141620636
YOR035C,YDL103C,0,2.0252922,0.17431192100048065,0.6840000152587891,0.3240000009536743
YBR014C,YGR140W,0,2.0252423,0.17426751554012299,0.6840000152587891,0.32409998774528503
YBR191W,YJR149W,0,2.0252016,0.1742231249809265,0.6840000152587891,0.32420000433921814
YGL043W,YLL010C,0,2.0248294,0.17417876422405243,0.6840000152587891,0.32429999113082886
YHR113W,YHR205W,0,2.0246127,0.17413441836833954,0.6840000152587891,0.32440000772476196
YNL326C,YOL016C,0,2.0244198,0.17409010231494904,0.6840000152587891,0.3244999945163727
YDL206W,YMR146C,0,2.024255,0.17404580116271973,0.6840000152587891,0.3246000111103058
YDL150W,YGR055W,0,2.0241392,0.1740015298128128,0.6840000152587891,0.3246999979019165
YCR097WB,YPL130W,0,2.0241373,0.17395727336406708,0.6840000152587891,0.3248000144958496
YGR253C,YOR073W,1,2.0240948,0.17416730523109436,0.6850000023841858,0.3248000144958496
YGR122W,YKL210W,0,2.0235019,0.17412303388118744,0.6850000023841858,0.3249000012874603
YDR415C,YPL167C,0,2.0235014,0.1740787774324417,0.6850000023841858,0.32499998807907104
YPL227C,YGL124C,0,2.0234754,0.17403455078601837,0.6850000023841858,0.32510000467300415
YOR148C,YOR090C,0,2.0232844,0.17399035394191742,0.6850000023841858,0.32519999146461487
YGL038C,YJR095W,0,2.0232773,0.17394617199897766,0.6850000023841858,0.325300008058548
YOR098C,YJR091C,0,2.0230558,0.1739020049571991,0.6850000023841858,0.3253999948501587
YPR043W,YML099C,0,2.022972,0.17385786771774292,0.6850000023841858,0.3255000114440918
YGL054C,YDL222C,1,2.022586,0.17406749725341797,0.6859999895095825,0.3255000114440918
YCR080W,YER062C,0,2.0223982,0.1740233451128006,0.6859999895095825,0.3255999982357025
YER137C,YOR266W,0,2.0223303,0.17397920787334442,0.6859999895095825,0.3257000148296356
YBR235W,YDL156W,0,2.0220487,0.17393508553504944,0.6859999895095825,0.32580000162124634
YMR227C,YNL316C,0,2.021942,0.17389100790023804,0.6859999895095825,0.32589998841285706
YMR014W,YBR132C,0,2.0218256,0.17384693026542664,0.6859999895095825,0.32600000500679016
YKL097W-A,YDR113C,0,2.021763,0.17380288243293762,0.6859999895095825,0.3260999917984009
YGR144W,YJR107W,0,2.02166,0.173758864402771,0.6859999895095825,0.326200008392334
YLR007W,YBR298C,0,2.0211248,0.17371486127376556,0.6859999895095825,0.3262999951839447
YLR278C,YHR123W,0,2.0210376,0.17367088794708252,0.6859999895095825,0.3264000117778778
YGL012W,YGL144C,0,2.0208719,0.17362692952156067,0.6859999895095825,0.3264999985694885
YDR143C,YAL001C,0,2.020676,0.1735830008983612,0.6859999895095825,0.32659998536109924
YMR193W,YIL168W,0,2.0204465,0.17353908717632294,0.6859999895095825,0.32670000195503235
YBR120C,YLR128W,0,2.0203598,0.17349518835544586,0.6859999895095825,0.32679998874664307
YNL169C,YER108C,0,2.0203538,0.17345133423805237,0.6859999895095825,0.32690000534057617
YMR015C,YAL054C,0,2.0202734,0.17340748012065887,0.6859999895095825,0.3269999921321869
YLR130C,YGR239C,0,2.0201697,0.17336365580558777,0.6859999895095825,0.32710000872612
YMR074C,YAL033W,0,2.0195582,0.17331986129283905,0.6859999895095825,0.3271999955177307
YOR138C,YKL096W-A,0,2.0195112,0.17327608168125153,0.6859999895095825,0.3273000121116638
YLR362W,YBR026C,0,2.0194876,0.1732323169708252,0.6859999895095825,0.32739999890327454
YAR035W,YDR147W,0,2.0194626,0.17318858206272125,0.6859999895095825,0.32749998569488525
YIR035C,YER063W,0,2.0193481,0.1731448769569397,0.6859999895095825,0.32760000228881836
YGL100W,YBR150C,0,2.0193062,0.17310118675231934,0.6859999895095825,0.3276999890804291
YNR069C,YDR020C,0,2.0192192,0.17305751144886017,0.6859999895095825,0.3278000056743622
YBL105C,YGR287C,0,2.019099,0.1730138659477234,0.6859999895095825,0.3278999924659729
YER185W,YML131W,0,2.0190284,0.172970250248909,0.6859999895095825,0.328000009059906
YGL028C,YDR214W,0,2.0190094,0.1729266494512558,0.6859999895095825,0.3280999958515167
YPL135W,YMR203W,0,2.0189831,0.1728830635547638,0.6859999895095825,0.32820001244544983
YOR159C,YFR016C,0,2.0183516,0.17283950746059418,0.6859999895095825,0.32829999923706055
YGL203C,YGL047W,0,2.0181143,0.17279596626758575,0.6859999895095825,0.32839998602867126
YKL193C,YOL061W,0,2.0178876,0.17275245487689972,0.6859999895095825,0.32850000262260437
YDR174W,YMR268W-A,0,2.0170002,0.17270895838737488,0.6859999895095825,0.3285999894142151
YOR010C,YJR035W,0,2.0167558,0.17266549170017242,0.6859999895095825,0.3287000060081482
YLR219W,YDR439W,1,2.0167162,0.17287367582321167,0.6869999766349792,0.3287000060081482
YPL270W,YMR089C,0,2.0166001,0.17283019423484802,0.6869999766349792,0.3287999927997589
YNL081C,YKL046C,0,2.0164146,0.17278672754764557,0.6869999766349792,0.328900009393692
YOR119C,YDR210W,0,2.0163474,0.1727432757616043,0.6869999766349792,0.32899999618530273
YBR126C,YJL171C,0,2.0162594,0.17269985377788544,0.6869999766349792,0.32910001277923584
YKL007W,YPL105C,0,2.0160224,0.17265644669532776,0.6869999766349792,0.32919999957084656
YKL113C,YER138C,0,2.0156367,0.17261306941509247,0.6869999766349792,0.3292999863624573
YIL158W,YPL138C,0,2.014905,0.17256970703601837,0.6869999766349792,0.3294000029563904
YIL117C,YIL148W,0,2.0144706,0.17252637445926666,0.6869999766349792,0.3294999897480011
YLR309C,YPR185W,0,2.0144327,0.17248305678367615,0.6869999766349792,0.3296000063419342
YNL029C,YNR071C,0,2.0143893,0.17243975400924683,0.6869999766349792,0.3296999931335449
YEL020C,YEL001C,0,2.0142293,0.1723964810371399,0.6869999766349792,0.329800009727478
YJR086W,YLR069C,0,2.0137904,0.17235323786735535,0.6869999766349792,0.32989999651908875
YPR004C,YOR106W,0,2.0136673,0.172310009598732,0.6869999766349792,0.33000001311302185
YDR540C,YDR473C,0,2.0136135,0.17226679623126984,0.6869999766349792,0.33009999990463257
YMR112C,YHR051W,0,2.0135727,0.17222361266613007,0.6869999766349792,0.3301999866962433
YKL049C,YGR165W,0,2.0132911,0.1721804440021515,0.6869999766349792,0.3303000032901764
YBR196C,YHR178W,0,2.0129938,0.1721373051404953,0.6869999766349792,0.3303999900817871
YPR072W,YIL130W,0,2.0129147,0.1720941811800003,0.6869999766349792,0.3305000066757202
YMR305C,YOR295W,0,2.0127497,0.1720510870218277,0.6869999766349792,0.33059999346733093
YNL045W,YOR038C,0,2.0127156,0.17200800776481628,0.6869999766349792,0.33070001006126404
YHR002W,YGL027C,0,2.0125394,0.17196495831012726,0.6869999766349792,0.33079999685287476
YKL015W,YLL004W,0,2.012534,0.17192192375659943,0.6869999766349792,0.33090001344680786
YLR007W,YPL018W,0,2.0124464,0.1718789041042328,0.6869999766349792,0.3310000002384186
YPL225W,YER127W,0,2.0122015,0.17183591425418854,0.6869999766349792,0.3310999870300293
YGL163C,YBR090C-A,0,2.0120804,0.17179295420646667,0.6869999766349792,0.3312000036239624
YJR054W,YEL071W,0,2.0118957,0.1717499941587448,0.6869999766349792,0.3312999904155731
YGR033C,YGR209C,0,2.0116012,0.17170707881450653,0.6869999766349792,0.3314000070095062
YAL063C,YNR074C,0,2.0114977,0.17166416347026825,0.6869999766349792,0.33149999380111694
YNR021W,YKR020W,0,2.0114646,0.17162127792835236,0.6869999766349792,0.33160001039505005
YFR046C,YNL063W,0,2.0114615,0.17157842218875885,0.6869999766349792,0.33169999718666077
YDL024C,YHR216W,0,2.011386,0.17153558135032654,0.6869999766349792,0.33180001378059387
YLR164W,YDR292C,0,2.010789,0.17149275541305542,0.6869999766349792,0.3319000005722046
YGL111W,YOR285W,0,2.0107129,0.1714499592781067,0.6869999766349792,0.3319999873638153
YKL007W,YKR008W,0,2.0105166,0.17140719294548035,0.6869999766349792,0.3321000039577484
YLR092W,YNR021W,0,2.010136,0.171364426612854,0.6869999766349792,0.33219999074935913
YIL098C,YCL030C,0,2.009802,0.17132169008255005,0.6869999766349792,0.33230000734329224
YLR424W,YJL204C,0,2.0096297,0.17127898335456848,0.6869999766349792,0.33239999413490295
YOR307C,YDL220C,0,2.0096128,0.1712362915277481,0.6869999766349792,0.33250001072883606
YGR179C,YGR145W,0,2.0095873,0.17119361460208893,0.6869999766349792,0.3325999975204468
YDR404C,YLR299W,0,2.0093615,0.17115096747875214,0.6869999766349792,0.3327000141143799
YKR065C,YJR057W,0,2.0092177,0.17110835015773773,0.6869999766349792,0.3328000009059906
YKR067W,YNL031C,0,2.0089412,0.17106573283672333,0.6869999766349792,0.3328999876976013
YDR004W,YMR048W,1,2.008908,0.17127209901809692,0.6880000233650208,0.3328999876976013
YOR298C-A,YLR043C,0,2.0087185,0.17122946679592133,0.6880000233650208,0.3330000042915344
YAR035W,YCL057W,0,2.0087063,0.17118686437606812,0.6880000233650208,0.33309999108314514
YOL088C,YJR084W,0,2.008354,0.1711442768573761,0.6880000233650208,0.33320000767707825
YPR138C,YDR131C,0,2.0073004,0.17110171914100647,0.6880000233650208,0.33329999446868896
YBR191W,YHR202W,0,2.007292,0.17105917632579803,0.6880000233650208,0.33340001106262207
YKL190W,YGL086W,0,2.0072482,0.1710166484117508,0.6880000233650208,0.3334999978542328
YMR065W,YLR429W,0,2.007193,0.17097415030002594,0.6880000233650208,0.3336000144481659
YKR054C,YNL125C,0,2.0070386,0.17093168199062347,0.6880000233650208,0.3337000012397766
YDR255C,YPL179W,0,2.00685,0.170889213681221,0.6880000233650208,0.33379998803138733
YLR394W,YGL054C,1,2.0060081,0.1710951030254364,0.6890000104904175,0.33379998803138733
YGL077C,YFR045W,0,2.0059493,0.17105263471603394,0.6890000104904175,0.33390000462532043
YNR074C,YMR271C,0,2.005106,0.17101018130779266,0.6890000104904175,0.33399999141693115
YLR145W,YGR271W,0,2.0050678,0.17096774280071259,0.6890000104904175,0.33410000801086426
YNL080C,YDL149W,0,2.0044181,0.1709253340959549,0.6890000104904175,0.334199994802475
YPR120C,YNL307C,1,2.0043337,0.1711309552192688,0.6899999976158142,0.334199994802475
YOR287C,YNL133C,0,2.004227,0.17108851671218872,0.6899999976158142,0.3343000113964081
YFR033C,YHR164C,0,2.004187,0.17104610800743103,0.6899999976158142,0.3343999981880188
YDR026C,YKR024C,0,2.0040803,0.17100371420383453,0.6899999976158142,0.3345000147819519
YNL229C,YLR189C,0,2.0036354,0.17096135020256042,0.6899999976158142,0.3346000015735626
YLL048C,YBL046W,0,2.0036206,0.1709190011024475,0.6899999976158142,0.33469998836517334
YJL045W,YGL085W,0,2.003614,0.1708766669034958,0.6899999976158142,0.33480000495910645
YDL077C,YDR150W,0,2.003359,0.17083436250686646,0.6899999976158142,0.33489999175071716
YBR258C,YIL162W,0,2.0030096,0.17079207301139832,0.6899999976158142,0.33500000834465027
YPL175W,YFR018C,0,2.0026975,0.17074981331825256,0.6899999976158142,0.335099995136261
YJR127C,YML041C,0,2.0024855,0.170707568526268,0.6899999976158142,0.3352000117301941
YKL063C,YOR294W,0,2.0023124,0.17066535353660583,0.6899999976158142,0.3352999985218048
YHR122W,YNL026W,0,2.002048,0.17062313854694366,0.6899999976158142,0.3353999853134155
YDL036C,YHR175W,0,2.001947,0.17058096826076508,0.6899999976158142,0.33550000190734863
YPL132W,YGR284C,0,2.0019202,0.1705387979745865,0.6899999976158142,0.33559998869895935
YMR323W,YGL098W,0,2.001719,0.17049665749073029,0.6899999976158142,0.33570000529289246
YBL105C,YFR053C,0,2.0016248,0.17045454680919647,0.6899999976158142,0.3357999920845032
YDL207W,YGL020C,0,2.0015464,0.17041245102882385,0.6899999976158142,0.3359000086784363
YMR079W,YPL027W,1,2.0014136,0.17061728239059448,0.6909999847412109,0.3359000086784363
YDR371W,YER166W,0,2.001307,0.17057517170906067,0.6909999847412109,0.335999995470047
YPR009W,YGR099W,0,2.0009341,0.17053307592868805,0.6909999847412109,0.3361000120639801
YKL101W,YMR295C,0,2.0005658,0.17049099504947662,0.6909999847412109,0.3361999988555908
YAL061W,YMR047C,0,2.0004838,0.17044894397258759,0.6909999847412109,0.33629998564720154
YMR193W,YJL014W,0,1.9997818,0.17040690779685974,0.6909999847412109,0.33640000224113464
YLR423C,YJL104W,0,1.999598,0.1703648865222931,0.6909999847412109,0.33649998903274536
YBR211C,YGL244W,0,1.9993873,0.17032289505004883,0.6909999847412109,0.33660000562667847
YCR033W,YNL084C,1,1.9991865,0.1705273538827896,0.6919999718666077,0.33660000562667847
YML099C,YNL026W,0,1.9986784,0.17048534750938416,0.6919999718666077,0.3366999924182892
YGL022W,YGR256W,0,1.9986234,0.1704433560371399,0.6919999718666077,0.3368000090122223
YIR025W,YLL005C,1,1.9985659,0.17064762115478516,0.6930000185966492,0.3368000090122223
YBR038W,YMR118C,0,1.99856,0.1706056147813797,0.6930000185966492,0.336899995803833
YKR078W,YDR123C,0,1.9985518,0.17056362330913544,0.6930000185966492,0.3370000123977661
YCR105W,YLR215C,0,1.9984851,0.17052164673805237,0.6930000185966492,0.33709999918937683
YLR263W,YLR330W,1,1.9980829,0.17072570323944092,0.6940000057220459,0.33709999918937683
YDL029W,YMR001C,1,1.9980342,0.1709296554327011,0.6949999928474426,0.33709999918937683
YPL181W,YNL299W,0,1.9977891,0.17088763415813446,0.6949999928474426,0.33719998598098755
YCL029C,YKL052C,0,1.9976482,0.170845627784729,0.6949999928474426,0.33730000257492065
YKL138C-A,YJL029C,0,1.9975927,0.17080363631248474,0.6949999928474426,0.33739998936653137
YOR058C,YPR033C,0,1.9969726,0.17076167464256287,0.6949999928474426,0.3375000059604645
YOR054C,YMR210W,0,1.9969566,0.17071972787380219,0.6949999928474426,0.3375999927520752
YPR008W,YLR361C,0,1.9967442,0.1706777960062027,0.6949999928474426,0.3377000093460083
YNL329C,YDR083W,0,1.9967003,0.1706358939409256,0.6949999928474426,0.337799996137619
YPL196W,YPR140W,0,1.9963005,0.1705940067768097,0.6949999928474426,0.3379000127315521
YJR035W,YLR408C,0,1.9962397,0.17055214941501617,0.6949999928474426,0.33799999952316284
YDR039C,YDR137W,0,1.9962049,0.17051030695438385,0.6949999928474426,0.33809998631477356
YDR398W,YHL009C,0,1.9961579,0.17046847939491272,0.6949999928474426,0.33820000290870667
YOR303W,YER060W-A,0,1.9961462,0.17042668163776398,0.6949999928474426,0.3382999897003174
YDR180W,YML096W,0,1.9961379,0.17038489878177643,0.6949999928474426,0.3384000062942505
YER137C,YCR038C,0,1.9955683,0.17034313082695007,0.6949999928474426,0.3384999930858612
YMR160W,YKL180W,0,1.9954374,0.1703013926744461,0.6949999928474426,0.3386000096797943
YPR097W,YGR060W,0,1.9952435,0.17025966942310333,0.6949999928474426,0.33869999647140503
YPL097W,YPR017C,0,1.9950304,0.17021797597408295,0.6949999928474426,0.33880001306533813
YPR106W,YIL156W,0,1.9946849,0.17017629742622375,0.6949999928474426,0.33889999985694885
YPL030W,YHR012W,0,1.9945908,0.17013463377952576,0.6949999928474426,0.33899998664855957
YMR200W,YDL105W,0,1.9945719,0.17009299993515015,0.6949999928474426,0.3391000032424927
YLR151C,YLR084C,0,1.9945092,0.17005138099193573,0.6949999928474426,0.3391999900341034
YDR545W,YGL180W,0,1.9944923,0.1700097918510437,0.6949999928474426,0.3393000066280365
YBR132C,YIL122W,0,1.9941456,0.16996820271015167,0.6949999928474426,0.3393999934196472
YML133C,YLR264W,0,1.9938562,0.16992664337158203,0.6949999928474426,0.3395000100135803
YOR339C,YKL203C,0,1.9936144,0.16988511383533478,0.6949999928474426,0.33959999680519104
YGR056W,YNR004W,0,1.9935708,0.16984359920024872,0.6949999928474426,0.33970001339912415
YNL010W,YOR378W,0,1.9934521,0.16980209946632385,0.6949999928474426,0.33980000019073486
YGL181W,YAL056W,1,1.9927943,0.17000488936901093,0.6959999799728394,0.33980000019073486
YHR202W,YKL216W,0,1.9925466,0.16996337473392487,0.6959999799728394,0.3398999869823456
YHR006W,YEL011W,0,1.9923604,0.169921875,0.6959999799728394,0.3400000035762787
YOR016C,YIL067C,0,1.992192,0.16988040506839752,0.6959999799728394,0.3400999903678894
YPL236C,YLR289W,0,1.9919348,0.16983895003795624,0.6959999799728394,0.3402000069618225
YKL015W,YOL043C,0,1.9918473,0.16979750990867615,0.6959999799728394,0.3402999937534332
YOL039W,YJR109C,0,1.9917037,0.16975609958171844,0.6959999799728394,0.34040001034736633
YPR111W,YML133C,0,1.9915607,0.16971470415592194,0.6959999799728394,0.34049999713897705
YPL217C,YCR066W,0,1.9915197,0.16967332363128662,0.6959999799728394,0.34060001373291016
YNR036C,YDR141C,0,1.9914503,0.1696319729089737,0.6959999799728394,0.3407000005245209
YMR019W,YFR014C,0,1.9912665,0.16959063708782196,0.6959999799728394,0.3407999873161316
YOR312C,YBL100W-B,0,1.9911673,0.16954933106899261,0.6959999799728394,0.3409000039100647
YHR032W,YNL262W,0,1.9908273,0.16950803995132446,0.6959999799728394,0.3409999907016754
YGL186C,YOR330C,0,1.9907882,0.1694667637348175,0.6959999799728394,0.3411000072956085
YBR069C,YBR008C,0,1.9907539,0.16942551732063293,0.6959999799728394,0.34119999408721924
YOR007C,YBR276C,0,1.9906747,0.16938428580760956,0.6959999799728394,0.34130001068115234
YCR067C,YOL141W,0,1.9906516,0.16934306919574738,0.6959999799728394,0.34139999747276306
YKR079C,YOR019W,0,1.9905424,0.1693018674850464,0.6959999799728394,0.34150001406669617
YKR054C,YGR023W,0,1.9905002,0.16926069557666779,0.6959999799728394,0.3416000008583069
YDR198C,YNL275W,0,1.9904475,0.16921955347061157,0.6959999799728394,0.3416999876499176
YAL032C,YBL040C,0,1.9897666,0.16917841136455536,0.6959999799728394,0.3418000042438507
YPL082C,YDR222W,0,1.9897177,0.16913729906082153,0.6959999799728394,0.3418999910354614
YMR053C,YER063W,0,1.9895575,0.1690962165594101,0.6959999799728394,0.34200000762939453
YMR091C,YPL233W,0,1.9894965,0.16905513405799866,0.6959999799728394,0.34209999442100525
YGR231C,YDR137W,0,1.9892578,0.1690140813589096,0.6959999799728394,0.34220001101493835
YGL010W,YGL153W,0,1.9888895,0.16897305846214294,0.6959999799728394,0.3422999978065491
YBL034C,YOR219C,0,1.9888458,0.16893203556537628,0.6959999799728394,0.3424000144004822
YNL258C,YLR084C,0,1.9886985,0.168891042470932,0.6959999799728394,0.3425000011920929
YKR022C,YDR411C,0,1.9886248,0.16885007917881012,0.6959999799728394,0.3425999879837036
YPL008W,YLR316C,0,1.9885676,0.16880911588668823,0.6959999799728394,0.3427000045776367
YBL056W,YMR176W,0,1.9884043,0.16876818239688873,0.6959999799728394,0.34279999136924744
YLR213C,YPL232W,1,1.9879553,0.16896969079971313,0.6970000267028809,0.34279999136924744
YPR035W,YDR476C,0,1.9876688,0.16892874240875244,0.6970000267028809,0.34290000796318054
YFL016C,YKR077W,0,1.987128,0.16888780891895294,0.6970000267028809,0.34299999475479126
YCL025C,YKR092C,0,1.9869342,0.16884690523147583,0.6970000267028809,0.34310001134872437
YEL034W,YLR102C,0,1.9866426,0.16880600154399872,0.6970000267028809,0.3431999981403351
YDR025W,YMR046C,0,1.9864717,0.168765127658844,0.6970000267028809,0.3433000147342682
YLR215C,YLR151C,0,1.9861951,0.16872428357601166,0.6970000267028809,0.3434000015258789
YGL194C,YAL068C,1,1.9860754,0.1689254641532898,0.6980000138282776,0.3434000015258789
YDR195W,YNL233W,0,1.9859414,0.16888459026813507,0.6980000138282776,0.3434999883174896
YNR031C,YCR102C,0,1.985894,0.16884373128414154,0.6980000138282776,0.34360000491142273
YMR263W,YNR032W,0,1.9853084,0.1688029021024704,0.6980000138282776,0.34369999170303345
YKL007W,YOR060C,0,1.9849579,0.16876208782196045,0.6980000138282776,0.34380000829696655
YMR216C,YDL223C,0,1.98439,0.1687212884426117,0.6980000138282776,0.34389999508857727
YGL045W,YER042W,0,1.9841266,0.16868051886558533,0.6980000138282776,0.3440000116825104
YPR103W,YOR190W,1,1.9838383,0.1688813716173172,0.6990000009536743,0.3440000116825104
YCR023C,YER042W,0,1.9836566,0.16884058713912964,0.6990000009536743,0.3440999984741211
YNL329C,YML023C,0,1.9835546,0.16879980266094208,0.6990000009536743,0.3441999852657318
YDL214C,YPL064C,0,1.9833462,0.1687590479850769,0.6990000009536743,0.3443000018596649
YER056C,YBR204C,0,1.9831564,0.16871832311153412,0.6990000009536743,0.34439998865127563
YKL048C,YIL006W,0,1.9831145,0.16867761313915253,0.6990000009536743,0.34450000524520874
YPR189W,YMR145C,0,1.9831133,0.16863691806793213,0.6990000009536743,0.34459999203681946
YDR266C,YGR231C,0,1.9825315,0.16859623789787292,0.6990000009536743,0.34470000863075256
YEL048C,YNL232W,0,1.9824166,0.1685555875301361,0.6990000009536743,0.3447999954223633
YGL006W,YPR194C,0,1.9823852,0.16851495206356049,0.6990000009536743,0.3449000120162964
YER054C,YLR299W,0,1.9821475,0.16847433149814606,0.6990000009536743,0.3449999988079071
YER038C,YBR282W,0,1.9821336,0.16843374073505402,0.6990000009536743,0.3450999855995178
YDR108W,YPR175W,0,1.982127,0.16839316487312317,0.6990000009536743,0.3452000021934509
YOR316C,YGR004W,0,1.9820397,0.16835260391235352,0.6990000009536743,0.34529998898506165
YAL056W,YAL068C,1,1.9818623,0.16855286061763763,0.699999988079071,0.34529998898506165
YJR056C,YDR345C,0,1.9817979,0.1685122847557068,0.699999988079071,0.34540000557899475
YGR205W,YMR261C,0,1.9814842,0.16847172379493713,0.699999988079071,0.34549999237060547
YIL065C,YER155C,0,1.9810934,0.16843117773532867,0.699999988079071,0.3456000089645386
YGR129W,YPL119C,0,1.9809649,0.1683906614780426,0.699999988079071,0.3456999957561493
YKL048C,YLR034C,0,1.9809613,0.16835017502307892,0.699999988079071,0.3458000123500824
YCR042C,YMR291W,0,1.9808311,0.16830968856811523,0.699999988079071,0.3458999991416931
YEL046C,YBR016W,0,1.9807897,0.16826923191547394,0.699999988079071,0.34599998593330383
YGR198W,YGL037C,0,1.9805496,0.16822879016399384,0.699999988079071,0.34610000252723694
YFR050C,YGR152C,0,1.9804256,0.16818837821483612,0.699999988079071,0.34619998931884766
YMR293C,YEL018W,0,1.9802394,0.1681479662656784,0.699999988079071,0.34630000591278076
YMR213W,YDR119W,0,1.980139,0.16810758411884308,0.699999988079071,0.3463999927043915
YMR273C,YDR307W,0,1.9801204,0.16806723177433014,0.699999988079071,0.3465000092983246
YPL137C,YCR071C,0,1.9800396,0.1680268794298172,0.699999988079071,0.3465999960899353
YNL208W,YBR275C,0,1.9798224,0.16798655688762665,0.699999988079071,0.3467000126838684
YNL147W,YHR150W,0,1.9796779,0.16794626414775848,0.699999988079071,0.3467999994754791
YGL216W,YPL158C,0,1.9796312,0.16790597140789032,0.699999988079071,0.34689998626708984
YOL115W,YLR224W,0,1.9793146,0.16786570847034454,0.699999988079071,0.34700000286102295
YGL047W,YJL091C,0,1.9789543,0.16782546043395996,0.699999988079071,0.34709998965263367
YKL114C,YLR153C,0,1.9788194,0.16778524219989777,0.699999988079071,0.3472000062465668
YNL044W,YGR125W,0,1.9786849,0.16774502396583557,0.699999988079071,0.3472999930381775
YBR070C,YNR019W,0,1.9784174,0.16770483553409576,0.699999988079071,0.3474000096321106
YKR085C,YDR427W,0,1.9784079,0.16766467690467834,0.699999988079071,0.3474999964237213
YDL010W,YNL272C,0,1.978024,0.16762451827526093,0.699999988079071,0.3476000130176544
YOL070C,YOR090C,0,1.9775367,0.1675843894481659,0.699999988079071,0.34769999980926514
YGR276C,YGL010W,0,1.9774003,0.16754427552223206,0.699999988079071,0.34779998660087585
YNR063W,YPR198W,0,1.976506,0.1675041913986206,0.699999988079071,0.34790000319480896
YOL042W,YJR125C,0,1.9761379,0.16746412217617035,0.699999988079071,0.3479999899864197
YDL045C,YNL094W,0,1.9761376,0.1674240678548813,0.699999988079071,0.3481000065803528
YEL022W,YPL140C,0,1.9760728,0.16738402843475342,0.699999988079071,0.3481999933719635
YDL178W,YMR232W,0,1.9760389,0.16734401881694794,0.699999988079071,0.3483000099658966
YCL027C-A,YCR005C,0,1.9758449,0.16730400919914246,0.699999988079071,0.3483999967575073
YLR194C,YNL315C,0,1.9756799,0.16726404428482056,0.699999988079071,0.34850001335144043
YMR159C,YCL062W,0,1.975465,0.16722407937049866,0.699999988079071,0.34860000014305115
YIL022W,YLR225C,0,1.9753397,0.16718414425849915,0.699999988079071,0.34869998693466187
YOR227W,YOL102C,0,1.9753139,0.16714422404766083,0.699999988079071,0.34880000352859497
YDL179W,YGR074W,0,1.9751692,0.1671043187379837,0.699999988079071,0.3488999903202057
YJR014W,YMR029C,0,1.975136,0.16706444323062897,0.699999988079071,0.3490000069141388
YNL328C,YOL121C,0,1.9748979,0.16702458262443542,0.699999988079071,0.3490999937057495
YLR009W,YPL099C,0,1.9747355,0.16698473691940308,0.699999988079071,0.3492000102996826
YCL005W-A,YDR323C,0,1.9745262,0.16694490611553192,0.699999988079071,0.34929999709129333
YBR260C,YMR041C,0,1.974422,0.16690510511398315,0.699999988079071,0.34940001368522644
YMR008C,YOR059C,0,1.9740653,0.16686531901359558,0.699999988079071,0.34950000047683716
YML033W,YKL035W,0,1.9738894,0.1668255478143692,0.699999988079071,0.3495999872684479
YOR351C,YGR108W,1,1.9737749,0.16702406108379364,0.7009999752044678,0.3495999872684479
YML038C,YDR477W,0,1.9735253,0.16698427498340607,0.7009999752044678,0.349700003862381
YOR189W,YJL095W,0,1.9730356,0.1669445037841797,0.7009999752044678,0.3497999906539917
YLL021W,YDR499W,0,1.9729156,0.1669047623872757,0.7009999752044678,0.3499000072479248
YLR389C,YLR115W,0,1.972677,0.1668650358915329,0.7009999752044678,0.3499999940395355
YAR009C,YGL130W,0,1.9726446,0.1668253242969513,0.7009999752044678,0.35010001063346863
YLR007W,YPR204W,0,1.972569,0.16678562760353088,0.7009999752044678,0.35019999742507935
YIR034C,YBR150C,0,1.9725618,0.16674596071243286,0.7009999752044678,0.35030001401901245
YER176W,YJR054W,0,1.9724126,0.16670630872249603,0.7009999752044678,0.35040000081062317
YOR274W,YAL061W,0,1.9721639,0.1666666716337204,0.7009999752044678,0.3504999876022339
YKR099C-A,YPL112C,0,1.9721229,0.16662704944610596,0.7009999752044678,0.350600004196167
YCR042C,YDR261C,0,1.9715497,0.1665874570608139,0.7009999752044678,0.3506999909877777
YOR008C,YNL239W,0,1.9711273,0.16654787957668304,0.7009999752044678,0.3508000075817108
YCR058C,YMR309C,0,1.9706683,0.16650831699371338,0.7009999752044678,0.35089999437332153
YBR136W,YDL222C,1,1.9705048,0.16670624911785126,0.7020000219345093,0.35089999437332153
YPR111W,YGL010W,0,1.9702835,0.1666666716337204,0.7020000219345093,0.35100001096725464
YLR389C,YDL010W,0,1.9702029,0.16662710905075073,0.7020000219345093,0.35109999775886536
YPL064C,YPL192C,0,1.9701967,0.16658756136894226,0.7020000219345093,0.35120001435279846
YDR122W,YGR010W,0,1.9701786,0.16654804348945618,0.7020000219345093,0.3513000011444092
YLR345W,YER150W,0,1.9701331,0.1665085405111313,0.7020000219345093,0.3513999879360199
YNL181W,YJR051W,0,1.9699757,0.1664690524339676,0.7020000219345093,0.351500004529953
YOL057W,YDR039C,0,1.9699209,0.16642959415912628,0.7020000219345093,0.3515999913215637
YML096W,YIL005W,0,1.9695263,0.16639013588428497,0.7020000219345093,0.3517000079154968
YIL010W,YLR431C,0,1.9694328,0.16635070741176605,0.7020000219345093,0.35179999470710754
YNL117W,YOR327C,0,1.9693167,0.16631129384040833,0.7020000219345093,0.35190001130104065
YGL032C,YPL069C,0,1.9690938,0.16627191007137299,0.7020000219345093,0.35199999809265137
YGR129W,YLR323C,0,1.9690549,0.16623254120349884,0.7020000219345093,0.3521000146865845
YDR343C,YLR312W-A,0,1.9689717,0.1661931872367859,0.7020000219345093,0.3522000014781952
YNL221C,YJL095W,0,1.9688077,0.16615384817123413,0.7020000219345093,0.3522999882698059
YPR083W,YCR016W,0,1.9688022,0.16611452400684357,0.7020000219345093,0.352400004863739
YOL075C,YBR271W,0,1.968615,0.1660752296447754,0.7020000219345093,0.35249999165534973
YJR144W,YOR231W,0,1.9684885,0.1660359501838684,0.7020000219345093,0.35260000824928284
YIL067C,YOR312C,0,1.9684439,0.16599668562412262,0.7020000219345093,0.35269999504089355
YKR095W,YDR016C,0,1.968333,0.16595745086669922,0.7020000219345093,0.35280001163482666
YLR308W,YFL033C,1,1.968322,0.16615457832813263,0.703000009059906,0.35280001163482666
YDR142C,YCL040W,0,1.9681528,0.16611531376838684,0.703000009059906,0.3528999984264374
YLR181C,YPL061W,0,1.968102,0.16607606410980225,0.703000009059906,0.3529999852180481
YKL157W,YBR081C,0,1.9680524,0.16603684425354004,0.703000009059906,0.3531000018119812
YDR237W,YKL213C,0,1.9677627,0.16599763929843903,0.703000009059906,0.3531999886035919
YGL050W,YJR052W,0,1.9675653,0.1659584492444992,0.703000009059906,0.353300005197525
YKL208W,YGR181W,0,1.9674776,0.16591928899288177,0.703000009059906,0.35339999198913574
YJL089W,YKR003W,0,1.9673989,0.16588012874126434,0.703000009059906,0.35350000858306885
YER171W,YHR016C,0,1.9673219,0.1658409982919693,0.703000009059906,0.35359999537467957
YDL052C,YPL003W,0,1.966999,0.16580188274383545,0.703000009059906,0.35370001196861267
YGL045W,YPL042C,0,1.966886,0.165762796998024,0.703000009059906,0.3537999987602234
YDR004W,YDR027C,1,1.9667282,0.1659594476222992,0.7039999961853027,0.3537999987602234
YDL103C,YNL037C,0,1.9665174,0.16592033207416534,0.7039999961853027,0.3538999855518341
YLR270W,YNR052C,0,1.9662192,0.16588124632835388,0.7039999961853027,0.3540000021457672
YOL066C,YER169W,0,1.9661458,0.16584216058254242,0.7039999961853027,0.35409998893737793
YMR323W,YFR047C,0,1.9661448,0.16580310463905334,0.7039999961853027,0.35420000553131104
YDR191W,YKR052C,0,1.9661217,0.16576406359672546,0.7039999961853027,0.35429999232292175
YDR257C,YHL026C,0,1.965924,0.16572505235671997,0.7039999961853027,0.35440000891685486
YBR065C,YMR237W,0,1.9659188,0.16568604111671448,0.7039999961853027,0.3544999957084656
YOR106W,YKL161C,0,1.9657581,0.16564705967903137,0.7039999961853027,0.3546000123023987
YPL112C,YAL011W,0,1.9649825,0.16560809314250946,0.7039999961853027,0.3546999990940094
YHR154W,YGR097W,0,1.964952,0.16556914150714874,0.7039999961853027,0.3547999858856201
YJR113C,YBR080C,0,1.9648716,0.1655302196741104,0.7039999961853027,0.3549000024795532
YBR039W,YJR109C,0,1.9647973,0.16549129784107208,0.7039999961853027,0.35499998927116394
YER179W,YGR032W,1,1.9647458,0.1656874269247055,0.7049999833106995,0.35499998927116394
YMR114C,YIL167W,0,1.9640749,0.16564849019050598,0.7049999833106995,0.35510000586509705
YGR249W,YER123W,0,1.9637053,0.16560958325862885,0.7049999833106995,0.35519999265670776
YBR155W,YLL042C,0,1.9634802,0.1655706912279129,0.7049999833106995,0.35530000925064087
YCR080W,YPR190C,0,1.9629538,0.16553181409835815,0.7049999833106995,0.3553999960422516
YHR214W,YPL156C,0,1.9629488,0.1654929518699646,0.7049999833106995,0.3555000126361847
YKR057W,YEL029C,0,1.9627578,0.16545411944389343,0.7049999833106995,0.3555999994277954
YDR257C,YOL023W,0,1.9626851,0.16541530191898346,0.7049999833106995,0.35569998621940613
YOR103C,YBR132C,0,1.9622684,0.16537649929523468,0.7049999833106995,0.35580000281333923
YGR048W,YML123C,0,1.9622664,0.1653377115726471,0.7049999833106995,0.35589998960494995
YGL134W,YIL157C,0,1.9620965,0.1652989387512207,0.7049999833106995,0.35600000619888306
YEL053C,YOL129W,0,1.961885,0.1652601957321167,0.7049999833106995,0.3560999929904938
YBR168W,YBR257W,0,1.9608524,0.1652214676141739,0.7049999833106995,0.3562000095844269
YPL056C,YPL127C,0,1.9606202,0.16518275439739227,0.7049999833106995,0.3562999963760376
YMR275C,YOL107W,0,1.9601872,0.16514405608177185,0.7049999833106995,0.3564000129699707
YAR003W,YER138C,0,1.9600205,0.16510538756847382,0.7049999833106995,0.3564999997615814
YDR217C,YFR042W,0,1.9597163,0.16506673395633698,0.7049999833106995,0.35659998655319214
YDR138W,YCR005C,0,1.9596269,0.16502809524536133,0.7049999833106995,0.35670000314712524
YLR042C,YNL197C,0,1.9596236,0.16498947143554688,0.7049999833106995,0.35679998993873596
YNL066W,YMR025W,0,1.9595225,0.16495086252689362,0.7049999833106995,0.35690000653266907
YOR028C,YDR412W,0,1.95943,0.16491228342056274,0.7049999833106995,0.3569999933242798
YOR018W,YBL036C,0,1.9592953,0.16487371921539307,0.7049999833106995,0.3571000099182129
YDR137W,YLR460C,0,1.959029,0.16483516991138458,0.7049999833106995,0.3571999967098236
YDL135C,YMR273C,0,1.958802,0.1647966355085373,0.7049999833106995,0.3573000133037567
YBR043C,YHL002W,0,1.9585769,0.1647581160068512,0.7049999833106995,0.35740000009536743
YJL053W,YGR087C,0,1.9585197,0.1647196263074875,0.7049999833106995,0.35749998688697815
YCL020W,YPL047W,0,1.9582751,0.16468115150928497,0.7049999833106995,0.35760000348091125
YHR112C,YDR025W,0,1.9581473,0.16464269161224365,0.7049999833106995,0.357699990272522
YBR091C,YHL012W,0,1.9579036,0.16460424661636353,0.7049999833106995,0.3578000068664551
YDR104C,YLR320W,1,1.9578254,0.1647992581129074,0.7059999704360962,0.3578000068664551
YCL010C,YAL038W,0,1.9574065,0.1647607982158661,0.7059999704360962,0.3578999936580658
YGR205W,YPR127W,0,1.9569168,0.16472235321998596,0.7059999704360962,0.3580000102519989
YLL019C,YKL043W,0,1.9569013,0.16468392312526703,0.7059999704360962,0.3580999970436096
YKR096W,YCR028C-A,0,1.9568648,0.16464552283287048,0.7059999704360962,0.3582000136375427
YOR335C,YLR247C,0,1.9566972,0.16460713744163513,0.7059999704360962,0.35830000042915344
YER013W,YBR016W,0,1.95667,0.16456876695156097,0.7059999704360962,0.35839998722076416
YNL271C,YJR159W,0,1.9566545,0.164530411362648,0.7059999704360962,0.35850000381469727
YHR004C,YMR079W,1,1.9562409,0.16472506523132324,0.7070000171661377,0.35850000381469727
YAL055W,YOL068C,0,1.9562266,0.16468669474124908,0.7070000171661377,0.358599990606308
YBR100W,YER177W,1,1.9561567,0.16488122940063477,0.7080000042915344,0.358599990606308
YBR247C,YHR082C,0,1.9561064,0.16484284400939941,0.7080000042915344,0.3587000072002411
YER075C,YFR036W,0,1.9560568,0.16480447351932526,0.7080000042915344,0.3587999939918518
YDR141C,YIL018W,0,1.9556422,0.1647661179304123,0.7080000042915344,0.3589000105857849
YDR229W,YPL097W,0,1.9555068,0.16472777724266052,0.7080000042915344,0.35899999737739563
YNL014W,YOR084W,0,1.9553633,0.16468946635723114,0.7080000042915344,0.35910001397132874
YPL133C,YCL051W,0,1.9549911,0.16465115547180176,0.7080000042915344,0.35920000076293945
YDL225W,YPL163C,0,1.9549608,0.16461287438869476,0.7080000042915344,0.35929998755455017
YDR148C,YIL002C,0,1.9548056,0.16457462310791016,0.7080000042915344,0.3594000041484833
YMR240C,YPR003C,0,1.9544778,0.16453637182712555,0.7080000042915344,0.359499990940094
YKL138C-A,YML067C,0,1.9541962,0.16449813544750214,0.7080000042915344,0.3596000075340271
YGR205W,YLR409C,0,1.9534256,0.1644599288702011,0.7080000042915344,0.3596999943256378
YJR049C,YKL027W,0,1.9530046,0.16442173719406128,0.7080000042915344,0.3598000109195709
YPR201W,YPR033C,0,1.9529812,0.16438356041908264,0.7080000042915344,0.35989999771118164
YMR153W,YFR030W,0,1.9529474,0.1643453985452652,0.7080000042915344,0.36000001430511475
YGL203C,YJR035W,0,1.9526331,0.16430726647377014,0.7080000042915344,0.36010000109672546
YIR003W,YEL006W,0,1.9525676,0.16426913440227509,0.7080000042915344,0.3601999878883362
YOR329C,YBR261C,0,1.9524815,0.16423103213310242,0.7080000042915344,0.3603000044822693
YPR104C,YNL240C,0,1.9521735,0.16419294476509094,0.7080000042915344,0.36039999127388
YGR060W,YCR003W,0,1.9520669,0.16415488719940186,0.7080000042915344,0.3605000078678131
YGL107C,YPR175W,0,1.9520576,0.16411682963371277,0.7080000042915344,0.36059999465942383
YER172C,YDR499W,0,1.951927,0.16407880187034607,0.7080000042915344,0.36070001125335693
YOR258W,YNL138W-A,0,1.9518163,0.16404077410697937,0.7080000042915344,0.36079999804496765
YBR059C,YNL062C,0,1.9517834,0.16400277614593506,0.7080000042915344,0.36090001463890076
YGL209W,YCL045C,0,1.9517412,0.16396479308605194,0.7080000042915344,0.3610000014305115
YAL002W,YDR311W,0,1.9516857,0.1639268398284912,0.7080000042915344,0.3610999882221222
YIL099W,YIL017C,1,1.9515808,0.1641203761100769,0.7089999914169312,0.3610999882221222
YPR134W,YKR060W,0,1.9514282,0.1640823930501938,0.7089999914169312,0.3612000048160553
YDR291W,YER062C,0,1.9513848,0.16404442489147186,0.7089999914169312,0.361299991607666
YDR179C,YML100W,0,1.9510694,0.16400647163391113,0.7089999914169312,0.3614000082015991
YLR051C,YNL037C,0,1.9510486,0.1639685481786728,0.7089999914169312,0.36149999499320984
YNR002C,YDR375C,0,1.9509273,0.16393063962459564,0.7089999914169312,0.36160001158714294
YMR273C,YAL061W,0,1.9505322,0.1638927459716797,0.7089999914169312,0.36169999837875366
YDR416W,YLR089C,0,1.9505067,0.16385486721992493,0.7089999914169312,0.3617999851703644
YER108C,YPL233W,0,1.9504714,0.16381700336933136,0.7089999914169312,0.3619000017642975
YDR159W,YML016C,0,1.9504108,0.16377916932106018,0.7089999914169312,0.3619999885559082
YBR005W,YGR052W,0,1.950397,0.163741335272789,0.7089999914169312,0.3621000051498413
YIR038C,YML006C,0,1.9503491,0.1637035310268402,0.7089999914169312,0.362199991941452
YBL089W,YDR200C,0,1.9502966,0.1636657416820526,0.7089999914169312,0.36230000853538513
YJR027W,YGL243W,0,1.9502316,0.1636279672384262,0.7089999914169312,0.36239999532699585
YJR048W,YHR033W,0,1.9494817,0.1635902225971222,0.7089999914169312,0.36250001192092896
YFL034C-A,YJR035W,0,1.9492912,0.16355247795581818,0.7089999914169312,0.3625999987125397
YBR112C,YMR113W,0,1.9491425,0.16351476311683655,0.7089999914169312,0.3626999855041504
YJR107W,YBL098W,0,1.9491124,0.1634770631790161,0.7089999914169312,0.3628000020980835
YKR042W,YPR185W,0,1.9487383,0.16343937814235687,0.7089999914169312,0.3628999888896942
YGL194C,YLR330W,1,1.948214,0.16363216936588287,0.7099999785423279,0.3628999888896942
YJL096W,YCL052C,0,1.9482093,0.16359446942806244,0.7099999785423279,0.3630000054836273
YBR132C,YOR027W,0,1.9481411,0.1635567843914032,0.7099999785423279,0.36309999227523804
YDR097C,YMR079W,1,1.9479074,0.16374942660331726,0.7110000252723694,0.36309999227523804
YDR163W,YBR215W,0,1.9478271,0.16371172666549683,0.7110000252723694,0.36320000886917114
YOL053C-A,YBR135W,0,1.9474056,0.1636740267276764,0.7110000252723694,0.36329999566078186
YIL067C,YPR162C,0,1.9473782,0.16363635659217834,0.7110000252723694,0.36340001225471497
YER178W,YJR028W,0,1.9472606,0.16359871625900269,0.7110000252723694,0.3634999990463257
YML011C,YKL138C,0,1.9470925,0.16356107592582703,0.7110000252723694,0.3635999858379364
YLR200W,YLR313C,0,1.9468024,0.16352346539497375,0.7110000252723694,0.3637000024318695
YIL006W,YLR277C,0,1.946384,0.16348585486412048,0.7110000252723694,0.3637999892234802
YBL112C,YGR235C,0,1.9463348,0.1634482741355896,0.7110000252723694,0.36390000581741333
YKR007W,YDR171W,0,1.9461977,0.1634107083082199,0.7110000252723694,0.36399999260902405
YML046W,YBR168W,0,1.9461567,0.1633731573820114,0.7110000252723694,0.36410000920295715
YOR078W,YJR056C,0,1.9458914,0.1633356362581253,0.7110000252723694,0.36419999599456787
YMR236W,YHR165C,0,1.9458699,0.1632981151342392,0.7110000252723694,0.364300012588501
YOL098C,YHR018C,0,1.945549,0.16326062381267548,0.7110000252723694,0.3643999993801117
YLR092W,YDL191W,0,1.9453688,0.16322314739227295,0.7110000252723694,0.3644999861717224
YKR010C,YDL211C,0,1.9452503,0.16318567097187042,0.7110000252723694,0.3646000027656555
YLR154W-C,YGL112C,0,1.9448736,0.16314823925495148,0.7110000252723694,0.36469998955726624
YEL048C,YBR228W,0,1.944557,0.16311080753803253,0.7110000252723694,0.36480000615119934
YHL015W,YNR060W,0,1.9443636,0.16307339072227478,0.7110000252723694,0.36489999294281006
YJR005W,YHR214C-B,0,1.9442341,0.16303600370883942,0.7110000252723694,0.36500000953674316
YOR383C,YOR226C,0,1.9440997,0.16299863159656525,0.7110000252723694,0.3650999963283539
YBR088C,YER046W,1,1.944016,0.16319046914577484,0.7120000123977661,0.3650999963283539
YOL011W,YPL193W,0,1.94327,0.16315306723117828,0.7120000123977661,0.365200012922287
YHL013C,YCL067C,0,1.9431157,0.1631156951189041,0.7120000123977661,0.3652999997138977
YBR253W,YML076C,0,1.9425056,0.16307833790779114,0.7120000123977661,0.3653999865055084
YLR154W-C,YOL154W,0,1.9423757,0.16304099559783936,0.7120000123977661,0.36550000309944153
YDR395W,YPL265W,0,1.9422066,0.16300366818904877,0.7120000123977661,0.36559998989105225
YHR018C,YOR027W,0,1.9419098,0.16296635568141937,0.7120000123977661,0.36570000648498535
YPR029C,YNL156C,0,1.9418094,0.16292905807495117,0.7120000123977661,0.36579999327659607
YDR394W,YOR138C,0,1.9414654,0.16289179027080536,0.7120000123977661,0.3659000098705292
YLR011W,YDR338C,0,1.9411995,0.16285452246665955,0.7120000123977661,0.3659999966621399
YOL136C,YDL039C,0,1.9410632,0.16281728446483612,0.7120000123977661,0.366100013256073
YOL144W,YHR214C-B,0,1.9410317,0.1627800613641739,0.7120000123977661,0.3662000000476837
YKL008C,YJL184W,0,1.9409752,0.16274285316467285,0.7120000123977661,0.36629998683929443
YPR169W,YLL026W,0,1.9409716,0.162705659866333,0.7120000123977661,0.36640000343322754
YDR225W,YDL059C,0,1.9408922,0.16266849637031555,0.7120000123977661,0.36649999022483826
YLR382C,YML059C,0,1.9407811,0.1626313328742981,0.7120000123977661,0.36660000681877136
YML064C,YER130C,0,1.9403443,0.16259419918060303,0.7120000123977661,0.3666999936103821
YER101C,YOL129W,0,1.9403155,0.16255708038806915,0.7120000123977661,0.3668000102043152
YER006W,YIL173W,0,1.9399917,0.16251997649669647,0.7120000123977661,0.3668999969959259
YHR001W-A,YLR071C,0,1.9399476,0.16248288750648499,0.7120000123977661,0.367000013589859
YER171W,YLR193C,0,1.939872,0.1624458134174347,0.7120000123977661,0.3671000003814697
YCR058C,YKL141W,0,1.9396474,0.1624087542295456,0.7120000123977661,0.36719998717308044
YDR217C,YDR145W,0,1.9395542,0.16237172484397888,0.7120000123977661,0.36730000376701355
YMR308C,YMR030W,0,1.9393878,0.16233469545841217,0.7120000123977661,0.36739999055862427
YLR278C,YCL036W,0,1.9393132,0.16229769587516785,0.7120000123977661,0.3675000071525574
YKL185W,YPL193W,0,1.9390535,0.16226071119308472,0.7120000123977661,0.3675999939441681
YJR078W,YEL063C,0,1.9387953,0.16222374141216278,0.7120000123977661,0.3677000105381012
YDR398W,YIL135C,0,1.9384987,0.16218678653240204,0.7120000123977661,0.3677999973297119
YLL054C,YML102W,0,1.9384837,0.1621498465538025,0.7120000123977661,0.367900013923645
YGL038C,YPL099C,0,1.938113,0.16211293637752533,0.7120000123977661,0.36800000071525574
YBR046C,YCL034W,0,1.9378431,0.16207602620124817,0.7120000123977661,0.36809998750686646
YPL032C,YKL134C,0,1.9377844,0.1620391458272934,0.7120000123977661,0.36820000410079956
YBR201W,YJL183W,0,1.9377115,0.16200228035449982,0.7120000123977661,0.3682999908924103
YLL023C,YJR132W,0,1.9376864,0.16196542978286743,0.7120000123977661,0.3684000074863434
YLR274W,YDR176W,0,1.937597,0.16192859411239624,0.7120000123977661,0.3684999942779541
YMR074C,YJR036C,0,1.9375858,0.16189177334308624,0.7120000123977661,0.3686000108718872
YPL036W,YLR410W,0,1.937227,0.16185496747493744,0.7120000123977661,0.3686999976634979
YBL084C,YDL148C,0,1.9369864,0.16181817650794983,0.7120000123977661,0.36880001425743103
YJL225C,YML102W,0,1.9366343,0.1617814153432846,0.7120000123977661,0.36890000104904175
YBR078W,YNR071C,0,1.936285,0.16174465417861938,0.7120000123977661,0.36899998784065247
YGR036C,YHR060W,0,1.9362798,0.16170792281627655,0.7120000123977661,0.36910000443458557
YKR095W,YER062C,0,1.9361949,0.1616712063550949,0.7120000123977661,0.3691999912261963
YCR102C,YLR167W,0,1.9361582,0.16163450479507446,0.7120000123977661,0.3693000078201294
YDR408C,YJR027W,0,1.9360936,0.1615978181362152,0.7120000123977661,0.3693999946117401
YGR007W,YGL162W,0,1.9359076,0.16156114637851715,0.7120000123977661,0.3695000112056732
YAL001C,YJL011C,0,1.9358635,0.16152450442314148,0.7120000123977661,0.36959999799728394
YOR216C,YDR309C,0,1.9358509,0.1614878624677658,0.7120000123977661,0.36970001459121704
YOL034W,YDR145W,0,1.9357436,0.16145125031471252,0.7120000123977661,0.36980000138282776
YMR013C,YDR081C,0,1.935653,0.16141463816165924,0.7120000123977661,0.3698999881744385
YAL059W,YJL079C,0,1.9354954,0.16137805581092834,0.7120000123977661,0.3700000047683716
YNR021W,YBR079C,0,1.9353001,0.16134148836135864,0.7120000123977661,0.3700999915599823
YKL222C,YML092C,0,1.935174,0.16130493581295013,0.7120000123977661,0.3702000081539154
YBR038W,YCR011C,0,1.9350505,0.16126839816570282,0.7120000123977661,0.3702999949455261
YKL090W,YNL062C,0,1.9350471,0.1612318903207779,0.7120000123977661,0.37040001153945923
YHR190W,YDR202C,0,1.9349506,0.16119538247585297,0.7120000123977661,0.37049999833106995
YLL041C,YGR012W,0,1.9345984,0.16115888953208923,0.7120000123977661,0.37059998512268066
YHR121W,YMR313C,0,1.9345067,0.1611224263906479,0.7120000123977661,0.37070000171661377
YGL050W,YOL029C,0,1.9344985,0.16108597815036774,0.7120000123977661,0.3707999885082245
YLL039C,YHR004C,1,1.9343326,0.1612757295370102,0.7129999995231628,0.3707999885082245
YBR195C,YNL274C,0,1.9342217,0.16123925149440765,0.7129999995231628,0.3709000051021576
YER100W,YEL009C,0,1.934165,0.1612028032541275,0.7129999995231628,0.3709999918937683
YJL103C,YOR210W,0,1.9338427,0.16116636991500854,0.7129999995231628,0.3711000084877014
YDR099W,YHR119W,1,1.9337826,0.16135592758655548,0.7139999866485596,0.3711000084877014
YER145C,YOR106W,0,1.9335089,0.16131947934627533,0.7139999866485596,0.37119999527931213
YGR089W,YNR075W,0,1.933444,0.16128303110599518,0.7139999866485596,0.37130001187324524
YPL010W,YNL251C,0,1.9333432,0.16124661266803741,0.7139999866485596,0.37139999866485596
YJR092W,YBR281C,0,1.9332945,0.16121020913124084,0.7139999866485596,0.3714999854564667
YLL014W,YDR151C,0,1.9332721,0.16117382049560547,0.7139999866485596,0.3716000020503998
YDR435C,YNL020C,0,1.9332123,0.1611374467611313,0.7139999866485596,0.3716999888420105
YCR021C,YNL020C,0,1.933147,0.1611010879278183,0.7139999866485596,0.3718000054359436
YAL001C,YBR015C,0,1.9331024,0.1610647439956665,0.7139999866485596,0.3718999922275543
YHR079C-B,YOR073W,1,1.9330509,0.1612539440393448,0.7149999737739563,0.3718999922275543
YLL041C,YNR004W,0,1.933033,0.1612175852060318,0.7149999737739563,0.3720000088214874
YNL009W,YJR064W,0,1.9329848,0.16118124127388,0.7149999737739563,0.37209999561309814
YCR063W,YBL080C,0,1.9326129,0.1611449122428894,0.7149999737739563,0.37220001220703125
YLR215C,YLR309C,0,1.9323049,0.1611086130142212,0.7149999737739563,0.37229999899864197
YNL134C,YDL174C,0,1.9322498,0.16107231378555298,0.7149999737739563,0.3723999857902527
YGR049W,YNL032W,0,1.9319773,0.16103602945804596,0.7149999737739563,0.3725000023841858
YPL076W,YAL061W,0,1.9318316,0.16099977493286133,0.7149999737739563,0.3725999891757965
YGL181W,YGL183C,1,1.9318216,0.16118864715099335,0.7160000205039978,0.3725999891757965
YGR070W,YIL159W,0,1.9313128,0.16115237772464752,0.7160000205039978,0.3727000057697296
YLR132C,YGR122W,0,1.9312348,0.1611161082983017,0.7160000205039978,0.37279999256134033
YDR204W,YMR068W,0,1.9309826,0.16107986867427826,0.7160000205039978,0.37290000915527344
YLR118C,YPR151C,0,1.930599,0.16104362905025482,0.7160000205039978,0.37299999594688416
YGL116W,YDR472W,0,1.9304743,0.16100741922855377,0.7160000205039978,0.37310001254081726
YDR434W,YNR073C,0,1.9303725,0.16097122430801392,0.7160000205039978,0.373199999332428
YDR237W,YGR203W,0,1.9300795,0.16093504428863525,0.7160000205039978,0.3732999861240387
YBR275C,YJL181W,0,1.9299653,0.16089887917041779,0.7160000205039978,0.3734000027179718
YDR180W,YER168C,0,1.929846,0.1608627289533615,0.7160000205039978,0.3734999895095825
YBL051C,YKL012W,0,1.9295468,0.16082659363746643,0.7160000205039978,0.3736000061035156
YPL042C,YJR035W,0,1.9295425,0.16079047322273254,0.7160000205039978,0.37369999289512634
YMR044W,YLR376C,0,1.9293416,0.16075438261032104,0.7160000205039978,0.37380000948905945
YKL048C,YMR250W,0,1.9292879,0.16071829199790955,0.7160000205039978,0.37389999628067017
YPL021W,YDR463W,0,1.9292426,0.16068223118782043,0.7160000205039978,0.37400001287460327
YLR248W,YMR079W,1,1.9292281,0.1608705371618271,0.7170000076293945,0.37400001287460327
YMR046C,YJR152W,0,1.9291525,0.16083446145057678,0.7170000076293945,0.374099999666214
YGR167W,YLL041C,0,1.9290848,0.16079838573932648,0.7170000076293945,0.3741999864578247
YDR085C,YEL006W,0,1.9289591,0.16076232492923737,0.7170000076293945,0.3743000030517578
YGL127C,YLL040C,1,1.9284716,0.1609504520893097,0.7179999947547913,0.3743000030517578
YOL023W,YOR157C,0,1.9283404,0.16091439127922058,0.7179999947547913,0.37439998984336853
YLR116W,YOR065W,0,1.9283128,0.16087833046913147,0.7179999947547913,0.37450000643730164
YMR323W,YPR190C,0,1.9282095,0.16084229946136475,0.7179999947547913,0.37459999322891235
YER176W,YDL012C,0,1.928204,0.16080626845359802,0.7179999947547913,0.37470000982284546
YHR073W,YML111W,0,1.9274504,0.1607702672481537,0.7179999947547913,0.3747999966144562
YML023C,YLR361C,0,1.92715,0.16073428094387054,0.7179999947547913,0.3749000132083893
YER041W,YCR044C,0,1.9267073,0.1606982946395874,0.7179999947547913,0.375
YPL064C,YFR016C,0,1.9263947,0.16066233813762665,0.7179999947547913,0.3750999867916107
YDR137W,YJR086W,0,1.9263632,0.1606263965368271,0.7179999947547913,0.3752000033855438
YER119C,YOR226C,0,1.9262965,0.16059046983718872,0.7179999947547913,0.37529999017715454
YER108C,YMR101C,0,1.9262307,0.16055455803871155,0.7179999947547913,0.37540000677108765
YNL050C,YOR292C,0,1.9259062,0.16051866114139557,0.7179999947547913,0.37549999356269836
YCL044C,YDL230W,0,1.9255855,0.16048279404640198,0.7179999947547913,0.37560001015663147
YCL017C,YGR246C,0,1.9255495,0.1604469269514084,0.7179999947547913,0.3756999969482422
YDR059C,YAL056W,1,1.9253459,0.16063448786735535,0.718999981880188,0.3756999969482422
YLR239C,YPL170W,0,1.9253027,0.16059862077236176,0.718999981880188,0.3758000135421753
YLR044C,YPR058W,0,1.9251616,0.16056275367736816,0.718999981880188,0.375900000333786
YLR284C,YMR308C,0,1.924454,0.16052690148353577,0.718999981880188,0.37599998712539673
YMR213W,YOR284W,0,1.9240727,0.16049106419086456,0.718999981880188,0.37610000371932983
YNL250W,YMR001C,1,1.9240577,0.1606784164905548,0.7200000286102295,0.37610000371932983
YOR253W,YBL011W,0,1.923851,0.1606425642967224,0.7200000286102295,0.37619999051094055
YBL028C,YOR256C,0,1.9237623,0.1606067419052124,0.7200000286102295,0.37630000710487366
YGL172W,YKR065C,0,1.9237447,0.1605709195137024,0.7200000286102295,0.3763999938964844
YJR047C,YGL255W,0,1.9236529,0.16053511202335358,0.7200000286102295,0.3765000104904175
YPL253C,YOR330C,0,1.9236255,0.16049933433532715,0.7200000286102295,0.3765999972820282
YKL172W,YLR423C,0,1.9232416,0.16046355664730072,0.7200000286102295,0.3767000138759613
YCL051W,YKL213C,0,1.9232028,0.16042780876159668,0.7200000286102295,0.376800000667572
YMR167W,YLR234W,1,1.9231858,0.16061483323574066,0.7210000157356262,0.376800000667572
YFR018C,YNL256W,0,1.9229591,0.16057907044887543,0.7210000157356262,0.37689998745918274
YPL188W,YGL032C,0,1.9227765,0.1605433076620102,0.7210000157356262,0.37700000405311584
YOR313C,YLL040C,1,1.9219072,0.16073018312454224,0.722000002861023,0.37700000405311584
YLR102C,YER139C,0,1.9215274,0.160694420337677,0.722000002861023,0.37709999084472656
YDR462W,YBL102W,0,1.9215045,0.16065865755081177,0.722000002861023,0.37720000743865967
YJR120W,YFL016C,0,1.921319,0.16062290966510773,0.722000002861023,0.3772999942302704
YHR012W,YOR033C,0,1.920985,0.16058719158172607,0.722000002861023,0.3774000108242035
YJR096W,YDR034C,0,1.9209049,0.16055147349834442,0.722000002861023,0.3774999976158142
YHR030C,YGL129C,0,1.9206538,0.16051578521728516,0.722000002861023,0.3776000142097473
YBL112C,YHR118C,0,1.9204135,0.16048011183738708,0.722000002861023,0.37770000100135803
YDL207W,YCL057W,0,1.9203665,0.160444438457489,0.722000002861023,0.37779998779296875
YMR239C,YGR067C,0,1.9197412,0.16040879487991333,0.722000002861023,0.37790000438690186
YBR244W,YMR134W,0,1.9197292,0.16037316620349884,0.722000002861023,0.3779999911785126
YPR030W,YDR092W,0,1.9196947,0.16033755242824554,0.722000002861023,0.3781000077724457
YBR096W,YFL061W,0,1.9196732,0.16030195355415344,0.722000002861023,0.3781999945640564
YMR268W-A,YCR038C,0,1.9190936,0.16026636958122253,0.722000002861023,0.3783000111579895
YAL030W,YHR072W,0,1.9188817,0.16023080050945282,0.722000002861023,0.3783999979496002
YJR153W,YML100W,0,1.918839,0.1601952463388443,0.722000002861023,0.3785000145435333
YCR033W,YLR329W,1,1.9185531,0.16038154065608978,0.7229999899864197,0.3785000145435333
YNL122C,YER093C,0,1.9184968,0.16034597158432007,0.7229999899864197,0.37860000133514404
YDR332W,YIL009W,0,1.9183781,0.16031041741371155,0.7229999899864197,0.37869998812675476
YMR323W,YOL148C,0,1.9178214,0.16027487814426422,0.7229999899864197,0.37880000472068787
YML049C,YDR211W,0,1.9177358,0.16023936867713928,0.7229999899864197,0.3788999915122986
YDR156W,YGR231C,0,1.9175313,0.16020385921001434,0.7229999899864197,0.3790000081062317
YPL273W,YDR307W,0,1.917269,0.1601683646440506,0.7229999899864197,0.3790999948978424
YGL064C,YDL102W,0,1.9171379,0.16013288497924805,0.7229999899864197,0.3792000114917755
YOR383C,YPL043W,0,1.9171181,0.16009743511676788,0.7229999899864197,0.37929999828338623
YLR194C,YGR036C,0,1.9169426,0.16006198525428772,0.7229999899864197,0.37940001487731934
YML080W,YOL126C,0,1.9163895,0.16002656519412994,0.7229999899864197,0.37950000166893005
YOR086C,YBR223C,0,1.9163797,0.15999114513397217,0.7229999899864197,0.37959998846054077
YGL077C,YKL203C,0,1.916317,0.15995575487613678,0.7229999899864197,0.3797000050544739
YNL131W,YMR134W,0,1.9162402,0.1599203646183014,0.7229999899864197,0.3797999918460846
YGL104C,YFR049W,0,1.9160986,0.1598850041627884,0.7229999899864197,0.3799000084400177
YLR164W,YDR210W,0,1.9160967,0.15984965860843658,0.7229999899864197,0.3799999952316284
YPL021W,YGL121C,0,1.9160109,0.15981432795524597,0.7229999899864197,0.3801000118255615
YKR099C-A,YKL145W,0,1.9158764,0.15977901220321655,0.7229999899864197,0.38019999861717224
YBL041W,YJL204C,0,1.9155374,0.15974369645118713,0.7229999899864197,0.38029998540878296
YLR042C,YGR077C,0,1.9154513,0.1597084105014801,0.7229999899864197,0.38040000200271606
YKL038W,YBR090C-A,0,1.9153695,0.15967313945293427,0.7229999899864197,0.3804999887943268
YKL008C,YBL031W,0,1.915304,0.15963788330554962,0.7229999899864197,0.3806000053882599
YOL165C,YBR279W,0,1.9152546,0.15960264205932617,0.7229999899864197,0.3806999921798706
YOR017W,YBR085W,0,1.9151361,0.1595674306154251,0.7229999899864197,0.3808000087738037
YGR122W,YLR044C,0,1.9150453,0.15953221917152405,0.7229999899864197,0.38089999556541443
YLR292C,YGL025C,0,1.9149513,0.15949702262878418,0.7229999899864197,0.38100001215934753
YNL246W,YBR102C,0,1.9149389,0.1594618409872055,0.7229999899864197,0.38109999895095825
YBR103W,YIR026C,1,1.914849,0.15964718163013458,0.7239999771118164,0.38109999895095825
YLR175W,YPR011C,0,1.9145741,0.1596119999885559,0.7239999771118164,0.38119998574256897
YNR053C,YBR287W,0,1.9145646,0.15957681834697723,0.7239999771118164,0.3813000023365021
YFR028C,YCR067C,0,1.9140351,0.15954165160655975,0.7239999771118164,0.3813999891281128
YPR002W,YOR375C,0,1.9139764,0.15950649976730347,0.7239999771118164,0.3815000057220459
YDL070W,YOR109W,0,1.9138873,0.15947136282920837,0.7239999771118164,0.3815999925136566
YMR170C,YLL032C,0,1.9136057,0.15943624079227448,0.7239999771118164,0.3817000091075897
YLL023C,YHR084W,0,1.9132893,0.15940114855766296,0.7239999771118164,0.38179999589920044
YOL090W,YAL009W,1,1.9128971,0.15958617627620697,0.7250000238418579,0.38179999589920044
YGR207C,YMR176W,0,1.9127367,0.15955105423927307,0.7250000238418579,0.38190001249313354
YER002W,YDR080W,0,1.9124565,0.15951594710350037,0.7250000238418579,0.38199999928474426
YDR332W,YLR095C,0,1.9124472,0.15948085486888885,0.7250000238418579,0.382099986076355
YER165W,YPL167C,0,1.912255,0.15944579243659973,0.7250000238418579,0.3822000026702881
YMR186W,YJR091C,0,1.9121649,0.1594107300043106,0.7250000238418579,0.3822999894618988
YML031W,YGL013C,0,1.9116123,0.15937568247318268,0.7250000238418579,0.3824000060558319
YNL044W,YLR312W-A,0,1.911582,0.15934066474437714,0.7250000238418579,0.3824999928474426
YBL051C,YLR131C,0,1.9113703,0.1593056470155716,0.7250000238418579,0.38260000944137573
YOR336W,YDR005C,0,1.9111729,0.15927064418792725,0.7250000238418579,0.38269999623298645
YDR394W,YDL052C,0,1.9108238,0.15923567116260529,0.7250000238418579,0.38280001282691956
YMR323W,YFR050C,0,1.9105709,0.15920069813728333,0.7250000238418579,0.3828999996185303
YDR076W,YLR263W,1,1.9105313,0.1593852937221527,0.7260000109672546,0.3828999996185303
YGL060W,YKR052C,0,1.9103861,0.15935030579566956,0.7260000109672546,0.382999986410141
YCL060C,YHR098C,0,1.9101639,0.1593153327703476,0.7260000109672546,0.3831000030040741
YDR325W,YAL068C,1,1.9099925,0.15949977934360504,0.7269999980926514,0.3831000030040741
YML072C,YHR183W,0,1.9099882,0.1594647914171219,0.7269999980926514,0.3831999897956848
YIL056W,YKR075C,0,1.9097424,0.15942981839179993,0.7269999980926514,0.3833000063896179
YGR246C,YPL167C,0,1.9095416,0.15939487516880035,0.7269999980926514,0.38339999318122864
YDR131C,YJL026W,0,1.9087145,0.15935993194580078,0.7269999980926514,0.38350000977516174
YKR065C,YIL016W,0,1.908499,0.1593250036239624,0.7269999980926514,0.38359999656677246
YMR202W,YCR102C,0,1.9081745,0.15929009020328522,0.7269999980926514,0.38370001316070557
YIL041W,YBR056W,0,1.9081154,0.15925520658493042,0.7269999980926514,0.3837999999523163
YJR007W,YPL268W,0,1.9080303,0.15922032296657562,0.7269999980926514,0.383899986743927
YEL011W,YGR024C,0,1.9078331,0.15918545424938202,0.7269999980926514,0.3840000033378601
YOR132W,YNL181W,0,1.9073548,0.1591506153345108,0.7269999980926514,0.3840999901294708
YBL058W,YPL232W,1,1.9072576,0.15933464467525482,0.7279999852180481,0.3840999901294708
YOR338W,YDR403W,1,1.9069836,0.15951859951019287,0.7289999723434448,0.3840999901294708
YHR041C,YAL054C,0,1.9068468,0.15948370099067688,0.7289999723434448,0.38420000672340393
YOL053C-A,YBR203W,0,1.9067698,0.15944881737232208,0.7289999723434448,0.38429999351501465
YOR229W,YGR032W,1,1.9067502,0.1596326231956482,0.7300000190734863,0.38429999351501465
YKR025W,YPL113C,0,1.9065938,0.1595977246761322,0.7300000190734863,0.38440001010894775
YDR084C,YIL131C,0,1.9061553,0.1595628410577774,0.7300000190734863,0.38449999690055847
YGR253C,YPR120C,1,1.9059207,0.15974649786949158,0.7310000061988831,0.38449999690055847
YKL144C,YOR362C,0,1.9058721,0.15971159934997559,0.7310000061988831,0.3846000134944916
YPL276W,YGL094C,0,1.9056835,0.1596767157316208,0.7310000061988831,0.3847000002861023
YPL122C,YJL035C,0,1.9051685,0.15964184701442719,0.7310000061988831,0.384799987077713
YLR260W,YLR384C,0,1.904716,0.15960699319839478,0.7310000061988831,0.3849000036716461
YNL267W,YMR072W,0,1.9046528,0.15957213938236237,0.7310000061988831,0.38499999046325684
YFR018C,YER011W,0,1.9044652,0.15953731536865234,0.7310000061988831,0.38510000705718994
YLR216C,YCR028C-A,0,1.9043479,0.15950250625610352,0.7310000061988831,0.38519999384880066
YJL028W,YPR161C,0,1.9043274,0.15946771204471588,0.7310000061988831,0.38530001044273376
YCR003W,YIR018W,0,1.904289,0.15943293273448944,0.7310000061988831,0.3853999972343445
YPL249C,YEL027W,0,1.9041677,0.1593981683254242,0.7310000061988831,0.3855000138282776
YBL026W,YNL314W,0,1.9041414,0.15936341881752014,0.7310000061988831,0.3856000006198883
YIL134W,YOL068C,0,1.904099,0.15932868421077728,0.7310000061988831,0.385699987411499
YFR018C,YLR408C,0,1.9040008,0.15929396450519562,0.7310000061988831,0.38580000400543213
YOR371C,YER041W,0,1.9036741,0.15925925970077515,0.7310000061988831,0.38589999079704285
YNL117W,YNL281W,0,1.9035823,0.15922456979751587,0.7310000061988831,0.38600000739097595
YDR039C,YFL050C,0,1.903295,0.15918989479541779,0.7310000061988831,0.38609999418258667
YHR001W,YNL230C,0,1.9028053,0.1591552346944809,0.7310000061988831,0.3862000107765198
YDL230W,YOR149C,0,1.9027133,0.1591205894947052,0.7310000061988831,0.3862999975681305
YDL107W,YHR008C,0,1.9027014,0.1590859591960907,0.7310000061988831,0.3864000141620636
YOR324C,YER031C,0,1.9026985,0.1590513437986374,0.7310000061988831,0.3865000009536743
YOR361C,YDL211C,0,1.9023168,0.15901674330234528,0.7310000061988831,0.38659998774528503
YDL232W,YIL131C,0,1.9021852,0.15898217260837555,0.7310000061988831,0.38670000433921814
YLR047C,YNR035C,0,1.9020526,0.15894760191440582,0.7310000061988831,0.38679999113082886
YDR512C,YDL239C,1,1.9018612,0.15913043916225433,0.7319999933242798,0.38679999113082886
YOR362C,YOR292C,0,1.9018197,0.1590958535671234,0.7319999933242798,0.38690000772476196
YHR050W,YJR140C,0,1.9016991,0.1590612828731537,0.7319999933242798,0.3869999945163727
YHR082C,YMR216C,0,1.9016836,0.15902672708034515,0.7319999933242798,0.3871000111103058
YJR046W,YMR014W,0,1.9010975,0.15899218618869781,0.7319999933242798,0.3871999979019165
YDR394W,YKL016C,0,1.9007158,0.15895766019821167,0.7319999933242798,0.3873000144958496
YOR258W,YLR166C,0,1.9000175,0.15892314910888672,0.7319999933242798,0.3874000012874603
YJL178C,YPL168W,0,1.8994684,0.15888865292072296,0.7319999933242798,0.38749998807907104
YCL011C,YNL326C,0,1.8993602,0.1588541716337204,0.7319999933242798,0.38760000467300415
YLL017W,YCR067C,0,1.8992164,0.15881970524787903,0.7319999933242798,0.38769999146461487
YHR074W,YNL279W,0,1.8991995,0.15878525376319885,0.7319999933242798,0.387800008058548
YKL144C,YDR026C,0,1.8987639,0.15875081717967987,0.7319999933242798,0.3878999948501587
YDR145W,YML102W,0,1.8984556,0.15871639549732208,0.7319999933242798,0.3880000114440918
YMR089C,YOR292C,0,1.8980694,0.1586819887161255,0.7319999933242798,0.3880999982357025
YDR415C,YEL030W,0,1.8977525,0.1586475968360901,0.7319999933242798,0.3882000148296356
YLR319C,YOR303W,0,1.8977442,0.15861321985721588,0.7319999933242798,0.38830000162124634
YBR100W,YMR063W,1,1.8975673,0.15879549086093903,0.7329999804496765,0.38830000162124634
YLR165C,YOR110W,0,1.897512,0.15876109898090363,0.7329999804496765,0.38839998841285706
YLL026W,YML006C,0,1.8970845,0.15872672200202942,0.7329999804496765,0.38850000500679016
YOR022C,YLR289W,0,1.8970816,0.1586923599243164,0.7329999804496765,0.3885999917984009
YDR306C,YER190W,0,1.8968856,0.1586580127477646,0.7329999804496765,0.388700008392334
YEL048C,YKL201C,0,1.8967557,0.15862368047237396,0.7329999804496765,0.3887999951839447
YCR093W,YOR259C,0,1.8966413,0.15858934819698334,0.7329999804496765,0.3889000117778778
YGR023W,YOR212W,0,1.8965967,0.1585550457239151,0.7329999804496765,0.3889999985694885
YOR003W,YGL153W,0,1.8965199,0.15852075815200806,0.7329999804496765,0.38909998536109924
YNR071C,YCR011C,0,1.8963072,0.1584864854812622,0.7329999804496765,0.38920000195503235
YGR268C,YNR063W,0,1.8960323,0.15845222771167755,0.7329999804496765,0.38929998874664307
YMR241W,YDR129C,0,1.8959241,0.1584179848432541,0.7329999804496765,0.38940000534057617
YPR121W,YGL019W,0,1.8958738,0.15838375687599182,0.7329999804496765,0.3894999921321869
YGR256W,YGL122C,0,1.8955567,0.15834952890872955,0.7329999804496765,0.38960000872612
YOL059W,YOR196C,0,1.8954837,0.15831533074378967,0.7329999804496765,0.3896999955177307
YDR255C,YDL040C,0,1.8954625,0.158281147480011,0.7329999804496765,0.3898000121116638
YNL084C,YGR108W,1,1.895462,0.15846286714076996,0.734000027179718,0.3898000121116638
YGR092W,YOR291W,0,1.8950615,0.15842866897583008,0.734000027179718,0.38989999890327454
YPL150W,YPL013C,0,1.8949666,0.1583944708108902,0.734000027179718,0.38999998569488525
YLL055W,YOL043C,0,1.8946824,0.1583603024482727,0.734000027179718,0.39010000228881836
YER074W,YFL050C,0,1.8946376,0.1583261489868164,0.734000027179718,0.3901999890804291
YML133C,YNL329C,0,1.8946061,0.1582919955253601,0.734000027179718,0.3903000056743622
YMR240C,YIR038C,0,1.8946037,0.1582578718662262,0.734000027179718,0.3903999924659729
YML013W,YPR131C,0,1.8945861,0.15822374820709229,0.734000027179718,0.390500009059906
YCL060C,YLL015W,0,1.894284,0.15818965435028076,0.734000027179718,0.3905999958515167
YOL054W,YLR301W,0,1.8942609,0.15815557539463043,0.734000027179718,0.39070001244544983
YJL071W,YIL127C,0,1.8939657,0.1581214964389801,0.734000027179718,0.39079999923706055
YNL065W,YDL245C,0,1.8938496,0.15808744728565216,0.734000027179718,0.39089998602867126
YOR250C,YIL177C,0,1.8937461,0.15805339813232422,0.734000027179718,0.39100000262260437
YMR170C,YDR137W,0,1.8936667,0.15801937878131866,0.734000027179718,0.3910999894142151
YOL028C,YBR268W,0,1.8933644,0.1579853594303131,0.734000027179718,0.3912000060081482
YAL040C,YOR195W,0,1.8933487,0.15795136988162994,0.734000027179718,0.3912999927997589
YJL187C,YFL005W,1,1.8933432,0.15813252329826355,0.7350000143051147,0.3912999927997589
YER157W,YPL045W,0,1.893275,0.1580985188484192,0.7350000143051147,0.391400009393692
YBR211C,YJL210W,0,1.8930345,0.15806451439857483,0.7350000143051147,0.39149999618530273
YJL060W,YJL047C,0,1.8930128,0.15803052484989166,0.7350000143051147,0.39160001277923584
YMR273C,YDR243C,0,1.8929493,0.15799656510353088,0.7350000143051147,0.39169999957084656
YDR444W,YIR008C,0,1.8928854,0.1579626053571701,0.7350000143051147,0.3917999863624573
YOL136C,YML082W,0,1.8928089,0.15792866051197052,0.7350000143051147,0.3919000029563904
YOR293W,YHL026C,0,1.892668,0.15789473056793213,0.7350000143051147,0.3919999897480011
YPR091C,YJR091C,0,1.8925316,0.15786083042621613,0.7350000143051147,0.3921000063419342
YLL061W,YLR115W,0,1.8924468,0.15782693028450012,0.7350000143051147,0.3921999931335449
YJR153W,YDR028C,0,1.892375,0.1577930450439453,0.7350000143051147,0.392300009727478
YJL010C,YMR210W,0,1.8921599,0.1577591747045517,0.7350000143051147,0.39239999651908875
YER183C,YMR034C,0,1.8919294,0.15772531926631927,0.7350000143051147,0.39250001311302185
YKL126W,YMR158W,0,1.8918505,0.15769147872924805,0.7350000143051147,0.39259999990463257
YBR196C,YPL150W,0,1.8913803,0.157657653093338,0.7350000143051147,0.3926999866962433
YMR050C,YAL055W,0,1.8911963,0.15762384235858917,0.7350000143051147,0.3928000032901764
YDR189W,YIL108W,0,1.8910136,0.15759004652500153,0.7350000143051147,0.3928999900817871
YLR017W,YLR163C,0,1.8910029,0.15755626559257507,0.7350000143051147,0.3930000066757202
YBR177C,YBR271W,0,1.8909624,0.15752249956130981,0.7350000143051147,0.39309999346733093
YDL174C,YLR128W,0,1.8906841,0.15748874843120575,0.7350000143051147,0.39320001006126404
YER123W,YML081W,0,1.890496,0.15745501220226288,0.7350000143051147,0.39329999685287476
YDR207C,YDR446W,1,1.8901291,0.15763546526432037,0.7360000014305115,0.39329999685287476
YPL018W,YBR153W,0,1.8901107,0.1576017141342163,0.7360000014305115,0.39340001344680786
YHR139C,YKR031C,1,1.8898809,0.15778206288814545,0.7369999885559082,0.39340001344680786
YOR328W,YDR235W,0,1.8897779,0.157748281955719,0.7369999885559082,0.3935000002384186
YFL021W,YLL012W,0,1.8895779,0.15771453082561493,0.7369999885559082,0.3935999870300293
YJR034W,YMR168C,0,1.8894703,0.15768079459667206,0.7369999885559082,0.3937000036239624
YBR125C,YDR473C,0,1.8893571,0.1576470583677292,0.7369999885559082,0.3937999904155731
YLR233C,YMR291W,0,1.8893485,0.1576133519411087,0.7369999885559082,0.3939000070095062
YKR044W,YGL133W,0,1.8892009,0.15757964551448822,0.7369999885559082,0.39399999380111694
YBR199W,YFL018W-A,0,1.8886786,0.15754595398902893,0.7369999885559082,0.39410001039505005
YKL045W,YOR311C,0,1.8886387,0.15751229226589203,0.7369999885559082,0.39419999718666077
YNL014W,YIL122W,0,1.8884721,0.15747863054275513,0.7369999885559082,0.39430001378059387
YPL180W,YCR044C,0,1.8882854,0.15744498372077942,0.7369999885559082,0.3944000005722046
YJL083W,YGR121C,0,1.8881431,0.1574113667011261,0.7369999885559082,0.3944999873638153
YCR052W,YLL027W,0,1.8881233,0.15737774968147278,0.7369999885559082,0.3946000039577484
YNL176C,YIL108W,0,1.8876257,0.15734414756298065,0.7369999885559082,0.39469999074935913
YGR143W,YOR205C,0,1.8875191,0.15731056034564972,0.7369999885559082,0.39480000734329224
YLR164W,YAR042W,0,1.8874178,0.15727698802947998,0.7369999885559082,0.39489999413490295
YOR275C,YOR118W,0,1.8873591,0.15724344551563263,0.7369999885559082,0.39500001072883606
YAL032C,YLR055C,0,1.8872077,0.15720990300178528,0.7369999885559082,0.3950999975204468
YLR194C,YOR020C,0,1.8872018,0.15717637538909912,0.7369999885559082,0.3952000141143799
YJR014W,YKL129C,0,1.8871665,0.15714286267757416,0.7369999885559082,0.3953000009059906
YDR020C,YDR151C,0,1.8866415,0.1571093648672104,0.7369999885559082,0.3953999876976013
YOL122C,YCL020W,0,1.8864572,0.15707586705684662,0.7369999885559082,0.3955000042915344
YCR035C,YNL053W,0,1.8861616,0.15704239904880524,0.7369999885559082,0.39559999108314514
YDR363W,YMR087W,0,1.885989,0.15700894594192505,0.7369999885559082,0.39570000767707825
YLR274W,YDR148C,0,1.8857508,0.15697550773620605,0.7369999885559082,0.39579999446868896
YDR517W,YGR005C,0,1.8855877,0.15694208443164825,0.7369999885559082,0.39590001106262207
YJR088C,YDR395W,0,1.8850641,0.15690866112709045,0.7369999885559082,0.3959999978542328
YLR013W,YKR077W,0,1.885052,0.15687526762485504,0.7369999885559082,0.3961000144481659
YJL004C,YLL032C,0,1.8850002,0.15684187412261963,0.7369999885559082,0.3962000012397766
YDR361C,YJL154C,0,1.884465,0.1568085104227066,0.7369999885559082,0.39629998803138733
YGR205W,YGL100W,0,1.8839121,0.15677516162395477,0.7369999885559082,0.39640000462532043
YLL016W,YJL010C,0,1.8839033,0.15674181282520294,0.7369999885559082,0.39649999141693115
YJL192C,YOL017W,0,1.8837876,0.1567084789276123,0.7369999885559082,0.39660000801086426
YGL076C,YNR072W,0,1.8837335,0.15667517483234406,0.7369999885559082,0.396699994802475
YBR235W,YKL190W,0,1.8837087,0.1566418707370758,0.7369999885559082,0.3968000113964081
YER006W,YCR011C,0,1.8836589,0.15660858154296875,0.7369999885559082,0.3968999981880188
YDR222W,YPL156C,0,1.8835585,0.1565753072500229,0.7369999885559082,0.3970000147819519
YLR132C,YDR034C,0,1.8835135,0.15654206275939941,0.7369999885559082,0.3971000015735626
YBL028C,YDL156W,0,1.883091,0.15650881826877594,0.7369999885559082,0.39719998836517334
YPL259C,YGL116W,0,1.8830552,0.15647558867931366,0.7369999885559082,0.39730000495910645
YBR039W,YJR050W,0,1.8829799,0.15644237399101257,0.7369999885559082,0.39739999175071716
YJL110C,YAL060W,0,1.8827691,0.15640917420387268,0.7369999885559082,0.39750000834465027
YGR085C,YMR134W,0,1.8825467,0.1563759744167328,0.7369999885559082,0.397599995136261
YOL057W,YHR065C,0,1.8823595,0.15634280443191528,0.7369999885559082,0.3977000117301941
YDR235W,YAR027W,0,1.8819833,0.15630964934825897,0.7369999885559082,0.3977999985218048
YDR398W,YCL027C-A,0,1.8818593,0.15627650916576385,0.7369999885559082,0.3978999853134155
YHR118C,YGR091W,0,1.881547,0.15624336898326874,0.7369999885559082,0.39800000190734863
YDL111C,YNL270C,0,1.8811498,0.156210258603096,0.7369999885559082,0.39809998869895935
YLR005W,YPR127W,0,1.8810487,0.15617716312408447,0.7369999885559082,0.39820000529289246
YJL172W,YMR087W,0,1.8809166,0.15614406764507294,0.7369999885559082,0.3982999920845032
YMR190C,YDR076W,1,1.880857,0.15632280707359314,0.7379999756813049,0.3982999920845032
YJL059W,YDR328C,0,1.8808529,0.1562897115945816,0.7379999756813049,0.3984000086784363
YML133C,YOL095C,0,1.8808103,0.15625661611557007,0.7379999756813049,0.398499995470047
YJR017C,YGR087C,0,1.8806846,0.15622353553771973,0.7379999756813049,0.3986000120639801
YOR189W,YKL020C,0,1.8806212,0.15619046986103058,0.7379999756813049,0.3986999988555908
YDL045C,YGR074W,0,1.8806117,0.15615743398666382,0.7379999756813049,0.39879998564720154
YEL036C,YPR152C,0,1.8804374,0.15612439811229706,0.7379999756813049,0.39890000224113464
YML075C,YBR037C,0,1.8803275,0.1560913771390915,0.7379999756813049,0.39899998903274536
YDR398W,YPR083W,0,1.8802462,0.15605835616588593,0.7379999756813049,0.39910000562667847
YOR095C,YJR028W,0,1.8799689,0.15602536499500275,0.7379999756813049,0.3991999924182892
YGL150C,YLR301W,0,1.8795476,0.15599238872528076,0.7379999756813049,0.3993000090122223
YLR297W,YNR003C,0,1.8795469,0.15595942735671997,0.7379999756813049,0.399399995803833
YDL211C,YJR067C,0,1.8794022,0.15592648088932037,0.7379999756813049,0.3995000123977661
YHR174W,YIL096C,0,1.8793323,0.15589353442192078,0.7379999756813049,0.39959999918937683
YAR003W,YLR460C,0,1.8792887,0.15586061775684357,0.7379999756813049,0.39969998598098755
YDR072C,YMR177W,0,1.8792057,0.15582770109176636,0.7379999756813049,0.39980000257492065
YNL302C,YMR068W,0,1.8791168,0.15579481422901154,0.7379999756813049,0.39989998936653137
YPL011C,YJR147W,0,1.8789294,0.1557619273662567,0.7379999756813049,0.4000000059604645
YEL036C,YHR045W,0,1.8788116,0.15572905540466309,0.7379999756813049,0.4000999927520752
YFL017W-A,YGL094C,0,1.8783922,0.15569619834423065,0.7379999756813049,0.4002000093460083
YHR014W,YAL009W,1,1.8782277,0.15587428212165833,0.7390000224113464,0.4002000093460083
YAL060W,YFR047C,0,1.8781188,0.1558414101600647,0.7390000224113464,0.400299996137619
YDR291W,YPR106W,0,1.8780601,0.15580855309963226,0.7390000224113464,0.4004000127315521
YCL011C,YER069W,0,1.877924,0.15577571094036102,0.7390000224113464,0.40049999952316284
YPL239W,YML110C,0,1.8774922,0.15574288368225098,0.7390000224113464,0.40059998631477356
YER014W,YOR301W,0,1.8771601,0.15571007132530212,0.7390000224113464,0.40070000290870667
YDR427W,YGL130W,0,1.8771455,0.15567727386951447,0.7390000224113464,0.4007999897003174
YGL064C,YDL121C,0,1.8769901,0.1556444764137268,0.7390000224113464,0.4009000062942505
YDR080W,YER151C,0,1.8769801,0.15561170876026154,0.7390000224113464,0.4009999930858612
YDL197C,YGR007W,0,1.8767014,0.15557894110679626,0.7390000224113464,0.4011000096797943
YCR089W,YBL028C,0,1.8766603,0.15554620325565338,0.7390000224113464,0.40119999647140503
YBL058W,YAL009W,1,1.8765874,0.15572389960289001,0.7400000095367432,0.40119999647140503
YKL071W,YHR138C,0,1.8762548,0.15569114685058594,0.7400000095367432,0.40130001306533813
YHR107C,YDL193W,0,1.8758461,0.15565839409828186,0.7400000095367432,0.40139999985694885
YNL082W,YJL168C,1,1.8757896,0.15583595633506775,0.7409999966621399,0.40139999985694885
YGR040W,YJR056C,0,1.8756733,0.15580318868160248,0.7409999966621399,0.40149998664855957
YNR018W,YPL063W,0,1.8756278,0.1557704508304596,0.7409999966621399,0.4016000032424927
YKL055C,YLR003C,0,1.8755589,0.15573769807815552,0.7409999966621399,0.4016999900341034
YML010W,YGL237C,0,1.8755572,0.15570497512817383,0.7409999966621399,0.4018000066280365
YBR204C,YLR369W,0,1.875464,0.15567226707935333,0.7409999966621399,0.4018999934196472
YOR086C,YGL219C,0,1.8748722,0.15563957393169403,0.7409999966621399,0.4020000100135803
YKR010C,YJR140C,0,1.8745172,0.15560688078403473,0.7409999966621399,0.40209999680519104
YIL048W,YDR496C,0,1.8744092,0.15557421743869781,0.7409999966621399,0.40220001339912415
YKL189W,YOR049C,0,1.8739803,0.1555415689945221,0.7409999966621399,0.40230000019073486
YOL137W,YKR077W,0,1.8739073,0.15550892055034637,0.7409999966621399,0.4023999869823456
YNL192W,YGR203W,0,1.8737226,0.15547628700733185,0.7409999966621399,0.4025000035762787
YNL045W,YDL113C,0,1.8737195,0.15544366836547852,0.7409999966621399,0.4025999903678894
YOR003W,YMR291W,0,1.8736377,0.15541107952594757,0.7409999966621399,0.4027000069618225
YLR102C,YLR277C,0,1.8729992,0.15537849068641663,0.7409999966621399,0.4027999937534332
YLL033W,YMR190C,1,1.8728614,0.15555556118488312,0.7419999837875366,0.4027999937534332
YJL206C,YCR067C,0,1.8727942,0.15552295744419098,0.7419999837875366,0.40290001034736633
YMR093W,YKR045C,0,1.8727796,0.15549035370349884,0.7419999837875366,0.40299999713897705
YER072W,YPR025C,0,1.8724182,0.1554577797651291,0.7419999837875366,0.40310001373291016
YCL005W-A,YFL034C-B,0,1.87241,0.15542522072792053,0.7419999837875366,0.4032000005245209
YKR003W,YIL177C,0,1.8721392,0.15539267659187317,0.7419999837875366,0.4032999873161316
YHR102W,YMR097C,0,1.8714361,0.1553601324558258,0.7419999837875366,0.4034000039100647
YML029W,YOL052C-A,0,1.870975,0.15532761812210083,0.7419999837875366,0.4034999907016754
YLR132C,YDR381W,0,1.8706934,0.15529510378837585,0.7419999837875366,0.4036000072956085
YJL030W,YHR108W,0,1.8703921,0.15526260435581207,0.7419999837875366,0.40369999408721924
YGR261C,YOR259C,0,1.870281,0.15523011982440948,0.7419999837875366,0.40380001068115234
YER055C,YPR167C,0,1.8701851,0.1551976501941681,0.7419999837875366,0.40389999747276306
YOR054C,YNR036C,0,1.8701603,0.1551651954650879,0.7419999837875366,0.40400001406669617
YMR283C,YJL113W,0,1.8700161,0.15513275563716888,0.7419999837875366,0.4041000008583069
YBR046C,YBR015C,0,1.8698664,0.15510033071041107,0.7419999837875366,0.4041999876499176
YGR282C,YJR149W,0,1.8697252,0.15506792068481445,0.7419999837875366,0.4043000042438507
YNL259C,YKL096W,0,1.869386,0.15503552556037903,0.7419999837875366,0.4043999910354614
YHR029C,YDR296W,0,1.8693249,0.1550031304359436,0.7419999837875366,0.40450000762939453
YCR045C,YPL010W,0,1.8689306,0.15497076511383057,0.7419999837875366,0.40459999442100525
YJR054W,YDR080W,0,1.8687596,0.15493839979171753,0.7419999837875366,0.40470001101493835
YNL282W,YKL029C,0,1.8684015,0.15490604937076569,0.7419999837875366,0.4047999978065491
YPL162C,YCR014C,0,1.8682859,0.15487372875213623,0.7419999837875366,0.4049000144004822
YHR191C,YJL029C,0,1.8681288,0.15484140813350677,0.7419999837875366,0.4050000011920929
YGL203C,YPL141C,0,1.8680243,0.1548091024160385,0.7419999837875366,0.4050999879837036
YGL145W,YGL005C,0,1.8677895,0.15477681159973145,0.7419999837875366,0.4052000045776367
YGR057C,YHL031C,0,1.867507,0.15474452078342438,0.7419999837875366,0.40529999136924744
YER008C,YFR001W,0,1.8673925,0.1547122597694397,0.7419999837875366,0.40540000796318054
YER041W,YDR310C,0,1.8671494,0.1546800136566162,0.7419999837875366,0.40549999475479126
YPL176C,YLR315W,0,1.8669746,0.15464776754379272,0.7419999837875366,0.40560001134872437
YKR010C,YDL102W,0,1.866936,0.15461555123329163,0.7419999837875366,0.4056999981403351
YKL149C,YGL121C,0,1.8666632,0.15458333492279053,0.7419999837875366,0.4058000147342682
YLR028C,YJL018W,1,1.8665056,0.15475942194461823,0.7429999709129333,0.4058000147342682
YEL069C,YJR064W,0,1.8662179,0.15472719073295593,0.7429999709129333,0.4059000015258789
YOR295W,YOR264W,0,1.8659685,0.15469498932361603,0.7429999709129333,0.4059999883174896
YLR263W,YPL232W,1,1.8659091,0.15487094223499298,0.7440000176429749,0.4059999883174896
YOR171C,YMR234W,0,1.8657632,0.1548387110233307,0.7440000176429749,0.40610000491142273
YPL018W,YHR072W,0,1.865377,0.1548064947128296,0.7440000176429749,0.40619999170303345
YBR037C,YNL006W,0,1.8653507,0.15477429330348969,0.7440000176429749,0.40630000829696655
YBL034C,YJR036C,0,1.8653371,0.15474209189414978,0.7440000176429749,0.40639999508857727
YLR132C,YML036W,0,1.8652854,0.15470992028713226,0.7440000176429749,0.4065000116825104
YJL002C,YLR073C,0,1.8649237,0.15467774868011475,0.7440000176429749,0.4065999984741211
YDL078C,YKR096W,0,1.864831,0.15464560687541962,0.7440000176429749,0.4066999852657318
YLR309C,YDR079W,0,1.8647997,0.1546134650707245,0.7440000176429749,0.4068000018596649
YOR110W,YNL094W,0,1.8643548,0.15458133816719055,0.7440000176429749,0.40689998865127563
YJL005W,YPL005W,0,1.8640432,0.1545492261648178,0.7440000176429749,0.40700000524520874
YIL127C,YOR311C,0,1.8639572,0.15451712906360626,0.7440000176429749,0.40709999203681946
YPR079W,YGL186C,0,1.8639293,0.1544850468635559,0.7440000176429749,0.40720000863075256
YJL149W,YJR138W,0,1.8637242,0.15445297956466675,0.7440000176429749,0.4072999954223633
YPR189W,YGL198W,0,1.8635285,0.15442092716693878,0.7440000176429749,0.4074000120162964
YKL041W,YIL159W,0,1.8632195,0.15438887476921082,0.7440000176429749,0.4074999988079071
YGL017W,YNL048W,0,1.8630593,0.15435685217380524,0.7440000176429749,0.4075999855995178
YER141W,YLR353W,0,1.8630321,0.15432482957839966,0.7440000176429749,0.4077000021934509
YNL312W,YLR320W,1,1.8630309,0.15450020134449005,0.7450000047683716,0.4077000021934509
YNL271C,YBR031W,0,1.8629472,0.15446817874908447,0.7450000047683716,0.40779998898506165
YBR202W,YMR295C,0,1.8624694,0.1544361561536789,0.7450000047683716,0.40790000557899475
YBR046C,YCL052C,0,1.8621109,0.1544041484594345,0.7450000047683716,0.40799999237060547
YFR014C,YKL203C,0,1.8619118,0.15437215566635132,0.7450000047683716,0.4081000089645386
YNL318C,YJL012C,0,1.8618529,0.15434016287326813,0.7450000047683716,0.4081999957561493
YLR043C,YNL161W,0,1.8616195,0.15430819988250732,0.7450000047683716,0.4083000123500824
YDL246C,YNR073C,0,1.8607812,0.15427625179290771,0.7450000047683716,0.4083999991416931
YBR069C,YBR201W,0,1.8606555,0.1542443037033081,0.7450000047683716,0.40849998593330383
YMR173W,YKR020W,0,1.8606265,0.15421238541603088,0.7450000047683716,0.40860000252723694
YJL114W,YKL180W,0,1.8605578,0.15418046712875366,0.7450000047683716,0.40869998931884766
YCL044C,YMR149W,0,1.8604288,0.15414856374263763,0.7450000047683716,0.40880000591278076
YLR319C,YIL114C,0,1.8603954,0.1541166752576828,0.7450000047683716,0.4088999927043915
YBL102W,YJR040W,0,1.860254,0.15408480167388916,0.7450000047683716,0.4090000092983246
YPR003C,YHR191C,0,1.8599985,0.1540529429912567,0.7450000047683716,0.4090999960899353
YER177W,YDL222C,1,1.8598621,0.1542278230190277,0.7459999918937683,0.4090999960899353
YOL088C,YFL062W,0,1.8589337,0.15419594943523407,0.7459999918937683,0.4092000126838684
YOL155C,YJL050W,0,1.8586543,0.15416409075260162,0.7459999918937683,0.4092999994754791
YJL010C,YDR348C,0,1.8581548,0.15413223206996918,0.7459999918937683,0.40939998626708984
YOR168W,YOL107W,0,1.8579783,0.15410038828849792,0.7459999918937683,0.40950000286102295
YLR200W,YGR089W,0,1.857878,0.15406855940818787,0.7459999918937683,0.40959998965263367
YOR283W,YJL154C,0,1.8570781,0.1540367603302002,0.7459999918937683,0.4097000062465668
YBL005W-B,YDR216W,0,1.8569982,0.15400496125221252,0.7459999918937683,0.4097999930381775
YNL236W,YPL093W,0,1.856956,0.15397316217422485,0.7459999918937683,0.4099000096321106
YOL158C,YPL196W,0,1.8568494,0.15394139289855957,0.7459999918937683,0.4099999964237213
YDR092W,YDR363W,0,1.8567536,0.15390963852405548,0.7459999918937683,0.4101000130176544
YHR019C,YBL050W,0,1.856668,0.1538778841495514,0.7459999918937683,0.41019999980926514
YDL106C,YJR019C,0,1.856257,0.1538461595773697,0.7459999918937683,0.41029998660087585
YGL013C,YDR280W,0,1.8555923,0.153814435005188,0.7459999918937683,0.41040000319480896
YNL030W,YER166W,0,1.8552513,0.15378272533416748,0.7459999918937683,0.4104999899864197
YML010W,YEL012W,0,1.8551373,0.15375103056430817,0.7459999918937683,0.4106000065803528
YDL156W,YGR199W,0,1.8548439,0.15371935069561005,0.7459999918937683,0.4106999933719635
YDL025C,YDR072C,0,1.8548038,0.15368768572807312,0.7459999918937683,0.4108000099658966
YDL148C,YLR093C,0,1.8539531,0.1536560207605362,0.7459999918937683,0.4108999967575073
YOR038C,YMR033W,0,1.8535373,0.15362438559532166,0.7459999918937683,0.41100001335144043
YML013W,YPR065W,0,1.8533733,0.15359275043010712,0.7459999918937683,0.41110000014305115
YKL003C,YLL026W,0,1.8532686,0.15356113016605377,0.7459999918937683,0.41119998693466187
YHR083W,YMR110C,0,1.8531694,0.15352953970432281,0.7459999918937683,0.41130000352859497
YIL080W,YGL184C,0,1.8530653,0.15349794924259186,0.7459999918937683,0.4113999903202057
YJR026W,YJL214W,0,1.8525751,0.1534663587808609,0.7459999918937683,0.4115000069141388
YHR058C,YOR378W,0,1.8523273,0.15343479812145233,0.7459999918937683,0.4115999937057495
YGR065C,YGR140W,0,1.8520415,0.15340325236320496,0.7459999918937683,0.4117000102996826
YDR409W,YDL022W,0,1.8515627,0.15337170660495758,0.7459999918937683,0.41179999709129333
YCR069W,YEL032W,0,1.8514655,0.1533401906490326,0.7459999918937683,0.41190001368522644
YPL253C,YKL176C,0,1.8514564,0.1533086746931076,0.7459999918937683,0.41200000047683716
YNL221C,YGL063W,0,1.8514552,0.1532771736383438,0.7459999918937683,0.4120999872684479
YJL123C,YBR229C,0,1.8512712,0.1532456874847412,0.7459999918937683,0.412200003862381
YML021C,YKL058W,0,1.8510869,0.1532142162322998,0.7459999918937683,0.4122999906539917
YKL039W,YDL020C,0,1.8507318,0.1531827449798584,0.7459999918937683,0.4124000072479248
YFR055W,YDR382W,0,1.8505764,0.15315130352973938,0.7459999918937683,0.4124999940395355
YHR156C,YAL063C,0,1.850533,0.15311986207962036,0.7459999918937683,0.41260001063346863
YBL058W,YDR439W,1,1.850488,0.1532936543226242,0.746999979019165,0.41260001063346863
YLR064W,YHR193C,0,1.850193,0.1532622128725052,0.746999979019165,0.41269999742507935
YGL092W,YIR019C,0,1.8500652,0.15323077142238617,0.746999979019165,0.41280001401901245
YCR014C,YGL190C,0,1.8496752,0.15319934487342834,0.746999979019165,0.41290000081062317
YBL072C,YHR214C-B,0,1.8495982,0.1531679332256317,0.746999979019165,0.4129999876022339
YKL174C,YLR193C,0,1.8494635,0.15313653647899628,0.746999979019165,0.413100004196167
YPL223C,YOR115C,0,1.8490276,0.15310513973236084,0.746999979019165,0.4131999909877777
YGL255W,YPR006C,0,1.8486457,0.1530737727880478,0.746999979019165,0.4133000075817108
YLL014W,YER155C,0,1.848583,0.15304240584373474,0.746999979019165,0.41339999437332153
YDL194W,YAL009W,1,1.8480203,0.1532159000635147,0.7480000257492065,0.41339999437332153
YER168C,YML071C,0,1.8475559,0.15318451821804047,0.7480000257492065,0.41350001096725464
YIL127C,YGR057C,0,1.8473487,0.15315315127372742,0.7480000257492065,0.41359999775886536
YKL221W,YLR262C,0,1.8472638,0.15312179923057556,0.7480000257492065,0.41370001435279846
YCR018C,YGL079W,0,1.8468454,0.1530904620885849,0.7480000257492065,0.4138000011444092
YMR283C,YML114C,0,1.8468301,0.15305913984775543,0.7480000257492065,0.4138999879360199
YJL110C,YDR222W,0,1.8466885,0.15302781760692596,0.7480000257492065,0.414000004529953
YCR002C,YDR512C,1,1.846122,0.15320105850696564,0.7490000128746033,0.414000004529953
YAR071W,YNL127W,0,1.8456271,0.15316973626613617,0.7490000128746033,0.4140999913215637
YNL283C,YLR224W,0,1.8455267,0.1531384140253067,0.7490000128746033,0.4142000079154968
YOL070C,YLR233C,0,1.8454981,0.15310710668563843,0.7490000128746033,0.41429999470710754
YNL223W,YIL108W,0,1.8453989,0.15307582914829254,0.7490000128746033,0.41440001130104065
YGR266W,YER005W,0,1.8451028,0.15304455161094666,0.7490000128746033,0.41449999809265137
YGR235C,YKL124W,0,1.8449352,0.15301327407360077,0.7490000128746033,0.4146000146865845
YDL025C,YJR159W,0,1.8446846,0.15298202633857727,0.7490000128746033,0.4147000014781952
YPR071W,YOR393W,0,1.8446717,0.15295079350471497,0.7490000128746033,0.4147999882698059
YFR033C,YDR314C,0,1.8442006,0.15291956067085266,0.7490000128746033,0.414900004863739
YCR026C,YKL040C,0,1.8441138,0.15288834273815155,0.7490000128746033,0.41499999165534973
YPR086W,YNR055C,0,1.8439882,0.15285713970661163,0.7490000128746033,0.41510000824928284
YPL215W,YMR197C,0,1.8439085,0.1528259515762329,0.7490000128746033,0.41519999504089355
YDR087C,YKR007W,0,1.8433962,0.15279477834701538,0.7490000128746033,0.41530001163482666
YKL101W,YMR092C,0,1.8433604,0.15276362001895905,0.7490000128746033,0.4153999984264374
YLR256W,YMR220W,0,1.8433394,0.1527324616909027,0.7490000128746033,0.4154999852180481
YLR278C,YNL053W,0,1.8432148,0.15270131826400757,0.7490000128746033,0.4156000018119812
YHR122W,YOL006C,0,1.8429418,0.15267020463943481,0.7490000128746033,0.4156999886035919
YPR149W,YPR071W,0,1.8426995,0.15263909101486206,0.7490000128746033,0.415800005197525
YJL203W,YJL013C,0,1.8425455,0.1526079922914505,0.7490000128746033,0.41589999198913574
YCL045C,YPR173C,0,1.84218,0.15257689356803894,0.7490000128746033,0.41600000858306885
YNL263C,YKR045C,0,1.8416419,0.15254582464694977,0.7490000128746033,0.41609999537467957
YGR003W,YPR144C,0,1.8415868,0.1525147557258606,0.7490000128746033,0.41620001196861267
YCL044C,YHL009C,0,1.8414714,0.1524837166070938,0.7490000128746033,0.4162999987602234
YLR248W,YDR512C,1,1.8410957,0.1526562124490738,0.75,0.4162999987602234
YGR125W,YNL152W,0,1.8410659,0.1526251584291458,0.75,0.4163999855518341
YNL002C,YKR086W,0,1.8410313,0.15259410440921783,0.75,0.4165000021457672
YDL005C,YLR288C,0,1.8407357,0.15256306529045105,0.75,0.41659998893737793
YDR468C,YLR164W,0,1.8407047,0.15253202617168427,0.75,0.41670000553131104
YHR041C,YBR293W,0,1.840605,0.15250101685523987,0.75,0.41679999232292175
YJR090C,YOR171C,0,1.8401842,0.15247000753879547,0.75,0.41690000891685486
YHR214W,YPL253C,0,1.8401618,0.15243902802467346,0.75,0.4169999957084656
YDR145W,YHL031C,0,1.8400278,0.15240804851055145,0.75,0.4171000123023987
YCR045C,YPR201W,0,1.8400109,0.15237708389759064,0.75,0.4171999990940094
YLR404W,YPL042C,0,1.8397036,0.15234613418579102,0.75,0.4172999858856201
YNL254C,YJR028W,0,1.8394396,0.1523151844739914,0.75,0.4174000024795532
YDL098C,YOR303W,0,1.8392513,0.15228426456451416,0.75,0.41749998927116394
YDR041W,YGR275W,0,1.8391976,0.15225334465503693,0.75,0.41760000586509705
YGR103W,YMR210W,0,1.8390195,0.15222245454788208,0.75,0.41769999265670776
YIL144W,YOL061W,0,1.8385568,0.15219156444072723,0.75,0.41780000925064087
YKL094W,YLL052C,0,1.8380032,0.1521606743335724,0.75,0.4178999960422516
YGL115W,YPR018W,0,1.8379619,0.15212981402873993,0.75,0.4180000126361847
YDL214C,YMR099C,0,1.8379123,0.15209896862506866,0.75,0.4180999994277954
YNL134C,YMR033W,0,1.8376856,0.1520681232213974,0.75,0.41819998621940613
YOR293W,YER168C,0,1.8372843,0.15203729271888733,0.75,0.41830000281333923
YGR132C,YBR238C,0,1.837245,0.15200649201869965,0.75,0.41839998960494995
YHR041C,YDR246W,0,1.8368609,0.15197569131851196,0.75,0.41850000619888306
YLR130C,YIL065C,0,1.8362184,0.15194489061832428,0.75,0.4185999929904938
YPL200W,YLR213C,1,1.8360155,0.15211667120456696,0.7509999871253967,0.4185999929904938
YPL087W,YPR191W,0,1.835803,0.15208587050437927,0.7509999871253967,0.4187000095844269
YCR089W,YDL202W,0,1.8357668,0.1520550698041916,0.7509999871253967,0.4187999963760376
YOR298W,YPL139C,1,1.8357475,0.15222671627998352,0.7519999742507935,0.4187999963760376
YLR191W,YBR150C,0,1.8354738,0.15219591557979584,0.7519999742507935,0.4189000129699707
YLR043C,YGL125W,0,1.835432,0.15216511487960815,0.7519999742507935,0.4189999997615814
YNL075W,YML064C,0,1.8353486,0.15213432908058167,0.7519999742507935,0.41909998655319214
YCR014C,YDL206W,0,1.8351474,0.15210355818271637,0.7519999742507935,0.41920000314712524
YOR262W,YAR042W,0,1.8350217,0.15207280218601227,0.7519999742507935,0.41929998993873596
YKL222C,YDR204W,0,1.8347836,0.15204206109046936,0.7519999742507935,0.41940000653266907
YJR067C,YJL206C,0,1.8347497,0.15201131999492645,0.7519999742507935,0.4194999933242798
YJL096W,YAL016W,0,1.8344975,0.15198059380054474,0.7519999742507935,0.4196000099182129
YIL106W,YBR293W,0,1.8342278,0.15194988250732422,0.7519999742507935,0.4196999967098236
YMR092C,YNL038W,0,1.8341804,0.1519191861152649,0.7519999742507935,0.4198000133037567
YLL039C,YKR029C,1,1.8340771,0.15209048986434937,0.753000020980835,0.4198000133037567
YMR269W,YLR089C,0,1.8338816,0.15205977857112885,0.753000020980835,0.41990000009536743
YJL012C-A,YDL245C,0,1.8337221,0.15202906727790833,0.753000020980835,0.41999998688697815
YER032W,YJL128C,0,1.8336666,0.1519983857870102,0.753000020980835,0.42010000348091125
YPR066W,YER069W,0,1.8334215,0.15196770429611206,0.753000020980835,0.420199990272522
YLR007W,YLL018C-A,0,1.8331943,0.15193705260753632,0.753000020980835,0.4203000068664551
YNL118C,YKL101W,0,1.8324063,0.15190640091896057,0.753000020980835,0.4203999936580658
YLL021W,YDR472W,0,1.8320901,0.15187574923038483,0.753000020980835,0.4205000102519989
YGR120C,YAL047C,0,1.8320312,0.15184512734413147,0.753000020980835,0.4205999970436096
YDR200C,YPL128C,0,1.8319445,0.1518145203590393,0.753000020980835,0.4207000136375427
YMR156C,YLR408C,0,1.8315842,0.15178391337394714,0.753000020980835,0.42080000042915344
YLR256W,YGL238W,0,1.8313015,0.15175332129001617,0.753000020980835,0.42089998722076416
YBR098W,YDR439W,1,1.8310239,0.1519242376089096,0.7540000081062317,0.42089998722076416
YDL100C,YML131W,0,1.8306551,0.15189363062381744,0.7540000081062317,0.42100000381469727
YMR226C,YGL019W,0,1.8305883,0.15186303853988647,0.7540000081062317,0.421099990606308
YBR018C,YKL103C,0,1.8304107,0.1518324613571167,0.7540000081062317,0.4212000072002411
YEL048C,YGL061C,0,1.8303368,0.15180189907550812,0.7540000081062317,0.4212999939918518
YHR200W,YKL096W,0,1.8300579,0.15177133679389954,0.7540000081062317,0.4214000105857849
YDR541C,YJR057W,0,1.8297546,0.15174078941345215,0.7540000081062317,0.42149999737739563
YHR082C,YFL026W,0,1.8297191,0.15171025693416595,0.7540000081062317,0.42160001397132874
YBR203W,YFR018C,0,1.829654,0.15167973935604095,0.7540000081062317,0.42170000076293945
YCR080W,YJR159W,0,1.8290887,0.15164923667907715,0.7540000081062317,0.42179998755455017
YMR263W,YHR091C,0,1.8290741,0.15161873400211334,0.7540000081062317,0.4219000041484833
YCL060C,YBR169C,0,1.8290105,0.15158826112747192,0.7540000081062317,0.421999990940094
YDL215C,YJR056C,0,1.8282244,0.1515577882528305,0.7540000081062317,0.4221000075340271
YLR037C,YER124C,0,1.8280439,0.15152733027935028,0.7540000081062317,0.4221999943256378
YPR006C,YOR219C,0,1.8276432,0.15149688720703125,0.7540000081062317,0.4223000109195709
YPL217C,YDR140W,0,1.8273838,0.1514664590358734,0.7540000081062317,0.42239999771118164
YBR093C,YMR199W,0,1.827353,0.15143603086471558,0.7540000081062317,0.42250001430511475
YDL074C,YDR140W,0,1.827266,0.15140561759471893,0.7540000081062317,0.42260000109672546
YDL215C,YML097C,0,1.8271511,0.15137521922588348,0.7540000081062317,0.4226999878883362
YKL048C,YJL216C,0,1.8270705,0.15134483575820923,0.7540000081062317,0.4228000044822693
YKL049C,YPR181C,0,1.8270199,0.15131446719169617,0.7540000081062317,0.42289999127388
YER014W,YKL096W-A,0,1.8269489,0.1512841135263443,0.7540000081062317,0.4230000078678131
YDR164C,YNL216W,0,1.8268054,0.15125375986099243,0.7540000081062317,0.42309999465942383
YCR008W,YEL071W,0,1.8265128,0.15122342109680176,0.7540000081062317,0.42320001125335693
YNL176C,YBL079W,0,1.8264394,0.15119309723377228,0.7540000081062317,0.42329999804496765
YPL234C,YOR171C,0,1.8258092,0.151162788271904,0.7540000081062317,0.42340001463890076
YOL082W,YHR191C,0,1.8255234,0.1511324942111969,0.7540000081062317,0.4235000014305115
YDL134C-A,YJR151C,0,1.8252423,0.1511022001504898,0.7540000081062317,0.4235999882221222
YOL091W,YLL040C,1,1.8251879,0.15127229690551758,0.7549999952316284,0.4235999882221222
YLR413W,YNR073C,0,1.8251295,0.1512419879436493,0.7549999952316284,0.4237000048160553
YBR052C,YGL139W,0,1.825027,0.1512116938829422,0.7549999952316284,0.423799991607666
YJL053W,YHR045W,0,1.8248162,0.1511814147233963,0.7549999952316284,0.4239000082015991
YEL005C,YNL103W,0,1.82478,0.1511511504650116,0.7549999952316284,0.42399999499320984
YPL213W,YGR208W,0,1.8244541,0.15112090110778809,0.7549999952316284,0.42410001158714294
YBR136W,YOL091W,1,1.8241293,0.15129077434539795,0.7559999823570251,0.42410001158714294
YNL164C,YCR065W,0,1.8241129,0.15126051008701324,0.7559999823570251,0.42419999837875366
YPR030W,YKL107W,0,1.8240442,0.15123024582862854,0.7559999823570251,0.4242999851703644
YIL036W,YMR228W,0,1.8238914,0.15119999647140503,0.7559999823570251,0.4244000017642975
YKR019C,YBR248C,0,1.823663,0.1511697620153427,0.7559999823570251,0.4244999885559082
YEL030W,YML041C,0,1.8235598,0.1511395424604416,0.7559999823570251,0.4246000051498413
YER145C,YJR044C,0,1.8235028,0.15110933780670166,0.7559999823570251,0.424699991941452
YKL039W,YCR093W,0,1.823384,0.15107913315296173,0.7559999823570251,0.42480000853538513
YBR074W,YNL056W,0,1.823312,0.1510489583015442,0.7559999823570251,0.42489999532699585
YFR040W,YOR087W,0,1.823209,0.15101878345012665,0.7559999823570251,0.42500001192092896
YFR052W,YOL052C,0,1.8224313,0.1509886085987091,0.7559999823570251,0.4250999987125397
YKL119C,YOR087W,0,1.8222034,0.15095846354961395,0.7559999823570251,0.4251999855041504
YKR018C,YDR222W,0,1.8221922,0.15092833340168,0.7559999823570251,0.4253000020980835
YGL107C,YLR300W,0,1.8221099,0.15089820325374603,0.7559999823570251,0.4253999888896942
YAL019W,YLL067C,0,1.8220086,0.15086808800697327,0.7559999823570251,0.4255000054836273
YOL039W,YAL061W,0,1.82197,0.1508379876613617,0.7559999823570251,0.42559999227523804
YDR307W,YPR182W,0,1.8215153,0.15080790221691132,0.7559999823570251,0.42570000886917114
YPR128C,YDR170C,0,1.8211341,0.15077781677246094,0.7559999823570251,0.42579999566078186
YPL110C,YJR103W,0,1.8210847,0.15074776113033295,0.7559999823570251,0.42590001225471497
YEL019C,YIL173W,0,1.8209658,0.15071770548820496,0.7559999823570251,0.4259999990463257
YLR309C,YDR140W,0,1.8209159,0.15068766474723816,0.7559999823570251,0.4260999858379364
YJL180C,YLR119W,0,1.8207631,0.15065763890743256,0.7559999823570251,0.4262000024318695
YGL048C,YLR067C,0,1.8204021,0.15062761306762695,0.7559999823570251,0.4262999892234802
YKR025W,YHR058C,0,1.8198764,0.15059760212898254,0.7559999823570251,0.42640000581741333
YHR190W,YOR327C,0,1.8197234,0.15056762099266052,0.7559999823570251,0.42649999260902405
YFL031W,YDR406W,0,1.8196754,0.1505376398563385,0.7559999823570251,0.42660000920295715
YDR163W,YIL143C,0,1.8195677,0.15050765872001648,0.7559999823570251,0.42669999599456787
YOR383C,YDR144C,0,1.8195281,0.15047770738601685,0.7559999823570251,0.426800012588501
YDL045C,YDR296W,0,1.8195257,0.1504477560520172,0.7559999823570251,0.4268999993801117
YBR003W,YNR004W,0,1.8195202,0.15041783452033997,0.7559999823570251,0.4269999861717224
YLR352W,YPR106W,0,1.8194706,0.15038789808750153,0.7559999823570251,0.4271000027656555
YPR022C,YOR065W,0,1.8193209,0.15035799145698547,0.7559999823570251,0.42719998955726624
YNL290W,YPL045W,0,1.819144,0.15032809972763062,0.7559999823570251,0.42730000615119934
YDR403W,YFL005W,1,1.8190975,0.15049701929092407,0.7570000290870667,0.42730000615119934
YGL055W,YJR050W,0,1.8189518,0.15046709775924683,0.7570000290870667,0.42739999294281006
YBR302C,YKL171W,0,1.8188643,0.15043720602989197,0.7570000290870667,0.42750000953674316
YAL048C,YBR293W,0,1.8188059,0.1504073143005371,0.7570000290870667,0.4275999963283539
YKR039W,YOR283W,0,1.8184631,0.15037743747234344,0.7570000290870667,0.427700012922287
YNL243W,YGR113W,0,1.8184352,0.15034756064414978,0.7570000290870667,0.4277999997138977
YIL173W,YJL078C,0,1.8183541,0.1503177136182785,0.7570000290870667,0.4278999865055084
YGR175C,YOR195W,0,1.818336,0.15028786659240723,0.7570000290870667,0.42800000309944153
YKL091C,YKL002W,0,1.8182349,0.15025803446769714,0.7570000290870667,0.42809998989105225
YML011C,YNL094W,0,1.8182328,0.15022821724414825,0.7570000290870667,0.42820000648498535
YJL155C,YER142C,0,1.8181374,0.15019841492176056,0.7570000290870667,0.42829999327659607
YMR195W,YKL086W,0,1.8178742,0.15016861259937286,0.7570000290870667,0.4284000098705292
YMR180C,YBR254C,0,1.8177578,0.15013884007930756,0.7570000290870667,0.4284999966621399
YER058W,YKL222C,0,1.8175738,0.15010906755924225,0.7570000290870667,0.428600013256073
YOR141C,YIL142W,0,1.817528,0.15007929503917694,0.7570000290870667,0.4287000000476837
YBR278W,YBR221C,0,1.8174078,0.15004955232143402,0.7570000290870667,0.42879998683929443
YDR221W,YCL034W,0,1.8167272,0.1500198245048523,0.7570000290870667,0.42890000343322754
YGR277C,YML036W,0,1.8164947,0.14999009668827057,0.7570000290870667,0.42899999022483826
YOR293W,YKL217W,0,1.8157802,0.14996038377285004,0.7570000290870667,0.42910000681877136
YER056C,YKR095W-A,0,1.8153234,0.1499306857585907,0.7570000290870667,0.4291999936103821
YML030W,YGL010W,0,1.8152246,0.14990098774433136,0.7570000290870667,0.4293000102043152
YLR064W,YGR282C,0,1.8151772,0.1498713195323944,0.7570000290870667,0.4293999969959259
YER101C,YOL039W,0,1.8146935,0.14984165132045746,0.7570000290870667,0.429500013589859
YDR131C,YJL013C,0,1.8146763,0.1498119980096817,0.7570000290870667,0.4296000003814697
YIL094C,YDL046W,0,1.8142815,0.14978234469890594,0.7570000290870667,0.42969998717308044
YBR044C,YGL013C,0,1.8137791,0.14975272119045258,0.7570000290870667,0.42980000376701355
YBR073W,YBR100W,1,1.8133836,0.14992088079452515,0.7580000162124634,0.42980000376701355
YAL022C,YEL051W,0,1.8132055,0.14989124238491058,0.7580000162124634,0.42989999055862427
YBR227C,YMR134W,0,1.8130174,0.14986160397529602,0.7580000162124634,0.4300000071525574
YMR261C,YMR097C,0,1.8127346,0.14983198046684265,0.7580000162124634,0.4300999939441681
YNR049C,YIL099W,1,1.8122435,0.15000000596046448,0.7590000033378601,0.4300999939441681
YKR018C,YLR345W,0,1.8116853,0.14997036755084991,0.7590000033378601,0.4302000105381012
YPL225W,YHR196W,0,1.8116312,0.14994072914123535,0.7590000033378601,0.4302999973297119
YER168C,YER063W,0,1.81158,0.14991112053394318,0.7590000033378601,0.430400013923645
YPL037C,YIL177C,0,1.8112662,0.149881511926651,0.7590000033378601,0.43050000071525574
YGR122W,YIL137C,0,1.8111911,0.14985191822052002,0.7590000033378601,0.43059998750686646
YGR258C,YFR044C,0,1.8107579,0.14982233941555023,0.7590000033378601,0.43070000410079956
YPR035W,YML100W,0,1.8106756,0.14979277551174164,0.7590000033378601,0.4307999908924103
YHR085W,YKL132C,0,1.8104982,0.14976322650909424,0.7590000033378601,0.4309000074863434
YER007C-A,YLR256W,0,1.810297,0.14973367750644684,0.7590000033378601,0.4309999942779541
YCR016W,YIL157C,0,1.8102741,0.14970414340496063,0.7590000033378601,0.4311000108718872
YOR273C,YAL031C,0,1.8092084,0.14967462420463562,0.7590000033378601,0.4311999976634979
YKL188C,YIL053W,0,1.8091505,0.1496451050043106,0.7590000033378601,0.43130001425743103
YMR301C,YLR039C,0,1.808917,0.14961561560630798,0.7590000033378601,0.43140000104904175
YDR450W,YOR214C,0,1.8085997,0.14958612620830536,0.7590000033378601,0.43149998784065247
YOR058C,YGR099W,0,1.8085904,0.14955665171146393,0.7590000033378601,0.43160000443458557
YJR084W,YKL157W,0,1.8085144,0.1495271921157837,0.7590000033378601,0.4316999912261963
YDL207W,YOR259C,0,1.8083289,0.14949773252010345,0.7590000033378601,0.4318000078201294
YPR106W,YPR167C,0,1.8083246,0.1494682878255844,0.7590000033378601,0.4318999946117401
YMR276W,YER139C,0,1.8081226,0.14943887293338776,0.7590000033378601,0.4320000112056732
YAR071W,YAL019W,0,1.8080692,0.1494094431400299,0.7590000033378601,0.43209999799728394
YFL052W,YEL048C,0,1.8079715,0.14938004314899445,0.7590000033378601,0.43220001459121704
YJR021C,YHR079C-B,1,1.8071315,0.14954742789268494,0.7599999904632568,0.43220001459121704
YGL244W,YDR127W,0,1.8068047,0.1495179980993271,0.7599999904632568,0.43230000138282776
YBR216C,YGR080W,0,1.8067522,0.14948859810829163,0.7599999904632568,0.4323999881744385
YGL163C,YOL077W-A,0,1.8066134,0.14945919811725616,0.7599999904632568,0.4325000047683716
YAR008W,YOR106W,0,1.8065093,0.1494298130273819,0.7599999904632568,0.4325999915599823
YLR028C,YOR338W,1,1.8063092,0.14959701895713806,0.7609999775886536,0.4325999915599823
YER125W,YHR091C,0,1.8061066,0.1495676040649414,0.7609999775886536,0.4327000081539154
YNL072W,YGL078C,0,1.806062,0.14953821897506714,0.7609999775886536,0.4327999949455261
YNL192W,YOL098C,0,1.805975,0.14950883388519287,0.7609999775886536,0.43290001153945923
YJL176C,YOR192C,0,1.805928,0.149479478597641,0.7609999775886536,0.43299999833106995
YLR088W,YBR090C-A,0,1.8057618,0.1494501233100891,0.7609999775886536,0.43309998512268066
YGR040W,YOR287C,0,1.8057337,0.14942076802253723,0.7609999775886536,0.43320000171661377
YNR021W,YBR239C,0,1.8055882,0.14939144253730774,0.7609999775886536,0.4332999885082245
YPL021W,YLR050C,0,1.8054793,0.14936211705207825,0.7609999775886536,0.4334000051021576
YEL020C,YDR292C,0,1.8053322,0.14933280646800995,0.7609999775886536,0.4334999918937683
YDR172W,YLR431C,0,1.8051779,0.14930351078510284,0.7609999775886536,0.4336000084877014
YDR350C,YJR096W,0,1.8050485,0.14927423000335693,0.7609999775886536,0.43369999527931213
YLR007W,YHR074W,0,1.8047383,0.14924494922161102,0.7609999775886536,0.43380001187324524
YPL221W,YHR091C,0,1.8046968,0.1492156833410263,0.7609999775886536,0.43389999866485596
YJL123C,YDL004W,0,1.804656,0.14918643236160278,0.7609999775886536,0.4339999854564667
YNL083W,YNL063W,0,1.8045647,0.14915719628334045,0.7609999775886536,0.4341000020503998
YJL144W,YKL016C,0,1.8044434,0.14912796020507812,0.7609999775886536,0.4341999888420105
YML001W,YGR017W,0,1.8044298,0.149098739027977,0.7609999775886536,0.4343000054359436
YOL032W,YKR101W,0,1.8041096,0.14906953275203705,0.7609999775886536,0.4343999922275543
YLR272C,YMR001C,1,1.8040183,0.14923618733882904,0.7620000243186951,0.4343999922275543
YHR003C,YDR307W,0,1.8040001,0.1492069661617279,0.7620000243186951,0.4345000088214874
YOR304C-A,YHR032W,0,1.8037782,0.14917775988578796,0.7620000243186951,0.43459999561309814
YML013W,YML059C,0,1.8037257,0.14914856851100922,0.7620000243186951,0.43470001220703125
YDR527W,YPL003W,0,1.8033764,0.14911937713623047,0.7620000243186951,0.43479999899864197
YIL008W,YHL017W,0,1.8033516,0.14909020066261292,0.7620000243186951,0.4348999857902527
YJL178C,YBL100W-A,0,1.8031895,0.14906103909015656,0.7620000243186951,0.4350000023841858
YGR231C,YPL170W,0,1.8030913,0.1490318775177002,0.7620000243186951,0.4350999891757965
YCR020W-B,YPL228W,0,1.802938,0.14900273084640503,0.7620000243186951,0.4352000057697296
YPR034W,YML051W,0,1.8023927,0.14897361397743225,0.7620000243186951,0.43529999256134033
YHR091C,YJL006C,0,1.8022642,0.14894448220729828,0.7620000243186951,0.43540000915527344
YIR035C,YGR281W,0,1.8022237,0.1489153802394867,0.7620000243186951,0.43549999594688416
YLR307W,YAL056W,1,1.8021555,0.14908167719841003,0.7630000114440918,0.43549999594688416
YHR112C,YDR255C,0,1.8021371,0.14905254542827606,0.7630000114440918,0.43560001254081726
YDR461W,YJR026W,0,1.801414,0.14902344346046448,0.7630000114440918,0.435699999332428
YNR010W,YDR001C,0,1.8008511,0.1489943414926529,0.7630000114440918,0.4357999861240387
YNL263C,YHL031C,0,1.800767,0.1489652544260025,0.7630000114440918,0.4359000027179718
YCR033W,YBR100W,1,1.8004761,0.14913137257099152,0.7639999985694885,0.4359000027179718
YLR113W,YLR225C,0,1.8002765,0.14910227060317993,0.7639999985694885,0.4359999895095825
YPL135W,YDR246W,0,1.8002253,0.14907316863536835,0.7639999985694885,0.4361000061035156
YFR031C,YGR072W,0,1.8001082,0.14904408156871796,0.7639999985694885,0.43619999289512634
YDR444W,YDR515W,0,1.7996674,0.14901502430438995,0.7639999985694885,0.43630000948905945
YMR083W,YNL122C,0,1.7996557,0.14898595213890076,0.7639999985694885,0.43639999628067017
YOR214C,YMR309C,0,1.7995183,0.14895690977573395,0.7639999985694885,0.43650001287460327
YMR238W,YOR187W,0,1.7991269,0.14892788231372833,0.7639999985694885,0.436599999666214
YOL070C,YDR540C,0,1.7988963,0.14889885485172272,0.7639999985694885,0.4366999864578247
YKL095W,YDR164C,0,1.7988236,0.1488698422908783,0.7639999985694885,0.4368000030517578
YHR188C,YER054C,0,1.7987764,0.14884082973003387,0.7639999985694885,0.43689998984336853
YLR394W,YML128C,1,1.798774,0.14900662004947662,0.7649999856948853,0.43689998984336853
YCL045C,YGR211W,0,1.7987242,0.1489776074886322,0.7649999856948853,0.43700000643730164
YOR171C,YDR348C,0,1.7986736,0.14894859492778778,0.7649999856948853,0.43709999322891235
YGL037C,YDR254W,0,1.7986655,0.14891959726810455,0.7649999856948853,0.43720000982284546
YEL071W,YDR190C,0,1.7984657,0.14889061450958252,0.7649999856948853,0.4372999966144562
YMR050C,YPL063W,0,1.7978718,0.14886164665222168,0.7649999856948853,0.4374000132083893
YDR137W,YLR157C-B,0,1.7978148,0.14883267879486084,0.7649999856948853,0.4375
YHR188C,YKL144C,0,1.7977555,0.1488037407398224,0.7649999856948853,0.4375999867916107
YNR028W,YCR003W,0,1.7976716,0.14877480268478394,0.7649999856948853,0.4377000033855438
YMR244C-A,YMR170C,0,1.7966235,0.14874586462974548,0.7649999856948853,0.43779999017715454
YGR207C,YFL023W,0,1.7965407,0.14871695637702942,0.7649999856948853,0.43790000677108765
YLR301W,YDR399W,0,1.7965119,0.14868804812431335,0.7649999856948853,0.43799999356269836
YGR129W,YCR003W,0,1.7963784,0.14865915477275848,0.7649999856948853,0.43810001015663147
YJL103C,YKL120W,0,1.7963767,0.1486302763223648,0.7649999856948853,0.4381999969482422
YGR003W,YML051W,0,1.7962763,0.14860139787197113,0.7649999856948853,0.4383000135421753
YGL194C,YLR248W,1,1.7962606,0.14876675605773926,0.765999972820282,0.4383000135421753
YKL069W,YDR530C,0,1.7961912,0.1487378627061844,0.765999972820282,0.438400000333786
YPL147W,YGL210W-A,0,1.7960827,0.1487089842557907,0.765999972820282,0.43849998712539673
YDR051C,YBR015C,0,1.7960398,0.14868012070655823,0.765999972820282,0.43860000371932983
YLL010C,YMR192W,0,1.7960358,0.14865127205848694,0.765999972820282,0.43869999051094055
YPL036W,YGR007W,0,1.7955866,0.14862242341041565,0.765999972820282,0.43880000710487366
YJR077C,YPL029W,0,1.7955756,0.14859360456466675,0.765999972820282,0.4388999938964844
YKL150W,YHR094C,0,1.7955151,0.14856478571891785,0.765999972820282,0.4390000104904175
YIL080W,YKL020C,0,1.7955096,0.14853596687316895,0.765999972820282,0.4390999972820282
YOR338W,YGL183C,1,1.7954621,0.1487010419368744,0.7670000195503235,0.4390999972820282
YHR214W,YER023W,0,1.7952809,0.1486722230911255,0.7670000195503235,0.4392000138759613
YKL055C,YDR378C,0,1.7950528,0.1486434042453766,0.7670000195503235,0.439300000667572
YOR088W,YBR089C-A,0,1.7950263,0.14861461520195007,0.7670000195503235,0.43939998745918274
YGR287C,YLR059C,0,1.79492,0.14858582615852356,0.7670000195503235,0.43950000405311584
YIL108W,YOL141W,0,1.7945554,0.14855703711509705,0.7670000195503235,0.43959999084472656
YBR212W,YAL051W,0,1.7945037,0.14852827787399292,0.7670000195503235,0.43970000743865967
YER143W,YPL273W,0,1.7943685,0.1484995186328888,0.7670000195503235,0.4397999942302704
YBR010W,YPL134C,0,1.7942727,0.14847077429294586,0.7670000195503235,0.4399000108242035
YEL036C,YDR348C,0,1.7940989,0.14844202995300293,0.7670000195503235,0.4399999976158142
YNR063W,YKR100C,0,1.7939568,0.14841331541538239,0.7670000195503235,0.4401000142097473
YLR440C,YAL011W,0,1.7935381,0.14838460087776184,0.7670000195503235,0.44020000100135803
YER177W,YOR351C,1,1.7932429,0.14854931831359863,0.7680000066757202,0.44020000100135803
YML099C,YKL020C,0,1.7932279,0.1485205888748169,0.7680000066757202,0.44029998779296875
YNL153C,YMR099C,0,1.7928536,0.14849187433719635,0.7680000066757202,0.44040000438690186
YLR323C,YGL186C,0,1.7928405,0.148463174700737,0.7680000066757202,0.4404999911785126
YLR409C,YNL241C,0,1.7924585,0.14843447506427765,0.7680000066757202,0.4406000077724457
YFL024C,YNL274C,0,1.7923644,0.1484057903289795,0.7680000066757202,0.4406999945640564
YGR204W,YNR039C,0,1.7923312,0.14837712049484253,0.7680000066757202,0.4408000111579895
YER160C,YER109C,0,1.7922823,0.14834846556186676,0.7680000066757202,0.4408999979496002
YBR247C,YPL130W,0,1.7922647,0.148319810628891,0.7680000066757202,0.4410000145435333
YBR100W,YGR225W,1,1.7921815,0.1484842598438263,0.7689999938011169,0.4410000145435333
YHL028W,YJL085W,0,1.7920897,0.14845560491085052,0.7689999938011169,0.44110000133514404
YHR079C-B,YBR186W,1,1.7920468,0.14861996471881866,0.7699999809265137,0.44110000133514404
YDR422C,YDL039C,0,1.7920058,0.1485912799835205,0.7699999809265137,0.44119998812675476
YDR155C,YBR073W,1,1.7919397,0.14875555038452148,0.7710000276565552,0.44119998812675476
YNL111C,YOL124C,0,1.791913,0.14872685074806213,0.7710000276565552,0.44130000472068787
YDL225W,YFR028C,0,1.791789,0.14869816601276398,0.7710000276565552,0.4413999915122986
YOR226C,YLR316C,0,1.7917244,0.14866949617862701,0.7710000276565552,0.4415000081062317
YBR294W,YPR082C,0,1.7915568,0.14864082634449005,0.7710000276565552,0.4415999948978424
YBR125C,YHL018W,0,1.7915504,0.14861218631267548,0.7710000276565552,0.4417000114917755
YNL095C,YGL142C,0,1.7913959,0.1485835462808609,0.7710000276565552,0.44179999828338623
YCL074W,YDR127W,0,1.791009,0.14855490624904633,0.7710000276565552,0.44190001487731934
YDR441C,YPL158C,0,1.790478,0.14852629601955414,0.7710000276565552,0.44200000166893005
YLR026C,YGL131C,0,1.7903545,0.14849768579006195,0.7710000276565552,0.44209998846054077
YGR013W,YPL013C,0,1.7902565,0.14846909046173096,0.7710000276565552,0.4422000050544739
YFL066C,YLR093C,0,1.7902448,0.14844051003456116,0.7710000276565552,0.4422999918460846
YDR176W,YGL076C,0,1.7900116,0.14841192960739136,0.7710000276565552,0.4424000084400177
YER078C,YAR027W,0,1.7898257,0.14838337898254395,0.7710000276565552,0.4424999952316284
YKL120W,YCR058C,0,1.7891705,0.14835481345653534,0.7710000276565552,0.4426000118255615
YML024W,YCL045C,0,1.7888613,0.14832627773284912,0.7710000276565552,0.44269999861717224
YBR023C,YNL312W,1,1.7888603,0.14849010109901428,0.7720000147819519,0.44269999861717224
YCR063W,YOL096C,0,1.7885635,0.14846153557300568,0.7720000147819519,0.44279998540878296
YNR021W,YLR077W,0,1.7885339,0.14843299984931946,0.7720000147819519,0.44290000200271606
YHR039C,YDR027C,1,1.7883065,0.14859668910503387,0.7730000019073486,0.44290000200271606
YHR191C,YDL230W,0,1.7881901,0.14856813848018646,0.7730000019073486,0.4429999887943268
YOL093W,YFR053C,0,1.7879822,0.14853958785533905,0.7730000019073486,0.4431000053882599
YMR113W,YKL161C,0,1.7874396,0.14851105213165283,0.7730000019073486,0.4431999921798706
YCR045C,YLR017W,0,1.7873752,0.1484825164079666,0.7730000019073486,0.4433000087738037
YMR068W,YNR056C,0,1.7872844,0.14845401048660278,0.7730000019073486,0.44339999556541443
YOR328W,YDR419W,0,1.7870629,0.14842550456523895,0.7730000019073486,0.44350001215934753
YBR287W,YER021W,0,1.7869916,0.14839699864387512,0.7730000019073486,0.44359999895095825
YPR022C,YGR113W,0,1.7868147,0.14836852252483368,0.7730000019073486,0.44369998574256897
YGR161C,YDR352W,0,1.7866542,0.14834004640579224,0.7730000019073486,0.4438000023365021
YNR049C,YGR059W,1,1.7866089,0.14850345253944397,0.7739999890327454,0.4438000023365021
YDL045C,YMR161W,0,1.7863047,0.14847496151924133,0.7739999890327454,0.4438999891281128
YGR178C,YOL082W,0,1.786118,0.1484464854001999,0.7739999890327454,0.4440000057220459
YDL181W,YOR256C,0,1.7860222,0.14841802418231964,0.7739999890327454,0.4440999925136566
YCR031C,YGL237C,0,1.7859712,0.14838957786560059,0.7739999890327454,0.4442000091075897
YBR078W,YMR137C,0,1.7857757,0.14836113154888153,0.7739999890327454,0.44429999589920044
YKL016C,YBR145W,0,1.7852833,0.14833270013332367,0.7739999890327454,0.44440001249313354
YOR028C,YGL225W,0,1.7850485,0.1483042687177658,0.7739999890327454,0.44449999928474426
YCL020W,YLR157C-B,0,1.7850306,0.14827586710453033,0.7739999890327454,0.444599986076355
YDR429C,YLR315W,0,1.7849951,0.14824746549129486,0.7739999890327454,0.4447000026702881
YJR159W,YBR083W,0,1.784982,0.14821907877922058,0.7739999890327454,0.4447999894618988
YMR263W,YKL077W,0,1.7848895,0.1481906920671463,0.7739999890327454,0.4449000060558319
YER001W,YLR042C,0,1.7847242,0.1481623351573944,0.7739999890327454,0.4449999928474426
YHR045W,YER124C,0,1.7845199,0.14813397824764252,0.7739999890327454,0.44510000944137573
YML061C,YPL179W,0,1.7842648,0.14810562133789062,0.7739999890327454,0.44519999623298645
YDR182W,YDR453C,0,1.7841113,0.14807729423046112,0.7739999890327454,0.44530001282691956
YOR251C,YOL115W,0,1.7838271,0.14804896712303162,0.7739999890327454,0.4453999996185303
YFL035C-A,YDR363W,0,1.7837179,0.1480206549167633,0.7739999890327454,0.445499986410141
YGL184C,YDR476C,0,1.7836716,0.1479923576116562,0.7739999890327454,0.4456000030040741
YAL015C,YIL080W,0,1.7835119,0.14796406030654907,0.7739999890327454,0.4456999897956848
YPL016W,YMR193W,0,1.7833695,0.14793577790260315,0.7739999890327454,0.4458000063896179
YER081W,YNL156C,0,1.7833574,0.14790751039981842,0.7739999890327454,0.44589999318122864
YML081W,YGR017W,0,1.7833083,0.14787925779819489,0.7739999890327454,0.44600000977516174
YOR115C,YJR050W,0,1.7832682,0.14785100519657135,0.7739999890327454,0.44609999656677246
YDL156W,YBL067C,0,1.7828932,0.147822767496109,0.7739999890327454,0.44620001316070557
YDR234W,YJL021C,0,1.7828486,0.14779454469680786,0.7739999890327454,0.4462999999523163
YJR028W,YLR052W,0,1.7826536,0.1477663218975067,0.7739999890327454,0.446399986743927
YPL213W,YBR150C,0,1.7826283,0.14773811399936676,0.7739999890327454,0.4465000033378601
YDL020C,YOR145C,0,1.7825456,0.147709921002388,0.7739999890327454,0.4465999901294708
YBL113C,YGL011C,0,1.7824752,0.14768174290657043,0.7739999890327454,0.44670000672340393
YLR081W,YCL030C,0,1.7823491,0.14765356481075287,0.7739999890327454,0.44679999351501465
YEL051W,YAL016W,0,1.7822936,0.1476254016160965,0.7739999890327454,0.44690001010894775
YKL144C,YJL160C,0,1.7822382,0.14759725332260132,0.7739999890327454,0.44699999690055847
YLR348C,YJR044C,0,1.7820778,0.14756911993026733,0.7739999890327454,0.4471000134944916
YOR264W,YIL131C,0,1.7819123,0.14754098653793335,0.7739999890327454,0.4472000002861023
YOR103C,YDR287W,0,1.7816968,0.14751286804676056,0.7739999890327454,0.447299987077713
YGR109W-B,YDL140C,0,1.7814906,0.14748474955558777,0.7739999890327454,0.4474000036716461
YLL005C,YJL168C,1,1.7813666,0.1476471722126007,0.7749999761581421,0.4474000036716461
YPR083W,YHR058C,0,1.7807713,0.14761905372142792,0.7749999761581421,0.44749999046325684
YNR021W,YPL192C,0,1.7806344,0.14759093523025513,0.7749999761581421,0.44760000705718994
YKR034W,YOL010W,0,1.7803068,0.14756283164024353,0.7749999761581421,0.44769999384880066
YKL170W,YLR305C,0,1.7802563,0.14753474295139313,0.7749999761581421,0.44780001044273376
YIL047C,YIL128W,0,1.7802479,0.14750665426254272,0.7749999761581421,0.4478999972343445
YPL183C,YER078C,0,1.7802324,0.1474785953760147,0.7749999761581421,0.4480000138282776
YLR102C,YOL068C,0,1.7801592,0.1474505364894867,0.7749999761581421,0.4481000006198883
YJL103C,YKL155C,0,1.7799528,0.14742247760295868,0.7749999761581421,0.448199987411499
YMR019W,YER087W,0,1.7797723,0.14739444851875305,0.7749999761581421,0.44830000400543213
YOR132W,YHR065C,0,1.7797606,0.14736641943454742,0.7749999761581421,0.44839999079704285
YMR267W,YDR189W,0,1.779681,0.147338405251503,0.7749999761581421,0.44850000739097595
YPL078C,YFL035C-B,0,1.7796197,0.14731039106845856,0.7749999761581421,0.44859999418258667
YML112W,YMR145C,0,1.7791805,0.1472824066877365,0.7749999761581421,0.4487000107765198
YOR071C,YOR215C,0,1.7788336,0.14725442230701447,0.7749999761581421,0.4487999975681305
YPR105C,YOR367W,0,1.778274,0.14722643792629242,0.7749999761581421,0.4489000141620636
YNL054W,YOR264W,0,1.7782688,0.14719848334789276,0.7749999761581421,0.4490000009536743
YJL059W,YER063W,0,1.7782283,0.1471705287694931,0.7749999761581421,0.44909998774528503
YDL070W,YNL256W,0,1.7782269,0.14714258909225464,0.7749999761581421,0.44920000433921814
YPR154W,YHR020W,0,1.7781851,0.14711464941501617,0.7749999761581421,0.44929999113082886
YKL052C,YER124C,0,1.777751,0.1470867395401001,0.7749999761581421,0.44940000772476196
YEL046C,YBR244W,0,1.7777236,0.14705882966518402,0.7749999761581421,0.4494999945163727
YNL054W,YMR090W,0,1.7769825,0.14703091979026794,0.7749999761581421,0.4496000111103058
YJL178C,YDR517W,0,1.7766168,0.14700303971767426,0.7749999761581421,0.4496999979019165
YML030W,YIL167W,0,1.7766163,0.14697515964508057,0.7749999761581421,0.4498000144958496
YGR023W,YGL210W-A,0,1.7764132,0.14694729447364807,0.7749999761581421,0.4499000012874603
YDL188C,YOR231W,0,1.7760732,0.14691942930221558,0.7749999761581421,0.44999998807907104
YMR300C,YJR010W,0,1.7758751,0.14689157903194427,0.7749999761581421,0.45010000467300415
YKL222C,YOR259C,0,1.7758293,0.14686374366283417,0.7749999761581421,0.45019999146461487
YEL043W,YPL254W,0,1.7757268,0.14683592319488525,0.7749999761581421,0.450300008058548
YLR425W,YLR085C,0,1.7757256,0.14680810272693634,0.7749999761581421,0.4503999948501587
YGL122C,YGL094C,0,1.775573,0.14678029716014862,0.7749999761581421,0.4505000114440918
YOR078W,YER040W,0,1.7754529,0.1467525064945221,0.7749999761581421,0.4505999982357025
YBR287W,YML100W,0,1.7754021,0.14672473073005676,0.7749999761581421,0.4507000148296356
YJL197W,YLL027W,0,1.7753203,0.14669695496559143,0.7749999761581421,0.45080000162124634
YOR118W,YCL019W,0,1.7751365,0.1466691941022873,0.7749999761581421,0.45089998841285706
YBR075W,YMR110C,0,1.7747004,0.14664143323898315,0.7749999761581421,0.45100000500679016
YBR127C,YGL134W,0,1.7746439,0.1466137021780014,0.7749999761581421,0.4510999917984009
YDR026C,YMR309C,0,1.7742791,0.14658597111701965,0.7749999761581421,0.451200008392334
YGL236C,YBR177C,0,1.7740929,0.1465582400560379,0.7749999761581421,0.4512999951839447
YPL078C,YOR378W,0,1.7740226,0.14653053879737854,0.7749999761581421,0.4514000117778778
YLR175W,YGR013W,0,1.7736356,0.14650283753871918,0.7749999761581421,0.4514999985694885
YLR200W,YBR287W,0,1.7736111,0.146475151181221,0.7749999761581421,0.45159998536109924
YHR110W,YLR350W,0,1.7734723,0.14644746482372284,0.7749999761581421,0.45170000195503235
YHL034C,YNL036W,0,1.7734399,0.14641979336738586,0.7749999761581421,0.45179998874664307
YKL049C,YHR194W,0,1.7733855,0.14639213681221008,0.7749999761581421,0.45190000534057617
YOL053C-A,YBL042C,0,1.7733154,0.1463644951581955,0.7749999761581421,0.4519999921321869
YCR034W,YMR210W,0,1.7732282,0.1463368535041809,0.7749999761581421,0.45210000872612
YDR155C,YDR451C,1,1.7731814,0.14649802446365356,0.7760000228881836,0.45210000872612
YLR453C,YHR121W,0,1.7731266,0.14647036790847778,0.7760000228881836,0.4521999955177307
YGR034W,YCR005C,0,1.7731082,0.1464427262544632,0.7760000228881836,0.4523000121116638
YER137C,YMR011W,0,1.7730911,0.1464150995016098,0.7760000228881836,0.45239999890327454
YGL129C,YHL050C,0,1.7730622,0.1463874727487564,0.7760000228881836,0.45249998569488525
YLR016C,YDR469W,0,1.7728624,0.1463598608970642,0.7760000228881836,0.45260000228881836
YKR071C,YGR199W,0,1.7728107,0.1463322639465332,0.7760000228881836,0.4526999890804291
YDR314C,YPR204W,0,1.7726378,0.1463046818971634,0.7760000228881836,0.4528000056743622
YJR144W,YBL100W-B,0,1.7726352,0.14627709984779358,0.7760000228881836,0.4528999924659729
YOR338W,YHR004C,1,1.7726033,0.14643798768520355,0.7770000100135803,0.4528999924659729
YDR138W,YML051W,0,1.7724373,0.14641040563583374,0.7770000100135803,0.453000009059906
YGR048W,YGR238C,0,1.7722039,0.14638282358646393,0.7770000100135803,0.4530999958515167
YGL203C,YHR008C,0,1.7720416,0.14635524153709412,0.7770000100135803,0.45320001244544983
YGR209C,YHL026C,0,1.771801,0.1463276892900467,0.7770000100135803,0.45329999923706055
YBR109C,YOR214C,0,1.7716613,0.14630013704299927,0.7770000100135803,0.45339998602867126
YLR028C,YLL005C,1,1.7714143,0.14646084606647491,0.777999997138977,0.45339998602867126
YDR372C,YDR006C,0,1.7713144,0.1464332789182663,0.777999997138977,0.45350000262260437
YBR075W,YPL158C,0,1.7710576,0.14640572667121887,0.777999997138977,0.4535999894142151
YPL064C,YOR212W,0,1.7709427,0.14637817442417145,0.777999997138977,0.4537000060081482
YPL122C,YJL200C,0,1.7709396,0.14635063707828522,0.777999997138977,0.4537999927997589
YNL240C,YPL115C,0,1.7706771,0.14632311463356018,0.777999997138977,0.453900009393692
YGR125W,YKL020C,0,1.7706194,0.14629560708999634,0.777999997138977,0.45399999618530273
YKR049C,YPR134W,0,1.7702127,0.1462680995464325,0.777999997138977,0.45410001277923584
YDR260C,YDR099W,1,1.7702107,0.14642857015132904,0.7789999842643738,0.45410001277923584
YBR119W,YDL042C,0,1.7701097,0.146401047706604,0.7789999842643738,0.45419999957084656
YPR023C,YMR315W,0,1.7692821,0.14637354016304016,0.7789999842643738,0.4542999863624573
YMR065W,YMR112C,0,1.7690661,0.1463460475206375,0.7789999842643738,0.4544000029563904
YER048C,YBR265W,0,1.768992,0.14631855487823486,0.7789999842643738,0.4544999897480011
YDR492W,YCL003W,0,1.7688453,0.1462910771369934,0.7789999842643738,0.4546000063419342
YKL097W-A,YCL030C,0,1.7686796,0.14626361429691315,0.7789999842643738,0.4546999931335449
YOR118W,YJL063C,0,1.7682316,0.14623615145683289,0.7789999842643738,0.454800009727478
YKR088C,YLR058C,0,1.7681241,0.14620870351791382,0.7789999842643738,0.45489999651908875
YJL098W,YNL245C,0,1.7678826,0.14618127048015594,0.7789999842643738,0.45500001311302185
YLR093C,YCL003W,0,1.7677848,0.14615385234355927,0.7789999842643738,0.45509999990463257
YML078W,YPL099C,0,1.7675395,0.14612643420696259,0.7789999842643738,0.4551999866962433
YIL011W,YDR314C,0,1.7674503,0.1460990309715271,0.7789999842643738,0.4553000032901764
YDL100C,YPL066W,0,1.7674129,0.1460716277360916,0.7789999842643738,0.4553999900817871
YDR098C-B,YPR162C,0,1.7672312,0.14604423940181732,0.7789999842643738,0.4555000066757202
YLR004C,YNL016W,0,1.7672117,0.14601686596870422,0.7789999842643738,0.45559999346733093
YJR088C,YLR224W,0,1.7669194,0.14598950743675232,0.7789999842643738,0.45570001006126404
YPR065W,YNL309W,0,1.766772,0.14596214890480042,0.7789999842643738,0.45579999685287476
YHR210C,YER022W,0,1.7664905,0.1459348052740097,0.7789999842643738,0.45590001344680786
YHR174W,YCR106W,0,1.7663739,0.1459074765443802,0.7789999842643738,0.4560000002384186
YNL124W,YJL042W,0,1.766233,0.14588014781475067,0.7789999842643738,0.4560999870300293
YLR384C,YJR036C,0,1.7660713,0.14585283398628235,0.7789999842643738,0.4562000036239624
YKR054C,YLL067C,0,1.7660522,0.14582553505897522,0.7789999842643738,0.4562999904155731
YGR207C,YJL026W,0,1.7660029,0.1457982361316681,0.7789999842643738,0.4564000070095062
YFL066C,YDR233C,0,1.7657051,0.14577095210552216,0.7789999842643738,0.45649999380111694
YGR249W,YML078W,0,1.7656219,0.14574368298053741,0.7789999842643738,0.45660001039505005
YJL098W,YPR204W,0,1.7655253,0.14571642875671387,0.7789999842643738,0.45669999718666077
YCR058C,YER168C,0,1.7651515,0.14568917453289032,0.7789999842643738,0.45680001378059387
YML011C,YBL079W,0,1.7648592,0.14566193521022797,0.7789999842643738,0.4569000005722046
YOR328W,YJR103W,0,1.76479,0.1456346958875656,0.7789999842643738,0.4569999873638153
YGR078C,YFR033C,0,1.7647398,0.14560747146606445,0.7789999842643738,0.4571000039577484
YNR023W,YOL146W,0,1.764544,0.1455802619457245,0.7789999842643738,0.45719999074935913
YFR013W,YMR101C,0,1.7642515,0.14555306732654572,0.7789999842643738,0.45730000734329224
YKL093W,YER094C,0,1.7642219,0.14552587270736694,0.7789999842643738,0.45739999413490295
YDL106C,YOR215C,0,1.7638946,0.14549869298934937,0.7789999842643738,0.45750001072883606
YJR027W,YKR013W,0,1.7638133,0.14547152817249298,0.7789999842643738,0.4575999975204468
YBR287W,YKL139W,0,1.7638109,0.1454443633556366,0.7789999842643738,0.4577000141143799
YPR008W,YKR025W,0,1.7633972,0.1454172134399414,0.7789999842643738,0.4578000009059906
YOL154W,YCR028C-A,0,1.7633431,0.14539006352424622,0.7789999842643738,0.4578999876976013
YLR102C,YGL224C,0,1.7632108,0.1453629434108734,0.7789999842643738,0.4580000042915344
YPR104C,YMR054W,0,1.7629516,0.1453358232975006,0.7789999842643738,0.45809999108314514
YGL207W,YDR200C,0,1.7624068,0.145308718085289,0.7789999842643738,0.45820000767707825
YKL167C,YPL075W,0,1.7623715,0.1452816128730774,0.7789999842643738,0.45829999446868896
YOR343W-B,YOL110W,0,1.7623143,0.14525452256202698,0.7789999842643738,0.45840001106262207
YJR088C,YOR205C,0,1.7622919,0.14522744715213776,0.7789999842643738,0.4584999978542328
YDR260C,YBR100W,1,1.7622626,0.14538677036762238,0.7799999713897705,0.4584999978542328
YLR133W,YDR485C,0,1.7621818,0.14535966515541077,0.7799999713897705,0.4586000144481659
YJR021C,YLL040C,1,1.762161,0.14551891386508942,0.781000018119812,0.4586000144481659
YER072W,YGL196W,0,1.761992,0.1454918086528778,0.781000018119812,0.4587000012397766
YFL052W,YOR005C,0,1.7618787,0.1454647034406662,0.781000018119812,0.45879998803138733
YAL015C,YJL059W,0,1.7617779,0.14543761312961578,0.781000018119812,0.45890000462532043
YDR359C,YAR042W,0,1.7617617,0.14541053771972656,0.781000018119812,0.45899999141693115
YBR006W,YJR026W,0,1.7616181,0.14538347721099854,0.781000018119812,0.45910000801086426
YOR287C,YOL008W,0,1.7615817,0.1453564167022705,0.781000018119812,0.459199994802475
YAL026C,YPR160W,0,1.7614601,0.14532935619354248,0.781000018119812,0.4593000113964081
YML057W,YML001W,0,1.7611225,0.14530232548713684,0.781000018119812,0.4593999981880188
YPL259C,YLR289W,0,1.7609901,0.1452752947807312,0.781000018119812,0.4595000147819519
YPL112C,YAR066W,0,1.7609539,0.14524827897548676,0.781000018119812,0.4596000015735626
YGL016W,YIL096C,0,1.760798,0.1452212780714035,0.781000018119812,0.45969998836517334
YKL114C,YDR041W,0,1.7607245,0.14519427716732025,0.781000018119812,0.45980000495910645
YPL248C,YKR018C,0,1.7607,0.1451672911643982,0.781000018119812,0.45989999175071716
YBL085W,YDL018C,0,1.7606385,0.14514030516147614,0.781000018119812,0.46000000834465027
YPL078C,YDR287W,0,1.7605338,0.14511333405971527,0.781000018119812,0.460099995136261
YBL036C,YML030W,0,1.7604079,0.1450863778591156,0.781000018119812,0.4602000117301941
YER001W,YDR026C,0,1.760189,0.14505943655967712,0.781000018119812,0.4602999985218048
YCR023C,YNR052C,0,1.7599814,0.14503249526023865,0.781000018119812,0.4603999853134155
YFL057C,YIL120W,0,1.7598424,0.14500556886196136,0.781000018119812,0.46050000190734863
YLR426W,YOL102C,0,1.7593429,0.14497865736484528,0.781000018119812,0.46059998869895935
YKR045C,YER087C-B,0,1.7590461,0.1449517458677292,0.781000018119812,0.46070000529289246
YLL027W,YKL086W,0,1.7589667,0.1449248492717743,0.781000018119812,0.4607999920845032
YGL032C,YBR006W,0,1.7586243,0.1448979526758194,0.781000018119812,0.4609000086784363
YNL219C,YMR177W,0,1.7583258,0.1448710858821869,0.781000018119812,0.460999995470047
YJR083C,YJR123W,0,1.7579463,0.14484421908855438,0.781000018119812,0.4611000120639801
YPL163C,YHL020C,0,1.7575829,0.14481735229492188,0.781000018119812,0.4611999988555908
YOR153W,YEL069C,0,1.7575645,0.14479051530361176,0.781000018119812,0.46129998564720154
YDR303C,YHL018W,0,1.7574813,0.14476366341114044,0.781000018119812,0.46140000224113464
YJR149W,YDR028C,0,1.7574441,0.14473684132099152,0.781000018119812,0.46149998903274536
YOR298W,YNL294C,1,1.7572865,0.14489531517028809,0.7820000052452087,0.46149998903274536
YBL036C,YPR185W,0,1.757191,0.14486846327781677,0.7820000052452087,0.46160000562667847
YDR221W,YML036W,0,1.7570946,0.14484164118766785,0.7820000052452087,0.4616999924182892
YDR100W,YLR058C,0,1.7570629,0.14481481909751892,0.7820000052452087,0.4618000090122223
YJL203W,YJR027W,0,1.756943,0.14478799700737,0.7820000052452087,0.461899995803833
YML039W,YCR073C,0,1.7569406,0.14476120471954346,0.7820000052452087,0.4620000123977661
YGR128C,YIL023C,0,1.7569127,0.14473441243171692,0.7820000052452087,0.46209999918937683
YKL015W,YPR067W,0,1.7566886,0.14470762014389038,0.7820000052452087,0.46219998598098755
YOL086W-A,YNL299W,0,1.7566819,0.14468085765838623,0.7820000052452087,0.46230000257492065
YOR148C,YCR017C,0,1.7565565,0.14465409517288208,0.7820000052452087,0.46239998936653137
YDR104C,YKR099W,1,1.7565246,0.14481228590011597,0.7829999923706055,0.46239998936653137
YNL264C,YNL021W,0,1.7564933,0.14478550851345062,0.7829999923706055,0.4625000059604645
YLL003W,YGR281W,0,1.7563858,0.14475873112678528,0.7829999923706055,0.4625999927520752
YHR083W,YBR238C,0,1.7562473,0.14473198354244232,0.7829999923706055,0.4627000093460083
YLR001C,YER062C,0,1.7560682,0.14470523595809937,0.7829999923706055,0.462799996137619
YGR109W-B,YGR285C,0,1.7558293,0.1446784883737564,0.7829999923706055,0.4629000127315521
YJL113W,YGL070C,0,1.7555406,0.14465177059173584,0.7829999923706055,0.46299999952316284
YML051W,YPL265W,0,1.7550108,0.14462505280971527,0.7829999923706055,0.46309998631477356
YDR513W,YBR280C,0,1.7549281,0.1445983350276947,0.7829999923706055,0.46320000290870667
YGL115W,YHR115C,0,1.754334,0.14457163214683533,0.7829999923706055,0.4632999897003174
YNL271C,YDR006C,0,1.7540882,0.14454494416713715,0.7829999923706055,0.4634000062942505
YKR044W,YER138C,0,1.7540667,0.14451827108860016,0.7829999923706055,0.4634999930858612
YDR435C,YDR186C,0,1.7540486,0.14449159801006317,0.7829999923706055,0.4636000096797943
YOR304C-A,YKL190W,0,1.7539947,0.14446493983268738,0.7829999923706055,0.46369999647140503
YER090W,YNR060W,0,1.7539215,0.14443829655647278,0.7829999923706055,0.46380001306533813
YDL012C,YMR277W,0,1.7539029,0.14441165328025818,0.7829999923706055,0.46389999985694885
YHR174W,YMR159C,0,1.7538741,0.14438502490520477,0.7829999923706055,0.46399998664855957
YLL039C,YOR351C,1,1.7537239,0.14454276859760284,0.7839999794960022,0.46399998664855957
YDR476C,YNL067W,0,1.7536933,0.14451612532138824,0.7839999794960022,0.4641000032424927
YDL132W,YOL107W,0,1.7536383,0.14448949694633484,0.7839999794960022,0.4641999900341034
YOL029C,YDL208W,0,1.7535439,0.14446286857128143,0.7839999794960022,0.4643000066280365
YOR125C,YDR160W,0,1.7533395,0.14443625509738922,0.7839999794960022,0.4643999934196472
YFR031C,YGL210W-A,0,1.75331,0.1444096565246582,0.7839999794960022,0.4645000100135803
YBR247C,YBR067C,0,1.7532763,0.14438305795192719,0.7839999794960022,0.46459999680519104
YPL158C,YDR075W,0,1.7532444,0.14435647428035736,0.7839999794960022,0.46470001339912415
YNR030W,YOR261C,0,1.7531025,0.14432989060878754,0.7839999794960022,0.46480000019073486
YGL033W,YER177W,1,1.7530565,0.1444873958826065,0.7850000262260437,0.46480000019073486
YBR239C,YDR041W,0,1.7528753,0.1444607973098755,0.7850000262260437,0.4648999869823456
YJL184W,YKL125W,0,1.752414,0.14443422853946686,0.7850000262260437,0.4650000035762787
YLR093C,YML071C,0,1.7521996,0.14440765976905823,0.7850000262260437,0.4650999903678894
YIL140W,YBL089W,0,1.7520645,0.1443810909986496,0.7850000262260437,0.4652000069618225
YGL126W,YAL017W,0,1.7519891,0.14435453712940216,0.7850000262260437,0.4652999937534332
YOR273C,YCL060C,0,1.7518966,0.14432799816131592,0.7850000262260437,0.46540001034736633
YGR255C,YJL029C,0,1.7517049,0.14430147409439087,0.7850000262260437,0.46549999713897705
YBL028C,YLR058C,0,1.751533,0.14427495002746582,0.7850000262260437,0.46560001373291016
YHR039C,YPR103W,1,1.7509882,0.1444321870803833,0.7860000133514404,0.46560001373291016
YCL020W,YER166W,0,1.750907,0.14440566301345825,0.7860000133514404,0.4657000005245209
YDR324C,YIL050W,0,1.7506561,0.1443791389465332,0.7860000133514404,0.4657999873161316
YLR268W,YNL224C,0,1.7504144,0.14435261487960815,0.7860000133514404,0.4659000039100647
YLR191W,YOR284W,0,1.7503622,0.1443261057138443,0.7860000133514404,0.4659999907016754
YJR108W,YGR285C,0,1.7502797,0.14429961144924164,0.7860000133514404,0.4661000072956085
YBL031W,YPR082C,0,1.7499433,0.14427313208580017,0.7860000133514404,0.46619999408721924
YPL218W,YGR251W,0,1.749937,0.1442466527223587,0.7860000133514404,0.46630001068115234
YER098W,YER124C,0,1.7497511,0.14422018826007843,0.7860000133514404,0.46639999747276306
YJL178C,YFR033C,0,1.749574,0.14419372379779816,0.7860000133514404,0.46650001406669617
YCL027C-A,YPL063W,0,1.7495434,0.14416727423667908,0.7860000133514404,0.4666000008583069
YML039W,YKL222C,0,1.7495036,0.1441408395767212,0.7860000133514404,0.4666999876499176
YDR415C,YGL122C,0,1.74928,0.1441144049167633,0.7860000133514404,0.4668000042438507
YOR002W,YLR115W,0,1.7491934,0.1440880000591278,0.7860000133514404,0.4668999910354614
YPL112C,YPL032C,0,1.7489793,0.14406158030033112,0.7860000133514404,0.46700000762939453
YER014C-A,YER130C,0,1.748941,0.1440351903438568,0.7860000133514404,0.46709999442100525
YLR073C,YCR008W,0,1.7488365,0.1440088003873825,0.7860000133514404,0.46720001101493835
YLR143W,YOR081C,0,1.74874,0.1439824104309082,0.7860000133514404,0.4672999978065491
YPL170W,YGL257C,0,1.7485259,0.1439560502767563,0.7860000133514404,0.4674000144004822
YJR090C,YCL026C-B,0,1.7482014,0.14392969012260437,0.7860000133514404,0.4675000011920929
YDR497C,YFL008W,0,1.7481599,0.14390332996845245,0.7860000133514404,0.4675999879837036
YBL045C,YOR099W,0,1.747951,0.14387698471546173,0.7860000133514404,0.4677000045776367
YIL038C,YOR378W,0,1.7478707,0.1438506543636322,0.7860000133514404,0.46779999136924744
YJR052W,YLR154W-C,0,1.7474172,0.14382433891296387,0.7860000133514404,0.46790000796318054
YCL074W,YBL080C,0,1.7473104,0.14379802346229553,0.7860000133514404,0.46799999475479126
YOR142W-B,YOL096C,0,1.7472506,0.1437717229127884,0.7860000133514404,0.46810001134872437
YDR281C,YCL012W,0,1.7470989,0.14374542236328125,0.7860000133514404,0.4681999981403351
YMR244C-A,YLR260W,0,1.7470756,0.1437191516160965,0.7860000133514404,0.4683000147342682
YOR038C,YBL099W,0,1.7469473,0.14369286596775055,0.7860000133514404,0.4684000015258789
YLR426W,YKL203C,0,1.7463951,0.143666610121727,0.7860000133514404,0.4684999883174896
YOR354C,YDL154W,1,1.7462759,0.14382310211658478,0.7870000004768372,0.4684999883174896
YMR112C,YMR104C,0,1.7462556,0.14379681646823883,0.7870000004768372,0.46860000491142273
YPR061C,YGL210W-A,0,1.7461329,0.14377054572105408,0.7870000004768372,0.46869999170303345
YER023W,YJR129C,0,1.7457032,0.14374428987503052,0.7870000004768372,0.46880000829696655
YLR324W,YLR081W,0,1.7454515,0.14371804893016815,0.7870000004768372,0.46889999508857727
YLR028C,YNR049C,1,1.7447214,0.1438743770122528,0.7879999876022339,0.46889999508857727
YNL068C,YMR034C,0,1.7445023,0.14384812116622925,0.7879999876022339,0.4690000116825104
YGR261C,YGR271C-A,0,1.7442706,0.1438218653202057,0.7879999876022339,0.4690999984741211
YPL112C,YKL025C,0,1.7437253,0.14379562437534332,0.7879999876022339,0.4691999852657318
YGL043W,YER087W,0,1.7433288,0.14376938343048096,0.7879999876022339,0.4693000018596649
YKL015W,YDR141C,0,1.74318,0.14374315738677979,0.7879999876022339,0.46939998865127563
YDR346C,YML114C,0,1.7431355,0.1437169462442398,0.7879999876022339,0.46950000524520874
YPR065W,YJL089W,0,1.7426863,0.14369073510169983,0.7879999876022339,0.46959999203681946
YML025C,YNL037C,0,1.7426374,0.14366453886032104,0.7879999876022339,0.46970000863075256
YOR272W,YJR044C,0,1.7425325,0.14363835752010345,0.7879999876022339,0.4697999954223633
YPL146C,YOL135C,0,1.7422566,0.14361217617988586,0.7879999876022339,0.4699000120162964
YGR089W,YDR346C,0,1.7420824,0.14358600974082947,0.7879999876022339,0.4699999988079071
YGR012W,YDR109C,0,1.7419801,0.14355984330177307,0.7879999876022339,0.4700999855995178
YMR260C,YOR311C,0,1.7416875,0.14353369176387787,0.7879999876022339,0.4702000021934509
YLR353W,YOL009C,0,1.7416728,0.14350755512714386,0.7879999876022339,0.47029998898506165
YCL068C,YKL155C,0,1.7416587,0.14348143339157104,0.7879999876022339,0.47040000557899475
YDR108W,YDR473C,0,1.7414322,0.14345531165599823,0.7879999876022339,0.47049999237060547
YOR324C,YOR256C,0,1.741298,0.14342918992042542,0.7879999876022339,0.4706000089645386
YKL172W,YHR214C-C,0,1.7412271,0.143403097987175,0.7879999876022339,0.4706999957561493
YBL002W,YKR055W,0,1.7412212,0.14337700605392456,0.7879999876022339,0.4708000123500824
YIL106W,YEL052W,0,1.7407017,0.14335091412067413,0.7879999876022339,0.4708999991416931
YHL018W,YOR327C,0,1.7403626,0.1433248519897461,0.7879999876022339,0.47099998593330383
YNL221C,YPR046W,0,1.7402401,0.14329877495765686,0.7879999876022339,0.47110000252723694
YHR080C,YKL113C,0,1.7402203,0.14327272772789001,0.7879999876022339,0.47119998931884766
YGR010W,YOL010W,0,1.740068,0.14324668049812317,0.7879999876022339,0.47130000591278076
YDR200C,YDR280W,0,1.7394588,0.14322064816951752,0.7879999876022339,0.4713999927043915
YLR239C,YOL107W,0,1.739258,0.14319461584091187,0.7879999876022339,0.4715000092983246
YKR079C,YBR234C,0,1.7390058,0.1431685984134674,0.7879999876022339,0.4715999960899353
YPL228W,YEL062W,0,1.7389848,0.14314259588718414,0.7879999876022339,0.4717000126838684
YCR023C,YCR011C,0,1.7388079,0.14311659336090088,0.7879999876022339,0.4717999994754791
YER138C,YPR018W,0,1.7388012,0.1430906057357788,0.7879999876022339,0.47189998626708984
YGR161C-D,YDR485C,0,1.7387631,0.14306463301181793,0.7879999876022339,0.47200000286102295
YIL128W,YML011C,0,1.7385466,0.14303866028785706,0.7879999876022339,0.47209998965263367
YLR028C,YLR272C,1,1.7385437,0.14319419860839844,0.7889999747276306,0.47209998965263367
YEL003W,YDR131C,0,1.7382989,0.14316821098327637,0.7889999747276306,0.4722000062465668
YLR278C,YKL096W,0,1.7382476,0.1431422382593155,0.7889999747276306,0.4722999930381775
YDR160W,YJL104W,0,1.7381716,0.14311626553535461,0.7889999747276306,0.4724000096321106
YOL103W-A,YGR264C,0,1.7381241,0.14309032261371613,0.7889999747276306,0.4724999964237213
YFL003C,YLR248W,1,1.7377279,0.14324569702148438,0.7900000214576721,0.4724999964237213
YLR404W,YDL147W,0,1.7376089,0.1432197242975235,0.7900000214576721,0.4726000130176544
YNL088W,YDR439W,1,1.737442,0.14337502419948578,0.7910000085830688,0.4726000130176544
YPL223C,YGR211W,0,1.7372246,0.1433490365743637,0.7910000085830688,0.47269999980926514
YNL118C,YHR187W,0,1.7371705,0.14332306385040283,0.7910000085830688,0.47279998660087585
YLR399C,YNL102W,1,1.7369118,0.14347825944423676,0.7919999957084656,0.47279998660087585
YOR049C,YFR030W,0,1.7367134,0.14345227181911469,0.7919999957084656,0.47290000319480896
YOR340C,YML047C,0,1.7367034,0.1434262990951538,0.7919999957084656,0.4729999899864197
YLR429W,YKR078W,0,1.7365899,0.14340032637119293,0.7919999957084656,0.4731000065803528
YAL014C,YLL016W,0,1.7364323,0.14337436854839325,0.7919999957084656,0.4731999933719635
YGR231C,YKL155C,0,1.7364252,0.14334841072559357,0.7919999957084656,0.4733000099658966
YER179W,YJL018W,1,1.7363842,0.14350344240665436,0.7929999828338623,0.4733000099658966
YDL020C,YDR261C-D,0,1.7360251,0.14347746968269348,0.7929999828338623,0.4733999967575073
YBR146W,YFR053C,0,1.7359109,0.143451526761055,0.7929999828338623,0.47350001335144043
YNR073C,YCR036W,0,1.7356124,0.1434255689382553,0.7929999828338623,0.47360000014305115
YOR176W,YOR327C,0,1.7353792,0.14339964091777802,0.7929999828338623,0.47369998693466187
YOL122C,YDL092W,0,1.7352004,0.14337371289730072,0.7929999828338623,0.47380000352859497
YGL046W,YDR322C-A,0,1.7350361,0.14334779977798462,0.7929999828338623,0.4738999903202057
YNL163C,YGR239C,0,1.7346249,0.14332188665866852,0.7929999828338623,0.4740000069141388
YJR120W,YGL012W,0,1.7344828,0.1432959884405136,0.7929999828338623,0.4740999937057495
YBL036C,YOR334W,0,1.7344756,0.1432701051235199,0.7929999828338623,0.4742000102996826
YIR007W,YEL001C,0,1.7343206,0.14324422180652618,0.7929999828338623,0.47429999709129333
YDR261C,YDR186C,0,1.7335,0.14321835339069366,0.7929999828338623,0.47440001368522644
YHR057C,YPR091C,0,1.7333567,0.14319248497486115,0.7929999828338623,0.47450000047683716
YCL005W-A,YKL176C,0,1.7331672,0.14316663146018982,0.7929999828338623,0.4745999872684479
YJL010C,YKL090W,0,1.7330184,0.1431407928466797,0.7929999828338623,0.474700003862381
YER183C,YJL176C,0,1.7329695,0.14311495423316956,0.7929999828338623,0.4747999906539917
YKL069W,YJR113C,0,1.7325096,0.14308913052082062,0.7929999828338623,0.4749000072479248
YNR063W,YMR153W,0,1.732101,0.14306332170963287,0.7929999828338623,0.4749999940395355
YFL016C,YKL099C,0,1.7319281,0.14303751289844513,0.7929999828338623,0.47510001063346863
YPR001W,YLR077W,0,1.7316592,0.14301171898841858,0.7929999828338623,0.47519999742507935
YML008C,YLR154W-C,0,1.7315054,0.14298593997955322,0.7929999828338623,0.47530001401901245
YGL192W,YCR083W,0,1.7310858,0.14296016097068787,0.7929999828338623,0.47540000081062317
YKL082C,YPL108W,0,1.7310202,0.1429343968629837,0.7929999828338623,0.4754999876022339
YLR223C,YER190W,0,1.7307365,0.14290863275527954,0.7929999828338623,0.475600004196167
YHR045W,YKR098C,0,1.7307131,0.14288288354873657,0.7929999828338623,0.4756999909877777
YOL095C,YLR391W,0,1.7307045,0.1428571492433548,0.7929999828338623,0.4758000075817108
YKR054C,YGL238W,0,1.7306762,0.14283141493797302,0.7929999828338623,0.47589999437332153
YCL060C,YLR342W,0,1.7304826,0.14280569553375244,0.7929999828338623,0.47600001096725464
YGR034W,YPR022C,0,1.7304044,0.14277997612953186,0.7929999828338623,0.47609999775886536
YBR103W,YGR108W,1,1.7303731,0.14293429255485535,0.7940000295639038,0.47609999775886536
YJL206C,YDR002W,0,1.7302091,0.14290857315063477,0.7940000295639038,0.47620001435279846
YCR080W,YDR337W,0,1.7299824,0.14288285374641418,0.7940000295639038,0.4763000011444092
YPR125W,YIL083C,0,1.7299457,0.1428571492433548,0.7940000295639038,0.4763999879360199
YJL034W,YLR102C,0,1.729569,0.1428314447402954,0.7940000295639038,0.476500004529953
YOR138C,YOR089C,0,1.7294288,0.14280575513839722,0.7940000295639038,0.4765999913215637
YBR052C,YBR090C-A,0,1.7293978,0.14278008043766022,0.7940000295639038,0.4767000079154968
YGL028C,YHR057C,0,1.7293117,0.14275440573692322,0.7940000295639038,0.47679999470710754
YOL026C,YML092C,0,1.7293098,0.1427287459373474,0.7940000295639038,0.47690001130104065
YHR210C,YGL116W,0,1.729301,0.1427030861377716,0.7940000295639038,0.47699999809265137
YDL049C,YLR268W,0,1.7292757,0.142677441239357,0.7940000295639038,0.4771000146865845
YCR048W,YJR088C,0,1.7292128,0.14265181124210358,0.7940000295639038,0.4772000014781952
YOR262W,YCL019W,0,1.7291873,0.14262619614601135,0.7940000295639038,0.4772999882698059
YPL104W,YLR153C,0,1.728708,0.14260058104991913,0.7940000295639038,0.477400004863739
YGR060W,YHR024C,0,1.7286782,0.1425749659538269,0.7940000295639038,0.47749999165534973
YKL200C,YGL198W,0,1.7285545,0.14254936575889587,0.7940000295639038,0.47760000824928284
YDR214W,YKL012W,0,1.7283509,0.14252378046512604,0.7940000295639038,0.47769999504089355
YJR054W,YJL128C,0,1.7275584,0.1424982100725174,0.7940000295639038,0.47780001163482666
YJR077C,YML029W,0,1.727236,0.14247263967990875,0.7940000295639038,0.4778999984264374
YMR025W,YGR209C,0,1.7271948,0.1424470692873001,0.7940000295639038,0.4779999852180481
YML030W,YOR312C,0,1.7268817,0.14242152869701385,0.7940000295639038,0.4781000018119812
YER137C-A,YLR424W,0,1.7266705,0.1423959881067276,0.7940000295639038,0.4781999886035919
YLR353W,YGR276C,0,1.7262919,0.14237044751644135,0.7940000295639038,0.478300005197525
YPL043W,YIL050W,0,1.7260902,0.14234492182731628,0.7940000295639038,0.47839999198913574
YGR068C,YDR406W,0,1.7258978,0.14231941103935242,0.7940000295639038,0.47850000858306885
YMR156C,YDR434W,0,1.7258286,0.14229390025138855,0.7940000295639038,0.47859999537467957
YDR497C,YLR155C,0,1.7257729,0.14226840436458588,0.7940000295639038,0.47870001196861267
YLR190W,YKL095W,0,1.7257295,0.1422429233789444,0.7940000295639038,0.4787999987602234
YOR222W,YGL210W-A,0,1.7255499,0.14221744239330292,0.7940000295639038,0.4788999855518341
YPL036W,YOR130C,0,1.7248988,0.14219197630882263,0.7940000295639038,0.4790000021457672
YPL078C,YNR002C,0,1.7248056,0.14216651022434235,0.7940000295639038,0.47909998893737793
YDR208W,YNL056W,0,1.7247992,0.14214107394218445,0.7940000295639038,0.47920000553131104
YMR052W,YPL170W,0,1.724767,0.14211562275886536,0.7940000295639038,0.47929999232292175
YDR151C,YIL075C,0,1.7247643,0.14209018647670746,0.7940000295639038,0.47940000891685486
YLR102C,YDR034C-D,0,1.7244804,0.14206476509571075,0.7940000295639038,0.4794999957084656
YNL047C,YOR027W,0,1.7243624,0.14203935861587524,0.7940000295639038,0.4796000123023987
YML030W,YEL004W,0,1.7243614,0.14201395213603973,0.7940000295639038,0.4796999990940094
YNR030W,YDL211C,0,1.7242393,0.14198856055736542,0.7940000295639038,0.4797999858856201
YKL166C,YLL032C,0,1.7239957,0.1419631689786911,0.7940000295639038,0.4799000024795532
YNL265C,YDR476C,0,1.7239919,0.14193779230117798,0.7940000295639038,0.47999998927116394
YDL039C,YML071C,0,1.7238657,0.14191241562366486,0.7940000295639038,0.48010000586509705
YDR444W,YFR028C,0,1.7236929,0.14188706874847412,0.7940000295639038,0.48019999265670776
YNL044W,YKL171W,0,1.7236445,0.1418617069721222,0.7940000295639038,0.48030000925064087
YHR204W,YDL201W,0,1.7236407,0.14183637499809265,0.7940000295639038,0.4803999960422516
YOL041C,YPL108W,0,1.7235134,0.1418110430240631,0.7940000295639038,0.4805000126361847
YDR470C,YMR146C,0,1.7234471,0.14178571105003357,0.7940000295639038,0.4805999994277954
YGR285C,YCR044C,0,1.7228577,0.14176039397716522,0.7940000295639038,0.48069998621940613
YMR089C,YOL146W,0,1.7226636,0.14173509180545807,0.7940000295639038,0.48080000281333923
YIL020C,YIL096C,0,1.7221899,0.1417098045349121,0.7940000295639038,0.48089998960494995
YGL085W,YPR075C,0,1.722126,0.14168451726436615,0.7940000295639038,0.48100000619888306
YLR132C,YLL048C,0,1.7217999,0.1416592299938202,0.7940000295639038,0.4810999929904938
YER041W,YFL035C-B,0,1.7217071,0.14163395762443542,0.7940000295639038,0.4812000095844269
YDL155W,YBR234C,0,1.7216609,0.14160870015621185,0.7940000295639038,0.4812999963760376
YBR114W,YOR299W,0,1.7213073,0.14158345758914948,0.7940000295639038,0.4814000129699707
YJL187C,YOR230W,1,1.7212822,0.1417364925146103,0.7950000166893005,0.4814000129699707
YDR394W,YJR112W,0,1.7212505,0.14171123504638672,0.7950000166893005,0.4814999997615814
YOL054W,YGL139W,0,1.72121,0.14168597757816315,0.7950000166893005,0.48159998655319214
YDL149W,YPL113C,0,1.720731,0.14166072010993958,0.7950000166893005,0.48170000314712524
YDL078C,YHR030C,0,1.7207122,0.1416354924440384,0.7950000166893005,0.48179998993873596
YOR317W,YJL085W,0,1.7204881,0.1416102647781372,0.7950000166893005,0.48190000653266907
YOR343W-B,YNR056C,0,1.7203734,0.14158503711223602,0.7950000166893005,0.4819999933242798
YGR038W,YCR034W,0,1.7203443,0.14155982434749603,0.7950000166893005,0.4821000099182129
YFL054C,YMR271C,0,1.719836,0.14153462648391724,0.7950000166893005,0.4821999967098236
YCR066W,YDR081C,0,1.719799,0.14150942862033844,0.7950000166893005,0.4823000133037567
YKL006C-A,YIL156W,0,1.7195675,0.14148424565792084,0.7950000166893005,0.48240000009536743
YGR249W,YNL305C,0,1.7195411,0.14145907759666443,0.7950000166893005,0.48249998688697815
YAL033W,YKL132C,0,1.7193487,0.14143390953540802,0.7950000166893005,0.48260000348091125
YJR102C,YLR449W,0,1.7189977,0.1414087563753128,0.7950000166893005,0.482699990272522
YPL112C,YOR049C,0,1.7189238,0.1413836032152176,0.7950000166893005,0.4828000068664551
YLR073C,YBL098W,0,1.7187827,0.14135846495628357,0.7950000166893005,0.4828999936580658
YGL183C,YGR108W,1,1.7184875,0.14151111245155334,0.7960000038146973,0.4828999936580658
YNL110C,YOR247W,0,1.7184584,0.14148595929145813,0.7960000038146973,0.4830000102519989
YOL113W,YAR009C,0,1.7184527,0.1414608210325241,0.7960000038146973,0.4830999970436096
YER146W,YDL156W,0,1.7183478,0.1414356827735901,0.7960000038146973,0.4832000136375427
YJL174W,YHR168W,0,1.7178764,0.14141055941581726,0.7960000038146973,0.48330000042915344
YGR038W,YHR122W,0,1.7178278,0.14138543605804443,0.7960000038146973,0.48339998722076416
YJR150C,YMR203W,0,1.7176969,0.1413603276014328,0.7960000038146973,0.48350000381469727
YPL010W,YOR197W,0,1.717619,0.14133523404598236,0.7960000038146973,0.483599990606308
YML039W,YGL233W,0,1.7174947,0.14131014049053192,0.7960000038146973,0.4837000072002411
YBR191W,YGL098W,0,1.7172916,0.14128506183624268,0.7960000038146973,0.4837999939918518
YLR034C,YBR008C,0,1.7172706,0.14125998318195343,0.7960000038146973,0.4839000105857849
YBL051C,YJL010C,0,1.7172327,0.14123491942882538,0.7960000038146973,0.48399999737739563
YGR013W,YAL051W,0,1.7168128,0.14120987057685852,0.7960000038146973,0.48410001397132874
YDL020C,YHR007C,0,1.7167506,0.14118482172489166,0.7960000038146973,0.48420000076293945
YCR073C,YGR161W-B,0,1.7163911,0.1411597728729248,0.7960000038146973,0.48429998755455017
YBR039W,YJL057C,0,1.7161779,0.14113475382328033,0.7960000038146973,0.4844000041484833
YIL042C,YOR147W,0,1.7160625,0.14110973477363586,0.7960000038146973,0.484499990940094
YNL254C,YNL138W-A,0,1.716053,0.1410847157239914,0.7960000038146973,0.4846000075340271
YGR133W,YLR256W-A,0,1.7159123,0.1410597264766693,0.7960000038146973,0.4846999943256378
YDL111C,YLR417W,0,1.715831,0.14103472232818604,0.7960000038146973,0.4848000109195709
YNL284C-B,YDR427W,0,1.715738,0.14100974798202515,0.7960000038146973,0.48489999771118164
YBR034C,YGR027W-A,0,1.7156947,0.14098477363586426,0.7960000038146973,0.48500001430511475
YDR405W,YML123C,0,1.7156148,0.14095979928970337,0.7960000038146973,0.48510000109672546
YPL117C,YMR118C,0,1.7150333,0.14093483984470367,0.7960000038146973,0.4851999878883362
YPL212C,YPR175W,0,1.714715,0.14090989530086517,0.7960000038146973,0.4853000044822693
YLR028C,YLR341W,1,1.7141888,0.1410619467496872,0.796999990940094,0.4853000044822693
YPR075C,YOL129W,0,1.714134,0.1410369873046875,0.796999990940094,0.48539999127388
YKR031C,YLR263W,1,1.7134933,0.14118896424770355,0.7979999780654907,0.48539999127388
YKL060C,YKR103W,0,1.7131767,0.14116398990154266,0.7979999780654907,0.4855000078678131
YKR081C,YDR200C,0,1.7131214,0.14113901555538177,0.7979999780654907,0.48559999465942383
YOR142W-B,YBR169C,0,1.712996,0.14111405611038208,0.7979999780654907,0.48570001125335693
YFL035C-A,YIL157C,0,1.7127836,0.14108911156654358,0.7979999780654907,0.48579999804496765
YKL152C,YDR218C,0,1.7127006,0.14106416702270508,0.7979999780654907,0.48590001463890076
YFL002W-B,YOR363C,0,1.7126043,0.14103923738002777,0.7979999780654907,0.4860000014305115
YER162C,YMR268W-A,0,1.7125986,0.14101430773735046,0.7979999780654907,0.4860999882221222
YJR017C,YCR003W,0,1.712441,0.14098939299583435,0.7979999780654907,0.4862000048160553
YJR063W,YDR137W,0,1.7115383,0.14096449315547943,0.7979999780654907,0.486299991607666
YDL198C,YDR541C,0,1.711482,0.1409395933151245,0.7979999780654907,0.4864000082015991
YPR149W,YDR110W,0,1.7114303,0.1409147083759308,0.7979999780654907,0.48649999499320984
YCL062W,YFL062W,0,1.7114112,0.14088982343673706,0.7979999780654907,0.48660001158714294
YNL142W,YMR173W,0,1.7113814,0.14086495339870453,0.7979999780654907,0.48669999837875366
YGR280C,YPL253C,0,1.7112441,0.1408400982618332,0.7979999780654907,0.4867999851703644
YDR144C,YJR099W,0,1.7110817,0.14081524312496185,0.7979999780654907,0.4869000017642975
YHR039C,YOL132W,1,1.7110298,0.14096683263778687,0.7990000247955322,0.4869000017642975
YOL086W-A,YLR002C,0,1.7108047,0.14094196259975433,0.7990000247955322,0.4869999885559082
YHR032W,YMR105C,0,1.7107689,0.140917107462883,0.7990000247955322,0.4871000051498413
YOL112W,YDL106C,0,1.7105303,0.14089225232601166,0.7990000247955322,0.487199991941452
YOR142W-A,YOR027W,0,1.7102106,0.1408674120903015,0.7990000247955322,0.48730000853538513
YLR216C,YHR045W,0,1.7101498,0.14084258675575256,0.7990000247955322,0.48739999532699585
YER169W,YMR274C,0,1.7101221,0.1408177614212036,0.7990000247955322,0.48750001192092896
YER101C,YFL035C-B,0,1.7100596,0.14079295098781586,0.7990000247955322,0.4875999987125397
YDR372C,YPL088W,0,1.7100329,0.1407681405544281,0.7990000247955322,0.4876999855041504
YGL018C,YGL048C,0,1.7100303,0.14074334502220154,0.7990000247955322,0.4878000020980835
YBL099W,YPR065W,0,1.7099698,0.14071856439113617,0.7990000247955322,0.4878999888896942
YPR091C,YCL012W,0,1.7098205,0.1406937837600708,0.7990000247955322,0.4880000054836273
YDL161W,YML023C,0,1.7095811,0.14066901803016663,0.7990000247955322,0.48809999227523804
YKL041W,YDR294C,0,1.7094855,0.14064425230026245,0.7990000247955322,0.48820000886917114
YEL020C,YPL081W,0,1.7093897,0.14061950147151947,0.7990000247955322,0.48829999566078186
YNR002C,YMR173W,0,1.7092876,0.1405947506427765,0.7990000247955322,0.48840001225471497
YOL086W-A,YNL175C,0,1.709244,0.1405700147151947,0.7990000247955322,0.4884999990463257
YCR045C,YLR333C,0,1.7090816,0.1405452936887741,0.7990000247955322,0.4885999858379364
YDL123W,YLR425W,0,1.7090521,0.14052057266235352,0.7990000247955322,0.4887000024318695
YPL011C,YCR080W,0,1.709023,0.14049586653709412,0.7990000247955322,0.4887999892234802
YPL208W,YOR295W,0,1.7090197,0.14047116041183472,0.7990000247955322,0.48890000581741333
YCR005C,YIL050W,0,1.7087481,0.1404464691877365,0.7990000247955322,0.48899999260902405
YLL008W,YPR158C-C,0,1.7087307,0.1404217928647995,0.7990000247955322,0.48910000920295715
YBR196C,YNL124W,0,1.7086382,0.1403971165418625,0.7990000247955322,0.48919999599456787
YPR066W,YOR293W,0,1.708375,0.14037245512008667,0.7990000247955322,0.489300012588501
YJL034W,YLL015W,0,1.708344,0.14034779369831085,0.7990000247955322,0.4893999993801117
YGL092W,YNL097C,0,1.7081919,0.14032314717769623,0.7990000247955322,0.4894999861717224
YDR287W,YCR036W,0,1.7080472,0.1402985006570816,0.7990000247955322,0.4896000027656555
YHL034C,YPL192C,0,1.70804,0.14027386903762817,0.7990000247955322,0.48969998955726624
YLR227W-B,YOR355W,0,1.7079909,0.14024925231933594,0.7990000247955322,0.48980000615119934
YDL055C,YKR034W,0,1.70787,0.1402246356010437,0.7990000247955322,0.48989999294281006
YFL011W-A,YHR072W-A,0,1.7078018,0.14020003378391266,0.7990000247955322,0.49000000953674316
YGR070W,YOR133W,0,1.7077568,0.14017543196678162,0.7990000247955322,0.4900999963283539
YGR185C,YGL156W,0,1.7075553,0.14015084505081177,0.7990000247955322,0.490200012922287
YDR430C,YGL073W,0,1.707516,0.1401262730360031,0.7990000247955322,0.4902999997138977
YOR142W-B,YBR019C,0,1.7074249,0.14010170102119446,0.7990000247955322,0.4903999865055084
YOL098C,YBL025W,0,1.7073982,0.140077143907547,0.7990000247955322,0.49050000309944153
YLL028W,YIR005W,0,1.7067928,0.14005258679389954,0.7990000247955322,0.49059998989105225
YKR087C,YGR010W,0,1.7067499,0.14002804458141327,0.7990000247955322,0.49070000648498535
YDR110W,YKR036C,0,1.7066638,0.140003502368927,0.7990000247955322,0.49079999327659607
YNL106C,YER040W,0,1.7062409,0.13997897505760193,0.7990000247955322,0.4909000098705292
YKR085C,YJL176C,0,1.7058268,0.13995446264743805,0.7990000247955322,0.4909999966621399
YEL036C,YHL006C,0,1.7052593,0.13992995023727417,0.7990000247955322,0.491100013256073
YLR117C,YCL020W,0,1.7050636,0.13990545272827148,0.7990000247955322,0.4912000000476837
YPR127W,YOR311C,0,1.7049129,0.1398809552192688,0.7990000247955322,0.49129998683929443
YLR292C,YCR106W,0,1.7047801,0.1398564726114273,0.7990000247955322,0.49140000343322754
YLR227W-B,YIR003W,0,1.7044654,0.13983199000358582,0.7990000247955322,0.49149999022483826
YDR210W-A,YOR291W,0,1.7044218,0.13980752229690552,0.7990000247955322,0.49160000681877136
YDL092W,YCL020W,0,1.7038426,0.1397830694913864,0.7990000247955322,0.4916999936103821
YPL200W,YDR097C,1,1.7038414,0.1399335265159607,0.800000011920929,0.4916999936103821
YBR044C,YCL029C,0,1.7037802,0.1399090588092804,0.800000011920929,0.4918000102043152
YDR291W,YNL236W,0,1.703538,0.1398845911026001,0.800000011920929,0.4918999969959259
YAR009C,YNL063W,0,1.7028387,0.139860138297081,0.800000011920929,0.492000013589859
YPL087W,YMR216C,0,1.7025793,0.13983570039272308,0.800000011920929,0.4921000003814697
YJL079C,YPL006W,0,1.702415,0.13981124758720398,0.800000011920929,0.49219998717308044
YHR030C,YER023W,0,1.702121,0.13978682458400726,0.800000011920929,0.49230000376701355
YLL016W,YDL022W,0,1.7020028,0.13976240158081055,0.800000011920929,0.49239999055862427
YGR288W,YOR193W,0,1.7018986,0.13973799347877502,0.800000011920929,0.4925000071525574
YKL208W,YDR328C,0,1.7017956,0.1397135853767395,0.800000011920929,0.4925999939441681
YOR343W-B,YJL089W,0,1.7017233,0.13968919217586517,0.800000011920929,0.4927000105381012
YLL002W,YCR070W,0,1.7016759,0.13966479897499084,0.800000011920929,0.4927999973297119
YOR148C,YLR440C,0,1.7016361,0.1396404206752777,0.800000011920929,0.492900013923645
YPL223C,YJL179W,0,1.7013283,0.13961605727672577,0.800000011920929,0.49300000071525574
YDR470C,YJL113W,0,1.7009399,0.13959169387817383,0.800000011920929,0.49309998750686646
YIL017W,YPL139C,1,1.700907,0.13974179327487946,0.8009999990463257,0.49309998750686646
YNL116W,YMR182C,0,1.7007227,0.13971742987632751,0.8009999990463257,0.49320000410079956
YER078C,YER109C,0,1.7004962,0.13969305157661438,0.8009999990463257,0.4932999908924103
YGL038C,YPR110C,0,1.7004621,0.13966870307922363,0.8009999990463257,0.4934000074863434
YGR044C,YLR417W,0,1.7001936,0.13964435458183289,0.8009999990463257,0.4934999942779541
YBR090C-A,YKL203C,0,1.6998119,0.13962000608444214,0.8009999990463257,0.4936000108718872
YDR441C,YNR035C,0,1.6993546,0.13959567248821259,0.8009999990463257,0.4936999976634979
YIL117C,YOR343W-B,0,1.6993294,0.13957135379314423,0.8009999990463257,0.49380001425743103
YIL011W,YJL118W,0,1.699261,0.13954703509807587,0.8009999990463257,0.49390000104904175
YMR160W,YLR395C,0,1.699228,0.1395227313041687,0.8009999990463257,0.49399998784065247
YGL104C,YKL206C,0,1.6991713,0.13949842751026154,0.8009999990463257,0.49410000443458557
YJL113W,YLR050C,0,1.6990266,0.13947413861751556,0.8009999990463257,0.4941999912261963
YOR054C,YGL124C,0,1.6988902,0.1394498646259308,0.8009999990463257,0.4943000078201294
YFL017W-A,YCL019W,0,1.6988034,0.139425590634346,0.8009999990463257,0.4943999946117401
YOR026W,YKR098C,0,1.698801,0.13940131664276123,0.8009999990463257,0.4945000112056732
YLL040C,YPL027W,1,1.6984594,0.1395510733127594,0.8019999861717224,0.4945000112056732
YDR227W,YML110C,0,1.6981995,0.13952679932117462,0.8019999861717224,0.49459999799728394
YOR117W,YNL125C,0,1.6978981,0.13950252532958984,0.8019999861717224,0.49470001459121704
YHR122W,YJR036C,0,1.697875,0.13947826623916626,0.8019999861717224,0.49480000138282776
YGR005C,YER028C,0,1.6977577,0.13945400714874268,0.8019999861717224,0.4948999881744385
YGR204W,YCL060C,0,1.6976922,0.13942976295948029,0.8019999861717224,0.4950000047683716
YDR485C,YDR227W,0,1.6975927,0.1394055336713791,0.8019999861717224,0.4950999915599823
YHR005C-A,YPR022C,0,1.6973481,0.1393813043832779,0.8019999861717224,0.4952000081539154
YBL028C,YJR042W,0,1.6972876,0.1393570750951767,0.8019999861717224,0.4952999949455261
YHR063C,YDR210W,0,1.697283,0.1393328756093979,0.8019999861717224,0.49540001153945923
YGR235C,YKR100C,0,1.6971192,0.13930866122245789,0.8019999861717224,0.49549999833106995
YMR055C,YPR204W,0,1.6970482,0.13928447663784027,0.8019999861717224,0.49559998512268066
YMR284W,YDL171C,0,1.6966643,0.13926029205322266,0.8019999861717224,0.49570000171661377
YPR103W,YDR439W,1,1.6965482,0.13940972089767456,0.8029999732971191,0.49570000171661377
YER137C-A,YHL033C,0,1.6964133,0.13938552141189575,0.8029999732971191,0.4957999885082245
YLL067C,YBR146W,0,1.6964116,0.13936133682727814,0.8029999732971191,0.4959000051021576
YOL090W,YDR439W,1,1.6962981,0.13951067626476288,0.8040000200271606,0.4959000051021576
YBL002W,YOR089C,0,1.6962476,0.13948646187782288,0.8040000200271606,0.4959999918937683
YNL265C,YER006W,0,1.6961241,0.13946227729320526,0.8040000200271606,0.4961000084877014
YGR031C-A,YER098W,0,1.6959498,0.13943809270858765,0.8040000200271606,0.49619999527931213
YOR357C,YJR140C,0,1.6958911,0.13941390812397003,0.8040000200271606,0.49630001187324524
YLR249W,YIL010W,0,1.6957643,0.1393897384405136,0.8040000200271606,0.49639999866485596
YLR410W-A,YHR073W,0,1.6957169,0.1393655687570572,0.8040000200271606,0.4964999854564667
YNL264C,YCL003W,0,1.6957083,0.13934141397476196,0.8040000200271606,0.4966000020503998
YGR172C,YLR148W,0,1.6956675,0.13931727409362793,0.8040000200271606,0.4966999888420105
YMR186W,YLR113W,0,1.6953213,0.1392931342124939,0.8040000200271606,0.4968000054359436
YER183C,YPR160W,0,1.6952293,0.13926900923252106,0.8040000200271606,0.4968999922275543
YHR146W,YKL087C,0,1.695092,0.13924488425254822,0.8040000200271606,0.4970000088214874
YDR028C,YGR085C,0,1.695085,0.13922077417373657,0.8040000200271606,0.49709999561309814
YBL099W,YGR067C,0,1.6950676,0.13919667899608612,0.8040000200271606,0.49720001220703125
YGR133W,YKR075C,0,1.6950631,0.13917258381843567,0.8040000200271606,0.49729999899864197
YOR205C,YER032W,0,1.6949325,0.13914848864078522,0.8040000200271606,0.4973999857902527
YHL018W,YBR222C,0,1.6947894,0.13912442326545715,0.8040000200271606,0.4975000023841858
YIL042C,YDR034C-D,0,1.6945853,0.1391003429889679,0.8040000200271606,0.4975999891757965
YHR210C,YNL321W,0,1.6945171,0.13907627761363983,0.8040000200271606,0.4977000057697296
YNL177C,YNL024C,0,1.6944592,0.13905222713947296,0.8040000200271606,0.49779999256134033
YLL067C,YDL227C,0,1.694459,0.13902819156646729,0.8040000200271606,0.49790000915527344
YBL056W,YGL113W,0,1.6944585,0.1390041559934616,0.8040000200271606,0.49799999594688416
YNL036W,YOR377W,0,1.69432,0.13898012042045593,0.8040000200271606,0.49810001254081726
YJL113W,YGL130W,0,1.694165,0.13895609974861145,0.8040000200271606,0.498199999332428
YDL010W,YOL075C,0,1.6939564,0.13893209397792816,0.8040000200271606,0.4982999861240387
YPR158W-B,YCR089W,0,1.6939325,0.13890808820724487,0.8040000200271606,0.4984000027179718
YLR270W,YOR142W-A,0,1.6939325,0.13888409733772278,0.8040000200271606,0.4984999895095825
YNL326C,YLR034C,0,1.6939023,0.13886010646820068,0.8040000200271606,0.4986000061035156
YIL006W,YDR354W,0,1.6936121,0.13883613049983978,0.8040000200271606,0.49869999289512634
YBL009W,YGR174C,0,1.6935513,0.13881215453147888,0.8040000200271606,0.49880000948905945
YLR113W,YPR148C,0,1.6932285,0.13878819346427917,0.8040000200271606,0.49889999628067017
YLR154W-A,YMR097C,0,1.6931937,0.13876423239707947,0.8040000200271606,0.49900001287460327
YDR163W,YCL062W,0,1.6931694,0.13874028623104095,0.8040000200271606,0.499099999666214
YAL002W,YOR191W,0,1.6931581,0.13871635496616364,0.8040000200271606,0.4991999864578247
YLL016W,YOR007C,0,1.6930573,0.13869242370128632,0.8040000200271606,0.4993000030517578
YDR316W-B,YKL043W,0,1.6929748,0.1386685073375702,0.8040000200271606,0.49939998984336853
YKR046C,YDR345C,0,1.6929183,0.13864459097385406,0.8040000200271606,0.49950000643730164
YDR217C,YGL243W,0,1.6928372,0.13862068951129913,0.8040000200271606,0.49959999322891235
YFR051C,YGR046W,0,1.6927373,0.1385967880487442,0.8040000200271606,0.49970000982284546
YML038C,YIL127C,0,1.6924272,0.13857290148735046,0.8040000200271606,0.4997999966144562
YDR208W,YDR473C,0,1.6924045,0.13854902982711792,0.8040000200271606,0.4999000132083893
YBR096W,YGL113W,0,1.6923535,0.13852515816688538,0.8040000200271606,0.5
YGR161C-C,YBR169C,0,1.692322,0.13850128650665283,0.8040000200271606,0.5001000165939331
YCL005W-A,YLR391W-A,0,1.6918292,0.13847742974758148,0.8040000200271606,0.5001999735832214
YIL046W,YNL283C,0,1.691777,0.13845358788967133,0.8040000200271606,0.5002999901771545
YOR319W,YCL074W,0,1.6915162,0.13842974603176117,0.8040000200271606,0.5004000067710876
YOL038W,YJL117W,0,1.691504,0.1384059190750122,0.8040000200271606,0.5005000233650208
YGL194C,YIL017C,1,1.691257,0.13855421543121338,0.8050000071525574,0.5005000233650208
YDR131C,YGR007W,0,1.6912549,0.13853037357330322,0.8050000071525574,0.5005999803543091
YBR100W,YDR386W,1,1.6911719,0.13867859542369843,0.8059999942779541,0.5005999803543091
YLR410W-A,YDR067C,0,1.6910598,0.13865473866462708,0.8059999942779541,0.5006999969482422
YKR045C,YMR034C,0,1.6908138,0.13863089680671692,0.8059999942779541,0.5008000135421753
YML030W,YDL147W,0,1.6907144,0.13860705494880676,0.8059999942779541,0.5008999705314636
YMR268W-A,YAR033W,0,1.6903238,0.1385832130908966,0.8059999942779541,0.5009999871253967
YOR142W-A,YNL197C,0,1.6901457,0.13855940103530884,0.8059999942779541,0.5011000037193298
YPL011C,YJR082C,0,1.690094,0.13853557407855988,0.8059999942779541,0.5012000203132629
YJL113W,YDL220C,0,1.690036,0.1385117769241333,0.8059999942779541,0.5012999773025513
YKL063C,YOR187W,0,1.6899762,0.13848797976970673,0.8059999942779541,0.5013999938964844
YDR210W-A,YKL196C,0,1.6898847,0.13846418261528015,0.8059999942779541,0.5015000104904175
YLR175W,YBR020W,0,1.6896188,0.13844040036201477,0.8059999942779541,0.5016000270843506
YDR205W,YIL046W,0,1.6892788,0.1384166181087494,0.8059999942779541,0.5016999840736389
YPL065W,YNL152W,0,1.6892352,0.1383928507566452,0.8059999942779541,0.501800000667572
YOR081C,YPR114W,0,1.6891963,0.1383690983057022,0.8059999942779541,0.5019000172615051
YNL044W,YML086C,0,1.6889992,0.13834534585475922,0.8059999942779541,0.5019999742507935
YKL086W,YBL005W-A,0,1.6884613,0.13832160830497742,0.8059999942779541,0.5020999908447266
YCL016C,YBL042C,0,1.6884356,0.13829787075519562,0.8059999942779541,0.5022000074386597
YLR132C,YDL201W,0,1.68842,0.138274148106575,0.8059999942779541,0.5023000240325928
YPL049C,YKL095W,0,1.6881747,0.1382504254579544,0.8059999942779541,0.5023999810218811
YKL041W,YMR203W,0,1.687736,0.138226717710495,0.8059999942779541,0.5024999976158142
YKL033W,YGR161W-A,0,1.6876214,0.13820302486419678,0.8059999942779541,0.5026000142097473
YDR300C,YJR026W,0,1.6872306,0.13817931711673737,0.8059999942779541,0.5026999711990356
YDR151C,YML058W,0,1.6869059,0.13815563917160034,0.8059999942779541,0.5027999877929688
YLR113W,YGR052W,0,1.6868618,0.13813196122646332,0.8059999942779541,0.5029000043869019
YMR214W,YPR097W,0,1.6867077,0.1381082981824875,0.8059999942779541,0.503000020980835
YBR037C,YIL063C,0,1.6864233,0.13808463513851166,0.8059999942779541,0.5030999779701233
YCR055C,YPL215W,0,1.6863241,0.13806098699569702,0.8059999942779541,0.5031999945640564
YMR158W,YDR145W,0,1.6862123,0.13803733885288239,0.8059999942779541,0.5033000111579895
YKL184W,YFL018W-A,0,1.6861358,0.13801370561122894,0.8059999942779541,0.5034000277519226
YKR071C,YEL048C,0,1.6860151,0.1379900723695755,0.8059999942779541,0.5034999847412109
YBR141C,YAL038W,0,1.6859663,0.13796645402908325,0.8059999942779541,0.503600001335144
YMR021C,YER118C,0,1.6855314,0.137942835688591,0.8059999942779541,0.5037000179290771
YER048C,YGR268C,0,1.685498,0.13791923224925995,0.8059999942779541,0.5037999749183655
YDR316W,YPL241C,0,1.6852124,0.1378956437110901,0.8059999942779541,0.5038999915122986
YCR079W,YPR052C,0,1.6851215,0.13787205517292023,0.8059999942779541,0.5040000081062317
YKR049C,YOR194C,0,1.684758,0.13784846663475037,0.8059999942779541,0.5041000247001648
YJL034W,YEL039C,0,1.6847379,0.1378248929977417,0.8059999942779541,0.5041999816894531
YDR316W-B,YGL145W,0,1.6846464,0.13780133426189423,0.8059999942779541,0.5042999982833862
YJL206C,YNL223W,0,1.68452,0.13777777552604675,0.8059999942779541,0.5044000148773193
YDR043C,YDR365W-B,0,1.6843436,0.13775423169136047,0.8059999942779541,0.5044999718666077
YDR146C,YHR148W,0,1.6840475,0.1377306878566742,0.8059999942779541,0.5045999884605408
YJL034W,YDR345C,0,1.6837554,0.1377071589231491,0.8059999942779541,0.5047000050544739
YCR106W,YCL027C-A,0,1.6836894,0.13768362998962402,0.8059999942779541,0.504800021648407
YNL045W,YIL114C,0,1.6836693,0.13766011595726013,0.8059999942779541,0.5048999786376953
YOR156C,YKR052C,0,1.683286,0.13763661682605743,0.8059999942779541,0.5049999952316284
YDR365W-A,YPR119W,0,1.6832843,0.13761311769485474,0.8059999942779541,0.5051000118255615
YNL257C,YPL127C,0,1.6832309,0.13758961856365204,0.8059999942779541,0.5052000284194946
YBR115C,YER108C,0,1.6830392,0.13756613433361053,0.8059999942779541,0.505299985408783
YPR158C-C,YIR021W,0,1.6828518,0.13754266500473022,0.8059999942779541,0.5054000020027161
YOL066C,YIL083C,0,1.6825843,0.13751919567584991,0.8059999942779541,0.5055000185966492
YNL050C,YFL002C,0,1.6825588,0.1374957412481308,0.8059999942779541,0.5055999755859375
YBR179C,YOR340C,0,1.6825204,0.13747228682041168,0.8059999942779541,0.5056999921798706
YLR117C,YDR210W-A,0,1.6824841,0.13744884729385376,0.8059999942779541,0.5058000087738037
YBR131W,YLR117C,0,1.6824493,0.13742540776729584,0.8059999942779541,0.5059000253677368
YOR088W,YDL105W,0,1.6824105,0.1374019831418991,0.8059999942779541,0.5059999823570251
YKR096W,YFL025C,0,1.6823854,0.13737855851650238,0.8059999942779541,0.5060999989509583
YBR278W,YML033W,0,1.6823211,0.13735514879226685,0.8059999942779541,0.5062000155448914
YOR011W,YPR029C,0,1.6822736,0.1373317390680313,0.8059999942779541,0.5062999725341797
YCR018C,YKL161C,0,1.6818805,0.13730834424495697,0.8059999942779541,0.5063999891281128
YPR158W-A,YOR360C,0,1.6818573,0.13728496432304382,0.8059999942779541,0.5065000057220459
YCL045C,YDR314C,0,1.6818099,0.13726158440113068,0.8059999942779541,0.506600022315979
YHL022C,YDL029W,1,1.6818049,0.13740848004817963,0.8069999814033508,0.506600022315979
YGL079W,YHL001W,0,1.6816614,0.13738508522510529,0.8069999814033508,0.5066999793052673
YGR056W,YLR067C,0,1.6816485,0.13736170530319214,0.8069999814033508,0.5067999958992004
YPR100W,YPR158C-C,0,1.68136,0.137338325381279,0.8069999814033508,0.5069000124931335
YDR261C,YPL212C,0,1.681282,0.13731496036052704,0.8069999814033508,0.5070000290870667
YNL041C,YKL138C,0,1.6812179,0.13729159533977509,0.8069999814033508,0.507099986076355
YBR091C,YJL030W,0,1.6810935,0.13726824522018433,0.8069999814033508,0.5072000026702881
YJL018W,YMR001C,1,1.6809945,0.13741496205329895,0.8080000281333923,0.5072000026702881
YER033C,YGL145W,0,1.680794,0.137391597032547,0.8080000281333923,0.5073000192642212
YLR133W,YFR046C,0,1.680783,0.13736824691295624,0.8080000281333923,0.5073999762535095
YLR167W,YJL021C,0,1.6806166,0.13734489679336548,0.8080000281333923,0.5074999928474426
YMR273C,YDR498C,0,1.6805875,0.13732154667377472,0.8080000281333923,0.5076000094413757
YLR203C,YBR016W,0,1.6805587,0.13729821145534515,0.8080000281333923,0.5077000260353088
YMR195W,YKR045C,0,1.6803687,0.13727489113807678,0.8080000281333923,0.5077999830245972
YOR349W,YMR315W,0,1.680367,0.1372515708208084,0.8080000281333923,0.5078999996185303
YDR300C,YNL314W,0,1.6802988,0.13722826540470123,0.8080000281333923,0.5080000162124634
YIL080W,YDR513W,0,1.6802924,0.13720495998859406,0.8080000281333923,0.5080999732017517
YPR188C,YJL012C-A,0,1.6799836,0.13718166947364807,0.8080000281333923,0.5081999897956848
YDR377W,YCL043C,0,1.679888,0.1371583789587021,0.8080000281333923,0.5083000063896179
YOL082W,YPL151C,0,1.6798787,0.1371351033449173,0.8080000281333923,0.508400022983551
YPR158C-C,YBR014C,0,1.6797383,0.1371118277311325,0.8080000281333923,0.5084999799728394
YJR056C,YGR161W-B,0,1.6796734,0.1370885670185089,0.8080000281333923,0.5085999965667725
YJL160C,YCR035C,0,1.679636,0.13706530630588531,0.8080000281333923,0.5087000131607056
YDR264C,YAR071W,0,1.6795428,0.1370420604944229,0.8080000281333923,0.5088000297546387
YHL013C,YHR123W,0,1.679425,0.1370188295841217,0.8080000281333923,0.508899986743927
YJL021C,YNL287W,0,1.6793966,0.1369955986738205,0.8080000281333923,0.5090000033378601
YDL168W,YGL053W,0,1.6793838,0.1369723677635193,0.8080000281333923,0.5091000199317932
YOL011W,YOR343W-B,0,1.6792843,0.13694915175437927,0.8080000281333923,0.5091999769210815
YDL103C,YGR161W-A,0,1.6792195,0.13692595064640045,0.8080000281333923,0.5092999935150146
YGL047W,YBR008C,0,1.679199,0.13690274953842163,0.8080000281333923,0.5094000101089478
YHR216W,YDR359C,0,1.6791611,0.1368795484304428,0.8080000281333923,0.5095000267028809
YKR086W,YKR055W,0,1.679096,0.13685636222362518,0.8080000281333923,0.5095999836921692
YJR077C,YGR140W,0,1.6788778,0.13683319091796875,0.8080000281333923,0.5097000002861023
YIL043C,YGR212W,0,1.678724,0.13681001961231232,0.8080000281333923,0.5098000168800354
YOR122C,YCL019W,0,1.6784956,0.13678686320781708,0.8080000281333923,0.5098999738693237
YDR221W,YLR224W,0,1.6784718,0.13676370680332184,0.8080000281333923,0.5099999904632568
YOL070C,YPL257W-B,0,1.6784627,0.1367405652999878,0.8080000281333923,0.5101000070571899
YDR316W,YGR161W-B,0,1.6783545,0.13671742379665375,0.8080000281333923,0.510200023651123
YJR120W,YKL192C,0,1.678242,0.1366942971944809,0.8080000281333923,0.5102999806404114
YDR210C-C,YOR320C,0,1.6775115,0.13667117059230804,0.8080000281333923,0.5103999972343445
YDR034C-D,YLR131C,0,1.6775115,0.1366480588912964,0.8080000281333923,0.5105000138282776
YDR064W,YFR024C,0,1.6774528,0.13662496209144592,0.8080000281333923,0.5105999708175659
YBL058W,YGR108W,1,1.6772599,0.13677091896533966,0.8090000152587891,0.5105999708175659
YMR266W,YDR365W-B,0,1.6772087,0.136747807264328,0.8090000152587891,0.510699987411499
YHR113W,YFR051C,0,1.6768768,0.13672469556331635,0.8090000152587891,0.5108000040054321
YLR154W-A,YER041W,0,1.676431,0.1367015838623047,0.8090000152587891,0.5109000205993652
YLR105C,YLR115W,0,1.6761689,0.13667848706245422,0.8090000152587891,0.5109999775886536
YKL165C,YHR111W,0,1.6759787,0.13665540516376495,0.8090000152587891,0.5110999941825867
YDR407C,YOR215C,0,1.6759527,0.13663232326507568,0.8090000152587891,0.5112000107765198
YJL112W,YBL056W,0,1.6759224,0.1366092562675476,0.8090000152587891,0.5113000273704529
YGR067C,YBR275C,0,1.6759119,0.13658618927001953,0.8090000152587891,0.5113999843597412
YMR119W,YNL138W-A,0,1.6758633,0.13656313717365265,0.8090000152587891,0.5115000009536743
YDR261C-C,YMR035W,0,1.6758249,0.13654008507728577,0.8090000152587891,0.5116000175476074
YLR350W,YGL145W,0,1.6753578,0.13651704788208008,0.8090000152587891,0.5116999745368958
YML066C,YML052W,1,1.6751075,0.13666273653507233,0.8100000023841858,0.5116999745368958
YDL119C,YER087C-B,0,1.6750734,0.13663966953754425,0.8100000023841858,0.5117999911308289
YDL171C,YGL254W,0,1.6749616,0.13661663234233856,0.8100000023841858,0.511900007724762
YLR191W,YJR099W,0,1.6745574,0.13659359514713287,0.8100000023841858,0.5120000243186951
YDR365W-A,YMR304W,0,1.6744628,0.13657055795192719,0.8100000023841858,0.5120999813079834
YCL005W-A,YML078W,0,1.6743305,0.1365475356578827,0.8100000023841858,0.5121999979019165
YPL081W,YPR058W,0,1.6741533,0.1365245282649994,0.8100000023841858,0.5123000144958496
YFL057C,YMR322C,0,1.674099,0.1365015208721161,0.8100000023841858,0.5123999714851379
YPL078C,YJR035W,0,1.6739013,0.1364785134792328,0.8100000023841858,0.512499988079071
YKR045C,YJL139C,0,1.6737602,0.13645552098751068,0.8100000023841858,0.5126000046730042
YHR079C-A,YOR230W,1,1.6736419,0.13660097122192383,0.8109999895095825,0.5126000046730042
YGL259W,YDR314C,0,1.673543,0.13657797873020172,0.8109999895095825,0.5127000212669373
YBL112C,YML051W,0,1.6731691,0.13655497133731842,0.8109999895095825,0.5127999782562256
YHR124W,YDR098C-B,0,1.6731656,0.1365319937467575,0.8109999895095825,0.5128999948501587
YLR410W-B,YKL048C,0,1.6728196,0.1365090012550354,0.8109999895095825,0.5130000114440918
YDL117W,YGR113W,0,1.672729,0.13648603856563568,0.8109999895095825,0.5131000280380249
YPL235W,YGR027W-A,0,1.6725602,0.13646306097507477,0.8109999895095825,0.5131999850273132
YFR029W,YKL157W,0,1.6725471,0.13644011318683624,0.8109999895095825,0.5133000016212463
YHR074W,YER155C,0,1.6725106,0.13641715049743652,0.8109999895095825,0.5134000182151794
YOL054W,YPL241C,0,1.6722867,0.1363942176103592,0.8109999895095825,0.5134999752044678
YLR352W,YCL014W,0,1.6721056,0.13637128472328186,0.8109999895095825,0.5135999917984009
YDR004W,YMR190C,1,1.6720095,0.1365164816379547,0.8119999766349792,0.5135999917984009
YGR056W,YPL047W,0,1.6720021,0.1364935338497162,0.8119999766349792,0.513700008392334
YFL035C-A,YLR150W,0,1.6719563,0.13647058606147766,0.8119999766349792,0.5138000249862671
YPL099C,YER040W,0,1.6717973,0.13644765317440033,0.8119999766349792,0.5138999819755554
YIR005W,YGR109W-A,0,1.6717169,0.1364247351884842,0.8119999766349792,0.5139999985694885
YNL117W,YLR154W-A,0,1.6712873,0.13640181720256805,0.8119999766349792,0.5141000151634216
YHR132C,YDR337W,0,1.6712699,0.13637889921665192,0.8119999766349792,0.51419997215271
YAR071W,YMR274C,0,1.6712515,0.13635599613189697,0.8119999766349792,0.5142999887466431
YDL225W,YHR080C,0,1.6712155,0.13633310794830322,0.8119999766349792,0.5144000053405762
YOR241W,YGL142C,0,1.6711073,0.13631021976470947,0.8119999766349792,0.5145000219345093
YFL002W-B,YBR081C,0,1.6710467,0.13628734648227692,0.8119999766349792,0.5145999789237976
YPL189W,YIL087C,0,1.6707022,0.13626447319984436,0.8119999766349792,0.5146999955177307
YOL086W-A,YKL003C,0,1.6701193,0.136241614818573,0.8119999766349792,0.5148000121116638
YKL069W,YPL158C,0,1.6700406,0.13621875643730164,0.8119999766349792,0.5149000287055969
YLR328W,YLL054C,0,1.6699727,0.13619591295719147,0.8119999766349792,0.5149999856948853
YLR410W-A,YEL043W,0,1.669944,0.1361730694770813,0.8119999766349792,0.5151000022888184
YDL133C-A,YDR057W,0,1.6698923,0.13615024089813232,0.8119999766349792,0.5152000188827515
YMR239C,YGL186C,0,1.6695733,0.13612741231918335,0.8119999766349792,0.5152999758720398
YOR328W,YFR024C,0,1.6695664,0.13610459864139557,0.8119999766349792,0.5153999924659729
YLR399C,YLR272C,1,1.6694715,0.136249378323555,0.8130000233650208,0.5153999924659729
YLR154W-A,YMR202W,0,1.6691887,0.13622653484344482,0.8130000233650208,0.515500009059906
YDR162C,YMR210W,0,1.6691511,0.13620372116565704,0.8130000233650208,0.5156000256538391
YNL284C-B,YNL197C,0,1.6691225,0.13618090748786926,0.8130000233650208,0.5156999826431274
YNL052W,YLR157C-B,0,1.6686683,0.13615809381008148,0.8130000233650208,0.5157999992370605
YBR068C,YOR022C,0,1.6685655,0.1361352950334549,0.8130000233650208,0.5159000158309937
YIL080W,YCR068W,0,1.668376,0.1361125111579895,0.8130000233650208,0.515999972820282
YNL102W,YHR079C-B,1,1.668371,0.1362571120262146,0.8140000104904175,0.515999972820282
YLL039C,YBL058W,1,1.6677742,0.13640166819095612,0.8149999976158142,0.515999972820282
YPR008W,YKL094W,0,1.667634,0.13637885451316833,0.8149999976158142,0.5160999894142151
YDR451C,YOR368W,1,1.6676328,0.13652333617210388,0.8159999847412109,0.5160999894142151
YOR251C,YHR050W,0,1.667623,0.1365005075931549,0.8159999847412109,0.5162000060081482
YMR173W,YPR043W,0,1.6672952,0.13647767901420593,0.8159999847412109,0.5163000226020813
YER170W,YLR166C,0,1.6670542,0.13645485043525696,0.8159999847412109,0.5163999795913696
YPL255W,YGR192C,0,1.6663628,0.13643203675746918,0.8159999847412109,0.5164999961853027
YCR097WB,YDL217C,0,1.6663167,0.1364092230796814,0.8159999847412109,0.5166000127792358
YDL161W,YIL177C,0,1.6662858,0.1363864243030548,0.8159999847412109,0.516700029373169
YOR234C,YOL154W,0,1.6659753,0.13636364042758942,0.8159999847412109,0.5167999863624573
YGL043W,YPL193W,0,1.6659677,0.13634085655212402,0.8159999847412109,0.5169000029563904
YGL174W,YER063W,0,1.6658344,0.13631807267665863,0.8159999847412109,0.5170000195503235
YOR126C,YMR160W,0,1.6658084,0.13629530370235443,0.8159999847412109,0.5170999765396118
YLR314C,YER087W,0,1.6657488,0.13627254962921143,0.8159999847412109,0.5171999931335449
YBR095C,YKL061W,0,1.665508,0.13624979555606842,0.8159999847412109,0.517300009727478
YLR410W-B,YLL042C,0,1.6654468,0.13622704148292542,0.8159999847412109,0.5174000263214111
YDR210C-C,YOR118W,0,1.6653388,0.1362043023109436,0.8159999847412109,0.5174999833106995
YNR002C,YJR035W,0,1.6652303,0.13618157804012299,0.8159999847412109,0.5175999999046326
YDL103C,YOR291W,0,1.6651077,0.13615885376930237,0.8159999847412109,0.5177000164985657
YHL034C,YER142C,0,1.664983,0.13613612949848175,0.8159999847412109,0.517799973487854
YMR277W,YBL005W-A,0,1.664633,0.13611343502998352,0.8159999847412109,0.5178999900817871
YGR255C,YMR182C,0,1.6645553,0.1360907256603241,0.8159999847412109,0.5180000066757202
YDR210C-D,YDR214W,0,1.6644089,0.13606803119182587,0.8159999847412109,0.5181000232696533
YLR057W,YGR109W-A,0,1.6643872,0.13604535162448883,0.8159999847412109,0.5181999802589417
YLR410W-A,YPL179W,0,1.6642361,0.1360226720571518,0.8159999847412109,0.5182999968528748
YHR035W,YBR016W,0,1.6640801,0.13600000739097595,0.8159999847412109,0.5184000134468079
YJL140W,YBR075W,0,1.6640668,0.1359773427248001,0.8159999847412109,0.5184999704360962
YDL178W,YPR158W-A,0,1.6639116,0.13595467805862427,0.8159999847412109,0.5185999870300293
YAL029C,YDR123C,0,1.6638277,0.13593202829360962,0.8159999847412109,0.5187000036239624
YDR435C,YOL038W,0,1.6635678,0.13590939342975616,0.8159999847412109,0.5188000202178955
YDR423C,YDR338C,0,1.6633835,0.1358867585659027,0.8159999847412109,0.5188999772071838
YNL219C,YJL116C,0,1.663192,0.13586413860321045,0.8159999847412109,0.5189999938011169
YGL004C,YNL246W,0,1.6631789,0.1358415186405182,0.8159999847412109,0.51910001039505
YGL171W,YOR191W,0,1.6629968,0.13581891357898712,0.8159999847412109,0.5192000269889832
YDR221W,YOR357C,0,1.6629069,0.13579630851745605,0.8159999847412109,0.5192999839782715
YEL048C,YKL161C,0,1.6628981,0.135773703455925,0.8159999847412109,0.5194000005722046
YDR113C,YDL165W,0,1.6627622,0.1357511281967163,0.8159999847412109,0.5195000171661377
YOR297C,YOR083W,0,1.6626787,0.13572853803634644,0.8159999847412109,0.519599974155426
YLL027W,YFR031C-A,0,1.6626008,0.13570597767829895,0.8159999847412109,0.5196999907493591
YKL222C,YGL134W,0,1.6625383,0.13568340241909027,0.8159999847412109,0.5198000073432922
YKL022C,YPL043W,0,1.6624541,0.13566084206104279,0.8159999847412109,0.5199000239372253
YGL043W,YIL128W,0,1.6623797,0.1356382966041565,0.8159999847412109,0.5199999809265137
YCL064C,YGL049C,0,1.6623766,0.1356157511472702,0.8159999847412109,0.5200999975204468
YJL149W,YOR196C,0,1.6623058,0.1355932205915451,0.8159999847412109,0.5202000141143799
YML100W,YER071C,0,1.6622758,0.13557069003582,0.8159999847412109,0.5202999711036682
YPL122C,YKL209C,0,1.6621857,0.1355481743812561,0.8159999847412109,0.5203999876976013
YDL122W,YDR291W,0,1.6620371,0.1355256587266922,0.8159999847412109,0.5205000042915344
YGR215W,YGL032C,0,1.6620183,0.1355031579732895,0.8159999847412109,0.5206000208854675
YPL087W,YOR147W,0,1.6619017,0.13548065721988678,0.8159999847412109,0.5206999778747559
YMR189W,YNL122C,0,1.6616564,0.13545817136764526,0.8159999847412109,0.520799994468689
YKR099W,YBR136W,1,1.6616204,0.13560165464878082,0.8169999718666077,0.520799994468689
YCR093W,YGR167W,0,1.6615465,0.1355791538953781,0.8169999718666077,0.5209000110626221
YKL097W-A,YDL217C,0,1.6615465,0.1355566680431366,0.8169999718666077,0.5210000276565552
YOR142W-B,YPL176C,0,1.6615396,0.1355341672897339,0.8169999718666077,0.5210999846458435
YGR068C,YOR002W,0,1.6614285,0.13551169633865356,0.8169999718666077,0.5212000012397766
YHL012W,YOR284W,0,1.6613767,0.13548922538757324,0.8169999718666077,0.5213000178337097
YJR086W,YNL053W,0,1.6612699,0.13546675443649292,0.8169999718666077,0.521399974822998
YGL046W,YGR296W,0,1.661262,0.1354442983865738,0.8169999718666077,0.5214999914169312
YNL102W,YPL232W,1,1.6610737,0.13558760285377502,0.8180000185966492,0.5214999914169312
YNL095C,YGR195W,0,1.6608539,0.1355651319026947,0.8180000185966492,0.5216000080108643
YGR178C,YNL092W,0,1.6606288,0.13554266095161438,0.8180000185966492,0.5217000246047974
YOR292C,YGL044C,0,1.6604939,0.13552020490169525,0.8180000185966492,0.5217999815940857
YJR056C,YML014W,0,1.6604166,0.13549776375293732,0.8180000185966492,0.5218999981880188
YOR206W,YJL166W,0,1.6603434,0.13547532260417938,0.8180000185966492,0.5220000147819519
YFR044C,YKR022C,0,1.6600232,0.13545289635658264,0.8180000185966492,0.5220999717712402
YER178W,YOR208W,0,1.6599767,0.1354304701089859,0.8180000185966492,0.5221999883651733
YER171W,YGR161C-C,0,1.659971,0.13540804386138916,0.8180000185966492,0.5223000049591064
YCR033W,YML032C,1,1.6598675,0.13555113971233368,0.8190000057220459,0.5223000049591064
YLR410W-A,YNR057C,0,1.6598482,0.13552871346473694,0.8190000057220459,0.5224000215530396
YOR307C,YGR161W-B,0,1.6595807,0.1355062872171402,0.8190000057220459,0.5224999785423279
YDR512C,YER046W,1,1.6595678,0.13564929366111755,0.8199999928474426,0.5224999785423279
YOR261C,YCR068W,0,1.6594002,0.1356268674135208,0.8199999928474426,0.522599995136261
YNR038W,YCL030C,0,1.6590908,0.13560442626476288,0.8199999928474426,0.5227000117301941
YJR014W,YAL032C,0,1.6586599,0.13558201491832733,0.8199999928474426,0.5228000283241272
YCR018C,YLL045C,0,1.6585066,0.13555960357189178,0.8199999928474426,0.5228999853134155
YPL176C,YGR161W-B,0,1.6583953,0.13553719222545624,0.8199999928474426,0.5230000019073486
YML066C,YLL039C,1,1.6582992,0.13568004965782166,0.8209999799728394,0.5230000019073486
YGL037C,YHR175W,0,1.658252,0.1356576383113861,0.8209999799728394,0.5231000185012817
YIL088C,YDR261C-D,0,1.6580627,0.13563522696495056,0.8209999799728394,0.5231999754905701
YLL039C,YER044C-A,1,1.6579664,0.13577799499034882,0.8220000267028809,0.5231999754905701
YGR031C-A,YPR199C,0,1.6577733,0.13575556874275208,0.8220000267028809,0.5232999920845032
YBR098W,YDR027C,1,1.6576998,0.13589827716350555,0.8230000138282776,0.5232999920845032
YML086C,YJL079C,0,1.6574242,0.1358758509159088,0.8230000138282776,0.5234000086784363
YLR006C,YOL041C,0,1.657408,0.13585340976715088,0.8230000138282776,0.5235000252723694
YLR132C,YKR019C,0,1.6572936,0.13583099842071533,0.8230000138282776,0.5235999822616577
YKL073W,YPL013C,0,1.6571224,0.13580858707427979,0.8230000138282776,0.5236999988555908
YMR296C,YDR363W,0,1.6571171,0.13578617572784424,0.8230000138282776,0.5238000154495239
YDR541C,YCR031C,0,1.6570597,0.13576377928256989,0.8230000138282776,0.5238999724388123
YDL119C,YDR137W,0,1.6570413,0.13574138283729553,0.8230000138282776,0.5239999890327454
YGR031C-A,YDR180W,0,1.6568232,0.13571900129318237,0.8230000138282776,0.5241000056266785
YMR159C,YGR083C,0,1.6568182,0.1356966197490692,0.8230000138282776,0.5242000222206116
YMR021C,YLR337C,0,1.6565709,0.13567425310611725,0.8230000138282776,0.5242999792098999
YPL128C,YMR041C,0,1.6564584,0.13565188646316528,0.8230000138282776,0.524399995803833
YBR247C,YJL028W,0,1.6564274,0.1356295347213745,0.8230000138282776,0.5245000123977661
YDL087C,YGL210W-A,0,1.6564178,0.13560718297958374,0.8230000138282776,0.5246000289916992
YOR227W,YDR284C,0,1.6563542,0.13558484613895416,0.8230000138282776,0.5246999859809875
YEL053C,YGR109W-B,0,1.6562123,0.13556250929832458,0.8230000138282776,0.5248000025749207
YGR031C-A,YNL236W,0,1.6561501,0.1355401873588562,0.8230000138282776,0.5249000191688538
YJL018W,YIL017C,1,1.6561472,0.13568252325057983,0.8240000009536743,0.5249000191688538
YKL213C,YLR058C,0,1.6559558,0.13566018640995026,0.8240000009536743,0.5249999761581421
YLR227W-B,YPL140C,0,1.6556628,0.13563786447048187,0.8240000009536743,0.5250999927520752
YCR014C,YJR027W,0,1.6555543,0.1356155425310135,0.8240000009536743,0.5252000093460083
YGR109W-A,YNL133C,0,1.6549509,0.1355932205915451,0.8240000009536743,0.5253000259399414
YLR057W,YDR079C-A,0,1.6549222,0.13557091355323792,0.8240000009536743,0.5253999829292297
YDR237W,YGL145W,0,1.6543794,0.13554860651493073,0.8240000009536743,0.5254999995231628
YCL048W,YNL088W,1,1.6543462,0.13569079339504242,0.824999988079071,0.5254999995231628
YOR343W-B,YPL179W,0,1.6540365,0.13566847145557404,0.824999988079071,0.525600016117096
YIR034C,YDR517W,0,1.6538348,0.13564616441726685,0.824999988079071,0.5256999731063843
YDR098C-B,YNL264C,0,1.6536353,0.13562387228012085,0.824999988079071,0.5257999897003174
YLL028W,YNL284C-B,0,1.653563,0.13560158014297485,0.824999988079071,0.5259000062942505
YHR158C,YLL031C,0,1.6533484,0.13557928800582886,0.824999988079071,0.5260000228881836
YLR242C,YPR075C,0,1.6531293,0.13555701076984406,0.824999988079071,0.5260999798774719
YDL049C,YKL211C,0,1.6529703,0.13553474843502045,0.824999988079071,0.526199996471405
YDL064W,YPL233W,0,1.65295,0.13551248610019684,0.824999988079071,0.5263000130653381
YJL012C-A,YGR145W,0,1.6528046,0.13549022376537323,0.824999988079071,0.5264000296592712
YGR266W,YLR157C-B,0,1.6527569,0.13546797633171082,0.824999988079071,0.5264999866485596
YKL113C,YJR073C,0,1.6524198,0.1354457437992096,0.824999988079071,0.5266000032424927
YOR088W,YMR270C,0,1.6523178,0.13542351126670837,0.824999988079071,0.5267000198364258
YLL028W,YDL055C,0,1.652312,0.13540127873420715,0.824999988079071,0.5267999768257141
YKL013C,YJL079C,0,1.6522913,0.13537906110286713,0.824999988079071,0.5268999934196472
YBR057C,YDR260C,1,1.6519768,0.13552092015743256,0.8259999752044678,0.5268999934196472
YML024W,YKL213C,0,1.6518729,0.13549868762493134,0.8259999752044678,0.5270000100135803
YGR031C-A,YHR060W,0,1.6518297,0.1354764699935913,0.8259999752044678,0.5271000266075134
YCR097WB,YBR293W,0,1.6517658,0.13545425236225128,0.8259999752044678,0.5271999835968018
YKL113C,YLR227W-A,0,1.651669,0.13543203473091125,0.8259999752044678,0.5273000001907349
YKL138C-A,YLR154W-C,0,1.651521,0.13540983200073242,0.8259999752044678,0.527400016784668
YOL027C,YPR158W-A,0,1.6511269,0.13538764417171478,0.8259999752044678,0.5274999737739563
YNL054W-A,YNL032W,0,1.6510348,0.13536545634269714,0.8259999752044678,0.5275999903678894
YGL099W,YDR104C,1,1.6508689,0.13550712168216705,0.8270000219345093,0.5275999903678894
YOR258W,YGR264C,0,1.6508195,0.13548493385314941,0.8270000219345093,0.5277000069618225
YPL164C,YMR063W,1,1.65079,0.13562653958797455,0.828000009059906,0.5277000069618225
YBR302C,YBR280C,0,1.6507056,0.13560432195663452,0.828000009059906,0.5278000235557556
YGR214W,YGL180W,0,1.6506073,0.1355821192264557,0.828000009059906,0.527899980545044
YJR005W,YGR109W-A,0,1.6505542,0.13555991649627686,0.828000009059906,0.527999997138977
YMR240C,YAL060W,0,1.650548,0.13553772866725922,0.828000009059906,0.5281000137329102
YPR124W,YER081W,0,1.6504457,0.13551554083824158,0.828000009059906,0.5281999707221985
YNL247W,YGL226W,0,1.65027,0.13549336791038513,0.828000009059906,0.5282999873161316
YKR046C,YJL083W,0,1.6502357,0.13547120988368988,0.828000009059906,0.5284000039100647
YLR350W,YLR340W,0,1.6501954,0.13544903695583344,0.828000009059906,0.5285000205039978
YPL218W,YIL096C,0,1.6501727,0.13542689383029938,0.828000009059906,0.5285999774932861
YDR171W,YHR111W,0,1.6501276,0.13540473580360413,0.828000009059906,0.5286999940872192
YGR031C-A,YKL078W,0,1.6500444,0.13538260757923126,0.828000009059906,0.5288000106811523
YKL006W,YGL243W,0,1.64995,0.1353604644536972,0.828000009059906,0.5289000272750854
YBR235W,YLR227W-A,0,1.6497841,0.13533835113048553,0.828000009059906,0.5289999842643738
YGR038C-B,YGL093W,0,1.64976,0.13531622290611267,0.828000009059906,0.5291000008583069
YNL272C,YPL274W,0,1.6497467,0.1352941244840622,0.828000009059906,0.52920001745224
YDR210C-D,YGL049C,0,1.6497304,0.13527201116085052,0.828000009059906,0.5292999744415283
YPL134C,YKL141W,0,1.6494455,0.13524991273880005,0.828000009059906,0.5293999910354614
YGR031C-A,YGR280C,0,1.6494348,0.13522782921791077,0.828000009059906,0.5295000076293945
YKL184W,YMR089C,0,1.6492336,0.13520574569702148,0.828000009059906,0.5296000242233276
YBR010W,YFR052W,0,1.6492074,0.1351836770772934,0.828000009059906,0.529699981212616
YDR261C-C,YBR272C,0,1.6491096,0.1351616084575653,0.828000009059906,0.5297999978065491
YOL062C,YDL227C,0,1.6490588,0.13513953983783722,0.828000009059906,0.5299000144004822
YER160C,YPL237W,0,1.6483507,0.13511748611927032,0.828000009059906,0.5299999713897705
YNR012W,YER032W,0,1.6483309,0.13509544730186462,0.828000009059906,0.5300999879837036
YJL133C-A,YOR153W,0,1.6479104,0.13507340848445892,0.828000009059906,0.5302000045776367
YER053C-A,YHR047C,0,1.6479104,0.13505138456821442,0.828000009059906,0.5303000211715698
YGL044C,YML045W-A,0,1.6479104,0.1350293606519699,0.828000009059906,0.5303999781608582
YCR079W,YDR524C-B,0,1.6479104,0.1350073367357254,0.828000009059906,0.5304999947547913
YKL018W,YOR343C-A,0,1.6479104,0.1349853277206421,0.828000009059906,0.5306000113487244
YJL133C-A,YER119C,0,1.6479104,0.13496331870555878,0.828000009059906,0.5307000279426575
YPL113C,YLR391W,0,1.6479104,0.13494132459163666,0.828000009059906,0.5307999849319458
YOR343C-A,YPR007C,0,1.6479104,0.13491934537887573,0.828000009059906,0.5309000015258789
YER137C-A,YJL021C,0,1.6479104,0.1348973661661148,0.828000009059906,0.531000018119812
YBL008W-A,YJL145W,0,1.6479104,0.13487538695335388,0.828000009059906,0.5310999751091003
YIL168W,YFR024C,0,1.6479104,0.13485342264175415,0.828000009059906,0.5311999917030334
YNR012W,YNL024C-A,0,1.6479104,0.13483145833015442,0.828000009059906,0.5313000082969666
YKL138C-A,YMR034C,0,1.6479104,0.13480950891971588,0.828000009059906,0.5314000248908997
YNL024C-A,YAL042W,0,1.6479104,0.13478755950927734,0.828000009059906,0.531499981880188
YBL008W-A,YER093C,0,1.6479104,0.134765625,0.828000009059906,0.5315999984741211
YBL101W-B,YDR246W,0,1.6479104,0.13474369049072266,0.828000009059906,0.5317000150680542
YJL133C-A,YGL226C-A,0,1.6479104,0.1347217708826065,0.828000009059906,0.5317999720573425
YDR381C-A,YDR480W,0,1.6479104,0.13469985127449036,0.828000009059906,0.5318999886512756
YBR200W-A,YPR110C,0,1.6479104,0.1346779465675354,0.828000009059906,0.5320000052452087
YBL008W-A,YKL099C,0,1.6479104,0.13465604186058044,0.828000009059906,0.5321000218391418
YOR088W,YDR365W-B,0,1.6479104,0.13463415205478668,0.828000009059906,0.5321999788284302
YOR343W-B,YOL158C,0,1.6479104,0.13461226224899292,0.828000009059906,0.5322999954223633
YNL229C,YLR157C-A,0,1.6479104,0.13459037244319916,0.828000009059906,0.5324000120162964
YJR047C,YDR210W-C,0,1.6479104,0.1345684975385666,0.828000009059906,0.5325000286102295
YDR316W-B,YER015W,0,1.6479104,0.13454663753509521,0.828000009059906,0.5325999855995178
YOL086W-A,YCR016W,0,1.6479104,0.13452477753162384,0.828000009059906,0.5327000021934509
YDR381C-A,YLL015W,0,1.6479104,0.13450291752815247,0.828000009059906,0.532800018787384
YGL006W,YBL029C-A,0,1.6479104,0.13448107242584229,0.828000009059906,0.5328999757766724
YBR302C,YBL008W-A,0,1.6479104,0.1344592422246933,0.828000009059906,0.5329999923706055
YDR210W-C,YIL046W,0,1.6479104,0.1344374120235443,0.828000009059906,0.5331000089645386
YCR058C,YMR087W,0,1.6479104,0.13441558182239532,0.828000009059906,0.5332000255584717
YOL011W,YBL029C-A,0,1.6479104,0.13439376652240753,0.828000009059906,0.53329998254776
YFL054C,YKR099C-A,0,1.6479104,0.13437195122241974,0.828000009059906,0.5333999991416931
YPR011C,YML045W-A,0,1.6479104,0.13435015082359314,0.828000009059906,0.5335000157356262
YMR268W-A,YJL206C,0,1.6479104,0.13432836532592773,0.828000009059906,0.5335999727249146
YMR020W,YHL009W-A,0,1.6479104,0.13430656492710114,0.828000009059906,0.5336999893188477
YHL020C,YLR157C-A,0,1.6479104,0.13428479433059692,0.828000009059906,0.5338000059127808
YML039W,YCR070W,0,1.6479104,0.13426300883293152,0.828000009059906,0.5339000225067139
YNL014W,YBL029C-A,0,1.6479104,0.1342412382364273,0.828000009059906,0.5339999794960022
YBL008W-A,YJR147W,0,1.6479104,0.1342194825410843,0.828000009059906,0.5340999960899353
YDL054C,YDR014W-A,0,1.6479104,0.13419772684574127,0.828000009059906,0.5342000126838684
YOR343C-A,YJR044C,0,1.6479104,0.13417598605155945,0.828000009059906,0.5343000292778015
YJL133C-A,YDR164C,0,1.6479104,0.13415424525737762,0.828000009059906,0.5343999862670898
YPR052C,YNL284C-A,0,1.6479104,0.134132519364357,0.828000009059906,0.534500002861023
YCL062W,YPL150W,0,1.6479104,0.13411079347133636,0.828000009059906,0.534600019454956
YOR343C-B,YPL273W,0,1.6479104,0.13408906757831573,0.828000009059906,0.5346999764442444
YKR057W,YNL024C-A,0,1.6479104,0.1340673565864563,0.828000009059906,0.5347999930381775
YFL035C-B,YFL066C,0,1.6479104,0.13404566049575806,0.828000009059906,0.5349000096321106
YMR039C,YNL024C-A,0,1.6479104,0.13402394950389862,0.828000009059906,0.5350000262260437
YDR381C-A,YDR017C,0,1.6479104,0.13400226831436157,0.828000009059906,0.535099983215332
YLR154W-A,YBL100W-B,0,1.6479104,0.13398058712482452,0.828000009059906,0.5351999998092651
YGL046W,YPR114W,0,1.6479104,0.13395890593528748,0.828000009059906,0.5353000164031982
YHR066W,YOR343C-A,0,1.6479104,0.13393723964691162,0.828000009059906,0.5353999733924866
YER053C-A,YMR091C,0,1.6479104,0.13391557335853577,0.828000009059906,0.5354999899864197
YER053C-A,YDR245W,0,1.6479104,0.1338939219713211,0.828000009059906,0.5356000065803528
YBR200W-A,YNL172W,0,1.6479104,0.13387227058410645,0.828000009059906,0.5357000231742859
YDR210W-C,YDL174C,0,1.6479104,0.13385063409805298,0.828000009059906,0.5357999801635742
YPR003C,YDR079C-A,0,1.6479104,0.1338289976119995,0.828000009059906,0.5358999967575073
YBR200W-A,YKL025C,0,1.6479104,0.13380737602710724,0.828000009059906,0.5360000133514404
YFR018C,YML033W,0,1.6479104,0.13378575444221497,0.828000009059906,0.5360999703407288
YNL284C-A,YHL006C,0,1.6479104,0.1337641328573227,0.828000009059906,0.5361999869346619
YBR200W-A,YBR153W,0,1.6479104,0.1337425261735916,0.828000009059906,0.536300003528595
YJL133C-A,YJL127C,0,1.6479104,0.13372093439102173,0.828000009059906,0.5364000201225281
YNL093W,YOR343C-A,0,1.6479104,0.13369934260845184,0.828000009059906,0.5364999771118164
YOL062C,YHL009W-A,0,1.6479104,0.13367775082588196,0.828000009059906,0.5365999937057495
YOR343C-B,YIL083C,0,1.6479104,0.13365617394447327,0.828000009059906,0.5367000102996826
YBR200W-A,YHR110W,0,1.6479104,0.13363459706306458,0.828000009059906,0.5368000268936157
YDR444W,YDR014W-A,0,1.6479104,0.13361303508281708,0.828000009059906,0.536899983882904
YDR381C-A,YGL240W,0,1.6479104,0.13359148800373077,0.828000009059906,0.5370000004768372
YBR128C,YDR014W-A,0,1.6479104,0.13356992602348328,0.828000009059906,0.5371000170707703
YER053C-A,YKL074C,0,1.6479104,0.13354839384555817,0.828000009059906,0.5371999740600586
YDR381C-A,YOL075C,0,1.6479104,0.13352684676647186,0.828000009059906,0.5372999906539917
YHR005C-A,YOR343C-A,0,1.6479104,0.13350531458854675,0.828000009059906,0.5374000072479248
YER053C-A,YGR268C,0,1.6479104,0.13348379731178284,0.828000009059906,0.5375000238418579
YER053C-A,YDR292C,0,1.6479104,0.13346228003501892,0.828000009059906,0.5375999808311462
YNR039C,YML045W-A,0,1.6479104,0.1334407776594162,0.828000009059906,0.5376999974250793
YDR210C-C,YCR021C,0,1.6479104,0.13341927528381348,0.828000009059906,0.5378000140190125
YDR381C-A,YGL216W,0,1.6479104,0.13339777290821075,0.828000009059906,0.5378999710083008
YBL101W-B,YKL026C,0,1.6479104,0.13337628543376923,0.828000009059906,0.5379999876022339
YDR381C-A,YOR095C,0,1.6479104,0.1333548128604889,0.828000009059906,0.538100004196167
YDR210C-D,YCR093W,0,1.6479104,0.13333334028720856,0.828000009059906,0.5382000207901001
YDR014W-A,YHR123W,0,1.6479104,0.13331186771392822,0.828000009059906,0.5382999777793884
YER053C-A,YOL051W,0,1.6479104,0.13329041004180908,0.828000009059906,0.5383999943733215
YER137C-A,YCL062W,0,1.6479104,0.13326895236968994,0.828000009059906,0.5385000109672546
YOR343C-A,YML016C,0,1.6479104,0.133247509598732,0.828000009059906,0.5386000275611877
YJL133C-A,YOL102C,0,1.6479104,0.13322606682777405,0.828000009059906,0.5386999845504761
YDR014W-A,YOR261C,0,1.6479104,0.1332046389579773,0.828000009059906,0.5388000011444092
YHL009W-A,YJL093C,0,1.6479104,0.13318321108818054,0.828000009059906,0.5389000177383423
YKR099C-A,YNL054W-A,0,1.6479104,0.1331617832183838,0.828000009059906,0.5389999747276306
YBR200W-A,YHR098C,0,1.6479104,0.13314037024974823,0.828000009059906,0.5390999913215637
YDR014W-A,YPL173W,0,1.6479104,0.13311897218227386,0.828000009059906,0.5392000079154968
YCL012W,YLL066C,0,1.6479104,0.1330975741147995,0.828000009059906,0.5393000245094299
YGL060W,YLR157C-A,0,1.6479104,0.13307617604732513,0.828000009059906,0.5393999814987183
YJR082C,YML045W-A,0,1.6479104,0.13305479288101196,0.828000009059906,0.5394999980926514
YKL073W,YER053C-A,0,1.6479104,0.13303342461585999,0.828000009059906,0.5396000146865845
YOR132W,YBL101W-B,0,1.6479104,0.13301204144954681,0.828000009059906,0.5396999716758728
YDR210W-C,YOR343W-B,0,1.6479104,0.13299068808555603,0.828000009059906,0.5397999882698059
YOR343C-B,YOR095C,0,1.6479104,0.13296931982040405,0.828000009059906,0.539900004863739
YJL012C-A,YDR186C,0,1.6479104,0.13294798135757446,0.828000009059906,0.5400000214576721
YGR128C,YDR014W-A,0,1.6479104,0.13292662799358368,0.828000009059906,0.5400999784469604
YOL086W-A,YGR067C,0,1.6479104,0.1329052895307541,0.828000009059906,0.5401999950408936
YER074W-A,YOR343C-A,0,1.6479104,0.1328839659690857,0.828000009059906,0.5403000116348267
YML022W,YBL101W-B,0,1.6479104,0.1328626424074173,0.828000009059906,0.5404000282287598
YFL011W-A,YJL171C,0,1.6479104,0.1328413337469101,0.828000009059906,0.5404999852180481
YDR210W-C,YOR045W,0,1.6479104,0.1328200250864029,0.828000009059906,0.5406000018119812
YDR210W-C,YGL018C,0,1.6479104,0.1327987164258957,0.828000009059906,0.5407000184059143
YBR200W-A,YLR309C,0,1.6479104,0.13277742266654968,0.828000009059906,0.5407999753952026
YER053C-A,YIL105C,0,1.6479104,0.13275612890720367,0.828000009059906,0.5408999919891357
YDR306C,YGL210W-A,0,1.6479104,0.13273485004901886,0.828000009059906,0.5410000085830688
YDR524C-B,YMR260C,0,1.6479104,0.13271357119083405,0.828000009059906,0.541100025177002
YNL138W-A,YER130C,0,1.6479104,0.13269230723381042,0.828000009059906,0.5411999821662903
YER053C-A,YBL092W,0,1.6479104,0.1326710432767868,0.828000009059906,0.5412999987602234
YOR343C-B,YKR067W,0,1.6479104,0.13264979422092438,0.828000009059906,0.5414000153541565
YBL008W-A,YLR143W,0,1.6479104,0.13262854516506195,0.828000009059906,0.5414999723434448
YBL101W-B,YBR031W,0,1.6479104,0.13260729610919952,0.828000009059906,0.5415999889373779
YJL133C-A,YDR423C,0,1.6479104,0.1325860619544983,0.828000009059906,0.541700005531311
YDR098C-A,YAL024C,0,1.6479104,0.13256484270095825,0.828000009059906,0.5418000221252441
YHL009W-A,YLR288C,0,1.6479104,0.1325436234474182,0.828000009059906,0.5418999791145325
YKR095W-A,YHL012W,0,1.6479104,0.13252240419387817,0.828000009059906,0.5419999957084656
YBR200W-A,YHR209W,0,1.6479104,0.13250119984149933,0.828000009059906,0.5421000123023987
YOR273C,YDR210W-C,0,1.6479104,0.13247999548912048,0.828000009059906,0.5422000288963318
YBR200W-A,YOR059C,0,1.6479104,0.13245880603790283,0.828000009059906,0.5422999858856201
YOR343C-A,YHR168W,0,1.6479104,0.13243761658668518,0.828000009059906,0.5424000024795532
YBL008W-A,YLR222C,0,1.6479104,0.13241644203662872,0.828000009059906,0.5425000190734863
YDR014W-A,YGR098C,0,1.6479104,0.13239526748657227,0.828000009059906,0.5425999760627747
YDR098C-B,YMR268W-A,0,1.6479104,0.132374107837677,0.828000009059906,0.5426999926567078
YGR031C-A,YGL010W,0,1.6479104,0.13235294818878174,0.828000009059906,0.5428000092506409
YDL093W,YOR343C-A,0,1.6479104,0.13233178853988647,0.828000009059906,0.542900025844574
YKR099C-A,YER160C,0,1.6479104,0.1323106437921524,0.828000009059906,0.5429999828338623
YGL046W,YNL024C-A,0,1.6479104,0.13228949904441833,0.828000009059906,0.5430999994277954
YBR200W-A,YMR218C,0,1.6479104,0.13226836919784546,0.828000009059906,0.5432000160217285
YKL174C,YNL024C-A,0,1.6479104,0.13224723935127258,0.828000009059906,0.5432999730110168
YGL112C,YLR157C-A,0,1.6479104,0.1322261244058609,0.828000009059906,0.54339998960495
YDR524C-B,YFR046C,0,1.6479104,0.13220500946044922,0.828000009059906,0.5435000061988831
YOR343C-B,YNL048W,0,1.6479104,0.13218390941619873,0.828000009059906,0.5436000227928162
YBL101W-B,YOR312C,0,1.6479104,0.13216280937194824,0.828000009059906,0.5436999797821045
YDR524C-B,YOR157C,0,1.6479104,0.13214172422885895,0.828000009059906,0.5437999963760376
YJL133C-A,YDR140W,0,1.6479104,0.13212063908576965,0.828000009059906,0.5439000129699707
YKL182W,YBL029C-A,0,1.6479104,0.13209955394268036,0.828000009059906,0.5440000295639038
YJR056C,YPR058W,0,1.6478937,0.13207848370075226,0.828000009059906,0.5440999865531921
YDR261C-C,YIL085C,0,1.6478281,0.13205741345882416,0.828000009059906,0.5442000031471252
YGR261C,YOR231W,0,1.6477764,0.13203635811805725,0.828000009059906,0.5443000197410583
YJL018W,YOL090W,1,1.6477528,0.13217474520206451,0.8289999961853027,0.5443000197410583
YOR095C,YKL145W,0,1.6477017,0.1321536749601364,0.8289999961853027,0.5443999767303467
YNL014W,YNL271C,0,1.6475472,0.1321326047182083,0.8289999961853027,0.5444999933242798
YJR064W,YGL053W,0,1.6473632,0.1321115493774414,0.8289999961853027,0.5446000099182129
YOR094W,YCL060C,0,1.6472669,0.1320905089378357,0.8289999961853027,0.544700026512146
YBR187W,YDR210W-A,0,1.6472476,0.1320694535970688,0.8289999961853027,0.5447999835014343
YLR410W-B,YNL078W,0,1.6469977,0.13204842805862427,0.8289999961853027,0.5449000000953674
YMR262W,YFL066C,0,1.6469495,0.13202738761901855,0.8289999961853027,0.5450000166893005
YOL012C,YKL027W,0,1.6469405,0.13200636208057404,0.8289999961853027,0.5450999736785889
YGL226W,YGL208W,0,1.6468861,0.1319853514432907,0.8289999961853027,0.545199990272522
YOR011W,YBR155W,0,1.6467931,0.13196434080600739,0.8289999961853027,0.5453000068664551
YML013W,YML024W,0,1.6464381,0.13194334506988525,0.8289999961853027,0.5454000234603882
YGR231C,YMR145C,0,1.6463628,0.13192234933376312,0.8289999961853027,0.5454999804496765
YPL126W,YPR158C-C,0,1.6462579,0.131901353597641,0.8289999961853027,0.5455999970436096
YBR061C,YDR427W,0,1.6460416,0.13188037276268005,0.8289999961853027,0.5457000136375427
YPR158W-B,YLR089C,0,1.6459081,0.13185939192771912,0.8289999961853027,0.545799970626831
YHR104W,YPL141C,0,1.6458492,0.13183842599391937,0.8289999961853027,0.5458999872207642
YML092C,YJL124C,0,1.6456339,0.13181746006011963,0.8289999961853027,0.5460000038146973
YJR090C,YGL012W,0,1.645602,0.13179650902748108,0.8289999961853027,0.5461000204086304
YOL094C,YPR020W,0,1.6455643,0.13177555799484253,0.8289999961853027,0.5461999773979187
YBR212W,YOR202W,0,1.6455011,0.13175460696220398,0.8289999961853027,0.5462999939918518
YPL240C,YLR391W-A,0,1.6453981,0.13173367083072662,0.8289999961853027,0.5464000105857849
YGR070W,YAR050W,0,1.6453688,0.13171274960041046,0.8289999961853027,0.546500027179718
YJL112W,YDR210W,0,1.6452613,0.1316918134689331,0.8289999961853027,0.5465999841690063
YJL200C,YOR291W,0,1.6451538,0.13167090713977814,0.8289999961853027,0.5467000007629395
YCR034W,YER005W,0,1.6451495,0.13164998590946198,0.8289999961853027,0.5468000173568726
YJL005W,YAL002W,0,1.6450775,0.1316290944814682,0.8289999961853027,0.5468999743461609
YIL033C,YCR028C-A,0,1.6449914,0.13160818815231323,0.8289999961853027,0.546999990940094
YBR065C,YPR158W-A,0,1.6449497,0.13158729672431946,0.8289999961853027,0.5471000075340271
YBL036C,YJR050W,0,1.6448836,0.13156642019748688,0.8289999961853027,0.5472000241279602
YNL284C-B,YML092C,0,1.644882,0.1315455436706543,0.8289999961853027,0.5472999811172485
YBR170C,YGR161W-B,0,1.644861,0.13152466714382172,0.8289999961853027,0.5473999977111816
YHR185C,YBR100W,1,1.6446259,0.13166244328022003,0.8299999833106995,0.5473999977111816
YKL071W,YDR098C,0,1.6445436,0.13164155185222626,0.8299999833106995,0.5475000143051147
YDR494W,YMR215W,0,1.6444209,0.13162067532539368,0.8299999833106995,0.5475999712944031
YML010W,YGL048C,0,1.6443913,0.1315998136997223,0.8299999833106995,0.5476999878883362
YGR038C-B,YKL094W,0,1.6443906,0.1315789520740509,0.8299999833106995,0.5478000044822693
YHR029C,YLR227W-B,0,1.6442912,0.13155809044837952,0.8299999833106995,0.5479000210762024
YPL138C,YPR024W,0,1.6441984,0.13153724372386932,0.8299999833106995,0.5479999780654907
YML078W,YPL233W,0,1.6441121,0.13151639699935913,0.8299999833106995,0.5480999946594238
YDR210W-A,YLR264W,0,1.6441073,0.13149556517601013,0.8299999833106995,0.5482000112533569
YJL192C,YKR078W,0,1.6439595,0.13147473335266113,0.8299999833106995,0.54830002784729
YDR210W-A,YHR138C,0,1.6437161,0.13145391643047333,0.8299999833106995,0.5483999848365784
YNL300W,YGR161W-A,0,1.6435556,0.13143309950828552,0.8299999833106995,0.5485000014305115
YGR109W-A,YLR131C,0,1.6433957,0.13141228258609772,0.8299999833106995,0.5486000180244446
YIL038C,YOR010C,0,1.6433799,0.1313914805650711,0.8299999833106995,0.5486999750137329
YHR204W,YML120C,0,1.6433485,0.1313706934452057,0.8299999833106995,0.548799991607666
YMR065W,YLR460C,0,1.6433196,0.13134989142417908,0.8299999833106995,0.5489000082015991
YLR410W-A,YLR452C,0,1.64323,0.13132911920547485,0.8299999833106995,0.5490000247955322
YHR204W,YLR391W-A,0,1.6432159,0.13130833208560944,0.8299999833106995,0.5490999817848206
YDR210C-D,YKR102W,0,1.6431649,0.1312875598669052,0.8299999833106995,0.5491999983787537
YDR365W-B,YLR359W,0,1.6430264,0.13126680254936218,0.8299999833106995,0.5493000149726868
YOL103W-A,YEL041W,0,1.6429694,0.13124604523181915,0.8299999833106995,0.5493999719619751
YML010W,YFR024C,0,1.6429157,0.13122530281543732,0.8299999833106995,0.5494999885559082
YER170W,YPL060C-A,0,1.6428716,0.1312045454978943,0.8299999833106995,0.5496000051498413
YER137C-A,YNL245C,0,1.6428554,0.13118381798267365,0.8299999833106995,0.5497000217437744
YNL003C,YGL225W,0,1.6428416,0.131163090467453,0.8299999833106995,0.5497999787330627
YJL137C,YPL060C-A,0,1.6427875,0.13114236295223236,0.8299999833106995,0.5498999953269958
YDR210C-D,YDR135C,0,1.6427195,0.1311216503381729,0.8299999833106995,0.550000011920929
YLR410W-B,YIR007W,0,1.6425483,0.13110093772411346,0.8299999833106995,0.5501000285148621
YMR161W,YGL254W,0,1.6424804,0.13108022511005402,0.8299999833106995,0.5501999855041504
YDR365W-A,YHR003C,0,1.6424754,0.13105952739715576,0.8299999833106995,0.5503000020980835
YOL027C,YLR216C,0,1.6423275,0.1310388445854187,0.8299999833106995,0.5504000186920166
YBR042C,YPR182W,0,1.6421838,0.13101814687252045,0.8299999833106995,0.5504999756813049
YER026C,YPL009C,0,1.6421812,0.13099747896194458,0.8299999833106995,0.550599992275238
YDR419W,YLR256W-A,0,1.6420403,0.13097679615020752,0.8299999833106995,0.5507000088691711
YNL095C,YAL015C,0,1.6419642,0.13095614314079285,0.8299999833106995,0.5508000254631042
YHR102W,YPL257W-B,0,1.6419075,0.13093547523021698,0.8299999833106995,0.5508999824523926
YLR410W-A,YGR169C,0,1.6419075,0.1309148222208023,0.8299999833106995,0.5509999990463257
YLR193C,YNL236W,0,1.6416819,0.13089418411254883,0.8299999833106995,0.5511000156402588
YIL037C,YDR210W-A,0,1.6415431,0.13087354600429535,0.8299999833106995,0.5511999726295471
YGR161C-C,YBL091C,0,1.6415148,0.13085290789604187,0.8299999833106995,0.5512999892234802
YBR112C,YKL097W-A,0,1.6413717,0.13083228468894958,0.8299999833106995,0.5514000058174133
YDR210W-A,YDR026C,0,1.6413114,0.1308116614818573,0.8299999833106995,0.5515000224113464
YGR005C,YDL134C,0,1.6412466,0.1307910531759262,0.8299999833106995,0.5515999794006348
YBR057C,YDL029W,1,1.641119,0.13092799484729767,0.8309999704360962,0.5515999794006348
YMR182C,YHR020W,0,1.640979,0.13090737164020538,0.8309999704360962,0.5516999959945679
YBL008W,YKL002W,0,1.6408768,0.1308867484331131,0.8309999704360962,0.551800012588501
YPL072W,YPR020W,0,1.640835,0.130866140127182,0.8309999704360962,0.5519000291824341
YJR093C,YDL156W,0,1.6408255,0.13084553182125092,0.8309999704360962,0.5519999861717224
YIR035C,YHR143W-A,0,1.6407921,0.13082493841648102,0.8309999704360962,0.5521000027656555
YPR158W-B,YPL066W,0,1.6406784,0.13080434501171112,0.8309999704360962,0.5522000193595886
YBR111W-A,YLR423C,0,1.6405101,0.13078375160694122,0.8309999704360962,0.552299976348877
YDR004W,YIL017C,1,1.64046,0.13092052936553955,0.8320000171661377,0.552299976348877
YFL002W-B,YER013W,0,1.6402547,0.13089993596076965,0.8320000171661377,0.5523999929428101
YDR210W-A,YMR270C,0,1.6402094,0.13087934255599976,0.8320000171661377,0.5525000095367432
YLR227W-B,YMR068W,0,1.6401813,0.13085876405239105,0.8320000171661377,0.5526000261306763
YOL148C,YER063W,0,1.6400809,0.13083818554878235,0.8320000171661377,0.5526999831199646
YDR261C-C,YLR442C,0,1.6400568,0.13081760704517365,0.8320000171661377,0.5527999997138977
YGL020C,YBR016W,0,1.6398776,0.13079704344272614,0.8320000171661377,0.5529000163078308
YML030W,YDR150W,0,1.63975,0.13077647984027863,0.8320000171661377,0.5529999732971191
YNL190W,YOR227W,0,1.6397097,0.1307559311389923,0.8320000171661377,0.5530999898910522
YDR098C-B,YDL122W,0,1.639684,0.130735382437706,0.8320000171661377,0.5532000064849854
YKL148C,YOR210W,0,1.6395991,0.13071484863758087,0.8320000171661377,0.5533000230789185
YLR132C,YLR138W,0,1.6395667,0.13069431483745575,0.8320000171661377,0.5533999800682068
YHR045W,YLR227W-A,0,1.6394467,0.13067378103733063,0.8320000171661377,0.5534999966621399
YLL028W,YDR222W,0,1.6394105,0.1306532621383667,0.8320000171661377,0.553600013256073
YCL060C,YLR401C,0,1.6394081,0.13063275814056396,0.8320000171661377,0.5536999702453613
YBL011W,YIL075C,0,1.6392992,0.13061223924160004,0.8320000171661377,0.5537999868392944
YKL103C,YKL071W,0,1.6392636,0.1305917501449585,0.8320000171661377,0.5539000034332275
YLR154W-C,YPR160W,0,1.6390328,0.13057124614715576,0.8320000171661377,0.5540000200271606
YOL103W-A,YGL192W,0,1.6388931,0.13055075705051422,0.8320000171661377,0.554099977016449
YDR079C-A,YGL073W,0,1.6388378,0.13053028285503387,0.8320000171661377,0.5541999936103821
YNL116W,YPR158W-B,0,1.638571,0.13050980865955353,0.8320000171661377,0.5543000102043152
YDR111C,YOR264W,0,1.6385248,0.13048933446407318,0.8320000171661377,0.5544000267982483
YGR038C-B,YBL056W,0,1.6384296,0.13046887516975403,0.8320000171661377,0.5544999837875366
YML033W,YHR005C,0,1.6384223,0.13044841587543488,0.8320000171661377,0.5546000003814697
YGL064C,YPL065W,0,1.6382227,0.13042797148227692,0.8320000171661377,0.5547000169754028
YNL054W-A,YNL063W,0,1.6378343,0.13040752708911896,0.8320000171661377,0.5547999739646912
YMR067C,YDR151C,0,1.6375163,0.130387082695961,0.8320000171661377,0.5548999905586243
YGR057C,YLL002W,0,1.6374378,0.13036665320396423,0.8320000171661377,0.5550000071525574
YLR410W-B,YLR274W,0,1.6373451,0.13034623861312866,0.8320000171661377,0.5551000237464905
YEL052W,YGR161C-D,0,1.6370866,0.1303258091211319,0.8320000171661377,0.5551999807357788
YER137C-A,YLR131C,0,1.6367569,0.13030540943145752,0.8320000171661377,0.5552999973297119
YKL139W,YGL122C,0,1.6366231,0.13028499484062195,0.8320000171661377,0.555400013923645
YDR098C-B,YJR086W,0,1.6365206,0.13026459515094757,0.8320000171661377,0.5554999709129333
YHR190W,YLR410W-B,0,1.636334,0.1302442103624344,0.8320000171661377,0.5555999875068665
YPL248C,YER035W,0,1.6361403,0.1302238255739212,0.8320000171661377,0.5557000041007996
YPR003C,YGL246C,0,1.6360626,0.13020344078540802,0.8320000171661377,0.5558000206947327
YER151C,YLR256W-A,0,1.6359875,0.13018307089805603,0.8320000171661377,0.555899977684021
YMR232W,YBL063W,0,1.6359067,0.13016270101070404,0.8320000171661377,0.5559999942779541
YJL036W,YJL045W,0,1.6356709,0.13014234602451324,0.8320000171661377,0.5561000108718872
YGR161C-C,YJL159W,0,1.6355476,0.13012199103832245,0.8320000171661377,0.5562000274658203
YDR264C,YDR517W,0,1.6355069,0.13010163605213165,0.8320000171661377,0.5562999844551086
YFL035C-A,YDR437W,0,1.6354761,0.13008129596710205,0.8320000171661377,0.5564000010490417
YFL002W-B,YGL186C,0,1.6354048,0.13006097078323364,0.8320000171661377,0.5565000176429749
YCR042C,YGR186W,0,1.635303,0.13004063069820404,0.8320000171661377,0.5565999746322632
YGL255W,YPL065W,0,1.6352775,0.13002032041549683,0.8320000171661377,0.5566999912261963
YIL134W,YJL079C,0,1.6352737,0.12999999523162842,0.8320000171661377,0.5568000078201294
YJL178C,YLR136C,0,1.6350436,0.1299796849489212,0.8320000171661377,0.5569000244140625
YDR497C,YPR106W,0,1.6350043,0.12995938956737518,0.8320000171661377,0.5569999814033508
YDR202C,YNL245C,0,1.6349199,0.12993909418582916,0.8320000171661377,0.5570999979972839
YNL072W,YCR058C,0,1.6348908,0.12991879880428314,0.8320000171661377,0.557200014591217
YGR161C-C,YIR021W,0,1.6347892,0.12989851832389832,0.8320000171661377,0.5572999715805054
YBR075W,YGR271C-A,0,1.6345706,0.1298782378435135,0.8320000171661377,0.5573999881744385
YDR351W,YGR109W-B,0,1.6345365,0.12985797226428986,0.8320000171661377,0.5575000047683716
YPR137C-A,YBL040C,0,1.6342068,0.12983770668506622,0.8320000171661377,0.5576000213623047
YLR005W,YLL042C,0,1.6342065,0.1298174411058426,0.8320000171661377,0.557699978351593
YPL188W,YBR026C,0,1.6341515,0.12979719042778015,0.8320000171661377,0.5577999949455261
YNL031C,YJL089W,0,1.6339805,0.1297769397497177,0.8320000171661377,0.5579000115394592
YDR059C,YBL058W,1,1.6339598,0.12991265952587128,0.8330000042915344,0.5579000115394592
YNL070W,YDL179W,0,1.633934,0.12989240884780884,0.8330000042915344,0.5580000281333923
YDR365W-B,YNL240C,0,1.6337559,0.1298721581697464,0.8330000042915344,0.5580999851226807
YBR057C,YNL084C,1,1.6336539,0.1300077885389328,0.8339999914169312,0.5580999851226807
YGR038C-B,YEL052W,0,1.6336241,0.12998753786087036,0.8339999914169312,0.5582000017166138
YOL145C,YPR004C,0,1.6336169,0.12996727228164673,0.8339999914169312,0.5583000183105469
YDR492W,YAR035W,0,1.6334856,0.1299470216035843,0.8339999914169312,0.5583999752998352
YDR210C-C,YPL218W,0,1.633481,0.12992678582668304,0.8339999914169312,0.5584999918937683
YCR027C,YFL002W-B,0,1.6334152,0.1299065351486206,0.8339999914169312,0.5586000084877014
YER090W,YMR040W,0,1.6334009,0.12988631427288055,0.8339999914169312,0.5587000250816345
YNL078W,YGR192C,0,1.6331525,0.1298660784959793,0.8339999914169312,0.5587999820709229
YOR262W,YDR098C-A,0,1.6330523,0.12984587252140045,0.8339999914169312,0.558899998664856
YFL035C-A,YPL083C,0,1.633044,0.1298256516456604,0.8339999914169312,0.5590000152587891
YPR131C,YOL103W-B,0,1.6329205,0.12980544567108154,0.8339999914169312,0.5590999722480774
YML038C,YIL140W,0,1.6328387,0.12978525459766388,0.8339999914169312,0.5591999888420105
YGR005C,YDR210W-A,0,1.6327777,0.12976504862308502,0.8339999914169312,0.5593000054359436
YBL050W,YFL018C,0,1.6326189,0.12974487245082855,0.8339999914169312,0.5594000220298767
YLR426W,YBR089C-A,0,1.63256,0.1297246813774109,0.8339999914169312,0.559499979019165
YCR088W,YMR183C,0,1.6324699,0.12970450520515442,0.8339999914169312,0.5595999956130981
YPR158C-C,YGL020C,0,1.6324258,0.12968434393405914,0.8339999914169312,0.5597000122070312
YER050C,YGR161W-A,0,1.6322498,0.12966418266296387,0.8339999914169312,0.5598000288009644
YOR237W,YGL167C,0,1.6320379,0.1296440213918686,0.8339999914169312,0.5598999857902527
YNL321W,YCR024C,0,1.6320317,0.1296238750219345,0.8339999914169312,0.5600000023841858
YBR202W,YPL268W,0,1.632016,0.12960372865200043,0.8339999914169312,0.5601000189781189
YLR227W-A,YHR026W,0,1.6318102,0.12958359718322754,0.8339999914169312,0.5601999759674072
YKR045C,YPL189W,0,1.6317205,0.12956346571445465,0.8339999914169312,0.5602999925613403
YOR351C,YDL029W,1,1.6316824,0.12969866394996643,0.8349999785423279,0.5602999925613403
YLR410W-A,YMR277W,0,1.6316564,0.12967851758003235,0.8349999785423279,0.5604000091552734
YOR110W,YNL156C,0,1.6315734,0.12965838611125946,0.8349999785423279,0.5605000257492065
YLR410W-A,YDR140W,0,1.6314914,0.12963825464248657,0.8349999785423279,0.5605999827384949
YPR097W,YNL085W,0,1.6314552,0.12961813807487488,0.8349999785423279,0.560699999332428
YDR098C-B,YBR104W,0,1.6313705,0.129598006606102,0.8349999785423279,0.5608000159263611
YNL309W,YGR027W-A,0,1.6313486,0.1295779049396515,0.8349999785423279,0.5608999729156494
YBR288C,YLR225C,0,1.6312022,0.129557803273201,0.8349999785423279,0.5609999895095825
YBR193C,YML072C,0,1.631082,0.1295377016067505,0.8349999785423279,0.5611000061035156
YFL035C-A,YML049C,0,1.631048,0.1295175999403,0.8349999785423279,0.5612000226974487
YHR030C,YBR094W,0,1.631006,0.12949751317501068,0.8349999785423279,0.5612999796867371
YOR335C,YLR410W-A,0,1.6308758,0.12947744131088257,0.8349999785423279,0.5613999962806702
YGL145W,YJR105W,0,1.6301625,0.12945736944675446,0.8349999785423279,0.5615000128746033
YPL151C,YJR019C,0,1.6299193,0.12943729758262634,0.8349999785423279,0.5616000294685364
YNL326C,YPL057C,0,1.6296554,0.12941724061965942,0.8349999785423279,0.5616999864578247
YBR075W,YHR026W,0,1.6296301,0.1293971836566925,0.8349999785423279,0.5618000030517578
YGR120C,YGR281W,0,1.6295385,0.12937712669372559,0.8349999785423279,0.5619000196456909
YMR176W,YNL284C,0,1.629319,0.12935708463191986,0.8349999785423279,0.5619999766349792
YER058W,YDL179W,0,1.629318,0.12933705747127533,0.8349999785423279,0.5620999932289124
YLL014W,YKR026C,0,1.6291623,0.1293170154094696,0.8349999785423279,0.5622000098228455
YPL060C-A,YBR200W,0,1.6291609,0.12929700314998627,0.8349999785423279,0.5623000264167786
YPR158C-C,YNR073C,0,1.62904,0.12927697598934174,0.8349999785423279,0.5623999834060669
YPL273W,YBR145W,0,1.6289287,0.1292569637298584,0.8349999785423279,0.5625
YLR160C,YDR173C,0,1.6288812,0.12923696637153625,0.8349999785423279,0.5626000165939331
YOL082W,YDL188C,0,1.6288023,0.12921695411205292,0.8349999785423279,0.5626999735832214
YGR161C-D,YPL045W,0,1.6286004,0.12919697165489197,0.8349999785423279,0.5627999901771545
YPL141C,YFR045W,0,1.6285696,0.12917697429656982,0.8349999785423279,0.5629000067710876
YMR175W,YMR230W,0,1.6284003,0.12915699183940887,0.8349999785423279,0.5630000233650208
YDR098C-A,YOR266W,0,1.6283414,0.12913702428340912,0.8349999785423279,0.5630999803543091
YGR280C,YOL103W-B,0,1.6282451,0.12911705672740936,0.8349999785423279,0.5631999969482422
YBL014C,YNL024C,0,1.6281137,0.1290970891714096,0.8349999785423279,0.5633000135421753
YDR043C,YER065C,0,1.6280956,0.12907713651657104,0.8349999785423279,0.5633999705314636
YCR055C,YOR328W,0,1.6276631,0.12905718386173248,0.8349999785423279,0.5634999871253967
YOR382W,YOR371C,0,1.6274042,0.12903724610805511,0.8349999785423279,0.5636000037193298
YGR214W,YLR154W-C,0,1.6273675,0.12901730835437775,0.8349999785423279,0.5637000203132629
YDR098C-B,YBR282W,0,1.6273253,0.12899737060070038,0.8349999785423279,0.5637999773025513
YDL076C,YPL173W,0,1.6268246,0.1289774477481842,0.8349999785423279,0.5638999938964844
YLR410W-B,YNL229C,0,1.6268117,0.12895752489566803,0.8349999785423279,0.5640000104904175
YBR195C,YCR034W,0,1.6266174,0.12893761694431305,0.8349999785423279,0.5641000270843506
YOL043C,YBR290W,0,1.6265001,0.12891770899295807,0.8349999785423279,0.5641999840736389
YLR190W,YPL192C,0,1.626473,0.1288978010416031,0.8349999785423279,0.564300000667572
YOR171C,YPL218W,0,1.6261742,0.1288779079914093,0.8349999785423279,0.5644000172615051
YDR098C-A,YDR067C,0,1.6261592,0.1288580298423767,0.8349999785423279,0.5644999742507935
YGR128C,YNL021W,0,1.626101,0.12883813679218292,0.8349999785423279,0.5645999908447266
YJR133W,YDL121C,0,1.6260395,0.12881825864315033,0.8349999785423279,0.5647000074386597
YML099C,YOR215C,0,1.6259677,0.12879839539527893,0.8349999785423279,0.5648000240325928
YCR033W,YDR099W,1,1.6258957,0.12893275916576385,0.8360000252723694,0.5648000240325928
YPL060C-A,YCR091W,0,1.6258383,0.12891288101673126,0.8360000252723694,0.5648999810218811
YKL170W,YGR077C,0,1.6255348,0.12889300286769867,0.8360000252723694,0.5649999976158142
YDR122W,YLR360W,0,1.6255047,0.12887312471866608,0.8360000252723694,0.5651000142097473
YDR289C,YKL138C-A,0,1.6254613,0.12885326147079468,0.8360000252723694,0.5651999711990356
YMR060C,YOL103W-B,0,1.6254103,0.12883341312408447,0.8360000252723694,0.5652999877929688
YOR188W,YPL127C,0,1.6253397,0.12881356477737427,0.8360000252723694,0.5654000043869019
YNL252C,YOR343W-B,0,1.6252713,0.12879371643066406,0.8360000252723694,0.565500020980835
YLR208W,YOL011W,0,1.625176,0.12877388298511505,0.8360000252723694,0.5655999779701233
YJR073C,YPR127W,0,1.6250894,0.12875404953956604,0.8360000252723694,0.5656999945640564
YKR003W,YOL058W,0,1.6244497,0.12873421609401703,0.8360000252723694,0.5658000111579895
YIR032C,YDR506C,0,1.6243856,0.1287143975496292,0.8360000252723694,0.5659000277519226
YKL097W-A,YGR251W,0,1.6243429,0.1286945790052414,0.8360000252723694,0.5659999847412109
YGR155W,YLR102C,0,1.6243382,0.12867477536201477,0.8360000252723694,0.566100001335144
YMR118C,YBR265W,0,1.6242702,0.12865497171878815,0.8360000252723694,0.5662000179290771
YER019C-A,YOR065W,0,1.6239474,0.12863516807556152,0.8360000252723694,0.5662999749183655
YDR045C,YOR317W,0,1.6238363,0.1286153793334961,0.8360000252723694,0.5663999915122986
YKL205W,YIL096C,0,1.6238251,0.12859560549259186,0.8360000252723694,0.5665000081062317
YDR261C-D,YLR409C,0,1.6236987,0.12857581675052643,0.8360000252723694,0.5666000247001648
YOR176W,YDR067C,0,1.6236854,0.1285560578107834,0.8360000252723694,0.5666999816894531
YHR122W,YGR038C-A,0,1.6234848,0.12853628396987915,0.8360000252723694,0.5667999982833862
YBL080C,YLR277C,0,1.6234031,0.1285165250301361,0.8360000252723694,0.5669000148773193
YFL011W-A,YGR084C,0,1.6233861,0.12849676609039307,0.8360000252723694,0.5669999718666077
YOL103W-A,YDR324C,0,1.6233563,0.12847702205181122,0.8360000252723694,0.5670999884605408
YMR035W,YJR040W,0,1.6233003,0.12845727801322937,0.8360000252723694,0.5672000050544739
YDR097C,YOR073W,1,1.6230268,0.12859117984771729,0.8370000123977661,0.5672000050544739
YPR158W-A,YNR072W,0,1.6229286,0.12857143580913544,0.8370000123977661,0.567300021648407
YBR215W,YML047C,0,1.6228454,0.1285516768693924,0.8370000123977661,0.5673999786376953
YCL060C,YBR006W,0,1.62272,0.12853194773197174,0.8370000123977661,0.5674999952316284
YKL067W,YJL216C,0,1.6226616,0.1285122036933899,0.8370000123977661,0.5676000118255615
YBR029C,YDR316W-B,0,1.6226289,0.12849247455596924,0.8370000123977661,0.5677000284194946
YMR270C,YJL050W,0,1.6225615,0.12847276031970978,0.8370000123977661,0.567799985408783
YOL033W,YPL208W,0,1.6225505,0.12845304608345032,0.8370000123977661,0.5679000020027161
YGR038C-B,YJL127C,0,1.622308,0.12843333184719086,0.8370000123977661,0.5680000185966492
YDL148C,YBL011W,0,1.6222916,0.1284136176109314,0.8370000123977661,0.5680999755859375
YJL115W,YLL027W,0,1.6222651,0.12839391827583313,0.8370000123977661,0.5681999921798706
YKR103W,YHR005C,0,1.6219282,0.12837423384189606,0.8370000123977661,0.5683000087738037
YDR339C,YPR071W,0,1.6218624,0.12835454940795898,0.8370000123977661,0.5684000253677368
YGR109W-B,YIL157C,0,1.621495,0.1283348649740219,0.8370000123977661,0.5684999823570251
YDR098C-B,YJL091C,0,1.6214094,0.12831519544124603,0.8370000123977661,0.5685999989509583
YBL036C,YKL174C,0,1.6213491,0.12829552590847015,0.8370000123977661,0.5687000155448914
YLR043C,YPL015C,0,1.621263,0.12827585637569427,0.8370000123977661,0.5687999725341797
YOR297C,YGR027W-A,0,1.6210029,0.1282562017440796,0.8370000123977661,0.5688999891281128
YGR214W,YBR008C,0,1.6208577,0.1282365620136261,0.8370000123977661,0.5690000057220459
YOR343W-B,YGR165W,0,1.6208317,0.1282169073820114,0.8370000123977661,0.569100022315979
YOR321W,YGL020C,0,1.620822,0.12819726765155792,0.8370000123977661,0.5691999793052673
YAL009W,YAL056W,1,1.6206613,0.1283307820558548,0.8379999995231628,0.5691999793052673
YDL175C,YPL079W,0,1.6206157,0.1283111274242401,0.8379999995231628,0.5692999958992004
YOL090W,YPR103W,1,1.6205862,0.1284445822238922,0.8389999866485596,0.5692999958992004
YBR057C,YDR099W,1,1.6205549,0.12857799232006073,0.8399999737739563,0.5692999958992004
YDR019C,YDR293C,0,1.6205382,0.12855830788612366,0.8399999737739563,0.5694000124931335
YNL284C-B,YMR300C,0,1.6201899,0.12853863835334778,0.8399999737739563,0.5695000290870667
YBR170C,YDL021W,0,1.6201348,0.1285189688205719,0.8399999737739563,0.569599986076355
YMR195W,YFR031C,0,1.6201324,0.12849931418895721,0.8399999737739563,0.5697000026702881
YOR159C,YHR073W,0,1.6200044,0.12847965955734253,0.8399999737739563,0.5698000192642212
YDR255C,YJL181W,0,1.6190228,0.12846000492572784,0.8399999737739563,0.5698999762535095
YDR019C,YCL029C,0,1.6190026,0.12844036519527435,0.8399999737739563,0.5699999928474426
YNL041C,YEL053C,0,1.6189284,0.12842072546482086,0.8399999737739563,0.5701000094413757
YOL103W-A,YPL147W,0,1.6189277,0.12840110063552856,0.8399999737739563,0.5702000260353088
YPL065W,YJR125C,0,1.6188586,0.12838147580623627,0.8399999737739563,0.5702999830245972
YDR457W,YFL001W,0,1.6185234,0.12836185097694397,0.8399999737739563,0.5703999996185303
YPR158W-A,YPL024W,0,1.6184783,0.12834224104881287,0.8399999737739563,0.5705000162124634
YMR009W,YGL233W,0,1.6184452,0.12832264602184296,0.8399999737739563,0.5705999732017517
YGL111W,YDR365W-B,0,1.6183286,0.12830303609371185,0.8399999737739563,0.5706999897956848
YGR109W-B,YHL009C,0,1.6182859,0.12828344106674194,0.8399999737739563,0.5708000063896179
YNL186W,YDR210C-D,0,1.6181788,0.12826386094093323,0.8399999737739563,0.570900022983551
YFL034C-B,YNL148C,0,1.6181312,0.1282442808151245,0.8399999737739563,0.5709999799728394
YIR031C,YDR461W,0,1.6180837,0.1282247006893158,0.8399999737739563,0.5710999965667725
YER137C,YGR285C,0,1.6180651,0.12820513546466827,0.8399999737739563,0.5712000131607056
YNL307C,YPL232W,1,1.6180179,0.12833817303180695,0.8410000205039978,0.5712000131607056
YOL124C,YER093C,0,1.6180158,0.12831857800483704,0.8410000205039978,0.5713000297546387
YGL125W,YGL254W,0,1.6177542,0.12829901278018951,0.8410000205039978,0.571399986743927
YFR013W,YGR251W,0,1.6176949,0.1282794326543808,0.8410000205039978,0.5715000033378601
YLR033W,YLR372W,0,1.6172225,0.12825988233089447,0.8410000205039978,0.5716000199317932
YOR085W,YFR024C,0,1.6170776,0.12824031710624695,0.8410000205039978,0.5716999769210815
YGL065C,YNR044W,0,1.6166224,0.12822076678276062,0.8410000205039978,0.5717999935150146
YFL035C,YNR013C,0,1.6166096,0.1282012164592743,0.8410000205039978,0.5719000101089478
YEL053C,YLR256W-A,0,1.6165743,0.12818168103694916,0.8410000205039978,0.5720000267028809
YDR367W,YGR094W,0,1.6162119,0.12816214561462402,0.8410000205039978,0.5720999836921692
YJL149W,YMR143W,0,1.6161494,0.12814262509346008,0.8410000205039978,0.5722000002861023
YGR179C,YKL138C-A,0,1.6159518,0.12812308967113495,0.8410000205039978,0.5723000168800354
YCR033W,YLR263W,1,1.6158617,0.1282559037208557,0.8420000076293945,0.5723000168800354
YKR078W,YNL024C,0,1.6158063,0.12823636829853058,0.8420000076293945,0.5723999738693237
YFL005W,YNL084C,1,1.6156363,0.12836912274360657,0.8429999947547913,0.5723999738693237
YBR247C,YOL049W,0,1.615494,0.12834957242012024,0.8429999947547913,0.5724999904632568
YMR020W,YDR176W,0,1.615489,0.1283300369977951,0.8429999947547913,0.5726000070571899
YGL201C,YOR187W,0,1.6152291,0.12831050157546997,0.8429999947547913,0.572700023651123
YOR033C,YGL210W-A,0,1.6151681,0.12829098105430603,0.8429999947547913,0.5727999806404114
YDR122W,YGL219C,0,1.6151466,0.1282714605331421,0.8429999947547913,0.5728999972343445
YBR187W,YPL180W,0,1.615027,0.12825194001197815,0.8429999947547913,0.5730000138282776
YJL225C,YMR054W,0,1.6149933,0.1282324343919754,0.8429999947547913,0.5730999708175659
YHL035C,YIL069C,0,1.6148467,0.12821292877197266,0.8429999947547913,0.573199987411499
YML007W,YGR161W-A,0,1.6147985,0.1281934380531311,0.8429999947547913,0.5733000040054321
YIL017W,YDR392W,1,1.6147034,0.12832598388195038,0.843999981880188,0.5733000040054321
YDR098C-B,YGL019W,0,1.61467,0.12830647826194763,0.843999981880188,0.5734000205993652
YEL048C,YOR202W,0,1.6146622,0.12828697264194489,0.843999981880188,0.5734999775886536
YIL043C,YDR098C-B,0,1.6144347,0.12826748192310333,0.843999981880188,0.5735999941825867
YIR004W,YER138C,0,1.6139808,0.12824799120426178,0.843999981880188,0.5737000107765198
YGR224W,YPL259C,0,1.6138108,0.12822850048542023,0.843999981880188,0.5738000273704529
YGR083C,YLR144C,0,1.6138082,0.12820902466773987,0.843999981880188,0.5738999843597412
YNR023W,YGR112W,0,1.6137538,0.1281895488500595,0.843999981880188,0.5740000009536743
YDR156W,YDR294C,0,1.613683,0.12817008793354034,0.843999981880188,0.5741000175476074
YJR063W,YOR087W,0,1.6133606,0.12815062701702118,0.843999981880188,0.5741999745368958
YNL097C,YGR109W-A,0,1.6130655,0.12813116610050201,0.843999981880188,0.5742999911308289
YHR110W,YEL024W,0,1.6127305,0.12811172008514404,0.843999981880188,0.574400007724762
YPR137C-A,YNL036W,0,1.6126375,0.12809227406978607,0.843999981880188,0.5745000243186951
YGL017W,YNL030W,0,1.6126223,0.1280728429555893,0.843999981880188,0.5745999813079834
YPL069C,YKL132C,0,1.6125648,0.12805341184139252,0.843999981880188,0.5746999979019165
YOR095C,YGR246C,0,1.6123888,0.12803398072719574,0.843999981880188,0.5748000144958496
YBR090C-A,YMR033W,0,1.6122644,0.12801456451416016,0.843999981880188,0.5748999714851379
YPL225W,YHR120W,0,1.6122367,0.12799514830112457,0.843999981880188,0.574999988079071
YKL065C,YOR079C,0,1.612179,0.127975732088089,0.843999981880188,0.5751000046730042
YOR018W,YGR080W,0,1.6121478,0.1279563307762146,0.843999981880188,0.5752000212669373
YNL223W,YDR006C,0,1.6121371,0.1279369443655014,0.843999981880188,0.5752999782562256
YDR098C-B,YNR053C,0,1.6121027,0.1279175579547882,0.843999981880188,0.5753999948501587
YBL087C,YBL097W,0,1.611579,0.127898171544075,0.843999981880188,0.5755000114440918
YHR066W,YGR161W-B,0,1.6112468,0.12787878513336182,0.843999981880188,0.5756000280380249
YPL078C,YGR003W,0,1.6110487,0.12785941362380981,0.843999981880188,0.5756999850273132
YNL224C,YFR030W,0,1.6105726,0.1278400421142578,0.843999981880188,0.5758000016212463
YGR175C,YGR174C,0,1.6105337,0.127820685505867,0.843999981880188,0.5759000182151794
YMR238W,YGL139W,0,1.6104977,0.1278013288974762,0.843999981880188,0.5759999752044678
YGL107C,YOR287C,0,1.6103027,0.12778198719024658,0.843999981880188,0.5760999917984009
YLR292C,YLR194C,0,1.6098495,0.12776264548301697,0.843999981880188,0.576200008392334
YKR046C,YNL240C,0,1.6093588,0.12774330377578735,0.843999981880188,0.5763000249862671
YGL174W,YGR231C,0,1.6093247,0.12772397696971893,0.843999981880188,0.5763999819755554
YGL016W,YOR375C,0,1.6093078,0.1277046501636505,0.843999981880188,0.5764999985694885
YHR072W-A,YPR011C,0,1.6092999,0.1276853233575821,0.843999981880188,0.5766000151634216
YGL245W,YGL184C,0,1.609144,0.12766601145267487,0.843999981880188,0.57669997215271
YOR243C,YHR018C,0,1.6091022,0.12764669954776764,0.843999981880188,0.5767999887466431
YGL226C-A,YDR353W,0,1.6090989,0.1276274025440216,0.843999981880188,0.5769000053405762
YPL188W,YBR188C,0,1.6090875,0.12760810554027557,0.843999981880188,0.5770000219345093
YHR139C,YML128C,1,1.608932,0.12773998081684113,0.8450000286102295,0.5770000219345093
YDR084C,YPR143W,0,1.6088483,0.1277206838130951,0.8450000286102295,0.5770999789237976
YGL181W,YML052W,1,1.6087716,0.12785249948501587,0.8460000157356262,0.5770999789237976
YDR262W,YIR011C,0,1.6087668,0.12783318758010864,0.8460000157356262,0.5771999955177307
YJR133W,YDL059C,0,1.6087356,0.12781387567520142,0.8460000157356262,0.5773000121116638
YOL053C-A,YML029W,0,1.6087093,0.1277945637702942,0.8460000157356262,0.5774000287055969
YLR410W-A,YOR293W,0,1.6086793,0.12777526676654816,0.8460000157356262,0.5774999856948853
YJR063W,YOR142W-A,0,1.6085083,0.12775596976280212,0.8460000157356262,0.5776000022888184
YDL175C,YAL032C,0,1.6080902,0.1277366727590561,0.8460000157356262,0.5777000188827515
YDR316W-B,YDL202W,0,1.6080804,0.12771739065647125,0.8460000157356262,0.5777999758720398
YNL243W,YDR240C,0,1.6080668,0.1276981085538864,0.8460000157356262,0.5778999924659729
YDL031W,YAR031W,0,1.6076951,0.12767884135246277,0.8460000157356262,0.578000009059906
YGR192C,YCL012W,0,1.6074858,0.12765957415103912,0.8460000157356262,0.5781000256538391
YLR291C,YJR019C,0,1.6073263,0.12764030694961548,0.8460000157356262,0.5781999826431274
YDR142C,YGL044C,0,1.607187,0.12762105464935303,0.8460000157356262,0.5782999992370605
YDR410C,YLR310C,0,1.6071246,0.12760181725025177,0.8460000157356262,0.5784000158309937
YOL004W,YFL057C,0,1.6070569,0.12758256494998932,0.8460000157356262,0.578499972820282
YMR305C,YOR086C,0,1.6069224,0.12756332755088806,0.8460000157356262,0.5785999894142151
YNL118C,YKL168C,0,1.6068332,0.127544105052948,0.8460000157356262,0.5787000060081482
YLR227W-B,YKL125W,0,1.6067326,0.12752486765384674,0.8460000157356262,0.5788000226020813
YDL070W,YCR036W,0,1.6066725,0.12750564515590668,0.8460000157356262,0.5788999795913696
YFL016C,YGR109W-A,0,1.6065826,0.1274864375591278,0.8460000157356262,0.5789999961853027
YPR158C-C,YDL076C,0,1.6065185,0.12746722996234894,0.8460000157356262,0.5791000127792358
YNL278W,YJL216C,0,1.6063769,0.12744802236557007,0.8460000157356262,0.579200029373169
YIL095W,YLR206W,0,1.6063385,0.1274288296699524,0.8460000157356262,0.5792999863624573
YDR034C-D,YLR315W,0,1.6062188,0.12740963697433472,0.8460000157356262,0.5794000029563904
YJL116C,YLR293C,0,1.6058517,0.12739045917987823,0.8460000157356262,0.5795000195503235
YKL007W,YNR051C,0,1.605798,0.12737126648426056,0.8460000157356262,0.5795999765396118
YMR193W,YMR040W,0,1.6056976,0.12735210359096527,0.8460000157356262,0.5796999931335449
YGR038C-B,YEL034W,0,1.6055558,0.1273329257965088,0.8460000157356262,0.579800009727478
YDL054C,YIL067C,0,1.6054511,0.1273137629032135,0.8460000157356262,0.5799000263214111
YLL048C,YDR080W,0,1.605197,0.1272946149110794,0.8460000157356262,0.5799999833106995
YPL064C,YBL019W,0,1.6051149,0.1272754669189453,0.8460000157356262,0.5800999999046326
YBR287W,YLR409C,0,1.6049311,0.12725631892681122,0.8460000157356262,0.5802000164985657
YDL010W,YGR027W-A,0,1.6046357,0.12723718583583832,0.8460000157356262,0.580299973487854
YGR089W,YGR209C,0,1.604486,0.12721803784370422,0.8460000157356262,0.5803999900817871
YNL284C-B,YCR043C,0,1.6041222,0.12719891965389252,0.8460000157356262,0.5805000066757202
YHR069C,YLR413W,0,1.6039236,0.1271798014640808,0.8460000157356262,0.5806000232696533
YNL014W,YFL023W,0,1.603915,0.1271606832742691,0.8460000157356262,0.5806999802589417
YAL026C,YER031C,0,1.603832,0.1271415650844574,0.8460000157356262,0.5807999968528748
YPR025C,YBL005W-A,0,1.6037824,0.12712246179580688,0.8460000157356262,0.5809000134468079
YMR275C,YOR193W,0,1.6034946,0.12710335850715637,0.8460000157356262,0.5809999704360962
YFL035C,YLR197W,0,1.6034176,0.12708427011966705,0.8460000157356262,0.5810999870300293
YKR103W,YGR112W,0,1.6028609,0.12706518173217773,0.8460000157356262,0.5812000036239624
YER050C,YOL006C,0,1.6024387,0.1270461082458496,0.8460000157356262,0.5813000202178955
YDR213W,YBR169C,0,1.6024199,0.1270270198583603,0.8460000157356262,0.5813999772071838
YBR202W,YER160C,0,1.6023228,0.12700796127319336,0.8460000157356262,0.5814999938011169
YPR198W,YHR214C-C,0,1.6021967,0.12698888778686523,0.8460000157356262,0.58160001039505
YGR128C,YHR061C,0,1.602195,0.1269698292016983,0.8460000157356262,0.5817000269889832
YCR008W,YBR133C,0,1.6021793,0.12695078551769257,0.8460000157356262,0.5817999839782715
YOL144W,YLR131C,0,1.6021068,0.12693172693252563,0.8460000157356262,0.5819000005722046
YPL096W,YEL051W,0,1.6019356,0.1269126981496811,0.8460000157356262,0.5820000171661377
YLR284C,YGL238W,0,1.6018112,0.12689365446567535,0.8460000157356262,0.582099974155426
YGL216W,YDL216C,0,1.6015396,0.1268746256828308,0.8460000157356262,0.5821999907493591
YIL064W,YDR316W-B,0,1.6014264,0.12685559689998627,0.8460000157356262,0.5823000073432922
YJL018W,YOR073W,1,1.6013961,0.12698650360107422,0.847000002861023,0.5823000073432922
YNL254C,YPR010C,0,1.6013055,0.12696747481822968,0.847000002861023,0.5824000239372253
YDR316W-B,YDR414C,0,1.6012125,0.12694844603538513,0.847000002861023,0.5824999809265137
YCR080W,YIL091C,0,1.6010938,0.1269294172525406,0.847000002861023,0.5825999975204468
YLL008W,YLR119W,0,1.6010606,0.12691040337085724,0.847000002861023,0.5827000141143799
YPL223C,YHR042W,0,1.6006312,0.1268913894891739,0.847000002861023,0.5827999711036682
YFL011W,YJL079C,0,1.6005449,0.12687237560749054,0.847000002861023,0.5828999876976013
YBR211C,YER021W,0,1.6001074,0.12685337662696838,0.847000002861023,0.5830000042915344
YDR316W-B,YIL053W,0,1.5999715,0.12683437764644623,0.847000002861023,0.5831000208854675
YLR340W,YGR049W,0,1.5999463,0.12681539356708527,0.847000002861023,0.5831999778747559
YPL078C,YPR006C,0,1.5999184,0.1267964094877243,0.847000002861023,0.583299994468689
YBR093C,YML058W,0,1.5998561,0.12677742540836334,0.847000002861023,0.5834000110626221
YMR160W,YHR158C,0,1.5997231,0.12675845623016357,0.847000002861023,0.5835000276565552
YOR304C-A,YLL053C,0,1.5991645,0.1267394870519638,0.847000002861023,0.5835999846458435
YDR339C,YBR287W,0,1.5990863,0.12672053277492523,0.847000002861023,0.5837000012397766
YOL077W-A,YBR244W,0,1.5988817,0.12670156359672546,0.847000002861023,0.5838000178337097
YNL010W,YLR084C,0,1.5986257,0.12668262422084808,0.847000002861023,0.583899974822998
YOL055C,YOR119C,0,1.5985944,0.1266636699438095,0.847000002861023,0.5839999914169312
YCL012W,YGR183C,0,1.5982945,0.12664473056793213,0.847000002861023,0.5841000080108643
YJL092W,YOR234C,0,1.5981905,0.12662580609321594,0.847000002861023,0.5842000246047974
YBR196C,YHR121W,0,1.597877,0.12660688161849976,0.847000002861023,0.5842999815940857
YNL164C,YPR113W,0,1.5978768,0.12658795714378357,0.847000002861023,0.5843999981880188
YER023W,YPL124W,0,1.5972295,0.12656903266906738,0.847000002861023,0.5845000147819519
YGL156W,YOR081C,0,1.5972099,0.1265501230955124,0.847000002861023,0.5845999717712402
YKL025C,YNR057C,0,1.5971687,0.1265312284231186,0.847000002861023,0.5846999883651733
YBR054W,YJL099W,0,1.597065,0.1265123188495636,0.847000002861023,0.5848000049591064
YPR159W,YNL300W,0,1.5969279,0.1264934241771698,0.847000002861023,0.5849000215530396
YDL232W,YCR080W,0,1.5964572,0.1264745444059372,0.847000002861023,0.5849999785423279
YOR247W,YJL209W,0,1.5960636,0.1264556646347046,0.847000002861023,0.585099995136261
YGL058W,YLR372W,0,1.5960407,0.12643678486347198,0.847000002861023,0.5852000117301941
YDL078C,YBR079C,0,1.5959182,0.12641790509223938,0.847000002861023,0.5853000283241272
YPR037C,YGR256W,0,1.5955336,0.12639904022216797,0.847000002861023,0.5853999853134155
YLR024C,YNR024W,0,1.5951211,0.12638019025325775,0.847000002861023,0.5855000019073486
YNR010W,YNL156C,0,1.5948596,0.12636132538318634,0.847000002861023,0.5856000185012817
YOL011W,YKR102W,0,1.5948558,0.12634247541427612,0.847000002861023,0.5856999754905701
YOR027W,YMR034C,0,1.5947807,0.1263236403465271,0.847000002861023,0.5857999920845032
YJR010W,YMR242C,0,1.5942221,0.12630480527877808,0.847000002861023,0.5859000086784363
YEL051W,YKL096W-A,0,1.5940492,0.12628597021102905,0.847000002861023,0.5860000252723694
YPR149W,YPL083C,0,1.5940285,0.12626715004444122,0.847000002861023,0.5860999822616577
YGR209C,YLR067C,0,1.593452,0.1262483298778534,0.847000002861023,0.5861999988555908
YLL010C,YML022W,0,1.5931351,0.12622950971126556,0.847000002861023,0.5863000154495239
YNR063W,YJL118W,0,1.5930066,0.12621070444583893,0.847000002861023,0.5863999724388123
YOR078W,YNR072W,0,1.5929396,0.1261918991804123,0.847000002861023,0.5864999890327454
YDL121C,YBR081C,0,1.5928836,0.12617309391498566,0.847000002861023,0.5866000056266785
YBL113C,YER052C,0,1.5925696,0.12615430355072021,0.847000002861023,0.5867000222206116
YIL044C,YML030W,0,1.5923524,0.12613551318645477,0.847000002861023,0.5867999792098999
YIL144W,YLR398C,0,1.5922036,0.12611673772335052,0.847000002861023,0.586899995803833
YGR122W,YKL134C,0,1.5921931,0.12609796226024628,0.847000002861023,0.5870000123977661
YPR104C,YPL132W,0,1.5921252,0.12607918679714203,0.847000002861023,0.5871000289916992
YIL144W,YPR046W,0,1.5919986,0.12606042623519897,0.847000002861023,0.5871999859809875
YPL224C,YHR135C,0,1.5919297,0.12604166567325592,0.847000002861023,0.5873000025749207
YJL117W,YIL076W,0,1.5919061,0.12602292001247406,0.847000002861023,0.5874000191688538
YOR206W,YGL210W-A,0,1.5917871,0.126004159450531,0.847000002861023,0.5874999761581421
YNR031C,YLR384C,0,1.5915804,0.12598542869091034,0.847000002861023,0.5875999927520752
YJR057W,YNL335W,0,1.5915668,0.12596668303012848,0.847000002861023,0.5877000093460083
YCR102C,YCR005C,0,1.5914927,0.1259479522705078,0.847000002861023,0.5878000259399414
YIL117C,YHR179W,0,1.5913513,0.12592923641204834,0.847000002861023,0.5878999829292297
YKL081W,YPR104C,0,1.5910482,0.12591050565242767,0.847000002861023,0.5879999995231628
YKL193C,YHR158C,0,1.5909555,0.1258917897939682,0.847000002861023,0.588100016117096
YHR066W,YNL297C,0,1.5907946,0.12587308883666992,0.847000002861023,0.5881999731063843
YDR172W,YBR298C,0,1.590617,0.12585438787937164,0.847000002861023,0.5882999897003174
YHL017W,YGR121C,0,1.5904229,0.12583568692207336,0.847000002861023,0.5884000062942505
YKL048C,YDR500C,0,1.5903964,0.12581700086593628,0.847000002861023,0.5885000228881836
YDL198C,YGL196W,0,1.5902617,0.125798299908638,0.847000002861023,0.5885999798774719
YOR301W,YNL059C,0,1.5901964,0.1257796287536621,0.847000002861023,0.588699996471405
YLR200W,YIL147C,0,1.5901797,0.12576095759868622,0.847000002861023,0.5888000130653381
YHL009C,YLR197W,0,1.590152,0.12574228644371033,0.847000002861023,0.5889000296592712
YMR099C,YMR125W,0,1.5898669,0.12572361528873444,0.847000002861023,0.5889999866485596
YBR107C,YGL099W,1,1.5895288,0.12585337460041046,0.8479999899864197,0.5889999866485596
YIL135C,YLR115W,0,1.5890441,0.12583468854427338,0.8479999899864197,0.5891000032424927
YNL138W-A,YOL095C,0,1.5889659,0.12581601738929749,0.8479999899864197,0.5892000198364258
YHR156C,YIL050W,0,1.588594,0.1257973611354828,0.8479999899864197,0.5892999768257141
YLR391W,YJL214W,0,1.5885377,0.1257787048816681,0.8479999899864197,0.5893999934196472
YMR193W,YIL159W,0,1.5884881,0.1257600486278534,0.8479999899864197,0.5895000100135803
YFL009W,YOL008W,0,1.5884769,0.1257413923740387,0.8479999899864197,0.5896000266075134
YOR202W,YOL107W,0,1.5883672,0.1257227510213852,0.8479999899864197,0.5896999835968018
YER015W,YIL009W,0,1.5880318,0.12570412456989288,0.8479999899864197,0.5898000001907349
YJL137C,YDR395W,0,1.5877542,0.12568548321723938,0.8479999899864197,0.589900016784668
YOR274W,YKR087C,0,1.5876479,0.12566687166690826,0.8479999899864197,0.5899999737739563
YNL050C,YDR168W,0,1.5876207,0.12564824521541595,0.8479999899864197,0.5900999903678894
YBL112C,YGR172C,0,1.587404,0.12562963366508484,0.8479999899864197,0.5902000069618225
YKL015W,YJR070C,0,1.5873394,0.12561102211475372,0.8479999899864197,0.5903000235557556
YOL013C,YDR429C,0,1.5872366,0.1255924105644226,0.8479999899864197,0.590399980545044
YLR085C,YOL076W,0,1.5871222,0.12557381391525269,0.8479999899864197,0.590499997138977
YPL011C,YKL058W,0,1.5869553,0.12555523216724396,0.8479999899864197,0.5906000137329102
YPR080W,YJR050W,0,1.5865161,0.12553663551807404,0.8479999899864197,0.5906999707221985
YGR271C-A,YOR212W,0,1.5864756,0.1255180537700653,0.8479999899864197,0.5907999873161316
YOR126C,YDR414C,0,1.5861356,0.12549948692321777,0.8479999899864197,0.5909000039100647
YML010W,YBR129C,0,1.5860958,0.12548090517520905,0.8479999899864197,0.5910000205039978
YBR044C,YGL029W,0,1.5858774,0.1254623532295227,0.8479999899864197,0.5910999774932861
YFL011W-A,YJL093C,0,1.5857332,0.12544378638267517,0.8479999899864197,0.5911999940872192
YLR333C,YMR106C,0,1.5856867,0.12542523443698883,0.8479999899864197,0.5913000106811523
YKL182W,YMR156C,0,1.5855501,0.1254066824913025,0.8479999899864197,0.5914000272750854
YHL015W,YKL094W,0,1.5854907,0.12538814544677734,0.8479999899864197,0.5914999842643738
YDL046W,YGL145W,0,1.5852904,0.1253696084022522,0.8479999899864197,0.5916000008583069
YDR397C,YOR291W,0,1.5851028,0.12535107135772705,0.8479999899864197,0.59170001745224
YHR039C,YHR079C-A,1,1.585012,0.12548033893108368,0.8489999771118164,0.59170001745224
YJL104W,YBR049C,0,1.5847793,0.12546180188655853,0.8489999771118164,0.5917999744415283
YCR088W,YIL044C,0,1.5845649,0.1254432648420334,0.8489999771118164,0.5918999910354614
YDR170C,YER119C,0,1.5843728,0.12542472779750824,0.8489999771118164,0.5920000076293945
YMR083W,YDL077C,0,1.5842319,0.1254062056541443,0.8489999771118164,0.5921000242233276
YJR117W,YGR140W,0,1.5841935,0.12538768351078033,0.8489999771118164,0.592199981212616
YNL073W,YIL048W,0,1.5841327,0.12536916136741638,0.8489999771118164,0.5922999978065491
YHR214W,YER139C,0,1.5840051,0.12535065412521362,0.8489999771118164,0.5924000144004822
YJR153W,YOR253W,0,1.5838373,0.12533214688301086,0.8489999771118164,0.5924999713897705
YKL152C,YDR363W,0,1.5837514,0.1253136545419693,0.8489999771118164,0.5925999879837036
YLR011W,YDR084C,0,1.5836599,0.12529516220092773,0.8489999771118164,0.5927000045776367
YBL105C,YDR337W,0,1.5836291,0.12527666985988617,0.8489999771118164,0.5928000211715698
YPL223C,YNR046W,0,1.5829234,0.1252581924200058,0.8489999771118164,0.5928999781608582
YCR097WB,YLR226W,0,1.5829229,0.12523971498012543,0.8489999771118164,0.5929999947547913
YJR123W,YPL158C,0,1.5824316,0.12522123754024506,0.8489999771118164,0.5931000113487244
YGR217W,YIL010W,0,1.5823548,0.12520277500152588,0.8489999771118164,0.5932000279426575
YOR272W,YHR001W,0,1.5822988,0.1251843124628067,0.8489999771118164,0.5932999849319458
YKL052C,YKR095W,0,1.5821533,0.12516584992408752,0.8489999771118164,0.5934000015258789
YNL160W,YHR035W,0,1.5821517,0.12514740228652954,0.8489999771118164,0.593500018119812
YER048C,YPR097W,0,1.5818102,0.12512895464897156,0.8489999771118164,0.5935999751091003
YBR235W,YFR042W,0,1.581661,0.12511052191257477,0.8489999771118164,0.5936999917030334
YJL208C,YKR022C,0,1.5812981,0.12509208917617798,0.8489999771118164,0.5938000082969666
YDR517W,YPL005W,0,1.5812476,0.1250736564397812,0.8489999771118164,0.5939000248908997
YML072C,YLR071C,0,1.581193,0.1250552386045456,0.8489999771118164,0.593999981880188
YPL235W,YIL168W,0,1.5807102,0.12503682076931,0.8489999771118164,0.5940999984741211
YJL012C,YIL159W,0,1.5805516,0.1250184029340744,0.8489999771118164,0.5942000150680542
YNR032W,YNL099C,0,1.5805349,0.125,0.8489999771118164,0.5942999720573425
YDR444W,YJR137C,0,1.5803306,0.1249815970659256,0.8489999771118164,0.5943999886512756
YOL055C,YIL168W,0,1.5798194,0.1249632015824318,0.8489999771118164,0.5945000052452087
YDL040C,YAR033W,0,1.5795553,0.12494481354951859,0.8489999771118164,0.5946000218391418
YPL244C,YGR231C,0,1.5794942,0.12492642551660538,0.8489999771118164,0.5946999788284302
YOR283W,YLR138W,0,1.5791903,0.12490804493427277,0.8489999771118164,0.5947999954223633
YOL013C,YMR183C,0,1.5791373,0.12488967180252075,0.8489999771118164,0.5949000120162964
YER117W,YHR024C,0,1.57904,0.12487130612134933,0.8489999771118164,0.5950000286102295
YBR179C,YML022W,0,1.578779,0.12485294044017792,0.8489999771118164,0.5950999855995178
YNL257C,YHR074W,0,1.5787423,0.1248345822095871,0.8489999771118164,0.5952000021934509
YJL180C,YKR078W,0,1.5781178,0.12481623142957687,0.8489999771118164,0.595300018787384
YDL045C,YOL038W,0,1.5780427,0.12479788064956665,0.8489999771118164,0.5953999757766724
YPR029C,YPR018W,0,1.5778553,0.12477954477071762,0.8489999771118164,0.5954999923706055
YKR072C,YLR043C,0,1.5777159,0.124761201441288,0.8489999771118164,0.5956000089645386
YGR240C,YDR243C,0,1.5776546,0.12474287301301956,0.8489999771118164,0.5957000255584717
YMR283C,YGR163W,0,1.5775123,0.12472454458475113,0.8489999771118164,0.59579998254776
YCL014W,YER004W,0,1.5774667,0.12470623105764389,0.8489999771118164,0.5958999991416931
YBL028C,YPR112C,0,1.5773168,0.12468791007995605,0.8489999771118164,0.5960000157356262
YEL055C,YOR212W,0,1.577225,0.12466960400342941,0.8489999771118164,0.5960999727249146
YML038C,YOL075C,0,1.5770388,0.12465129792690277,0.8489999771118164,0.5961999893188477
YDR016C,YDR105C,0,1.5768974,0.12463299930095673,0.8489999771118164,0.5963000059127808
YDL103C,YDR348C,0,1.5768127,0.12461470812559128,0.8489999771118164,0.5964000225067139
YNL265C,YMR134W,0,1.5761838,0.12459641695022583,0.8489999771118164,0.5964999794960022
YDR174W,YJL058C,0,1.5760953,0.12457813322544098,0.8489999771118164,0.5965999960899353
YDR350C,YAR003W,0,1.5760312,0.12455985695123672,0.8489999771118164,0.5967000126838684
YOR109W,YNL175C,0,1.5760074,0.12454158812761307,0.8489999771118164,0.5968000292778015
YCR052W,YLR391W,0,1.5757213,0.12452331930398941,0.8489999771118164,0.5968999862670898
YDL044C,YDR338C,0,1.5756814,0.12450505793094635,0.8489999771118164,0.597000002861023
YKL186C,YML120C,0,1.5756347,0.12448680400848389,0.8489999771118164,0.597100019454956
YDR291W,YNR052C,0,1.5755773,0.12446855008602142,0.8489999771118164,0.5971999764442444
YEL019C,YLR429W,0,1.5753467,0.12445031106472015,0.8489999771118164,0.5972999930381775
YOR328W,YLR006C,0,1.5752337,0.12443206459283829,0.8489999771118164,0.5974000096321106
YNL247W,YNL052W,0,1.575002,0.12441383302211761,0.8489999771118164,0.5975000262260437
YGL163C,YLR384C,0,1.574923,0.12439560145139694,0.8489999771118164,0.597599983215332
YOR090C,YKL216W,0,1.574703,0.12437737733125687,0.8489999771118164,0.5976999998092651
YOL110W,YOL137W,0,1.5745385,0.12435916066169739,0.8489999771118164,0.5978000164031982
YMR093W,YGR205W,0,1.5744007,0.1243409514427185,0.8489999771118164,0.5978999733924866
YFL052W,YBR222C,0,1.5742884,0.12432274222373962,0.8489999771118164,0.5979999899864197
YNL164C,YGR044C,0,1.5734982,0.12430454045534134,0.8489999771118164,0.5981000065803528
YEL052W,YGR010W,0,1.5729878,0.12428633868694305,0.8489999771118164,0.5982000231742859
YNR051C,YJL089W,0,1.5729709,0.12426815181970596,0.8489999771118164,0.5982999801635742
YJL178C,YOR045W,0,1.5727396,0.12424996495246887,0.8489999771118164,0.5983999967575073
YBL089W,YIL167W,0,1.5726767,0.12423178553581238,0.8489999771118164,0.5985000133514404
YCR080W,YPL024W,0,1.5726473,0.12421360611915588,0.8489999771118164,0.5985999703407288
YKL069W,YJR152W,0,1.572571,0.12419543415307999,0.8489999771118164,0.5986999869346619
YDL142C,YLR390W-A,0,1.57255,0.12417726963758469,0.8489999771118164,0.598800003528595
YDR538W,YBL018C,0,1.5725119,0.12415911257266998,0.8489999771118164,0.5989000201225281
YER035W,YJR113C,0,1.5725079,0.12414095550775528,0.8489999771118164,0.5989999771118164
YKR099W,YNR049C,1,1.572439,0.12426900863647461,0.8500000238418579,0.5989999771118164
YHR056C,YBL041W,0,1.5722487,0.12425084412097931,0.8500000238418579,0.5990999937057495
YNL327W,YBR031W,0,1.5722256,0.12423267960548401,0.8500000238418579,0.5992000102996826
YNL229C,YJR028W,0,1.5721171,0.1242145225405693,0.8500000238418579,0.5993000268936157
YOR189W,YGR283C,0,1.5720372,0.1241963729262352,0.8500000238418579,0.599399983882904
YDL061C,YER190W,0,1.5718677,0.12417823076248169,0.8500000238418579,0.5995000004768372
YPL255W,YBR086C,0,1.5717065,0.12416009604930878,0.8500000238418579,0.5996000170707703
YFR004W,YNL315C,0,1.5711477,0.12414196133613586,0.8500000238418579,0.5996999740600586
YDL188C,YGL169W,0,1.570961,0.12412383407354355,0.8500000238418579,0.5997999906539917
YDR021W,YCL030C,0,1.5709107,0.12410570681095123,0.8500000238418579,0.5999000072479248
YDR045C,YGL094C,0,1.5707273,0.12408759444952011,0.8500000238418579,0.6000000238418579
YPL030W,YNR032C-A,0,1.5705876,0.12406948208808899,0.8500000238418579,0.6000999808311462
YLL008W,YNL297C,0,1.5703235,0.12405136972665787,0.8500000238418579,0.6001999974250793
YGR097W,YKL107W,0,1.5702207,0.12403327226638794,0.8500000238418579,0.6003000140190125
YPL021W,YHR065C,0,1.5699427,0.12401517480611801,0.8500000238418579,0.6003999710083008
YLR305C,YKR035W-A,0,1.5698638,0.12399708479642868,0.8500000238418579,0.6004999876022339
YOL136C,YJL059W,0,1.5696342,0.12397899478673935,0.8500000238418579,0.600600004196167
YDR146C,YOR287C,0,1.5693204,0.12396091222763062,0.8500000238418579,0.6007000207901001
YML023C,YJL212C,0,1.5692096,0.12394283711910248,0.8500000238418579,0.6007999777793884
YJR031C,YPR112C,0,1.5691786,0.12392476946115494,0.8500000238418579,0.6008999943733215
YLR399C,YGR108W,1,1.5690076,0.12405247986316681,0.8510000109672546,0.6008999943733215
YMR243C,YPR155C,0,1.5687501,0.12403439730405807,0.8510000109672546,0.6010000109672546
YKL018W,YLR071C,0,1.5687475,0.12401632219552994,0.8510000109672546,0.6011000275611877
YPR201W,YKL222C,0,1.5684028,0.1239982545375824,0.8510000109672546,0.6011999845504761
YLL066C,YGL025C,0,1.567966,0.12398018687963486,0.8510000109672546,0.6013000011444092
YML008C,YPL094C,0,1.5678761,0.12396212667226791,0.8510000109672546,0.6014000177383423
YBL009W,YNL262W,0,1.5677612,0.12394407391548157,0.8510000109672546,0.6014999747276306
YBR141C,YBR127C,0,1.5677483,0.12392602115869522,0.8510000109672546,0.6015999913215637
YKR002W,YLR197W,0,1.5675528,0.12390797585248947,0.8510000109672546,0.6017000079154968
YJL168C,YHR079C-B,1,1.5665202,0.12403552234172821,0.8519999980926514,0.6017000079154968
YDL015C,YGL196W,0,1.5664413,0.12401746958494186,0.8519999980926514,0.6018000245094299
YPL147W,YPL192C,0,1.5662115,0.12399941682815552,0.8519999980926514,0.6018999814987183
YDR226W,YNL020C,0,1.5661979,0.12398137152194977,0.8519999980926514,0.6019999980926514
YDL194W,YLR248W,1,1.5659292,0.12410882860422134,0.8529999852180481,0.6019999980926514
YKL032C,YNL279W,0,1.5657673,0.124090775847435,0.8529999852180481,0.6021000146865845
YLR117C,YJL130C,0,1.5656822,0.12407273054122925,0.8529999852180481,0.6021999716758728
YPR101W,YNR059W,0,1.5656099,0.1240546852350235,0.8529999852180481,0.6022999882698059
YDL045C,YJR129C,0,1.5655959,0.12403664737939835,0.8529999852180481,0.602400004863739
YAR035W,YDR111C,0,1.5655727,0.1240186095237732,0.8529999852180481,0.6025000214576721
YNL154C,YPL280W,0,1.5647979,0.12400057911872864,0.8529999852180481,0.6025999784469604
YNL302C,YJR103W,0,1.5647032,0.12398255616426468,0.8529999852180481,0.6026999950408936
YFR051C,YAR008W,0,1.5647027,0.12396454066038132,0.8529999852180481,0.6028000116348267
YKR093W,YMR011W,0,1.5646453,0.12394652515649796,0.8529999852180481,0.6029000282287598
YDR100W,YNR035C,0,1.5644686,0.12392851710319519,0.8529999852180481,0.6029999852180481
YGR161C,YBL005W-A,0,1.5644679,0.12391051650047302,0.8529999852180481,0.6031000018119812
YMR015C,YLL067C,0,1.5642116,0.12389252334833145,0.8529999852180481,0.6032000184059143
YKL200C,YDR164C,0,1.5641704,0.12387453019618988,0.8529999852180481,0.6032999753952026
YGR239C,YLR347C,0,1.5639465,0.1238565444946289,0.8529999852180481,0.6033999919891357
YIL127C,YLR321C,0,1.5639253,0.12383855879306793,0.8529999852180481,0.6035000085830688
YPL221W,YJL124C,0,1.5637383,0.12382058054208755,0.8529999852180481,0.603600025177002
YNR024W,YMR321C,0,1.5636902,0.12380260974168777,0.8529999852180481,0.6036999821662903
YLR228C,YDR002W,0,1.5633788,0.12378464639186859,0.8529999852180481,0.6037999987602234
YDL194W,YHR079C-B,1,1.5632195,0.1239117830991745,0.8539999723434448,0.6037999987602234
YBR042C,YHL017W,0,1.5628312,0.12389380484819412,0.8539999723434448,0.6039000153541565
YGL226C-A,YGR012W,0,1.5624814,0.12387583404779434,0.8539999723434448,0.6039999723434448
YCR086W,YJL168C,1,1.5623064,0.12400290369987488,0.8550000190734863,0.6039999723434448
YDL119C,YAL030W,0,1.5616219,0.1239849179983139,0.8550000190734863,0.6040999889373779
YPL002C,YOR074C,0,1.5616002,0.12396693974733353,0.8550000190734863,0.604200005531311
YMR315W,YPL171C,0,1.5614588,0.12394896894693375,0.8550000190734863,0.6043000221252441
YLR103C,YGL210W-A,0,1.5612533,0.12393100559711456,0.8550000190734863,0.6043999791145325
YOL053C-A,YDR287W,0,1.5612369,0.12391304224729538,0.8550000190734863,0.6044999957084656
YLR222C,YGR271W,0,1.5609868,0.1238950863480568,0.8550000190734863,0.6046000123023987
YDL215C,YNL238W,0,1.5608318,0.1238771378993988,0.8550000190734863,0.6047000288963318
YKL112W,YBL105C,0,1.5607378,0.12385918945074081,0.8550000190734863,0.6047999858856201
YDL078C,YLR002C,0,1.5606148,0.12384124845266342,0.8550000190734863,0.6049000024795532
YCL074W,YKL006C-A,0,1.5600946,0.12382331490516663,0.8550000190734863,0.6050000190734863
YER139C,YKR013W,0,1.5600257,0.12380538880825043,0.8550000190734863,0.6050999760627747
YJR028W,YJR082C,0,1.5600231,0.12378746271133423,0.8550000190734863,0.6051999926567078
YBR215W,YMR061W,0,1.5594704,0.12376954406499863,0.8550000190734863,0.6053000092506409
YAR003W,YOR367W,0,1.5594134,0.12375162541866302,0.8550000190734863,0.605400025844574
YDR372C,YMR313C,0,1.5593605,0.12373372167348862,0.8550000190734863,0.6054999828338623
YMR114C,YOR327C,0,1.5593572,0.12371581792831421,0.8550000190734863,0.6055999994277954
YGR193C,YLR224W,0,1.559304,0.1236979141831398,0.8550000190734863,0.6057000160217285
YBR006W,YDL134C,0,1.5589285,0.12368002533912659,0.8550000190734863,0.6057999730110168
YNL288W,YER094C,0,1.558816,0.12366213649511337,0.8550000190734863,0.60589998960495
YOR329C,YKL029C,0,1.5586491,0.12364425510168076,0.8550000190734863,0.6060000061988831
YPL236C,YPR002W,0,1.5584855,0.12362637370824814,0.8550000190734863,0.6061000227928162
YDR108W,YLR316C,0,1.5584426,0.12360849976539612,0.8550000190734863,0.6061999797821045
YBR005W,YOL039W,0,1.5581124,0.1235906332731247,0.8550000190734863,0.6062999963760376
YLR064W,YLR391W-A,0,1.5580246,0.12357277423143387,0.8550000190734863,0.6064000129699707
YJL004C,YOR215C,0,1.557359,0.12355491518974304,0.8550000190734863,0.6065000295639038
YGR214W,YJR161C,0,1.5571499,0.12353706359863281,0.8550000190734863,0.6065999865531921
YEL043W,YAL011W,0,1.5569651,0.12351921200752258,0.8550000190734863,0.6067000031471252
YBR039W,YOR359W,0,1.5565922,0.12350137531757355,0.8550000190734863,0.6068000197410583
YPR173C,YPL015C,0,1.5563772,0.12348353862762451,0.8550000190734863,0.6068999767303467
YPR004C,YPR155C,0,1.5557826,0.12346570193767548,0.8550000190734863,0.6069999933242798
YOR247W,YOL144W,0,1.5557432,0.12344788014888763,0.8550000190734863,0.6071000099182129
YJL213W,YBR287W,0,1.5555634,0.12343005836009979,0.8550000190734863,0.607200026512146
YMR319C,YGR007W,0,1.5554438,0.12341223657131195,0.8550000190734863,0.6072999835014343
YLR413W,YGR012W,0,1.55515,0.1233944296836853,0.8550000190734863,0.6074000000953674
YGR260W,YNL281W,0,1.5549755,0.12337662279605865,0.8550000190734863,0.6075000166893005
YJR099W,YLR058C,0,1.5544899,0.1233588233590126,0.8550000190734863,0.6075999736785889
YFR010W,YPL009C,0,1.554393,0.12334102392196655,0.8550000190734863,0.607699990272522
YEL029C,YKL096W-A,0,1.5543785,0.1233232393860817,0.8550000190734863,0.6078000068664551
YIR011C,YBR119W,0,1.5543563,0.12330545485019684,0.8550000190734863,0.6079000234603882
YGR253C,YMR063W,1,1.5540326,0.12343186885118484,0.8560000061988831,0.6079000234603882
YJL187C,YLL040C,1,1.5539713,0.12355824559926987,0.8569999933242798,0.6079000234603882
YLR185W,YCR091W,0,1.5539367,0.12354043871164322,0.8569999933242798,0.6079999804496765
YPR121W,YLR163C,0,1.553844,0.12352263182401657,0.8569999933242798,0.6080999970436096
YOL042W,YJR131W,0,1.5536139,0.12350482493638992,0.8569999933242798,0.6082000136375427
YOL088C,YMR034C,0,1.5535479,0.12348703294992447,0.8569999933242798,0.608299970626831
YGR193C,YGR177C,0,1.5534666,0.12346924096345901,0.8569999933242798,0.6083999872207642
YOL126C,YNL262W,0,1.553226,0.12345145642757416,0.8569999933242798,0.6085000038146973
YMR050C,YDR429C,0,1.5532064,0.1234336718916893,0.8569999933242798,0.6086000204086304
YGL063W,YKR099C-A,0,1.5531795,0.12341590225696564,0.8569999933242798,0.6086999773979187
YDL046W,YHR098C,0,1.5531785,0.12339812517166138,0.8569999933242798,0.6087999939918518
YLR388W,YBR248C,0,1.5530689,0.12338036298751831,0.8569999933242798,0.6089000105857849
YGL063W,YKR013W,0,1.552953,0.12336260080337524,0.8569999933242798,0.609000027179718
YMR180C,YOR060C,0,1.5528741,0.12334484606981277,0.8569999933242798,0.6090999841690063
YPL176C,YHR051W,0,1.55283,0.1233270987868309,0.8569999933242798,0.6092000007629395
YCR018C,YLR085C,0,1.5526342,0.12330935150384903,0.8569999933242798,0.6093000173568726
YKR078W,YKL201C,0,1.552289,0.12329161167144775,0.8569999933242798,0.6093999743461609
YDR020C,YGR155W,0,1.5522699,0.12327387928962708,0.8569999933242798,0.609499990940094
YGL148W,YOR303W,0,1.5518308,0.1232561469078064,0.8569999933242798,0.6096000075340271
YER190W,YGL254W,0,1.5518267,0.12323842197656631,0.8569999933242798,0.6097000241279602
YGR033C,YHR058C,0,1.5517206,0.12322070449590683,0.8569999933242798,0.6097999811172485
YFL052W,YOL028C,0,1.5513041,0.12320298701524734,0.8569999933242798,0.6098999977111816
YDL214C,YFL031W,0,1.5511711,0.12318528443574905,0.8569999933242798,0.6100000143051147
YLR187W,YOR291W,0,1.5511332,0.12316757440567017,0.8569999933242798,0.6100999712944031
YPL268W,YLR071C,0,1.5510304,0.12314987927675247,0.8569999933242798,0.6101999878883362
YML006C,YEL040W,0,1.5508828,0.12313218414783478,0.8569999933242798,0.6103000044822693
YNL190W,YLR425W,0,1.5505722,0.12311449646949768,0.8569999933242798,0.6104000210762024
YJL112W,YGR209C,0,1.5499785,0.12309680879116058,0.8569999933242798,0.6104999780654907
YIL064W,YAL059W,0,1.5499616,0.12307913601398468,0.8569999933242798,0.6105999946594238
YKL069W,YGR057C,0,1.5496342,0.12306145578622818,0.8569999933242798,0.6107000112533569
YIL047C,YML028W,0,1.5495527,0.12304379045963287,0.8569999933242798,0.61080002784729
YKL138C-A,YBR059C,0,1.549469,0.12302612513303757,0.8569999933242798,0.6108999848365784
YGR044C,YML010W,0,1.5489907,0.12300846725702286,0.8569999933242798,0.6110000014305115
YBL099W,YNR024W,0,1.548938,0.12299081683158875,0.8569999933242798,0.6111000180244446
YLR005W,YJL127C,0,1.5484123,0.12297316640615463,0.8569999933242798,0.6111999750137329
YDR062W,YNL317W,0,1.548296,0.12295552343130112,0.8569999933242798,0.611299991607666
YNR002C,YML033W,0,1.548172,0.1229378879070282,0.8569999933242798,0.6114000082015991
YKR087C,YJL179W,0,1.5475276,0.12292025238275528,0.8569999933242798,0.6115000247955322
YDL070W,YHR082C,0,1.5474169,0.12290262430906296,0.8569999933242798,0.6115999817848206
YGR023W,YER022W,0,1.5472708,0.12288500368595123,0.8569999933242798,0.6116999983787537
YOL001W,YOR297C,0,1.5472512,0.12286738306283951,0.8569999933242798,0.6118000149726868
YHR190W,YBR155W,0,1.5471821,0.12284976989030838,0.8569999933242798,0.6118999719619751
YOR344C,YIL007C,0,1.546937,0.12283216416835785,0.8569999933242798,0.6119999885559082
YKL069W,YDR323C,0,1.5467937,0.12281455844640732,0.8569999933242798,0.6121000051498413
YIL144W,YGL087C,0,1.5467784,0.12279696017503738,0.8569999933242798,0.6122000217437744
YGR253C,YER046W,1,1.546592,0.1229226365685463,0.8579999804496765,0.6122000217437744
YJR129C,YMR061W,0,1.5464175,0.12290503084659576,0.8579999804496765,0.6122999787330627
YKL149C,YOL158C,0,1.5463738,0.12288742512464523,0.8579999804496765,0.6123999953269958
YDR186C,YLR145W,0,1.546273,0.1228698268532753,0.8579999804496765,0.612500011920929
YBL009W,YHR020W,0,1.5461898,0.12285223603248596,0.8579999804496765,0.6126000285148621
YMR099C,YPL242C,0,1.546066,0.12283464521169662,0.8579999804496765,0.6126999855041504
YDL189W,YIL120W,0,1.5459349,0.12281706184148788,0.8579999804496765,0.6128000020980835
YDR201W,YPL036W,0,1.5452261,0.12279948592185974,0.8579999804496765,0.6129000186920166
YLR350W,YHR062C,0,1.5447986,0.1227819100022316,0.8579999804496765,0.6129999756813049
YBR211C,YML045W,0,1.544692,0.12276434153318405,0.8579999804496765,0.613099992275238
YDR323C,YOL075C,0,1.5440514,0.1227467805147171,0.8579999804496765,0.6132000088691711
YER056C,YPL133C,0,1.5440364,0.12272922694683075,0.8579999804496765,0.6133000254631042
YHR001W-A,YNL175C,0,1.5435097,0.1227116733789444,0.8579999804496765,0.6133999824523926
YOL011W,YNL067W,0,1.5432701,0.12269411981105804,0.8579999804496765,0.6134999990463257
YER073W,YNL097C,0,1.5431981,0.12267658114433289,0.8579999804496765,0.6136000156402588
YJL103C,YLR229C,0,1.5430715,0.12265904247760773,0.8579999804496765,0.6136999726295471
YCR073C,YGR012W,0,1.5428457,0.12264151126146317,0.8579999804496765,0.6137999892234802
YDR221W,YDL142C,0,1.5428357,0.1226239800453186,0.8579999804496765,0.6139000058174133
YJL141C,YBR133C,0,1.5427194,0.12260645627975464,0.8579999804496765,0.6140000224113464
YGR204W,YGL028C,0,1.5424688,0.12258893996477127,0.8579999804496765,0.6140999794006348
YDR451C,YER046W,1,1.5423803,0.12271428853273392,0.859000027179718,0.6140999794006348
YML029W,YBR101C,0,1.5419617,0.12269675731658936,0.859000027179718,0.6141999959945679
YGR198W,YMR232W,0,1.5418749,0.12267923355102539,0.859000027179718,0.614300012588501
YIL014W,YNL230C,0,1.5417793,0.12266171723604202,0.859000027179718,0.6144000291824341
YOL098C,YHR084W,0,1.5417566,0.12264420092105865,0.859000027179718,0.6144999861717224
YPL082C,YML051W,0,1.5417438,0.12262669205665588,0.859000027179718,0.6146000027656555
YDR222W,YOR358W,0,1.5413675,0.12260919064283371,0.859000027179718,0.6147000193595886
YLR384C,YCR083W,0,1.541184,0.12259169667959213,0.859000027179718,0.614799976348877
YHR050W,YBR130C,0,1.5410812,0.12257420271635056,0.859000027179718,0.6148999929428101
YKL051W,YJL053W,0,1.5406096,0.12255671620368958,0.859000027179718,0.6150000095367432
YBR107C,YKR099W,1,1.5405357,0.1226818859577179,0.8600000143051147,0.6150000095367432
YNL298W,YGR125W,0,1.5405076,0.12266438454389572,0.8600000143051147,0.6151000261306763
YGL245W,YNR031C,0,1.5401168,0.12264689058065414,0.8600000143051147,0.6151999831199646
YBR037C,YEL012W,0,1.5400934,0.12262940406799316,0.8600000143051147,0.6152999997138977
YOR028C,YGR245C,0,1.5400319,0.12261191755533218,0.8600000143051147,0.6154000163078308
YPL176C,YBR221C,0,1.5396419,0.1225944384932518,0.8600000143051147,0.6154999732971191
YLR105C,YLR259C,0,1.5393052,0.12257696688175201,0.8600000143051147,0.6155999898910522
YDL066W,YDR460W,0,1.5391476,0.12255949527025223,0.8600000143051147,0.6157000064849854
YOR371C,YOR378W,0,1.5389581,0.12254203110933304,0.8600000143051147,0.6158000230789185
YCR065W,YPR182W,0,1.5388985,0.12252457439899445,0.8600000143051147,0.6158999800682068
YLR033W,YPL029W,0,1.5387442,0.12250712513923645,0.8600000143051147,0.6159999966621399
YGL121C,YDR301W,0,1.5386491,0.12248967587947845,0.8600000143051147,0.616100013256073
YDR516C,YBR098W,1,1.5386028,0.12261463701725006,0.8610000014305115,0.616100013256073
YDR131C,YBR080C,0,1.538404,0.12259718030691147,0.8610000014305115,0.6161999702453613
YKL129C,YGR007W,0,1.53778,0.12257972359657288,0.8610000014305115,0.6162999868392944
YGL053W,YDR041W,0,1.5373781,0.12256227433681488,0.8610000014305115,0.6164000034332275
YDL179W,YCL012W,0,1.5368011,0.12254483252763748,0.8610000014305115,0.6165000200271606
YHR063C,YOL129W,0,1.5367839,0.12252739071846008,0.8610000014305115,0.616599977016449
YBR077C,YBR210W,0,1.5366092,0.12250996381044388,0.8610000014305115,0.6166999936103821
YNL064C,YBR271W,0,1.5364866,0.12249252945184708,0.8610000014305115,0.6168000102043152
YGR048W,YPR025C,0,1.5364814,0.12247510999441147,0.8610000014305115,0.6169000267982483
YNL177C,YPR020W,0,1.5363564,0.12245769053697586,0.8610000014305115,0.6169999837875366
YDR339C,YNL262W,0,1.5360754,0.12244027107954025,0.8610000014305115,0.6171000003814697
YHR007C,YGR138C,0,1.5360622,0.12242286652326584,0.8610000014305115,0.6172000169754028
YMR267W,YFR047C,0,1.535774,0.12240546196699142,0.8610000014305115,0.6172999739646912
YFL009W,YJL124C,0,1.5355949,0.12238805741071701,0.8610000014305115,0.6173999905586243
YBR139W,YKL061W,0,1.535454,0.12237066775560379,0.8610000014305115,0.6175000071525574
YEL070W,YBR029C,0,1.5353844,0.12235327810049057,0.8610000014305115,0.6176000237464905
YIR011C,YLR167W,0,1.53526,0.12233588844537735,0.8610000014305115,0.6176999807357788
YEL069C,YKL205W,0,1.535182,0.12231851369142532,0.8610000014305115,0.6177999973297119
YAL039C,YJL197W,0,1.5351276,0.1223011389374733,0.8610000014305115,0.617900013923645
YLL016W,YOR198C,0,1.5349312,0.12228376418352127,0.8610000014305115,0.6179999709129333
YOL027C,YDR515W,0,1.5349009,0.12226640433073044,0.8610000014305115,0.6180999875068665
YPL221W,YML028W,0,1.5346856,0.1222490444779396,0.8610000014305115,0.6182000041007996
YJL160C,YLR300W,0,1.5343659,0.12223168462514877,0.8610000014305115,0.6183000206947327
YJL174W,YDR194C,0,1.5342298,0.12221433967351913,0.8610000014305115,0.618399977684021
YML006C,YBL045C,0,1.5338957,0.1221969947218895,0.8610000014305115,0.6184999942779541
YPR149W,YGL245W,0,1.5337963,0.12217964977025986,0.8610000014305115,0.6186000108718872
YFL052W,YCR071C,0,1.5337913,0.12216231226921082,0.8610000014305115,0.6187000274658203
YKL152C,YDL102W,0,1.5336583,0.12214498221874237,0.8610000014305115,0.6187999844551086
YKR087C,YDL140C,0,1.5331821,0.12212765961885452,0.8610000014305115,0.6189000010490417
YBR167C,YCR070W,0,1.533155,0.12211033701896667,0.8610000014305115,0.6190000176429749
YNL239W,YOR232W,0,1.533078,0.12209302186965942,0.8610000014305115,0.6190999746322632
YMR011W,YEL071W,0,1.5330133,0.12207571417093277,0.8610000014305115,0.6191999912261963
YOL116W,YBR126C,0,1.5324924,0.12205840647220612,0.8610000014305115,0.6193000078201294
YPR196W,YOR377W,0,1.5322645,0.12204110622406006,0.8610000014305115,0.6194000244140625
YHR005C-A,YDR463W,0,1.5318565,0.122023805975914,0.8610000014305115,0.6194999814033508
YIL133C,YOL111C,0,1.5318348,0.12200652062892914,0.8610000014305115,0.6195999979972839
YGL208W,YAR031W,0,1.531733,0.12198923528194427,0.8610000014305115,0.619700014591217
YEL024W,YHR005C,0,1.5314767,0.12197194993495941,0.8610000014305115,0.6197999715805054
YNR017W,YPR056W,0,1.5311358,0.12195467203855515,0.8610000014305115,0.6198999881744385
YOR279C,YDL002C,0,1.5311062,0.12193740159273148,0.8610000014305115,0.6200000047683716
YIL016W,YHR003C,0,1.5308628,0.1219201385974884,0.8610000014305115,0.6201000213623047
YNL326C,YMR295C,0,1.5306416,0.12190287560224533,0.8610000014305115,0.620199978351593
YHL028W,YDR461W,0,1.5302784,0.12188562005758286,0.8610000014305115,0.6202999949455261
YHR113W,YLR376C,0,1.5302675,0.12186836451292038,0.8610000014305115,0.6204000115394592
YBR115C,YPL138C,0,1.5301645,0.1218511164188385,0.8610000014305115,0.6205000281333923
YOL144W,YKR045C,0,1.530082,0.12183387577533722,0.8610000014305115,0.6205999851226807
YGR083C,YOR130C,0,1.5296578,0.12181663513183594,0.8610000014305115,0.6207000017166138
YOL027C,YAL011W,0,1.5296004,0.12179940938949585,0.8610000014305115,0.6208000183105469
YNL224C,YOR232W,0,1.5294409,0.12178217619657516,0.8610000014305115,0.6208999752998352
YPL189W,YPL280W,0,1.5293837,0.12176495790481567,0.8610000014305115,0.6209999918937683
YOL094C,YAL024C,0,1.5293384,0.12174773961305618,0.8610000014305115,0.6211000084877014
YNL058C,YNL145W,0,1.5292854,0.12173052132129669,0.8610000014305115,0.6212000250816345
YJR048W,YBR265W,0,1.5291634,0.1217133179306984,0.8610000014305115,0.6212999820709229
YPL010W,YJR099W,0,1.5288997,0.1216961145401001,0.8610000014305115,0.621399998664856
YER167W,YAL016W,0,1.5288398,0.1216789111495018,0.8610000014305115,0.6215000152587891
YDR261C,YEL077C,0,1.5285995,0.1216617226600647,0.8610000014305115,0.6215999722480774
YNL216W,YPL009C,0,1.5285959,0.1216445341706276,0.8610000014305115,0.6216999888420105
YGL190C,YLR425W,0,1.5285552,0.12162734568119049,0.8610000014305115,0.6218000054359436
YKR065C,YDR485C,0,1.5285451,0.12161017209291458,0.8610000014305115,0.6219000220298767
YDR034C,YJL091C,0,1.5283594,0.12159299850463867,0.8610000014305115,0.621999979019165
YJL047C,YBL067C,0,1.5283453,0.12157582491636276,0.8610000014305115,0.6220999956130981
YIL091C,YPR086W,0,1.5283201,0.12155865877866745,0.8610000014305115,0.6222000122070312
YJL095W,YPR181C,0,1.5275543,0.12154150009155273,0.8610000014305115,0.6223000288009644
YLR025W,YNR069C,0,1.5275018,0.12152434885501862,0.8610000014305115,0.6223999857902527
YNL240C,YCL057W,0,1.5274532,0.1215071976184845,0.8610000014305115,0.6225000023841858
YFR010W,YKL013C,0,1.5274312,0.12149005383253098,0.8610000014305115,0.6226000189781189
YCL045C,YPL266W,0,1.527199,0.12147291004657745,0.8610000014305115,0.6226999759674072
YPL087W,YBL098W,0,1.5269959,0.12145577371120453,0.8610000014305115,0.6227999925613403
YKR064W,YPL210C,0,1.5269806,0.1214386448264122,0.8610000014305115,0.6229000091552734
YNL153C,YIR031C,0,1.5265653,0.12142152339220047,0.8610000014305115,0.6230000257492065
YDL040C,YER159C,0,1.5264251,0.12140440195798874,0.8610000014305115,0.6230999827384949
YFL024C,YAR066W,0,1.5263329,0.12138728052377701,0.8610000014305115,0.623199999332428
YDR371W,YOR090C,0,1.5260882,0.12137017399072647,0.8610000014305115,0.6233000159263611
YPR104C,YBL011W,0,1.5260756,0.12135306745767593,0.8610000014305115,0.6233999729156494
YIR035C,YGL134W,0,1.5260329,0.1213359609246254,0.8610000014305115,0.6234999895095825
YLR003C,YLR361C,0,1.5254123,0.12131886929273605,0.8610000014305115,0.6236000061035156
YDL084W,YKL217W,0,1.5253961,0.12130177766084671,0.8610000014305115,0.6237000226974487
YFR021W,YBR204C,0,1.5253103,0.12128468602895737,0.8610000014305115,0.6237999796867371
YDR225W,YIL177C,0,1.5252645,0.12126760929822922,0.8610000014305115,0.6238999962806702
YFL024C,YBL056W,0,1.5252273,0.12125052511692047,0.8610000014305115,0.6240000128746033
YDR332W,YIL065C,0,1.5251851,0.12123345583677292,0.8610000014305115,0.6241000294685364
YLR342W,YOR283W,0,1.5250878,0.12121638655662537,0.8610000014305115,0.6241999864578247
YDR180W,YOL057W,0,1.5247862,0.12119932472705841,0.8610000014305115,0.6243000030517578
YOR016C,YKR077W,0,1.5245554,0.12118226289749146,0.8610000014305115,0.6244000196456909
YGL083W,YOR158W,0,1.5245225,0.1211652159690857,0.8610000014305115,0.6244999766349792
YKR080W,YJL042W,0,1.524503,0.12114816159009933,0.8610000014305115,0.6245999932289124
YER115C,YDL029W,1,1.5242715,0.12127180397510529,0.8619999885559082,0.6245999932289124
YNL027W,YJL013C,0,1.5242586,0.12125474959611893,0.8619999885559082,0.6247000098228455
YLR341W,YNL102W,1,1.5237858,0.1213783398270607,0.8629999756813049,0.6247000098228455
YJL012C-A,YNL299W,0,1.5236208,0.12136127054691315,0.8629999756813049,0.6248000264167786
YNL005C,YDR153C,0,1.5235674,0.12134420871734619,0.8629999756813049,0.6248999834060669
YML007W,YGR212W,0,1.5233026,0.12132714688777924,0.8629999756813049,0.625
YDL154W,YNL202W,1,1.5229719,0.12145066261291504,0.8640000224113464,0.625
YJL184W,YKL174C,0,1.5228353,0.12143359333276749,0.8640000224113464,0.6251000165939331
YML062C,YGR010W,0,1.5227859,0.12141652405261993,0.8640000224113464,0.6251999735832214
YDR226W,YPR135W,0,1.5225439,0.12139946967363358,0.8640000224113464,0.6252999901771545
YPR094W,YEL039C,0,1.5224586,0.12138240784406662,0.8640000224113464,0.6254000067710876
YGR065C,YDR108W,0,1.5221736,0.12136536091566086,0.8640000224113464,0.6255000233650208
YGL065C,YHR077C,0,1.5221069,0.1213483139872551,0.8640000224113464,0.6255999803543091
YOL124C,YPR025C,0,1.5220401,0.12133127450942993,0.8640000224113464,0.6256999969482422
YKR089C,YBR216C,0,1.5217941,0.12131423503160477,0.8640000224113464,0.6258000135421753
YHR110W,YER019W,0,1.5216227,0.1212972030043602,0.8640000224113464,0.6258999705314636
YDR449C,YGL226W,0,1.5216024,0.12128017842769623,0.8640000224113464,0.6259999871253967
YML021C,YGL133W,0,1.521522,0.12126316130161285,0.8640000224113464,0.6261000037193298
YPL183W-A,YGL048C,0,1.5213764,0.12124614417552948,0.8640000224113464,0.6262000203132629
YGR271C-A,YBR125C,0,1.5211875,0.1212291270494461,0.8640000224113464,0.6262999773025513
YAL030W,YGR084C,0,1.5211298,0.12121212482452393,0.8640000224113464,0.6263999938964844
YPR029C,YJR095W,0,1.5210979,0.12119511514902115,0.8640000224113464,0.6265000104904175
YOL145C,YGR221C,0,1.5210159,0.12117812037467957,0.8640000224113464,0.6266000270843506
YDR023W,YER144C,0,1.5209751,0.12116112560033798,0.8640000224113464,0.6266999840736389
YMR194W,YGL124C,0,1.5209398,0.121144138276577,0.8640000224113464,0.626800000667572
YOR367W,YGR169C,0,1.5203133,0.1211271584033966,0.8640000224113464,0.6269000172615051
YCL074W,YOR045W,0,1.5202348,0.12111017853021622,0.8640000224113464,0.6269999742507935
YJR056C,YLR309C,0,1.5201228,0.12109320610761642,0.8640000224113464,0.6270999908447266
YNL229C,YGR098C,0,1.5199091,0.12107623368501663,0.8640000224113464,0.6272000074386597
YMR239C,YPR131C,0,1.5198576,0.12105926871299744,0.8640000224113464,0.6273000240325928
YGL144C,YBR155W,0,1.5196433,0.12104231119155884,0.8640000224113464,0.6273999810218811
YLR054C,YAL068C,1,1.5195129,0.121165432035923,0.8650000095367432,0.6273999810218811
YEL056W,YGL014W,0,1.5194504,0.12114845961332321,0.8650000095367432,0.6274999976158142
YLR395C,YCR003W,0,1.5193186,0.12113149464130402,0.8650000095367432,0.6276000142097473
YHL025W,YFR053C,0,1.5189583,0.12111453711986542,0.8650000095367432,0.6276999711990356
YPL189W,YDR119W,0,1.5189517,0.12109757959842682,0.8650000095367432,0.6277999877929688
YKR057W,YHL026C,0,1.5188992,0.12108062952756882,0.8650000095367432,0.6279000043869019
YOR227W,YGR255C,0,1.5187619,0.12106367945671082,0.8650000095367432,0.628000020980835
YDR082W,YJR147W,0,1.5184333,0.12104673683643341,0.8650000095367432,0.6280999779701233
YER056C,YLR240W,0,1.5183234,0.1210298016667366,0.8650000095367432,0.6281999945640564
YFR047C,YIL087C,0,1.5179777,0.12101287394762039,0.8650000095367432,0.6283000111579895
YKR001C,YCL004W,0,1.5178711,0.12099594622850418,0.8650000095367432,0.6284000277519226
YBR161W,YPR181C,0,1.5175242,0.12097901850938797,0.8650000095367432,0.6284999847412109
YLR037C,YJL171C,0,1.5174055,0.12096210569143295,0.8650000095367432,0.628600001335144
YCR018C,YJR132W,0,1.5170772,0.12094519287347794,0.8650000095367432,0.6287000179290771
YGL255W,YMR092C,0,1.5168824,0.12092828005552292,0.8650000095367432,0.6287999749183655
YMR136W,YBR153W,0,1.5166736,0.1209113746881485,0.8650000095367432,0.6288999915122986
YFR018C,YKL220C,0,1.5166574,0.12089447677135468,0.8650000095367432,0.6290000081062317
YGL115W,YKL185W,0,1.516618,0.12087758630514145,0.8650000095367432,0.6291000247001648
YOR148C,YLR005W,0,1.5161469,0.12086069583892822,0.8650000095367432,0.6291999816894531
YDL207W,YNL257C,0,1.5156841,0.1208438128232956,0.8650000095367432,0.6292999982833862
YDL232W,YDL036C,0,1.5155475,0.12082692980766296,0.8650000095367432,0.6294000148773193
YKL144C,YHL012W,0,1.5153999,0.12081005424261093,0.8650000095367432,0.6294999718666077
YMR019W,YDR002W,0,1.5152321,0.1207931861281395,0.8650000095367432,0.6295999884605408
YOR388C,YMR321C,0,1.5151386,0.12077631801366806,0.8650000095367432,0.6297000050544739
YDL040C,YKL096W-A,0,1.5147297,0.12075945734977722,0.8650000095367432,0.629800021648407
YLR166C,YBR169C,0,1.5147219,0.12074260413646698,0.8650000095367432,0.6298999786376953
YLR095C,YKR103W,0,1.5142488,0.12072575092315674,0.8650000095367432,0.6299999952316284
YPR023C,YML033W,0,1.5141525,0.1207089051604271,0.8650000095367432,0.6301000118255615
YDR449C,YGR098C,0,1.513808,0.12069205939769745,0.8650000095367432,0.6302000284194946
YOR148C,YLR155C,0,1.5136826,0.1206752210855484,0.8650000095367432,0.630299985408783
YMR021C,YPL265W,0,1.5135174,0.12065839022397995,0.8650000095367432,0.6304000020027161
YPR125W,YCL004W,0,1.5134351,0.1206415593624115,0.8650000095367432,0.6305000185966492
YGR013W,YER006W,0,1.5130622,0.12062473595142365,0.8650000095367432,0.6305999755859375
YPL081W,YBL050W,0,1.5130129,0.12060791999101639,0.8650000095367432,0.6306999921798706
YOR360C,YJL059W,0,1.5128033,0.12059110403060913,0.8650000095367432,0.6308000087738037
YPR043W,YLR421C,0,1.5126357,0.12057429552078247,0.8650000095367432,0.6309000253677368
YBR199W,YOR358W,0,1.5125937,0.12055749446153641,0.8650000095367432,0.6309999823570251
YJL018W,YIL132C,1,1.5124896,0.12068004161119461,0.8659999966621399,0.6309999823570251
YLR301W,YNR003C,0,1.5122912,0.12066323310136795,0.8659999966621399,0.6310999989509583
YPL196W,YBR239C,0,1.5122387,0.1206464171409607,0.8659999966621399,0.6312000155448914
YHR016C,YMR083W,0,1.5121441,0.12062961608171463,0.8659999966621399,0.6312999725341797
YDL107W,YDL022W,0,1.5115802,0.12061281502246857,0.8659999966621399,0.6313999891281128
YOR329C,YIR018W,0,1.5115423,0.1205960139632225,0.8659999966621399,0.6315000057220459
YCR043C,YOR188W,0,1.5114403,0.12057922780513763,0.8659999966621399,0.631600022315979
YDL189W,YNL262W,0,1.5113769,0.12056244164705276,0.8659999966621399,0.6316999793052673
YKL032C,YKL025C,0,1.511312,0.1205456554889679,0.8659999966621399,0.6317999958992004
YKR103W,YJR002W,0,1.5110571,0.12052887678146362,0.8659999966621399,0.6319000124931335
YCR069W,YGL144C,0,1.5107467,0.12051210552453995,0.8659999966621399,0.6320000290870667
YFL011W-A,YKL054C,0,1.5101604,0.12049534171819687,0.8659999966621399,0.632099986076355
YMR180C,YJL006C,0,1.5097356,0.12047857791185379,0.8659999966621399,0.6322000026702881
YDL066W,YKL074C,0,1.5095716,0.12046181410551071,0.8659999966621399,0.6323000192642212
YAL059W,YDL240W,0,1.5093122,0.12044506520032883,0.8659999966621399,0.6323999762535095
YOR231W,YEL040W,0,1.5092802,0.12042831629514694,0.8659999966621399,0.6324999928474426
YOR367W,YMR113W,0,1.509134,0.12041156738996506,0.8659999966621399,0.6326000094413757
YKL200C,YOR320C,0,1.5090845,0.12039482593536377,0.8659999966621399,0.6327000260353088
YPR046W,YGR203W,0,1.5086675,0.12037809193134308,0.8659999966621399,0.6327999830245972
YML039W,YBR228W,0,1.5081525,0.12036136537790298,0.8659999966621399,0.6328999996185303
YKR103W,YIL053W,0,1.5080895,0.12034463882446289,0.8659999966621399,0.6330000162124634
YDR244W,YLR189C,0,1.507865,0.1203279122710228,0.8659999966621399,0.6330999732017517
YPL223C,YBR208C,0,1.5078621,0.1203112006187439,0.8659999966621399,0.6331999897956848
YCL052C,YKL148C,0,1.5075152,0.120294488966465,0.8659999966621399,0.6333000063896179
YNL130C,YJR105W,0,1.5068798,0.1202777773141861,0.8659999966621399,0.633400022983551
YNL305C,YER065C,0,1.5068569,0.12026107311248779,0.8659999966621399,0.6334999799728394
YIL142W,YDL211C,0,1.5068007,0.12024437636137009,0.8659999966621399,0.6335999965667725
YEL019C,YDR034C,0,1.5059226,0.12022767961025238,0.8659999966621399,0.6337000131607056
YLR083C,YPR022C,0,1.5056932,0.12021099030971527,0.8659999966621399,0.6338000297546387
YBR046C,YLL051C,0,1.5055933,0.12019430845975876,0.8659999966621399,0.633899986743927
YJL197W,YOR118W,0,1.5054843,0.12017762660980225,0.8659999966621399,0.6340000033378601
YHR051W,YOR301W,0,1.5054076,0.12016095221042633,0.8659999966621399,0.6341000199317932
YAL002W,YDL121C,0,1.5053115,0.12014428526163101,0.8659999966621399,0.6341999769210815
YPL004C,YPR133C,0,1.5051949,0.1201276183128357,0.8659999966621399,0.6342999935150146
YPR101W,YDL093W,0,1.5050211,0.12011095881462097,0.8659999966621399,0.6344000101089478
YBL112C,YLR069C,0,1.5050001,0.12009429931640625,0.8659999966621399,0.6345000267028809
YBR044C,YPR008W,0,1.5046029,0.12007764726877213,0.8659999966621399,0.6345999836921692
YNR024W,YMR220W,0,1.504298,0.1200610026717186,0.8659999966621399,0.6347000002861023
YBL004W,YOR295W,0,1.5042093,0.12004435807466507,0.8659999966621399,0.6348000168800354
YNL041C,YDR469W,0,1.5037401,0.12002772092819214,0.8659999966621399,0.6348999738693237
YEL060C,YDL243C,0,1.5037282,0.12001108378171921,0.8659999966621399,0.6349999904632568
YPL003W,YGR287C,0,1.5036833,0.11999445408582687,0.8659999966621399,0.6351000070571899
YJL096W,YOR144C,0,1.502989,0.11997783184051514,0.8659999966621399,0.635200023651123
YOR316C,YGL111W,0,1.5028882,0.119961217045784,0.8659999966621399,0.6352999806404114
YNR067C,YHR150W,0,1.502795,0.11994459480047226,0.8659999966621399,0.6353999972343445
YGL151W,YJL191W,0,1.502645,0.11992798745632172,0.8659999966621399,0.6355000138282776
YLR413W,YKL144C,0,1.5025303,0.11991138011217117,0.8659999966621399,0.6355999708175659
YLR004C,YMR321C,0,1.5022883,0.11989478021860123,0.8659999966621399,0.635699987411499
YJR107W,YHR072W,0,1.5022657,0.11987818032503128,0.8659999966621399,0.6358000040054321
YNL173C,YGR252W,0,1.5021725,0.11986159533262253,0.8659999966621399,0.6359000205993652
YMR200W,YAL015C,0,1.5020449,0.11984500288963318,0.8659999966621399,0.6359999775886536
YPL244C,YMR176W,0,1.5019312,0.11982841789722443,0.8659999966621399,0.6360999941825867
YKL182W,YNL222W,0,1.5018921,0.11981184035539627,0.8659999966621399,0.6362000107765198
YDR469W,YPL045W,0,1.5018518,0.11979527026414871,0.8659999966621399,0.6363000273704529
YEL027W,YCL034W,0,1.5006874,0.11977870017290115,0.8659999966621399,0.6363999843597412
YNR038W,YOR214C,0,1.5004423,0.11976213753223419,0.8659999966621399,0.6365000009536743
YIL123W,YOR085W,0,1.5000768,0.11974557489156723,0.8659999966621399,0.6366000175476074
YOR077W,YER123W,0,1.5000513,0.11972901970148087,0.8659999966621399,0.6366999745368958
YJR161C,YNL092W,0,1.500046,0.1197124719619751,0.8659999966621399,0.6367999911308289
YDL181W,YJL160C,0,1.4999061,0.11969592422246933,0.8659999966621399,0.636900007724762
YNL117W,YPR131C,0,1.4994714,0.11967938393354416,0.8659999966621399,0.6370000243186951
YIL017W,YAL056W,1,1.4993889,0.11980102211236954,0.8669999837875366,0.6370000243186951
YOL066C,YFL017W-A,0,1.4993284,0.11978447437286377,0.8669999837875366,0.6370999813079834
YPL097W,YDL189W,0,1.498766,0.119767926633358,0.8669999837875366,0.6371999979019165
YPL217C,YGR004W,0,1.4986367,0.11975137889385223,0.8669999837875366,0.6373000144958496
YDR361C,YMR168C,0,1.4981227,0.11973484605550766,0.8669999837875366,0.6373999714851379
YBR260C,YDR246W,0,1.4980526,0.11971831321716309,0.8669999837875366,0.637499988079071
YFL022C,YNL265C,0,1.4979129,0.11970178037881851,0.8669999837875366,0.6376000046730042
YOR361C,YPR075C,0,1.4976149,0.11968525499105453,0.8669999837875366,0.6377000212669373
YJR092W,YLR002C,0,1.4975085,0.11966873705387115,0.8669999837875366,0.6377999782562256
YKL078W,YFL025C,0,1.4972878,0.11965221911668777,0.8669999837875366,0.6378999948501587
YPL132W,YGL234W,0,1.4968681,0.11963570863008499,0.8669999837875366,0.6380000114440918
YLR429W,YPR185W,0,1.4967287,0.1196192055940628,0.8669999837875366,0.6381000280380249
YLR143W,YOL108C,0,1.4962976,0.11960270255804062,0.8669999837875366,0.6381999850273132
YDR419W,YGR283C,0,1.4956198,0.11958620697259903,0.8669999837875366,0.6383000016212463
YPR091C,YPR127W,0,1.4955714,0.11956971138715744,0.8669999837875366,0.6384000182151794
YIL064W,YPL151C,0,1.4949796,0.11955322325229645,0.8669999837875366,0.6384999752044678
YBR118W,YJR091C,0,1.4947932,0.11953674256801605,0.8669999837875366,0.6385999917984009
YDL119C,YDR371W,0,1.4945571,0.11952026188373566,0.8669999837875366,0.638700008392334
YLR029C,YER162C,0,1.4945507,0.11950378865003586,0.8669999837875366,0.6388000249862671
YJL137C,YKR018C,0,1.494529,0.11948732286691666,0.8669999837875366,0.6388999819755554
YGR277C,YDR090C,0,1.4945087,0.11947085708379745,0.8669999837875366,0.6389999985694885
YNR021W,YLR153C,0,1.4944222,0.11945439875125885,0.8669999837875366,0.6391000151634216
YPR006C,YDR280W,0,1.4939616,0.11943794041872025,0.8669999837875366,0.63919997215271
YJR144W,YNL065W,0,1.493926,0.11942148953676224,0.8669999837875366,0.6392999887466431
YJL034W,YNL302C,0,1.4934504,0.11940503865480423,0.8669999837875366,0.6394000053405762
YJR129C,YNL209W,0,1.4934175,0.11938859522342682,0.8669999837875366,0.6395000219345093
YOL001W,YOR193W,0,1.4932451,0.11937215924263,0.8669999837875366,0.6395999789237976
YPL217C,YMR054W,0,1.4930565,0.11935572326183319,0.8669999837875366,0.6396999955177307
YIL064W,YLR050C,0,1.493053,0.11933929473161697,0.8669999837875366,0.6398000121116638
YDR296W,YOR216C,0,1.4921184,0.11932287365198135,0.8669999837875366,0.6399000287055969
YNL020C,YHR108W,0,1.4917567,0.11930645257234573,0.8669999837875366,0.6399999856948853
YBL006C,YGL017W,0,1.4913809,0.11929003894329071,0.8669999837875366,0.6401000022888184
YOL068C,YGL184C,0,1.4913733,0.11927362531423569,0.8669999837875366,0.6402000188827515
YPR167C,YML131W,0,1.4912279,0.11925721913576126,0.8669999837875366,0.6402999758720398
YLR275W,YGR138C,0,1.4909523,0.11924082040786743,0.8669999837875366,0.6403999924659729
YDR304C,YPR182W,0,1.490571,0.1192244216799736,0.8669999837875366,0.640500009059906
YOR362C,YBR254C,0,1.4900365,0.11920803040266037,0.8669999837875366,0.6406000256538391
YJL058C,YPL108W,0,1.4898868,0.11919163912534714,0.8669999837875366,0.6406999826431274
YGR109C,YMR001C,1,1.4896753,0.11931271106004715,0.8679999709129333,0.6406999826431274
YLL018C,YPR151C,0,1.4896393,0.11929631978273392,0.8679999709129333,0.6407999992370605
YJL196C,YPL112C,0,1.4895136,0.11927992105484009,0.8679999709129333,0.6409000158309937
YEL070W,YGR181W,0,1.4893444,0.11926353722810745,0.8679999709129333,0.640999972820282
YLR066W,YNL156C,0,1.4891195,0.11924714595079422,0.8679999709129333,0.6410999894142151
YNL262W,YBR265W,0,1.4887037,0.11923076957464218,0.8679999709129333,0.6412000060081482
YMR276W,YBR294W,0,1.4886699,0.11921439319849014,0.8679999709129333,0.6413000226020813
YDR148C,YLR233C,0,1.4883502,0.1191980242729187,0.8679999709129333,0.6413999795913696
YMR301C,YCL057W,0,1.4877579,0.11918165534734726,0.8679999709129333,0.6414999961853027
YMR266W,YNL317W,0,1.4875321,0.11916529387235641,0.8679999709129333,0.6416000127792358
YOL112W,YBR189W,0,1.4871573,0.11914893984794617,0.8679999709129333,0.641700029373169
YGL233W,YPR175W,0,1.486404,0.11913258582353592,0.8679999709129333,0.6417999863624573
YCL005W-A,YCR089W,0,1.4863164,0.11911623179912567,0.8679999709129333,0.6419000029563904
YGL160W,YKR028W,0,1.4863131,0.11909989267587662,0.8679999709129333,0.6420000195503235
YDL161W,YML111W,0,1.4858389,0.11908355355262756,0.8679999709129333,0.6420999765396118
YJL079C,YNL178W,0,1.4858248,0.11906721442937851,0.8679999709129333,0.6421999931335449
YDL107W,YPL050C,0,1.4857464,0.11905088275671005,0.8679999709129333,0.642300009727478
YDR484W,YDL002C,0,1.4857204,0.11903455853462219,0.8679999709129333,0.6424000263214111
YDR235W,YGL064C,0,1.4857011,0.11901823431253433,0.8679999709129333,0.6424999833106995
YOR304W,YER021W,0,1.4855349,0.11900191754102707,0.8679999709129333,0.6425999999046326
YIL022W,YKL016C,0,1.4854875,0.1189856082201004,0.8679999709129333,0.6427000164985657
YBR104W,YLR293C,0,1.4853456,0.11896929889917374,0.8679999709129333,0.642799973487854
YJL200C,YHR209W,0,1.4851003,0.11895299702882767,0.8679999709129333,0.6428999900817871
YLR352W,YJL141C,0,1.4848826,0.1189366951584816,0.8679999709129333,0.6430000066757202
YJL024C,YOR251C,0,1.4845891,0.11892040073871613,0.8679999709129333,0.6431000232696533
YCR079W,YOR117W,0,1.484525,0.11890410631895065,0.8679999709129333,0.6431999802589417
YNL145W,YLR129W,0,1.4845116,0.11888782680034637,0.8679999709129333,0.6432999968528748
YDL134C-A,YMR015C,0,1.4844999,0.1188715398311615,0.8679999709129333,0.6434000134468079
YJL076W,YDL193W,0,1.4843235,0.11885526776313782,0.8679999709129333,0.6434999704360962
YGR276C,YOR287C,0,1.4843111,0.11883899569511414,0.8679999709129333,0.6435999870300293
YOL011W,YER008C,0,1.4841707,0.11882272362709045,0.8679999709129333,0.6437000036239624
YKR087C,YJL207C,0,1.4839349,0.11880645900964737,0.8679999709129333,0.6438000202178955
YBR098W,YDR512C,1,1.4838905,0.11892705410718918,0.8690000176429749,0.6438000202178955
YFL013C,YNR055C,0,1.4836125,0.1189107820391655,0.8690000176429749,0.6438999772071838
YPR034W,YLR426W,0,1.4831696,0.11889450997114182,0.8690000176429749,0.6439999938011169
YFR004W,YKL174C,0,1.4831543,0.11887824535369873,0.8690000176429749,0.64410001039505
YKL145W,YHL031C,0,1.4830344,0.11886198818683624,0.8690000176429749,0.6442000269889832
YOL089C,YLR226W,0,1.4828496,0.11884573101997375,0.8690000176429749,0.6442999839782715
YHR188C,YJL006C,0,1.4827528,0.11882948130369186,0.8690000176429749,0.6444000005722046
YBL089W,YLR426W,0,1.4827242,0.11881323158740997,0.8690000176429749,0.6445000171661377
YOL165C,YLR229C,0,1.4824607,0.11879698932170868,0.8690000176429749,0.644599974155426
YDR080W,YER022W,0,1.4824488,0.11878075450658798,0.8690000176429749,0.6446999907493591
YNR033W,YBL092W,0,1.4824386,0.11876451969146729,0.8690000176429749,0.6448000073432922
YPR188C,YLR440C,0,1.4821346,0.11874829232692719,0.8690000176429749,0.6449000239372253
YCL001W,YPL215W,0,1.4816816,0.11873206496238708,0.8690000176429749,0.6449999809265137
YOR198C,YIL143C,0,1.4814076,0.11871584504842758,0.8690000176429749,0.6450999975204468
YMR227C,YIL009W,0,1.4811673,0.11869963258504868,0.8690000176429749,0.6452000141143799
YAL002W,YGL122C,0,1.4811323,0.11868342012166977,0.8690000176429749,0.6452999711036682
YML049C,YHL026C,0,1.4809334,0.11866721510887146,0.8690000176429749,0.6453999876976013
YKL013C,YMR099C,0,1.4807544,0.11865101009607315,0.8690000176429749,0.6455000042915344
YDR127W,YIL108W,0,1.4806948,0.11863481253385544,0.8690000176429749,0.6456000208854675
YBL080C,YKL134C,0,1.4804974,0.11861861497163773,0.8690000176429749,0.6456999778747559
YKL064W,YKL137W,0,1.4803772,0.11860243231058121,0.8690000176429749,0.645799994468689
YHL025W,YEL005C,0,1.4801469,0.11858624219894409,0.8690000176429749,0.6459000110626221
YDR176W,YIL157C,0,1.4801259,0.11857006698846817,0.8690000176429749,0.6460000276565552
YLL052C,YMR134W,0,1.4799547,0.11855389177799225,0.8690000176429749,0.6460999846458435
YKR069W,YNL137C,0,1.4799299,0.11853771656751633,0.8690000176429749,0.6462000012397766
YMR050C,YML055W,0,1.4798687,0.118521548807621,0.8690000176429749,0.6463000178337097
YPL010W,YNL315C,0,1.4796512,0.11850538849830627,0.8690000176429749,0.646399974822998
YKL097W-A,YDR165W,0,1.479533,0.11848922818899155,0.8690000176429749,0.6464999914169312
YFL014W,YLR154W-C,0,1.4795127,0.11847307533025742,0.8690000176429749,0.6466000080108643
YDR017C,YJL026W,0,1.4792151,0.11845692247152328,0.8690000176429749,0.6467000246047974
YEL030W,YMR033W,0,1.4791749,0.11844077706336975,0.8690000176429749,0.6467999815940857
YIL082W-A,YIL177C,0,1.4791629,0.11842463910579681,0.8690000176429749,0.6468999981880188
YMR195W,YFL018W-A,0,1.4790583,0.11840850114822388,0.8690000176429749,0.6470000147819519
YPL081W,YPL132W,0,1.4789419,0.11839237064123154,0.8690000176429749,0.6470999717712402
YKL029C,YOR219C,0,1.478764,0.1183762401342392,0.8690000176429749,0.6471999883651733
YJL123C,YLR259C,0,1.4786477,0.11836011707782745,0.8690000176429749,0.6473000049591064
YLR143W,YPR133C,0,1.4786477,0.11834400147199631,0.8690000176429749,0.6474000215530396
YCR055C,YFR055W,0,1.4781969,0.11832788586616516,0.8690000176429749,0.6474999785423279
YNL142W,YEL077C,0,1.4781294,0.11831177771091461,0.8690000176429749,0.647599995136261
YGL019W,YFL025C,0,1.4780402,0.11829566955566406,0.8690000176429749,0.6477000117301941
YDR422C,YPL218W,0,1.4775007,0.11827956885099411,0.8690000176429749,0.6478000283241272
YGL055W,YHR047C,0,1.4772182,0.11826347559690475,0.8690000176429749,0.6478999853134155
YPL274W,YAL030W,0,1.4771233,0.1182473823428154,0.8690000176429749,0.6480000019073486
YPL116W,YJL012C,0,1.4766223,0.11823128908872604,0.8690000176429749,0.6481000185012817
YOR330C,YER102W,0,1.476481,0.11821521073579788,0.8690000176429749,0.6481999754905701
YDR480W,YML111W,0,1.4764066,0.11819913238286972,0.8690000176429749,0.6482999920845032
YLR028C,YBR023C,1,1.4761324,0.1183190569281578,0.8700000047683716,0.6482999920845032
YDL178W,YHR121W,0,1.4761238,0.11830296367406845,0.8700000047683716,0.6484000086784363
YGL181W,YJL001W,1,1.4759243,0.11842284351587296,0.8709999918937683,0.6484000086784363
YDR229W,YEL011W,0,1.4758549,0.118406742811203,0.8709999918937683,0.6485000252723694
YMR015C,YGL139W,0,1.4758515,0.11839064955711365,0.8709999918937683,0.6485999822616577
YKL222C,YLR145W,0,1.4754894,0.11837455630302429,0.8709999918937683,0.6486999988555908
YKL082C,YKL086W,0,1.4752975,0.11835847049951553,0.8709999918937683,0.6488000154495239
YLR116W,YOR027W,0,1.4751835,0.11834239214658737,0.8709999918937683,0.6488999724388123
YDL066W,YJL103C,0,1.4751441,0.11832631379365921,0.8709999918937683,0.6489999890327454
YNL302C,YJL209W,0,1.4749396,0.11831024289131165,0.8709999918937683,0.6491000056266785
YML025C,YKL069W,0,1.4749355,0.11829417198896408,0.8709999918937683,0.6492000222206116
YGR128C,YJR082C,0,1.4748037,0.11827810853719711,0.8709999918937683,0.6492999792098999
YDR461W,YGL044C,0,1.4747338,0.11826205253601074,0.8709999918937683,0.649399995803833
YPR165W,YDR090C,0,1.4746742,0.11824599653482437,0.8709999918937683,0.6495000123977661
YOR321W,YDL004W,0,1.4746363,0.1182299479842186,0.8709999918937683,0.6496000289916992
YOR317W,YJL053W,0,1.4741793,0.11821389943361282,0.8709999918937683,0.6496999859809875
YGL131C,YHL018W,0,1.4738407,0.11819785833358765,0.8709999918937683,0.6498000025749207
YOR316C,YJL124C,0,1.4737253,0.11818181723356247,0.8709999918937683,0.6499000191688538
YML011C,YJR027W,0,1.4737129,0.11816578358411789,0.8709999918937683,0.6499999761581421
YJL058C,YAL038W,0,1.4736714,0.1181497573852539,0.8709999918937683,0.6500999927520752
YNR039C,YIR035C,0,1.4735096,0.11813373118638992,0.8709999918937683,0.6502000093460083
YPL132W,YJL095W,0,1.4734533,0.11811771243810654,0.8709999918937683,0.6503000259399414
YNL221C,YPL075W,0,1.4728935,0.11810169368982315,0.8709999918937683,0.6503999829292297
YJR083C,YOL124C,0,1.4728882,0.11808568239212036,0.8709999918937683,0.6504999995231628
YNR063W,YDR323C,0,1.4725916,0.11806967854499817,0.8709999918937683,0.650600016117096
YDR208W,YFL018W-A,0,1.4725401,0.11805367469787598,0.8709999918937683,0.6506999731063843
YNL047C,YMR216C,0,1.4722712,0.11803767085075378,0.8709999918937683,0.6507999897003174
YDL012C,YAL024C,0,1.4722695,0.11802168190479279,0.8709999918937683,0.6509000062942505
YER125W,YOL032W,0,1.4721761,0.11800569295883179,0.8709999918937683,0.6510000228881836
YLR154W-C,YNL284C,0,1.4716837,0.11798970401287079,0.8709999918937683,0.6510999798774719
YGL195W,YGR261C,0,1.4714139,0.11797372251749039,0.8709999918937683,0.651199996471405
YOR008C,YGL038C,0,1.4712505,0.11795774847269058,0.8709999918937683,0.6513000130653381
YLL023C,YIL010W,0,1.4708998,0.11794177442789078,0.8709999918937683,0.6514000296592712
YNL051W,YPL173W,0,1.4708838,0.11792580783367157,0.8709999918937683,0.6514999866485596
YER144C,YDR165W,0,1.4706552,0.11790984123945236,0.8709999918937683,0.6516000032424927
YOR030W,YHR039C-A,0,1.4705639,0.11789388209581375,0.8709999918937683,0.6517000198364258
YJL060W,YJL171C,0,1.4702389,0.11787792295217514,0.8709999918937683,0.6517999768257141
YGR048W,YGR132C,0,1.4701025,0.11786197870969772,0.8709999918937683,0.6518999934196472
YJR004C,YDR006C,0,1.4700487,0.11784602701663971,0.8709999918937683,0.6520000100135803
YFL024C,YDR221W,0,1.4700315,0.11783009022474289,0.8709999918937683,0.6521000266075134
YGL067W,YLL034C,0,1.4690874,0.11781414598226547,0.8709999918937683,0.6521999835968018
YBR204C,YCL043C,0,1.4689324,0.11779821664094925,0.8709999918937683,0.6523000001907349
YNR018W,YIL063C,0,1.4683838,0.11778228729963303,0.8709999918937683,0.652400016784668
YDR373W,YLR449W,0,1.4681938,0.1177663579583168,0.8709999918937683,0.6524999737739563
YNL075W,YBL066C,0,1.4681156,0.11775043606758118,0.8709999918937683,0.6525999903678894
YOR065W,YGL068W,0,1.4680767,0.11773452162742615,0.8709999918937683,0.6527000069618225
YJR034W,YNL138W,0,1.4678121,0.11771860718727112,0.8709999918937683,0.6528000235557556
YKL197C,YHR058C,0,1.46748,0.11770270019769669,0.8709999918937683,0.652899980545044
YDL036C,YBR236C,0,1.4674568,0.11768680065870285,0.8709999918937683,0.652999997138977
YGL019W,YOR180C,0,1.4673033,0.11767090111970901,0.8709999918937683,0.6531000137329102
YDR441C,YIL137C,0,1.4671378,0.11765500158071518,0.8709999918937683,0.6531999707221985
YML033W,YAL054C,0,1.4671149,0.11763911694288254,0.8709999918937683,0.6532999873161316
YJL005W,YOR336W,0,1.467051,0.1176232248544693,0.8709999918937683,0.6534000039100647
YEL069C,YPL076W,0,1.4669747,0.11760734766721725,0.8709999918937683,0.6535000205039978
YDR457W,YDR148C,0,1.4668052,0.11759147047996521,0.8709999918937683,0.6535999774932861
YNL080C,YOL009C,0,1.4664066,0.11757559329271317,0.8709999918937683,0.6536999940872192
YBR162C,YCL054W,0,1.4661603,0.11755972355604172,0.8709999918937683,0.6538000106811523
YNL084C,YOR230W,1,1.4661293,0.11767881363630295,0.871999979019165,0.6538000106811523
YOR222W,YBL025W,0,1.4660931,0.1176629364490509,0.871999979019165,0.6539000272750854
YMR205C,YMR168C,0,1.4658852,0.11764705926179886,0.871999979019165,0.6539999842643738
YPL168W,YIL063C,0,1.4658318,0.11763118952512741,0.871999979019165,0.6541000008583069
YKR080W,YLR242C,0,1.4649808,0.11761531978845596,0.871999979019165,0.65420001745224
YMR135C,YDR506C,0,1.4649203,0.11759945750236511,0.871999979019165,0.6542999744415283
YGR214W,YBL101C,0,1.4648366,0.11758360266685486,0.871999979019165,0.6543999910354614
YMR283C,YMR192W,0,1.4648225,0.1175677478313446,0.871999979019165,0.6545000076293945
YPL024W,YGL180W,0,1.4647899,0.11755190044641495,0.871999979019165,0.6546000242233276
YER032W,YNL180C,0,1.4644036,0.11753605306148529,0.871999979019165,0.654699981212616
YMR193W,YDR140W,0,1.4642682,0.11752021312713623,0.871999979019165,0.6547999978065491
YPR001W,YNL103W,0,1.4636731,0.11750438064336777,0.871999979019165,0.6549000144004822
YLR132C,YBR086C,0,1.4633923,0.1174885481595993,0.871999979019165,0.6549999713897705
YJR044C,YCR028C-A,0,1.4632323,0.11747272312641144,0.871999979019165,0.6550999879837036
YLR353W,YPR100W,0,1.4631617,0.11745689809322357,0.871999979019165,0.6552000045776367
YDL078C,YBL007C,0,1.463074,0.1174410805106163,0.871999979019165,0.6553000211715698
YOR338W,YIL017C,1,1.4626808,0.11755992472171783,0.8730000257492065,0.6553000211715698
YJR109C,YNL335W,0,1.4623764,0.11754409223794937,0.8730000257492065,0.6553999781608582
YPL042C,YGR082W,0,1.4622395,0.1175282746553421,0.8730000257492065,0.6554999947547913
YKL043W,YDL223C,0,1.4622047,0.11751244962215424,0.8730000257492065,0.6556000113487244
YDR308C,YLR153C,0,1.4621978,0.11749663203954697,0.8730000257492065,0.6557000279426575
YOR262W,YPL196W,0,1.4620628,0.1174808219075203,0.8730000257492065,0.6557999849319458
YLR300W,YKR035W-A,0,1.4618695,0.11746501922607422,0.8730000257492065,0.6559000015258789
YNL138W-A,YLR102C,0,1.4614565,0.11744921654462814,0.8730000257492065,0.656000018119812
YDL150W,YDR067C,0,1.461318,0.11743341386318207,0.8730000257492065,0.6560999751091003
YLR047C,YFL050C,0,1.4612527,0.11741761863231659,0.8730000257492065,0.6561999917030334
YMR273C,YJR063W,0,1.4611077,0.11740183085203171,0.8730000257492065,0.6563000082969666
YNL045W,YNL134C,0,1.4608681,0.11738604307174683,0.8730000257492065,0.6564000248908997
YBR260C,YMR295C,0,1.4606283,0.11737026274204254,0.8730000257492065,0.656499981880188
YBR080C,YMR268C,0,1.4604237,0.11735448241233826,0.8730000257492065,0.6565999984741211
YJL114W,YMR072W,0,1.4601703,0.11733870953321457,0.8730000257492065,0.6567000150680542
YBR039W,YER169W,0,1.45964,0.11732294410467148,0.8730000257492065,0.6567999720573425
YLR209C,YDR345C,0,1.4596081,0.11730717867612839,0.8730000257492065,0.6568999886512756
YGL043W,YOR118W,0,1.4593651,0.1172914132475853,0.8730000257492065,0.6570000052452087
YJR042W,YCR016W,0,1.4592767,0.1172756552696228,0.8730000257492065,0.6571000218391418
YKL015W,YKR036C,0,1.4592648,0.1172599047422409,0.8730000257492065,0.6571999788284302
YOR147W,YML071C,0,1.4590728,0.11724415421485901,0.8730000257492065,0.6572999954223633
YPL096W,YOR117W,0,1.4589291,0.11722841113805771,0.8730000257492065,0.6574000120162964
YPL183C,YKL096W,0,1.4587116,0.117212675511837,0.8730000257492065,0.6575000286102295
YMR190C,YOR229W,1,1.4586587,0.11733118444681168,0.8740000128746033,0.6575000286102295
YOL135C,YPR189W,0,1.4586558,0.11731543391942978,0.8740000128746033,0.6575999855995178
YJL079C,YIL083C,0,1.4586072,0.11729969084262848,0.8740000128746033,0.6577000021934509
YBL041W,YAL031C,0,1.4585211,0.11728394776582718,0.8740000128746033,0.657800018787384
YBR018C,YMR308C,0,1.4584584,0.11726821213960648,0.8740000128746033,0.6578999757766724
YNL186W,YPR114W,0,1.458354,0.11725248396396637,0.8740000128746033,0.6579999923706055
YFL056C,YMR134W,0,1.4577973,0.11723675578832626,0.8740000128746033,0.6581000089645386
YGR240C,YGL028C,0,1.4575274,0.11722102761268616,0.8740000128746033,0.6582000255584717
YDR016C,YGR072W,0,1.4574101,0.11720530688762665,0.8740000128746033,0.65829998254776
YGR260W,YPR199C,0,1.4572945,0.11718959361314774,0.8740000128746033,0.6583999991416931
YLR410W,YHR003C,0,1.4567053,0.11717388033866882,0.8740000128746033,0.6585000157356262
YCR008W,YGR085C,0,1.456594,0.11715817451477051,0.8740000128746033,0.6585999727249146
YPL096W,YER130C,0,1.4562657,0.11714247614145279,0.8740000128746033,0.6586999893188477
YEL042W,YDR309C,0,1.4552147,0.11712677776813507,0.8740000128746033,0.6588000059127808
YBR100W,YER046W,1,1.4546394,0.11724507808685303,0.875,0.6588000059127808
YNR002C,YDL072C,0,1.4545009,0.11722936481237411,0.875,0.6589000225067139
YKR102W,YOR172W,0,1.4544511,0.1172136664390564,0.875,0.6589999794960022
YDR430C,YDR028C,0,1.4544344,0.11719796061515808,0.875,0.6590999960899353
YOL045W,YPR189W,0,1.4540827,0.11718226969242096,0.875,0.6592000126838684
YPL134C,YMR134W,0,1.4540029,0.11716657876968384,0.875,0.6593000292778015
YJL059W,YLR297W,0,1.4538813,0.11715088784694672,0.875,0.6593999862670898
YLR027C,YKL141W,0,1.4538786,0.11713520437479019,0.875,0.659500002861023
YLR372W,YLR395C,0,1.4538431,0.11711952835321426,0.875,0.659600019454956
YOR025W,YPR154W,0,1.4535892,0.11710385233163834,0.875,0.6596999764442444
YLR425W,YNL287W,0,1.4533343,0.117088183760643,0.875,0.6597999930381775
YMR262W,YNL056W,0,1.4529457,0.11707251518964767,0.875,0.6599000096321106
YMR295C,YNL063W,0,1.4525168,0.11705685406923294,0.875,0.6600000262260437
YMR020W,YKL051W,0,1.4524434,0.1170412003993988,0.875,0.660099983215332
YOR190W,YAL068C,1,1.4522398,0.11715929210186005,0.8759999871253967,0.660099983215332
YKL041W,YPL193W,0,1.4521451,0.11714362353086472,0.8759999871253967,0.6601999998092651
YGR133W,YNR024W,0,1.4521334,0.11712795495986938,0.8759999871253967,0.6603000164031982
YPL132W,YLR084C,0,1.452009,0.11711230129003525,0.8759999871253967,0.6603999733924866
YGL004C,YHR108W,0,1.4514759,0.11709664762020111,0.8759999871253967,0.6604999899864197
YJR014W,YGR046W,0,1.4514675,0.11708099395036697,0.8759999871253967,0.6606000065803528
YJR144W,YKL138C,0,1.4513297,0.11706534773111343,0.8759999871253967,0.6607000231742859
YMR009W,YJL100W,0,1.4512005,0.11704970896244049,0.8759999871253967,0.6607999801635742
YGR030C,YPL280W,0,1.4511049,0.11703407019376755,0.8759999871253967,0.6608999967575073
YJR017C,YGR084C,0,1.4510002,0.1170184314250946,0.8759999871253967,0.6610000133514404
YMR168C,YNL265C,0,1.4509461,0.11700280755758286,0.8759999871253967,0.6610999703407288
YOL116W,YLR336C,0,1.4508975,0.11698717623949051,0.8759999871253967,0.6611999869346619
YDR351W,YMR118C,0,1.4508812,0.11697155982255936,0.8759999871253967,0.661300003528595
YHR112C,YDR452W,0,1.4506376,0.1169559434056282,0.8759999871253967,0.6614000201225281
YDL170W,YDR034C,0,1.4506316,0.11694032698869705,0.8759999871253967,0.6614999771118164
YJL099W,YOL126C,0,1.4496996,0.1169247180223465,0.8759999871253967,0.6615999937057495
YML075C,YGL079W,0,1.449553,0.11690911650657654,0.8759999871253967,0.6617000102996826
YKL005C,YNL323W,0,1.4491782,0.11689351499080658,0.8759999871253967,0.6618000268936157
YBR201W,YBR301W,0,1.4489477,0.11687792092561722,0.8759999871253967,0.661899983882904
YCL008C,YBL011W,0,1.4486463,0.11686232686042786,0.8759999871253967,0.6620000004768372
YHR029C,YBR094W,0,1.4485149,0.11684674024581909,0.8759999871253967,0.6621000170707703
YDR409W,YDL217C,0,1.4483738,0.11683115363121033,0.8759999871253967,0.6621999740600586
YPL255W,YER159C,0,1.4482758,0.11681557446718216,0.8759999871253967,0.6622999906539917
YCL025C,YHR170W,0,1.4482591,0.11680000275373459,0.8759999871253967,0.6624000072479248
YGR091W,YDR006C,0,1.4481883,0.11678443104028702,0.8759999871253967,0.6625000238418579
YOL093W,YIL137C,0,1.4480112,0.11676885932683945,0.8759999871253967,0.6625999808311462
YIL002C,YBR222C,0,1.447742,0.11675329506397247,0.8759999871253967,0.6626999974250793
YKL112W,YLR131C,0,1.4477131,0.1167377382516861,0.8759999871253967,0.6628000140190125
YGR092W,YOL102C,0,1.4472382,0.11672218888998032,0.8759999871253967,0.6628999710083008
YEL003W,YOR311C,0,1.447211,0.11670663207769394,0.8759999871253967,0.6629999876022339
YJR107W,YHR107C,0,1.4471867,0.11669109016656876,0.8759999871253967,0.663100004196167
YDR222W,YKL211C,0,1.4470999,0.11667554825544357,0.8759999871253967,0.6632000207901001
YMR020W,YGR155W,0,1.4469712,0.11666000634431839,0.8759999871253967,0.6632999777793884
YPL087W,YNR033W,0,1.446873,0.1166444718837738,0.8759999871253967,0.6633999943733215
YBR067C,YHR072W,0,1.4467192,0.11662894487380981,0.8759999871253967,0.6635000109672546
YMR308C,YDR383C,0,1.4466889,0.11661341786384583,0.8759999871253967,0.6636000275611877
YFR034C,YIL088C,0,1.4462137,0.11659789830446243,0.8759999871253967,0.6636999845504761
YKL003C,YCR043C,0,1.4461882,0.11658237874507904,0.8759999871253967,0.6638000011444092
YML080W,YJR082C,0,1.446115,0.11656686663627625,0.8759999871253967,0.6639000177383423
YBR096W,YNL256W,0,1.4457145,0.11655135452747345,0.8759999871253967,0.6639999747276306
YBR067C,YNL233W,0,1.4456122,0.11653584986925125,0.8759999871253967,0.6640999913215637
YGL065C,YOR206W,0,1.4454217,0.11652035266160965,0.8759999871253967,0.6642000079154968
YDR243C,YDR072C,0,1.4453886,0.11650485545396805,0.8759999871253967,0.6643000245094299
YJR084W,YIL080W,0,1.4452691,0.11648935824632645,0.8759999871253967,0.6643999814987183
YOL112W,YOR168W,0,1.445231,0.11647387593984604,0.8759999871253967,0.6644999980926514
YOL091W,YGL054C,1,1.4450431,0.11659133434295654,0.8769999742507935,0.6644999980926514
YLL006W,YLR224W,0,1.4448757,0.11657583713531494,0.8769999742507935,0.6646000146865845
YER179W,YFL005W,1,1.4446874,0.11669325083494186,0.878000020980835,0.6646000146865845
YJL020C,YBR287W,0,1.444298,0.11667773872613907,0.878000020980835,0.6646999716758728
YDR208W,YAL026C,0,1.4441497,0.11666223406791687,0.878000020980835,0.6647999882698059
YBR115C,YKL180W,0,1.444099,0.11664673686027527,0.878000020980835,0.664900004863739
YDR373W,YOL012C,0,1.4438288,0.11663123965263367,0.878000020980835,0.6650000214576721
YPL256C,YJL104W,0,1.4437425,0.11661574989557266,0.878000020980835,0.6650999784469604
YML038C,YIL015W,0,1.4435184,0.11660026758909225,0.878000020980835,0.6651999950408936
YGR033C,YLR368W,0,1.4433739,0.11658478528261185,0.878000020980835,0.6653000116348267
YGR285C,YCR024C,0,1.4433548,0.11656930297613144,0.878000020980835,0.6654000282287598
YAL047C,YML067C,0,1.4425504,0.11655382812023163,0.878000020980835,0.6654999852180481
YLR275W,YBL005W-A,0,1.4421687,0.11653836071491241,0.878000020980835,0.6656000018119812
YJL144W,YGR283C,0,1.4420247,0.1165228933095932,0.878000020980835,0.6657000184059143
YLR295C,YIL159W,0,1.4419434,0.11650743335485458,0.878000020980835,0.6657999753952026
YDR202C,YER071C,0,1.4419286,0.11649197340011597,0.878000020980835,0.6658999919891357
YBL027W,YIL105C,0,1.4416106,0.11647652089595795,0.878000020980835,0.6660000085830688
YLR336C,YKR055W,0,1.4413886,0.11646106839179993,0.878000020980835,0.666100025177002
YLL012W,YER190W,0,1.441118,0.1164456233382225,0.878000020980835,0.6661999821662903
YDR513W,YNL145W,0,1.4410834,0.11643017828464508,0.878000020980835,0.6662999987602234
YHR166C,YOR262W,0,1.4409335,0.11641474068164825,0.878000020980835,0.6664000153541565
YFL061W,YGR017W,0,1.4405642,0.11639931052923203,0.878000020980835,0.6664999723434448
YHR009C,YBR204C,0,1.4403954,0.1163838803768158,0.878000020980835,0.6665999889373779
YDR202C,YML033W,0,1.4395626,0.11636845767498016,0.878000020980835,0.666700005531311
YMR189W,YPL196W,0,1.4390106,0.11635303497314453,0.878000020980835,0.6668000221252441
YMR237W,YDR190C,0,1.4389765,0.1163376197218895,0.878000020980835,0.6668999791145325
YEL042W,YJL094C,0,1.4383705,0.11632220447063446,0.878000020980835,0.6669999957084656
YDR045C,YJL093C,0,1.4375529,0.11630679666996002,0.878000020980835,0.6671000123023987
YOR358W,YKL085W,0,1.437396,0.11629138886928558,0.878000020980835,0.6672000288963318
YPL016W,YBR221C,0,1.4373264,0.11627598851919174,0.878000020980835,0.6672999858856201
YOR008C,YCL064C,0,1.4367037,0.1162605956196785,0.878000020980835,0.6674000024795532
YOR098C,YNL297C,0,1.4362321,0.11624520272016525,0.878000020980835,0.6675000190734863
YJR120W,YIL035C,0,1.4360981,0.11622980982065201,0.878000020980835,0.6675999760627747
YGR277C,YGR169C,0,1.4359038,0.11621442437171936,0.878000020980835,0.6676999926567078
YOL020W,YIL127C,0,1.4358816,0.11619904637336731,0.878000020980835,0.6678000092506409
YPL058C,YJL225C,0,1.4356651,0.11618366837501526,0.878000020980835,0.667900025844574
YLR016C,YLR023C,0,1.435391,0.1161682978272438,0.878000020980835,0.6679999828338623
YKL184W,YKL071W,0,1.4341006,0.11615292727947235,0.878000020980835,0.6680999994277954
YDL045C,YFL018W-A,0,1.4339077,0.1161375641822815,0.878000020980835,0.6682000160217285
YPL126W,YBL098W,0,1.4336727,0.11612220853567123,0.878000020980835,0.6682999730110168
YLR314C,YLR391W,0,1.4334729,0.11610685288906097,0.878000020980835,0.66839998960495
YKL182W,YJL094C,0,1.433466,0.11609149724245071,0.878000020980835,0.6685000061988831
YGR253C,YGL054C,1,1.4333217,0.11620835214853287,0.8790000081062317,0.6685000061988831
YPR103W,YPL232W,1,1.433223,0.11632518470287323,0.8799999952316284,0.6685000061988831
YGL240W,YLR391W-A,0,1.4327285,0.11630980670452118,0.8799999952316284,0.6686000227928162
YJR118C,YDR173C,0,1.4326997,0.11629443615674973,0.8799999952316284,0.6686999797821045
YML121W,YLR085C,0,1.4325459,0.11627907305955887,0.8799999952316284,0.6687999963760376
YMR323W,YDR262W,0,1.4325218,0.11626370996236801,0.8799999952316284,0.6689000129699707
YKR044W,YMR272C,0,1.4324901,0.11624834686517715,0.8799999952316284,0.6690000295639038
YGL083W,YKL054C,0,1.4314749,0.1162329912185669,0.8799999952316284,0.6690999865531921
YBL056W,YOL010W,0,1.43136,0.11621764302253723,0.8799999952316284,0.6692000031471252
YKL018W,YDR227W,0,1.4309762,0.11620229482650757,0.8799999952316284,0.6693000197410583
YLR278C,YKL091C,0,1.4308386,0.1161869540810585,0.8799999952316284,0.6693999767303467
YJR017C,YGL049C,0,1.4306855,0.11617162078619003,0.8799999952316284,0.6694999933242798
YMR321C,YPL167C,0,1.4305887,0.11615628004074097,0.8799999952316284,0.6696000099182129
YGL220W,YGR092W,0,1.4303384,0.1161409541964531,0.8799999952316284,0.669700026512146
YAL039C,YCR083W,0,1.4300983,0.11612562835216522,0.8799999952316284,0.6697999835014343
YPR111W,YHR216W,0,1.4299147,0.11611030250787735,0.8799999952316284,0.6699000000953674
YIL046W,YHR114W,0,1.4288604,0.11609498411417007,0.8799999952316284,0.6700000166893005
YER183C,YGL064C,0,1.4286137,0.1160796731710434,0.8799999952316284,0.6700999736785889
YMR079W,YER046W,1,1.428324,0.11619625240564346,0.8809999823570251,0.6700999736785889
YOR264W,YML058W,0,1.4280415,0.11618093401193619,0.8809999823570251,0.670199990272522
YHR133C,YMR054W,0,1.4276285,0.11616560816764832,0.8809999823570251,0.6703000068664551
YHL011C,YPL135W,0,1.4275937,0.11615029722452164,0.8809999823570251,0.6704000234603882
YDR240C,YLR129W,0,1.4267113,0.11613498628139496,0.8809999823570251,0.6704999804496765
YGL172W,YFR013W,0,1.4264832,0.11611967533826828,0.8809999823570251,0.6705999970436096
YKL048C,YEL040W,0,1.426305,0.1161043718457222,0.8809999823570251,0.6707000136375427
YHL028W,YBR265W,0,1.4259791,0.11608907580375671,0.8809999823570251,0.670799970626831
YLR200W,YEL062W,0,1.4253104,0.11607377976179123,0.8809999823570251,0.6708999872207642
YDR494W,YKL038W,0,1.4252076,0.11605849117040634,0.8809999823570251,0.6710000038146973
YDR030C,YCR058C,0,1.4248338,0.11604320257902145,0.8809999823570251,0.6711000204086304
YDL235C,YBR015C,0,1.4248033,0.11602792143821716,0.8809999823570251,0.6711999773979187
YKL176C,YGL061C,0,1.4247901,0.11601264029741287,0.8809999823570251,0.6712999939918518
YDR218C,YJR105W,0,1.4247129,0.11599736660718918,0.8809999823570251,0.6714000105857849
YBR021W,YBR168W,0,1.4247019,0.11598209291696548,0.8809999823570251,0.671500027179718
YLR292C,YDR545W,0,1.424686,0.11596682667732239,0.8809999823570251,0.6715999841690063
YGL150C,YJR043C,0,1.4244025,0.11595156788825989,0.8809999823570251,0.6717000007629395
YOR094W,YHR111W,0,1.4243915,0.11593630909919739,0.8809999823570251,0.6718000173568726
YER162C,YOR060C,0,1.4241366,0.11592105031013489,0.8809999823570251,0.6718999743461609
YMR099C,YGL145W,0,1.4239781,0.11590579897165298,0.8809999823570251,0.671999990940094
YCR102C,YIL110W,0,1.4236689,0.11589055508375168,0.8809999823570251,0.6721000075340271
YHR056C,YLR429W,0,1.4234173,0.11587531119585037,0.8809999823570251,0.6722000241279602
YGR178C,YPL003W,0,1.4233639,0.11586007475852966,0.8809999823570251,0.6722999811172485
YBR253W,YDR062W,0,1.423218,0.11584483832120895,0.8809999823570251,0.6723999977111816
YMR244C-A,YGL029W,0,1.4231398,0.11582960933446884,0.8809999823570251,0.6725000143051147
YPR034W,YBR029C,0,1.4229143,0.11581438034772873,0.8809999823570251,0.6725999712944031
YIL008W,YNL271C,0,1.4224734,0.11579915881156921,0.8809999823570251,0.6726999878883362
YDR311W,YJR099W,0,1.4218206,0.1157839372754097,0.8809999823570251,0.6728000044822693
YMR053C,YLR244C,0,1.4215217,0.11576872318983078,0.8809999823570251,0.6729000210762024
YCR020W-B,YML080W,0,1.421248,0.11575351655483246,0.8809999823570251,0.6729999780654907
YDL175C,YDL025C,0,1.4209757,0.11573830991983414,0.8809999823570251,0.6730999946594238
YIR038C,YER081W,0,1.4204195,0.11572310328483582,0.8809999823570251,0.6732000112533569
YDR284C,YML072C,0,1.4202573,0.11570790410041809,0.8809999823570251,0.67330002784729
YDL207W,YDR144C,0,1.4197752,0.11569271236658096,0.8809999823570251,0.6733999848365784
YJL074C,YKR099W,1,1.4195924,0.11580882221460342,0.8820000290870667,0.6733999848365784
YLR344W,YML098W,0,1.4192615,0.1157936230301857,0.8820000290870667,0.6735000014305115
YGR036C,YDR488C,0,1.4191859,0.11577841639518738,0.8820000290870667,0.6736000180244446
YBL076C,YDR006C,0,1.4187455,0.11576322466135025,0.8820000290870667,0.6736999750137329
YIL139C,YNL259C,0,1.4183981,0.11574803292751312,0.8820000290870667,0.673799991607666
YPR029C,YNR037C,0,1.4176469,0.115732841193676,0.8820000290870667,0.6739000082015991
YER179W,YIL017W,1,1.4172606,0.11584886163473129,0.8830000162124634,0.6739000082015991
YML062C,YER008C,0,1.4171188,0.11583366245031357,0.8830000162124634,0.6740000247955322
YPR113W,YOR147W,0,1.4171071,0.11581847071647644,0.8830000162124634,0.6740999817848206
YLR432W,YOR048C,0,1.4170647,0.11580327898263931,0.8830000162124634,0.6741999983787537
YOR140W,YOR317W,0,1.416956,0.11578809469938278,0.8830000162124634,0.6743000149726868
YLR350W,YIL031W,0,1.4167457,0.11577291041612625,0.8830000162124634,0.6743999719619751
YOR336W,YDR345C,0,1.4166663,0.11575773358345032,0.8830000162124634,0.6744999885559082
YPL064C,YNR010W,0,1.4166465,0.11574256420135498,0.8830000162124634,0.6746000051498413
YJR040W,YDR075W,0,1.4165914,0.11572739481925964,0.8830000162124634,0.6747000217437744
YPL162C,YJL113W,0,1.4165316,0.1157122254371643,0.8830000162124634,0.6747999787330627
YJL174W,YDL153C,0,1.4164524,0.11569706350564957,0.8830000162124634,0.6748999953269958
YPL058C,YGR083C,0,1.4160309,0.11568190902471542,0.8830000162124634,0.675000011920929
YLR242C,YIR035C,0,1.4159477,0.11566675454378128,0.8830000162124634,0.6751000285148621
YPL239W,YNL035C,0,1.4159057,0.11565160751342773,0.8830000162124634,0.6751999855041504
YBR162W-A,YOR142W,0,1.4159014,0.11563646048307419,0.8830000162124634,0.6753000020980835
YBR065C,YDR123C,0,1.4156992,0.11562132090330124,0.8830000162124634,0.6754000186920166
YHR113W,YFR045W,0,1.4156919,0.11560618132352829,0.8830000162124634,0.6754999756813049
YHR042W,YKR013W,0,1.4156809,0.11559104919433594,0.8830000162124634,0.675599992275238
YKL005C,YDR530C,0,1.4155812,0.11557591706514359,0.8830000162124634,0.6757000088691711
YGR208W,YKL166C,0,1.415412,0.11556079238653183,0.8830000162124634,0.6758000254631042
YNL298W,YPL065W,0,1.4152222,0.11554566770792007,0.8830000162124634,0.6758999824523926
YBR057C,YPR103W,1,1.4152167,0.1156613901257515,0.8840000033378601,0.6758999824523926
YJL123C,YDR202C,0,1.4147673,0.11564625799655914,0.8840000033378601,0.6759999990463257
YKR049C,YLR225C,0,1.41464,0.11563113331794739,0.8840000033378601,0.6761000156402588
YPL021W,YGR120C,0,1.4146228,0.11561600863933563,0.8840000033378601,0.6761999726295471
YDR361C,YOR328W,0,1.4145908,0.11560089141130447,0.8840000033378601,0.6762999892234802
YIL019W,YMR075W,0,1.4140668,0.11558577418327332,0.8840000033378601,0.6764000058174133
YNR059W,YGR046W,0,1.4139185,0.11557066440582275,0.8840000033378601,0.6765000224113464
YMR313C,YPL053C,0,1.4137249,0.11555555462837219,0.8840000033378601,0.6765999794006348
YGL257C,YBL038W,0,1.413692,0.11554045230150223,0.8840000033378601,0.6766999959945679
YPL032C,YKL045W,0,1.413686,0.11552534997463226,0.8840000033378601,0.676800012588501
YKL007W,YHR135C,0,1.4135838,0.1155102550983429,0.8840000033378601,0.6769000291824341
YJR083C,YFR024C,0,1.4135442,0.11549516767263412,0.8840000033378601,0.6769999861717224
YPR113W,YAL002W,0,1.413187,0.11548008024692535,0.8840000033378601,0.6771000027656555
YKL041W,YKR003W,0,1.4127626,0.11546499282121658,0.8840000033378601,0.6772000193595886
YDL148C,YJL078C,0,1.412755,0.11544991284608841,0.8840000033378601,0.677299976348877
YLR324W,YOR261C,0,1.4124496,0.11543484032154083,0.8840000033378601,0.6773999929428101
YFR036W,YNL240C,0,1.412435,0.11541976779699326,0.8840000033378601,0.6775000095367432
YLR332W,YLR056W,0,1.4123437,0.11540470272302628,0.8840000033378601,0.6776000261306763
YJL096W,YGL190C,0,1.4116018,0.1153896376490593,0.8840000033378601,0.6776999831199646
YLR426W,YJL128C,0,1.4114506,0.11537457257509232,0.8840000033378601,0.6777999997138977
YKR025W,YMR180C,0,1.4111435,0.11535952240228653,0.8840000033378601,0.6779000163078308
YHL026C,YBR222C,0,1.4103994,0.11534446477890015,0.8840000033378601,0.6779999732971191
YNL254C,YGR012W,0,1.4103444,0.11532942205667496,0.8840000033378601,0.6780999898910522
YLL040C,YOL104C,1,1.4102237,0.11544482409954071,0.8849999904632568,0.6780999898910522
YNR026C,YDR411C,0,1.4101062,0.11542976647615433,0.8849999904632568,0.6782000064849854
YDR138W,YLR016C,0,1.4099998,0.11541470885276794,0.8849999904632568,0.6783000230789185
YJR005W,YHR114W,0,1.4099712,0.11539965867996216,0.8849999904632568,0.6783999800682068
YOR312C,YOL009C,0,1.4099572,0.11538461595773697,0.8849999904632568,0.6784999966621399
YDR005C,YBL102W,0,1.4097354,0.11536957323551178,0.8849999904632568,0.678600013256073
YPL100W,YJL210W,0,1.4094398,0.11535453796386719,0.8849999904632568,0.6786999702453613
YPL097W,YOR320C,0,1.4092963,0.1153395026922226,0.8849999904632568,0.6787999868392944
YLR007W,YLR363C,0,1.4091573,0.1153244748711586,0.8849999904632568,0.6789000034332275
YAL030W,YER063W,0,1.4086826,0.1153094470500946,0.8849999904632568,0.6790000200271606
YPR173C,YPL259C,0,1.4082329,0.1152944266796112,0.8849999904632568,0.679099977016449
YDR512C,YGR108W,1,1.4076989,0.11540966480970383,0.8859999775886536,0.679099977016449
YFR038W,YPR071W,0,1.407475,0.11539463698863983,0.8859999775886536,0.6791999936103821
YOR103C,YOL062C,0,1.4073799,0.11537960916757584,0.8859999775886536,0.6793000102043152
YDL119C,YGR056W,0,1.4072349,0.11536458134651184,0.8859999775886536,0.6794000267982483
YMR115W,YKL145W,0,1.4071896,0.11534956097602844,0.8859999775886536,0.6794999837875366
YML081W,YDR375C,0,1.4071734,0.11533454805612564,0.8859999775886536,0.6796000003814697
YFL024C,YHL026C,0,1.407114,0.11531953513622284,0.8859999775886536,0.6797000169754028
YGL037C,YHL031C,0,1.4069331,0.11530452966690063,0.8859999775886536,0.6797999739646912
YBR096W,YNL252C,0,1.4065859,0.11528952419757843,0.8859999775886536,0.6798999905586243
YDR164C,YNL233W,0,1.406451,0.11527452617883682,0.8859999775886536,0.6800000071525574
YGL207W,YDL020C,0,1.4062061,0.11525952816009521,0.8859999775886536,0.6801000237464905
YFL026W,YNL240C,0,1.4061849,0.1152445375919342,0.8859999775886536,0.6801999807357788
YMR190C,YER177W,1,1.4057336,0.1153596043586731,0.8870000243186951,0.6801999807357788
YOR058C,YDL212W,0,1.4057233,0.11534460633993149,0.8870000243186951,0.6802999973297119
YCR017C,YDL174C,0,1.4057124,0.11532960832118988,0.8870000243186951,0.680400013923645
YLR055C,YHR001W-A,0,1.4056287,0.11531461030244827,0.8870000243186951,0.6804999709129333
YJL058C,YHR094C,0,1.4055467,0.11529961973428726,0.8870000243186951,0.6805999875068665
YJL139C,YLR105C,0,1.4054406,0.11528463661670685,0.8870000243186951,0.6807000041007996
YDR311W,YPL240C,0,1.4053185,0.11526965349912643,0.8870000243186951,0.6808000206947327
YGL083W,YHR077C,0,1.4050324,0.11525467783212662,0.8870000243186951,0.680899977684021
YNL294C,YLR035C,1,1.4050138,0.11536962538957596,0.8880000114440918,0.680899977684021
YPR183W,YML062C,0,1.404665,0.11535463482141495,0.8880000114440918,0.6809999942779541
YBR211C,YHR098C,0,1.4042647,0.11533965170383453,0.8880000114440918,0.6811000108718872
YPL133C,YPR104C,0,1.4042394,0.11532467603683472,0.8880000114440918,0.6812000274658203
YMR167W,YFL005W,1,1.4040763,0.11543955653905869,0.8889999985694885,0.6812000274658203
YHR056C,YKR002W,0,1.4037642,0.11542456597089767,0.8889999985694885,0.6812999844551086
YPL137C,YNL336W,0,1.4030831,0.11540958285331726,0.8889999985694885,0.6814000010490417
YMR015C,YGR017W,0,1.4030178,0.11539459973573685,0.8889999985694885,0.6815000176429749
YKL060C,YNL265C,0,1.4026153,0.11537962406873703,0.8889999985694885,0.6815999746322632
YBL047C,YNL233W,0,1.4025588,0.11536464840173721,0.8889999985694885,0.6816999912261963
YOR236W,YKL096W-A,0,1.4025443,0.115349680185318,0.8889999985694885,0.6818000078201294
YAR003W,YHR058C,0,1.402219,0.11533471941947937,0.8889999985694885,0.6819000244140625
YJL036W,YBR290W,0,1.4020236,0.11531975865364075,0.8889999985694885,0.6819999814033508
YLL036C,YGR186W,0,1.4017825,0.11530479788780212,0.8889999985694885,0.6820999979972839
YMR186W,YIL159W,0,1.4017649,0.1152898445725441,0.8889999985694885,0.682200014591217
YLR328W,YER157W,0,1.4016283,0.11527489870786667,0.8889999985694885,0.6822999715805054
YHR111W,YNL224C,0,1.4015636,0.11525995284318924,0.8889999985694885,0.6823999881744385
YML033W,YLL015W,0,1.4014237,0.11524500697851181,0.8889999985694885,0.6825000047683716
YDR490C,YDR365C,0,1.4013965,0.11523006856441498,0.8889999985694885,0.6826000213623047
YGL022W,YKR052C,0,1.4012771,0.11521513760089874,0.8889999985694885,0.682699978351593
YLL048C,YOL130W,0,1.4003236,0.11520020663738251,0.8889999985694885,0.6827999949455261
YGR041W,YKL175W,0,1.4003079,0.11518528312444687,0.8889999985694885,0.6829000115394592
YJL002C,YOR088W,0,1.3997159,0.11517035961151123,0.8889999985694885,0.6830000281333923
YLR399C,YFL033C,1,1.3996513,0.11528497189283371,0.8899999856948853,0.6830000281333923
YML067C,YLR405W,0,1.3996451,0.11527004092931747,0.8899999856948853,0.6830999851226807
YMR318C,YHR084W,0,1.3993995,0.11525511741638184,0.8899999856948853,0.6832000017166138
YOR357C,YML098W,0,1.3992722,0.1152401939034462,0.8899999856948853,0.6833000183105469
YJR028W,YOL158C,0,1.3990786,0.11522527039051056,0.8899999856948853,0.6833999752998352
YLR389C,YPR113W,0,1.3987858,0.11521035432815552,0.8899999856948853,0.6834999918937683
YPL218W,YHR146W,0,1.3978622,0.11519544571638107,0.8899999856948853,0.6836000084877014
YEL044W,YNL063W,0,1.3978028,0.11518053710460663,0.8899999856948853,0.6837000250816345
YMR077C,YML133C,0,1.3974624,0.11516562849283218,0.8899999856948853,0.6837999820709229
YDR464W,YDL165W,0,1.3960788,0.11515072733163834,0.8899999856948853,0.683899998664856
YMR079W,YBR186W,1,1.3955836,0.11526519805192947,0.890999972820282,0.683899998664856
YEL047C,YPR189W,0,1.3951049,0.11525028944015503,0.890999972820282,0.6840000152587891
YER183C,YGL256W,0,1.394932,0.11523538827896118,0.890999972820282,0.6840999722480774
YKL211C,YOR292C,0,1.3946586,0.11522048711776733,0.890999972820282,0.6841999888420105
YBR125C,YGR030C,0,1.3944676,0.11520558595657349,0.890999972820282,0.6843000054359436
YJL034W,YOR359W,0,1.3939095,0.11519069224596024,0.890999972820282,0.6844000220298767
YOR077W,YGR255C,0,1.3936439,0.11517579853534698,0.890999972820282,0.684499979019165
YKL112W,YFR031C,0,1.3930674,0.11516091227531433,0.890999972820282,0.6845999956130981
YML004C,YBR132C,0,1.3930595,0.11514603346586227,0.890999972820282,0.6847000122070312
YIR032C,YHR077C,0,1.392777,0.11513115465641022,0.890999972820282,0.6848000288009644
YAL002W,YDR002W,0,1.3927238,0.11511627584695816,0.890999972820282,0.6848999857902527
YOR264W,YJL117W,0,1.3926656,0.1151014044880867,0.890999972820282,0.6850000023841858
YJL035C,YIL105C,0,1.3921723,0.11508654057979584,0.890999972820282,0.6851000189781189
YMR195W,YOL089C,0,1.3920407,0.11507167667150497,0.890999972820282,0.6851999759674072
YGR055W,YML065W,0,1.3919325,0.11505682021379471,0.890999972820282,0.6852999925613403
YKL077W,YBR129C,0,1.3916242,0.11504196375608444,0.890999972820282,0.6854000091552734
YBR230C,YBL038W,0,1.3912988,0.11502710729837418,0.890999972820282,0.6855000257492065
YOR330C,YDR167W,0,1.3910294,0.1150122657418251,0.890999972820282,0.6855999827384949
YPL210C,YIL040W,0,1.3910217,0.11499741673469543,0.890999972820282,0.685699999332428
YPL064C,YMR168C,0,1.3909848,0.11498257517814636,0.890999972820282,0.6858000159263611
YIL047C,YKR099C-A,0,1.3898308,0.11496774107217789,0.890999972820282,0.6858999729156494
YIL158W,YBL007C,0,1.3898034,0.11495290696620941,0.890999972820282,0.6859999895095825
YGR207C,YNL259C,0,1.389607,0.11493808031082153,0.890999972820282,0.6861000061035156
YFR029W,YIL133C,0,1.3895991,0.11492325365543365,0.890999972820282,0.6862000226974487
YLR215C,YNL177C,0,1.3895187,0.11490843445062637,0.890999972820282,0.6862999796867371
YJL123C,YMR197C,0,1.3895099,0.11489361524581909,0.890999972820282,0.6863999962806702
YDR289C,YGL116W,0,1.3894465,0.11487880349159241,0.890999972820282,0.6865000128746033
YDR353W,YPL117C,0,1.3885181,0.11486399173736572,0.890999972820282,0.6866000294685364
YFR050C,YDR214W,0,1.388206,0.11484918743371964,0.890999972820282,0.6866999864578247
YLR308W,YGL054C,1,1.3879817,0.11496327072381973,0.8920000195503235,0.6866999864578247
YPL181W,YCL064C,0,1.3878627,0.11494845151901245,0.8920000195503235,0.6868000030517578
YDR317W,YGL241W,0,1.3877113,0.11493363976478577,0.8920000195503235,0.6869000196456909
YFL035C-B,YAL030W,0,1.3876569,0.11491883546113968,0.8920000195503235,0.6869999766349792
YBL008W,YKL033W,0,1.3876245,0.11490403115749359,0.8920000195503235,0.6870999932289124
YLR340W,YMR009W,0,1.3874173,0.1148892343044281,0.8920000195503235,0.6872000098228455
YHL013C,YKL096W,0,1.3872645,0.11487443745136261,0.8920000195503235,0.6873000264167786
YIL022W,YGR186W,0,1.3870335,0.11485964804887772,0.8920000195503235,0.6873999834060669
YPR163C,YOR256C,0,1.3870282,0.11484485864639282,0.8920000195503235,0.6875
YJR092W,YMR092C,0,1.3867419,0.11483006924390793,0.8920000195503235,0.6876000165939331
YIL014W,YML111W,0,1.3865142,0.11481529474258423,0.8920000195503235,0.6876999735832214
YGR068C,YBR200W,0,1.3863525,0.11480051279067993,0.8920000195503235,0.6877999901771545
YPR149W,YNL047C,0,1.3860276,0.11478573828935623,0.8920000195503235,0.6879000067710876
YML066C,YGL054C,1,1.3856924,0.114899642765522,0.8930000066757202,0.6879000067710876
YLR386W,YNL099C,0,1.3853328,0.1148848608136177,0.8930000066757202,0.6880000233650208
YGR282C,YMR260C,0,1.3844371,0.11487007886171341,0.8930000066757202,0.6880999803543091
YKL016C,YLR196W,0,1.3842995,0.11485530436038971,0.8930000066757202,0.6881999969482422
YJL122W,YLR174W,0,1.384037,0.1148405373096466,0.8930000066757202,0.6883000135421753
YHR191C,YFR036W,0,1.3839812,0.1148257702589035,0.8930000066757202,0.6883999705314636
YPL213W,YNR048W,0,1.3834448,0.1148110032081604,0.8930000066757202,0.6884999871253967
YDR378C,YFR045W,0,1.3831356,0.1147962436079979,0.8930000066757202,0.6886000037193298
YGL156W,YOL108C,0,1.3830264,0.11478149145841599,0.8930000066757202,0.6887000203132629
YKL095W,YDR353W,0,1.3827441,0.11476673930883408,0.8930000066757202,0.6887999773025513
YOR189W,YJL159W,0,1.3822377,0.11475199460983276,0.8930000066757202,0.6888999938964844
YOL077W-A,YHR073W,0,1.3821983,0.11473724991083145,0.8930000066757202,0.6890000104904175
YDL035C,YBL005W-A,0,1.3816156,0.11472250521183014,0.8930000066757202,0.6891000270843506
YGL209W,YOL076W,0,1.3812749,0.11470776796340942,0.8930000066757202,0.6891999840736389
YPR067W,YBL092W,0,1.3809357,0.1146930381655693,0.8930000066757202,0.689300000667572
YHR113W,YOL043C,0,1.3804998,0.11467830836772919,0.8930000066757202,0.6894000172615051
YGR253C,YPL232W,1,1.3804181,0.11479198932647705,0.8939999938011169,0.6894000172615051
YJR077C,YGR252W,0,1.3803372,0.11477725207805634,0.8939999938011169,0.6894999742507935
YNL026W,YHL033C,0,1.3803365,0.11476251482963562,0.8939999938011169,0.6895999908447266
YML026C,YER021W,0,1.3799872,0.1147477850317955,0.8939999938011169,0.6897000074386597
YIR007W,YLR193C,0,1.3797302,0.11473306268453598,0.8939999938011169,0.6898000240325928
YJL210W,YDR268W,0,1.3796186,0.11471834033727646,0.8939999938011169,0.6898999810218811
YER087W,YJL124C,0,1.3794448,0.11470361799001694,0.8939999938011169,0.6899999976158142
YOL052C,YGR077C,0,1.3793876,0.11468890309333801,0.8939999938011169,0.6901000142097473
YJR118C,YJL159W,0,1.3793712,0.11467418819665909,0.8939999938011169,0.6901999711990356
YLL028W,YKL082C,0,1.3793423,0.11465948075056076,0.8939999938011169,0.6902999877929688
YDR399W,YER040W,0,1.3793223,0.11464478075504303,0.8939999938011169,0.6904000043869019
YKR078W,YMR125W,0,1.379206,0.1146300807595253,0.8939999938011169,0.690500020980835
YDR451C,YNL084C,1,1.3791115,0.11474359035491943,0.8949999809265137,0.690500020980835
YOL009C,YDR411C,0,1.378999,0.1147288829088211,0.8949999809265137,0.6905999779701233
YCL032W,YKL117W,0,1.3789709,0.11471417546272278,0.8949999809265137,0.6906999945640564
YGR255C,YGL234W,0,1.3788202,0.11469947546720505,0.8949999809265137,0.6908000111579895
YER127W,YDL093W,0,1.378721,0.11468477547168732,0.8949999809265137,0.6909000277519226
YBL026W,YOR191W,0,1.3785839,0.11467008292675018,0.8949999809265137,0.6909999847412109
YFR027W,YCR035C,0,1.3783,0.11465539038181305,0.8949999809265137,0.691100001335144
YDR208W,YDL150W,0,1.3782098,0.11464070528745651,0.8949999809265137,0.6912000179290771
YIR022W,YMR054W,0,1.3779781,0.11462602764368057,0.8949999809265137,0.6912999749183655
YLR378C,YKL020C,0,1.3779542,0.11461134254932404,0.8949999809265137,0.6913999915122986
YNL138W-A,YGR256W,0,1.3776412,0.11459667235612869,0.8949999809265137,0.6915000081062317
YBR120C,YBR210W,0,1.3774421,0.11458200216293335,0.8949999809265137,0.6916000247001648
YMR076C,YCL024W,0,1.3773646,0.114567331969738,0.8949999809265137,0.6916999816894531
YNL190W,YOR003W,0,1.3769212,0.11455266922712326,0.8949999809265137,0.6917999982833862
YMR276W,YIL118W,0,1.3768761,0.11453800648450851,0.8949999809265137,0.6919000148773193
YDR296W,YDR225W,0,1.376569,0.11452335119247437,0.8949999809265137,0.6919999718666077
YML055W,YOR099W,0,1.3765428,0.11450870335102081,0.8949999809265137,0.6920999884605408
YBR112C,YBR066C,0,1.3760107,0.11449404805898666,0.8949999809265137,0.6922000050544739
YDR110W,YOR367W,0,1.3759608,0.11447940766811371,0.8949999809265137,0.692300021648407
YKL081W,YGL233W,0,1.3756919,0.11446476727724075,0.8949999809265137,0.6923999786376953
YJL093C,YOR254C,0,1.3755696,0.1144501268863678,0.8949999809265137,0.6924999952316284
YPL105C,YLR452C,0,1.375371,0.11443549394607544,0.8949999809265137,0.6926000118255615
YGL065C,YJR105W,0,1.3751864,0.11442086100578308,0.8949999809265137,0.6927000284194946
YNL180C,YBL005W,0,1.3751152,0.11440623551607132,0.8949999809265137,0.692799985408783
YPL137C,YOR086C,0,1.3749578,0.11439161747694016,0.8949999809265137,0.6929000020027161
YBR068C,YMR076C,0,1.3747144,0.11437699943780899,0.8949999809265137,0.6930000185966492
YOR098C,YKL052C,0,1.3746545,0.11436238139867783,0.8949999809265137,0.6930999755859375
YER075C,YHL001W,0,1.3744009,0.11434777081012726,0.8949999809265137,0.6931999921798706
YMR035W,YOR377W,0,1.3741724,0.11433316022157669,0.8949999809265137,0.6933000087738037
YDR073W,YOR226C,0,1.3741531,0.11431855708360672,0.8949999809265137,0.6934000253677368
YGL225W,YNL232W,0,1.3737311,0.11430396139621735,0.8949999809265137,0.6934999823570251
YLR200W,YMR203W,0,1.3734117,0.11428936570882797,0.8949999809265137,0.6935999989509583
YKL078W,YLR223C,0,1.3733668,0.1142747700214386,0.8949999809265137,0.6937000155448914
YOR234C,YHR150W,0,1.3733172,0.11426018178462982,0.8949999809265137,0.6937999725341797
YPL241C,YLR426W,0,1.3727806,0.11424559354782104,0.8949999809265137,0.6938999891281128
YOL033W,YBR243C,0,1.3727353,0.11423101276159286,0.8949999809265137,0.6940000057220459
YOR007C,YIL134W,0,1.3727176,0.11421643942594528,0.8949999809265137,0.694100022315979
YDL159W,YOR005C,0,1.372643,0.1142018660902977,0.8949999809265137,0.6941999793052673
YPL010W,YNL029C,0,1.3725805,0.11418729275465012,0.8949999809265137,0.6942999958992004
YGL127C,YDR027C,1,1.3723488,0.11430029571056366,0.8960000276565552,0.6942999958992004
YBL007C,YMR075W,0,1.372098,0.11428571492433548,0.8960000276565552,0.6944000124931335
YKL097W-A,YJL006C,0,1.3718662,0.1142711415886879,0.8960000276565552,0.6945000290870667
YGR277C,YOR294W,0,1.3718264,0.11425656825304031,0.8960000276565552,0.694599986076355
YPL133C,YBR049C,0,1.3716893,0.11424200236797333,0.8960000276565552,0.6947000026702881
YKL025C,YGL198W,0,1.3716781,0.11422743648290634,0.8960000276565552,0.6948000192642212
YLR118C,YBL027W,0,1.3715322,0.11421287804841995,0.8960000276565552,0.6948999762535095
YOL096C,YML058W,0,1.3712544,0.11419831961393356,0.8960000276565552,0.6949999928474426
YLR107W,YCR069W,0,1.3711433,0.11418376117944717,0.8960000276565552,0.6951000094413757
YNL080C,YHR134W,0,1.3706515,0.11416921764612198,0.8960000276565552,0.6952000260353088
YLR328W,YIL062C,0,1.3705969,0.11415466666221619,0.8960000276565552,0.6952999830245972
YKL060C,YHR179W,0,1.3704913,0.11414013057947159,0.8960000276565552,0.6953999996185303
YNL247W,YLR066W,0,1.37046,0.11412558704614639,0.8960000276565552,0.6955000162124634
YIL031W,YDL092W,0,1.3698883,0.1141110509634018,0.8960000276565552,0.6955999732017517
YBR061C,YOR178C,0,1.3695095,0.11409652233123779,0.8960000276565552,0.6956999897956848
YGL092W,YPR204W,0,1.369427,0.11408199369907379,0.8960000276565552,0.6958000063896179
YFR031C,YCL043C,0,1.3693693,0.11406747251749039,0.8960000276565552,0.695900022983551
YJL196C,YPL012W,0,1.3692601,0.11405295133590698,0.8960000276565552,0.6959999799728394
YHR210C,YPL156C,0,1.3689697,0.11403843760490417,0.8960000276565552,0.6960999965667725
YCR008W,YIL063C,0,1.3689387,0.11402392387390137,0.8960000276565552,0.6962000131607056
YCR018C,YMR075W,0,1.3686528,0.11400941759347916,0.8960000276565552,0.6963000297546387
YIL148W,YMR145C,0,1.3681493,0.11399491131305695,0.8960000276565552,0.696399986743927
YBR181C,YER075C,0,1.3679345,0.11398041248321533,0.8960000276565552,0.6965000033378601
YBR141C,YJR014W,0,1.3679247,0.11396591365337372,0.8960000276565552,0.6966000199317932
YPR164W,YKL217W,0,1.367593,0.1139514148235321,0.8960000276565552,0.6966999769210815
YCR089W,YDR194C,0,1.3674748,0.11393693089485168,0.8960000276565552,0.6967999935150146
YDR184C,YGL226W,0,1.3674345,0.11392243951559067,0.8960000276565552,0.6969000101089478
YLR007W,YDR419W,0,1.3673358,0.11390795558691025,0.8960000276565552,0.6970000267028809
YCL018W,YIL023C,0,1.3668768,0.11389347910881042,0.8960000276565552,0.6970999836921692
YOL155C,YEL077C,0,1.3665891,0.1138790026307106,0.8960000276565552,0.6972000002861023
YCL039W,YLR256W,0,1.3664906,0.11386453360319138,0.8960000276565552,0.6973000168800354
YJL149W,YHR020W,0,1.3664715,0.11385006457567215,0.8960000276565552,0.6973999738693237
YHR002W,YBL040C,0,1.3663754,0.11383559554815292,0.8960000276565552,0.6974999904632568
YDL179W,YLR059C,0,1.3660738,0.11382114142179489,0.8960000276565552,0.6976000070571899
YGL150C,YJR103W,0,1.3660357,0.11380667984485626,0.8960000276565552,0.697700023651123
YOR110W,YGR013W,0,1.3659949,0.11379222571849823,0.8960000276565552,0.6977999806404114
YGR143W,YNL081C,0,1.3659215,0.1137777790427208,0.8960000276565552,0.6978999972343445
YLR309C,YFR042W,0,1.365907,0.11376333236694336,0.8960000276565552,0.6980000138282776
YDL084W,YER142C,0,1.3652911,0.11374888569116592,0.8960000276565552,0.6980999708175659
YJR132W,YLR095C,0,1.3648281,0.11373445391654968,0.8960000276565552,0.698199987411499
YPL007C,YER160C,0,1.3646755,0.11372001469135284,0.8960000276565552,0.6983000040054321
YML096W,YOR147W,0,1.3640976,0.1137055829167366,0.8960000276565552,0.6984000205993652
YGR278W,YFR046C,0,1.3640561,0.11369115859270096,0.8960000276565552,0.6984999775886536
YAL019W,YEL029C,0,1.3639991,0.11367673426866531,0.8960000276565552,0.6985999941825867
YJL187C,YMR001C,1,1.3636692,0.1137891635298729,0.8970000147819519,0.6985999941825867
YIL069C,YOR259C,0,1.3633611,0.11377473175525665,0.8970000147819519,0.6987000107765198
YNL317W,YPL169C,0,1.3630252,0.11376030743122101,0.8970000147819519,0.6988000273704529
YOR358W,YLR259C,0,1.3628044,0.11374587565660477,0.8970000147819519,0.6988999843597412
YOR307C,YMR161W,0,1.3627906,0.11373145878314972,0.8970000147819519,0.6990000009536743
YHR073W,YJR049C,0,1.3623807,0.11371704190969467,0.8970000147819519,0.6991000175476074
YBR021W,YDR498C,0,1.3623791,0.11370262503623962,0.8970000147819519,0.6991999745368958
YML127W,YKL161C,0,1.362103,0.11368821561336517,0.8970000147819519,0.6992999911308289
YPR105C,YGR023W,0,1.362025,0.11367380619049072,0.8970000147819519,0.699400007724762
YOR304W,YOR158W,0,1.3619137,0.11365940421819687,0.8970000147819519,0.6995000243186951
YPL065W,YGR094W,0,1.3618424,0.11364500224590302,0.8970000147819519,0.6995999813079834
YDR176W,YEL051W,0,1.3607881,0.11363060772418976,0.8970000147819519,0.6996999979019165
YNR012W,YML064C,0,1.360765,0.1136162132024765,0.8970000147819519,0.6998000144958496
YOR234C,YDR078C,0,1.360599,0.11360182613134384,0.8970000147819519,0.6998999714851379
YJL034W,YDR080W,0,1.3605788,0.11358743906021118,0.8970000147819519,0.699999988079071
YKL007W,YBL046W,0,1.3601615,0.11357305943965912,0.8970000147819519,0.7001000046730042
YJL111W,YNR035C,0,1.3600712,0.11355867981910706,0.8970000147819519,0.7002000212669373
YOL020W,YBR005W,0,1.3599818,0.11354430019855499,0.8970000147819519,0.7002999782562256
YAR071W,YHR170W,0,1.3598683,0.11352993547916412,0.8970000147819519,0.7003999948501587
YHL034C,YIL095W,0,1.3596544,0.11351556330919266,0.8970000147819519,0.7005000114440918
YNL252C,YLR165C,0,1.3595836,0.11350119858980179,0.8970000147819519,0.7006000280380249
YPL193W,YDR293C,0,1.3585882,0.11348684132099152,0.8970000147819519,0.7006999850273132
YML057W,YDR255C,0,1.3585701,0.11347248405218124,0.8970000147819519,0.7008000016212463
YER145C,YLR039C,0,1.3584697,0.11345813423395157,0.8970000147819519,0.7009000182151794
YNR074C,YMR061W,0,1.3583126,0.1134437844157219,0.8970000147819519,0.7009999752044678
YOR026W,YOL006C,0,1.3580234,0.11342944204807281,0.8970000147819519,0.7010999917984009
YIL103W,YLR163C,0,1.3576574,0.11341509968042374,0.8970000147819519,0.701200008392334
YPL137C,YGL125W,0,1.3571861,0.11340075731277466,0.8970000147819519,0.7013000249862671
YDL046W,YLR130C,0,1.3569014,0.11338642239570618,0.8970000147819519,0.7013999819755554
YPL119C,YOR299W,0,1.3566716,0.11337209492921829,0.8970000147819519,0.7014999985694885
YAR035W,YDL100C,0,1.356219,0.11335776746273041,0.8970000147819519,0.7016000151634216
YHR073W,YER042W,0,1.355921,0.11334343999624252,0.8970000147819519,0.70169997215271
YER176W,YDL005C,0,1.3558221,0.11332911998033524,0.8970000147819519,0.7017999887466431
YKR007W,YKR022C,0,1.3554518,0.11331480741500854,0.8970000147819519,0.7019000053405762
YDR303C,YPL168W,0,1.3550687,0.11330049484968185,0.8970000147819519,0.7020000219345093
YER122C,YGR012W,0,1.355011,0.11328618228435516,0.8970000147819519,0.7020999789237976
YHL001W,YER093C,0,1.3536718,0.11327187716960907,0.8970000147819519,0.7021999955177307
YOL093W,YJR102C,0,1.3533962,0.11325757205486298,0.8970000147819519,0.7023000121116638
YDR206W,YJL180C,0,1.3532429,0.11324327439069748,0.8970000147819519,0.7024000287055969
YNL082W,YBR088C,1,1.3531709,0.11335521191358566,0.8980000019073486,0.7024000287055969
YMR319C,YGR095C,0,1.3527944,0.11334090679883957,0.8980000019073486,0.7024999856948853
YPL082C,YPR110C,0,1.3525527,0.11332660168409348,0.8980000019073486,0.7026000022888184
YPL273W,YMR143W,0,1.3515327,0.11331230401992798,0.8980000019073486,0.7027000188827515
YHR110W,YFR025C,0,1.3514612,0.11329800635576248,0.8980000019073486,0.7027999758720398
YKL175W,YNL062C,0,1.3513718,0.11328371614217758,0.8980000019073486,0.7028999924659729
YER144C,YOR195W,0,1.3512833,0.11326942592859268,0.8980000019073486,0.703000009059906
YDR059C,YHR004C,1,1.350832,0.11338125914335251,0.8989999890327454,0.703000009059906
YBL005W-B,YGR010W,0,1.3496196,0.11336696147918701,0.8989999890327454,0.7031000256538391
YDR469W,YNL335W,0,1.3495281,0.11335266381502151,0.8989999890327454,0.7031999826431274
YGR205W,YOR100C,0,1.3493247,0.11333837360143661,0.8989999890327454,0.7032999992370605
YNL029C,YKL149C,0,1.3491504,0.11332409083843231,0.8989999890327454,0.7034000158309937
YDR287W,YNL209W,0,1.3488173,0.11330980807542801,0.8989999890327454,0.703499972820282
YHR073W,YMR145C,0,1.3480949,0.1132955253124237,0.8989999890327454,0.7035999894142151
YKR046C,YGL192W,0,1.3477881,0.11328125,0.8989999890327454,0.7037000060081482
YJL184W,YOR206W,0,1.3477161,0.1132669746875763,0.8989999890327454,0.7038000226020813
YIL008W,YML109W,0,1.3474755,0.11325270682573318,0.8989999890327454,0.7038999795913696
YLR208W,YFL026W,0,1.3474095,0.11323844641447067,0.8989999890327454,0.7039999961853027
YOR140W,YIL083C,0,1.347192,0.11322417855262756,0.8989999890327454,0.7041000127792358
YOR256C,YOR027W,0,1.3470142,0.11320992559194565,0.8989999890327454,0.704200029373169
YHL002W,YCL054W,0,1.3468978,0.11319566518068314,0.8989999890327454,0.7042999863624573
YDR237W,YHR204W,0,1.3468721,0.11318141967058182,0.8989999890327454,0.7044000029563904
YFR029W,YLR229C,0,1.3466525,0.1131671667098999,0.8989999890327454,0.7045000195503235
YNL080C,YDR214W,0,1.3460298,0.11315292865037918,0.8989999890327454,0.7045999765396118
YIL064W,YPR121W,0,1.3458121,0.11313868314027786,0.8989999890327454,0.7046999931335449
YGL078C,YKL145W,0,1.345705,0.11312445253133774,0.8989999890327454,0.704800009727478
YNL173C,YNL142W,0,1.345195,0.11311021447181702,0.8989999890327454,0.7049000263214111
YIL066C,YER130C,0,1.3451238,0.11309598386287689,0.8989999890327454,0.7049999833106995
YDL070W,YMR025W,0,1.344852,0.11308176070451736,0.8989999890327454,0.7050999999046326
YEL020W-A,YPR135W,0,1.3448033,0.11306753754615784,0.8989999890327454,0.7052000164985657
YDL232W,YJR006W,0,1.3448031,0.1130533218383789,0.8989999890327454,0.705299973487854
YOL122C,YHL003C,0,1.3443458,0.11303910613059998,0.8989999890327454,0.7053999900817871
YGL145W,YKR013W,0,1.3440378,0.11302489042282104,0.8989999890327454,0.7055000066757202
YJR028W,YGL203C,0,1.3437929,0.11301068216562271,0.8989999890327454,0.7056000232696533
YER002W,YPR011C,0,1.3433752,0.11299648135900497,0.8989999890327454,0.7056999802589417
YCL011C,YOR144C,0,1.3431206,0.11298228055238724,0.8989999890327454,0.7057999968528748
YKL216W,YMR097C,0,1.3426204,0.1129680797457695,0.8989999890327454,0.7059000134468079
YDL121C,YBR260C,0,1.3422563,0.11295388638973236,0.8989999890327454,0.7059999704360962
YML130C,YJL085W,0,1.3420141,0.11293970048427582,0.8989999890327454,0.7060999870300293
YDR027C,YHL027W,1,1.3418074,0.11305112391710281,0.8999999761581421,0.7060999870300293
YPL265W,YKL160W,0,1.34109,0.11303692311048508,0.8999999761581421,0.7062000036239624
YML031W,YIL137C,0,1.3409522,0.11302272975444794,0.8999999761581421,0.7063000202178955
YGR253C,YCR002C,1,1.3409085,0.11313410103321075,0.9010000228881836,0.7063000202178955
YJL216C,YLR178C,0,1.340549,0.11311990022659302,0.9010000228881836,0.7063999772071838
YJR133W,YML086C,0,1.3404572,0.11310569941997528,0.9010000228881836,0.7064999938011169
YER115C,YDR439W,1,1.3402765,0.11321701854467392,0.9020000100135803,0.7064999938011169
YJL180C,YDR039C,0,1.3401775,0.11320281028747559,0.9020000100135803,0.70660001039505
YDR073W,YHR106W,0,1.3396716,0.11318860948085785,0.9020000100135803,0.7067000269889832
YNL103W,YFR030W,0,1.3396313,0.11317440122365952,0.9020000100135803,0.7067999839782715
YMR008C,YLR368W,0,1.3394065,0.11316020786762238,0.9020000100135803,0.7069000005722046
YDR490C,YGR202C,0,1.3389359,0.11314601451158524,0.9020000100135803,0.7070000171661377
YFL023W,YMR161W,0,1.338834,0.1131318211555481,0.9020000100135803,0.707099974155426
YBL063W,YGL234W,0,1.3386173,0.11311763525009155,0.9020000100135803,0.7071999907493591
YPL011C,YGL226W,0,1.3385594,0.11310344934463501,0.9020000100135803,0.7073000073432922
YOR095C,YOR060C,0,1.3385363,0.11308927088975906,0.9020000100135803,0.7074000239372253
YIL076W,YPL104W,0,1.3385088,0.11307509243488312,0.9020000100135803,0.7074999809265137
YLR050C,YLR295C,0,1.3381104,0.11306091398000717,0.9020000100135803,0.7075999975204468
YIR032C,YCL064C,0,1.3379993,0.11304675042629242,0.9020000100135803,0.7077000141143799
YBR149W,YGL011C,0,1.3376522,0.11303257942199707,0.9020000100135803,0.7077999711036682
YDL198C,YGR046W,0,1.3376462,0.11301841586828232,0.9020000100135803,0.7078999876976013
YGL065C,YBL046W,0,1.3372068,0.11300425976514816,0.9020000100135803,0.7080000042915344
YIL067C,YPL134C,0,1.3370781,0.11299010366201401,0.9020000100135803,0.7081000208854675
YHR007C,YKL025C,0,1.3367679,0.11297595500946045,0.9020000100135803,0.7081999778747559
YLR426W,YLR225C,0,1.3367364,0.11296180635690689,0.9020000100135803,0.708299994468689
YNL327W,YKR064W,0,1.3367338,0.11294765770435333,0.9020000100135803,0.7084000110626221
YER154W,YGL112C,0,1.3365269,0.11293351650238037,0.9020000100135803,0.7085000276565552
YLR390W,YNL318C,0,1.3363743,0.112919382750988,0.9020000100135803,0.7085999846458435
YPL146C,YIL156W,0,1.3363338,0.11290524154901505,0.9020000100135803,0.7087000012397766
YHR084W,YGL162W,0,1.3361855,0.11289111524820328,0.9020000100135803,0.7088000178337097
YKL125W,YOR360C,0,1.3360829,0.11287698894739151,0.9020000100135803,0.708899974822998
YOR208W,YNL016W,0,1.3359663,0.11286286264657974,0.9020000100135803,0.7089999914169312
YPL007C,YDR026C,0,1.3358424,0.11284874379634857,0.9020000100135803,0.7091000080108643
YLL024C,YPR114W,0,1.3358011,0.1128346249461174,0.9020000100135803,0.7092000246047974
YBR060C,YOR357C,0,1.3357346,0.11282051354646683,0.9020000100135803,0.7092999815940857
YDL119C,YDR375C,0,1.3356447,0.11280640214681625,0.9020000100135803,0.7093999981880188
YCR097WB,YJR067C,0,1.3352442,0.11279229819774628,0.9020000100135803,0.7095000147819519
YGL192W,YGL019W,0,1.3345902,0.1127781942486763,0.9020000100135803,0.7095999717712402
YBL087C,YPL130W,0,1.33426,0.11276409775018692,0.9020000100135803,0.7096999883651733
YJL005W,YGR278W,0,1.3338852,0.11275000125169754,0.9020000100135803,0.7098000049591064
YOR094W,YDL128W,0,1.3338084,0.11273590475320816,0.9020000100135803,0.7099000215530396
YDR311W,YOR085W,0,1.3330119,0.11272182315587997,0.9020000100135803,0.7099999785423279
YDR151C,YBL098W,0,1.3329568,0.11270773410797119,0.9020000100135803,0.710099995136261
YMR170C,YLR224W,0,1.3329303,0.112693652510643,0.9020000100135803,0.7102000117301941
YFL005W,YER046W,1,1.3328815,0.11280449479818344,0.902999997138977,0.7102000117301941
YDR457W,YPR137W,0,1.3319588,0.11279040575027466,0.902999997138977,0.7103000283241272
YCR035C,YDR079W,0,1.3317106,0.11277632415294647,0.902999997138977,0.7103999853134155
YJL145W,YBR222C,0,1.3313711,0.11276223510503769,0.902999997138977,0.7105000019073486
YDL161W,YLR264W,0,1.3312511,0.1127481609582901,0.902999997138977,0.7106000185012817
YKL221W,YJL181W,0,1.330364,0.11273407936096191,0.902999997138977,0.7106999754905701
YGL196W,YIL114C,0,1.3302863,0.11272001266479492,0.902999997138977,0.7107999920845032
YJL047C,YLL015W,0,1.3302257,0.11270593851804733,0.902999997138977,0.7109000086784363
YLR330W,YOR230W,1,1.3300931,0.11281667649745941,0.9039999842643738,0.7109000086784363
YIL049W,YOL130W,0,1.3298762,0.11280259490013123,0.9039999842643738,0.7110000252723694
YMR099C,YJR052W,0,1.3298199,0.11278852075338364,0.9039999842643738,0.7110999822616577
YCR033W,YLR399C,1,1.3294394,0.11289919912815094,0.9049999713897705,0.7110999822616577
YGL148W,YAL011W,0,1.3293333,0.11288511753082275,0.9049999713897705,0.7111999988555908
YFL045C,YBR080C,0,1.3292615,0.11287104338407516,0.9049999713897705,0.7113000154495239
YOR362C,YBR104W,0,1.3292131,0.11285696178674698,0.9049999713897705,0.7113999724388123
YOL090W,YDL029W,1,1.3290565,0.1129675805568695,0.906000018119812,0.7113999724388123
YMR099C,YIL062C,0,1.3280032,0.11295349895954132,0.906000018119812,0.7114999890327454
YDR027C,YBR180W,1,1.3278465,0.11306407302618027,0.9070000052452087,0.7114999890327454
YNR051C,YLR210W,0,1.3274896,0.11304998397827148,0.9070000052452087,0.7116000056266785
YER100W,YMR220W,0,1.327286,0.1130358949303627,0.9070000052452087,0.7117000222206116
YLR447C,YLR145W,0,1.3272426,0.11302180588245392,0.9070000052452087,0.7117999792098999
YEL022W,YLR153C,0,1.3271039,0.11300772428512573,0.9070000052452087,0.711899995803833
YMR276W,YHR058C,0,1.3270905,0.11299365013837814,0.9070000052452087,0.7120000123977661
YNR015W,YBL018C,0,1.3261964,0.11297956854104996,0.9070000052452087,0.7121000289916992
YGL023C,YML056C,0,1.3255424,0.11296550184488297,0.9070000052452087,0.7121999859809875
YDR371W,YBR059C,0,1.325542,0.11295143514871597,0.9070000052452087,0.7123000025749207
YAL005C,YOR311C,0,1.3251016,0.11293736845254898,0.9070000052452087,0.7124000191688538
YKR036C,YFL053W,0,1.3250802,0.11292330920696259,0.9070000052452087,0.7124999761581421
YOR189W,YKR027W,0,1.3250592,0.11290924996137619,0.9070000052452087,0.7125999927520752
YGR186W,YOL108C,0,1.32494,0.11289519816637039,0.9070000052452087,0.7127000093460083
YLL024C,YKL172W,0,1.324888,0.1128811463713646,0.9070000052452087,0.7128000259399414
YLL027W,YPL280W,0,1.3248782,0.1128670945763588,0.9070000052452087,0.7128999829292297
YMR230W,YIL156W,0,1.3246875,0.11285305768251419,0.9070000052452087,0.7129999995231628
YBR101C,YGR052W,0,1.3244925,0.11283901333808899,0.9070000052452087,0.713100016117096
YGR072W,YPL115C,0,1.324471,0.11282497644424438,0.9070000052452087,0.7131999731063843
YLR003C,YDR328C,0,1.3244569,0.11281094700098038,0.9070000052452087,0.7132999897003174
YNL239W,YDL226C,0,1.3243587,0.11279691755771637,0.9070000052452087,0.7134000062942505
YER038C,YCL064C,0,1.324317,0.11278288811445236,0.9070000052452087,0.7135000228881836
YDR225W,YOL102C,0,1.3242843,0.11276886612176895,0.9070000052452087,0.7135999798774719
YOR025W,YIL135C,0,1.324261,0.11275485157966614,0.9070000052452087,0.713699996471405
YBR114W,YCL043C,0,1.3241253,0.11274082958698273,0.9070000052452087,0.7138000130653381
YKL078W,YKL114C,0,1.3235433,0.11272682249546051,0.9070000052452087,0.7139000296592712
YPL082C,YKL074C,0,1.323514,0.1127128154039383,0.9070000052452087,0.7139999866485596
YOR138C,YKL112W,0,1.3233337,0.11269880831241608,0.9070000052452087,0.7141000032424927
YLR136C,YOR088W,0,1.32322,0.11268480867147446,0.9070000052452087,0.7142000198364258
YPR094W,YDL134C,0,1.3229134,0.11267080903053284,0.9070000052452087,0.7142999768257141
YCR033W,YDR027C,1,1.3228536,0.11278101801872253,0.9079999923706055,0.7142999768257141
YDL098C,YBR153W,0,1.32252,0.11276701092720032,0.9079999923706055,0.7143999934196472
YGR205W,YHR118C,0,1.3222425,0.1127530112862587,0.9079999923706055,0.7145000100135803
YLR193C,YFR024C-A,0,1.3222029,0.11273901164531708,0.9079999923706055,0.7146000266075134
YFL023W,YOR109W,0,1.3221426,0.11272501200437546,0.9079999923706055,0.7146999835968018
YMR077C,YIL143C,0,1.321898,0.11271101981401443,0.9079999923706055,0.7148000001907349
YPR148C,YLR089C,0,1.3218379,0.11269703507423401,0.9079999923706055,0.714900016784668
YLR466W,YHR135C,0,1.3218081,0.11268305033445358,0.9079999923706055,0.7149999737739563
YOL091W,YAL056W,1,1.3215294,0.11279314756393433,0.9089999794960022,0.7149999737739563
YDR306C,YMR041C,0,1.3214772,0.1127791553735733,0.9089999794960022,0.7150999903678894
YPR035W,YLR301W,0,1.320559,0.11276516318321228,0.9089999794960022,0.7152000069618225
YPL100W,YNL239W,0,1.3201706,0.11275117844343185,0.9089999794960022,0.7153000235557556
YER040W,YCR028C-A,0,1.3195271,0.11273719370365143,0.9089999794960022,0.715399980545044
YOR032C,YOL012C,0,1.319233,0.1127232164144516,0.9089999794960022,0.715499997138977
YGL112C,YJL128C,0,1.3191097,0.11270923912525177,0.9089999794960022,0.7156000137329102
YPR174C,YPR134W,0,1.3190866,0.11269526183605194,0.9089999794960022,0.7156999707221985
YPL036W,YEL001C,0,1.3190517,0.11268129199743271,0.9089999794960022,0.7157999873161316
YPR037C,YOR007C,0,1.318881,0.11266732960939407,0.9089999794960022,0.7159000039100647
YLR424W,YIR022W,0,1.3187289,0.11265336722135544,0.9089999794960022,0.7160000205039978
YBR295W,YNL323W,0,1.3186729,0.1126394048333168,0.9089999794960022,0.7160999774932861
YHL013C,YBR290W,0,1.318233,0.11262544989585876,0.9089999794960022,0.7161999940872192
YDR541C,YNL246W,0,1.3181078,0.11261149495840073,0.9089999794960022,0.7163000106811523
YDR434W,YOR196C,0,1.3180172,0.11259754747152328,0.9089999794960022,0.7164000272750854
YBR131W,YDR202C,0,1.3174877,0.11258359998464584,0.9089999794960022,0.7164999842643738
YDR162C,YGL067W,0,1.3173854,0.112569659948349,0.9089999794960022,0.7166000008583069
YNL247W,YGR216C,0,1.3172636,0.11255571991205215,0.9089999794960022,0.71670001745224
YDL246C,YKR075C,0,1.316488,0.11254178732633591,0.9089999794960022,0.7167999744415283
YBR095C,YLR398C,0,1.3164716,0.11252785474061966,0.9089999794960022,0.7168999910354614
YDR255C,YMR040W,0,1.3158693,0.11251392215490341,0.9089999794960022,0.7170000076293945
YLR027C,YPR029C,0,1.315866,0.11249999701976776,0.9089999794960022,0.7171000242233276
YJR125C,YCL019W,0,1.3158045,0.11248607933521271,0.9089999794960022,0.717199981212616
YLL018C,YHR094C,0,1.3157687,0.11247216165065765,0.9089999794960022,0.7172999978065491
YNL003C,YLR410W,0,1.3156021,0.1124582439661026,0.9089999794960022,0.7174000144004822
YKL049C,YOR377W,0,1.3153703,0.11244433373212814,0.9089999794960022,0.7174999713897705
YOR319W,YKR039W,0,1.3153567,0.11243042349815369,0.9089999794960022,0.7175999879837036
YDR435C,YDR005C,0,1.3153169,0.11241652071475983,0.9089999794960022,0.7177000045776367
YIL154C,YBR221C,0,1.3152273,0.11240261793136597,0.9089999794960022,0.7178000211715698
YJL184W,YGL225W,0,1.315165,0.1123887225985527,0.9089999794960022,0.7178999781608582
YAL031C,YBL067C,0,1.3149848,0.11237482726573944,0.9089999794960022,0.7179999947547913
YIR025W,YNR049C,1,1.314919,0.11248455196619034,0.9100000262260437,0.7179999947547913
YPR083W,YKL176C,0,1.3148797,0.11247064918279648,0.9100000262260437,0.7181000113487244
YNR051C,YLR260W,0,1.3147247,0.11245674639940262,0.9100000262260437,0.7182000279426575
YNL190W,YPL280W,0,1.3146896,0.11244285106658936,0.9100000262260437,0.7182999849319458
YLR181C,YGL078C,0,1.3142431,0.11242896318435669,0.9100000262260437,0.7184000015258789
YBR162C,YNR015W,0,1.314177,0.11241506785154343,0.9100000262260437,0.718500018119812
YBL027W,YPL283C,0,1.3136723,0.11240118741989136,0.9100000262260437,0.7185999751091003
YBR095C,YBR079C,0,1.313597,0.11238730698823929,0.9100000262260437,0.7186999917030334
YOL021C,YIL119C,0,1.313396,0.11237342655658722,0.9100000262260437,0.7188000082969666
YOR138C,YBR072W,0,1.3130503,0.11235955357551575,0.9100000262260437,0.7189000248908997
YKL175W,YMR183C,0,1.3124423,0.11234568059444427,0.9100000262260437,0.718999981880188
YFL018W-A,YBL091C-A,0,1.3123901,0.1123318076133728,0.9100000262260437,0.7190999984741211
YOL082W,YDR306C,0,1.3122857,0.11231794953346252,0.9100000262260437,0.7192000150680542
YBR059C,YMR101C,0,1.311945,0.11230408400297165,0.9100000262260437,0.7192999720573425
YBL066C,YER055C,0,1.311743,0.11229022592306137,0.9100000262260437,0.7193999886512756
YKR083C,YHR084W,0,1.3114936,0.11227637529373169,0.9100000262260437,0.7195000052452087
YGR092W,YOL129W,0,1.3109791,0.11226252466440201,0.9100000262260437,0.7196000218391418
YHR210C,YML120C,0,1.3109348,0.11224867403507233,0.9100000262260437,0.7196999788284302
YML071C,YBR049C,0,1.3108742,0.11223483085632324,0.9100000262260437,0.7197999954223633
YDR451C,YNL307C,1,1.3105311,0.11234430968761444,0.9110000133514404,0.7197999954223633
YEL019C,YBR257W,0,1.3100832,0.11233045905828476,0.9110000133514404,0.7199000120162964
YLR155C,YIL036W,0,1.3098509,0.11231660842895508,0.9110000133514404,0.7200000286102295
YGL203C,YDL100C,0,1.3097043,0.1123027577996254,0.9110000133514404,0.7200999855995178
YEL003W,YDR080W,0,1.3093994,0.11228892207145691,0.9110000133514404,0.7202000021934509
YCR044C,YKR092C,0,1.3091927,0.11227507889270782,0.9110000133514404,0.720300018787384
YKR087C,YDR131C,0,1.3090637,0.11226124316453934,0.9110000133514404,0.7203999757766724
YJL116C,YDL072C,0,1.3089895,0.11224741488695145,0.9110000133514404,0.7204999923706055
YKL120W,YLR426W,0,1.3088117,0.11223358660936356,0.9110000133514404,0.7206000089645386
YER115C,YPL055C,1,1.3088002,0.1123429387807846,0.9120000004768372,0.7206000089645386
YJR052W,YCR069W,0,1.3084438,0.11232910305261612,0.9120000004768372,0.7207000255584717
YML030W,YLR242C,0,1.3084271,0.11231526732444763,0.9120000004768372,0.72079998254776
YDR415C,YLR291C,0,1.3082292,0.11230143904685974,0.9120000004768372,0.7208999991416931
YPL078C,YDL135C,0,1.3081429,0.11228761076927185,0.9120000004768372,0.7210000157356262
YFR024C-A,YER130C,0,1.307739,0.11227378994226456,0.9120000004768372,0.7210999727249146
YHL028W,YIL105C,0,1.3076646,0.11225996911525726,0.9120000004768372,0.7211999893188477
YOL086C,YPR058W,0,1.3075769,0.11224615573883057,0.9120000004768372,0.7213000059127808
YDR178W,YHR019C,0,1.3075211,0.11223234236240387,0.9120000004768372,0.7214000225067139
YGR143W,YDR384C,0,1.3071408,0.11221852898597717,0.9120000004768372,0.7214999794960022
YHR085W,YNR048W,0,1.3065641,0.11220472306013107,0.9120000004768372,0.7215999960899353
YBL091C-A,YLR380W,0,1.3064508,0.11219092458486557,0.9120000004768372,0.7217000126838684
YPL213W,YKL157W,0,1.3062353,0.11217711865901947,0.9120000004768372,0.7218000292778015
YML111W,YNL085W,0,1.3057833,0.11216332763433456,0.9120000004768372,0.7218999862670898
YPL217C,YPL283C,0,1.3057578,0.11214952915906906,0.9120000004768372,0.722000002861023
YJL127C,YGR072W,0,1.3049774,0.11213574558496475,0.9120000004768372,0.722100019454956
YDL207W,YNL067W,0,1.3047974,0.11212195456027985,0.9120000004768372,0.7221999764442444
YLL054C,YMR319C,0,1.3044436,0.11210817098617554,0.9120000004768372,0.7222999930381775
YDR498C,YFR024C-A,0,1.3037326,0.11209439486265182,0.9120000004768372,0.7224000096321106
YLR219W,YOR230W,1,1.3037062,0.11220351606607437,0.9129999876022339,0.7224000096321106
YDR026C,YNR035C,0,1.3034532,0.11218972504138947,0.9129999876022339,0.7225000262260437
YCL044C,YGL014W,0,1.3033891,0.11217594146728516,0.9129999876022339,0.722599983215332
YOL097C,YBL091C-A,0,1.3029428,0.11216216534376144,0.9129999876022339,0.7226999998092651
YNL110C,YML102W,0,1.3027601,0.11214838176965714,0.9129999876022339,0.7228000164031982
YIL118W,YHL012W,0,1.3021781,0.11213461309671402,0.9129999876022339,0.7228999733924866
YNR031C,YGR152C,0,1.3020504,0.11212083697319031,0.9129999876022339,0.7229999899864197
YPR066W,YGR094W,0,1.3020031,0.11210707575082779,0.9129999876022339,0.7231000065803528
YNR006W,YLR110C,0,1.3014474,0.11209330707788467,0.9129999876022339,0.7232000231742859
YLL033W,YOR229W,1,1.3012829,0.11220230907201767,0.9139999747276306,0.7232000231742859
YGL065C,YBR149W,0,1.3012242,0.11218853294849396,0.9139999747276306,0.7232999801635742
YLR410W,YFR010W,0,1.30105,0.11217476427555084,0.9139999747276306,0.7233999967575073
YNL231C,YOR279C,0,1.3009,0.11216100305318832,0.9139999747276306,0.7235000133514404
YGL002W,YOR189W,0,1.3006258,0.1121472418308258,0.9139999747276306,0.7235999703407288
YNL005C,YLR043C,0,1.3005474,0.11213348060846329,0.9139999747276306,0.7236999869346619
YCR026C,YFL018W-A,0,1.3005133,0.11211972683668137,0.9139999747276306,0.723800003528595
YDR245W,YLR153C,0,1.3002663,0.11210597306489944,0.9139999747276306,0.7239000201225281
YDR383C,YML019W,0,1.3002145,0.11209222674369812,0.9139999747276306,0.7239999771118164
YMR227C,YML132W,0,1.300076,0.1120784804224968,0.9139999747276306,0.7240999937057495
YPL190C,YJL191W,0,1.3000073,0.11206473410129547,0.9139999747276306,0.7242000102996826
YBR193C,YDR410C,0,1.2998569,0.11205100268125534,0.9139999747276306,0.7243000268936157
YMR164C,YOR197W,0,1.2998538,0.11203726381063461,0.9139999747276306,0.724399983882904
YLR363C,YLR417W,0,1.2997437,0.11202353239059448,0.9139999747276306,0.7245000004768372
YGL179C,YOR002W,0,1.2997291,0.11200980097055435,0.9139999747276306,0.7246000170707703
YPL049C,YHL007C,0,1.2997096,0.11199607700109482,0.9139999747276306,0.7246999740600586
YMR048W,YGL099W,1,1.2993982,0.1121048778295517,0.9150000214576721,0.7246999740600586
YER178W,YDL002C,0,1.2992351,0.11209114640951157,0.9150000214576721,0.7247999906539917
YLR181C,YFL008W,0,1.2991052,0.11207741498947144,0.9150000214576721,0.7249000072479248
YGL083W,YOR287C,0,1.2990737,0.1120636835694313,0.9150000214576721,0.7250000238418579
YHR106W,YDR328C,0,1.2986517,0.11204995959997177,0.9150000214576721,0.7250999808311462
YNL131W,YEL044W,0,1.2980046,0.11203624308109283,0.9150000214576721,0.7251999974250793
YNL002C,YML081W,0,1.2979455,0.1120225265622139,0.9150000214576721,0.7253000140190125
YDR264C,YIL148W,0,1.2978706,0.11200881749391556,0.9150000214576721,0.7253999710083008
YOR110W,YDR195W,0,1.2977476,0.11199510097503662,0.9150000214576721,0.7254999876022339
YHR107C,YNR026C,0,1.2974017,0.11198139935731888,0.9150000214576721,0.725600004196167
YOR178C,YDR259C,0,1.2973824,0.11196769773960114,0.9150000214576721,0.7257000207901001
YPR058W,YMR274C,0,1.2973149,0.11195399612188339,0.9150000214576721,0.7257999777793884
YGL050W,YDR261C,0,1.2972655,0.11194030195474625,0.9150000214576721,0.7258999943733215
YDL106C,YML073C,0,1.2971778,0.1119266077876091,0.9150000214576721,0.7260000109672546
YFR031C-A,YNL317W,0,1.2970579,0.11191291362047195,0.9150000214576721,0.7261000275611877
YOR094W,YPL259C,0,1.297013,0.1118992269039154,0.9150000214576721,0.7261999845504761
YML062C,YLL012W,0,1.2967377,0.11188554763793945,0.9150000214576721,0.7263000011444092
YDR039C,YLR380W,0,1.2966313,0.1118718683719635,0.9150000214576721,0.7264000177383423
YDR422C,YNL323W,0,1.2965,0.11185818910598755,0.9150000214576721,0.7264999747276306
YEL046C,YLR452C,0,1.2962759,0.1118445172905922,0.9150000214576721,0.7265999913215637
YCR018C,YPL117C,0,1.2957425,0.11183084547519684,0.9150000214576721,0.7267000079154968
YER026C,YLR119W,0,1.2956469,0.11181718111038208,0.9150000214576721,0.7268000245094299
YNL258C,YLR336C,0,1.2956238,0.11180351674556732,0.9150000214576721,0.7268999814987183
YNR052C,YCR097W,0,1.295577,0.11178985983133316,0.9150000214576721,0.7269999980926514
YKR007W,YGL011C,0,1.2953486,0.111776202917099,0.9150000214576721,0.7271000146865845
YOR354C,YHR119W,1,1.2951682,0.1118846982717514,0.9160000085830688,0.7271000146865845
YJL177W,YBR173C,0,1.2948091,0.11187103390693665,0.9160000085830688,0.7271999716758728
YHL011C,YJR112W,0,1.2947986,0.11185736954212189,0.9160000085830688,0.7272999882698059
YDL074C,YCL067C,0,1.2945216,0.11184371262788773,0.9160000085830688,0.727400004863739
YIL022W,YJL181W,0,1.2943921,0.11183005571365356,0.9160000085830688,0.7275000214576721
YML022W,YOR334W,0,1.2943873,0.11181640625,0.9160000085830688,0.7275999784469604
YDL188C,YOL023W,0,1.2939558,0.11180275678634644,0.9160000085830688,0.7276999950408936
YKR025W,YKL025C,0,1.2938774,0.11178911477327347,0.9160000085830688,0.7278000116348267
YJL140W,YHL033C,0,1.2938659,0.1117754727602005,0.9160000085830688,0.7279000282287598
YDL010W,YOR204W,0,1.2934096,0.11176183819770813,0.9160000085830688,0.7279999852180481
YEL056W,YBR014C,0,1.2934067,0.11174820363521576,0.9160000085830688,0.7281000018119812
YOL059W,YGR007W,0,1.2933595,0.11173456907272339,0.9160000085830688,0.7282000184059143
YKL150W,YOR020C,0,1.2929873,0.11172094196081161,0.9160000085830688,0.7282999753952026
YER071C,YGR082W,0,1.2929304,0.11170731484889984,0.9160000085830688,0.7283999919891357
YIL011W,YGR211W,0,1.292758,0.11169369518756866,0.9160000085830688,0.7285000085830688
YLR256W,YIL033C,0,1.292545,0.11168007552623749,0.9160000085830688,0.728600025177002
YDR457W,YHR128W,0,1.2921646,0.11166646331548691,0.9160000085830688,0.7286999821662903
YHR106W,YJR125C,0,1.2919967,0.11165285110473633,0.9160000085830688,0.7287999987602234
YBR247C,YBL105C,0,1.2918129,0.11163924634456635,0.9160000085830688,0.7289000153541565
YNL002C,YKR022C,0,1.2918,0.11162564158439636,0.9160000085830688,0.7289999723434448
YOR142W,YPR163C,0,1.2914965,0.11161203682422638,0.9160000085830688,0.7290999889373779
YDR434W,YKL061W,0,1.2908581,0.111598439514637,0.9160000085830688,0.729200005531311
YKR077W,YNL067W,0,1.2907379,0.11158484220504761,0.9160000085830688,0.7293000221252441
YHR185C,YLL040C,1,1.2901163,0.11169305443763733,0.9169999957084656,0.7293000221252441
YNL294C,YGL054C,1,1.2899773,0.11180124431848526,0.9179999828338623,0.7293000221252441
YFL055W,YPR167C,0,1.2897549,0.11178762465715408,0.9179999828338623,0.7293999791145325
YIL083C,YKL157W,0,1.2894294,0.1117740198969841,0.9179999828338623,0.7294999957084656
YHR018C,YOL076W,0,1.2885267,0.11176040768623352,0.9179999828338623,0.7296000123023987
YOR358W,YLR164W,0,1.2876704,0.11174680292606354,0.9179999828338623,0.7297000288963318
YPR002W,YLR150W,0,1.2871408,0.11173320561647415,0.9179999828338623,0.7297999858856201
YIL085C,YNL079C,0,1.2870564,0.11171960830688477,0.9179999828338623,0.7299000024795532
YDR397C,YDR040C,0,1.286617,0.11170601099729538,0.9179999828338623,0.7300000190734863
YBL004W,YBL045C,0,1.28653,0.11169242113828659,0.9179999828338623,0.7300999760627747
YMR189W,YJR103W,0,1.2860692,0.1116788312792778,0.9179999828338623,0.7301999926567078
YOL049W,YML062C,0,1.2859998,0.11166524887084961,0.9179999828338623,0.7303000092506409
YBR141C,YFR044C,0,1.2855339,0.11165166646242142,0.9179999828338623,0.730400025844574
YBL105C,YBR104W,0,1.2854197,0.11163809150457382,0.9179999828338623,0.7304999828338623
YLR390W,YLR129W,0,1.2851431,0.11162451654672623,0.9179999828338623,0.7305999994277954
YHR188C,YDR322C-A,0,1.2848953,0.11161094158887863,0.9179999828338623,0.7307000160217285
YLR132C,YNR053C,0,1.2848736,0.11159737408161163,0.9179999828338623,0.7307999730110168
YJL074C,YOR073W,1,1.2847469,0.11170536279678345,0.9190000295639038,0.7307999730110168
YMR168C,YNL113W,0,1.2843926,0.11169178783893585,0.9190000295639038,0.73089998960495
YHL003C,YKR013W,0,1.2843257,0.11167821288108826,0.9190000295639038,0.7310000061988831
YBL089W,YOL144W,0,1.2836729,0.11166463792324066,0.9190000295639038,0.7311000227928162
YPL212C,YDL018C,0,1.2835917,0.11165107786655426,0.9190000295639038,0.7311999797821045
YKR092C,YIL033C,0,1.2835312,0.11163751035928726,0.9190000295639038,0.7312999963760376
YPL178W,YDR092W,0,1.2834394,0.11162395030260086,0.9190000295639038,0.7314000129699707
YLL017W,YHR123W,0,1.2830288,0.11161039769649506,0.9190000295639038,0.7315000295639038
YBR216C,YBR101C,0,1.2826333,0.11159684509038925,0.9190000295639038,0.7315999865531921
YHR051W,YOR357C,0,1.2825253,0.11158329248428345,0.9190000295639038,0.7317000031471252
YFR001W,YBR081C,0,1.2818733,0.11156974732875824,0.9190000295639038,0.7318000197410583
YPR006C,YGL048C,0,1.2817674,0.11155620217323303,0.9190000295639038,0.7318999767303467
YIL147C,YBR049C,0,1.2814765,0.11154266446828842,0.9190000295639038,0.7319999933242798
YBR021W,YKR060W,0,1.2813156,0.11152912676334381,0.9190000295639038,0.7321000099182129
YOR215C,YDR437W,0,1.2811952,0.1115155890583992,0.9190000295639038,0.732200026512146
YBR181C,YER094C,0,1.2809398,0.11150206625461578,0.9190000295639038,0.7322999835014343
YCR079W,YFL034C-A,0,1.280787,0.11148853600025177,0.9190000295639038,0.7324000000953674
YDR100W,YKL096W,0,1.2804244,0.11147501319646835,0.9190000295639038,0.7325000166893005
YPL117C,YMR097C,0,1.2803521,0.11146149039268494,0.9190000295639038,0.7325999736785889
YDR170C,YNL010W,0,1.2802866,0.11144797503948212,0.9190000295639038,0.732699990272522
YDL225W,YMR083W,0,1.2801191,0.1114344596862793,0.9190000295639038,0.7328000068664551
YLR390W-A,YOL043C,0,1.2790756,0.11142095178365707,0.9190000295639038,0.7329000234603882
YBL050W,YBL041W,0,1.2787263,0.11140744388103485,0.9190000295639038,0.7329999804496765
YGL094C,YOR311C,0,1.2785997,0.11139393597841263,0.9190000295639038,0.7330999970436096
YOR316C,YNR028W,0,1.2785823,0.111380435526371,0.9190000295639038,0.7332000136375427
YPL192C,YPL042C,0,1.278491,0.11136694252490997,0.9190000295639038,0.733299970626831
YDR147W,YML059C,0,1.278155,0.11135344952344894,0.9190000295639038,0.7333999872207642
YCR012W,YOL068C,0,1.2778305,0.11133995652198792,0.9190000295639038,0.7335000038146973
YNL221C,YMR272C,0,1.2775245,0.11132647097110748,0.9190000295639038,0.7336000204086304
YPL192C,YJL172W,0,1.2773528,0.11131298542022705,0.9190000295639038,0.7336999773979187
YAL032C,YPL138C,0,1.2769556,0.11129949986934662,0.9190000295639038,0.7337999939918518
YIR039C,YPL058C,0,1.2767415,0.11128602921962738,0.9190000295639038,0.7339000105857849
YBL056W,YPL151C,0,1.2759359,0.11127255111932755,0.9190000295639038,0.734000027179718
YGR271W,YLL051C,0,1.2759178,0.1112590804696083,0.9190000295639038,0.7340999841690063
YJL005W,YMR169C,0,1.2755477,0.11124560981988907,0.9190000295639038,0.7342000007629395
YLR005W,YLR240W,0,1.2753803,0.11123214662075043,0.9190000295639038,0.7343000173568726
YDR351W,YEL069C,0,1.2753298,0.11121868342161179,0.9190000295639038,0.7343999743461609
YNL003C,YDR310C,0,1.2752962,0.11120522767305374,0.9190000295639038,0.734499990940094
YNL076W,YCL064C,0,1.274931,0.1111917719244957,0.9190000295639038,0.7346000075340271
YBL068W,YDR353W,0,1.2747453,0.11117832362651825,0.9190000295639038,0.7347000241279602
YER078C,YOR125C,0,1.2744861,0.1111648753285408,0.9190000295639038,0.7347999811172485
YPR188C,YAL042W,0,1.2742594,0.11115142703056335,0.9190000295639038,0.7348999977111816
YLR390W,YDR337W,0,1.2738297,0.1111379861831665,0.9190000295639038,0.7350000143051147
YDR354W,YER011W,0,1.2737967,0.11112454533576965,0.9190000295639038,0.7350999712944031
YAL022C,YKL190W,0,1.2735956,0.1111111119389534,0.9190000295639038,0.7351999878883362
YBL041W,YPR148C,0,1.2730715,0.11109767854213715,0.9190000295639038,0.7353000044822693
YNL199C,YDL128W,0,1.273006,0.11108425259590149,0.9190000295639038,0.7354000210762024
YIL154C,YCL057W,0,1.2727439,0.11107082664966583,0.9190000295639038,0.7354999780654907
YKL067W,YIL134W,0,1.2720733,0.11105740070343018,0.9190000295639038,0.7355999946594238
YPL262W,YNL131W,0,1.2718608,0.11104398220777512,0.9190000295639038,0.7357000112533569
YAL047C,YGL020C,0,1.271822,0.11103056371212006,0.9190000295639038,0.73580002784729
YER162C,YMR105C,0,1.2714343,0.1110171526670456,0.9190000295639038,0.7358999848365784
YGR081C,YNL240C,0,1.271364,0.11100374162197113,0.9190000295639038,0.7360000014305115
YGR225W,YOR230W,1,1.2712812,0.1111111119389534,0.9200000166893005,0.7360000014305115
YEL060C,YDR304C,0,1.2710099,0.11109769344329834,0.9200000166893005,0.7361000180244446
YLR016C,YLR064W,0,1.2708316,0.11108428239822388,0.9200000166893005,0.7361999750137329
YPR080W,YKL206C,0,1.269847,0.11107087135314941,0.9200000166893005,0.736299991607666
YER004W,YLR368W,0,1.2692329,0.11105746030807495,0.9200000166893005,0.7364000082015991
YGR277C,YGR211W,0,1.2691984,0.11104405671358109,0.9200000166893005,0.7365000247955322
YMR158W,YOR360C,0,1.2683027,0.11103065311908722,0.9200000166893005,0.7365999817848206
YPR035W,YDR211W,0,1.2680838,0.11101725697517395,0.9200000166893005,0.7366999983787537
YPL126W,YBR086C,0,1.2679126,0.11100386083126068,0.9200000166893005,0.7368000149726868
YNL103W,YDR007W,0,1.2678032,0.11099047213792801,0.9200000166893005,0.7368999719619751
YGL054C,YGR225W,1,1.2675803,0.11109770834445953,0.9210000038146973,0.7368999719619751
YPL176C,YPL131W,0,1.2675185,0.11108430474996567,0.9210000038146973,0.7369999885559082
YDL052C,YGL126W,0,1.2671471,0.1110709086060524,0.9210000038146973,0.7371000051498413
YMR167W,YLR394W,1,1.2670443,0.11117810010910034,0.921999990940094,0.7371000051498413
YER125W,YJL155C,0,1.2669953,0.11116469651460648,0.921999990940094,0.7372000217437744
YBR195C,YJL014W,0,1.2667499,0.11115129292011261,0.921999990940094,0.7372999787330627
YDL225W,YPL259C,0,1.2666144,0.11113789677619934,0.921999990940094,0.7373999953269958
YDL135C,YDL106C,0,1.2660502,0.11112450063228607,0.921999990940094,0.737500011920929
YOR008C,YGR007W,0,1.2657526,0.1111111119389534,0.921999990940094,0.7376000285148621
YCR073C,YNL048W,0,1.265239,0.11109772324562073,0.921999990940094,0.7376999855041504
YPL046C,YLR160C,0,1.2649646,0.11108433455228806,0.921999990940094,0.7378000020980835
YKL067W,YDL128W,0,1.2646523,0.11107095330953598,0.921999990940094,0.7379000186920166
YJR021C,YLR248W,1,1.2641368,0.11117803305387497,0.9229999780654907,0.7379000186920166
YOL145C,YGL038C,0,1.2640259,0.1111646369099617,0.9229999780654907,0.7379999756813049
YER123W,YOR311C,0,1.2640016,0.11115125566720963,0.9229999780654907,0.738099992275238
YDR137W,YPL237W,0,1.2635851,0.11113786697387695,0.9229999780654907,0.7382000088691711
YDR176W,YJR086W,0,1.2635449,0.11112448573112488,0.9229999780654907,0.7383000254631042
YOR239W,YOR367W,0,1.2634883,0.1111111119389534,0.9229999780654907,0.7383999824523926
YDR039C,YBR171W,0,1.2633317,0.11109773814678192,0.9229999780654907,0.7384999990463257
YBL102W,YMR291W,0,1.2630622,0.11108436435461044,0.9229999780654907,0.7386000156402588
YGR013W,YHR194W,0,1.2626643,0.11107099801301956,0.9229999780654907,0.7386999726295471
YCR069W,YNL065W,0,1.26252,0.11105763167142868,0.9229999780654907,0.7387999892234802
YKR034W,YHR203C,0,1.2622023,0.1110442727804184,0.9229999780654907,0.7389000058174133
YKR072C,YNL005C,0,1.2621884,0.11103091388940811,0.9229999780654907,0.7390000224113464
YLR197W,YPL212C,0,1.2620004,0.11101756244897842,0.9229999780654907,0.7390999794006348
YOL013C,YKL124W,0,1.2614733,0.11100421100854874,0.9229999780654907,0.7391999959945679
YIL023C,YHR141C,0,1.2614536,0.11099085956811905,0.9229999780654907,0.739300012588501
YAL005C,YGL014W,0,1.2612767,0.11097751557826996,0.9229999780654907,0.7394000291824341
YKR071C,YOR064C,0,1.260891,0.11096417158842087,0.9229999780654907,0.7394999861717224
YNL321W,YNL062C,0,1.2607479,0.11095083504915237,0.9229999780654907,0.7396000027656555
YER013W,YLR240W,0,1.2607456,0.11093749850988388,0.9229999780654907,0.7397000193595886
YDR225W,YJR112W,0,1.2606287,0.11092416942119598,0.9229999780654907,0.739799976348877
YOR128C,YJL083W,0,1.2604773,0.11091084033250809,0.9229999780654907,0.7398999929428101
YPR173C,YDR411C,0,1.2596598,0.11089751124382019,0.9229999780654907,0.7400000095367432
YKL022C,YBR150C,0,1.2592729,0.11088418960571289,0.9229999780654907,0.7401000261306763
YDR138W,YOR299W,0,1.259171,0.11087086796760559,0.9229999780654907,0.7401999831199646
YGL216W,YIR008C,0,1.2589421,0.11085755378007889,0.9229999780654907,0.7402999997138977
YGR065C,YPL266W,0,1.2588344,0.11084423959255219,0.9229999780654907,0.7404000163078308
YAL031C,YLL019C,0,1.2582743,0.11083093285560608,0.9229999780654907,0.7404999732971191
YOR128C,YPR181C,0,1.2579464,0.11081762611865997,0.9229999780654907,0.7405999898910522
YLR363C,YIL018W,0,1.2577636,0.11080431938171387,0.9229999780654907,0.7407000064849854
YDR195W,YMR153W,0,1.2577248,0.11079102009534836,0.9229999780654907,0.7408000230789185
YGL133W,YBR171W,0,1.2576334,0.11077772080898285,0.9229999780654907,0.7408999800682068
YLR203C,YER090W,0,1.2574639,0.11076442897319794,0.9229999780654907,0.7409999966621399
YDR500C,YDR314C,0,1.2574319,0.11075113713741302,0.9229999780654907,0.741100013256073
YDL194W,YGL181W,1,1.256995,0.11085782945156097,0.9240000247955322,0.741100013256073
YKR026C,YMR225C,0,1.2568142,0.11084453016519547,0.9240000247955322,0.7411999702453613
YCL051W,YNR032W,0,1.2565701,0.11083123087882996,0.9240000247955322,0.7412999868392944
YNR051C,YBR293W,0,1.2562313,0.11081793904304504,0.9240000247955322,0.7414000034332275
YDR221W,YOR020C,0,1.2551931,0.11080465465784073,0.9240000247955322,0.7415000200271606
YOR086C,YLR384C,0,1.255101,0.11079137027263641,0.9240000247955322,0.741599977016449
YBR131W,YOL012C,0,1.2542479,0.1107780858874321,0.9240000247955322,0.7416999936103821
YJR021C,YAL056W,1,1.2542249,0.11088468134403229,0.925000011920929,0.7416999936103821
YPL232W,YHL027W,1,1.253912,0.11099124699831009,0.9259999990463257,0.7416999936103821
YKL125W,YDR072C,0,1.2538292,0.11097794771194458,0.9259999990463257,0.7418000102043152
YCR020W-B,YER014W,0,1.2537487,0.11096464842557907,0.9259999990463257,0.7419000267982483
YKL064W,YGL053W,0,1.2537179,0.11095135658979416,0.9259999990463257,0.7419999837875366
YPL058C,YNR056C,0,1.2537061,0.11093806475400925,0.9259999990463257,0.7421000003814697
YPL146C,YIR010W,0,1.2537012,0.11092477291822433,0.9259999990463257,0.7422000169754028
YOR241W,YLR233C,0,1.2531981,0.11091148853302002,0.9259999990463257,0.7422999739646912
YKL069W,YFL062W,0,1.2531348,0.1108982041478157,0.9259999990463257,0.7423999905586243
YDR222W,YGR052W,0,1.2530859,0.11088492721319199,0.9259999990463257,0.7425000071525574
YNL058C,YLR029C,0,1.2529984,0.11087165027856827,0.9259999990463257,0.7426000237464905
YOR243C,YDR034C,0,1.2528613,0.11085837334394455,0.9259999990463257,0.7426999807357788
YGL100W,YGL198W,0,1.2526176,0.11084510385990143,0.9259999990463257,0.7427999973297119
YBR254C,YCL020W,0,1.2525556,0.1108318343758583,0.9259999990463257,0.742900013923645
YPL262W,YDR346C,0,1.251627,0.11081857234239578,0.9259999990463257,0.7429999709129333
YKL020C,YPR058W,0,1.25162,0.11080531030893326,0.9259999990463257,0.7430999875068665
YGR282C,YMR052W,0,1.2513521,0.11079205572605133,0.9259999990463257,0.7432000041007996
YOL060C,YAL017W,0,1.250881,0.1107788011431694,0.9259999990463257,0.7433000206947327
YIR004W,YOR311C,0,1.2508373,0.11076554656028748,0.9259999990463257,0.743399977684021
YDR497C,YLR006C,0,1.250788,0.11075229942798615,0.9259999990463257,0.7434999942779541
YMR283C,YGR212W,0,1.2506325,0.11073905974626541,0.9259999990463257,0.7436000108718872
YOL090W,YDR027C,1,1.2504376,0.11084538698196411,0.9269999861717224,0.7436000108718872
YGL150C,YIL046W,0,1.2495756,0.11083213984966278,0.9269999861717224,0.7437000274658203
YIR028W,YGR085C,0,1.2494911,0.11081888526678085,0.9269999861717224,0.7437999844551086
YMR115W,YMR216C,0,1.2493699,0.11080564558506012,0.9269999861717224,0.7439000010490417
YPR080W,YMR092C,0,1.2492981,0.11079239845275879,0.9269999861717224,0.7440000176429749
YKL170W,YLL042C,0,1.2492275,0.11077915877103806,0.9269999861717224,0.7440999746322632
YDL012C,YBL040C,0,1.2488947,0.11076591908931732,0.9269999861717224,0.7441999912261963
YKL082C,YKL038W,0,1.2476512,0.11075268685817719,0.9269999861717224,0.7443000078201294
YDL066W,YPL037C,0,1.2475162,0.11073945462703705,0.9269999861717224,0.7444000244140625
YML071C,YGR163W,0,1.2470068,0.11072622984647751,0.9269999861717224,0.7444999814033508
YOR171C,YJL179W,0,1.2469022,0.11071300506591797,0.9269999861717224,0.7445999979972839
YGL062W,YOL126C,0,1.246882,0.11069978773593903,0.9269999861717224,0.744700014591217
YNR067C,YOR312C,0,1.2468109,0.11068657040596008,0.9269999861717224,0.7447999715805054
YNL142W,YMR153W,0,1.2464645,0.11067335307598114,0.9269999861717224,0.7448999881744385
YNL110C,YDR137W,0,1.2464414,0.1106601431965828,0.9269999861717224,0.7450000047683716
YDR454C,YOR196C,0,1.2464252,0.11064693331718445,0.9269999861717224,0.7451000213623047
YMR263W,YPL096W,0,1.2463071,0.1106337308883667,0.9269999861717224,0.745199978351593
YKR087C,YBR004C,0,1.2462118,0.11062052845954895,0.9269999861717224,0.7452999949455261
YMR293C,YPR135W,0,1.2452879,0.1106073260307312,0.9269999861717224,0.7454000115394592
YGL246C,YKR079C,0,1.2452841,0.11059413105249405,0.9269999861717224,0.7455000281333923
YKL192C,YML072C,0,1.2452128,0.1105809360742569,0.9269999861717224,0.7455999851226807
YGR212W,YLR067C,0,1.2446663,0.11056774854660034,0.9269999861717224,0.7457000017166138
YPR163C,YKR101W,0,1.2445519,0.11055456101894379,0.9269999861717224,0.7458000183105469
YLR426W,YOR196C,0,1.2445221,0.11054138094186783,0.9269999861717224,0.7458999752998352
YAL007C,YHR128W,0,1.2433901,0.11052820086479187,0.9269999861717224,0.7459999918937683
YPR137W,YGL142C,0,1.2430291,0.11051502078771591,0.9269999861717224,0.7461000084877014
YGL236C,YGL044C,0,1.2422333,0.11050184816122055,0.9269999861717224,0.7462000250816345
YJR118C,YIL134W,0,1.2419183,0.11048867553472519,0.9269999861717224,0.7462999820709229
YHR062C,YOR136W,0,1.2416956,0.11047551035881042,0.9269999861717224,0.746399998664856
YDL145C,YDR348C,0,1.241617,0.11046234518289566,0.9269999861717224,0.7465000152587891
YLL054C,YPL145C,0,1.24154,0.11044918745756149,0.9269999861717224,0.7465999722480774
YBR236C,YPR181C,0,1.2412062,0.11043602228164673,0.9269999861717224,0.7466999888420105
YLR216C,YPL045W,0,1.2407439,0.11042287200689316,0.9269999861717224,0.7468000054359436
YLR222C,YPL213W,0,1.2406654,0.11040972173213959,0.9269999861717224,0.7469000220298767
YOR324C,YDR397C,0,1.2403927,0.11039657145738602,0.9269999861717224,0.746999979019165
YER056C,YBL052C,0,1.2402362,0.11038342118263245,0.9269999861717224,0.7470999956130981
YOL045W,YJL089W,0,1.2402351,0.11037028580904007,0.9269999861717224,0.7472000122070312
YMR115W,YML130C,0,1.2399552,0.1103571429848671,0.9269999861717224,0.7473000288009644
YNL336W,YNL186W,0,1.2398198,0.11034400761127472,0.9269999861717224,0.7473999857902527
YMR189W,YKL146W,0,1.2395742,0.11033087223768234,0.9269999861717224,0.7475000023841858
YDL236W,YML072C,0,1.2393036,0.11031774431467056,0.9269999861717224,0.7476000189781189
YGL067W,YIL007C,0,1.2383859,0.11030461639165878,0.9269999861717224,0.7476999759674072
YER007C-A,YOR129C,0,1.2382222,0.1102914959192276,0.9269999861717224,0.7477999925613403
YGL055W,YDR314C,0,1.2380118,0.11027837544679642,0.9269999861717224,0.7479000091552734
YLR300W,YER093C,0,1.2376235,0.11026525497436523,0.9269999861717224,0.7480000257492065
YEL040W,YKR088C,0,1.2375464,0.11025214195251465,0.9269999861717224,0.7480999827384949
YDR207C,YDR439W,1,1.2372994,0.11035794764757156,0.9279999732971191,0.7480999827384949
YDL156W,YGL016W,0,1.2371861,0.11034482717514038,0.9279999732971191,0.748199999332428
YGR276C,YGL153W,0,1.237056,0.1103317067027092,0.9279999732971191,0.7483000159263611
YOR048C,YOR002W,0,1.2364397,0.11031859368085861,0.9279999732971191,0.7483999729156494
YBR293W,YOR363C,0,1.2361624,0.11030548065900803,0.9279999732971191,0.7484999895095825
YJL026W,YPR181C,0,1.2356167,0.11029236763715744,0.9279999732971191,0.7486000061035156
YOR316C,YOR299W,0,1.235549,0.11027926206588745,0.9279999732971191,0.7487000226974487
YJL081C,YPL008W,0,1.2353284,0.11026615649461746,0.9279999732971191,0.7487999796867371
YGR276C,YBR014C,0,1.2352407,0.11025305837392807,0.9279999732971191,0.7488999962806702
YDR517W,YGR024C,0,1.2351315,0.11023996025323868,0.9279999732971191,0.7490000128746033
YDR222W,YOR173W,0,1.2348168,0.11022686958312988,0.9279999732971191,0.7491000294685364
YIL153W,YGR244C,0,1.2347307,0.11021377891302109,0.9279999732971191,0.7491999864578247
YKR085C,YLR424W,0,1.2347009,0.11020068824291229,0.9279999732971191,0.7493000030517578
YGL026C,YIL177C,0,1.2346342,0.1101876050233841,0.9279999732971191,0.7494000196456909
YPL208W,YDL018C,0,1.2335224,0.1101745218038559,0.9279999732971191,0.7494999766349792
YHL025W,YDR001C,0,1.2330251,0.1101614460349083,0.9279999732971191,0.7495999932289124
YJL124C,YER109C,0,1.2329316,0.1101483702659607,0.9279999732971191,0.7497000098228455
YMR072W,YBR155W,0,1.2328124,0.11013529449701309,0.9279999732971191,0.7498000264167786
YDR438W,YGL237C,0,1.2320275,0.11012222617864609,0.9279999732971191,0.7498999834060669
YDR300C,YGR171C,0,1.2319604,0.11010915786027908,0.9279999732971191,0.75
YCL064C,YLR163C,0,1.2316128,0.11009609699249268,0.9279999732971191,0.7501000165939331
YMR072W,YHR170W,0,1.2314848,0.11008303612470627,0.9279999732971191,0.7501999735832214
YHR074W,YML071C,0,1.2312958,0.11006998270750046,0.9279999732971191,0.7502999901771545
YOR140W,YLR426W,0,1.2309506,0.11005692929029465,0.9279999732971191,0.7504000067710876
YOR222W,YDR182W,0,1.2309375,0.11004387587308884,0.9279999732971191,0.7505000233650208
YMR205C,YHL031C,0,1.2308851,0.11003082990646362,0.9279999732971191,0.7505999803543091
YDL133C-A,YIR010W,0,1.2308686,0.11001778393983841,0.9279999732971191,0.7506999969482422
YJL110C,YMR229C,0,1.2308425,0.1100047379732132,0.9279999732971191,0.7508000135421753
YER100W,YOR048C,0,1.2307904,0.10999170690774918,0.9279999732971191,0.7508999705314636
YJL159W,YNL251C,0,1.2307899,0.10997866839170456,0.9279999732971191,0.7509999871253967
YOR148C,YMR180C,0,1.230674,0.10996563732624054,0.9279999732971191,0.7511000037193298
YER018C,YDR485C,0,1.2301118,0.10995260626077652,0.9279999732971191,0.7512000203132629
YLR293C,YML097C,0,1.2296174,0.1099395826458931,0.9279999732971191,0.7512999773025513
YML069W,YLR007W,0,1.2291452,0.10992655903100967,0.9279999732971191,0.7513999938964844
YER177W,YHL027W,1,1.2285655,0.11003197729587555,0.9290000200271606,0.7513999938964844
YDR498C,YNL267W,0,1.2285072,0.11001894623041153,0.9290000200271606,0.7515000104904175
YMR319C,YFL023W,0,1.2284595,0.1100059226155281,0.9290000200271606,0.7516000270843506
YHR132C,YER118C,0,1.2284564,0.10999289900064468,0.9290000200271606,0.7516999840736389
YGR185C,YBR120C,0,1.228431,0.10997987538576126,0.9290000200271606,0.751800000667572
YHR009C,YDR084C,0,1.2283841,0.10996685922145844,0.9290000200271606,0.7519000172615051
YJR005W,YGL097W,0,1.2282083,0.10995384305715561,0.9290000200271606,0.7519999742507935
YDL070W,YBR193C,0,1.2281336,0.10994082689285278,0.9290000200271606,0.7520999908447266
YJL112W,YML120C,0,1.228053,0.10992781817913055,0.9290000200271606,0.7522000074386597
YOR388C,YOR311C,0,1.2279968,0.10991480946540833,0.9290000200271606,0.7523000240325928
YDL208W,YNR055C,0,1.2278008,0.1099018082022667,0.9290000200271606,0.7523999810218811
YGL210W-A,YGR165W,0,1.2277136,0.10988880693912506,0.9290000200271606,0.7524999976158142
YDR087C,YKL045W,0,1.2276447,0.10987581312656403,0.9290000200271606,0.7526000142097473
YOR026W,YGR056W,0,1.2272062,0.10986281931400299,0.9290000200271606,0.7526999711990356
YHR119W,YPL232W,1,1.2270541,0.10996807366609573,0.9300000071525574,0.7526999711990356
YGL216W,YML132W,0,1.2268562,0.1099550724029541,0.9300000071525574,0.7527999877929688
YKL193C,YDR471W,0,1.2268155,0.10994207113981247,0.9300000071525574,0.7529000043869019
YER032W,YAR002C-A,0,1.2264423,0.10992907732725143,0.9300000071525574,0.753000020980835
YCR034W,YNL024C,0,1.2254851,0.1099160835146904,0.9300000071525574,0.7530999779701233
YOR118W,YGR157W,0,1.2247527,0.10990309715270996,0.9300000071525574,0.7531999945640564
YMR117C,YML022W,0,1.2246869,0.10989011079072952,0.9300000071525574,0.7533000111579895
YDR468C,YDR489W,0,1.2243388,0.10987712442874908,0.9300000071525574,0.7534000277519226
YKR079C,YDR039C,0,1.2239766,0.10986414551734924,0.9300000071525574,0.7534999847412109
YML025C,YML072C,0,1.2235165,0.1098511666059494,0.9300000071525574,0.753600001335144
YKR080W,YML059C,0,1.2234137,0.10983819514513016,0.9300000071525574,0.7537000179290771
YDR331W,YKL209C,0,1.2231872,0.10982522368431091,0.9300000071525574,0.7537999749183655
YLR350W,YKL096W-A,0,1.22257,0.10981225967407227,0.9300000071525574,0.7538999915122986
YPR060C,YMR072W,0,1.2225407,0.10979928821325302,0.9300000071525574,0.7540000081062317
YER050C,YBR265W,0,1.2224535,0.10978633165359497,0.9300000071525574,0.7541000247001648
YML052W,YBR180W,1,1.2222433,0.10989140719175339,0.9309999942779541,0.7541000247001648
YGR097W,YLR131C,0,1.2222309,0.10987843573093414,0.9309999942779541,0.7541999816894531
YLR314C,YOR045W,0,1.2222147,0.1098654717206955,0.9309999942779541,0.7542999982833862
YGR167W,YJL099W,0,1.2220442,0.10985250771045685,0.9309999942779541,0.7544000148773193
YJL004C,YGR082W,0,1.2218572,0.1098395437002182,0.9309999942779541,0.7544999718666077
YMR048W,YGR253C,1,1.2217257,0.10994455218315125,0.9319999814033508,0.7544999718666077
YDL232W,YLR411W,0,1.221456,0.1099315881729126,0.9319999814033508,0.7545999884605408
YGL150C,YCR034W,0,1.2209496,0.10991862416267395,0.9319999814033508,0.7547000050544739
YCR066W,YCR028C-A,0,1.2205207,0.1099056601524353,0.9319999814033508,0.754800021648407
YOR128C,YLR347C,0,1.2204132,0.10989270359277725,0.9319999814033508,0.7548999786376953
YOL045W,YGL122C,0,1.220264,0.1098797470331192,0.9319999814033508,0.7549999952316284
YNL116W,YBR115C,0,1.2202351,0.10986679047346115,0.9319999814033508,0.7551000118255615
YDR135C,YBR172C,0,1.2201602,0.1098538413643837,0.9319999814033508,0.7552000284194946
YPL256C,YPR112C,0,1.2198737,0.10984089225530624,0.9319999814033508,0.755299985408783
YNL271C,YDR438W,0,1.2186527,0.10982795059680939,0.9319999814033508,0.7554000020027161
YHR211W,YMR149W,0,1.2183435,0.10981500893831253,0.9319999814033508,0.7555000185966492
YJR090C,YMR183C,0,1.2181369,0.10980207473039627,0.9319999814033508,0.7555999755859375
YOL033W,YOL121C,0,1.2181123,0.10978914052248001,0.9319999814033508,0.7556999921798706
YGL058W,YLR355C,0,1.2181026,0.10977620631456375,0.9319999814033508,0.7558000087738037
YIR004W,YLR174W,0,1.2178314,0.10976327955722809,0.9319999814033508,0.7559000253677368
YDL174C,YIL036W,0,1.2172422,0.10975035279989243,0.9319999814033508,0.7559999823570251
YEL024W,YML132W,0,1.2172005,0.10973743349313736,0.9319999814033508,0.7560999989509583
YBR109C,YBL040C,0,1.2168496,0.1097245141863823,0.9319999814033508,0.7562000155448914
YOR195W,YOR197W,0,1.2168466,0.10971159487962723,0.9319999814033508,0.7562999725341797
YOL090W,YDR097C,1,1.2167243,0.10981638729572296,0.9330000281333923,0.7562999725341797
YDL197C,YDL134C,0,1.2164788,0.1098034605383873,0.9330000281333923,0.7563999891281128
YGL023C,YDR051C,0,1.2163476,0.10979054123163223,0.9330000281333923,0.7565000057220459
YDR461W,YDR287W,0,1.21587,0.10977762192487717,0.9330000281333923,0.756600022315979
YNL180C,YDR485C,0,1.2154133,0.1097647026181221,0.9330000281333923,0.7566999793052673
YKR083C,YKR072C,0,1.215003,0.10975179076194763,0.9330000281333923,0.7567999958992004
YJR078W,YIL010W,0,1.2148147,0.10973888635635376,0.9330000281333923,0.7569000124931335
YKL039W,YHR114W,0,1.2143435,0.10972598195075989,0.9330000281333923,0.7570000290870667
YOR307C,YER122C,0,1.2142301,0.10971307754516602,0.9330000281333923,0.757099986076355
YML001W,YML092C,0,1.2140722,0.10970017313957214,0.9330000281333923,0.7572000026702881
YJL003W,YMR250W,0,1.2140582,0.10968727618455887,0.9330000281333923,0.7573000192642212
YGR278W,YAL030W,0,1.2138486,0.10967438668012619,0.9330000281333923,0.7573999762535095
YDL189W,YGL130W,0,1.2133691,0.10966149717569351,0.9330000281333923,0.7574999928474426
YDR204W,YDR127W,0,1.2133169,0.10964860767126083,0.9330000281333923,0.7576000094413757
YDL161W,YGR092W,0,1.2129767,0.10963572561740875,0.9330000281333923,0.7577000260353088
YKL054C,YOR020C,0,1.2126203,0.10962284356355667,0.9330000281333923,0.7577999830245972
YNL181W,YPL169C,0,1.2123823,0.10960996150970459,0.9330000281333923,0.7578999996185303
YMR131C,YKR100C,0,1.2117934,0.1095970869064331,0.9330000281333923,0.7580000162124634
YLR077W,YGL019W,0,1.2117138,0.10958421230316162,0.9330000281333923,0.7580999732017517
YNL186W,YCL067C,0,1.2114465,0.10957134515047073,0.9330000281333923,0.7581999897956848
YGL051W,YKL161C,0,1.2114184,0.10955847799777985,0.9330000281333923,0.7583000063896179
YDR073W,YLR007W,0,1.2113588,0.10954561829566956,0.9330000281333923,0.758400022983551
YDR202C,YDR001C,0,1.2108505,0.10953275114297867,0.9330000281333923,0.7584999799728394
YPL168W,YIL021W,0,1.2108414,0.10951989889144897,0.9330000281333923,0.7585999965667725
YOR098C,YDR079W,0,1.2108206,0.10950703918933868,0.9330000281333923,0.7587000131607056
YNL071W,YDL202W,0,1.2104037,0.10949419438838959,0.9330000281333923,0.7588000297546387
YNL186W,YOR245C,0,1.2103585,0.1094813421368599,0.9330000281333923,0.758899986743927
YOR241W,YGL008C,0,1.2101836,0.1094684973359108,0.9330000281333923,0.7590000033378601
YLL018C-A,YCL051W,0,1.2101393,0.1094556525349617,0.9330000281333923,0.7591000199317932
YJR144W,YKL052C,0,1.2100654,0.1094428151845932,0.9330000281333923,0.7591999769210815
YCR088W,YER062C,0,1.2098975,0.1094299778342247,0.9330000281333923,0.7592999935150146
YJR017C,YJL172W,0,1.2097791,0.1094171479344368,0.9330000281333923,0.7594000101089478
YJR021C,YOR230W,1,1.209568,0.10952157527208328,0.9340000152587891,0.7594000101089478
YPR169W,YHR094C,0,1.2095094,0.10950873792171478,0.9340000152587891,0.7595000267028809
YBR118W,YOR208W,0,1.2093477,0.10949589312076569,0.9340000152587891,0.7595999836921692
YGR209C,YMR097C,0,1.2092912,0.10948306322097778,0.9340000152587891,0.7597000002861023
YCR034W,YKL001C,0,1.2082489,0.10947023332118988,0.9340000152587891,0.7598000168800354
YPL163C,YOR099W,0,1.2082113,0.10945740342140198,0.9340000152587891,0.7598999738693237
YBR192W,YOR130C,0,1.2081342,0.10944457352161407,0.9340000152587891,0.7599999904632568
YPR055W,YOL146W,0,1.20806,0.10943175107240677,0.9340000152587891,0.7601000070571899
YJL079C,YBR208C,0,1.2080474,0.10941892862319946,0.9340000152587891,0.760200023651123
YPL036W,YIL135C,0,1.2079316,0.10940611362457275,0.9340000152587891,0.7602999806404114
YOL052C,YBL035C,0,1.2079234,0.10939329862594604,0.9340000152587891,0.7603999972343445
YOR222W,YLR057W,0,1.2076402,0.10938049107789993,0.9340000152587891,0.7605000138282776
YDL047W,YMR145C,0,1.207431,0.10936768352985382,0.9340000152587891,0.7605999708175659
YDL015C,YBR236C,0,1.206914,0.10935487598180771,0.9340000152587891,0.760699987411499
YOL049W,YIL131C,0,1.2068033,0.1093420758843422,0.9340000152587891,0.7608000040054321
YPL020C,YNL133C,0,1.2064815,0.10932927578687668,0.9340000152587891,0.7609000205993652
YKL119C,YER109C,0,1.2064464,0.10931647568941116,0.9340000152587891,0.7609999775886536
YNL110C,YEL047C,0,1.2061874,0.10930368304252625,0.9340000152587891,0.7610999941825867
YKL073W,YDL165W,0,1.206152,0.10929089784622192,0.9340000152587891,0.7612000107765198
YIL085C,YLR390W-A,0,1.2059721,0.1092781126499176,0.9340000152587891,0.7613000273704529
YAL005C,YDR276C,0,1.2059677,0.10926532745361328,0.9340000152587891,0.7613999843597412
YMR205C,YJR067C,0,1.2056355,0.10925254225730896,0.9340000152587891,0.7615000009536743
YNL180C,YNL079C,0,1.2054806,0.10923976451158524,0.9340000152587891,0.7616000175476074
YGL100W,YGR181W,0,1.2052059,0.10922699421644211,0.9340000152587891,0.7616999745368958
YOR142W,YNL264C,0,1.2052026,0.10921421647071838,0.9340000152587891,0.7617999911308289
YBR154C,YNL298W,0,1.2049358,0.10920144617557526,0.9340000152587891,0.761900007724762
YOR330C,YGR140W,0,1.2047303,0.10918868333101273,0.9340000152587891,0.7620000243186951
YBL009W,YDR309C,0,1.2044804,0.1091759204864502,0.9340000152587891,0.7620999813079834
YDR189W,YGL048C,0,1.2044103,0.10916315764188766,0.9340000152587891,0.7621999979019165
YGR178C,YBL011W,0,1.2032003,0.10915040224790573,0.9340000152587891,0.7623000144958496
YOL045W,YKR066C,0,1.2030768,0.1091376468539238,0.9340000152587891,0.7623999714851379
YKR080W,YFR010W,0,1.2028259,0.10912489891052246,0.9340000152587891,0.762499988079071
YMR131C,YGL004C,0,1.2027857,0.10911215096712112,0.9340000152587891,0.7626000046730042
YLR118C,YJL149W,0,1.2024629,0.10909940302371979,0.9340000152587891,0.7627000212669373
YDR385W,YGR289C,0,1.202423,0.10908666253089905,0.9340000152587891,0.7627999782562256
YGR215W,YFR028C,0,1.2024078,0.10907392203807831,0.9340000152587891,0.7628999948501587
YFL024C,YKR049C,0,1.2017322,0.10906118899583817,0.9340000152587891,0.7630000114440918
YEL044W,YMR270C,0,1.2010083,0.10904845595359802,0.9340000152587891,0.7631000280380249
YEL019C,YPL036W,0,1.2009885,0.10903572291135788,0.9340000152587891,0.7631999850273132
YPL183W-A,YPL169C,0,1.2007496,0.10902299731969833,0.9340000152587891,0.7633000016212463
YER072W,YKR055W,0,1.2000763,0.10901027172803879,0.9340000152587891,0.7634000182151794
YMR242C,YIL168W,0,1.1999943,0.10899754613637924,0.9340000152587891,0.7634999752044678
YBL046W,YGL198W,0,1.1996348,0.10898482799530029,0.9340000152587891,0.7635999917984009
YMR035W,YLR196W,0,1.1991036,0.10897211730480194,0.9340000152587891,0.763700008392334
YER129W,YGL190C,0,1.1990447,0.10895939916372299,0.9340000152587891,0.7638000249862671
YML132W,YPR082C,0,1.1990077,0.10894669592380524,0.9340000152587891,0.7638999819755554
YKL137W,YBR215W,0,1.1989772,0.10893398523330688,0.9340000152587891,0.7639999985694885
YDR170C,YCR068W,0,1.1989057,0.10892128199338913,0.9340000152587891,0.7641000151634216
YNL110C,YNL072W,0,1.1988742,0.10890857875347137,0.9340000152587891,0.76419997215271
YPL050C,YKL117W,0,1.1988242,0.10889588296413422,0.9340000152587891,0.7642999887466431
YOR304W,YDR140W,0,1.1987691,0.10888318717479706,0.9340000152587891,0.7644000053405762
YDR284C,YIL063C,0,1.1986275,0.1088704988360405,0.9340000152587891,0.7645000219345093
YNL258C,YKR026C,0,1.1983745,0.10885781049728394,0.9340000152587891,0.7645999789237976
YNR013C,YIL120W,0,1.1983252,0.10884512215852737,0.9340000152587891,0.7646999955177307
YLR336C,YOR081C,0,1.1980886,0.10883244127035141,0.9340000152587891,0.7648000121116638
YNL094W,YKR069W,0,1.197875,0.10881976038217545,0.9340000152587891,0.7649000287055969
YDR450W,YMR047C,0,1.1976739,0.10880707949399948,0.9340000152587891,0.7649999856948853
YOR258W,YHR072W-A,0,1.1972408,0.10879440605640411,0.9340000152587891,0.7651000022888184
YOR313C,YML052W,1,1.1971369,0.10889820754528046,0.9350000023841858,0.7651000022888184
YLR116W,YDR395W,0,1.1968894,0.10888552665710449,0.9350000023841858,0.7652000188827515
YOL027C,YOR311C,0,1.1968598,0.10887284576892853,0.9350000023841858,0.7652999758720398
YBR026C,YOL043C,0,1.1967093,0.10886017233133316,0.9350000023841858,0.7653999924659729
YBR162W-A,YLL024C,0,1.19613,0.10884749889373779,0.9350000023841858,0.765500009059906
YJL034W,YLR423C,0,1.1959257,0.10883482545614243,0.9350000023841858,0.7656000256538391
YGL025C,YML082W,0,1.1958046,0.10882215946912766,0.9350000023841858,0.7656999826431274
YOL042W,YJR101W,0,1.1956048,0.10880949348211288,0.9350000023841858,0.7657999992370605
YGL133W,YJL069C,0,1.1949426,0.10879683494567871,0.9350000023841858,0.7659000158309937
YHR065C,YNR030W,0,1.1948755,0.10878417640924454,0.9350000023841858,0.765999972820282
YIL047C,YKL084W,0,1.1946726,0.10877152532339096,0.9350000023841858,0.7660999894142151
YML080W,YBR133C,0,1.1946409,0.10875886678695679,0.9350000023841858,0.7662000060081482
YGR005C,YOR081C,0,1.194185,0.10874622315168381,0.9350000023841858,0.7663000226020813
YER094C,YDR026C,0,1.1941772,0.10873357206583023,0.9350000023841858,0.7663999795913696
YDR099W,YML052W,1,1.19374,0.10883720964193344,0.9359999895095825,0.7663999795913696
YOR275C,YDL100C,0,1.1935815,0.10882455855607986,0.9359999895095825,0.7664999961853027
YDR090C,YGL153W,0,1.1931286,0.10881190747022629,0.9359999895095825,0.7666000127792358
YJL184W,YEL006W,0,1.1931024,0.10879925638437271,0.9359999895095825,0.766700029373169
YPL237W,YNL167C,0,1.192954,0.10878661274909973,0.9359999895095825,0.7667999863624573
YOR297C,YER168C,0,1.1928735,0.10877396911382675,0.9359999895095825,0.7669000029563904
YOR382W,YNR026C,0,1.1928387,0.10876133292913437,0.9359999895095825,0.7670000195503235
YGR083C,YBR119W,0,1.1927539,0.10874868929386139,0.9359999895095825,0.7670999765396118
YOR178C,YDR190C,0,1.1925461,0.1087360605597496,0.9359999895095825,0.7671999931335449
YOR344C,YGR113W,0,1.1924566,0.10872343182563782,0.9359999895095825,0.767300009727478
YER005W,YNL085W,0,1.1921275,0.10871080309152603,0.9359999895095825,0.7674000263214111
YPL126W,YOR334W,0,1.19137,0.10869817435741425,0.9359999895095825,0.7674999833106995
YPL097W,YDL174C,0,1.191215,0.10868555307388306,0.9359999895095825,0.7675999999046326
YDR350C,YOR113W,0,1.1908281,0.10867293924093246,0.9359999895095825,0.7677000164985657
YOR133W,YGR268C,0,1.1907022,0.10866031795740128,0.9359999895095825,0.767799973487854
YDR415C,YOR017W,0,1.190392,0.10864770412445068,0.9359999895095825,0.7678999900817871
YGR090W,YKR003W,0,1.1897194,0.10863509774208069,0.9359999895095825,0.7680000066757202
YGL067W,YFL010W-A,0,1.189599,0.1086224913597107,0.9359999895095825,0.7681000232696533
YHR039C,YBR186W,1,1.1895456,0.10872592031955719,0.9369999766349792,0.7681000232696533
YDR381W,YCL067C,0,1.1884394,0.1087133064866066,0.9369999766349792,0.7681999802589417
YJL089W,YNL178W,0,1.1883664,0.108700692653656,0.9369999766349792,0.7682999968528748
YOL116W,YGL238W,0,1.1881385,0.10868808627128601,0.9369999766349792,0.7684000134468079
YOR335C,YLR013W,0,1.1880715,0.10867547988891602,0.9369999766349792,0.7684999704360962
YGR261C,YAL005C,0,1.1880271,0.10866288095712662,0.9369999766349792,0.7685999870300293
YER178W,YHL003C,0,1.1878724,0.10865027457475662,0.9369999766349792,0.7687000036239624
YOR016C,YDR051C,0,1.1874666,0.10863768309354782,0.9369999766349792,0.7688000202178955
YCR033W,YDR155C,1,1.1873538,0.10874101519584656,0.9380000233650208,0.7688000202178955
YCL051W,YMR269W,0,1.1872107,0.10872840881347656,0.9380000233650208,0.7688999772071838
YCR018C,YNL302C,0,1.1871533,0.10871580988168716,0.9380000233650208,0.7689999938011169
YJR078W,YFR052W,0,1.1871257,0.10870321094989777,0.9380000233650208,0.76910001039505
YLR395C,YCL054W,0,1.1869657,0.10869061201810837,0.9380000233650208,0.7692000269889832
YGL163C,YPL237W,0,1.186837,0.10867802053689957,0.9380000233650208,0.7692999839782715
YBR132C,YLR157C,0,1.1864762,0.10866542905569077,0.9380000233650208,0.7694000005722046
YML093W,YHR114W,0,1.1863735,0.10865284502506256,0.9380000233650208,0.7695000171661377
YGL125W,YNL130C,0,1.1861658,0.10864026099443436,0.9380000233650208,0.769599974155426
YMR048W,YDR451C,1,1.1859765,0.10874348878860474,0.9390000104904175,0.769599974155426
YKL186C,YIL147C,0,1.1859586,0.10873089730739594,0.9390000104904175,0.7696999907493591
YIL005W,YNL085W,0,1.1858194,0.10871830582618713,0.9390000104904175,0.7698000073432922
YDL004W,YKR024C,0,1.1854734,0.10870572179555893,0.9390000104904175,0.7699000239372253
YPR113W,YLR131C,0,1.1854379,0.10869313776493073,0.9390000104904175,0.7699999809265137
YCR033W,YNL250W,1,1.1851597,0.10879629850387573,0.9399999976158142,0.7699999809265137
YAL001C,YKL138C,0,1.185019,0.10878370702266693,0.9399999976158142,0.7700999975204468
YGR240C,YBR301W,0,1.1848148,0.10877111554145813,0.9399999976158142,0.7702000141143799
YCL020W,YPL169C,0,1.1844285,0.10875853151082993,0.9399999976158142,0.7702999711036682
YDR180W,YPL183W-A,0,1.1843978,0.10874594748020172,0.9399999976158142,0.7703999876976013
YPR144C,YGL126W,0,1.1843865,0.10873337090015411,0.9399999976158142,0.7705000042915344
YGR040W,YLR295C,0,1.1842561,0.1087207943201065,0.9399999976158142,0.7706000208854675
YBR006W,YJL057C,0,1.184161,0.1087082251906395,0.9399999976158142,0.7706999778747559
YKL174C,YPR182W,0,1.1840932,0.10869564861059189,0.9399999976158142,0.770799994468689
YBR112C,YPR189W,0,1.1837864,0.10868308693170547,0.9399999976158142,0.7709000110626221
YHR083W,YOR060C,0,1.1836276,0.10867051780223846,0.9399999976158142,0.7710000276565552
YKR065C,YNR015W,0,1.1836059,0.10865795612335205,0.9399999976158142,0.7710999846458435
YDR464W,YJL079C,0,1.183075,0.10864540189504623,0.9399999976158142,0.7712000012397766
YJL003W,YML110C,0,1.1830205,0.10863284766674042,0.9399999976158142,0.7713000178337097
YAL032C,YER090W,0,1.182576,0.1086202934384346,0.9399999976158142,0.771399974822998
YNL073W,YDL066W,0,1.1821179,0.10860773921012878,0.9399999976158142,0.7714999914169312
YNL294C,YAL068C,1,1.1814508,0.10871072113513947,0.9409999847412109,0.7714999914169312
YEL034W,YLL024C,0,1.1814251,0.10869816690683365,0.9409999847412109,0.7716000080108643
YHR065C,YLL061W,0,1.1811264,0.10868560522794724,0.9409999847412109,0.7717000246047974
YGR046W,YBR089C-A,0,1.1803921,0.10867305845022202,0.9409999847412109,0.7717999815940857
YKL065C,YDL046W,0,1.1803696,0.1086605116724968,0.9409999847412109,0.7718999981880188
YLR249W,YCR105W,0,1.1801925,0.10864796489477158,0.9409999847412109,0.7720000147819519
YOR090C,YBR210W,0,1.1800699,0.10863541811704636,0.9409999847412109,0.7720999717712402
YDL174C,YKL216W,0,1.1799752,0.10862287878990173,0.9409999847412109,0.7721999883651733
YNL010W,YLR309C,0,1.1799684,0.10861033946275711,0.9409999847412109,0.7723000049591064
YDR412W,YBR102C,0,1.1799678,0.10859780758619308,0.9409999847412109,0.7724000215530396
YMR020W,YDR178W,0,1.1794724,0.10858527570962906,0.9409999847412109,0.7724999785423279
YAL055W,YBR169C,0,1.1794698,0.10857274383306503,0.9409999847412109,0.772599995136261
YLL043W,YDR280W,0,1.1792097,0.1085602194070816,0.9409999847412109,0.7727000117301941
YDR407C,YER087C-B,0,1.1791471,0.10854769498109818,0.9409999847412109,0.7728000283241272
YIL153W,YJR103W,0,1.1787293,0.10853517800569534,0.9409999847412109,0.7728999853134155
YIL014W,YCR067C,0,1.1782916,0.10852266103029251,0.9409999847412109,0.7730000019073486
YDL246C,YDR255C,0,1.1782134,0.10851014405488968,0.9409999847412109,0.7731000185012817
YBR131W,YCR023C,0,1.1780578,0.10849763453006744,0.9409999847412109,0.7731999754905701
YKL053C-A,YOR207C,0,1.1779234,0.10848512500524521,0.9409999847412109,0.7732999920845032
YLL054C,YPR138C,0,1.176614,0.10847262293100357,0.9409999847412109,0.7734000086784363
YNL199C,YDR214W,0,1.1765809,0.10846012085676193,0.9409999847412109,0.7735000252723694
YJL042W,YKL157W,0,1.1764467,0.1084476187825203,0.9409999847412109,0.7735999822616577
YKL005C,YDR039C,0,1.1763232,0.10843512415885925,0.9409999847412109,0.7736999988555908
YMR239C,YIL127C,0,1.1762996,0.10842262953519821,0.9409999847412109,0.7738000154495239
YGR198W,YGR261C,0,1.1759074,0.10841013491153717,0.9409999847412109,0.7738999724388123
YOR354C,YFL005W,1,1.1757557,0.10851284116506577,0.9419999718666077,0.7738999724388123
YKL002W,YOL061W,0,1.1756561,0.10850034654140472,0.9419999718666077,0.7739999890327454
YKL029C,YHR169W,0,1.1755722,0.10848785191774368,0.9419999718666077,0.7741000056266785
YBR029C,YKL119C,0,1.1755414,0.10847535729408264,0.9419999718666077,0.7742000222206116
YLR131C,YGR085C,0,1.1752652,0.1084628701210022,0.9419999718666077,0.7742999792098999
YLR130C,YDR179C,0,1.1752245,0.10845038294792175,0.9419999718666077,0.774399995803833
YNL258C,YPR010C,0,1.17507,0.10843789577484131,0.9419999718666077,0.7745000123977661
YPR165W,YNL326C,0,1.1749334,0.10842541605234146,0.9419999718666077,0.7746000289916992
YNR036C,YJL166W,0,1.1747276,0.10841293632984161,0.9419999718666077,0.7746999859809875
YOL130W,YJR073C,0,1.1745188,0.10840045660734177,0.9419999718666077,0.7748000025749207
YDL117W,YIR008C,0,1.1743891,0.10838798433542252,0.9419999718666077,0.7749000191688538
YNL229C,YER123W,0,1.174335,0.10837551951408386,0.9419999718666077,0.7749999761581421
YDR202C,YOL058W,0,1.1741992,0.10836304724216461,0.9419999718666077,0.7750999927520752
YLR249W,YGR244C,0,1.1740937,0.10835058987140656,0.9419999718666077,0.7752000093460083
YKL029C,YJL159W,0,1.1740384,0.1083381250500679,0.9419999718666077,0.7753000259399414
YDR138W,YNL054W,0,1.1739948,0.10832566767930984,0.9419999718666077,0.7753999829292297
YPL081W,YNL233W,0,1.1731783,0.10831321030855179,0.9419999718666077,0.7754999995231628
YOR122C,YML120C,0,1.1729593,0.10830076038837433,0.9419999718666077,0.775600016117096
YDR017C,YER019W,0,1.1729519,0.10828831046819687,0.9419999718666077,0.7756999731063843
YDL225W,YIL096C,0,1.1724687,0.10827586054801941,0.9419999718666077,0.7757999897003174
YMR083W,YJR053W,0,1.172257,0.10826341807842255,0.9419999718666077,0.7759000062942505
YHR211W,YDR292C,0,1.1719344,0.10825097560882568,0.9419999718666077,0.7760000228881836
YMR091C,YHR168W,0,1.1719261,0.10823854058980942,0.9419999718666077,0.7760999798774719
YMR237W,YOR311C,0,1.171604,0.10822610557079315,0.9419999718666077,0.776199996471405
YER100W,YKL172W,0,1.1715765,0.10821367055177689,0.9419999718666077,0.7763000130653381
YBR191W,YGR049W,0,1.1715751,0.10820124298334122,0.9419999718666077,0.7764000296592712
YNL078W,YIL009W,0,1.1706612,0.10818881541490555,0.9419999718666077,0.7764999866485596
YOL023W,YDR395W,0,1.1704301,0.10817638784646988,0.9419999718666077,0.7766000032424927
YLR222C,YKL043W,0,1.1704211,0.10816396772861481,0.9419999718666077,0.7767000198364258
YDR190C,YJR112W,0,1.1703889,0.10815154761075974,0.9419999718666077,0.7767999768257141
YOR252W,YLR069C,0,1.1701105,0.10813913494348526,0.9419999718666077,0.7768999934196472
YML055W,YNL138W,0,1.170079,0.10812672227621078,0.9419999718666077,0.7770000100135803
YMR168C,YNL175C,0,1.1697891,0.10811430960893631,0.9419999718666077,0.7771000266075134
YDR178W,YOL051W,0,1.1696448,0.10810190439224243,0.9419999718666077,0.7771999835968018
YEL009C,YGL196W,0,1.1694345,0.10808949917554855,0.9419999718666077,0.7773000001907349
YOL038W,YBR234C,0,1.1693146,0.10807710140943527,0.9419999718666077,0.777400016784668
YBR233W-A,YBL071W-A,0,1.1692477,0.10806470364332199,0.9419999718666077,0.7774999737739563
YML057W,YLL023C,0,1.1691358,0.10805230587720871,0.9419999718666077,0.7775999903678894
YNL116W,YPL240C,0,1.1689001,0.10803991556167603,0.9419999718666077,0.7777000069618225
YCR026C,YGL083W,0,1.1687186,0.10802752524614334,0.9419999718666077,0.7778000235557556
YMR270C,YER013W,0,1.1678522,0.10801513493061066,0.9419999718666077,0.777899980545044
YLR052W,YDR385W,0,1.1676855,0.10800275206565857,0.9419999718666077,0.777999997138977
YHR034C,YIL143C,0,1.1675396,0.10799036920070648,0.9419999718666077,0.7781000137329102
YLR362W,YCR012W,0,1.1674016,0.10797799378633499,0.9419999718666077,0.7781999707221985
YKL055C,YKR071C,0,1.1673516,0.1079656183719635,0.9419999718666077,0.7782999873161316
YLR191W,YKL043W,0,1.1663618,0.10795324295759201,0.9419999718666077,0.7784000039100647
YCL033C,YLR189C,0,1.1660267,0.10794087499380112,0.9419999718666077,0.7785000205039978
YLL014W,YER087C-B,0,1.1655765,0.10792850703001022,0.9419999718666077,0.7785999774932861
YGL099W,YML052W,1,1.1654713,0.10803069919347763,0.9430000185966492,0.7785999774932861
YNL233W,YNL209W,0,1.1653702,0.10801833122968674,0.9430000185966492,0.7786999940872192
YNL229C,YLR077W,0,1.1653502,0.10800595581531525,0.9430000185966492,0.7788000106811523
YLR355C,YBR043C,0,1.1653239,0.10799358785152435,0.9430000185966492,0.7789000272750854
YFL003C,YNL307C,1,1.1651616,0.10809572786092758,0.9440000057220459,0.7789000272750854
YDR267C,YPR057W,0,1.1645632,0.10808335244655609,0.9440000057220459,0.7789999842643738
YML109W,YNL066W,0,1.1642151,0.1080709770321846,0.9440000057220459,0.7791000008583069
YJL002C,YGR044C,0,1.1639776,0.10805860906839371,0.9440000057220459,0.77920001745224
YDL045C,YLR185W,0,1.1638565,0.10804624110460281,0.9440000057220459,0.7792999744415283
YDR019C,YIL107C,0,1.1634562,0.10803387314081192,0.9440000057220459,0.7793999910354614
YHR135C,YKR098C,0,1.1633891,0.10802151262760162,0.9440000057220459,0.7795000076293945
YDL147W,YDR041W,0,1.1625358,0.10800915211439133,0.9440000057220459,0.7796000242233276
YDL160C,YKR056W,0,1.1624157,0.10799679905176163,0.9440000057220459,0.779699981212616
YER183C,YMR277W,0,1.1624134,0.10798444598913193,0.9440000057220459,0.7797999978065491
YDL066W,YDL202W,0,1.1620557,0.10797209292650223,0.9440000057220459,0.7799000144004822
YDR146C,YNR036C,0,1.1612983,0.10795974731445312,0.9440000057220459,0.7799999713897705
YML022W,YIL143C,0,1.1606491,0.10794740170240402,0.9440000057220459,0.7800999879837036
YGL150C,YBL089W,0,1.1604737,0.10793505609035492,0.9440000057220459,0.7802000045776367
YDL148C,YMR097C,0,1.1602545,0.10792271792888641,0.9440000057220459,0.7803000211715698
YCR083W,YBR222C,0,1.1601865,0.10791037976741791,0.9440000057220459,0.7803999781608582
YOR038C,YOL136C,0,1.15904,0.10789804905653,0.9440000057220459,0.7804999947547913
YDR189W,YLR398C,0,1.1589429,0.10788571089506149,0.9440000057220459,0.7806000113487244
YGR181W,YHR084W,0,1.1579525,0.10787338763475418,0.9440000057220459,0.7807000279426575
YPL215W,YCR066W,0,1.1579092,0.10786105692386627,0.9440000057220459,0.7807999849319458
YBL040C,YNL297C,0,1.1573474,0.10784874111413956,0.9440000057220459,0.7809000015258789
YOL066C,YMR236W,0,1.1572859,0.10783641785383224,0.9440000057220459,0.781000018119812
YCR033W,YLR330W,1,1.1569581,0.10793831944465637,0.9449999928474426,0.781000018119812
YGR285C,YPL274W,0,1.1568094,0.10792599618434906,0.9449999928474426,0.7810999751091003
YPR183W,YLR110C,0,1.1562726,0.10791366547346115,0.9449999928474426,0.7811999917030334
YMR293C,YIL103W,0,1.1561229,0.10790134966373444,0.9449999928474426,0.7813000082969666
YLL042C,YPL086C,0,1.1560955,0.10788902640342712,0.9449999928474426,0.7814000248908997
YKL112W,YCR057C,0,1.1555767,0.10787671059370041,0.9449999928474426,0.781499981880188
YOR321W,YFR030W,0,1.1551056,0.10786440223455429,0.9449999928474426,0.7815999984741211
YER171W,YBR279W,0,1.15487,0.10785208642482758,0.9449999928474426,0.7817000150680542
YGR092W,YER129W,0,1.1541481,0.10783977806568146,0.9449999928474426,0.7817999720573425
YJR007W,YBL105C,0,1.1539811,0.10782747715711594,0.9449999928474426,0.7818999886512756
YGL196W,YGR142W,0,1.1533358,0.10781517624855042,0.9449999928474426,0.7820000052452087
YDL175C,YGR128C,0,1.1531885,0.1078028753399849,0.9449999928474426,0.7821000218391418
YNL304W,YDR432W,0,1.1531496,0.10779058188199997,0.9449999928474426,0.7821999788284302
YLR189C,YCL040W,0,1.1528102,0.10777828097343445,0.9449999928474426,0.7822999954223633
YGL043W,YOL096C,0,1.1527789,0.10776599496603012,0.9449999928474426,0.7824000120162964
YLR022C,YGL124C,0,1.1526418,0.1077537089586258,0.9449999928474426,0.7825000286102295
YDL178W,YNL068C,0,1.1524765,0.10774142295122147,0.9449999928474426,0.7825999855995178
YKR042W,YOR187W,0,1.1518385,0.10772913694381714,0.9449999928474426,0.7827000021934509
YOL026C,YHR149C,0,1.1514504,0.10771685838699341,0.9449999928474426,0.782800018787384
YJL081C,YLL012W,0,1.1512101,0.10770457983016968,0.9449999928474426,0.7828999757766724
YGR282C,YCR068W,0,1.1510992,0.10769230872392654,0.9449999928474426,0.7829999923706055
YPR165W,YDR257C,0,1.1509774,0.10768003761768341,0.9449999928474426,0.7831000089645386
YBR069C,YOR274W,0,1.1506438,0.10766776651144028,0.9449999928474426,0.7832000255584717
YMR008C,YIL153W,0,1.1499236,0.10765550285577774,0.9449999928474426,0.78329998254776
YOR060C,YKL009W,0,1.1489146,0.1076432392001152,0.9449999928474426,0.7833999991416931
YHR121W,YIL050W,0,1.1488842,0.10763098299503326,0.9449999928474426,0.7835000157356262
YDR267C,YLR295C,0,1.1488261,0.10761871933937073,0.9449999928474426,0.7835999727249146
YHR073W,YOR193W,0,1.1486558,0.10760647058486938,0.9449999928474426,0.7836999893188477
YOL043C,YPR151C,0,1.1485262,0.10759421437978745,0.9449999928474426,0.7838000059127808
YGR033C,YJR043C,0,1.1483943,0.1075819656252861,0.9449999928474426,0.7839000225067139
YNL288W,YLR193C,0,1.1483064,0.10756972432136536,0.9449999928474426,0.7839999794960022
YNL023C,YPL110C,0,1.1481879,0.10755747556686401,0.9449999928474426,0.7840999960899353
YGL236C,YIL157C,0,1.1474261,0.10754523426294327,0.9449999928474426,0.7842000126838684
YIR026C,YDL029W,1,1.1474223,0.10764679312705994,0.9459999799728394,0.7842000126838684
YBR115C,YNL183C,0,1.1473899,0.1076345443725586,0.9459999799728394,0.7843000292778015
YNL071W,YDR419W,0,1.1473026,0.10762229561805725,0.9459999799728394,0.7843999862670898
YDR372C,YLR209C,0,1.1467686,0.1076100543141365,0.9459999799728394,0.784500002861023
YAR042W,YER031C,0,1.1465094,0.10759781301021576,0.9459999799728394,0.784600019454956
YCR052W,YNL225C,0,1.1463242,0.10758557915687561,0.9459999799728394,0.7846999764442444
YKL074C,YAL048C,0,1.146316,0.10757334530353546,0.9459999799728394,0.7847999930381775
YGR170W,YPL259C,0,1.1458945,0.10756111145019531,0.9459999799728394,0.7849000096321106
YJR109C,YEL029C,0,1.1455586,0.10754888504743576,0.9459999799728394,0.7850000262260437
YLR352W,YMR250W,0,1.1453681,0.10753665864467621,0.9459999799728394,0.785099983215332
YMR093W,YDL036C,0,1.1449614,0.10752443969249725,0.9459999799728394,0.7851999998092651
YOR344C,YNL103W,0,1.1449075,0.1075122207403183,0.9459999799728394,0.7853000164031982
YDR409W,YNL030W,0,1.1447737,0.10750000178813934,0.9459999799728394,0.7853999733924866
YER038C,YNL130C,0,1.1446943,0.10748778283596039,0.9459999799728394,0.7854999899864197
YBR088C,YNL102W,1,1.1445762,0.10758918523788452,0.9470000267028809,0.7854999899864197
YOR123C,YIL044C,0,1.1444972,0.10757695883512497,0.9470000267028809,0.7856000065803528
YOR232W,YKL196C,0,1.1442182,0.10756473988294601,0.9470000267028809,0.7857000231742859
YDL181W,YCL057W,0,1.143822,0.10755252838134766,0.9470000267028809,0.7857999801635742
YNR024W,YDL045W-A,0,1.1436548,0.1075403168797493,0.9470000267028809,0.7858999967575073
YOL039W,YMR278W,0,1.1435864,0.10752810537815094,0.9470000267028809,0.7860000133514404
YMR044W,YKL117W,0,1.1434994,0.10751589387655258,0.9470000267028809,0.7860999703407288
YKL074C,YDR302W,0,1.1431855,0.10750368982553482,0.9470000267028809,0.7861999869346619
YOL077W-A,YIL129C,0,1.1428375,0.10749148577451706,0.9470000267028809,0.786300003528595
YJL203W,YLR316C,0,1.1426252,0.1074792891740799,0.9470000267028809,0.7864000201225281
YOR117W,YGL011C,0,1.1425991,0.10746709257364273,0.9470000267028809,0.7864999771118164
YML022W,YOR301W,0,1.1420074,0.10745489597320557,0.9470000267028809,0.7865999937057495
YNL222W,YGL100W,0,1.1419532,0.107442706823349,0.9470000267028809,0.7867000102996826
YGR040W,YMR242C,0,1.1418564,0.10743051767349243,0.9470000267028809,0.7868000268936157
YMR270C,YOR087W,0,1.1415203,0.10741832852363586,0.9470000267028809,0.786899983882904
YOR110W,YDR310C,0,1.1413317,0.1074061468243599,0.9470000267028809,0.7870000004768372
YOL101C,YLR347C,0,1.1412163,0.10739396512508392,0.9470000267028809,0.7871000170707703
YBR114W,YJL042W,0,1.1406611,0.10738179087638855,0.9470000267028809,0.7871999740600586
YOR231W,YPL233W,0,1.1406558,0.10736961662769318,0.9470000267028809,0.7872999906539917
YGR094W,YCR066W,0,1.1405795,0.1073574423789978,0.9470000267028809,0.7874000072479248
YNL164C,YDR464W,0,1.1399543,0.10734527558088303,0.9470000267028809,0.7875000238418579
YFL011W,YPL171C,0,1.1394804,0.10733310878276825,0.9470000267028809,0.7875999808311462
YBR192W,YIL122W,0,1.1392555,0.10732094198465347,0.9470000267028809,0.7876999974250793
YDL193W,YPL151C,0,1.1387837,0.1073087826371193,0.9470000267028809,0.7878000140190125
YGR253C,YIL017C,1,1.1386782,0.10740992426872253,0.9480000138282776,0.7878000140190125
YPL223C,YMR030W,0,1.1386452,0.10739775747060776,0.9480000138282776,0.7878999710083008
YNL254C,YER023W,0,1.1383424,0.10738559067249298,0.9480000138282776,0.7879999876022339
YDR195W,YCL038C,0,1.1383176,0.1073734313249588,0.9480000138282776,0.788100004196167
YDR175C,YEL029C,0,1.1381872,0.10736127197742462,0.9480000138282776,0.7882000207901001
YKL150W,YJR113C,0,1.1376085,0.10734911262989044,0.9480000138282776,0.7882999777793884
YHR091C,YGL125W,0,1.137177,0.10733695328235626,0.9480000138282776,0.7883999943733215
YPL132W,YDR007W,0,1.1368711,0.10732480138540268,0.9480000138282776,0.7885000109672546
YCL018W,YHR077C,0,1.136652,0.1073126569390297,0.9480000138282776,0.7886000275611877
YMR168C,YOL124C,0,1.1364647,0.10730051249265671,0.9480000138282776,0.7886999845504761
YLR213C,YKR099W,1,1.1362791,0.107401542365551,0.9490000009536743,0.7886999845504761
YML099C,YOR197W,0,1.1362703,0.10738938301801682,0.9490000009536743,0.7888000011444092
YGL097W,YCL026C-B,0,1.1361513,0.10737723112106323,0.9490000009536743,0.7889000177383423
YBR298C,YLR119W,0,1.1361136,0.10736508667469025,0.9490000009536743,0.7889999747276306
YNR032W,YMR295C,0,1.1359849,0.10735294222831726,0.9490000009536743,0.7890999913215637
YMR009W,YDR427W,0,1.1359456,0.10734079778194427,0.9490000009536743,0.7892000079154968
YPL065W,YPL203W,0,1.1358762,0.10732866078615189,0.9490000009536743,0.7893000245094299
YPL227C,YBL091C-A,0,1.1357288,0.1073165237903595,0.9490000009536743,0.7893999814987183
YGL127C,YHL027W,1,1.1356962,0.10741745680570602,0.949999988079071,0.7893999814987183
YNR033W,YGL048C,0,1.135314,0.10740531235933304,0.949999988079071,0.7894999980926514
YGL103W,YJR051W,0,1.1349802,0.10739317536354065,0.949999988079071,0.7896000146865845
YHR118C,YNL048W,0,1.1348234,0.10738103091716766,0.949999988079071,0.7896999716758728
YGL078C,YDL145C,0,1.1339214,0.10736889392137527,0.949999988079071,0.7897999882698059
YBR042C,YDR464W,0,1.1339202,0.10735676437616348,0.949999988079071,0.789900004863739
YDL135C,YLR367W,0,1.1338573,0.10734463483095169,0.949999988079071,0.7900000214576721
YBL045C,YCL034W,0,1.1334002,0.1073325052857399,0.949999988079071,0.7900999784469604
YKL099C,YKL149C,0,1.1332927,0.1073203831911087,0.949999988079071,0.7901999950408936
YJR048W,YNL154C,0,1.1319633,0.10730825364589691,0.949999988079071,0.7903000116348267
YGL195W,YFR038W,0,1.1315529,0.10729613900184631,0.949999988079071,0.7904000282287598
YLR440C,YML067C,0,1.1310844,0.10728401690721512,0.949999988079071,0.7904999852180481
YER178W,YOL054W,0,1.1309862,0.10727190971374512,0.949999988079071,0.7906000018119812
YFR047C,YBR265W,0,1.1308713,0.10725979506969452,0.949999988079071,0.7907000184059143
YFR029W,YNL137C,0,1.1305728,0.10724768787622452,0.949999988079071,0.7907999753952026
YCL030C,YOR279C,0,1.1304874,0.10723558068275452,0.949999988079071,0.7908999919891357
YGL187C,YML072C,0,1.1301842,0.10722347348928452,0.949999988079071,0.7910000085830688
YLR319C,YJL111W,0,1.1298797,0.10721137374639511,0.949999988079071,0.791100025177002
YBR216C,YDR173C,0,1.1297282,0.1071992814540863,0.949999988079071,0.7911999821662903
YBR006W,YAL038W,0,1.1295359,0.1071871817111969,0.949999988079071,0.7912999987602234
YLR024C,YJL042W,0,1.1286309,0.10717508941888809,0.949999988079071,0.7914000153541565
YBR211C,YMR266W,0,1.1281854,0.10716299712657928,0.949999988079071,0.7914999723434448
YMR035W,YBR239C,0,1.1278046,0.10715091228485107,0.949999988079071,0.7915999889373779
YLR390W,YLR026C,0,1.1269748,0.10713882744312286,0.949999988079071,0.791700005531311
YNL219C,YLL018C-A,0,1.1268713,0.10712675005197525,0.949999988079071,0.7918000221252441
YNL118C,YCR097W,0,1.126863,0.10711467266082764,0.949999988079071,0.7918999791145325
YBL076C,YGR231C,0,1.1267791,0.10710259526968002,0.949999988079071,0.7919999957084656
YCL001W,YOR122C,0,1.1261742,0.10709051787853241,0.949999988079071,0.7921000123023987
YLR213C,YAL068C,1,1.1259615,0.10719116032123566,0.9509999752044678,0.7921000123023987
YER171W,YOR142W,0,1.1259224,0.10717908293008804,0.9509999752044678,0.7922000288963318
YGR257C,YDR153C,0,1.1259191,0.10716700553894043,0.9509999752044678,0.7922999858856201
YPR055W,YKL209C,0,1.1255965,0.10715492814779282,0.9509999752044678,0.7924000024795532
YNL327W,YIL148W,0,1.1251128,0.1071428582072258,0.9509999752044678,0.7925000190734863
YDL045C,YJL184W,0,1.1246376,0.10713078826665878,0.9509999752044678,0.7925999760627747
YPR114W,YHL007C,0,1.1244886,0.10711871832609177,0.9509999752044678,0.7926999926567078
YGR254W,YNR002C,0,1.1242775,0.10710665583610535,0.9509999752044678,0.7928000092506409
YLR292C,YJL154C,0,1.1242421,0.10709459334611893,0.9509999752044678,0.792900025844574
YOR136W,YMR272C,0,1.1241024,0.1070825383067131,0.9509999752044678,0.7929999828338623
YDR261C,YOR129C,0,1.1239703,0.10707048326730728,0.9509999752044678,0.7930999994277954
YJL177W,YPR155C,0,1.1235437,0.10705842822790146,0.9509999752044678,0.7932000160217285
YPR114W,YKR069W,0,1.1229856,0.10704637318849564,0.9509999752044678,0.7932999730110168
YPL283C,YJL057C,0,1.1229689,0.10703432559967041,0.9509999752044678,0.79339998960495
YDR234W,YDL165W,0,1.1225989,0.10702228546142578,0.9509999752044678,0.7935000061988831
YMR234W,YKL006C-A,0,1.1219243,0.10701023787260056,0.9509999752044678,0.7936000227928162
YNL037C,YJL012C,0,1.121223,0.10699819773435593,0.9509999752044678,0.7936999797821045
YLR249W,YPL047W,0,1.1209189,0.1069861650466919,0.9509999752044678,0.7937999963760376
YER177W,YPL027W,1,1.1208905,0.10708661377429962,0.9520000219345093,0.7937999963760376
YKL166C,YLR298C,0,1.1206894,0.1070745661854744,0.9520000219345093,0.7939000129699707
YIL106W,YIL036W,0,1.1200926,0.10706252604722977,0.9520000219345093,0.7940000295639038
YOR128C,YAR003W,0,1.1192214,0.10705048590898514,0.9520000219345093,0.7940999865531921
YPL042C,YNR032C-A,0,1.1189187,0.1070384532213211,0.9520000219345093,0.7942000031471252
YNL055C,YNL214W,0,1.1189142,0.10702642053365707,0.9520000219345093,0.7943000197410583
YKR072C,YKL038W,0,1.1188209,0.10701438784599304,0.9520000219345093,0.7943999767303467
YDR234W,YNL177C,0,1.1187754,0.1070023626089096,0.9520000219345093,0.7944999933242798
YER019C-A,YNL192W,0,1.118595,0.10699033737182617,0.9520000219345093,0.7946000099182129
YBR191W,YOL009C,0,1.1185272,0.10697831213474274,0.9520000219345093,0.794700026512146
YDL160C,YNL005C,0,1.1181929,0.1069662943482399,0.9520000219345093,0.7947999835014343
YLR260W,YBR002C,0,1.1181741,0.10695427656173706,0.9520000219345093,0.7949000000953674
YDL225W,YBR070C,0,1.1179228,0.10694225877523422,0.9520000219345093,0.7950000166893005
YNL088W,YGR108W,1,1.1178002,0.1070425733923912,0.953000009059906,0.7950000166893005
YEL044W,YKR052C,0,1.1176224,0.10703054815530777,0.953000009059906,0.7950999736785889
YIL040W,YOL043C,0,1.1173947,0.10701853036880493,0.953000009059906,0.795199990272522
YDL122W,YBR101C,0,1.1172483,0.1070065125823021,0.953000009059906,0.7953000068664551
YBR302C,YDL076C,0,1.1163418,0.10699450224637985,0.953000009059906,0.7954000234603882
YDL064W,YMR227C,0,1.1161234,0.10698248445987701,0.953000009059906,0.7954999804496765
YPL012W,YOR196C,0,1.1153929,0.10697048157453537,0.953000009059906,0.7955999970436096
YPL049C,YLR378C,0,1.1137526,0.10695847123861313,0.953000009059906,0.7957000136375427
YBR010W,YNL273W,0,1.1137202,0.10694646835327148,0.953000009059906,0.795799970626831
YKR060W,YHR077C,0,1.1136336,0.10693447291851044,0.953000009059906,0.7958999872207642
YBL099W,YFL062W,0,1.1134237,0.10692247003316879,0.953000009059906,0.7960000038146973
YNR049C,YLR219W,1,1.1122048,0.10702265799045563,0.9539999961853027,0.7960000038146973
YDL015C,YMR261C,0,1.1118491,0.10701065510511398,0.9539999961853027,0.7961000204086304
YDR255C,YDL191W,0,1.1115675,0.10699865221977234,0.9539999961853027,0.7961999773979187
YDR234W,YDR429C,0,1.111137,0.10698665678501129,0.9539999961853027,0.7962999939918518
YDL230W,YGR138C,0,1.1110988,0.10697466135025024,0.9539999961853027,0.7964000105857849
YHR179W,YHR115C,0,1.1109908,0.1069626659154892,0.9539999961853027,0.796500027179718
YKL003C,YCL035C,0,1.1109014,0.10695067048072815,0.9539999961853027,0.7965999841690063
YBR162C,YOR084W,0,1.1107227,0.1069386824965477,0.9539999961853027,0.7967000007629395
YPL082C,YOL130W,0,1.1102574,0.10692669451236725,0.9539999961853027,0.7968000173568726
YOR033C,YJR101W,0,1.110054,0.1069147139787674,0.9539999961853027,0.7968999743461609
YCL033C,YCL067C,0,1.109896,0.10690273344516754,0.9539999961853027,0.796999990940094
YDR276C,YBR254C,0,1.1098652,0.10689075291156769,0.9539999961853027,0.7971000075340271
YDL132W,YPL273W,0,1.1096432,0.10687877982854843,0.9539999961853027,0.7972000241279602
YOR091W,YLL031C,0,1.1094856,0.10686680674552917,0.9539999961853027,0.7972999811172485
YHR211W,YHR096C,0,1.1089125,0.10685484111309052,0.9539999961853027,0.7973999977111816
YFL031W,YDL035C,0,1.1080414,0.10684286803007126,0.9539999961853027,0.7975000143051147
YLR325C,YGR257C,0,1.10755,0.1068309098482132,0.9539999961853027,0.7975999712944031
YMR089C,YKL009W,0,1.107489,0.10681894421577454,0.9539999961853027,0.7976999878883362
YMR234W,YDR328C,0,1.1073704,0.10680698603391647,0.9539999961853027,0.7978000044822693
YDR508C,YJR002W,0,1.107213,0.10679502785205841,0.9539999961853027,0.7979000210762024
YAL056W,YIL017C,1,1.1070468,0.10689500719308853,0.9549999833106995,0.7979000210762024
YBL099W,YJL029C,0,1.1069555,0.10688304156064987,0.9549999833106995,0.7979999780654907
YFR038W,YLR083C,0,1.1066608,0.10687108337879181,0.9549999833106995,0.7980999946594238
YGR240C,YLR009W,0,1.1055647,0.10685912519693375,0.9549999833106995,0.7982000112533569
YLR190W,YMR200W,0,1.1046679,0.10684716701507568,0.9549999833106995,0.79830002784729
YOL088C,YHR141C,0,1.1045148,0.10683521628379822,0.9549999833106995,0.7983999848365784
YOR267C,YAR066W,0,1.1033342,0.10682326555252075,0.9549999833106995,0.7985000014305115
YAL002W,YBR109C,0,1.1028662,0.10681132227182388,0.9549999833106995,0.7986000180244446
YDR172W,YPR152C,0,1.1028209,0.10679937154054642,0.9549999833106995,0.7986999750137329
YPR165W,YKL166C,0,1.1022828,0.10678742825984955,0.9549999833106995,0.798799991607666
YML118W,YML132W,0,1.1013851,0.10677549242973328,0.9549999833106995,0.7989000082015991
YBR006W,YEL063C,0,1.1011446,0.106763556599617,0.9549999833106995,0.7990000247955322
YNL300W,YKL190W,0,1.1010535,0.10675162076950073,0.9549999833106995,0.7990999817848206
YLL043W,YGL016W,0,1.1008451,0.10673969238996506,0.9549999833106995,0.7991999983787537
YOR091W,YBR129C,0,1.1006036,0.10672776401042938,0.9549999833106995,0.7993000149726868
YLR003C,YFL053W,0,1.1006011,0.10671583563089371,0.9549999833106995,0.7993999719619751
YMR074C,YDR198C,0,1.1002483,0.10670390725135803,0.9549999833106995,0.7994999885559082
YLL018C,YJL059W,0,1.1000803,0.10669198632240295,0.9549999833106995,0.7996000051498413
YFR021W,YMR246W,0,1.0996906,0.10668007284402847,0.9549999833106995,0.7997000217437744
YPR133W-A,YER069W,0,1.0996237,0.10666815936565399,0.9549999833106995,0.7997999787330627
YGR203W,YPL009C,0,1.0994377,0.10665624588727951,0.9549999833106995,0.7998999953269958
YDR304C,YGL169W,0,1.0991554,0.10664433240890503,0.9549999833106995,0.800000011920929
YJL013C,YAL038W,0,1.0990136,0.10663242638111115,0.9549999833106995,0.8001000285148621
YIL127C,YLR295C,0,1.0985253,0.10662052035331726,0.9549999833106995,0.8001999855041504
YNL023C,YLL003W,0,1.0984232,0.10660861432552338,0.9549999833106995,0.8003000020980835
YPL049C,YGL097W,0,1.0983675,0.10659671574831009,0.9549999833106995,0.8004000186920166
YER002W,YPL179W,0,1.0980134,0.1065848246216774,0.9549999833106995,0.8004999756813049
YHR002W,YIR010W,0,1.0978854,0.10657292604446411,0.9549999833106995,0.800599992275238
YGL014W,YBR222C,0,1.0978572,0.10656103491783142,0.9549999833106995,0.8007000088691711
YKL025C,YNR003C,0,1.0970125,0.10654914379119873,0.9549999833106995,0.8008000254631042
YMR273C,YHR005C,0,1.0966673,0.10653726011514664,0.9549999833106995,0.8008999824523926
YIL158W,YGL151W,0,1.0963831,0.10652537643909454,0.9549999833106995,0.8009999990463257
YGL148W,YDR173C,0,1.0961683,0.10651349276304245,0.9549999833106995,0.8011000156402588
YLR145W,YDR165W,0,1.095716,0.10650161653757095,0.9549999833106995,0.8011999726295471
YPL151C,YJR103W,0,1.0956569,0.10648974031209946,0.9549999833106995,0.8012999892234802
YPR200C,YFL031W,0,1.0954947,0.10647787153720856,0.9549999833106995,0.8014000058174133
YLR398C,YLR360W,0,1.0952964,0.10646599531173706,0.9549999833106995,0.8015000224113464
YPL058C,YDR006C,0,1.0952373,0.10645412653684616,0.9549999833106995,0.8015999794006348
YBR193C,YGR252W,0,1.0948585,0.10644226521253586,0.9549999833106995,0.8016999959945679
YGL256W,YDL191W,0,1.0948169,0.10643040388822556,0.9549999833106995,0.801800012588501
YPL050C,YMR060C,0,1.0942922,0.10641854256391525,0.9549999833106995,0.8019000291824341
YDR408C,YMR192W,0,1.0940039,0.10640668869018555,0.9549999833106995,0.8019999861717224
YIL139C,YML065W,0,1.0939076,0.10639482736587524,0.9549999833106995,0.8021000027656555
YMR091C,YOR020C,0,1.0934869,0.10638298094272614,0.9549999833106995,0.8022000193595886
YOR125C,YDR309C,0,1.093369,0.10637112706899643,0.9549999833106995,0.802299976348877
YLR088W,YGR098C,0,1.0931771,0.10635928064584732,0.9549999833106995,0.8023999929428101
YNL312W,YMR079W,1,1.0931587,0.10645879805088043,0.9559999704360962,0.8023999929428101
YGL207W,YLR325C,0,1.0928032,0.10644694417715073,0.9559999704360962,0.8025000095367432
YGL150C,YMR025W,0,1.0926368,0.10643509030342102,0.9559999704360962,0.8026000261306763
YBR162W-A,YDR498C,0,1.0918739,0.10642324388027191,0.9559999704360962,0.8026999831199646
YOR010C,YER155C,0,1.0917733,0.1064113974571228,0.9559999704360962,0.8027999997138977
YDR255C,YKL026C,0,1.0909655,0.10639955848455429,0.9559999704360962,0.8029000163078308
YAR003W,YMR276W,0,1.090935,0.10638771206140518,0.9559999704360962,0.8029999732971191
YLL039C,YLR219W,1,1.0908666,0.10648714751005173,0.9570000171661377,0.8029999732971191
YDR005C,YER021W,0,1.0908306,0.10647530108690262,0.9570000171661377,0.8030999898910522
YOR298C-A,YDL113C,0,1.0907357,0.10646345466375351,0.9570000171661377,0.8032000064849854
YLR005W,YKL172W,0,1.090668,0.106451615691185,0.9570000171661377,0.8033000230789185
YKR071C,YNL240C,0,1.0906167,0.10643977671861649,0.9570000171661377,0.8033999800682068
YFL026W,YGL016W,0,1.0905721,0.10642793774604797,0.9570000171661377,0.8034999966621399
YJL180C,YML110C,0,1.0894859,0.10641609877347946,0.9570000171661377,0.803600013256073
YKR002W,YIL157C,0,1.0892768,0.10640426725149155,0.9570000171661377,0.8036999702453613
YDL100C,YBL035C,0,1.0888195,0.10639244318008423,0.9570000171661377,0.8037999868392944
YDL150W,YMR176W,0,1.0884957,0.10638061165809631,0.9570000171661377,0.8039000034332275
YBR110W,YIL065C,0,1.0883347,0.106368787586689,0.9570000171661377,0.8040000200271606
YOR157C,YLR449W,0,1.0879171,0.10635697096586227,0.9570000171661377,0.804099977016449
YLR023C,YBR004C,0,1.0878798,0.10634514689445496,0.9570000171661377,0.8041999936103821
YJR017C,YGL019W,0,1.0878599,0.10633333027362823,0.9570000171661377,0.8043000102043152
YLR348C,YLR429W,0,1.0871341,0.10632152110338211,0.9570000171661377,0.8044000267982483
YOL032W,YNL097C,0,1.0868409,0.10630971193313599,0.9570000171661377,0.8044999837875366
YDR189W,YKL117W,0,1.0865544,0.10629790276288986,0.9570000171661377,0.8046000003814697
YDR434W,YHR115C,0,1.0859585,0.10628609359264374,0.9570000171661377,0.8047000169754028
YMR072W,YJL050W,0,1.0854619,0.10627429187297821,0.9570000171661377,0.8047999739646912
YKL053C-A,YGR285C,0,1.0853951,0.10626249015331268,0.9570000171661377,0.8048999905586243
YBR287W,YPL110C,0,1.0852599,0.10625069588422775,0.9570000171661377,0.8050000071525574
YJL130C,YCL025C,0,1.0851812,0.10623890161514282,0.9570000171661377,0.8051000237464905
YEL044W,YML031W,0,1.0850644,0.10622710734605789,0.9570000171661377,0.8051999807357788
YNL169C,YGL187C,0,1.0850148,0.10621531307697296,0.9570000171661377,0.8052999973297119
YDR291W,YER022W,0,1.0848423,0.10620352625846863,0.9570000171661377,0.805400013923645
YNL312W,YMR001C,1,1.0843086,0.10630270838737488,0.9580000042915344,0.805400013923645
YNL180C,YJR086W,0,1.0838416,0.10629091411828995,0.9580000042915344,0.8054999709129333
YER168C,YBR102C,0,1.0836649,0.10627911984920502,0.9580000042915344,0.8055999875068665
YOR207C,YIL123W,0,1.0835073,0.10626733303070068,0.9580000042915344,0.8057000041007996
YKR007W,YLR059C,0,1.0832297,0.10625554621219635,0.9580000042915344,0.8058000206947327
YJL200C,YFL062W,0,1.0831294,0.10624375939369202,0.9580000042915344,0.805899977684021
YNL066W,YLR395C,0,1.0829673,0.10623198002576828,0.9580000042915344,0.8059999942779541
YPL046C,YLL018C-A,0,1.082963,0.10622020065784454,0.9580000042915344,0.8061000108718872
YLR130C,YOL017W,0,1.082488,0.1062084287405014,0.9580000042915344,0.8062000274658203
YPR169W,YML041C,0,1.0824615,0.10619664937257767,0.9580000042915344,0.8062999844551086
YIL031W,YNR032C-A,0,1.0821383,0.10618488490581512,0.9580000042915344,0.8064000010490417
YCR079W,YER124C,0,1.0821266,0.10617311298847198,0.9580000042915344,0.8065000176429749
YML069W,YMR047C,0,1.0818889,0.10616134852170944,0.9580000042915344,0.8065999746322632
YLR209C,YBR218C,0,1.0811049,0.1061495840549469,0.9580000042915344,0.8066999912261963
YPL023C,YBL079W,0,1.0810378,0.10613782703876495,0.9580000042915344,0.8068000078201294
YER090W,YLR058C,0,1.0810325,0.10612606257200241,0.9580000042915344,0.8069000244140625
YLR274W,YOR048C,0,1.0809989,0.10611431300640106,0.9580000042915344,0.8069999814033508
YDR174W,YER018C,0,1.0809878,0.10610255599021912,0.9580000042915344,0.8070999979972839
YDR378C,YEL031W,0,1.080972,0.10609080642461777,0.9580000042915344,0.807200014591217
YMR149W,YIL129C,0,1.0808525,0.10607906430959702,0.9580000042915344,0.8072999715805054
YPR201W,YEL022W,0,1.0802534,0.10606731474399567,0.9580000042915344,0.8073999881744385
YLR138W,YNR032C-A,0,1.0796728,0.10605557262897491,0.9580000042915344,0.8075000047683716
YOL135C,YCL030C,0,1.0796635,0.10604383796453476,0.9580000042915344,0.8076000213623047
YKL192C,YNL209W,0,1.0793579,0.10603209584951401,0.9580000042915344,0.807699978351593
YJR144W,YOR367W,0,1.0792273,0.10602036118507385,0.9580000042915344,0.8077999949455261
YCR048W,YMR125W,0,1.0790977,0.1060086339712143,0.9580000042915344,0.8079000115394592
YER167W,YCR027C,0,1.0789924,0.10599689930677414,0.9580000042915344,0.8080000281333923
YDR079C-A,YDR485C,0,1.0787089,0.10598517209291458,0.9580000042915344,0.8080999851226807
YIR007W,YJL082W,0,1.0786326,0.10597345232963562,0.9580000042915344,0.8082000017166138
YLR209C,YOR271C,0,1.0785022,0.10596173256635666,0.9580000042915344,0.8083000183105469
YMR220W,YGL145W,0,1.0784137,0.1059500128030777,0.9580000042915344,0.8083999752998352
YLR333C,YIL061C,0,1.0782256,0.10593829303979874,0.9580000042915344,0.8084999918937683
YGL144C,YBR121C,0,1.0781815,0.10592658072710037,0.9580000042915344,0.8086000084877014
YJL034W,YGL105W,0,1.0776997,0.10591486841440201,0.9580000042915344,0.8087000250816345
YNL239W,YDR406W,0,1.0774515,0.10590316355228424,0.9580000042915344,0.8087999820709229
YPR035W,YDL040C,0,1.0773792,0.10589145869016647,0.9580000042915344,0.808899998664856
YDR040C,YHL003C,0,1.0772433,0.1058797538280487,0.9580000042915344,0.8090000152587891
YGR268C,YHR146W,0,1.0767976,0.10586804896593094,0.9580000042915344,0.8090999722480774
YBL016W,YLR167W,0,1.0765593,0.10585635155439377,0.9580000042915344,0.8091999888420105
YHR188C,YDR375C,0,1.0761728,0.1058446615934372,0.9580000042915344,0.8093000054359436
YGL077C,YPR199C,0,1.075873,0.10583296418190002,0.9580000042915344,0.8094000220298767
YFR055W,YDR084C,0,1.0758615,0.10582127422094345,0.9580000042915344,0.809499979019165
YKL192C,YPL237W,0,1.0756185,0.10580958425998688,0.9580000042915344,0.8095999956130981
YCR012W,YPL131W,0,1.075551,0.1057979017496109,0.9580000042915344,0.8097000122070312
YPL075W,YPL170W,0,1.0755496,0.10578621923923492,0.9580000042915344,0.8098000288009644
YHR211W,YOR115C,0,1.0755125,0.10577453672885895,0.9580000042915344,0.8098999857902527
YER141W,YPR151C,0,1.0753059,0.10576286166906357,0.9580000042915344,0.8100000023841858
YOR307C,YNR026C,0,1.0749168,0.10575118660926819,0.9580000042915344,0.8101000189781189
YMR284W,YBR054W,0,1.0748367,0.10573951154947281,0.9580000042915344,0.8101999759674072
YKL093W,YDR100W,0,1.0745864,0.10572784394025803,0.9580000042915344,0.8102999925613403
YEL052W,YPL032C,0,1.0744605,0.10571617633104324,0.9580000042915344,0.8104000091552734
YJR047C,YCL008C,0,1.0743582,0.10570451617240906,0.9580000042915344,0.8105000257492065
YDR407C,YER102W,0,1.0741427,0.10569284856319427,0.9580000042915344,0.8105999827384949
YDR100W,YJL159W,0,1.0740378,0.10568118840456009,0.9580000042915344,0.810699999332428
YER073W,YKL006W,0,1.0739973,0.1056695356965065,0.9580000042915344,0.8108000159263611
YGL244W,YKL117W,0,1.0733817,0.10565788298845291,0.9580000042915344,0.8108999729156494
YNR051C,YMR053C,0,1.0725477,0.10564623028039932,0.9580000042915344,0.8109999895095825
YPR094W,YJL026W,0,1.0725269,0.10563457757234573,0.9580000042915344,0.8111000061035156
YPL097W,YGL186C,0,1.0722306,0.10562293231487274,0.9580000042915344,0.8112000226974487
YHR122W,YGR133W,0,1.0720594,0.10561128705739975,0.9580000042915344,0.8112999796867371
YER129W,YBL067C,0,1.0717173,0.10559964925050735,0.9580000042915344,0.8113999962806702
YGR214W,YPR086W,0,1.0715604,0.10558801144361496,0.9580000042915344,0.8115000128746033
YDL175C,YIL103W,0,1.0708792,0.10557637363672256,0.9580000042915344,0.8116000294685364
YFR044C,YDR280W,0,1.0706909,0.10556473582983017,0.9580000042915344,0.8116999864578247
YBL035C,YOR327C,0,1.0701218,0.10555310547351837,0.9580000042915344,0.8118000030517578
YOR267C,YJL210W,0,1.0697231,0.10554147511720657,0.9580000042915344,0.8119000196456909
YDL153C,YPL167C,0,1.0695903,0.10552985221147537,0.9580000042915344,0.8119999766349792
YPR187W,YPR138C,0,1.0690179,0.10551822930574417,0.9580000042915344,0.8120999932289124
YNL152W,YIL157C,0,1.0684584,0.10550660640001297,0.9580000042915344,0.8122000098228455
YJR067C,YOR194C,0,1.0683147,0.10549499094486237,0.9580000042915344,0.8123000264167786
YDL159W,YCR083W,0,1.0679057,0.10548337548971176,0.9580000042915344,0.8123999834060669
YDR496C,YMR009W,0,1.0677879,0.10547176003456116,0.9580000042915344,0.8125
YOR316C,YAL005C,0,1.0675641,0.10546015202999115,0.9580000042915344,0.8126000165939331
YOR243C,YGR271W,0,1.067293,0.10544854402542114,0.9580000042915344,0.8126999735832214
YGL139W,YGL198W,0,1.0671511,0.10543693602085114,0.9580000042915344,0.8127999901771545
YKL039W,YNL240C,0,1.0670364,0.10542533546686172,0.9580000042915344,0.8129000067710876
YNL134C,YER011W,0,1.0668812,0.10541373491287231,0.9580000042915344,0.8130000233650208
YPL094C,YKL015W,0,1.0666758,0.1054021343588829,0.9580000042915344,0.8130999803543091
YBR068C,YDR276C,0,1.0663407,0.10539054125547409,0.9580000042915344,0.8131999969482422
YPR165W,YKR035W-A,0,1.0659571,0.10537894815206528,0.9580000042915344,0.8133000135421753
YML008C,YDR268W,0,1.0654328,0.10536735504865646,0.9580000042915344,0.8133999705314636
YPR173C,YKL035W,0,1.0652871,0.10535576939582825,0.9580000042915344,0.8134999871253967
YNL044W,YML097C,0,1.0652821,0.10534418374300003,0.9580000042915344,0.8136000037193298
YDL111C,YKL052C,0,1.0646486,0.10533259809017181,0.9580000042915344,0.8137000203132629
YHR066W,YJR131W,0,1.0646071,0.1053210198879242,0.9580000042915344,0.8137999773025513
YGL093W,YJL209W,0,1.0635769,0.10530944168567657,0.9580000042915344,0.8138999938964844
YDR184C,YPR204W,0,1.0616589,0.10529787093400955,0.9580000042915344,0.8140000104904175
YML059C,YNL081C,0,1.0612876,0.10528629273176193,0.9580000042915344,0.8141000270843506
YJL004C,YKR081C,0,1.0611424,0.10527472198009491,0.9580000042915344,0.8141999840736389
YDL078C,YCR028C-A,0,1.0603001,0.10526315867900848,0.9580000042915344,0.814300000667572
YCR093W,YML073C,0,1.0599275,0.10525159537792206,0.9580000042915344,0.8144000172615051
YML021C,YPR010C,0,1.0594716,0.10524003207683563,0.9580000042915344,0.8144999742507935
YFL033C,YLR219W,1,1.0589995,0.10533831268548965,0.9589999914169312,0.8144999742507935
YNR012W,YLL042C,0,1.058507,0.10532674193382263,0.9589999914169312,0.8145999908447266
YPL075W,YML036W,0,1.0584794,0.1053151786327362,0.9589999914169312,0.8147000074386597
YGL067W,YFR025C,0,1.0583141,0.10530361533164978,0.9589999914169312,0.8148000240325928
YNR044W,YBR015C,0,1.0582447,0.10529205203056335,0.9589999914169312,0.8148999810218811
YEL052W,YMR039C,0,1.057972,0.10528048872947693,0.9589999914169312,0.8149999976158142
YDR040C,YLR369W,0,1.0575802,0.1052689328789711,0.9589999914169312,0.8151000142097473
YLR071C,YOR197W,0,1.0569148,0.10525738447904587,0.9589999914169312,0.8151999711990356
YOR008C,YER052C,0,1.0564909,0.10524582862854004,0.9589999914169312,0.8152999877929688
YML062C,YNL287W,0,1.0563502,0.10523428022861481,0.9589999914169312,0.8154000043869019
YMR266W,YJL091C,0,1.0562084,0.10522273182868958,0.9589999914169312,0.815500020980835
YPR194C,YNR038W,0,1.0560029,0.10521119087934494,0.9589999914169312,0.8155999779701233
YJR014W,YDL100C,0,1.0554776,0.1051996499300003,0.9589999914169312,0.8156999945640564
YPL049C,YBR029C,0,1.0551729,0.10518810898065567,0.9589999914169312,0.8158000111579895
YGR255C,YJL111W,0,1.0548961,0.10517657548189163,0.9589999914169312,0.8159000277519226
YKL113C,YPL069C,0,1.0544205,0.1051650419831276,0.9589999914169312,0.8159999847412109
YGL186C,YCR035C,0,1.0538236,0.10515350848436356,0.9589999914169312,0.816100001335144
YKL073W,YGL020C,0,1.0535494,0.10514198243618011,0.9589999914169312,0.8162000179290771
YDL072C,YBR006W,0,1.0534005,0.10513045638799667,0.9589999914169312,0.8162999749183655
YKL174C,YOR339C,0,1.0533628,0.10511893033981323,0.9589999914169312,0.8163999915122986
YOR354C,YLR272C,1,1.0531621,0.10521700978279114,0.9599999785423279,0.8163999915122986
YHR205W,YMR008C,0,1.0528288,0.1052054762840271,0.9599999785423279,0.8165000081062317
YOR074C,YNL197C,0,1.0528178,0.10519395023584366,0.9599999785423279,0.8166000247001648
YDR172W,YBR093C,0,1.0524013,0.10518242418766022,0.9599999785423279,0.8166999816894531
YNL014W,YBR005W,0,1.0523875,0.10517090559005737,0.9599999785423279,0.8167999982833862
YDL121C,YPL076W,0,1.0523049,0.10515937954187393,0.9599999785423279,0.8169000148773193
YAL014C,YIL042C,0,1.0516613,0.10514786094427109,0.9599999785423279,0.8169999718666077
YBR192W,YGR145W,0,1.051645,0.10513634979724884,0.9599999785423279,0.8170999884605408
YGR065C,YOR157C,0,1.0514005,0.10512483865022659,0.9599999785423279,0.8172000050544739
YOR095C,YDR316W,0,1.0513966,0.10511332750320435,0.9599999785423279,0.817300021648407
YNL142W,YER151C,0,1.0508914,0.1051018163561821,0.9599999785423279,0.8173999786376953
YHL009C,YDR427W,0,1.0508027,0.10509031265974045,0.9599999785423279,0.8174999952316284
YCL010C,YAL061W,0,1.0505319,0.1050788089632988,0.9599999785423279,0.8176000118255615
YPL094C,YAL030W,0,1.0501928,0.10506730526685715,0.9599999785423279,0.8177000284194946
YOR267C,YDL024C,0,1.0501297,0.1050558090209961,0.9599999785423279,0.817799985408783
YHR188C,YBR077C,0,1.0498801,0.10504431277513504,0.9599999785423279,0.8179000020027161
YJR032W,YGR057C,0,1.0492709,0.10503282397985458,0.9599999785423279,0.8180000185966492
YOL165C,YER026C,0,1.0492635,0.10502133518457413,0.9599999785423279,0.8180999755859375
YDR040C,YGR132C,0,1.0490649,0.10500984638929367,0.9599999785423279,0.8181999921798706
YBR127C,YLR309C,0,1.0486636,0.10499835759401321,0.9599999785423279,0.8183000087738037
YER056C,YMR061W,0,1.048646,0.10498687624931335,0.9599999785423279,0.8184000253677368
YOR354C,YHR039C,1,1.0485277,0.10508474707603455,0.9610000252723694,0.8184000253677368
YDR276C,YLR153C,0,1.0481082,0.10507325828075409,0.9610000252723694,0.8184999823570251
YGL160W,YDL113C,0,1.047785,0.10506176948547363,0.9610000252723694,0.8185999989509583
YDL035C,YOR261C,0,1.0474782,0.10505028069019318,0.9610000252723694,0.8187000155448914
YOR095C,YKR053C,0,1.0473998,0.10503879934549332,0.9610000252723694,0.8187999725341797
YPR083W,YOL137W,0,1.0472217,0.10502732545137405,0.9610000252723694,0.8188999891281128
YIL038C,YNL316C,0,1.0471306,0.1050158441066742,0.9610000252723694,0.8190000057220459
YKL001C,YGL076C,0,1.0462742,0.10500437021255493,0.9610000252723694,0.819100022315979
YKR085C,YBR086C,0,1.0461655,0.10499289631843567,0.9610000252723694,0.8191999793052673
YJL047C,YBL005W-A,0,1.0456717,0.104981429874897,0.9610000252723694,0.8192999958992004
YLR026C,YKL029C,0,1.0451899,0.10496996343135834,0.9610000252723694,0.8194000124931335
YOR275C,YHL007C,0,1.0450017,0.10495849698781967,0.9610000252723694,0.8195000290870667
YLR007W,YBR121C,0,1.0449189,0.1049470379948616,0.9610000252723694,0.819599986076355
YLR353W,YHR202W,0,1.0448701,0.10493557900190353,0.9610000252723694,0.8197000026702881
YEL009C,YJL128C,0,1.0447135,0.10492412000894547,0.9610000252723694,0.8198000192642212
YOR126C,YER149C,0,1.0445628,0.1049126610159874,0.9610000252723694,0.8198999762535095
YMR263W,YOL136C,0,1.0439876,0.10490120947360992,0.9610000252723694,0.8199999928474426
YHR135C,YNL246W,0,1.0438707,0.10488976538181305,0.9610000252723694,0.8201000094413757
YKL003C,YLR390W-A,0,1.043536,0.10487831383943558,0.9610000252723694,0.8202000260353088
YJL005W,YML007W,0,1.0434935,0.1048668697476387,0.9610000252723694,0.8202999830245972
YPL270W,YOR304W,0,1.0433245,0.10485542565584183,0.9610000252723694,0.8203999996185303
YPL046C,YPL076W,0,1.0429691,0.10484398901462555,0.9610000252723694,0.8205000162124634
YBL084C,YKR042W,0,1.0426168,0.10483255237340927,0.9610000252723694,0.8205999732017517
YIL041W,YER118C,0,1.0424933,0.104821115732193,0.9610000252723694,0.8206999897956848
YPR187W,YDR332W,0,1.0420425,0.10480968654155731,0.9610000252723694,0.8208000063896179
YPR141C,YOL121C,0,1.0399225,0.10479825735092163,0.9610000252723694,0.820900022983551
YPR008W,YKL009W,0,1.039407,0.10478682816028595,0.9610000252723694,0.8209999799728394
YLR384C,YJL085W,0,1.039341,0.10477540642023087,0.9610000252723694,0.8210999965667725
YJL113W,YDL198C,0,1.0392637,0.10476398468017578,0.9610000252723694,0.8212000131607056
YGL245W,YBR132C,0,1.0387858,0.1047525629401207,0.9610000252723694,0.8213000297546387
YHR120W,YOR091W,0,1.0381219,0.10474114120006561,0.9610000252723694,0.821399986743927
YDL018C,YER069W,0,1.038101,0.10472972691059113,0.9610000252723694,0.8215000033378601
YCL018W,YHR146W,0,1.0380331,0.10471832007169724,0.9610000252723694,0.8216000199317932
YJR005W,YPR187W,0,1.0372996,0.10470690578222275,0.9610000252723694,0.8216999769210815
YNL186W,YHR148W,0,1.037185,0.10469549894332886,0.9610000252723694,0.8217999935150146
YPR072W,YDR354W,0,1.0367415,0.10468409955501556,0.9610000252723694,0.8219000101089478
YOR148C,YHR201C,0,1.0365561,0.10467269271612167,0.9610000252723694,0.8220000267028809
YOR301W,YFL017W-A,0,1.0361547,0.10466129332780838,0.9610000252723694,0.8220999836921692
YGL203C,YPR033C,0,1.0360231,0.10464989393949509,0.9610000252723694,0.8222000002861023
YGL050W,YKL003C,0,1.0360162,0.10463850200176239,0.9610000252723694,0.8223000168800354
YML013W,YAL002W,0,1.0357887,0.1046271100640297,0.9610000252723694,0.8223999738693237
YDR040C,YMR005W,0,1.0356262,0.104615718126297,0.9610000252723694,0.8224999904632568
YBR195C,YPL112C,0,1.035459,0.1046043336391449,0.9610000252723694,0.8226000070571899
YNL287W,YKL201C,0,1.0352781,0.1045929491519928,0.9610000252723694,0.822700023651123
YNL230C,YLR128W,0,1.0349711,0.1045815646648407,0.9610000252723694,0.8227999806404114
YIL049W,YFR004W,0,1.0342758,0.1045701876282692,0.9610000252723694,0.8228999972343445
YDL225W,YGL189C,0,1.0341821,0.10455881059169769,0.9610000252723694,0.8230000138282776
YOR204W,YNL026W,0,1.0337152,0.10454743355512619,0.9610000252723694,0.8230999708175659
YFR001W,YGR112W,0,1.0336647,0.10453605651855469,0.9610000252723694,0.823199987411499
YPR159W,YLR395C,0,1.033561,0.10452468693256378,0.9610000252723694,0.8233000040054321
YDL066W,YGL246C,0,1.033109,0.10451332479715347,0.9610000252723694,0.8234000205993652
YPR035W,YGL011C,0,1.0324917,0.10450195521116257,0.9610000252723694,0.8234999775886536
YDR245W,YPL127C,0,1.0322645,0.10449059307575226,0.9610000252723694,0.8235999941825867
YNL016W,YBR102C,0,1.0320935,0.10447923094034195,0.9610000252723694,0.8237000107765198
YOL028C,YBL098W,0,1.0314307,0.10446787625551224,0.9610000252723694,0.8238000273704529
YDR148C,YOR377W,0,1.0312641,0.10445652157068253,0.9610000252723694,0.8238999843597412
YIL106W,YOR133W,0,1.0311966,0.10444516688585281,0.9610000252723694,0.8240000009536743
YGL181W,YNL250W,1,1.0311475,0.10454249382019043,0.9620000123977661,0.8240000009536743
YEL037C,YMR059W,0,1.0310895,0.10453113168478012,0.9620000123977661,0.8241000175476074
YLR272C,YOR230W,1,1.0308607,0.10462842136621475,0.9629999995231628,0.8241000175476074
YKL150W,YBR168W,0,1.0307353,0.10461705923080444,0.9629999995231628,0.8241999745368958
YPL280W,YIL105C,0,1.0305071,0.10460568964481354,0.9629999995231628,0.8242999911308289
YKL079W,YIL142W,0,1.0305021,0.10459432750940323,0.9629999995231628,0.824400007724762
YBR112C,YDL003W,0,1.0300851,0.10458297282457352,0.9629999995231628,0.8245000243186951
YJR144W,YDR188W,0,1.0299366,0.1045716181397438,0.9629999995231628,0.8245999813079834
YGL027C,YML071C,0,1.0297514,0.10456026345491409,0.9629999995231628,0.8246999979019165
YDR235W,YML073C,0,1.029624,0.10454890877008438,0.9629999995231628,0.8248000144958496
YGR229C,YJL181W,0,1.029366,0.10453756153583527,0.9629999995231628,0.8248999714851379
YDR207C,YMR001C,1,1.029326,0.10463475435972214,0.9639999866485596,0.8248999714851379
YMR158W,YNR017W,0,1.0279472,0.10462339967489243,0.9639999866485596,0.824999988079071
YDR006C,YML047C,0,1.0273919,0.10461204499006271,0.9639999866485596,0.8251000046730042
YFL005W,YDR392W,1,1.0272963,0.1047092005610466,0.9649999737739563,0.8251000046730042
YMR318C,YDR084C,0,1.0267079,0.10469783842563629,0.9649999737739563,0.8252000212669373
YDR256C,YKR100C,0,1.026475,0.10468648374080658,0.9649999737739563,0.8252999782562256
YEL044W,YMR216C,0,1.026366,0.10467512905597687,0.9649999737739563,0.8253999948501587
YJR161C,YOR231W,0,1.0260546,0.10466377437114716,0.9649999737739563,0.8255000114440918
YOL110W,YLR380W,0,1.025913,0.10465242713689804,0.9649999737739563,0.8256000280380249
YKL029C,YDL217C,0,1.0258224,0.10464107245206833,0.9649999737739563,0.8256999850273132
YBR202W,YGL189C,0,1.0257286,0.10462973266839981,0.9649999737739563,0.8258000016212463
YDR432W,YPR155C,0,1.025637,0.1046183854341507,0.9649999737739563,0.8259000182151794
YOR157C,YGR244C,0,1.0255842,0.10460704565048218,0.9649999737739563,0.8259999752044678
YOR249C,YKL211C,0,1.0255673,0.10459570586681366,0.9649999737739563,0.8260999917984009
YPL058C,YGL018C,0,1.0251071,0.10458437353372574,0.9649999737739563,0.826200008392334
YJL134W,YKL046C,0,1.0249896,0.10457304120063782,0.9649999737739563,0.8263000249862671
YEL052W,YGR074W,0,1.0249796,0.1045617088675499,0.9649999737739563,0.8263999819755554
YGR175C,YMR203W,0,1.0248818,0.10455037653446198,0.9649999737739563,0.8264999985694885
YGR167W,YOR101W,0,1.0240752,0.10453905165195465,0.9649999737739563,0.8266000151634216
YHR005C-A,YHR109W,0,1.0239593,0.10452772676944733,0.9649999737739563,0.82669997215271
YKL150W,YHR216W,0,1.0239575,0.1045164093375206,0.9649999737739563,0.8267999887466431
YJL180C,YLR421C,0,1.023916,0.10450509190559387,0.9649999737739563,0.8269000053405762
YJL212C,YLR423C,0,1.0231829,0.10449377447366714,0.9649999737739563,0.8270000219345093
YHR041C,YGL038C,0,1.0231664,0.10448245704174042,0.9649999737739563,0.8270999789237976
YDR538W,YML132W,0,1.0230658,0.10447114706039429,0.9649999737739563,0.8271999955177307
YDR373W,YIL009W,0,1.0225685,0.10445983707904816,0.9649999737739563,0.8273000121116638
YMR195W,YBL046W,0,1.0225105,0.10444853454828262,0.9649999737739563,0.8274000287055969
YHR158C,YLR059C,0,1.0221763,0.10443723201751709,0.9649999737739563,0.8274999856948853
YBR162W-A,YKR068C,0,1.0219386,0.10442592948675156,0.9649999737739563,0.8276000022888184
YDR296W,YPL008W,0,1.021817,0.10441462695598602,0.9649999737739563,0.8277000188827515
YOR321W,YCR069W,0,1.0216892,0.10440333187580109,0.9649999737739563,0.8277999758720398
YDR429C,YGR244C,0,1.0214522,0.10439203679561615,0.9649999737739563,0.8278999924659729
YDR364C,YOR197W,0,1.0213277,0.10438074916601181,0.9649999737739563,0.828000009059906
YGR245C,YNR037C,0,1.0211208,0.10436945408582687,0.9649999737739563,0.8281000256538391
YGL255W,YDR519W,0,1.0204644,0.10435817390680313,0.9649999737739563,0.8281999826431274
YGL225W,YOR341W,0,1.0196486,0.10434688627719879,0.9649999737739563,0.8282999992370605
YMR238W,YOR196C,0,1.0194921,0.10433560609817505,0.9649999737739563,0.8284000158309937
YHR143W-A,YEL029C,0,1.0190725,0.1043243259191513,0.9649999737739563,0.828499972820282
YPR029C,YOR145C,0,1.0183941,0.10431304574012756,0.9649999737739563,0.8285999894142151
YMR168C,YML098W,0,1.01813,0.10430177301168442,0.9649999737739563,0.8287000060081482
YLL018C-A,YML132W,0,1.0177321,0.10429050028324127,0.9649999737739563,0.8288000226020813
YPL098C,YDL074C,0,1.0174294,0.10427922755479813,0.9649999737739563,0.8288999795913696
YNL238W,YNL167C,0,1.0172069,0.10426796227693558,0.9649999737739563,0.8289999961853027
YER075C,YOL154W,0,1.0171645,0.10425669699907303,0.9649999737739563,0.8291000127792358
YJL122W,YGR065C,0,1.0165128,0.10424543917179108,0.9649999737739563,0.829200029373169
YNL294C,YNL250W,1,1.016341,0.10434219241142273,0.9660000205039978,0.829200029373169
YIL043C,YMR318C,0,1.0161617,0.10433091968297958,0.9660000205039978,0.8292999863624573
YMR242C,YBR248C,0,1.0160806,0.10431965440511703,0.9660000205039978,0.8294000029563904
YNL131W,YKL166C,0,1.0157696,0.10430838912725449,0.9660000205039978,0.8295000195503235
YPL262W,YPR162C,0,1.0156583,0.10429713129997253,0.9660000205039978,0.8295999765396118
YCR012W,YIL050W,0,1.0152967,0.10428586602210999,0.9660000205039978,0.8296999931335449
YMR162C,YLR325C,0,1.0149293,0.10427460819482803,0.9660000205039978,0.829800009727478
YOL039W,YNL270C,0,1.0149243,0.10426335781812668,0.9660000205039978,0.8299000263214111
YOL077W-A,YGL047W,0,1.0140073,0.10425210744142532,0.9660000205039978,0.8299999833106995
YDL215C,YPR125W,0,1.013824,0.10424085706472397,0.9660000205039978,0.8300999999046326
YPL274W,YDL134C,0,1.0137844,0.10422960668802261,0.9660000205039978,0.8302000164985657
YGL022W,YLR388W,0,1.0137012,0.10421836376190186,0.9660000205039978,0.830299973487854
YDR245W,YPL117C,0,1.0130427,0.1042071208357811,0.9660000205039978,0.8303999900817871
YPL063W,YDR153C,0,1.0129068,0.10419587790966034,0.9660000205039978,0.8305000066757202
YML078W,YFR027W,0,1.012069,0.10418464243412018,0.9660000205039978,0.8306000232696533
YDR127W,YMR230W,0,1.0120406,0.10417340695858002,0.9660000205039978,0.8306999802589417
YHR005C-A,YBL076C,0,1.011585,0.10416217148303986,0.9660000205039978,0.8307999968528748
YBL085W,YOR188W,0,1.011277,0.10415094345808029,0.9660000205039978,0.8309000134468079
YJR021C,YNR049C,1,1.0109763,0.10424751788377762,0.9670000076293945,0.8309000134468079
YPL252C,YKL002W,0,1.0108538,0.10423628240823746,0.9670000076293945,0.8309999704360962
YNR049C,YJL001W,1,1.0100803,0.1043328270316124,0.9679999947547913,0.8309999704360962
YOR335C,YDR140W,0,1.0094268,0.10432158410549164,0.9679999947547913,0.8310999870300293
YOR234C,YNL125C,0,1.0088706,0.10431034117937088,0.9679999947547913,0.8312000036239624
YMR200W,YLR431C,0,1.0088304,0.10429910570383072,0.9679999947547913,0.8313000202178955
YKL033W,YDL165W,0,1.0086483,0.10428787022829056,0.9679999947547913,0.8313999772071838
YOL020W,YKR044W,0,1.0084376,0.1042766347527504,0.9679999947547913,0.8314999938011169
YOL055C,YMR238W,0,1.008397,0.10426539927721024,0.9679999947547913,0.83160001039505
YNL232W,YDR328C,0,1.0077348,0.10425417125225067,0.9679999947547913,0.8317000269889832
YPL179W,YBR079C,0,1.0077186,0.10424294322729111,0.9679999947547913,0.8317999839782715
YLR077W,YGR055W,0,1.007582,0.10423172265291214,0.9679999947547913,0.8319000005722046
YBR230C,YGL189C,0,1.0072892,0.10422050207853317,0.9679999947547913,0.8320000171661377
YDR364C,YNL284C,0,1.0070968,0.1042092815041542,0.9679999947547913,0.832099974155426
YKR069W,YPL118W,0,1.0069954,0.10419806092977524,0.9679999947547913,0.8321999907493591
YOL070C,YGL078C,0,1.006351,0.10418684780597687,0.9679999947547913,0.8323000073432922
YJR017C,YPR191W,0,1.0061107,0.1041756346821785,0.9679999947547913,0.8324000239372253
YPL176C,YPL265W,0,1.0052459,0.10416442155838013,0.9679999947547913,0.8324999809265137
YJL207C,YML072C,0,1.004957,0.10415321588516235,0.9679999947547913,0.8325999975204468
YGL037C,YOL058W,0,1.004875,0.10414201021194458,0.9679999947547913,0.8327000141143799
YMR288W,YDL052C,0,1.0048268,0.1041308119893074,0.9679999947547913,0.8327999711036682
YAL001C,YER035W,0,1.0046492,0.10411960631608963,0.9679999947547913,0.8328999876976013
YDR409W,YLR452C,0,1.004575,0.10410840809345245,0.9679999947547913,0.8330000042915344
YGR038W,YDL202W,0,1.0041258,0.10409721732139587,0.9679999947547913,0.8331000208854675
YIL056W,YDL040C,0,1.0039196,0.1040860190987587,0.9679999947547913,0.8331999778747559
YOR032C,YKL185W,0,1.0038662,0.10407482832670212,0.9679999947547913,0.833299994468689
YJL122W,YHL031C,0,1.0036061,0.10406364500522614,0.9679999947547913,0.8334000110626221
YLL041C,YLR452C,0,1.0026596,0.10405245423316956,0.9679999947547913,0.8335000276565552
YOR264W,YAL042W,0,1.0022733,0.10404127091169357,0.9679999947547913,0.8335999846458435
YKL152C,YKL144C,0,1.002156,0.10403009504079819,0.9679999947547913,0.8337000012397766
YFR051C,YLR011W,0,1.0019057,0.1040189117193222,0.9679999947547913,0.8338000178337097
YDR395W,YKL196C,0,1.0018952,0.10400773584842682,0.9679999947547913,0.833899974822998
YOL045W,YOR254C,0,1.0015271,0.10399655997753143,0.9679999947547913,0.8339999914169312
YOR360C,YGR212W,0,1.0011234,0.10398539155721664,0.9679999947547913,0.8341000080108643
YOL054W,YOL006C,0,1.0009282,0.10397422313690186,0.9679999947547913,0.8342000246047974
YDR195W,YGR138C,0,1.000881,0.10396305471658707,0.9679999947547913,0.8342999815940857
YLR244C,YDL140C,0,1.0008726,0.10395189374685287,0.9679999947547913,0.8343999981880188
YNL307C,YGR108W,1,1.0005167,0.10404810309410095,0.968999981880188,0.8343999981880188
YNL336W,YOR274W,0,1.0004966,0.10403693467378616,0.968999981880188,0.8345000147819519
YJL127C,YKL013C,0,1.0002434,0.10402576625347137,0.968999981880188,0.8345999717712402
YLR316C,YKL096W-A,0,0.9999781,0.10401459783315659,0.968999981880188,0.8346999883651733
YER003C,YPR194C,0,0.9995493,0.1040034368634224,0.968999981880188,0.8348000049591064
YER141W,YNL239W,0,0.99937886,0.1039922758936882,0.968999981880188,0.8349000215530396
YNL106C,YKL148C,0,0.9986039,0.10398111492395401,0.968999981880188,0.8349999785423279
YNL029C,YMR033W,0,0.998061,0.10396995395421982,0.968999981880188,0.835099995136261
YLR310C,YOR320C,0,0.99796724,0.10395880043506622,0.968999981880188,0.8352000117301941
YML046W,YPL069C,0,0.99784863,0.10394765436649323,0.968999981880188,0.8353000283241272
YLL004W,YJL134W,0,0.9978306,0.10393650084733963,0.968999981880188,0.8353999853134155
YBR059C,YKR066C,0,0.99670726,0.10392535477876663,0.968999981880188,0.8355000019073486
YDR304C,YPL129W,0,0.9966033,0.10391420871019363,0.968999981880188,0.8356000185012817
YNR052C,YDL098C,0,0.99657714,0.10390307009220123,0.968999981880188,0.8356999754905701
YCL018W,YAL017W,0,0.9963553,0.10389192402362823,0.968999981880188,0.8357999920845032
YOR274W,YFR001W,0,0.99575186,0.10388078540563583,0.968999981880188,0.8359000086784363
YGR171C,YNR003C,0,0.99517953,0.10386965423822403,0.968999981880188,0.8360000252723694
YIL135C,YOR232W,0,0.994922,0.10385852307081223,0.968999981880188,0.8360999822616577
YKL001C,YML056C,0,0.99489385,0.10384739190340042,0.968999981880188,0.8361999988555908
YFL034C-A,YJL166W,0,0.9943552,0.10383626073598862,0.968999981880188,0.8363000154495239
YER052C,YPR127W,0,0.9938209,0.10382513701915741,0.968999981880188,0.8363999724388123
YER087C-B,YHR058C,0,0.99317724,0.1038140133023262,0.968999981880188,0.8364999890327454
YIR022W,YGR227W,0,0.99196637,0.103802889585495,0.968999981880188,0.8366000056266785
YDR450W,YKR035W-A,0,0.9919521,0.10379177331924438,0.968999981880188,0.8367000222206116
YDL098C,YAR031W,0,0.9914681,0.10378065705299377,0.968999981880188,0.8367999792098999
YGR152C,YFR027W,0,0.99140775,0.10376954078674316,0.968999981880188,0.836899995803833
YGL116W,YNR044W,0,0.991285,0.10375843197107315,0.968999981880188,0.8370000123977661
YIL123W,YBR210W,0,0.9911056,0.10374732315540314,0.968999981880188,0.8371000289916992
YNL009W,YFL026W,0,0.99037653,0.10373621433973312,0.968999981880188,0.8371999859809875
YKL060C,YLR193C,0,0.99036455,0.10372511297464371,0.968999981880188,0.8373000025749207
YBL027W,YOR090C,0,0.98953843,0.10371401160955429,0.968999981880188,0.8374000191688538
YNL164C,YPL117C,0,0.98894924,0.10370291024446487,0.968999981880188,0.8374999761581421
YLL018C-A,YIL065C,0,0.9887257,0.10369181632995605,0.968999981880188,0.8375999927520752
YBR199W,YPL061W,0,0.98855734,0.10368072241544724,0.968999981880188,0.8377000093460083
YBR120C,YPR191W,0,0.9883974,0.10366962850093842,0.968999981880188,0.8378000259399414
YNL087W,YLR058C,0,0.987697,0.1036585345864296,0.968999981880188,0.8378999829292297
YDL226C,YER063W,0,0.98768383,0.10364744812250137,0.968999981880188,0.8379999995231628
YOR335C,YBR129C,0,0.98748004,0.10363636165857315,0.968999981880188,0.838100016117096
YOL011W,YER109C,0,0.9869239,0.10362528264522552,0.968999981880188,0.8381999731063843
YJR067C,YPR171W,0,0.9865601,0.1036142036318779,0.968999981880188,0.8382999897003174
YOR307C,YKR103W,0,0.9863932,0.10360312461853027,0.968999981880188,0.8384000062942505
YOR129C,YNL067W,0,0.9862049,0.10359204560518265,0.968999981880188,0.8385000228881836
YDR261C,YLR452C,0,0.98615825,0.10358097404241562,0.968999981880188,0.8385999798774719
YKL029C,YER055C,0,0.9856586,0.10356990247964859,0.968999981880188,0.838699996471405
YPR095C,YGL148W,0,0.9854914,0.10355883091688156,0.968999981880188,0.8388000130653381
YOR084W,YGR208W,0,0.9854912,0.10354776680469513,0.968999981880188,0.8389000296592712
YKL016C,YDR039C,0,0.98479253,0.1035367026925087,0.968999981880188,0.8389999866485596
YAR008W,YIL139C,0,0.98473674,0.10352563858032227,0.968999981880188,0.8391000032424927
YDR260C,YGL054C,1,0.98458725,0.10362140834331512,0.9700000286102295,0.8391000032424927
YPL190C,YIL142W,0,0.98412263,0.1036103367805481,0.9700000286102295,0.8392000198364258
YDR079C-A,YMR277W,0,0.9838856,0.10359927266836166,0.9700000286102295,0.8392999768257141
YPL244C,YDR021W,0,0.9822958,0.10358820855617523,0.9700000286102295,0.8393999934196472
YLL004W,YNL243W,0,0.9822507,0.1035771518945694,0.9700000286102295,0.8395000100135803
YHR001W-A,YGR085C,0,0.9821249,0.10356608778238297,0.9700000286102295,0.8396000266075134
YOR250C,YPR162C,0,0.98189014,0.10355503112077713,0.9700000286102295,0.8396999835968018
YGR133W,YOL154W,0,0.98185885,0.10354398190975189,0.9700000286102295,0.8398000001907349
YPR080W,YKR003W,0,0.98179305,0.10353292524814606,0.9700000286102295,0.839900016784668
YBL045C,YJR041C,0,0.981502,0.10352187603712082,0.9700000286102295,0.8399999737739563
YEL056W,YIL005W,0,0.98115,0.10351083427667618,0.9700000286102295,0.8400999903678894
YDR498C,YBL035C,0,0.98108673,0.10349978506565094,0.9700000286102295,0.8402000069618225
YNL164C,YGL255W,0,0.980843,0.1034887433052063,0.9700000286102295,0.8403000235557556
YLR016C,YBR125C,0,0.98072296,0.10347770154476166,0.9700000286102295,0.840399980545044
YLR466W,YDL216C,0,0.9801001,0.10346666723489761,0.9700000286102295,0.840499997138977
YGL171W,YLR130C,0,0.98004687,0.10345563292503357,0.9700000286102295,0.8406000137329102
YEL022W,YDR461W,0,0.98002565,0.10344459861516953,0.9700000286102295,0.8406999707221985
YNL073W,YBR221C,0,0.9787711,0.10343356430530548,0.9700000286102295,0.8407999873161316
YML051W,YOR085W,0,0.97832245,0.10342253744602203,0.9700000286102295,0.8409000039100647
YDL178W,YNR012W,0,0.97799057,0.10341151058673859,0.9700000286102295,0.8410000205039978
YER145C,YOR196C,0,0.97757554,0.10340049117803574,0.9700000286102295,0.8410999774932861
YOL026C,YER005W,0,0.9768005,0.10338947176933289,0.9700000286102295,0.8411999940872192
YML008C,YOR196C,0,0.97598845,0.10337845236063004,0.9700000286102295,0.8413000106811523
YBL056W,YER022W,0,0.97592026,0.10336743295192719,0.9700000286102295,0.8414000272750854
YGL045W,YPL265W,0,0.9757897,0.10335642099380493,0.9700000286102295,0.8414999842643738
YDR468C,YCL036W,0,0.9748592,0.10334540903568268,0.9700000286102295,0.8416000008583069
YBR203W,YPL006W,0,0.97460026,0.10333439707756042,0.9700000286102295,0.84170001745224
YDR098C,YML099C,0,0.9737063,0.10332339257001877,0.9700000286102295,0.8417999744415283
YGR193C,YJR042W,0,0.9735401,0.10331238806247711,0.9700000286102295,0.8418999910354614
YDR498C,YFL045C,0,0.9733215,0.10330138355493546,0.9700000286102295,0.8420000076293945
YPL002C,YKL013C,0,0.97323793,0.1032903864979744,0.9700000286102295,0.8421000242233276
YMR033W,YPL118W,0,0.97319204,0.10327938944101334,0.9700000286102295,0.842199981212616
YIL154C,YGL198W,0,0.9725229,0.10326839238405228,0.9700000286102295,0.8422999978065491
YDL091C,YNL008C,0,0.9721326,0.10325739532709122,0.9700000286102295,0.8424000144004822
YDL070W,YPR086W,0,0.9720225,0.10324640572071075,0.9700000286102295,0.8424999713897705
YGL246C,YDR432W,0,0.971694,0.10323541611433029,0.9700000286102295,0.8425999879837036
YLR410W,YNL180C,0,0.9716605,0.10322443395853043,0.9700000286102295,0.8427000045776367
YNL182C,YHR103W,0,0.9714104,0.10321345180273056,0.9700000286102295,0.8428000211715698
YML022W,YBL067C,0,0.97094756,0.1032024696469307,0.9700000286102295,0.8428999781608582
YNL080C,YKL148C,0,0.9706915,0.10319148749113083,0.9700000286102295,0.8429999947547913
YKL048C,YHR037W,0,0.97065336,0.10318051278591156,0.9700000286102295,0.8431000113487244
YLR336C,YJL012C,0,0.97060096,0.10316953808069229,0.9700000286102295,0.8432000279426575
YDR500C,YAR031W,0,0.9704637,0.10315856337547302,0.9700000286102295,0.8432999849319458
YPL178W,YGR181W,0,0.9701981,0.10314759612083435,0.9700000286102295,0.8434000015258789
YOR011W,YJL179W,0,0.97003,0.10313662886619568,0.9700000286102295,0.843500018119812
YLR165C,YPR082C,0,0.96919936,0.103125661611557,0.9700000286102295,0.8435999751091003
YNL225C,YGL169W,0,0.96877855,0.10311470180749893,0.9700000286102295,0.8436999917030334
YGR056W,YDL235C,0,0.9685604,0.10310374200344086,0.9700000286102295,0.8438000082969666
YHR042W,YLR401C,0,0.968504,0.10309278219938278,0.9700000286102295,0.8439000248908997
YOR094W,YDR500C,0,0.9683381,0.1030818298459053,0.9700000286102295,0.843999981880188
YEL020W-A,YAL031C,0,0.96774215,0.10307087749242783,0.9700000286102295,0.8440999984741211
YKL073W,YHR018C,0,0.9676717,0.10305992513895035,0.9700000286102295,0.8442000150680542
YPL002C,YFL034C-B,0,0.9674533,0.10304897278547287,0.9700000286102295,0.8442999720573425
YML093W,YER019W,0,0.9673484,0.10303802788257599,0.9700000286102295,0.8443999886512756
YOL136C,YGR175C,0,0.9672008,0.10302708297967911,0.9700000286102295,0.8445000052452087
YCR097W,YNR044W,0,0.9668234,0.10301614552736282,0.9700000286102295,0.8446000218391418
YGR202C,YPL218W,0,0.96637017,0.10300520062446594,0.9700000286102295,0.8446999788284302
YOR335C,YBL016W,0,0.96617097,0.10299426317214966,0.9700000286102295,0.8447999954223633
YOL144W,YOR020C,0,0.9654183,0.10298333317041397,0.9700000286102295,0.8449000120162964
YKR068C,YLR332W,0,0.9651638,0.10297239571809769,0.9700000286102295,0.8450000286102295
YAR071W,YDR545W,0,0.9648519,0.102961465716362,0.9700000286102295,0.8450999855995178
YDR194C,YDR432W,0,0.96476096,0.10295054316520691,0.9700000286102295,0.8452000021934509
YIR032C,YDR039C,0,0.9638482,0.10293961316347122,0.9700000286102295,0.845300018787384
YLR292C,YDR135C,0,0.963745,0.10292869061231613,0.9700000286102295,0.8453999757766724
YGR178C,YLL012W,0,0.96331406,0.10291777551174164,0.9700000286102295,0.8454999923706055
YDR267C,YOR195W,0,0.9626575,0.10290685296058655,0.9700000286102295,0.8456000089645386
YGL038C,YLR061W,0,0.962584,0.10289593786001205,0.9700000286102295,0.8457000255584717
YDR416W,YBR191W,0,0.9621162,0.10288502275943756,0.9700000286102295,0.84579998254776
YNR051C,YLR193C,0,0.96208376,0.10287411510944366,0.9700000286102295,0.8458999991416931
YLR155C,YDL084W,0,0.9616892,0.10286320000886917,0.9700000286102295,0.8460000157356262
YIL043C,YGL207W,0,0.9612334,0.10285229235887527,0.9700000286102295,0.8460999727249146
YGR120C,YLR401C,0,0.96055704,0.10284139215946198,0.9700000286102295,0.8461999893188477
YDR488C,YLR405W,0,0.9603583,0.10283049196004868,0.9700000286102295,0.8463000059127808
YLR092W,YGR132C,0,0.96001476,0.10281959176063538,0.9700000286102295,0.8464000225067139
YHR190W,YDR449C,0,0.9598854,0.10280869156122208,0.9700000286102295,0.8464999794960022
YHL025W,YIL021W,0,0.9591393,0.10279779881238937,0.9700000286102295,0.8465999960899353
YAL031C,YOL096C,0,0.95785767,0.10278690606355667,0.9700000286102295,0.8467000126838684
YLR429W,YBR086C,0,0.955983,0.10277601331472397,0.9700000286102295,0.8468000292778015
YDR198C,YKR013W,0,0.9554133,0.10276512056589127,0.9700000286102295,0.8468999862670898
YLR016C,YEL051W,0,0.95529646,0.10275423526763916,0.9700000286102295,0.847000002861023
YDL212W,YBR038W,0,0.95514005,0.10274334996938705,0.9700000286102295,0.847100019454956
YGL148W,YJL014W,0,0.9537694,0.10273247212171555,0.9700000286102295,0.8471999764442444
YML128C,YIL017C,1,0.95355606,0.10282748937606812,0.9710000157356262,0.8471999764442444
YBR182C,YER149C,0,0.9530485,0.10281660407781601,0.9710000157356262,0.8472999930381775
YOR354C,YGR108W,1,0.9528427,0.10291159152984619,0.972000002861023,0.8472999930381775
YAL039C,YFR001W,0,0.95253277,0.10290069878101349,0.972000002861023,0.8474000096321106
YDR051C,YDR349C,0,0.9517948,0.10288980603218079,0.972000002861023,0.8475000262260437
YDL198C,YBL042C,0,0.9515664,0.10287891328334808,0.972000002861023,0.847599983215332
YDL178W,YGR172C,0,0.9510012,0.10286802798509598,0.972000002861023,0.8476999998092651
YHR114W,YLR157C,0,0.9508514,0.10285714268684387,0.972000002861023,0.8478000164031982
YKL117W,YLR226W,0,0.9506797,0.10284625738859177,0.972000002861023,0.8478999733924866
YPL146C,YKL001C,0,0.950652,0.10283537954092026,0.972000002861023,0.8479999899864197
YFL014W,YPL003W,0,0.950643,0.10282450169324875,0.972000002861023,0.8481000065803528
YOR188W,YJL200C,0,0.9503396,0.10281362384557724,0.972000002861023,0.8482000231742859
YIL106W,YDR337W,0,0.95024186,0.10280275344848633,0.972000002861023,0.8482999801635742
YOR159C,YEL034W,0,0.9495133,0.10279187560081482,0.972000002861023,0.8483999967575073
YLR384C,YLL051C,0,0.9492843,0.10278100520372391,0.972000002861023,0.8485000133514404
YGR185C,YPL118W,0,0.9491773,0.10277014225721359,0.972000002861023,0.8485999703407288
YDL064W,YOL054W,0,0.9489275,0.10275927931070328,0.972000002861023,0.8486999869346619
YGL049C,YJL079C,0,0.9476001,0.10274841636419296,0.972000002861023,0.848800003528595
YOR249C,YFR013W,0,0.94699645,0.10273755341768265,0.972000002861023,0.8489000201225281
YDR373W,YOL126C,0,0.94698316,0.10272669792175293,0.972000002861023,0.8489999771118164
YIL014W,YBL102W,0,0.9469085,0.10271584242582321,0.972000002861023,0.8490999937057495
YIL047C,YNL336W,0,0.94682294,0.1027049869298935,0.972000002861023,0.8492000102996826
YPL232W,YER177W,1,0.94673544,0.10279978811740875,0.9729999899864197,0.8492000102996826
YEL056W,YGR192C,0,0.9466649,0.10278892517089844,0.9729999899864197,0.8493000268936157
YBL007C,YMR301C,0,0.94661766,0.10277806967496872,0.9729999899864197,0.849399983882904
YAL001C,YNL052W,0,0.94633067,0.102767214179039,0.9729999899864197,0.8495000004768372
YDR404C,YGR227W,0,0.94630724,0.10275636613368988,0.9729999899864197,0.8496000170707703
YKL192C,YLR376C,0,0.94606656,0.10274551063776016,0.9729999899864197,0.8496999740600586
YFL033C,YMR001C,1,0.94576204,0.10284025222063065,0.9739999771118164,0.8496999740600586
YJR042W,YJR082C,0,0.94543755,0.10282938927412033,0.9739999771118164,0.8497999906539917
YBL099W,YER172C,0,0.94538844,0.10281853377819061,0.9739999771118164,0.8499000072479248
YMR025W,YDR397C,0,0.9451964,0.10280768573284149,0.9739999771118164,0.8500000238418579
YHR024C,YBL079W,0,0.94496405,0.10279683023691177,0.9739999771118164,0.8500999808311462
YIL005W,YHR141C,0,0.94488716,0.10278598219156265,0.9739999771118164,0.8501999974250793
YDR257C,YGL094C,0,0.94445217,0.10277514159679413,0.9739999771118164,0.8503000140190125
YPR169W,YBR215W,0,0.9441813,0.10276429355144501,0.9739999771118164,0.8503999710083008
YDR182W,YDR309C,0,0.943909,0.10275345295667648,0.9739999771118164,0.8504999876022339
YKR068C,YKR042W,0,0.9439078,0.10274261236190796,0.9739999771118164,0.850600004196167
YEL034W,YBR243C,0,0.94366926,0.10273177921772003,0.9739999771118164,0.8507000207901001
YMR009W,YCR021C,0,0.9436437,0.1027209460735321,0.9739999771118164,0.8507999777793884
YIL135C,YKL054C,0,0.94317067,0.10271011292934418,0.9739999771118164,0.8508999943733215
YNR023W,YNL130C,0,0.94284004,0.10269927978515625,0.9739999771118164,0.8510000109672546
YDR451C,YDR027C,1,0.94276637,0.10279388725757599,0.9750000238418579,0.8510000109672546
YJR131W,YJL093C,0,0.94265664,0.10278304666280746,0.9750000238418579,0.8511000275611877
YPL252C,YML059C,0,0.9425805,0.10277221351861954,0.9750000238418579,0.8511999845504761
YHL028W,YAL031C,0,0.9422411,0.10276138037443161,0.9750000238418579,0.8513000011444092
YKR088C,YLR093C,0,0.94098574,0.10275055468082428,0.9750000238418579,0.8514000177383423
YKR064W,YDR346C,0,0.94086236,0.10273972898721695,0.9750000238418579,0.8514999747276306
YDR145W,YJR002W,0,0.9404581,0.10272890329360962,0.9750000238418579,0.8515999913215637
YDR519W,YPR057W,0,0.93944675,0.10271807760000229,0.9750000238418579,0.8517000079154968
YOL054W,YDL055C,0,0.9393842,0.10270725935697556,0.9750000238418579,0.8518000245094299
YBL079W,YBR221C,0,0.9389386,0.10269644111394882,0.9750000238418579,0.8518999814987183
YDR184C,YPR194C,0,0.93870646,0.10268562287092209,0.9750000238418579,0.8519999980926514
YBL091C,YHR183W,0,0.938036,0.10267481207847595,0.9750000238418579,0.8521000146865845
YNL064C,YIL096C,0,0.9380238,0.10266400128602982,0.9750000238418579,0.8521999716758728
YGR192C,YHR146W,0,0.93709356,0.10265319049358368,0.9750000238418579,0.8522999882698059
YEL026W,YLL061W,0,0.9366219,0.10264237970113754,0.9750000238418579,0.852400004863739
YCR027C,YLR083C,0,0.9365542,0.102631576359272,0.9750000238418579,0.8525000214576721
YHR141C,YLR138W,0,0.936451,0.10262078046798706,0.9750000238418579,0.8525999784469604
YPL126W,YGR120C,0,0.93638676,0.10260997712612152,0.9750000238418579,0.8526999950408936
YKR007W,YKR006C,0,0.93623996,0.10259918123483658,0.9750000238418579,0.8528000116348267
YDL207W,YGR020C,0,0.93621737,0.10258838534355164,0.9750000238418579,0.8529000282287598
YPL200W,YNR049C,1,0.9357715,0.10268279910087585,0.9760000109672546,0.8529000282287598
YBL051C,YOL013C,0,0.93566006,0.10267199575901031,0.9760000109672546,0.8529999852180481
YDR243C,YKL081W,0,0.9355125,0.10266119986772537,0.9760000109672546,0.8531000018119812
YOL013C,YBR222C,0,0.9349588,0.10265039652585983,0.9760000109672546,0.8532000184059143
YDR138W,YBL025W,0,0.934573,0.10263960808515549,0.9760000109672546,0.8532999753952026
YER172C,YDL189W,0,0.93432933,0.10262881219387054,0.9760000109672546,0.8533999919891357
YNL131W,YIR008C,0,0.93407387,0.1026180237531662,0.9760000109672546,0.8535000085830688
YJR034W,YDR324C,0,0.9334826,0.10260723531246185,0.9760000109672546,0.853600025177002
YML055W,YJR044C,0,0.9332084,0.10259644687175751,0.9760000109672546,0.8536999821662903
YPL138C,YDR314C,0,0.93278056,0.10258566588163376,0.9760000109672546,0.8537999987602234
YOL136C,YPR143W,0,0.93233395,0.10257488489151001,0.9760000109672546,0.8539000153541565
YOR123C,YGL139W,0,0.93223685,0.10256410390138626,0.9760000109672546,0.8539999723434448
YOL055C,YGL179C,0,0.9319791,0.10255332291126251,0.9760000109672546,0.8540999889373779
YJL002C,YLR085C,0,0.93189627,0.10254254937171936,0.9760000109672546,0.854200005531311
YLR292C,YMR238W,0,0.9318818,0.10253177583217621,0.9760000109672546,0.8543000221252441
YGL256W,YPR194C,0,0.9318632,0.10252100974321365,0.9760000109672546,0.8543999791145325
YKL193C,YDL191W,0,0.9315672,0.1025102436542511,0.9760000109672546,0.8544999957084656
YDR084C,YGL107C,0,0.9313592,0.10249947756528854,0.9760000109672546,0.8546000123023987
YMR319C,YAR002C-A,0,0.93112373,0.10248871147632599,0.9760000109672546,0.8547000288963318
YKL149C,YLR150W,0,0.9302303,0.10247795283794403,0.9760000109672546,0.8547999858856201
YPR131C,YJL138C,0,0.929764,0.10246719419956207,0.9760000109672546,0.8549000024795532
YDR494W,YDR302W,0,0.9295985,0.10245643556118011,0.9760000109672546,0.8550000190734863
YGL055W,YIL118W,0,0.9295357,0.10244568437337875,0.9760000109672546,0.8550999760627747
YDR519W,YNL124W,0,0.92908275,0.1024349257349968,0.9760000109672546,0.8551999926567078
YDR173C,YGL013C,0,0.9289761,0.10242418199777603,0.9760000109672546,0.8553000092506409
YPR035W,YIL085C,0,0.9282327,0.10241343080997467,0.9760000109672546,0.855400025844574
YJL112W,YIL064W,0,0.928018,0.1024026870727539,0.9760000109672546,0.8554999828338623
YEL020W-A,YPR138C,0,0.9278717,0.10239194333553314,0.9760000109672546,0.8555999994277954
YDR110W,YPL193W,0,0.9277985,0.10238119959831238,0.9760000109672546,0.8557000160217285
YPR161C,YKL038W,0,0.92696077,0.10237046331167221,0.9760000109672546,0.8557999730110168
YMR227C,YKR001C,0,0.92688006,0.10235972702503204,0.9760000109672546,0.85589998960495
YOR367W,YGR166W,0,0.9265408,0.10234899073839188,0.9760000109672546,0.8560000061988831
YJL172W,YLR119W,0,0.92649335,0.1023382619023323,0.9760000109672546,0.8561000227928162
YGL200C,YOR355W,0,0.92635876,0.10232753306627274,0.9760000109672546,0.8561999797821045
YEL018W,YML019W,0,0.92492896,0.10231680423021317,0.9760000109672546,0.8562999963760376
YHR216W,YPL128C,0,0.92354095,0.10230608284473419,0.9760000109672546,0.8564000129699707
YGR229C,YPL128C,0,0.9231249,0.10229535400867462,0.9760000109672546,0.8565000295639038
YOR123C,YLL036C,0,0.923078,0.10228463262319565,0.9760000109672546,0.8565999865531921
YER038C,YKL216W,0,0.9226436,0.10227391868829727,0.9760000109672546,0.8567000031471252
YDR457W,YPL280W,0,0.9211356,0.1022632047533989,0.9760000109672546,0.8568000197410583
YDR138W,YLR182W,0,0.92090863,0.10225249081850052,0.9760000109672546,0.8568999767303467
YIL016W,YCR012W,0,0.9198369,0.10224177688360214,0.9760000109672546,0.8569999933242798
YOR103C,YER031C,0,0.9190214,0.10223107039928436,0.9760000109672546,0.8571000099182129
YCL017C,YBR234C,0,0.918881,0.10222036391496658,0.9760000109672546,0.857200026512146
YKL040C,YER028C,0,0.91874975,0.1022096574306488,0.9760000109672546,0.8572999835014343
YPR080W,YIL157C,0,0.91857696,0.10219895094633102,0.9760000109672546,0.8574000000953674
YBR118W,YDR007W,0,0.91850036,0.10218825191259384,0.9760000109672546,0.8575000166893005
YDR405W,YOL051W,0,0.91834843,0.10217755287885666,0.9760000109672546,0.8575999736785889
YER023W,YML046W,0,0.91829824,0.10216686129570007,0.9760000109672546,0.857699990272522
YJL124C,YHR094C,0,0.91824365,0.10215616226196289,0.9760000109672546,0.8578000068664551
YDR350C,YPR191W,0,0.9178381,0.1021454706788063,0.9760000109672546,0.8579000234603882
YIL139C,YHR005C,0,0.91677445,0.10213478654623032,0.9760000109672546,0.8579999804496765
YOR267C,YAL054C,0,0.9166675,0.10212409496307373,0.9760000109672546,0.8580999970436096
YDR198C,YLR316C,0,0.91523737,0.10211341083049774,0.9760000109672546,0.8582000136375427
YDR296W,YLR157C,0,0.91517824,0.10210272669792175,0.9760000109672546,0.858299970626831
YML006C,YBR084C-A,0,0.9150857,0.10209205001592636,0.9760000109672546,0.8583999872207642
YDL213C,YNL052W,0,0.915005,0.10208137333393097,0.9760000109672546,0.8585000038146973
YPL137C,YGR065C,0,0.91500306,0.10207069665193558,0.9760000109672546,0.8586000204086304
YKR036C,YGR211W,0,0.9143247,0.10206001996994019,0.9760000109672546,0.8586999773979187
YLR248W,YBR023C,1,0.91395074,0.10215391218662262,0.9769999980926514,0.8586999773979187
YEL020W-A,YEL032W,0,0.9132785,0.10214322805404663,0.9769999980926514,0.8587999939918518
YLR075W,YLR133W,0,0.91241163,0.10213255137205124,0.9769999980926514,0.8589000105857849
YPR164W,YNL069C,0,0.9118448,0.10212187469005585,0.9769999980926514,0.859000027179718
YOR360C,YEL037C,0,0.9114627,0.10211120545864105,0.9769999980926514,0.8590999841690063
YER018C,YDR464W,0,0.9108958,0.10210053622722626,0.9769999980926514,0.8592000007629395
YJL155C,YDR293C,0,0.91068566,0.10208986699581146,0.9769999980926514,0.8593000173568726
YBR010W,YMR125W,0,0.91065097,0.10207919776439667,0.9769999980926514,0.8593999743461609
YOR355W,YDR464W,0,0.9104527,0.10206853598356247,0.9769999980926514,0.859499990940094
YJR144W,YGR030C,0,0.90994877,0.10205787420272827,0.9769999980926514,0.8596000075340271
YBL056W,YDR212W,0,0.90980524,0.10204721242189407,0.9769999980926514,0.8597000241279602
YDR496C,YBR215W,0,0.9095177,0.10203655064105988,0.9769999980926514,0.8597999811172485
YDR382W,YAL030W,0,0.9088569,0.10202589631080627,0.9769999980926514,0.8598999977111816
YHR072W-A,YDL018C,0,0.90877414,0.10201524198055267,0.9769999980926514,0.8600000143051147
YGL043W,YOL061W,0,0.9087252,0.10200459510087967,0.9769999980926514,0.8600999712944031
YNR017W,YER019W,0,0.9079086,0.10199394822120667,0.9769999980926514,0.8601999878883362
YIL135C,YML123C,0,0.9074022,0.10198330134153366,0.9769999980926514,0.8603000044822693
YDL081C,YPL151C,0,0.9072657,0.10197265446186066,0.9769999980926514,0.8604000210762024
YPR067W,YDL145C,0,0.90718937,0.10196201503276825,0.9769999980926514,0.8604999780654907
YGL058W,YHL001W,0,0.9071587,0.10195137560367584,0.9769999980926514,0.8605999946594238
YPL117C,YKL160W,0,0.9065866,0.10194073617458344,0.9769999980926514,0.8607000112533569
YEL020W-A,YOR187W,0,0.9058245,0.10193009674549103,0.9769999980926514,0.86080002784729
YNL327W,YHR108W,0,0.9055794,0.10191946476697922,0.9769999980926514,0.8608999848365784
YGL049C,YPL169C,0,0.9048723,0.10190883278846741,0.9769999980926514,0.8610000014305115
YIR038C,YER162C,0,0.90485084,0.1018982082605362,0.9769999980926514,0.8611000180244446
YJR144W,YPL050C,0,0.9044369,0.10188757628202438,0.9769999980926514,0.8611999750137329
YKL053C-A,YKL001C,0,0.90355223,0.10187695175409317,0.9769999980926514,0.861299991607666
YDR498C,YGR128C,0,0.9033029,0.10186633467674255,0.9769999980926514,0.8614000082015991
YKR103W,YLR163C,0,0.9032028,0.10185571014881134,0.9769999980926514,0.8615000247955322
YLR404W,YEL042W,0,0.90276176,0.10184509307146072,0.9769999980926514,0.8615999817848206
YML036W,YKR010C,0,0.9024835,0.1018344834446907,0.9769999980926514,0.8616999983787537
YPL094C,YIL065C,0,0.9020229,0.10182386636734009,0.9769999980926514,0.8618000149726868
YOL145C,YHR072W-A,0,0.9020024,0.10181325674057007,0.9769999980926514,0.8618999719619751
YJR153W,YOL004W,0,0.90154934,0.10180264711380005,0.9769999980926514,0.8619999885559082
YGR129W,YEL044W,0,0.9014305,0.10179203748703003,0.9769999980926514,0.8621000051498413
YPL063W,YJL063C,0,0.9012638,0.1017814353108406,0.9769999980926514,0.8622000217437744
YLR348C,YML067C,0,0.9012352,0.10177083313465118,0.9769999980926514,0.8622999787330627
YPL215W,YML029W,0,0.90097994,0.10176023095846176,0.9769999980926514,0.8623999953269958
YIL148W,YNL309W,0,0.90080357,0.10174963623285294,0.9769999980926514,0.862500011920929
YPL198W,YGL079W,0,0.90000486,0.10173904150724411,0.9769999980926514,0.8626000285148621
YDL111C,YIR010W,0,0.8998185,0.10172844678163528,0.9769999980926514,0.8626999855041504
YOR297C,YOL130W,0,0.89939713,0.10171785205602646,0.9769999980926514,0.8628000020980835
YBR091C,YHR057C,0,0.8992896,0.10170726478099823,0.9769999980926514,0.8629000186920166
YNL070W,YGR222W,0,0.89850223,0.10169667750597,0.9769999980926514,0.8629999756813049
YKL101W,YLR292C,0,0.89817756,0.10168609768152237,0.9769999980926514,0.863099992275238
YER157W,YPR187W,0,0.8981772,0.10167551040649414,0.9769999980926514,0.8632000088691711
YHR201C,YDL106C,0,0.898122,0.10166493058204651,0.9769999980926514,0.8633000254631042
YGL150C,YJL029C,0,0.8980444,0.10165435075759888,0.9769999980926514,0.8633999824523926
YBR042C,YDL240W,0,0.89743346,0.10164377838373184,0.9769999980926514,0.8634999990463257
YJR047C,YBR119W,0,0.89737785,0.10163320600986481,0.9769999980926514,0.8636000156402588
YDR034C,YDR488C,0,0.89735836,0.10162263363599777,0.9769999980926514,0.8636999726295471
YBR191W,YCL051W,0,0.8969426,0.10161206126213074,0.9769999980926514,0.8637999892234802
YOL115W,YLL021W,0,0.8968852,0.1016014963388443,0.9769999980926514,0.8639000058174133
YPL105C,YPR017C,0,0.896321,0.10159093141555786,0.9769999980926514,0.8640000224113464
YDR494W,YAL019W,0,0.89617866,0.10158036649227142,0.9769999980926514,0.8640999794006348
YAL005C,YNR036C,0,0.8958041,0.10156980901956558,0.9769999980926514,0.8641999959945679
YBL006C,YPL135W,0,0.89497215,0.10155925154685974,0.9769999980926514,0.864300012588501
YDR194C,YKR042W,0,0.8948004,0.1015486940741539,0.9769999980926514,0.8644000291824341
YIL148W,YGR174C,0,0.89421666,0.10153814405202866,0.9769999980926514,0.8644999861717224
YDR237W,YGL234W,0,0.89398414,0.10152758657932281,0.9769999980926514,0.8646000027656555
YBR162W-A,YHR058C,0,0.8936141,0.10151704400777817,0.9769999980926514,0.8647000193595886
YGR192C,YKR026C,0,0.892846,0.10150649398565292,0.9769999980926514,0.864799976348877
YGR206W,YPR112C,0,0.89217573,0.10149595141410828,0.9769999980926514,0.8648999929428101
YKL078W,YGL144C,0,0.89210707,0.10148540884256363,0.9769999980926514,0.8650000095367432
YDL189W,YOR357C,0,0.8918218,0.10147486627101898,0.9769999980926514,0.8651000261306763
YOR123C,YLR348C,0,0.8918046,0.10146432369947433,0.9769999980926514,0.8651999831199646
YBR243C,YOL012C,0,0.8913458,0.10145378857851028,0.9769999980926514,0.8652999997138977
YLR200W,YLR404W,0,0.8907061,0.10144325345754623,0.9769999980926514,0.8654000163078308
YML028W,YFR042W,0,0.8906674,0.10143272578716278,0.9769999980926514,0.8654999732971191
YER001W,YKR101W,0,0.8903885,0.10142219811677933,0.9769999980926514,0.8655999898910522
YGL050W,YDR170C,0,0.8900072,0.10141167044639587,0.9769999980926514,0.8657000064849854
YER127W,YOR353C,0,0.88972276,0.10140114277601242,0.9769999980926514,0.8658000230789185
YDR182W,YDR040C,0,0.88970274,0.10139061510562897,0.9769999980926514,0.8658999800682068
YBR253W,YML022W,0,0.8891925,0.10138009488582611,0.9769999980926514,0.8659999966621399
YHR002W,YCR008W,0,0.88911325,0.10136958211660385,0.9769999980926514,0.866100013256073
YDR017C,YMR234W,0,0.8881406,0.101359061896801,0.9769999980926514,0.8661999702453613
YGL096W,YOR273C,0,0.88812315,0.10134854912757874,0.9769999980926514,0.8662999868392944
YNL239W,YDR328C,0,0.8880232,0.10133803635835648,0.9769999980926514,0.8664000034332275
YIL144W,YPL237W,0,0.88796735,0.10132752358913422,0.9769999980926514,0.8665000200271606
YEL051W,YOR298C-A,0,0.88784784,0.10131701827049255,0.9769999980926514,0.866599977016449
YER040W,YDL223C,0,0.88741827,0.10130651295185089,0.9769999980926514,0.8666999936103821
YJR064W,YDR545W,0,0.8872711,0.10129600763320923,0.9769999980926514,0.8668000102043152
YDR087C,YGR240C,0,0.8870142,0.10128550976514816,0.9769999980926514,0.8669000267982483
YER058W,YHR197W,0,0.8869589,0.1012750044465065,0.9769999980926514,0.8669999837875366
YER178W,YDL015C,0,0.88684523,0.10126451402902603,0.9769999980926514,0.8671000003814697
YJL151C,YGR268C,0,0.8867967,0.10125401616096497,0.9769999980926514,0.8672000169754028
YOR025W,YLR406C,0,0.8865499,0.1012435257434845,0.9769999980926514,0.8672999739646912
YIL148W,YCR018C,0,0.8863172,0.10123303532600403,0.9769999980926514,0.8673999905586243
YJL081C,YGL203C,0,0.88587767,0.10122254490852356,0.9769999980926514,0.8675000071525574
YIL096C,YPL118W,0,0.88575655,0.10121206194162369,0.9769999980926514,0.8676000237464905
YPL004C,YJL159W,0,0.8851948,0.10120157152414322,0.9769999980926514,0.8676999807357788
YML093W,YKR064W,0,0.8842508,0.10119109600782394,0.9769999980926514,0.8677999973297119
YGL043W,YDR067C,0,0.8839318,0.10118061304092407,0.9769999980926514,0.867900013923645
YOL142W,YDR469W,0,0.883637,0.1011701375246048,0.9769999980926514,0.8679999709129333
YPR094W,YCR003W,0,0.8835011,0.10115966200828552,0.9769999980926514,0.8680999875068665
YIL002C,YIL021W,0,0.8833252,0.10114918649196625,0.9769999980926514,0.8682000041007996
YMR159C,YOL126C,0,0.88319236,0.10113871842622757,0.9769999980926514,0.8683000206947327
YLR314C,YLR295C,0,0.88315254,0.10112825036048889,0.9769999980926514,0.868399977684021
YJL174W,YOR074C,0,0.88252807,0.10111778229475021,0.9769999980926514,0.8684999942779541
YDL054C,YHR175W,0,0.8821718,0.10110731422901154,0.9769999980926514,0.8686000108718872
YDR398W,YKL025C,0,0.88171214,0.10109685361385345,0.9769999980926514,0.8687000274658203
YGR240C,YFL002C,0,0.8816106,0.10108639299869537,0.9769999980926514,0.8687999844551086
YOR128C,YHR034C,0,0.88059855,0.10107593983411789,0.9769999980926514,0.8689000010490417
YER044C-A,YNR049C,1,0.8805897,0.1011689230799675,0.9779999852180481,0.8689000010490417
YOR095C,YBR086C,0,0.87999904,0.10115846246480942,0.9779999852180481,0.8690000176429749
YLR183C,YMR121C,0,0.8791405,0.10114800184965134,0.9779999852180481,0.8690999746322632
YKL048C,YOR045W,0,0.8790574,0.10113754123449326,0.9779999852180481,0.8691999912261963
YEL020W-A,YHR132C,0,0.8788794,0.10112708061933517,0.9779999852180481,0.8693000078201294
YCR034W,YNL273W,0,0.8788295,0.10111662745475769,0.9779999852180481,0.8694000244140625
YHR196W,YOL008W,0,0.8787459,0.1011061742901802,0.9779999852180481,0.8694999814033508
YER117W,YOR264W,0,0.8787248,0.10109572112560272,0.9779999852180481,0.8695999979972839
YPR180W,YDR040C,0,0.8784791,0.10108526796102524,0.9779999852180481,0.869700014591217
YOR360C,YNL068C,0,0.87735325,0.10107482224702835,0.9779999852180481,0.8697999715805054
YOR176W,YGL134W,0,0.87734145,0.10106437653303146,0.9779999852180481,0.8698999881744385
YBR002C,YOL041C,0,0.87723655,0.10105393826961517,0.9779999852180481,0.8700000047683716
YOR126C,YGR074W,0,0.8769937,0.10104349255561829,0.9779999852180481,0.8701000213623047
YDR227W,YNL085W,0,0.87626594,0.101033054292202,0.9779999852180481,0.870199978351593
YLR249W,YGR212W,0,0.8759238,0.1010226234793663,0.9779999852180481,0.8702999949455261
YNR052C,YDL153C,0,0.8754371,0.10101218521595001,0.9779999852180481,0.8704000115394592
YLR348C,YLR026C,0,0.87537736,0.10100175440311432,0.9779999852180481,0.8705000281333923
YBL014C,YDL140C,0,0.8748378,0.10099132359027863,0.9779999852180481,0.8705999851226807
YLR244C,YPL170W,0,0.8742963,0.10098090022802353,0.9779999852180481,0.8707000017166138
YHR001W,YLR167W,0,0.8740992,0.10097046941518784,0.9779999852180481,0.8708000183105469
YMR149W,YIL015W,0,0.8734107,0.10096004605293274,0.9779999852180481,0.8708999752998352
YPR137W,YFL034C-A,0,0.87339026,0.10094963014125824,0.9779999852180481,0.8709999918937683
YKL003C,YGL236C,0,0.87338275,0.10093920677900314,0.9779999852180481,0.8711000084877014
YGR174C,YEL018W,0,0.8730948,0.10092879086732864,0.9779999852180481,0.8712000250816345
YIL096C,YHL033C,0,0.87302107,0.10091837495565414,0.9779999852180481,0.8712999820709229
YNL229C,YPL135W,0,0.8727112,0.10090796649456024,0.9779999852180481,0.871399998664856
YAL007C,YGR157W,0,0.8726892,0.10089755803346634,0.9779999852180481,0.8715000152587891
YMR284W,YHL015W,0,0.8725452,0.10088714957237244,0.9779999852180481,0.8715999722480774
YGL195W,YAL038W,0,0.87178177,0.10087674111127853,0.9779999852180481,0.8716999888420105
YHR004C,YHL027W,1,0.8713109,0.10096947103738785,0.9789999723434448,0.8716999888420105
YNL071W,YMR203W,0,0.87104315,0.10095906257629395,0.9789999723434448,0.8718000054359436
YBR288C,YLR019W,0,0.8706451,0.10094864666461945,0.9789999723434448,0.8719000220298767
YPR035W,YOR380W,0,0.870342,0.10093823820352554,0.9789999723434448,0.871999979019165
YKL060C,YBR106W,0,0.8702654,0.10092783719301224,0.9789999723434448,0.8720999956130981
YGR261C,YGL005C,0,0.8692326,0.10091742873191833,0.9789999723434448,0.8722000122070312
YLL018C,YDR472W,0,0.8689334,0.10090702772140503,0.9789999723434448,0.8723000288009644
YAL007C,YJR137C,0,0.86830235,0.10089662671089172,0.9789999723434448,0.8723999857902527
YKL008C,YAL030W,0,0.8672682,0.10088623315095901,0.9789999723434448,0.8725000023841858
YGR254W,YOR109W,0,0.86716676,0.1008758395910263,0.9789999723434448,0.8726000189781189
YNR051C,YBR202W,0,0.8667061,0.1008654460310936,0.9789999723434448,0.8726999759674072
YGL083W,YLR452C,0,0.8666813,0.10085505247116089,0.9789999723434448,0.8727999925613403
YJL012C,YOR145C,0,0.865631,0.10084466636180878,0.9789999723434448,0.8729000091552734
YOR344C,YKL206C,0,0.86488,0.10083428025245667,0.9789999723434448,0.8730000257492065
YNL023C,YPL180W,0,0.86454874,0.10082389414310455,0.9789999723434448,0.8730999827384949
YNL282W,YPL208W,0,0.8643166,0.10081350803375244,0.9789999723434448,0.873199999332428
YKL025C,YJL212C,0,0.86419374,0.10080312937498093,0.9789999723434448,0.8733000159263611
YLL040C,YLL005C,1,0.863841,0.1008957102894783,0.9800000190734863,0.8733000159263611
YMR300C,YML007W,0,0.86355084,0.1008853167295456,0.9800000190734863,0.8733999729156494
YCR027C,YFL045C,0,0.8631544,0.10087493807077408,0.9800000190734863,0.8734999895095825
YDR372C,YAR031W,0,0.86257523,0.10086455196142197,0.9800000190734863,0.8736000061035156
YPR113W,YKR060W,0,0.86251146,0.10085417330265045,0.9800000190734863,0.8737000226974487
YER074W,YGR227W,0,0.8624795,0.10084379464387894,0.9800000190734863,0.8737999796867371
YPR035W,YMR278W,0,0.8620707,0.10083341598510742,0.9800000190734863,0.8738999962806702
YNL252C,YGL238W,0,0.8603384,0.1008230447769165,0.9800000190734863,0.8740000128746033
YPR182W,YHR187W,0,0.86019355,0.10081267356872559,0.9800000190734863,0.8741000294685364
YFR055W,YPR035W,0,0.86003083,0.10080230236053467,0.9800000190734863,0.8741999864578247
YOL027C,YGL014W,0,0.85948914,0.10079193860292435,0.9800000190734863,0.8743000030517578
YKR010C,YBR034C,0,0.859111,0.10078157484531403,0.9800000190734863,0.8744000196456909
YOL001W,YJL012C,0,0.85908365,0.1007712110877037,0.9800000190734863,0.8744999766349792
YOR026W,YOR243C,0,0.8577333,0.10076084733009338,0.9800000190734863,0.8745999932289124
YKL080W,YDL134C,0,0.85684925,0.10075049102306366,0.9800000190734863,0.8747000098228455
YBL099W,YKL205W,0,0.85669094,0.10074013471603394,0.9800000190734863,0.8748000264167786
YBR145W,YOR339C,0,0.8566508,0.10072977840900421,0.9800000190734863,0.8748999834060669
YBR215W,YKL160W,0,0.8565371,0.10071942210197449,0.9800000190734863,0.875
YGL225W,YGR183C,0,0.8565197,0.10070907324552536,0.9800000190734863,0.8751000165939331
YPL049C,YKL110C,0,0.85612625,0.10069872438907623,0.9800000190734863,0.8751999735832214
YMR112C,YDR414C,0,0.85599786,0.1006883829832077,0.9800000190734863,0.8752999901771545
YGR090W,YOR084W,0,0.8558775,0.10067803412675858,0.9800000190734863,0.8754000067710876
YOR035C,YLR452C,0,0.8549842,0.10066769272089005,0.9800000190734863,0.8755000233650208
YAL005C,YPR133W-A,0,0.85484475,0.10065735131502151,0.9800000190734863,0.8755999803543091
YHR069C,YGR004W,0,0.8547759,0.10064701735973358,0.9800000190734863,0.8756999969482422
YJL191W,YDR140W,0,0.854567,0.10063668340444565,0.9800000190734863,0.8758000135421753
YDR189W,YLR066W,0,0.85453373,0.10062634944915771,0.9800000190734863,0.8758999705314636
YKL014C,YHR034C,0,0.85424924,0.10061601549386978,0.9800000190734863,0.8759999871253967
YMR039C,YIL075C,0,0.85412973,0.10060568898916245,0.9800000190734863,0.8761000037193298
YBR229C,YPL086C,0,0.8534323,0.10059536248445511,0.9800000190734863,0.8762000203132629
YFR055W,YLR321C,0,0.8534296,0.10058503597974777,0.9800000190734863,0.8762999773025513
YOR222W,YJL081C,0,0.8528977,0.10057470947504044,0.9800000190734863,0.8763999938964844
YGL169W,YGL086W,0,0.8528945,0.1005643904209137,0.9800000190734863,0.8765000104904175
YER172C,YIL035C,0,0.8524987,0.10055407136678696,0.9800000190734863,0.8766000270843506
YNR023W,YIL128W,0,0.8523613,0.10054375976324081,0.9800000190734863,0.8766999840736389
YNL220W,YMR093W,0,0.8512304,0.10053344070911407,0.9800000190734863,0.876800000667572
YMR039C,YLR151C,0,0.8511019,0.10052312910556793,0.9800000190734863,0.8769000172615051
YGL203C,YER122C,0,0.85086244,0.10051281750202179,0.9800000190734863,0.8769999742507935
YAL005C,YOL052C,0,0.8508255,0.10050251334905624,0.9800000190734863,0.8770999908447266
YDR324C,YBL063W,0,0.8498678,0.1004922091960907,0.9800000190734863,0.8772000074386597
YGR215W,YKL099C,0,0.8496435,0.10048190504312515,0.9800000190734863,0.8773000240325928
YDR454C,YKL074C,0,0.8489507,0.1004716008901596,0.9800000190734863,0.8773999810218811
YDR497C,YGR227W,0,0.84889024,0.10046130418777466,0.9800000190734863,0.8774999976158142
YDR182W,YKL209C,0,0.8484791,0.10045100748538971,0.9800000190734863,0.8776000142097473
YCL067C,YGR163W,0,0.84829104,0.10044071078300476,0.9800000190734863,0.8776999711990356
YGL226W,YDR460W,0,0.84801227,0.10043041408061981,0.9800000190734863,0.8777999877929688
YLR380W,YNL085W,0,0.8479822,0.10042012482881546,0.9800000190734863,0.8779000043869019
YLR116W,YOR323C,0,0.8478101,0.10040983557701111,0.9800000190734863,0.878000020980835
YPL221W,YJL111W,0,0.8475551,0.10039954632520676,0.9800000190734863,0.8780999779701233
YNL263C,YJL050W,0,0.84739435,0.100389264523983,0.9800000190734863,0.8781999945640564
YIL106W,YDL212W,0,0.8471242,0.10037898272275925,0.9800000190734863,0.8783000111579895
YBR010W,YNL124W,0,0.84663355,0.10036870092153549,0.9800000190734863,0.8784000277519226
YPL098C,YAR008W,0,0.8463126,0.10035842657089233,0.9800000190734863,0.8784999847412109
YFR044C,YHR209W,0,0.8458766,0.10034814476966858,0.9800000190734863,0.878600001335144
YMR048W,YBR088C,1,0.8446369,0.10044025629758835,0.9810000061988831,0.878600001335144
YPL002C,YFR025C,0,0.8445566,0.1004299744963646,0.9810000061988831,0.8787000179290771
YBL051C,YPL005W,0,0.84447426,0.10041969269514084,0.9810000061988831,0.8787999749183655
YCR046C,YDR324C,0,0.8444578,0.10040941834449768,0.9810000061988831,0.8788999915122986
YER056C,YLR367W,0,0.8443652,0.10039914399385452,0.9810000061988831,0.8790000081062317
YJL180C,YOR125C,0,0.84364283,0.10038886964321136,0.9810000061988831,0.8791000247001648
YNL261W,YDL153C,0,0.8427879,0.1003785952925682,0.9810000061988831,0.8791999816894531
YPR183W,YKL049C,0,0.84235895,0.10036832094192505,0.9810000061988831,0.8792999982833862
YEL009C,YER017C,0,0.8423472,0.10035805404186249,0.9810000061988831,0.8794000148773193
YKL054C,YOL121C,0,0.8417015,0.10034778714179993,0.9810000061988831,0.8794999718666077
YNL282W,YGL167C,0,0.8414547,0.10033752769231796,0.9810000061988831,0.8795999884605408
YDR264C,YOR323C,0,0.84124535,0.100327268242836,0.9810000061988831,0.8797000050544739
YER072W,YGR195W,0,0.8401889,0.10031700879335403,0.9810000061988831,0.879800021648407
YBL076C,YML075C,0,0.83999497,0.10030674934387207,0.9810000061988831,0.8798999786376953
YLR182W,YPL242C,0,0.8395957,0.1002964898943901,0.9810000061988831,0.8799999952316284
YMR072W,YNL032W,0,0.8394725,0.10028623789548874,0.9810000061988831,0.8801000118255615
YDR489W,YOL137W,0,0.8388513,0.10027598589658737,0.9810000061988831,0.8802000284194946
YLR209C,YHL021C,0,0.83848494,0.1002657413482666,0.9810000061988831,0.880299985408783
YOR216C,YIL020C,0,0.8382033,0.10025549679994583,0.9810000061988831,0.8804000020027161
YGL207W,YHR118C,0,0.8380572,0.10024524480104446,0.9810000061988831,0.8805000185966492
YEL031W,YIL110W,0,0.8379564,0.10023500770330429,0.9810000061988831,0.8805999755859375
YOR377W,YER060W-A,0,0.8378428,0.10022476315498352,0.9810000061988831,0.8806999921798706
YOR360C,YDR190C,0,0.8374613,0.10021452605724335,0.9810000061988831,0.8808000087738037
YIL094C,YKR010C,0,0.8373344,0.10020428895950317,0.9810000061988831,0.8809000253677368
YMR119W,YLR034C,0,0.83657646,0.1001940593123436,0.9810000061988831,0.8809999823570251
YDR194C,YMR054W,0,0.8363448,0.10018382221460342,0.9810000061988831,0.8810999989509583
YCL067C,YDL004W,0,0.83630973,0.10017359256744385,0.9810000061988831,0.8812000155448914
YLR344W,YJR113C,0,0.8362951,0.10016336292028427,0.9810000061988831,0.8812999725341797
YBR281C,YPR135W,0,0.8341549,0.10015314072370529,0.9810000061988831,0.8813999891281128
YBR107C,YFL005W,1,0.8340069,0.10024499893188477,0.9819999933242798,0.8813999891281128
YMR168C,YJL006C,0,0.832891,0.10023476928472519,0.9819999933242798,0.8815000057220459
YJR118C,YMR033W,0,0.8317328,0.10022453218698502,0.9819999933242798,0.881600022315979
YLR398C,YBL071W-A,0,0.8308197,0.10021430999040604,0.9819999933242798,0.8816999793052673
YGR105W,YKL046C,0,0.8296702,0.10020408034324646,0.9819999933242798,0.8817999958992004
YOR388C,YLR110C,0,0.8296481,0.10019385814666748,0.9819999933242798,0.8819000124931335
YPL146C,YBR193C,0,0.82963437,0.1001836359500885,0.9819999933242798,0.8820000290870667
YGR105W,YCR008W,0,0.82947016,0.10017341375350952,0.9819999933242798,0.882099986076355
YNL209W,YDR438W,0,0.82911927,0.10016319900751114,0.9819999933242798,0.8822000026702881
YDR403W,YOR230W,1,0.8288332,0.10025497525930405,0.9829999804496765,0.8822000026702881
YER178W,YLR312W-A,0,0.8283598,0.10024474561214447,0.9829999804496765,0.8823000192642212
YBL041W,YNL145W,0,0.8278414,0.10023452341556549,0.9829999804496765,0.8823999762535095
YBL007C,YOR212W,0,0.8276226,0.10022430866956711,0.9829999804496765,0.8824999928474426
YCL025C,YDR385W,0,0.8273495,0.10021408647298813,0.9829999804496765,0.8826000094413757
YDR098C,YNR032C-A,0,0.8272814,0.10020387172698975,0.9829999804496765,0.8827000260353088
YML133C,YLL051C,0,0.8256592,0.10019365698099136,0.9829999804496765,0.8827999830245972
YJL176C,YGR264C,0,0.82510203,0.10018344968557358,0.9829999804496765,0.8828999996185303
YHR132C,YGL018C,0,0.8250957,0.10017324239015579,0.9829999804496765,0.8830000162124634
YER072W,YLR069C,0,0.82502586,0.100163035094738,0.9829999804496765,0.8830999732017517
YDL084W,YLR071C,0,0.82473606,0.10015282779932022,0.9829999804496765,0.8831999897956848
YGR208W,YIL085C,0,0.8243947,0.10014262795448303,0.9829999804496765,0.8833000063896179
YFR021W,YML101C,0,0.82393867,0.10013242065906525,0.9829999804496765,0.883400022983551
YLR055C,YDL083C,0,0.8238346,0.10012222081422806,0.9829999804496765,0.8834999799728394
YER074W-A,YDR519W,0,0.82381064,0.10011202841997147,0.9829999804496765,0.8835999965667725
YBR039W,YGL125W,0,0.8233573,0.10010183602571487,0.9829999804496765,0.8837000131607056
YOR241W,YOR001W,0,0.8228311,0.10009164363145828,0.9829999804496765,0.8838000297546387
YDR073W,YHR002W,0,0.8227442,0.10008145123720169,0.9829999804496765,0.883899986743927
YDR037W,YOL130W,0,0.82238704,0.1000712588429451,0.9829999804496765,0.8840000033378601
YNL082W,YGL099W,1,0.82159775,0.10016286373138428,0.984000027179718,0.8840000033378601
YBR077C,YOR122C,0,0.82065755,0.10015267133712769,0.984000027179718,0.8841000199317932
YCR012W,YLR360W,0,0.81995815,0.1001424789428711,0.984000027179718,0.8841999769210815
YJL047C,YIL015W,0,0.81913745,0.1001322865486145,0.984000027179718,0.8842999935150146
YPL252C,YDR385W,0,0.81906545,0.10012210160493851,0.984000027179718,0.8844000101089478
YOR298C-A,YCL025C,0,0.81905705,0.10011191666126251,0.984000027179718,0.8845000267028809
YDL092W,YDR375C,0,0.81872606,0.10010173171758652,0.984000027179718,0.8845999836921692
YGL020C,YAL038W,0,0.81868106,0.10009154677391052,0.984000027179718,0.8847000002861023
YLR052W,YMR300C,0,0.81838316,0.10008136928081512,0.984000027179718,0.8848000168800354
YGR175C,YDR127W,0,0.8182137,0.10007119178771973,0.984000027179718,0.8848999738693237
YGR198W,YLR421C,0,0.818111,0.10006101429462433,0.984000027179718,0.8849999904632568
YOR321W,YJR044C,0,0.817564,0.10005083680152893,0.984000027179718,0.8851000070571899
YBL072C,YDR480W,0,0.8172546,0.10004066675901413,0.984000027179718,0.885200023651123
YKL194C,YKR006C,0,0.81651473,0.10003049671649933,0.984000027179718,0.8852999806404114
YMR296C,YJL035C,0,0.81638354,0.10002032667398453,0.984000027179718,0.8853999972343445
YBL084C,YGR183C,0,0.81613505,0.10001016408205032,0.984000027179718,0.8855000138282776
YLR029C,YDR041W,0,0.815275,0.10000000149011612,0.984000027179718,0.8855999708175659
YIL133C,YKL029C,0,0.8150493,0.09998983889818192,0.984000027179718,0.885699987411499
YMR182C,YKR056W,0,0.8149959,0.09997967630624771,0.984000027179718,0.8858000040054321
YLR390W,YDR449C,0,0.8147459,0.0999695211648941,0.984000027179718,0.8859000205993652
YBR192W,YGR192C,0,0.81458807,0.0999593660235405,0.984000027179718,0.8859999775886536
YHR019C,YDR051C,0,0.81447804,0.09994921088218689,0.984000027179718,0.8860999941825867
YOL146W,YNL145W,0,0.8133708,0.09993906319141388,0.984000027179718,0.8862000107765198
YOL113W,YEL044W,0,0.8132228,0.09992891550064087,0.984000027179718,0.8863000273704529
YKL008C,YGL027C,0,0.81303275,0.09991876780986786,0.984000027179718,0.8863999843597412
YJL123C,YDL083C,0,0.81293464,0.09990862011909485,0.984000027179718,0.8865000009536743
YGR013W,YGL026C,0,0.8114576,0.09989847987890244,0.984000027179718,0.8866000175476074
YAL047C,YKL216W,0,0.81100273,0.09988833963871002,0.984000027179718,0.8866999745368958
YGR180C,YKL009W,0,0.810489,0.09987819939851761,0.984000027179718,0.8867999911308289
YNL321W,YJR044C,0,0.8102854,0.0998680591583252,0.984000027179718,0.886900007724762
YGL225W,YNL029C,0,0.8098751,0.09985792636871338,0.984000027179718,0.8870000243186951
YNL118C,YER146W,0,0.80980986,0.09984779357910156,0.984000027179718,0.8870999813079834
YLR181C,YML078W,0,0.8097952,0.09983766078948975,0.984000027179718,0.8871999979019165
YJL012C,YPL212C,0,0.8094033,0.09982753545045853,0.984000027179718,0.8873000144958496
YBR202W,YIL130W,0,0.80919087,0.09981741011142731,0.984000027179718,0.8873999714851379
YDR457W,YLR089C,0,0.8088544,0.09980728477239609,0.984000027179718,0.887499988079071
YLL048C,YER166W,0,0.8079349,0.09979715943336487,0.984000027179718,0.8876000046730042
YER090W,YKL117W,0,0.8069405,0.09978704154491425,0.984000027179718,0.8877000212669373
YLL021W,YNR032C-A,0,0.80518824,0.09977692365646362,0.984000027179718,0.8877999782562256
YBR202W,YJR105W,0,0.8051733,0.099766805768013,0.984000027179718,0.8878999948501587
YBR196C,YOR125C,0,0.80514455,0.09975668787956238,0.984000027179718,0.8880000114440918
YHR057C,YJR063W,0,0.80489707,0.09974657744169235,0.984000027179718,0.8881000280380249
YPL058C,YLR115W,0,0.8045514,0.09973646700382233,0.984000027179718,0.8881999850273132
YOL008W,YML056C,0,0.80421245,0.0997263640165329,0.984000027179718,0.8883000016212463
YDR155C,YMR190C,1,0.80407906,0.09981758892536163,0.9850000143051147,0.8883000016212463
YEL034W,YMR146C,0,0.8040687,0.09980747848749161,0.9850000143051147,0.8884000182151794
YNL231C,YNL090W,0,0.80387825,0.09979736804962158,0.9850000143051147,0.8884999752044678
YDL197C,YLL024C,0,0.80369353,0.09978725761175156,0.9850000143051147,0.8885999917984009
YMR205C,YCR068W,0,0.803322,0.09977714717388153,0.9850000143051147,0.888700008392334
YDR155C,YDR260C,1,0.8031431,0.09986832737922668,0.9860000014305115,0.888700008392334
YPR161C,YLL021W,0,0.8028409,0.09985821694135666,0.9860000014305115,0.8888000249862671
YDR422C,YJR117W,0,0.8021082,0.09984809905290604,0.9860000014305115,0.8888999819755554
YLR175W,YGL064C,0,0.80209696,0.09983798861503601,0.9860000014305115,0.8889999985694885
YPL249C-A,YNR048W,0,0.8016142,0.09982788562774658,0.9860000014305115,0.8891000151634216
YLR300W,YPL086C,0,0.80049485,0.09981777518987656,0.9860000014305115,0.88919997215271
YFL009W,YML023C,0,0.8004089,0.09980767220258713,0.9860000014305115,0.8892999887466431
YNL264C,YPR086W,0,0.8003634,0.0997975692152977,0.9860000014305115,0.8894000053405762
YMR251W-A,YGL189C,0,0.8002741,0.09978747367858887,0.9860000014305115,0.8895000219345093
YPR043W,YJL162C,0,0.79890126,0.09977737069129944,0.9860000014305115,0.8895999789237976
YHR106W,YNL239W,0,0.79836553,0.0997672751545906,0.9860000014305115,0.8896999955177307
YIL094C,YPR113W,0,0.7982164,0.09975717961788177,0.9860000014305115,0.8898000121116638
YBR230C,YDR028C,0,0.7980778,0.09974709153175354,0.9860000014305115,0.8899000287055969
YDR155C,YNL294C,1,0.7979077,0.09983815252780914,0.9869999885559082,0.8899000287055969
YOR253W,YLR138W,0,0.79724604,0.09982805699110031,0.9869999885559082,0.8899999856948853
YEL009C,YKL134C,0,0.7966605,0.09981796145439148,0.9869999885559082,0.8901000022888184
YDL150W,YER151C,0,0.7964601,0.09980786591768265,0.9869999885559082,0.8902000188827515
YJL123C,YLR275W,0,0.7958935,0.09979777783155441,0.9869999885559082,0.8902999758720398
YER167W,YPR060C,0,0.7958878,0.09978768229484558,0.9869999885559082,0.8903999924659729
YOR377W,YJL141C,0,0.7955432,0.09977760165929794,0.9869999885559082,0.890500009059906
YMR238W,YML010W,0,0.79472303,0.09976751357316971,0.9869999885559082,0.8906000256538391
YGR217W,YHL011C,0,0.7945052,0.09975742548704147,0.9869999885559082,0.8906999826431274
YLR191W,YHR121W,0,0.7941296,0.09974734485149384,0.9869999885559082,0.8907999992370605
YMR083W,YIL031W,0,0.79398024,0.0997372642159462,0.9869999885559082,0.8909000158309937
YPR173C,YLR405W,0,0.7936665,0.09972719103097916,0.9869999885559082,0.890999972820282
YOR140W,YLR388W,0,0.7929372,0.09971711784601212,0.9869999885559082,0.8910999894142151
YKL029C,YBL091C-A,0,0.79263556,0.09970704466104507,0.9869999885559082,0.8912000060081482
YHL028W,YGL113W,0,0.7920791,0.09969697147607803,0.9869999885559082,0.8913000226020813
YDR156W,YMR228W,0,0.7917425,0.09968689829111099,0.9869999885559082,0.8913999795913696
YMR193W,YDL015C,0,0.79122186,0.09967683255672455,0.9869999885559082,0.8914999961853027
YNL240C,YCL025C,0,0.79098964,0.0996667668223381,0.9869999885559082,0.8916000127792358
YGL220W,YKL206C,0,0.79045373,0.09965670108795166,0.9869999885559082,0.891700029373169
YMR123W,YNL048W,0,0.7902884,0.09964664280414581,0.9869999885559082,0.8917999863624573
YHR051W,YPL237W,0,0.7895783,0.09963658452033997,0.9869999885559082,0.8919000029563904
YGR118W,YDL105W,0,0.78931683,0.09962652623653412,0.9869999885559082,0.8920000195503235
YGR180C,YOL041C,0,0.78928643,0.09961646795272827,0.9869999885559082,0.8920999765396118
YDR257C,YOR316C,0,0.7888722,0.09960641711950302,0.9869999885559082,0.8921999931335449
YOR123C,YOR341W,0,0.78852856,0.09959636628627777,0.9869999885559082,0.892300009727478
YGL076C,YGR132C,0,0.78791237,0.09958631545305252,0.9869999885559082,0.8924000263214111
YPR161C,YNL161W,0,0.78745365,0.09957627207040787,0.9869999885559082,0.8924999833106995
YDL165W,YNR055C,0,0.78714854,0.09956622868776321,0.9869999885559082,0.8925999999046326
YGR083C,YBR129C,0,0.786463,0.09955618530511856,0.9869999885559082,0.8927000164985657
YML001W,YBL091C-A,0,0.78631,0.09954614192247391,0.9869999885559082,0.892799973487854
YGL023C,YJL012C,0,0.7857444,0.09953610599040985,0.9869999885559082,0.8928999900817871
YFL026W,YLR069C,0,0.7854922,0.0995260700583458,0.9869999885559082,0.8930000066757202
YDR180W,YKL082C,0,0.78531116,0.09951603412628174,0.9869999885559082,0.8931000232696533
YMR112C,YKL205W,0,0.7848941,0.09950599819421768,0.9869999885559082,0.8931999802589417
YPR035W,YNL097C,0,0.784628,0.09949596971273422,0.9869999885559082,0.8932999968528748
YAL007C,YER018C,0,0.78405356,0.09948594123125076,0.9869999885559082,0.8934000134468079
YLR029C,YML059C,0,0.7838893,0.0994759127497673,0.9869999885559082,0.8934999704360962
YHR088W,YKL139W,0,0.78385156,0.09946588426828384,0.9869999885559082,0.8935999870300293
YOR129C,YKL009W,0,0.7827107,0.09945586323738098,0.9869999885559082,0.8937000036239624
YBR061C,YMR033W,0,0.7826445,0.09944584220647812,0.9869999885559082,0.8938000202178955
YNL263C,YNL288W,0,0.7821844,0.09943582862615585,0.9869999885559082,0.8938999772071838
YPL235W,YHR050W,0,0.7811291,0.09942580759525299,0.9869999885559082,0.8939999938011169
YGL083W,YLR061W,0,0.78064024,0.09941579401493073,0.9869999885559082,0.89410001039505
YEL020W-A,YCR044C,0,0.78063774,0.09940578043460846,0.9869999885559082,0.8942000269889832
YBR199W,YOR035C,0,0.7802572,0.0993957668542862,0.9869999885559082,0.8942999839782715
YCL054W,YOL076W,0,0.7802507,0.09938576072454453,0.9869999885559082,0.8944000005722046
YPR137W,YMR121C,0,0.7798201,0.09937575459480286,0.9869999885559082,0.8945000171661377
YLR328W,YOR089C,0,0.7795403,0.09936574846506119,0.9869999885559082,0.894599974155426
YER050C,YGR195W,0,0.7794801,0.09935574978590012,0.9869999885559082,0.8946999907493591
YNL288W,YKL099C,0,0.7791091,0.09934574365615845,0.9869999885559082,0.8948000073432922
YML026C,YAL011W,0,0.77709705,0.09933575242757797,0.9869999885559082,0.8949000239372253
YIL094C,YHR196W,0,0.77659607,0.0993257537484169,0.9869999885559082,0.8949999809265137
YGR245C,YKL069W,0,0.77616465,0.09931575506925583,0.9869999885559082,0.8950999975204468
YDL055C,YJR102C,0,0.7751435,0.09930576384067535,0.9869999885559082,0.8952000141143799
YNL075W,YFL038C,0,0.7749026,0.09929577261209488,0.9869999885559082,0.8952999711036682
YER001W,YPR190C,0,0.7748283,0.099285788834095,0.9869999885559082,0.8953999876976013
YOR319W,YBR265W,0,0.77464783,0.09927579760551453,0.9869999885559082,0.8955000042915344
YOR103C,YOR149C,0,0.77456295,0.09926581382751465,0.9869999885559082,0.8956000208854675
YPL235W,YDL100C,0,0.7743184,0.09925583004951477,0.9869999885559082,0.8956999778747559
YHR083W,YFR047C,0,0.7743063,0.09924585372209549,0.9869999885559082,0.895799994468689
YBR044C,YLR342W,0,0.7737408,0.09923587739467621,0.9869999885559082,0.8959000110626221
YOR099W,YNL130C,0,0.7733586,0.09922589361667633,0.9869999885559082,0.8960000276565552
YOL054W,YDR034C,0,0.773262,0.09921592473983765,0.9869999885559082,0.8960999846458435
YPL213W,YGR091W,0,0.77201235,0.09920594841241837,0.9869999885559082,0.8962000012397766
YKL016C,YDR233C,0,0.77156895,0.09919597953557968,0.9869999885559082,0.8963000178337097
YDR257C,YDR164C,0,0.7705765,0.099186010658741,0.9869999885559082,0.896399974822998
YBR229C,YAL002W,0,0.7699998,0.09917604178190231,0.9869999885559082,0.8964999914169312
YMR267W,YHL003C,0,0.76807106,0.09916608035564423,0.9869999885559082,0.8966000080108643
YNL264C,YGR193C,0,0.7679314,0.09915611892938614,0.9869999885559082,0.8967000246047974
YKL015W,YJL050W,0,0.7669285,0.09914615750312805,0.9869999885559082,0.8967999815940857
YBR112C,YNL087W,0,0.76641536,0.09913619607686996,0.9869999885559082,0.8968999981880188
YBR218C,YEL047C,0,0.76590925,0.09912624210119247,0.9869999885559082,0.8970000147819519
YPR080W,YNL087W,0,0.7645266,0.09911628812551498,0.9869999885559082,0.8970999717712402
YOR147W,YGR244C,0,0.7637151,0.0991063341498375,0.9869999885559082,0.8971999883651733
YER157W,YIL016W,0,0.76368356,0.0990963876247406,0.9869999885559082,0.8973000049591064
YNL065W,YER149C,0,0.7630289,0.09908643364906311,0.9869999885559082,0.8974000215530396
YJL054W,YNL265C,0,0.76234436,0.09907648712396622,0.9869999885559082,0.8974999785423279
YPL270W,YHR018C,0,0.76230866,0.09906654804944992,0.9869999885559082,0.897599995136261
YER073W,YOR303W,0,0.7622341,0.09905660152435303,0.9869999885559082,0.8977000117301941
YNL051W,YNL099C,0,0.7622255,0.09904666244983673,0.9869999885559082,0.8978000283241272
YDR410C,YGL189C,0,0.76190037,0.09903672337532043,0.9869999885559082,0.8978999853134155
YCR060W,YDR308C,0,0.76169395,0.09902679175138474,0.9869999885559082,0.8980000019073486
YDL207W,YNL031C,0,0.761542,0.09901685267686844,0.9869999885559082,0.8981000185012817
YKL041W,YOR065W,0,0.7611021,0.09900692105293274,0.9869999885559082,0.8981999754905701
YAL059W,YDR081C,0,0.76103157,0.09899698942899704,0.9869999885559082,0.8982999920845032
YKR081C,YBL002W,0,0.7602328,0.09898706525564194,0.9869999885559082,0.8984000086784363
YDR174W,YPL213W,0,0.7592189,0.09897713363170624,0.9869999885559082,0.8985000252723694
YHL006C,YDL171C,0,0.7591605,0.09896720945835114,0.9869999885559082,0.8985999822616577
YLR022C,YHR042W,0,0.7581396,0.09895728528499603,0.9869999885559082,0.8986999988555908
YER003C,YMR024W,0,0.7577134,0.09894736856222153,0.9869999885559082,0.8988000154495239
YBR039W,YOL020W,0,0.75741714,0.09893745183944702,0.9869999885559082,0.8988999724388123
YHR154W,YMR202W,0,0.7562551,0.09892753511667252,0.9869999885559082,0.8989999890327454
YJR078W,YER004W,0,0.75462806,0.09891761839389801,0.9869999885559082,0.8991000056266785
YPL087W,YKR067W,0,0.7537542,0.0989077091217041,0.9869999885559082,0.8992000222206116
YHL020C,YMR061W,0,0.75375086,0.0988977923989296,0.9869999885559082,0.8992999792098999
YGR280C,YPL132W,0,0.7531849,0.09888789057731628,0.9869999885559082,0.899399995803833
YDR353W,YHR084W,0,0.7531394,0.09887798130512238,0.9869999885559082,0.8995000123977661
YGL054C,YPL232W,1,0.7530983,0.09896824508905411,0.9879999756813049,0.8995000123977661
YHR174W,YMR146C,0,0.7530278,0.0989583358168602,0.9879999756813049,0.8996000289916992
YLR196W,YPL254W,0,0.7518873,0.0989484190940857,0.9879999756813049,0.8996999859809875
YDR135C,YDR062W,0,0.75117624,0.09893851727247238,0.9879999756813049,0.8998000025749207
YLR398C,YBR104W,0,0.7510638,0.09892860800027847,0.9879999756813049,0.8999000191688538
YFR031C-A,YDR405W,0,0.7505832,0.09891869872808456,0.9879999756813049,0.8999999761581421
YOR222W,YCR042C,0,0.7505175,0.09890879690647125,0.9879999756813049,0.9000999927520752
YMR216C,YLR068W,0,0.7495179,0.09889890253543854,0.9879999756813049,0.9002000093460083
YDL055C,YNL027W,0,0.7492122,0.09888900071382523,0.9879999756813049,0.9003000259399414
YDR287W,YIL167W,0,0.7488768,0.09887910634279251,0.9879999756813049,0.9003999829292297
YOL040C,YCR044C,0,0.74861866,0.0988692119717598,0.9879999756813049,0.9004999995231628
YLR020C,YPR018W,0,0.748581,0.09885931760072708,0.9879999756813049,0.900600016117096
YIL069C,YDL133C-A,0,0.74824905,0.09884942322969437,0.9879999756813049,0.9006999731063843
YDL133C-A,YKR035W-A,0,0.7463376,0.09883953630924225,0.9879999756813049,0.9007999897003174
YMR083W,YPL043W,0,0.74594635,0.09882964938879013,0.9879999756813049,0.9009000062942505
YHR193C,YCR067C,0,0.74429846,0.09881976246833801,0.9879999756813049,0.9010000228881836
YDR005C,YCR012W,0,0.7442502,0.09880988299846649,0.9879999756813049,0.9010999798774719
YKR083C,YGR105W,0,0.7441692,0.09880000352859497,0.9879999756813049,0.901199996471405
YGR175C,YDR284C,0,0.7438637,0.09879012405872345,0.9879999756813049,0.9013000130653381
YOR083W,YNL209W,0,0.7432216,0.09878024458885193,0.9879999756813049,0.9014000296592712
YER123W,YFL017W-A,0,0.74303937,0.098770372569561,0.9879999756813049,0.9014999866485596
YML078W,YBR278W,0,0.7428048,0.09876049309968948,0.9879999756813049,0.9016000032424927
YJL138C,YPR133C,0,0.74276364,0.09875062108039856,0.9879999756813049,0.9017000198364258
YER178W,YKL087C,0,0.74261147,0.09874075651168823,0.9879999756813049,0.9017999768257141
YGL190C,YML056C,0,0.7423812,0.0987308919429779,0.9879999756813049,0.9018999934196472
YMR002W,YHR175W,0,0.7423483,0.09872101992368698,0.9879999756813049,0.9020000100135803
YOR344C,YLR006C,0,0.74190164,0.09871116280555725,0.9879999756813049,0.9021000266075134
YDL052C,YGR140W,0,0.74162567,0.09870129823684692,0.9879999756813049,0.9021999835968018
YLR043C,YLR067C,0,0.7412829,0.0986914411187172,0.9879999756813049,0.9023000001907349
YOL136C,YML086C,0,0.7412059,0.09868158400058746,0.9879999756813049,0.902400016784668
YEL040W,YOL039W,0,0.7407626,0.09867172688245773,0.9879999756813049,0.9024999737739563
YNL220W,YGL002W,0,0.7404825,0.098661869764328,0.9879999756813049,0.9025999903678894
YIL148W,YDL100C,0,0.74043727,0.09865202009677887,0.9879999756813049,0.9027000069618225
YMR149W,YDR429C,0,0.73899347,0.09864217042922974,0.9879999756813049,0.9028000235557556
YDR040C,YIL122W,0,0.7389575,0.0986323282122612,0.9879999756813049,0.902899980545044
YKL060C,YLL041C,0,0.73872817,0.09862247854471207,0.9879999756813049,0.902999997138977
YNL044W,YLR372W,0,0.7376714,0.09861263632774353,0.9879999756813049,0.9031000137329102
YMR215W,YNL219C,0,0.7376212,0.098602794110775,0.9879999756813049,0.9031999707221985
YER058W,YOL115W,0,0.737342,0.09859295189380646,0.9879999756813049,0.9032999873161316
YKL175W,YGR264C,0,0.7363086,0.09858311712741852,0.9879999756813049,0.9034000039100647
YDL122W,YGL097W,0,0.7356772,0.09857328236103058,0.9879999756813049,0.9035000205039978
YJL045W,YHR026W,0,0.7353056,0.09856344759464264,0.9879999756813049,0.9035999774932861
YMR251W-A,YDR322C-A,0,0.7353019,0.0985536128282547,0.9879999756813049,0.9036999940872192
YGL002W,YOR243C,0,0.7350995,0.09854378551244736,0.9879999756813049,0.9038000106811523
YHR120W,YDR023W,0,0.7343195,0.09853395819664001,0.9879999756813049,0.9039000272750854
YDR037W,YLR183C,0,0.7342346,0.09852413088083267,0.9879999756813049,0.9039999842643738
YLR274W,YOL010W,0,0.7335468,0.09851431101560593,0.9879999756813049,0.9041000008583069
YEL053C,YHR073W,0,0.73353326,0.09850448369979858,0.9879999756813049,0.90420001745224
YPR124W,YMR146C,0,0.733484,0.09849466383457184,0.9879999756813049,0.9042999744415283
YML008C,YOL142W,0,0.73342955,0.09848485141992569,0.9879999756813049,0.9043999910354614
YCR060W,YNL154C,0,0.733175,0.09847503155469894,0.9879999756813049,0.9045000076293945
YBR046C,YDL020C,0,0.7330231,0.0984652191400528,0.9879999756813049,0.9046000242233276
YOL112W,YMR251W-A,0,0.7327356,0.09845540672540665,0.9879999756813049,0.904699981212616
YAL022C,YER006W,0,0.7325638,0.0984455943107605,0.9879999756813049,0.9047999978065491
YOR086C,YOR125C,0,0.7323288,0.09843578934669495,0.9879999756813049,0.9049000144004822
YGR040W,YNR053C,0,0.7314744,0.0984259843826294,0.9879999756813049,0.9049999713897705
YDL212W,YER073W,0,0.7313396,0.09841617941856384,0.9879999756813049,0.9050999879837036
YOR079C,YPR135W,0,0.7313159,0.09840637445449829,0.9879999756813049,0.9052000045776367
YHR029C,YGL048C,0,0.73126805,0.09839657694101334,0.9879999756813049,0.9053000211715698
YPR144C,YML127W,0,0.7309899,0.09838677197694778,0.9879999756813049,0.9053999781608582
YBR131W,YFR046C,0,0.73047656,0.09837698191404343,0.9879999756813049,0.9054999947547913
YLR228C,YFL062W,0,0.73012626,0.09836718440055847,0.9879999756813049,0.9056000113487244
YHR007C,YNR032C-A,0,0.73004276,0.09835739433765411,0.9879999756813049,0.9057000279426575
YOR264W,YMR061W,0,0.7294976,0.09834760427474976,0.9879999756813049,0.9057999849319458
YKL175W,YEL071W,0,0.72941315,0.0983378142118454,0.9879999756813049,0.9059000015258789
YPL176C,YDL226C,0,0.7292247,0.09832802414894104,0.9879999756813049,0.906000018119812
YER048C,YCL011C,0,0.72905385,0.09831824153661728,0.9879999756813049,0.9060999751091003
YGL063W,YIL069C,0,0.72868997,0.09830845892429352,0.9879999756813049,0.9061999917030334
YDL135C,YMR277W,0,0.7276376,0.09829867631196976,0.9879999756813049,0.9063000082969666
YKL141W,YDR190C,0,0.7264539,0.09828890115022659,0.9879999756813049,0.9064000248908997
YGL068W,YKR028W,0,0.7262869,0.09827911853790283,0.9879999756813049,0.906499981880188
YPL217C,YDL225W,0,0.7260301,0.09826934337615967,0.9879999756813049,0.9065999984741211
YLR060W,YDL128W,0,0.7253602,0.0982595756649971,0.9879999756813049,0.9067000150680542
YNL220W,YPL198W,0,0.7250726,0.09824980050325394,0.9879999756813049,0.9067999720573425
YLR060W,YJR093C,0,0.7248894,0.09824003279209137,0.9879999756813049,0.9068999886512756
YLR160C,YMR077C,0,0.72449505,0.0982302650809288,0.9879999756813049,0.9070000052452087
YER003C,YOR094W,0,0.72291934,0.09822049736976624,0.9879999756813049,0.9071000218391418
YLR249W,YJL200C,0,0.7228428,0.09821073710918427,0.9879999756813049,0.9071999788284302
YNL023C,YLR185W,0,0.72191674,0.0982009768486023,0.9879999756813049,0.9072999954223633
YPR100W,YHR072W-A,0,0.7216194,0.09819121658802032,0.9879999756813049,0.9074000120162964
YPR037C,YGR095C,0,0.721233,0.09818145632743835,0.9879999756813049,0.9075000286102295
YNL056W,YPL266W,0,0.72102296,0.09817170351743698,0.9879999756813049,0.9075999855995178
YMR193W,YJL066C,0,0.7210021,0.09816195070743561,0.9879999756813049,0.9077000021934509
YER032W,YLR388W,0,0.7198473,0.09815219789743423,0.9879999756813049,0.907800018787384
YPR043W,YLR157C,0,0.71965957,0.09814244508743286,0.9879999756813049,0.9078999757766724
YHL011C,YDL140C,0,0.7190083,0.09813269972801208,0.9879999756813049,0.9079999923706055
YKL209C,YPL001W,0,0.7189442,0.09812295436859131,0.9879999756813049,0.9081000089645386
YHR133C,YLR039C,0,0.71885306,0.09811320900917053,0.9879999756813049,0.9082000255584717
YLR165C,YGR036C,0,0.7186517,0.09810346364974976,0.9879999756813049,0.90829998254776
YDL047W,YBR037C,0,0.71841747,0.09809372574090958,0.9879999756813049,0.9083999991416931
YML016C,YKL087C,0,0.7183025,0.0980839878320694,0.9879999756813049,0.9085000157356262
YJL176C,YGL049C,0,0.7166138,0.09807424992322922,0.9879999756813049,0.9085999727249146
YDL064W,YDR343C,0,0.71658075,0.09806451946496964,0.9879999756813049,0.9086999893188477
YMR058W,YBL080C,0,0.71655107,0.09805478155612946,0.9879999756813049,0.9088000059127808
YMR214W,YIL133C,0,0.7148322,0.09804505109786987,0.9879999756813049,0.9089000225067139
YLR007W,YER055C,0,0.71457136,0.09803532809019089,0.9879999756813049,0.9089999794960022
YJR144W,YPL212C,0,0.7140455,0.0980255976319313,0.9879999756813049,0.9090999960899353
YPR008W,YFR009W,0,0.71333706,0.09801587462425232,0.9879999756813049,0.9092000126838684
YDR025W,YOR157C,0,0.71292037,0.09800615161657333,0.9879999756813049,0.9093000292778015
YBL027W,YKL029C,0,0.7128589,0.09799642860889435,0.9879999756813049,0.9093999862670898
YGR129W,YPR110C,0,0.7115746,0.09798671305179596,0.9879999756813049,0.909500002861023
YHR190W,YDR508C,0,0.7115649,0.09797699004411697,0.9879999756813049,0.909600019454956
YGL225W,YHL007C,0,0.71139336,0.09796727448701859,0.9879999756813049,0.9096999764442444
YNL009W,YJR109C,0,0.71130085,0.0979575663805008,0.9879999756813049,0.9097999930381775
YFL026W,YBL041W,0,0.7111613,0.0979478508234024,0.9879999756813049,0.9099000096321106
YNL264C,YEL040W,0,0.71080565,0.09793814271688461,0.9879999756813049,0.9100000262260437
YDL117W,YML097C,0,0.7106409,0.09792843461036682,0.9879999756813049,0.910099983215332
YOR360C,YOL158C,0,0.7105208,0.09791873395442963,0.9879999756813049,0.9101999998092651
YJL159W,YMR192W,0,0.71035004,0.09790902584791183,0.9879999756813049,0.9103000164031982
YPL188W,YER069W,0,0.710118,0.09789932519197464,0.9879999756813049,0.9103999733924866
YPL234C,YJR117W,0,0.70901,0.09788962453603745,0.9879999756813049,0.9104999899864197
YDR296W,YER023W,0,0.70800686,0.09787993133068085,0.9879999756813049,0.9106000065803528
YGL078C,YGL257C,0,0.7076242,0.09787023067474365,0.9879999756813049,0.9107000231742859
YER146W,YML064C,0,0.707199,0.09786053746938705,0.9879999756813049,0.9107999801635742
YJR047C,YDR405W,0,0.706707,0.09785084426403046,0.9879999756813049,0.9108999967575073
YML038C,YIL094C,0,0.7066098,0.09784115850925446,0.9879999756813049,0.9110000133514404
YMR260C,YPR086W,0,0.706117,0.09783146530389786,0.9879999756813049,0.9110999703407288
YDR211W,YOR279C,0,0.70557106,0.09782177954912186,0.9879999756813049,0.9111999869346619
YHR174W,YBR172C,0,0.7053122,0.09781210124492645,0.9879999756813049,0.911300003528595
YBR192W,YBL040C,0,0.70462084,0.09780241549015045,0.9879999756813049,0.9114000201225281
YLR310C,YOL121C,0,0.7040149,0.09779273718595505,0.9879999756813049,0.9114999771118164
YBL071W-A,YOR002W,0,0.70372367,0.09778305888175964,0.9879999756813049,0.9115999937057495
YKL073W,YCR028C-A,0,0.7033677,0.09777338057756424,0.9879999756813049,0.9117000102996826
YKL002W,YOR245C,0,0.70325214,0.09776370227336884,0.9879999756813049,0.9118000268936157
YGR192C,YMR153W,0,0.7030183,0.09775403141975403,0.9879999756813049,0.911899983882904
YNL259C,YHR203C,0,0.70287246,0.09774436056613922,0.9879999756813049,0.9120000004768372
YDR225W,YHR168W,0,0.70198375,0.09773468971252441,0.9879999756813049,0.9121000170707703
YNL264C,YJL124C,0,0.7019329,0.0977250263094902,0.9879999756813049,0.9121999740600586
YGL200C,YER011W,0,0.7004229,0.097715362906456,0.9879999756813049,0.9122999906539917
YOL097C,YDR284C,0,0.7002789,0.09770569950342178,0.9879999756813049,0.9124000072479248
YFL045C,YKL074C,0,0.700201,0.09769603610038757,0.9879999756813049,0.9125000238418579
YOR095C,YOL070C,0,0.69930714,0.09768637269735336,0.9879999756813049,0.9125999808311462
YPL075W,YPL053C,0,0.6989934,0.09767671674489975,0.9879999756813049,0.9126999974250793
YLR060W,YKL029C,0,0.6972065,0.09766706079244614,0.9879999756813049,0.9128000140190125
YLR325C,YGR199W,0,0.69637537,0.09765740483999252,0.9879999756813049,0.9128999710083008
YGL225W,YJL115W,0,0.69499874,0.0976477563381195,0.9879999756813049,0.9129999876022339
YGR038W,YKL184W,0,0.6948703,0.09763810783624649,0.9879999756813049,0.913100004196167
YLR344W,YBR210W,0,0.69444215,0.09762845933437347,0.9879999756813049,0.9132000207901001
YER056C,YOL148C,0,0.69297326,0.09761881083250046,0.9879999756813049,0.9132999777793884
YFR055W,YLR220W,0,0.69226706,0.09760916978120804,0.9879999756813049,0.9133999943733215
YKL080W,YGR044C,0,0.692116,0.09759952872991562,0.9879999756813049,0.9135000109672546
YOR264W,YDR432W,0,0.69135696,0.0975898876786232,0.9879999756813049,0.9136000275611877
YGR175C,YIL143C,0,0.6903853,0.09758024662733078,0.9879999756813049,0.9136999845504761
YLR200W,YDR410C,0,0.6902033,0.09757061302661896,0.9879999756813049,0.9138000011444092
YDR461W,YLR332W,0,0.68840533,0.09756097197532654,0.9879999756813049,0.9139000177383423
YMR242C,YDL227C,0,0.68836844,0.09755134582519531,0.9879999756813049,0.9139999747276306
YLR292C,YGR192C,0,0.68815446,0.09754171222448349,0.9879999756813049,0.9140999913215637
YMR119W,YMR278W,0,0.6876645,0.09753208607435226,0.9879999756813049,0.9142000079154968
YHR041C,YEL003W,0,0.68728584,0.09752245247364044,0.9879999756813049,0.9143000245094299
YHL028W,YLR395C,0,0.68687034,0.09751283377408981,0.9879999756813049,0.9143999814987183
YOR078W,YML006C,0,0.6867296,0.09750320762395859,0.9879999756813049,0.9144999980926514
YPL081W,YHR091C,0,0.68631244,0.09749358892440796,0.9879999756813049,0.9146000146865845
YMR194W,YIL068C,0,0.6860869,0.09748396277427673,0.9879999756813049,0.9146999716758728
YNL180C,YML016C,0,0.6859103,0.0974743515253067,0.9879999756813049,0.9147999882698059
YIL098C,YIL008W,0,0.6858895,0.09746473282575607,0.9879999756813049,0.914900004863739
YGR215W,YDL240W,0,0.6856465,0.09745512157678604,0.9879999756813049,0.9150000214576721
YIL043C,YFR009W,0,0.6854297,0.09744551032781601,0.9879999756813049,0.9150999784469604
YML024W,YOR196C,0,0.68534815,0.09743589907884598,0.9879999756813049,0.9151999950408936
YIL133C,YIL095W,0,0.6841594,0.09742628782987595,0.9879999756813049,0.9153000116348267
YML078W,YAR008W,0,0.6839785,0.09741668403148651,0.9879999756813049,0.9154000282287598
YPR080W,YPR188C,0,0.6839433,0.09740708023309708,0.9879999756813049,0.9154999852180481
YLR023C,YIL120W,0,0.68365955,0.09739747643470764,0.9879999756813049,0.9156000018119812
YMR015C,YDL028C,0,0.6834526,0.0973878726363182,0.9879999756813049,0.9157000184059143
YGR204W,YDR190C,0,0.6821558,0.09737827628850937,0.9879999756813049,0.9157999753952026
YIL106W,YGL026C,0,0.6820641,0.09736867994070053,0.9879999756813049,0.9158999919891357
YGL226C-A,YHR047C,0,0.6812151,0.0973590835928917,0.9879999756813049,0.9160000085830688
YIL134W,YOR311C,0,0.68088067,0.09734949469566345,0.9879999756813049,0.916100025177002
YMR059W,YMR161W,0,0.6807414,0.09733989834785461,0.9879999756813049,0.9161999821662903
YDR494W,YDR211W,0,0.6802141,0.09733030945062637,0.9879999756813049,0.9162999987602234
YDL226C,YJR112W,0,0.67978877,0.09732072800397873,0.9879999756813049,0.9164000153541565
YGR094W,YGL162W,0,0.6793461,0.09731113910675049,0.9879999756813049,0.9164999723434448
YKL182W,YAL033W,0,0.67860067,0.09730155766010284,0.9879999756813049,0.9165999889373779
YBR288C,YIL148W,0,0.678476,0.0972919762134552,0.9879999756813049,0.916700005531311
YGR206W,YGL032C,0,0.67803824,0.09728239476680756,0.9879999756813049,0.9168000221252441
YOR025W,YFL034C-A,0,0.67787606,0.09727281332015991,0.9879999756813049,0.9168999791145325
YPL126W,YOR158W,0,0.6775538,0.09726323932409286,0.9879999756813049,0.9169999957084656
YDR432W,YNL232W,0,0.6758005,0.09725366532802582,0.9879999756813049,0.9171000123023987
YNL220W,YJL174W,0,0.67575496,0.09724409133195877,0.9879999756813049,0.9172000288963318
YMR168C,YKL180W,0,0.67570376,0.09723452478647232,0.9879999756813049,0.9172999858856201
YMR263W,YCL064C,0,0.6753551,0.09722495824098587,0.9879999756813049,0.9174000024795532
YAL022C,YDL126C,0,0.67534995,0.09721539169549942,0.9879999756813049,0.9175000190734863
YOR087W,YLR293C,0,0.6752111,0.09720582515001297,0.9879999756813049,0.9175999760627747
YMR301C,YHR142W,0,0.67478305,0.09719625860452652,0.9879999756813049,0.9176999926567078
YJL208C,YDR472W,0,0.67429996,0.09718669950962067,0.9879999756813049,0.9178000092506409
YMR305C,YBL068W,0,0.6736001,0.09717714041471481,0.9879999756813049,0.917900025844574
YLR382C,YNL073W,0,0.6724409,0.09716758131980896,0.9879999756813049,0.9179999828338623
YEL056W,YGL257C,0,0.67198014,0.0971580296754837,0.9879999756813049,0.9180999994277954
YOL026C,YEL071W,0,0.67091,0.09714847803115845,0.9879999756813049,0.9182000160217285
YNL294C,YFL005W,1,0.6706616,0.0972372442483902,0.9890000224113464,0.9182000160217285
YKL003C,YOR206W,0,0.6701336,0.09722768515348434,0.9890000224113464,0.9182999730110168
YJL140W,YBL071W-A,0,0.6697656,0.09721812605857849,0.9890000224113464,0.91839998960495
YDR221W,YPL002C,0,0.6695664,0.09720857441425323,0.9890000224113464,0.9185000061988831
YDR257C,YJR041C,0,0.6685897,0.09719901531934738,0.9890000224113464,0.9186000227928162
YOR375C,YDR308C,0,0.66795677,0.09718946367502213,0.9890000224113464,0.9186999797821045
YMR044W,YOL144W,0,0.66740173,0.09717991203069687,0.9890000224113464,0.9187999963760376
YDR097C,YIR026C,1,0.66732454,0.09726861864328384,0.9900000095367432,0.9187999963760376
YPL140C,YKR101W,0,0.6666445,0.09725905954837799,0.9900000095367432,0.9189000129699707
YMR225C,YLR300W,0,0.66615117,0.09724950790405273,0.9900000095367432,0.9190000295639038
YOR026W,YMR146C,0,0.6658664,0.09723995625972748,0.9900000095367432,0.9190999865531921
YJL174W,YKL096W,0,0.66430336,0.09723040461540222,0.9900000095367432,0.9192000031471252
YJL002C,YNR037C,0,0.66403013,0.09722086042165756,0.9900000095367432,0.9193000197410583
YBR282W,YKL149C,0,0.66383284,0.0972113087773323,0.9900000095367432,0.9193999767303467
YPL211W,YOR327C,0,0.66380334,0.09720176458358765,0.9900000095367432,0.9194999933242798
YLR274W,YIR022W,0,0.66323435,0.09719222784042358,0.9900000095367432,0.9196000099182129
YHR088W,YGL112C,0,0.662943,0.09718268364667892,0.9900000095367432,0.919700026512146
YKL184W,YKL175W,0,0.66286886,0.09717314690351486,0.9900000095367432,0.9197999835014343
YGL200C,YNL130C,0,0.66218126,0.0971636101603508,0.9900000095367432,0.9199000000953674
YOR133W,YKR044W,0,0.6611411,0.09715407341718674,0.9900000095367432,0.9200000166893005
YDR303C,YNR055C,0,0.6606919,0.09714453667402267,0.9900000095367432,0.9200999736785889
YDL145C,YJL134W,0,0.6601305,0.09713500738143921,0.9900000095367432,0.920199990272522
YPR101W,YLR293C,0,0.65943617,0.09712547808885574,0.9900000095367432,0.9203000068664551
YGR103W,YGR192C,0,0.6592498,0.09711594879627228,0.9900000095367432,0.9204000234603882
YNL044W,YBL002W,0,0.6588584,0.09710642695426941,0.9900000095367432,0.9204999804496765
YPL198W,YGL032C,0,0.65754765,0.09709689766168594,0.9900000095367432,0.9205999970436096
YMR241W,YNL199C,0,0.6570307,0.09708737581968307,0.9900000095367432,0.9207000136375427
YDR255C,YMR272C,0,0.656711,0.0970778614282608,0.9900000095367432,0.920799970626831
YCL036W,YJL191W,0,0.6563382,0.09706833958625793,0.9900000095367432,0.9208999872207642
YCR046C,YJL191W,0,0.65535355,0.09705882519483566,0.9900000095367432,0.9210000038146973
YCR020W-B,YDR354W,0,0.65475786,0.09704931080341339,0.9900000095367432,0.9211000204086304
YJL066C,YGR080W,0,0.6547309,0.09703979641199112,0.9900000095367432,0.9211999773979187
YJL140W,YDR198C,0,0.6544434,0.09703028202056885,0.9900000095367432,0.9212999939918518
YLR262C,YOR260W,0,0.6537074,0.09702077507972717,0.9900000095367432,0.9214000105857849
YDL074C,YDL083C,0,0.6533383,0.0970112681388855,0.9900000095367432,0.921500027179718
YIL142W,YOR144C,0,0.6529259,0.09700176119804382,0.9900000095367432,0.9215999841690063
YOR335C,YDL103C,0,0.6528913,0.09699226170778275,0.9900000095367432,0.9217000007629395
YLR037C,YIL056W,0,0.65186715,0.09698276221752167,0.9900000095367432,0.9218000173568726
YLR295C,YOR206W,0,0.65163803,0.09697325527667999,0.9900000095367432,0.9218999743461609
YKL129C,YGL125W,0,0.6510751,0.09696376323699951,0.9900000095367432,0.921999990940094
YDR527W,YDR310C,0,0.6507768,0.09695426374673843,0.9900000095367432,0.9221000075340271
YGL043W,YDL036C,0,0.65035564,0.09694477170705795,0.9900000095367432,0.9222000241279602
YKL073W,YGL246C,0,0.64948344,0.09693527966737747,0.9900000095367432,0.9222999811172485
YMR202W,YGR264C,0,0.64746094,0.09692578762769699,0.9900000095367432,0.9223999977111816
YCR044C,YNR055C,0,0.64664674,0.0969163030385971,0.9900000095367432,0.9225000143051147
YBR227C,YBL007C,0,0.6466309,0.09690681099891663,0.9900000095367432,0.9225999712944031
YPR183W,YGR172C,0,0.6461802,0.09689732640981674,0.9900000095367432,0.9226999878883362
YHR103W,YDR002W,0,0.6457555,0.09688784182071686,0.9900000095367432,0.9228000044822693
YDR261C,YOR083W,0,0.6450814,0.09687836468219757,0.9900000095367432,0.9229000210762024
YLR260W,YML121W,0,0.6447102,0.09686888754367828,0.9900000095367432,0.9229999780654907
YOR295W,YHR203C,0,0.64415485,0.096859410405159,0.9900000095367432,0.9230999946594238
YOR129C,YDR212W,0,0.6421943,0.09684993326663971,0.9900000095367432,0.9232000112533569
YMR091C,YOR252W,0,0.64211404,0.09684045612812042,0.9900000095367432,0.92330002784729
YOR222W,YPR017C,0,0.63975346,0.09683098644018173,0.9900000095367432,0.9233999848365784
YGR148C,YML101C,0,0.6396521,0.09682151675224304,0.9900000095367432,0.9235000014305115
YFR024C-A,YDR258C,0,0.639099,0.09681204706430435,0.9900000095367432,0.9236000180244446
YMR116C,YLR210W,0,0.6387843,0.09680258482694626,0.9900000095367432,0.9236999750137329
YPR169W,YDL100C,0,0.63870674,0.09679311513900757,0.9900000095367432,0.923799991607666
YPL217C,YPL061W,0,0.63825953,0.09678365290164948,0.9900000095367432,0.9239000082015991
YPR180W,YDL045W-A,0,0.6381821,0.09677419066429138,0.9900000095367432,0.9240000247955322
YGR092W,YLR093C,0,0.6367948,0.09676473587751389,0.9900000095367432,0.9240999817848206
YJL035C,YBR015C,0,0.6364777,0.09675528109073639,0.9900000095367432,0.9241999983787537
YLR051C,YKL015W,0,0.63638055,0.0967458188533783,0.9900000095367432,0.9243000149726868
YGL171W,YDR349C,0,0.6355204,0.0967363715171814,0.9900000095367432,0.9243999719619751
YGR240C,YJL014W,0,0.6353779,0.0967269167304039,0.9900000095367432,0.9244999885559082
YKL205W,YMR269W,0,0.6343095,0.096717469394207,0.9900000095367432,0.9246000051498413
YPR072W,YLR155C,0,0.6330739,0.0967080220580101,0.9900000095367432,0.9247000217437744
YBR167C,YOR375C,0,0.6329419,0.0966985747218132,0.9900000095367432,0.9247999787330627
YHL011C,YNL261W,0,0.63268113,0.0966891273856163,0.9900000095367432,0.9248999953269958
YPR101W,YPL011C,0,0.6324985,0.0966796875,0.9900000095367432,0.925000011920929
YNL107W,YOR323C,0,0.63241005,0.0966702476143837,0.9900000095367432,0.9251000285148621
YDR234W,YPL117C,0,0.6323229,0.0966608077287674,0.9900000095367432,0.9251999855041504
YBR162W-A,YGL244W,0,0.63158524,0.09665137529373169,0.9900000095367432,0.9253000020980835
YNR012W,YNL124W,0,0.6312002,0.09664193540811539,0.9900000095367432,0.9254000186920166
YGR217W,YDL201W,0,0.6309074,0.09663250297307968,0.9900000095367432,0.9254999756813049
YGR072W,YBR079C,0,0.6301938,0.09662307053804398,0.9900000095367432,0.925599992275238
YKL101W,YGR082W,0,0.6293471,0.09661364555358887,0.9900000095367432,0.9257000088691711
YDL098C,YOR232W,0,0.62892044,0.09660421311855316,0.9900000095367432,0.9258000254631042
YPL145C,YJL115W,0,0.62742245,0.09659478813409805,0.9900000095367432,0.9258999824523926
YBR196C,YOR020C,0,0.6264992,0.09658536314964294,0.9900000095367432,0.9259999990463257
YLR215C,YGR024C,0,0.62532073,0.09657594561576843,0.9900000095367432,0.9261000156402588
YKR085C,YOR334W,0,0.6249379,0.09656652063131332,0.9900000095367432,0.9261999726295471
YPL234C,YOR207C,0,0.6233854,0.09655710309743881,0.9900000095367432,0.9262999892234802
YBR261C,YOR119C,0,0.6225407,0.0965476855635643,0.9900000095367432,0.9264000058174133
YDR127W,YML019W,0,0.6223633,0.09653827548027039,0.9900000095367432,0.9265000224113464
YDL107W,YDL061C,0,0.6220648,0.09652885794639587,0.9900000095367432,0.9265999794006348
YKR072C,YLR002C,0,0.6218906,0.09651944786310196,0.9900000095367432,0.9266999959945679
YOL062C,YJR063W,0,0.62007034,0.09651003777980804,0.9900000095367432,0.926800012588501
YOR307C,YDR226W,0,0.6193534,0.09650063514709473,0.9900000095367432,0.9269000291824341
YDL236W,YMR143W,0,0.6177324,0.09649122506380081,0.9900000095367432,0.9269999861717224
YPL198W,YDR079W,0,0.615789,0.0964818224310875,0.9900000095367432,0.9271000027656555
YNL231C,YPR086W,0,0.61396223,0.09647241979837418,0.9900000095367432,0.9272000193595886
YPL023C,YAL042W,0,0.6129792,0.09646302461624146,0.9900000095367432,0.927299976348877
YOL055C,YFR049W,0,0.61106706,0.09645362198352814,0.9900000095367432,0.9273999929428101
YPR133W-A,YKL087C,0,0.611045,0.09644422680139542,0.9900000095367432,0.9275000095367432
YJL103C,YNL223W,0,0.610793,0.0964348316192627,0.9900000095367432,0.9276000261306763
YNL241C,YOL151W,0,0.6102818,0.09642544388771057,0.9900000095367432,0.9276999831199646
YPR110C,YOR284W,0,0.61025363,0.09641604870557785,0.9900000095367432,0.9277999997138977
YNL220W,YNL287W,0,0.60986894,0.09640666097402573,0.9900000095367432,0.9279000163078308
YBL040C,YFL048C,0,0.6097598,0.0963972732424736,0.9900000095367432,0.9279999732971191
YOR133W,YCR071C,0,0.60946596,0.09638788551092148,0.9900000095367432,0.9280999898910522
YER176W,YFL022C,0,0.6090788,0.09637850522994995,0.9900000095367432,0.9282000064849854
YJR132W,YNL299W,0,0.60875994,0.09636912494897842,0.9900000095367432,0.9283000230789185
YOR344C,YMR195W,0,0.6082379,0.0963597446680069,0.9900000095367432,0.9283999800682068
YEL030W,YOL126C,0,0.60711884,0.09635036438703537,0.9900000095367432,0.9284999966621399
YNL044W,YDR308C,0,0.60606754,0.09634099155664444,0.9900000095367432,0.928600013256073
YLR167W,YIL159W,0,0.60474527,0.09633161127567291,0.9900000095367432,0.9286999702453613
YLL036C,YDR331W,0,0.6044624,0.09632223844528198,0.9900000095367432,0.9287999868392944
YML072C,YLR196W,0,0.6043374,0.09631287306547165,0.9900000095367432,0.9289000034332275
YNL127W,YOR323C,0,0.6029145,0.09630350023508072,0.9900000095367432,0.9290000200271606
YER002W,YHR107C,0,0.6026738,0.09629413485527039,0.9900000095367432,0.929099977016449
YPL112C,YAL033W,0,0.60169005,0.09628476947546005,0.9900000095367432,0.9291999936103821
YER125W,YMR239C,0,0.60166657,0.09627540409564972,0.9900000095367432,0.9293000102043152
YPR175W,YDR190C,0,0.6000435,0.09626604616641998,0.9900000095367432,0.9294000267982483
YDR397C,YNL275W,0,0.5989479,0.09625668078660965,0.9900000095367432,0.9294999837875366
YHR039C-A,YMR225C,0,0.59794146,0.09624732285737991,0.9900000095367432,0.9296000003814697
YCR065W,YMR058W,0,0.597574,0.09623797237873077,0.9900000095367432,0.9297000169754028
YHL033C,YOR279C,0,0.59695286,0.09622861444950104,0.9900000095367432,0.9297999739646912
YGL028C,YOR330C,0,0.5968571,0.0962192639708519,0.9900000095367432,0.9298999905586243
YPR137W,YPL053C,0,0.59644794,0.09620991349220276,0.9900000095367432,0.9300000071525574
YPL098C,YPR010C,0,0.59566265,0.09620056301355362,0.9900000095367432,0.9301000237464905
YPL227C,YJR057W,0,0.59164715,0.09619121998548508,0.9900000095367432,0.9301999807357788
YGR128C,YMR060C,0,0.5908603,0.09618186950683594,0.9900000095367432,0.9302999973297119
YDR472W,YGL011C,0,0.5906141,0.0961725264787674,0.9900000095367432,0.930400013923645
YIL049W,YHR110W,0,0.5885055,0.09616318345069885,0.9900000095367432,0.9304999709129333
YKL167C,YIL134W,0,0.58801275,0.09615384787321091,0.9900000095367432,0.9305999875068665
YDL225W,YJL069C,0,0.5869062,0.09614450484514236,0.9900000095367432,0.9307000041007996
YKR088C,YHR074W,0,0.5861618,0.09613516926765442,0.9900000095367432,0.9308000206947327
YER007C-A,YDR227W,0,0.58593833,0.09612584114074707,0.9900000095367432,0.930899977684021
YGL167C,YNL067W,0,0.58543336,0.09611650556325912,0.9900000095367432,0.9309999942779541
YLR113W,YJL099W,0,0.5851157,0.09610717743635178,0.9900000095367432,0.9311000108718872
YGR271C-A,YLR355C,0,0.5848339,0.09609784185886383,0.9900000095367432,0.9312000274658203
YMR116C,YGL038C,0,0.5847455,0.09608852118253708,0.9900000095367432,0.9312999844551086
YMR079W,YOR230W,1,0.58403546,0.09617624431848526,0.9909999966621399,0.9312999844551086
YIL049W,YLR089C,0,0.58362305,0.09616690874099731,0.9909999966621399,0.9314000010490417
YLR344W,YOR118W,0,0.58360827,0.09615758061408997,0.9909999966621399,0.9315000176429749
YBR126C,YIL033C,0,0.5821289,0.09614825248718262,0.9909999966621399,0.9315999746322632
YKL018W,YDL198C,0,0.5816462,0.09613892436027527,0.9909999966621399,0.9316999912261963
YMR121C,YNL081C,0,0.5807861,0.09612959623336792,0.9909999966621399,0.9318000078201294
YIL049W,YOR142W,0,0.5802803,0.09612026810646057,0.9909999966621399,0.9319000244140625
YKL182W,YOR340C,0,0.57996404,0.09611094743013382,0.9909999966621399,0.9319999814033508
YGR282C,YPL061W,0,0.5786754,0.09610162675380707,0.9909999966621399,0.9320999979972839
YMR186W,YIL031W,0,0.578629,0.09609231352806091,0.9909999966621399,0.932200014591217
YLR344W,YBR202W,0,0.5774336,0.09608299285173416,0.9909999966621399,0.9322999715805054
YBR202W,YIL103W,0,0.5762297,0.096073679625988,0.9909999966621399,0.9323999881744385
YOL115W,YHR108W,0,0.5758435,0.09606436640024185,0.9909999966621399,0.9325000047683716
YPL249C-A,YNL090W,0,0.57565194,0.0960550531744957,0.9909999966621399,0.9326000213623047
YER146W,YIL038C,0,0.5749918,0.09604574739933014,0.9909999966621399,0.932699978351593
YDL212W,YLR405W,0,0.57495755,0.09603643417358398,0.9909999966621399,0.9327999949455261
YJL096W,YDR184C,0,0.57447016,0.09602712839841843,0.9909999966621399,0.9329000115394592
YGR192C,YGL019W,0,0.57393837,0.09601783007383347,0.9909999966621399,0.9330000281333923
YOL094C,YPR112C,0,0.5739039,0.09600852429866791,0.9909999966621399,0.9330999851226807
YHL013C,YKL172W,0,0.5717144,0.09599922597408295,0.9909999966621399,0.9332000017166138
YPL129W,YDR385W,0,0.5706016,0.09598992764949799,0.9909999966621399,0.9333000183105469
YDR194C,YJL012C,0,0.57022214,0.09598062932491302,0.9909999966621399,0.9333999752998352
YKL053C-A,YCL067C,0,0.5700898,0.09597133100032806,0.9909999966621399,0.9334999918937683
YBR195C,YDR316W,0,0.5696217,0.0959620401263237,0.9909999966621399,0.9336000084877014
YPR094W,YDL191W,0,0.5693246,0.09595274925231934,0.9909999966621399,0.9337000250816345
YML126C,YMR272C,0,0.5686339,0.09594345837831497,0.9909999966621399,0.9337999820709229
YOR110W,YLR449W,0,0.5685388,0.0959341749548912,0.9909999966621399,0.933899998664856
YHL034C,YMR308C,0,0.5676925,0.09592488408088684,0.9909999966621399,0.9340000152587891
YBR078W,YPL098C,0,0.56615984,0.09591560065746307,0.9909999966621399,0.9340999722480774
YDR353W,YJR010W,0,0.56593007,0.0959063172340393,0.9909999966621399,0.9341999888420105
YDR062W,YJR105W,0,0.5653358,0.09589704126119614,0.9909999966621399,0.9343000054359436
YNL231C,YPR067W,0,0.5648849,0.09588775783777237,0.9909999966621399,0.9344000220298767
YLR138W,YLR449W,0,0.56463814,0.0958784818649292,0.9909999966621399,0.934499979019165
YPR094W,YHR203C,0,0.5642938,0.09586920589208603,0.9909999966621399,0.9345999956130981
YGL187C,YLR153C,0,0.56401575,0.09585993736982346,0.9909999966621399,0.9347000122070312
YBR167C,YPL012W,0,0.56316876,0.09585066139698029,0.9909999966621399,0.9348000288009644
YGR285C,YBL046W,0,0.5627751,0.09584139287471771,0.9909999966621399,0.9348999857902527
YHR066W,YPL029W,0,0.5612868,0.09583212435245514,0.9909999966621399,0.9350000023841858
YBL068W,YBR189W,0,0.56088805,0.09582285583019257,0.9909999966621399,0.9351000189781189
YBR038W,YDR064W,0,0.5600624,0.09581359475851059,0.9909999966621399,0.9351999759674072
YPL266W,YNL032W,0,0.5588101,0.09580433368682861,0.9909999966621399,0.9352999925613403
YPL076W,YHR183W,0,0.5586258,0.09579507261514664,0.9909999966621399,0.9354000091552734
YJL034W,YBR003W,0,0.5569831,0.09578581154346466,0.9909999966621399,0.9355000257492065
YML024W,YLL015W,0,0.55686575,0.09577655047178268,0.9909999966621399,0.9355999827384949
YNL267W,YBR089C-A,0,0.55642235,0.0957672968506813,0.9909999966621399,0.935699999332428
YBL079W,YER149C,0,0.5561552,0.09575804322957993,0.9909999966621399,0.9358000159263611
YER031C,YBR265W,0,0.55463785,0.09574878960847855,0.9909999966621399,0.9358999729156494
YNR024W,YJL050W,0,0.5527482,0.09573954343795776,0.9909999966621399,0.9359999895095825
YPL179W,YDR078C,0,0.551353,0.09573029726743698,0.9909999966621399,0.9361000061035156
YLL018C,YML031W,0,0.5499069,0.0957210436463356,0.9909999966621399,0.9362000226974487
YGR192C,YGL139W,0,0.5490966,0.09571180492639542,0.9909999966621399,0.9362999796867371
YOL142W,YBR109C,0,0.5490427,0.09570255875587463,0.9909999966621399,0.9363999962806702
YBR130C,YNL016W,0,0.54796934,0.09569332003593445,0.9909999966621399,0.9365000128746033
YOR148C,YOL097C,0,0.5462104,0.09568408131599426,0.9909999966621399,0.9366000294685364
YMR241W,YBL016W,0,0.5450594,0.09567484259605408,0.9909999966621399,0.9366999864578247
YNL232W,YBR248C,0,0.5445811,0.09566560387611389,0.9909999966621399,0.9368000030517578
YOL142W,YKL029C,0,0.5428469,0.0956563726067543,0.9909999966621399,0.9369000196456909
YNL300W,YLR325C,0,0.5427997,0.09564714133739471,0.9909999966621399,0.9369999766349792
YMR286W,YKL112W,0,0.5419308,0.09563791006803513,0.9909999966621399,0.9370999932289124
YPR080W,YAR002C-A,0,0.54142374,0.09562867879867554,0.9909999966621399,0.9372000098228455
YKR028W,YOL121C,0,0.5413784,0.09561945497989655,0.9909999966621399,0.9373000264167786
YOR227W,YGL125W,0,0.5410812,0.09561022371053696,0.9909999966621399,0.9373999834060669
YMR214W,YGR091W,0,0.540465,0.09560099989175797,0.9909999966621399,0.9375
YNL186W,YOL145C,0,0.5395155,0.09559178352355957,0.9909999966621399,0.9376000165939331
YBR010W,YJL200C,0,0.5384971,0.09558255970478058,0.9909999966621399,0.9376999735832214
YNL030W,YCL054W,0,0.5384516,0.09557334333658218,0.9909999966621399,0.9377999901771545
YKL073W,YBR029C,0,0.5383762,0.09556412696838379,0.9909999966621399,0.9379000067710876
YML001W,YBR130C,0,0.5377038,0.0955549106001854,0.9909999966621399,0.9380000233650208
YKL035W,YDR100W,0,0.5372878,0.0955457016825676,0.9909999966621399,0.9380999803543091
YBR233W-A,YGR024C,0,0.53695554,0.0955364853143692,0.9909999966621399,0.9381999969482422
YDL117W,YBR084C-A,0,0.53632873,0.0955272763967514,0.9909999966621399,0.9383000135421753
YPR105C,YDR372C,0,0.5360684,0.0955180749297142,0.9909999966621399,0.9383999705314636
YIL018W,YNL048W,0,0.53395396,0.0955088660120964,0.9909999966621399,0.9384999871253967
YLR432W,YNL027W,0,0.5330211,0.0954996645450592,0.9909999966621399,0.9386000037193298
YDL189W,YKL144C,0,0.5330143,0.095490463078022,0.9909999966621399,0.9387000203132629
YPR125W,YNL262W,0,0.5319774,0.0954812616109848,0.9909999966621399,0.9387999773025513
YOR212W,YKL160W,0,0.5318464,0.0954720601439476,0.9909999966621399,0.9388999938964844
YKL082C,YKL032C,0,0.5314805,0.095462866127491,0.9909999966621399,0.9390000104904175
YNL131W,YNL284C,0,0.53148043,0.0954536721110344,0.9909999966621399,0.9391000270843506
YBR282W,YJR123W,0,0.5302392,0.09544447809457779,0.9909999966621399,0.9391999840736389
YLL018C-A,YBR031W,0,0.53018486,0.09543528407812119,0.9909999966621399,0.939300000667572
YCR020W-B,YJL098W,0,0.52717096,0.09542609751224518,0.9909999966621399,0.9394000172615051
YDR237W,YEL040W,0,0.52655286,0.09541691094636917,0.9909999966621399,0.9394999742507935
YDR302W,YGR181W,0,0.52627635,0.09540772438049316,0.9909999966621399,0.9395999908447266
YMR286W,YDR233C,0,0.52627015,0.09539853781461716,0.9909999966621399,0.9397000074386597
YEL056W,YFR051C,0,0.52625513,0.09538935124874115,0.9909999966621399,0.9398000240325928
YOR189W,YHR203C,0,0.5254961,0.09538017213344574,0.9909999966621399,0.9398999810218811
YDL160C,YER055C,0,0.5249473,0.09537099301815033,0.9909999966621399,0.9399999976158142
YDR316W,YNL059C,0,0.52479136,0.09536181390285492,0.9909999966621399,0.9401000142097473
YML051W,YKL029C,0,0.52404004,0.0953526422381401,0.9909999966621399,0.9401999711990356
YDR469W,YOL010W,0,0.523887,0.09534347057342529,0.9909999966621399,0.9402999877929688
YOR056C,YOR375C,0,0.52350605,0.09533429890871048,0.9909999966621399,0.9404000043869019
YOL020W,YNL085W,0,0.52346134,0.09532512724399567,0.9909999966621399,0.940500020980835
YPL210C,YBL018C,0,0.5229398,0.09531595557928085,0.9909999966621399,0.9405999779701233
YGL097W,YGL049C,0,0.52158284,0.09530679136514664,0.9909999966621399,0.9406999945640564
YPL215W,YLR429W,0,0.52156085,0.09529762715101242,0.9909999966621399,0.9408000111579895
YBR086C,YHL001W,0,0.5202978,0.0952884629368782,0.9909999966621399,0.9409000277519226
YDR339C,YNL099C,0,0.519645,0.09527929872274399,0.9909999966621399,0.9409999847412109
YNL110C,YFR038W,0,0.5174856,0.09527014195919037,0.9909999966621399,0.941100001335144
YER074W,YJL091C,0,0.51747596,0.09526098519563675,0.9909999966621399,0.9412000179290771
YDR296W,YDL084W,0,0.5174258,0.09525182843208313,0.9909999966621399,0.9412999749183655
YOR307C,YKL051W,0,0.5162591,0.09524267166852951,0.9909999966621399,0.9413999915122986
YNL153C,YBR146W,0,0.515809,0.09523352235555649,0.9909999966621399,0.9415000081062317
YML075C,YER008C,0,0.51574814,0.09522436559200287,0.9909999966621399,0.9416000247001648
YPL126W,YMR112C,0,0.5154859,0.09521521627902985,0.9909999966621399,0.9416999816894531
YOR239W,YBR042C,0,0.51476395,0.09520607441663742,0.9909999966621399,0.9417999982833862
YHR066W,YLR359W,0,0.51472133,0.0951969251036644,0.9909999966621399,0.9419000148773193
YJR047C,YJR043C,0,0.5146525,0.09518778324127197,0.9909999966621399,0.9419999718666077
YGL076C,YML101C,0,0.5133226,0.09517864137887955,0.9909999966621399,0.9420999884605408
YKL114C,YBR121C,0,0.5133116,0.09516949951648712,0.9909999966621399,0.9422000050544739
YFL034C-A,YER109C,0,0.51308566,0.0951603576540947,0.9909999966621399,0.942300021648407
YOL112W,YGL200C,0,0.5129102,0.09515122324228287,0.9909999966621399,0.9423999786376953
YAL029C,YER155C,0,0.51225364,0.09514208883047104,0.9909999966621399,0.9424999952316284
YDL150W,YOL148C,0,0.51137155,0.09513295441865921,0.9909999966621399,0.9426000118255615
YBR101C,YJR099W,0,0.5109066,0.09512382745742798,0.9909999966621399,0.9427000284194946
YHR205W,YHR007C,0,0.509637,0.09511469304561615,0.9909999966621399,0.942799985408783
YNL272C,YDR429C,0,0.5091473,0.09510556608438492,0.9909999966621399,0.9429000020027161
YOR125C,YEL071W,0,0.508515,0.09509643912315369,0.9909999966621399,0.9430000185966492
YDL111C,YDR488C,0,0.50775635,0.09508731216192245,0.9909999966621399,0.9430999755859375
YGR167W,YML073C,0,0.5066099,0.09507819265127182,0.9909999966621399,0.9431999921798706
YOR153W,YJR046W,0,0.5061048,0.09506907314062119,0.9909999966621399,0.9433000087738037
YGR034W,YML078W,0,0.50597787,0.09505995362997055,0.9909999966621399,0.9434000253677368
YKL074C,YMR161W,0,0.50532556,0.09505083411931992,0.9909999966621399,0.9434999823570251
YDR303C,YPR058W,0,0.5033188,0.09504172205924988,0.9909999966621399,0.9435999989509583
YPL145C,YNL197C,0,0.502678,0.09503260254859924,0.9909999966621399,0.9437000155448914
YJR133W,YOR360C,0,0.5021231,0.0950234904885292,0.9909999966621399,0.9437999725341797
YPL178W,YGR165W,0,0.499277,0.09501437842845917,0.9909999966621399,0.9438999891281128
YDR182W,YGR208W,0,0.49776006,0.09500527381896973,0.9909999966621399,0.9440000057220459
YIL043C,YLR068W,0,0.49691722,0.09499616920948029,0.9909999966621399,0.944100022315979
YGR090W,YOL052C,0,0.49659505,0.09498705714941025,0.9909999966621399,0.9441999793052673
YDR045C,YKL110C,0,0.49657056,0.0949779599905014,0.9909999966621399,0.9442999958992004
YMR239C,YNL323W,0,0.49406412,0.09496885538101196,0.9909999966621399,0.9444000124931335
YOL058W,YMR271C,0,0.4935372,0.09495975822210312,0.9909999966621399,0.9445000290870667
YIL047C,YOR303W,0,0.49255872,0.09495065361261368,0.9909999966621399,0.944599986076355
YKL101W,YMR205C,0,0.49220157,0.09494155645370483,0.9909999966621399,0.9447000026702881
YOL077W-A,YNL284C,0,0.49217063,0.09493246674537659,0.9909999966621399,0.9448000192642212
YLL043W,YJL191W,0,0.48931158,0.09492336958646774,0.9909999966621399,0.9448999762535095
YDL083C,YNR032C-A,0,0.48897073,0.0949142798781395,0.9909999966621399,0.9449999928474426
YBR196C,YBR181C,0,0.48893195,0.09490519016981125,0.9909999966621399,0.9451000094413757
YBL006C,YHR110W,0,0.48865044,0.094896100461483,0.9909999966621399,0.9452000260353088
YBR189W,YPL193W,0,0.48839656,0.09488701820373535,0.9909999966621399,0.9452999830245972
YGL025C,YLR089C,0,0.48812914,0.0948779284954071,0.9909999966621399,0.9453999996185303
YML024W,YBL038W,0,0.4860816,0.09486884623765945,0.9909999966621399,0.9455000162124634
YPL262W,YHR216W,0,0.48410952,0.0948597714304924,0.9909999966621399,0.9455999732017517
YNL287W,YNL062C,0,0.48350835,0.09485068917274475,0.9909999966621399,0.9456999897956848
YLR328W,YDL150W,0,0.48332846,0.0948416143655777,0.9909999966621399,0.9458000063896179
YOL093W,YJL196C,0,0.48156774,0.09483253955841064,0.9909999966621399,0.945900022983551
YML052W,YMR001C,1,0.47786587,0.09491914510726929,0.9919999837875366,0.945900022983551
YPL126W,YNL131W,0,0.47701764,0.09491006284952164,0.9919999837875366,0.9459999799728394
YCR012W,YML023C,0,0.47697002,0.09490098804235458,0.9919999837875366,0.9460999965667725
YBR078W,YDL148C,0,0.47677198,0.09489190578460693,0.9919999837875366,0.9462000131607056
YLR027C,YBR257W,0,0.47628865,0.09488283097743988,0.9919999837875366,0.9463000297546387
YPR006C,YKR066C,0,0.47446692,0.09487375617027283,0.9919999837875366,0.946399986743927
YPR187W,YGR165W,0,0.47253686,0.09486468136310577,0.9919999837875366,0.9465000033378601
YFR028C,YMR121C,0,0.4722036,0.09485561400651932,0.9919999837875366,0.9466000199317932
YDR324C,YLR316C,0,0.4718923,0.09484654664993286,0.9919999837875366,0.9466999769210815
YBR127C,YKL141W,0,0.4712512,0.0948374792933464,0.9919999837875366,0.9467999935150146
YBR031W,YNL209W,0,0.47084704,0.09482841193675995,0.9919999837875366,0.9469000101089478
YGL225W,YCR012W,0,0.4708107,0.09481934458017349,0.9919999837875366,0.9470000267028809
YOL102C,YFR001W,0,0.46908987,0.09481028467416763,0.9919999837875366,0.9470999836921692
YHR065C,YGL005C,0,0.46887296,0.09480122476816177,0.9919999837875366,0.9472000002861023
YBR261C,YNL163C,0,0.46864635,0.09479216486215591,0.9919999837875366,0.9473000168800354
YNL263C,YBR029C,0,0.46852967,0.09478310495615005,0.9919999837875366,0.9473999738693237
YIL020C,YDL076C,0,0.46749792,0.09477405250072479,0.9919999837875366,0.9474999904632568
YKL049C,YKL101W,0,0.46720013,0.09476500004529953,0.9919999837875366,0.9476000070571899
YLR342W,YDL102W,0,0.46687374,0.09475594758987427,0.9919999837875366,0.947700023651123
YNL225C,YBR171W,0,0.46494806,0.094746895134449,0.9919999837875366,0.9477999806404114
YLR185W,YAR014C,0,0.46384537,0.09473785012960434,0.9919999837875366,0.9478999972343445
YMR121C,YBR034C,0,0.46288437,0.09472879767417908,0.9919999837875366,0.9480000138282776
YPR183W,YNL259C,0,0.4623438,0.09471975266933441,0.9919999837875366,0.9480999708175659
YKL139W,YFL034C-A,0,0.46181118,0.09471071511507034,0.9919999837875366,0.948199987411499
YGL107C,YLR321C,0,0.4582805,0.09470167011022568,0.9919999837875366,0.9483000040054321
YDR207C,YGL099W,1,0.45770276,0.0947880893945694,0.9929999709129333,0.9483000040054321
YPR128C,YLR340W,0,0.45642787,0.09477903693914413,0.9929999709129333,0.9484000205993652
YGR170W,YHL015W,0,0.4551815,0.09476999193429947,0.9929999709129333,0.9484999775886536
YDL155W,YBR121C,0,0.45487952,0.0947609469294548,0.9929999709129333,0.9485999941825867
YLR328W,YBL098W,0,0.45398122,0.09475190937519073,0.9929999709129333,0.9487000107765198
YKL152C,YBR070C,0,0.4533471,0.09474286437034607,0.9929999709129333,0.9488000273704529
YFL045C,YGL077C,0,0.45300794,0.094733826816082,0.9929999709129333,0.9488999843597412
YDL148C,YPL183W-A,0,0.45185152,0.09472478926181793,0.9929999709129333,0.9490000009536743
YML064C,YKR024C,0,0.44913486,0.09471575915813446,0.9929999709129333,0.9491000175476074
YOR123C,YIL110W,0,0.44825518,0.09470672160387039,0.9929999709129333,0.9491999745368958
YOR355W,YER026C,0,0.44564298,0.09469769150018692,0.9929999709129333,0.9492999911308289
YGL054C,YLR272C,1,0.4455973,0.09478402137756348,0.9940000176429749,0.9492999911308289
YPR131C,YAL042W,0,0.44410902,0.09477498382329941,0.9940000176429749,0.949400007724762
YHR174W,YBR042C,0,0.44289935,0.09476594626903534,0.9940000176429749,0.9495000243186951
YOR307C,YPR124W,0,0.4408844,0.09475690871477127,0.9940000176429749,0.9495999813079834
YMR305C,YJL115W,0,0.4401329,0.0947478786110878,0.9940000176429749,0.9496999979019165
YBR162W-A,YPR198W,0,0.43974477,0.09473884850740433,0.9940000176429749,0.9498000144958496
YGR099W,YNL209W,0,0.43951863,0.09472981840372086,0.9940000176429749,0.9498999714851379
YKL081W,YNR023W,0,0.4393848,0.09472079575061798,0.9940000176429749,0.949999988079071
YMR236W,YOL043C,0,0.43922102,0.09471176564693451,0.9940000176429749,0.9501000046730042
YLR239C,YGR264C,0,0.43892282,0.09470274299383163,0.9940000176429749,0.9502000212669373
YBL002W,YMR274C,0,0.43633336,0.09469372034072876,0.9940000176429749,0.9502999782562256
YHL038C,YDL191W,0,0.43536767,0.09468470513820648,0.9940000176429749,0.9503999948501587
YML031W,YBR222C,0,0.43396795,0.09467568248510361,0.9940000176429749,0.9505000114440918
YER003C,YFR009W,0,0.43349278,0.09466666728258133,0.9940000176429749,0.9506000280380249
YDR156W,YLR332W,0,0.43335992,0.09465765208005905,0.9940000176429749,0.9506999850273132
YLR075W,YBR094W,0,0.4325874,0.09464863687753677,0.9940000176429749,0.9508000016212463
YGR129W,YDR500C,0,0.43176946,0.09463962912559509,0.9940000176429749,0.9509000182151794
YHR110W,YDR381W,0,0.43120617,0.09463061392307281,0.9940000176429749,0.9509999752044678
YKL190W,YGR195W,0,0.43111724,0.09462160617113113,0.9940000176429749,0.9510999917984009
YGR260W,YDL178W,0,0.43073997,0.09461260586977005,0.9940000176429749,0.951200008392334
YNL252C,YMR143W,0,0.4298089,0.09460359811782837,0.9940000176429749,0.9513000249862671
YKL080W,YNL238W,0,0.42914778,0.09459459781646729,0.9940000176429749,0.9513999819755554
YLR435W,YBR089C-A,0,0.42675114,0.0945855900645256,0.9940000176429749,0.9514999985694885
YIL142W,YJL014W,0,0.42534083,0.09457659721374512,0.9940000176429749,0.9516000151634216
YPR182W,YCR035C,0,0.4242769,0.09456759691238403,0.9940000176429749,0.95169997215271
YLR325C,YOR085W,0,0.4237026,0.09455859661102295,0.9940000176429749,0.9517999887466431
YPL208W,YGL077C,0,0.4231195,0.09454960376024246,0.9940000176429749,0.9519000053405762
YER006W,YIL162W,0,0.42218545,0.09454061090946198,0.9940000176429749,0.9520000219345093
YBR192W,YDL150W,0,0.42176253,0.09453161805868149,0.9940000176429749,0.9520999789237976
YGL112C,YHR026W,0,0.4216165,0.0945226326584816,0.9940000176429749,0.9521999955177307
YOR011W,YKR072C,0,0.42152616,0.09451364725828171,0.9940000176429749,0.9523000121116638
YKL209C,YBL003C,0,0.41904062,0.09450466185808182,0.9940000176429749,0.9524000287055969
YDR245W,YMR121C,0,0.41824234,0.09449567645788193,0.9940000176429749,0.9524999856948853
YOR271C,YPL218W,0,0.41819894,0.09448669105768204,0.9940000176429749,0.9526000022888184
YOR122C,YLR043C,0,0.41806853,0.09447771310806274,0.9940000176429749,0.9527000188827515
YNL075W,YHR077C,0,0.41805902,0.09446873515844345,0.9940000176429749,0.9527999758720398
YLR342W,YGR157W,0,0.41580725,0.09445975720882416,0.9940000176429749,0.9528999924659729
YPR200C,YHL001W,0,0.41542417,0.09445077925920486,0.9940000176429749,0.953000009059906
YKL080W,YNL261W,0,0.41305017,0.09444180876016617,0.9940000176429749,0.9531000256538391
YPR035W,YNL219C,0,0.41217166,0.09443283081054688,0.9940000176429749,0.9531999826431274
YOR340C,YHR135C,0,0.41038513,0.09442386031150818,0.9940000176429749,0.9532999992370605
YMR014W,YPR009W,0,0.4096352,0.09441489726305008,0.9940000176429749,0.9534000158309937
YPL081W,YER075C,0,0.40908313,0.09440592676401138,0.9940000176429749,0.953499972820282
YOR241W,YLR181C,0,0.4075509,0.09439696371555328,0.9940000176429749,0.9535999894142151
YHL007C,YDR337W,0,0.4074904,0.09438800066709518,0.9940000176429749,0.9537000060081482
YDR245W,YDR110W,0,0.40702486,0.09437903761863708,0.9940000176429749,0.9538000226020813
YER074W-A,YJL138C,0,0.40618676,0.09437007457017899,0.9940000176429749,0.9538999795913696
YCL001W,YIL021W,0,0.40530753,0.09436111897230148,0.9940000176429749,0.9539999961853027
YDR303C,YGL256W,0,0.4026897,0.09435215592384338,0.9940000176429749,0.9541000127792358
YML031W,YNL302C,0,0.40206695,0.09434320777654648,0.9940000176429749,0.954200029373169
YPR080W,YLR002C,0,0.3998723,0.09433425217866898,0.9940000176429749,0.9542999863624573
YBL079W,YNL132W,0,0.39944145,0.09432529658079147,0.9940000176429749,0.9544000029563904
YML031W,YLR197W,0,0.39854133,0.09431634843349457,0.9940000176429749,0.9545000195503235
YBR258C,YFL034C-A,0,0.39832008,0.09430740028619766,0.9940000176429749,0.9545999765396118
YGR208W,YHR060W,0,0.39802337,0.09429845213890076,0.9940000176429749,0.9546999931335449
YOR115C,YKR092C,0,0.39773127,0.09428951144218445,0.9940000176429749,0.954800009727478
YDL084W,YBL042C,0,0.39521655,0.09428056329488754,0.9940000176429749,0.9549000263214111
YBR118W,YLR259C,0,0.3947615,0.09427162259817123,0.9940000176429749,0.9549999833106995
YMR301C,YFR031C-A,0,0.39457464,0.09426268190145493,0.9940000176429749,0.9550999999046326
YGR128C,YOR118W,0,0.3940575,0.09425374865531921,0.9940000176429749,0.9552000164985657
YOR307C,YPR112C,0,0.39395005,0.0942448079586029,0.9940000176429749,0.955299973487854
YPR033C,YHR142W,0,0.39360246,0.0942358747124672,0.9940000176429749,0.9553999900817871
YGR282C,YGR132C,0,0.392896,0.09422694146633148,0.9940000176429749,0.9555000066757202
YDR432W,YER019W,0,0.39253664,0.09421800822019577,0.9940000176429749,0.9556000232696533
YGL195W,YJR133W,0,0.39074424,0.09420908242464066,0.9940000176429749,0.9556999802589417
YBR093C,YBL003C,0,0.3879076,0.09420014917850494,0.9940000176429749,0.9557999968528748
YLR182W,YMR260C,0,0.38607734,0.09419122338294983,0.9940000176429749,0.9559000134468079
YGL092W,YGR229C,0,0.38551855,0.09418229758739471,0.9940000176429749,0.9559999704360962
YMR092C,YKL157W,0,0.3852666,0.0941733792424202,0.9940000176429749,0.9560999870300293
YAL007C,YOR081C,0,0.38451937,0.09416445344686508,0.9940000176429749,0.9562000036239624
YDR021W,YDR153C,0,0.38222545,0.09415553510189056,0.9940000176429749,0.9563000202178955
YCR052W,YDR206W,0,0.3819909,0.09414661675691605,0.9940000176429749,0.9563999772071838
YGR217W,YOR087W,0,0.38157102,0.09413770586252213,0.9940000176429749,0.9564999938011169
YDL153C,YMR225C,0,0.38104638,0.09412878751754761,0.9940000176429749,0.95660001039505
YIL038C,YOR074C,0,0.3803228,0.09411987662315369,0.9940000176429749,0.9567000269889832
YLR355C,YGL070C,0,0.3798525,0.09411096572875977,0.9940000176429749,0.9567999839782715
YDR135C,YJL200C,0,0.37877023,0.09410205483436584,0.9940000176429749,0.9569000005722046
YPL218W,YNL209W,0,0.37843117,0.09409314393997192,0.9940000176429749,0.9570000171661377
YGL142C,YDL128W,0,0.3749718,0.0940842404961586,0.9940000176429749,0.957099974155426
YER154W,YMR146C,0,0.37464368,0.09407533705234528,0.9940000176429749,0.9571999907493591
YNL044W,YOL039W,0,0.3732844,0.09406643360853195,0.9940000176429749,0.9573000073432922
YJL179W,YBR014C,0,0.3731653,0.09405753016471863,0.9940000176429749,0.9574000239372253
YPR187W,YLR378C,0,0.3722146,0.0940486341714859,0.9940000176429749,0.9574999809265137
YDR083W,YDL133C-A,0,0.37209803,0.09403973817825317,0.9940000176429749,0.9575999975204468
YFL023W,YDR037W,0,0.37178642,0.09403084218502045,0.9940000176429749,0.9577000141143799
YNL219C,YEL042W,0,0.37072358,0.09402194619178772,0.9940000176429749,0.9577999711036682
YCL064C,YIL052C,0,0.37069353,0.09401305019855499,0.9940000176429749,0.9578999876976013
YPL098C,YBL027W,0,0.3683694,0.09400416165590286,0.9940000176429749,0.9580000042915344
YLR380W,YLR017W,0,0.36612344,0.09399527311325073,0.9940000176429749,0.9581000208854675
YER178W,YAL022C,0,0.3660397,0.0939863845705986,0.9940000176429749,0.9581999778747559
YGL148W,YNL161W,0,0.3657079,0.09397749602794647,0.9940000176429749,0.958299994468689
YLR451W,YJL069C,0,0.3654861,0.09396861493587494,0.9940000176429749,0.9584000110626221
YBR154C,YOR264W,0,0.3650614,0.0939597338438034,0.9940000176429749,0.9585000276565552
YDR184C,YDR123C,0,0.3640548,0.09395085275173187,0.9940000176429749,0.9585999846458435
YJL212C,YJR019C,0,0.36116493,0.09394197165966034,0.9940000176429749,0.9587000012397766
YGR143W,YMR319C,0,0.36098185,0.0939330905675888,0.9940000176429749,0.9588000178337097
YGL054C,YGR108W,1,0.36029634,0.09401871263980865,0.9950000047683716,0.9588000178337097
YKL127W,YDR021W,0,0.35952818,0.09400982409715652,0.9950000047683716,0.958899974822998
YLR310C,YBR031W,0,0.35838878,0.09400094300508499,0.9950000047683716,0.9589999914169312
YPL215W,YHL015W,0,0.357595,0.09399206191301346,0.9950000047683716,0.9591000080108643
YLR022C,YDR500C,0,0.3563571,0.09398318827152252,0.9950000047683716,0.9592000246047974
YOR319W,YOR204W,0,0.3558826,0.09397430717945099,0.9950000047683716,0.9592999815940857
YNR030W,YDR410C,0,0.35431987,0.09396543353796005,0.9950000047683716,0.9593999981880188
YNL287W,YNL121C,0,0.3541556,0.09395655989646912,0.9950000047683716,0.9595000147819519
YDR471W,YDR300C,0,0.35300505,0.09394769370555878,0.9950000047683716,0.9595999717712402
YER125W,YOR239W,0,0.35043126,0.09393882006406784,0.9950000047683716,0.9596999883651733
YML004C,YKL211C,0,0.3495163,0.0939299538731575,0.9950000047683716,0.9598000049591064
YOR078W,YIL008W,0,0.349458,0.09392108768224716,0.9950000047683716,0.9599000215530396
YNL055C,YOR202W,0,0.3491534,0.09391222149133682,0.9950000047683716,0.9599999785423279
YJL184W,YPL013C,0,0.34909198,0.09390336275100708,0.9950000047683716,0.960099995136261
YDL178W,YNL123W,0,0.34690684,0.09389449656009674,0.9950000047683716,0.9602000117301941
YOR327C,YNR032C-A,0,0.346829,0.093885637819767,0.9950000047683716,0.9603000283241272
YHR069C,YNL261W,0,0.3447771,0.09387677907943726,0.9950000047683716,0.9603999853134155
YNL002C,YHR108W,0,0.3436855,0.09386792778968811,0.9950000047683716,0.9605000019073486
YER145C,YHR108W,0,0.3434168,0.09385906904935837,0.9950000047683716,0.9606000185012817
YBR067C,YBL016W,0,0.34213918,0.09385021775960922,0.9950000047683716,0.9606999754905701
YER172C,YER151C,0,0.3390873,0.09384136646986008,0.9950000047683716,0.9607999920845032
YPR183W,YBR015C,0,0.33847564,0.09383251518011093,0.9950000047683716,0.9609000086784363
YER074W-A,YPL063W,0,0.33840647,0.09382367134094238,0.9950000047683716,0.9610000252723694
YKL205W,YBR146W,0,0.33669823,0.09381482005119324,0.9950000047683716,0.9610999822616577
YPL094C,YHR118C,0,0.33622706,0.09380597621202469,0.9950000047683716,0.9611999988555908
YJL034W,YGL126W,0,0.33355567,0.09379713237285614,0.9950000047683716,0.9613000154495239
YKL152C,YOR122C,0,0.33214602,0.09378829598426819,0.9950000047683716,0.9613999724388123
YLR191W,YBR031W,0,0.33091667,0.09377945214509964,0.9950000047683716,0.9614999890327454
YOR239W,YJL200C,0,0.33051848,0.09377061575651169,0.9950000047683716,0.9616000056266785
YKL192C,YDR079W,0,0.32654893,0.09376177936792374,0.9950000047683716,0.9617000222206116
YBR243C,YLR141W,0,0.32636246,0.09375294297933578,0.9950000047683716,0.9617999792098999
YNL261W,YPL032C,0,0.3261131,0.09374411404132843,0.9950000047683716,0.961899995803833
YBR086C,YDR322C-A,0,0.32587358,0.09373527765274048,0.9950000047683716,0.9620000123977661
YJL096W,YNL259C,0,0.3254972,0.09372644871473312,0.9950000047683716,0.9621000289916992
YLR432W,YDR410C,0,0.32292265,0.09371761977672577,0.9950000047683716,0.9621999859809875
YDL064W,YDL092W,0,0.32193634,0.09370879828929901,0.9950000047683716,0.9623000025749207
YGL027C,YKL110C,0,0.3193537,0.09369996935129166,0.9950000047683716,0.9624000191688538
YKL120W,YGR098C,0,0.31911364,0.0936911478638649,0.9950000047683716,0.9624999761581421
YLR110C,YPL118W,0,0.3189563,0.09368232637643814,0.9950000047683716,0.9625999927520752
YKL144C,YFL001W,0,0.31843206,0.09367350488901138,0.9950000047683716,0.9627000093460083
YGR155W,YER006W,0,0.31750152,0.09366469085216522,0.9950000047683716,0.9628000259399414
YJL054W,YOR210W,0,0.31584716,0.09365587681531906,0.9950000047683716,0.9628999829292297
YLR167W,YBL002W,0,0.3089289,0.0936470553278923,0.9950000047683716,0.9629999995231628
YNL239W,YOR071C,0,0.307989,0.09363824874162674,0.9950000047683716,0.963100016117096
YGR268C,YJR130C,0,0.30743825,0.09362943470478058,0.9950000047683716,0.9631999731063843
YAL033W,YHR039C-A,0,0.30518997,0.09362062811851501,0.9950000047683716,0.9632999897003174
YHR098C,YGR077C,0,0.30430952,0.09361181408166885,0.9950000047683716,0.9634000062942505
YDR099W,YDR403W,1,0.30347985,0.09369708597660065,0.9959999918937683,0.9634000062942505
YGR175C,YPL218W,0,0.3027702,0.09368827193975449,0.9959999918937683,0.9635000228881836
YLR060W,YDR331W,0,0.30269322,0.09367945790290833,0.9959999918937683,0.9635999798774719
YBL027W,YLR355C,0,0.30267382,0.09367065131664276,0.9959999918937683,0.963699996471405
YOR189W,YPL037C,0,0.30237776,0.0936618372797966,0.9959999918937683,0.9638000130653381
YGR090W,YKL170W,0,0.30214798,0.09365303069353104,0.9959999918937683,0.9639000296592712
YLR344W,YBR070C,0,0.30084145,0.09364422410726547,0.9959999918937683,0.9639999866485596
YOR078W,YPL046C,0,0.3005393,0.0936354249715805,0.9959999918937683,0.9641000032424927
YKL172W,YMR203W,0,0.29920137,0.09362661838531494,0.9959999918937683,0.9642000198364258
YMR005W,YHL033C,0,0.2989834,0.09361781924962997,0.9959999918937683,0.9642999768257141
YNL231C,YNL199C,0,0.29688296,0.09360902011394501,0.9959999918937683,0.9643999934196472
YPR056W,YAR002C-A,0,0.29468185,0.09360022842884064,0.9959999918937683,0.9645000100135803
YOR327C,YML073C,0,0.29425597,0.09359142929315567,0.9959999918937683,0.9646000266075134
YJR070C,YKL029C,0,0.2926471,0.0935826376080513,0.9959999918937683,0.9646999835968018
YPR165W,YML127W,0,0.29213738,0.09357384592294693,0.9959999918937683,0.9648000001907349
YPL110C,YBR248C,0,0.29183945,0.09356505423784256,0.9959999918937683,0.964900016784668
YGR192C,YKL191W,0,0.2915426,0.09355626255273819,0.9959999918937683,0.9649999737739563
YIL049W,YKL176C,0,0.2914691,0.09354747831821442,0.9959999918937683,0.9650999903678894
YBR010W,YIL118W,0,0.29072917,0.09353869408369064,0.9959999918937683,0.9652000069618225
YDL014W,YLR208W,0,0.28975976,0.09352990984916687,0.9959999918937683,0.9653000235557556
YBL076C,YLR141W,0,0.28967315,0.0935211256146431,0.9959999918937683,0.965399980545044
YGR217W,YOR252W,0,0.28759646,0.09351234883069992,0.9959999918937683,0.965499997138977
YPL210C,YPL029W,0,0.28665742,0.09350356459617615,0.9959999918937683,0.9656000137329102
YDR098C,YIL015W,0,0.2857911,0.09349478781223297,0.9959999918937683,0.9656999707221985
YOR307C,YML001W,0,0.28317386,0.0934860110282898,0.9959999918937683,0.9657999873161316
YPR033C,YKL191W,0,0.28281406,0.09347724169492722,0.9959999918937683,0.9659000039100647
YLR051C,YMR260C,0,0.28248298,0.09346846491098404,0.9959999918937683,0.9660000205039978
YCR046C,YGR084C,0,0.28244695,0.09345969557762146,0.9959999918937683,0.9660999774932861
YNL256W,YML014W,0,0.28191274,0.09345092624425888,0.9959999918937683,0.9661999940872192
YBL042C,YML065W,0,0.28112364,0.0934421643614769,0.9959999918937683,0.9663000106811523
YDL198C,YMR274C,0,0.28093204,0.09343339502811432,0.9959999918937683,0.9664000272750854
YPR143W,YJL063C,0,0.28027526,0.09342463314533234,0.9959999918937683,0.9664999842643738
YIL133C,YOR106W,0,0.278615,0.09341587126255035,0.9959999918937683,0.9666000008583069
YGR078C,YGR280C,0,0.278447,0.09340710937976837,0.9959999918937683,0.96670001745224
YJL011C,YDL155W,0,0.27558053,0.09339834749698639,0.9959999918937683,0.9667999744415283
YBL002W,YPL043W,0,0.2750015,0.093389593064785,0.9959999918937683,0.9668999910354614
YML008C,YGR034W,0,0.27495396,0.09338083863258362,0.9959999918937683,0.9670000076293945
YIL043C,YDL168W,0,0.27408442,0.09337208420038223,0.9959999918937683,0.9671000242233276
YGR211W,YNL216W,0,0.2724853,0.09336332976818085,0.9959999918937683,0.967199981212616
YAL063C,YOR010C,0,0.27194157,0.09335457533597946,0.9959999918937683,0.9672999978065491
YBR189W,YKL144C,0,0.27034038,0.09334582835435867,0.9959999918937683,0.9674000144004822
YCR052W,YBR031W,0,0.27025834,0.09333708137273788,0.9959999918937683,0.9674999713897705
YHL011C,YJL091C,0,0.2691769,0.0933283343911171,0.9959999918937683,0.9675999879837036
YHR019C,YPR113W,0,0.268986,0.0933195948600769,0.9959999918937683,0.9677000045776367
YER118C,YBR254C,0,0.2683517,0.09331084787845612,0.9959999918937683,0.9678000211715698
YLR182W,YLR029C,0,0.26735175,0.09330210834741592,0.9959999918937683,0.9678999781608582
YDR291W,YDR091C,0,0.26472965,0.09329336881637573,0.9959999918937683,0.9679999947547913
YDR073W,YLR325C,0,0.2639534,0.09328462928533554,0.9959999918937683,0.9681000113487244
YPR017C,YOR210W,0,0.26299894,0.09327589720487595,0.9959999918937683,0.9682000279426575
YDR331W,YML023C,0,0.26299602,0.09326715767383575,0.9959999918937683,0.9682999849319458
YOR253W,YLR262C,0,0.2615439,0.09325842559337616,0.9959999918937683,0.9684000015258789
YDR462W,YJL063C,0,0.2600512,0.09324969351291656,0.9959999918937683,0.968500018119812
YDR235W,YJL172W,0,0.25820947,0.09324096888303757,0.9959999918937683,0.9685999751091003
YNR052C,YBR031W,0,0.25620466,0.09323223680257797,0.9959999918937683,0.9686999917030334
YBR215W,YHR063C,0,0.25352415,0.09322351217269897,0.9959999918937683,0.9688000082969666
YIL053W,YGR284C,0,0.24951425,0.09321478754281998,0.9959999918937683,0.9689000248908997
YPL188W,YOR323C,0,0.24846432,0.09320606291294098,0.9959999918937683,0.968999981880188
YBL031W,YMR242C,0,0.24825433,0.09319734573364258,0.9959999918937683,0.9690999984741211
YGR078C,YKL191W,0,0.24708709,0.09318862110376358,0.9959999918937683,0.9692000150680542
YPL112C,YJL145W,0,0.24697548,0.09317990392446518,0.9959999918937683,0.9692999720573425
YDR267C,YDR045C,0,0.24643922,0.09317118674516678,0.9959999918937683,0.9693999886512756
YBL072C,YPR183W,0,0.24564318,0.09316246956586838,0.9959999918937683,0.9695000052452087
YPL249C-A,YJL191W,0,0.24518783,0.09315375983715057,0.9959999918937683,0.9696000218391418
YPR009W,YDR190C,0,0.24322641,0.09314505010843277,0.9959999918937683,0.9696999788284302
YOR078W,YNL031C,0,0.23995969,0.09313634037971497,0.9959999918937683,0.9697999954223633
YDL074C,YBR130C,0,0.23863651,0.09312763065099716,0.9959999918937683,0.9699000120162964
YPL050C,YGR081C,0,0.23447256,0.09311892092227936,0.9959999918937683,0.9700000286102295
YNL048W,YHR170W,0,0.23390454,0.09311021864414215,0.9959999918937683,0.9700999855995178
YGR128C,YKL205W,0,0.23324513,0.09310151636600494,0.9959999918937683,0.9702000021934509
YOR079C,YMR194W,0,0.23257703,0.09309281408786774,0.9959999918937683,0.970300018787384
YDR017C,YKL205W,0,0.23247989,0.09308411180973053,0.9959999918937683,0.9703999757766724
YJR043C,YNL145W,0,0.2308913,0.09307541698217392,0.9959999918937683,0.9704999923706055
YDR195W,YFL017W-A,0,0.23004414,0.09306671470403671,0.9959999918937683,0.9706000089645386
YMR229C,YMR123W,0,0.22981486,0.0930580198764801,0.9959999918937683,0.9707000255584717
YPL273W,YCR097W,0,0.22914252,0.09304932504892349,0.9959999918937683,0.97079998254776
YML080W,YNL124W,0,0.22874403,0.09304063767194748,0.9959999918937683,0.9708999991416931
YGL097W,YLR398C,0,0.22826742,0.09303194284439087,0.9959999918937683,0.9710000157356262
YBL006C,YIL142W,0,0.22795609,0.09302325546741486,0.9959999918937683,0.9710999727249146
YLR355C,YPR043W,0,0.22769588,0.09301456809043884,0.9959999918937683,0.9711999893188477
YGL189C,YFL002C,0,0.22599435,0.09300588071346283,0.9959999918937683,0.9713000059127808
YGR038W,YMR116C,0,0.2252578,0.09299720078706741,0.9959999918937683,0.9714000225067139
YMR240C,YNL209W,0,0.222661,0.0929885134100914,0.9959999918937683,0.9714999794960022
YDR155C,YDR099W,1,0.22176614,0.09307318925857544,0.996999979019165,0.9714999794960022
YDL122W,YGL076C,0,0.21783394,0.09306450188159943,0.996999979019165,0.9715999960899353
YJL115W,YPR137W,0,0.2155243,0.09305581450462341,0.996999979019165,0.9717000126838684
YNL016W,YEL029C,0,0.21471035,0.0930471271276474,0.996999979019165,0.9718000292778015
YNL056W,YNL178W,0,0.21455538,0.09303844720125198,0.996999979019165,0.9718999862670898
YHR083W,YPL131W,0,0.21430552,0.09302976727485657,0.996999979019165,0.972000002861023
YKR081C,YLR312W-A,0,0.2135941,0.09302108734846115,0.996999979019165,0.972100019454956
YDR017C,YNL209W,0,0.2129592,0.09301240742206573,0.996999979019165,0.9721999764442444
YOL121C,YKR024C,0,0.21209517,0.09300373494625092,0.996999979019165,0.9722999930381775
YHR062C,YBR172C,0,0.2113246,0.0929950550198555,0.996999979019165,0.9724000096321106
YNL069C,YGR229C,0,0.2105951,0.09298638254404068,0.996999979019165,0.9725000262260437
YLR185W,YDR198C,0,0.2076929,0.09297771006822586,0.996999979019165,0.972599983215332
YGR033C,YAL059W,0,0.20696473,0.09296904504299164,0.996999979019165,0.9726999998092651
YOR241W,YLR167W,0,0.20590335,0.09296037256717682,0.996999979019165,0.9728000164031982
YKR057W,YIL030C,0,0.20402178,0.0929517075419426,0.996999979019165,0.9728999733924866
YLR167W,YLR105C,0,0.2039021,0.09294304251670837,0.996999979019165,0.9729999899864197
YDR025W,YML086C,0,0.20203903,0.09293437749147415,0.996999979019165,0.9731000065803528
YOR271C,YJL050W,0,0.20139629,0.09292571246623993,0.996999979019165,0.9732000231742859
YGL148W,YJR113C,0,0.20042762,0.0929170548915863,0.996999979019165,0.9732999801635742
YOR048C,YPR058W,0,0.19867894,0.09290839731693268,0.996999979019165,0.9733999967575073
YDR454C,YBL091C-A,0,0.19866481,0.09289973974227905,0.996999979019165,0.9735000133514404
YOR319W,YPL169C,0,0.19815151,0.09289108216762543,0.996999979019165,0.9735999703407288
YLR197W,YOR206W,0,0.19652832,0.0928824320435524,0.996999979019165,0.9736999869346619
YLR093C,YBL040C,0,0.19459864,0.09287377446889877,0.996999979019165,0.973800003528595
YKL082C,YDR211W,0,0.19279768,0.09286512434482574,0.996999979019165,0.9739000201225281
YGL026C,YGR094W,0,0.19262719,0.09285647422075272,0.996999979019165,0.9739999771118164
YCR017C,YBR031W,0,0.18986599,0.09284783154726028,0.996999979019165,0.9740999937057495
YBR127C,YMR143W,0,0.18757151,0.09283918142318726,0.996999979019165,0.9742000102996826
YPL010W,YBR187W,0,0.1842351,0.09283053874969482,0.996999979019165,0.9743000268936157
YDR303C,YDR212W,0,0.18414538,0.09282189607620239,0.996999979019165,0.974399983882904
YGL100W,YGR024C,0,0.18322954,0.09281325340270996,0.996999979019165,0.9745000004768372
YNL246W,YPR190C,0,0.18246369,0.09280461817979813,0.996999979019165,0.9746000170707703
YNR037C,YLR067C,0,0.18077326,0.0927959755063057,0.996999979019165,0.9746999740600586
YNL153C,YBR187W,0,0.18071276,0.09278734028339386,0.996999979019165,0.9747999906539917
YLR197W,YLR321C,0,0.17923816,0.09277870506048203,0.996999979019165,0.9749000072479248
YLR291C,YMR038C,0,0.17908502,0.09277007728815079,0.996999979019165,0.9750000238418579
YDR201W,YOR206W,0,0.17593583,0.09276144206523895,0.996999979019165,0.9750999808311462
YMR213W,YHL007C,0,0.17349961,0.09275281429290771,0.996999979019165,0.9751999974250793
YDR454C,YHR197W,0,0.17292067,0.09274418652057648,0.996999979019165,0.9753000140190125
YDR225W,YGR074W,0,0.17130083,0.09273555874824524,0.996999979019165,0.9753999710083008
YFR038W,YPL237W,0,0.17007893,0.092726930975914,0.996999979019165,0.9754999876022339
YBR068C,YLR027C,0,0.16962433,0.09271831065416336,0.996999979019165,0.975600004196167
YDR361C,YLR022C,0,0.16928953,0.09270969033241272,0.996999979019165,0.9757000207901001
YJL002C,YER006W,0,0.16882795,0.09270107001066208,0.996999979019165,0.9757999777793884
YDR454C,YBR029C,0,0.1684061,0.09269244968891144,0.996999979019165,0.9758999943733215
YNL302C,YHL003C,0,0.16359991,0.0926838368177414,0.996999979019165,0.9760000109672546
YMR202W,YOR243C,0,0.16238096,0.09267521649599075,0.996999979019165,0.9761000275611877
YKL078W,YGR105W,0,0.1576441,0.09266660362482071,0.996999979019165,0.9761999845504761
YDR221W,YDL054C,0,0.15592025,0.09265799075365067,0.996999979019165,0.9763000011444092
YIL094C,YGR214W,0,0.14923276,0.09264938533306122,0.996999979019165,0.9764000177383423
YBR112C,YML022W,0,0.1485711,0.09264077246189117,0.996999979019165,0.9764999747276306
YNL110C,YLL021W,0,0.14648776,0.09263216704130173,0.996999979019165,0.9765999913215637
YLR406C,YCR003W,0,0.14564592,0.09262356162071228,0.996999979019165,0.9767000079154968
YBR192W,YOR091W,0,0.14353415,0.09261495620012283,0.996999979019165,0.9768000245094299
YBR127C,YLR359W,0,0.14159444,0.09260635077953339,0.996999979019165,0.9768999814987183
YNL069C,YPR060C,0,0.13732657,0.09259775280952454,0.996999979019165,0.9769999980926514
YHR201C,YOL076W,0,0.13692398,0.09258915483951569,0.996999979019165,0.9771000146865845
YGL043W,YBL026W,0,0.13661273,0.09258055686950684,0.996999979019165,0.9771999716758728
YGR204W,YOR085W,0,0.13527118,0.09257195889949799,0.996999979019165,0.9772999882698059
YOR204W,YNL287W,0,0.13493419,0.09256336092948914,0.996999979019165,0.977400004863739
YPR169W,YIL035C,0,0.1343717,0.09255477041006088,0.996999979019165,0.9775000214576721
YKL186C,YML080W,0,0.13400137,0.09254617989063263,0.996999979019165,0.9775999784469604
YHR201C,YGR120C,0,0.13228455,0.09253758937120438,0.996999979019165,0.9776999950408936
YIL079C,YMR033W,0,0.13117391,0.09252899885177612,0.996999979019165,0.9778000116348267
YLR384C,YPR010C,0,0.12619308,0.09252041578292847,0.996999979019165,0.9779000282287598
YLR378C,YNL287W,0,0.1255221,0.09251183271408081,0.996999979019165,0.9779999852180481
YLR003C,YKL160W,0,0.12507099,0.09250324964523315,0.996999979019165,0.9781000018119812
YHR059W,YIR021W,0,0.11872387,0.0924946665763855,0.996999979019165,0.9782000184059143
YGR033C,YER127W,0,0.11760315,0.09248608350753784,0.996999979019165,0.9782999753952026
YDR156W,YOR340C,0,0.11745018,0.09247750788927078,0.996999979019165,0.9783999919891357
YLR372W,YBL003C,0,0.11702001,0.09246893227100372,0.996999979019165,0.9785000085830688
YGR214W,YER023W,0,0.116338804,0.09246035665273666,0.996999979019165,0.978600025177002
YLR249W,YLR405W,0,0.11467135,0.0924517810344696,0.996999979019165,0.9786999821662903
YBL087C,YCR028C-A,0,0.11435282,0.09244320541620255,0.996999979019165,0.9787999987602234
YHR216W,YPL086C,0,0.11368972,0.09243463724851608,0.996999979019165,0.9789000153541565
YDR454C,YML014W,0,0.11196436,0.09242606908082962,0.996999979019165,0.9789999723434448
YLR314C,YOL040C,0,0.110760525,0.09241750091314316,0.996999979019165,0.9790999889373779
YLR264W,YBR171W,0,0.10773927,0.0924089327454567,0.996999979019165,0.979200005531311
YER127W,YJL014W,0,0.10592243,0.09240037202835083,0.996999979019165,0.9793000221252441
YLR344W,YLR183C,0,0.10455763,0.09239181131124496,0.996999979019165,0.9793999791145325
YPL081W,YGL225W,0,0.10407129,0.0923832431435585,0.996999979019165,0.9794999957084656
YAL029C,YGR145W,0,0.10366301,0.09237468987703323,0.996999979019165,0.9796000123023987
YBL027W,YDR381W,0,0.100592285,0.09236612915992737,0.996999979019165,0.9797000288963318
YKR025W,YGR095C,0,0.099877924,0.0923575758934021,0.996999979019165,0.9797999858856201
YLR027C,YDR119W,0,0.09826979,0.09234901517629623,0.996999979019165,0.9799000024795532
YGR105W,YHR059W,0,0.09821597,0.09234046190977097,0.996999979019165,0.9800000190734863
YBR130C,YOR271C,0,0.09755245,0.0923319160938263,0.996999979019165,0.9800999760627747
YDR045C,YOR206W,0,0.096153885,0.09232336282730103,0.996999979019165,0.9801999926567078
YLR052W,YLR060W,0,0.08787535,0.09231481701135635,0.996999979019165,0.9803000092506409
YLR249W,YLR075W,0,0.0865317,0.09230627119541168,0.996999979019165,0.980400025844574
YKL082C,YBR121C,0,0.08455336,0.09229772537946701,0.996999979019165,0.9804999828338623
YDR064W,YLR129W,0,0.08436093,0.09228917956352234,0.996999979019165,0.9805999994277954
YDR469W,YDL235C,0,0.083007395,0.09228063374757767,0.996999979019165,0.9807000160217285
YDL212W,YOL039W,0,0.08166142,0.09227209538221359,0.996999979019165,0.9807999730110168
YPL012W,YER102W,0,0.077105805,0.09226355701684952,0.996999979019165,0.98089998960495
YNR017W,YLR017W,0,0.07653108,0.09225501865148544,0.996999979019165,0.9810000061988831
YLR328W,YGL189C,0,0.07598387,0.09224648773670197,0.996999979019165,0.9811000227928162
YNL088W,YIR026C,1,0.0745644,0.0923304632306099,0.9980000257492065,0.9811000227928162
YML024W,YKR024C,0,0.0739788,0.09232192486524582,0.9980000257492065,0.9811999797821045
YLR342W,YJL186W,0,0.07224324,0.09231338649988174,0.9980000257492065,0.9812999963760376
YHR005C-A,YJR002W,0,0.07190965,0.09230484813451767,0.9980000257492065,0.9814000129699707
YBR060C,YOR359W,0,0.06923884,0.0922963097691536,0.9980000257492065,0.9815000295639038
YBR070C,YLR061W,0,0.06922144,0.09228777140378952,0.9980000257492065,0.9815999865531921
YGR034W,YDL232W,0,0.06287393,0.09227924048900604,0.9980000257492065,0.9817000031471252
YJL081C,YIL069C,0,0.056331083,0.09227070957422256,0.9980000257492065,0.9818000197410583
YGR078C,YJL177W,0,0.053348824,0.09226217865943909,0.9980000257492065,0.9818999767303467
YBR191W,YJR002W,0,0.048346102,0.09225364774465561,0.9980000257492065,0.9819999933242798
YMR205C,YPR181C,0,0.047291443,0.09224512428045273,0.9980000257492065,0.9821000099182129
YDL084W,YJL104W,0,0.04684928,0.09223660081624985,0.9980000257492065,0.982200026512146
YOR122C,YIL133C,0,0.046618342,0.09222807735204697,0.9980000257492065,0.9822999835014343
YNL110C,YPL235W,0,0.04657258,0.09221955388784409,0.9980000257492065,0.9824000000953674
YPL273W,YNR046W,0,0.045978993,0.0922110304236412,0.9980000257492065,0.9825000166893005
YLR022C,YNL316C,0,0.044770345,0.09220251441001892,0.9980000257492065,0.9825999736785889
YML080W,YHR193C,0,0.042450488,0.09219399839639664,0.9980000257492065,0.982699990272522
YBR091C,YIL103W,0,0.040505767,0.09218548238277435,0.9980000257492065,0.9828000068664551
YDL150W,YDR399W,0,0.040077597,0.09217696636915207,0.9980000257492065,0.9829000234603882
YML093W,YJL054W,0,0.040066004,0.09216845035552979,0.9980000257492065,0.9829999804496765
YPL118W,YIR010W,0,0.036366433,0.0921599417924881,0.9980000257492065,0.9830999970436096
YBL027W,YGR216C,0,0.03612405,0.09215143322944641,0.9980000257492065,0.9832000136375427
YPL239W,YER002W,0,0.033875793,0.09214292466640472,0.9980000257492065,0.983299970626831
YGL050W,YPL273W,0,0.03227535,0.09213441610336304,0.9980000257492065,0.9833999872207642
YDR267C,YOR335C,0,0.028851956,0.09212591499090195,0.9980000257492065,0.9835000038146973
YBR069C,YGR145W,0,0.0280537,0.09211740642786026,0.9980000257492065,0.9836000204086304
YPR009W,YKL113C,0,0.026706427,0.09210890531539917,0.9980000257492065,0.9836999773979187
YOR298C-A,YOR027W,0,0.025792241,0.09210040420293808,0.9980000257492065,0.9837999939918518
YMR267W,YHR170W,0,0.02327758,0.09209191054105759,0.9980000257492065,0.9839000105857849
YLR249W,YBR015C,0,0.01834479,0.0920834094285965,0.9980000257492065,0.984000027179718
YDR267C,YDR198C,0,0.017040044,0.092074915766716,0.9980000257492065,0.9840999841690063
YKL113C,YFL034C-A,0,0.01321131,0.09206642210483551,0.9980000257492065,0.9842000007629395
YGR083C,YFR009W,0,0.009433299,0.09205792844295502,0.9980000257492065,0.9843000173568726
YGL099W,YLR272C,1,0.007940859,0.09214167296886444,0.9990000128746033,0.9843000173568726
YML080W,YBR172C,0,0.007921219,0.09213317185640335,0.9990000128746033,0.9843999743461609
YDR471W,YDR399W,0,-0.0011622906,0.09212467819452286,0.9990000128746033,0.984499990940094
YDL212W,YDR412W,0,-0.007842004,0.09211618453264236,0.9990000128746033,0.9846000075340271
YLR208W,YGR214W,0,-0.007909596,0.09210769087076187,0.9990000128746033,0.9847000241279602
YMR123W,YDR384C,0,-0.011675656,0.09209919720888138,0.9990000128746033,0.9847999811172485
YPL256C,YLR249W,0,-0.012755632,0.09209071099758148,0.9990000128746033,0.9848999977111816
YKL078W,YOL121C,0,-0.013500512,0.09208221733570099,0.9990000128746033,0.9850000143051147
YNL163C,YGL097W,0,-0.014212906,0.09207373112440109,0.9990000128746033,0.9850999712944031
YKL018W,YIL052C,0,-0.015873313,0.0920652449131012,0.9990000128746033,0.9851999878883362
YMR158W,YPR144C,0,-0.01673147,0.0920567661523819,0.9990000128746033,0.9853000044822693
YMR091C,YOR004W,0,-0.017940164,0.092048279941082,0.9990000128746033,0.9854000210762024
YKR057W,YKL144C,0,-0.019407481,0.0920398011803627,0.9990000128746033,0.9854999780654907
YNL070W,YAL033W,0,-0.019561887,0.0920313224196434,0.9990000128746033,0.9855999946594238
YPR033C,YNL062C,0,-0.020880818,0.0920228436589241,0.9990000128746033,0.9857000112533569
YPL010W,YDL055C,0,-0.022541583,0.0920143648982048,0.9990000128746033,0.98580002784729
YML008C,YOR340C,0,-0.024374962,0.0920058935880661,0.9990000128746033,0.9858999848365784
YPL037C,YLR103C,0,-0.024750948,0.0919974222779274,0.9990000128746033,0.9860000014305115
YDL064W,YOL021C,0,-0.03717622,0.0919889509677887,0.9990000128746033,0.9861000180244446
YGR271C-A,YOR260W,0,-0.041909486,0.09198047965765,0.9990000128746033,0.9861999750137329
YAR002C-A,YGL238W,0,-0.04414332,0.09197201579809189,0.9990000128746033,0.986299991607666
YBR074W,YLR167W,0,-0.051707566,0.09196354448795319,0.9990000128746033,0.9864000082015991
YJR132W,YHR197W,0,-0.056454122,0.09195508062839508,0.9990000128746033,0.9865000247955322
YBR034C,YBR121C,0,-0.05646181,0.09194661676883698,0.9990000128746033,0.9865999817848206
YBR191W,YBR275C,0,-0.05650419,0.09193815290927887,0.9990000128746033,0.9866999983787537
YML093W,YOR001W,0,-0.058839947,0.09192969650030136,0.9990000128746033,0.9868000149726868
YHR085W,YER002W,0,-0.06227833,0.09192124009132385,0.9990000128746033,0.9868999719619751
YLL008W,YJL124C,0,-0.06623933,0.09191277623176575,0.9990000128746033,0.9869999885559082
YPR183W,YGR105W,0,-0.069010824,0.09190432727336884,0.9990000128746033,0.9871000051498413
YDR064W,YML023C,0,-0.06951615,0.09189587086439133,0.9990000128746033,0.9872000217437744
YHR197W,YKL216W,0,-0.07245824,0.09188741445541382,0.9990000128746033,0.9872999787330627
YOR293W,YHR060W,0,-0.0730913,0.0918789654970169,0.9990000128746033,0.9873999953269958
YPL012W,YGL169W,0,-0.074254274,0.09187051653862,0.9990000128746033,0.987500011920929
YGR095C,YDR292C,0,-0.07513225,0.09186206758022308,0.9990000128746033,0.9876000285148621
YGL245W,YGR208W,0,-0.08319342,0.09185362607240677,0.9990000128746033,0.9876999855041504
YLR029C,YBR275C,0,-0.08549017,0.09184517711400986,0.9990000128746033,0.9878000020980835
YBR196C,YJR118C,0,-0.08728987,0.09183673560619354,0.9990000128746033,0.9879000186920166
YGL099W,YPL139C,1,-0.09635997,0.09192021191120148,1.0,0.9879000186920166
YML080W,YKL205W,0,-0.10071176,0.09191176295280457,1.0,0.9879999756813049
YJL096W,YDL148C,0,-0.10101712,0.09190331399440765,1.0,0.988099992275238
YFL038C,YMR123W,0,-0.105564564,0.09189487248659134,1.0,0.9882000088691711
YOR207C,YNL064C,0,-0.106637955,0.09188643097877502,1.0,0.9883000254631042
YBR154C,YJL179W,0,-0.108184874,0.09187798947095871,1.0,0.9883999824523926
YDL208W,YOR232W,0,-0.11407995,0.0918695479631424,1.0,0.9884999990463257
YPR188C,YBL027W,0,-0.11573541,0.09186110645532608,1.0,0.9886000156402588
YNL038W,YLR449W,0,-0.11593181,0.09185266494750977,1.0,0.9886999726295471
YDL061C,YER165W,0,-0.11770517,0.09184423089027405,1.0,0.9887999892234802
YDL061C,YOL061W,0,-0.117979646,0.09183579683303833,1.0,0.9889000058174133
YMR121C,YBR171W,0,-0.122972965,0.09182736277580261,1.0,0.9890000224113464
YDR395W,YLR229C,0,-0.12416726,0.09181893616914749,1.0,0.9890999794006348
YBR191W,YJR123W,0,-0.12808242,0.09181050211191177,1.0,0.9891999959945679
YNL153C,YGR271C-A,0,-0.13345152,0.09180207550525665,1.0,0.989300012588501
YDL064W,YDL083C,0,-0.14003828,0.09179364889860153,1.0,0.9894000291824341
YNL153C,YDR361C,0,-0.14540142,0.09178522229194641,1.0,0.9894999861717224
YGR148C,YHR141C,0,-0.1491121,0.09177679568529129,1.0,0.9896000027656555
YBR192W,YBR079C,0,-0.15578482,0.09176837652921677,1.0,0.9897000193595886
YER127W,YLR264W,0,-0.15596798,0.09175995737314224,1.0,0.989799976348877
YPR110C,YER049W,0,-0.1588737,0.09175153821706772,1.0,0.9898999929428101
YNR053C,YPL131W,0,-0.16142675,0.0917431190609932,1.0,0.9900000095367432
YOL093W,YOL061W,0,-0.16193429,0.09173469990491867,1.0,0.9901000261306763
YLR344W,YFR001W,0,-0.1630801,0.09172628819942474,1.0,0.9901999831199646
YPR143W,YMR146C,0,-0.16514829,0.09171787649393082,1.0,0.9902999997138977
YOL021C,YDL031W,0,-0.17014778,0.09170946478843689,1.0,0.9904000163078308
YGR280C,YOR094W,0,-0.17270753,0.09170105308294296,1.0,0.9904999732971191
YKL186C,YOL010W,0,-0.17517167,0.09169264882802963,1.0,0.9905999898910522
YGL226C-A,YOL040C,0,-0.17662224,0.0916842371225357,1.0,0.9907000064849854
YHL013C,YGL076C,0,-0.17706203,0.09167583286762238,1.0,0.9908000230789185
YLR075W,YDL083C,0,-0.17720318,0.09166742861270905,1.0,0.9908999800682068
YHR142W,YJR105W,0,-0.18228555,0.09165903180837631,1.0,0.9909999966621399
YLR314C,YGR148C,0,-0.18331957,0.09165062755346298,1.0,0.991100013256073
YNL153C,YER006W,0,-0.18383276,0.09164223074913025,1.0,0.9911999702453613
YLR185W,YKR081C,0,-0.18657982,0.09163383394479752,1.0,0.9912999868392944
YBR094W,YGR085C,0,-0.19299033,0.09162543714046478,1.0,0.9914000034332275
YGR264C,YGL029W,0,-0.19556391,0.09161704033613205,1.0,0.9915000200271606
YMR269W,YPL086C,0,-0.19986099,0.09160865098237991,1.0,0.991599977016449
YBR189W,YIL142W,0,-0.20270345,0.09160025417804718,1.0,0.9916999936103821
YGR128C,YDR500C,0,-0.20379898,0.09159186482429504,1.0,0.9918000102043152
YGR090W,YFL002C,0,-0.20814472,0.09158347547054291,1.0,0.9919000267982483
YGL076C,YNR017W,0,-0.21281338,0.09157509356737137,1.0,0.9919999837875366
YJL177W,YHR133C,0,-0.2154215,0.09156670421361923,1.0,0.9921000003814697
YBR106W,YDR395W,0,-0.2155506,0.09155832231044769,1.0,0.9922000169754028
YLR325C,YMR121C,0,-0.21988994,0.09154994040727615,1.0,0.9922999739646912
YKL018W,YDR091C,0,-0.22337836,0.09154155850410461,1.0,0.9923999905586243
YOL142W,YIL016W,0,-0.22526968,0.09153318405151367,1.0,0.9925000071525574
YHR041C,YNL302C,0,-0.22542405,0.09152480214834213,1.0,0.9926000237464905
YGR105W,YPL211W,0,-0.22909075,0.09151642769575119,1.0,0.9926999807357788
YLR333C,YIL035C,0,-0.23687077,0.09150805324316025,1.0,0.9927999973297119
YKL018W,YJL191W,0,-0.23927414,0.0914996787905693,1.0,0.992900013923645
YGR245C,YLL034C,0,-0.23988277,0.09149131178855896,1.0,0.9929999709129333
YHR133C,YIL103W,0,-0.24213028,0.09148293733596802,1.0,0.9930999875068665
YMR243C,YMR230W,0,-0.2425682,0.09147457033395767,1.0,0.9932000041007996
YPL235W,YGL076C,0,-0.24480313,0.09146620333194733,1.0,0.9933000206947327
YER031C,YDR083W,0,-0.24736434,0.09145783632993698,1.0,0.993399977684021
YGR085C,YCR028C-A,0,-0.2529226,0.09144947677850723,1.0,0.9934999942779541
YLR009W,YDR211W,0,-0.2549734,0.09144110977649689,1.0,0.9936000108718872
YCL011C,YOR091W,0,-0.261181,0.09143275022506714,1.0,0.9937000274658203
YJR101W,YPL237W,0,-0.2619717,0.09142439067363739,1.0,0.9937999844551086
YLR051C,YDL201W,0,-0.26328427,0.09141603112220764,1.0,0.9939000010490417
YHR066W,YOL052C,0,-0.26332766,0.09140767902135849,1.0,0.9940000176429749
YOR239W,YPL239W,0,-0.2648607,0.09139932692050934,1.0,0.9940999746322632
YML080W,YGL189C,0,-0.26708955,0.09139096736907959,1.0,0.9941999912261963
YOR094W,YJL191W,0,-0.26996976,0.09138262271881104,1.0,0.9943000078201294
YCR057C,YIL103W,0,-0.27438462,0.09137427061796188,1.0,0.9944000244140625
YGL103W,YOR294W,0,-0.2757762,0.09136591851711273,1.0,0.9944999814033508
YOR095C,YDR156W,0,-0.29308563,0.09135757386684418,1.0,0.9945999979972839
YMR242C,YOR294W,0,-0.30369705,0.09134922921657562,1.0,0.994700014591217
YPL273W,YKL110C,0,-0.30686808,0.09134088456630707,1.0,0.9947999715805054
YOL039W,YHL033C,0,-0.3129952,0.09133253991603851,1.0,0.9948999881744385
YPL178W,YHR062C,0,-0.31738418,0.09132420271635056,1.0,0.9950000047683716
YML080W,YMR260C,0,-0.31752604,0.091315858066082,1.0,0.9951000213623047
YGR128C,YML026C,0,-0.3211972,0.09130752086639404,1.0,0.995199978351593
YJR067C,YMR123W,0,-0.32289177,0.09129919111728668,1.0,0.9952999949455261
YIL016W,YIL118W,0,-0.3242665,0.09129085391759872,1.0,0.9954000115394592
YGR090W,YDR017C,0,-0.32568163,0.09128251671791077,1.0,0.9955000281333923
YOR271C,YER102W,0,-0.3316235,0.0912741869688034,1.0,0.9955999851226807
YPL217C,YLR197W,0,-0.3365696,0.09126585721969604,1.0,0.9957000017166138
YNL153C,YIL133C,0,-0.34514046,0.09125752747058868,1.0,0.9958000183105469
YLR333C,YJL069C,0,-0.34749556,0.09124920517206192,1.0,0.9958999752998352
YJL174W,YGR282C,0,-0.36809438,0.09124087542295456,1.0,0.9959999918937683
YGL246C,YDR365C,0,-0.37219357,0.0912325531244278,1.0,0.9961000084877014
YNL302C,YOR294W,0,-0.37257278,0.09122423082590103,1.0,0.9962000250816345
YLL045C,YBR015C,0,-0.37352842,0.09121590852737427,1.0,0.9962999820709229
YOR361C,YJL179W,0,-0.38066977,0.0912075862288475,1.0,0.996399998664856
YKR071C,YPL237W,0,-0.38565618,0.09119927138090134,1.0,0.9965000152587891
YOR271C,YNL182C,0,-0.38630694,0.09119095653295517,1.0,0.9965999722480774
YNL153C,YLR196W,0,-0.3910336,0.091182641685009,1.0,0.9966999888420105
YKR060W,YDR450W,0,-0.3988225,0.09117432683706284,1.0,0.9968000054359436
YGL092W,YMR230W,0,-0.4057204,0.09116601198911667,1.0,0.9969000220298767
YBL092W,YNR046W,0,-0.40831184,0.0911577045917511,1.0,0.996999979019165
YGR128C,YHR187W,0,-0.41247994,0.09114939719438553,1.0,0.9970999956130981
YJL011C,YMR308C,0,-0.41959512,0.09114108979701996,1.0,0.9972000122070312
YHR085W,YOR206W,0,-0.41985387,0.09113278239965439,1.0,0.9973000288009644
YLR075W,YLR432W,0,-0.4271872,0.09112447500228882,1.0,0.9973999857902527
YFL022C,YNL132W,0,-0.4389345,0.09111617505550385,1.0,0.9975000023841858
YML080W,YDR280W,0,-0.43925458,0.09110787510871887,1.0,0.9976000189781189
YDL111C,YHR148W,0,-0.44442093,0.0910995751619339,1.0,0.9976999759674072
YJR007W,YOL041C,0,-0.46208262,0.09109127521514893,1.0,0.9977999925613403
YMR093W,YOR340C,0,-0.470586,0.09108297526836395,1.0,0.9979000091552734
YLR003C,YMR230W,0,-0.473184,0.09107468277215958,1.0,0.9980000257492065
YJR070C,YMR309C,0,-0.47336203,0.0910663902759552,1.0,0.9980999827384949
YDL208W,YGR085C,0,-0.47751337,0.09105809777975082,1.0,0.998199999332428
YEL042W,YPL079W,0,-0.50435466,0.09104980528354645,1.0,0.9983000159263611
YOL041C,YLR129W,0,-0.5047595,0.09104151278734207,1.0,0.9983999729156494
YLR325C,YLR405W,0,-0.5156206,0.09103322774171829,1.0,0.9984999895095825
YLR009W,YIL020C,0,-0.5166653,0.09102494269609451,1.0,0.9986000061035156
YJR123W,YJL183W,0,-0.5246306,0.09101665765047073,1.0,0.9987000226974487
YDL213C,YDL201W,0,-0.5703197,0.09100837260484695,1.0,0.9987999796867371
YBR034C,YHL001W,0,-0.57570934,0.09100008755922318,1.0,0.9988999962806702
YLR222C,YIL148W,0,-0.6398048,0.09099180996417999,1.0,0.9990000128746033
YPR110C,YER102W,0,-0.6503243,0.09098353236913681,1.0,0.9991000294685364
YHR066W,YPR143W,0,-0.65758175,0.09097525477409363,1.0,0.9991999864578247
YML024W,YOL039W,0,-0.68763083,0.09096697717905045,1.0,0.9993000030517578
YGR128C,YKR026C,0,-0.70141345,0.09095870703458786,1.0,0.9994000196456909
YNL113W,YMR146C,0,-0.7560181,0.09095042943954468,1.0,0.9994999766349792
YJR002W,YOR252W,0,-0.75909704,0.09094215929508209,1.0,0.9995999932289124
YDR361C,YMR229C,0,-0.77185315,0.0909338891506195,1.0,0.9997000098228455
YOR004W,YJL050W,0,-0.81251913,0.09092562645673752,1.0,0.9998000264167786
YIL133C,YEL026W,0,-0.8372125,0.09091735631227493,1.0,0.9998999834060669
YDL213C,YMR146C,0,-0.9829324,0.09090909361839294,1.0,1.0
